tree
version=v4
num_class=1
num_tree_per_iteration=1
label_index=0
max_feature_idx=19
objective=regression
feature_names=hour dow month week is_weekend sin_hour_1 cos_hour_1 sin_hour_2 cos_hour_2 sin_hour_3 cos_hour_3 sin_dow_1 cos_dow_1 sin_dow_2 cos_dow_2 sin_dow_3 cos_dow_3 lag_resid_24h lag_resid_168h rolling_resid_24h
feature_infos=[0:23] [0:6] [1:7] [1:27] [0:1] [-1:1] [-1:1] [-1:1] [-1:1] [-1:1] [-1:1] [-0.97492791218182362:0.97492791218182362] [-0.90096886790241903:1] [-0.97492791218182351:0.97492791218182362] [-0.90096886790241915:1] [-0.97492791218182351:0.97492791218182373] [-0.90096886790241937:1] [-1549.5594311591085:1472.343507687754] [-1549.5594311591085:1472.343507687754] [-1013.7733362379172:950.60830269823327]
tree_sizes=2578 2619 2619 2793 2620 2693 2613 2769 2781 2784 2603 2624 2605 2627 2774 2604 2694 2681 2774 2615 2679 2681 2703 2614 2754 2673 2616 2591 2604 2758 2611 2705 2525 2526 2686 2681 2685 2523 2675 2667 2533 2284 1907 2510 2351 2358 2723 2691 2432 2416 2570 2653 2655 2699 2265 2353 2772 2501 2418 2332 2566 2565 2648 2567 2625 2493 2585 2296 2160 2714 2330

Tree=0
num_leaves=29
num_cat=0
split_feature=19 19 19 0 19 19 19 19 16 17 17 6 17 17 17 0 1 19 17 0 17 17 17 0 17 0 7 18
split_gain=1.79967e+08 3.95907e+07 2.06022e+07 9.95763e+06 8.75728e+06 7.54909e+06 5.46406e+06 4.83846e+06 4.75239e+06 3.62795e+06 2.93346e+06 3.93851e+06 2.65662e+06 2.27857e+06 2.05345e+06 2.02511e+06 1.9619e+06 1.92789e+06 1.71666e+06 1.60029e+06 1.51989e+06 1.34919e+06 1.21949e+06 1.19004e+06 1.11721e+06 966092 945927 935837
threshold=41.325490731441384 -306.0453134418662 332.62100803312711 7.5000000000000009 -82.672535069615449 137.77391523200794 -556.91981134073967 594.00592173111261 1.0000000180025095e-35 287.95652217281628 179.42312506055444 -0.12940952255126037 -667.73321297709469 -379.74547426893145 266.77917360744601 5.5000000000000009 3.5000000000000004 672.35637670324672 444.96680238777577 12.500000000000002 -541.26512763168273 403.14672548601089 362.78969223230348 15.500000000000002 554.17778361391913 2.5000000000000004 0.93301270189221974 336.35070155179716
decision_type=2 2 2 2 2 2 2 2 2 2 2 2 2 2 2 2 2 2 2 2 2 2 2 2 2 2 2 2
left_child=1 6 5 17 12 15 8 9 16 -5 11 -7 23 19 -14 26 -1 27 -9 -8 -6 -17 -22 -3 -12 -15 -2 -4
right_child=2 4 3 7 20 10 13 18 -10 -11 24 -13 14 25 -16 21 -18 -19 -20 -21 22 -23 -24 -25 -26 -27 -28 -29
leaf_value=11.165295872941918 28.828717069577177 33.262044105598591 33.157747371804831 40.271889924470436 32.749742361225223 37.318185082849169 24.72874860592411 47.657986239093376 23.693335337480594 35.872360773666244 32.840037501689302 32.915233107413947 25.4708897256195 23.465142170779245 21.230237146287422 31.434403810033334 17.018996771245458 38.20891966967929 41.013996795564154 20.597189475207784 28.254790342486491 27.493633003059134 24.382486428535302 26.822226851850012 30.45907995133971 19.297135188638041 24.116103925137978 29.644154426110827
leaf_weight=43 115 24 168 111 29 142 100 21 28 231 403 190 943 26 48 319 49 27 60 60 753 39 34 22 98 154 20 37
leaf_count=43 115 24 168 111 29 142 100 21 28 231 403 190 943 26 48 319 49 27 60 60 753 39 34 22 98 154 20 37
internal_value=29.1887 25.3995 33.613 36.515 26.7032 32.1795 20.1478 38.3413 16.4788 37.3003 33.3405 34.7984 25.4836 21.4428 25.2655 30.218 14.283 33.1852 42.7365 23.1794 28.2532 31.0051 28.0875 30.1821 32.3743 19.8992 28.1306 32.5236
internal_weight=4294 2313 1981 655 1853 1326 460 423 120 342 833 332 1037 340 991 493 92 232 81 160 816 358 787 46 501 180 135 205
internal_count=4294 2313 1981 655 1853 1326 460 423 120 342 833 332 1037 340 991 493 92 232 81 160 816 358 787 46 501 180 135 205
is_linear=0
shrinkage=1


Tree=1
num_leaves=29
num_cat=0
split_feature=17 17 3 1 3 18 15 17 2 3 13 3 15 17 18 0 18 13 2 3 18 18 0 3 13 18 13 6
split_gain=6.24834e+07 1.06124e+07 9.09083e+06 6.75009e+06 6.38339e+06 9.06452e+06 5.7436e+06 5.35962e+06 5.15537e+06 3.64975e+06 3.62224e+06 3.99512e+06 3.59443e+06 3.01539e+06 2.57185e+06 2.29798e+06 2.27296e+06 2.14581e+06 1.89453e+06 1.96692e+06 1.78664e+06 1.1515e+06 1.06946e+06 1.05168e+06 593793 561734 501054 463663
threshold=16.769897775549001 -209.15041316366793 6.5000000000000009 5.5000000000000009 3.5000000000000004 193.71217171743322 0.87837969732492616 324.15272128516978 2.5000000000000004 7.5000000000000009 -1.0000000180025095e-35 2.5000000000000004 -0.60785761079279366 1025.1410140676746 674.84208568153747 6.5000000000000009 257.47243615493431 0.87837969732492671 5.5000000000000009 16.500000000000004 -834.07504100697122 -425.98760269717417 12.500000000000002 12.500000000000002 0.6078576107927941 434.58803756534695 1.0000000180025095e-35 0.1294095225512602
decision_type=2 2 2 2 2 2 2 2 2 2 2 2 2 2 2 2 2 2 2 2 2 2 2 2 2 2 2 2
left_child=1 4 3 10 5 26 9 14 -8 -6 11 -2 18 16 15 -4 -9 -12 19 -3 -14 -5 -23 -22 -16 -7 -1 -20
right_child=2 12 7 21 6 25 8 13 -10 -11 17 -13 20 -15 24 -17 -18 -19 27 -21 23 22 -24 -25 -26 -27 -28 -29
leaf_value=-12.194438264176652 13.102014269147601 0.40213495656847953 -0.38710398897912918 3.0337689815248763 0.33544750291793074 -4.3884016418457028 -15.540259974553035 3.4787024923889347 -5.2889084378778932 -3.4131482465616294 3.4485706382094725 5.9577166009918461 3.8228931843150749 10.209217698055765 -6.476171610832214 1.59082960205549 0.35429676236742635 8.0752582996449576 -0.60959793760969827 4.5341943587114413 -2.9471671802556076 0.064143167311145416 -5.4361141751362734 -1.3622511166293607 -1.8923799191988431 -0.04612201910752517 -15.904923451741537 -4.056574591089178
leaf_weight=37 42 128 349 21 122 22 26 442 80 700 273 123 22 23 20 719 118 47 37 72 270 31 26 441 26 26 24 27
leaf_count=37 42 128 349 21 122 22 26 442 80 700 273 123 22 23 20 719 118 47 37 72 270 31 26 441 26 26 24 27
internal_value=2.16056e-08 -2.54308 2.28877 4.49101 -3.95959 -8.53813 -3.42181 1.55815 -7.80339 -2.85679 5.36924 7.77627 -1.06974 3.11184 0.745047 0.944482 2.82035 4.12812 0.93126 1.88968 -1.79043 -0.969761 -2.44475 -1.96412 -3.88533 -2.03633 -13.6543 -2.06379
internal_weight=4294 2034 2260 563 1037 109 928 1697 106 822 485 165 997 583 1114 1068 560 320 264 200 733 78 57 711 46 48 61 64
internal_count=4294 2034 2260 563 1037 109 928 1697 106 822 485 165 997 583 1114 1068 560 320 264 200 733 78 57 711 46 48 61 64
is_linear=0
shrinkage=0.02


Tree=2
num_leaves=29
num_cat=0
split_feature=19 19 19 0 19 19 15 19 19 17 0 17 17 17 17 0 19 3 0 17 17 3 3 17 17 3 17 3
split_gain=1.69599e+08 3.7242e+07 1.94473e+07 9.42898e+06 8.29427e+06 7.11069e+06 5.50942e+06 4.60004e+06 4.57503e+06 2.89212e+06 3.66283e+06 2.84683e+06 2.57472e+06 2.22275e+06 2.05931e+06 1.91893e+06 1.81454e+06 1.58975e+06 1.98741e+06 1.48905e+06 1.32018e+06 1.26713e+06 1.21248e+06 1.18873e+06 1.06948e+06 909156 712973 428246
threshold=41.325490731441384 -306.0453134418662 332.62100803312711 7.5000000000000009 -82.672535069615449 137.77391523200794 1.0000000180025095e-35 -586.99244650167623 471.84115678038359 179.42312506055444 6.5000000000000009 388.53928339268174 -687.94944399818166 292.73596942761839 266.77917360744601 5.5000000000000009 672.35637670324672 8.5000000000000018 11.500000000000002 -541.26512763168273 403.14672548601089 7.5000000000000009 7.5000000000000009 362.78969223230348 554.17778361391913 6.5000000000000009 533.50568768334244 11.500000000000002
decision_type=2 2 2 2 2 2 2 2 2 2 2 2 2 2 2 2 2 2 2 2 2 2 2 2 2 2 2 2
left_child=1 6 5 16 12 15 17 21 13 10 -7 -10 -3 -5 -14 25 26 18 -1 -6 -17 -8 -9 -21 -11 -2 -4 -19
right_child=2 4 3 8 19 9 7 22 11 24 -12 -13 14 -15 -16 20 -18 27 -20 23 -22 -23 -24 -25 -26 -27 -28 -29
leaf_value=-6.0993194756507876 2.6862235988270151 1.5799157658138792 3.8400052085334875 9.9639413547515865 3.5451151969515049 2.2538110765272923 -13.642874930245537 -12.713732816256011 16.078840999159702 3.5252775272423817 6.8459142365476087 9.9520320512716065 -3.5888724204359437 6.1385748532239131 -7.8346000456810003 2.1893393316612721 8.7480032631202977 -3.0511365679332187 -10.631047633075713 -0.90441499307969342 -1.708828961299016 -20.511250388405539 -8.58400196693057 -4.7275769721760472 1.1957375909844223 -1.7576901202919208 0.94298384023267179 -5.8832934040493434
leaf_weight=80 22 37 162 90 29 99 21 39 43 403 233 103 952 187 48 319 27 28 75 753 39 22 105 34 98 113 43 90
leaf_count=80 22 37 162 90 29 99 21 39 43 403 233 103 952 187 48 319 27 28 75 753 39 22 105 34 98 113 43 90
internal_value=-1.01923e-08 -3.67846 4.29494 7.11442 -2.41401 2.90221 -8.77197 -11.4166 8.89153 4.02892 5.47658 11.7565 -3.60097 7.38147 -3.79267 0.998444 3.87425 -6.96045 -8.29209 -0.905581 1.76468 -17.1569 -9.70247 -1.06958 3.0696 -1.0335 3.23234 -5.21126
internal_weight=4294 2313 1981 655 1853 1326 460 187 423 833 332 146 1037 277 1000 493 232 273 155 816 358 43 144 787 501 135 205 118
internal_count=4294 2313 1981 655 1853 1326 460 187 423 833 332 146 1037 277 1000 493 232 273 155 816 358 43 144 787 501 135 205 118
is_linear=0
shrinkage=0.02


Tree=3
num_leaves=31
num_cat=0
split_feature=19 19 19 19 5 19 15 19 18 19 6 17 6 14 17 17 17 17 17 3 6 11 3 17 15 17 5 17 19 13
split_gain=1.62883e+08 3.57672e+07 1.86772e+07 7.96581e+06 7.25783e+06 6.8291e+06 5.29125e+06 4.41788e+06 3.4912e+06 3.47886e+06 3.24414e+06 2.77853e+06 3.76342e+06 2.64528e+06 2.47786e+06 2.3511e+06 1.95599e+06 1.54678e+06 1.43008e+06 1.34758e+06 1.2468e+06 1.22106e+06 1.21695e+06 1.14166e+06 1.0614e+06 1.03975e+06 878170 876694 464757 408030
threshold=41.325490731441384 -306.0453134418662 332.62100803312711 -82.672535069615449 -0.25881904510252113 137.77391523200794 1.0000000180025095e-35 -586.99244650167623 -298.20111673718469 453.84172760229177 0.25881904510252057 176.03346172563582 -0.12940952255126037 1.0000000180025095e-35 -667.73321297709469 854.87358194833735 266.77917360744601 407.5196358306867 -541.26512763168273 16.500000000000004 0.37940952255126048 0.6078576107927941 7.5000000000000009 362.78969223230348 -0.8783796973249266 554.17778361391913 -0.25881904510252113 -428.41795111498317 -408.29724901443541 1.0000000180025095e-35
decision_type=2 2 2 2 2 2 2 2 2 2 2 2 2 2 2 2 2 2 2 2 2 2 2 2 2 2 2 2 2 2
left_child=1 6 5 14 9 17 8 22 28 21 13 12 -7 -6 26 -11 -16 19 -5 -2 -9 -4 -8 -20 -12 -13 -3 -10 -1 -19
right_child=2 3 4 18 10 11 7 20 27 15 24 25 -14 -15 16 -17 -18 29 23 -21 -22 -23 -24 -25 -26 -27 -28 -29 -30 -31
leaf_value=-12.70935806274414 3.17502534866333 -1.6369786190986633 6.5652415699428985 3.4742129976996061 5.025208716197092 7.8657153501510617 -13.370017351422991 -10.971384822116809 -4.5825289714147175 14.064213256835938 -0.48970236264742339 3.4654601673042276 3.5245189870108842 9.6052407805864206 -3.5391191957067711 7.4875626805623368 -7.6779078820347788 -0.79772768607506384 -0.88632670514552714 0.68274901575795033 -7.1410801485235043 10.540632730211531 -20.101025168678976 -4.6330253609488992 3.8811152644250906 1.1718228615546713 3.8950089888139208 -7.1670155106650464 -9.0282644852348 -4.5459784571329758
leaf_weight=34 118 24 117 29 122 140 21 89 126 79 26 409 186 86 943 30 48 26 753 328 55 42 22 34 153 98 22 90 23 21
leaf_count=34 118 24 117 29 122 140 21 89 126 79 26 409 186 86 943 30 48 26 753 328 55 42 22 34 153 98 22 90 23 21
internal_value=-3.38868e-10 -3.60489 4.20904 -2.36573 6.97213 2.84416 -8.59653 -11.1883 -6.82124 9.50201 5.22017 3.94835 5.38884 6.91888 -3.52895 12.2541 -3.73959 0.978475 -0.887469 1.34214 -9.50842 7.61534 -16.8138 -1.04819 3.24625 3.02211 1.00875 -5.6594 -11.224 -2.47248
internal_weight=4294 2313 1981 1853 655 1326 460 187 273 268 387 833 326 208 1037 109 991 493 816 446 144 159 43 787 179 507 46 216 57 47
internal_count=4294 2313 1981 1853 655 1326 460 187 273 268 387 833 326 208 1037 109 991 493 816 446 144 159 43 787 179 507 46 216 57 47
is_linear=0
shrinkage=0.02


Tree=4
num_leaves=29
num_cat=0
split_feature=19 19 19 0 19 19 15 19 19 17 17 6 17 17 0 19 17 19 11 17 17 17 6 3 17 17 7 17
split_gain=1.56433e+08 3.43508e+07 1.79376e+07 8.72504e+06 7.65037e+06 6.55867e+06 5.08171e+06 4.37293e+06 4.24293e+06 3.31938e+06 2.6686e+06 3.4895e+06 2.38428e+06 1.89909e+06 1.85454e+06 1.73028e+06 1.60266e+06 1.5e+06 2.05835e+06 1.37345e+06 1.3392e+06 1.22145e+06 1.19743e+06 1.16876e+06 1.09645e+06 986268 910402 684932
threshold=41.325490731441384 -306.0453134418662 332.62100803312711 7.5000000000000009 -82.672535069615449 137.77391523200794 1.0000000180025095e-35 594.00592173111261 -586.99244650167623 287.95652217281628 179.42312506055444 -0.12940952255126037 -687.94944399818166 266.77917360744601 5.5000000000000009 672.35637670324672 444.96680238777577 -556.91981134073967 -1.0000000180025095e-35 -541.26512763168273 -379.74547426893145 403.14672548601089 0.37940952255126048 7.5000000000000009 362.78969223230348 554.17778361391913 0.93301270189221974 533.50568768334244
decision_type=2 2 2 2 2 2 2 2 2 2 2 2 2 2 2 2 2 2 2 2 2 2 2 2 2 2 2 2
left_child=1 6 5 15 12 14 17 9 23 -5 11 -7 -3 -14 26 27 -9 18 -1 -6 -19 -16 -10 -8 -21 -12 -2 -4
right_child=2 4 3 7 19 10 8 16 22 -11 25 -13 13 -15 21 -17 -18 20 -20 24 -22 -23 -24 -25 -26 -27 -28 -29
leaf_value=-11.467171512136654 -0.35372005089469577 1.527232271142908 3.684581419273659 10.394970998334454 3.4047288703918457 7.6317530274726977 -13.1026171875 17.475902135939826 -10.751957212083797 6.1866969691749123 3.3854627556836339 3.487372666685205 -3.4471371212088258 -7.5243497997522359 2.120647178200719 8.4750707110652215 11.056301003774008 -4.3894927074598229 -4.1032523033835675 -0.86860017458439498 -7.6781576890823828 -1.6289324970734425 -6.9982585123235523 -19.699005459872161 -4.5403649466177995 1.1483864594478996 -4.9769921035766602 0.84510070578996521
leaf_weight=49 115 37 162 111 29 142 21 21 89 231 403 190 952 48 319 27 60 115 22 753 87 39 55 22 34 98 20 43
leaf_count=49 115 37 162 111 29 142 21 21 89 231 403 190 952 48 319 27 60 115 22 753 87 39 55 22 34 98 20 43
internal_value=-3.35776e-09 -3.53279 4.12486 6.83269 -2.31842 2.78728 -8.4246 8.54218 -10.9645 7.55254 3.86938 5.25997 -3.45838 -3.64284 0.958906 3.71581 12.7206 -6.68481 -9.18539 -0.86972 -5.8059 1.71217 -9.31825 -16.4775 -1.02723 2.94787 -1.03865 3.08898
internal_weight=4294 2313 1981 655 1853 1326 460 423 187 342 833 332 1037 1000 493 232 81 273 71 816 202 358 144 43 787 501 135 205
internal_count=4294 2313 1981 655 1853 1326 460 423 187 342 833 332 1037 1000 493 232 81 273 71 816 202 358 144 43 787 501 135 205
is_linear=0
shrinkage=0.02


Tree=5
num_leaves=30
num_cat=0
split_feature=19 19 19 0 19 19 15 19 19 17 6 17 17 17 0 3 0 17 17 17 17 3 3 0 17 19 17 3 3
split_gain=1.50238e+08 3.29905e+07 1.72549e+07 7.99148e+06 7.34741e+06 7.09228e+06 4.88048e+06 4.07491e+06 3.71035e+06 2.73661e+06 4.51195e+06 2.45768e+06 2.29462e+06 1.80375e+06 1.7811e+06 1.455e+06 1.87144e+06 1.31906e+06 1.25337e+06 1.18851e+06 1.17309e+06 1.1556e+06 1.12248e+06 1.11081e+06 1.05303e+06 1.01287e+06 872109 860386 406083
threshold=41.325490731441384 -306.0453134418662 359.08424913299456 6.5000000000000009 -82.672535069615449 137.77391523200794 1.0000000180025095e-35 -586.99244650167623 594.00592173111261 168.71952419869925 -0.12940952255126037 292.73596942761839 -667.73321297709469 266.77917360744601 5.5000000000000009 8.5000000000000018 11.500000000000002 -541.26512763168273 630.34021837995908 444.96680238777577 403.14672548601089 7.5000000000000009 7.5000000000000009 15.500000000000002 362.78969223230348 672.35637670324672 580.80100607072939 6.5000000000000009 11.500000000000002
decision_type=2 2 2 2 2 2 2 2 2 2 2 2 2 2 2 2 2 2 2 2 2 2 2 2 2 2 2 2 2
left_child=1 6 5 25 12 14 15 22 11 10 -7 -5 23 -14 27 16 -1 -6 -11 -10 -16 -9 -8 -3 -19 26 -4 -2 -17
right_child=2 4 3 8 17 9 7 21 19 18 -12 -13 13 -15 20 28 -18 24 -20 -21 -22 -23 -24 -25 -26 -27 -28 -29 -30
leaf_value=-5.6972427262067802 2.6006995443864303 3.9531127230326337 3.6421425782269194 10.313265765231588 3.3366340992368499 7.975565529051079 -12.840564313616071 -12.071662132067559 16.360722057169134 3.4402588043008069 3.3249083222363898 6.3507855692201733 -3.3993940533029186 -7.3738628309965133 2.0782342327528616 -2.7742159547124592 -10.094769545316696 -0.85122817320890165 0.70550938593876822 10.972079520225526 -1.5963538380158253 -8.0399716550055 -19.305024913441052 -2.2686234430833294 -4.4495575402764711 7.4846857232632837 -0.43421187896728519 -1.7223777170940837 -5.5321118951373629
leaf_weight=80 22 24 131 92 29 147 21 39 22 518 193 196 943 48 319 28 75 753 77 64 39 105 22 22 34 23 25 113 90
leaf_count=80 22 24 131 92 29 147 21 39 22 518 193 196 943 48 319 28 75 753 77 64 39 105 22 22 34 23 25 113 90
internal_value=5.55202e-10 -3.46213 4.04236 7.04184 -2.27205 2.8808 -8.25611 -10.7452 8.70514 3.90427 5.33563 7.61658 -3.38921 -3.5919 0.939727 -6.55112 -7.82508 -0.852325 3.08635 12.3506 1.67793 -9.13189 -16.148 0.9775 -1.00668 3.56655 2.98888 -1.01788 -4.8777
internal_weight=4294 2313 1981 553 1853 1428 460 187 374 935 340 288 1037 991 493 273 155 816 595 86 358 144 43 46 787 179 156 135 118
internal_count=4294 2313 1981 553 1853 1428 460 187 374 935 340 288 1037 991 493 273 155 816 595 86 358 144 43 46 787 179 156 135 118
is_linear=0
shrinkage=0.02


Tree=6
num_leaves=29
num_cat=0
split_feature=19 19 19 0 19 19 15 19 19 18 17 17 0 17 17 0 19 17 17 6 17 3 17 17 7 18 17 19
split_gain=1.44289e+08 3.16841e+07 1.65904e+07 8.10811e+06 7.05645e+06 6.03741e+06 4.68721e+06 4.01786e+06 3.91354e+06 3.27282e+06 3.07595e+06 2.46775e+06 3.27775e+06 2.20967e+06 1.75126e+06 1.71056e+06 1.60557e+06 1.48691e+06 1.26683e+06 1.14572e+06 1.12663e+06 1.07803e+06 1.01133e+06 916124 877763 861943 810209 427118
threshold=41.325490731441384 -306.0453134418662 332.62100803312711 7.5000000000000009 -82.672535069615449 137.77391523200794 1.0000000180025095e-35 594.00592173111261 -586.99244650167623 -298.20111673718469 287.95652217281628 179.42312506055444 6.5000000000000009 -687.94944399818166 266.77917360744601 5.5000000000000009 672.35637670324672 444.96680238777577 -541.26512763168273 0.37940952255126048 403.14672548601089 7.5000000000000009 362.78969223230348 554.17778361391913 0.93301270189221974 336.35070155179716 -428.41795111498317 -408.29724901443541
decision_type=2 2 2 2 2 2 2 2 2 2 2 2 2 2 2 2 2 2 2 2 2 2 2 2 2 2 2 2
left_child=1 6 5 16 13 15 9 10 21 27 -5 12 -7 -3 -15 24 25 -9 -6 -10 -17 -8 -20 -13 -2 -4 -11 -1
right_child=2 4 3 7 18 11 8 17 19 26 -12 23 -14 14 -16 20 -18 -19 22 -21 -22 -23 -24 -25 -26 -27 -28 -29
leaf_value=-12.106874084472656 -0.32497937111232594 1.478161190136059 3.5657991581552086 10.001225618070311 3.2699014738921459 2.001928986419331 -12.583753603980654 16.799169638497489 -10.351656641210063 -4.2599477108698043 5.9501981650802476 3.248948355336343 6.3459454137163611 -3.3110738272514162 -7.2263854626814519 2.0366695638005639 8.1455425599769313 10.615733392079672 -0.8342036104968108 -6.6799011396928272 -1.5644267590840659 -18.918924727006392 -4.360566465433906 1.0928909152807023 -4.8646201372146605 0.19377404573801404 -6.7445043896569148 -8.5779833519977071
leaf_weight=34 115 37 168 111 29 99 21 21 89 126 231 403 233 952 48 319 27 60 753 55 39 22 34 98 20 37 90 23
leaf_count=34 115 37 168 111 29 99 21 21 89 126 231 403 233 952 48 319 27 60 753 55 39 22 34 98 20 37 90 23
internal_value=5.65706e-09 -3.39289 3.96151 6.56567 -2.22661 2.67515 -8.09099 8.21361 -10.5303 -6.4201 7.26501 3.71336 5.05059 -3.32142 -3.49901 0.920933 3.56101 12.2188 -0.835279 -8.94925 1.64437 -15.825 -0.98655 2.8272 -0.997519 2.95719 -5.29518 -10.6829
internal_weight=4294 2313 1981 655 1853 1326 460 423 187 273 342 833 332 1037 1000 493 232 81 816 144 358 43 787 501 135 205 216 57
internal_count=4294 2313 1981 655 1853 1326 460 423 187 273 342 833 332 1037 1000 493 232 81 816 144 358 43 787 501 135 205 216 57
is_linear=0
shrinkage=0.02


Tree=7
num_leaves=31
num_cat=0
split_feature=19 19 19 19 0 15 19 0 19 19 18 0 17 3 17 1 17 7 1 3 0 3 17 18 15 17 18 17 3 19
split_gain=1.38725e+08 2.65147e+07 2.19781e+07 7.65124e+06 5.27956e+06 4.5016e+06 4.13186e+06 3.85167e+06 3.75857e+06 3.57388e+06 3.14321e+06 2.81959e+06 2.29632e+06 3.27162e+06 2.12491e+06 1.91667e+06 1.66337e+06 1.1516e+06 1.21271e+06 1.10564e+06 1.06771e+06 1.03534e+06 896045 889850 819914 778125 747649 610175 600487 410204
threshold=6.8205104175419073 -306.0453134418662 178.88349567818881 554.13545545937893 7.5000000000000009 1.0000000180025095e-35 -82.672535069615449 3.5000000000000004 -586.99244650167623 363.29690516881664 -298.20111673718469 5.5000000000000009 73.280685895006187 16.500000000000004 -667.73321297709469 4.5000000000000009 266.77917360744601 0.93301270189221974 2.5000000000000004 7.5000000000000009 15.500000000000002 7.5000000000000009 296.21833047910565 382.73040850258627 0.60785761079279343 -428.41795111498317 -360.46110263880649 -541.26512763168273 16.500000000000004 -408.29724901443541
decision_type=2 2 2 2 2 2 2 2 2 2 2 2 2 2 2 2 2 2 2 2 2 2 2 2 2 2 2 2 2 2
left_child=1 5 11 4 24 10 14 -5 21 -6 29 17 13 -13 20 -9 -16 26 -19 -10 -3 -7 27 -14 -4 -12 -2 -8 -24 -1
right_child=2 6 3 7 9 8 22 15 19 -11 25 12 23 -15 16 -17 -18 18 -20 -21 -22 -23 28 -25 -26 -27 -28 -29 -30 -31
leaf_value=-11.864736337100759 2.9010431727656614 3.8644423762957256 1.8616208751996359 3.011033482551575 4.593277637993296 -12.332078000023253 2.3238380570845174 11.852980119223908 -11.645790906074719 7.5026525255665186 -4.174748770282382 5.9774089701488764 1.1196041808533135 1.5092696207454523 -3.2651847279564827 5.244412144252232 -7.0818578238288561 -7.2375501058215184 -0.44060631229763941 -7.7022125223250617 -2.2353988075256348 -18.540545931729405 -5.8496271221454323 -1.4272932092694268 3.8480878850817679 -6.6096143059200712 -0.68453821057808539 -1.0757528726903605 -1.2400713443756104 -8.4064236251167639
leaf_weight=34 27 24 237 32 570 21 22 107 39 240 126 99 268 194 943 21 48 21 21 105 22 22 26 69 128 90 168 527 20 23
leaf_count=34 27 24 237 32 570 21 22 107 39 240 126 99 268 194 943 21 48 21 21 105 22 22 26 69 128 90 168 527 20 23
internal_value=-2.05524e-09 -3.68811 3.50388 5.1141 4.55537 -7.92917 -2.49272 9.21722 -10.3197 5.45531 -6.29169 1.02447 1.72402 3.01898 -3.255 10.7688 -3.45005 -0.835087 -3.83908 -8.77027 0.947127 -15.5085 -1.16418 0.598133 2.55824 -5.18928 -0.188073 -0.939522 -3.84547 -10.4693
internal_weight=4294 2092 2202 1335 1175 460 1632 160 187 810 273 867 630 293 1037 128 991 237 42 144 46 43 595 337 365 216 195 549 46 57
internal_count=4294 2092 2202 1335 1175 460 1632 160 187 810 273 867 630 293 1037 128 991 237 42 144 46 43 595 337 365 216 195 549 46 57
is_linear=0
shrinkage=0.02


Tree=8
num_leaves=31
num_cat=0
split_feature=19 19 19 0 19 19 19 19 15 0 1 15 0 18 18 8 1 18 2 19 6 15 0 3 12 11 18 18 15 18
split_gain=1.33244e+08 2.92868e+07 1.53367e+07 7.12099e+06 6.29526e+06 5.55224e+06 5.35499e+06 3.31768e+06 2.94038e+06 2.48741e+06 2.03899e+06 1.966e+06 1.58471e+06 1.57926e+06 1.54891e+06 1.48717e+06 2.21437e+06 1.28213e+06 1.1551e+06 898531 882260 860669 846306 833227 811652 809937 795306 785437 1.33041e+06 754390
threshold=41.325490731441384 -266.87097326691656 359.08424913299456 6.5000000000000009 137.77391523200794 -542.10968690214997 -68.227113899333162 572.37939165747537 1.0000000180025095e-35 5.5000000000000009 3.5000000000000004 1.0000000180025095e-35 5.5000000000000009 -268.79396987588547 466.1385296051231 -0.49999999999999944 4.5000000000000009 698.93837524330422 4.5000000000000009 672.35637670324672 0.37940952255126048 -0.60785761079279366 19.500000000000004 6.5000000000000009 1.0000000180025095e-35 -0.8783796973249266 341.08239224282175 1.0000000180025095e-35 -0.8783796973249266 674.84208568153747
decision_type=2 2 2 2 2 2 2 2 2 2 2 2 2 2 2 2 2 2 2 2 2 2 2 2 2 2 2 2 2 2
left_child=1 5 4 19 12 8 15 14 10 25 -1 13 23 -7 -5 16 -3 -11 -17 26 -13 -9 -10 -2 -14 -6 -4 28 -8 -29
right_child=2 6 3 7 9 11 27 21 22 17 -12 20 24 -15 -16 18 -18 -19 -20 -21 -22 -23 -24 -25 -26 -27 -28 29 -30 -31
leaf_value=-3.3354171522458391 2.5975003311850808 -0.94974789277562555 3.5639423661153824 6.5982716884136199 4.4531743274132412 -8.3960250522779383 2.921338099726924 13.264998493583835 -15.883768053556745 4.3772209692009785 -10.341613398657906 -8.9666674219393254 2.5002363206760303 -4.314696877896786 11.558664379460472 -4.1144565724277937 -4.2832416124929464 -0.32333713054656982 -2.2500510108470917 7.0445250021893049 -5.926082133719178 9.4767644344492155 -10.880909511021205 -1.6567989254841764 0.59456734427137881 1.1491906611312777 0.10502653858240914 0.24286920841794341 -1.6882039847074217 -2.7297329329816922
leaf_weight=24 22 265 122 250 36 46 27 49 38 706 54 102 185 216 28 432 114 24 192 23 61 47 21 113 173 169 34 337 346 38
leaf_count=24 22 265 122 250 36 46 27 49 38 706 54 102 185 216 28 432 114 24 192 23 61 47 21 113 173 169 34 337 346 38
internal_value=3.27312e-10 -3.26045 3.80687 6.63472 2.71178 -7.23285 -1.98547 8.20482 -10.7342 3.67603 -8.18586 -6.10419 0.883024 -5.03127 7.09788 -2.94061 -1.95243 4.22268 -3.54079 3.35417 -7.82878 11.4103 -14.1031 -0.963506 1.57934 1.7294 2.81008 -0.704713 -1.35454 -0.0583545
internal_weight=4294 2313 1981 553 1428 562 1751 374 137 935 78 425 493 262 278 1003 379 730 624 179 163 96 59 135 358 205 156 748 373 375
internal_count=4294 2313 1981 553 1428 562 1751 374 137 935 78 425 493 262 278 1003 379 730 624 179 163 96 59 135 358 205 156 748 373 375
is_linear=0
shrinkage=0.02


Tree=9
num_leaves=31
num_cat=0
split_feature=17 17 17 16 3 2 3 16 3 1 18 18 3 1 0 3 3 5 15 18 18 18 2 18 17 3 3 3 18 1
split_gain=4.49973e+07 7.35302e+06 5.34038e+06 4.35874e+06 4.2597e+06 4.01572e+06 7.43646e+06 3.84953e+06 2.95118e+06 5.59018e+06 3.45907e+06 3.01873e+06 2.81044e+06 2.72143e+06 2.18754e+06 2.00553e+06 4.24244e+06 3.50744e+06 1.96719e+06 2.07342e+06 1.54646e+06 1.44141e+06 1.07896e+06 1.05534e+06 953490 919921 788914 725739 625095 295989
threshold=-54.467610983130719 324.15272128516978 -272.51289422101121 1.0000000180025095e-35 5.5000000000000009 2.5000000000000004 6.5000000000000009 -0.5617449009293668 10.500000000000002 3.5000000000000004 -76.326292942330824 85.300889294585446 15.500000000000002 1.5000000000000002 12.500000000000002 15.500000000000002 16.500000000000004 -0.70710678118654735 -0.60785761079279366 547.95996135161579 488.17447805938451 -504.12821568512203 2.5000000000000004 -178.70968571561568 -192.90263703583148 6.5000000000000009 3.5000000000000004 16.500000000000004 -263.96423351096831 5.5000000000000009
decision_type=2 2 2 2 2 2 2 2 2 2 2 2 2 2 2 2 2 2 2 2 2 2 2 2 2 2 2 2 2 2
left_child=2 4 3 5 7 6 -1 29 9 11 -11 -3 23 -9 20 17 -17 -6 19 22 -5 -7 -4 -10 25 -20 -16 -14 -26 -2
right_child=1 8 18 14 15 21 -8 13 12 10 -12 -13 27 -15 26 16 -18 -19 24 -21 -22 -23 -24 -25 28 -27 -28 -29 -30 -31
leaf_value=-3.8231935219331223 0.35045345306396486 9.413694224989559 4.3408178316752117 -1.4626763667723146 2.2543024813334149 1.1865029459414276 -12.704160926125267 0.13937341562906902 -3.6773569880033796 5.0921076811800949 0.14329332537299036 4.7327944539232956 5.3783760413145414 5.6990515799581276 -6.9213706419203014 6.2709554515213801 0.68141629935844605 -1.4922294776594485 -6.0895382140023369 -5.9099705944061283 3.5589296681540357 -4.0387041668466823 0.22683769688886757 0.58227634060134492 -0.14017687486277688 -2.4908913230895995 -3.2287370800677637 2.4518919888334385 -1.8789951056799199 -2.686919355103464
leaf_weight=88 21 83 30 198 135 23 66 45 38 91 149 164 39 162 27 58 855 385 35 20 28 258 170 60 108 151 162 259 353 33
leaf_count=88 21 83 30 198 135 23 66 45 38 91 149 164 39 162 27 58 855 385 35 20 28 258 170 60 108 151 162 259 353 33
internal_value=-7.03849e-09 1.67117 -2.50821 -3.63471 0.899857 -5.03359 -7.62932 3.24984 3.1509 4.19353 2.01972 6.30573 1.86867 4.49043 -2.16842 0.471841 1.0365 -0.519572 -1.4038 0.229943 -0.84053 -3.61102 0.843935 -1.06942 -1.95932 -3.16806 -3.75626 2.83489 -1.47164 -1.50572
internal_weight=4294 2577 1717 850 1694 435 154 261 883 487 240 247 396 207 415 1433 913 520 867 220 226 281 200 98 647 186 189 298 461 54
internal_count=4294 2577 1717 850 1694 435 154 261 883 487 240 247 396 207 415 1433 913 520 867 220 226 281 200 98 647 186 189 298 461 54
is_linear=0
shrinkage=0.02


Tree=10
num_leaves=29
num_cat=0
split_feature=19 19 19 19 19 19 16 5 19 5 6 17 6 17 17 17 17 7 17 6 1 1 1 17 17 2 5 5
split_gain=1.25669e+08 2.40052e+07 1.98924e+07 6.93685e+06 3.97341e+06 3.748e+06 3.00023e+06 2.54861e+06 3.23879e+06 2.53141e+06 2.31657e+06 2.15274e+06 1.93496e+06 3.89201e+06 1.85948e+06 1.80205e+06 1.79824e+06 1.59888e+06 1.56176e+06 1.39319e+06 1.2799e+06 1.16003e+06 1.04396e+06 1.0148e+06 895806 785988 754656 542540
threshold=6.8205104175419073 -306.0453134418662 178.88349567818881 554.13545545937893 -542.10968690214997 -96.08272098044921 1.0000000180025095e-35 -0.70710678118654735 368.08418372399598 -0.5 -0.37940952255126015 -667.73321297709469 0.25881904510252057 -277.90304084677058 -379.74547426893145 73.280685895006187 467.06337416767207 0.93301270189221974 262.43065272787049 0.60355339059327384 3.5000000000000004 2.5000000000000004 1.0000000180025095e-35 -568.97059121365589 296.21833047910565 2.5000000000000004 -0.25881904510252113 -0.78656609248549292
decision_type=2 2 2 2 2 2 2 2 2 2 2 2 2 2 2 2 2 2 2 2 2 2 2 2 2 2 2 2
left_child=1 4 12 7 6 11 20 8 -4 16 -9 26 13 -2 22 -15 -5 27 -13 -11 -1 -19 -6 -7 -25 -16 -3 -14
right_child=2 5 3 9 14 23 -8 10 -10 19 -12 18 17 15 25 -17 -18 21 -20 -21 -22 -23 -24 24 -26 -27 -28 -29
leaf_value=-14.44067411461655 9.505956949615479 -1.3956150960922242 4.5671046669223294 17.010313205718994 -0.85904284636179618 3.222497703552246 -5.2483473369344962 4.8685939901780628 9.0986044559478767 8.7207684936523435 2.8068772096795289 -3.1898471969793762 2.7311404108319968 2.7741068910635436 -9.1528938544087293 0.24982285849509703 9.5306550433900625 -7.0862920588538758 -7.010030869801839 3.9392810498751132 -9.9764876012448909 -0.43860853058951244 -5.4191250291103268 -1.1377312288813368 -3.9512583635291278 -6.4735815519982189 3.7326037320223722 0.10382833274822791
leaf_weight=49 25 24 211 20 24 20 34 416 90 65 458 878 35 208 82 248 36 21 45 39 54 21 123 594 49 94 22 309
leaf_count=49 25 24 211 20 24 20 34 416 90 65 458 878 35 208 82 248 36 21 45 39 54 21 123 594 49 94 22 309
internal_value=-3.52802e-09 -3.51027 3.33491 4.86682 -7.54563 -2.37285 -10.3998 4.33482 5.92204 8.7737 3.7882 -3.16565 0.976089 1.82249 -6.33506 1.40125 12.202 -0.0786271 -3.3761 6.92771 -12.1002 -3.76245 -4.67462 -1.21414 -1.35214 -7.7219 1.05701 0.371142
internal_weight=4294 2092 2202 1335 460 1632 137 1175 301 160 874 969 867 481 323 456 56 386 923 104 103 42 147 663 643 176 46 344
internal_count=4294 2092 2202 1335 460 1632 137 1175 301 160 874 969 867 481 323 456 56 386 923 104 103 42 147 663 643 176 46 344
is_linear=0
shrinkage=0.02


Tree=11
num_leaves=29
num_cat=0
split_feature=19 19 19 0 19 19 19 19 16 17 6 17 17 15 17 18 0 7 11 17 17 0 17 18 6 19 17 7
split_gain=1.20724e+08 2.65576e+07 1.39627e+07 6.53363e+06 5.70987e+06 4.94855e+06 4.84643e+06 3.00422e+06 2.88142e+06 2.65836e+06 4.15498e+06 2.29715e+06 2.29379e+06 1.89058e+06 1.68742e+06 1.47484e+06 1.46536e+06 1.36796e+06 1.22922e+06 1.06502e+06 1.06276e+06 1.04182e+06 944763 925826 833674 816198 840079 799252
threshold=41.325490731441384 -266.87097326691656 359.08424913299456 6.5000000000000009 137.77391523200794 -542.10968690214997 -68.227113899333162 594.00592173111261 1.0000000180025095e-35 97.836521269262462 -0.12940952255126037 -599.42696923731899 292.73596942761839 1.0000000180025095e-35 266.77917360744601 -268.79396987588547 5.5000000000000009 -0.68301270189221974 1.0000000180025095e-35 714.66038627579303 403.14672548601089 15.500000000000002 -541.26512763168273 102.29841606455376 0.37940952255126048 672.35637670324672 580.80100607072939 0.93301270189221974
decision_type=2 2 2 2 2 2 2 2 2 2 2 2 2 2 2 2 2 2 2 2 2 2 2 2 2 2 2 2
left_child=1 5 4 25 16 8 11 12 18 10 -6 21 -5 15 -13 -7 27 -11 -1 -9 -18 -3 -8 -24 -15 26 -4 -2
right_child=2 6 3 7 9 13 22 19 -10 17 -12 14 -14 24 -16 -17 20 -19 -20 -21 -22 -23 23 -25 -26 -27 -28 -29
leaf_value=-9.7769579541241693 -0.29680713155995248 3.5004206448793411 3.3020601600749804 9.4514787114184831 8.1897305180610864 -8.0202183516129217 3.3197172131745716 13.2805149102211 -5.1433803812195276 4.2777551508393694 3.0868122951850876 -2.8252195455443938 5.6233965741432437 -8.6180414858051364 -6.4981219971967201 -4.0761278391988194 1.8876712893542824 2.2675055773100579 -14.15186063805405 8.8279907499040871 -1.6098643850668881 -2.011957103610039 -1.3529926774512351 0.12207870436402468 -5.6623638953537236 6.6966915313057278 -0.69873911743164063 -4.6286723575592044
leaf_weight=54 115 32 131 92 109 46 23 44 34 188 154 894 196 102 53 216 319 484 49 42 39 24 452 273 61 23 25 20
leaf_count=54 115 32 131 92 109 46 23 44 34 188 154 894 196 102 53 216 319 484 49 42 39 24 452 273 61 23 25 20
internal_value=4.355e-09 -3.10349 3.62362 6.32182 2.57872 -6.88628 -1.88937 7.82578 -10.1918 3.49705 5.20171 -2.79803 6.84626 -5.82075 -3.03078 -4.7686 0.837071 2.8299 -11.8582 11.106 1.50665 1.13797 -0.670951 -0.797552 -7.51193 3.17947 2.66091 -0.938565
internal_weight=4294 2313 1981 553 1428 562 1751 374 137 935 263 1003 288 425 947 262 493 672 103 86 358 56 748 725 163 179 156 135
internal_count=4294 2313 1981 553 1428 562 1751 374 137 935 263 1003 288 425 947 262 493 672 103 86 358 56 748 725 163 179 156 135
is_linear=0
shrinkage=0.02


Tree=12
num_leaves=29
num_cat=0
split_feature=19 19 19 19 0 15 17 19 0 19 18 0 17 2 17 1 17 6 7 1 17 13 17 18 15 17 18 19
split_gain=1.16011e+08 2.21683e+07 1.83737e+07 6.41245e+06 4.57758e+06 3.94531e+06 3.544e+06 3.45874e+06 3.31087e+06 3.15005e+06 2.7569e+06 2.45205e+06 2.15846e+06 2.66264e+06 2.0258e+06 1.77176e+06 1.46235e+06 1.04052e+06 1.04008e+06 1.11899e+06 941890 905186 852091 848208 774882 755279 713773 369384
threshold=6.8205104175419073 -306.0453134418662 178.88349567818881 554.13545545937893 7.5000000000000009 1.0000000180025095e-35 176.03346172563582 -96.08272098044921 3.5000000000000004 -586.99244650167623 -298.20111673718469 5.5000000000000009 73.280685895006187 4.5000000000000009 -687.94944399818166 4.5000000000000009 262.43065272787049 0.37940952255126048 0.93301270189221974 2.5000000000000004 -568.97059121365589 1.0000000180025095e-35 296.21833047910565 382.73040850258627 0.60785761079279343 -428.41795111498317 -360.46110263880649 -408.29724901443541
decision_type=2 2 2 2 2 2 2 2 2 2 2 2 2 2 2 2 2 2 2 2 2 2 2 2 2 2 2 2
left_child=1 5 11 4 24 10 -6 14 -5 21 27 18 13 -13 -3 -10 -16 -11 26 -20 -9 -7 -22 -14 -4 -12 -2 -1
right_child=2 7 3 8 6 9 -8 20 15 17 25 12 23 -15 16 -17 -18 -19 19 -21 22 -23 -24 -25 -26 -27 -28 -29
leaf_value=-10.954278510598577 2.8362889028478553 1.5483400138648782 1.628131926547626 2.6787598484754565 7.0356992309024227 -17.0738408314098 4.141990024435918 3.1077389097213746 10.913705949515942 -9.4065499046411407 -3.6856525567410485 5.4737649755194644 1.0071273796238116 1.4622493446432054 -3.0450055877812283 4.5598797825404578 -6.740692232555813 -5.9074132586392487 -6.9162704458690829 -0.38724702244713194 -1.0903877620800377 -11.268706955682665 -3.8344079737760581 -1.4794630411396856 3.5592772964015604 -6.0845073256558839 -0.66712016798201068 -7.6725469672161601
leaf_weight=34 27 37 237 32 241 22 569 20 107 89 126 101 268 192 887 21 45 55 21 21 594 21 49 69 128 90 168 23
leaf_count=34 27 37 237 32 241 22 569 20 107 89 126 101 268 192 887 21 45 55 21 21 594 21 49 69 128 90 168 23
internal_value=-4.53823e-09 -3.37268 3.2042 4.67648 4.16498 -7.25059 5.00296 -2.27965 8.43278 -9.48855 -5.71763 0.937208 1.58957 2.84506 -3.04124 9.87128 -3.22345 -8.07007 -0.796921 -3.65176 -1.16655 -14.2388 -1.2995 0.498004 2.30536 -4.68518 -0.182033 -9.63007
internal_weight=4294 2092 2202 1335 1175 460 810 1632 160 187 273 867 630 293 969 128 932 144 237 42 663 43 643 337 365 216 195 57
internal_count=4294 2092 2202 1335 1175 460 810 1632 160 187 273 867 630 293 969 128 932 144 237 42 663 43 643 337 365 216 195 57
is_linear=0
shrinkage=0.02


Tree=13
num_leaves=29
num_cat=0
split_feature=19 19 19 0 19 19 19 19 16 17 17 6 17 17 15 8 0 19 1 17 17 17 17 1 19 7 17 6
split_gain=1.11485e+08 2.45503e+07 1.30851e+07 6.51154e+06 4.63689e+06 4.61073e+06 4.45523e+06 3.22615e+06 2.71298e+06 2.47886e+06 2.30788e+06 3.6193e+06 2.14135e+06 1.80488e+06 1.75407e+06 1.67265e+06 1.35712e+06 1.28246e+06 1.11387e+06 1.06816e+06 1.00159e+06 897942 885270 805598 771645 745237 624867 350228
threshold=41.325490731441384 -266.87097326691656 332.62100803312711 7.5000000000000009 137.77391523200794 -542.10968690214997 -68.227113899333162 471.84115678038359 1.0000000180025095e-35 388.53928339268174 97.836521269262462 -0.12940952255126037 -667.73321297709469 292.73596942761839 1.0000000180025095e-35 1.0000000180025095e-35 5.5000000000000009 672.35637670324672 3.5000000000000004 554.17778361391913 403.14672548601089 -379.74547426893145 -541.26512763168273 4.5000000000000009 -286.1651302540767 0.93301270189221974 533.50568768334244 0.78656609248549303
decision_type=2 2 2 2 2 2 2 2 2 2 2 2 2 2 2 2 2 2 2 2 2 2 2 2 2 2 2 2
left_child=1 5 4 17 16 8 12 13 18 -9 11 -6 27 -5 21 -14 25 26 -1 -12 -18 -7 -8 -24 -16 -2 -4 -3
right_child=2 6 3 7 10 14 22 9 -10 -11 19 -13 15 -15 24 -17 20 -19 -20 -21 -22 -23 23 -25 -26 -27 -28 -29
leaf_value=-13.610440051020408 -0.28666791617352028 3.3633140066395635 3.1315429345030843 8.3307888868649798 7.7836137698192411 -3.4760181557360315 3.2161480779233189 13.710924118396846 -4.9114564465073975 7.9937701631286773 2.9525769949311393 2.8381302055112134 -2.0625104107855532 4.8837068554679339 -7.763415114490698 -3.732457802558907 1.816705866487796 7.1996584482546213 -9.4458679269861303 0.66564976633811479 -1.5786820920308433 -5.8221087554993662 -0.41317900987487316 -2.0171842486665854 -3.7361363913796164 -4.4695928622484207 0.41942211051319922 -0.25545154762268069
leaf_weight=49 115 23 162 90 101 139 23 43 34 103 491 143 489 187 141 471 319 27 54 98 39 123 564 161 22 20 43 20
leaf_count=49 115 23 162 90 101 139 23 43 34 103 491 143 489 187 141 471 319 27 54 98 39 123 564 161 22 20 43 20
internal_value=-6.19852e-10 -2.98238 3.4822 5.79494 2.33978 -6.6194 -1.81504 7.27175 -9.81006 9.67759 3.24964 4.88524 -2.68625 6.0037 -5.59088 -2.88183 0.802438 3.10231 -11.4271 2.57207 1.44682 -4.57743 -0.646829 -0.769379 -7.21986 -0.906361 2.56266 1.68017
internal_weight=4294 2313 1981 655 1326 562 1751 423 137 146 833 244 1003 277 425 960 493 232 103 589 358 262 748 725 163 135 205 43
internal_count=4294 2313 1981 655 1326 562 1751 423 137 146 833 244 1003 277 425 960 493 232 103 589 358 262 748 725 163 135 205 43
is_linear=0
shrinkage=0.02


Tree=14
num_leaves=31
num_cat=0
split_feature=19 19 19 19 0 15 17 19 0 19 18 0 17 3 17 1 0 8 17 0 3 7 1 3 3 15 17 18 3 19
split_gain=1.07111e+08 2.04541e+07 1.69636e+07 5.95074e+06 4.28199e+06 3.64203e+06 3.29812e+06 3.22184e+06 3.10419e+06 2.94132e+06 2.62049e+06 2.29728e+06 2.05238e+06 2.94481e+06 1.89614e+06 1.69228e+06 1.31675e+06 1.24493e+06 1.12479e+06 1.27424e+06 1.04037e+06 976906 1.0815e+06 854216 853022 744722 712692 684734 611968 344458
threshold=6.8205104175419073 -306.0453134418662 178.88349567818881 554.13545545937893 7.5000000000000009 1.0000000180025095e-35 176.03346172563582 -142.92901681102697 3.5000000000000004 -586.99244650167623 -298.20111673718469 5.5000000000000009 73.280685895006187 15.500000000000002 -599.42696923731899 4.5000000000000009 15.500000000000002 1.0000000180025095e-35 296.21833047910565 20.500000000000004 7.5000000000000009 0.93301270189221974 2.5000000000000004 7.5000000000000009 23.500000000000004 0.60785761079279343 -428.41795111498317 -378.32752122245978 16.500000000000004 -408.29724901443541
decision_type=2 2 2 2 2 2 2 2 2 2 2 2 2 2 2 2 2 2 2 2 2 2 2 2 2 2 2 2 2 2
left_child=1 5 11 4 25 10 -6 14 -5 23 29 21 13 -13 16 -10 -3 -16 19 -9 -11 27 -23 -7 -14 -4 -12 -2 -20 -1
right_child=2 7 3 8 6 9 -8 18 15 20 26 12 24 -15 17 -17 -18 -19 28 -21 -22 22 -24 -25 -26 -27 -28 -29 -30 -31
leaf_value=-10.586005652932561 2.9084919219970704 3.9196154737472537 1.5382670889524468 2.5405183070898056 6.7721923633729775 -10.82083244687035 3.9806698286758575 -0.966300603972712 10.523699309803614 -10.534601506942359 -3.5153114905054608 5.7918727829165002 -0.1999693931066073 1.4319117779942121 -2.6111206681626831 4.314019978841146 -2.6388748588562012 -4.3647816106271886 -5.4474103029762828 -3.4090445927840967 -6.7091965393793025 -6.7540689631870814 -0.3353451567604428 -16.460155473188919 1.9842611561932613 3.4314581771939991 -5.8455551908281107 -0.63648791921839998 -1.371462924791419 -7.4169342870297639
leaf_weight=34 25 24 237 32 241 21 569 775 107 39 126 89 234 204 317 21 25 331 41 96 105 21 21 22 103 128 90 170 23 23
leaf_count=34 25 24 237 32 241 21 569 775 107 39 126 89 234 204 317 21 25 331 41 96 105 21 21 22 103 128 90 170 23 23
internal_value=-2.22306e-09 -3.24074 3.07885 4.4935 4.00076 -6.96569 4.81123 -2.19081 8.11204 -9.11591 -5.49283 0.900582 1.53202 2.75627 -3.22004 9.50492 0.573447 -3.5069 -1.42357 -1.23554 -7.74524 -0.777926 -3.54471 -13.7061 0.467614 2.20218 -4.48625 -0.182003 -3.98262 -9.30726
internal_weight=4294 2092 2202 1335 1175 460 810 1632 160 187 273 867 630 293 697 128 49 648 935 871 144 237 42 43 337 365 216 195 64 57
internal_count=4294 2092 2202 1335 1175 460 810 1632 160 187 273 867 630 293 697 128 49 648 935 871 144 237 42 43 337 365 216 195 64 57
is_linear=0
shrinkage=0.02


Tree=15
num_leaves=29
num_cat=0
split_feature=19 19 19 0 19 19 19 1 16 17 6 19 17 15 8 18 17 0 17 1 0 17 17 18 3 3 15 19
split_gain=1.02959e+08 2.26731e+07 1.22418e+07 5.74123e+06 4.81538e+06 4.29273e+06 4.12375e+06 2.69171e+06 2.56164e+06 2.3494e+06 3.69737e+06 2.21779e+06 2.0099e+06 1.63061e+06 1.57036e+06 1.33013e+06 1.29493e+06 1.2558e+06 1.2435e+06 1.00798e+06 965820 941789 851467 884932 810613 770574 742264 728907
threshold=41.325490731441384 -266.87097326691656 359.08424913299456 6.5000000000000009 137.77391523200794 -542.10968690214997 -68.227113899333162 4.5000000000000009 1.0000000180025095e-35 97.836521269262462 -0.12940952255126037 453.84172760229177 -599.42696923731899 1.0000000180025095e-35 1.0000000180025095e-35 -268.79396987588547 630.34021837995908 5.5000000000000009 338.8403031605431 3.5000000000000004 15.500000000000002 403.14672548601089 -541.26512763168273 102.29841606455376 6.5000000000000009 7.5000000000000009 -0.8783796973249266 615.55805022244783
decision_type=2 2 2 2 2 2 2 2 2 2 2 2 2 2 2 2 2 2 2 2 2 2 2 2 2 2 2 2
left_child=1 5 4 26 17 8 12 11 19 10 -6 -5 20 15 -14 -7 -11 24 -9 -1 -3 -19 -8 -24 -2 -15 -4 -28
right_child=2 6 3 7 9 13 22 18 -10 16 -12 -13 14 25 -16 -17 -18 21 -20 -21 -22 -23 23 -25 -26 -27 27 -29
leaf_value=-13.088191522092236 2.6371595712141556 3.3739377719163897 -0.1285840599625199 6.4626196255050345 7.6325535742514727 -7.479687655075737 3.1681827947367793 8.4704315912155881 -4.6799188905603746 2.8999804762852288 2.8188368361629546 9.9850070909520134 -2.0035564290073293 -9.5691977430071162 -3.6328188946952573 -3.7340802407864899 0.14363642754492822 1.7471122907452448 2.8928399145514221 -9.1265014224582259 -1.9335799900690713 -1.5453492890871487 -1.2835466565785154 0.15857988118252039 -1.55901036684492 -6.2203768259473149 2.7548010423978173 6.1520093035697938
leaf_weight=49 22 32 27 143 109 46 23 21 34 595 154 143 484 35 463 216 77 319 67 54 24 39 452 273 113 128 120 32
leaf_count=49 22 32 27 143 109 46 23 21 34 595 154 143 484 35 463 216 77 319 67 54 24 39 452 273 113 128 120 32
internal_value=-4.85168e-09 -2.86606 3.34638 5.87284 2.368 -6.36126 -1.74424 7.28265 -9.43992 3.21133 4.81388 8.22381 -2.58241 -5.36884 -2.80012 -4.39171 2.58415 0.768579 4.22386 -11.0112 1.09929 1.38844 -0.620324 -0.740511 -0.87519 -6.93945 2.9272 3.47
internal_weight=4294 2313 1981 553 1428 562 1751 374 137 935 263 286 1003 425 947 262 672 493 88 103 56 358 748 725 135 163 179 152
internal_count=4294 2313 1981 553 1428 562 1751 374 137 935 263 286 1003 425 947 262 672 493 88 103 56 358 748 725 135 163 179 152
is_linear=0
shrinkage=0.02


Tree=16
num_leaves=30
num_cat=0
split_feature=19 19 19 5 19 19 19 11 16 19 17 6 17 17 17 2 7 5 17 3 19 18 11 7 17 17 18 16 6
split_gain=9.88814e+07 2.17752e+07 1.17813e+07 5.20814e+06 4.12274e+06 4.08094e+06 3.96045e+06 3.36078e+06 2.46019e+06 2.16565e+06 2.09013e+06 2.54611e+06 1.93776e+06 1.56794e+06 1.56511e+06 1.41079e+06 1.28804e+06 1.21227e+06 1.20086e+06 1.22104e+06 1.11021e+06 1.00982e+06 968068 850968 849790 817749 849889 356348 329896
threshold=41.325490731441384 -266.87097326691656 332.62100803312711 -0.5 -542.10968690214997 137.77391523200794 -68.227113899333162 0.6078576107927941 1.0000000180025095e-35 615.55805022244783 179.42312506055444 -0.12940952255126037 -667.73321297709469 -379.74547426893145 266.77917360744601 2.5000000000000004 0.93301270189221974 -1.0000000180025095e-35 407.5196358306867 16.500000000000004 554.13545545937893 331.95170446135404 1.0000000180025095e-35 -1.0000000180025095e-35 554.17778361391913 -541.26512763168273 102.29841606455376 -0.22252093395631442 0.78656609248549303
decision_type=2 2 2 2 2 2 2 2 2 2 2 2 2 2 2 2 2 2 2 2 2 2 2 2 2 2 2 2 2
left_child=1 4 5 7 8 18 12 20 22 16 11 -7 28 17 -14 -15 -5 -6 19 -2 -4 -9 -1 -11 -12 -8 -27 -20 -3
right_child=2 6 3 9 13 10 25 21 -10 23 24 -13 14 15 -16 -17 -18 -19 27 -21 -22 -23 -24 -25 -26 26 -28 -29 -30
leaf_value=-8.9439712496157053 2.8183521694248004 3.2564565583933955 5.3507162252556189 3.9184234813887002 -5.7638762753969663 6.3056625019664505 3.1048190672501272 10.166908175998264 -4.5863204978494085 9.7311052247249723 2.6396680087527775 2.7655509818478636 -2.5216003039968844 -8.2822971000252181 -6.0574767800097202 -5.1336607471578999 -0.78470973510742181 -2.4599813997177851 -3.7862984448892099 0.44596641801479386 9.2780457190978218 15.568084686279297 -12.826427733752192 5.4393432705742972 0.56313317843845911 -1.2578757245548531 0.15540828381265911 -0.26405646610260008 -0.25569935989379883
leaf_weight=54 118 23 110 341 77 142 23 45 34 33 403 190 907 91 53 152 25 105 27 328 39 20 49 42 98 452 273 20 20
leaf_count=54 118 23 110 341 77 142 23 45 34 33 403 190 907 91 53 152 25 105 27 328 39 20 49 42 98 452 273 20 20
internal_value=1.28971e-09 -2.80873 3.27946 5.47395 -6.23403 2.19545 -1.70935 8.03409 -9.25113 4.23162 3.04902 4.2797 -2.53076 -5.26146 -2.71681 -6.31278 3.59717 -3.85778 0.753208 1.07364 6.37867 11.8288 -10.791 7.32772 2.23348 -0.607918 -0.725701 -2.28747 1.6229
internal_weight=4294 2313 1981 655 562 1326 1751 214 137 441 833 332 1003 425 960 243 366 182 493 446 149 65 103 75 501 748 725 47 43
internal_count=4294 2313 1981 655 562 1326 1751 214 137 441 833 332 1003 425 960 243 366 182 493 446 149 65 103 75 501 748 725 47 43
is_linear=0
shrinkage=0.02


Tree=17
num_leaves=30
num_cat=0
split_feature=19 19 19 0 19 15 19 17 19 18 17 0 17 3 17 17 0 6 8 7 1 19 3 3 17 18 18 19 19
split_gain=9.50423e+07 1.8174e+07 1.50704e+07 5.36243e+06 7.02386e+06 3.30864e+06 2.95145e+06 2.85778e+06 2.63766e+06 2.41604e+06 2.34241e+06 2.15648e+06 1.93509e+06 2.75765e+06 1.44778e+06 1.42399e+06 1.2613e+06 999129 947882 944056 1.04055e+06 899890 809646 792388 749355 674384 658652 506212 323422
threshold=6.8205104175419073 -306.0453134418662 178.88349567818881 6.5000000000000009 453.84172760229177 1.0000000180025095e-35 -180.04355767309372 179.42312506055444 -586.99244650167623 -298.20111673718469 388.53928339268174 5.5000000000000009 73.280685895006187 15.500000000000002 -687.94944399818166 266.77917360744601 20.500000000000004 0.37940952255126048 -0.49999999999999944 0.93301270189221974 2.5000000000000004 642.25057387380377 23.500000000000004 7.5000000000000009 604.14626121143021 193.71217171743322 -378.32752122245978 -42.93531736422694 -408.29724901443541
decision_type=2 2 2 2 2 2 2 2 2 2 2 2 2 2 2 2 2 2 2 2 2 2 2 2 2 2 2 2 2
left_child=1 5 11 21 7 9 14 -5 23 28 -6 19 13 -13 -3 16 -8 -10 -16 26 -21 24 -14 -7 -4 -11 -2 -17 -1
right_child=2 6 3 4 10 8 15 -9 17 25 -12 12 22 -15 18 27 -18 -19 -20 20 -22 -23 -24 -25 -26 -27 -28 -29 -30
leaf_value=-10.061773463417502 2.8377085662841797 1.2003061910775992 2.1432523252833873 6.0165436132252221 12.011278264912692 -10.181256771995908 -1.0662564102766496 3.3980366073172172 -8.6249902112296457 -5.147061120147705 7.0643659302828805 5.5851736737369153 -0.2250657244778087 1.3660424397330659 -2.5083061793175609 -5.3266007423400881 -3.1893733991975859 -5.1961627398404211 -4.3892762812993826 -6.6470597403390075 -0.35101513363066178 5.5602760212996909 1.9029070896778291 -15.612660328258169 -1.5958395982825238 -2.8837990391647423 -0.63910069436360806 -2.2274239112235406 -6.9909941366444466
leaf_weight=34 25 26 316 240 55 21 943 546 89 125 126 89 234 204 176 49 127 55 274 21 21 29 103 22 23 91 170 37 23
leaf_count=34 25 26 316 240 55 21 943 546 89 125 126 89 234 204 176 49 127 55 274 21 21 29 103 22 23 91 170 37 23
internal_value=1.06855e-09 -3.05271 2.90021 4.23359 5.01554 -6.56391 -2.06303 4.19758 -8.61336 -5.16008 8.56757 0.847086 1.45887 2.64762 -3.38848 -1.51726 -1.31825 -7.31537 -3.65361 -0.779173 -3.49904 2.17884 0.425324 -12.9601 1.88957 -4.19356 -0.193356 -3.99323 -8.82269
internal_weight=4294 2092 2202 1335 967 460 1632 786 187 273 181 867 630 293 476 1156 1070 144 450 237 42 368 337 43 339 216 195 86 57
internal_count=4294 2092 2202 1335 967 460 1632 786 187 273 181 867 630 293 476 1156 1070 144 450 237 42 368 337 43 339 216 195 86 57
is_linear=0
shrinkage=0.02


Tree=18
num_leaves=31
num_cat=0
split_feature=17 3 11 17 16 3 12 17 2 3 16 0 6 2 17 0 6 15 17 17 17 6 3 17 2 3 6 3 7 10
split_gain=3.1244e+07 5.26506e+06 7.76762e+06 3.95132e+06 3.45976e+06 3.20624e+06 3.98337e+06 2.94239e+06 2.77054e+06 5.82982e+06 2.22364e+06 2.0047e+06 1.92593e+06 1.91388e+06 1.69454e+06 1.58079e+06 1.54647e+06 1.53584e+06 1.46469e+06 1.26261e+06 1.08065e+06 901070 815242 774255 766666 745036 706140 621403 426103 304650
threshold=-54.467610983130719 6.5000000000000009 1.0000000180025095e-35 -272.51289422101121 1.0000000180025095e-35 5.5000000000000009 1.0000000180025095e-35 282.64888637614973 2.5000000000000004 6.5000000000000009 -0.5617449009293668 12.500000000000002 0.78656609248549303 2.5000000000000004 1025.1410140676746 16.500000000000004 0.60355339059327384 -0.60785761079279366 647.89384490000441 -599.42696923731899 407.5196358306867 -0.12940952255126037 13.500000000000002 -192.90263703583148 1.5000000000000002 6.5000000000000009 -0.5 3.5000000000000004 -0.49999999999999939 -3.0616169978683822e-16
decision_type=2 2 2 2 2 2 2 2 2 2 2 2 2 2 2 2 2 2 2 2 2 2 2 2 2 2 2 2 2 2
left_child=3 2 5 4 8 6 -2 10 9 -1 13 19 18 -3 15 -9 -12 21 -4 -6 -7 22 -5 25 -14 -19 -10 -13 -25 -23
right_child=1 7 12 17 11 20 -8 14 26 -11 16 27 24 -15 -16 -17 -18 23 -20 -21 -22 29 -24 28 -26 -27 -28 -29 -30 -31
leaf_value=-3.0913991637663405 3.7006629902780053 -6.7228297736428004 6.0507377298166283 -0.66771105021965216 1.8213996009328473 -6.395666427612305 -0.7963674729432052 1.1002032077514949 -4.800550064782839 -10.954693074081884 1.3738694697283209 -6.0817606509173361 4.5624134543634236 -0.63762962929361411 7.2641086777396824 3.1832915392419174 -0.46029985024947528 -5.3492839507418024 10.828953512868573 -1.4518737240707349 -0.21193471503257752 -1.9087529236270535 2.8836416961124969 -0.36143311808568351 -0.31937385038896038 -2.1107200795925216 -2.5242609937409846 -2.8045205427099158 -1.6368847456216813 0.22625196669964079
leaf_weight=88 200 22 149 41 67 26 130 471 74 66 640 27 31 343 23 211 258 35 31 159 20 62 70 161 22 151 207 162 300 47
leaf_count=88 200 22 149 41 67 26 130 471 74 66 640 27 31 343 23 211 258 35 31 159 20 62 70 161 22 151 207 162 300 47
internal_value=-6.6432e-09 1.39255 3.01764 -2.09004 -3.05902 1.23957 1.92911 0.889662 -4.30532 -6.46138 0.311884 -1.75266 5.88698 -1.00441 1.92474 1.74468 0.846903 -1.14006 6.87365 -0.481479 -3.70709 0.3035 1.57188 -1.63091 2.53601 -2.72013 -3.12371 -3.2727 -1.19145 -0.988154
internal_weight=4294 2577 609 1717 850 376 330 1968 435 154 1263 415 233 365 705 682 898 867 180 226 46 220 111 647 53 186 281 189 461 109
internal_count=4294 2577 609 1717 850 376 330 1968 435 154 1263 415 233 365 705 682 898 867 180 226 46 220 111 647 53 186 281 189 461 109
is_linear=0
shrinkage=0.02


Tree=19
num_leaves=29
num_cat=0
split_feature=19 19 19 0 19 19 19 19 17 17 6 17 17 8 1 2 13 13 17 19 0 2 17 18 19 17 18 0
split_gain=8.96131e+07 1.97266e+07 1.08129e+07 5.44273e+06 4.67876e+06 3.69757e+06 2.72117e+06 2.59587e+06 2.31154e+06 2.02414e+06 3.05915e+06 1.96123e+06 1.65371e+06 1.63547e+06 1.37153e+06 1.83356e+06 1.36306e+06 1.81831e+06 1.16224e+06 1.07965e+06 1.07232e+06 986250 962633 742899 639156 602822 622508 431061
threshold=41.325490731441384 -230.69929969012128 332.62100803312711 7.5000000000000009 -542.10968690214997 137.77391523200794 -47.629681824463653 471.84115678038359 388.53928339268174 97.836521269262462 -0.12940952255126037 -667.73321297709469 292.73596942761839 1.0000000180025095e-35 1.0000000180025095e-35 1.5000000000000002 -0.60785761079279388 1.0000000180025095e-35 407.5196358306867 672.35637670324672 5.5000000000000009 2.5000000000000004 554.17778361391913 336.35070155179716 -647.72974158269142 362.78969223230348 130.86455706573909 14.500000000000002
decision_type=2 2 2 2 2 2 2 2 2 2 2 2 2 2 2 2 2 2 2 2 2 2 2 2 2 2 2 2
left_child=1 4 5 19 16 18 11 12 -9 10 -7 -3 -5 -13 15 -6 24 -18 20 23 -2 -16 -11 -4 -1 26 -8 -20
right_child=2 6 3 7 14 9 25 8 -10 22 -12 13 -14 -15 21 -17 17 -19 27 -21 -22 -23 -24 -25 -26 -27 -28 -29
leaf_value=-13.356839616563585 -0.55441498979445425 2.3237276689629804 2.8324751915960089 7.6645734220080906 -5.4778080554910602 7.0923929053958101 -0.75028902219062632 12.62742912026339 7.1065992733112822 2.6226437180903561 2.545692317023144 -1.4707376882382508 4.3650048226596203 -3.1472575435533772 -6.5249540865862814 0.62830917358398441 -2.4813935160636902 -9.0975985491717299 -4.4119546781267438 6.5220403847871005 1.634455558347591 -4.5102307813861531 0.45162150091054487 -0.29804332965129132 -9.1785123634338373 -3.4375832044161285 0.62434608433905403 -0.5593699475435111
leaf_weight=27 124 38 168 90 37 101 430 43 103 491 143 464 187 467 135 42 24 54 21 27 322 347 98 37 32 26 190 26
leaf_count=27 124 38 168 90 37 101 430 43 103 491 143 464 187 467 135 42 24 54 21 27 322 347 98 37 32 26 190 26
internal_value=1.31435e-09 -2.67386 3.12198 5.22435 -5.48335 2.08348 -1.45961 6.57453 8.7326 2.89597 4.42773 -2.12992 5.43707 -2.3117 -4.67417 -2.23152 -8.79687 -7.06184 0.710654 2.7626 1.02589 -5.07452 2.26142 2.26745 -11.0906 -0.454142 -0.32903 -2.28074
internal_weight=4294 2313 1981 655 698 1326 1615 423 146 833 244 969 277 931 561 79 137 78 493 232 446 482 589 205 59 646 620 47
internal_count=4294 2313 1981 655 698 1326 1615 423 146 833 244 969 277 931 561 79 137 78 493 232 446 482 589 205 59 646 620 47
is_linear=0
shrinkage=0.02


Tree=20
num_leaves=30
num_cat=0
split_feature=19 19 19 19 15 19 19 5 19 17 5 17 12 17 17 17 1 17 7 3 3 3 1 6 17 17 3 2 19
split_gain=8.60938e+07 1.64168e+07 1.36977e+07 4.85626e+06 3.13642e+06 2.69053e+06 2.3551e+06 2.16668e+06 2.52514e+06 2.01312e+06 1.94367e+06 1.62192e+06 1.534e+06 1.54592e+06 1.39782e+06 1.36646e+06 1.2026e+06 1.13177e+06 1.0817e+06 1.06679e+06 1.02681e+06 1.98716e+06 1.65073e+06 952688 840768 756578 710518 565048 477566
threshold=6.8205104175419073 -306.0453134418662 178.88349567818881 554.13545545937893 1.0000000180025095e-35 -180.04355767309372 -586.99244650167623 -0.70710678118654735 378.48058996103458 617.14109865964667 -0.5 467.06337416767207 1.0000000180025095e-35 345.07166361678861 266.77917360744601 -687.94944399818166 4.5000000000000009 -667.73321297709469 0.93301270189221974 7.5000000000000009 3.5000000000000004 6.5000000000000009 5.5000000000000009 0.37940952255126048 -321.57043196847729 -298.20111673718469 7.5000000000000009 3.5000000000000004 -42.93531736422694
decision_type=2 2 2 2 2 2 2 2 2 2 2 2 2 2 2 2 2 2 2 2 2 2 2 2 2 2 2 2 2
left_child=1 4 12 7 20 15 26 8 -4 -9 11 -5 13 19 17 -3 -12 -7 25 -2 22 -22 -1 -8 -17 -14 -6 -15 -16
right_child=2 5 3 10 6 14 23 9 -10 -11 16 -13 18 27 28 24 -18 -19 -20 -21 21 -23 -24 -25 -26 -27 -28 -29 -30
leaf_value=-4.3609505360054248 4.3521979618202087 1.2277079875652606 3.8912793480185575 14.870958587646484 -9.7139325241815477 2.4580282347649338 -8.2903084491343968 3.411604440651085 7.9462464860428215 0.28391505490178648 6.9563647007632561 7.7674527125888408 3.0086751953760786 -2.9089970140324697 -5.1919520147479306 -4.8665849168094129 2.0509084072819461 -1.3607803324709051 -3.3321488297952189 1.6057030244845494 0.82968727412047216 -4.9707415546437419 -11.254502029418946 -4.9421182283921681 -2.9458326485619275 -0.037811976650546746 -14.8571015514027 0.84227975779566266 -2.1817399432208084
leaf_weight=33 69 26 215 20 21 32 89 782 86 92 77 36 36 36 49 127 27 1038 37 314 27 189 24 55 323 346 22 29 37
leaf_count=33 69 26 215 20 21 32 89 782 86 92 77 36 36 36 49 127 27 1038 37 314 27 189 24 55 323 346 22 29 37
internal_value=-8.47499e-09 -2.90545 2.76031 4.03151 -6.24259 -1.96483 -8.23798 3.58638 5.04984 3.08237 7.30039 10.3044 0.802923 1.61651 -1.44374 -3.23034 5.68283 -1.24657 -0.0669693 2.1005 -4.87578 -4.24569 -7.2635 -7.01149 -3.48791 0.249292 -12.3453 -1.23535 -3.89686
internal_weight=4294 2092 2202 1335 460 1632 187 1175 301 874 160 56 867 448 1156 476 104 1070 419 383 273 216 57 144 450 382 43 65 86
internal_count=4294 2092 2202 1335 460 1632 187 1175 301 874 160 56 867 448 1156 476 104 1070 419 383 273 216 57 144 450 382 43 65 86
is_linear=0
shrinkage=0.02


Tree=21
num_leaves=30
num_cat=0
split_feature=19 19 19 0 19 19 19 1 16 0 19 15 18 18 3 0 18 18 1 0 8 3 16 11 15 19 18 15 18
split_gain=8.27365e+07 1.82088e+07 1.00616e+07 4.79173e+06 4.34205e+06 3.86265e+06 2.54953e+06 2.39148e+06 2.08276e+06 1.83188e+06 1.8082e+06 1.55523e+06 1.38332e+06 1.17321e+06 1.15057e+06 1.1105e+06 1.09929e+06 908466 843609 819114 799665 753804 741424 730514 691388 606370 493024 914018 886558
threshold=41.325490731441384 -230.69929969012128 359.08424913299456 6.5000000000000009 -542.10968690214997 137.77391523200794 -61.138102520449358 4.5000000000000009 1.0000000180025095e-35 5.5000000000000009 453.84172760229177 1.0000000180025095e-35 232.74325064207281 698.93837524330422 6.5000000000000009 5.5000000000000009 331.95170446135404 -268.79396987588547 3.5000000000000004 20.500000000000004 0.50000000000000044 6.5000000000000009 -0.22252093395631442 -0.8783796973249266 -0.8783796973249266 615.55805022244783 102.29841606455376 -0.8783796973249266 674.84208568153747
decision_type=2 2 2 2 2 2 2 2 2 2 2 2 2 2 2 2 2 2 2 2 2 2 2 2 2 2 2 2 2
left_child=1 4 5 24 8 15 12 10 18 23 -5 17 19 -11 -13 21 -9 -6 -1 -3 -14 -2 -17 -7 -4 -26 27 -8 -28
right_child=2 6 3 7 11 9 26 16 -10 13 -12 14 20 -15 -16 22 -18 -19 -20 -21 -22 -23 -24 -25 25 -27 28 -29 -30
leaf_value=-11.7774524065913 2.5216083041104405 -2.3475624971371842 -0.34999068154229057 5.8750920935944251 -5.6640498651585105 3.7843650266196995 2.3953602575486705 2.4827853494531968 -4.1684357584224028 3.4850774365832384 9.055626415039276 -9.0234597819560278 -0.33670207147890663 -1.0113857916990916 -5.1528975287919545 0.14067657803145933 7.8168412499427795 -3.1235582392005359 -8.1531511999059596 -4.4512993037977884 -2.7890390931325637 -1.5248533450607704 2.001193643035712 0.64655511603552906 2.4707614097197852 5.5692856726050382 0.61385547987892908 -1.1648037143439862 -2.7999524311338155
leaf_weight=49 22 532 27 143 71 36 31 68 34 706 143 37 212 24 181 142 20 272 54 86 71 113 216 169 120 32 233 415 35
leaf_count=49 22 532 27 143 71 36 31 68 34 706 143 37 212 24 181 142 20 272 54 86 71 113 216 169 120 32 233 415 35
internal_value=-4.54087e-09 -2.56922 2.99981 5.29027 -5.26847 2.11281 -1.40262 6.57823 -8.46053 2.86812 7.46536 -4.48894 -2.11001 3.33725 -5.80983 0.680326 3.69507 -3.64943 -9.87733 -2.64032 -0.951953 -0.86543 1.26322 1.19759 2.59921 3.12308 -0.509954 -0.917348 0.168022
internal_weight=4294 2313 1981 553 698 1428 1615 374 137 935 286 561 901 730 218 493 88 343 103 618 283 135 358 205 179 152 714 446 268
internal_count=4294 2313 1981 553 698 1428 1615 374 137 935 286 561 901 730 218 493 88 343 103 618 283 135 358 205 179 152 714 446 268
is_linear=0
shrinkage=0.02


Tree=22
num_leaves=30
num_cat=0
split_feature=19 19 19 0 19 19 17 4 19 0 17 3 17 13 13 17 17 17 0 8 3 18 18 3 7 18 11 4 17
split_gain=7.95087e+07 1.44888e+07 1.37565e+07 4.69183e+06 5.92997e+06 2.58067e+06 2.56833e+06 2.3192e+06 2.21302e+06 1.76843e+06 1.98717e+06 2.44529e+06 1.46823e+06 1.40083e+06 1.35117e+06 1.33261e+06 1.31334e+06 1.17249e+06 1.16289e+06 882615 853642 758086 1.0346e+06 732488 608609 592700 523772 465794 192679
threshold=-2.5260227852348858 -306.0453134418662 178.88349567818881 5.5000000000000009 453.84172760229177 -556.91981134073967 179.42312506055444 1.0000000180025095e-35 -180.04355767309372 5.5000000000000009 73.280685895006187 16.500000000000004 -379.74547426893145 -0.60785761079279388 0.6078576107927941 -667.73321297709469 -687.94944399818166 266.77917360744601 11.500000000000002 -0.49999999999999944 22.500000000000004 -339.74012505663262 210.01350503382039 6.5000000000000009 0.93301270189221974 -360.46110263880649 1.0000000180025095e-35 1.0000000180025095e-35 168.71952419869925
decision_type=2 2 2 2 2 2 2 2 2 2 2 2 2 2 2 2 2 2 2 2 2 2 2 2 2 2 2 2 2
left_child=1 5 9 21 6 13 -5 -6 16 24 11 -11 18 27 -15 -10 -3 -17 -7 -18 -12 28 -23 -14 25 -2 -26 -1 -4
right_child=2 8 3 4 7 12 -8 -9 15 10 20 -13 23 14 -16 17 19 -19 -20 -21 -22 22 -24 -25 26 -27 -28 -29 -30
leaf_value=-12.793339371857819 2.3709424044291181 1.2686965252802922 0.99090143574608702 5.4585562105646321 8.8446952479406704 -2.233643376329443 3.0444437428030158 3.6267307753996416 2.6898962157567343 4.9035107189360119 -0.49575020284238075 1.1624688621000809 -8.5290274678105895 -3.2499812282408986 -9.0085024007161465 -1.4007738457702001 -2.2491866043785755 -3.9950729341189066 -5.6764666579426191 -4.0642441721119154 1.5318558438374448 3.1564331856621317 0.3260842981974284 -5.6039643518604452 -0.68229758679866792 -0.66074660104254024 -4.9058758810292122 -9.0427766535832337 -1.0643080378867484
leaf_weight=27 30 26 36 255 151 91 571 44 30 105 230 209 46 28 39 983 176 75 69 274 130 166 75 134 24 184 23 26 37
leaf_count=27 30 26 36 255 151 91 571 44 30 105 230 209 46 28 39 983 176 75 69 274 130 166 75 134 24 184 23 26 37
internal_value=1.52596e-09 -2.88213 2.5698 3.87277 4.5303 -6.00232 3.78972 7.66731 -1.96443 0.709395 1.25066 2.41345 -5.11237 -8.52386 -6.60196 -1.46681 -3.10184 -1.58468 -3.71836 -3.35435 0.236441 1.73477 2.27562 -6.35148 -0.68835 -0.235743 -2.74916 -10.9534 -0.0507801
internal_weight=4294 2024 2270 1335 1021 460 826 195 1564 935 674 314 340 120 67 1088 476 1058 160 450 360 314 241 180 261 214 47 53 73
internal_count=4294 2024 2270 1335 1021 460 826 195 1564 935 674 314 340 120 67 1088 476 1058 160 450 360 314 241 180 261 214 47 53 73
is_linear=0
shrinkage=0.02


Tree=23
num_leaves=29
num_cat=0
split_feature=19 19 19 5 19 19 11 19 16 17 6 19 17 17 15 3 17 12 17 3 7 3 17 5 1 17 1 19
split_gain=7.64305e+07 1.68112e+07 9.41126e+06 4.35489e+06 4.10103e+06 3.12258e+06 3.06798e+06 2.28258e+06 1.91512e+06 1.89175e+06 2.86074e+06 1.88245e+06 1.88025e+06 1.58547e+06 1.30082e+06 1.16404e+06 1.16327e+06 1.12054e+06 1.07251e+06 1.00229e+06 948172 943963 919250 861611 790083 752716 772046 460098
threshold=41.325490731441384 -227.80900050960278 332.62100803312711 -0.70710678118654735 -542.10968690214997 137.77391523200794 0.6078576107927941 -68.227113899333162 1.0000000180025095e-35 97.836521269262462 -0.12940952255126037 615.55805022244783 176.03346172563582 758.01603960154364 1.0000000180025095e-35 6.5000000000000009 -667.73321297709469 -0.22252093395631442 428.15979384443023 16.500000000000004 -1.0000000180025095e-35 6.5000000000000009 554.17778361391913 -1.0000000180025095e-35 3.5000000000000004 -541.26512763168273 4.5000000000000009 445.38818125171605
decision_type=2 2 2 2 2 2 2 2 2 2 2 2 2 2 2 2 2 2 2 2 2 2 2 2 2 2 2 2
left_child=1 4 5 6 8 18 21 12 24 10 -7 13 16 -5 23 -16 -3 -14 19 -2 -13 -4 -11 -6 -1 -9 -27 -8
right_child=2 7 3 11 14 9 27 25 -10 22 -12 20 17 -15 15 -17 -18 -19 -20 -21 -22 -23 -24 -25 -26 26 -28 -29
leaf_value=-11.327048196597975 2.4677539823501089 1.8431800978524344 8.1488668467781764 3.7447399569702151 -4.6693116070624106 6.7186358559485715 9.9033407402038574 3.0389799462194027 -4.013875751144746 2.4005516661548807 2.3218489309457633 8.9834835147857675 -7.4555481945340691 -0.64928741349114316 -8.6947953992276581 -4.8238365116070225 -1.8897224895498284 -2.8836308728012385 -2.5299725531309081 0.35334701041080446 4.7143232669001041 4.378312829999782 0.27901488167898997 -2.6524475183539091 -7.8196107539424196 -0.2873694139761282 -1.8576170754876935 13.780177270507814
leaf_weight=49 123 35 44 375 147 101 24 23 34 491 143 38 37 36 37 194 727 51 39 331 46 67 98 200 54 564 161 25
leaf_count=49 123 35 44 375 147 101 24 23 34 491 143 38 37 36 37 194 727 51 39 331 46 67 98 200 54 564 161 25
internal_value=4.89059e-10 -2.46937 2.88322 4.8446 -5.01841 1.91436 7.71301 -1.32884 -8.12961 2.66101 4.14183 3.91744 -2.03793 3.35986 -4.28099 -5.44386 -1.71826 -4.80591 0.652784 0.926193 6.64561 5.87295 2.04756 -3.50685 -9.4882 -0.52307 -0.636073 11.8813
internal_weight=4294 2313 1981 655 715 1326 160 1598 137 833 244 495 850 411 578 231 762 88 493 454 84 111 589 347 103 748 725 49
internal_count=4294 2313 1981 655 715 1326 160 1598 137 833 244 495 850 411 578 231 762 88 493 454 84 111 589 347 103 748 725 49
is_linear=0
shrinkage=0.02


Tree=24
num_leaves=31
num_cat=0
split_feature=19 19 19 19 15 18 19 19 19 7 7 6 16 3 18 6 7 3 1 6 1 9 6 8 18 2 3 18 19 19
split_gain=7.34242e+07 1.34193e+07 1.26938e+07 4.23378e+06 2.74521e+06 2.12064e+06 2.05406e+06 2.03392e+06 1.58766e+06 1.4208e+06 1.34127e+06 1.31733e+06 1.57042e+06 1.16499e+06 1.16273e+06 1.06701e+06 965400 943403 923713 910188 900931 781982 737228 721837 673127 672028 630896 592646 517764 266092
threshold=-2.5260227852348858 -306.0453134418662 178.88349567818881 594.00592173111261 1.0000000180025095e-35 -298.20111673718469 -586.99244650167623 -180.04355767309372 359.08424913299456 -0.68301270189221974 -0.5 -0.12940952255126037 -0.22252093395631442 13.500000000000002 232.74325064207281 0.25881904510252057 0.93301270189221974 13.500000000000002 2.5000000000000004 0.37940952255126048 1.0000000180025095e-35 -3.6739403974420589e-16 0.60355339059327384 1.0000000180025095e-35 3.2909658197349931 2.5000000000000004 7.5000000000000009 193.71217171743322 41.325490731441384 -408.29724901443541
decision_type=2 2 2 2 2 2 2 2 2 2 2 2 2 2 2 2 2 2 2 2 2 2 2 2 2 2 2 2 2 2
left_child=1 4 11 8 5 29 26 20 10 -5 -4 12 13 -2 22 -10 28 -14 -18 -8 24 -22 -9 -11 -3 -16 -6 -7 -13 -1
right_child=2 7 3 9 6 27 19 14 15 23 -12 16 17 -15 25 -17 18 -19 -20 -21 21 -23 -24 -25 -26 -27 -28 -29 -30 -31
leaf_value=-9.049057145118713 -2.4097394447831006 -3.0340354532003402 3.9442850886269047 10.907081036721506 -8.9955689784458706 -4.4820908167266849 -7.7438228107771181 -1.4438953466696933 5.2181275035341583 7.882094634446231 2.2095978693802212 -0.70194999884252685 4.7018288064381428 1.1787646696046621 1.2777882523732644 3.1968916250177331 -5.5731033192510191 1.8365838421092315 0.035798986653486888 -4.4711667757901283 -4.4385100813871308 -2.6009398783212756 -2.8211364187888051 4.4165530935323467 0.2210392556367097 -0.89856390036321165 -13.842002646706321 -2.3604158887758362 0.72327629474493182 -6.2637078130763513
leaf_weight=34 52 48 275 31 21 125 89 542 240 44 507 146 63 119 73 185 23 170 24 55 169 205 218 53 54 255 22 91 338 23
leaf_count=34 52 48 275 31 21 125 89 542 240 44 507 146 63 119 73 185 23 170 24 55 169 205 218 53 54 255 22 91 338 23
internal_value=-9.92485e-12 -2.76966 2.46951 3.72115 -5.77247 -4.49375 -7.63928 -1.88648 3.35437 7.17976 2.81962 0.682419 1.54307 0.0875237 -1.40942 4.3383 0.0276092 2.61131 -2.70898 -6.49385 -2.97689 -3.43129 -1.83895 5.98855 -1.31076 -0.414193 -11.4751 -3.58824 0.293353 -7.92514
internal_weight=4294 2024 2270 1335 460 273 187 1564 1207 128 782 935 404 171 1088 425 531 233 47 144 476 374 760 97 102 328 43 216 484 57
internal_count=4294 2024 2270 1335 460 273 187 1564 1207 128 782 935 404 171 1088 425 531 233 47 144 476 374 760 97 102 328 43 216 484 57
is_linear=0
shrinkage=0.02


Tree=25
num_leaves=30
num_cat=0
split_feature=19 19 19 0 19 15 17 17 19 19 0 17 3 17 17 17 0 2 1 6 3 17 15 3 7 1 19 0 19
split_gain=7.05166e+07 1.28879e+07 1.21911e+07 4.40105e+06 5.39166e+06 2.6365e+06 2.55818e+06 2.13109e+06 1.97272e+06 1.95338e+06 1.6549e+06 1.8689e+06 2.28311e+06 1.23586e+06 1.23421e+06 1.10761e+06 921300 1.40114e+06 1.14138e+06 874144 809166 791394 763270 605913 556971 887134 528409 508004 419222
threshold=-2.5260227852348858 -306.0453134418662 178.88349567818881 6.5000000000000009 453.84172760229177 1.0000000180025095e-35 179.42312506055444 388.53928339268174 -586.99244650167623 -180.04355767309372 5.5000000000000009 73.280685895006187 16.500000000000004 -687.94944399818166 -667.73321297709469 266.77917360744601 12.500000000000002 2.5000000000000004 3.5000000000000004 0.37940952255126048 22.500000000000004 -321.57043196847729 0.60785761079279343 7.5000000000000009 0.93301270189221974 2.5000000000000004 113.94495578340106 4.5000000000000009 642.25057387380377
decision_type=2 2 2 2 2 2 2 2 2 2 2 2 2 2 2 2 2 2 2 2 2 2 2 2 2 2 2 2 2
left_child=1 5 10 22 6 16 -5 -6 23 13 24 12 -12 -3 -11 -16 18 -18 -1 -10 -13 -15 27 -7 26 -26 -2 -4 -24
right_child=2 9 3 4 7 8 -8 -9 19 14 11 20 -14 21 15 -17 17 -19 -20 -21 -22 -23 28 -25 25 -27 -28 -29 -30
leaf_value=-1.6474275089276804 -0.88510170704440072 1.3223103273831882 0.50399477855887964 5.359450402120749 10.751898685802114 -8.8156578427269352 2.8819999221895207 6.0333988272954553 -7.5889463538266293 2.6190568663279215 4.7260982819511774 -0.50406380251179572 1.1112446494535966 -4.4998871471374988 -1.3159211266641095 -3.8374188959757487 -7.54486834455939 -2.3560512717564901 -4.9169738418276951 -4.381743363987316 1.4700149914668157 -2.6363866462094867 2.5003932372383448 -13.565162076083098 -5.4616412187659229 0.035083038012186686 1.3057057799062421 2.5879704256057741 5.5733953691664189
leaf_weight=74 152 26 167 240 55 21 546 126 89 30 105 230 209 127 983 75 68 30 101 55 130 323 115 22 23 24 62 65 21
leaf_count=74 152 26 167 240 55 21 546 126 89 30 105 230 209 127 983 75 68 30 101 55 130 323 115 22 23 24 62 65 21
internal_value=-1.51163e-10 -2.71427 2.42012 3.64672 4.35512 -5.65702 3.63847 7.4672 -7.48649 -1.84875 0.66877 1.19237 2.32003 -2.91735 -1.38124 -1.49467 -4.40387 -5.95645 -3.53442 -6.36397 0.208798 -3.16231 1.78525 -11.2456 -0.683362 -2.6548 -0.250382 1.08787 2.9749
internal_weight=4294 2024 2270 1335 967 460 786 181 187 1564 935 674 314 476 1088 1058 273 98 175 144 360 450 368 43 261 47 214 232 136
internal_count=4294 2024 2270 1335 967 460 786 181 187 1564 935 674 314 476 1088 1058 273 98 175 144 360 450 368 43 261 47 214 232 136
is_linear=0
shrinkage=0.02


Tree=26
num_leaves=29
num_cat=0
split_feature=19 19 19 5 19 11 19 19 17 17 16 19 2 17 15 5 12 18 17 12 3 17 7 18 17 18 11 19
split_gain=6.7809e+07 1.49311e+07 8.44121e+06 4.08196e+06 3.61759e+06 2.91951e+06 2.78771e+06 2.15388e+06 1.77285e+06 1.75209e+06 1.73051e+06 1.70384e+06 1.55012e+06 1.53519e+06 1.33791e+06 1.21328e+06 1.06577e+06 1.02338e+06 1.00659e+06 970484 894395 886663 867763 829585 712992 748965 686046 411143
threshold=41.325490731441384 -230.69929969012128 332.62100803312711 -0.70710678118654735 -542.10968690214997 0.6078576107927941 137.77391523200794 -68.227113899333162 97.836521269262462 176.03346172563582 1.0000000180025095e-35 615.55805022244783 5.5000000000000009 758.01603960154364 1.0000000180025095e-35 0.25881904510252091 -0.22252093395631442 -360.46110263880649 428.15979384443023 1.0000000180025095e-35 6.5000000000000009 554.17778361391913 -1.0000000180025095e-35 -268.79396987588547 -541.26512763168273 102.29841606455376 1.0000000180025095e-35 445.38818125171605
decision_type=2 2 2 2 2 2 2 2 2 2 2 2 2 2 2 2 2 2 2 2 2 2 2 2 2 2 2 2
left_child=1 4 6 5 10 20 18 9 12 15 26 13 -8 -5 23 -3 -11 -16 19 -2 -4 -10 -13 -6 -9 -26 -1 -7
right_child=2 7 3 11 14 27 8 24 21 16 -12 22 -14 -15 17 -17 -18 -19 -20 -21 -22 -23 -24 -25 25 -27 -28 -29
leaf_value=-7.4204061833134407 1.7835783946410471 -2.2704076164799099 7.770732866959138 3.5239120604769392 -5.2051730660989257 9.5467650763193763 4.6218393444982402 2.9835959608658498 2.2564679033328949 -7.2070377164273651 -3.7714679851602106 8.5077131522329221 0.22558562090522366 -0.79987766371832947 -0.97218548479676248 -0.6484104824701945 -2.748237805553511 -5.719301058836658 -2.4772255774033374 -0.06596332579851151 4.1005102617349198 0.17287376092404735 4.4235841732439791 -2.7774792926802356 -1.0927457647935479 0.23397371031862477 -10.688768405233111 13.211551196289063
leaf_weight=54 230 479 44 375 71 24 206 23 491 37 34 38 38 36 20 300 51 198 39 224 67 98 46 272 452 273 49 25
leaf_count=54 230 479 44 375 71 24 206 23 491 37 34 38 38 36 20 300 51 198 39 224 67 98 46 272 452 273 49 25
internal_value=1.32839e-09 -2.32593 2.71574 4.57329 -4.77018 7.35036 1.79817 -1.26953 2.50365 -1.94795 -7.68381 3.67566 3.93718 3.14519 -4.05866 -1.64576 -4.62296 -5.28379 0.606157 0.871029 5.55537 1.90979 6.27117 -3.28 -0.483187 -0.593167 -8.97526 11.4166
internal_weight=4294 2313 1981 655 698 160 1326 1615 833 867 137 495 244 411 561 779 88 218 493 454 111 589 84 343 748 725 103 49
internal_count=4294 2313 1981 655 698 160 1326 1615 833 867 137 495 244 411 561 779 88 218 493 454 111 589 84 343 748 725 103 49
is_linear=0
shrinkage=0.02


Tree=27
num_leaves=29
num_cat=0
split_feature=19 19 19 0 19 19 19 19 17 17 0 16 17 17 17 2 0 17 0 0 19 17 1 17 17 18 18 1
split_gain=6.51238e+07 1.43891e+07 8.10694e+06 4.42881e+06 2.75486e+06 2.72726e+06 2.67732e+06 1.94788e+06 2.27337e+06 1.70265e+06 2.33161e+06 1.66199e+06 1.33206e+06 1.33079e+06 1.15856e+06 1.15769e+06 1.08376e+06 1.05655e+06 980968 958419 882557 871491 905141 851551 718669 701306 685806 658878
threshold=41.325490731441384 -266.87097326691656 332.62100803312711 7.5000000000000009 -542.10968690214997 -82.672535069615449 137.77391523200794 594.00592173111261 292.73596942761839 97.836521269262462 6.5000000000000009 1.0000000180025095e-35 -599.42696923731899 -379.74547426893145 444.96680238777577 2.5000000000000004 11.500000000000002 266.77917360744601 5.5000000000000009 15.500000000000002 672.35637670324672 -541.26512763168273 4.5000000000000009 554.17778361391913 403.14672548601089 247.07506041964919 336.35070155179716 3.5000000000000004
decision_type=2 2 2 2 2 2 2 2 2 2 2 2 2 2 2 2 2 2 2 2 2 2 2 2 2 2 2 2
left_child=1 4 6 20 11 12 18 8 -5 10 -8 27 19 16 -9 -15 -6 -14 25 -3 26 -7 -23 -11 -20 -2 -4 -1
right_child=2 5 3 7 13 21 9 14 -10 23 -12 -13 17 15 -16 -17 -18 -19 24 -21 -22 22 -24 -25 -26 -27 -28 -29
leaf_value=-10.474992875663602 -0.005968045765161514 3.4077726998822442 2.3563825796544551 7.3453149043468011 -1.4658610432891437 2.8640861215262579 0.95166309105722535 12.531621767055421 3.8862521425882979 2.2113385373572467 5.1734007946082521 -3.6960386020996991 -2.1442933229834766 -7.0214876739795384 7.0734524606068936 -4.1692380158524767 -4.553274280087332 -5.2899727978176543 1.4552022394341735 -2.1280522832003506 5.6601914570066665 -0.302254248421438 -1.9300452193346891 0.16941630908421107 -1.4209261390337578 -3.295367147718157 -0.65143809685835963 -7.2719980480052815
leaf_weight=49 100 29 168 114 93 29 76 21 228 491 168 34 839 91 60 152 89 45 319 22 27 611 176 98 39 35 37 54
leaf_count=49 100 29 168 114 93 29 76 21 228 491 168 34 839 91 60 152 89 45 319 22 27 611 176 98 39 35 37 54
internal_value=-2.58596e-09 -2.27941 2.66143 4.48183 -5.06383 -1.38573 1.76221 5.69977 5.03927 2.45357 3.85843 -7.53013 -2.1231 -4.26881 8.48853 -5.23736 -2.97564 -2.30442 0.594034 1.01977 2.26118 -0.540817 -0.666284 1.8716 1.14188 -0.858775 1.81351 -8.79575
internal_weight=4294 2313 1981 655 562 1751 1326 423 342 833 244 137 935 425 81 243 182 884 493 51 232 816 787 589 358 135 205 103
internal_count=4294 2313 1981 655 562 1751 1326 423 342 833 244 137 935 425 81 243 182 884 493 51 232 816 787 589 358 135 205 103
is_linear=0
shrinkage=0.02


Tree=28
num_leaves=29
num_cat=0
split_feature=19 19 19 0 19 17 15 1 18 17 19 19 0 17 3 18 8 6 18 15 18 17 18 2 3 18 0 19
split_gain=6.26158e+07 1.14893e+07 1.07982e+07 4.07395e+06 4.8673e+06 2.40937e+06 2.39893e+06 2.07224e+06 1.93831e+06 1.83909e+06 2.02727e+06 1.76365e+06 1.54954e+06 1.76474e+06 2.16416e+06 1.36659e+06 1.08073e+06 838638 804345 717409 1.25593e+06 637707 581962 931814 562514 463246 355591 245975
threshold=-2.5260227852348858 -306.0453134418662 178.88349567818881 5.5000000000000009 390.91949340453493 562.47981125899889 1.0000000180025095e-35 4.5000000000000009 -298.20111673718469 -770.08666147615065 -166.19797017621275 -586.99244650167623 5.5000000000000009 73.280685895006187 16.500000000000004 226.27789787403984 -0.49999999999999944 0.37940952255126048 377.5034061797524 0.60785761079279343 341.08239224282175 -439.4892440952089 -378.32752122245978 3.5000000000000004 7.5000000000000009 -277.90304084677058 14.500000000000002 -408.29724901443541
decision_type=2 2 2 2 2 2 2 2 2 2 2 2 2 2 2 2 2 2 2 2 2 2 2 2 2 2 2 2
left_child=1 6 12 19 5 -5 8 -6 27 26 16 24 22 14 -14 -12 -11 -13 -15 20 -4 -10 -2 -24 -8 -21 -3 -1
right_child=2 9 3 4 7 -7 11 -9 21 10 15 17 13 18 -16 -17 -18 -19 -20 25 -22 -23 23 -25 -26 -27 -28 -29
leaf_value=-8.5020050441517547 1.6116666673359117 4.2571549025036042 1.274105235947804 3.6432358182152269 6.9976989418783306 0.46976167063964042 -8.2943336414155517 3.0479232772658857 -2.3301971996121291 -1.6790147751569748 -1.8056762812686993 -7.2197653032152846 4.5772446610700523 0.6681007949218416 1.0578196257837651 -0.18773486887281007 -3.5704655194136263 -4.0783735528425735 -1.659719078763326 -0.077395452499389658 -3.7943656334551901 -4.5248887938837852 -3.1262883461373194 -0.25473529475927353 -12.870584161931818 3.2685139404237269 0.5308970556259156 -5.8240100788033526
leaf_weight=34 38 21 176 596 243 114 21 68 123 192 709 89 105 285 209 296 326 55 75 20 22 93 63 160 22 96 20 23
leaf_count=34 38 21 176 596 243 114 21 68 123 192 709 89 105 285 209 296 326 55 75 20 22 93 63 160 22 96 20 23
internal_value=-4.87264e-09 -2.55769 2.28052 3.43492 4.04762 3.13369 -5.3362 6.13408 -4.14084 -1.74048 -1.85301 -7.0813 0.632251 1.13891 2.2347 -1.32915 -2.86939 -6.01993 0.183138 1.44266 0.710942 -3.27513 -0.676132 -1.06598 -10.6357 2.69163 2.43947 -7.42141
internal_weight=4294 2024 2270 1335 1021 710 460 311 273 1564 1523 187 935 674 314 1005 518 144 360 314 198 216 261 223 43 116 41 57
internal_count=4294 2024 2270 1335 1021 710 460 311 273 1564 1523 187 935 674 314 1005 518 144 360 314 198 216 261 223 43 116 41 57
is_linear=0
shrinkage=0.02


Tree=29
num_leaves=31
num_cat=0
split_feature=19 19 19 5 19 19 16 11 19 5 19 18 7 3 3 7 6 16 5 7 9 1 6 18 3 19 7 18 18 9
split_gain=6.01675e+07 1.32968e+07 7.53348e+06 3.97855e+06 3.37603e+06 2.79861e+06 2.73891e+06 2.6185e+06 1.87222e+06 1.47659e+06 1.38445e+06 1.28326e+06 1.24864e+06 1.08638e+06 1.08623e+06 1.07866e+06 956882 923599 1.13282e+06 1.11916e+06 817050 671642 667439 659048 634793 624746 592095 553676 812125 536536
threshold=41.325490731441384 -227.80900050960278 359.08424913299456 -0.5 -460.53714058947395 137.77391523200794 1.0000000180025095e-35 0.6078576107927941 -47.629681824463653 -1.0000000180025095e-35 615.55805022244783 232.74325064207281 -0.68301270189221974 6.5000000000000009 16.500000000000004 0.93301270189221974 0.25881904510252057 -0.22252093395631442 0.60355339059327384 0.49999999999999994 -3.6739403974420589e-16 3.5000000000000004 0.25881904510252057 308.98567762854196 3.5000000000000004 -414.55247964177227 -1.0000000180025095e-35 674.84208568153747 130.86455706573909 1.3780371393590666e-15
decision_type=2 2 2 2 2 2 2 2 2 2 2 2 2 2 2 2 2 2 2 2 2 2 2 2 2 2 2 2 2 2
left_child=1 4 5 7 6 17 21 13 11 -8 15 22 14 -4 -7 -5 -14 19 -19 -2 25 -1 -3 -9 -22 -6 -12 28 -10 -13
right_child=2 8 3 10 20 12 9 23 27 -11 26 29 16 -15 -16 -17 -18 18 -20 -21 24 -23 -24 -25 -26 -27 -28 -29 -30 -31
leaf_value=-9.6727136668874252 0.48766402368972961 -1.697966862893461 7.5476199500414793 3.076108270892199 -7.4367865547767051 4.7382354726018132 -7.4144663877072539 8.8397730693817138 -0.70043571592188203 -1.1612065873227335 7.7895018297253227 -1.4468785960253547 2.5456370867334126 3.6760740354027548 2.0066238777836167 -1.6259335844786396 0.98548345928349779 1.9778644388877191 -1.1400282206777799 -2.7381982456843059 -6.1777819850228051 -6.8809941686710845 -3.004491158899139 13.215132853190106 -2.6471982410604307 -4.1280351501639512 4.2095707988739015 -3.4639229722456499 0.88441669596674655 0.21859658179148825
leaf_weight=67 152 368 49 276 26 148 23 40 441 44 33 170 449 71 96 21 242 222 59 60 22 71 272 21 275 187 42 22 183 142
leaf_count=67 152 368 49 276 26 148 23 40 441 44 33 170 449 71 96 21 242 222 59 60 22 71 272 21 275 187 42 22 183 142
internal_value=3.87772e-09 -2.19096 2.55815 4.54007 -4.45796 1.79064 -6.6256 6.97206 -1.17663 -3.30785 3.35677 -1.74055 2.43355 5.25696 3.6635 2.74364 1.99924 0.571313 1.32322 -0.425316 -3.58665 -8.23639 -2.25324 10.346 -2.90872 -4.53192 5.78474 -0.345589 -0.235647 -0.688874
internal_weight=4294 2313 1981 553 715 1428 205 181 1598 67 372 952 935 120 244 297 691 493 281 212 510 138 640 61 297 213 75 646 624 312
internal_count=4294 2313 1981 553 715 1428 205 181 1598 67 372 952 935 120 244 297 691 493 281 212 510 138 640 61 297 213 75 646 624 312
is_linear=0
shrinkage=0.02


Tree=30
num_leaves=29
num_cat=0
split_feature=19 19 19 0 19 17 15 18 18 17 19 19 0 18 17 0 8 16 6 15 18 0 18 17 1 18 0 19
split_gain=5.77882e+07 1.06139e+07 9.97779e+06 3.9797e+06 5.02429e+06 3.13059e+06 2.24096e+06 2.01743e+06 1.84767e+06 1.77476e+06 1.88293e+06 1.63934e+06 1.33579e+06 1.27772e+06 1.21808e+06 1.59637e+06 1.03091e+06 895961 798156 769049 747885 707518 776043 611725 564213 435041 339975 227623
threshold=-2.5260227852348858 -306.0453134418662 137.77391523200794 5.5000000000000009 390.91949340453493 84.93267331108656 1.0000000180025095e-35 596.84090109343026 -298.20111673718469 -770.08666147615065 -166.19797017621275 -647.72974158269142 5.5000000000000009 226.27789787403984 73.280685895006187 14.500000000000002 -0.49999999999999944 -0.22252093395631442 0.37940952255126048 0.60785761079279343 341.08239224282175 2.5000000000000004 144.94310565397657 -439.4892440952089 2.5000000000000004 -277.90304084677058 14.500000000000002 -408.29724901443541
decision_type=2 2 2 2 2 2 2 2 2 2 2 2 2 2 2 2 2 2 2 2 2 2 2 2 2 2 2 2
left_child=1 6 12 19 5 -5 8 -6 27 26 16 -8 21 -12 15 -14 -11 -16 -13 20 -4 22 -2 -10 -23 -21 -3 -1
right_child=2 9 3 4 7 -7 11 -9 23 10 13 18 14 -15 17 -17 -18 -19 -20 25 -22 24 -24 -25 -26 -27 -28 -29
leaf_value=-8.214797339719885 1.7239585250919149 4.2118584460303898 1.0418065608745557 5.2339873450763985 5.3434440520084161 2.2538572051719439 -10.935654568672181 10.573787449923429 -2.2016390615943973 -1.5991194721466551 -1.7381056193437832 -7.1040640043961378 3.3090932416746801 -0.17365532691414293 -1.309116866624515 0.29953670133935645 -3.4464529327024351 0.95517682210654975 -4.1575928665796917 -0.10349077606201172 -2.5550369970615097 -3.5796736929551614 -1.7207364090452801 -4.3511562492001437 -0.72497062041841698 3.1199071219360945 0.56834393692016605 -5.6386388372338336
leaf_weight=34 59 21 209 181 278 638 32 33 123 192 709 95 141 296 126 141 326 157 60 20 26 53 47 93 58 103 20 23
leaf_count=34 59 21 209 181 278 638 32 33 123 192 709 95 141 296 126 141 326 157 60 20 26 53 47 93 58 103 20 23
internal_value=-5.30294e-09 -2.45712 2.19084 3.15209 3.73427 2.91247 -5.12768 5.89843 -3.97235 -1.67166 -1.7822 -6.81435 0.361763 -1.27733 0.874037 1.80431 -2.76173 -0.0529539 -5.96349 1.31449 0.643858 -0.972037 0.196594 -3.12713 -2.08803 2.59578 2.43453 -7.17529
internal_weight=4294 2024 2270 1488 1130 819 460 311 273 1564 1523 187 782 1005 565 282 518 283 155 358 235 217 106 216 111 123 41 57
internal_count=4294 2024 2270 1488 1130 819 460 311 273 1564 1523 187 782 1005 565 282 518 283 155 358 235 217 106 216 111 123 41 57
is_linear=0
shrinkage=0.02


Tree=31
num_leaves=30
num_cat=0
split_feature=19 19 19 0 19 16 19 19 19 0 8 6 18 18 12 14 0 16 8 7 18 16 1 15 18 6 1 18 18
split_gain=5.55246e+07 1.23002e+07 7.01818e+06 3.85753e+06 3.15658e+06 2.59084e+06 2.24465e+06 1.7499e+06 1.72895e+06 1.49117e+06 1.36936e+06 1.20351e+06 1.49582e+06 1.1948e+06 1.17894e+06 1.04899e+06 875025 866803 1.13121e+06 1.06504e+06 827321 771175 742375 735242 677851 636621 611875 534993 764980
threshold=41.325490731441384 -227.80900050960278 332.62100803312711 7.5000000000000009 -460.53714058947395 1.0000000180025095e-35 137.77391523200794 -47.629681824463653 594.00592173111261 11.500000000000002 1.0000000180025095e-35 0.60355339059327384 556.96774948915856 466.1385296051231 -0.56174490092936669 -0.22252093395631453 3.5000000000000004 -0.22252093395631442 6.2778622972216563e-16 0.49999999999999994 -512.50054597741916 -0.22252093395631442 3.5000000000000004 1.0000000180025095e-35 215.41219165226178 -0.70710678118654757 3.5000000000000004 674.84208568153747 130.86455706573909
decision_type=2 2 2 2 2 2 2 2 2 2 2 2 2 2 2 2 2 2 2 2 2 2 2 2 2 2 2 2 2
left_child=1 4 6 20 5 26 17 10 13 -7 24 12 -8 -5 -12 -13 21 19 -19 -2 -4 -6 -22 -18 -3 -10 -1 28 -9
right_child=2 7 3 8 16 9 11 27 25 -11 14 15 -14 -15 -16 -17 23 18 -20 -21 22 -23 -24 -25 -26 -27 -28 -29 -30
leaf_value=-9.3186972080059913 0.47631301487746991 -1.5076820526356007 -1.2121812749792029 4.2793121382333696 -4.2567443508368275 -0.92520447913990467 2.9393351030165387 -0.66874198113439309 5.4077635535487421 -7.1480813185373941 -4.2924680047716413 2.5048849130880955 -1.5020391048491002 8.282945516181714 -1.8996212810699229 -0.27629929622014365 -3.1286933851603305 0.0061142565820898331 2.5440515204355227 -2.6705909045537313 3.7454562314033506 -0.01014251527786255 1.3376370238917215 -4.8151053258110492 0.058437827041794579 9.1690311422171416 -6.6540826915687239 -3.3909874690662729 0.86942184100385578
leaf_weight=67 152 284 27 309 26 43 582 441 27 24 105 99 32 33 382 120 264 140 141 60 100 50 105 170 181 54 71 22 183
leaf_count=67 152 284 27 309 26 43 582 441 27 24 105 99 32 33 382 120 264 140 141 60 100 50 105 170 181 54 71 22 183
internal_value=-3.05595e-09 -2.10473 2.45746 4.15122 -4.28511 -6.38112 1.6208 -1.12915 5.2879 -3.15429 -1.67434 2.25385 2.70786 4.66563 -2.41553 0.980948 -3.4426 0.551179 1.2796 -0.41432 2.07874 -1.46293 2.51218 -3.78927 -0.898074 7.91528 -7.94777 -0.325716 -0.217646
internal_weight=4294 2313 1981 655 715 205 1326 1598 423 67 952 833 614 342 487 219 510 493 281 212 232 76 205 434 465 81 138 646 624
internal_count=4294 2313 1981 655 715 205 1326 1598 423 67 952 833 614 342 487 219 510 493 281 212 232 76 205 434 465 81 138 646 624
is_linear=0
shrinkage=0.02


Tree=32
num_leaves=28
num_cat=0
split_feature=19 19 19 19 19 16 17 17 19 3 18 7 17 12 17 1 19 1 7 17 2 6 1 2 7 18 18
split_gain=5.3332e+07 9.81588e+06 9.21481e+06 3.26685e+06 1.83433e+06 1.88096e+06 1.81463e+06 1.70677e+06 1.74335e+06 1.57671e+06 1.20459e+06 1.19716e+06 1.17302e+06 1.12249e+06 1.19133e+06 1.09372e+06 1.00039e+06 816122 813958 827751 638267 570437 511551 500397 433455 227613 174003
threshold=-2.5260227852348858 -306.0453134418662 178.88349567818881 594.00592173111261 -556.91981134073967 1.0000000180025095e-35 854.87358194833735 -770.08666147615065 -166.19797017621275 2.5000000000000004 226.27789787403984 -0.68301270189221974 -379.74547426893145 1.0000000180025095e-35 345.07166361678861 1.0000000180025095e-35 124.72049764426312 1.0000000180025095e-35 0.93301270189221974 -298.20111673718469 2.5000000000000004 0.78656609248549303 3.5000000000000004 3.5000000000000004 2.4492935982947069e-16 105.52342270820647 55.831551971429242
decision_type=2 2 2 2 2 2 2 2 2 2 2 2 2 2 2 2 2 2 2 2 2 2 2 2 2 2 2
left_child=1 4 13 6 5 22 9 25 17 -4 -10 -5 15 14 16 -6 -2 -9 19 -15 -14 -13 -1 -16 -8 -3 -20
right_child=2 7 3 11 12 -7 24 8 10 -11 -12 21 20 18 23 -17 -18 -19 26 -21 -22 -23 -24 -25 -26 -27 -28
leaf_value=-10.027947352209758 1.1536549920973209 3.9486147537231444 5.9268063430509708 9.6306146732453382 0.91018457489013671 -2.5157313185078758 -3.2934462647210982 -1.1359303614255545 -1.6751262791620829 2.8098703233817544 -0.15610868841409684 6.0195036838876286 -6.5449950722385859 2.8935695746006109 -2.8542174000210232 -3.6439486640294394 3.6126341154517196 -3.0706304929516661 -4.1859765273332599 -0.17145899413387633 -4.1594026870727543 2.5129252183914184 -7.0388775977309868 0.67593740134403624 0.82060169792175286 0.96738298597789951 -1.5477726936340332
leaf_weight=43 343 20 69 31 25 28 21 111 709 1097 296 72 85 39 36 135 82 407 20 366 95 25 49 29 20 21 20
leaf_count=43 343 20 69 31 25 28 21 111 709 1097 296 72 85 39 36 135 82 407 20 366 95 25 49 29 20 21 20
internal_value=-7.40664e-10 -2.36048 2.10468 3.17109 -4.92868 -7.05456 2.8489 -1.60513 -1.71353 2.99432 -1.22773 6.20919 -4.17837 0.582043 1.24243 -2.93237 1.62809 -2.65605 -0.145123 0.123692 -5.28593 5.11575 -8.43594 -1.27923 -1.28659 2.42164 -2.86687
internal_weight=4294 2024 2270 1335 460 120 1207 1564 1523 1166 1005 128 340 935 490 160 425 518 445 405 180 97 92 65 41 41 40
internal_count=4294 2024 2270 1335 460 120 1207 1564 1523 1166 1005 128 340 935 490 160 425 518 445 405 180 97 92 65 41 41 40
is_linear=0
shrinkage=0.02


Tree=33
num_leaves=28
num_cat=0
split_feature=19 19 19 0 2 15 0 17 3 17 11 19 17 11 0 17 19 11 19 19 2 17 1 1 3 12 17
split_gain=5.12673e+07 1.13714e+07 6.55715e+06 3.6851e+06 2.86966e+06 2.41077e+06 2.17349e+06 2.1994e+06 3.35879e+06 1.84677e+06 1.89761e+06 1.68859e+06 1.51785e+06 1.46886e+06 1.39053e+06 1.31963e+06 1.21766e+06 1.19357e+06 1.15128e+06 769652 615335 527624 499200 484475 446040 348607 339337
threshold=41.325490731441384 -230.69929969012128 332.62100803312711 7.5000000000000009 2.5000000000000004 0.87837969732492616 5.5000000000000009 6.5229110117365972 15.500000000000002 362.78969223230348 0.87837969732492682 -47.629681824463653 266.77917360744601 -0.8783796973249266 3.5000000000000004 -667.73321297709469 594.00592173111261 1.0000000180025095e-35 155.41561323738196 672.35637670324672 4.5000000000000009 362.78969223230348 3.5000000000000004 4.5000000000000009 24.500000000000004 -0.22252093395631442 -160.44382504733218
decision_type=2 2 2 2 2 2 2 2 2 2 2 2 2 2 2 2 2 2 2 2 2 2 2 2 2 2 2
left_child=1 4 6 19 5 14 13 8 -8 10 -5 12 15 -2 -1 -3 -11 22 -9 20 -4 23 -6 -13 -15 -14 -19
right_child=2 11 3 9 17 -7 7 18 -10 16 -12 21 25 24 -16 -17 -18 26 -20 -21 -22 -23 -24 -25 -26 -27 -28
leaf_value=-1.8622861396182668 4.0906398310805807 2.2161435056987564 1.0153558112527385 5.9088967488468551 -0.28073856809864878 -11.729784952799481 6.5042156706434309 0.44962577005154097 1.5814452535387071 3.2743982150982589 12.113921021171238 0.11190720159474893 -6.646776959796747 -0.074131675673882486 -5.7470582725928221 -1.5909659372319493 6.3996836390424132 -5.0333214103395694 2.0595223845622339 5.1470779337706389 3.7803282696306706 -3.0996308091970595 -2.6004097730418043 -1.2218724373891845 -2.5174604595408723 -3.4580949755012989 -3.1336358504459776
leaf_weight=44 33 38 165 138 46 24 99 271 126 195 23 479 24 247 227 875 67 107 516 27 40 26 192 141 34 32 58
leaf_count=44 33 38 165 138 46 24 99 271 126 195 23 479 24 247 227 875 67 107 516 27 40 26 192 141 34 32 58
internal_value=-3.29026e-09 -2.02243 2.36137 3.99855 -4.15551 -5.65436 1.55266 2.0037 3.74746 5.10954 6.79533 -1.10052 -1.62855 0.099003 -5.11632 -1.43251 4.07361 -3.05833 1.50516 1.97292 1.55486 -0.308469 -2.15207 -0.19142 -0.369766 -4.82467 -4.36555
internal_weight=4294 2313 1981 655 698 295 1326 1012 225 423 161 1615 969 314 271 913 262 403 787 232 205 646 238 620 281 56 165
internal_count=4294 2313 1981 655 698 295 1326 1012 225 423 161 1615 969 314 271 913 262 403 787 232 205 646 238 620 281 56 165
is_linear=0
shrinkage=0.02


Tree=34
num_leaves=30
num_cat=0
split_feature=19 19 19 0 19 15 19 17 18 19 17 0 19 17 0 17 17 16 18 15 0 17 18 9 17 0 0 19 13
split_gain=4.92435e+07 9.49787e+06 7.9376e+06 3.80027e+06 2.47482e+06 1.98624e+06 1.9817e+06 1.94029e+06 1.72792e+06 1.6732e+06 1.59328e+06 1.42986e+06 1.42044e+06 1.21953e+06 1.90041e+06 1.21447e+06 1.09437e+06 1.04032e+06 952186 917790 804469 740684 589462 569848 569387 566512 381271 206578 165963
threshold=6.8205104175419073 -306.0453134418662 302.76899904413597 7.5000000000000009 137.77391523200794 1.0000000180025095e-35 471.84115678038359 388.53928339268174 -298.20111673718469 -96.08272098044921 292.73596942761839 5.5000000000000009 -647.72974158269142 97.836521269262462 5.5000000000000009 -687.94944399818166 262.43065272787049 -0.22252093395631442 -339.74012505663262 -0.8783796973249266 2.5000000000000004 296.21833047910565 172.25135826968111 -0.70710678118654735 -439.4892440952089 17.500000000000004 9.5000000000000018 -408.29724901443541 -1.0000000180025095e-35
decision_type=2 2 2 2 2 2 2 2 2 2 2 2 2 2 2 2 2 2 2 2 2 2 2 2 2 2 2 2 2
left_child=1 5 4 18 11 8 10 -8 27 15 -5 20 -7 14 -6 -3 -17 -13 28 -20 -2 23 -15 -11 -10 -14 -23 -1 -4
right_child=2 9 3 6 13 12 7 -9 24 21 -12 17 25 22 -16 16 -18 -19 19 -21 -22 26 -24 -25 -26 -27 -28 -29 -30
leaf_value=-7.7356729238173552 0.19838495671749115 1.5419769188520069 0.94554764793032686 5.6924741395783016 0.38882082984561012 -10.159865274429322 10.257415358077649 5.1993274944268384 -1.9377062805620879 -1.6196307721899614 2.9465485395446733 -0.19837538521079456 -6.3292098949573656 1.9414075929044665 4.528125902048747 -1.9983282642098399 -5.1953937589857313 1.6326180469651328 -0.75950154158376881 2.9807302506137314 -2.3841243431248618 -5.0284730945933953 0.43771611226571572 -0.18161553730355934 -4.011505036610429 -3.6987018972762087 -1.4815513806872898 -5.2814954459148913 -1.2698939463966772
leaf_weight=34 96 37 21 132 63 32 43 103 123 144 235 204 108 353 150 887 45 317 31 171 97 22 148 470 93 47 27 23 38
leaf_count=34 96 37 21 132 63 32 43 103 123 144 235 204 108 353 150 887 45 317 31 171 97 22 148 470 93 47 27 23 38
internal_value=1.3571e-09 -2.19736 2.08759 3.71861 1.20355 -4.73566 4.71822 6.68904 -3.64797 -1.48191 3.93418 0.370947 -6.32358 2.03615 3.30382 -2.01162 -2.15269 0.915684 1.75387 2.40673 -1.09956 -0.707714 1.4972 -0.51887 -2.83059 -5.53157 -3.07405 -6.74539 -0.481347
internal_weight=4294 2092 2202 774 1428 460 513 146 273 1632 367 714 187 714 213 969 932 521 261 202 193 663 501 614 216 155 49 57 59
internal_count=4294 2092 2202 774 1428 460 513 146 273 1632 367 714 187 714 213 969 932 521 261 202 193 663 501 614 216 155 49 57 59
is_linear=0
shrinkage=0.02


Tree=35
num_leaves=30
num_cat=0
split_feature=19 19 19 0 19 17 4 17 19 16 0 19 0 6 17 17 0 0 15 16 15 0 17 6 17 11 0 19 3
split_gain=4.73106e+07 8.71788e+06 8.18786e+06 3.42877e+06 4.29689e+06 2.84836e+06 1.88149e+06 1.83418e+06 1.99129e+06 1.60233e+06 2.16367e+06 1.78311e+06 1.19871e+06 1.19686e+06 1.15473e+06 1.11138e+06 1.51776e+06 954564 877304 805124 679194 626426 654463 563658 486715 462126 396178 261201 244735
threshold=-2.5260227852348858 -346.42898471795763 137.77391523200794 5.5000000000000009 390.91949340453493 6.5229110117365972 1.0000000180025095e-35 -770.08666147615065 -166.19797017621275 1.0000000180025095e-35 14.500000000000002 -460.53714058947395 5.5000000000000009 -0.5 -410.04134593302928 73.280685895006187 14.500000000000002 20.500000000000004 1.0000000180025095e-35 -0.22252093395631442 0.60785761079279343 2.5000000000000004 274.16508172154778 0.60355339059327384 533.50568768334244 -1.0000000180025095e-35 14.500000000000002 -414.55247964177227 13.500000000000002
decision_type=2 2 2 2 2 2 2 2 2 2 2 2 2 2 2 2 2 2 2 2 2 2 2 2 2 2 2 2 2
left_child=1 9 12 20 5 -5 -6 26 18 11 14 23 21 -13 -11 16 -14 -10 -9 -17 24 22 -2 -1 -4 -23 -3 -12 -22
right_child=2 7 3 4 6 -7 -8 8 17 10 27 13 15 -15 -16 19 -18 -19 -20 -21 28 25 -24 -25 -26 -27 -28 -29 -30
leaf_value=-8.2995801396523756 1.1949286262409107 4.3458543465354227 0.81696778834990735 5.6278865708437831 6.2177481331844877 2.1688934714030816 2.4541426723143633 -2.0371068101656693 -0.91665062978574863 -0.43214555806235261 -8.1803187758834266 -6.5188967602069559 3.1665258003126646 -1.9385051056471738 -4.8224209366525921 -1.265575416920677 0.2320102505861445 -2.76553909804672 -3.6515638716356449 0.88086797864383959 1.5880370326382174 -0.36539424984954122 -2.2282904505729677 -5.5729296864138709 -2.2461896189658539 -3.0144004576346455 0.55026927243579515 -5.2445489918101922 3.3939630216818593
leaf_weight=93 74 22 212 110 243 709 68 372 877 76 27 39 141 55 35 126 141 128 211 157 71 43 32 45 23 68 22 22 52
leaf_count=93 74 22 212 110 243 709 68 372 877 76 27 39 141 55 35 126 141 128 211 157 71 43 32 45 23 68 22 22 52
internal_value=-4.43887e-09 -2.22324 1.98231 2.85308 3.39346 2.63347 5.39484 -1.57994 -1.69155 -4.90146 -3.36173 -5.96335 0.325391 -3.83888 -1.81647 0.810668 1.69927 -1.15213 -2.62141 -0.0747923 1.14741 -0.938119 0.161504 -7.41045 0.517169 -1.98821 2.44806 -6.86222 2.35152
internal_weight=4294 2024 2270 1488 1130 819 311 1632 1588 392 160 232 782 94 111 565 282 1005 583 283 358 217 106 138 235 111 44 49 123
internal_count=4294 2024 2270 1488 1130 819 311 1632 1588 392 160 232 782 94 111 565 282 1005 583 283 358 217 106 138 235 111 44 49 123
is_linear=0
shrinkage=0.02


Tree=36
num_leaves=30
num_cat=0
split_feature=19 19 19 0 2 11 15 0 3 19 8 0 2 8 11 11 19 15 3 0 8 1 3 6 1 1 11 11 9
split_gain=4.54654e+07 1.01619e+07 5.89361e+06 3.26446e+06 2.5979e+06 2.45038e+06 2.20772e+06 2.20337e+06 1.54049e+06 1.5052e+06 1.32089e+06 1.29055e+06 1.28226e+06 1.19049e+06 1.13072e+06 1.1103e+06 1.05354e+06 905683 665338 650912 595413 594243 552403 491676 1.61593e+06 466035 389865 367906 336839
threshold=41.325490731441384 -230.69929969012128 359.08424913299456 14.500000000000002 2.5000000000000004 0.6078576107927941 0.87837969732492616 5.5000000000000009 16.500000000000004 -47.629681824463653 1.0000000180025095e-35 3.5000000000000004 4.5000000000000009 0.50000000000000044 -0.8783796973249266 1.0000000180025095e-35 615.55805022244783 -0.60785761079279366 6.5000000000000009 5.5000000000000009 -0.49999999999999944 3.5000000000000004 6.5000000000000009 -0.60355339059327384 5.5000000000000009 3.5000000000000004 -0.8783796973249266 -0.8783796973249266 -1.0000000180025095e-35
decision_type=2 2 2 2 2 2 2 2 2 2 2 2 2 2 2 2 2 2 2 2 2 2 2 2 2 2 2 2 2
left_child=1 4 7 16 6 18 11 14 13 10 26 -1 -12 -9 -2 25 19 -10 -5 -4 -7 -18 -16 24 -11 -6 -3 -25 -17
right_child=2 9 3 5 15 20 -8 8 17 23 12 -13 -14 -15 22 28 21 -19 -20 -21 -22 -23 -24 27 -26 -27 -28 -29 -30
leaf_value=-1.6973646383935757 3.3910088338349995 -2.1924891395711188 1.1669579452615444 6.1129034201882098 -0.19489450392515764 11.050380197763443 -11.161059366861981 3.3241298469098717 2.5730303168296813 1.3537181812332524 -2.967437937388937 -5.4398769774849205 -0.79695935720278899 1.2932106497811109 1.2318471340230994 -5.1039113468318789 6.3709613494873043 0.71704187068113912 3.2553666751384736 3.1099361420968537 7.3248527898015201 2.4740139780441921 -0.75689432692109493 -2.5990378178187781 -4.2232285404205321 -2.4361845894902947 -0.54635138682290618 -0.4670687848357139 -3.2925869960134682
leaf_weight=44 38 67 123 55 46 32 24 390 144 155 332 227 162 164 74 77 45 390 80 157 37 24 228 35 24 192 408 432 88
leaf_count=44 38 67 123 55 46 32 24 390 144 155 332 227 162 164 74 77 45 390 80 157 37 24 228 35 24 192 408 432 88
internal_value=5.41564e-09 -1.90456 2.22375 3.97674 -3.92101 5.98662 -5.34712 1.54489 1.98406 -1.03305 -1.53158 -4.83224 -2.25566 2.72292 0.139539 -2.87708 2.80191 1.21753 4.41955 2.25641 9.05263 5.0155 -0.269587 -0.28525 0.605971 -2.00299 -0.778543 -0.626852 -4.13787
internal_weight=4294 2313 1981 553 698 204 295 1428 1088 1615 969 271 494 554 340 403 349 534 135 280 69 69 302 646 179 238 475 467 165
internal_count=4294 2313 1981 553 698 204 295 1428 1088 1615 969 271 494 554 340 403 349 534 135 280 69 69 302 646 179 238 475 467 165
is_linear=0
shrinkage=0.02


Tree=37
num_leaves=28
num_cat=0
split_feature=19 19 19 0 19 17 17 19 17 16 0 19 0 17 3 6 17 18 19 18 3 1 18 2 6 0 19
split_gain=4.3674e+07 8.0584e+06 7.61925e+06 3.07764e+06 3.48169e+06 2.03111e+06 1.76925e+06 1.84788e+06 1.74796e+06 1.51922e+06 2.05721e+06 1.6795e+06 1.19112e+06 1.51854e+06 1.91732e+06 1.15542e+06 1.10822e+06 1.03414e+06 817059 903844 755963 688131 557381 891125 529934 378227 247429
threshold=-2.5260227852348858 -346.42898471795763 178.88349567818881 7.5000000000000009 461.11944493152401 179.42312506055444 -770.08666147615065 -180.04355767309372 388.53928339268174 1.0000000180025095e-35 14.500000000000002 -460.53714058947395 5.5000000000000009 73.280685895006187 16.500000000000004 -0.60355339059327384 -410.04134593302928 232.74325064207281 672.35637670324672 336.35070155179716 22.500000000000004 1.0000000180025095e-35 -378.32752122245978 3.5000000000000004 0.60355339059327384 14.500000000000002 -414.55247964177227
decision_type=2 2 2 2 2 2 2 2 2 2 2 2 2 2 2 2 2 2 2 2 2 2 2 2 2 2 2
left_child=1 9 12 18 5 -5 25 21 -6 11 16 24 22 14 -14 -13 -11 -9 19 -4 -15 -8 -2 -24 -1 -3 -12
right_child=2 6 3 4 8 -7 7 17 -10 10 26 15 13 20 -16 -17 -18 -19 -20 -21 -22 -23 23 -25 -26 -27 -28
leaf_value=-8.0115496621080631 1.6118837798269172 4.2927692083878952 1.5854012766813481 4.5468511677628571 9.3252853268623355 2.2846026945294757 -1.1373776685957815 -1.5597747036679588 4.7955986393431083 -0.34882304495298549 -7.9079147960521565 -6.6287607125674981 4.1856543876145569 -0.61136378863065144 0.87301367104053496 -2.0140086066722871 -4.649770727157593 -0.20323975417078285 4.8305735778808598 -1.3689534221304223 1.2967138850872335 -2.9709018576260076 -3.0234243571569053 -0.21526737889647485 -5.3677235338422991 0.58417134805159143 -5.0505857727744363
leaf_weight=93 38 22 349 227 50 528 102 750 107 76 27 34 105 230 209 60 35 321 27 47 130 415 63 160 45 22 22
leaf_count=93 38 22 349 227 50 528 102 750 107 76 27 34 105 230 209 60 35 321 27 47 130 415 63 160 45 22 22
internal_value=-2.63024e-09 -2.13608 1.9046 2.8743 3.52829 2.96478 -1.5176 -1.62721 6.23817 -4.71102 -3.21174 -5.745 0.520049 0.964262 1.98074 -3.68317 -1.70498 -1.15319 1.46428 1.23476 0.0776643 -2.60916 -0.627076 -1.0086 -7.14943 2.43847 -6.62503
internal_weight=4294 2024 2270 1335 912 755 1632 1588 157 392 160 232 935 674 314 94 111 1071 423 396 360 517 261 223 138 44 49
internal_count=4294 2024 2270 1335 912 755 1632 1588 157 392 160 232 935 674 314 94 111 1071 423 396 360 517 261 223 138 44 49
is_linear=0
shrinkage=0.02


Tree=38
num_leaves=30
num_cat=0
split_feature=19 19 19 0 3 15 0 19 19 3 7 11 8 0 12 11 13 15 11 19 3 6 11 3 1 6 3 11 9
split_gain=4.20139e+07 9.3804e+06 5.51097e+06 3.07155e+06 2.431e+06 2.08149e+06 1.78094e+06 1.40054e+06 1.38555e+06 1.36349e+06 1.70828e+06 1.3098e+06 1.24553e+06 1.21345e+06 1.1194e+06 1.05622e+06 942808 920856 716876 771346 713219 576291 438877 436096 432294 424319 1.3241e+06 584303 322746
threshold=41.325490731441384 -230.69929969012128 332.62100803312711 7.5000000000000009 8.5000000000000018 0.87837969732492616 5.5000000000000009 -68.227113899333162 594.00592173111261 16.500000000000004 0.49999999999999994 -0.8783796973249266 1.0000000180025095e-35 3.5000000000000004 -0.56174490092936669 1.0000000180025095e-35 0.6078576107927941 -0.60785761079279366 1.0000000180025095e-35 615.55805022244783 13.500000000000002 -0.70710678118654757 -0.8783796973249266 24.500000000000004 3.5000000000000004 -0.5 22.500000000000004 -0.8783796973249266 -1.0000000180025095e-35
decision_type=2 2 2 2 2 2 2 2 2 2 2 2 2 2 2 2 2 2 2 2 2 2 2 2 2 2 2 2 2
left_child=1 4 6 18 5 13 11 12 16 10 -8 -2 22 -1 -14 24 -5 -11 20 -20 -4 -10 -3 -13 -6 26 -9 -27 -17
right_child=2 7 3 8 15 -7 9 25 21 17 -12 23 14 -15 -16 28 -18 -19 19 -21 -22 -23 -24 -25 -26 27 -28 -29 -30
leaf_value=-1.6080090333114969 3.8497544236616652 -2.2987442993750937 -0.2755140620399924 3.3727363354224584 -0.16441745167193206 -10.793029479980468 3.1806284027762826 -0.76538516667238465 4.6191464328765868 2.4607446996201863 0.36527659574070492 -0.069921104299877343 -4.2846927886539037 -5.2370074798987298 -1.7785981958939454 -4.9336821533797623 5.6208301167921579 0.56410829866554013 2.0783547331647179 6.15492523988088 2.9361140479111087 8.1977578392735229 -0.51646146830504502 -2.4858611634198358 -2.3230499348292746 -2.8919093483144587 2.3220220368961955 -0.47968297308799762 -3.160652775303884
leaf_weight=44 33 65 85 232 46 24 386 157 27 141 111 247 90 227 343 77 110 374 82 24 41 54 369 34 192 44 86 461 88
leaf_count=44 33 65 85 232 46 24 386 157 27 141 111 247 90 227 343 77 110 374 82 24 41 54 369 34 192 44 86 461 88
internal_value=-5.75728e-09 -1.83084 2.13767 3.63858 -3.7682 -5.14775 1.39628 -0.993513 4.65287 1.80456 2.55185 0.0804207 -1.54057 -4.6478 -2.2995 -2.75836 4.09581 1.08338 1.78925 3.00135 0.76954 7.00489 -0.783393 -0.362241 -1.90584 -0.359424 0.327277 -0.689857 -3.98807
internal_weight=4294 2313 1981 655 698 295 1326 1615 423 1012 497 314 867 271 433 403 342 515 232 106 126 81 434 281 238 748 243 505 165
internal_count=4294 2313 1981 655 698 295 1326 1615 423 1012 497 314 867 271 433 403 342 515 232 106 126 81 434 281 238 748 243 505 165
is_linear=0
shrinkage=0.02


Tree=39
num_leaves=30
num_cat=0
split_feature=19 19 19 5 2 11 0 19 19 11 2 8 2 11 19 18 7 18 11 0 18 18 0 18 18 12 18 19 9
split_gain=4.03502e+07 9.01193e+06 5.29715e+06 3.09332e+06 2.40574e+06 2.29305e+06 1.95337e+06 1.3361e+06 1.30115e+06 1.30054e+06 2.18751e+06 1.2191e+06 1.17106e+06 1.03079e+06 1.02725e+06 991042 926174 860528 839550 814757 600420 586444 521628 508347 697892 503066 492634 458120 404531
threshold=41.325490731441384 -227.80900050960278 359.08424913299456 -0.5 2.5000000000000004 0.6078576107927941 5.5000000000000009 128.32202503241604 -47.629681824463653 1.0000000180025095e-35 1.5000000000000002 1.0000000180025095e-35 4.5000000000000009 -0.8783796973249266 615.55805022244783 698.93837524330422 0.93301270189221974 226.27789787403984 1.0000000180025095e-35 2.5000000000000004 215.41219165226178 308.98567762854196 3.5000000000000004 674.84208568153747 130.86455706573909 1.0000000180025095e-35 193.71217171743322 554.13545545937893 -1.0000000180025095e-35
decision_type=2 2 2 2 2 2 2 2 2 2 2 2 2 2 2 2 2 2 2 2 2 2 2 2 2 2 2 2 2
left_child=1 4 6 5 9 27 13 25 11 19 -11 20 -13 -2 16 -9 -5 -15 26 -1 -3 -7 -16 24 -10 -8 -6 -4 -20
right_child=2 8 3 14 18 21 7 15 23 10 -12 12 -14 17 22 -17 -18 -19 28 -21 -22 -23 -24 -25 -26 -27 -28 -29 -30
leaf_value=-1.0153510310914782 3.2325828863445083 -1.2705781185794884 3.4388140012011115 2.4933821047561757 -2.7679859454704054 7.6377423086166383 1.5696109201963881 2.4710420199654779 -0.59188282128904957 -4.2915083911731129 -11.172541957046047 -2.8114645503679432 -0.72001154253317878 0.30206007193710849 2.0389186029434208 -1.4311852146078039 -1.8636465483620055 -2.2813181280006063 -4.7847966983951169 -4.7246754747598283 0.20338188168340626 11.765064813523066 5.810683451652527 -3.2543262620405717 0.87728595843080615 0.01678105720256004 -0.97316730323590739 6.0771821188315371 -2.8515088339262111
leaf_weight=27 38 284 81 276 132 40 171 727 441 42 33 328 159 236 20 27 21 66 81 193 181 21 55 22 183 163 114 39 93
leaf_count=27 38 284 81 276 132 40 171 727 441 42 33 328 159 236 20 27 21 66 81 193 181 21 55 22 183 163 114 39 93
internal_value=-1.0122e-09 -1.79422 2.09492 3.75684 -3.66054 5.90127 1.45133 1.86484 -0.959165 -5.04479 -7.31916 -1.42928 -2.12863 0.12811 2.71345 2.33131 2.18531 -0.262519 -2.68827 -4.26944 -0.696843 9.05862 4.80488 -0.266366 -0.161021 0.811793 -1.93624 4.29628 -3.75149
internal_weight=4294 2313 1981 553 715 181 1428 1088 1598 295 75 952 487 340 372 754 297 302 420 220 465 61 75 646 624 334 246 120 174
internal_count=4294 2313 1981 553 715 181 1428 1088 1598 295 75 952 487 340 372 754 297 302 420 220 465 61 75 646 624 334 246 120 174
is_linear=0
shrinkage=0.02


Tree=40
num_leaves=28
num_cat=0
split_feature=17 3 11 3 3 13 16 2 15 3 17 3 12 6 0 15 17 5 3 3 3 15 3 17 1 17 16
split_gain=1.22787e+07 2.75465e+06 5.855e+06 2.51607e+06 2.8076e+06 3.83814e+06 2.32051e+06 5.34972e+06 2.01289e+06 2.56481e+06 1.97443e+06 1.85112e+06 3.06714e+06 1.49931e+06 1.43815e+06 1.3894e+06 1.43803e+06 1.34979e+06 1.25168e+06 1.18638e+06 1.09671e+06 952060 770194 476348 445104 417875 202737
threshold=-180.8970928616927 6.5000000000000009 1.0000000180025095e-35 3.5000000000000004 7.5000000000000009 -1.0000000180025095e-35 0.62348980185873448 2.5000000000000004 -0.60785761079279366 2.5000000000000004 -599.42696923731899 5.5000000000000009 1.0000000180025095e-35 1.0000000180025095e-35 6.5000000000000009 -0.8783796973249266 282.64888637614973 -0.60355339059327362 15.500000000000002 13.500000000000002 20.500000000000004 0.60785761079279343 2.5000000000000004 554.17778361391913 4.5000000000000009 61.96979392916365 -0.22252093395631442
decision_type=2 2 2 2 2 2 2 2 2 2 2 2 2 2 2 2 2 2 2 2 2 2 2 2 2 2 2
left_child=3 2 11 8 5 13 7 -6 -1 -10 -8 12 -2 -5 18 19 -17 23 21 -16 -20 -3 -19 -4 -7 -13 -11
right_child=1 14 17 4 6 24 10 -9 9 26 -12 25 -14 -15 15 16 -18 22 20 -21 -22 -23 -24 -25 -26 -27 -28
leaf_value=0.38421505341163048 2.3312408258489992 -2.1992846723886865 5.2361147524989562 8.618702441406251 -8.1268145531992761 -0.80588267361676247 3.2795264121464323 -1.9284887924230232 0.41789140701293948 -8.5496583468415022 -1.1307093252886071 -1.0126843070983886 -1.4138690582992268 2.3444335257701385 0.11089636063575745 0.0064471940934829495 1.3398503884221953 5.4358951012984562 1.3691408144285024 3.1198803386249039 -0.68367578619876801 0.36901802345558454 2.4776533794403077 8.6424818611145025 -4.0793329266760461 -4.4595326154372268 -6.3857987844532929
leaf_weight=26 216 201 52 25 62 54 49 548 20 43 237 24 147 39 80 1043 469 46 193 152 226 81 150 24 24 34 29
leaf_count=26 216 201 52 25 62 54 49 548 20 43 237 24 147 39 80 1043 469 46 193 152 226 81 150 24 24 34 29
internal_value=-6.00501e-10 0.649125 1.76216 -1.76207 -1.44747 1.16534 -1.86156 -2.55848 -4.52946 -5.9181 -0.375109 0.284515 0.814626 4.79532 0.33365 0.641174 0.420049 4.04925 -0.43143 2.0823 0.261894 -1.46158 3.17193 6.31181 -1.8131 -3.03325 -7.6781
internal_weight=4294 3138 693 1156 1038 142 896 610 118 92 286 421 363 64 2445 1744 1512 272 701 232 419 282 196 76 78 58 72
internal_count=4294 3138 693 1156 1038 142 896 610 118 92 286 421 363 64 2445 1744 1512 272 701 232 419 282 196 76 78 58 72
is_linear=0
shrinkage=0.02


Tree=41
num_leaves=25
num_cat=0
split_feature=17 3 13 13 3 18 3 13 16 2 17 18 17 3 17 15 5 6 18 0 4 17 0 14
split_gain=1.17925e+07 2.64556e+06 3.97011e+06 2.70806e+06 2.41643e+06 4.52994e+06 2.69642e+06 3.68615e+06 2.22862e+06 5.13787e+06 1.89624e+06 1.86749e+06 1.72216e+06 1.59163e+06 1.48754e+06 2.0461e+06 1.53878e+06 1.43994e+06 839081 492702 427478 309677 192949 66400.8
threshold=-180.8970928616927 6.5000000000000009 -0.8783796973249266 -1.0000000180025095e-35 3.5000000000000004 193.71217171743322 7.5000000000000009 -1.0000000180025095e-35 0.62348980185873448 2.5000000000000004 -599.42696923731899 965.46180937165911 -11.100973775084638 2.5000000000000004 113.57813931626153 -0.60785761079279366 -0.78656609248549292 1.0000000180025095e-35 -425.98760269717417 11.500000000000002 1.0000000180025095e-35 -493.92380678810417 17.500000000000004 -0.22252093395631453
decision_type=2 2 2 2 2 2 2 2 2 2 2 2 2 2 2 2 2 2 2 2 2 2 2 2
left_child=4 2 18 13 5 21 7 17 9 -8 -10 14 -5 -4 15 -3 -16 -6 -2 -20 -9 -1 -7 -23
right_child=1 11 3 12 6 22 8 20 10 -11 -12 -13 -14 -15 16 -17 -18 -19 19 -21 -22 23 -24 -25
leaf_value=-9.5691582519531249 1.2036869239807129 1.2030764757614483 7.4568463751610281 -1.2875208431864398 8.4463285217285158 1.1454361542065938 -7.9642782315707974 -0.78976497906225707 3.2139358834831082 -1.8899190158609056 -1.1080951241400674 -4.7181090558808432 2.0168767948222883 3.232212253873413 2.2356154463199469 -0.65572650091487816 0.50708362861386225 2.2975448844983029 -1.5874157409808214 -4.9922642790569975 -3.9977463495607179 -5.9655315217517675 -1.3906319351196288 -7.5378117370605473
leaf_weight=25 22 331 47 78 25 30 62 54 49 548 237 29 330 148 260 833 992 39 34 34 24 21 20 22
leaf_count=25 22 331 47 78 25 30 62 54 49 548 237 29 330 148 260 833 992 39 34 34 24 21 20 22
internal_value=1.66522e-09 0.636142 1.72692 2.31174 -1.72683 -4.43887 -1.41852 1.14204 -1.82433 -2.50731 -0.367607 0.326977 1.38515 4.25046 0.387535 -0.127149 0.866044 4.69941 -2.19142 -3.28984 -1.77684 -7.79907 0.131009 -6.76995
internal_weight=4294 3138 693 603 1156 118 1038 142 896 610 286 2445 408 195 2416 1164 1252 64 90 68 78 68 50 43
internal_count=4294 3138 693 603 1156 118 1038 142 896 610 286 2445 408 195 2416 1164 1252 64 90 68 78 68 50 43
is_linear=0
shrinkage=0.02


Tree=42
num_leaves=21
num_cat=0
split_feature=3 3 12 15 3 11 11 3 2 1 8 7 1 11 3 1 1 0 0 16
split_gain=2.71748e+06 6.96961e+06 5.68318e+06 5.11076e+06 4.3987e+06 2.38582e+06 2.28915e+06 5.28686e+06 2.04954e+06 6.04739e+06 1.6486e+06 1.25235e+06 1.2047e+06 936738 508585 2.11978e+06 508969 491214 430795 367090
threshold=2.5000000000000004 3.5000000000000004 1.0000000180025095e-35 0.87837969732492616 6.5000000000000009 0.87837969732492682 -0.8783796973249266 5.5000000000000009 2.5000000000000004 2.5000000000000004 1.0000000180025095e-35 0.49999999999999994 3.5000000000000004 0.6078576107927941 1.5000000000000002 4.5000000000000009 4.5000000000000009 11.500000000000002 9.5000000000000018 -0.5617449009293668
decision_type=2 2 2 2 2 2 2 2 2 2 2 2 2 2 2 2 2 2 2 2
left_child=2 3 12 5 6 19 7 -3 9 -6 -8 -10 18 17 15 -14 -16 -4 -1 -2
right_child=1 4 13 -5 8 -7 10 -9 11 -11 -12 -13 14 -15 16 -17 -18 -19 -20 -21
leaf_value=4.9259249653816219 -8.0409099372227999 2.3236373925209044 -1.1901627022690244 4.4339107966423033 1.4060740762948991 0.22157693882783253 3.5788431777346332 -9.1729504680633553 0.21411677904340701 -4.0158304962267479 1.1078258194056927 -0.67791883528835994 0.53998242815335595 1.7203789203365645 3.890973378047347 8.9458864720662437 -0.22796164909998579 -4.4940778944227429 8.7691171509878973 -5.7829294262992015
leaf_weight=20 48 48 36 24 144 24 216 24 2157 192 216 889 24 24 24 24 24 36 28 72
leaf_count=20 48 48 36 24 144 24 216 24 2157 192 216 889 24 24 24 24 24 36 28 72
internal_value=8.70871e-10 -0.122418 2.06785 -4.11073 0.050005 -5.53484 1.79306 -1.50856 -0.209753 -1.69216 2.34333 -0.0462311 4.58074 -1.7015 3.28722 4.74293 1.83151 -2.84212 7.16779 -6.68612
internal_weight=4294 4054 240 168 3886 144 504 72 3382 336 432 3046 144 96 96 48 48 72 48 120
internal_count=4294 4054 240 168 3886 144 504 72 3382 336 432 3046 144 96 96 48 48 72 48 120
is_linear=0
shrinkage=0.02


Tree=43
num_leaves=28
num_cat=0
split_feature=19 19 19 5 19 16 0 17 3 18 0 17 17 19 0 17 0 3 17 6 1 3 12 3 1 16 1
split_gain=3.68702e+07 8.02124e+06 4.88369e+06 2.76891e+06 2.01765e+06 1.87983e+06 1.58882e+06 2.05058e+06 2.84685e+06 1.35174e+06 1.30787e+06 1.61499e+06 1.3053e+06 1.40223e+06 1.3075e+06 1.2528e+06 1.09637e+06 1.06129e+06 969333 951929 870494 735760 663041 695891 695429 523411 469655
threshold=41.325490731441384 -227.80900050960278 332.62100803312711 -0.70710678118654735 -460.53714058947395 1.0000000180025095e-35 5.5000000000000009 -102.56814209141247 15.500000000000002 495.92772654700917 4.5000000000000009 185.28144732535932 -667.73321297709469 -47.629681824463653 21.500000000000004 -738.458219488586 11.500000000000002 13.500000000000002 554.17778361391913 0.78656609248549303 3.5000000000000004 3.5000000000000004 -0.22252093395631442 6.5000000000000009 4.5000000000000009 -0.5617449009293668 3.5000000000000004
decision_type=2 2 2 2 2 2 2 2 2 2 2 2 2 2 2 2 2 2 2 2 2 2 2 2 2 2 2
left_child=1 4 6 9 5 26 22 8 -8 20 17 -12 19 14 -14 -6 -7 -5 -9 -3 -4 -17 24 -24 -2 -15 -1
right_child=2 12 3 10 15 16 7 18 -10 -11 11 -13 13 25 -16 21 -18 -19 -20 -21 -22 -23 23 -25 -26 -27 -28
leaf_value=-7.6871575495022446 0.30240174014957588 5.3580211708762429 6.4065628043217444 0.015731817608787901 1.1627414207458495 -0.49162482964091525 7.1711951280031059 1.6136709534076357 0.95462079004237521 9.5293903401692699 6.4298594009667118 2.7452599711778265 -1.3060036307556444 -1.2198796657721203 -4.0622149541219077 -6.0827457930246993 -5.8275100533167521 3.6867905002170143 -0.36817826836510043 -0.15902964624865301 3.1318224177284844 -2.8479124405937064 1.8660180194938882 -1.3049626791397198 3.6591752624511718 0.054996696760586029 -5.3526648618133974
leaf_weight=67 98 22 67 105 30 43 61 781 57 30 57 288 839 180 75 30 24 45 113 29 63 450 34 149 33 453 71
leaf_count=67 98 22 67 105 30 43 61 781 57 30 57 288 839 180 75 30 24 45 113 29 63 450 34 149 33 453 71
internal_value=-2.38212e-09 -1.71511 2.00255 3.41545 -3.47586 -5.1516 1.30462 1.69025 4.16827 5.70266 2.67615 3.35402 -0.927286 -1.03107 -1.53217 -2.80228 -2.40299 1.11705 1.36317 2.22087 4.81957 -3.05009 0.0617622 -0.715819 1.148 -0.307527 -6.48608
internal_weight=4294 2313 1981 655 715 205 1326 1012 118 160 495 345 1598 1547 914 510 67 150 894 51 130 480 314 183 131 633 138
internal_count=4294 2313 1981 655 715 205 1326 1012 118 160 495 345 1598 1547 914 510 67 150 894 51 130 480 314 183 131 633 138
is_linear=0
shrinkage=0.02


Tree=44
num_leaves=26
num_cat=0
split_feature=17 3 11 3 18 3 13 16 2 17 18 3 12 18 17 5 6 5 16 3 17 6 17 18 1
split_gain=1.07465e+07 2.35403e+06 5.24251e+06 2.13859e+06 4.11633e+06 2.49878e+06 3.45876e+06 2.08196e+06 4.68517e+06 1.80521e+06 1.79072e+06 1.71256e+06 2.76e+06 2.64131e+06 1.35211e+06 1.4479e+06 1.3503e+06 1.20698e+06 981796 698594 436404 382350 304877 147175 49878
threshold=-180.8970928616927 6.5000000000000009 1.0000000180025095e-35 3.5000000000000004 200.81431042818988 7.5000000000000009 -1.0000000180025095e-35 0.62348980185873448 2.5000000000000004 -599.42696923731899 965.46180937165911 5.5000000000000009 1.0000000180025095e-35 336.35070155179716 113.57813931626153 -0.78656609248549292 1.0000000180025095e-35 -0.60355339059327362 -0.5617449009293668 5.5000000000000009 554.17778361391913 1.0000000180025095e-35 -493.92380678810417 434.58803756534695 1.5000000000000002
decision_type=2 2 2 2 2 2 2 2 2 2 2 2 2 2 2 2 2 2 2 2 2 2 2 2 2
left_child=3 2 11 4 22 6 16 8 -7 -9 14 12 -2 -13 18 -16 -5 20 -3 -19 -4 -8 -1 -6 -24
right_child=1 10 17 5 23 7 21 9 -10 -11 -12 13 -14 -15 15 -17 -18 19 -20 -21 -22 -23 24 -25 -26
leaf_value=-9.1114045654296874 2.1865330285496181 -1.0530169619988916 4.9102702796000699 8.1808327789306645 -0.93249775430430537 -7.6202179902599703 0.20359126033606351 3.153415354557183 -1.8196374075551327 -1.0635977744251364 -4.6246705860927184 -8.6184185645693816 -1.366112830217193 0.26219233023153771 2.1596623334517848 0.48294790501976687 2.2264995851272191 2.3377478514582504 0.2442158945445215 5.223045296225437 8.1706939379374184 -2.7397505322624656 -6.9890383380392329 1.2638144911252536 -5.6408912331717351
leaf_weight=25 216 323 52 25 23 62 27 49 548 237 29 21 147 37 260 992 39 153 841 43 24 51 23 26 21
leaf_count=25 216 323 52 25 23 62 27 49 548 237 29 21 147 37 260 992 39 153 841 43 24 51 23 26 21
internal_value=-1.28022e-09 0.607274 1.6362 -1.64847 -4.19983 -1.35843 1.10651 -1.74907 -2.4092 -0.341103 0.315641 0.237974 0.747858 -2.9532 0.374941 0.831147 4.55241 3.80036 -0.115755 2.97075 5.93988 -1.7209 -7.34771 0.232892 -6.3456
internal_weight=4294 3138 693 1156 118 1038 142 896 610 286 2445 421 363 58 2416 1252 64 272 1164 196 76 78 69 49 44
internal_count=4294 3138 693 1156 118 1038 142 896 610 286 2445 421 363 58 2416 1252 64 272 1164 196 76 78 69 49 44
is_linear=0
shrinkage=0.02


Tree=45
num_leaves=26
num_cat=0
split_feature=17 3 11 3 18 3 13 16 2 17 18 3 12 18 0 16 3 17 1 3 8 1 17 8 1
split_gain=1.03209e+07 2.26081e+06 5.0349e+06 2.0539e+06 3.95332e+06 2.39983e+06 3.32179e+06 1.99951e+06 4.49964e+06 1.73373e+06 1.71981e+06 1.64474e+06 2.6507e+06 2.53671e+06 1.3518e+06 1.35041e+06 1.28171e+06 1.15987e+06 1.01662e+06 785018 403212 370835 292804 190782 47902.8
threshold=-180.8970928616927 6.5000000000000009 1.0000000180025095e-35 3.5000000000000004 200.81431042818988 7.5000000000000009 -1.0000000180025095e-35 0.62348980185873448 2.5000000000000004 -599.42696923731899 965.46180937165911 5.5000000000000009 1.0000000180025095e-35 336.35070155179716 5.5000000000000009 -0.5617449009293668 14.500000000000002 403.14672548601089 2.5000000000000004 2.5000000000000004 1.0000000180025095e-35 4.5000000000000009 -493.92380678810417 1.0000000180025095e-35 1.5000000000000002
decision_type=2 2 2 2 2 2 2 2 2 2 2 2 2 2 2 2 2 2 2 2 2 2 2 2 2
left_child=3 2 11 4 22 6 18 8 -7 -9 14 12 -2 -13 16 -16 -3 19 -5 -4 -19 -8 -1 -6 -24
right_child=1 10 17 5 23 7 21 9 -10 -11 -12 13 -14 -15 15 -17 -18 20 -20 -21 -22 -23 24 -25 -26
leaf_value=-8.9291764770507811 2.1428024151148621 -1.7382464046848631 5.3867230153083803 7.8268421173095701 -1.0454597508907317 -7.4678136179524088 -0.76713194326118184 3.0903470831501241 -1.7832446524432868 -1.0423258163355573 -4.5321771812438962 -8.4460500807989209 -1.338790581566947 0.2569484718425854 -0.18433204744238155 0.99607363970941454 0.21901302798919339 6.9453460792873214 2.5734109164447321 2.2016259547233581 4.1408411778630434 -3.755024197101593 -6.8492575603982679 1.4509811508178712 -5.5280734507242837
leaf_weight=25 216 206 39 23 24 62 54 49 548 237 29 21 147 37 558 1270 382 46 41 150 37 24 23 25 21
leaf_count=25 216 206 39 23 24 62 54 49 548 237 29 21 147 37 558 1270 382 46 41 150 37 24 23 25 21
internal_value=6.57539e-10 0.595129 1.60347 -1.6155 -4.11583 -1.33126 1.08438 -1.71409 -2.36102 -0.33428 0.309328 0.233214 0.732901 -2.89414 0.367442 0.635753 -0.466694 3.72435 4.46136 2.85887 5.69515 -1.68648 -7.20075 0.228235 -6.21869
internal_weight=4294 3138 693 1156 118 1038 142 896 610 286 2445 421 363 58 2416 1828 588 272 64 189 83 78 69 49 44
internal_count=4294 3138 693 1156 118 1038 142 896 610 286 2445 421 363 58 2416 1828 588 272 64 189 83 78 69 49 44
is_linear=0
shrinkage=0.02


Tree=46
num_leaves=31
num_cat=0
split_feature=19 19 19 5 11 19 15 17 7 19 18 17 17 6 5 18 7 6 2 3 19 17 19 6 5 8 19 17 17 19
split_gain=3.42113e+07 6.15279e+06 5.70751e+06 2.52555e+06 1.89821e+06 1.79081e+06 1.64809e+06 1.38228e+06 1.35078e+06 1.29871e+06 1.28604e+06 1.10793e+06 1.10564e+06 2.12314e+06 962967 930178 903906 880624 983681 811499 789088 724830 682390 681127 619360 604156 602328 512795 436306 133917
threshold=6.8205104175419073 -306.0453134418662 302.76899904413597 -0.70710678118654735 0.6078576107927941 137.77391523200794 1.0000000180025095e-35 266.77917360744601 -0.5 -93.048448978895237 -298.20111673718469 407.5196358306867 97.836521269262462 -0.12940952255126037 0.12940952255126045 -512.50054597741916 0.93301270189221974 0.37940952255126048 3.5000000000000004 6.5000000000000009 594.00592173111261 824.69201535500554 445.38818125171605 -0.12940952255126037 -0.60355339059327362 0.50000000000000044 -521.62669961847485 -439.4892440952089 -541.26512763168273 -408.29724901443541
decision_type=2 2 2 2 2 2 2 2 2 2 2 2 2 2 2 2 2 2 2 2 2 2 2 2 2 2 2 2 2 2
left_child=1 6 5 4 21 11 10 9 20 14 29 16 13 -7 -3 -10 -2 26 -19 -9 -5 -4 -6 -21 -13 -14 -8 -12 -11 -1
right_child=2 7 3 8 22 12 17 19 15 28 27 24 25 -15 -16 -17 -18 18 -20 23 -22 -23 -24 -25 -26 -27 -28 -29 -30 -31
leaf_value=-6.3532196247577666 0.73618473294659037 -2.1395492760307957 4.4729501218979175 3.2846057275215292 6.2777599884481994 5.332180629275566 -8.4516245149311278 -7.1147060623168947 -0.85959026419598117 2.333903750544009 -1.3312102272840052 0.14216073036193849 1.6265739522995402 1.262524719989206 -0.8533708072526297 2.1655652989796228 -1.9647787728574542 -5.1516557300090788 -0.044556926163760099 -4.2917622519599075 6.7232206058502202 0.47713476181030273 10.630502032470703 -0.65525118325885967 -4.1073165680380432 0.091929026974572073 -5.3873048597649689 -3.299254286263579 -0.47632090859802056 -4.3772432741911516
leaf_weight=34 603 521 104 161 34 86 38 20 46 23 123 23 357 127 421 350 54 48 22 45 32 22 25 38 34 144 79 93 564 23
leaf_count=34 603 521 104 161 34 86 38 20 46 23 123 23 357 127 421 350 54 48 22 45 32 22 25 38 34 144 79 93 564 23
internal_value=2.69245e-09 -1.83152 1.74003 3.12308 5.16157 0.990389 -3.87451 -1.25568 2.4828 -1.1046 -2.88372 0.282132 1.69865 2.90567 -1.56473 1.81416 0.514188 -5.32095 -3.54657 -3.49828 3.85474 3.77527 8.12214 -2.62685 -2.39262 1.18548 -6.38255 -2.17856 -0.36621 -5.5559
internal_weight=4294 2092 2202 774 185 1428 460 1632 589 1529 273 714 714 213 942 396 657 187 70 103 193 126 59 83 57 501 117 216 587 57
internal_count=4294 2092 2202 774 185 1428 460 1632 589 1529 273 714 714 213 942 396 657 187 70 103 193 126 59 83 57 501 117 216 587 57
is_linear=0
shrinkage=0.02


Tree=47
num_leaves=30
num_cat=0
split_feature=19 19 19 19 5 19 18 9 19 16 5 1 7 19 16 8 3 1 2 3 7 3 5 1 12 18 14 10 1
split_gain=3.28695e+07 5.88915e+06 5.62366e+06 2.45787e+06 1.26715e+06 1.53722e+06 1.09891e+06 1.05373e+06 1.0042e+06 1.15375e+06 994303 1.09379e+06 929530 898748 804117 993368 826987 795683 744267 1.10222e+06 733911 654310 636467 1.29247e+06 630278 507240 445734 381420 361181
threshold=-2.5260227852348858 137.77391523200794 -306.0453134418662 594.00592173111261 -0.78656609248549292 378.48058996103458 596.84090109343026 -0.35355339059327345 -556.91981134073967 1.0000000180025095e-35 0.91597561503675362 4.5000000000000009 -1.0000000180025095e-35 -37.900003132222928 -0.22252093395631442 6.2778622972216563e-16 18.500000000000004 4.5000000000000009 3.5000000000000004 6.5000000000000009 -0.50000000000000078 16.500000000000004 -1.0000000180025095e-35 1.0000000180025095e-35 -0.56174490092936669 232.74325064207281 1.0000000180025095e-35 0.35355339059327384 3.5000000000000004
decision_type=2 2 2 2 2 2 2 2 2 2 2 2 2 2 2 2 2 2 2 2 2 2 2 2 2 2 2 2 2
left_child=2 14 8 4 5 -3 17 10 9 28 13 -12 -6 -4 18 16 -16 -5 19 -2 26 -20 24 -24 -10 -22 -9 -17 -1
right_child=1 3 7 6 12 -7 -8 20 22 -11 11 -13 -14 -15 15 27 -18 -19 21 -21 25 -23 23 -25 -26 -27 -28 -29 -30
leaf_value=-7.7895442580622296 -0.26997069270987262 2.4175279136536254 -2.9746983128066407 5.1111410407132887 2.4370689420215785 5.6712184042930609 9.3466219863891613 -0.65968500236544425 -1.9817641624651459 -1.8151928632599967 0.081514905580919075 -3.398662014802297 1.2560004936598188 -0.47495740863255093 1.4811804917801257 2.3916301443236216 -0.96154970306616561 0.8487679130380803 3.5540064277648926 -4.7028834001438033 -1.5577932903780851 -0.23182323552880971 2.209528791109721 -3.0531520397464438 -4.9592756941466209 -0.38355606082540294 1.0074408814862923 0.63173001621898861 -5.2779225849618721
leaf_weight=43 57 212 323 86 512 80 20 158 38 28 146 48 556 70 86 140 156 22 20 37 503 210 21 168 113 208 108 76 49
leaf_count=43 57 212 323 86 512 80 20 158 38 28 146 48 556 70 86 140 156 22 20 37 503 210 21 168 113 208 108 76 49
internal_value=3.57989e-09 1.6523 -1.85312 2.39079 2.14142 3.30895 5.04034 -1.28138 -3.79702 -5.36995 -1.95112 -0.77956 1.82221 -2.52945 0.247087 0.786505 -0.093472 4.24288 -0.515425 -2.01484 -0.878993 0.0973793 -3.24187 -2.46841 -4.20997 -1.21428 0.0171932 1.77241 -6.45183
internal_weight=4294 2270 2024 1488 1360 292 128 1564 460 120 587 194 1068 393 782 458 242 108 324 94 977 230 340 189 151 711 266 216 92
internal_count=4294 2270 2024 1488 1360 292 128 1564 460 120 587 194 1068 393 782 458 242 108 324 94 977 230 340 189 151 711 266 216 92
is_linear=0
shrinkage=0.02


Tree=48
num_leaves=27
num_cat=0
split_feature=19 19 19 0 2 15 17 18 0 17 3 17 19 17 11 9 0 13 18 15 19 18 18 18 16 19
split_gain=3.15807e+07 6.81778e+06 4.24615e+06 2.41317e+06 1.65278e+06 1.61228e+06 1.55415e+06 2.48313e+06 1.40729e+06 2.01164e+06 2.74186e+06 1.21633e+06 1.22321e+06 1.22964e+06 1.11986e+06 1.0649e+06 964996 862493 856086 801621 752485 736876 579649 563981 461078 379987
threshold=41.325490731441384 -227.80900050960278 332.62100803312711 8.5000000000000018 2.5000000000000004 0.87837969732492616 362.78969223230348 466.1385296051231 5.5000000000000009 6.5229110117365972 15.500000000000002 -667.73321297709469 -47.629681824463653 266.77917360744601 -0.8783796973249266 1.3780371393590666e-15 3.5000000000000004 0.87837969732492671 226.27789787403984 1.0000000180025095e-35 672.35637670324672 336.35070155179716 71.698561481199263 205.37272852169647 -0.5617449009293668 -286.1651302540767
decision_type=2 2 2 2 2 2 2 2 2 2 2 2 2 2 2 2 2 2 2 2 2 2 2 2 2 2
left_child=1 4 8 20 5 16 7 -5 14 10 -10 22 13 -13 -2 -11 -1 -8 -16 23 21 -4 -3 -6 -14 -21
right_child=2 11 3 6 19 -7 17 -9 9 15 -12 12 24 -15 18 -17 -18 -19 -20 25 -22 -23 -24 -25 -26 -27
leaf_value=-1.2071850196881728 3.5181796264648439 4.7264426022484187 1.788887390699438 4.5738644801486625 -2.4624260742472459 -9.3263951110839844 2.7143440304961159 11.336012455866888 5.7239061198571708 0.48131960744416324 1.2761527431365989 -1.2417932625544541 -1.1417051208813986 -4.30061085666929 0.22911815877313968 1.979806541117568 -4.4434056782827502 6.5719672745924731 -2.3888129223493433 -4.3362616469833872 4.5821359252929685 -1.2033427681922912 0.39405437618494032 -0.51279020764827732 0.054852839116229131 -2.465023551504296
leaf_weight=44 33 21 186 132 146 24 214 26 99 468 126 858 180 56 216 319 227 26 65 91 31 40 30 100 453 83
leaf_count=44 33 21 186 132 146 24 214 26 99 468 126 858 180 56 216 319 227 26 65 91 31 40 30 100 453 83
internal_value=-6.44595e-10 -1.58732 1.85334 3.1708 -3.21062 -4.35798 4.1463 5.68662 1.20256 1.56549 3.23316 -0.860998 -0.961184 -1.4292 0.0328554 1.08871 -3.91797 3.13225 -0.376453 -2.40474 1.6601 1.25929 2.17798 -1.66989 -0.285401 -3.44366
internal_weight=4294 2313 1981 655 715 295 398 158 1326 1012 225 1598 1547 914 314 787 271 240 281 420 257 226 51 246 633 174
internal_count=4294 2313 1981 655 715 295 398 158 1326 1012 225 1598 1547 914 314 787 271 240 281 420 257 226 51 246 633 174
is_linear=0
shrinkage=0.02


Tree=49
num_leaves=27
num_cat=0
split_feature=19 19 19 19 17 6 15 17 18 17 9 18 17 17 6 2 1 12 2 5 2 19 17 7 5 19
split_gain=3.03438e+07 5.48803e+06 5.18573e+06 2.31021e+06 1.87674e+06 1.92254e+06 1.49805e+06 1.29898e+06 1.20457e+06 1.15584e+06 1.13363e+06 1.033e+06 1.01763e+06 863276 837867 934620 767662 742419 649978 586263 543000 542944 487788 466431 273996 125019
threshold=-2.5260227852348858 137.77391523200794 -306.0453134418662 594.00592173111261 521.7308677620814 0.60355339059327384 1.0000000180025095e-35 -770.08666147615065 -298.20111673718469 266.77917360744601 -3.6739403974420589e-16 596.84090109343026 407.5196358306867 854.87358194833735 0.37940952255126048 3.5000000000000004 4.5000000000000009 1.0000000180025095e-35 1.5000000000000002 -0.60355339059327362 2.5000000000000004 -521.62669961847485 -439.4892440952089 0.93301270189221974 -1.0000000180025095e-35 -408.29724901443541
decision_type=2 2 2 2 2 2 2 2 2 2 2 2 2 2 2 2 2 2 2 2 2 2 2 2 2 2
left_child=2 12 6 4 5 -3 8 24 25 10 -9 16 17 -6 21 -16 -5 18 -2 -14 -11 -8 -10 -19 -4 -1
right_child=1 3 7 11 13 -7 14 9 22 20 -12 -13 19 -15 15 -17 -18 23 -20 -21 -22 -23 -24 -25 -26 -27
leaf_value=-6.0590971883605507 3.9305682373046875 2.9840238326486004 0.60611846733093255 4.9488319949216626 1.0762311362405108 1.1400841418482501 -8.0261457142076988 -1.8497725659340174 -1.1936714996167315 -5.2902117384397069 -0.70870628047479289 9.0443336486816417 0.075292089382807417 -1.977234751744704 -4.8599848028396568 0.1181273417039351 0.76218526753512295 -0.011507155395442654 0.81306780840694048 -4.0073873460994047 -2.1809760576823973 -5.1168009195448478 -3.1131280776505825 -2.7027377509219304 3.8770344579787479 -4.1498974377176037
leaf_weight=34 29 760 20 86 234 322 38 599 123 39 832 20 24 44 48 22 22 322 345 34 53 79 93 28 21 23
leaf_count=34 29 760 20 86 234 322 38 599 123 39 832 20 24 44 48 22 22 322 345 34 53 79 93 28 21 23
internal_value=-5.54117e-10 1.58755 -1.7805 2.30044 2.05868 2.43527 -3.64718 -1.23148 -2.70256 -1.32605 -1.18634 4.86917 0.231034 0.592949 -5.02621 -3.29544 4.096 0.435239 1.0548 -2.318 -3.49902 -6.06172 -2.0201 -0.226806 2.28147 -5.28872
internal_weight=4294 2270 2024 1488 1360 1082 460 1564 273 1523 1431 128 782 278 187 70 108 724 374 58 92 117 216 350 41 57
internal_count=4294 2270 2024 1488 1360 1082 460 1564 273 1523 1431 128 782 278 187 70 108 724 374 58 92 117 216 350 41 57
is_linear=0
shrinkage=0.02


Tree=50
num_leaves=29
num_cat=0
split_feature=19 19 19 5 11 15 0 17 2 19 17 19 0 18 17 17 6 11 19 17 18 18 11 4 18 6 12 0
split_gain=2.91538e+07 6.349e+06 4.01115e+06 2.37383e+06 1.9809e+06 1.53337e+06 1.52108e+06 1.91828e+06 2.05912e+06 1.33214e+06 1.13807e+06 1.145e+06 1.19139e+06 1.09046e+06 1.03894e+06 988763 871915 858971 829876 954029 775692 679539 636796 529938 501783 461901 461682 441524
threshold=41.325490731441384 -227.80900050960278 359.08424913299456 -0.5 0.6078576107927941 1.0000000180025095e-35 5.5000000000000009 6.5229110117365972 5.5000000000000009 -427.76551570715498 -667.73321297709469 -47.629681824463653 21.500000000000004 -268.79396987588547 661.30912393926894 854.87358194833735 0.78656609248549303 -0.8783796973249266 615.55805022244783 758.01603960154364 226.27789787403984 331.95170446135404 -1.0000000180025095e-35 1.0000000180025095e-35 308.98567762854196 -0.60355339059327384 0.81174490092936691 3.5000000000000004
decision_type=2 2 2 2 2 2 2 2 2 2 2 2 2 2 2 2 2 2 2 2 2 2 2 2 2 2 2 2
left_child=1 5 6 4 15 13 17 8 -8 23 16 12 -12 22 -9 -4 -3 -2 19 -5 -19 -11 -1 -7 -6 -13 -15 -20
right_child=2 10 3 18 24 9 7 14 -10 21 11 25 -14 26 -16 -17 -18 20 27 -21 -22 -23 -24 -25 -26 -27 -28 -29
leaf_value=-5.5204469483474199 2.88694779245477 5.1177912989529704 4.4738647162670997 2.2251286540443735 6.7257159729003915 -6.9740325000551016 4.1318838320239903 1.3539891505815533 -0.63586774235301546 -2.6268441993939251 -1.1580328848503343 0.59647736702072485 -3.7890158994833629 -2.1439043389944206 -1.2224648396057241 -0.21796583934263752 -0.16230427129515285 0.23244144261893582 1.6479289855957031 -1.482254236282841 -2.2202907743598477 -5.7930874680027822 -2.1895605825436744 -3.9133790545030078 10.543515261695498 -0.60520714904351547 -0.23981141998654321 5.1180249389301649
leaf_weight=58 38 22 98 266 40 72 186 789 45 152 839 178 75 266 68 22 29 236 20 31 66 33 38 33 21 455 63 55
leaf_count=58 38 22 98 266 40 72 186 789 45 152 839 178 75 266 68 22 29 236 20 31 66 33 38 33 21 455 63 55
internal_value=-1.46232e-09 -1.52511 1.78071 3.22689 5.10545 -3.09161 1.22066 1.58556 3.2031 -4.21284 -0.824204 -0.921113 -1.37392 -2.32653 1.14956 3.6137 2.11538 0.053003 2.31286 1.83816 -0.303586 -3.19163 -4.20197 -6.01211 8.04004 -0.267293 -1.77929 4.19267
internal_weight=4294 2313 1981 553 181 715 1428 1088 231 290 1598 1547 914 425 857 120 51 340 372 297 302 185 96 105 61 633 329 75
internal_count=4294 2313 1981 553 181 715 1428 1088 231 290 1598 1547 914 425 857 120 51 340 372 297 302 185 96 105 61 633 329 75
is_linear=0
shrinkage=0.02


Tree=51
num_leaves=30
num_cat=0
split_feature=19 19 19 5 11 19 2 15 8 2 0 12 18 6 2 18 15 0 1 16 6 2 15 6 16 18 18 18 19
split_gain=2.80246e+07 7.7192e+06 2.4298e+06 2.3151e+06 1.75741e+06 1.7166e+06 1.50001e+06 1.46793e+06 1.10694e+06 1.09006e+06 1.04352e+06 2.50289e+06 1.11273e+06 983436 1.16727e+06 1.14106e+06 1.53953e+06 906575 851710 773803 1.06814e+06 790262 730215 647430 534214 531625 530595 473844 322488
threshold=110.8991194655601 -227.80900050960278 378.48058996103458 -0.5 0.6078576107927941 -45.035955671603205 2.5000000000000004 0.87837969732492616 1.0000000180025095e-35 4.5000000000000009 3.5000000000000004 -0.56174490092936669 341.08239224282175 0.60355339059327384 1.5000000000000002 662.46556426164818 -0.60785761079279366 3.5000000000000004 4.5000000000000009 -0.5617449009293668 -0.12940952255126037 5.5000000000000009 1.0000000180025095e-35 -0.5 -0.22252093395631442 322.60446449517354 205.37272852169647 308.98567762854196 554.13545545937893
decision_type=2 2 2 2 2 2 2 2 2 2 2 2 2 2 2 2 2 2 2 2 2 2 2 2 2 2 2 2 2
left_child=1 6 13 4 28 8 7 17 25 -10 12 -12 -5 15 24 16 -2 -1 -16 21 -21 -7 26 -24 -15 -3 -8 -6 -4
right_child=2 5 3 10 27 19 22 -9 9 -11 11 -13 -14 14 18 -17 -18 -19 -20 20 -22 -23 23 -25 -26 -27 -28 -29 -30
leaf_value=-1.0755235212499445 3.5522521894414663 -0.92534852874833495 2.8364507047108241 1.6633894157409668 6.606315949268831 -1.5923867765983732 -2.3294075682718463 -8.8636098225911457 -2.5234867420110358 -0.52640465657403868 5.6037163012215263 1.2770222993389662 -3.568895819527762 1.4991408427556356 -0.74327219779674825 -1.5877669853823526 1.5560210103738794 -4.2122550266744812 1.6156833418210348 1.15855370113476 -0.41058681921164197 0.53998201384578115 -4.9352379039128627 -2.3685498757529677 5.8138300379839816 0.57596311260186706 -0.43835924756526951 10.332644929431734 5.1058893022781762
leaf_weight=44 213 344 70 72 39 202 146 24 332 163 89 134 21 24 169 35 563 227 96 335 360 106 60 114 22 130 100 21 39
leaf_count=44 213 344 70 72 39 202 146 24 332 163 89 134 21 24 169 35 563 227 96 335 360 106 60 114 22 130 100 21 39
internal_value=1.13294e-09 -1.24952 2.08927 3.27213 5.16162 -0.60404 -3.02978 -4.12282 -1.20438 -1.86586 2.26161 3.00382 0.481906 1.57796 0.621789 1.94463 2.10396 -3.70297 0.111293 -0.0240477 0.345761 -0.85852 -2.26204 -3.25361 3.56269 -0.513596 -1.56069 7.91053 3.64845
internal_weight=4294 2687 1607 485 169 1972 715 295 969 495 316 223 93 1122 311 811 776 271 265 1003 695 308 420 174 46 474 246 60 109
internal_count=4294 2687 1607 485 169 1972 715 295 969 495 316 223 93 1122 311 811 776 271 265 1003 695 308 420 174 46 474 246 60 109
is_linear=0
shrinkage=0.02


Tree=52
num_leaves=30
num_cat=0
split_feature=19 19 19 5 11 15 19 7 17 18 17 17 6 18 8 3 19 12 18 17 17 17 19 1 8 5 3 15 1
split_gain=2.69617e+07 4.91774e+06 4.65042e+06 2.12508e+06 1.65504e+06 1.59049e+06 1.41567e+06 1.22519e+06 1.20038e+06 1.12404e+06 1.00259e+06 999132 1.92423e+06 981444 942745 2.0034e+06 888806 873461 859584 746024 725796 677338 593906 591411 567652 553906 535062 546686 447545
threshold=6.8205104175419073 -230.69929969012128 302.76899904413597 -0.70710678118654735 0.6078576107927941 1.0000000180025095e-35 137.77391523200794 -0.5 266.77917360744601 -360.46110263880649 407.5196358306867 97.836521269262462 -0.12940952255126037 -268.79396987588547 1.0000000180025095e-35 16.500000000000004 -427.76551570715498 1.0000000180025095e-35 -512.50054597741916 -541.26512763168273 383.61165350467951 824.69201535500554 445.38818125171605 3.5000000000000004 0.50000000000000044 -0.60355339059327362 9.5000000000000018 1.0000000180025095e-35 1.5000000000000002
decision_type=2 2 2 2 2 2 2 2 2 2 2 2 2 2 2 2 2 2 2 2 2 2 2 2 2 2 2 2 2
left_child=1 5 6 4 21 13 10 20 14 -7 17 12 -8 23 19 -16 -11 -2 -9 -3 -5 -4 -6 -1 -13 -12 -10 -28 -15
right_child=2 8 3 7 22 9 11 18 26 16 25 24 -14 28 15 -17 -18 -19 -20 -21 -22 -23 -24 -25 -26 -27 27 -29 -30
leaf_value=-2.0780397933407837 1.1805740234461131 3.015653237236871 4.0429992181521195 5.1381847203799662 5.7068174945606902 0.3937377395629883 4.9552249179884447 -1.0012859713512918 -4.9482677065698724 -6.0024038681387903 0.091008348050324803 1.4374960219259021 1.0808900999835158 -0.17146612967214278 -2.2709180822626749 -0.032789600023659327 -3.5899993063917583 -0.27798371598537153 1.9068104119573321 -0.3806790001366685 2.5871615233847765 0.18030687765641645 9.7675584442138685 -5.2991625394319239 -0.050064457125133938 -3.9276583043266742 -0.090664647625338657 -4.0231648980654207 -2.0597149766349432
leaf_weight=38 332 27 104 70 34 20 86 46 38 100 23 357 127 62 375 279 157 325 350 618 123 22 25 57 144 34 31 26 264
leaf_count=38 332 27 104 70 34 20 86 46 38 100 23 357 127 62 375 279 157 325 350 618 123 22 25 57 144 34 31 26 264
internal_value=-1.74337e-09 -1.62593 1.5447 2.79312 4.66302 -2.99629 0.868038 2.2058 -0.939761 -4.17327 0.238317 1.49776 2.64518 -2.22188 -0.781047 -1.31612 -4.52868 0.459065 1.569 -0.238507 3.5124 3.36856 7.42747 -4.01071 1.00993 -2.30609 -3.10997 -1.88444 -1.7006
internal_weight=4294 2092 2202 774 185 698 1428 589 1394 277 714 714 213 421 1299 654 257 657 396 645 193 126 59 95 501 57 95 57 326
internal_count=4294 2092 2202 774 185 698 1428 589 1394 277 714 714 213 421 1299 654 257 657 396 645 193 126 59 95 501 57 95 57 326
is_linear=0
shrinkage=0.02


Tree=53
num_leaves=30
num_cat=0
split_feature=19 19 19 0 19 17 15 17 6 17 18 17 3 9 18 3 3 3 18 0 18 15 19 19 18 3 17 1 9
split_gain=2.59016e+07 4.75949e+06 4.45408e+06 2.07815e+06 2.11605e+06 2.24545e+06 1.48965e+06 1.29035e+06 1.17905e+06 3.08606e+06 1.17285e+06 1.14222e+06 1.13939e+06 1.02773e+06 1.4192e+06 1.23341e+06 1.02368e+06 1.00303e+06 967164 892073 1.03106e+06 874273 803567 706817 698666 456793 327611 217904 131861
threshold=-2.5260227852348858 228.50030156630621 -266.87097326691656 5.5000000000000009 461.11944493152401 179.42312506055444 1.0000000180025095e-35 388.53928339268174 -0.12940952255126037 -155.33475156860729 -268.79396987588547 -599.42696923731899 20.500000000000004 1.3780371393590666e-15 96.683570976339084 15.500000000000002 17.500000000000004 15.500000000000002 -339.74012505663262 16.500000000000004 105.52342270820647 -0.8783796973249266 -647.72974158269142 191.51410372112471 -277.90304084677058 7.5000000000000009 -428.41795111498317 3.5000000000000004 0.70710678118654691
decision_type=2 2 2 2 2 2 2 2 2 2 2 2 2 2 2 2 2 2 2 2 2 2 2 2 2 2 2 2 2
left_child=2 8 6 21 5 -5 10 -6 9 17 27 19 -11 15 -15 -13 18 -2 -10 20 -4 28 -8 -18 -23 -24 -12 -1 -3
right_child=1 3 11 4 7 -7 22 -9 16 12 26 13 -14 14 -16 -17 23 -19 -20 -21 -22 24 25 -25 -26 -27 -28 -29 -30
leaf_value=-2.9849549180811104 8.6405939257586439 -0.65754452115013495 6.5327551860809336 4.2649313409815832 7.4851073626600781 1.6345031618357744 -7.3645597329735759 3.7573589558234581 3.6838399895956351 -0.14087360726842876 -1.0860793582176509 -2.3397187045986287 1.8109524993521386 -1.4274271939418934 0.55849910906152833 -0.77020271119633099 -0.39152219115617032 2.9569683298857314 0.43663576396942139 -1.6015196971098582 0.32366324175959049 -0.52430259687858716 -5.6254257843891775 -3.4183990296195539 2.0565055734706372 -3.3685806975314314 -2.484069366378169 -5.3886539121468866 -2.8988122404189336
leaf_weight=22 27 21 20 181 52 459 32 130 43 247 146 453 232 324 259 359 334 23 250 24 23 57 48 34 159 142 124 48 21
leaf_count=22 27 21 20 181 52 459 32 130 43 247 146 453 232 324 259 359 334 23 250 24 23 57 48 34 159 142 124 48 21
internal_value=2.56246e-09 1.46674 -1.64501 2.42804 2.91955 2.37842 -3.15826 4.82243 0.594304 1.29802 -2.32623 -1.06332 0.804478 -1.18583 -0.545172 -1.64581 0.0311196 6.02613 0.913188 1.48751 3.21161 0.862076 -4.43254 -0.671179 1.37546 -3.93873 -1.72812 -4.63321 -1.77818
internal_weight=4294 2270 2024 1080 822 640 562 182 1190 529 340 1462 479 1395 583 812 661 50 293 67 43 258 222 368 216 190 270 70 42
internal_count=4294 2270 2024 1080 822 640 562 182 1190 529 340 1462 479 1395 583 812 661 50 293 67 43 258 222 368 216 190 270 70 42
is_linear=0
shrinkage=0.02


Tree=54
num_leaves=25
num_cat=0
split_feature=19 19 19 17 19 6 17 19 16 17 17 8 18 5 1 9 16 6 1 7 18 6 6 12
split_gain=2.49319e+07 6.84784e+06 2.19242e+06 1.58969e+06 1.5415e+06 1.50218e+06 2.52292e+06 1.37055e+06 1.44767e+06 1.14459e+06 1.09178e+06 1.01486e+06 939661 833414 793733 745420 727149 995490 706134 703591 503485 479301 364556 262366
threshold=110.8991194655601 -227.80900050960278 594.00592173111261 854.87358194833735 -45.035955671603205 0.60355339059327384 -155.33475156860729 -460.53714058947395 1.0000000180025095e-35 266.77917360744601 -738.458219488586 1.0000000180025095e-35 596.84090109343026 0.25881904510252091 4.5000000000000009 -3.6739403974420589e-16 -0.5617449009293668 -0.12940952255126037 4.5000000000000009 -0.49999999999999939 -238.54685833625351 1.0000000180025095e-35 0.60355339059327384 -0.22252093395631442
decision_type=2 2 2 2 2 2 2 2 2 2 2 2 2 2 2 2 2 2 2 2 2 2 2 2
left_child=1 7 3 5 9 6 -2 8 22 11 -9 -3 18 -10 -7 -12 20 -18 19 -4 -6 -5 -1 -11
right_child=2 4 12 21 16 14 -8 10 13 23 15 -13 -14 -15 -16 -17 17 -19 -20 -21 -22 -23 -24 -25
leaf_value=-6.1225774541465183 6.967722605791959 -0.2871881754766375 7.0338144938151039 -0.01736327608426412 -2.6451282415203021 0.23463361242543099 2.0716279941684044 1.4012840143839518 -4.0219379559685198 -5.4241449761390683 -3.4802361583466435 -1.6217866131054459 8.4637670822143569 0.43977108406298088 2.0834565882001606 -1.8767546384099505 1.1221704004398034 -0.39267139772574106 0.54687229451808061 3.2381762587172642 -0.46968946738001904 -4.1547389638991579 -3.9297522116767039 -2.6896535551548006
leaf_weight=93 44 447 30 24 51 276 974 30 34 25 196 465 20 33 140 284 335 360 22 56 257 21 45 32
leaf_count=93 44 447 30 24 51 276 974 30 34 25 196 465 20 33 140 284 335 360 22 56 257 21 45 32
internal_value=-1.5387e-10 -1.17856 1.97062 1.75329 -0.5706 1.86945 2.28325 -2.85533 -4.23645 -1.1395 -2.30017 -0.967658 4.48171 -1.82438 0.856834 -2.53151 -0.0209834 0.337504 3.74429 4.56224 -0.829908 -1.94814 -5.40753 -3.88899
internal_weight=4294 2687 1607 1479 1972 1434 1018 715 205 969 510 912 128 67 416 480 1003 695 108 86 308 45 138 57
internal_count=4294 2687 1607 1479 1972 1434 1018 715 205 969 510 912 128 67 416 480 1003 695 108 86 308 45 138 57
is_linear=0
shrinkage=0.02


Tree=55
num_leaves=26
num_cat=0
split_feature=17 3 11 3 18 3 15 16 2 17 18 13 3 6 7 3 15 17 3 18 6 8 17 8 6
split_gain=6.84726e+06 1.67823e+06 4.29413e+06 1.56211e+06 3.40041e+06 2.05991e+06 2.89459e+06 1.66365e+06 3.34017e+06 1.60894e+06 1.53886e+06 1.47181e+06 1.95495e+06 1.19994e+06 1.09753e+06 1.30245e+06 1.05383e+06 907832 699185 680257 415609 366364 251106 188728 62794.6
threshold=-180.8970928616927 6.5000000000000009 1.0000000180025095e-35 3.5000000000000004 200.81431042818988 7.5000000000000009 -1.0000000180025095e-35 0.62348980185873448 2.5000000000000004 -599.42696923731899 965.46180937165911 -1.0000000180025095e-35 5.5000000000000009 1.0000000180025095e-35 -0.24999999999999967 15.500000000000002 -0.60785761079279366 403.14672548601089 2.5000000000000004 -425.98760269717417 1.0000000180025095e-35 1.0000000180025095e-35 -568.97059121365589 1.0000000180025095e-35 -0.5
decision_type=2 2 2 2 2 2 2 2 2 2 2 2 2 2 2 2 2 2 2 2 2 2 2 2 2
left_child=3 2 11 4 22 6 13 8 -7 -9 14 19 -13 -5 16 -16 -3 18 -4 -2 -8 -19 -1 -6 -24
right_child=1 10 17 5 23 7 20 9 -10 -11 -12 12 -14 -15 15 -17 -18 21 -20 -21 -22 -23 24 -25 -26
leaf_value=-8.1815415009998134 0.87719436580484567 1.844725400170413 4.9321228929666372 7.7428694580078128 -0.73435456266005827 -6.4126569489509828 0.58996003186261214 3.1350349140167237 -1.5149472813906462 -0.84613320009617865 -4.3412189121492979 1.413143991747182 -2.6299734007079025 2.1298480850610977 -0.85986500035447311 0.40752108828325362 0.40215848001299043 6.247438262441884 1.9261917785644531 -3.1687677872180942 -2.4787296613057457 3.5741525474754541 -4.7391791788736981 1.7486073822021484 -6.197389684606482
leaf_weight=21 22 275 39 25 24 62 27 49 548 237 29 273 58 39 526 846 769 46 150 68 51 37 21 25 27
leaf_count=21 22 275 39 25 24 62 27 49 548 237 29 273 58 39 526 846 769 46 150 68 51 37 21 25 27
internal_value=-4.26047e-09 0.484741 1.35351 -1.31585 -3.49639 -1.06796 1.17007 -1.42265 -2.01275 -0.164045 0.238502 0.0880568 0.704682 4.32243 0.293474 -0.0783718 0.782145 3.31216 2.54646 -2.17975 -1.41649 5.05573 -6.35746 0.532463 -5.55942
internal_weight=4294 3138 693 1156 118 1038 142 896 610 286 2445 421 331 64 2416 1372 1044 272 189 90 78 83 69 49 48
internal_count=4294 3138 693 1156 118 1038 142 896 610 286 2445 421 331 64 2416 1372 1044 272 189 90 78 83 69 49 48
is_linear=0
shrinkage=0.02


Tree=56
num_leaves=31
num_cat=0
split_feature=19 19 19 5 11 17 18 19 15 6 17 17 5 19 1 14 18 19 17 11 12 17 16 6 18 5 18 1 7 1
split_gain=2.36102e+07 6.40584e+06 2.14297e+06 2.04523e+06 1.6001e+06 1.47176e+06 1.70541e+06 1.46744e+06 1.31638e+06 1.11166e+06 2.02284e+06 1.10513e+06 1.31469e+06 1.07964e+06 1.02251e+06 909376 907102 875261 1.17108e+06 768846 691262 688585 682051 948908 652046 559697 497133 464063 414702 401933
threshold=110.8991194655601 -227.80900050960278 359.08424913299456 -0.60355339059327362 0.6078576107927941 356.53863293344108 200.81431042818988 -45.035955671603205 1.0000000180025095e-35 0.60355339059327384 -155.33475156860729 79.323889297176734 0.37940952255126054 -427.76551570715498 1.5000000000000002 1.0000000180025095e-35 -268.79396987588547 615.55805022244783 758.01603960154364 1.0000000180025095e-35 -0.56174490092936669 292.73596942761839 -0.5617449009293668 -0.12940952255126037 331.95170446135404 0.60355339059327384 108.62540354208978 4.5000000000000009 -0.24999999999999967 1.5000000000000002
decision_type=2 2 2 2 2 2 2 2 2 2 2 2 2 2 2 2 2 2 2 2 2 2 2 2 2 2 2 2 2 2
left_child=1 8 5 4 21 9 19 11 16 10 -2 12 -3 27 -11 -8 25 18 -5 -7 -13 -4 26 -24 -15 -1 -9 -10 -19 -18
right_child=2 7 3 17 -6 6 15 22 13 14 -12 20 -14 24 -16 -17 29 28 -20 -21 -22 -23 23 -25 -26 -27 -28 -29 -30 -31
leaf_value=-4.7998577349113694 6.7101579122543331 -1.373512547215233 6.1050013896397184 2.0994280368808313 7.6820065134876181 1.9838674247264863 0.041173756890377756 -1.4392928255984658 -6.3274703868230189 -1.8219975373324226 2.0285324993966021 -4.3175341764796871 0.37000118112775376 -2.3349290766214073 1.4921325331148894 -3.5335856146378952 -0.12423921191503132 5.6997794409359201 -1.8825259382074528 -0.6455153509378434 -1.7141916297508193 2.4424894479652504 1.0906468030445613 -0.38832820742660096 -5.4364598129734851 -1.5052058702309927 0.21352023997549285 -3.4633584195917302 2.7868844640254973 -1.9008556147804834
leaf_weight=66 40 488 28 282 53 172 59 190 72 51 479 55 268 152 138 55 63 34 33 60 158 77 335 360 33 30 118 33 46 266
leaf_count=66 40 488 28 282 53 172 59 190 72 51 479 55 268 152 138 55 63 34 33 60 158 77 335 360 33 30 118 33 46 266
internal_value=-3.40464e-10 -1.14689 1.91768 2.92597 4.8491 1.38865 0.319585 -0.558885 -2.76865 1.91111 2.38935 -1.11395 -0.755442 -3.80752 0.597843 -1.68349 -2.05977 2.15672 1.68227 1.30385 -2.38642 3.41916 -0.0226338 0.324559 -2.88818 -3.77028 -0.806072 -5.42732 4.02486 -1.56065
internal_weight=4294 2687 1607 553 158 1054 346 1972 715 708 519 969 756 290 189 114 425 395 315 232 213 105 1003 695 185 96 308 105 80 329
internal_count=4294 2687 1607 553 158 1054 346 1972 715 708 519 969 756 290 189 114 425 395 315 232 213 105 1003 695 185 96 308 105 80 329
is_linear=0
shrinkage=0.02


Tree=57
num_leaves=28
num_cat=0
split_feature=19 19 19 0 15 17 18 0 17 3 17 18 0 1 18 17 18 6 19 7 18 1 5 15 3 1 1
split_gain=2.26968e+07 4.8447e+06 3.25691e+06 1.94804e+06 1.4076e+06 1.36817e+06 2.18618e+06 1.12027e+06 1.7865e+06 2.4452e+06 1.05116e+06 1.03529e+06 1.00946e+06 1.15676e+06 1.07119e+06 838815 829041 778223 718113 695528 673055 620293 520186 498986 754819 479456 393870
threshold=41.325490731441384 -230.69929969012128 332.62100803312711 8.5000000000000018 1.0000000180025095e-35 362.78969223230348 466.1385296051231 5.5000000000000009 -102.56814209141247 20.500000000000004 -667.73321297709469 -360.46110263880649 21.500000000000004 2.5000000000000004 96.683570976339084 554.17778361391913 -268.79396987588547 0.78656609248549303 -427.76551570715498 0.49999999999999994 -512.50054597741916 3.5000000000000004 0.60355339059327384 0.60785761079279343 6.5000000000000009 4.5000000000000009 1.5000000000000002
decision_type=2 2 2 2 2 2 2 2 2 2 2 2 2 2 2 2 2 2 2 2 2 2 2 2 2 2 2
left_child=1 4 7 20 16 6 -5 23 9 -9 17 -6 14 -14 -12 -10 22 -3 -13 -7 -4 -22 -1 24 -2 -25 -18
right_child=2 10 3 5 11 19 -8 8 15 -11 12 18 13 -15 -16 -17 26 -19 -20 -21 21 -23 -24 25 -26 -27 -28
leaf_value=-4.6589595875373258 1.6222925931436043 4.9182075249065056 -1.6195563297360034 4.0025980190345738 0.53780667877197263 3.2370878175787023 10.34754052382249 5.3189961872588505 1.252779298492644 -1.2929033671617509 -1.1567879200197648 -5.5109724929809571 -0.61981602090304022 -4.4990291066323556 -0.053852500005900181 -0.59082236956706091 -0.09583216559502386 -0.070140626841577985 -3.3425538728039736 0.67540352110429236 2.7660757978338943 0.68871942486228621 -1.4751017266362905 -0.13625044928656685 -1.0557706822899624 3.2012437670158618 -1.8672356741897989
leaf_weight=65 54 22 27 132 20 185 26 88 781 30 828 100 61 62 613 113 62 29 157 55 114 116 30 36 191 33 264
leaf_count=65 54 22 27 132 20 185 26 88 781 30 828 100 61 62 613 113 62 29 157 55 114 116 30 36 191 33 264
internal_value=3.55438e-09 -1.34566 1.57118 2.72501 -2.73796 3.60148 5.0467 1.00123 1.32504 3.638 -0.74391 -3.84521 -0.836049 -2.57519 -0.6876 1.01975 -2.00945 2.0817 -4.1863 2.65004 1.36769 1.71837 -3.65353 -0.0423961 -0.465504 1.45994 -1.53034
internal_weight=4294 2313 1981 655 698 398 158 1326 1012 118 1615 277 1564 123 1441 894 421 51 257 240 257 230 95 314 245 69 326
internal_count=4294 2313 1981 655 698 398 158 1326 1012 118 1615 277 1564 123 1441 894 421 51 257 240 257 230 95 314 245 69 326
is_linear=0
shrinkage=0.02


Tree=58
num_leaves=27
num_cat=0
split_feature=19 19 19 2 17 15 11 19 18 11 7 17 18 17 5 5 12 13 17 1 1 18 5 2 17 13
split_gain=2.18809e+07 6.38183e+06 1.81452e+06 1.75184e+06 1.67203e+06 1.26939e+06 1.14446e+06 1.07015e+06 1.0462e+06 1.10963e+06 1.0136e+06 994566 882674 811239 1.45454e+06 782411 747218 716953 711701 685343 646423 657548 639355 560947 554221 509738
threshold=137.77391523200794 -180.04355767309372 594.00592173111261 2.5000000000000004 521.7308677620814 0.87837969732492616 1.0000000180025095e-35 -45.035955671603205 425.75805861279065 0.6078576107927941 0.49999999999999994 403.14672548601089 596.84090109343026 79.323889297176734 0.12940952255126045 -0.70710678118654735 -0.22252093395631442 -0.60785761079279388 -526.72270218695746 5.5000000000000009 4.5000000000000009 200.81431042818988 -0.60355339059327362 5.5000000000000009 -160.44382504733218 0.6078576107927941
decision_type=2 2 2 2 2 2 2 2 2 2 2 2 2 2 2 2 2 2 2 2 2 2 2 2 2 2
left_child=1 3 4 5 8 18 23 13 10 -10 -2 19 20 14 -3 25 -15 -17 -1 -9 21 -4 -13 -5 -8 -6
right_child=2 7 12 6 15 -7 24 11 9 -11 -12 22 -14 16 -16 17 -18 -19 -20 -21 -22 -23 -24 -25 -26 -27
leaf_value=-2.1055398320068015 2.3445293398283149 -1.4443548396464549 5.3302887953817848 -1.3573723896092307 0.99364746467976628 -7.9895363744099939 -3.5792688524763054 0.38487908365184376 2.9900985884348552 8.2920549468994142 0.96607234983107992 -0.10932805461268272 8.0964820480346678 -3.8174977852900822 0.60193402573838828 1.8000206960633744 -1.1347320520026345 -1.1707671213508548 -4.0530412512675102 -1.0960604335357402 0.46310843879526309 1.3221596388383343 -3.9359848608970642 0.95978657921155286 -1.5629313691826756 4.3768366506825327
leaf_weight=132 675 330 64 323 79 24 149 906 75 20 312 31 20 66 240 43 112 133 174 145 22 22 40 48 86 23
leaf_count=132 675 330 64 323 79 24 149 906 75 20 312 31 20 66 240 43 112 133 174 145 22 22 40 48 86 23
internal_value=1.05668e-09 -1.03965 1.96053 -2.38781 1.74627 -3.56033 -1.74931 -0.364853 2.10173 4.1063 1.90879 0.025796 4.23706 -0.950826 -0.58276 0.362785 -2.12947 -0.44495 -3.21294 0.180563 3.52236 4.30495 -2.26519 -1.05758 -2.84138 1.75652
internal_weight=4294 2806 1488 936 1360 330 606 1870 1082 95 987 1122 128 748 570 278 178 176 306 1051 108 86 71 371 235 102
internal_count=4294 2806 1488 936 1360 330 606 1870 1082 95 987 1122 128 748 570 278 178 176 306 1051 108 86 71 371 235 102
is_linear=0
shrinkage=0.02


Tree=59
num_leaves=26
num_cat=0
split_feature=17 7 18 1 3 3 18 3 15 11 3 3 6 3 18 0 16 15 17 18 18 6 17 18 6
split_gain=5.84252e+06 1.53617e+06 1.50514e+06 1.451e+06 1.85028e+06 1.40967e+06 3.16421e+06 1.90135e+06 2.671e+06 1.53256e+06 2.5016e+06 1.36496e+06 1.14532e+06 1.0534e+06 1.36681e+06 1.02282e+06 1.02015e+06 910224 825219 753332 672800 419131 238803 104970 64458.7
threshold=-180.8970928616927 -0.68301270189221974 965.46180937165911 5.5000000000000009 2.5000000000000004 3.5000000000000004 200.81431042818988 7.5000000000000009 -1.0000000180025095e-35 1.0000000180025095e-35 8.5000000000000018 18.500000000000004 0.1294095225512602 11.500000000000002 -39.478684834251901 10.500000000000002 -0.22252093395631442 -0.8783796973249266 92.670550456871766 -314.23386826658674 45.695262900813766 1.0000000180025095e-35 -568.97059121365589 410.5426841234094 -0.5
decision_type=2 2 2 2 2 2 2 2 2 2 2 2 2 2 2 2 2 2 2 2 2 2 2 2 2
left_child=5 13 3 4 -3 6 22 8 12 15 -11 -5 -7 14 18 -9 -16 20 -2 -19 -15 -10 -1 -8 -24
right_child=1 2 -4 11 -6 7 23 9 21 10 -12 -13 -14 17 16 -17 -18 19 -20 -21 -22 -23 24 -25 -26
leaf_value=-7.8256438191731776 0.97588273212827492 2.7980492631530764 -4.6956401153564453 -1.9987329090109061 0.28364042912591692 7.2320632868153716 -0.42598313158208678 0.30302447177745678 0.70044850570184214 -8.8934837757457395 -1.922750150420651 0.66871993774321026 1.8387781021330092 5.1768301582336429 -0.57841098839328409 -1.431242715023868 2.2369005661440973 -1.9258303646688109 4.9011590129573168 0.60078634120941166 0.9316650590673089 -2.3812142933116243 -4.4375232605707078 1.4351066571694833 -5.9149287301522717
leaf_weight=21 29 125 25 204 1844 28 22 243 27 22 322 123 36 28 84 309 133 54 82 375 32 51 21 27 27
leaf_count=21 29 125 25 204 1844 28 22 243 27 22 322 123 36 28 84 309 133 54 82 375 32 51 21 27 27
internal_value=-2.927e-09 0.447766 0.185226 0.238371 0.443265 -1.21548 -3.28689 -0.979997 1.17017 -1.32076 -2.36855 -0.995379 4.19834 1.19361 2.07048 -0.667788 1.1471 0.605449 3.87564 0.282751 2.91274 -1.31448 -6.04681 0.599515 -5.26856
internal_weight=4294 3138 2321 2296 1969 1156 118 1038 142 896 344 327 64 817 328 552 217 489 111 429 60 78 69 49 48
internal_count=4294 3138 2321 2296 1969 1156 118 1038 142 896 344 327 64 817 328 552 217 489 111 429 60 78 69 49 48
is_linear=0
shrinkage=0.02


Tree=60
num_leaves=29
num_cat=0
split_feature=19 19 0 19 1 17 2 2 3 15 17 15 19 3 7 1 18 15 18 0 6 2 18 17 0 1 17 18
split_gain=2.07406e+07 5.58048e+06 1.96839e+06 2.71699e+06 1.84601e+06 1.77843e+06 2.3507e+06 1.64221e+06 1.28335e+06 1.16137e+06 1.10934e+06 1.08776e+06 971720 819417 777123 752000 1.15807e+06 1.11627e+06 744324 736162 718144 689272 642413 590299 537209 360914 479336 305145
threshold=110.8991194655601 -180.04355767309372 4.5000000000000009 453.84172760229177 4.5000000000000009 176.03346172563582 5.5000000000000009 2.5000000000000004 3.5000000000000004 0.87837969732492616 -640.15053561306365 1.0000000180025095e-35 -45.035955671603205 3.5000000000000004 -1.0000000180025095e-35 4.5000000000000009 220.08939397292491 -1.0000000180025095e-35 -24.237540187261398 20.500000000000004 -0.5 5.5000000000000009 130.86455706573909 854.87358194833735 10.500000000000002 5.5000000000000009 412.68010551314734 -193.2619309698475
decision_type=2 2 2 2 2 2 2 2 2 2 2 2 2 2 2 2 2 2 2 2 2 2 2 2 2 2 2 2
left_child=1 7 15 5 23 6 -4 9 -7 13 22 21 19 -1 -14 16 18 -18 -2 -12 -13 -9 -3 -5 -6 27 -27 -17
right_child=2 10 3 4 24 8 -8 11 -10 -11 12 20 14 -15 -16 25 17 -19 -20 -21 -22 -23 -24 -25 -26 26 -28 -29
leaf_value=-4.4308734771760845 -0.3895791134321801 5.3393662919998164 3.6371840821779693 5.9124582127162384 -0.95880164180483141 -2.5263957447475858 -0.45817648513809495 -1.3657049304174655 1.3510814064453016 -7.6933693631490074 -0.80176341636115345 -4.3338817725604093 0.52819275400704813 -2.3045798439548371 -0.59906859725699835 0.82724301910400388 -6.1196271854898203 -0.37993482647520127 2.4398814793636925 -2.6918120786767257 -1.9777782316207886 1.2230458681634131 0.61014960960105613 2.9428361107321348 3.2175431268865413 -0.96772188186645514 2.9792306668460369 3.8657613216302331
leaf_weight=118 107 20 299 126 28 36 69 330 662 24 623 79 450 188 536 20 23 33 57 95 150 47 27 34 22 32 20 39
leaf_count=118 107 20 299 126 28 36 69 330 662 24 623 79 450 188 536 20 23 33 57 95 150 47 27 34 22 32 20 39
internal_value=2.64091e-09 -1.07494 1.79736 2.15387 4.23317 1.74425 2.8693 -2.32157 1.1511 -3.4568 -0.408551 -1.70337 -0.492157 -3.12452 -0.0845984 0.423039 -0.254095 -2.73731 0.593831 -1.05184 -2.79058 -1.04297 2.62258 5.28141 0.87879 1.76511 0.550337 2.83576
internal_weight=4294 2687 1607 1276 210 1066 368 936 698 330 1751 606 1704 306 986 331 220 56 164 718 229 377 47 160 50 111 52 59
internal_count=4294 2687 1607 1276 210 1066 368 936 698 330 1751 606 1704 306 986 331 220 56 164 718 229 377 47 160 50 111 52 59
is_linear=0
shrinkage=0.02


Tree=61
num_leaves=29
num_cat=0
split_feature=19 19 19 5 15 18 12 18 17 7 18 7 17 15 8 2 18 3 14 18 17 17 19 2 1 2 6 17
split_gain=1.995e+07 3.62347e+06 3.53142e+06 1.77981e+06 1.26159e+06 1.14866e+06 1.14374e+06 1.1901e+06 1.07949e+06 1.02197e+06 972934 941311 911882 878955 849342 1.84889e+06 779146 1.28003e+06 805815 695707 670601 668392 638192 614789 614520 481096 523558 466750
threshold=6.8205104175419073 307.94218248172393 -230.69929969012128 -0.70710678118654735 1.0000000180025095e-35 495.92772654700917 1.0000000180025095e-35 744.02659431880431 266.77917360744601 -0.5 -360.46110263880649 0.93301270189221974 345.07166361678861 0.60785761079279343 1.0000000180025095e-35 4.5000000000000009 220.08939397292491 3.5000000000000004 -0.5617449009293668 -491.40383155906233 383.61165350467951 -541.26512763168273 133.45316513333117 2.5000000000000004 3.5000000000000004 2.5000000000000004 0.1294095225512602 197.22026269785877
decision_type=2 2 2 2 2 2 2 2 2 2 2 2 2 2 2 2 2 2 2 2 2 2 2 2 2 2 2 2
left_child=2 6 4 5 16 24 7 12 14 20 -6 22 -2 -9 21 -16 17 -1 -18 -11 -5 -4 -8 -12 -3 -10 -27 -13
right_child=1 3 8 9 10 -7 11 13 25 19 23 27 -14 -15 15 -17 18 -19 -20 -21 -22 -23 -24 -25 -26 26 -28 -29
leaf_value=-5.5621359015570748 1.8265852673855358 4.7391760597730936 2.9285128261424878 4.7190306077074649 0.64085362243652344 7.7498178049723316 -0.26552255570511274 -4.2843174906877373 -4.6183085346221926 -0.93716361359693112 -5.1252387119256539 -4.1871110813958303 0.12432224382524906 1.1473836544968865 -2.0860401769500196 0.066066102912710034 -2.8992452834373297 -1.8851298556841567 0.40604626579487579 1.6354706899817362 2.2249475679318769 -0.28625389888255731 1.0360982594680455 -3.1322842657488157 2.1958245065337731 -3.9607291205724078 -0.078446257620146773 -0.50164291642330316
leaf_weight=45 577 76 27 67 20 30 316 26 38 48 104 28 161 22 377 277 43 239 94 339 121 618 288 153 76 24 33 27
leaf_count=45 577 76 27 67 20 30 316 26 38 48 104 28 161 22 377 277 43 239 94 339 121 618 288 153 76 24 33 27
internal_value=4.12322e-09 1.32875 -1.39861 2.44966 -2.55987 4.17338 0.741532 1.25675 -0.817155 1.90406 -3.60811 0.127022 1.45522 -1.79479 -0.666645 -1.17452 -1.87017 -2.46775 -0.631381 1.31638 3.1138 -0.151682 0.355118 -3.93877 3.4675 -2.87518 -1.71309 -2.37788
internal_weight=4294 2202 2092 757 698 182 1445 786 1394 575 277 659 738 48 1299 654 421 284 137 387 188 645 604 257 152 95 57 55
internal_count=4294 2202 2092 757 698 182 1445 786 1394 575 277 659 738 48 1299 654 421 284 137 387 188 645 604 257 152 95 57 55
is_linear=0
shrinkage=0.02


Tree=62
num_leaves=30
num_cat=0
split_feature=19 19 0 19 17 3 3 17 15 1 11 17 19 3 0 7 0 14 0 17 3 14 17 17 18 0 12 17 3
split_gain=1.91988e+07 5.56218e+06 1.7074e+06 2.25846e+06 2.06004e+06 1.51586e+06 1.34506e+06 1.29252e+06 1.09506e+06 1.07082e+06 1.0258e+06 990289 1.1088e+06 985875 932715 804731 801195 703700 682020 509587 503848 409383 736221 548265 443489 348014 321538 283914 204524
threshold=137.77391523200794 -180.04355767309372 5.5000000000000009 453.84172760229177 176.03346172563582 8.5000000000000018 23.500000000000004 388.53928339268174 0.87837969732492616 4.5000000000000009 1.0000000180025095e-35 403.14672548601089 -37.900003132222928 3.5000000000000004 11.500000000000002 0.93301270189221974 2.5000000000000004 -0.5617449009293668 14.500000000000002 -160.44382504733218 21.500000000000004 -0.5617449009293668 467.06337416767207 10.780881685518581 -128.51383756751235 3.5000000000000004 1.0000000180025095e-35 -160.44382504733218 12.500000000000002
decision_type=2 2 2 2 2 2 2 2 2 2 2 2 2 2 2 2 2 2 2 2 2 2 2 2 2 2 2 2 2
left_child=1 5 21 4 6 8 -4 17 16 -9 20 12 14 -6 -3 -14 -1 -5 26 -12 -7 22 24 27 -2 -25 -13 -23 -20
right_child=2 11 3 7 13 10 -8 9 -10 -11 19 18 15 -15 -16 -17 -18 -19 28 -21 -22 23 -24 25 -26 -27 -28 -29 -30
leaf_value=-0.1978491104973687 0.94024809122085573 -0.10110368267715913 3.7466610394918871 9.5281259571422225 -2.1973572008537525 -1.2677548779496468 -0.042059896209023215 4.1799317408070982 -7.4369972356160483 0.17286509301927352 -3.3799797109309457 -2.5505929250717161 0.36778213942504451 1.3525466580233301 -1.484601427009657 -1.6999218965448983 -3.3741875586068186 4.9375523968303909 -1.9590399622034145 -1.4465401331214016 0.92830865939458207 -0.20277399444580077 -1.6211364923204696 0.036441459150025335 3.9334690128673206 1.7353358691303353 -6.1368870020806785 -3.2481817722320558 0.6726319394792829
leaf_weight=36 36 382 253 22 33 323 44 103 24 36 149 20 920 605 398 82 270 34 27 86 48 25 21 132 44 76 20 24 21
leaf_count=36 36 382 253 22 33 323 44 103 24 36 149 20 920 605 398 82 270 34 27 86 48 25 21 132 44 76 20 24 21
internal_value=2.67388e-09 -0.973853 1.83645 2.21777 1.80945 -2.23246 3.18537 4.17565 -3.32315 3.14213 -1.63852 -0.343875 -0.241598 1.16893 -0.807042 0.198569 -3.0005 6.74099 -2.41498 -2.67242 -0.983628 0.632815 1.71166 0.208833 2.58652 0.657191 -4.34374 -1.6944 -0.807684
internal_weight=4294 2806 1488 1130 935 936 297 195 330 139 606 1870 1782 638 780 1002 306 56 88 235 371 358 101 257 80 208 40 49 48
internal_count=4294 2806 1488 1130 935 936 297 195 330 139 606 1870 1782 638 780 1002 306 56 88 235 371 358 101 257 80 208 40 49 48
is_linear=0
shrinkage=0.02


Tree=63
num_leaves=29
num_cat=0
split_feature=19 19 19 0 17 13 0 17 3 17 15 17 0 19 6 2 19 15 19 19 0 2 11 0 17 1 17 0
split_gain=1.84406e+07 3.56424e+06 3.09461e+06 1.8339e+06 1.43726e+06 1.11136e+06 1.11008e+06 1.80314e+06 2.02588e+06 1.10943e+06 976912 944856 919614 822413 737447 777147 664607 653539 514647 481170 505253 443679 428128 424009 548201 357292 328516 234765
threshold=-2.5260227852348858 307.94218248172393 -306.0453134418662 7.5000000000000009 362.78969223230348 -0.60785761079279388 5.5000000000000009 -4.8544233438160509 15.500000000000002 -770.08666147615065 1.0000000180025095e-35 266.77917360744601 20.500000000000004 386.48785477820627 0.37940952255126048 3.5000000000000004 155.41561323738196 -0.8783796973249266 615.55805022244783 113.94495578340106 2.5000000000000004 2.5000000000000004 -0.8783796973249266 2.5000000000000004 -410.04134593302928 1.5000000000000002 -183.69229545654159 14.500000000000002
decision_type=2 2 2 2 2 2 2 2 2 2 2 2 2 2 2 2 2 2 2 2 2 2 2 2 2 2 2 2
left_child=2 6 10 17 5 -5 19 8 -8 27 23 12 -11 -6 26 -16 -9 -3 -19 20 -2 -13 -21 24 -1 -25 -12 -4
right_child=1 3 9 4 13 -7 7 16 -10 11 14 21 -14 -15 15 -17 -18 18 -20 22 -22 -23 -24 25 -26 -27 -28 -29
leaf_value=2.1777526264190676 0.09360045143149115 -1.5106892384423152 3.7595690409342453 0.87621504729793909 0.7121055510020492 4.9901832879906474 4.4241662981199186 -0.035512624308466911 0.94404329816251986 -0.73758501383096475 -5.6358454101085655 -4.6350670178731281 -2.2966907380209411 2.9356348641713459 -3.7465667117635411 0.79283547401428223 1.0770479824870556 0.97067581733708741 3.583158475028144 2.7182050704956056 -2.0097264528776471 -1.8245389283378168 0.04583325608761725 -0.7817468073151328 -2.3973216249726037 -2.7848359496134485 -3.3567867928582267 0.73186369252204897
leaf_weight=20 88 36 21 31 101 172 115 416 160 1259 80 39 172 195 48 22 444 186 36 28 95 53 167 44 22 187 37 20
leaf_count=20 88 36 21 31 101 172 115 416 160 1259 80 39 172 195 48 22 444 186 36 28 95 53 167 44 22 187 37 20
internal_value=2.07471e-09 1.23759 -1.38801 2.35799 3.06582 4.36194 0.677025 0.989658 2.39937 -0.963894 -2.83002 -1.05129 -0.924983 2.17693 -3.94364 -2.3199 0.538879 0.988971 1.39432 -0.261702 -0.998291 -3.01596 0.429558 -2.06721 -0.218715 -2.4033 -4.91512 2.28264
internal_weight=4294 2270 2024 757 499 203 1513 1135 275 1564 460 1523 1431 296 187 70 860 258 222 378 183 92 195 273 42 231 117 41
internal_count=4294 2270 2024 757 499 203 1513 1135 275 1564 460 1523 1431 296 187 70 860 258 222 378 183 92 195 273 42 231 117 41
is_linear=0
shrinkage=0.02


Tree=64
num_leaves=30
num_cat=0
split_feature=19 19 0 19 17 2 2 17 15 15 17 19 1 18 0 17 6 14 0 1 2 14 17 17 18 0 12 17 1
split_gain=1.77285e+07 5.18765e+06 1.58519e+06 2.11935e+06 1.91937e+06 1.41706e+06 1.27543e+06 1.07584e+06 1.02891e+06 989970 939721 1.02596e+06 910927 845916 745986 719738 673659 661839 653384 635179 629639 379540 705132 526348 427987 333693 308735 272350 166129
threshold=137.77391523200794 -180.04355767309372 5.5000000000000009 461.11944493152401 176.03346172563582 2.5000000000000004 5.5000000000000009 388.53928339268174 0.87837969732492616 1.0000000180025095e-35 403.14672548601089 -45.035955671603205 4.5000000000000009 698.93837524330422 2.5000000000000004 -667.73321297709469 -0.5 -0.5617449009293668 14.500000000000002 5.5000000000000009 5.5000000000000009 -0.5617449009293668 467.06337416767207 10.780881685518581 -128.51383756751235 3.5000000000000004 1.0000000180025095e-35 -160.44382504733218 4.5000000000000009
decision_type=2 2 2 2 2 2 2 2 2 2 2 2 2 2 2 2 2 2 2 2 2 2 2 2 2 2 2 2 2
left_child=1 5 21 4 6 8 -4 17 14 20 11 15 -9 -6 -1 -3 -11 -5 26 -13 -7 22 24 27 -2 -25 -12 -23 -20
right_child=2 10 3 7 13 9 -8 12 -10 16 18 19 -14 -15 -16 -17 -18 -19 28 -21 -22 23 -24 25 -26 -27 -28 -29 -30
leaf_value=-0.18874265405866836 0.88268887652291195 2.6029329291979475 3.6263097648475116 9.2816642761230472 1.2783475395980155 -1.2555035164591037 -0.061971395882693202 4.1129183460510879 -7.1935084152221682 -4.1089844655990602 -2.4757032356262205 0.36912807272891074 0.26610859870910647 -2.7115271789377386 -3.2536886782822787 -0.91883428674101664 -1.8270219448725382 4.6831523049262263 0.26591164836177117 -1.0565826389378514 1.2187287403674836 -0.20713885955810546 -1.6179252470107306 0.028191903432210289 3.8231324421275747 1.6917637336881537 -5.9898743934631353 -3.1898833560943602 -2.1059106259118945
leaf_weight=36 36 24 254 21 628 330 44 97 24 79 20 906 33 22 270 707 150 31 27 145 47 25 21 132 44 76 20 24 21
leaf_count=36 36 24 254 21 628 330 44 97 24 79 20 906 33 22 270 707 150 31 27 145 47 25 21 132 44 76 20 24 21
internal_value=3.48494e-09 -0.93582 1.76472 2.13215 1.75264 -2.15132 3.08173 4.10894 -3.20586 -1.57706 -0.32742 -0.227789 3.13642 1.14331 -2.89311 -0.803209 -2.61425 6.54024 -2.34496 0.172432 -0.947045 0.604966 1.64374 0.19673 2.49993 0.636035 -4.23279 -1.66807 -0.771761
internal_weight=4294 2806 1488 1130 948 936 298 182 330 606 1870 1782 130 650 306 731 229 52 88 1051 377 358 101 257 80 208 40 49 48
internal_count=4294 2806 1488 1130 948 936 298 182 330 606 1870 1782 130 650 306 731 229 52 88 1051 377 358 101 257 80 208 40 49 48
is_linear=0
shrinkage=0.02


Tree=65
num_leaves=28
num_cat=0
split_feature=19 19 19 5 11 15 16 18 15 6 17 18 0 1 18 0 17 18 6 15 18 18 19 17 1 19 18
split_gain=1.70599e+07 3.62776e+06 2.56761e+06 1.62459e+06 1.63858e+06 1.11932e+06 939938 991979 1.19597e+06 1.09602e+06 926799 912445 903648 1.09288e+06 1.0372e+06 748948 1.22667e+06 736218 723911 717794 657780 636750 531050 513895 497151 399368 231910
threshold=41.325490731441384 -230.69929969012128 332.62100803312711 -0.70710678118654735 0.6078576107927941 1.0000000180025095e-35 -0.5617449009293668 547.95996135161579 -1.0000000180025095e-35 0.60355339059327384 -667.73321297709469 -360.46110263880649 21.500000000000004 2.5000000000000004 96.683570976339084 4.5000000000000009 185.28144732535932 -268.79396987588547 0.78656609248549303 -0.8783796973249266 353.62660049581251 -108.78604817853282 -427.76551570715498 824.69201535500554 3.5000000000000004 -244.78946981354065 200.81431042818988
decision_type=2 2 2 2 2 2 2 2 2 2 2 2 2 2 2 2 2 2 2 2 2 2 2 2 2 2 2
left_child=1 5 6 4 23 17 20 9 -9 -8 18 -7 14 -14 -12 19 -17 24 -3 -5 21 -2 -13 -4 -1 -19 -6
right_child=2 10 3 15 26 11 7 8 -10 -11 12 22 13 -15 -16 16 -18 25 -20 -21 -22 -23 -24 -25 -26 -27 -28
leaf_value=-1.4991542143570749 0.80491358016570702 4.7430056098916316 3.4318338756770879 -2.6966244134035975 6.0422450861437564 0.75592583465576169 1.8574525957410968 -3.6360492502318489 1.23102300890114 0.29057605210029086 -1.0536832659313644 -4.8182048456192019 -0.47730919337663497 -4.2478853884050922 0.0316130967163534 5.0140016661192242 1.8027832483500243 -1.0913682713909867 -0.068127600858951434 1.2141169552505016 2.595724913279216 -0.94180713241750535 -2.9534817462666019 -0.10889590412378311 -4.4524476288912584 -4.0084592347145085 8.8416995811462407
leaf_weight=38 139 22 91 22 29 20 607 36 46 253 828 100 61 62 613 57 288 306 29 128 36 209 157 20 57 20 20
leaf_count=38 139 22 91 22 29 20 607 36 46 253 828 100 61 62 613 57 288 306 29 128 36 209 157 20 57 20 20
internal_value=3.00088e-09 -1.16665 1.36218 2.38665 4.13861 -2.37147 0.856116 1.19609 -0.90574 1.3965 -0.645935 -3.35884 -0.732452 -2.37792 -0.591999 1.82037 2.33333 -1.72182 2.00726 0.640542 0.022113 -0.244123 -3.67905 2.79386 -3.27113 -1.27033 7.18488
internal_weight=4294 2313 1981 655 160 698 1326 942 82 860 1615 277 1564 123 1441 495 345 421 51 150 384 348 257 111 95 326 49
internal_count=4294 2313 1981 655 160 698 1326 942 82 860 1615 277 1564 123 1441 495 345 421 51 150 384 348 257 111 95 326 49
is_linear=0
shrinkage=0.02


Tree=66
num_leaves=29
num_cat=0
split_feature=19 19 19 0 17 13 17 0 17 3 9 15 9 3 19 6 3 15 7 19 12 7 0 1 13 3 17 0
split_gain=1.64222e+07 3.17751e+06 2.7621e+06 1.65234e+06 1.31239e+06 1.03243e+06 1.03047e+06 1.02319e+06 1.7187e+06 1.92055e+06 912439 869868 851047 786250 700968 697872 731266 599038 583552 495680 474168 716139 399374 796147 323673 323417 310192 220933
threshold=-2.5260227852348858 307.94218248172393 -306.0453134418662 7.5000000000000009 362.78969223230348 -0.60785761079279388 -770.08666147615065 5.5000000000000009 -4.8544233438160509 15.500000000000002 1.3780371393590666e-15 1.0000000180025095e-35 1.3780371393590666e-15 10.500000000000002 -144.84163307512236 0.37940952255126048 12.500000000000002 -0.8783796973249266 -0.50000000000000078 615.55805022244783 -0.22252093395631442 0.93301270189221974 17.500000000000004 3.5000000000000004 -1.0000000180025095e-35 23.500000000000004 -183.69229545654159 14.500000000000002
decision_type=2 2 2 2 2 2 2 2 2 2 2 2 2 2 2 2 2 2 2 2 2 2 2 2 2 2 2 2
left_child=2 7 11 17 5 -5 27 20 9 -9 14 22 -10 -6 -8 26 -17 -3 -12 -19 25 -22 23 -1 -24 -2 -13 -4
right_child=1 3 6 4 13 -7 10 8 12 -11 18 15 -14 -15 -16 16 -18 19 -20 -21 21 -23 24 -25 -26 -27 -28 -29
leaf_value=-0.22441397903487087 0.18349046064635455 -1.4668774983617994 3.6524639819917226 0.77652807727936779 2.7679044596813429 4.7417112859459811 -2.0476092129521111 4.2865297561313795 -0.022533040013967779 0.89808889133483183 0.48384792890980016 -5.3684157752692707 1.2581362573487418 0.57184682598740788 -0.91503880549621375 -3.5273669862747195 0.87599747571078213 0.89860121145043326 -0.82412981311297084 3.4624908860524495 -0.32427575840163481 -3.2943915675236628 -5.1230945499126737 -2.6219677180097301 -1.7388578231334686 2.6099454328748912 -3.1538323015780061 0.71530356931686401
leaf_weight=96 118 36 21 31 199 172 386 115 510 160 199 80 350 97 504 48 22 186 434 36 194 39 26 131 20 27 37 20
leaf_count=96 118 36 21 31 199 172 386 115 510 160 199 80 350 97 504 48 22 186 434 36 194 39 26 131 20 27 37 20
internal_value=2.19251e-09 1.1679 -1.30985 2.22577 2.89765 4.13619 -0.909166 0.638619 0.938767 2.31507 -0.993397 -2.67219 0.49867 2.04825 -1.40624 -3.72303 -2.14345 0.926286 -0.412933 1.31437 -0.26262 -0.82142 -1.95238 -1.60802 -3.65169 0.635313 -4.66808 2.2197
internal_weight=4294 2270 2024 757 499 203 1564 1513 1135 275 1523 460 860 296 890 187 70 258 633 222 378 233 273 227 46 145 117 41
internal_count=4294 2270 2024 757 499 203 1564 1513 1135 275 1523 460 860 296 890 187 70 258 633 222 378 233 273 227 46 145 117 41
is_linear=0
shrinkage=0.02


Tree=67
num_leaves=26
num_cat=0
split_feature=19 19 19 2 0 9 15 15 19 18 18 16 0 18 6 2 2 1 18 0 19 2 18 2 18
split_gain=1.58488e+07 4.61256e+06 1.46297e+06 1.30016e+06 1.1293e+06 1.02221e+06 945365 917205 781563 793830 776287 749507 706782 693627 634992 605983 562980 551336 607111 544229 499628 398709 339489 1.2696e+06 787287
threshold=137.77391523200794 -180.04355767309372 594.00592173111261 2.5000000000000004 5.5000000000000009 1.3780371393590666e-15 0.87837969732492616 1.0000000180025095e-35 -45.035955671603205 965.46180937165911 596.84090109343026 -0.5617449009293668 2.5000000000000004 240.42321908276702 -0.5 5.5000000000000009 3.5000000000000004 4.5000000000000009 200.81431042818988 20.500000000000004 359.08424913299456 2.5000000000000004 210.01350503382039 3.5000000000000004 108.62540354208978
decision_type=2 2 2 2 2 2 2 2 2 2 2 2 2 2 2 2 2 2 2 2 2 2 2 2 2
left_child=1 3 4 6 22 20 12 15 13 11 17 -10 -1 19 -9 -5 -7 18 -4 -3 -6 -15 24 -24 -2
right_child=2 8 10 7 5 16 -8 14 9 -11 -12 -13 -14 21 -16 -17 -18 -19 -20 -21 -22 -23 23 -25 -26
leaf_value=-0.10894143872790867 0.37004768523100384 -0.99095637921992452 4.7504169240593912 -1.1770927186626376 0.92507019068320961 3.258405106411324 -6.8634046363830565 -3.9304516537883614 -0.68450456071951804 -3.8292442267281666 7.3320648484230038 0.44497879674432994 -3.0922656044397088 1.4606319381395978 -1.7149476701100668 1.2502150624863644 1.7600941106856194 0.21714045828038994 0.89907572226090871 -2.9550661500784066 2.1469715960131728 -0.40375117840522379 -3.6792561496387828 1.5360428792376852 3.7803416245983494
leaf_weight=36 214 428 64 330 442 222 24 79 340 21 20 761 270 60 150 47 183 22 22 65 192 195 33 43 31
leaf_count=36 214 428 64 330 442 222 24 79 340 21 20 761 270 60 150 47 183 22 22 65 192 195 33 43 31
internal_value=7.56289e-10 -0.884819 1.66855 -2.03097 1.47616 1.7965 -3.04108 -1.4809 -0.311133 0.0227123 3.71269 0.0961828 -2.74129 -0.811901 -2.47925 -0.874484 2.58139 3.04244 3.76519 -1.24992 1.29511 0.0349272 0.4393 -0.728495 0.801554
internal_weight=4294 2806 1488 936 1360 1039 330 606 1870 1122 128 1101 306 748 229 377 405 108 86 493 634 255 321 76 245
internal_count=4294 2806 1488 936 1360 1039 330 606 1870 1122 128 1101 306 748 229 377 405 108 86 493 634 255 321 76 245
is_linear=0
shrinkage=0.02


Tree=68
num_leaves=24
num_cat=0
split_feature=19 19 19 17 0 3 1 19 3 17 17 7 5 7 17 1 0 0 8 13 15 0 2
split_gain=1.52234e+07 4.10663e+06 1.53126e+06 1.43691e+06 1.29697e+06 1.40259e+06 1.27466e+06 1.16046e+06 1.00584e+06 980026 750347 731488 703175 678251 671060 637253 596645 523141 438715 437198 417565 402493 119536
threshold=110.8991194655601 -180.04355767309372 594.00592173111261 854.87358194833735 4.5000000000000009 10.500000000000002 1.0000000180025095e-35 -460.53714058947395 3.5000000000000004 -640.15053561306365 266.77917360744601 -0.68301270189221974 0.78656609248549325 0.49999999999999994 -738.458219488586 4.5000000000000009 3.5000000000000004 2.5000000000000004 6.2778622972216563e-16 -1.0000000180025095e-35 -0.60785761079279366 3.5000000000000004 1.5000000000000002
decision_type=2 2 2 2 2 2 2 2 2 2 2 2 2 2 2 2 2 2 2 2 2 2 2
left_child=1 6 3 4 15 -6 8 16 -1 21 13 -4 -12 -11 -9 -2 -8 -10 20 -5 -13 -3 -20
right_child=2 9 11 19 5 -7 7 14 17 10 12 18 -14 -15 -16 -17 -18 -19 22 -21 -22 -23 -24
leaf_value=-4.0977034767965481 -0.37321035532318819 0.68787924289703373 6.3128845030261633 -0.14518880150534891 2.5318242918743805 1.1231668077712176 -1.377525644166129 1.0722189648398037 -2.3126621651649475 -0.012360082579121365 -1.0653440443269766 6.1497187337008397 -4.3182227067649368 -0.94965301006687453 -2.0464489476275736 1.5823693707909914 -4.2850054671013194 0.95455130815505984 2.4716168030825529 -4.0888542938232426 2.4676949949349676 4.3903227573892343 0.45023915405273435
leaf_weight=24 196 24 31 22 527 610 35 29 24 1083 157 22 32 432 571 101 146 107 22 23 28 23 25
leaf_count=24 196 24 31 22 527 610 35 29 24 1083 157 22 32 432 571 101 146 107 22 23 28 23 25
internal_value=6.25474e-10 -0.920936 1.53986 1.35824 1.46867 1.77608 -1.99035 -2.31914 -0.333624 -0.349281 -0.427863 3.63844 -1.6161 -0.279628 -1.89571 0.291818 -3.72279 0.355978 2.78372 -2.16084 4.08779 2.49971 1.39642
internal_weight=4294 2687 1607 1479 1434 1137 936 781 155 1751 1704 128 189 1515 600 297 181 131 97 45 50 47 47
internal_count=4294 2687 1607 1479 1434 1137 936 781 155 1751 1704 128 189 1515 600 297 181 131 97 45 50 47 47
is_linear=0
shrinkage=0.02


Tree=69
num_leaves=31
num_cat=0
split_feature=19 19 19 5 11 0 17 3 15 17 17 8 0 7 0 17 3 8 3 1 3 2 12 7 19 3 3 1 3 3
split_gain=1.46636e+07 2.85525e+06 2.44865e+06 1.47888e+06 1.53961e+06 1.11177e+06 1.83038e+06 1.82739e+06 951560 881726 781019 808150 760440 690127 645837 1.15135e+06 970069 591637 543512 494653 569209 551139 475450 661725 456181 434048 1.34474e+06 772532 422570 363445
threshold=-2.5260227852348858 332.62100803312711 -266.87097326691656 -0.70710678118654735 0.6078576107927941 5.5000000000000009 -4.8544233438160509 15.500000000000002 1.0000000180025095e-35 -599.42696923731899 266.77917360744601 1.0000000180025095e-35 16.500000000000004 -0.68301270189221974 4.5000000000000009 185.28144732535932 13.500000000000002 0.49999999999999967 6.5000000000000009 4.5000000000000009 7.5000000000000009 2.5000000000000004 -0.22252093395631442 0.93301270189221974 260.88052390613308 3.5000000000000004 6.5000000000000009 5.5000000000000009 7.5000000000000009 6.5000000000000009
decision_type=2 2 2 2 2 2 2 2 2 2 2 2 2 2 2 2 2 2 2 2 2 2 2 2 2 2 2 2 2 2
left_child=2 5 8 4 18 22 7 -7 25 12 11 -11 17 -8 16 -16 -5 -4 -3 21 -21 -10 24 -24 -2 27 -27 -1 -12 -6
right_child=1 3 9 14 29 6 13 -9 19 10 28 -13 -14 -15 15 -17 -18 -19 -20 20 -22 -23 23 -25 -26 26 -28 -29 -30 -31
leaf_value=-1.4102902338955854 1.0756079213101735 4.3124055437608204 5.5423357601165781 -0.47142988735153557 5.0837796405951181 4.1918631274719544 1.2777161016359597 0.95847746388779742 -5.8379883623123172 -0.30282974722507122 -4.5661495614051821 -1.2980527832582593 -1.4172987409432731 0.13131897019758457 4.7505155158461188 1.6394416366434761 3.0383188069661458 0.83892287876295002 1.4513106760338172 -3.9376858716262011 -0.5960830305923116 -3.1943003159502279 -0.34848984340629957 -3.1352794917036846 -1.9273132133483888 2.5666713849959839 -1.8515175470661731 -6.0175933647155766 -1.6942975091097647 8.529435516357422
leaf_weight=37 129 44 20 105 24 123 319 162 48 666 32 640 24 615 57 288 45 23 67 38 44 92 202 41 24 31 248 24 57 25
leaf_count=37 129 44 20 105 24 123 319 162 48 666 32 640 24 615 57 288 45 23 67 38 44 92 202 41 24 31 248 24 57 25
internal_value=-3.22245e-09 1.1036 -1.23773 2.21739 3.88894 0.651877 0.950964 2.35394 -2.35974 -0.806432 -0.914072 -0.790535 1.43473 0.522861 1.6771 2.15345 0.581495 3.02656 2.58544 -3.37819 -2.14463 -4.10071 -0.268797 -0.818689 0.604561 -1.69474 -1.36061 -3.223 -2.72687 6.84177
internal_weight=4294 2270 2024 655 160 1615 1219 285 562 1462 1395 1306 67 934 495 345 150 43 111 222 82 140 396 243 153 340 279 61 89 49
internal_count=4294 2270 2024 655 160 1615 1219 285 562 1462 1395 1306 67 934 495 345 150 43 111 222 82 140 396 243 153 340 279 61 89 49
is_linear=0
shrinkage=0.02


Tree=70
num_leaves=26
num_cat=0
split_feature=19 19 19 17 3 0 19 19 17 16 3 3 9 17 18 7 19 0 5 11 18 0 18 2 13
split_gain=1.4157e+07 4.09586e+06 1.32253e+06 1.52633e+06 1.33384e+06 1.39064e+06 1.30068e+06 1.27267e+06 1.11269e+06 1.05202e+06 1.01789e+06 1.21893e+06 940344 884794 729924 696854 701760 674492 555527 518877 576693 508704 348777 269972 192165
threshold=137.77391523200794 -142.92901681102697 594.00592173111261 521.7308677620814 2.5000000000000004 5.5000000000000009 -460.53714058947395 185.29884650600908 -738.458219488586 1.0000000180025095e-35 3.5000000000000004 12.500000000000002 -3.6739403974420589e-16 403.14672548601089 596.84090109343026 0.93301270189221974 6.8205104175419073 15.500000000000002 -0.60355339059327362 -0.60785761079279388 200.81431042818988 13.500000000000002 -302.61492365930275 1.5000000000000002 0.6078576107927941
decision_type=2 2 2 2 2 2 2 2 2 2 2 2 2 2 2 2 2 2 2 2 2 2 2 2 2
left_child=1 6 3 4 7 -6 9 -2 21 23 -5 -12 -10 15 19 16 -3 -11 -15 -4 -21 -8 -17 -1 -20
right_child=2 13 14 10 5 -7 8 -9 12 17 11 -13 -14 18 -16 22 -18 -19 24 20 -22 -23 -24 -25 -26
leaf_value=-5.4031651441256203 0.45418401978232648 -0.33730952396313157 0.12973214691335505 -3.1697851874547851 0.33038826481326594 2.000500253534649 3.8782688758486792 6.2826139799077465 -2.366580674818584 0.17166935941006276 1.7119839139814144 -1.1580425935836123 -1.0557699952924744 -0.22350908503812902 7.0301549110412598 -3.4356947846248231 0.55868674756387871 -4.2135546474456786 -2.2972040550231934 4.5319813148677346 0.77836143233559352 -0.30691991200813884 -0.93883827117024643 -3.5458425295419165 -4.7769772705078122
leaf_weight=48 22 838 22 34 273 740 21 47 371 47 143 101 534 34 20 29 600 20 25 64 22 26 98 90 25
leaf_count=48 22 838 22 34 273 740 21 47 371 47 143 101 534 34 20 29 600 20 25 64 22 26 98 90 25
internal_value=2.60653e-09 -0.836261 1.57698 1.39406 1.73368 1.55041 -1.74849 4.42427 -1.43731 -3.19356 0.0722255 0.523981 -1.59313 -0.196209 3.52053 -0.0888784 0.0365415 -1.13735 -2.19588 2.8706 3.57175 1.56306 -1.50899 -4.19187 -3.53709
internal_weight=4294 2806 1488 1360 1082 1013 1157 69 952 205 278 244 905 1649 128 1565 1438 67 84 108 86 47 127 138 50
internal_count=4294 2806 1488 1360 1082 1013 1157 69 952 205 278 244 905 1649 128 1565 1438 67 84 108 86 47 127 138 50
is_linear=0
shrinkage=0.02


end of trees

feature_importances:
rolling_resid_24h=412
lag_resid_24h=354
lag_resid_168h=188
week=174
hour=171
dow=99
sin_dow_3=92
cos_hour_1=86
month=67
sin_hour_2=56
sin_dow_1=55
cos_dow_3=51
sin_hour_1=49
cos_hour_2=33
cos_dow_1=29
sin_dow_2=27
sin_hour_3=17
cos_dow_2=10
is_weekend=5
cos_hour_3=2

parameters:
[boosting: gbdt]
[objective: regression]
[metric: l2]
[tree_learner: serial]
[device_type: cpu]
[data_sample_strategy: bagging]
[data: ]
[valid: ]
[num_iterations: 1000]
[learning_rate: 0.02]
[num_leaves: 31]
[num_threads: 2]
[seed: 42]
[deterministic: 0]
[force_col_wise: 0]
[force_row_wise: 0]
[histogram_pool_size: -1]
[max_depth: 5]
[min_data_in_leaf: 20]
[min_sum_hessian_in_leaf: 0.001]
[bagging_fraction: 0.8]
[pos_bagging_fraction: 1]
[neg_bagging_fraction: 1]
[bagging_freq: 0]
[bagging_seed: 400]
[bagging_by_query: 0]
[feature_fraction: 0.8]
[feature_fraction_bynode: 1]
[feature_fraction_seed: 30056]
[extra_trees: 0]
[extra_seed: 12879]
[early_stopping_round: 0]
[early_stopping_min_delta: 0]
[first_metric_only: 0]
[max_delta_step: 0]
[lambda_l1: 0]
[lambda_l2: 0]
[linear_lambda: 0]
[min_gain_to_split: 0]
[drop_rate: 0.1]
[max_drop: 50]
[skip_drop: 0.5]
[xgboost_dart_mode: 0]
[uniform_drop: 0]
[drop_seed: 17869]
[top_rate: 0.2]
[other_rate: 0.1]
[min_data_per_group: 100]
[max_cat_threshold: 32]
[cat_l2: 10]
[cat_smooth: 10]
[max_cat_to_onehot: 4]
[top_k: 20]
[monotone_constraints: ]
[monotone_constraints_method: basic]
[monotone_penalty: 0]
[feature_contri: ]
[forcedsplits_filename: ]
[refit_decay_rate: 0.9]
[cegb_tradeoff: 1]
[cegb_penalty_split: 0]
[cegb_penalty_feature_lazy: ]
[cegb_penalty_feature_coupled: ]
[path_smooth: 0]
[interaction_constraints: ]
[verbosity: -1]
[saved_feature_importance_type: 0]
[use_quantized_grad: 0]
[num_grad_quant_bins: 4]
[quant_train_renew_leaf: 0]
[stochastic_rounding: 1]
[linear_tree: 0]
[max_bin: 255]
[max_bin_by_feature: ]
[min_data_in_bin: 3]
[bin_construct_sample_cnt: 200000]
[data_random_seed: 175]
[is_enable_sparse: 1]
[enable_bundle: 1]
[use_missing: 1]
[zero_as_missing: 0]
[feature_pre_filter: 1]
[pre_partition: 0]
[two_round: 0]
[header: 0]
[label_column: ]
[weight_column: ]
[group_column: ]
[ignore_column: ]
[categorical_feature: ]
[forcedbins_filename: ]
[precise_float_parser: 0]
[parser_config_file: ]
[objective_seed: 16083]
[num_class: 1]
[is_unbalance: 0]
[scale_pos_weight: 1]
[sigmoid: 1]
[boost_from_average: 1]
[reg_sqrt: 0]
[alpha: 0.9]
[fair_c: 1]
[poisson_max_delta_step: 0.7]
[tweedie_variance_power: 1.5]
[lambdarank_truncation_level: 30]
[lambdarank_norm: 1]
[label_gain: ]
[lambdarank_position_bias_regularization: 0]
[eval_at: ]
[multi_error_top_k: 1]
[auc_mu_weights: ]
[num_machines: 1]
[local_listen_port: 12400]
[time_out: 120]
[machine_list_filename: ]
[machines: ]
[gpu_platform_id: -1]
[gpu_device_id: -1]
[gpu_use_dp: 0]
[num_gpu: 1]

end of parameters

pandas_categorical:[]
