ds,yhat
2021-01-01 00:00:00,10104.360375739363
2021-01-01 01:00:00,10092.417088120863
2021-01-01 02:00:00,10070.286137295634
2021-01-01 03:00:00,10092.740549910543
2021-01-01 04:00:00,10191.636875107717
2021-01-01 05:00:00,10346.31173986276
2021-01-01 06:00:00,10496.972433184981
2021-01-01 07:00:00,10586.54483562349
2021-01-01 08:00:00,10595.165527948346
2021-01-01 09:00:00,10543.275406248431
2021-01-01 10:00:00,10469.251152519615
2021-01-01 11:00:00,10406.022723760438
2021-01-01 12:00:00,10373.295996485502
2021-01-01 13:00:00,10380.614542797253
2021-01-01 14:00:00,10426.364538102916
2021-01-01 15:00:00,10488.955019989378
2021-01-01 16:00:00,10523.973881455126
2021-01-01 17:00:00,10482.339439949928
2021-01-01 18:00:00,10344.287352920188
2021-01-01 19:00:00,10142.324826744107
2021-01-01 20:00:00,9948.099476538708
2021-01-01 21:00:00,9826.710128315179
2021-01-01 22:00:00,9792.647472718838
2021-01-01 23:00:00,9804.21861139602
2021-01-02 00:00:00,9802.388066837528
2021-01-02 01:00:00,9761.767635538044
2021-01-02 02:00:00,9710.665644061457
2021-01-02 03:00:00,9704.065861157118
2021-01-02 04:00:00,9774.049729036567
2021-01-02 05:00:00,9900.19104689939
2021-01-02 06:00:00,10022.944473852498
2021-01-02 07:00:00,10085.49118850081
2021-01-02 08:00:00,10068.228562737771
2021-01-02 09:00:00,9991.861202789883
2021-01-02 10:00:00,9895.029734872007
2021-01-02 11:00:00,9810.925528162632
2021-01-02 12:00:00,9759.510523358196
2021-01-02 13:00:00,9750.576175366754
2021-01-02 14:00:00,9782.745543059229
2021-01-02 15:00:00,9834.650779032749
2021-01-02 16:00:00,9862.0864356016
2021-01-02 17:00:00,9816.158461101415
2021-01-02 18:00:00,9677.2686887972
2021-01-02 19:00:00,9478.066795631818
2021-01-02 20:00:00,9290.31711675919
2021-01-02 21:00:00,9179.207633996068
2021-01-02 22:00:00,9159.289071186704
2021-01-02 23:00:00,9188.898159292601
2021-01-03 00:00:00,9208.99766002059
2021-01-03 01:00:00,9194.1655430875
2021-01-03 02:00:00,9172.643888367416
2021-01-03 03:00:00,9199.317774053246
2021-01-03 04:00:00,9306.137818188874
2021-01-03 05:00:00,9472.51550731322
2021-01-03 06:00:00,9638.71267577941
2021-01-03 07:00:00,9747.688466137033
2021-01-03 08:00:00,9779.590616877747
2021-01-03 09:00:00,9754.848416326267
2021-01-03 10:00:00,9711.803681690468
2021-01-03 11:00:00,9683.327934798694
2021-01-03 12:00:00,9689.044918251067
2021-01-03 13:00:00,9738.39243333829
2021-01-03 14:00:00,9829.627502898804
2021-01-03 15:00:00,9941.007080231706
2021-01-03 16:00:00,10027.944686599953
2021-01-03 17:00:00,10041.162816361286
2021-01-03 18:00:00,9960.680876006763
2021-01-03 19:00:00,9818.770597561794
2021-01-03 20:00:00,9686.826275803523
2021-01-03 21:00:00,9629.67711054376
2021-01-03 22:00:00,9661.529551549484
2021-01-03 23:00:00,9740.393673830658
2021-01-04 00:00:00,9806.926139272071
2021-01-04 01:00:00,9835.422108116783
2021-01-04 02:00:00,9853.866642747855
2021-01-04 03:00:00,9916.915838415003
2021-01-04 04:00:00,10056.321324638127
2021-01-04 05:00:00,10251.327250833274
2021-01-04 06:00:00,10442.061102743553
2021-01-04 07:00:00,10571.38166675563
2021-01-04 08:00:00,10619.370978668287
2021-01-04 09:00:00,10606.427590236948
2021-01-04 10:00:00,10570.897510495493
2021-01-04 11:00:00,10545.69099555051
2021-01-04 12:00:00,10550.504336612723
2021-01-04 13:00:00,10594.880637378143
2021-01-04 14:00:00,10677.213597512662
2021-01-04 15:00:00,10775.926540263185
2021-01-04 16:00:00,10846.627087115727
2021-01-04 17:00:00,10840.257341937913
2021-01-04 18:00:00,10737.0793769057
2021-01-04 19:00:00,10569.627989377019
2021-01-04 20:00:00,10409.578109772161
2021-01-04 21:00:00,10322.054174161474
2021-01-04 22:00:00,10321.569392935542
2021-01-04 23:00:00,10366.448977886901
2021-01-05 00:00:00,10397.669919035343
2021-01-05 01:00:00,10389.84970997359
2021-01-05 02:00:00,10371.294599216153
2021-01-05 03:00:00,10396.977636458214
2021-01-05 04:00:00,10498.9601908772
2021-01-05 05:00:00,10656.786086337279
2021-01-05 06:00:00,10810.869730287171
2021-01-05 07:00:00,10904.34158060058
2021-01-05 08:00:00,10917.537812461424
2021-01-05 09:00:00,10871.091540437068
2021-01-05 10:00:00,10803.561972195868
2021-01-05 11:00:00,10748.049683518895
2021-01-05 12:00:00,10724.417176728697
2021-01-05 13:00:00,10742.348722888195
2021-01-05 14:00:00,10800.353509661989
2021-01-05 15:00:00,10876.944334796543
2021-01-05 16:00:00,10927.792246064262
2021-01-05 17:00:00,10903.876984738064
2021-01-05 18:00:00,10785.473015899985
2021-01-05 19:00:00,10605.103102393721
2021-01-05 20:00:00,10434.406787174252
2021-01-05 21:00:00,10338.45107927943
2021-01-05 22:00:00,10331.671253733388
2021-01-05 23:00:00,10372.295804470448
2021-01-06 00:00:00,10401.18811596146
2021-01-06 01:00:00,10392.837225254165
2021-01-06 02:00:00,10375.408223277667
2021-01-06 03:00:00,10403.722534843515
2021-01-06 04:00:00,10509.681724280077
2021-01-06 05:00:00,10672.66394133392
2021-01-06 06:00:00,10832.914353786397
2021-01-06 07:00:00,10933.392881603217
2021-01-06 08:00:00,10954.266065953112
2021-01-06 09:00:00,10916.000400920117
2021-01-06 10:00:00,10856.993478625554
2021-01-06 11:00:00,10810.191113626113
2021-01-06 12:00:00,10795.309587312464
2021-01-06 13:00:00,10821.89699343953
2021-01-06 14:00:00,10888.337690633958
2021-01-06 15:00:00,10973.032088353339
2021-01-06 16:00:00,11031.552156929887
2021-01-06 17:00:00,11014.792511603304
2021-01-06 18:00:00,10902.956850102712
2021-01-06 19:00:00,10728.511699973897
2021-01-06 20:00:00,10563.054843016014
2021-01-06 21:00:00,10471.625718014082
2021-01-06 22:00:00,10468.645721079456
2021-01-06 23:00:00,10512.342454430294
2021-01-07 00:00:00,10543.590504057049
2021-01-07 01:00:00,10536.90113522583
2021-01-07 02:00:00,10520.471474075552
2021-01-07 03:00:00,10549.163436310608
2021-01-07 04:00:00,10654.926073092804
2021-01-07 05:00:00,10817.190473409793
2021-01-07 06:00:00,10976.258594872967
2021-01-07 07:00:00,11075.149364276924
2021-01-07 08:00:00,11094.088907562435
2021-01-07 09:00:00,11053.60226377111
2021-01-07 10:00:00,10992.142959743416
2021-01-07 11:00:00,10942.708636671116
2021-01-07 12:00:00,10925.061893527783
2021-01-07 13:00:00,10948.790351083426
2021-01-07 14:00:00,11012.309963300253
2021-01-07 15:00:00,11094.043821369141
2021-01-07 16:00:00,11149.57685756058
2021-01-07 17:00:00,11129.806312568533
2021-01-07 18:00:00,11014.927757112528
2021-01-07 19:00:00,10837.388632097356
2021-01-07 20:00:00,10668.756679951228
2021-01-07 21:00:00,10574.030570103505
2021-01-07 22:00:00,10567.580636953611
2021-01-07 23:00:00,10607.573776666915
2021-01-08 00:00:00,10634.81507584648
2021-01-08 01:00:00,10623.738550449687
2021-01-08 02:00:00,10602.457549910427
2021-01-08 03:00:00,10625.745071262558
2021-01-08 04:00:00,10725.457634697073
2021-01-08 05:00:00,10880.931838920687
2021-01-08 06:00:00,11032.374945342744
2021-01-08 07:00:00,11122.712807620772
2021-01-08 08:00:00,11132.081980274133
2021-01-08 09:00:00,11080.923333854713
2021-01-08 10:00:00,11007.6135254913
2021-01-08 11:00:00,10945.08248800852
2021-01-08 12:00:00,10913.036074399044
2021-01-08 13:00:00,10921.017833972925
2021-01-08 14:00:00,10967.413920016037
2021-01-08 15:00:00,11030.633348659698
2021-01-08 16:00:00,11066.263992166687
2021-01-08 17:00:00,11025.224147917275
2021-01-08 18:00:00,10887.749453989605
2021-01-08 19:00:00,10686.347098073667
2021-01-08 20:00:00,10492.664677285346
2021-01-08 21:00:00,10371.801000357123
2021-01-08 22:00:00,10338.246741314284
2021-01-08 23:00:00,10350.30898588232
2021-01-09 00:00:00,10348.95224134246
2021-01-09 01:00:00,10308.78828965116
2021-01-09 02:00:00,10258.125443530305
2021-01-09 03:00:00,10251.947458600222
2021-01-09 04:00:00,10322.335764622301
2021-01-09 05:00:00,10448.864149043859
2021-01-09 06:00:00,10571.987259911664
2021-01-09 07:00:00,10634.886265486795
2021-01-09 08:00:00,10617.958527984889
2021-01-09 09:00:00,10541.908644672123
2021-01-09 10:00:00,10445.377233494815
2021-01-09 11:00:00,10361.555656064229
2021-01-09 12:00:00,10310.405846187745
2021-01-09 13:00:00,10301.719252605493
2021-01-09 14:00:00,10334.118928716483
2021-01-09 15:00:00,10386.23702231911
2021-01-09 16:00:00,10413.868081649813
2021-01-09 17:00:00,10368.11805165607
2021-01-09 18:00:00,10229.388762924154
2021-01-09 19:00:00,10030.32989038578
2021-01-09 20:00:00,9842.705767928575
2021-01-09 21:00:00,9731.704376738453
2021-01-09 22:00:00,9711.87644078828
2021-01-09 23:00:00,9741.558691828495
2021-01-10 00:00:00,9761.713893061824
2021-01-10 01:00:00,9746.920016402788
2021-01-10 02:00:00,9725.419144603266
2021-01-10 03:00:00,9752.096359459008
2021-01-10 04:00:00,9858.902283279398
2021-01-10 05:00:00,10025.248407592242
2021-01-10 06:00:00,10191.396572419711
2021-01-10 07:00:00,10300.305926679948
2021-01-10 08:00:00,10332.124215927539
2021-01-10 09:00:00,10307.280736247036
2021-01-10 10:00:00,10264.117313302235
2021-01-10 11:00:00,10235.505478051004
2021-01-10 12:00:00,10241.06898294615
2021-01-10 13:00:00,10290.245639802179
2021-01-10 14:00:00,10381.29248267842
2021-01-10 15:00:00,10492.466476780919
2021-01-10 16:00:00,10579.181155989649
2021-01-10 17:00:00,10592.159027941234
2021-01-10 18:00:00,10511.419513113235
2021-01-10 19:00:00,10369.234358201542
2021-01-10 20:00:00,10236.997873338843
2021-01-10 21:00:00,10179.539274382234
2021-01-10 22:00:00,10211.0650278196
2021-01-10 23:00:00,10289.585226091347
2021-01-11 00:00:00,10355.756549168236
2021-01-11 01:00:00,10383.874176079313
2021-01-11 02:00:00,10401.92318867614
2021-01-11 03:00:00,10464.559702351333
2021-01-11 04:00:00,10603.535367442104
2021-01-11 05:00:00,10798.09435486676
2021-01-11 06:00:00,10988.364172588253
2021-01-11 07:00:00,11117.203629812784
2021-01-11 08:00:00,11164.694785889358
2021-01-11 09:00:00,11151.236216786543
2021-01-11 10:00:00,11115.173956429122
2021-01-11 11:00:00,11089.418286462047
2021-01-11 12:00:00,11093.665524347412
2021-01-11 13:00:00,11137.458800673201
2021-01-11 14:00:00,11219.191842668644
2021-01-11 15:00:00,11317.28800181377
2021-01-11 16:00:00,11387.354928506735
2021-01-11 17:00:00,11380.334756173823
2021-01-11 18:00:00,11276.489587222468
2021-01-11 19:00:00,11108.354249903154
2021-01-11 20:00:00,10947.603706189178
2021-01-11 21:00:00,10859.362424359117
2021-01-11 22:00:00,10858.143647668088
2021-01-11 23:00:00,10902.272621447531
2021-01-12 00:00:00,10932.726369881038
2021-01-12 01:00:00,10924.122421399215
2021-01-12 02:00:00,10904.767060000464
2021-01-12 03:00:00,10929.633371516413
2021-01-12 04:00:00,11030.78276189128
2021-01-12 05:00:00,11187.759092428874
2021-01-12 06:00:00,11340.976808643514
2021-01-12 07:00:00,11433.56640712219
2021-01-12 08:00:00,11445.864102404328
2021-01-12 09:00:00,11398.50304905142
2021-01-12 10:00:00,11330.042495369267
2021-01-12 11:00:00,11273.583058387896
2021-01-12 12:00:00,11248.987282347092
2021-01-12 13:00:00,11265.939480835033
2021-01-12 14:00:00,11322.948884676533
2021-01-12 15:00:00,11398.52833540232
2021-01-12 16:00:00,11448.348925212387
2021-01-12 17:00:00,11423.390440411018
2021-01-12 18:00:00,11303.927391729383
2021-01-12 19:00:00,11122.482588306453
2021-01-12 20:00:00,10950.695619989856
2021-01-12 21:00:00,10853.633543328495
2021-01-12 22:00:00,10845.731681461064
2021-01-12 23:00:00,10885.218577082198
2021-01-13 00:00:00,10912.957663985986
2021-01-13 01:00:00,10903.438029183239
2021-01-13 02:00:00,10884.824814152817
2021-01-13 03:00:00,10911.939494870021
2021-01-13 04:00:00,11016.683687419514
2021-01-13 05:00:00,11178.435593897113
2021-01-13 06:00:00,11337.440435048973
2021-01-13 07:00:00,11436.65818436346
2021-01-13 08:00:00,11456.255437162945
2021-01-13 09:00:00,11416.69874223916
2021-01-13 10:00:00,11356.385747024786
2021-01-13 11:00:00,11308.262321966906
2021-01-13 12:00:00,11292.044804925168
2021-01-13 13:00:00,11317.281346702488
2021-01-13 14:00:00,11382.356363547859
2021-01-13 15:00:00,11465.670323113924
2021-01-13 16:00:00,11522.795254499792
2021-01-13 17:00:00,11504.625832283153
2021-01-13 18:00:00,11391.365814081208
2021-01-13 19:00:00,11215.48178791714
2021-01-13 20:00:00,11048.571596594657
2021-01-13 21:00:00,10955.674740486746
2021-01-13 22:00:00,10951.212677831558
2021-01-13 23:00:00,10993.413073530375
2021-01-14 00:00:00,11023.15057680509
2021-01-14 01:00:00,11014.936516699225
2021-01-14 02:00:00,10996.968083675016
2021-01-14 03:00:00,11024.10725829264
2021-01-14 04:00:00,11128.30315711606
2021-01-14 05:00:00,11288.986935057957
2021-01-14 06:00:00,11446.460616201177
2021-01-14 07:00:00,11543.74319432782
2021-01-14 08:00:00,11561.060862899636
2021-01-14 09:00:00,11518.938728991514
2021-01-14 10:00:00,11455.830388008191
2021-01-14 11:00:00,11404.733550218087
2021-01-14 12:00:00,11385.410884183462
2021-01-14 13:00:00,11407.450080772944
2021-01-14 14:00:00,11469.267164555933
2021-01-14 15:00:00,11549.285297835168
2021-01-14 16:00:00,11603.089484493343
2021-01-14 17:00:00,11581.577037340201
2021-01-14 18:00:00,11464.9435996885
2021-01-14 19:00:00,11285.636685557816
2021-01-14 20:00:00,11115.224110944224
2021-01-14 21:00:00,11018.704619359736
2021-01-14 22:00:00,11010.448619751432
2021-01-14 23:00:00,11048.62308331532
2021-01-15 00:00:00,11074.033172160745
2021-01-15 01:00:00,11061.112978225634
2021-01-15 02:00:00,11037.975927391595
2021-01-15 03:00:00,11059.395093604562
2021-01-15 04:00:00,11157.22707443044
2021-01-15 05:00:00,11310.808546403221
2021-01-15 06:00:00,11460.346849235082
2021-01-15 07:00:00,11548.767915305476
2021-01-15 08:00:00,11556.20837834209
2021-01-15 09:00:00,11503.109188515748
2021-01-15 10:00:00,11427.8470830367
2021-01-15 11:00:00,11363.352075243309
2021-01-15 12:00:00,11329.330099074952
2021-01-15 13:00:00,11335.324785220851
2021-01-15 14:00:00,11379.722368767847
2021-01-15 15:00:00,11440.93194808854
2021-01-15 16:00:00,11474.541478084528
2021-01-15 17:00:00,11431.469339207268
2021-01-15 18:00:00,11291.951253026433
2021-01-15 19:00:00,11088.494491095542
2021-01-15 20:00:00,10892.746734843937
2021-01-15 21:00:00,10769.806877697985
2021-01-15 22:00:00,10734.165678783887
2021-01-15 23:00:00,10744.130309314487
2021-01-16 00:00:00,10740.665362447047
2021-01-16 01:00:00,10698.382706411729
2021-01-16 02:00:00,10645.590740589785
2021-01-16 03:00:00,10637.273307616812
2021-01-16 04:00:00,10705.511924680182
2021-01-16 05:00:00,10829.880467001216
2021-01-16 06:00:00,10950.833670776228
2021-01-16 07:00:00,11011.552792780107
2021-01-16 08:00:00,10992.435284104906
2021-01-16 09:00:00,10914.185831252928
2021-01-16 10:00:00,10815.445141744476
2021-01-16 11:00:00,10729.40466714116
2021-01-16 12:00:00,10676.026431520711
2021-01-16 13:00:00,10665.101974247755
2021-01-16 14:00:00,10695.25443967211
2021-01-16 15:00:00,10745.116066906194
2021-01-16 16:00:00,10770.481495791497
2021-01-16 17:00:00,10722.456763230073
2021-01-16 18:00:00,10581.443792080341
2021-01-16 19:00:00,10380.092349863187
2021-01-16 20:00:00,10190.166863369564
2021-01-16 21:00:00,10076.855406993443
2021-01-16 22:00:00,10054.708798235892
2021-01-16 23:00:00,10082.06386265597
2021-01-17 00:00:00,10099.883457585463
2021-01-17 01:00:00,10082.745649345095
2021-01-17 02:00:00,10058.892615398607
2021-01-17 03:00:00,10083.209532505867
2021-01-17 04:00:00,10187.647118283563
2021-01-17 05:00:00,10351.61695978054
2021-01-17 06:00:00,10515.380992846156
2021-01-17 07:00:00,10621.898462484838
2021-01-17 08:00:00,10651.317210620517
2021-01-17 09:00:00,10624.066629946123
2021-01-17 10:00:00,10578.488642993747
2021-01-17 11:00:00,10547.45487786006
2021-01-17 12:00:00,10550.589184369463
2021-01-17 13:00:00,10597.32947195665
2021-01-17 14:00:00,10685.93287253493
2021-01-17 15:00:00,10794.6564494265
2021-01-17 16:00:00,10878.913834821442
2021-01-17 17:00:00,10889.42763492293
2021-01-17 18:00:00,10806.217368988073
2021-01-17 19:00:00,10661.55488271441
2021-01-17 20:00:00,10526.83458544872
2021-01-17 21:00:00,10466.885792473668
2021-01-17 22:00:00,10495.91506992154
2021-01-17 23:00:00,10571.93261005856
2021-01-18 00:00:00,10635.595192888624
2021-01-18 01:00:00,10661.198097673516
2021-01-18 02:00:00,10676.726506689643
2021-01-18 03:00:00,10736.836635918013
2021-01-18 04:00:00,10873.280236497147
2021-01-18 05:00:00,11065.301580302137
2021-01-18 06:00:00,11253.028276429812
2021-01-18 07:00:00,11379.319235390198
2021-01-18 08:00:00,11424.256617999248
2021-01-18 09:00:00,11408.23910186297
2021-01-18 10:00:00,11369.61282267265
2021-01-18 11:00:00,11341.288164026517
2021-01-18 12:00:00,11342.961545450838
2021-01-18 13:00:00,11384.1761997699
2021-01-18 14:00:00,11463.325956570618
2021-01-18 15:00:00,11558.834269828787
2021-01-18 16:00:00,11626.30889256938
2021-01-18 17:00:00,11616.69206096973
2021-01-18 18:00:00,11510.2459803174
2021-01-18 19:00:00,11339.505581843432
2021-01-18 20:00:00,11176.145930610117
2021-01-18 21:00:00,11085.29159812869
2021-01-18 22:00:00,11081.45593095626
2021-01-18 23:00:00,11122.964277832416
2021-01-19 00:00:00,11150.793766458291
2021-01-19 01:00:00,11139.562028856097
2021-01-19 02:00:00,11117.57545269902
2021-01-19 03:00:00,11139.80722759797
2021-01-19 04:00:00,11238.318863334618
2021-01-19 05:00:00,11392.654325128104
2021-01-19 06:00:00,11543.228162471038
2021-01-19 07:00:00,11633.170976015554
2021-01-19 08:00:00,11642.81908439421
2021-01-19 09:00:00,11592.805746338321
2021-01-19 10:00:00,11521.690314370606
2021-01-19 11:00:00,11462.573509788206
2021-01-19 12:00:00,11435.31798112284
2021-01-19 13:00:00,11449.608146313982
2021-01-19 14:00:00,11503.953340571281
2021-01-19 15:00:00,11576.866509818521
2021-01-19 16:00:00,11624.018850691915
2021-01-19 17:00:00,11596.390253948797
2021-01-19 18:00:00,11474.255334794201
2021-01-19 19:00:00,11290.137006832403
2021-01-19 20:00:00,11115.67496441507
2021-01-19 21:00:00,11015.936368576036
2021-01-19 22:00:00,11005.35664694323
2021-01-19 23:00:00,11042.164446690827
2021-01-20 00:00:00,11067.223306102103
2021-01-20 01:00:00,11055.022416639375
2021-01-20 02:00:00,11033.727024217884
2021-01-20 03:00:00,11058.158709242889
2021-01-20 04:00:00,11160.219192179757
2021-01-20 05:00:00,11319.286779507338
2021-01-20 06:00:00,11475.60679626475
2021-01-20 07:00:00,11572.139320252732
2021-01-20 08:00:00,11589.0510510144
2021-01-20 09:00:00,11546.808641538773
2021-01-20 10:00:00,11483.809843397452
2021-01-20 11:00:00,11433.00063112176
2021-01-20 12:00:00,11414.097446577369
2021-01-20 13:00:00,11436.648544526415
2021-01-20 14:00:00,11499.03844510765
2021-01-20 15:00:00,11579.66771976774
2021-01-20 16:00:00,11634.108501338244
2021-01-20 17:00:00,11613.2555680428
2021-01-20 18:00:00,11497.31278106103
2021-01-20 19:00:00,11318.74683186495
2021-01-20 20:00:00,11149.155666644638
2021-01-20 21:00:00,11053.578889035
2021-01-20 22:00:00,11046.43806043778
2021-01-20 23:00:00,11085.96094880514
2021-01-21 00:00:00,11113.022306312028
2021-01-21 01:00:00,11102.13356482095
2021-01-21 02:00:00,11081.492017488623
2021-01-21 03:00:00,11105.959747465322
2021-01-21 04:00:00,11207.485973757428
2021-01-21 05:00:00,11365.501953580828
2021-01-21 06:00:00,11520.309813215017
2021-01-21 07:00:00,11614.928648460194
2021-01-21 08:00:00,11629.584754658392
2021-01-21 09:00:00,11584.803340628087
2021-01-21 10:00:00,11519.038103339666
2021-01-21 11:00:00,11465.286854495404
2021-01-21 12:00:00,11443.312363908979
2021-01-21 13:00:00,11462.702423532637
2021-01-21 14:00:00,11521.873158864082
2021-01-21 15:00:00,11599.247832929974
2021-01-21 16:00:00,11650.411550190072
2021-01-21 17:00:00,11626.26172382035
2021-01-21 18:00:00,11506.994097326038
2021-01-21 19:00:00,11325.05628472405
2021-01-21 20:00:00,11152.016201811082
2021-01-21 21:00:00,11052.872691696886
2021-01-21 22:00:00,11041.996262718145
2021-01-21 23:00:00,11077.553985275401
2021-01-22 00:00:00,11100.351120434188
2021-01-22 01:00:00,11084.821858897349
2021-01-22 02:00:00,11059.079725084726
2021-01-22 03:00:00,11077.89789125952
2021-01-22 04:00:00,11173.133053060483
2021-01-22 05:00:00,11324.12198488431
2021-01-22 06:00:00,11471.072124054332
2021-01-22 07:00:00,11556.909500325208
2021-01-22 08:00:00,11561.770844555213
2021-01-22 09:00:00,11506.097203802083
2021-01-22 10:00:00,11428.265411908707
2021-01-22 11:00:00,11361.20557857578
2021-01-22 12:00:00,11324.623733871586
2021-01-22 13:00:00,11328.06360433133
2021-01-22 14:00:00,11369.91152062525
2021-01-22 15:00:00,11428.576676432338
2021-01-22 16:00:00,11459.647121705895
2021-01-22 17:00:00,11414.041331642475
2021-01-22 18:00:00,11271.995122291117
2021-01-22 19:00:00,11066.015859394764
2021-01-22 20:00:00,10867.751318280883
2021-01-22 21:00:00,10742.300485978663
2021-01-22 22:00:00,10704.154214916807
2021-01-22 23:00:00,10711.619769320238
2021-01-23 00:00:00,10705.661835037055
2021-01-23 01:00:00,10660.89237269637
2021-01-23 02:00:00,10605.619873741009
2021-01-23 03:00:00,10594.82827258803
2021-01-23 04:00:00,10660.599177846794
2021-01-23 05:00:00,10782.506555868109
2021-01-23 06:00:00,10901.005233632295
2021-01-23 07:00:00,10959.27655837332
2021-01-23 08:00:00,10937.718071310665
2021-01-23 09:00:00,10857.034548727474
2021-01-23 10:00:00,10755.866787598901
2021-01-23 11:00:00,10667.406328565345
2021-01-23 12:00:00,10611.615284478066
2021-01-23 13:00:00,10598.285283091003
2021-01-23 14:00:00,10626.039556797332
2021-01-23 15:00:00,10673.510432387677
2021-01-23 16:00:00,10696.49263703645
2021-01-23 17:00:00,10646.09229459093
2021-01-23 18:00:00,10502.711414499325
2021-01-23 19:00:00,10298.999850496271
2021-01-23 20:00:00,10106.722115210052
2021-01-23 21:00:00,9991.066368488298
2021-01-23 22:00:00,9966.58351290361
2021-01-23 23:00:00,9991.610458716637
2021-01-24 00:00:00,10007.110147542715
2021-01-24 01:00:00,9987.660729613908
2021-01-24 02:00:00,9961.504465904582
2021-01-24 03:00:00,9983.526616289204
2021-01-24 04:00:00,10085.677981078576
2021-01-24 05:00:00,10247.370229631797
2021-01-24 06:00:00,10408.86537968786
2021-01-24 07:00:00,10513.122757747968
2021-01-24 08:00:00,10540.29028677981
2021-01-24 09:00:00,10510.797440130124
2021-01-24 10:00:00,10462.986220561561
2021-01-24 11:00:00,10429.728335961869
2021-01-24 12:00:00,10430.647715537007
2021-01-24 13:00:00,10475.182347660922
2021-01-24 14:00:00,10561.58944275439
2021-01-24 15:00:00,10668.126142209441
2021-01-24 16:00:00,10750.206155848566
2021-01-24 17:00:00,10758.552167065465
2021-01-24 18:00:00,10673.183771855183
2021-01-24 19:00:00,10526.37289222145
2021-01-24 20:00:00,10389.514013342037
2021-01-24 21:00:00,10327.436525892703
2021-01-24 22:00:00,10354.347070934597
2021-01-24 23:00:00,10428.255915204325
2021-01-25 00:00:00,10489.819912712535
2021-01-25 01:00:00,10513.334416265452
2021-01-25 02:00:00,10526.784681212093
2021-01-25 03:00:00,10584.826996134923
2021-01-25 04:00:00,10719.213184300259
2021-01-25 05:00:00,10909.187589229261
2021-01-25 06:00:00,11094.877891201122
2021-01-25 07:00:00,11219.143071398397
2021-01-25 08:00:00,11262.065360858634
2021-01-25 09:00:00,11244.043506892023
2021-01-25 10:00:00,11203.423714421891
2021-01-25 11:00:00,11173.116435779702
2021-01-25 12:00:00,11172.818158732653
2021-01-25 13:00:00,11212.072183842207
2021-01-25 14:00:00,11289.272407937251
2021-01-25 15:00:00,11382.842351723859
2021-01-25 16:00:00,11448.389834478403
2021-01-25 17:00:00,11436.857158094002
2021-01-25 18:00:00,11328.50659306108
2021-01-25 19:00:00,11155.873135334463
2021-01-25 20:00:00,10990.631914145133
2021-01-25 21:00:00,10897.907564688092
2021-01-25 22:00:00,10892.213496665723
2021-01-25 23:00:00,10931.875121446812
2021-01-26 00:00:00,10957.869628837501
2021-01-26 01:00:00,10944.814712438649
2021-01-26 02:00:00,10921.01682097544
2021-01-26 03:00:00,10941.44920457781
2021-01-26 04:00:00,11038.173433013511
2021-01-26 05:00:00,11190.733530948872
2021-01-26 06:00:00,11339.544106799109
2021-01-26 07:00:00,11427.73581957697
2021-01-26 08:00:00,11435.645045763453
2021-01-26 09:00:00,11383.905101368786
2021-01-26 10:00:00,11311.07539566393
2021-01-26 11:00:00,11250.25670614294
2021-01-26 12:00:00,11221.311736983984
2021-01-26 13:00:00,11233.924961220691
2021-01-26 14:00:00,11286.605768604926
2021-01-26 15:00:00,11357.86715904595
2021-01-26 16:00:00,11403.380382609917
2021-01-26 17:00:00,11374.125382928369
2021-01-26 18:00:00,11250.376827505563
2021-01-26 19:00:00,11064.65768170781
2021-01-26 20:00:00,10888.60769106102
2021-01-26 21:00:00,10787.294067202742
2021-01-26 22:00:00,10775.152287826651
2021-01-26 23:00:00,10810.411049577753
2021-01-27 00:00:00,10833.933939645267
2021-01-27 01:00:00,10820.21019782657
2021-01-27 02:00:00,10797.40511780017
2021-01-27 03:00:00,10820.340327140544
2021-01-27 04:00:00,10920.917592932421
2021-01-27 05:00:00,11078.51526767383
2021-01-27 06:00:00,11233.378721847548
2021-01-27 07:00:00,11328.468078112031
2021-01-27 08:00:00,11343.950080301525
2021-01-27 09:00:00,11300.291425089283
2021-01-27 10:00:00,11235.889907146968
2021-01-27 11:00:00,11183.6915435347
2021-01-27 12:00:00,11163.412818041863
2021-01-27 13:00:00,11184.602026767487
2021-01-27 14:00:00,11245.643730589423
2021-01-27 15:00:00,11324.93854112216
2021-01-27 16:00:00,11378.058630736848
2021-01-27 17:00:00,11355.89881662513
2021-01-27 18:00:00,11238.662998330019
2021-01-27 19:00:00,11058.817905089589
2021-01-27 20:00:00,10887.961520259338
2021-01-27 21:00:00,10791.133484034899
2021-01-27 22:00:00,10782.755393790436
2021-01-27 23:00:00,10821.055052828453
2021-01-28 00:00:00,10846.907248082973
2021-01-28 01:00:00,10834.823445568927
2021-01-28 02:00:00,10813.000971995716
2021-01-28 03:00:00,10836.301943433647
2021-01-28 04:00:00,10936.675611238748
2021-01-28 05:00:00,11093.553264339324
2021-01-28 06:00:00,11247.237060129295
2021-01-28 07:00:00,11340.746124909681
2021-01-28 08:00:00,11354.306783913024
2021-01-28 09:00:00,11308.444275240305
2021-01-28 10:00:00,11241.612324516209
2021-01-28 11:00:00,11186.80877150813
2021-01-28 12:00:00,11163.79641346086
2021-01-28 13:00:00,11182.163069147911
2021-01-28 14:00:00,11240.324890267795
2021-01-28 15:00:00,11316.705165452382
2021-01-28 16:00:00,11366.88902411712
2021-01-28 17:00:00,11341.773903802554
2021-01-28 18:00:00,11221.555571747671
2021-01-28 19:00:00,11038.681665089072
2021-01-28 20:00:00,10864.720122121995
2021-01-28 21:00:00,10764.669807830544
2021-01-28 22:00:00,10752.901251820946
2021-01-28 23:00:00,10787.581545119241
2021-01-29 00:00:00,10809.515968812339
2021-01-29 01:00:00,10793.138732999543
2021-01-29 02:00:00,10766.56338088012
2021-01-29 03:00:00,10784.563102853263
2021-01-29 04:00:00,10878.994612102477
2021-01-29 05:00:00,11029.194699925436
2021-01-29 06:00:00,11175.370819927582
2021-01-29 07:00:00,11260.449017524032
2021-01-29 08:00:00,11264.566038611296
2021-01-29 09:00:00,11208.16294466319
2021-01-29 10:00:00,11129.61658330502
2021-01-29 11:00:00,11061.857077412837
2021-01-29 12:00:00,11024.590469593968
2021-01-29 13:00:00,11027.360498302038
2021-01-29 14:00:00,11068.55350549484
2021-01-29 15:00:00,11126.578695540757
2021-01-29 16:00:00,11157.024128420977
2021-01-29 17:00:00,11110.80828877091
2021-01-29 18:00:00,10968.167001419779
2021-01-29 19:00:00,10761.607640303413
2021-01-29 20:00:00,10562.77798829432
2021-01-29 21:00:00,10436.777039360582
2021-01-29 22:00:00,10398.09565221905
2021-01-29 23:00:00,10405.041096787363
2021-01-30 00:00:00,10398.5780639823
2021-01-30 01:00:00,10353.31851885945
2021-01-30 02:00:00,10297.570956682492
2021-01-30 03:00:00,10286.319315062938
2021-01-30 04:00:00,10351.645205183006
2021-01-30 05:00:00,10473.122595347224
2021-01-30 06:00:00,10591.206313855233
2021-01-30 07:00:00,10649.077708670917
2021-01-30 08:00:00,10627.134321087015
2021-01-30 09:00:00,10546.08092686956
2021-01-30 10:00:00,10444.558321844976
2021-01-30 11:00:00,10355.758044893806
2021-01-30 12:00:00,10299.64220647011
2021-01-30 13:00:00,10286.002431338351
2021-01-30 14:00:00,10313.46194827977
2021-01-30 15:00:00,10360.653079843372
2021-01-30 16:00:00,10383.370548359777
2021-01-30 17:00:00,10332.720472215158
2021-01-30 18:00:00,10189.104854789346
2021-01-30 19:00:00,9985.173543110326
2021-01-30 20:00:00,9792.69104252453
2021-01-30 21:00:00,9676.84550496073
2021-01-30 22:00:00,9652.187824467777
2021-01-30 23:00:00,9677.05490217032
2021-01-31 00:00:00,9692.409669953258
2021-01-31 01:00:00,9672.830267693495
2021-01-31 02:00:00,9646.558945403109
2021-01-31 03:00:00,9668.480951400343
2021-01-31 04:00:00,9770.547073830794
2021-01-31 05:00:00,9932.16896927911
2021-01-31 06:00:00,10093.60864210236
2021-01-31 07:00:00,10197.825404842162
2021-01-31 08:00:00,10224.967165871576
2021-01-31 09:00:00,10195.463383366116
2021-01-31 10:00:00,10147.656044312327
2021-01-31 11:00:00,10114.416840228136
2021-01-31 12:00:00,10115.369683337161
2021-01-31 13:00:00,10159.952544447942
2021-01-31 14:00:00,10246.422615845802
2021-01-31 15:00:00,10353.037020143744
2021-01-31 16:00:00,10435.209447828347
2021-01-31 17:00:00,10443.66256236233
2021-01-31 18:00:00,10358.415939218827
2021-01-31 19:00:00,10211.74147927846
2021-01-31 20:00:00,10075.033646038204
2021-01-31 21:00:00,10013.121807885645
2021-01-31 22:00:00,10040.21258301707
2021-01-31 23:00:00,10114.316214717437
2021-02-01 00:00:00,10176.089532984699
2021-02-01 01:00:00,10199.827866009853
2021-02-01 02:00:00,10213.516443953546
2021-02-01 03:00:00,10271.811529650286
2021-02-01 04:00:00,10406.464920028962
2021-02-01 05:00:00,10596.72093170416
2021-02-01 06:00:00,10782.707217471967
2021-02-01 07:00:00,10907.282730485618
2021-02-01 08:00:00,10950.529673151437
2021-02-01 09:00:00,10932.84676360597
2021-02-01 10:00:00,10892.580177028494
2021-02-01 11:00:00,10862.640335445001
2021-02-01 12:00:00,10862.723695747061
2021-02-01 13:00:00,10902.373527074453
2021-02-01 14:00:00,10979.983694272456
2021-02-01 15:00:00,11073.977685513351
2021-02-01 16:00:00,11139.96328696376
2021-02-01 17:00:00,11128.882766879073
2021-02-01 18:00:00,11020.998361564816
2021-02-01 19:00:00,10848.8450322045
2021-02-01 20:00:00,10684.097872767861
2021-02-01 21:00:00,10591.88148260426
2021-02-01 22:00:00,10586.709235038525
2021-02-01 23:00:00,10626.90650453099
2021-02-02 00:00:00,10653.450443426571
2021-02-02 01:00:00,10640.958707338868
2021-02-02 02:00:00,10617.737706469468
2021-02-02 03:00:00,10638.760651897315
2021-02-02 04:00:00,10736.0890737899
2021-02-02 05:00:00,10889.266956713112
2021-02-02 06:00:00,11038.708868437876
2021-02-02 07:00:00,11127.545426814097
2021-02-02 08:00:00,11136.112966639908
2021-02-02 09:00:00,11085.044761722334
2021-02-02 10:00:00,11012.900178620712
2021-02-02 11:00:00,10952.77995157701
2021-02-02 12:00:00,10924.546741040627
2021-02-02 13:00:00,10937.884975782932
2021-02-02 14:00:00,10991.304000790964
2021-02-02 15:00:00,11063.31677070084
2021-02-02 16:00:00,11109.59448981929
2021-02-02 17:00:00,11081.117055493545
2021-02-02 18:00:00,10958.159088461933
2021-02-02 19:00:00,10773.24350682459
2021-02-02 20:00:00,10598.010008348272
2021-02-02 21:00:00,10497.52575641819
2021-02-02 22:00:00,10486.226179982314
2021-02-02 23:00:00,10522.339926474164
2021-02-03 00:00:00,10546.730533368016
2021-02-03 01:00:00,10533.88719026883
2021-02-03 02:00:00,10511.975140191033
2021-02-03 03:00:00,10535.815959567564
2021-02-03 04:00:00,10637.311363861405
2021-02-03 05:00:00,10795.839653487374
2021-02-03 06:00:00,10951.646146370656
2021-02-03 07:00:00,11047.690912149372
2021-02-03 08:00:00,11064.140641173832
2021-02-03 09:00:00,11021.46197617626
2021-02-03 10:00:00,10958.05265743223
2021-02-03 11:00:00,10906.858647131146
2021-02-03 12:00:00,10887.59637377174
2021-02-03 13:00:00,10909.8140776904
2021-02-03 14:00:00,10971.896263561404
2021-02-03 15:00:00,11052.243486348934
2021-02-03 16:00:00,11106.42786134968
2021-02-03 17:00:00,11085.344148217968
2021-02-03 18:00:00,10969.196188541524
2021-02-03 19:00:00,10790.450653166365
2021-02-03 20:00:00,10620.705466625795
2021-02-03 21:00:00,10525.00020986488
2021-02-03 22:00:00,10517.756420580869
2021-02-03 23:00:00,10557.201841997101
2021-02-04 00:00:00,10584.211200521655
2021-02-04 01:00:00,10573.295901248905
2021-02-04 02:00:00,10552.65320955102
2021-02-04 03:00:00,10577.145179756026
2021-02-04 04:00:00,10678.721001052354
2021-02-04 05:00:00,10836.811899824757
2021-02-04 06:00:00,10991.719970506421
2021-02-04 07:00:00,11086.464276044237
2021-02-04 08:00:00,11101.271077925565
2021-02-04 09:00:00,11056.665550109703
2021-02-04 10:00:00,10991.101353705555
2021-02-04 11:00:00,10937.576263550225
2021-02-04 12:00:00,10915.853011614048
2021-02-04 13:00:00,10935.519350993789
2021-02-04 14:00:00,10994.991367340019
2021-02-04 15:00:00,11072.692282860626
2021-02-04 16:00:00,11124.20716019895
2021-02-04 17:00:00,11100.433369730445
2021-02-04 18:00:00,10981.56661117215
2021-02-04 19:00:00,10800.054453808436
2021-02-04 20:00:00,10627.464767662515
2021-02-04 21:00:00,10528.796349167349
2021-02-04 22:00:00,10518.41965898104
2021-02-04 23:00:00,10554.501718846677
2021-02-05 00:00:00,10577.84774022577
2021-02-05 01:00:00,10562.891863253388
2021-02-05 02:00:00,10537.747560825863
2021-02-05 03:00:00,10557.187952706528
2021-02-05 04:00:00,10653.069681111689
2021-02-05 05:00:00,10804.729466040266
2021-02-05 06:00:00,10952.374689492795
2021-02-05 07:00:00,11038.931324929159
2021-02-05 08:00:00,11044.536046009553
2021-02-05 09:00:00,10989.629841626456
2021-02-05 10:00:00,10912.589486532223
2021-02-05 11:00:00,10846.345030416664
2021-02-05 12:00:00,10810.602442399439
2021-02-05 13:00:00,10814.905387144441
2021-02-05 14:00:00,10857.640132524823
2021-02-05 15:00:00,10917.215808525496
2021-02-05 16:00:00,10949.220400461167
2021-02-05 17:00:00,10904.572318014014
2021-02-05 18:00:00,10763.50731076995
2021-02-05 19:00:00,10558.532677159978
2021-02-05 20:00:00,10361.296124257911
2021-02-05 21:00:00,10236.896569944985
2021-02-05 22:00:00,10199.824796629977
2021-02-05 23:00:00,10208.387997618393
2021-02-06 00:00:00,10203.550786966942
2021-02-06 01:00:00,10159.925052602825
2021-02-06 02:00:00,10105.81921242452
2021-02-06 03:00:00,10096.21712640683
2021-02-06 04:00:00,10163.200327851026
2021-02-06 05:00:00,10286.34270695534
2021-02-06 06:00:00,10406.09901365239
2021-02-06 07:00:00,10465.650517296077
2021-02-06 08:00:00,10445.394680361043
2021-02-06 09:00:00,10366.036199540587
2021-02-06 10:00:00,10266.215791375047
2021-02-06 11:00:00,10179.124915231821
2021-02-06 12:00:00,10124.725601833283
2021-02-06 13:00:00,10112.809395992434
2021-02-06 14:00:00,10141.999446330707
2021-02-06 15:00:00,10190.927995026763
2021-02-06 16:00:00,10215.389683836385
2021-02-06 17:00:00,10166.49055037467
2021-02-06 18:00:00,10024.632517033968
2021-02-06 19:00:00,9822.46534969231
2021-02-06 20:00:00,9631.753472318354
2021-02-06 21:00:00,9517.684955307828
2021-02-06 22:00:00,9494.810610974358
2021-02-06 23:00:00,9521.467258532637
2021-02-07 00:00:00,9538.617747782107
2021-02-07 01:00:00,9520.840136342305
2021-02-07 02:00:00,9496.376591799295
2021-02-07 03:00:00,9520.112279879973
2021-02-07 04:00:00,9623.997905975497
2021-02-07 05:00:00,9787.445043747448
2021-02-07 06:00:00,9950.715614519524
2021-02-07 07:00:00,10056.768847580257
2021-02-07 08:00:00,10085.752567963695
2021-02-07 09:00:00,10058.096150330344
2021-02-07 10:00:00,10012.141498017618
2021-02-07 11:00:00,9980.760218769145
2021-02-07 12:00:00,9983.576140895566
2021-02-07 13:00:00,10030.027151163726
2021-02-07 14:00:00,10118.370357681133
2021-02-07 15:00:00,10226.862798793822
2021-02-07 16:00:00,10310.918080563388
2021-02-07 17:00:00,10321.25878194584
2021-02-07 18:00:00,10237.904393781835
2021-02-07 19:00:00,10093.126732219447
2021-02-07 20:00:00,9958.320175917846
2021-02-07 21:00:00,9898.314008323601
2021-02-07 22:00:00,9927.314762615144
2021-02-07 23:00:00,10003.332596939046
2021-02-08 00:00:00,10067.024256089386
2021-02-08 01:00:00,10092.684982962472
2021-02-08 02:00:00,10108.299922350037
2021-02-08 03:00:00,10168.525251619372
2021-02-08 04:00:00,10305.112682190438
2021-02-08 05:00:00,10497.306445077777
2021-02-08 06:00:00,10685.234107417094
2021-02-08 07:00:00,10811.754536640337
2021-02-08 08:00:00,10856.949849371433
2021-02-08 09:00:00,10841.218677923787
2021-02-08 10:00:00,10802.907111577177
2021-02-08 11:00:00,10774.925486440483
2021-02-08 12:00:00,10776.970173420275
2021-02-08 13:00:00,10818.584355643017
2021-02-08 14:00:00,10898.161811896725
2021-02-08 15:00:00,10994.125944286021
2021-02-08 16:00:00,11062.084452849187
2021-02-08 17:00:00,11052.979519709465
2021-02-08 18:00:00,10947.073295014743
2021-02-08 19:00:00,10776.90065377319
2021-02-08 20:00:00,10614.136603761906
2021-02-08 21:00:00,10523.90565813102
2021-02-08 22:00:00,10520.721103999465
2021-02-08 23:00:00,10562.908229611112
2021-02-09 00:00:00,10591.444101103616
2021-02-09 01:00:00,10580.946287888455
2021-02-09 02:00:00,10559.721113968304
2021-02-09 03:00:00,10582.741704225591
2021-02-09 04:00:00,10682.069502673014
2021-02-09 05:00:00,10837.248407715295
2021-02-09 06:00:00,10988.692900995364
2021-02-09 07:00:00,11079.533514258508
2021-02-09 08:00:00,11090.106496228775
2021-02-09 09:00:00,11041.045034678864
2021-02-09 10:00:00,10970.908410151571
2021-02-09 11:00:00,10912.797270938596
2021-02-09 12:00:00,10886.5741915663
2021-02-09 13:00:00,10901.92351493384
2021-02-09 14:00:00,10957.354500201795
2021-02-09 15:00:00,11031.380016258583
2021-02-09 16:00:00,11079.6711816865
2021-02-09 17:00:00,11053.207808196083
2021-02-09 18:00:00,10932.26443094559
2021-02-09 19:00:00,10749.363882526615
2021-02-09 20:00:00,10576.145775267472
2021-02-09 21:00:00,10477.677187189349
2021-02-09 22:00:00,10468.393461970227
2021-02-09 23:00:00,10506.523161832676
2021-02-10 00:00:00,10532.929739143843
2021-02-10 01:00:00,10522.10229848892
2021-02-10 02:00:00,10502.20599795799
2021-02-10 03:00:00,10528.062329148746
2021-02-10 04:00:00,10631.572922800791
2021-02-10 05:00:00,10792.115994702715
2021-02-10 06:00:00,10949.936778251105
2021-02-10 07:00:00,11047.995258706305
2021-02-10 08:00:00,11066.458042100778
2021-02-10 09:00:00,11025.791687004457
2021-02-10 10:00:00,10964.39384964614
2021-02-10 11:00:00,10915.210408279088
2021-02-10 12:00:00,10897.957707606258
2021-02-10 13:00:00,10922.18390429991
2021-02-10 14:00:00,10986.273419510995
2021-02-10 15:00:00,11068.626724798782
2021-02-10 16:00:00,11124.815852213595
2021-02-10 17:00:00,11105.73547830496
2021-02-10 18:00:00,10991.589361711427
2021-02-10 19:00:00,10814.844090457142
2021-02-10 20:00:00,10647.09750644338
2021-02-10 21:00:00,10553.389108118834
2021-02-10 22:00:00,10548.14035085129
2021-02-10 23:00:00,10589.578895696774
2021-02-11 00:00:00,10618.579387080457
2021-02-11 01:00:00,10609.653148268017
2021-02-11 02:00:00,10590.997362974591
2021-02-11 03:00:00,10617.474004074631
2021-02-11 04:00:00,10721.032179463671
2021-02-11 05:00:00,10881.103034423233
2021-02-11 06:00:00,11037.988582466147
2021-02-11 07:00:00,11134.707805831958
2021-02-11 08:00:00,11151.486885464466
2021-02-11 09:00:00,11108.850914998395
2021-02-11 10:00:00,11045.25347541347
2021-02-11 11:00:00,10993.692261629516
2021-02-11 12:00:00,10973.929925874192
2021-02-11 13:00:00,10995.554141756684
2021-02-11 14:00:00,11056.980915633518
2021-02-11 15:00:00,11136.633390625946
2021-02-11 16:00:00,11190.096550521319
2021-02-11 17:00:00,11168.267687060845
2021-02-11 18:00:00,11051.342421558864
2021-02-11 19:00:00,10871.768245102228
2021-02-11 20:00:00,10701.112949782917
2021-02-11 21:00:00,10604.37525431429
2021-02-11 22:00:00,10595.925541875005
2021-02-11 23:00:00,10633.93075697768
2021-02-12 00:00:00,10659.196034098484
2021-02-12 01:00:00,10646.155436623281
2021-02-12 02:00:00,10622.922360949202
2021-02-12 03:00:00,10644.269850610788
2021-02-12 04:00:00,10742.054471835683
2021-02-12 05:00:00,10895.612868895698
2021-02-12 06:00:00,11045.152348321857
2021-02-12 07:00:00,11133.598808392248
2021-02-12 08:00:00,11141.088847816953
2021-02-12 09:00:00,11088.063380834183
2021-02-12 10:00:00,11012.899107808034
2021-02-12 11:00:00,10948.526004322282
2021-02-12 12:00:00,10914.6499656471
2021-02-12 13:00:00,10920.814582902536
2021-02-12 14:00:00,10965.40605070045
2021-02-12 15:00:00,11026.833426036601
2021-02-12 16:00:00,11060.684621537393
2021-02-12 17:00:00,11017.877974487043
2021-02-12 18:00:00,10878.649162376283
2021-02-12 19:00:00,10675.50541181538
2021-02-12 20:00:00,10480.094358390103
2021-02-12 21:00:00,10357.514848775709
2021-02-12 22:00:00,10322.25759448559
2021-02-12 23:00:00,10332.629718242355
2021-02-13 00:00:00,10329.595763819669
2021-02-13 01:00:00,10287.76754919827
2021-02-13 02:00:00,10235.453422618782
2021-02-13 03:00:00,10227.637174741212
2021-02-13 04:00:00,10296.400269866142
2021-02-13 05:00:00,10421.316529505482
2021-02-13 06:00:00,10542.840635241188
2021-02-13 07:00:00,10604.15378840023
2021-02-13 08:00:00,10585.653383778084
2021-02-13 09:00:00,10508.044050698803
2021-02-13 10:00:00,10409.966438694688
2021-02-13 11:00:00,10324.611940431747
2021-02-13 12:00:00,10271.942520311046
2021-02-13 13:00:00,10261.749657142316
2021-02-13 14:00:00,10292.656433896016
2021-02-13 15:00:00,10343.295027445578
2021-02-13 16:00:00,10369.460014606982
2021-02-13 17:00:00,10322.257368386696
2021-02-13 18:00:00,10182.08894694104
2021-02-13 19:00:00,9981.60445226356
2021-02-13 20:00:00,9792.568244799813
2021-02-13 21:00:00,9680.168331779612
2021-02-13 22:00:00,9658.955462715701
2021-02-13 23:00:00,9687.266394406935
2021-02-14 00:00:00,9706.063914576062
2021-02-14 01:00:00,9689.926019157854
2021-02-14 02:00:00,9667.09481442157
2021-02-14 03:00:00,9692.45540515693
2021-02-14 04:00:00,9797.958436177478
2021-02-14 05:00:00,9963.015420971844
2021-02-14 06:00:00,10127.888221055631
2021-02-14 07:00:00,10235.536006297798
2021-02-14 08:00:00,10266.106542698248
2021-02-14 09:00:00,10240.029146274459
2021-02-14 10:00:00,10195.645662111454
2021-02-14 11:00:00,10165.827640073137
2021-02-14 12:00:00,10170.198851015095
2021-02-14 13:00:00,10218.197124623925
2021-02-14 14:00:00,10308.079512327364
2021-02-14 15:00:00,10418.102996189707
2021-02-14 16:00:00,10503.681126409469
2021-02-14 17:00:00,10515.53642645547
2021-02-14 18:00:00,10433.688332105434
2021-02-14 19:00:00,10290.40860484595
2021-02-14 20:00:00,10157.091569082497
2021-02-14 21:00:00,10098.566454419955
2021-02-14 22:00:00,10129.039740596452
2021-02-14 23:00:00,10206.52153276223
2021-02-15 00:00:00,10271.668523090693
2021-02-15 01:00:00,10298.775902301697
2021-02-15 02:00:00,10315.82876342271
2021-02-15 03:00:00,10377.48323248138
2021-02-15 04:00:00,10515.490969963594
2021-02-15 05:00:00,10709.096156393127
2021-02-15 06:00:00,10898.426308835406
2021-02-15 07:00:00,11026.340245073066
2021-02-15 08:00:00,11072.920032515769
2021-02-15 09:00:00,11058.5642546861
2021-02-15 10:00:00,11021.618952516894
2021-02-15 11:00:00,10994.994414177578
2021-02-15 12:00:00,10998.38696310451
2021-02-15 13:00:00,11041.339735365913
2021-02-15 14:00:00,11122.24646313448
2021-02-15 15:00:00,11219.530502335589
2021-02-15 16:00:00,11288.799507283778
2021-02-15 17:00:00,11280.995614800868
2021-02-15 18:00:00,11176.380930178302
2021-02-15 19:00:00,11007.490284028354
2021-02-15 20:00:00,10845.998640163807
2021-02-15 21:00:00,10757.030468218498
2021-02-15 22:00:00,10755.099012239545
2021-02-15 23:00:00,10798.529517868756
2021-02-16 00:00:00,10828.299009061951
2021-02-16 01:00:00,10819.025013520579
2021-02-16 02:00:00,10799.013813986185
2021-02-16 03:00:00,10823.238494533667
2021-02-16 04:00:00,10923.760458814093
2021-02-16 05:00:00,11080.123565353153
2021-02-16 06:00:00,11232.742256341287
2021-02-16 07:00:00,11324.747024534738
2021-02-16 08:00:00,11336.474080150845
2021-02-16 09:00:00,11288.556572889469
2021-02-16 10:00:00,11219.553745697036
2021-02-16 11:00:00,11162.566209726989
2021-02-16 12:00:00,11137.45650283045
2021-02-16 13:00:00,11153.908931694368
2021-02-16 14:00:00,11210.43271973356
2021-02-16 15:00:00,11285.540700555097
2021-02-16 16:00:00,11334.903957928476
2021-02-16 17:00:00,11309.502269222152
2021-02-16 18:00:00,11189.610135708535
2021-02-16 19:00:00,11007.750356585571
2021-02-16 20:00:00,10835.562511228381
2021-02-16 21:00:00,10738.113645201856
2021-02-16 22:00:00,10729.83907018348
2021-02-16 23:00:00,10768.967316871773
2021-02-17 00:00:00,10796.361806582288
2021-02-17 01:00:00,10786.51161332759
2021-02-17 02:00:00,10767.581865091159
2021-02-17 03:00:00,10794.394023845232
2021-02-17 04:00:00,10898.849691175443
2021-02-17 05:00:00,11060.327054188383
2021-02-17 06:00:00,11219.071318092876
2021-02-17 07:00:00,11318.042440407578
2021-02-17 08:00:00,11337.406999938521
2021-02-17 09:00:00,11297.631528477488
2021-02-17 10:00:00,11237.113655957735
2021-02-17 11:00:00,11188.799234834256
2021-02-17 12:00:00,11172.404584474401
2021-02-17 13:00:00,11197.477836699458
2021-02-17 14:00:00,11262.403388286344
2021-02-17 15:00:00,11345.581686904874
2021-02-17 16:00:00,11402.584741194984
2021-02-17 17:00:00,11384.30720478177
2021-02-17 18:00:00,11270.952813845272
2021-02-17 19:00:00,11094.988134460016
2021-02-17 20:00:00,10928.010987026479
2021-02-17 21:00:00,10835.060849003417
2021-02-17 22:00:00,10830.559155233854
2021-02-17 23:00:00,10872.73354673515
2021-02-18 00:00:00,10902.458648380483
2021-02-18 01:00:00,10894.245764363031
2021-02-18 02:00:00,10876.292059811009
2021-02-18 03:00:00,10903.459489491705
2021-02-18 04:00:00,11007.697143677859
2021-02-18 05:00:00,11168.436150507629
2021-02-18 06:00:00,11325.978506845773
2021-02-18 07:00:00,11423.34317874461
2021-02-18 08:00:00,11440.756331472006
2021-02-18 09:00:00,11398.743043445209
2021-02-18 10:00:00,11335.756880923858
2021-02-18 11:00:00,11284.795524585425
2021-02-18 12:00:00,11265.621612900995
2021-02-18 13:00:00,11287.822806199407
2021-02-18 14:00:00,11349.815098040459
2021-02-18 15:00:00,11430.02161924895
2021-02-18 16:00:00,11484.027341767272
2021-02-18 17:00:00,11462.729545995408
2021-02-18 18:00:00,11346.323842393685
2021-02-18 19:00:00,11167.25771163815
2021-02-18 20:00:00,10997.098935936609
2021-02-18 21:00:00,10900.846224577937
2021-02-18 22:00:00,10892.869951806706
2021-02-18 23:00:00,10931.337053661358
2021-02-19 00:00:00,10957.052656641768
2021-02-19 01:00:00,10944.450816632487
2021-02-19 02:00:00,10921.64492301414
2021-02-19 03:00:00,10943.408012761493
2021-02-19 04:00:00,11041.596646051712
2021-02-19 05:00:00,11195.547461563785
2021-02-19 06:00:00,11345.467760715383
2021-02-19 07:00:00,11434.283437151124
2021-02-19 08:00:00,11442.131085425286
2021-02-19 09:00:00,11389.4516160948
2021-02-19 10:00:00,11314.621726308738
2021-02-19 11:00:00,11250.571388925908
2021-02-19 12:00:00,11217.006496959315
2021-02-19 13:00:00,11223.470639740593
2021-02-19 14:00:00,11268.350010561764
2021-02-19 15:00:00,11330.053665596406
2021-02-19 16:00:00,11364.169517081937
2021-02-19 17:00:00,11321.615902412726
2021-02-19 18:00:00,11182.628499648381
2021-02-19 19:00:00,10979.71453644042
2021-02-19 20:00:00,10784.521649882752
2021-02-19 21:00:00,10662.148688621239
2021-02-19 22:00:00,10627.086366623415
2021-02-19 23:00:00,10637.64180950349
2021-02-20 00:00:00,10634.779564423105
2021-02-20 01:00:00,10593.111453190893
2021-02-20 02:00:00,10540.945828357626
2021-02-20 03:00:00,10533.266485329481
2021-02-20 04:00:00,10602.154893648116
2021-02-20 05:00:00,10727.184880502862
2021-02-20 06:00:00,10848.811133619916
2021-02-20 07:00:00,10910.214860931483
2021-02-20 08:00:00,10891.79346428426
2021-02-20 09:00:00,10814.251580533723
2021-02-20 10:00:00,10716.229867169182
2021-02-20 11:00:00,10630.919725291778
2021-02-20 12:00:00,10578.283128182777
2021-02-20 13:00:00,10568.111563980916
2021-02-20 14:00:00,10599.028125433673
2021-02-20 15:00:00,10649.66499966231
2021-02-20 16:00:00,10675.816774148874
2021-02-20 17:00:00,10628.589433036017
2021-02-20 18:00:00,10488.384846052206
2021-02-20 19:00:00,10287.852727214104
2021-02-20 20:00:00,10098.757449430106
2021-02-20 21:00:00,9986.287032835275
2021-02-20 22:00:00,9964.992240299087
2021-02-20 23:00:00,9993.209842397418
2021-02-21 00:00:00,10011.902641084995
2021-02-21 01:00:00,9995.648646961274
2021-02-21 02:00:00,9972.689981403199
2021-02-21 03:00:00,9997.911764718896
2021-02-21 04:00:00,10103.264657708167
2021-02-21 05:00:00,10268.160190253266
2021-02-21 06:00:00,10432.860240701468
2021-02-21 07:00:00,10540.32399618207
2021-02-21 08:00:00,10570.69924038348
2021-02-21 09:00:00,10544.415307442638
2021-02-21 10:00:00,10499.814060973626
2021-02-21 11:00:00,10469.767069817077
2021-02-21 12:00:00,10473.898124200663
2021-02-21 13:00:00,10521.645073623426
2021-02-21 14:00:00,10611.264989733803
2021-02-21 15:00:00,10721.014875227032
2021-02-21 16:00:00,10806.308301379157
2021-02-21 17:00:00,10817.86781311526
2021-02-21 18:00:00,10735.71286809958
2021-02-21 19:00:00,10592.115250108463
2021-02-21 20:00:00,10458.469306239678
2021-02-21 21:00:00,10399.604289226416
2021-02-21 22:00:00,10429.726702313194
2021-02-21 23:00:00,10506.846674563418
2021-02-22 00:00:00,10571.620922487307
2021-02-22 01:00:00,10598.34466151649
2021-02-22 02:00:00,10615.00300979145
2021-02-22 03:00:00,10676.252118874332
2021-02-22 04:00:00,10813.843675157284
2021-02-22 05:00:00,11007.02188547342
2021-02-22 06:00:00,11195.914293573398
2021-02-22 07:00:00,11323.37974434913
2021-02-22 08:00:00,11369.500332669477
2021-02-22 09:00:00,11354.674669925906
2021-02-22 10:00:00,11317.248825299259
2021-02-22 11:00:00,11290.133115592853
2021-02-22 12:00:00,11293.023893239751
2021-02-22 13:00:00,11335.46432370588
2021-02-22 14:00:00,11415.84816893526
2021-02-22 15:00:00,11512.598814982324
2021-02-22 16:00:00,11581.323946678456
2021-02-22 17:00:00,11572.965731730608
2021-02-22 18:00:00,11467.786306689823
2021-02-22 19:00:00,11298.320533771046
2021-02-22 20:00:00,11136.243408797525
2021-02-22 21:00:00,11046.67943372056
2021-02-22 22:00:00,11044.141885319848
2021-02-22 23:00:00,11086.956042292168
2021-02-23 00:00:00,11116.098962028365
2021-02-23 01:00:00,11106.188206005709
2021-02-23 02:00:00,11085.530091088109
2021-02-23 03:00:00,11109.097735844953
2021-02-23 04:00:00,11208.952578754743
2021-02-23 05:00:00,11364.638513518858
2021-02-23 06:00:00,11516.570017843582
2021-02-23 07:00:00,11607.877620364638
2021-02-23 08:00:00,11618.897567487176
2021-02-23 09:00:00,11570.263045458205
2021-02-23 10:00:00,11500.53333410138
2021-02-23 11:00:00,11442.809081785377
2021-02-23 12:00:00,11416.952863888684
2021-02-23 13:00:00,11432.649024976894
2021-02-23 14:00:00,11488.406826668339
2021-02-23 15:00:00,11562.739141079855
2021-02-23 16:00:00,11611.317090828457
2021-02-23 17:00:00,11585.120492446511
2021-02-23 18:00:00,11464.423886694134
2021-02-23 19:00:00,11281.750112549884
2021-02-23 20:00:00,11108.738789514913
2021-02-23 21:00:00,11010.457003568334
2021-02-23 22:00:00,11001.340107115913
2021-02-23 23:00:00,11039.61667188627
2021-02-24 00:00:00,11066.150160548696
2021-02-24 01:00:00,11055.429688744867
2021-02-24 02:00:00,11035.620426395288
2021-02-24 03:00:00,11061.54387771733
2021-02-24 04:00:00,11165.101686824202
2021-02-24 05:00:00,11325.6720836337
2021-02-24 06:00:00,11483.500316492371
2021-02-24 07:00:00,11581.546386304588
2021-02-24 08:00:00,11599.976915552159
2021-02-24 09:00:00,11559.258480003684
2021-02-24 10:00:00,11497.788753836478
2021-02-24 11:00:00,11448.51363403069
2021-02-24 12:00:00,11431.149484753074
2021-02-24 13:00:00,11455.244482891692
2021-02-24 14:00:00,11519.183070576944
2021-02-24 15:00:00,11601.365741070998
2021-02-24 16:00:00,11657.364548904265
2021-02-24 17:00:00,11638.074193831497
2021-02-24 18:00:00,11523.698458430437
2021-02-24 19:00:00,11346.703955433055
2021-02-24 20:00:00,11178.688552149531
2021-02-24 21:00:00,11084.691773201028
2021-02-24 22:00:00,11079.135100837546
2021-02-24 23:00:00,11120.246223754155
2021-02-25 00:00:00,11148.899814711078
2021-02-25 01:00:00,11139.607226056816
2021-02-25 02:00:00,11120.56567130865
2021-02-25 03:00:00,11146.637153863387
2021-02-25 04:00:00,11249.770812840186
2021-02-25 05:00:00,11409.397825481796
2021-02-25 06:00:00,11565.820237970373
2021-02-25 07:00:00,11662.057065906709
2021-02-25 08:00:00,11678.33452433263
2021-02-25 09:00:00,11635.17774166036
2021-02-25 10:00:00,11571.04033437114
2021-02-25 11:00:00,11518.920033555452
2021-02-25 12:00:00,11498.579528346974
2021-02-25 13:00:00,11519.606529924105
2021-02-25 14:00:00,11580.417082911505
2021-02-25 15:00:00,11659.434369399685
2021-02-25 16:00:00,11712.243412818185
2021-02-25 17:00:00,11689.741545235727
2021-02-25 18:00:00,11572.124428976138
2021-02-25 19:00:00,11391.839596799939
2021-02-25 20:00:00,11220.454883171456
2021-02-25 21:00:00,11122.969049836147
2021-02-25 22:00:00,11113.752523654255
2021-02-25 23:00:00,11150.972293523175
2021-02-26 00:00:00,11175.433538925725
2021-02-26 01:00:00,11161.570368942099
2021-02-26 02:00:00,11137.496226307967
2021-02-26 03:00:00,11157.984201546922
2021-02-26 04:00:00,11254.890908530093
2021-02-26 05:00:00,11407.553039824588
2021-02-26 06:00:00,11556.177950884969
2021-02-26 07:00:00,11643.691589562786
2021-02-26 08:00:00,11650.23060477712
2021-02-26 09:00:00,11596.235961615324
2021-02-26 10:00:00,11520.084411908883
2021-02-26 11:00:00,11454.70598333496
2021-02-26 12:00:00,11419.80662390274
2021-02-26 13:00:00,11424.929978067768
2021-02-26 14:00:00,11468.462294395384
2021-02-26 15:00:00,11528.81268446896
2021-02-26 16:00:00,11561.569116094139
2021-02-26 17:00:00,11517.649982342456
2021-02-26 18:00:00,11377.291017102481
2021-02-26 19:00:00,11172.999503980664
2021-02-26 20:00:00,10976.423136152878
2021-02-26 21:00:00,10852.660818472616
2021-02-26 22:00:00,10816.203321230392
2021-02-26 23:00:00,10825.35782650796
2021-02-27 00:00:00,10821.088938016374
2021-02-27 01:00:00,10778.008534252305
2021-02-27 02:00:00,10724.425024565593
2021-02-27 03:00:00,10715.322261256584
2021-02-27 04:00:00,10782.78177087095
2021-02-27 05:00:00,10906.377437712545
2021-02-27 06:00:00,11026.564006726529
2021-02-27 07:00:00,11086.522743157282
2021-02-27 08:00:00,11066.651106244273
2021-02-27 09:00:00,10987.65379034694
2021-02-27 10:00:00,10888.17151054918
2021-02-27 11:00:00,10801.39572560756
2021-02-27 12:00:00,10747.288466580923
2021-02-27 13:00:00,10735.641279439456
2021-02-27 14:00:00,10765.077314854509
2021-02-27 15:00:00,10814.228817935411
2021-02-27 16:00:00,10838.890434235775
2021-02-27 17:00:00,10790.168206040185
2021-02-27 18:00:00,10648.464061276332
2021-02-27 19:00:00,10446.42777224861
2021-02-27 20:00:00,10255.823770182587
2021-02-27 21:00:00,10141.840133619882
2021-02-27 22:00:00,10119.027683876518
2021-02-27 23:00:00,10145.723250034007
2021-02-28 00:00:00,10162.889692604347
2021-02-28 01:00:00,10145.105080793623
2021-02-28 02:00:00,10120.61159463317
2021-02-28 03:00:00,10144.294413126328
2021-02-28 04:00:00,10248.104255809556
2021-02-28 05:00:00,10411.45271133567
2021-02-28 06:00:00,10574.601716872998
2021-02-28 07:00:00,10680.51051837721
2021-02-28 08:00:00,10709.326958427882
2021-02-28 09:00:00,10681.480430049087
2021-02-28 10:00:00,10635.312855784996
2021-02-28 11:00:00,10603.695863421917
2021-02-28 12:00:00,10606.253302156125
2021-02-28 13:00:00,10652.423080468434
2021-02-28 14:00:00,10740.462329004651
2021-02-28 15:00:00,10848.628109463602
2021-02-28 16:00:00,10932.334052140925
2021-02-28 17:00:00,10942.30276098815
2021-02-28 18:00:00,10858.55375268824
2021-02-28 19:00:00,10713.358870052489
2021-02-28 20:00:00,10578.112519195345
2021-02-28 21:00:00,10517.64401187826
2021-02-28 22:00:00,10546.159910348108
2021-02-28 23:00:00,10621.670402687747
2021-03-01 00:00:00,10684.832264383655
2021-03-01 01:00:00,10709.940769849962
2021-03-01 02:00:00,10724.981096187224
2021-03-01 03:00:00,10784.609453890062
2021-03-01 04:00:00,10920.577588268536
2021-03-01 05:00:00,11112.129765040236
2021-03-01 06:00:00,11299.393586829327
2021-03-01 07:00:00,11425.227957341715
2021-03-01 08:00:00,11469.715030261552
2021-03-01 09:00:00,11453.253475729995
2021-03-01 10:00:00,11414.18942165641
2021-03-01 11:00:00,11385.433243527457
2021-03-01 12:00:00,11386.681352415768
2021-03-01 13:00:00,11427.476972378812
2021-03-01 14:00:00,11506.213923906635
2021-03-01 15:00:00,11601.315651546587
2021-03-01 16:00:00,11668.389898571137
2021-03-01 17:00:00,11658.378891076825
2021-03-01 18:00:00,11551.54482392834
2021-03-01 19:00:00,11380.422617623564
2021-03-01 20:00:00,11216.68732616857
2021-03-01 21:00:00,11125.463509664965
2021-03-01 22:00:00,11121.264502953083
2021-03-01 23:00:00,11162.415642723065
2021-03-02 00:00:00,11189.89404429795
2021-03-02 01:00:00,11178.317326991875
2021-03-02 02:00:00,11155.991865448983
2021-03-02 03:00:00,11177.890835906002
2021-03-02 04:00:00,11276.075734471218
2021-03-02 05:00:00,11430.09051235211
2021-03-02 06:00:00,11580.349704687687
2021-03-02 07:00:00,11669.98389745107
2021-03-02 08:00:00,11679.329394307613
2021-03-02 09:00:00,11629.019438650823
2021-03-02 10:00:00,11557.613367352713
2021-03-02 11:00:00,11498.21188575003
2021-03-02 12:00:00,11470.67762607121
2021-03-02 13:00:00,11484.694989630527
2021-03-02 14:00:00,11538.773294682293
2021-03-02 15:00:00,11611.425469893755
2021-03-02 16:00:00,11658.32269428609
2021-03-02 17:00:00,11630.444840707936
2021-03-02 18:00:00,11508.066506109812
2021-03-02 19:00:00,11323.710585545576
2021-03-02 20:00:00,11149.016754469032
2021-03-02 21:00:00,11049.052154683888
2021-03-02 22:00:00,11038.252194313436
2021-03-02 23:00:00,11074.845500650325
2021-03-03 00:00:00,11099.69559181598
2021-03-03 01:00:00,11087.291638769007
2021-03-03 02:00:00,11065.798866617672
2021-03-03 03:00:00,11090.038834610166
2021-03-03 04:00:00,11191.913241781298
2021-03-03 05:00:00,11350.800372811344
2021-03-03 06:00:00,11506.945530667432
2021-03-03 07:00:00,11603.308770733522
2021-03-03 08:00:00,11620.056769825433
2021-03-03 09:00:00,11577.656157893003
2021-03-03 10:00:00,11514.504663139993
2021-03-03 11:00:00,11463.548236433158
2021-03-03 12:00:00,11444.503295657365
2021-03-03 13:00:00,11466.918071264326
2021-03-03 14:00:00,11529.177058782614
2021-03-03 15:00:00,11609.680804734482
2021-03-03 16:00:00,11664.001416711497
2021-03-03 17:00:00,11643.0336473884
2021-03-03 18:00:00,11526.981332088471
2021-03-03 19:00:00,11348.311136130922
2021-03-03 20:00:00,11178.620979194757
2021-03-03 21:00:00,11082.950438159418
2021-03-03 22:00:00,11075.72104732769
2021-03-03 23:00:00,11115.160547257947
2021-03-04 00:00:00,11142.14366241048
2021-03-04 01:00:00,11131.181796648083
2021-03-04 02:00:00,11110.472214825048
2021-03-04 03:00:00,11134.876971464124
2021-03-04 04:00:00,11236.345256659835
2021-03-04 05:00:00,11394.308298413776
2021-03-04 06:00:00,11549.068193485129
2021-03-04 07:00:00,11643.64400785653
2021-03-04 08:00:00,11658.262006758974
2021-03-04 09:00:00,11613.447368598892
2021-03-04 10:00:00,11547.653759638148
2021-03-04 11:00:00,11493.878960572218
2021-03-04 12:00:00,11471.88570991908
2021-03-04 13:00:00,11491.261768041815
2021-03-04 14:00:00,11550.423228537726
2021-03-04 15:00:00,11627.79332228637
2021-03-04 16:00:00,11678.957121262461
2021-03-04 17:00:00,11654.812005892361
2021-03-04 18:00:00,11535.55368663802
2021-03-04 19:00:00,11353.629744184505
2021-03-04 20:00:00,11180.608060703682
2021-03-04 21:00:00,11081.48744542549
2021-03-04 22:00:00,11070.638372491316
2021-03-04 23:00:00,11106.227877830432
2021-03-05 00:00:00,11129.061187768897
2021-03-05 01:00:00,11113.572457976008
2021-03-05 02:00:00,11087.875177568387
2021-03-05 03:00:00,11106.742483215996
2021-03-05 04:00:00,11202.031034700356
2021-03-05 05:00:00,11353.077570298567
2021-03-05 06:00:00,11500.08949089053
2021-03-05 07:00:00,11585.992789574613
2021-03-05 08:00:00,11590.924160237464
2021-03-05 09:00:00,11535.324612721917
2021-03-05 10:00:00,11457.570943370038
2021-03-05 11:00:00,11390.593224133003
2021-03-05 12:00:00,11354.097447038812
2021-03-05 13:00:00,11357.627300333044
2021-03-05 14:00:00,11399.569076133395
2021-03-05 15:00:00,11458.331929304764
2021-03-05 16:00:00,11489.50387070685
2021-03-05 17:00:00,11444.003336212256
2021-03-05 18:00:00,11302.066102265822
2021-03-05 19:00:00,11096.1994947583
2021-03-05 20:00:00,10898.051248928634
2021-03-05 21:00:00,10772.720311416206
2021-03-05 22:00:00,10734.697494048976
2021-03-05 23:00:00,10742.290020188562
2021-03-06 00:00:00,10736.462534576229
2021-03-06 01:00:00,10691.826956468094
2021-03-06 02:00:00,10636.691735708622
2021-03-06 03:00:00,10626.040764858511
2021-03-06 04:00:00,10691.955610436016
2021-03-06 05:00:00,10814.010196457064
2021-03-06 06:00:00,10932.659307321053
2021-03-06 07:00:00,10991.084247462888
2021-03-06 08:00:00,10969.682515026805
2021-03-06 09:00:00,10889.158843033721
2021-03-06 10:00:00,10788.153984923898
2021-03-06 11:00:00,10699.859437592062
2021-03-06 12:00:00,10644.23726990581
2021-03-06 13:00:00,10631.079065408021
2021-03-06 14:00:00,10659.008012068032
2021-03-06 15:00:00,10706.6563919955
2021-03-06 16:00:00,10729.818887484733
2021-03-06 17:00:00,10679.601577281643
2021-03-06 18:00:00,10536.406425500878
2021-03-06 19:00:00,10332.883240332256
2021-03-06 20:00:00,10140.796488641652
2021-03-06 21:00:00,10025.334284304947
2021-03-06 22:00:00,10001.047483696397
2021-03-06 23:00:00,10026.272950669383
2021-03-07 00:00:00,10041.973580239297
2021-03-07 01:00:00,10022.727475813674
2021-03-07 02:00:00,9996.776851337005
2021-03-07 03:00:00,10019.006919460686
2021-03-07 04:00:00,10121.368433064228
2021-03-07 05:00:00,10283.273013859232
2021-03-07 06:00:00,10444.982631777579
2021-03-07 07:00:00,10549.456565273285
2021-03-07 08:00:00,10576.842689097359
2021-03-07 09:00:00,10547.570428181196
2021-03-07 10:00:00,10499.981736675365
2021-03-07 11:00:00,10466.948273685513
2021-03-07 12:00:00,10468.093919412946
2021-03-07 13:00:00,10512.856613072192
2021-03-07 14:00:00,10599.493515740682
2021-03-07 15:00:00,10706.26171926386
2021-03-07 16:00:00,10788.574883755402
2021-03-07 17:00:00,10797.155642718399
2021-03-07 18:00:00,10712.023542086166
2021-03-07 19:00:00,10565.450453601381
2021-03-07 20:00:00,10428.830812038355
2021-03-07 21:00:00,10366.99395750781
2021-03-07 22:00:00,10394.146480303629
2021-03-07 23:00:00,10468.298596250474
2021-03-08 00:00:00,10530.107108286022
2021-03-08 01:00:00,10553.867317972858
2021-03-08 02:00:00,10567.564429250344
2021-03-08 03:00:00,10625.854679164722
2021-03-08 04:00:00,10760.489839250818
2021-03-08 05:00:00,10950.714201173041
2021-03-08 06:00:00,11136.655393182149
2021-03-08 07:00:00,11261.172344311859
2021-03-08 08:00:00,11304.347233269895
2021-03-08 09:00:00,11286.578754916745
2021-03-08 10:00:00,11246.21306158087
2021-03-08 11:00:00,11216.160552839485
2021-03-08 12:00:00,11216.117663583542
2021-03-08 13:00:00,11255.627641359768
2021-03-08 14:00:00,11333.084329846586
2021-03-08 15:00:00,11426.911196468438
2021-03-08 16:00:00,11492.716007084515
2021-03-08 17:00:00,11481.44101004652
2021-03-08 18:00:00,11373.348422187142
2021-03-08 19:00:00,11200.973185655059
2021-03-08 20:00:00,11035.990375802263
2021-03-08 21:00:00,10943.524573761133
2021-03-08 22:00:00,10938.089135097063
2021-03-08 23:00:00,10978.009416933746
2021-03-09 00:00:00,11004.262554689512
2021-03-09 01:00:00,10991.46618748608
2021-03-09 02:00:00,10967.926709461555
2021-03-09 03:00:00,10988.617316041591
2021-03-09 04:00:00,11085.599522193646
2021-03-09 05:00:00,11238.417297705837
2021-03-09 06:00:00,11387.485195959422
2021-03-09 07:00:00,11475.93382089978
2021-03-09 08:00:00,11484.099493806061
2021-03-09 09:00:00,11432.615475409548
2021-03-09 10:00:00,11360.041119613967
2021-03-09 11:00:00,11299.477148434165
2021-03-09 12:00:00,11270.786210532917
2021-03-09 13:00:00,11283.652723305506
2021-03-09 14:00:00,11336.586020789427
2021-03-09 15:00:00,11408.099047121817
2021-03-09 16:00:00,11453.862996503325
2021-03-09 17:00:00,11424.857756627756
2021-03-09 18:00:00,11301.357938999594
2021-03-09 19:00:00,11115.886452913895
2021-03-09 20:00:00,10940.082987756388
2021-03-09 21:00:00,10839.014698956142
2021-03-09 22:00:00,10827.11700794505
2021-03-09 23:00:00,10862.618555043608
2021-03-10 00:00:00,10886.382871056936
2021-03-10 01:00:00,10872.899139345553
2021-03-10 02:00:00,10850.332597108043
2021-03-10 03:00:00,10873.504815375129
2021-03-10 04:00:00,10974.317504647619
2021-03-10 05:00:00,11132.148960784543
2021-03-10 06:00:00,11287.244497613714
2021-03-10 07:00:00,11382.564181077052
2021-03-10 08:00:00,11398.274698243551
2021-03-10 09:00:00,11354.842689015475
2021-03-10 10:00:00,11290.665891245195
2021-03-10 11:00:00,11238.690265129004
2021-03-10 12:00:00,11218.632237595597
2021-03-10 13:00:00,11240.040047835275
2021-03-10 14:00:00,11301.29819980507
2021-03-10 15:00:00,11380.80724815239
2021-03-10 16:00:00,11434.139308313446
2021-03-10 17:00:00,11412.18914047925
2021-03-10 18:00:00,11295.160587194438
2021-03-10 19:00:00,11115.52032071783
2021-03-10 20:00:00,10944.866267351706
2021-03-10 21:00:00,10848.238010303246
2021-03-10 22:00:00,10840.057089904321
2021-03-10 23:00:00,10878.551252445173
2021-03-11 00:00:00,10904.595227821606
2021-03-11 01:00:00,10892.700425033201
2021-03-11 02:00:00,10871.064113779714
2021-03-11 03:00:00,10894.548353128655
2021-03-11 04:00:00,10995.102337426177
2021-03-11 05:00:00,11152.157298627222
2021-03-11 06:00:00,11306.015337163903
2021-03-11 07:00:00,11399.695522376243
2021-03-11 08:00:00,11413.424122587745
2021-03-11 09:00:00,11367.726318983066
2021-03-11 10:00:00,11301.055780324286
2021-03-11 11:00:00,11246.410289512836
2021-03-11 12:00:00,11223.552586985592
2021-03-11 13:00:00,11242.07043473101
2021-03-11 14:00:00,11300.37992768948
2021-03-11 15:00:00,11376.904297791247
2021-03-11 16:00:00,11427.228617780058
2021-03-11 17:00:00,11402.250268569354
2021-03-11 18:00:00,11282.164960806931
2021-03-11 19:00:00,11099.420275109236
2021-03-11 20:00:00,10925.584093270329
2021-03-11 21:00:00,10825.655223856824
2021-03-11 22:00:00,10814.004140097382
2021-03-11 23:00:00,10848.797876700884
2021-03-12 00:00:00,10870.84165850033
2021-03-12 01:00:00,10854.569639397883
2021-03-12 02:00:00,10828.09530646209
2021-03-12 03:00:00,10846.19179403887
2021-03-12 04:00:00,10940.71575930963
2021-03-12 05:00:00,11091.0039376713
2021-03-12 06:00:00,11237.263726868581
2021-03-12 07:00:00,11322.421116556097
2021-03-12 08:00:00,11326.612796959484
2021-03-12 09:00:00,11270.279773931445
2021-03-12 10:00:00,11191.79883959055
2021-03-12 11:00:00,11124.10006138667
2021-03-12 12:00:00,11086.889426575633
2021-03-12 13:00:00,11089.71061836918
2021-03-12 14:00:00,11130.94992358036
2021-03-12 15:00:00,11189.016491507862
2021-03-12 16:00:00,11219.498327181682
2021-03-12 17:00:00,11173.313860386685
2021-03-12 18:00:00,11030.698861204826
2021-03-12 19:00:00,10824.160648928102
2021-03-12 20:00:00,10625.346951911024
2021-03-12 21:00:00,10499.35670966801
2021-03-12 22:00:00,10460.680726638873
2021-03-12 23:00:00,10467.6262185394
2021-03-13 00:00:00,10461.157822219977
2021-03-13 01:00:00,10415.887448786078
2021-03-13 02:00:00,10360.123539680346
2021-03-13 03:00:00,10348.849978811964
2021-03-13 04:00:00,10414.14832379677
2021-03-13 05:00:00,10535.592489496366
2021-03-13 06:00:00,10653.637250922864
2021-03-13 07:00:00,10711.463902853639
2021-03-13 08:00:00,10689.469933563394
2021-03-13 09:00:00,10608.360065923323
2021-03-13 10:00:00,10506.775043013138
2021-03-13 11:00:00,10417.906351112128
2021-03-13 12:00:00,10361.716048234357
2021-03-13 13:00:00,10347.995706828817
2021-03-13 14:00:00,10375.368503533453
2021-03-13 15:00:00,10422.466708908392
2021-03-13 16:00:00,10445.08499343431
2021-03-13 17:00:00,10394.329423833866
2021-03-13 18:00:00,10250.601951959012
2021-03-13 19:00:00,10046.552373508119
2021-03-13 20:00:00,9853.945142625851
2021-03-13 21:00:00,9737.968360235354
2021-03-13 22:00:00,9713.172869545857
2021-03-13 23:00:00,9737.895521001012
2021-03-14 00:00:00,9753.099195997187
2021-03-14 01:00:00,9733.361984098796
2021-03-14 02:00:00,9706.926085192476
2021-03-14 03:00:00,9728.676697628256
2021-03-14 04:00:00,9830.564559802417
2021-03-14 05:00:00,9992.00127870101
2021-03-14 06:00:00,10153.248809325503
2021-03-14 07:00:00,10257.266414983751
2021-03-14 08:00:00,10284.201955071756
2021-03-14 09:00:00,10254.48483895583
2021-03-14 10:00:00,10206.457005001204
2021-03-14 11:00:00,10172.990096341948
2021-03-14 12:00:00,10173.707976986243
2021-03-14 13:00:00,10218.048569754905
2021-03-14 14:00:00,10304.26901912201
2021-03-14 15:00:00,10410.626400155135
2021-03-14 16:00:00,10492.53435595032
2021-03-14 17:00:00,10500.71550282763
2021-03-14 18:00:00,10415.189369320546
2021-03-14 19:00:00,10268.227809591997
2021-03-14 20:00:00,10131.225240633548
2021-03-14 21:00:00,10069.010984579529
2021-03-14 22:00:00,10095.791613568854
2021-03-14 23:00:00,10169.577325065306
2021-03-15 00:00:00,10231.024903469539
2021-03-15 01:00:00,10254.429631620329
2021-03-15 02:00:00,10267.776694554097
2021-03-15 03:00:00,10325.722310209445
2021-03-15 04:00:00,10460.018230864182
2021-03-15 05:00:00,10649.908728724888
2021-03-15 06:00:00,10835.521412411486
2021-03-15 07:00:00,10959.715191151767
2021-03-15 08:00:00,11002.572223673655
2021-03-15 09:00:00,10984.491184688948
2021-03-15 10:00:00,10943.81820619043
2021-03-15 11:00:00,10913.463667273347
2021-03-15 12:00:00,10913.123982162546
2021-03-15 13:00:00,10952.34237757557
2021-03-15 14:00:00,11029.512676189528
2021-03-15 15:00:00,11123.058324293848
2021-03-15 16:00:00,11188.58706641214
2021-03-15 17:00:00,11177.041129426421
2021-03-15 18:00:00,11068.682708531724
2021-03-15 19:00:00,10896.046724088155
2021-03-15 20:00:00,10730.808229501856
2021-03-15 21:00:00,10638.091783801534
2021-03-15 22:00:00,10632.410720312293
2021-03-15 23:00:00,10672.090373747627
2021-03-16 00:00:00,10698.107856981847
2021-03-16 01:00:00,10685.08078644388
2021-03-16 02:00:00,10661.315533436355
2021-03-16 03:00:00,10681.785270398217
2021-03-16 04:00:00,10778.551489182077
2021-03-16 05:00:00,10931.158136308572
2021-03-16 06:00:00,11080.019741762524
2021-03-16 07:00:00,11168.266885953197
2021-03-16 08:00:00,11176.235866491
2021-03-16 09:00:00,11124.559920306703
2021-03-16 10:00:00,11051.798377372343
2021-03-16 11:00:00,10991.051935646337
2021-03-16 12:00:00,10962.183219589395
2021-03-16 13:00:00,10974.876622292955
2021-03-16 14:00:00,11027.641453359502
2021-03-16 15:00:00,11098.990632358242
2021-03-16 16:00:00,11144.59532881263
2021-03-16 17:00:00,11115.43540561841
2021-03-16 18:00:00,10991.78544937107
2021-03-16 19:00:00,10806.168344319089
2021-03-16 20:00:00,10630.223754721274
2021-03-16 21:00:00,10529.01881074438
2021-03-16 22:00:00,10516.988908454688
2021-03-16 23:00:00,10552.362662695641
2021-03-17 00:00:00,10576.003578705286
2021-03-17 01:00:00,10562.400814151539
2021-03-17 02:00:00,10539.719580440094
2021-03-17 03:00:00,10562.781422727396
2021-03-17 04:00:00,10663.488025521996
2021-03-17 05:00:00,10821.21765859807
2021-03-17 06:00:00,10976.215609596595
2021-03-17 07:00:00,11071.441918203915
2021-03-17 08:00:00,11087.063245105197
2021-03-17 09:00:00,11043.546203752312
2021-03-17 10:00:00,10979.288505453665
2021-03-17 11:00:00,10927.236083777534
2021-03-17 12:00:00,10907.105338923588
2021-03-17 13:00:00,10928.444483288928
2021-03-17 14:00:00,10989.637993950782
2021-03-17 15:00:00,11069.08639859888
2021-03-17 16:00:00,11122.361785617302
2021-03-17 17:00:00,11100.358888087268
2021-03-17 18:00:00,10983.28152138003
2021-03-17 19:00:00,10803.596330443002
2021-03-17 20:00:00,10632.901214292837
2021-03-17 21:00:00,10536.235728716447
2021-03-17 22:00:00,10528.021386571192
2021-03-17 23:00:00,10566.485906615953
2021-03-18 00:00:00,10592.503991148296
2021-03-18 01:00:00,10580.587021503397
2021-03-18 02:00:00,10558.932239648388
2021-03-18 03:00:00,10582.401676883732
2021-03-18 04:00:00,10682.944499712505
2021-03-18 05:00:00,10839.991912195415
2021-03-18 06:00:00,10993.845986812317
2021-03-18 07:00:00,11087.52576492034
2021-03-18 08:00:00,11101.257486779621
2021-03-18 09:00:00,11055.566305485325
2021-03-18 10:00:00,10988.9058616573
2021-03-18 11:00:00,10934.273910015749
2021-03-18 12:00:00,10911.43316275214
2021-03-18 13:00:00,10929.971353594603
2021-03-18 14:00:00,10988.3045491781
2021-03-18 15:00:00,11064.855953075124
2021-03-18 16:00:00,11115.210609648992
2021-03-18 17:00:00,11090.265871395924
2021-03-18 18:00:00,10970.217420520314
2021-03-18 19:00:00,10787.512809140453
2021-03-18 20:00:00,10613.719890558108
2021-03-18 21:00:00,10513.837444796327
2021-03-18 22:00:00,10502.235916520256
2021-03-18 23:00:00,10537.082311848735
2021-03-19 00:00:00,10559.181827016715
2021-03-19 01:00:00,10542.96858729201
2021-03-19 02:00:00,10516.556051088868
2021-03-19 03:00:00,10534.717324097352
2021-03-19 04:00:00,10629.309034823471
2021-03-19 05:00:00,10779.66788996225
2021-03-19 06:00:00,10926.001258554801
2021-03-19 07:00:00,11011.23510154192
2021-03-19 08:00:00,11015.506080421394
2021-03-19 09:00:00,10959.255172321842
2021-03-19 10:00:00,10880.859140629009
2021-03-19 11:00:00,10813.248024038847
2021-03-19 12:00:00,10776.127781081312
2021-03-19 13:00:00,10779.042066222064
2021-03-19 14:00:00,10820.377137532847
2021-03-19 15:00:00,10878.542115572429
2021-03-19 16:00:00,10909.1249766527
2021-03-19 17:00:00,10863.044121823279
2021-03-19 18:00:00,10720.535292449127
2021-03-19 19:00:00,10514.105779118421
2021-03-19 20:00:00,10315.403281487092
2021-03-19 21:00:00,10189.52671039207
2021-03-19 22:00:00,10150.966841595306
2021-03-19 23:00:00,10158.03086217812
2021-03-20 00:00:00,10151.683380340184
2021-03-20 01:00:00,10106.536278578804
2021-03-20 02:00:00,10050.897969744492
2021-03-20 03:00:00,10039.752309180682
2021-03-20 04:00:00,10105.180825943109
2021-03-20 05:00:00,10226.75740638555
2021-03-20 06:00:00,10344.936797022268
2021-03-20 07:00:00,10402.900264166177
2021-03-20 08:00:00,10381.045267660948
2021-03-20 09:00:00,10300.076501971596
2021-03-20 10:00:00,10198.634681822925
2021-03-20 11:00:00,10109.911265141187
2021-03-20 12:00:00,10053.86828166407
2021-03-20 13:00:00,10040.297275576393
2021-03-20 14:00:00,10067.821395297935
2021-03-20 15:00:00,10115.072883206383
2021-03-20 16:00:00,10137.84638167008
2021-03-20 17:00:00,10087.247929299616
2021-03-20 18:00:00,9943.679449916719
2021-03-20 19:00:00,9739.790711236783
2021-03-20 20:00:00,9547.346139417541
2021-03-20 21:00:00,9431.533807524325
2021-03-20 22:00:00,9406.904530904509
2021-03-20 23:00:00,9431.795132225963
2021-03-21 00:00:00,9447.168465133342
2021-03-21 01:00:00,9427.602591517389
2021-03-21 02:00:00,9401.339683643351
2021-03-21 03:00:00,9423.264912303215
2021-03-21 04:00:00,9525.328988377656
2021-03-21 05:00:00,9686.943491425292
2021-03-21 06:00:00,9848.370349064615
2021-03-21 07:00:00,9952.56879729171
2021-03-21 08:00:00,9979.686668256852
2021-03-21 09:00:00,9950.153344150276
2021-03-21 10:00:00,9902.310736233081
2021-03-21 11:00:00,9869.03046058476
2021-03-21 12:00:00,9869.936354262873
2021-03-21 13:00:00,9914.466313188455
2021-03-21 14:00:00,10000.877455016172
2021-03-21 15:00:00,10107.426828064066
2021-03-21 16:00:00,10189.528048777898
2021-03-21 17:00:00,10197.903706875506
2021-03-21 18:00:00,10112.57330438861
2021-03-21 19:00:00,9965.808669053906
2021-03-21 20:00:00,9829.004191526525
2021-03-21 21:00:00,9766.98916765721
2021-03-21 22:00:00,9793.970143425402
2021-03-21 23:00:00,9867.957290216633
2021-03-22 00:00:00,9929.607366407943
2021-03-22 01:00:00,9953.215628942287
2021-03-22 02:00:00,9966.767237031745
2021-03-22 03:00:00,10024.918382879601
2021-03-22 04:00:00,10159.420793117532
2021-03-22 05:00:00,10349.518714435146
2021-03-22 06:00:00,10535.339729983025
2021-03-22 07:00:00,10659.742723630521
2021-03-22 08:00:00,10702.809828867448
2021-03-22 09:00:00,10684.939695237157
2021-03-22 10:00:00,10644.478429681041
2021-03-22 11:00:00,10614.336386336501
2021-03-22 12:00:00,10614.20995458071
2021-03-22 13:00:00,10653.642336377
2021-03-22 14:00:00,10731.027329760593
2021-03-22 15:00:00,10824.78835647535
2021-03-22 16:00:00,10890.533136615131
2021-03-22 17:00:00,10879.203872742462
2021-03-22 18:00:00,10771.062735824471
2021-03-22 19:00:00,10598.644622134003
2021-03-22 20:00:00,10433.624561064136
2021-03-22 21:00:00,10341.127087776205
2021-03-22 22:00:00,10335.665511820755
2021-03-22 23:00:00,10375.565144257165
2021-03-23 00:00:00,10401.803074422067
2021-03-23 01:00:00,10388.996895322336
2021-03-23 02:00:00,10365.452954958222
2021-03-23 03:00:00,10386.144402583317
2021-03-23 04:00:00,10483.132706984052
2021-03-23 05:00:00,10635.961791721928
2021-03-23 06:00:00,10785.046163996734
2021-03-23 07:00:00,10873.516381473668
2021-03-23 08:00:00,10881.708719210952
2021-03-23 09:00:00,10830.256391680507
2021-03-23 10:00:00,10757.718706517939
2021-03-23 11:00:00,10697.196339494301
2021-03-23 12:00:00,10668.551892993668
2021-03-23 13:00:00,10681.469738160387
2021-03-23 14:00:00,10734.45916278176
2021-03-23 15:00:00,10806.033064740684
2021-03-23 16:00:00,10851.862592005553
2021-03-23 17:00:00,10822.927586055977
2021-03-23 18:00:00,10699.50261218528
2021-03-23 19:00:00,10514.11053350211
2021-03-23 20:00:00,10338.390993228553
2021-03-23 21:00:00,10237.411100654943
2021-03-23 22:00:00,10225.60623109356
2021-03-23 23:00:00,10261.204978773292
2021-03-24 00:00:00,10285.070828458267
2021-03-24 01:00:00,10271.692917481567
2021-03-24 02:00:00,10249.236437051039
2021-03-24 03:00:00,10272.522912265766
2021-03-24 04:00:00,10373.45400771832
2021-03-24 05:00:00,10531.407973403062
2021-03-24 06:00:00,10686.630077341459
2021-03-24 07:00:00,10782.080339713058
2021-03-24 08:00:00,10797.925401876528
2021-03-24 09:00:00,10754.631858070075
2021-03-24 10:00:00,10690.597400552231
2021-03-24 11:00:00,10638.767943982002
2021-03-24 12:00:00,10618.85986979712
2021-03-24 13:00:00,10640.421371778488
2021-03-24 14:00:00,10701.83690853532
2021-03-24 15:00:00,10781.506989438696
2021-03-24 16:00:00,10835.003684703443
2021-03-24 17:00:00,10813.221709392066
2021-03-24 18:00:00,10696.364861007258
2021-03-24 19:00:00,10516.89976678438
2021-03-24 20:00:00,10346.424308160982
2021-03-24 21:00:00,10249.978023523232
2021-03-24 22:00:00,10241.982408458054
2021-03-24 23:00:00,10280.665164621072
2021-03-25 00:00:00,10306.900977355177
2021-03-25 01:00:00,10295.201211199907
2021-03-25 02:00:00,10273.76309147772
2021-03-25 03:00:00,10297.448632989519
2021-03-25 04:00:00,10398.20698592238
2021-03-25 05:00:00,10555.469338151557
2021-03-25 06:00:00,10709.537746140822
2021-03-25 07:00:00,10803.431235384203
2021-03-25 08:00:00,10817.376030439144
2021-03-25 09:00:00,10771.897268860046
2021-03-25 10:00:00,10705.448575868242
2021-03-25 11:00:00,10651.027690970424
2021-03-25 12:00:00,10628.397311285717
2021-03-25 13:00:00,10647.14515563437
2021-03-25 14:00:00,10705.687275899334
2021-03-25 15:00:00,10782.446861081087
2021-03-25 16:00:00,10833.008941103777
2021-03-25 17:00:00,10808.270854205188
2021-03-25 18:00:00,10688.42826848972
2021-03-25 19:00:00,10505.92872213669
2021-03-25 20:00:00,10332.340054671216
2021-03-25 21:00:00,10232.661032498003
2021-03-25 22:00:00,10221.262086842844
2021-03-25 23:00:00,10256.310210525215
2021-03-26 00:00:00,10278.610586660816
2021-03-26 01:00:00,10262.59732755898
2021-03-26 02:00:00,10236.383878847348
2021-03-26 03:00:00,10254.743333563647
2021-03-26 04:00:00,10349.532307768925
2021-03-26 05:00:00,10500.087495849228
2021-03-26 06:00:00,10646.61625470258
2021-03-26 07:00:00,10732.044533323238
2021-03-26 08:00:00,10736.508981380539
2021-03-26 09:00:00,10680.450564376613
2021-03-26 10:00:00,10602.246034215566
2021-03-26 11:00:00,10534.825418293167
2021-03-26 12:00:00,10497.894663999446
2021-03-26 13:00:00,10500.99741482344
2021-03-26 14:00:00,10542.519918025273
2021-03-26 15:00:00,10600.871283535202
2021-03-26 16:00:00,10631.639477174627
2021-03-26 17:00:00,10585.742889691253
2021-03-26 18:00:00,10443.417252313751
2021-03-26 19:00:00,10237.169845654984
2021-03-26 20:00:00,10038.648359563453
2021-03-26 21:00:00,9912.951695232454
2021-03-26 22:00:00,9874.570618962232
2021-03-26 23:00:00,9881.812308515993
2021-03-27 00:00:00,9875.64136295929
2021-03-27 01:00:00,9830.669655819169
2021-03-27 02:00:00,9775.205591148448
2021-03-27 03:00:00,9764.233015636077
2021-03-27 04:00:00,9829.833449885886
2021-03-27 05:00:00,9951.580771940351
2021-03-27 06:00:00,10069.929720178801
2021-03-27 07:00:00,10128.061552944328
2021-03-27 08:00:00,10106.373722279059
2021-03-27 09:00:00,10025.570915017632
2021-03-27 10:00:00,9924.293838403717
2021-03-27 11:00:00,9835.733943081614
2021-03-27 12:00:00,9779.85325163097
2021-03-27 13:00:00,9766.443301281508
2021-03-27 14:00:00,9794.127233643123
2021-03-27 15:00:00,9841.537284460548
2021-03-27 16:00:00,9864.468089629358
2021-03-27 17:00:00,9814.025681453953
2021-03-27 18:00:00,9670.611977624589
2021-03-27 19:00:00,9466.876739863084
2021-03-27 20:00:00,9274.584388537134
2021-03-27 21:00:00,9158.922991060414
2021-03-27 22:00:00,9134.443357298287
2021-03-27 23:00:00,9159.482304604386
2021-03-28 00:00:00,9175.002681478489
2021-03-28 01:00:00,9155.582544820154
2021-03-28 02:00:00,9129.464062063933
2021-03-28 03:00:00,9151.532399354648
2021-03-28 04:00:00,9253.738263072331
2021-03-28 05:00:00,9415.493228441159
2021-03-28 06:00:00,9577.05921890242
2021-03-28 07:00:00,9681.395466460996
2021-03-28 08:00:00,9708.649799403936
2021-03-28 09:00:00,9679.251596242584
2021-03-28 10:00:00,9631.542764715443
2021-03-28 11:00:00,9598.394917543561
2021-03-28 12:00:00,9599.431888570749
2021-03-28 13:00:00,9644.091570682827
2021-03-28 14:00:00,9730.631078661398
2021-03-28 15:00:00,9837.307458088588
2021-03-28 16:00:00,9919.534322851538
2021-03-28 17:00:00,9928.034260263408
2021-03-28 18:00:00,9842.826770116866
2021-03-28 19:00:00,9696.18367804452
2021-03-28 20:00:00,9559.499372782764
2021-03-28 21:00:00,9497.60314840804
2021-03-28 22:00:00,9524.701549278388
2021-03-28 23:00:00,9598.804745315749
2021-03-29 00:00:00,9660.569493599707
2021-03-29 01:00:00,9684.291049914755
2021-03-29 02:00:00,9697.954572471603
2021-03-29 03:00:00,9756.21625263659
2021-03-29 04:00:00,9890.827816365401
2021-03-29 05:00:00,10081.033509794392
2021-03-29 06:00:00,10266.960915690053
2021-03-29 07:00:00,10391.468917704828
2021-03-29 08:00:00,10434.639649237093
2021-03-29 09:00:00,10416.871759905594
2021-03-29 10:00:00,10376.511356873249
2021-03-29 11:00:00,10346.46879465579
2021-03-29 12:00:00,10346.44046313216
2021-03-29 13:00:00,10385.969564945968
2021-03-29 14:00:00,10463.449898954737
2021-03-29 15:00:00,10557.304887856075
2021-03-29 16:00:00,10623.14225285814
2021-03-29 17:00:00,10611.90419778106
2021-03-29 18:00:00,10503.852895001744
2021-03-29 19:00:00,10331.523242322159
2021-03-29 20:00:00,10166.59027084554
2021-03-29 21:00:00,10074.178517561224
2021-03-29 22:00:00,10068.801293997296
2021-03-29 23:00:00,10108.783913329757
2021-03-30 00:00:00,10135.103467166986
2021-03-30 01:00:00,10122.377550913387
2021-03-30 02:00:00,10098.912515103115
2021-03-30 03:00:00,10119.681511685587
2021-03-30 04:00:00,10216.746012263033
2021-03-30 05:00:00,10369.649943354796
2021-03-30 06:00:00,10518.807815252108
2021-03-30 07:00:00,10607.350188867877
2021-03-30 08:00:00,10615.613342614653
2021-03-30 09:00:00,10564.230494469766
2021-03-30 10:00:00,10491.760955711334
2021-03-30 11:00:00,10431.305405880816
2021-03-30 12:00:00,10402.726451266748
2021-03-30 13:00:00,10415.708467042714
2021-03-30 14:00:00,10468.760745176602
2021-03-30 15:00:00,10540.396187831866
2021-03-30 16:00:00,10586.285947420947
2021-03-30 17:00:00,10557.40986996782
2021-03-30 18:00:00,10434.04252545354
2021-03-30 19:00:00,10248.70678179882
2021-03-30 20:00:00,10073.042287162301
2021-03-30 21:00:00,9972.116155898057
2021-03-30 22:00:00,9960.363768497571
2021-03-30 23:00:00,9996.013724519125
2021-03-31 00:00:00,10019.92951414287
2021-03-31 01:00:00,10006.60028026493
2021-03-31 02:00:00,9984.191219771265
2021-03-31 03:00:00,10007.52386356189
2021-03-31 04:00:00,10108.49988213686
2021-03-31 05:00:00,10266.497531534196
2021-03-31 06:00:00,10421.762085925791
2021-03-31 07:00:00,10517.253571760431
2021-03-31 08:00:00,10533.138636782382
2021-03-31 09:00:00,10489.883881733145
2021-03-31 10:00:00,10425.88700549024
2021-03-31 11:00:00,10374.093929425439
2021-03-31 12:00:00,10354.221041831572
2021-03-31 13:00:00,10375.816543435172
2021-03-31 14:00:00,10437.26489990622
2021-03-31 15:00:00,10516.96662778205
2021-03-31 16:00:00,10570.49380456933
2021-03-31 17:00:00,10548.741152710309
2021-03-31 18:00:00,10431.912477191101
2021-03-31 19:00:00,10252.47441286012
2021-03-31 20:00:00,10082.024848853733
2021-03-31 21:00:00,9985.603331362398
2021-03-31 22:00:00,9977.63136387764
2021-03-31 23:00:00,10016.336656080684
2021-04-01 00:00:00,10042.593901409946
2021-04-01 01:00:00,10030.91447262133
2021-04-01 02:00:00,10009.49560334768
2021-04-01 03:00:00,10033.199316802766
2021-04-01 04:00:00,10133.9747716546
2021-04-01 05:00:00,10291.253164414207
2021-04-01 06:00:00,10445.336560208942
2021-04-01 07:00:00,10539.243993328097
2021-04-01 08:00:00,10553.201697209906
2021-04-01 09:00:00,10507.73481837811
2021-04-01 10:00:00,10441.296991123978
2021-04-01 11:00:00,10386.88596408546
2021-04-01 12:00:00,10364.264443639493
2021-04-01 13:00:00,10383.020157925499
2021-04-01 14:00:00,10441.569168237296
2021-04-01 15:00:00,10518.334673069996
2021-04-01 16:00:00,10568.901711939501
2021-04-01 17:00:00,10544.167632738167
2021-04-01 18:00:00,10424.32811332091
2021-04-01 19:00:00,10241.83070169495
2021-04-01 20:00:00,10068.24324729244
2021-04-01 21:00:00,9968.564526502574
2021-04-01 22:00:00,9957.164980608328
2021-04-01 23:00:00,9992.211612586147
2021-04-02 00:00:00,10014.509615749485
2021-04-02 01:00:00,9998.493112704216
2021-04-02 02:00:00,9972.275559440925
2021-04-02 03:00:00,9990.630059437766
2021-04-02 04:00:00,10085.41323924957
2021-04-02 05:00:00,10235.961803844724
2021-04-02 06:00:00,10382.483120775323
2021-04-02 07:00:00,10467.903149734042
2021-04-02 08:00:00,10472.358551174788
2021-04-02 09:00:00,10416.290301450981
2021-04-02 10:00:00,10338.075163364463
2021-04-02 11:00:00,10270.64317528738
2021-04-02 12:00:00,10233.70029564975
2021-04-02 13:00:00,10236.790179029516
2021-04-02 14:00:00,10278.299083849162
2021-04-02 15:00:00,10336.636131247718
2021-04-02 16:00:00,10367.389298319702
2021-04-02 17:00:00,10321.47698714552
2021-04-02 18:00:00,10179.134940328
2021-04-02 19:00:00,9972.870449932985
2021-04-02 20:00:00,9774.331217285402
2021-04-02 21:00:00,9648.616155131898
2021-04-02 22:00:00,9610.216041362515
2021-04-02 23:00:00,9617.438065383989
2021-04-03 00:00:00,9611.24683795423
2021-04-03 01:00:00,9566.254244341451
2021-04-03 02:00:00,9510.768700384715
2021-04-03 03:00:00,9499.774064604646
2021-04-03 04:00:00,9565.351869479982
2021-04-03 05:00:00,9687.076004966759
2021-04-03 06:00:00,9805.401221413944
2021-04-03 07:00:00,9863.508789150226
2021-04-03 08:00:00,9841.796172275475
2021-04-03 09:00:00,9760.968069686034
2021-04-03 10:00:00,9659.665200747648
2021-04-03 11:00:00,9571.079028252852
2021-04-03 12:00:00,9515.171586973522
2021-04-03 13:00:00,9501.734426352634
2021-04-03 14:00:00,9529.390700250853
2021-04-03 15:00:00,9576.772656703499
2021-04-03 16:00:00,9599.674943910975
2021-04-03 17:00:00,9549.203606528106
2021-04-03 18:00:00,9405.760574608683
2021-04-03 19:00:00,9201.995622272438
2021-04-03 20:00:00,9009.673182309456
2021-04-03 21:00:00,8893.981334585496
2021-04-03 22:00:00,8869.470901431358
2021-04-03 23:00:00,8894.478712694225
2021-04-04 00:00:00,8909.96762938687
2021-04-04 01:00:00,8890.515720942223
2021-04-04 02:00:00,8864.365167347929
2021-04-04 03:00:00,8886.40114731864
2021-04-04 04:00:00,8988.5743798195
2021-04-04 05:00:00,9150.296452671077
2021-04-04 06:00:00,9311.829301940834
2021-04-04 07:00:00,9416.132172245718
2021-04-04 08:00:00,9443.352904529325
2021-04-04 09:00:00,9413.920889941912
2021-04-04 10:00:00,9366.178048886737
2021-04-04 11:00:00,9332.996006753265
2021-04-04 12:00:00,9333.998610061017
2021-04-04 13:00:00,9378.623764377522
2021-04-04 14:00:00,9465.128597169885
2021-04-04 15:00:00,9571.770166710694
2021-04-04 16:00:00,9653.962099580607
2021-04-04 17:00:00,9662.426995789918
2021-04-04 18:00:00,9577.18436782095
2021-04-04 19:00:00,9430.506054013775
2021-04-04 20:00:00,9293.786455785841
2021-04-04 21:00:00,9231.85487990836
2021-04-04 22:00:00,9258.917883423821
2021-04-04 23:00:00,9332.985648927335
2021-04-05 00:00:00,9394.714946193997
2021-04-05 01:00:00,9418.401043657172
2021-04-05 02:00:00,9432.029112197817
2021-04-05 03:00:00,9490.255355816056
2021-04-05 04:00:00,9624.831513121748
2021-04-05 05:00:00,9815.001842868927
2021-04-05 06:00:00,10000.893940443086
2021-04-05 07:00:00,10125.366702092211
2021-04-05 08:00:00,10168.502273806356
2021-04-05 09:00:00,10150.699317767805
2021-04-05 10:00:00,10110.30395368893
2021-04-05 11:00:00,10080.22654861534
2021-04-05 12:00:00,10080.163504950291
2021-04-05 13:00:00,10119.658037824907
2021-04-05 14:00:00,10197.103958562415
2021-04-05 15:00:00,10290.924702324013
2021-04-05 16:00:00,10356.728002728527
2021-04-05 17:00:00,10345.456076000457
2021-04-05 18:00:00,10237.371106893297
2021-04-05 19:00:00,10065.008005556507
2021-04-05 20:00:00,9900.041815412897
2021-04-05 21:00:00,9807.597085738207
2021-04-05 22:00:00,9802.187140330421
2021-04-05 23:00:00,9842.137304583668
2021-04-06 00:00:00,9868.424682308554
2021-04-06 01:00:00,9855.666881073723
2021-04-06 02:00:00,9832.170263549524
2021-04-06 03:00:00,9852.907993763196
2021-04-06 04:00:00,9949.941555393507
2021-04-06 05:00:00,10102.81488697277
2021-04-06 06:00:00,10251.94251077474
2021-04-06 07:00:00,10340.454999655936
2021-04-06 08:00:00,10348.688643932814
2021-04-06 09:00:00,10297.276673449252
2021-04-06 10:00:00,10224.778411291503
2021-04-06 11:00:00,10164.294548789985
2021-04-06 12:00:00,10135.68770396098
2021-04-06 13:00:00,10148.642263664527
2021-04-06 14:00:00,10201.667531503454
2021-04-06 15:00:00,10273.276421249251
2021-04-06 16:00:00,10319.140096845018
2021-04-06 17:00:00,10290.23841581696
2021-04-06 18:00:00,10166.845959592283
2021-04-06 19:00:00,9981.485607498786
2021-04-06 20:00:00,9805.797019003887
2021-04-06 21:00:00,9704.8473197815
2021-04-06 22:00:00,9693.07190155962
2021-04-06 23:00:00,9728.699375065014
2021-04-07 00:00:00,9752.593241608043
2021-04-07 01:00:00,9739.242655155018
2021-04-07 02:00:00,9716.812823609202
2021-04-07 03:00:00,9740.125288809253
2021-04-07 04:00:00,9841.081732162213
2021-04-07 05:00:00,9999.060420536767
2021-04-07 06:00:00,10154.306638873944
2021-04-07 07:00:00,10249.78042433367
2021-04-07 08:00:00,10265.64843530814
2021-04-07 09:00:00,10222.377283126587
2021-04-07 10:00:00,10158.364677175492
2021-04-07 11:00:00,10106.556549290917
2021-04-07 12:00:00,10086.669298149265
2021-04-07 13:00:00,10108.251134796184
2021-04-07 14:00:00,10169.686535147064
2021-04-07 15:00:00,10249.376025939002
2021-04-07 16:00:00,10302.891694774598
2021-04-07 17:00:00,10281.12827414541
2021-04-07 18:00:00,10164.289579009159
2021-04-07 19:00:00,9984.84225411378
2021-04-07 20:00:00,9814.384198429147
2021-04-07 21:00:00,9717.954967870828
2021-04-07 22:00:00,9709.976075640498
2021-04-07 23:00:00,9748.67524099865
2021-04-08 00:00:00,9774.927166926005
2021-04-08 01:00:00,9763.243235617256
2021-04-08 02:00:00,9741.820690079998
2021-04-08 03:00:00,9765.521562821266
2021-04-08 04:00:00,9866.295021723441
2021-04-08 05:00:00,10023.572272428379
2021-04-08 06:00:00,10177.655389112686
2021-04-08 07:00:00,10271.563415052
2021-04-08 08:00:00,10285.522592558418
2021-04-08 09:00:00,10240.058076969119
2021-04-08 10:00:00,10173.623511298323
2021-04-08 11:00:00,10119.21665282788
2021-04-08 12:00:00,10096.600216474031
2021-04-08 13:00:00,10115.361938854012
2021-04-08 14:00:00,10173.917889648554
2021-04-08 15:00:00,10250.691275636647
2021-04-08 16:00:00,10301.267144544652
2021-04-08 17:00:00,10276.54285238439
2021-04-08 18:00:00,10156.714085046387
2021-04-08 19:00:00,9974.22839846108
2021-04-08 20:00:00,9800.65364992742
2021-04-08 21:00:00,9700.988623587065
2021-04-08 22:00:00,9689.603768389012
2021-04-08 23:00:00,9724.666094879622
2021-04-09 00:00:00,9746.980803868051
2021-04-09 01:00:00,9730.98202534043
2021-04-09 02:00:00,9704.783222576163
2021-04-09 03:00:00,9723.15750626488
2021-04-09 04:00:00,9817.961510062569
2021-04-09 05:00:00,9968.53194594105
2021-04-09 06:00:00,10115.076188373636
2021-04-09 07:00:00,10200.520203873626
2021-04-09 08:00:00,10205.000659600688
2021-04-09 09:00:00,10148.958538532668
2021-04-09 10:00:00,10070.770609999061
2021-04-09 11:00:00,10003.366918798169
2021-04-09 12:00:00,9966.453429672609
2021-04-09 13:00:00,9969.573803430721
2021-04-09 14:00:00,10011.11430462791
2021-04-09 15:00:00,10069.484060411767
2021-04-09 16:00:00,10100.271053801343
2021-04-09 17:00:00,10054.393692701973
2021-04-09 18:00:00,9912.087725434918
2021-04-09 19:00:00,9705.860449666025
2021-04-09 20:00:00,9507.359572247158
2021-04-09 21:00:00,9381.684011326139
2021-04-09 22:00:00,9343.324550095169
2021-04-09 23:00:00,9350.588383154532
2021-04-10 00:00:00,9344.440126368852
2021-04-10 01:00:00,9299.491669986168
2021-04-10 02:00:00,9244.05143472085
2021-04-10 03:00:00,9233.103283881761
2021-04-10 04:00:00,9298.7287546124
2021-04-10 05:00:00,9420.501741433545
2021-04-10 06:00:00,9538.876999137392
2021-04-10 07:00:00,9597.035802418919
2021-04-10 08:00:00,9575.375619598713
2021-04-10 09:00:00,9494.601153715936
2021-04-10 10:00:00,9393.353128156394
2021-04-10 11:00:00,9304.823009631235
2021-04-10 12:00:00,9248.972836700903
2021-04-10 13:00:00,9235.594162513238
2021-04-10 14:00:00,9263.310144517805
2021-04-10 15:00:00,9310.753034213794
2021-04-10 16:00:00,9333.71748316833
2021-04-10 17:00:00,9283.30953929695
2021-04-10 18:00:00,9139.931135780605
2021-04-10 19:00:00,8936.23204977199
2021-04-10 20:00:00,8743.976716993177
2021-04-10 21:00:00,8628.353220109735
2021-04-10 22:00:00,8603.912384141571
2021-04-10 23:00:00,8628.991041524552
2021-04-11 00:00:00,8644.552055739383
2021-04-11 01:00:00,8625.173498580336
2021-04-11 02:00:00,8599.097552272244
2021-04-11 03:00:00,8621.20939767414
2021-04-11 04:00:00,8723.4597557534
2021-04-11 05:00:00,8885.26021624802
2021-04-11 06:00:00,9046.872717011775
2021-04-11 07:00:00,9151.2565043391
2021-04-11 08:00:00,9178.55942073794
2021-04-11 09:00:00,9149.210858809942
2021-04-11 10:00:00,9101.552740299221
2021-04-11 11:00:00,9068.456691801366
2021-04-11 12:00:00,9069.546560958805
2021-04-11 13:00:00,9114.260254325884
2021-04-11 14:00:00,9200.854900245196
2021-04-11 15:00:00,9307.587557752413
2021-04-11 16:00:00,9389.871854089086
2021-04-11 17:00:00,9398.43038978849
2021-04-11 18:00:00,9313.28267775414
2021-04-11 19:00:00,9166.700556632823
2021-04-11 20:00:00,9030.07842803147
2021-04-11 21:00:00,8968.245598796275
2021-04-11 22:00:00,8995.408625921684
2021-04-11 23:00:00,9069.577691866689
2021-04-12 00:00:00,9131.409566116952
2021-04-12 01:00:00,9155.199516728771
2021-04-12 02:00:00,9168.932714076886
2021-04-12 03:00:00,9227.265361571179
2021-04-12 04:00:00,9361.949197059612
2021-04-12 05:00:00,9552.228478469326
2021-04-12 06:00:00,9738.230800213129
2021-04-12 07:00:00,9862.815057491185
2021-04-12 08:00:00,9906.063395078963
2021-04-12 09:00:00,9888.374473865328
2021-04-12 10:00:00,9848.094412150907
2021-04-12 11:00:00,9818.133575431897
2021-04-12 12:00:00,9818.188364482517
2021-04-12 13:00:00,9857.801992666558
2021-04-12 14:00:00,9935.368269431647
2021-04-12 15:00:00,10029.310627946921
2021-04-12 16:00:00,10095.23679973896
2021-04-12 17:00:00,10084.088998806363
2021-04-12 18:00:00,9976.129407576913
2021-04-12 19:00:00,9803.892933757623
2021-04-12 20:00:00,9639.054618215388
2021-04-12 21:00:00,9546.739007553862
2021-04-12 22:00:00,9541.45942278488
2021-04-12 23:00:00,9581.541186421642
2021-04-13 00:00:00,9607.961399253392
2021-04-13 01:00:00,9595.337665734662
2021-04-13 02:00:00,9571.97634530574
2021-04-13 03:00:00,9592.850598653908
2021-04-13 04:00:00,9690.021905989735
2021-04-13 05:00:00,9843.034202292074
2021-04-13 06:00:00,9992.302006153035
2021-04-13 07:00:00,10080.955886640688
2021-04-13 08:00:00,10089.332130173405
2021-04-13 09:00:00,10038.063962586753
2021-04-13 10:00:00,9965.710702855264
2021-04-13 11:00:00,9905.373038067195
2021-04-13 12:00:00,9876.913581907142
2021-04-13 13:00:00,9890.016716793456
2021-04-13 14:00:00,9943.191741768793
2021-04-13 15:00:00,10014.951565936599
2021-04-13 16:00:00,10060.967348480788
2021-04-13 17:00:00,10032.218942039535
2021-04-13 18:00:00,9908.980923057066
2021-04-13 19:00:00,9723.776165748584
2021-04-13 20:00:00,9548.244324407637
2021-04-13 21:00:00,9447.452519389524
2021-04-13 22:00:00,9435.836137007027
2021-04-13 23:00:00,9471.623782474926
2021-04-14 00:00:00,9495.678951472895
2021-04-14 01:00:00,9482.490792244113
2021-04-14 02:00:00,9460.22450685855
2021-04-14 03:00:00,9483.70163121948
2021-04-14 04:00:00,9584.82384069391
2021-04-14 05:00:00,9742.969396002378
2021-04-14 06:00:00,9898.383575854286
2021-04-14 07:00:00,9994.026411043724
2021-04-14 08:00:00,10010.064553533011
2021-04-14 09:00:00,9966.964608087645
2021-04-14 10:00:00,9903.124277448895
2021-04-14 11:00:00,9851.489486702332
2021-04-14 12:00:00,9831.776627673169
2021-04-14 13:00:00,9853.533904456905
2021-04-14 14:00:00,9915.145785919562
2021-04-14 15:00:00,9995.012791651354
2021-04-14 16:00:00,10048.707002010438
2021-04-14 17:00:00,10027.123142151564
2021-04-14 18:00:00,9910.465019583047
2021-04-14 19:00:00,9731.199271535612
2021-04-14 20:00:00,9560.92378933182
2021-04-14 21:00:00,9464.678121175026
2021-04-14 22:00:00,9456.883772442794
2021-04-14 23:00:00,9495.768454483043
2021-04-15 00:00:00,9522.206862267854
2021-04-15 01:00:00,9510.71036989598
2021-04-15 02:00:00,9489.476212184205
2021-04-15 03:00:00,9513.366413356393
2021-04-15 04:00:00,9614.330132925828
2021-04-15 05:00:00,9771.79856806156
2021-04-15 06:00:00,9926.073784398128
2021-04-15 07:00:00,10020.174816550567
2021-04-15 08:00:00,10034.327898128045
2021-04-15 09:00:00,9989.058175626229
2021-04-15 10:00:00,9922.81928316232
2021-04-15 11:00:00,9868.608969026916
2021-04-15 12:00:00,9846.189939057793
2021-04-15 13:00:00,9865.149920707492
2021-04-15 14:00:00,9923.904974410456
2021-04-15 15:00:00,10000.878297613513
2021-04-15 16:00:00,10051.654928629105
2021-04-15 17:00:00,10027.132213976498
2021-04-15 18:00:00,9907.505829957521
2021-04-15 19:00:00,9725.223322859556
2021-04-15 20:00:00,9551.852540224778
2021-04-15 21:00:00,9452.392256387522
2021-04-15 22:00:00,9441.212910393677
2021-04-15 23:00:00,9476.481502812681
2021-04-16 00:00:00,9499.00322440017
2021-04-16 01:00:00,9483.212195013544
2021-04-16 02:00:00,9457.22186772544
2021-04-16 03:00:00,9475.805342944866
2021-04-16 04:00:00,9570.81924397124
2021-04-16 05:00:00,9721.600272341702
2021-04-16 06:00:00,9868.355792039783
2021-04-16 07:00:00,9954.011758985023
2021-04-16 08:00:00,9958.704829712215
2021-04-16 09:00:00,9902.875976465808
2021-04-16 10:00:00,9824.901957796857
2021-04-16 11:00:00,9757.712807647687
2021-04-16 12:00:00,9721.014479837006
2021-04-16 13:00:00,9724.350624182238
2021-04-16 14:00:00,9766.107494173311
2021-04-16 15:00:00,9824.694205854188
2021-04-16 16:00:00,9855.698731038288
2021-04-16 17:00:00,9810.039466378938
2021-04-16 18:00:00,9667.952148889606
2021-04-16 19:00:00,9461.94406487056
2021-04-16 20:00:00,9263.662909690791
2021-04-16 21:00:00,9138.207590035678
2021-04-16 22:00:00,9100.068877534211
2021-04-16 23:00:00,9107.553955154586
2021-04-17 00:00:00,9101.627427087784
2021-04-17 01:00:00,9056.901171847761
2021-04-17 02:00:00,9001.683598367123
2021-04-17 03:00:00,8990.958558084005
2021-04-17 04:00:00,9056.80757626082
2021-04-17 05:00:00,9178.804535451825
2021-04-17 06:00:00,9297.404178446726
2021-04-17 07:00:00,9355.787767876256
2021-04-17 08:00:00,9334.35275994946
2021-04-17 09:00:00,9253.80384554826
2021-04-17 10:00:00,9152.781735834038
2021-04-17 11:00:00,9064.477885270773
2021-04-17 12:00:00,9008.854320107483
2021-04-17 13:00:00,8995.702581136398
2021-04-17 14:00:00,9023.645813401103
2021-04-17 15:00:00,9071.316255970656
2021-04-17 16:00:00,9094.50854790858
2021-04-17 17:00:00,9044.328724602803
2021-04-17 18:00:00,8901.178706662275
2021-04-17 19:00:00,8697.708258624767
2021-04-17 20:00:00,8505.68180355701
2021-04-17 21:00:00,8390.287411424997
2021-04-17 22:00:00,8366.075894526004
2021-04-17 23:00:00,8391.384072514511
2021-04-18 00:00:00,8407.174796068728
2021-04-18 01:00:00,8388.026124140757
2021-04-18 02:00:00,8362.180226086071
2021-04-18 03:00:00,8384.522269836161
2021-04-18 04:00:00,8487.002963425244
2021-04-18 05:00:00,8649.033883633107
2021-04-18 06:00:00,8810.876955285015
2021-04-18 07:00:00,8915.49141164812
2021-04-18 08:00:00,8943.025082167313
2021-04-18 09:00:00,8913.907346357446
2021-04-18 10:00:00,8866.480112834497
2021-04-18 11:00:00,8833.614995059434
2021-04-18 12:00:00,8834.935827506317
2021-04-18 13:00:00,8879.880503534581
2021-04-18 14:00:00,8966.706138267291
2021-04-18 15:00:00,9073.66977751704
2021-04-18 16:00:00,9156.18503525061
2021-04-18 17:00:00,9164.974498733065
2021-04-18 18:00:00,9080.057667569125
2021-04-18 19:00:00,8933.706367092858
2021-04-18 20:00:00,8797.314985579887
2021-04-18 21:00:00,8735.712816524318
2021-04-18 22:00:00,8763.106403570993
2021-04-18 23:00:00,8837.505915789414
2021-04-19 00:00:00,8899.568109281583
2021-04-19 01:00:00,8923.588238703898
2021-04-19 02:00:00,8937.551461025718
2021-04-19 03:00:00,8996.113966220739
2021-04-19 04:00:00,9131.027478722106
2021-04-19 05:00:00,9321.536243003065
2021-04-19 06:00:00,9507.767840062068
2021-04-19 07:00:00,9632.581151617795
2021-04-19 08:00:00,9676.058309001424
2021-04-19 09:00:00,9658.597959645453
2021-04-19 10:00:00,9618.546208381691
2021-04-19 11:00:00,9588.813407260868
2021-04-19 12:00:00,9589.09594357016
2021-04-19 13:00:00,9628.937017219789
2021-04-19 14:00:00,9706.73042420562
2021-04-19 15:00:00,9800.899584220979
2021-04-19 16:00:00,9867.052215341339
2021-04-19 17:00:00,9856.130518114076
2021-04-19 18:00:00,9748.396661526644
2021-04-19 19:00:00,9576.385539827863
2021-04-19 20:00:00,9411.772180468912
2021-04-19 21:00:00,9319.681116625454
2021-04-19 22:00:00,9314.625655892001
2021-04-19 23:00:00,9354.931107374208
2021-04-20 00:00:00,9381.57455847827
2021-04-20 01:00:00,9369.17360027397
2021-04-20 02:00:00,9346.03457882594
2021-04-20 03:00:00,9367.130641483394
2021-04-20 04:00:00,9464.52325511569
2021-04-20 05:00:00,9617.75634138137
2021-04-20 06:00:00,9767.244405565136
2021-04-20 07:00:00,9856.118003466445
2021-04-20 08:00:00,9864.713408225944
2021-04-20 09:00:00,9813.663832441798
2021-04-20 10:00:00,9741.528581868233
2021-04-20 11:00:00,9681.408330399912
2021-04-20 12:00:00,9653.165678533955
2021-04-20 13:00:00,9666.484995547218
2021-04-20 14:00:00,9719.875567360092
2021-04-20 15:00:00,9791.850289983267
2021-04-20 16:00:00,9838.080309519162
2021-04-20 17:00:00,9809.545465571598
2021-04-20 18:00:00,9686.520321581565
2021-04-20 19:00:00,9501.527738767125
2021-04-20 20:00:00,9326.207358490215
2021-04-20 21:00:00,9225.62628818687
2021-04-20 22:00:00,9214.219901286342
2021-04-20 23:00:00,9250.216790153767
2021-04-21 00:00:00,9274.480437671917
2021-04-21 01:00:00,9261.499979303595
2021-04-21 02:00:00,9239.440604370304
2021-04-21 03:00:00,9263.123836097318
2021-04-21 04:00:00,9364.451337188497
2021-04-21 05:00:00,9522.801355748452
2021-04-21 06:00:00,9678.419157903223
2021-04-21 07:00:00,9774.264761935436
2021-04-21 08:00:00,9790.504807300988
2021-04-21 09:00:00,9747.60588633049
2021-04-21 10:00:00,9683.965689368291
2021-04-21 11:00:00,9632.530129153422
2021-04-21 12:00:00,9613.015585197318
2021-04-21 13:00:00,9634.970249348004
2021-04-21 14:00:00,9696.778578275014
2021-04-21 15:00:00,9776.841079402138
2021-04-21 16:00:00,9830.729820989764
2021-04-21 17:00:00,9809.339516143536
2021-04-21 18:00:00,9692.873960382347
2021-04-21 19:00:00,9513.799778977957
2021-04-21 20:00:00,9343.714851384198
2021-04-21 21:00:00,9247.658713967909
2021-04-21 22:00:00,9240.05286033299
2021-04-21 23:00:00,9279.124990108672
2021-04-22 00:00:00,9305.749786623495
2021-04-22 01:00:00,9294.438612374632
2021-04-22 02:00:00,9273.38869063596
2021-04-22 03:00:00,9297.462034172306
2021-04-22 04:00:00,9398.607791083554
2021-04-22 05:00:00,9556.257147192673
2021-04-22 06:00:00,9710.712156841888
2021-04-22 07:00:00,9804.991843458967
2021-04-22 08:00:00,9819.32242947771
2021-04-22 09:00:00,9774.229050321224
2021-04-22 10:00:00,9708.165329100346
2021-04-22 11:00:00,9654.12900314674
2021-04-22 12:00:00,9631.88276743999
2021-04-22 13:00:00,9651.01433862376
2021-04-22 14:00:00,9709.939766400827
2021-04-22 15:00:00,9787.082237557162
2021-04-22 16:00:00,9838.02677983187
2021-04-22 17:00:00,9813.67072922424
2021-04-22 18:00:00,9694.20975160517
2021-04-22 19:00:00,9512.091382905246
2021-04-22 20:00:00,9338.883460385638
2021-04-22 21:00:00,9239.584748176474
2021-04-22 22:00:00,9228.56567519365
2021-04-22 23:00:00,9263.993231979079
2021-04-23 00:00:00,9286.672599306912
2021-04-23 01:00:00,9271.037887158836
2021-04-23 02:00:00,9245.202538807853
2021-04-23 03:00:00,9263.939644949769
2021-04-23 04:00:00,9359.105819238466
2021-04-23 05:00:00,9510.037753672794
2021-04-23 06:00:00,9656.942802768612
2021-04-23 07:00:00,9742.746913067876
2021-04-23 08:00:00,9747.586731814563
2021-04-23 09:00:00,9691.903222054545
2021-04-23 10:00:00,9614.073133228592
2021-04-23 11:00:00,9547.026490244827
2021-04-23 12:00:00,9510.469237991008
2021-04-23 13:00:00,9513.945017446102
2021-04-23 14:00:00,9555.840073343321
2021-04-23 15:00:00,9614.563513063167
2021-04-23 16:00:00,9645.70329987618
2021-04-23 17:00:00,9600.177821940695
2021-04-23 18:00:00,9458.222807902403
2021-04-23 19:00:00,9252.345535780565
2021-04-23 20:00:00,9054.193692759183
2021-04-23 21:00:00,8928.866177435153
2021-04-23 22:00:00,8890.853753440264
2021-04-23 23:00:00,8898.46359587092
2021-04-24 00:00:00,8892.660301102234
2021-04-24 01:00:00,8848.055739964866
2021-04-24 02:00:00,8792.958313796351
2021-04-24 03:00:00,8782.351866554707
2021-04-24 04:00:00,8848.317916096368
2021-04-24 05:00:00,8970.43033770078
2021-04-24 06:00:00,9089.143866969725
2021-04-24 07:00:00,9147.63975945381
2021-04-24 08:00:00,9126.315464387835
2021-04-24 09:00:00,9045.875665783655
2021-04-24 10:00:00,8944.96106804646
2021-04-24 11:00:00,8856.763118964223
2021-04-24 12:00:00,8801.243838253939
2021-04-24 13:00:00,8788.19476025851
2021-04-24 14:00:00,8816.23902368721
2021-04-24 15:00:00,8864.008861379216
2021-04-24 16:00:00,8887.298906293932
2021-04-24 17:00:00,8837.215187803937
2021-04-24 18:00:00,8694.159620628076
2021-04-24 19:00:00,8490.781963521484
2021-04-24 20:00:00,8298.846633888767
2021-04-24 21:00:00,8183.541696110017
2021-04-24 22:00:00,8159.417957056932
2021-04-24 23:00:00,8184.812231058915
2021-04-25 00:00:00,8200.687363562216
2021-04-25 01:00:00,8181.6214084216845
2021-04-25 02:00:00,8155.856530005987
2021-04-25 03:00:00,8178.277891375178
2021-04-25 04:00:00,8280.836195808182
2021-04-25 05:00:00,8442.943015441306
2021-04-25 06:00:00,8604.860270590263
2021-04-25 07:00:00,8709.547190101815
2021-04-25 08:00:00,8737.151599154717
2021-04-25 09:00:00,8708.102873085627
2021-04-25 10:00:00,8660.742916468518
2021-04-25 11:00:00,8627.943338839932
2021-04-25 12:00:00,8629.327970863082
2021-04-25 13:00:00,8674.334702213799
2021-04-25 14:00:00,8761.220644448944
2021-04-25 15:00:00,8868.242839938286
2021-04-25 16:00:00,8950.814899327908
2021-04-25 17:00:00,8959.659406687935
2021-04-25 18:00:00,8874.79585853955
2021-04-25 19:00:00,8728.496077276932
2021-04-25 20:00:00,8592.154448334326
2021-04-25 21:00:00,8530.600262511163
2021-04-25 22:00:00,8558.040060867786
2021-04-25 23:00:00,8632.484010018268
2021-04-26 00:00:00,8694.58886373445
2021-04-26 01:00:00,8718.649874470899
2021-04-26 02:00:00,8732.652197118216
2021-04-26 03:00:00,8791.25201969803
2021-04-26 04:00:00,8926.20106481811
2021-04-26 05:00:00,9116.743575245517
2021-04-26 06:00:00,9303.007130425156
2021-04-26 07:00:00,9427.850610612468
2021-04-26 08:00:00,9471.35614584279
2021-04-26 09:00:00,9453.92238234367
2021-04-26 10:00:00,9413.895423895605
2021-04-26 11:00:00,9384.185621619423
2021-04-26 12:00:00,9384.489361999214
2021-04-26 13:00:00,9424.349844277473
2021-04-26 14:00:00,9502.160863902272
2021-04-26 15:00:00,9596.345840155864
2021-04-26 16:00:00,9662.51249082847
2021-04-26 17:00:00,9651.603016326384
2021-04-26 18:00:00,9543.879585599489
2021-04-26 19:00:00,9371.877093024164
2021-04-26 20:00:00,9207.27056627482
2021-04-26 21:00:00,9115.18453890808
2021-04-26 22:00:00,9110.132319017095
2021-04-26 23:00:00,9150.439216341389
2021-04-27 00:00:00,9177.082319052546
2021-04-27 01:00:00,9164.679219117721
2021-04-27 02:00:00,9141.536263632885
2021-04-27 03:00:00,9162.626601108337
2021-04-27 04:00:00,9260.011699707224
2021-04-27 05:00:00,9413.235482509885
2021-04-27 06:00:00,9562.712456368834
2021-04-27 07:00:00,9651.573178761519
2021-04-27 08:00:00,9660.153924666756
2021-04-27 09:00:00,9609.087908629528
2021-04-27 10:00:00,9536.93443849804
2021-04-27 11:00:00,9476.794190389948
2021-04-27 12:00:00,9448.529767157796
2021-04-27 13:00:00,9461.825540566575
2021-04-27 14:00:00,9515.190799158901
2021-04-27 15:00:00,9587.13844169933
2021-04-27 16:00:00,9633.33961717938
2021-04-27 17:00:00,9604.7741682301
2021-04-27 18:00:00,9481.716661433315
2021-04-27 19:00:00,9296.689961315631
2021-04-27 20:00:00,9121.33371264355
2021-04-27 21:00:00,9020.71502642091
2021-04-27 22:00:00,9009.26927975474
2021-04-27 23:00:00,9045.225068836724
2021-04-28 00:00:00,9069.44588050292
2021-04-28 01:00:00,9056.420854304783
2021-04-28 02:00:00,9034.315183791492
2021-04-28 03:00:00,9057.95039652585
2021-04-28 04:00:00,9159.228159713968
2021-04-28 05:00:00,9317.526726074499
2021-04-28 06:00:00,9473.091366486924
2021-04-28 07:00:00,9568.882104118118
2021-04-28 08:00:00,9585.065583442703
2021-04-28 09:00:00,9542.108401945841
2021-04-28 10:00:00,9478.408255245171
2021-04-28 11:00:00,9426.911061505743
2021-04-28 12:00:00,9407.333205782124
2021-04-28 13:00:00,9429.22288560115
2021-04-28 14:00:00,9490.964563437048
2021-04-28 15:00:00,9570.958752673332
2021-04-28 16:00:00,9624.77752762704
2021-04-28 17:00:00,9603.315607616365
2021-04-28 18:00:00,9486.776794496745
2021-04-28 19:00:00,9307.627720008177
2021-04-28 20:00:00,9137.466270202469
2021-04-28 21:00:00,9041.331988170215
2021-04-28 22:00:00,9033.646374384403
2021-04-28 23:00:00,9072.637135450881
2021-04-29 00:00:00,9099.178961821808
2021-04-29 01:00:00,9087.78322324246
2021-04-29 02:00:00,9066.647150373428
2021-04-29 03:00:00,9090.632763460266
2021-04-29 04:00:00,9191.689218263089
2021-04-29 05:00:00,9349.247708357
2021-04-29 06:00:00,9503.610295976783
2021-04-29 07:00:00,9597.796012568466
2021-04-29 08:00:00,9612.031088712822
2021-04-29 09:00:00,9566.840668111709
2021-04-29 10:00:00,9500.678382263706
2021-04-29 11:00:00,9446.541977040704
2021-04-29 12:00:00,9424.194156071302
2021-04-29 13:00:00,9443.222644774436
2021-04-29 14:00:00,9502.04350175985
2021-04-29 15:00:00,9579.079922849069
2021-04-29 16:00:00,9629.916944922783
2021-04-29 17:00:00,9605.451913263927
2021-04-29 18:00:00,9485.880503147151
2021-04-29 19:00:00,9303.65026002854
2021-04-29 20:00:00,9130.329030817786
2021-04-29 21:00:00,9030.915589411541
2021-04-29 22:00:00,9019.780374630027
2021-04-29 23:00:00,9055.090387017997
2021-04-30 00:00:00,9077.650817490357
2021-04-30 01:00:00,9061.89578628666
2021-04-30 02:00:00,9035.9387470635
2021-04-30 03:00:00,9054.552800998725
2021-04-30 04:00:00,9149.594572378503
2021-04-30 05:00:00,9300.40076393218
2021-04-30 06:00:00,9447.178741028258
2021-04-30 07:00:00,9532.85446118105
2021-04-30 08:00:00,9537.564582726749
2021-04-30 09:00:00,9481.750079917501
2021-04-30 10:00:00,9403.7877135093
2021-04-30 11:00:00,9336.607519857369
2021-04-30 12:00:00,9299.915455403547
2021-04-30 13:00:00,9303.255172792857
2021-04-30 14:00:00,9345.012928536473
2021-04-30 15:00:00,9403.597841922765
2021-04-30 16:00:00,9434.597888219778
2021-04-30 17:00:00,9388.931467713459
2021-04-30 18:00:00,9246.834321294818
2021-04-30 19:00:00,9040.813739290557
2021-04-30 20:00:00,8842.517421381077
2021-04-30 21:00:00,8717.044278709382
2021-04-30 22:00:00,8678.885087581002
2021-04-30 23:00:00,8686.3470358767
2021-05-01 00:00:00,8680.39473287335
2021-05-01 01:00:00,8635.640062392295
2021-05-01 02:00:00,8580.39143887008
2021-05-01 03:00:00,8569.632719488549
2021-05-01 04:00:00,8635.445435416981
2021-05-01 05:00:00,8757.403475356072
2021-05-01 06:00:00,8875.961588427788
2021-05-01 07:00:00,8934.301043827401
2021-05-01 08:00:00,8912.81930450717
2021-05-01 09:00:00,8832.221068318198
2021-05-01 10:00:00,8731.147053601982
2021-05-01 11:00:00,8642.788722187031
2021-05-01 12:00:00,8587.108107911949
2021-05-01 13:00:00,8573.8967593643
2021-05-01 14:00:00,8601.777829590763
2021-05-01 15:00:00,8649.383565851578
2021-05-01 16:00:00,8672.50861563665
2021-05-01 17:00:00,8622.259022944363
2021-05-01 18:00:00,8479.036717215708
2021-05-01 19:00:00,8275.491472002726
2021-05-01 20:00:00,8083.387719634889
2021-05-01 21:00:00,7967.913539486549
2021-05-01 22:00:00,7943.619753519815
2021-05-01 23:00:00,7968.843191240666
2021-05-02 00:00:00,7984.546713388145
2021-05-02 01:00:00,7965.30838916657
2021-05-02 02:00:00,7939.370398391691
2021-05-02 03:00:00,7961.617919674066
2021-05-02 04:00:00,8064.001671922572
2021-05-02 05:00:00,8225.933242978974
2021-05-02 06:00:00,8387.674568955037
2021-05-02 07:00:00,8492.18489459933
2021-05-02 08:00:00,8519.612061039144
2021-05-02 09:00:00,8490.385459669043
2021-05-02 10:00:00,8442.847011196074
2021-05-02 11:00:00,8409.868341374136
2021-05-02 12:00:00,8411.073297149107
2021-05-02 13:00:00,8455.899784576071
2021-05-02 14:00:00,8542.604931672118
2021-05-02 15:00:00,8649.445797322529
2021-05-02 16:00:00,8731.83600878364
2021-05-02 17:00:00,8740.49816680796
2021-05-02 18:00:00,8655.451784677278
2021-05-02 19:00:00,8508.96870160259
2021-05-02 20:00:00,8372.443319934746
2021-05-02 21:00:00,8310.704947442408
2021-05-02 22:00:00,8337.960142230902
2021-05-02 23:00:00,8412.21908802496
2021-05-03 00:00:00,8474.138555795222
2021-05-03 01:00:00,8498.013815239738
2021-05-03 02:00:00,8511.830038560533
2021-05-03 03:00:00,8570.243431182937
2021-05-03 04:00:00,8705.00573315897
2021-05-03 05:00:00,8895.361204773173
2021-05-03 06:00:00,9081.437443036839
2021-05-03 07:00:00,9206.093345866539
2021-05-03 08:00:00,9249.411060981078
2021-05-03 09:00:00,9231.789252381808
2021-05-03 10:00:00,9191.574041666203
2021-05-03 11:00:00,9161.675797836642
2021-05-03 12:00:00,9161.79092531373
2021-05-03 13:00:00,9201.46264132835
2021-05-03 14:00:00,9279.084759385094
2021-05-03 15:00:00,9373.080716856211
2021-05-03 16:00:00,9439.058249704636
2021-05-03 17:00:00,9427.95957652638
2021-05-03 18:00:00,9320.046884535679
2021-05-03 19:00:00,9147.855086430083
2021-05-03 20:00:00,8983.05922820393
2021-05-03 21:00:00,8890.783861851947
2021-05-03 22:00:00,8885.542313901793
2021-05-03 23:00:00,8925.659912603394
2021-05-04 00:00:00,8952.113764654896
2021-05-04 01:00:00,8939.521480613139
2021-05-04 02:00:00,8916.18942620138
2021-05-04 03:00:00,8937.090768603013
2021-05-04 04:00:00,9034.286994674643
2021-05-04 05:00:00,9187.322046256671
2021-05-04 06:00:00,9336.610448981522
2021-05-04 07:00:00,9425.28277914834
2021-05-04 08:00:00,9433.675330594146
2021-05-04 09:00:00,9382.421336756222
2021-05-04 10:00:00,9310.080124415434
2021-05-04 11:00:00,9249.752388630497
2021-05-04 12:00:00,9221.300751260498
2021-05-04 13:00:00,9234.409603083308
2021-05-04 14:00:00,9287.588251689382
2021-05-04 15:00:00,9359.349614915864
2021-05-04 16:00:00,9405.3648608704
2021-05-04 17:00:00,9376.613851300674
2021-05-04 18:00:00,9253.371171946847
2021-05-04 19:00:00,9068.159706512857
2021-05-04 20:00:00,8892.619118971783
2021-05-04 21:00:00,8791.816539523516
2021-05-04 22:00:00,8780.187364530655
2021-05-04 23:00:00,8815.960209455774
2021-05-05 00:00:00,8839.998580389873
2021-05-05 01:00:00,8826.791636186623
2021-05-05 02:00:00,8804.50458970297
2021-05-05 03:00:00,8827.958987827624
2021-05-05 04:00:00,8929.056517082889
2021-05-05 05:00:00,9087.175449567543
2021-05-05 06:00:00,9242.561075490172
2021-05-05 07:00:00,9338.173437392421
2021-05-05 08:00:00,9354.17919912363
2021-05-05 09:00:00,9311.044977553589
2021-05-05 10:00:00,9247.168487691994
2021-05-05 11:00:00,9195.495667081366
2021-05-05 12:00:00,9175.742920188255
2021-05-05 13:00:00,9197.45846393198
2021-05-05 14:00:00,9259.02678018573
2021-05-05 15:00:00,9338.848401728448
2021-05-05 16:00:00,9392.495422288193
2021-05-05 17:00:00,9370.862580567196
2021-05-05 18:00:00,9254.153697818278
2021-05-05 19:00:00,9074.835425169567
2021-05-05 20:00:00,8904.505668053962
2021-05-05 21:00:00,8808.203988936062
2021-05-05 22:00:00,8800.351907649258
2021-05-05 23:00:00,8839.177150171992
2021-05-06 00:00:00,8865.554426284754
2021-05-06 01:00:00,8853.995125073512
2021-05-06 02:00:00,8832.696496520668
2021-05-06 03:00:00,8856.52058018197
2021-05-06 04:00:00,8957.416551094222
2021-05-06 05:00:00,9114.815622108956
2021-05-06 06:00:00,9269.019874743404
2021-05-06 07:00:00,9363.048359648175
2021-05-06 08:00:00,9377.127326630423
2021-05-06 09:00:00,9331.781938594397
2021-05-06 10:00:00,9265.465846201996
2021-05-06 11:00:00,9211.176814467886
2021-05-06 12:00:00,9188.677566158707
2021-05-06 13:00:00,9207.555845780877
2021-05-06 14:00:00,9266.227731013885
2021-05-06 15:00:00,9343.116436718243
2021-05-06 16:00:00,9393.807018783575
2021-05-06 17:00:00,9369.196841479405
2021-05-06 18:00:00,9249.481599011504
2021-05-06 19:00:00,9067.108855767134
2021-05-06 20:00:00,8893.64647751656
2021-05-06 21:00:00,8794.09325701016
2021-05-06 22:00:00,8782.819651867572
2021-05-06 23:00:00,8817.992681399453
2021-05-07 00:00:00,8840.417555246753
2021-05-07 01:00:00,8824.528412336835
2021-05-07 02:00:00,8798.43872496957
2021-05-07 03:00:00,8816.921612923465
2021-05-07 04:00:00,8911.833719040489
2021-05-07 05:00:00,9062.51176455641
2021-05-07 06:00:00,9209.16313331347
2021-05-07 07:00:00,9294.713801224652
2021-05-07 08:00:00,9299.300445009123
2021-05-07 09:00:00,9243.364057225874
2021-05-07 10:00:00,9165.281416898762
2021-05-07 11:00:00,9097.982578594929
2021-05-07 12:00:00,9061.173516913188
2021-05-07 13:00:00,9064.397902601919
2021-05-07 14:00:00,9106.042010217398
2021-05-07 15:00:00,9164.514977035822
2021-05-07 16:00:00,9195.404796256316
2021-05-07 17:00:00,9149.629886041948
2021-05-07 18:00:00,9007.426005075511
2021-05-07 19:00:00,8801.300461453722
2021-05-07 20:00:00,8602.900972523354
2021-05-07 21:00:00,8477.326467059163
2021-05-07 22:00:00,8439.067738910911
2021-05-07 23:00:00,8446.431993450728
2021-05-08 00:00:00,8440.383857373276
2021-05-08 01:00:00,8395.535231849472
2021-05-08 02:00:00,8340.194548600148
2021-05-08 03:00:00,8329.345682011164
2021-05-08 04:00:00,8395.070180388655
2021-05-08 05:00:00,8516.941949490669
2021-05-08 06:00:00,8635.415755436048
2021-05-08 07:00:00,8693.672884316999
2021-05-08 08:00:00,8672.110815933805
2021-05-08 09:00:00,8591.434264883574
2021-05-08 10:00:00,8490.28396618775
2021-05-08 11:00:00,8401.85139827083
2021-05-08 12:00:00,8346.098611485684
2021-05-08 13:00:00,8332.81717084843
2021-05-08 14:00:00,8360.630245757031
2021-05-08 15:00:00,8408.17009972747
2021-05-08 16:00:00,8431.231396428924
2021-05-08 17:00:00,8380.920195951865
2021-05-08 18:00:00,8237.638443729078
2021-05-08 19:00:00,8034.035929240326
2021-05-08 20:00:00,7841.877100616791
2021-05-08 21:00:00,7726.3500529761295
2021-05-08 22:00:00,7702.005623910853
2021-05-08 23:00:00,7727.180658469228
2021-05-09 00:00:00,7742.83803283844
2021-05-09 01:00:00,7723.555831575261
2021-05-09 02:00:00,7697.576249753448
2021-05-09 03:00:00,7719.784481134384
2021-05-09 04:00:00,7822.131259690537
2021-05-09 05:00:00,7984.028188218605
2021-05-09 06:00:00,8145.737217677007
2021-05-09 07:00:00,8250.217607590328
2021-05-09 08:00:00,8277.617213724046
2021-05-09 09:00:00,8248.365442019047
2021-05-09 10:00:00,8200.804227622486
2021-05-09 11:00:00,8167.805210620378
2021-05-09 12:00:00,8168.992252195338
2021-05-09 13:00:00,8213.803272516558
2021-05-09 14:00:00,8300.495413603623
2021-05-09 15:00:00,8407.325748259058
2021-05-09 16:00:00,8489.70791750771
2021-05-09 17:00:00,8498.364535786173
2021-05-09 18:00:00,8413.315129936524
2021-05-09 19:00:00,8266.831552618298
2021-05-09 20:00:00,8130.308219513566
2021-05-09 21:00:00,8068.574451602407
2021-05-09 22:00:00,8095.836820100214
2021-05-09 23:00:00,8170.105521694959
2021-05-10 00:00:00,8232.037340228499
2021-05-10 01:00:00,8255.927558137035
2021-05-10 02:00:00,8269.761360251447
2021-05-10 03:00:00,8328.194964471571
2021-05-10 04:00:00,8462.980123242707
2021-05-10 05:00:00,8653.361109093607
2021-05-10 06:00:00,8839.465531159889
2021-05-10 07:00:00,8964.152299357454
2021-05-10 08:00:00,9007.503573278522
2021-05-10 09:00:00,8989.91802867401
2021-05-10 10:00:00,8949.74179874711
2021-05-10 11:00:00,8919.88526400049
2021-05-10 12:00:00,8920.044840204586
2021-05-10 13:00:00,8959.763755818676
2021-05-10 14:00:00,9037.435835433766
2021-05-10 15:00:00,9131.484527399305
2021-05-10 16:00:00,9197.517578489462
2021-05-10 17:00:00,9186.477217997839
2021-05-10 18:00:00,9078.625643698462
2021-05-10 19:00:00,8906.497778709241
2021-05-10 20:00:00,8741.768679308505
2021-05-10 21:00:00,8649.562907632619
2021-05-10 22:00:00,8644.393800227654
2021-05-10 23:00:00,8684.58669519531
2021-05-11 00:00:00,8711.118708969847
2021-05-11 01:00:00,8698.607461693297
2021-05-11 02:00:00,8675.35932854072
2021-05-11 03:00:00,8696.347485977576
2021-05-11 04:00:00,8793.633430037726
2021-05-11 05:00:00,8946.761111566715
2021-05-11 06:00:00,9096.145065066825
2021-05-11 07:00:00,9184.91587555942
2021-05-11 08:00:00,9193.40984545823
2021-05-11 09:00:00,9142.260216635126
2021-05-11 10:00:00,9070.02632414029
2021-05-11 11:00:00,9009.808871177187
2021-05-11 12:00:00,8981.470487584456
2021-05-11 13:00:00,8994.695571972223
2021-05-11 14:00:00,9047.993439606615
2021-05-11 15:00:00,9119.877015873019
2021-05-11 16:00:00,9166.017476239951
2021-05-11 17:00:00,9137.39468968857
2021-05-11 18:00:00,9014.283249031047
2021-05-11 19:00:00,8829.206044890403
2021-05-11 20:00:00,8653.80274800327
2021-05-11 21:00:00,8553.140495171183
2021-05-11 22:00:00,8541.654689222622
2021-05-11 23:00:00,8577.573951895782
2021-05-12 00:00:00,8601.761795438662
2021-05-12 01:00:00,8588.70738467151
2021-05-12 02:00:00,8566.57593827817
2021-05-12 03:00:00,8590.18900880712
2021-05-12 04:00:00,8691.44828829072
2021-05-12 05:00:00,8849.73205416208
2021-05-12 06:00:00,9005.28560180556
2021-05-12 07:00:00,9101.068978798701
2021-05-12 08:00:00,9117.24885384235
2021-05-12 09:00:00,9074.291848496747
2021-05-12 10:00:00,9010.595682308787
2021-05-12 11:00:00,8959.106297194168
2021-05-12 12:00:00,8939.540101812696
2021-05-12 13:00:00,8961.445317131014
2021-05-12 14:00:00,9023.206428905763
2021-05-12 15:00:00,9103.223973612783
2021-05-12 16:00:00,9157.070048528565
2021-05-12 17:00:00,9135.63939573302
2021-05-12 18:00:00,9019.13583969665
2021-05-12 19:00:00,8840.026034573368
2021-05-12 20:00:00,8669.907888689577
2021-05-12 21:00:00,8573.820967208761
2021-05-12 22:00:00,8566.186792502664
2021-05-12 23:00:00,8605.233092914468
2021-05-13 00:00:00,8631.834580436342
2021-05-13 01:00:00,8620.502646177722
2021-05-13 02:00:00,8599.43454197154
2021-05-13 03:00:00,8623.492309076613
2021-05-13 04:00:00,8724.625124042444
2021-05-13 05:00:00,8882.264201066317
2021-05-13 06:00:00,9036.711622834217
2021-05-13 07:00:00,9130.986441014877
2021-05-13 08:00:00,9145.314906232054
2021-05-13 09:00:00,9100.222182048265
2021-05-13 10:00:00,9034.161919615859
2021-05-13 11:00:00,8980.131884263825
2021-05-13 12:00:00,8957.894798881662
2021-05-13 13:00:00,8977.03840794884
2021-05-13 14:00:00,9035.978788940129
2021-05-13 15:00:00,9113.139156319767
2021-05-13 16:00:00,9164.104565420945
2021-05-13 17:00:00,9139.77237978002
2021-05-13 18:00:00,9020.338292698727
2021-05-13 19:00:00,8838.249867461782
2021-05-13 20:00:00,8665.074968596216
2021-05-13 21:00:00,8565.812387408905
2021-05-13 22:00:00,8554.832579905758
2021-05-13 23:00:00,8590.302563603598
2021-05-14 00:00:00,8613.027546191293
2021-05-14 01:00:00,8597.441664445623
2021-05-14 02:00:00,8571.65838834245
2021-05-14 03:00:00,8590.450835174908
2021-05-14 04:00:00,8685.675645108888
2021-05-14 05:00:00,8836.66953652834
2021-05-14 06:00:00,8983.63989024424
2021-05-14 07:00:00,9069.51267898234
2021-05-14 08:00:00,9074.424576062573
2021-05-14 09:00:00,9018.816570490819
2021-05-14 10:00:00,8941.065437554968
2021-05-14 11:00:00,8874.10122791149
2021-05-14 12:00:00,8837.629912056
2021-05-14 13:00:00,8841.195156472682
2021-05-14 14:00:00,8883.183231278823
2021-05-14 15:00:00,8942.003269111485
2021-05-14 16:00:00,8973.243258370887
2021-05-14 17:00:00,8927.821612243675
2021-05-14 18:00:00,8785.974084246323
2021-05-14 19:00:00,8580.207977136566
2021-05-14 20:00:00,8382.17100275747
2021-05-14 21:00:00,8256.962084185308
2021-05-14 22:00:00,8219.072009398267
2021-05-14 23:00:00,8226.807977720375
2021-05-15 00:00:00,8221.134609620542
2021-05-15 01:00:00,8176.663799874364
2021-05-15 02:00:00,8121.703973601733
2021-05-15 03:00:00,8111.23899845614
2021-05-15 04:00:00,8177.3504157838015
2021-05-15 05:00:00,8299.612124255123
2021-05-15 06:00:00,8418.478882681826
2021-05-15 07:00:00,8477.131969693855
2021-05-15 08:00:00,8455.968857449277
2021-05-15 09:00:00,8375.694252724812
2021-05-15 10:00:00,8274.948882553752
2021-05-15 11:00:00,8186.924217172162
2021-05-15 12:00:00,8131.582298597615
2021-05-15 13:00:00,8118.7146833177885
2021-05-15 14:00:00,8146.944532027435
2021-05-15 15:00:00,8194.904099368754
2021-05-15 16:00:00,8218.388039968466
2021-05-15 17:00:00,8168.502404681345
2021-05-15 18:00:00,8025.649129544327
2021-05-15 19:00:00,7822.477994462981
2021-05-15 20:00:00,7630.753437820372
2021-05-15 21:00:00,7515.663544807623
2021-05-15 22:00:00,7491.759142917925
2021-05-15 23:00:00,7517.377066943664
2021-05-16 00:00:00,7533.480182613907
2021-05-16 01:00:00,7514.64656387579
2021-05-16 02:00:00,7489.1183950160075
2021-05-16 03:00:00,7511.78085884059
2021-05-16 04:00:00,7614.584678177298
2021-05-16 05:00:00,7776.941444531496
2021-05-16 06:00:00,7939.113097383067
2021-05-16 07:00:00,8044.058884611701
2021-05-16 08:00:00,8071.92665016805
2021-05-16 09:00:00,8043.145788009706
2021-05-16 10:00:00,7996.058221135491
2021-05-16 11:00:00,7963.535577295202
2021-05-16 12:00:00,7965.2017051920075
2021-05-16 13:00:00,8010.494512324886
2021-05-16 14:00:00,8097.671127903569
2021-05-16 15:00:00,8204.98861171363
2021-05-16 16:00:00,8287.860591638626
2021-05-16 17:00:00,8297.009668774273
2021-05-16 18:00:00,8212.45535647505
2021-05-16 19:00:00,8066.4694937424265
2021-05-16 20:00:00,7930.446482432544
2021-05-16 21:00:00,7869.215629542737
2021-05-16 22:00:00,7896.983492127125
2021-05-16 23:00:00,7971.760252580663
2021-05-17 00:00:00,8034.2026802441915
2021-05-17 01:00:00,8058.606042924674
2021-05-17 02:00:00,8072.955510652669
2021-05-17 03:00:00,8131.907286372017
2021-05-17 04:00:00,8267.213107393167
2021-05-17 05:00:00,8458.11723097444
2021-05-17 06:00:00,8644.747250806067
2021-05-17 07:00:00,8769.96206120475
2021-05-17 08:00:00,8813.843806005438
2021-05-17 09:00:00,8796.791145046189
2021-05-17 10:00:00,8757.150195464968
2021-05-17 11:00:00,8727.831321520038
2021-05-17 12:00:00,8728.530922617168
2021-05-17 13:00:00,8768.792210671983
2021-05-17 14:00:00,8847.00899357877
2021-05-17 15:00:00,8941.604702854162
2021-05-17 16:00:00,9008.187068271647
2021-05-17 17:00:00,8997.698301975297
2021-05-17 18:00:00,8890.400584439189
2021-05-17 19:00:00,8718.82882131612
2021-05-17 20:00:00,8554.658051311926
2021-05-17 21:00:00,8463.012818799934
2021-05-17 22:00:00,8458.406442424628
2021-05-17 23:00:00,8499.164242258486
2021-05-18 00:00:00,8526.263316529908
2021-05-18 01:00:00,8514.321267049043
2021-05-18 02:00:00,8491.644450510072
2021-05-18 03:00:00,8513.206024753526
2021-05-18 04:00:00,8611.067467042623
2021-05-18 05:00:00,8764.772709306004
2021-05-18 06:00:00,8914.736267002547
2021-05-18 07:00:00,9004.088705943515
2021-05-18 08:00:00,9013.166309223207
2021-05-18 09:00:00,8962.602299227741
2021-05-18 10:00:00,8890.955991399103
2021-05-18 11:00:00,8831.328069190831
2021-05-18 12:00:00,8803.581142554298
2021-05-18 13:00:00,8817.399590075704
2021-05-18 14:00:00,8871.292706863416
2021-05-18 15:00:00,8943.773398010788
2021-05-18 16:00:00,8990.51281856174
2021-05-18 17:00:00,8962.490816944852
2021-05-18 18:00:00,8839.981965274215
2021-05-18 19:00:00,8655.509133369696
2021-05-18 20:00:00,8480.711971005177
2021-05-18 21:00:00,8380.65759391711
2021-05-18 22:00:00,8369.781383725987
2021-05-18 23:00:00,8406.311940840118
2021-05-19 00:00:00,8431.112756050155
2021-05-19 01:00:00,8418.672972602142
2021-05-19 02:00:00,8397.157787474422
2021-05-19 03:00:00,8421.388731391538
2021-05-19 04:00:00,8523.267474437218
2021-05-19 05:00:00,8682.17227197221
2021-05-19 06:00:00,8838.34839720841
2021-05-19 07:00:00,8934.755875398376
2021-05-19 08:00:00,8951.561352839844
2021-05-19 09:00:00,8909.23142854119
2021-05-19 10:00:00,8846.163799405647
2021-05-19 11:00:00,8795.304384566316
2021-05-19 12:00:00,8776.36956981637
2021-05-19 13:00:00,8798.907553124143
2021-05-19 14:00:00,8861.302797141054
2021-05-19 15:00:00,8941.955815129559
2021-05-19 16:00:00,8996.438681043635
2021-05-19 17:00:00,8975.64611353806
2021-05-19 18:00:00,8859.781913535217
2021-05-19 19:00:00,8681.312711564236
2021-05-19 20:00:00,8511.836392188083
2021-05-19 21:00:00,8416.392496733959
2021-05-19 22:00:00,8409.402523617124
2021-05-19 23:00:00,8449.094177128645
2021-05-20 00:00:00,8476.342145110024
2021-05-20 01:00:00,8465.657794420767
2021-05-20 02:00:00,8445.238352548211
2021-05-20 03:00:00,8469.945836308272
2021-05-20 04:00:00,8571.729397711915
2021-05-20 05:00:00,8730.020226320787
2021-05-20 06:00:00,8885.120380105433
2021-05-20 07:00:00,8980.048885905222
2021-05-20 08:00:00,8995.031969453143
2021-05-20 09:00:00,8950.594769307041
2021-05-20 10:00:00,8885.190911541136
2021-05-20 11:00:00,8831.818136315836
2021-05-20 12:00:00,8810.239141267193
2021-05-20 13:00:00,8830.041645535908
2021-05-20 14:00:00,8889.641701171637
2021-05-20 15:00:00,8967.462497145527
2021-05-20 16:00:00,9019.089063209607
2021-05-20 17:00:00,8995.418737229133
2021-05-20 18:00:00,8876.64718677376
2021-05-20 19:00:00,8695.22194932537
2021-05-20 20:00:00,8522.710863485767
2021-05-20 21:00:00,8424.112694628666
2021-05-20 22:00:00,8413.797872723204
2021-05-20 23:00:00,8449.933389166805
2021-05-21 00:00:00,8473.324425474973
2021-05-21 01:00:00,8458.4050921796
2021-05-21 02:00:00,8433.288832949327
2021-05-21 03:00:00,8452.748738683285
2021-05-21 04:00:00,8548.64142311903
2021-05-21 05:00:00,8700.303578128214
2021-05-21 06:00:00,8847.942557951723
2021-05-21 07:00:00,8934.484308686191
2021-05-21 08:00:00,8940.065476963226
2021-05-21 09:00:00,8885.12702504606
2021-05-21 10:00:00,8808.045701411513
2021-05-21 11:00:00,8741.751529866282
2021-05-21 12:00:00,8705.950453992104
2021-05-21 13:00:00,8710.186113307382
2021-05-21 14:00:00,8752.844750907305
2021-05-21 15:00:00,8812.335472382125
2021-05-21 16:00:00,8844.246238999496
2021-05-21 17:00:00,8799.495436794723
2021-05-21 18:00:00,8658.3187920767
2021-05-21 19:00:00,8453.223580354768
2021-05-21 20:00:00,8255.85748618953
2021-05-21 21:00:00,8131.319405289366
2021-05-21 22:00:00,8094.1000982963815
2021-05-21 23:00:00,8102.506737098355
2021-05-22 00:00:00,8097.503914727802
2021-05-22 01:00:00,8053.703498464922
2021-05-22 02:00:00,7999.4138859246195
2021-05-22 03:00:00,7989.618917188203
2021-05-22 04:00:00,8056.400106035389
2021-05-22 05:00:00,8179.33132351532
2021-05-22 06:00:00,8298.867300797787
2021-05-22 07:00:00,8358.189288842796
2021-05-22 08:00:00,8337.694732116004
2021-05-22 09:00:00,8258.088309675275
2021-05-22 10:00:00,8158.0107208017735
2021-05-22 11:00:00,8070.653407978845
2021-05-22 12:00:00,8015.978385441453
2021-05-22 13:00:00,8003.777181872297
2021-05-22 14:00:00,8032.672930142036
2021-05-22 15:00:00,8081.297857073019
2021-05-22 16:00:00,8105.446589429133
2021-05-22 17:00:00,8056.225150209117
2021-05-22 18:00:00,7914.035447579985
2021-05-22 19:00:00,7711.527233565623
2021-05-22 20:00:00,7520.464918658987
2021-05-22 21:00:00,7406.036560151757
2021-05-22 22:00:00,7382.792957643609
2021-05-22 23:00:00,7409.070918011652
2021-05-23 00:00:00,7425.833279080621
2021-05-23 01:00:00,7407.658086890186
2021-05-23 02:00:00,7382.787497825596
2021-05-23 03:00:00,7406.106666770388
2021-05-23 04:00:00,7509.566288667372
2021-05-23 05:00:00,7672.577927107236
2021-05-23 06:00:00,7835.403493711356
2021-05-23 07:00:00,7941.002208445881
2021-05-23 08:00:00,7969.521887400768
2021-05-23 09:00:00,7941.391896674682
2021-05-23 10:00:00,7894.954131408293
2021-05-23 11:00:00,7863.080191531586
2021-05-23 12:00:00,7865.393897913586
2021-05-23 13:00:00,7911.333130262473
2021-05-23 14:00:00,7999.154989999179
2021-05-23 15:00:00,8107.116509146179
2021-05-23 16:00:00,8190.631287841236
2021-05-23 17:00:00,8200.421899471725
2021-05-23 18:00:00,8116.507829696884
2021-05-23 19:00:00,7971.160889836532
2021-05-23 20:00:00,7835.77545412388
2021-05-23 21:00:00,7775.180801934658
2021-05-23 22:00:00,7803.583462743296
2021-05-23 23:00:00,7878.993591391069
2021-05-24 00:00:00,7942.067929717456
2021-05-24 01:00:00,7967.101718039787
2021-05-24 02:00:00,7982.080098940052
2021-05-24 03:00:00,8041.659247966438
2021-05-24 04:00:00,8177.590875059974
2021-05-24 05:00:00,8369.11921015282
2021-05-24 06:00:00,8556.371819646489
2021-05-24 07:00:00,8682.207570636372
2021-05-24 08:00:00,8726.708579747232
2021-05-24 09:00:00,8710.27347967796
2021-05-24 10:00:00,8671.248360469353
2021-05-24 11:00:00,8642.543559336971
2021-05-24 12:00:00,8643.855448677308
2021-05-24 13:00:00,8684.727213471617
2021-05-24 14:00:00,8763.552634729238
2021-05-24 15:00:00,8858.755117127734
2021-05-24 16:00:00,8925.942363666913
2021-05-24 17:00:00,8916.056559775656
2021-05-24 18:00:00,8809.359859278733
2021-05-24 19:00:00,8638.387141215895
2021-05-24 20:00:00,8474.813417781812
2021-05-24 21:00:00,8383.763206877939
2021-05-24 22:00:00,8379.749800745576
2021-05-24 23:00:00,8421.098493124498
2021-05-25 00:00:00,8448.786355990855
2021-05-25 01:00:00,8437.430964959896
2021-05-25 02:00:00,8415.338650589521
2021-05-25 03:00:00,8437.482544696242
2021-05-25 04:00:00,8535.924098564812
2021-05-25 05:00:00,8690.20721822907
2021-05-25 06:00:00,8840.746393325215
2021-05-25 07:00:00,8930.672163944186
2021-05-25 08:00:00,8940.32078750835
2021-05-25 09:00:00,8890.325460837292
2021-05-25 10:00:00,8819.245473883911
2021-05-25 11:00:00,8760.18148470153
2021-05-25 12:00:00,8732.99607791139
2021-05-25 13:00:00,8747.373606878235
2021-05-25 14:00:00,8801.823341577574
2021-05-25 15:00:00,8874.858162041763
2021-05-25 16:00:00,8922.149198362378
2021-05-25 17:00:00,8894.676274105817
2021-05-25 18:00:00,8772.713936625523
2021-05-25 19:00:00,8588.785031054971
2021-05-25 20:00:00,8414.529182611506
2021-05-25 21:00:00,8315.013482552455
2021-05-25 22:00:00,8304.67328812537
2021-05-25 23:00:00,8341.73717546507
2021-05-26 00:00:00,8367.068611207966
2021-05-26 01:00:00,8355.15671453036
2021-05-26 02:00:00,8334.166658452881
2021-05-26 03:00:00,8358.919949859253
2021-05-26 04:00:00,8461.31823509746
2021-05-26 05:00:00,8620.739745898512
2021-05-26 06:00:00,8777.429731949995
2021-05-26 07:00:00,8874.348195129962
2021-05-26 08:00:00,8891.66175842253
2021-05-26 09:00:00,8849.836997676864
2021-05-26 10:00:00,8787.271586741877
2021-05-26 11:00:00,8736.911421817182
2021-05-26 12:00:00,8718.472865881187
2021-05-26 13:00:00,8741.504094209107
2021-05-26 14:00:00,8804.389546881624
2021-05-26 15:00:00,8885.52971471068
2021-05-26 16:00:00,8940.496649342547
2021-05-26 17:00:00,8920.185047226414
2021-05-26 18:00:00,8804.798687224089
2021-05-26 19:00:00,8626.804177928585
2021-05-26 20:00:00,8457.799382098032
2021-05-26 21:00:00,8362.823819383346
2021-05-26 22:00:00,8356.298966655391
2021-05-26 23:00:00,8396.452506813699
2021-05-27 00:00:00,8424.159106414223
2021-05-27 01:00:00,8413.93011118965
2021-05-27 02:00:00,8393.96272763337
2021-05-27 03:00:00,8419.118951711263
2021-05-27 04:00:00,8521.347914705642
2021-05-27 05:00:00,8680.080785618757
2021-05-27 06:00:00,8835.619601988179
2021-05-27 07:00:00,8930.983370368267
2021-05-27 08:00:00,8946.398296353475
2021-05-27 09:00:00,8902.389498511746
2021-05-27 10:00:00,8837.410583081199
2021-05-27 11:00:00,8784.459270513893
2021-05-27 12:00:00,8763.29823890953
2021-05-27 13:00:00,8783.515188021318
2021-05-27 14:00:00,8843.526150656848
2021-05-27 15:00:00,8921.754296699097
2021-05-27 16:00:00,8973.78463698293
2021-05-27 17:00:00,8950.514490590958
2021-05-27 18:00:00,8832.139506492915
2021-05-27 19:00:00,8651.107203685035
2021-05-27 20:00:00,8478.985402504384
2021-05-27 21:00:00,8380.77285017879
2021-05-27 22:00:00,8370.839958696095
2021-05-27 23:00:00,8407.353701669763
2021-05-28 00:00:00,8431.119242946139
2021-05-28 01:00:00,8416.57067558749
2021-05-28 02:00:00,8391.821425950675
2021-05-28 03:00:00,8411.644567795634
2021-05-28 04:00:00,8507.896697872347
2021-05-28 05:00:00,8659.914491257545
2021-05-28 06:00:00,8807.905285553406
2021-05-28 07:00:00,8894.795010394164
2021-05-28 08:00:00,8900.720296121726
2021-05-28 09:00:00,8846.122088887847
2021-05-28 10:00:00,8769.377121231524
2021-05-28 11:00:00,8703.415401183538
2021-05-28 12:00:00,8667.942856752783
2021-05-28 13:00:00,8672.503112044576
2021-05-28 14:00:00,8715.482394924655
2021-05-28 15:00:00,8775.289795929555
2021-05-28 16:00:00,8807.513261474029
2021-05-28 17:00:00,8763.071162897142
2021-05-28 18:00:00,8622.199212007015
2021-05-28 19:00:00,8417.404669997768
2021-05-28 20:00:00,8220.335207294318
2021-05-28 21:00:00,8096.0897056639005
2021-05-28 22:00:00,8059.158911979046
2021-05-28 23:00:00,8067.849984572862
2021-05-29 00:00:00,8063.127503078724
2021-05-29 01:00:00,8019.603321589188
2021-05-29 02:00:00,7965.585824717463
2021-05-29 03:00:00,7956.05883973544
2021-05-29 04:00:00,8023.103867800881
2021-05-29 05:00:00,8146.294767538613
2021-05-29 06:00:00,8266.086257890547
2021-05-29 07:00:00,8325.659577768569
2021-05-29 08:00:00,8305.412159810456
2021-05-29 09:00:00,8226.048671424438
2021-05-29 10:00:00,8126.20980044729
2021-05-29 11:00:00,8039.086978114143
2021-05-29 12:00:00,7984.642207611241
2021-05-29 13:00:00,7972.667006768992
2021-05-29 14:00:00,8001.7844978106195
2021-05-29 15:00:00,8050.626897110853
2021-05-29 16:00:00,8074.988821188312
2021-05-29 17:00:00,8025.976283004425
2021-05-29 18:00:00,7883.991180875091
2021-05-29 19:00:00,7681.68325720872
2021-05-29 20:00:00,7490.8169130503975
2021-05-29 21:00:00,7376.58019648194
2021-05-29 22:00:00,7353.523898080948
2021-05-29 23:00:00,7379.984815914766
2021-05-30 00:00:00,7396.925779206631
2021-05-30 01:00:00,7378.924825603808
2021-05-30 02:00:00,7354.224103308938
2021-05-30 03:00:00,7377.708759231994
2021-05-30 04:00:00,7481.329480552142
2021-05-30 05:00:00,7644.497823303876
2021-05-30 06:00:00,7807.47569177819
2021-05-30 07:00:00,7913.222298797766
2021-05-30 08:00:00,7941.885453554331
2021-05-30 09:00:00,7913.894515433774
2021-05-30 10:00:00,7867.591373093919
2021-05-30 11:00:00,7835.847620192587
2021-05-30 12:00:00,7838.287071538604
2021-05-30 13:00:00,7884.347601006346
2021-05-30 14:00:00,7972.286304380389
2021-05-30 15:00:00,8080.360208282556
2021-05-30 16:00:00,8163.982907659858
2021-05-30 17:00:00,8173.87697092612
2021-05-30 18:00:00,8090.0618789792625
2021-05-30 19:00:00,7944.809438628738
2021-05-30 20:00:00,7809.514019744265
2021-05-30 21:00:00,7749.004897647753
2021-05-30 22:00:00,7777.488597922309
2021-05-30 23:00:00,7852.975271753003
2021-05-31 00:00:00,7916.121657544949
2021-05-31 01:00:00,7941.222992404956
2021-05-31 02:00:00,7956.264415922891
2021-05-31 03:00:00,8015.90210087931
2021-05-31 04:00:00,8151.887754668793
2021-05-31 05:00:00,8343.465604895458
2021-05-31 06:00:00,8530.763215873389
2021-05-31 07:00:00,8656.639452805064
2021-05-31 08:00:00,8701.176430680944
2021-05-31 09:00:00,8684.772780760304
2021-05-31 10:00:00,8645.774591886606
2021-05-31 11:00:00,8617.092200295156
2021-05-31 12:00:00,8618.421977635731
2021-05-31 13:00:00,8659.307108358615
2021-05-31 14:00:00,8738.14137317495
2021-05-31 15:00:00,8833.348176682246
2021-05-31 16:00:00,8900.535222034296
2021-05-31 17:00:00,8890.644695043911
2021-05-31 18:00:00,8783.938750127545
2021-05-31 19:00:00,8612.952267175515
2021-05-31 20:00:00,8449.36025942339
2021-05-31 21:00:00,8358.287246072317
2021-05-31 22:00:00,8354.246520872317
2021-05-31 23:00:00,8395.563379303287
2021-06-01 00:00:00,8423.214895313935
2021-06-01 01:00:00,8411.818646716682
2021-06-01 02:00:00,8389.680966501843
2021-06-01 03:00:00,8411.77498912181
2021-06-01 04:00:00,8510.162168755072
2021-06-01 05:00:00,8664.38641456039
2021-06-01 06:00:00,8814.862219491286
2021-06-01 07:00:00,8904.720127213483
2021-06-01 08:00:00,8914.296398946228
2021-06-01 09:00:00,8864.224235539405
2021-06-01 10:00:00,8793.062931187105
2021-06-01 11:00:00,8733.913148438609
2021-06-01 12:00:00,8706.637476621594
2021-06-01 13:00:00,8720.92027404017
2021-06-01 14:00:00,8775.270815832153
2021-06-01 15:00:00,8848.201987444092
2021-06-01 16:00:00,8895.384924576092
2021-06-01 17:00:00,8867.79945665657
2021-06-01 18:00:00,8745.72013712141
2021-06-01 19:00:00,8561.669817416212
2021-06-01 20:00:00,8387.288129298833
2021-06-01 21:00:00,8287.642170788056
2021-06-01 22:00:00,8277.167306140278
2021-06-01 23:00:00,8314.092118699904
2021-06-02 00:00:00,8339.280082562149
2021-06-02 01:00:00,8327.220324582677
2021-06-02 02:00:00,8306.078025695107
2021-06-02 03:00:00,8330.674700902264
2021-06-02 04:00:00,8432.912004928992
2021-06-02 05:00:00,8592.168178079723
2021-06-02 06:00:00,8748.688478886828
2021-06-02 07:00:00,8845.432918238977
2021-06-02 08:00:00,8862.56812840018
2021-06-02 09:00:00,8820.560694721513
2021-06-02 10:00:00,8757.808300750085
2021-06-02 11:00:00,8707.256852654831
2021-06-02 12:00:00,8688.622723577122
2021-06-02 13:00:00,8711.454099183942
2021-06-02 14:00:00,8774.135430180702
2021-06-02 15:00:00,8855.06721823121
2021-06-02 16:00:00,8909.821526036714
2021-06-02 17:00:00,8889.2930613461
2021-06-02 18:00:00,8773.685614537426
2021-06-02 19:00:00,8595.465805943591
2021-06-02 20:00:00,8426.23151028356
2021-06-02 21:00:00,8331.022259388674
2021-06-02 22:00:00,8324.259542544383
2021-06-02 23:00:00,8364.171055266863
2021-06-03 00:00:00,8391.631476963466
2021-06-03 01:00:00,8381.152166436103
2021-06-03 02:00:00,8360.930343473638
2021-06-03 03:00:00,8385.828017532047
2021-06-03 04:00:00,8487.794333639591
2021-06-03 05:00:00,8646.260474735136
2021-06-03 06:00:00,8801.528492522337
2021-06-03 07:00:00,8896.617407936359
2021-06-03 08:00:00,8911.753441171713
2021-06-03 09:00:00,8867.461725615105
2021-06-03 10:00:00,8802.195882524555
2021-06-03 11:00:00,8748.953647612163
2021-06-03 12:00:00,8727.497714436158
2021-06-03 13:00:00,8747.415798424548
2021-06-03 14:00:00,8807.123948269098
2021-06-03 15:00:00,8885.045349972963
2021-06-03 16:00:00,8936.76503066988
2021-06-03 17:00:00,8913.180325976096
2021-06-03 18:00:00,8794.486901602546
2021-06-03 19:00:00,8613.132293494586
2021-06-03 20:00:00,8440.684339149335
2021-06-03 21:00:00,8342.141803162922
2021-06-03 22:00:00,8331.875115100434
2021-06-03 23:00:00,8368.051266356359
2021-06-04 00:00:00,8391.475438783034
2021-06-04 01:00:00,8376.581743632363
2021-06-04 02:00:00,8351.483625665793
2021-06-04 03:00:00,8370.954177259504
2021-06-04 04:00:00,8466.850013976129
2021-06-04 05:00:00,8618.507829910057
2021-06-04 06:00:00,8766.134981877713
2021-06-04 07:00:00,8852.657418954732
2021-06-04 08:00:00,8858.211791089538
2021-06-04 09:00:00,8803.239064265179
2021-06-04 10:00:00,8726.115991046037
2021-06-04 11:00:00,8659.772599689144
2021-06-04 12:00:00,8623.914838614566
2021-06-04 13:00:00,8628.086352551114
2021-06-04 14:00:00,8670.67339019015
2021-06-04 15:00:00,8730.08506306004
2021-06-04 16:00:00,8761.90933878631
2021-06-04 17:00:00,8717.064610104391
2021-06-04 18:00:00,8575.786610423462
2021-06-04 19:00:00,8370.582622702155
2021-06-04 20:00:00,8173.100339354672
2021-06-04 21:00:00,8048.438664304875
2021-06-04 22:00:00,8011.088366776772
2021-06-04 23:00:00,8019.356627638568
2021-06-05 00:00:00,8014.208049263988
2021-06-05 01:00:00,7970.254508650476
2021-06-05 02:00:00,7915.804413506036
2021-06-05 03:00:00,7905.8416143873565
2021-06-05 04:00:00,7972.447635922404
2021-06-05 05:00:00,8095.196360379993
2021-06-05 06:00:00,8214.54253051573
2021-06-05 07:00:00,8273.667409291076
2021-06-05 08:00:00,8252.968453489757
2021-06-05 09:00:00,8173.150354900777
2021-06-05 10:00:00,8072.853825908397
2021-06-05 11:00:00,7985.270322454108
2021-06-05 12:00:00,7930.361872618583
2021-06-05 13:00:00,7917.920019302939
2021-06-05 14:00:00,7946.567909973482
2021-06-05 15:00:00,7994.937786404199
2021-06-05 16:00:00,8018.824290696982
2021-06-05 17:00:00,7969.333461563476
2021-06-05 18:00:00,7826.867223242377
2021-06-05 19:00:00,7624.075344207873
2021-06-05 20:00:00,7432.722251772906
2021-06-05 21:00:00,7317.9960204257295
2021-06-05 22:00:00,7294.44746731989
2021-06-05 23:00:00,7320.413417257535
2021-06-06 00:00:00,7336.856726372636
2021-06-06 01:00:00,7318.355459365503
2021-06-06 02:00:00,7293.151791648594
2021-06-06 03:00:00,7316.130897519147
2021-06-06 04:00:00,7419.243491682531
2021-06-06 05:00:00,7581.901157857629
2021-06-06 06:00:00,7744.365828167607
2021-06-06 07:00:00,7849.596743443008
2021-06-06 08:00:00,7877.741741000509
2021-06-06 09:00:00,7849.2302085235015
2021-06-06 10:00:00,7802.404063109727
2021-06-06 11:00:00,7770.134927005087
2021-06-06 12:00:00,7772.046643747069
2021-06-06 13:00:00,7817.5771160837185
2021-06-06 14:00:00,7904.983468832012
2021-06-06 15:00:00,8012.522757754304
2021-06-06 16:00:00,8095.608607120961
2021-06-06 17:00:00,8104.963614769908
2021-06-06 18:00:00,8020.607291183378
2021-06-06 19:00:00,7874.81147288551
2021-06-06 20:00:00,7738.9705595941805
2021-06-06 21:00:00,7677.913856615458
2021-06-06 22:00:00,7705.847919636962
2021-06-06 23:00:00,7780.782930109295
2021-06-07 00:00:00,7843.375656792987
2021-06-07 01:00:00,7867.9213673043005
2021-06-07 02:00:00,7882.405231862686
2021-06-07 03:00:00,7941.483454006454
2021-06-07 04:00:00,8076.907771995626
2021-06-07 05:00:00,8267.92244444471
2021-06-07 06:00:00,8454.655066782721
2021-06-07 07:00:00,8579.964535451443
2021-06-07 08:00:00,8623.93299679566
2021-06-07 09:00:00,8606.959113554938
2021-06-07 10:00:00,8567.389006163223
2021-06-07 11:00:00,8538.133042542924
2021-06-07 12:00:00,8538.88762616826
2021-06-07 13:00:00,8579.195973408847
2021-06-07 14:00:00,8657.45189700736
2021-06-07 15:00:00,8752.07883369576
2021-06-07 16:00:00,8818.684518884516
2021-06-07 17:00:00,8808.211170723946
2021-06-07 18:00:00,8700.920976087345
2021-06-07 19:00:00,8529.348847417947
2021-06-07 20:00:00,8365.169830610595
2021-06-07 21:00:00,8273.508477593015
2021-06-07 22:00:00,8268.878114978499
2021-06-07 23:00:00,8309.60407119594
2021-06-08 00:00:00,8336.663453213056
2021-06-08 01:00:00,8324.673871974323
2021-06-08 02:00:00,8301.941693687695
2021-06-08 03:00:00,8323.440086114195
2021-06-08 04:00:00,8421.230536810135
2021-06-08 05:00:00,8574.856988424206
2021-06-08 06:00:00,8724.733967465134
2021-06-08 07:00:00,8813.992051237308
2021-06-08 08:00:00,8822.9675346948
2021-06-08 09:00:00,8772.293652478063
2021-06-08 10:00:00,8700.529732671333
2021-06-08 11:00:00,8640.77647176038
2021-06-08 12:00:00,8612.896493118635
2021-06-08 13:00:00,8626.574189144332
2021-06-08 14:00:00,8680.318869145822
2021-06-08 15:00:00,8752.643452804852
2021-06-08 16:00:00,8799.219110141901
2021-06-08 17:00:00,8771.025704946716
2021-06-08 18:00:00,8648.337825095705
2021-06-08 19:00:00,8463.678356534714
2021-06-08 20:00:00,8288.68696557988
2021-06-08 21:00:00,8188.4307848699455
2021-06-08 22:00:00,8177.345213328559
2021-06-08 23:00:00,8213.658869049916
2021-06-09 00:00:00,8238.235260894779
2021-06-09 01:00:00,8225.563550563325
2021-06-09 02:00:00,8203.808953877193
2021-06-09 03:00:00,8227.793020779114
2021-06-09 04:00:00,8329.417440965424
2021-06-09 05:00:00,8488.060489778942
2021-06-09 06:00:00,8643.967460819285
2021-06-09 07:00:00,8740.098400088324
2021-06-09 08:00:00,8756.619975003645
2021-06-09 09:00:00,8713.99880610951
2021-06-09 10:00:00,8650.632612186979
2021-06-09 11:00:00,8599.467334652409
2021-06-09 12:00:00,8580.219381959041
2021-06-09 13:00:00,8602.43697509595
2021-06-09 14:00:00,8664.504600124901
2021-06-09 15:00:00,8744.822794094276
2021-06-09 16:00:00,8798.963655115413
2021-06-09 17:00:00,8777.82192638189
2021-06-09 18:00:00,8661.601433714346
2021-06-09 19:00:00,8482.768832942676
2021-06-09 20:00:00,8312.922034267212
2021-06-09 21:00:00,8217.10060504656
2021-06-09 22:00:00,8209.726070092001
2021-06-09 23:00:00,8249.02616046452
2021-06-10 00:00:00,8275.875591127622
2021-06-10 01:00:00,8264.785756450816
2021-06-10 02:00:00,8243.953911798822
2021-06-10 03:00:00,8268.242102211161
2021-06-10 04:00:00,8369.599508301932
2021-06-10 05:00:00,8527.457348596103
2021-06-10 06:00:00,8682.117710397528
2021-06-10 07:00:00,8776.599650218372
2021-06-10 08:00:00,8791.129423856746
2021-06-10 09:00:00,8746.232200273529
2021-06-10 10:00:00,8680.361636309777
2021-06-10 11:00:00,8626.515503249113
2021-06-10 12:00:00,8604.456530212043
2021-06-10 13:00:00,8623.772468173778
2021-06-10 14:00:00,8682.879401366203
2021-06-10 15:00:00,8760.200551313239
2021-06-10 16:00:00,8811.320980655662
2021-06-10 17:00:00,8787.13806050749
2021-06-10 18:00:00,8667.847492020312
2021-06-10 19:00:00,8485.8968466178
2021-06-10 20:00:00,8312.85399719736
2021-06-10 21:00:00,8213.717743765654
2021-06-10 22:00:00,8202.858551246116
2021-06-10 23:00:00,8238.443446378877
2021-06-11 00:00:00,8261.277646323537
2021-06-11 01:00:00,8245.79529761117
2021-06-11 02:00:00,8220.10988024316
2021-06-11 03:00:00,8238.99452180406
2021-06-11 04:00:00,8334.305873023295
2021-06-11 05:00:00,8485.380663117789
2021-06-11 06:00:00,8632.426284003268
2021-06-11 07:00:00,8718.368719780176
2021-06-11 08:00:00,8723.344655413357
2021-06-11 09:00:00,8667.795091822929
2021-06-11 10:00:00,8590.096816480822
2021-06-11 11:00:00,8523.179892498129
2021-06-11 12:00:00,8486.750303087889
2021-06-11 13:00:00,8490.351727726664
2021-06-11 14:00:00,8532.370449790844
2021-06-11 15:00:00,8591.215615444442
2021-06-11 16:00:00,8622.475226882558
2021-06-11 17:00:00,8577.067711355023
2021-06-11 18:00:00,8435.22883670909
2021-06-11 19:00:00,8229.465920300896
2021-06-11 20:00:00,8031.426688845293
2021-06-11 21:00:00,7906.210080524571
2021-06-11 22:00:00,7868.306898735834
2021-06-11 23:00:00,7876.024358452639
2021-06-12 00:00:00,7870.327096080725
2021-06-12 01:00:00,7825.827022575846
2021-06-12 02:00:00,7770.832579527734
2021-06-12 03:00:00,7760.327651288392
2021-06-12 04:00:00,7826.393796211524
2021-06-12 05:00:00,7948.604930200778
2021-06-12 06:00:00,8067.415829564634
2021-06-12 07:00:00,8126.007790728473
2021-06-12 08:00:00,8104.778303867778
2021-06-12 09:00:00,8024.432094056461
2021-06-12 10:00:00,7923.609906871783
2021-06-12 11:00:00,7835.503231367947
2021-06-12 12:00:00,7780.074128640987
2021-06-12 13:00:00,7767.114174504712
2021-06-12 14:00:00,7795.246549239171
2021-06-12 15:00:00,7843.103527350611
2021-06-12 16:00:00,7866.4797835434165
2021-06-12 17:00:00,7816.4813890477
2021-06-12 18:00:00,7673.510300514248
2021-06-12 19:00:00,7470.21631871942
2021-06-12 20:00:00,7278.363903172096
2021-06-12 21:00:00,7163.141160438163
2021-06-12 22:00:00,7139.098939655764
2021-06-12 23:00:00,7164.57409747569
2021-06-13 00:00:00,7180.529521781305
2021-06-13 01:00:00,7161.543308901919
2021-06-13 02:00:00,7135.857665766745
2021-06-13 03:00:00,7158.35779804625
2021-06-13 04:00:00,7260.99445173166
2021-06-13 05:00:00,7423.1792416807075
2021-06-13 06:00:00,7585.174131036902
2021-06-13 07:00:00,7689.938391524748
2021-06-13 08:00:00,7717.619891227394
2021-06-13 09:00:00,7688.648048468966
2021-06-13 10:00:00,7641.364810842106
2021-06-13 11:00:00,7608.641830975561
2021-06-13 12:00:00,7610.102982640362
2021-06-13 13:00:00,7655.186198685312
2021-06-13 14:00:00,7742.148633883284
2021-06-13 15:00:00,7849.247373839901
2021-06-13 16:00:00,7931.896072488601
2021-06-13 17:00:00,7940.817357216936
2021-06-13 18:00:00,7856.030767909115
2021-06-13 19:00:00,7709.808170316599
2021-06-13 20:00:00,7573.543993290595
2021-06-13 21:00:00,7512.067571069445
2021-06-13 22:00:00,7539.58548816188
2021-06-13 23:00:00,7614.107954655378
2021-06-14 00:00:00,7676.291767814062
2021-06-14 01:00:00,7700.432223598496
2021-06-14 02:00:00,7714.514520421284
2021-06-14 03:00:00,7773.194889833729
2021-06-14 04:00:00,7908.22509798077
2021-06-14 05:00:00,8098.849431176267
2021-06-14 06:00:00,8285.195512400018
2021-06-14 07:00:00,8410.12226547247
2021-06-14 08:00:00,8453.711863957542
2021-06-14 09:00:00,8436.362997642802
2021-06-14 10:00:00,8396.421813834377
2021-06-14 11:00:00,8366.798707177324
2021-06-14 12:00:00,8367.190107681097
2021-06-14 13:00:00,8407.139258080988
2021-06-14 14:00:00,8485.039997305772
2021-06-14 15:00:00,8579.315788119644
2021-06-14 16:00:00,8645.574391756572
2021-06-14 17:00:00,8634.75805203316
2021-06-14 18:00:00,8527.128981304882
2021-06-14 19:00:00,8355.222117314685
2021-06-14 20:00:00,8190.712531074692
2021-06-14 21:00:00,8098.724799440173
2021-06-14 22:00:00,8093.7722737814365
2021-06-14 23:00:00,8134.180307074607
2021-06-15 00:00:00,8160.926030671191
2021-06-15 01:00:00,8148.627079691258
2021-06-15 02:00:00,8125.589844337392
2021-06-15 03:00:00,8146.787516169348
2021-06-15 04:00:00,8244.281606355757
2021-06-15 05:00:00,8397.61608094818
2021-06-15 06:00:00,8547.20548966745
2021-06-15 07:00:00,8636.180432851494
2021-06-15 08:00:00,8644.877228257881
2021-06-15 09:00:00,8593.929133151887
2021-06-15 10:00:00,8521.895498036545
2021-06-15 11:00:00,8461.877041617436
2021-06-15 12:00:00,8433.736409266541
2021-06-15 13:00:00,8447.158015196763
2021-06-15 14:00:00,8500.651190324887
2021-06-15 15:00:00,8572.728875712206
2021-06-15 16:00:00,8619.062262568234
2021-06-15 17:00:00,8590.631235657735
2021-06-15 18:00:00,8467.71040362766
2021-06-15 19:00:00,8282.82267295942
2021-06-15 20:00:00,8107.60773032315
2021-06-15 21:00:00,8007.13272847513
2021-06-15 22:00:00,7995.833086246301
2021-06-15 23:00:00,8031.937441416322
2021-06-16 00:00:00,8056.309322335221
2021-06-16 01:00:00,8043.437909945235
2021-06-16 02:00:00,8021.488439099493
2021-06-16 03:00:00,8045.282478563213
2021-06-16 04:00:00,8146.72173661976
2021-06-16 05:00:00,8305.184506978274
2021-06-16 06:00:00,8460.916101374158
2021-06-16 07:00:00,8556.876583745487
2021-06-16 08:00:00,8573.232639183016
2021-06-16 09:00:00,8530.450905698159
2021-06-16 10:00:00,8466.929119309867
2021-06-16 11:00:00,8415.613238442864
2021-06-16 12:00:00,8396.219688312944
2021-06-16 13:00:00,8418.296706458346
2021-06-16 14:00:00,8480.228795259536
2021-06-16 15:00:00,8560.4165078286
2021-06-16 16:00:00,8614.431958123212
2021-06-16 17:00:00,8593.169904944587
2021-06-16 18:00:00,8476.834189490175
2021-06-16 19:00:00,8297.891482713232
2021-06-16 20:00:00,8127.939709704989
2021-06-16 21:00:00,8032.0184524946235
2021-06-16 22:00:00,8024.549250301468
2021-06-16 23:00:00,8063.759848356094
2021-06-17 00:00:00,8090.524975569214
2021-06-17 01:00:00,8079.356039993832
2021-06-17 02:00:00,8058.450310434366
2021-06-17 03:00:00,8082.669845145122
2021-06-17 04:00:00,8183.963837694392
2021-06-17 05:00:00,8341.763519319265
2021-06-17 06:00:00,8496.370989782174
2021-06-17 07:00:00,8590.805317829507
2021-06-17 08:00:00,8605.292771214217
2021-06-17 09:00:00,8560.358530624044
2021-06-17 10:00:00,8494.456264372164
2021-06-17 11:00:00,8440.583754968095
2021-06-17 12:00:00,8418.503742487568
2021-06-17 13:00:00,8437.803988634801
2021-06-17 14:00:00,8496.900588110871
2021-06-17 15:00:00,8574.216772642372
2021-06-17 16:00:00,8625.337614831473
2021-06-17 17:00:00,8601.160495496844
2021-06-17 18:00:00,8481.88112524528
2021-06-17 19:00:00,8299.947084676229
2021-06-17 20:00:00,8126.926255649132
2021-06-17 21:00:00,8027.817446818925
2021-06-17 22:00:00,8016.991131554511
2021-06-17 23:00:00,8052.614344750022
2021-06-18 00:00:00,8075.492311471214
2021-06-18 01:00:00,8060.05918589854
2021-06-18 02:00:00,8034.428455408428
2021-06-18 03:00:00,8053.373254725562
2021-06-18 04:00:00,8148.750241421179
2021-06-18 05:00:00,8299.896151346547
2021-06-18 06:00:00,8447.018382731894
2021-06-18 07:00:00,8533.042925763082
2021-06-18 08:00:00,8538.106471221621
2021-06-18 09:00:00,8482.650025579696
2021-06-18 10:00:00,8405.050381602026
2021-06-18 11:00:00,8338.23760740695
2021-06-18 12:00:00,8301.917690986995
2021-06-18 13:00:00,8305.634316304897
2021-06-18 14:00:00,8347.773770965341
2021-06-18 15:00:00,8406.745205090265
2021-06-18 16:00:00,8438.136624586228
2021-06-18 17:00:00,8392.86646012019
2021-06-18 18:00:00,8251.170482708161
2021-06-18 19:00:00,8045.556012603332
2021-06-18 20:00:00,7847.670779149111
2021-06-18 21:00:00,7722.613722889142
2021-06-18 22:00:00,7684.875649306044
2021-06-18 23:00:00,7692.7637752161245
2021-06-19 00:00:00,7687.242738563727
2021-06-19 01:00:00,7642.924451599035
2021-06-19 02:00:00,7588.117356930695
2021-06-19 03:00:00,7577.805339664486
2021-06-19 04:00:00,7644.0699586207065
2021-06-19 05:00:00,7766.485129917922
2021-06-19 06:00:00,7885.505629823905
2021-06-19 07:00:00,7944.312754407025
2021-06-19 08:00:00,7923.303993251013
2021-06-19 09:00:00,7843.184070567797
2021-06-19 10:00:00,7742.593730789714
2021-06-19 11:00:00,7654.724461550848
2021-06-19 12:00:00,7599.538322280567
2021-06-19 13:00:00,7586.82688683346
2021-06-19 14:00:00,7615.213333265749
2021-06-19 15:00:00,7663.329933585846
2021-06-19 16:00:00,7686.971359744584
2021-06-19 17:00:00,7637.243679928082
2021-06-19 18:00:00,7494.548847480744
2021-06-19 19:00:00,7291.536659604507
2021-06-19 20:00:00,7099.971571958953
2021-06-19 21:00:00,6985.04168699125
2021-06-19 22:00:00,6961.297849443819
2021-06-19 23:00:00,6987.076911321587
2021-06-20 00:00:00,7003.341755561606
2021-06-20 01:00:00,6984.67047329711
2021-06-20 02:00:00,6959.305265985917
2021-06-20 03:00:00,6982.1313335600535
2021-06-20 04:00:00,7085.099415985051
2021-06-20 05:00:00,7247.621121847278
2021-06-20 06:00:00,7409.958407732364
2021-06-20 07:00:00,7515.070538541888
2021-06-20 08:00:00,7543.105375266436
2021-06-20 09:00:00,7514.492328870466
2021-06-20 10:00:00,7467.57333932014
2021-06-20 11:00:00,7435.2200513287025
2021-06-20 12:00:00,7437.056330514315
2021-06-20 13:00:00,7482.520101282324
2021-06-20 14:00:00,7569.8685096916615
2021-06-20 15:00:00,7677.358632390528
2021-06-20 16:00:00,7760.4041140659465
2021-06-20 17:00:00,7769.727572594962
2021-06-20 18:00:00,7685.348538076517
2021-06-20 19:00:00,7539.538866232667
2021-06-20 20:00:00,7403.692975601982
2021-06-20 21:00:00,7342.64018984521
2021-06-20 22:00:00,7370.587082629127
2021-06-20 23:00:00,7445.543852948172
2021-06-21 00:00:00,7508.167286678104
2021-06-21 01:00:00,7532.752668152178
2021-06-21 02:00:00,7547.285183882288
2021-06-21 03:00:00,7606.421053260679
2021-06-21 04:00:00,7741.912030003693
2021-06-21 05:00:00,7933.002387734321
2021-06-21 06:00:00,8119.819736486829
2021-06-21 07:00:00,8245.222986854775
2021-06-21 08:00:00,8289.294298945277
2021-06-21 09:00:00,8272.432348799084
2021-06-21 10:00:00,8232.983269731894
2021-06-21 11:00:00,8203.85744213439
2021-06-21 12:00:00,8204.751281502166
2021-06-21 13:00:00,8245.208015796341
2021-06-21 14:00:00,8323.621468916102
2021-06-21 15:00:00,8418.415088337164
2021-06-21 16:00:00,8485.196619749051
2021-06-21 17:00:00,8474.908291172906
2021-06-21 18:00:00,8367.812298896326
2021-06-21 19:00:00,8196.443564369258
2021-06-21 20:00:00,8032.477142020287
2021-06-21 21:00:00,7941.037591900228
2021-06-21 22:00:00,7936.638248302522
2021-06-21 23:00:00,7977.604446878426
2021-06-22 00:00:00,8004.913301407769
2021-06-22 01:00:00,7993.182429183889
2021-06-22 02:00:00,7970.718202338914
2021-06-22 03:00:00,7992.493794100531
2021-06-22 04:00:00,8090.570697070878
2021-06-22 05:00:00,8244.492858475396
2021-06-22 06:00:00,8394.674808974485
2021-06-22 07:00:00,8484.247129587948
2021-06-22 08:00:00,8493.546118521075
2021-06-22 09:00:00,8443.205013229177
2021-06-22 10:00:00,8371.783144179008
2021-06-22 11:00:00,8312.38120977151
2021-06-22 12:00:00,8284.861834864374
2021-06-22 13:00:00,8298.909412892624
2021-06-22 14:00:00,8353.033253760817
2021-06-22 15:00:00,8425.746277280889
2021-06-22 16:00:00,8472.719653173386
2021-06-22 17:00:00,8444.933244481015
2021-06-22 18:00:00,8322.661637879428
2021-06-22 19:00:00,8138.427717667406
2021-06-22 20:00:00,7963.8711480682305
2021-06-22 21:00:00,7864.059059183848
2021-06-22 22:00:00,7853.426846943124
2021-06-22 23:00:00,7890.203125996941
2021-06-23 00:00:00,7915.251401334196
2021-06-23 01:00:00,7903.060830313742
2021-06-23 02:00:00,7881.796623968739
2021-06-23 03:00:00,7906.280327022239
2021-06-23 04:00:00,8008.413623486756
2021-06-23 05:00:00,8167.574782571062
2021-06-23 06:00:00,8324.009091304268
2021-06-23 07:00:00,8420.676588663682
2021-06-23 08:00:00,8437.743934595248
2021-06-23 09:00:00,8395.677741712818
2021-06-23 10:00:00,8332.87572043635
2021-06-23 11:00:00,8282.28380337118
2021-06-23 12:00:00,8263.618389684507
2021-06-23 13:00:00,8286.427690667655
2021-06-23 14:00:00,8349.096182220492
2021-06-23 15:00:00,8430.024390783055
2021-06-23 16:00:00,8484.784403415426
2021-06-23 17:00:00,8464.270951800881
2021-06-23 18:00:00,8348.687849825532
2021-06-23 19:00:00,8170.501740920684
2021-06-23 20:00:00,8001.31052243018
2021-06-23 21:00:00,7906.15374845214
2021-06-23 22:00:00,7899.452930063783
2021-06-23 23:00:00,7939.4357841435485
2021-06-24 00:00:00,7966.9770110453765
2021-06-24 01:00:00,7956.5879900738955
2021-06-24 02:00:00,7936.465961088448
2021-06-24 03:00:00,7961.472953174365
2021-06-24 04:00:00,8063.558130570766
2021-06-24 05:00:00,8222.152694961787
2021-06-24 06:00:00,8377.558716374275
2021-06-24 07:00:00,8472.795233622197
2021-06-24 08:00:00,8488.088484336182
2021-06-24 09:00:00,8443.963618896229
2021-06-24 10:00:00,8378.874275101345
2021-06-24 11:00:00,8325.818204784788
2021-06-24 12:00:00,8304.558117142598
2021-06-24 13:00:00,8324.681742818408
2021-06-24 14:00:00,8384.605145264459
2021-06-24 15:00:00,8462.75152479752
2021-06-24 16:00:00,8514.705922399347
2021-06-24 17:00:00,8491.365687110047
2021-06-24 18:00:00,8372.926497577108
2021-06-24 19:00:00,8191.835902263123
2021-06-24 20:00:00,8019.6617507155715
2021-06-24 21:00:00,7921.402819100986
2021-06-24 22:00:00,7911.42954814368
2021-06-24 23:00:00,7947.908939900405
2021-06-25 00:00:00,7971.646186447472
2021-06-25 01:00:00,7957.075408806253
2021-06-25 02:00:00,7932.310061033835
2021-06-25 03:00:00,7952.1232443446315
2021-06-25 04:00:00,8048.371582690801
2021-06-25 05:00:00,8200.391778092018
2021-06-25 06:00:00,8348.391194810187
2021-06-25 07:00:00,8435.295788900186
2021-06-25 08:00:00,8441.24221687266
2021-06-25 09:00:00,8386.67145075676
2021-06-25 10:00:00,8309.96024872111
2021-06-25 11:00:00,8244.038644154483
2021-06-25 12:00:00,8208.612590155817
2021-06-25 13:00:00,8213.225735650763
2021-06-25 14:00:00,8256.264333054329
2021-06-25 15:00:00,8316.137497180409
2021-06-25 16:00:00,8348.433198446824
2021-06-25 17:00:00,8304.069831919354
2021-06-25 18:00:00,8163.283132863768
2021-06-25 19:00:00,7958.580385647607
2021-06-25 20:00:00,7761.609283591836
2021-06-25 21:00:00,7637.468731079361
2021-06-25 22:00:00,7600.649497315875
2021-06-25 23:00:00,7609.4587626853445
2021-06-26 00:00:00,7604.861128588874
2021-06-26 01:00:00,7561.468470602134
2021-06-26 02:00:00,7507.589194543269
2021-06-26 03:00:00,7498.2071485710085
2021-06-26 04:00:00,7565.403854480165
2021-06-26 05:00:00,7688.753191213017
2021-06-26 06:00:00,7808.709897759896
2021-06-26 07:00:00,7868.45523278506
2021-06-26 08:00:00,7848.386648361888
2021-06-26 09:00:00,7769.208831066007
2021-06-26 10:00:00,7669.5624875912545
2021-06-26 11:00:00,7582.639067736722
2021-06-26 12:00:00,7528.400592960648
2021-06-26 13:00:00,7516.638599060141
2021-06-26 14:00:00,7545.976225931863
2021-06-26 15:00:00,7595.0457073093
2021-06-26 16:00:00,7619.641676777324
2021-06-26 17:00:00,7570.870164056882
2021-06-26 18:00:00,7429.133083939429
2021-06-26 19:00:00,7227.080194950386
2021-06-26 20:00:00,7036.475914017963
2021-06-26 21:00:00,6922.508304742391
2021-06-26 22:00:00,6899.728172935484
2021-06-26 23:00:00,6926.472331581863
2021-06-27 00:00:00,6943.7036245277495
2021-06-27 01:00:00,6926.000103715526
2021-06-27 02:00:00,6901.603931328026
2021-06-27 03:00:00,6925.400267964365
2021-06-27 04:00:00,7029.3398141616235
2021-06-27 05:00:00,7192.834139005649
2021-06-27 06:00:00,7356.1451595028375
2021-06-27 07:00:00,7462.2321009267
2021-06-27 08:00:00,7491.24278453555
2021-06-27 09:00:00,7463.606581517209
2021-06-27 10:00:00,7417.665391989052
2021-06-27 11:00:00,7386.290820753124
2021-06-27 12:00:00,7389.106693443617
2021-06-27 13:00:00,7435.550894434418
2021-06-27 14:00:00,7523.880529700454
2021-06-27 15:00:00,7632.352635722569
2021-06-27 16:00:00,7716.380816988438
2021-06-27 17:00:00,7726.687651116645
2021-06-27 18:00:00,7643.292627907911
2021-06-27 19:00:00,7498.467562708272
2021-06-27 20:00:00,7363.60683366945
2021-06-27 21:00:00,7303.539723998749
2021-06-27 22:00:00,7332.472766870449
2021-06-27 23:00:00,7408.416120739852
2021-06-28 00:00:00,7472.026530932868
2021-06-28 01:00:00,7497.599241166173
2021-06-28 02:00:00,7513.119397299147
2021-06-28 03:00:00,7573.243178063465
2021-06-28 04:00:00,7709.722296458583
2021-06-28 05:00:00,7901.800985396066
2021-06-28 06:00:00,8089.606814120273
2021-06-28 07:00:00,8215.998652464397
2021-06-28 08:00:00,8261.058619710046
2021-06-28 09:00:00,8245.185351075716
2021-06-28 10:00:00,8206.724939030302
2021-06-28 11:00:00,8178.587723104137
2021-06-28 12:00:00,8180.470077900915
2021-06-28 13:00:00,8221.915190498506
2021-06-28 14:00:00,8301.316843898945
2021-06-28 15:00:00,8397.098444655903
2021-06-28 16:00:00,8464.867697544696
2021-06-28 17:00:00,8455.566789664133
2021-06-28 18:00:00,8349.457876383314
2021-06-28 19:00:00,8179.075838208453
2021-06-28 20:00:00,8016.095688660241
2021-06-28 21:00:00,7925.641946863869
2021-06-28 22:00:00,7922.227906194776
2021-06-28 23:00:00,7964.178861392373
2021-06-29 00:00:00,7992.471885346814
2021-06-29 01:00:00,7981.724554459021
2021-06-29 02:00:00,7960.243199977664
2021-06-29 03:00:00,7983.000954286402
2021-06-29 04:00:00,8082.059269140776
2021-06-29 05:00:00,8236.962050943714
2021-06-29 06:00:00,8388.123789549752
2021-06-29 07:00:00,8478.675025218023
2021-06-29 08:00:00,8488.952015387236
2021-06-29 09:00:00,8439.587956799927
2021-06-29 10:00:00,8369.142139215868
2021-06-29 11:00:00,8310.715220388567
2021-06-29 12:00:00,8284.169784541873
2021-06-29 13:00:00,8299.190184514544
2021-06-29 14:00:00,8354.285689665274
2021-06-29 15:00:00,8427.969179276242
2021-06-29 16:00:00,8475.911782610812
2021-06-29 17:00:00,8449.093322269813
2021-06-29 18:00:00,8327.788344549608
2021-06-29 19:00:00,8144.519693413077
2021-06-29 20:00:00,7970.926992796609
2021-06-29 21:00:00,7872.077332567547
2021-06-29 22:00:00,7862.406068465814
2021-06-29 23:00:00,7900.141775035353
2021-06-30 00:00:00,7926.1479171796445
2021-06-30 01:00:00,7914.913612256613
2021-06-30 02:00:00,7894.604031353531
2021-06-30 03:00:00,7920.040679316466
2021-06-30 04:00:00,8023.125200329723
2021-06-30 05:00:00,8183.235823863942
2021-06-30 06:00:00,8340.617797263807
2021-06-30 07:00:00,8438.231119899814
2021-06-30 08:00:00,8456.24241218416
2021-06-30 09:00:00,8415.11824727532
2021-06-30 10:00:00,8353.256296217116
2021-06-30 11:00:00,8303.602452299163
2021-06-30 12:00:00,8285.873075485062
2021-06-30 13:00:00,8309.616337924885
2021-06-30 14:00:00,8373.216676467706
2021-06-30 15:00:00,8455.07457858637
2021-06-30 16:00:00,8510.762092481056
2021-06-30 17:00:00,8491.173911040503
2021-06-30 18:00:00,8376.51380947849
2021-06-30 19:00:00,8199.248392602705
2021-06-30 20:00:00,8030.975519291353
2021-06-30 21:00:00,7936.7347052341365
2021-06-30 22:00:00,7930.94742320704
2021-06-30 23:00:00,7971.8413519109545
2021-07-01 00:00:00,8000.291153596767
2021-07-01 01:00:00,7990.808169593793
2021-07-01 02:00:00,7971.589601889642
2021-07-01 03:00:00,7997.497441813206
2021-07-01 04:00:00,8100.480815940129
2021-07-01 05:00:00,8259.970888432854
2021-07-01 06:00:00,8416.269691894735
2021-07-01 07:00:00,8512.396227839532
2021-07-01 08:00:00,8528.5766967189
2021-07-01 09:00:00,8485.336211854079
2021-07-01 10:00:00,8421.128374117652
2021-07-01 11:00:00,8368.9508985162
2021-07-01 12:00:00,8348.566457583269
2021-07-01 13:00:00,8369.562745404288
2021-07-01 14:00:00,8430.355789009825
2021-07-01 15:00:00,8509.368752427803
2021-07-01 16:00:00,8562.18664049869
2021-07-01 17:00:00,8539.706766236655
2021-07-01 18:00:00,8422.124772417019
2021-07-01 19:00:00,8241.888171767076
2021-07-01 20:00:00,8070.564778240487
2021-07-01 21:00:00,7973.153332553229
2021-07-01 22:00:00,7964.024240119598
2021-07-01 23:00:00,8001.344467854185
2021-07-02 00:00:00,8025.919172818654
2021-07-02 01:00:00,8012.182441176454
2021-07-02 02:00:00,7988.247692286873
2021-07-02 03:00:00,8008.887992818591
2021-07-02 04:00:00,8105.959932323823
2021-07-02 05:00:00,8258.800178594023
2021-07-02 06:00:00,8407.616061827513
2021-07-02 07:00:00,8495.333504154967
2021-07-02 08:00:00,8502.089128344543
2021-07-02 09:00:00,8448.32387284368
2021-07-02 10:00:00,8372.414462410929
2021-07-02 11:00:00,8307.290897175373
2021-07-02 12:00:00,8272.65909717201
2021-07-02 13:00:00,8278.062678419823
2021-07-02 14:00:00,8321.88786059949
2021-07-02 15:00:00,8382.543725971549
2021-07-02 16:00:00,8415.618212575338
2021-07-02 17:00:00,8372.029683281438
2021-07-02 18:00:00,8232.013841327185
2021-07-02 19:00:00,8028.077939257948
2021-07-02 20:00:00,7831.869638726366
2021-07-02 21:00:00,7708.4878126578515
2021-07-02 22:00:00,7672.423198972822
2021-07-02 23:00:00,7681.982946964894
2021-07-03 00:00:00,7678.131627127037
2021-07-03 01:00:00,7635.481084328473
2021-07-03 02:00:00,7582.339693866979
2021-07-03 03:00:00,7573.6912735851365
2021-07-03 04:00:00,7641.61731514813
2021-07-03 05:00:00,7765.69166756527
2021-07-03 06:00:00,7886.369040108658
2021-07-03 07:00:00,7946.830661899797
2021-07-03 08:00:00,7927.4739557018165
2021-07-03 09:00:00,7849.003578959272
2021-07-03 10:00:00,7750.060209454621
2021-07-03 11:00:00,7663.835268280946
2021-07-03 12:00:00,7610.290748389784
2021-07-03 13:00:00,7599.218157292987
2021-07-03 14:00:00,7629.240606807822
2021-07-03 15:00:00,7678.990302796599
2021-07-03 16:00:00,7704.261851207404
2021-07-03 17:00:00,7656.161254317541
2021-07-03 18:00:00,7515.090399691824
2021-07-03 19:00:00,7313.699018887077
2021-07-03 20:00:00,7123.751501998132
2021-07-03 21:00:00,7010.435886116717
2021-07-03 22:00:00,6988.302950702335
2021-07-03 23:00:00,7015.689482628389
2021-07-04 00:00:00,7033.558299857314
2021-07-04 01:00:00,7016.4874286731265
2021-07-04 02:00:00,6992.71900583065
2021-07-04 03:00:00,7017.138166728702
2021-07-04 04:00:00,7121.6955869349185
2021-07-04 05:00:00,7285.802810793435
2021-07-04 06:00:00,7449.721730818794
2021-07-04 07:00:00,7556.411547999258
2021-07-04 08:00:00,7586.0200595768165
2021-07-04 09:00:00,7558.97661293449
2021-07-04 10:00:00,7513.623084636959
2021-07-04 11:00:00,7482.831056171537
2021-07-04 12:00:00,7486.224330093207
2021-07-04 13:00:00,7533.240767944337
2021-07-04 14:00:00,7622.1374531088995
2021-07-04 15:00:00,7731.171399722088
2021-07-04 16:00:00,7815.756190172859
2021-07-04 17:00:00,7826.614380231583
2021-07-04 18:00:00,7743.765438085922
2021-07-04 19:00:00,7599.481157741295
2021-07-04 20:00:00,7465.1558962358195
2021-07-04 21:00:00,7405.618915920431
2021-07-04 22:00:00,7435.076729379023
2021-07-04 23:00:00,7511.539474715495
2021-07-05 00:00:00,7575.663877164862
2021-07-05 01:00:00,7601.745160611696
2021-07-05 02:00:00,7617.768451340745
2021-07-05 03:00:00,7678.389908748613
2021-07-05 04:00:00,7815.361226789485
2021-07-05 05:00:00,8007.926619568163
2021-07-05 06:00:00,8196.213637788078
2021-07-05 07:00:00,8323.081133004976
2021-07-05 08:00:00,8368.611206486217
2021-07-05 09:00:00,8353.202475704638
2021-07-05 10:00:00,8315.201015632467
2021-07-05 11:00:00,8287.517148592673
2021-07-05 12:00:00,8289.847232232276
2021-07-05 13:00:00,8331.734436943661
2021-07-05 14:00:00,8411.572529307085
2021-07-05 15:00:00,8507.784899745522
2021-07-05 16:00:00,8575.979237142652
2021-07-05 17:00:00,8567.097712996267
2021-07-05 18:00:00,8461.402467348595
2021-07-05 19:00:00,8291.42836564489
2021-07-05 20:00:00,8128.85040662125
2021-07-05 21:00:00,8038.793094886263
2021-07-05 22:00:00,8035.769709590339
2021-07-05 23:00:00,8078.105531503777
2021-07-06 00:00:00,8106.777619838467
2021-07-06 01:00:00,8096.403537592104
2021-07-06 02:00:00,8075.289602895406
2021-07-06 03:00:00,8098.408935266067
2021-07-06 04:00:00,8197.822973914306
2021-07-06 05:00:00,8353.07561293699
2021-07-06 06:00:00,8504.58133021687
2021-07-06 07:00:00,8595.470654259736
2021-07-06 08:00:00,8606.079831075558
2021-07-06 09:00:00,8557.042046255918
2021-07-06 10:00:00,8486.916578676832
2021-07-06 11:00:00,8428.804075517237
2021-07-06 12:00:00,8402.567110694494
2021-07-06 13:00:00,8417.890027030724
2021-07-06 14:00:00,8473.28208414798
2021-07-06 15:00:00,8547.256151903068
2021-07-06 16:00:00,8595.483350385428
2021-07-06 17:00:00,8568.943493338484
2021-07-06 18:00:00,8447.911118477266
2021-07-06 19:00:00,8264.90906147659
2021-07-06 20:00:00,8091.576938272403
2021-07-06 21:00:00,7992.981831017404
2021-07-06 22:00:00,7983.55908804426
2021-07-06 23:00:00,8021.537276754605
2021-07-07 00:00:00,8047.7798552195
2021-07-07 01:00:00,8036.775934252293
2021-07-07 02:00:00,8016.69067869418
2021-07-07 03:00:00,8042.345587413163
2021-07-07 04:00:00,8145.6422989417815
2021-07-07 05:00:00,8305.959037371244
2021-07-07 06:00:00,8463.541044965072
2021-07-07 07:00:00,8561.348316306889
2021-07-07 08:00:00,8579.547467316375
2021-07-07 09:00:00,8538.605066960106
2021-07-07 10:00:00,8476.918782368855
2021-07-07 11:00:00,8427.434503235287
2021-07-07 12:00:00,8409.868586207627
2021-07-07 13:00:00,8433.769200419123
2021-07-07 14:00:00,8497.520779991972
2021-07-07 15:00:00,8579.523809992352
2021-07-07 16:00:00,8635.350336474889
2021-07-07 17:00:00,8615.895050504223
2021-07-07 18:00:00,8501.361725760025
2021-07-07 19:00:00,8324.216965812844
2021-07-07 20:00:00,8156.0586286003
2021-07-07 21:00:00,8061.9262291697805
2021-07-07 22:00:00,8056.241239944284
2021-07-07 23:00:00,8097.231339578071
2021-07-08 00:00:00,8125.771190579078
2021-07-08 01:00:00,8116.372134815603
2021-07-08 02:00:00,8097.231375116324
2021-07-08 03:00:00,8123.210903957777
2021-07-08 04:00:00,8226.259849352144
2021-07-08 05:00:00,8385.809377197445
2021-07-08 06:00:00,8542.161522125289
2021-07-08 07:00:00,8638.33528799615
2021-07-08 08:00:00,8654.556877875413
2021-07-08 09:00:00,8611.351408017732
2021-07-08 10:00:00,8547.17248251986
2021-07-08 11:00:00,8495.017819913786
2021-07-08 12:00:00,8474.650096539117
2021-07-08 13:00:00,8495.657010606206
2021-07-08 14:00:00,8556.454593564491
2021-07-08 15:00:00,8635.466014138405
2021-07-08 16:00:00,8688.276282179824
2021-07-08 17:00:00,8665.782716006222
2021-07-08 18:00:00,8548.180963999042
2021-07-08 19:00:00,8367.918544763497
2021-07-08 20:00:00,8196.563278462227
2021-07-08 21:00:00,8099.113912291702
2021-07-08 22:00:00,8089.940858447845
2021-07-08 23:00:00,8127.211090918127
2021-07-09 00:00:00,8151.729774150037
2021-07-09 01:00:00,8137.931001965787
2021-07-09 02:00:00,8113.928201681774
2021-07-09 03:00:00,8134.49444822905
2021-07-09 04:00:00,8231.486339709369
2021-07-09 05:00:00,8384.240552754065
2021-07-09 06:00:00,8532.964426681794
2021-07-09 07:00:00,8620.583893096864
2021-07-09 08:00:00,8627.235584442002
2021-07-09 09:00:00,8573.360449192583
2021-07-09 10:00:00,8497.33522241325
2021-07-09 11:00:00,8432.089914825263
2021-07-09 12:00:00,8397.330457343682
2021-07-09 13:00:00,8402.600477164402
2021-07-09 14:00:00,8446.286205443597
2021-07-09 15:00:00,8506.79673617949
2021-07-09 16:00:00,8539.720019458644
2021-07-09 17:00:00,8495.974430481892
2021-07-09 18:00:00,8355.795685109639
2021-07-09 19:00:00,8151.691048775947
2021-07-09 20:00:00,7955.308196342205
2021-07-09 21:00:00,7831.746014198664
2021-07-09 22:00:00,7795.495254028356
2021-07-09 23:00:00,7804.863079163238
2021-07-10 00:00:00,7800.814074444679
2021-07-10 01:00:00,7757.960099343658
2021-07-10 02:00:00,7704.609544046534
2021-07-10 03:00:00,7695.746241585399
2021-07-10 04:00:00,7763.451699079495
2021-07-10 05:00:00,7887.299781276294
2021-07-10 06:00:00,8007.745213460918
2021-07-10 07:00:00,8067.969241068597
2021-07-10 08:00:00,8048.36930342321
2021-07-10 09:00:00,7969.6500748289955
2021-07-10 10:00:00,7870.4522501998645
2021-07-10 11:00:00,7783.967268040095
2021-07-10 12:00:00,7730.157138970561
2021-07-10 13:00:00,7718.813388467376
2021-07-10 14:00:00,7748.559146583195
2021-07-10 15:00:00,7798.026637672954
2021-07-10 16:00:00,7823.010486462572
2021-07-10 17:00:00,7774.616714275423
2021-07-10 18:00:00,7633.247227993579
2021-07-10 19:00:00,7431.551778760333
2021-07-10 20:00:00,7241.2947765205945
2021-07-10 21:00:00,7127.664278487942
2021-07-10 22:00:00,7105.21108450757
2021-07-10 23:00:00,7132.272002109577
2021-07-11 00:00:00,7149.809870168949
2021-07-11 01:00:00,7132.402736153255
2021-07-11 02:00:00,7108.292758261679
2021-07-11 03:00:00,7132.365093602692
2021-07-11 04:00:00,7236.570439696505
2021-07-11 05:00:00,7400.320363124138
2021-07-11 06:00:00,7563.876778879905
2021-07-11 07:00:00,7670.198910692952
2021-07-11 08:00:00,7699.43457880421
2021-07-11 09:00:00,7672.013153848776
2021-07-11 10:00:00,7626.276535904803
2021-07-11 11:00:00,7595.096330204132
2021-07-11 12:00:00,7598.096363329789
2021-07-11 13:00:00,7644.71452108111
2021-07-11 14:00:00,7733.2079113542695
2021-07-11 15:00:00,7841.833573040065
2021-07-11 16:00:00,7926.005113551511
2021-07-11 17:00:00,7936.445113898639
2021-07-11 18:00:00,7853.173067775415
2021-07-11 19:00:00,7708.4607949307265
2021-07-11 20:00:00,7573.702678388117
2021-07-11 21:00:00,7513.728006726058
2021-07-11 22:00:00,7542.743318987662
2021-07-11 23:00:00,7618.758779997801
2021-07-12 00:00:00,7682.431141927412
2021-07-12 01:00:00,7708.055655836539
2021-07-12 02:00:00,7723.617475429256
2021-07-12 03:00:00,7783.772787748786
2021-07-12 04:00:00,7920.273314631889
2021-07-12 05:00:00,8112.363298297545
2021-07-12 06:00:00,8300.170317782344
2021-07-12 07:00:00,8426.553253206988
2021-07-12 08:00:00,8471.594234656352
2021-07-12 09:00:00,8455.691908605155
2021-07-12 10:00:00,8417.192379284024
2021-07-12 11:00:00,8389.005998467344
2021-07-12 12:00:00,8390.829153508681
2021-07-12 13:00:00,8432.205044703767
2021-07-12 14:00:00,8511.527468757466
2021-07-12 15:00:00,8607.219846438438
2021-07-12 16:00:00,8674.8898971996
2021-07-12 17:00:00,8665.47982330442
2021-07-12 18:00:00,8559.251795782358
2021-07-12 19:00:00,8388.74071127894
2021-07-12 20:00:00,8225.621599939039
2021-07-12 21:00:00,8135.018997982385
2021-07-12 22:00:00,8131.446216378282
2021-07-12 23:00:00,8173.2285679379
2021-07-13 00:00:00,8201.34314408819
2021-07-13 01:00:00,8190.4075402648505
2021-07-13 02:00:00,8168.728107231091
2021-07-13 03:00:00,8191.277997341993
2021-07-13 04:00:00,8290.11868281937
2021-07-13 05:00:00,8444.794090998545
2021-07-13 06:00:00,8595.71873317361
2021-07-13 07:00:00,8686.023171459929
2021-07-13 08:00:00,8696.043685669323
2021-07-13 09:00:00,8646.413495379345
2021-07-13 10:00:00,8575.691913653223
2021-07-13 11:00:00,8516.97962201307
2021-07-13 12:00:00,8490.1392289408
2021-07-13 13:00:00,8504.855111978755
2021-07-13 14:00:00,8559.636565658157
2021-07-13 15:00:00,8632.996494924253
2021-07-13 16:00:00,8680.60605513124
2021-07-13 17:00:00,8653.445095467843
2021-07-13 18:00:00,8531.788189253133
2021-07-13 19:00:00,8348.158207964008
2021-07-13 20:00:00,8174.194803478045
2021-07-13 21:00:00,8074.965094083526
2021-07-13 22:00:00,8064.904464400472
2021-07-13 23:00:00,8102.241518288407
2021-07-14 00:00:00,8127.839750436419
2021-07-14 01:00:00,8116.188308443011
2021-07-14 02:00:00,8095.452394088534
2021-07-14 03:00:00,8120.453543343128
2021-07-14 04:00:00,8223.093431993088
2021-07-14 05:00:00,8382.750321533482
2021-07-14 06:00:00,8539.669491801971
2021-07-14 07:00:00,8636.810975076249
2021-07-14 08:00:00,8654.341425156159
2021-07-14 09:00:00,8612.727449001146
2021-07-14 10:00:00,8550.366751900312
2021-07-14 11:00:00,8500.205261842271
2021-07-14 12:00:00,8481.959373911403
2021-07-14 13:00:00,8505.177295816527
2021-07-14 14:00:00,8568.243500392438
2021-07-14 15:00:00,8649.558511553587
2021-07-14 16:00:00,8704.694414337382
2021-07-14 17:00:00,8684.545938932297
2021-07-14 18:00:00,8569.316898235535
2021-07-14 19:00:00,8391.473935221102
2021-07-14 20:00:00,8222.614947301994
2021-07-14 21:00:00,8127.7794891588555
2021-07-14 22:00:00,8121.389072954025
2021-07-14 23:00:00,8161.671417204641
2021-07-15 00:00:00,8189.501224399718
2021-07-15 01:00:00,8179.389876506755
2021-07-15 02:00:00,8159.534616566607
2021-07-15 03:00:00,8184.797477380074
2021-07-15 04:00:00,8287.127627385169
2021-07-15 05:00:00,8445.956273041742
2021-07-15 06:00:00,8601.585489615329
2021-07-15 07:00:00,8697.034321713321
2021-07-15 08:00:00,8712.529013269776
2021-07-15 09:00:00,8668.594721484676
2021-07-15 10:00:00,8603.68509151178
2021-07-15 11:00:00,8550.797883032956
2021-07-15 12:00:00,8529.695813629698
2021-07-15 13:00:00,8549.96662284541
2021-07-15 14:00:00,8610.026383555789
2021-07-15 15:00:00,8688.29830599769
2021-07-15 16:00:00,8740.36744162153
2021-07-15 17:00:00,8717.131150432248
2021-07-15 18:00:00,8598.78512256358
2021-07-15 19:00:00,8417.776918482283
2021-07-15 20:00:00,8245.67440025534
2021-07-15 21:00:00,8147.476357088295
2021-07-15 22:00:00,8137.55324324238
2021-07-15 23:00:00,8174.072074846714
2021-07-16 00:00:00,8197.83805855984
2021-07-16 01:00:00,8183.2853304839955
2021-07-16 02:00:00,8158.527360278986
2021-07-16 03:00:00,8178.3372652825565
2021-07-16 04:00:00,8274.571686063553
2021-07-16 05:00:00,8426.567341769389
2021-07-16 06:00:00,8574.531614329666
2021-07-16 07:00:00,8661.390477950676
2021-07-16 08:00:00,8667.280607787876
2021-07-16 09:00:00,8612.642995052418
2021-07-16 10:00:00,8535.85441758379
2021-07-16 11:00:00,8469.84492895475
2021-07-16 12:00:00,8434.320502952303
2021-07-16 13:00:00,8438.824809689962
2021-07-16 14:00:00,8481.744123281915
2021-07-16 15:00:00,8541.487580736992
2021-07-16 16:00:00,8573.643175156461
2021-07-16 17:00:00,8529.129324818405
2021-07-16 18:00:00,8388.181788673715
2021-07-16 19:00:00,8183.307875285846
2021-07-16 20:00:00,7986.155302666082
2021-07-16 21:00:00,7861.823000382248
2021-07-16 22:00:00,7824.801763326342
2021-07-16 23:00:00,7833.398798037653
2021-07-17 00:00:00,7828.578732600075
2021-07-17 01:00:00,7784.953469740055
2021-07-17 02:00:00,7730.831442918824
2021-07-17 03:00:00,7721.196528431024
2021-07-17 04:00:00,7788.130276703402
2021-07-17 05:00:00,7911.206595772592
2021-07-17 06:00:00,8030.880254226245
2021-07-17 07:00:00,8090.332540804629
2021-07-17 08:00:00,8069.960938138229
2021-07-17 09:00:00,7990.4701638415445
2021-07-17 10:00:00,7890.500956117662
2021-07-17 11:00:00,7803.244796779909
2021-07-17 12:00:00,7748.663739733841
2021-07-17 13:00:00,7736.549353732875
2021-07-17 14:00:00,7765.524812087862
2021-07-17 15:00:00,7814.222382431604
2021-07-17 16:00:00,7838.436732698186
2021-07-17 17:00:00,7789.273927436483
2021-07-17 18:00:00,7647.13591674343
2021-07-17 19:00:00,7444.6724948966585
2021-07-17 20:00:00,7253.648115026988
2021-07-17 21:00:00,7139.250877453354
2021-07-17 22:00:00,7116.031625122693
2021-07-17 23:00:00,7142.327208615312
2021-07-18 00:00:00,7159.100509836964
2021-07-18 01:00:00,7140.92961925016
2021-07-18 02:00:00,7116.056738006007
2021-07-18 03:00:00,7139.367066117012
2021-07-18 04:00:00,7242.81134398951
2021-07-18 05:00:00,7405.801181024236
2021-07-18 06:00:00,7568.598534994593
2021-07-18 07:00:00,7674.162672361007
2021-07-18 08:00:00,7702.641456045487
2021-07-18 09:00:00,7674.464299315266
2021-07-18 10:00:00,7627.973144810198
2021-07-18 11:00:00,7596.039640288872
2021-07-18 12:00:00,7598.287654785683
2021-07-18 13:00:00,7644.155116493972
2021-07-18 14:00:00,7731.899175633609
2021-07-18 15:00:00,7839.776913378533
2021-07-18 16:00:00,7923.2019793184545
2021-07-18 17:00:00,7932.896996600951
2021-07-18 18:00:00,7848.881500971895
2021-07-18 19:00:00,7703.427354162204
2021-07-18 20:00:00,7567.928981099437
2021-07-18 21:00:00,7507.2157121824475
2021-07-18 22:00:00,7535.4941282116115
2021-07-18 23:00:00,7610.7744356573585
2021-07-19 00:00:00,7673.71342827924
2021-07-19 01:00:00,7698.6063986256395
2021-07-19 02:00:00,7713.438541805837
2021-07-19 03:00:00,7772.866086168084
2021-07-19 04:00:00,7908.6407947691405
2021-07-19 05:00:00,8100.006950949599
2021-07-19 06:00:00,8287.092174758456
2021-07-19 07:00:00,8412.755387277282
2021-07-19 08:00:00,8457.07875938028
2021-07-19 09:00:00,8440.46097827526
2021-07-19 10:00:00,8401.248188811107
2021-07-19 11:00:00,8372.350783264872
2021-07-19 12:00:00,8373.465189387316
2021-07-19 13:00:00,8414.134647764024
2021-07-19 14:00:00,8492.752995281367
2021-07-19 15:00:00,8587.743692748194
2021-07-19 16:00:00,8654.71449956346
2021-07-19 17:00:00,8644.607657810475
2021-07-19 18:00:00,8537.685378223436
2021-07-19 19:00:00,8366.482597003926
2021-07-19 20:00:00,8202.674383762718
2021-07-19 21:00:00,8111.385314034164
2021-07-19 22:00:00,8107.128737976813
2021-07-19 23:00:00,8148.230007456966
2021-07-20 00:00:00,8175.6662528376455
2021-07-20 01:00:00,8164.055108338582
2021-07-20 02:00:00,8141.702963365969
2021-07-20 03:00:00,8163.58300880066
2021-07-20 04:00:00,8261.756755230554
2021-07-20 05:00:00,8415.76816821779
2021-07-20 06:00:00,8566.031797131307
2021-07-20 07:00:00,8655.678242037302
2021-07-20 08:00:00,8665.0438205175
2021-07-20 09:00:00,8614.76178978912
2021-07-20 10:00:00,8543.391500396898
2021-07-20 11:00:00,8484.033671196852
2021-07-20 12:00:00,8456.55094781609
2021-07-20 13:00:00,8470.627744826586
2021-07-20 14:00:00,8524.773393612206
2021-07-20 15:00:00,8597.500835788254
2021-07-20 16:00:00,8644.48126324991
2021-07-20 17:00:00,8616.69456152878
2021-07-20 18:00:00,8494.415340143145
2021-07-20 19:00:00,8310.166506580683
2021-07-20 20:00:00,8135.587748557532
2021-07-20 21:00:00,8035.746220052588
2021-07-20 22:00:00,8025.077341175202
2021-07-20 23:00:00,8061.809751099281
2021-07-21 00:00:00,8086.806979671073
2021-07-21 01:00:00,8074.558209439563
2021-07-21 02:00:00,8053.228676958727
2021-07-21 03:00:00,8077.639952802135
2021-07-21 04:00:00,8179.693747160258
2021-07-21 05:00:00,8338.768355747543
2021-07-21 06:00:00,8495.109092424973
2021-07-21 07:00:00,8591.676023327587
2021-07-21 08:00:00,8608.635835883078
2021-07-21 09:00:00,8566.455170508863
2021-07-21 10:00:00,8503.531765749469
2021-07-21 11:00:00,8452.811582653958
2021-07-21 12:00:00,8434.011049151912
2021-07-21 13:00:00,8456.678405614128
2021-07-21 14:00:00,8519.198157335202
2021-07-21 15:00:00,8599.970860464104
2021-07-21 16:00:00,8654.568632083001
2021-07-21 17:00:00,8633.886234213523
2021-07-21 18:00:00,8518.127511382658
2021-07-21 19:00:00,8339.759137958577
2021-07-21 20:00:00,8170.379042578416
2021-07-21 21:00:00,8075.0268108762175
2021-07-21 22:00:00,8068.123985804579
2021-07-21 23:00:00,8107.898316422721
2021-07-22 00:00:00,8135.224535550968
2021-07-22 01:00:00,8124.614055271102
2021-07-22 02:00:00,8104.26414849959
2021-07-22 03:00:00,8129.03687771873
2021-07-22 04:00:00,8230.881440786045
2021-07-22 05:00:00,8389.229073384951
2021-07-22 06:00:00,8544.381879760309
2021-07-22 07:00:00,8639.358933267462
2021-07-22 08:00:00,8654.38650637388
2021-07-22 09:00:00,8609.989784556368
2021-07-22 10:00:00,8544.622441034659
2021-07-22 11:00:00,8491.282263290543
2021-07-22 12:00:00,8469.731996504934
2021-07-22 13:00:00,8489.559407557324
2021-07-22 14:00:00,8549.180596425294
2021-07-22 15:00:00,8627.018800203226
2021-07-22 16:00:00,8678.659096970712
2021-07-22 17:00:00,8654.998873097284
2021-07-22 18:00:00,8536.233844849376
2021-07-22 19:00:00,8354.811598576307
2021-07-22 20:00:00,8182.300021979139
2021-07-22 21:00:00,8083.697929646044
2021-07-22 22:00:00,8073.375800965868
2021-07-22 23:00:00,8109.500676965884
2021-07-23 00:00:00,8132.877788915051
2021-07-23 01:00:00,8117.941297295653
2021-07-23 02:00:00,8092.804695886357
2021-07-23 03:00:00,8112.241125887474
2021-07-23 04:00:00,8208.107251458445
2021-07-23 05:00:00,8359.739815097855
2021-07-23 06:00:00,8507.346221815
2021-07-23 07:00:00,8593.852468633673
2021-07-23 08:00:00,8599.395253265038
2021-07-23 09:00:00,8544.415589214519
2021-07-23 10:00:00,8467.290276351323
2021-07-23 11:00:00,8400.949389992973
2021-07-23 12:00:00,8365.09892543497
2021-07-23 13:00:00,8369.282574002586
2021-07-23 14:00:00,8411.88663076875
2021-07-23 15:00:00,8471.320253412669
2021-07-23 16:00:00,8503.17145546014
2021-07-23 17:00:00,8458.35867531229
2021-07-23 18:00:00,8317.117691789166
2021-07-23 19:00:00,8111.955833039405
2021-07-23 20:00:00,7914.52083638379
2021-07-23 21:00:00,7789.9116504225185
2021-07-23 22:00:00,7752.61908879459
2021-07-23 23:00:00,7760.950376531219
2021-07-24 00:00:00,7755.870159893684
2021-07-24 01:00:00,7711.990359527952
2021-07-24 02:00:00,7657.619426527087
2021-07-24 03:00:00,7647.741254538354
2021-07-24 04:00:00,7714.437411038522
2021-07-24 05:00:00,7837.281820855682
2021-07-24 06:00:00,7956.729269065209
2021-07-24 07:00:00,8015.9610606138085
2021-07-24 08:00:00,7995.374694051304
2021-07-24 09:00:00,7915.674902622442
2021-07-24 10:00:00,7815.502439879273
2021-07-24 11:00:00,7728.048802670503
2021-07-24 12:00:00,7673.27605967442
2021-07-24 13:00:00,7660.975794109512
2021-07-24 14:00:00,7689.771193460335
2021-07-24 15:00:00,7738.294539243249
2021-07-24 16:00:00,7762.340512990686
2021-07-24 17:00:00,7713.015192543316
2021-07-24 18:00:00,7570.720540980183
2021-07-24 19:00:00,7368.106365305472
2021-07-24 20:00:00,7176.937131049224
2021-07-24 21:00:00,7062.400950642381
2021-07-24 22:00:00,7039.04867882817
2021-07-24 23:00:00,7065.217177725586
2021-07-25 00:00:00,7081.8693404341575
2021-07-25 01:00:00,7063.583268336975
2021-07-25 02:00:00,7038.601173200469
2021-07-25 03:00:00,7061.808265349487
2021-07-25 04:00:00,7165.155295201181
2021-07-25 05:00:00,7328.0538818609475
2021-07-25 06:00:00,7490.765992519511
2021-07-25 07:00:00,7596.250902724538
2021-07-25 08:00:00,7624.656484215164
2021-07-25 09:00:00,7596.412158741716
2021-07-25 10:00:00,7549.859877140403
2021-07-25 11:00:00,7517.871295055688
2021-07-25 12:00:00,7520.070289102392
2021-07-25 13:00:00,7565.894794748521
2021-07-25 14:00:00,7653.601969180932
2021-07-25 15:00:00,7761.4489002352975
2021-07-25 16:00:00,7844.849243856064
2021-07-25 17:00:00,7854.52562924171
2021-07-25 18:00:00,7770.497597869108
2021-07-25 19:00:00,7625.037016914432
2021-07-25 20:00:00,7489.538316410968
2021-07-25 21:00:00,7428.830831587651
2021-07-25 22:00:00,7457.121147743008
2021-07-25 23:00:00,7532.4194755465505
2021-07-26 00:00:00,7595.382612637132
2021-07-26 01:00:00,7620.305855145999
2021-07-26 02:00:00,7635.174401446869
2021-07-26 03:00:00,7694.644482849992
2021-07-26 04:00:00,7830.467865053535
2021-07-26 05:00:00,8021.888833730629
2021-07-26 06:00:00,8209.035010967043
2021-07-26 07:00:00,8334.765319541773
2021-07-26 08:00:00,8379.161931747127
2021-07-26 09:00:00,8362.623535876528
2021-07-26 10:00:00,8323.496277564986
2021-07-26 11:00:00,8294.690549553892
2021-07-26 12:00:00,8295.902779755566
2021-07-26 13:00:00,8336.676208601722
2021-07-26 14:00:00,8415.404672512754
2021-07-26 15:00:00,8510.5116315237
2021-07-26 16:00:00,8577.604843945763
2021-07-26 17:00:00,8567.626550469053
2021-07-26 18:00:00,8460.838960105517
2021-07-26 19:00:00,8289.777007053852
2021-07-26 20:00:00,8126.1157585740975
2021-07-26 21:00:00,8034.979787570522
2021-07-26 22:00:00,8030.882441241423
2021-07-26 23:00:00,8072.1490681876785
2021-07-27 00:00:00,8099.75679519551
2021-07-27 01:00:00,8088.323252597622
2021-07-27 02:00:00,8066.154825604501
2021-07-27 03:00:00,8088.224700588731
2021-07-27 04:00:00,8186.594383319782
2021-07-27 05:00:00,8340.807834226143
2021-07-27 06:00:00,8491.27959725045
2021-07-27 07:00:00,8581.140266695613
2021-07-27 08:00:00,8590.72615410193
2021-07-27 09:00:00,8540.670510309905
2021-07-27 10:00:00,8469.532679193995
2021-07-27 11:00:00,8410.413372627561
2021-07-27 12:00:00,8383.175228945862
2021-07-27 13:00:00,8397.502655120861
2021-07-27 14:00:00,8451.904974623832
2021-07-27 15:00:00,8524.895120873345
2021-07-27 16:00:00,8572.144277226816
2021-07-27 17:00:00,8544.632320396311
2021-07-27 18:00:00,8422.63385077661
2021-07-27 19:00:00,8238.671766391199
2021-07-27 20:00:00,8064.385745233461
2021-07-27 21:00:00,7964.842931228917
2021-07-27 22:00:00,7954.478734140326
2021-07-27 23:00:00,7991.521782482006
2021-07-28 00:00:00,8016.835595136106
2021-07-28 01:00:00,8004.909343393687
2021-07-28 02:00:00,7983.908252250382
2021-07-28 03:00:00,8008.6538804005395
2021-07-28 04:00:00,8111.047925880706
2021-07-28 05:00:00,8270.468671934988
2021-07-28 06:00:00,8427.161419655175
2021-07-28 07:00:00,8524.08622211045
2021-07-28 08:00:00,8541.409753363792
2021-07-28 09:00:00,8499.598640174154
2021-07-28 10:00:00,8437.050607115663
2021-07-28 11:00:00,8386.711600991572
2021-07-28 12:00:00,8368.298035174024
2021-07-28 13:00:00,8391.358135185053
2021-07-28 14:00:00,8454.276391169771
2021-07-28 15:00:00,8535.453343857547
2021-07-28 16:00:00,8590.461094583046
2021-07-28 17:00:00,8570.194389352559
2021-07-28 18:00:00,8454.857056378718
2021-07-28 19:00:00,8276.915753425827
2021-07-28 20:00:00,8107.968392235603
2021-07-28 21:00:00,8013.054541253512
2021-07-28 22:00:00,8006.595725969708
2021-07-28 23:00:00,8046.81967766812
2021-07-29 00:00:00,8074.601111136626
2021-07-29 01:00:00,8064.451420114907
2021-07-29 02:00:00,8044.567858910851
2021-07-29 03:00:00,8069.812471082216
2021-07-29 04:00:00,8172.134435339754
2021-07-29 05:00:00,8330.964967869591
2021-07-29 06:00:00,8486.606153176926
2021-07-29 07:00:00,8582.077044587806
2021-07-29 08:00:00,8597.603894262225
2021-07-29 09:00:00,8553.711867095013
2021-07-29 10:00:00,8488.854615430042
2021-07-29 11:00:00,8436.0299056226
2021-07-29 12:00:00,8415.000461433625
2021-07-29 13:00:00,8435.35402805241
2021-07-29 14:00:00,8495.506683487873
2021-07-29 15:00:00,8573.881642615008
2021-07-29 16:00:00,8626.063960992444
2021-07-29 17:00:00,8602.951002218668
2021-07-29 18:00:00,8484.738459517448
2021-07-29 19:00:00,8303.873895925632
2021-07-29 20:00:00,8131.9251755653195
2021-07-29 21:00:00,8033.891089175825
2021-07-29 22:00:00,8024.142092048585
2021-07-29 23:00:00,8060.845200826932
2021-07-30 00:00:00,8084.805622150785
2021-07-30 01:00:00,8070.457491609063
2021-07-30 02:00:00,8045.914277832185
2021-07-30 03:00:00,8065.9490965947
2021-07-30 04:00:00,8162.418586401988
2021-07-30 05:00:00,8314.659463823438
2021-07-30 06:00:00,8462.87910768746
2021-07-30 07:00:00,8550.003488586477
2021-07-30 08:00:00,8556.1692775507
2021-07-30 09:00:00,8501.817461148588
2021-07-30 10:00:00,8425.324812063456
2021-07-30 11:00:00,8359.621378195096
2021-07-30 12:00:00,8324.413127140953
2021-07-30 13:00:00,8329.243722319648
2021-07-30 14:00:00,8372.499430631078
2021-07-30 15:00:00,8432.589381345773
2021-07-30 16:00:00,8465.101559338797
2021-07-30 17:00:00,8420.954374124356
2021-07-30 18:00:00,8280.383575399122
2021-07-30 19:00:00,8075.896461943701
2021-07-30 20:00:00,7879.14074146165
2021-07-30 21:00:00,7755.215332747219
2021-07-30 22:00:00,7718.611019361969
2021-07-30 23:00:00,7727.634996035832
2021-07-31 00:00:00,7723.251878517371
2021-07-31 01:00:00,7680.073556691108
2021-07-31 02:00:00,7626.408450663285
2021-07-31 03:00:00,7617.2404228886235
2021-07-31 04:00:00,7684.651009411963
2021-07-31 05:00:00,7808.2141034108745
2021-07-31 06:00:00,7928.38445808507
2021-07-31 07:00:00,7988.343346308953
2021-07-31 08:00:00,7968.4882343144145
2021-07-31 09:00:00,7889.5238228264025
2021-07-31 10:00:00,7790.090832666116
2021-07-31 11:00:00,7703.380727738095
2021-07-31 12:00:00,7649.355543555681
2021-07-31 13:00:00,7637.806829978974
2021-07-31 14:00:00,7667.357740924314
2021-07-31 15:00:00,7716.64052411983
2021-07-31 16:00:00,7741.449827119335
2021-07-31 17:00:00,7692.891693579917
2021-07-31 18:00:00,7551.3680522038285
2021-07-31 19:00:00,7349.528675392104
2021-07-31 20:00:00,7159.137993924356
2021-07-31 21:00:00,7045.384085219426
2021-07-31 22:00:00,7022.817768879244
2021-07-31 23:00:00,7049.7758716481185
2021-08-01 00:00:00,7067.221251086325
2021-08-01 01:00:00,7049.73197283172
2021-08-01 02:00:00,7025.550212716301
2021-08-01 03:00:00,7049.561144967758
2021-08-01 04:00:00,7153.715483697555
2021-08-01 05:00:00,7317.4248115585
2021-08-01 06:00:00,7480.951059058224
2021-08-01 07:00:00,7587.25346493821
2021-08-01 08:00:00,7616.479863913233
2021-08-01 09:00:00,7589.059640559893
2021-08-01 10:00:00,7543.334708361892
2021-08-01 11:00:00,7512.17668544496
2021-08-01 12:00:00,7515.209410721882
2021-08-01 13:00:00,7561.8707818091825
2021-08-01 14:00:00,7650.417917880815
2021-08-01 15:00:00,7759.107868574752
2021-08-01 16:00:00,7843.354251494951
2021-08-01 17:00:00,7853.879657334485
2021-08-01 18:00:00,7770.703588919859
2021-08-01 19:00:00,7626.097874594879
2021-08-01 20:00:00,7491.45690544201
2021-08-01 21:00:00,7431.609977560016
2021-08-01 22:00:00,7460.763636980417
2021-08-01 23:00:00,7536.928054951637
2021-08-02 00:00:00,7600.759989567071
2021-08-02 01:00:00,7626.554697243724
2021-08-02 02:00:00,7642.297336504999
2021-08-02 03:00:00,7702.644098687789
2021-08-02 04:00:00,7839.346709364968
2021-08-02 05:00:00,8031.649413938513
2021-08-02 06:00:00,8219.679794137925
2021-08-02 07:00:00,8346.296732198738
2021-08-02 08:00:00,8391.58235975845
2021-08-02 09:00:00,8375.935324345275
2021-08-02 10:00:00,8337.70173067796
2021-08-02 11:00:00,8309.791930486692
2021-08-02 12:00:00,8311.90231053251
2021-08-02 13:00:00,8353.576069977365
2021-08-02 14:00:00,8433.207003869804
2021-08-02 15:00:00,8529.218530733235
2021-08-02 16:00:00,8597.218367283112
2021-08-02 17:00:00,8588.148712479746
2021-08-02 18:00:00,8482.271733509966
2021-08-02 19:00:00,8312.122322637668
2021-08-02 20:00:00,8149.375505083625
2021-08-02 21:00:00,8059.155811607423
2021-08-02 22:00:00,8055.976547161369
2021-08-02 23:00:00,8098.163018019804
2021-08-03 00:00:00,8126.692308518926
2021-08-03 01:00:00,8116.18200646677
2021-08-03 02:00:00,8094.938454452474
2021-08-03 03:00:00,8117.934796144067
2021-08-03 04:00:00,8217.232494496999
2021-08-03 05:00:00,8372.375467070222
2021-08-03 06:00:00,8523.77821483266
2021-08-03 07:00:00,8614.571289040186
2021-08-03 08:00:00,8625.090958106839
2021-08-03 09:00:00,8575.970429670571
2021-08-03 10:00:00,8505.769004335036
2021-08-03 11:00:00,8447.587350605823
2021-08-03 12:00:00,8421.28806341597
2021-08-03 13:00:00,8436.555506242648
2021-08-03 14:00:00,8491.898959003558
2021-08-03 15:00:00,8565.831311493106
2021-08-03 16:00:00,8614.023703405182
2021-08-03 17:00:00,8587.455967700796
2021-08-03 18:00:00,8466.402660985017
2021-08-03 19:00:00,8283.386637432179
2021-08-03 20:00:00,8110.047531132108
2021-08-03 21:00:00,8011.452442064391
2021-08-03 22:00:00,8002.036735965397
2021-08-03 23:00:00,8040.028997337955
2021-08-04 00:00:00,8066.292700949423
2021-08-04 01:00:00,8055.316973968197
2021-08-04 02:00:00,8035.266997211679
2021-08-04 03:00:00,8060.964285175291
2021-08-04 04:00:00,8164.310491640439
2021-08-04 05:00:00,8324.683855582725
2021-08-04 06:00:00,8482.329633783693
2021-08-04 07:00:00,8580.207834976734
2021-08-04 08:00:00,8598.48508886358
2021-08-04 09:00:00,8557.627977820699
2021-08-04 10:00:00,8496.03418201963
2021-08-04 11:00:00,8446.649603822256
2021-08-04 12:00:00,8429.19061217376
2021-08-04 13:00:00,8453.205388132374
2021-08-04 14:00:00,8517.078377371512
2021-08-04 15:00:00,8599.210076135294
2021-08-04 16:00:00,8655.172541281914
2021-08-04 17:00:00,8635.860474310302
2021-08-04 18:00:00,8521.477658939653
2021-08-04 19:00:00,8344.49070843415
2021-08-04 20:00:00,8176.497490036209
2021-08-04 21:00:00,8082.5375276932655
2021-08-04 22:00:00,8077.03230239884
2021-08-04 23:00:00,8118.209500968484
2021-08-05 00:00:00,8146.943793700073
2021-08-05 01:00:00,8137.746529877532
2021-08-05 02:00:00,8118.814919364243
2021-08-05 03:00:00,8145.010961283448
2021-08-05 04:00:00,8248.283789926469
2021-08-05 05:00:00,8408.064577094645
2021-08-05 06:00:00,8564.655362921076
2021-08-05 07:00:00,8661.07515640253
2021-08-05 08:00:00,8677.550165362163
2021-08-05 09:00:00,8634.605510418367
2021-08-05 10:00:00,8570.694799666007
2021-08-05 11:00:00,8518.815755226617
2021-08-05 12:00:00,8498.731056692654
2021-08-05 13:00:00,8520.028405101611
2021-08-05 14:00:00,8581.123834359922
2021-08-05 15:00:00,8660.440515281443
2021-08-05 16:00:00,8713.563459410052
2021-08-05 17:00:00,8691.389986381642
2021-08-05 18:00:00,8574.11574549037
2021-08-05 19:00:00,8394.188255925117
2021-08-05 20:00:00,8223.175337979264
2021-08-05 21:00:00,8126.075738649876
2021-08-05 22:00:00,8117.259869526649
2021-08-05 23:00:00,8154.894703617177
2021-08-06 00:00:00,8179.785403989226
2021-08-06 01:00:00,8166.366062726243
2021-08-06 02:00:00,8142.750105018778
2021-08-06 03:00:00,8163.710603272003
2021-08-06 04:00:00,8261.104152692831
2021-08-06 05:00:00,8414.267426620518
2021-08-06 06:00:00,8563.407760749282
2021-08-06 07:00:00,8651.45108258223
2021-08-06 08:00:00,8658.534020179975
2021-08-06 09:00:00,8605.09751719143
2021-08-06 10:00:00,8529.518303482917
2021-08-06 11:00:00,8464.726384218953
2021-08-06 12:00:00,8430.42768435362
2021-08-06 13:00:00,8436.165824748914
2021-08-06 14:00:00,8480.327029843322
2021-08-06 15:00:00,8541.320386536001
2021-08-06 16:00:00,8574.73383745158
2021-08-06 17:00:00,8531.485749924117
2021-08-06 18:00:00,8391.811831580515
2021-08-06 19:00:00,8188.219339257097
2021-08-06 20:00:00,7992.35593877863
2021-08-06 21:00:00,7869.320507211574
2021-08-06 22:00:00,7833.603786473116
2021-08-06 23:00:00,7843.512929769164
2021-08-07 00:00:00,7840.012511438538
2021-08-07 01:00:00,7797.714380074565
2021-08-07 02:00:00,7744.926914609344
2021-08-07 03:00:00,7736.633936445507
2021-08-07 04:00:00,7804.916940696787
2021-08-07 05:00:00,7929.349779734313
2021-08-07 06:00:00,8050.387166084398
2021-08-07 07:00:00,8111.210332060316
2021-08-07 08:00:00,8092.216703488819
2021-08-07 09:00:00,8014.110940805341
2021-08-07 10:00:00,7915.533724683344
2021-08-07 11:00:00,7829.676479015731
2021-08-07 12:00:00,7776.501199442918
2021-08-07 13:00:00,7765.7993960909935
2021-08-07 14:00:00,7796.194183289592
2021-08-07 15:00:00,7846.317769323109
2021-08-07 16:00:00,7871.964762449731
2021-08-07 17:00:00,7824.24116718539
2021-08-07 18:00:00,7683.548873224341
2021-08-07 19:00:00,7482.537614145473
2021-08-07 20:00:00,7292.971782021503
2021-08-07 21:00:00,7180.039415756051
2021-08-07 22:00:00,7158.291296575195
2021-08-07 23:00:00,7186.06421301294
2021-08-08 00:00:00,7204.320984583702
2021-08-08 01:00:00,7187.639639044188
2021-08-08 02:00:00,7164.262314518535
2021-08-08 03:00:00,7189.074147667983
2021-08-08 04:00:00,7294.025815253155
2021-08-08 05:00:00,7458.528862710622
2021-08-08 06:00:00,7622.845183520178
2021-08-08 07:00:00,7729.9339795654305
2021-08-08 08:00:00,7759.94304890312
2021-08-08 09:00:00,7733.3017396038185
2021-08-08 10:00:00,7688.351928833468
2021-08-08 11:00:00,7657.965198600068
2021-08-08 12:00:00,7661.765351868226
2021-08-08 13:00:00,7709.190250497877
2021-08-08 14:00:00,7798.496978086416
2021-08-08 15:00:00,7907.942548917705
2021-08-08 16:00:00,7992.940545390871
2021-08-08 17:00:00,8004.213523220101
2021-08-08 18:00:00,7921.780950433821
2021-08-08 19:00:00,7777.914620783203
2021-08-08 20:00:00,7644.008890955329
2021-08-08 21:00:00,7584.893022849379
2021-08-08 22:00:00,7614.7735285183635
2021-08-08 23:00:00,7691.66054541118
2021-08-09 00:00:00,7756.2107980456585
2021-08-09 01:00:00,7782.719509468681
2021-08-09 02:00:00,7799.171805048298
2021-08-09 03:00:00,7860.223843156219
2021-08-09 04:00:00,7997.627316644376
2021-08-09 05:00:00,8190.626438387381
2021-08-09 06:00:00,8379.348757809403
2021-08-09 07:00:00,8506.653125059103
2021-08-09 08:00:00,8552.621639908804
2021-08-09 09:00:00,8537.652918242726
2021-08-09 10:00:00,8500.09303334997
2021-08-09 11:00:00,8472.852305773884
2021-08-09 12:00:00,8475.627091298004
2021-08-09 13:00:00,8517.960558344457
2021-08-09 14:00:00,8598.246471442275
2021-08-09 15:00:00,8694.908218842202
2021-08-09 16:00:00,8763.553487193652
2021-08-09 17:00:00,8755.124445652733
2021-08-09 18:00:00,8649.883231818929
2021-08-09 19:00:00,8480.364708614768
2021-08-09 20:00:00,8318.243872154684
2021-08-09 21:00:00,8228.64522432823
2021-08-09 22:00:00,8226.082041472522
2021-08-09 23:00:00,8268.879601468774
2021-08-10 00:00:00,8298.014960520799
2021-08-10 01:00:00,8288.105678544642
2021-08-10 02:00:00,8267.458070492234
2021-08-10 03:00:00,8291.045252615651
2021-08-10 04:00:00,8390.92866074359
2021-08-10 05:00:00,8546.652185530445
2021-08-10 06:00:00,8698.63030130458
2021-08-10 07:00:00,8789.993532932112
2021-08-10 08:00:00,8801.078122694038
2021-08-10 09:00:00,8752.517252356294
2021-08-10 10:00:00,8682.870196892058
2021-08-10 11:00:00,8625.237599459717
2021-08-10 12:00:00,8599.482029889168
2021-08-10 13:00:00,8615.28782681916
2021-08-10 14:00:00,8671.164245586659
2021-08-10 15:00:00,8745.624151693175
2021-08-10 16:00:00,8794.338660770245
2021-08-10 17:00:00,8768.28758201319
2021-08-10 18:00:00,8647.74544850278
2021-08-10 19:00:00,8465.235091187198
2021-08-10 20:00:00,8292.396121181227
2021-08-10 21:00:00,8194.295615760284
2021-08-10 22:00:00,8185.368918245025
2021-08-10 23:00:00,8223.844590967221
2021-08-11 00:00:00,8250.586086836356
2021-08-11 01:00:00,8240.082511404657
2021-08-11 02:00:00,8220.499024169758
2021-08-11 03:00:00,8246.657118580635
2021-08-11 04:00:00,8350.458427641985
2021-08-11 05:00:00,8511.28116986503
2021-08-11 06:00:00,8669.370581794848
2021-08-11 07:00:00,8767.68665226659
2021-08-11 08:00:00,8786.395991323488
2021-08-11 09:00:00,8745.965161991504
2021-08-11 10:00:00,8684.791825372015
2021-08-11 11:00:00,8635.821865046077
2021-08-11 12:00:00,8618.771631448948
2021-08-11 13:00:00,8643.189287436015
2021-08-11 14:00:00,8707.45926076784
2021-08-11 15:00:00,8789.982030045121
2021-08-11 16:00:00,8846.32963479009
2021-08-11 17:00:00,8827.396759454263
2021-08-11 18:00:00,8713.387171007738
2021-08-11 19:00:00,8536.767466235073
2021-08-11 20:00:00,8369.135496228331
2021-08-11 21:00:00,8275.53076905518
2021-08-11 22:00:00,8270.374750131126
2021-08-11 23:00:00,8311.895110986892
2021-08-12 00:00:00,8340.96650694919
2021-08-12 01:00:00,8332.100272610469
2021-08-12 02:00:00,8313.493603439216
2021-08-12 03:00:00,8340.008484486596
2021-08-12 04:00:00,8443.594036252658
2021-08-12 05:00:00,8603.681417052961
2021-08-12 06:00:00,8760.572653830579
2021-08-12 07:00:00,8857.286742718528
2021-08-12 08:00:00,8874.049878947046
2021-08-12 09:00:00,8831.38717086898
2021-08-12 10:00:00,8767.752214597675
2021-08-12 11:00:00,8716.142720607186
2021-08-12 12:00:00,8696.321357112247
2021-08-12 13:00:00,8717.875814103236
2021-08-12 14:00:00,8779.222114755472
2021-08-12 15:00:00,8858.78341942169
2021-08-12 16:00:00,8912.144729521166
2021-08-12 17:00:00,8890.203354865833
2021-08-12 18:00:00,8773.154935242816
2021-08-12 19:00:00,8593.446980617175
2021-08-12 20:00:00,8422.647302403278
2021-08-12 21:00:00,8325.754639005485
2021-08-12 22:00:00,8317.13939373703
2021-08-12 23:00:00,8354.968531635659
2021-08-13 00:00:00,8380.04720812908
2021-08-13 01:00:00,8366.80950795057
2021-08-13 02:00:00,8343.368849254999
2021-08-13 03:00:00,8364.498297741331
2021-08-13 04:00:00,8462.054442208148
2021-08-13 05:00:00,8615.373949902816
2021-08-13 06:00:00,8764.664150733423
2021-08-13 07:00:00,8852.850966758768
2021-08-13 08:00:00,8860.071020869742
2021-08-13 09:00:00,8806.765251886103
2021-08-13 10:00:00,8731.31038515319
2021-08-13 11:00:00,8666.63642163229
2021-08-13 12:00:00,8632.449282374026
2021-08-13 13:00:00,8638.292584669238
2021-08-13 14:00:00,8682.552549699238
2021-08-13 15:00:00,8743.638261417747
2021-08-13 16:00:00,8777.137659806682
2021-08-13 17:00:00,8733.969109888638
2021-08-13 18:00:00,8594.368317309936
2021-08-13 19:00:00,8390.842537183526
2021-08-13 20:00:00,8195.039434003911
2021-08-13 21:00:00,8072.057883773278
2021-08-13 22:00:00,8036.388627672349
2021-08-13 23:00:00,8046.338818486958
2021-08-14 00:00:00,8042.8730304533765
2021-08-14 01:00:00,8000.603112378583
2021-08-14 02:00:00,7947.8374437277025
2021-08-14 03:00:00,7939.559846746915
2021-08-14 04:00:00,8007.851817700852
2021-08-14 05:00:00,8132.287210447417
2021-08-14 06:00:00,8253.320739306364
2021-08-14 07:00:00,8314.133638697207
2021-08-14 08:00:00,8295.123336871704
2021-08-14 09:00:00,8216.99449700543
2021-08-14 10:00:00,8118.387802834875
2021-08-14 11:00:00,8032.494681604796
2021-08-14 12:00:00,7979.277132660616
2021-08-14 13:00:00,7968.52667012195
2021-08-14 14:00:00,7998.866412633231
2021-08-14 15:00:00,8048.928573104748
2021-08-14 16:00:00,8074.507764749842
2021-08-14 17:00:00,8026.709997332224
2021-08-14 18:00:00,7885.937166122223
2021-08-14 19:00:00,7684.839010584407
2021-08-14 20:00:00,7495.179928990401
2021-08-14 21:00:00,7382.147966751512
2021-08-14 22:00:00,7360.2939119131515
2021-08-14 23:00:00,7387.954560157406
2021-08-15 00:00:00,7406.092738437865
2021-08-15 01:00:00,7389.286482267593
2021-08-15 02:00:00,7365.777937843653
2021-08-15 03:00:00,7390.452250212242
2021-08-15 04:00:00,7495.260104810422
2021-08-15 05:00:00,7659.613056086377
2021-08-15 06:00:00,7823.773006823846
2021-08-15 07:00:00,7930.699168523464
2021-08-15 08:00:00,7960.5393491677205
2021-08-15 09:00:00,7933.722907062351
2021-08-15 10:00:00,7888.59172992149
2021-08-15 11:00:00,7858.017410573842
2021-08-15 12:00:00,7861.623763165735
2021-08-15 13:00:00,7908.84866100485
2021-08-15 14:00:00,7997.949199453495
2021-08-15 15:00:00,8107.182404854222
2021-08-15 16:00:00,8191.961871993502
2021-08-15 17:00:00,8203.010169247329
2021-08-15 18:00:00,8120.346777625235
2021-08-15 19:00:00,7976.243504157994
2021-08-15 20:00:00,7842.094719111702
2021-08-15 21:00:00,7782.72969826557
2021-08-15 22:00:00,7812.354967844232
2021-08-15 23:00:00,7888.980679793515
2021-08-16 00:00:00,7953.2635733891475
2021-08-16 01:00:00,7979.498886759186
2021-08-16 02:00:00,7995.67176064268
2021-08-16 03:00:00,8056.438369082442
2021-08-16 04:00:00,8193.550420879461
2021-08-16 05:00:00,8386.252145174853
2021-08-16 06:00:00,8574.671107937067
2021-08-16 07:00:00,8701.66617615607
2021-08-16 08:00:00,8747.319466735036
2021-08-16 09:00:00,8732.029612988625
2021-08-16 10:00:00,8694.14270592295
2021-08-16 11:00:00,8666.56908406978
2021-08-16 12:00:00,8669.00512151543
2021-08-16 13:00:00,8710.99400525618
2021-08-16 14:00:00,8790.929518684577
2021-08-16 15:00:00,8887.23506919374
2021-08-16 16:00:00,8955.51836288723
2021-08-16 17:00:00,8946.721588622186
2021-08-16 18:00:00,8841.106903991766
2021-08-16 19:00:00,8671.209192222776
2021-08-16 20:00:00,8508.703469952674
2021-08-16 21:00:00,8418.714259944229
2021-08-16 22:00:00,8415.754859639128
2021-08-16 23:00:00,8458.150568313216
2021-08-17 00:00:00,8486.878463839963
2021-08-17 01:00:00,8476.556128080847
2021-08-17 02:00:00,8455.489898208447
2021-08-17 03:00:00,8478.65291296575
2021-08-17 04:00:00,8578.106630943736
2021-08-17 05:00:00,8733.394965825473
2021-08-17 06:00:00,8884.932415249657
2021-08-17 07:00:00,8975.849527638937
2021-08-17 08:00:00,8986.482569124548
2021-08-17 09:00:00,8937.464745563531
2021-08-17 10:00:00,8867.355356298916
2021-08-17 11:00:00,8809.255069117879
2021-08-17 12:00:00,8783.026478740301
2021-08-17 13:00:00,8798.353948954113
2021-08-17 14:00:00,8853.746760505977
2021-08-17 15:00:00,8927.717804563728
2021-08-17 16:00:00,8975.938222683035
2021-08-17 17:00:00,8949.387850243183
2021-08-17 18:00:00,8828.341246745475
2021-08-17 19:00:00,8645.321269839575
2021-08-17 20:00:00,8471.967557568158
2021-08-17 21:00:00,8373.347214380512
2021-08-17 22:00:00,8363.89561105078
2021-08-17 23:00:00,8401.841337583037
2021-08-18 00:00:00,8428.047874812633
2021-08-18 01:00:00,8417.004356465603
2021-08-18 02:00:00,8396.87597045126
2021-08-18 03:00:00,8422.484238873878
2021-08-18 04:00:00,8525.730823632468
2021-08-18 05:00:00,8685.993972364702
2021-08-18 06:00:00,8843.518950996578
2021-08-18 07:00:00,8941.265777950235
2021-08-18 08:00:00,8959.401093124941
2021-08-18 09:00:00,8918.39148960457
2021-08-18 10:00:00,8856.634658796078
2021-08-18 11:00:00,8807.076514810016
2021-08-18 12:00:00,8789.433438839773
2021-08-18 13:00:00,8813.253624723
2021-08-18 14:00:00,8876.921531427453
2021-08-18 15:00:00,8958.83766898371
2021-08-18 16:00:00,9014.574108566198
2021-08-18 17:00:00,8995.025566502165
2021-08-18 18:00:00,8880.395841839596
2021-08-18 19:00:00,8703.151563685613
2021-08-18 20:00:00,8534.890615634742
2021-08-18 21:00:00,8440.652538500406
2021-08-18 22:00:00,8434.858830637242
2021-08-18 23:00:00,8475.737196729828
2021-08-19 00:00:00,8504.162325466858
2021-08-19 01:00:00,8494.645585009152
2021-08-19 02:00:00,8475.384204599153
2021-08-19 03:00:00,8501.240203264031
2021-08-19 04:00:00,8604.162735679314
2021-08-19 05:00:00,8763.582994526043
2021-08-19 06:00:00,8919.803041350093
2021-08-19 07:00:00,9015.841907018554
2021-08-19 08:00:00,9031.925821746587
2021-08-19 09:00:00,8988.579929031675
2021-08-19 10:00:00,8924.257860337895
2021-08-19 11:00:00,8871.957361673401
2021-08-19 12:00:00,8851.441136973484
2021-08-19 13:00:00,8872.296912134096
2021-08-19 14:00:00,8932.94074641295
2021-08-19 15:00:00,9011.795836450045
2021-08-19 16:00:00,9064.447220096945
2021-08-19 17:00:00,9041.792243802622
2021-08-19 18:00:00,8924.026584153491
2021-08-19 19:00:00,8743.59778809367
2021-08-19 20:00:00,8572.073704186414
2021-08-19 21:00:00,8474.453108150034
2021-08-19 22:00:00,8465.106440795535
2021-08-19 23:00:00,8502.200704802055
2021-08-20 00:00:00,8526.5410934183
2021-08-20 01:00:00,8512.561729358435
2021-08-20 02:00:00,8488.37606892351
2021-08-20 03:00:00,8508.75721609512
2021-08-20 04:00:00,8605.561798142637
2021-08-20 05:00:00,8758.126520917423
2021-08-20 06:00:00,8906.658753088608
2021-08-20 07:00:00,8994.084455627684
2021-08-20 08:00:00,9000.540290486968
2021-08-20 09:00:00,8946.46723569913
2021-08-20 10:00:00,8870.242055952027
2021-08-20 11:00:00,8804.794791714909
2021-08-20 12:00:00,8769.831403666021
2021-08-20 13:00:00,8774.895548872144
2021-08-20 14:00:00,8818.373488416562
2021-08-20 15:00:00,8878.674346320053
2021-08-20 16:00:00,8911.386102721688
2021-08-20 17:00:00,8867.427162960812
2021-08-20 18:00:00,8727.03327311892
2021-08-20 19:00:00,8522.71172887277
2021-08-20 20:00:00,8326.110235403836
2021-08-20 21:00:00,8202.327709522753
2021-08-20 22:00:00,8165.85493333747
2021-08-20 23:00:00,8174.99910068426
2021-08-21 00:00:00,8170.724826956454
2021-08-21 01:00:00,8127.6440022433835
2021-08-21 02:00:00,8074.065047395089
2021-08-21 03:00:00,8064.971826151072
2021-08-21 04:00:00,8132.445876393659
2021-08-21 05:00:00,8256.061093682647
2021-08-21 06:00:00,8376.272234152717
2021-08-21 07:00:00,8436.26057413695
2021-08-21 08:00:00,8416.423583900818
2021-08-21 09:00:00,8337.46596873547
2021-08-21 10:00:00,8238.028454569341
2021-08-21 11:00:00,8151.302510958165
2021-08-21 12:00:00,8097.250179629813
2021-08-21 13:00:00,8085.663017179065
2021-08-21 14:00:00,8115.164184806668
2021-08-21 15:00:00,8164.385938082176
2021-08-21 16:00:00,8189.122932931515
2021-08-21 17:00:00,8140.481221929191
2021-08-21 18:00:00,7998.862743231102
2021-08-21 19:00:00,7796.917279260675
2021-08-21 20:00:00,7606.409271321533
2021-08-21 21:00:00,7492.526807921262
2021-08-21 22:00:00,7469.820720286393
2021-08-21 23:00:00,7496.627847324546
2021-08-22 00:00:00,7513.911059295219
2021-08-22 01:00:00,7496.248435073992
2021-08-22 02:00:00,7471.882164283629
2021-08-22 03:00:00,7495.697435444132
2021-08-22 04:00:00,7599.644977533395
2021-08-22 05:00:00,7763.1363885843275
2021-08-22 06:00:00,7926.433615009566
2021-08-22 07:00:00,8032.495912025965
2021-08-22 08:00:00,8061.471131319763
2021-08-22 09:00:00,8033.788674986844
2021-08-22 10:00:00,7987.790474562711
2021-08-22 11:00:00,7956.348166735705
2021-08-22 12:00:00,7959.085609538432
2021-08-22 13:00:00,8005.44072021692
2021-08-22 14:00:00,8093.670638106876
2021-08-22 15:00:00,8202.032433532539
2021-08-22 16:00:00,8285.939745308604
2021-08-22 17:00:00,8296.115185861945
2021-08-22 18:00:00,8212.57828028109
2021-08-22 19:00:00,8067.600879678897
2021-08-22 20:00:00,7932.577398449855
2021-08-22 21:00:00,7872.337156500934
2021-08-22 22:00:00,7901.0867242027325
2021-08-22 23:00:00,7976.8362976558365
2021-08-23 00:00:00,8040.2426603204
2021-08-23 01:00:00,8065.601094493477
2021-08-23 02:00:00,8080.89678509374
2021-08-23 03:00:00,8140.785950362374
2021-08-23 04:00:00,8277.020343286333
2021-08-23 05:00:00,8468.844237192148
2021-08-23 06:00:00,8656.385242233202
2021-08-23 07:00:00,8782.502269594444
2021-08-23 08:00:00,8827.27748033793
2021-08-23 09:00:00,8811.109551942076
2021-08-23 10:00:00,8772.34461956792
2021-08-23 11:00:00,8743.893065889273
2021-08-23 12:00:00,8745.451309097167
2021-08-23 13:00:00,8786.562580300531
2021-08-23 14:00:00,8865.620706977918
2021-08-23 15:00:00,8961.04914056784
2021-08-23 16:00:00,9028.455631210083
2021-08-23 17:00:00,9018.782411764452
2021-08-23 18:00:00,8912.291683809188
2021-08-23 19:00:00,8741.518374494211
2021-08-23 20:00:00,8578.137544379582
2021-08-23 21:00:00,8487.273760093609
2021-08-23 22:00:00,8483.440362906762
2021-08-23 23:00:00,8524.962695889184
2021-08-24 00:00:00,8552.817880664215
2021-08-24 01:00:00,8541.623542793002
2021-08-24 02:00:00,8519.6860630927
2021-08-24 03:00:00,8541.978623924068
2021-08-24 04:00:00,8640.562727424669
2021-08-24 05:00:00,8794.982330773946
2021-08-24 06:00:00,8945.651975046136
2021-08-24 07:00:00,9035.70225205967
2021-08-24 08:00:00,9045.469471252394
2021-08-24 09:00:00,8995.586881743953
2021-08-24 10:00:00,8924.613826070088
2021-08-24 11:00:00,8865.651015146572
2021-08-24 12:00:00,8838.561086734371
2021-08-24 13:00:00,8853.02844761247
2021-08-24 14:00:00,8907.562421442532
2021-08-24 15:00:00,8980.675942211083
2021-08-24 16:00:00,9028.040194231497
2021-08-24 17:00:00,9000.635055555485
2021-08-24 18:00:00,8878.735128281412
2021-08-24 19:00:00,8694.863312546566
2021-08-24 20:00:00,8520.659288827785
2021-08-24 21:00:00,8421.190203894907
2021-08-24 22:00:00,8410.891470758022
2021-08-24 23:00:00,8447.991721560586
2021-08-25 00:00:00,8473.35447919375
2021-08-25 01:00:00,8461.468919327948
2021-08-25 02:00:00,8440.500271715475
2021-08-25 03:00:00,8465.270100213444
2021-08-25 04:00:00,8567.680108368178
2021-08-25 05:00:00,8727.108585344839
2021-08-25 06:00:00,8883.80083849929
2021-08-25 07:00:00,8980.716927565627
2021-08-25 08:00:00,8998.023533660657
2021-08-25 09:00:00,8956.187290946293
2021-08-25 10:00:00,8893.605931810936
2021-08-25 11:00:00,8843.225411204092
2021-08-25 12:00:00,8824.762151066472
2021-08-25 13:00:00,8847.764385839917
2021-08-25 14:00:00,8910.616614975917
2021-08-25 15:00:00,8991.719388857768
2021-08-25 16:00:00,9046.644818900866
2021-08-25 17:00:00,9026.28766151724
2021-08-25 18:00:00,8910.851755723377
2021-08-25 19:00:00,8732.80377045517
2021-08-25 20:00:00,8563.74162899877
2021-08-25 21:00:00,8468.704911716897
2021-08-25 22:00:00,8462.115156369659
2021-08-25 23:00:00,8502.200106923468
2021-08-26 00:00:00,8529.834491174253
2021-08-26 01:00:00,8519.52971626299
2021-08-26 02:00:00,8499.483050258628
2021-08-26 03:00:00,8524.556550866499
2021-08-26 04:00:00,8626.69941126954
2021-08-26 05:00:00,8785.342862527774
2021-08-26 06:00:00,8940.789004390626
2021-08-26 07:00:00,9036.056905775222
2021-08-26 08:00:00,9051.372834787922
2021-08-26 09:00:00,9007.261972648406
2021-08-26 10:00:00,8942.177988394622
2021-08-26 11:00:00,8889.118665408241
2021-08-26 12:00:00,8867.846744872575
2021-08-26 13:00:00,8887.949989730749
2021-08-26 14:00:00,8947.844496124839
2021-08-26 15:00:00,9025.953497401235
2021-08-26 16:00:00,9077.862067957069
2021-08-26 17:00:00,9054.467590587148
2021-08-26 18:00:00,8935.965778059965
2021-08-26 19:00:00,8754.804213315678
2021-08-26 20:00:00,8582.550780730135
2021-08-26 21:00:00,8484.204291647527
2021-08-26 22:00:00,8474.135222314137
2021-08-26 23:00:00,8510.510610677879
2021-08-27 00:00:00,8534.135685032403
2021-08-27 01:00:00,8519.444602967984
2021-08-27 02:00:00,8494.55085546267
2021-08-27 03:00:00,8514.227580982923
2021-08-27 04:00:00,8610.331441068984
2021-08-27 05:00:00,8762.199175667502
2021-08-27 06:00:00,8910.038187326116
2021-08-27 07:00:00,8996.774470697492
2021-08-27 08:00:00,9002.54472121255
2021-08-27 09:00:00,8947.789950173556
2021-08-27 10:00:00,8870.886955338181
2021-08-27 11:00:00,8804.765810013067
2021-08-27 12:00:00,8769.13250754003
2021-08-27 13:00:00,8773.530737409093
2021-08-27 14:00:00,8816.346792920263
2021-08-27 15:00:00,8875.989830092023
2021-08-27 16:00:00,8908.047860861414
2021-08-27 17:00:00,8863.439322128024
2021-08-27 18:00:00,8722.39999130211
2021-08-27 19:00:00,8517.437195206396
2021-08-27 20:00:00,8320.198669917874
2021-08-27 21:00:00,8195.78336291288
2021-08-27 22:00:00,8158.6820867494935
2021-08-27 23:00:00,8167.202065499208
2021-08-28 00:00:00,8162.307944527931
2021-08-28 01:00:00,8118.611643693112
2021-08-28 02:00:00,8064.421613371194
2021-08-28 03:00:00,8054.721746595938
2021-08-28 04:00:00,8121.593610299398
2021-08-28 05:00:00,8244.6111288805
2021-08-28 06:00:00,8364.229087043546
2021-08-28 07:00:00,8423.628789457814
2021-08-28 08:00:00,8403.20773450545
2021-08-28 09:00:00,8323.67065532579
2021-08-28 10:00:00,8223.658305467066
2021-08-28 11:00:00,8136.3621818549855
2021-08-28 12:00:00,8081.744353340859
2021-08-28 13:00:00,8069.596403392123
2021-08-28 14:00:00,8098.541519836381
2021-08-28 15:00:00,8147.21198461817
2021-08-28 16:00:00,8171.402479786409
2021-08-28 17:00:00,8122.2190837925955
2021-08-28 18:00:00,7980.063760392081
2021-08-28 19:00:00,7777.586317388276
2021-08-28 20:00:00,7586.551221168549
2021-08-28 21:00:00,7472.146585099649
2021-08-28 22:00:00,7448.923264987065
2021-08-28 23:00:00,7475.218124062585
2021-08-29 00:00:00,7491.994056648191
2021-08-29 01:00:00,7473.829165420022
2021-08-29 02:00:00,7448.965663536856
2021-08-29 03:00:00,7472.288762789439
2021-08-29 04:00:00,7575.7492151584365
2021-08-29 05:00:00,7738.758641397148
2021-08-29 06:00:00,7901.579010429285
2021-08-29 07:00:00,8007.169599620003
2021-08-29 08:00:00,8035.678282610105
2021-08-29 09:00:00,8007.534483142369
2021-08-29 10:00:00,7961.080154125608
2021-08-29 11:00:00,7929.1869533684685
2021-08-29 12:00:00,7931.478759731903
2021-08-29 13:00:00,7977.393511018466
2021-08-29 14:00:00,8065.18836684015
2021-08-29 15:00:00,8173.1204175237035
2021-08-29 16:00:00,8256.603321606068
2021-08-29 17:00:00,8266.359710960076
2021-08-29 18:00:00,8182.409129826504
2021-08-29 19:00:00,8037.023448210661
2021-08-29 20:00:00,7901.597099091394
2021-08-29 21:00:00,7840.959420697443
2021-08-29 22:00:00,7869.3170014239295
2021-08-29 23:00:00,7944.680055114575
2021-08-30 00:00:00,8007.7053826862075
2021-08-30 01:00:00,8032.6882836082805
2021-08-30 02:00:00,8047.613959677706
2021-08-30 03:00:00,8107.138645736522
2021-08-30 04:00:00,8243.01411107238
2021-08-30 05:00:00,8434.484645023584
2021-08-30 06:00:00,8621.67787347226
2021-08-30 07:00:00,8747.452723021053
2021-08-30 08:00:00,8791.891369887942
2021-08-30 09:00:00,8775.392506385313
2021-08-30 10:00:00,8736.302282230825
2021-08-30 11:00:00,8707.531094356176
2021-08-30 12:00:00,8708.775374914723
2021-08-30 13:00:00,8749.578368680213
2021-08-30 14:00:00,8828.333916494288
2021-08-30 15:00:00,8923.465482890275
2021-08-30 16:00:00,8990.580830761146
2021-08-30 17:00:00,8980.622205452442
2021-08-30 18:00:00,8873.851820731366
2021-08-30 19:00:00,8702.804615600338
2021-08-30 20:00:00,8539.155662216648
2021-08-30 21:00:00,8448.02953848663
2021-08-30 22:00:00,8443.93959666329
2021-08-30 23:00:00,8485.211190482118
2021-08-31 00:00:00,8512.821451946038
2021-08-31 01:00:00,8501.388016690613
2021-08-31 02:00:00,8479.21727530353
2021-08-31 03:00:00,8501.2824195997
2021-08-31 04:00:00,8599.644960896347
2021-08-31 05:00:00,8753.8488652229
2021-08-31 06:00:00,8904.308682209134
2021-08-31 07:00:00,8994.155011922625
2021-08-31 08:00:00,9003.724171746553
2021-08-31 09:00:00,8953.649418444047
2021-08-31 10:00:00,8882.49010187294
2021-08-31 11:00:00,8823.346939989868
2021-08-31 12:00:00,8796.082577271916
2021-08-31 13:00:00,8810.381426912369
2021-08-31 14:00:00,8864.752818674277
2021-08-31 15:00:00,8937.709692362925
2021-08-31 16:00:00,8984.923237767543
2021-08-31 17:00:00,8957.373338133573
2021-08-31 18:00:00,8835.334600437809
2021-08-31 19:00:00,8651.329929389529
2021-08-31 20:00:00,8476.999009728106
2021-08-31 21:00:00,8377.408992173108
2021-08-31 22:00:00,8366.99529339478
2021-08-31 23:00:00,8403.986548859819
2021-09-01 00:00:00,8429.246284495606
2021-09-01 01:00:00,8417.26367869453
2021-09-01 02:00:00,8396.203963628148
2021-09-01 03:00:00,8420.888705242827
2021-09-01 04:00:00,8523.21960889612
2021-09-01 05:00:00,8682.574965236163
2021-09-01 06:00:00,8839.200082786263
2021-09-01 07:00:00,8936.055022179113
2021-09-01 08:00:00,8953.30646506653
2021-09-01 09:00:00,8911.421045877712
2021-09-01 10:00:00,8848.796496936046
2021-09-01 11:00:00,8798.3787728404
2021-09-01 12:00:00,8779.884294855412
2021-09-01 13:00:00,8802.86129644395
2021-09-01 14:00:00,8865.694275764234
2021-09-01 15:00:00,8946.783781622547
2021-09-01 16:00:00,9001.701923514827
2021-09-01 17:00:00,8981.343455650864
2021-09-01 18:00:00,8865.912214531081
2021-09-01 19:00:00,8687.87486626893
2021-09-01 20:00:00,8518.829331019882
2021-09-01 21:00:00,8423.815185707443
2021-09-01 22:00:00,8417.253964359028
2021-09-01 23:00:00,8457.37340688234
2021-09-02 00:00:00,8485.04823672221
2021-09-02 01:00:00,8474.789856362277
2021-09-02 02:00:00,8454.795528915402
2021-09-02 03:00:00,8479.927306799642
2021-09-02 04:00:00,8582.134377644941
2021-09-02 05:00:00,8740.847966626345
2021-09-02 06:00:00,8896.370167315472
2021-09-02 07:00:00,8991.720042146273
2021-09-02 08:00:00,9007.123852440316
2021-09-02 09:00:00,8963.10677233741
2021-09-02 10:00:00,8898.12246347236
2021-09-02 11:00:00,8845.16870155654
2021-09-02 12:00:00,8824.008219766385
2021-09-02 13:00:00,8844.228772766277
2021-09-02 14:00:00,8904.24644810401
2021-09-02 15:00:00,8982.484470232173
2021-09-02 16:00:00,9034.527904376097
2021-09-02 17:00:00,9011.274123831212
2021-09-02 18:00:00,8892.918831596166
2021-09-02 19:00:00,8711.90960052623
2021-09-02 20:00:00,8539.814304605738
2021-09-02 21:00:00,8441.631744536671
2021-09-02 22:00:00,8431.73238558817
2021-09-02 23:00:00,8468.283254444474
2021-09-03 00:00:00,8492.089567860254
2021-09-03 01:00:00,8477.5854715725
2021-09-03 02:00:00,8452.884444416552
2021-09-03 03:00:00,8472.759612441641
2021-09-03 04:00:00,8569.06762446577
2021-09-03 05:00:00,8721.145207427726
2021-09-03 06:00:00,8869.199750568861
2021-09-03 07:00:00,8956.157234975904
2021-09-03 08:00:00,8962.154342186988
2021-09-03 09:00:00,8907.63206935648
2021-09-03 10:00:00,8830.967199795794
2021-09-03 11:00:00,8765.089792086026
2021-09-03 12:00:00,8729.705824544326
2021-09-03 13:00:00,8734.358971370231
2021-09-03 14:00:00,8777.435510294543
2021-09-03 15:00:00,8837.34458146141
2021-09-03 16:00:00,8869.674180672971
2021-09-03 17:00:00,8825.342728409618
2021-09-03 18:00:00,8684.585985390459
2021-09-03 19:00:00,8479.911261447187
2021-09-03 20:00:00,8282.966275428771
2021-09-03 21:00:00,8158.849957255396
2021-09-03 22:00:00,8122.053101706073
2021-09-03 23:00:00,8130.882914765096
2021-09-04 00:00:00,8126.304023464525
2021-09-04 01:00:00,8082.928329035225
2021-09-04 02:00:00,8029.064262958533
2021-09-04 03:00:00,8019.695699122784
2021-09-04 04:00:00,8086.90418503304
2021-09-04 05:00:00,8210.263625386011
2021-09-04 06:00:00,8330.228784931345
2021-09-04 07:00:00,8389.980948130948
2021-09-04 08:00:00,8369.91759285674
2021-09-04 09:00:00,8290.743431514658
2021-09-04 10:00:00,8191.099196641436
2021-09-04 11:00:00,8104.17636389811
2021-09-04 12:00:00,8049.936980594439
2021-09-04 13:00:00,8038.172608422516
2021-09-04 14:00:00,8067.506413175971
2021-09-04 15:00:00,8116.5706544874065
2021-09-04 16:00:00,8141.159991862255
2021-09-04 17:00:00,8092.380480949024
2021-09-04 18:00:00,7950.6340624601435
2021-09-04 19:00:00,7748.570520876331
2021-09-04 20:00:00,7557.954299051775
2021-09-04 21:00:00,7443.973486548977
2021-09-04 22:00:00,7421.178915128054
2021-09-04 23:00:00,7447.907423728322
2021-09-05 00:00:00,7465.121882152291
2021-09-05 01:00:00,7447.400368296669
2021-09-05 02:00:00,7422.985070299463
2021-09-05 03:00:00,7446.761174712434
2021-09-05 04:00:00,7550.679408022546
2021-09-05 05:00:00,7714.151365257414
2021-09-05 06:00:00,7877.438989375137
2021-09-05 07:00:00,7983.50153156565
2021-09-05 08:00:00,8012.48683902878
2021-09-05 09:00:00,7984.82430886084
2021-09-05 10:00:00,7938.855867088536
2021-09-05 11:00:00,7907.453144411817
2021-09-05 12:00:00,7910.239992354023
2021-09-05 13:00:00,7956.654321159169
2021-09-05 14:00:00,8044.953262670042
2021-09-05 15:00:00,8153.393879190293
2021-09-05 16:00:00,8237.389801051842
2021-09-05 17:00:00,8247.663631688556
2021-09-05 18:00:00,8164.234886679626
2021-09-05 19:00:00,8019.375407165966
2021-09-05 20:00:00,7884.479597043735
2021-09-05 21:00:00,7824.376765250277
2021-09-05 22:00:00,7853.273470669907
2021-09-05 23:00:00,7929.179897451363
2021-09-06 00:00:00,7992.752816582841
2021-09-06 01:00:00,8018.287497417021
2021-09-06 02:00:00,8033.76911143102
2021-09-06 03:00:00,8093.853862939348
2021-09-06 04:00:00,8230.29349049681
2021-09-06 05:00:00,8422.332252530387
2021-09-06 06:00:00,8610.097743799992
2021-09-06 07:00:00,8736.44885959552
2021-09-06 08:00:00,8781.467744630569
2021-09-06 09:00:00,8765.55305952354
2021-09-06 10:00:00,8727.050922113422
2021-09-06 11:00:00,8698.871697243392
2021-09-06 12:00:00,8700.711784826995
2021-09-06 13:00:00,8742.11439719108
2021-09-06 14:00:00,8821.473342554338
2021-09-06 15:00:00,8917.212052643834
2021-09-06 16:00:00,8984.938257383774
2021-09-06 17:00:00,8975.59416895708
2021-09-06 18:00:00,8869.441967789477
2021-09-06 19:00:00,8699.016559395779
2021-09-06 20:00:00,8535.992982254405
2021-09-06 21:00:00,8445.49578043004
2021-09-06 22:00:00,8442.038272147338
2021-09-06 23:00:00,8483.945776997856
2021-09-07 00:00:00,8512.195392623213
2021-09-07 01:00:00,8501.404720167016
2021-09-07 02:00:00,8479.880115557957
2021-09-07 03:00:00,8502.594735800247
2021-09-07 04:00:00,8601.610057225334
2021-09-07 05:00:00,8756.47001075041
2021-09-07 06:00:00,8907.589110723708
2021-09-07 07:00:00,8998.097921786326
2021-09-07 08:00:00,9008.332725747683
2021-09-07 09:00:00,8958.926743652788
2021-09-07 10:00:00,8888.439289502629
2021-09-07 11:00:00,8829.97104523121
2021-09-07 12:00:00,8803.384619189235
2021-09-07 13:00:00,8818.364388281323
2021-09-07 14:00:00,8873.419645851909
2021-09-07 15:00:00,8947.063295150669
2021-09-07 16:00:00,8994.966489296981
2021-09-07 17:00:00,8968.109074711481
2021-09-07 18:00:00,8846.76562143636
2021-09-07 19:00:00,8663.458997115835
2021-09-07 20:00:00,8489.828849300393
2021-09-07 21:00:00,8390.94229139986
2021-09-07 22:00:00,8381.234702646152
2021-09-07 23:00:00,8418.93468097956
2021-09-08 00:00:00,8444.905714646624
2021-09-08 01:00:00,8433.63694427221
2021-09-08 02:00:00,8413.293564144495
2021-09-08 03:00:00,8438.697102215738
2021-09-08 04:00:00,8541.749225735086
2021-09-08 05:00:00,8701.828187148876
2021-09-08 06:00:00,8859.179256682743
2021-09-08 07:00:00,8956.762456546297
2021-09-08 08:00:00,8974.74442988941
2021-09-08 09:00:00,8933.591772540289
2021-09-08 10:00:00,8871.702178131081
2021-09-08 11:00:00,8822.021562456477
2021-09-08 12:00:00,8804.26630791873
2021-09-08 13:00:00,8827.984609005653
2021-09-08 14:00:00,8891.560924834388
2021-09-08 15:00:00,8973.395765066103
2021-09-08 16:00:00,9029.061199985294
2021-09-08 17:00:00,9009.451944512013
2021-09-08 18:00:00,8894.771795765757
2021-09-08 19:00:00,8717.487380431106
2021-09-08 20:00:00,8549.196579129864
2021-09-08 21:00:00,8454.938929208733
2021-09-08 22:00:00,8449.135925035407
2021-09-08 23:00:00,8490.015266795801
2021-09-09 00:00:00,8518.451638150713
2021-09-09 01:00:00,8508.956401737905
2021-09-09 02:00:00,8489.726780765937
2021-09-09 03:00:00,8515.624787692017
2021-09-09 04:00:00,8618.599570128505
2021-09-09 05:00:00,8778.082313177034
2021-09-09 06:00:00,8934.37507029928
2021-09-09 07:00:00,9030.496863747823
2021-09-09 08:00:00,9046.673914645424
2021-09-09 09:00:00,9003.431356864978
2021-09-09 10:00:00,8939.222811747428
2021-09-09 11:00:00,8887.046014666925
2021-09-09 12:00:00,8866.663658425625
2021-09-09 13:00:00,8887.663457276574
2021-09-09 14:00:00,8948.461458327558
2021-09-09 15:00:00,9027.480845558086
2021-09-09 16:00:00,9080.306643695098
2021-09-09 17:00:00,9057.836185513375
2021-09-09 18:00:00,8940.2651334547
2021-09-09 19:00:00,8760.041019809267
2021-09-09 20:00:00,8588.731677968075
2021-09-09 21:00:00,8491.335868035367
2021-09-09 22:00:00,8482.224014652264
2021-09-09 23:00:00,8519.56310387825
2021-09-10 00:00:00,8544.158311817391
2021-09-10 01:00:00,8530.443743561253
2021-09-10 02:00:00,8506.532837289331
2021-09-10 03:00:00,8527.198678392246
2021-09-10 04:00:00,8624.297875027796
2021-09-10 05:00:00,8777.167113469686
2021-09-10 06:00:00,8926.013742319074
2021-09-10 07:00:00,9013.76370199416
2021-09-10 08:00:00,9020.553633410951
2021-09-10 09:00:00,8966.824493078366
2021-09-10 10:00:00,8890.953023694981
2021-09-10 11:00:00,8825.869243238089
2021-09-10 12:00:00,8791.279089437312
2021-09-10 13:00:00,8796.72619592512
2021-09-10 14:00:00,8840.59679988417
2021-09-10 15:00:00,8901.300000936237
2021-09-10 16:00:00,8934.423754386891
2021-09-10 17:00:00,8890.886440252163
2021-09-10 18:00:00,8750.92377880437
2021-09-10 19:00:00,8547.043039484155
2021-09-10 20:00:00,8350.89190075523
2021-09-10 21:00:00,8227.56925221542
2021-09-10 22:00:00,8191.5658483453735
2021-09-10 23:00:00,8201.188854876273
2021-09-11 00:00:00,8197.402858636178
2021-09-11 01:00:00,8154.81972068807
2021-09-11 02:00:00,8101.747832405375
2021-09-11 03:00:00,8093.171027603218
2021-09-11 04:00:00,8161.170813787548
2021-09-11 05:00:00,8285.321055694909
2021-09-11 06:00:00,8406.076478175197
2021-09-11 07:00:00,8466.618325847136
2021-09-11 08:00:00,8447.344036816403
2021-09-11 09:00:00,8368.958283768954
2021-09-11 10:00:00,8270.101759584737
2021-09-11 11:00:00,8183.965900360988
2021-09-11 12:00:00,8130.51271388837
2021-09-11 13:00:00,8119.533722424031
2021-09-11 14:00:00,8149.652052390934
2021-09-11 15:00:00,8199.499924157304
2021-09-11 16:00:00,8224.871958004605
2021-09-11 17:00:00,8176.874170461049
2021-09-11 18:00:00,8035.908463199722
2021-09-11 19:00:00,7834.624581745496
2021-09-11 20:00:00,7644.78693008412
2021-09-11 21:00:00,7531.583558996408
2021-09-11 22:00:00,7509.565261564813
2021-09-11 23:00:00,7537.0688381269265
2021-09-12 00:00:00,7555.05711999275
2021-09-12 01:00:00,7538.10814666277
2021-09-12 02:00:00,7514.464067985176
2021-09-12 03:00:00,7539.0100323005045
2021-09-12 04:00:00,7643.6967280242025
2021-09-12 05:00:00,7807.93571219451
2021-09-12 06:00:00,7971.988889896638
2021-09-12 07:00:00,8078.815474558163
2021-09-12 08:00:00,8108.563275730843
2021-09-12 09:00:00,8081.661652980644
2021-09-12 10:00:00,8036.452494910589
2021-09-12 11:00:00,8005.8073949362215
2021-09-12 12:00:00,8009.350167398371
2021-09-12 13:00:00,8056.518685491722
2021-09-12 14:00:00,8145.570044126242
2021-09-12 15:00:00,8254.761268826209
2021-09-12 16:00:00,8339.50595323661
2021-09-12 17:00:00,8350.526664263822
2021-09-12 18:00:00,8267.84288108361
2021-09-12 19:00:00,8123.726408579901
2021-09-12 20:00:00,7989.571614492967
2021-09-12 21:00:00,7930.20777179584
2021-09-12 22:00:00,7959.841403527853
2021-09-12 23:00:00,8036.482658124051
2021-09-13 00:00:00,8100.788271014675
2021-09-13 01:00:00,8127.053476146608
2021-09-13 02:00:00,8143.263409743322
2021-09-13 03:00:00,8204.074240996946
2021-09-13 04:00:00,8341.237673523201
2021-09-13 05:00:00,8533.99793094505
2021-09-13 06:00:00,8722.482573380656
2021-09-13 07:00:00,8849.55046163892
2021-09-13 08:00:00,8895.283706113829
2021-09-13 09:00:00,8880.080933271951
2021-09-13 10:00:00,8842.288226950272
2021-09-13 11:00:00,8814.815918179649
2021-09-13 12:00:00,8817.36037321473
2021-09-13 13:00:00,8859.464770897403
2021-09-13 14:00:00,8939.522886128845
2021-09-13 15:00:00,9035.958117515669
2021-09-13 16:00:00,9104.378162005614
2021-09-13 17:00:00,9095.725199003724
2021-09-13 18:00:00,8990.261376338225
2021-09-13 19:00:00,8820.521567102784
2021-09-13 20:00:00,8658.18077754073
2021-09-13 21:00:00,8568.363519659051
2021-09-13 22:00:00,8565.583079830052
2021-09-13 23:00:00,8608.164745956698
2021-09-14 00:00:00,8637.085584211163
2021-09-14 01:00:00,8626.96316443808
2021-09-14 02:00:00,8606.103811472873
2021-09-14 03:00:00,8629.480651419972
2021-09-14 04:00:00,8729.155129900379
2021-09-14 05:00:00,8884.671147350296
2021-09-14 06:00:00,9036.443187788105
2021-09-14 07:00:00,9127.60178577931
2021-09-14 08:00:00,9138.483193223728
2021-09-14 09:00:00,9089.72060148433
2021-09-14 10:00:00,9019.873295083224
2021-09-14 11:00:00,8962.041926688462
2021-09-14 12:00:00,8936.089075579077
2021-09-14 13:00:00,8951.699089821548
2021-09-14 14:00:00,9007.381234135662
2021-09-14 15:00:00,9081.648383343472
2021-09-14 16:00:00,9130.171662370522
2021-09-14 17:00:00,9103.930889659265
2021-09-14 18:00:00,8983.200607500521
2021-09-14 19:00:00,8800.503655987257
2021-09-14 20:00:00,8627.479655374302
2021-09-14 21:00:00,8529.195691979397
2021-09-14 22:00:00,8520.087118174537
2021-09-14 23:00:00,8558.382505263786
2021-09-15 00:00:00,8584.945315108103
2021-09-15 01:00:00,8574.264662152862
2021-09-15 02:00:00,8554.505714745934
2021-09-15 03:00:00,8580.48997514657
2021-09-15 04:00:00,8684.119085134551
2021-09-15 05:00:00,8844.771271920776
2021-09-15 06:00:00,9002.691780751431
2021-09-15 07:00:00,9100.8406090867
2021-09-15 08:00:00,9119.38437555523
2021-09-15 09:00:00,9078.78965173061
2021-09-15 10:00:00,9017.4541072112
2021-09-15 11:00:00,8968.323634032122
2021-09-15 12:00:00,8951.114591050511
2021-09-15 13:00:00,8975.375149479654
2021-09-15 14:00:00,9039.489745413417
2021-09-15 15:00:00,9121.858865719465
2021-09-15 16:00:00,9178.054558157934
2021-09-15 17:00:00,9158.971515374584
2021-09-15 18:00:00,9044.81351247451
2021-09-15 19:00:00,8868.047154360866
2021-09-15 20:00:00,8700.27030016483
2021-09-15 21:00:00,8606.522465978067
2021-09-15 22:00:00,8601.225125177269
2021-09-15 23:00:00,8642.605957215197
2021-09-16 00:00:00,8671.53962529759
2021-09-16 01:00:00,8662.537471851563
2021-09-16 02:00:00,8643.796700137544
2021-09-16 03:00:00,8670.179302951503
2021-09-16 04:00:00,8773.634408493075
2021-09-16 05:00:00,8933.593182723094
2021-09-16 06:00:00,9090.357660224461
2021-09-16 07:00:00,9186.946844663638
2021-09-16 08:00:00,9203.586938816596
2021-09-16 09:00:00,9160.803058502781
2021-09-16 10:00:00,9097.048807276735
2021-09-16 11:00:00,9045.321903003527
2021-09-16 12:00:00,9025.385021235554
2021-09-16 13:00:00,9046.825859272041
2021-09-16 14:00:00,9108.060447535425
2021-09-16 15:00:00,9187.511953602823
2021-09-16 16:00:00,9240.765386059078
2021-09-16 17:00:00,9218.718061835985
2021-09-16 18:00:00,9101.565627813201
2021-09-16 19:00:00,8921.755600976092
2021-09-16 20:00:00,8750.855799728248
2021-09-16 21:00:00,8653.864969444814
2021-09-16 22:00:00,8645.153520328518
2021-09-16 23:00:00,8682.888424285478
2021-09-17 00:00:00,8707.874843551928
2021-09-17 01:00:00,8694.546869641215
2021-09-17 02:00:00,8671.017927433233
2021-09-17 03:00:00,8692.061089323764
2021-09-17 04:00:00,8789.532950739222
2021-09-17 05:00:00,8942.770185536157
2021-09-17 06:00:00,9091.980130173977
2021-09-17 07:00:00,9180.088713223975
2021-09-17 08:00:00,9187.232564046379
2021-09-17 09:00:00,9133.85262789191
2021-09-17 10:00:00,9058.325636490788
2021-09-17 11:00:00,8993.581597131128
2021-09-17 12:00:00,8959.326437175432
2021-09-17 13:00:00,8965.103780162966
2021-09-17 14:00:00,9009.29985348387
2021-09-17 15:00:00,9070.323747259183
2021-09-17 16:00:00,9103.763407609262
2021-09-17 17:00:00,9060.53720563492
2021-09-17 18:00:00,8920.880853008313
2021-09-17 19:00:00,8717.301610864562
2021-09-17 20:00:00,8521.44714966205
2021-09-17 21:00:00,8398.416351283595
2021-09-17 22:00:00,8362.699962796296
2021-09-17 23:00:00,8372.60514283628
2021-09-18 00:00:00,8369.096471411702
2021-09-18 01:00:00,8326.785803080806
2021-09-18 02:00:00,8273.981523010289
2021-09-18 03:00:00,8265.667459117069
2021-09-18 04:00:00,8333.925113288115
2021-09-18 05:00:00,8458.328344971847
2021-09-18 06:00:00,8579.331874009482
2021-09-18 07:00:00,8640.116940340597
2021-09-18 08:00:00,8621.080977666074
2021-09-18 09:00:00,8542.928654583111
2021-09-18 10:00:00,8444.30066020262
2021-09-18 11:00:00,8358.388427103999
2021-09-18 12:00:00,8305.15395994095
2021-09-18 13:00:00,8294.38877808403
2021-09-18 14:00:00,8324.716005388918
2021-09-18 15:00:00,8374.767859956271
2021-09-18 16:00:00,8400.338960122055
2021-09-18 17:00:00,8352.53532075191
2021-09-18 18:00:00,8211.758842176569
2021-09-18 19:00:00,8010.659268879848
2021-09-18 20:00:00,7821.00100411211
2021-09-18 21:00:00,7707.972098221073
2021-09-18 22:00:00,7686.123344161077
2021-09-18 23:00:00,7713.791542464454
2021-09-19 00:00:00,7731.939524913138
2021-09-19 01:00:00,7715.145331805991
2021-09-19 02:00:00,7691.651114090022
2021-09-19 03:00:00,7716.342021514341
2021-09-19 04:00:00,7821.168744190889
2021-09-19 05:00:00,7985.542841184141
2021-09-19 06:00:00,8149.726219896398
2021-09-19 07:00:00,8256.678096380856
2021-09-19 08:00:00,8286.546283121825
2021-09-19 09:00:00,8259.760142921677
2021-09-19 10:00:00,8214.661567931105
2021-09-19 11:00:00,8184.122155398016
2021-09-19 12:00:00,8187.765723827391
2021-09-19 13:00:00,8235.030150866616
2021-09-19 14:00:00,8324.17253618461
2021-09-19 15:00:00,8433.449910361596
2021-09-19 16:00:00,8518.27587243504
2021-09-19 17:00:00,8529.37299496077
2021-09-19 18:00:00,8446.760763093296
2021-09-19 19:00:00,8302.710988005785
2021-09-19 20:00:00,8168.61804401002
2021-09-19 21:00:00,8109.311210965465
2021-09-19 22:00:00,8138.997019095496
2021-09-19 23:00:00,8215.685624321975
2021-09-20 00:00:00,8280.033769863123
2021-09-20 01:00:00,8306.336697758032
2021-09-20 02:00:00,8322.579552619243
2021-09-20 03:00:00,8383.418512329004
2021-09-20 04:00:00,8520.605289492763
2021-09-20 05:00:00,8713.38411701722
2021-09-20 06:00:00,8901.882564620086
2021-09-20 07:00:00,9028.959502978882
2021-09-20 08:00:00,9074.69705268842
2021-09-20 09:00:00,9059.49385068391
2021-09-20 10:00:00,9021.695991584318
2021-09-20 11:00:00,8994.2138174942
2021-09-20 12:00:00,8996.743706036747
2021-09-20 13:00:00,9038.828847716124
2021-09-20 14:00:00,9118.863029389502
2021-09-20 15:00:00,9215.26966191895
2021-09-20 16:00:00,9283.65645479478
2021-09-20 17:00:00,9274.965600265356
2021-09-20 18:00:00,9169.45925927236
2021-09-20 19:00:00,8999.672318348668
2021-09-20 20:00:00,8837.279797436226
2021-09-20 21:00:00,8747.406222533878
2021-09-20 22:00:00,8744.56489431751
2021-09-20 23:00:00,8787.081115259129
2021-09-21 00:00:00,8815.931966395578
2021-09-21 01:00:00,8805.735032719884
2021-09-21 02:00:00,8784.796654506441
2021-09-21 03:00:00,8808.08997357827
2021-09-21 04:00:00,8907.676451566636
2021-09-21 05:00:00,9063.100005184437
2021-09-21 06:00:00,9214.775135032689
2021-09-21 07:00:00,9305.832392510058
2021-09-21 08:00:00,9316.608046675115
2021-09-21 09:00:00,9267.735306280738
2021-09-21 10:00:00,9197.773473547368
2021-09-21 11:00:00,9139.823219111458
2021-09-21 12:00:00,9113.747140496653
2021-09-21 13:00:00,9129.229604288887
2021-09-21 14:00:00,9184.779894003255
2021-09-21 15:00:00,9258.910903530408
2021-09-21 16:00:00,9307.293777137776
2021-09-21 17:00:00,9280.908352885584
2021-09-21 18:00:00,9160.029192939024
2021-09-21 19:00:00,8977.179157559758
2021-09-21 20:00:00,8803.997887409809
2021-09-21 21:00:00,8705.552489507227
2021-09-21 22:00:00,8696.27833717516
2021-09-21 23:00:00,8734.404022939418
2021-09-22 00:00:00,8760.79303014309
2021-09-22 01:00:00,8749.934494983436
2021-09-22 02:00:00,8729.993607815542
2021-09-22 03:00:00,8755.791893171052
2021-09-22 04:00:00,8859.2310153577
2021-09-22 05:00:00,9019.689224367667
2021-09-22 06:00:00,9177.411788504547
2021-09-22 07:00:00,9275.358728509276
2021-09-22 08:00:00,9293.696686583971
2021-09-22 09:00:00,9252.892258092372
2021-09-22 10:00:00,9191.343136699363
2021-09-22 11:00:00,9141.995238748139
2021-09-22 12:00:00,9124.564947652398
2021-09-22 13:00:00,9148.600459431307
2021-09-22 14:00:00,9212.48623522275
2021-09-22 15:00:00,9294.622787208715
2021-09-22 16:00:00,9350.582188670758
2021-09-22 17:00:00,9331.259158047578
2021-09-22 18:00:00,9216.8574964642
2021-09-22 19:00:00,9039.84383508809
2021-09-22 20:00:00,8871.816059550969
2021-09-22 21:00:00,8777.813712677054
2021-09-22 22:00:00,8772.258294824756
2021-09-22 23:00:00,8813.377512641784
2021-09-23 00:00:00,8842.046056774565
2021-09-23 01:00:00,8832.775297319384
2021-09-23 02:00:00,8813.762465440741
2021-09-23 03:00:00,8839.869582041136
2021-09-23 04:00:00,8943.045803689229
2021-09-23 05:00:00,9102.722324911592
2021-09-23 06:00:00,9259.2012090912
2021-09-23 07:00:00,9355.501488912081
2021-09-23 08:00:00,9371.849396388472
2021-09-23 09:00:00,9328.770076803256
2021-09-23 10:00:00,9264.71716337072
2021-09-23 11:00:00,9212.688403858418
2021-09-23 12:00:00,9192.446503912332
2021-09-23 13:00:00,9213.57919114506
2021-09-23 14:00:00,9274.50252649508
2021-09-23 15:00:00,9353.639708285647
2021-09-23 16:00:00,9406.57577602262
2021-09-23 17:00:00,9384.20807778966
2021-09-23 18:00:00,9266.732291797514
2021-09-23 19:00:00,9086.595966592331
2021-09-23 20:00:00,8915.366952317712
2021-09-23 21:00:00,8818.044026289073
2021-09-23 22:00:00,8808.997630853568
2021-09-23 23:00:00,8846.394770243765
2021-09-24 00:00:00,8871.040639223831
2021-09-24 01:00:00,8857.36936202427
2021-09-24 02:00:00,8833.49439643576
2021-09-24 03:00:00,8854.188847930614
2021-09-24 04:00:00,8951.309345219837
2021-09-24 05:00:00,9104.192595639115
2021-09-24 06:00:00,9253.045969264034
2021-09-24 07:00:00,9340.795428495581
2021-09-24 08:00:00,9347.57763669419
2021-09-24 09:00:00,9293.833573287862
2021-09-24 10:00:00,9217.94000434836
2021-09-24 11:00:00,9152.826971693505
2021-09-24 12:00:00,9118.200437373442
2021-09-24 13:00:00,9123.604059786021
2021-09-24 14:00:00,9167.424101339922
2021-09-24 15:00:00,9228.069687363808
2021-09-24 16:00:00,9261.12879931079
2021-09-24 17:00:00,9217.519843804925
2021-09-24 18:00:00,9077.478568183371
2021-09-24 19:00:00,8873.512269411267
2021-09-24 20:00:00,8677.268653925077
2021-09-24 21:00:00,8553.84663974216
2021-09-24 22:00:00,8517.737010222243
2021-09-24 23:00:00,8527.246960420816
2021-09-25 00:00:00,8523.341106928545
2021-09-25 01:00:00,8480.63134102742
2021-09-25 02:00:00,8427.42608475534
2021-09-25 03:00:00,8418.709203017152
2021-09-25 04:00:00,8486.562234859975
2021-09-25 05:00:00,8610.559077006628
2021-09-25 06:00:00,8731.154486702217
2021-09-25 07:00:00,8791.52974143936
2021-09-25 08:00:00,8772.082312590965
2021-09-25 09:00:00,8693.516906560519
2021-09-25 10:00:00,8594.474250372663
2021-09-25 11:00:00,8508.145814676438
2021-09-25 12:00:00,8454.493642278174
2021-09-25 13:00:00,8443.30929084923
2021-09-25 14:00:00,8473.215922655629
2021-09-25 15:00:00,8522.845794312081
2021-09-25 16:00:00,8547.993562791811
2021-09-25 17:00:00,8499.765281705975
2021-09-25 18:00:00,8358.562890245345
2021-09-25 19:00:00,8157.036171835014
2021-09-25 20:00:00,7966.949568806618
2021-09-25 21:00:00,7853.491170665258
2021-09-25 22:00:00,7831.211809628455
2021-09-25 23:00:00,7858.448325585814
2021-09-26 00:00:00,7876.163589786161
2021-09-26 01:00:00,7858.935682070809
2021-09-26 02:00:00,7835.006793018185
2021-09-26 03:00:00,7859.262112117482
2021-09-26 04:00:00,7963.652369289487
2021-09-26 05:00:00,8127.58916349591
2021-09-26 06:00:00,8291.334442109955
2021-09-26 07:00:00,8397.847461260333
2021-09-26 08:00:00,8427.276073549243
2021-09-26 09:00:00,8400.049681995019
2021-09-26 10:00:00,8354.5102190308
2021-09-26 11:00:00,8323.529322259992
2021-09-26 12:00:00,8326.730850597089
2021-09-26 13:00:00,8373.552722179555
2021-09-26 14:00:00,8462.252077226478
2021-09-26 15:00:00,8571.085986938402
2021-09-26 16:00:00,8655.468091000766
2021-09-26 17:00:00,8666.12100270272
2021-09-26 18:00:00,8583.064247992801
2021-09-26 19:00:00,8438.569678829988
2021-09-26 20:00:00,8304.031710450547
2021-09-26 21:00:00,8244.27966362359
2021-09-26 22:00:00,8273.520109540148
2021-09-26 23:00:00,8349.763245140546
2021-09-27 00:00:00,8413.665854700306
2021-09-27 01:00:00,8439.523221343508
2021-09-27 02:00:00,8455.320530803961
2021-09-27 03:00:00,8515.714002134187
2021-09-27 04:00:00,8652.455389125604
2021-09-27 05:00:00,8844.788965902524
2021-09-27 06:00:00,9032.84234342017
2021-09-27 07:00:00,9159.474433641375
2021-09-27 08:00:00,9204.767398432501
2021-09-27 09:00:00,9189.119916042906
2021-09-27 10:00:00,9150.878122416245
2021-09-27 11:00:00,9122.952400997188
2021-09-27 12:00:00,9125.039170751113
2021-09-27 13:00:00,9166.681663547108
2021-09-27 14:00:00,9246.27370761696
2021-09-27 15:00:00,9342.238755177475
2021-09-27 16:00:00,9410.184557097917
2021-09-27 17:00:00,9401.053347000547
2021-09-27 18:00:00,9295.107327203139
2021-09-27 19:00:00,9124.881425586278
2021-09-27 20:00:00,8962.050703468061
2021-09-27 21:00:00,8871.73972818852
2021-09-27 22:00:00,8868.46184175884
2021-09-27 23:00:00,8910.542387968302
2021-09-28 00:00:00,8938.958489169538
2021-09-28 01:00:00,8928.327771636294
2021-09-28 02:00:00,8906.956616895874
2021-09-28 03:00:00,8929.818208026072
2021-09-28 04:00:00,9028.974047866128
2021-09-28 05:00:00,9183.968094312548
2021-09-28 06:00:00,9335.214889118985
2021-09-28 07:00:00,9425.845024803402
2021-09-28 08:00:00,9436.194811508924
2021-09-28 09:00:00,9386.897499033228
2021-09-28 10:00:00,9316.512430608605
2021-09-28 11:00:00,9258.140317816335
2021-09-28 12:00:00,9231.643799111893
2021-09-28 13:00:00,9246.70728194343
2021-09-28 14:00:00,9301.840090643076
2021-09-28 15:00:00,9375.555159861757
2021-09-28 16:00:00,9423.523674590173
2021-09-28 17:00:00,9396.725513529296
2021-09-28 18:00:00,9275.435279441554
2021-09-28 19:00:00,9092.175873120117
2021-09-28 20:00:00,8918.586975693801
2021-09-28 21:00:00,8819.735734578107
2021-09-28 22:00:00,8810.057563419536
2021-09-28 23:00:00,8847.781095019536
2021-09-29 00:00:00,8873.769852889716
2021-09-29 01:00:00,8862.513013341235
2021-09-29 02:00:00,8842.175806759755
2021-09-29 03:00:00,8867.57979762894
2021-09-29 04:00:00,8970.626690110437
2021-09-29 05:00:00,9130.694773986284
2021-09-29 06:00:00,9288.02935724623
2021-09-29 07:00:00,9385.590500232498
2021-09-29 08:00:00,9403.544884654571
2021-09-29 09:00:00,9362.359145292301
2021-09-29 10:00:00,9300.431015130165
2021-09-29 11:00:00,9250.706449711983
2021-09-29 12:00:00,9232.901871581467
2021-09-29 13:00:00,9256.56551576102
2021-09-29 14:00:00,9320.081882290668
2021-09-29 15:00:00,9401.851522136812
2021-09-29 16:00:00,9457.446547292198
2021-09-29 17:00:00,9437.761714736593
2021-09-29 18:00:00,9323.000864058435
2021-09-29 19:00:00,9145.630664771952
2021-09-29 20:00:00,8977.249040690314
2021-09-29 21:00:00,8882.895572760945
2021-09-29 22:00:00,8876.99179929363
2021-09-29 23:00:00,8917.765464790175
2021-09-30 00:00:00,8946.09129759209
2021-09-30 01:00:00,8936.48070538014
2021-09-30 02:00:00,8917.130956764035
2021-09-30 03:00:00,8942.90410995914
2021-09-30 04:00:00,9045.74935868981
2021-09-30 05:00:00,9205.097934524347
2021-09-30 06:00:00,9361.251937727118
2021-09-30 07:00:00,9457.230437722548
2021-09-30 08:00:00,9473.259703120273
2021-09-30 09:00:00,9429.86491564478
2021-09-30 10:00:00,9365.49974481156
2021-09-30 11:00:00,9313.16197450714
2021-09-30 12:00:00,9292.614346379169
2021-09-30 13:00:00,9313.444623856552
2021-09-30 14:00:00,9374.068903540669
2021-09-30 15:00:00,9452.910419251259
2021-09-30 16:00:00,9505.55424584166
2021-09-30 17:00:00,9482.897766553926
2021-09-30 18:00:00,9365.136694603283
2021-09-30 19:00:00,9184.718613364954
2021-09-30 20:00:00,9013.211407646082
2021-09-30 21:00:00,8915.613889217106
2021-09-30 22:00:00,8906.296534745157
2021-09-30 23:00:00,8943.426382594263
2021-10-01 00:00:00,8967.808661452338
2021-10-01 01:00:00,8953.877529315374
2021-10-01 02:00:00,8929.74647754463
2021-10-01 03:00:00,8950.188644996382
2021-10-01 04:00:00,9047.060693575895
2021-10-01 05:00:00,9199.699363611933
2021-10-01 06:00:00,9348.312058003
2021-10-01 07:00:00,9435.824771742436
2021-10-01 08:00:00,9442.374200622316
2021-10-01 09:00:00,9388.40135627064
2021-10-01 10:00:00,9312.283036775307
2021-10-01 11:00:00,9246.949315760576
2021-10-01 12:00:00,9212.106186877614
2021-10-01 13:00:00,9217.29733991693
2021-10-01 14:00:00,9260.909068470693
2021-10-01 15:00:00,9321.350528833149
2021-10-01 16:00:00,9354.209733217102
2021-10-01 17:00:00,9310.405118789176
2021-10-01 18:00:00,9170.172463204484
2021-10-01 19:00:00,8966.019093544572
2021-10-01 20:00:00,8769.592746112783
2021-10-01 21:00:00,8645.992368595997
2021-10-01 22:00:00,8609.708773782288
2021-10-01 23:00:00,8619.049185933403
2021-10-02 00:00:00,8614.978250617049
2021-10-02 01:00:00,8572.107887863118
2021-10-02 02:00:00,8518.746548223204
2021-10-02 03:00:00,8509.878124882136
2021-10-02 04:00:00,8577.58418492938
2021-10-02 05:00:00,8701.43865287801
2021-10-02 06:00:00,8821.896313578867
2021-10-02 07:00:00,8882.138471802658
2021-10-02 08:00:00,8862.562626027346
2021-10-02 09:00:00,8783.873509481506
2021-10-02 10:00:00,8684.711875781602
2021-10-02 11:00:00,8598.269221916384
2021-10-02 12:00:00,8544.5076167816
2021-10-02 13:00:00,8533.218643885295
2021-10-02 14:00:00,8563.025491071694
2021-10-02 15:00:00,8612.560440289195
2021-10-02 16:00:00,8637.618173581399
2021-10-02 17:00:00,8589.304769373068
2021-10-02 18:00:00,8448.02219139806
2021-10-02 19:00:00,8246.42024738913
2021-10-02 20:00:00,8056.263403685964
2021-10-02 21:00:00,7942.73977356862
2021-10-02 22:00:00,7920.400212744209
2021-10-02 23:00:00,7947.581584328655
2021-10-03 00:00:00,7965.246782527649
2021-10-03 01:00:00,7947.973909868672
2021-10-03 02:00:00,7924.005179344271
2021-10-03 03:00:00,7948.225802582001
2021-10-03 04:00:00,8052.586531364686
2021-10-03 05:00:00,8216.498986234641
2021-10-03 06:00:00,8380.225135882018
2021-10-03 07:00:00,8486.724257445705
2021-10-03 08:00:00,8516.144224289297
2021-10-03 09:00:00,8488.914459880003
2021-10-03 10:00:00,8443.376916832573
2021-10-03 11:00:00,8412.403252641681
2021-10-03 12:00:00,8415.617345823568
2021-10-03 13:00:00,8462.457133831635
2021-10-03 14:00:00,8551.179775907316
2021-10-03 15:00:00,8660.04236198446
2021-10-03 16:00:00,8744.458550189092
2021-10-03 17:00:00,8755.150971957124
2021-10-03 18:00:00,8672.139171089353
2021-10-03 19:00:00,8527.695017103117
2021-10-03 20:00:00,8393.212942480031
2021-10-03 21:00:00,8333.522284955072
2021-10-03 22:00:00,8362.829632374653
2021-10-03 23:00:00,8439.145198037711
2021-10-04 00:00:00,8503.125782265779
2021-10-04 01:00:00,8529.066683934037
2021-10-04 02:00:00,8544.95310422966
2021-10-04 03:00:00,8605.441277323522
2021-10-04 04:00:00,8742.282971853512
2021-10-04 05:00:00,8934.722476459721
2021-10-04 06:00:00,9122.88741630789
2021-10-04 07:00:00,9249.63671726184
2021-10-04 08:00:00,9295.052554774966
2021-10-04 09:00:00,9279.533620382932
2021-10-04 10:00:00,9241.426062978004
2021-10-04 11:00:00,9213.640278666799
2021-10-04 12:00:00,9215.872698736452
2021-10-04 13:00:00,9257.666567072909
2021-10-04 14:00:00,9337.415723598315
2021-10-04 15:00:00,9433.54363192286
2021-10-04 16:00:00,9501.658053957803
2021-10-04 17:00:00,9492.70123406759
2021-10-04 18:00:00,9386.935384987413
2021-10-04 19:00:00,9216.89544469028
2021-10-04 20:00:00,9054.256484263607
2021-10-04 21:00:00,8964.143080488315
2021-10-04 22:00:00,8961.068584504636
2021-10-04 23:00:00,9003.358348884934
2021-10-05 00:00:00,9031.989504452704
2021-10-05 01:00:00,9021.579685621742
2021-10-05 02:00:00,9000.435281740056
2021-10-05 03:00:00,9023.529483341083
2021-10-05 04:00:00,9122.923800442284
2021-10-05 05:00:00,9278.162197750431
2021-10-05 06:00:00,9429.659223501641
2021-10-05 07:00:00,9520.545476397238
2021-10-05 08:00:00,9531.157272379849
2021-10-05 09:00:00,9482.12786675351
2021-10-05 10:00:00,9412.01660789573
2021-10-05 11:00:00,9353.924212224461
2021-10-05 12:00:00,9327.713322679161
2021-10-05 13:00:00,9343.068350859745
2021-10-05 14:00:00,9398.49862490765
2021-10-05 15:00:00,9472.517082970537
2021-10-05 16:00:00,9520.794913163381
2021-10-05 17:00:00,9494.31199699866
2021-10-05 18:00:00,9373.34293970334
2021-10-05 19:00:00,9190.410644198226
2021-10-05 20:00:00,9017.154793398158
2021-10-05 21:00:00,8918.6425361631
2021-10-05 22:00:00,8909.309287257405
2021-10-05 23:00:00,8947.383680236133
2021-10-06 00:00:00,8973.729239040082
2021-10-06 01:00:00,8962.835140065717
2021-10-06 02:00:00,8942.866613446595
2021-10-06 03:00:00,8968.64522305119
2021-10-06 04:00:00,9072.072672113847
2021-10-06 05:00:00,9232.52724912649
2021-10-06 06:00:00,9390.254260449323
2021-10-06 07:00:00,9488.213764452858
2021-10-06 08:00:00,9506.57244053243
2021-10-06 09:00:00,9465.796920814293
2021-10-06 10:00:00,9404.284935269847
2021-10-06 11:00:00,9354.982436110286
2021-10-06 12:00:00,9337.605842175593
2021-10-06 13:00:00,9361.70338446127
2021-10-06 14:00:00,9425.659558623853
2021-10-06 15:00:00,9507.87491090439
2021-10-06 16:00:00,9563.921548226534
2021-10-06 17:00:00,9544.694222157295
2021-10-06 18:00:00,9430.396766531343
2021-10-06 19:00:00,9253.495844742223
2021-10-06 20:00:00,9085.589374171182
2021-10-06 21:00:00,8991.716928965086
2021-10-06 22:00:00,8986.300040290631
2021-10-06 23:00:00,9027.56644517064
2021-10-07 00:00:00,9056.390864119849
2021-10-07 01:00:00,9047.284696641975
2021-10-07 02:00:00,9028.445202818888
2021-10-07 03:00:00,9054.734432017845
2021-10-07 04:00:00,9158.101568749871
2021-10-07 05:00:00,9317.97783503062
2021-10-07 06:00:00,9474.665321221699
2021-10-07 07:00:00,9571.183086523073
2021-10-07 08:00:00,9587.757388944625
2021-10-07 09:00:00,9544.913399289517
2021-10-07 10:00:00,9481.104775802365
2021-10-07 11:00:00,9429.32929076102
2021-10-07 12:00:00,9409.349673840268
2021-10-07 13:00:00,9430.753676180877
2021-10-07 14:00:00,9491.957381746488
2021-10-07 15:00:00,9571.384011362456
2021-10-07 16:00:00,9624.618626560521
2021-10-07 17:00:00,9602.558596916688
2021-10-07 18:00:00,9485.399621645485
2021-10-07 19:00:00,9305.589269757349
2021-10-07 20:00:00,9134.695411388819
2021-10-07 21:00:00,9037.716843276849
2021-10-07 22:00:00,9029.024026720983
2021-10-07 23:00:00,9066.783984372678
2021-10-08 00:00:00,9091.801928899422
2021-10-08 01:00:00,9078.512001897985
2021-10-08 02:00:00,9055.027678008568
2021-10-08 03:00:00,9076.122079043547
2021-10-08 04:00:00,9173.651849519569
2021-10-08 05:00:00,9326.953712033068
2021-10-08 06:00:00,9476.235051417185
2021-10-08 07:00:00,9564.421844290579
2021-10-08 08:00:00,9571.650767694566
2021-10-08 09:00:00,9518.362814207943
2021-10-08 10:00:00,9442.934762524648
2021-10-08 11:00:00,9378.296666550857
2021-10-08 12:00:00,9344.154499866516
2021-10-08 13:00:00,9350.051931885273
2021-10-08 14:00:00,9394.375235491152
2021-10-08 15:00:00,9455.53354592724
2021-10-08 16:00:00,9489.11485403754
2021-10-08 17:00:00,9446.03757529151
2021-10-08 18:00:00,9306.53746532795
2021-10-08 19:00:00,9103.121828863525
2021-10-08 20:00:00,8907.43837954437
2021-10-08 21:00:00,8784.586042054641
2021-10-08 22:00:00,8749.055605862854
2021-10-08 23:00:00,8759.154271584894
2021-10-09 00:00:00,8755.846660840081
2021-10-09 01:00:00,8713.744669368907
2021-10-09 02:00:00,8661.156723116052
2021-10-09 03:00:00,8653.066690360467
2021-10-09 04:00:00,8721.556112952498
2021-10-09 05:00:00,8846.198889853924
2021-10-09 06:00:00,8967.449780044084
2021-10-09 07:00:00,9028.49006213059
2021-10-09 08:00:00,9009.717208088623
2021-10-09 09:00:00,8931.835924338462
2021-10-09 10:00:00,8833.486937391503
2021-10-09 11:00:00,8747.861716809364
2021-10-09 12:00:00,8694.922303764542
2021-10-09 13:00:00,8684.460253711568
2021-10-09 14:00:00,8715.098726168657
2021-10-09 15:00:00,8765.469974418553
2021-10-09 16:00:00,8791.368651566574
2021-10-09 17:00:00,8743.900806773934
2021-10-09 18:00:00,8603.468374223306
2021-10-09 19:00:00,8402.721131792561
2021-10-09 20:00:00,8213.423515669781
2021-10-09 21:00:00,8100.7636086796365
2021-10-09 22:00:00,8079.292235779649
2021-10-09 23:00:00,8107.346229059779
2021-10-10 00:00:00,8125.888451376666
2021-10-10 01:00:00,8109.496973638028
2021-10-10 02:00:00,8086.413976920694
2021-10-10 03:00:00,8111.524640652047
2021-10-10 04:00:00,8216.779684109137
2021-10-10 05:00:00,8381.590695067096
2021-10-10 06:00:00,8546.219609148151
2021-10-10 07:00:00,8653.625670143962
2021-10-10 08:00:00,8683.956717789699
2021-10-10 09:00:00,8657.642141645683
2021-10-10 10:00:00,8613.023860144096
2021-10-10 11:00:00,8582.973496299017
2021-10-10 12:00:00,8587.114893902368
2021-10-10 13:00:00,8634.885955386986
2021-10-10 14:00:00,8724.543804705841
2021-10-10 15:00:00,8834.345496230739
2021-10-10 16:00:00,8919.704652273762
2021-10-10 17:00:00,8931.343868164327
2021-10-10 18:00:00,8849.282651338839
2021-10-10 19:00:00,8705.792834700145
2021-10-10 20:00:00,8572.26881383926
2021-10-10 21:00:00,8513.539889336638
2021-10-10 22:00:00,8543.812611623214
2021-10-10 23:00:00,8621.097156350112
2021-10-11 00:00:00,8686.050285893667
2021-10-11 01:00:00,8712.96726097104
2021-10-11 02:00:00,8729.83324432859
2021-10-11 03:00:00,8791.304431465063
2021-10-11 04:00:00,8929.132552066605
2021-10-11 05:00:00,9122.561855636523
2021-10-11 06:00:00,9311.719927888951
2021-10-11 07:00:00,9439.465655029762
2021-10-11 08:00:00,9485.881172608402
2021-10-11 09:00:00,9471.365132010149
2021-10-11 10:00:00,9434.263641751122
2021-10-11 11:00:00,9407.487057300394
2021-10-11 12:00:00,9410.731769108157
2021-10-11 13:00:00,9453.540979966827
2021-10-11 14:00:00,9534.308488480674
2021-10-11 15:00:00,9631.457716710702
2021-10-11 16:00:00,9700.59638480786
2021-10-11 17:00:00,9692.666695129332
2021-10-11 18:00:00,9587.930818196466
2021-10-11 19:00:00,9418.923649543814
2021-10-11 20:00:00,9257.32021760182
2021-10-11 21:00:00,9168.245056274221
2021-10-11 22:00:00,9166.211473609246
2021-10-11 23:00:00,9209.544778893072
2021-10-12 00:00:00,9239.22205942301
2021-10-12 01:00:00,9229.860905899704
2021-10-12 02:00:00,9209.76766374562
2021-10-12 03:00:00,9233.9154793724
2021-10-12 04:00:00,9334.365818450686
2021-10-12 05:00:00,9490.662601159487
2021-10-12 06:00:00,9643.220331031229
2021-10-12 07:00:00,9735.169561812709
2021-10-12 08:00:00,9746.846564339534
2021-10-12 09:00:00,9698.88454861307
2021-10-12 10:00:00,9629.842817505192
2021-10-12 11:00:00,9572.822041746587
2021-10-12 12:00:00,9547.684818420597
2021-10-12 13:00:00,9564.11551306554
2021-10-12 14:00:00,9620.623407601093
2021-10-12 15:00:00,9695.721393755268
2021-10-12 16:00:00,9745.080613061406
2021-10-12 17:00:00,9719.68090027769
2021-10-12 18:00:00,9599.796813692376
2021-10-12 19:00:00,9417.951209142873
2021-10-12 20:00:00,9245.783722263908
2021-10-12 21:00:00,9148.36145449699
2021-10-12 22:00:00,9140.119773011294
2021-10-12 23:00:00,9179.287263610617
2021-10-13 00:00:00,9206.727402327517
2021-10-13 01:00:00,9196.929317499955
2021-10-13 02:00:00,9178.058191042794
2021-10-13 03:00:00,9204.935538462203
2021-10-13 04:00:00,9309.46301447816
2021-10-13 05:00:00,9471.018858918918
2021-10-13 06:00:00,9629.848329355604
2021-10-13 07:00:00,9728.911435198803
2021-10-13 08:00:00,9748.37480678234
2021-10-13 09:00:00,9708.705027002427
2021-10-13 10:00:00,9648.299776486898
2021-10-13 11:00:00,9600.104957966729
2021-10-13 12:00:00,9583.836940672474
2021-10-13 13:00:00,9609.043905864773
2021-10-13 14:00:00,9674.110299335085
2021-10-13 15:00:00,9757.436617362535
2021-10-13 16:00:00,9814.594916755535
2021-10-13 17:00:00,9796.479898877482
2021-10-13 18:00:00,9683.295347228757
2021-10-13 19:00:00,9507.507874768578
2021-10-13 20:00:00,9340.715348326443
2021-10-13 21:00:00,9247.957291404166
2021-10-13 22:00:00,9243.655184406616
2021-10-13 23:00:00,9286.036713498426
2021-10-14 00:00:00,9315.976548240289
2021-10-14 01:00:00,9307.986037082204
2021-10-14 02:00:00,9290.262388967689
2021-10-14 03:00:00,9317.667602022511
2021-10-14 04:00:00,9422.150809435603
2021-10-14 05:00:00,9583.143181809633
2021-10-14 06:00:00,9740.946758022792
2021-10-14 07:00:00,9838.580545688545
2021-10-14 08:00:00,9856.27075118126
2021-10-14 09:00:00,9814.542493568517
2021-10-14 10:00:00,9751.849379300975
2021-10-14 11:00:00,9701.189128788057
2021-10-14 12:00:00,9682.324419771436
2021-10-14 13:00:00,9704.84295138761
2021-10-14 14:00:00,9767.16075554057
2021-10-14 15:00:00,9847.701000933223
2021-10-14 16:00:00,9902.048696919404
2021-10-14 17:00:00,9881.101160847473
2021-10-14 18:00:00,9765.054039637294
2021-10-14 19:00:00,9586.35484998378
2021-10-14 20:00:00,9416.57140962818
2021-10-14 21:00:00,9320.702462897663
2021-10-14 22:00:00,9313.118418624206
2021-10-14 23:00:00,9351.986246957824
2021-10-15 00:00:00,9378.111108030625
2021-10-15 01:00:00,9365.927090872417
2021-10-15 02:00:00,9343.547617529615
2021-10-15 03:00:00,9365.74575717366
2021-10-15 04:00:00,9464.378101685692
2021-10-15 05:00:00,9618.781320983851
2021-10-15 06:00:00,9769.162747201095
2021-10-15 07:00:00,9858.448304266949
2021-10-15 08:00:00,9866.774616493234
2021-10-15 09:00:00,9814.582623720624
2021-10-15 10:00:00,9740.249051902787
2021-10-15 11:00:00,9676.703902193676
2021-10-15 12:00:00,9643.653095438403
2021-10-15 13:00:00,9650.640248293023
2021-10-15 14:00:00,9696.051580887533
2021-10-15 15:00:00,9758.296175741327
2021-10-15 16:00:00,9792.961970945395
2021-10-15 17:00:00,9750.967329255023
2021-10-15 18:00:00,9612.54795359778
2021-10-15 19:00:00,9410.211095998231
2021-10-15 20:00:00,9215.604417427836
2021-10-15 21:00:00,9093.826789913628
2021-10-15 22:00:00,9059.368950307338
2021-10-15 23:00:00,9070.538046610782
2021-10-16 00:00:00,9068.298647877322
2021-10-16 01:00:00,9027.262597309511
2021-10-16 02:00:00,8975.738268355784
2021-10-16 03:00:00,8968.709476813507
2021-10-16 04:00:00,9038.257712126653
2021-10-16 05:00:00,9163.95682087209
2021-10-16 06:00:00,9286.261509690188
2021-10-16 07:00:00,9348.353004906834
2021-10-16 08:00:00,9330.628726261519
2021-10-16 09:00:00,9253.793328008569
2021-10-16 10:00:00,9156.487484523299
2021-10-16 11:00:00,9071.902613326472
2021-10-16 12:00:00,9020.00070357033
2021-10-16 13:00:00,9010.573258795384
2021-10-16 14:00:00,9042.24338664475
2021-10-16 15:00:00,9093.64328862529
2021-10-16 16:00:00,9120.567566106665
2021-10-16 17:00:00,9074.122216616533
2021-10-16 18:00:00,8934.70912277311
2021-10-16 19:00:00,8734.978010988181
2021-10-16 20:00:00,8546.693266016984
2021-10-16 21:00:00,8435.04291941049
2021-10-16 22:00:00,8414.577744905147
2021-10-16 23:00:00,8443.63452345469
2021-10-17 00:00:00,8463.176066891543
2021-10-17 01:00:00,8447.780395193118
2021-10-17 02:00:00,8425.689638613598
2021-10-17 03:00:00,8451.788925837627
2021-10-17 04:00:00,8558.028925540451
2021-10-17 05:00:00,8723.821174980412
2021-10-17 06:00:00,8889.427559382015
2021-10-17 07:00:00,8997.807272253489
2021-10-17 08:00:00,9029.108103164315
2021-10-17 09:00:00,9003.75939163423
2021-10-17 10:00:00,8960.103006162097
2021-10-17 11:00:00,8931.010519975422
2021-10-17 12:00:00,8936.105727193288
2021-10-17 13:00:00,8984.826480709422
2021-10-17 14:00:00,9075.429855062781
2021-10-17 15:00:00,9186.172855378438
2021-10-17 16:00:00,9272.469054817324
2021-10-17 17:00:00,9285.04099973168
2021-10-17 18:00:00,9203.908148707209
2021-10-17 19:00:00,9061.342285952538
2021-10-17 20:00:00,8928.737758514053
2021-10-17 21:00:00,8870.923818558249
2021-10-17 22:00:00,8902.106968300093
2021-10-17 23:00:00,8980.297335282987
2021-10-18 00:00:00,9046.151633977686
2021-10-18 01:00:00,9073.96507732603
2021-10-18 02:00:00,9091.72278047998
2021-10-18 03:00:00,9154.080891515423
2021-10-18 04:00:00,9292.791092859072
2021-10-18 05:00:00,9487.097586922184
2021-10-18 06:00:00,9677.127912503844
2021-10-18 07:00:00,9805.740909091157
2021-10-18 08:00:00,9853.018665677264
2021-10-18 09:00:00,9839.359787272651
2021-10-18 10:00:00,9803.110336215334
2021-10-18 11:00:00,9777.180621984475
2021-10-18 12:00:00,9781.266989212869
2021-10-18 13:00:00,9824.912595091704
2021-10-18 14:00:00,9906.51119281576
2021-10-18 15:00:00,10004.48615921906
2021-10-18 16:00:00,10074.445169440658
2021-10-18 17:00:00,10067.33038102634
2021-10-18 18:00:00,9963.40391989853
2021-10-18 19:00:00,9795.200637175501
2021-10-18 20:00:00,9634.395517118717
2021-10-18 21:00:00,9546.113049652402
2021-10-18 22:00:00,9544.866499065196
2021-10-18 23:00:00,9588.981131098026
2021-10-19 00:00:00,9619.43398974291
2021-10-19 01:00:00,9610.842622597194
2021-10-19 02:00:00,9591.513332204688
2021-10-19 03:00:00,9616.419222345075
2021-10-19 04:00:00,9717.621716273208
2021-10-19 05:00:00,9874.664691986814
2021-10-19 06:00:00,10027.962611067513
2021-10-19 07:00:00,10120.645985569996
2021-10-19 08:00:00,10133.051044846556
2021-10-19 09:00:00,10085.810957678477
2021-10-19 10:00:00,10017.484985957206
2021-10-19 11:00:00,9961.17375968339
2021-10-19 12:00:00,9936.739835440734
2021-10-19 13:00:00,9953.86753854182
2021-10-19 14:00:00,10011.066110933089
2021-10-19 15:00:00,10086.848404605289
2021-10-19 16:00:00,10136.885521628095
2021-10-19 17:00:00,10112.15725755819
2021-10-19 18:00:00,9992.938131742929
2021-10-19 19:00:00,9811.750961326892
2021-10-19 20:00:00,9640.23534354942
2021-10-19 21:00:00,9543.458341704392
2021-10-19 22:00:00,9535.855285089716
2021-10-19 23:00:00,9575.654721907664
2021-10-20 00:00:00,9603.720090885261
2021-10-20 01:00:00,9594.540483306391
2021-10-20 02:00:00,9576.281044321433
2021-10-20 03:00:00,9603.763252965442
2021-10-20 04:00:00,9708.888727760119
2021-10-20 05:00:00,9871.035672624153
2021-10-20 06:00:00,10030.449309502186
2021-10-20 07:00:00,10130.089612494368
2021-10-20 08:00:00,10150.123176879752
2021-10-20 09:00:00,10111.016550820837
2021-10-20 10:00:00,10051.167380501713
2021-10-20 11:00:00,10003.521534512047
2021-10-20 12:00:00,9987.79534822755
2021-10-20 13:00:00,10013.536969373885
2021-10-20 14:00:00,10079.13081051505
2021-10-20 15:00:00,10162.977334988187
2021-10-20 16:00:00,10220.648566986449
2021-10-20 17:00:00,10203.039175569287
2021-10-20 18:00:00,10090.352912234252
2021-10-20 19:00:00,9915.05635825644
2021-10-20 20:00:00,9748.747349113013
2021-10-20 21:00:00,9656.46537725561
2021-10-20 22:00:00,9652.63189235843
2021-10-20 23:00:00,9695.474550187368
2021-10-21 00:00:00,9725.867990222356
2021-10-21 01:00:00,9718.32353116641
2021-10-21 02:00:00,9701.038352526066
2021-10-21 03:00:00,9728.874423349669
2021-10-21 04:00:00,9833.780848044047
2021-10-21 05:00:00,9995.188768793802
2021-10-21 06:00:00,10153.400196377328
2021-10-21 07:00:00,10251.434110648865
2021-10-21 08:00:00,10269.51669056311
2021-10-21 09:00:00,10228.173028107058
2021-10-21 10:00:00,10165.856703000962
2021-10-21 11:00:00,10115.565409240808
2021-10-21 12:00:00,10097.061798536943
2021-10-21 13:00:00,10119.933544316256
2021-10-21 14:00:00,10182.596653128132
2021-10-21 15:00:00,10263.474268666463
2021-10-21 16:00:00,10318.151375644447
2021-10-21 17:00:00,10297.525267100005
2021-10-21 18:00:00,10181.791566013962
2021-10-21 19:00:00,10003.397765493113
2021-10-21 20:00:00,9833.911660048238
2021-10-21 21:00:00,9738.331971134707
2021-10-21 22:00:00,9731.029085068558
2021-10-21 23:00:00,9770.169949868663
2021-10-22 00:00:00,9796.559703866651
2021-10-22 01:00:00,9784.632414680429
2021-10-22 02:00:00,9762.501483302101
2021-10-22 03:00:00,9784.939958232835
2021-10-22 04:00:00,9883.804411019399
2021-10-22 05:00:00,10038.431491650083
2021-10-22 06:00:00,10189.028512680163
2021-10-22 07:00:00,10278.521378844513
2021-10-22 08:00:00,10287.046695631027
2021-10-22 09:00:00,10235.045384436899
2021-10-22 10:00:00,10160.894153150382
2021-10-22 11:00:00,10097.522985221553
2021-10-22 12:00:00,10064.637784199242
2021-10-22 13:00:00,10071.782149801464
2021-10-22 14:00:00,10117.342285623004
2021-10-22 15:00:00,10179.727258003308
2021-10-22 16:00:00,10214.524989273681
2021-10-22 17:00:00,10172.653826783819
2021-10-22 18:00:00,10034.349458461464
2021-10-22 19:00:00,9832.119121714979
2021-10-22 20:00:00,9637.610463287747
2021-10-22 21:00:00,9515.92234136997
2021-10-22 22:00:00,9481.545479360095
2021-10-22 23:00:00,9492.78701222437
2021-10-23 00:00:00,9490.61149633875
2021-10-23 01:00:00,9449.63076264746
2021-10-23 02:00:00,9398.153172732937
2021-10-23 03:00:00,9391.16253091792
2021-10-23 04:00:00,9460.74031556032
2021-10-23 05:00:00,9586.460362568641
2021-10-23 06:00:00,9708.777368306257
2021-10-23 07:00:00,9770.8725492174
2021-10-23 08:00:00,9753.143315565872
2021-10-23 09:00:00,9676.294312530132
2021-10-23 10:00:00,9578.966205820418
2021-10-23 11:00:00,9494.350404670282
2021-10-23 12:00:00,9442.408890385157
2021-10-23 13:00:00,9432.933159039423
2021-10-23 14:00:00,9464.546311223263
2021-10-23 15:00:00,9515.880541786237
2021-10-23 16:00:00,9542.730445874782
2021-10-23 17:00:00,9496.20201517722
2021-10-23 18:00:00,9356.697126889845
2021-10-23 19:00:00,9156.865502391218
2021-10-23 20:00:00,8968.471521860056
2021-10-23 21:00:00,8856.703212641889
2021-10-23 22:00:00,8836.111344686833
2021-10-23 23:00:00,8865.032695584796
2021-10-24 00:00:00,8884.430074201946
2021-10-24 01:00:00,8868.881497971919
2021-10-24 02:00:00,8846.629095017655
2021-10-24 03:00:00,8872.557992303902
2021-10-24 04:00:00,8978.618857200652
2021-10-24 05:00:00,9144.223226071226
2021-10-24 06:00:00,9309.632983675636
2021-10-24 07:00:00,9417.80732344582
2021-10-24 08:00:00,9448.89403532462
2021-10-24 09:00:00,9423.32245959135
2021-10-24 10:00:00,9379.434465938228
2021-10-24 11:00:00,9350.101629197294
2021-10-24 12:00:00,9354.947745512787
2021-10-24 13:00:00,9403.410670217057
2021-10-24 14:00:00,9493.747480707487
2021-10-24 15:00:00,9604.215185381401
2021-10-24 16:00:00,9690.227361095613
2021-10-24 17:00:00,9702.506558318411
2021-10-24 18:00:00,9621.072240157502
2021-10-24 19:00:00,9478.196195785138
2021-10-24 20:00:00,9345.27277760229
2021-10-24 21:00:00,9287.13124357198
2021-10-24 22:00:00,9317.978102111627
2021-10-24 23:00:00,9395.82348738765
2021-10-25 00:00:00,9461.324120921789
2021-10-25 01:00:00,9488.77522311583
2021-10-25 02:00:00,9506.161917006046
2021-10-25 03:00:00,9568.14035896852
2021-10-25 04:00:00,9706.462240159346
2021-10-25 05:00:00,9900.371772117063
2021-10-25 06:00:00,10089.996503215278
2021-10-25 07:00:00,10218.195282902388
2021-10-25 08:00:00,10265.050210586087
2021-10-25 09:00:00,10250.959902080705
2021-10-25 10:00:00,10214.270430963717
2021-10-25 11:00:00,10187.892118366915
2021-10-25 12:00:00,10191.521320994361
2021-10-25 13:00:00,10234.701208523817
2021-10-25 14:00:00,10315.825547057455
2021-10-25 15:00:00,10413.317726751886
2021-10-25 16:00:00,10482.785436487311
2021-10-25 17:00:00,10475.170847971945
2021-10-25 18:00:00,10370.736101689969
2021-10-25 19:00:00,10202.016063767956
2021-10-25 20:00:00,10040.685733853912
2021-10-25 21:00:00,9951.869617708026
2021-10-25 22:00:00,9950.080995848588
2021-10-25 23:00:00,9993.645150667811
2021-10-26 00:00:00,10023.539143220238
2021-10-26 01:00:00,10014.380538582265
2021-10-26 02:00:00,9994.475657190002
2021-10-26 03:00:00,10018.797621127735
2021-10-26 04:00:00,10119.40787236436
2021-10-26 05:00:00,10275.850308020565
2021-10-26 06:00:00,10428.539409225292
2021-10-26 07:00:00,10520.60570796659
2021-10-26 08:00:00,10532.385453971025
2021-10-26 09:00:00,10484.511836770893
2021-10-26 10:00:00,10415.54413944103
2021-10-26 11:00:00,10358.583013562878
2021-10-26 12:00:00,10333.491037709036
2021-10-26 13:00:00,10349.952559585976
2021-10-26 14:00:00,10406.476843934599
2021-10-26 15:00:00,10481.576765967626
2021-10-26 16:00:00,10530.92345134596
2021-10-26 17:00:00,10505.496719644943
2021-10-26 18:00:00,10385.571114625862
2021-10-26 19:00:00,10203.669478261061
2021-10-26 20:00:00,10031.431432969723
2021-10-26 21:00:00,9933.924067690914
2021-10-26 22:00:00,9925.582737736713
2021-10-26 23:00:00,9964.636017707173
2021-10-27 00:00:00,9991.947373141213
2021-10-27 01:00:00,9982.005922527416
2021-10-27 02:00:00,9962.976838619736
2021-10-27 03:00:00,9989.681628430697
2021-10-27 04:00:00,10094.021938880642
2021-10-27 05:00:00,10255.376002660107
2021-10-27 06:00:00,10413.989070876987
2021-10-27 07:00:00,10512.821147187795
2021-10-27 08:00:00,10532.038856816489
2021-10-27 09:00:00,10492.108778260219
2021-10-27 10:00:00,10431.428588410248
2021-10-27 11:00:00,10382.944186968742
2021-10-27 12:00:00,10366.37194079251
2021-10-27 13:00:00,10391.260029474239
2021-10-27 14:00:00,10455.992897819367
2021-10-27 15:00:00,10538.971041811212
2021-10-27 16:00:00,10595.766518631177
2021-10-27 17:00:00,10577.274030730248
2021-10-27 18:00:00,10463.697363365362
2021-10-27 19:00:00,10287.503131946392
2021-10-27 20:00:00,10120.289206457655
2021-10-27 21:00:00,10027.095114225436
2021-10-27 22:00:00,10022.342340183204
2021-10-27 23:00:00,10064.258575703294
2021-10-28 00:00:00,10093.718496255855
2021-10-28 01:00:00,10085.23345689591
2021-10-28 02:00:00,10067.000673853017
2021-10-28 03:00:00,10093.882153236384
2021-10-28 04:00:00,10197.827036903866
2021-10-28 05:00:00,10358.26650485593
2021-10-28 06:00:00,10515.50260600675
2021-10-28 07:00:00,10612.554358733354
2021-10-28 08:00:00,10629.647980862048
2021-10-28 09:00:00,10587.30860360806
2021-10-28 10:00:00,10523.989846255918
2021-10-28 11:00:00,10472.6894427413
2021-10-28 12:00:00,10453.170085044738
2021-10-28 13:00:00,10475.019487214582
2021-10-28 14:00:00,10536.653696760197
2021-10-28 15:00:00,10616.495898703482
2021-10-28 16:00:00,10670.131119393018
2021-10-28 17:00:00,10648.456693865062
2021-10-28 18:00:00,10531.668287430166
2021-10-28 19:00:00,10352.213435862705
2021-10-28 20:00:00,10181.659976674495
2021-10-28 21:00:00,10085.006674649341
2021-10-28 22:00:00,10076.623959778835
2021-10-28 23:00:00,10114.678824063098
2021-10-29 00:00:00,10139.9764501578
2021-10-29 01:00:00,10126.950950326996
2021-10-29 02:00:00,10103.715770537756
2021-10-29 03:00:00,10125.044004565101
2021-10-29 04:00:00,10222.792269579288
2021-10-29 05:00:00,10376.297261480106
2021-10-29 06:00:00,10525.766339093823
2021-10-29 07:00:00,10614.125453678409
2021-10-29 08:00:00,10621.511257598399
2021-10-29 09:00:00,10568.364719430672
2021-10-29 10:00:00,10493.062594534738
2021-10-29 11:00:00,10428.534914162252
2021-10-29 12:00:00,10394.487629938718
2021-10-29 13:00:00,10400.464389983275
2021-10-29 14:00:00,10444.85144657006
2021-10-29 15:00:00,10506.057915030544
2021-10-29 16:00:00,10539.671766973635
2021-10-29 17:00:00,10496.61139932191
2021-10-29 18:00:00,10357.112549871
2021-10-29 19:00:00,10153.68250616341
2021-10-29 20:00:00,9957.968965393893
2021-10-29 21:00:00,9835.070836463796
2021-10-29 22:00:00,9799.478893770549
2021-10-29 23:00:00,9809.500323556542
2021-10-30 00:00:00,9806.099733758587
2021-10-30 01:00:00,9763.889007144044
2021-10-30 02:00:00,9711.176557385761
2021-10-30 03:00:00,9702.946241193125
2021-10-30 04:00:00,9771.279589552978
2021-10-30 05:00:00,9895.750491273966
2021-10-30 06:00:00,10016.813695875895
2021-10-30 07:00:00,10077.650473242074
2021-10-30 08:00:00,10058.658287300053
2021-10-30 09:00:00,9980.541837169982
2021-10-30 10:00:00,9881.941842750088
2021-10-30 11:00:00,9796.049767716167
2021-10-30 12:00:00,9742.827648044631
2021-10-30 13:00:00,9732.067034749663
2021-10-30 14:00:00,9762.391083594339
2021-10-30 15:00:00,9812.432044845253
2021-10-30 16:00:00,9837.984569287346
2021-10-30 17:00:00,9790.154704500435
2021-10-30 18:00:00,9649.344383804008
2021-10-30 19:00:00,9448.203384906585
2021-10-30 20:00:00,9258.496144579633
2021-10-30 21:00:00,9145.410746960802
2021-10-30 22:00:00,9123.498019021234
2021-10-30 23:00:00,9151.094795584811
2021-10-31 00:00:00,9169.163942988655
2021-10-31 01:00:00,9152.283536333489
2021-10-31 02:00:00,9128.695761608506
2021-10-31 03:00:00,9153.285803890692
2021-10-31 04:00:00,9258.004388840223
2021-10-31 05:00:00,9422.263111319928
2021-10-31 06:00:00,9586.32391478482
2021-10-31 07:00:00,9693.146051583068
2021-10-31 08:00:00,9722.877370733562
2021-10-31 09:00:00,9695.947271810837
2021-10-31 10:00:00,9650.697683983148
2021-10-31 11:00:00,9620.000241751162
2021-10-31 12:00:00,9623.478801091003
2021-10-31 13:00:00,9670.571277371482
2021-10-31 14:00:00,9759.534808205999
2021-10-31 15:00:00,9868.626462359318
2021-10-31 16:00:00,9953.259877248674
2021-10-31 17:00:00,9964.157664068298
2021-10-31 18:00:00,9881.339346823372
2021-10-31 19:00:00,9737.076775727644
2021-10-31 20:00:00,9602.76436441549
2021-10-31 21:00:00,9543.231432219663
2021-10-31 22:00:00,9572.684549088612
2021-10-31 23:00:00,9649.13391086774
2021-11-01 00:00:00,9713.23630092776
2021-11-01 01:00:00,9739.287001641398
2021-11-01 02:00:00,9755.271198166089
2021-11-01 03:00:00,9815.845109149976
2021-11-01 04:00:00,9952.760488153372
2021-11-01 05:00:00,10145.261609251456
2021-11-01 06:00:00,10333.476083475678
2021-11-01 07:00:00,10460.262823107134
2021-11-01 08:00:00,10505.703990452665
2021-11-01 09:00:00,10490.198264380298
2021-11-01 10:00:00,10452.091781641717
2021-11-01 11:00:00,10424.294926648494
2021-11-01 12:00:00,10426.504119511583
2021-11-01 13:00:00,10468.262593416955
2021-11-01 14:00:00,10547.96417808607
2021-11-01 15:00:00,10644.0323273946
2021-11-01 16:00:00,10712.074794061047
2021-11-01 17:00:00,10703.033813705859
2021-11-01 18:00:00,10597.171590842077
2021-11-01 19:00:00,10427.02305570836
2021-11-01 20:00:00,10264.263272157215
2021-11-01 21:00:00,10174.016810233346
2021-11-01 22:00:00,10170.797014825217
2021-11-01 23:00:00,10212.929232793065
2021-11-02 00:00:00,10241.390589706187
2021-11-02 01:00:00,10230.798715251598
2021-11-02 02:00:00,10209.459994542094
2021-11-02 03:00:00,10232.347614410291
2021-11-02 04:00:00,10331.523081618057
2021-11-02 05:00:00,10486.530358170658
2021-11-02 06:00:00,10637.783990118252
2021-11-02 07:00:00,10728.414574432994
2021-11-02 08:00:00,10738.758425877622
2021-11-02 09:00:00,10689.44879906957
2021-11-02 10:00:00,10619.045042220647
2021-11-02 11:00:00,10560.64787207176
2021-11-02 12:00:00,10534.119932415242
2021-11-02 13:00:00,10549.145636209996
2021-11-02 14:00:00,10604.234313475334
2021-11-02 15:00:00,10677.898904726493
2021-11-02 16:00:00,10725.810600991132
2021-11-02 17:00:00,10698.949287178648
2021-11-02 18:00:00,10577.58957244489
2021-11-02 19:00:00,10394.2543641617
2021-11-02 20:00:00,10220.583350162362
2021-11-02 21:00:00,10121.643684810511
2021-11-02 22:00:00,10111.870788842829
2021-11-02 23:00:00,10149.49330231447
2021-11-03 00:00:00,10175.374756183832
2021-11-03 01:00:00,10164.004334382193
2021-11-03 02:00:00,10143.547275096029
2021-11-03 03:00:00,10168.825150761235
2021-11-03 04:00:00,10271.739673698263
2021-11-03 05:00:00,10431.669142002715
2021-11-03 06:00:00,10588.858872156052
2021-11-03 07:00:00,10686.26893317009
2021-11-03 08:00:00,10704.066015599126
2021-11-03 09:00:00,10662.716763246663
2021-11-03 10:00:00,10600.618918279952
2021-11-03 11:00:00,10550.71844562389
2021-11-03 12:00:00,10532.731777350753
2021-11-03 13:00:00,10556.207158206904
2021-11-03 14:00:00,10619.529098113017
2021-11-03 15:00:00,10701.098158114917
2021-11-03 16:00:00,10756.486460425198
2021-11-03 17:00:00,10736.588772446716
2021-11-03 18:00:00,10621.6089443479
2021-11-03 19:00:00,10444.013656385996
2021-11-03 20:00:00,10275.400843336713
2021-11-03 21:00:00,10180.810097217865
2021-11-03 22:00:00,10174.662967627697
2021-11-03 23:00:00,10215.187210520035
2021-11-04 00:00:00,10243.25756584588
2021-11-04 01:00:00,10233.385453084768
2021-11-04 02:00:00,10213.768152802588
2021-11-04 03:00:00,10239.267735353087
2021-11-04 04:00:00,10341.833406762573
2021-11-04 05:00:00,10500.89641108612
2021-11-04 06:00:00,10656.758861221717
2021-11-04 07:00:00,10752.439839403973
2021-11-04 08:00:00,10768.165627246542
2021-11-04 09:00:00,10724.461419617772
2021-11-04 10:00:00,10659.780899363392
2021-11-04 11:00:00,10607.121863863607
2021-11-04 12:00:00,10586.247068430373
2021-11-04 13:00:00,10606.744290320714
2021-11-04 14:00:00,10667.029640136547
2021-11-04 15:00:00,10745.526365862414
2021-11-04 16:00:00,10797.819556686458
2021-11-04 17:00:00,10774.806610356685
2021-11-04 18:00:00,10656.683254745403
2021-11-04 19:00:00,10475.89708807979
2021-11-04 20:00:00,10304.016010150306
2021-11-04 21:00:00,10206.038847904381
2021-11-04 22:00:00,10196.336093333752
2021-11-04 23:00:00,10233.07480029334
2021-11-05 00:00:00,10257.060213140512
2021-11-05 01:00:00,10242.726505687377
2021-11-05 02:00:00,10218.187185287283
2021-11-05 03:00:00,10238.215406939453
2021-11-05 04:00:00,10334.667848872412
2021-11-05 05:00:00,10486.881267870238
2021-11-05 06:00:00,10635.063083489904
2021-11-05 07:00:00,10722.139307513817
2021-11-05 08:00:00,10728.24665269263
2021-11-05 09:00:00,10673.826147768104
2021-11-05 10:00:00,10597.254608107576
2021-11-05 11:00:00,10531.462124772903
2021-11-05 12:00:00,10496.15470901431
2021-11-05 13:00:00,10500.87606837435
2021-11-05 14:00:00,10544.01251436034
2021-11-05 15:00:00,10603.973221334158
2021-11-05 16:00:00,10636.346219734973
2021-11-05 17:00:00,10592.0499651098
2021-11-05 18:00:00,10451.320253661743
2021-11-05 19:00:00,10246.664431149982
2021-11-05 20:00:00,10049.730252744594
2021-11-05 21:00:00,9925.616685122619
2021-11-05 22:00:00,9888.814560228366
2021-11-05 23:00:00,9897.63112162631
2021-11-06 00:00:00,9893.031034357944
2021-11-06 01:00:00,9849.62623805774
2021-11-06 02:00:00,9795.725203034877
2021-11-06 03:00:00,9786.311842399315
2021-11-06 04:00:00,9853.467743299545
2021-11-06 05:00:00,9976.766850459819
2021-11-06 06:00:00,10096.663969085612
2021-11-06 07:00:00,10156.340424473612
2021-11-06 08:00:00,10136.19373574478
2021-11-06 09:00:00,10056.928656932816
2021-11-06 10:00:00,9957.185962608935
2021-11-06 11:00:00,9870.157170859411
2021-11-06 12:00:00,9815.804371807086
2021-11-06 13:00:00,9803.91917034714
2021-11-06 14:00:00,9833.124775859349
2021-11-06 15:00:00,9882.053491953804
2021-11-06 16:00:00,9906.500022487442
2021-11-06 17:00:00,9857.570467842907
2021-11-06 18:00:00,9715.666813838165
2021-11-06 19:00:00,9513.438890439616
2021-11-06 20:00:00,9322.65118634898
2021-11-06 21:00:00,9208.491837385942
2021-11-06 22:00:00,9185.511721879213
2021-11-06 23:00:00,9212.047725742457
2021-11-07 00:00:00,9229.062766095272
2021-11-07 01:00:00,9211.13496852696
2021-11-07 02:00:00,9186.50656921939
2021-11-07 03:00:00,9210.06280311557
2021-11-07 04:00:00,9313.754445461587
2021-11-07 05:00:00,9476.99314040531
2021-11-07 06:00:00,9640.040880334444
2021-11-07 07:00:00,9745.856966246842
2021-11-07 08:00:00,9774.58929548916
2021-11-07 09:00:00,9746.667315643663
2021-11-07 10:00:00,9700.433003553786
2021-11-07 11:00:00,9668.758041091063
2021-11-07 12:00:00,9671.266331260413
2021-11-07 13:00:00,9717.395836132786
2021-11-07 14:00:00,9805.403739684896
2021-11-07 15:00:00,9913.547156737277
2021-11-07 16:00:00,9997.239770384696
2021-11-07 17:00:00,10007.204237190817
2021-11-07 18:00:00,9923.460126175454
2021-11-07 19:00:00,9778.279332225839
2021-11-07 20:00:00,9643.056313300927
2021-11-07 21:00:00,9582.62043270333
2021-11-07 22:00:00,9611.178304017316
2021-11-07 23:00:00,9686.740166344061
2021-11-08 00:00:00,9749.962845969603
2021-11-08 01:00:00,9775.141667820919
2021-11-08 02:00:00,9790.261859250046
2021-11-08 03:00:00,9849.979680722325
2021-11-08 04:00:00,9986.046927271887
2021-11-08 05:00:00,10177.707914063882
2021-11-08 06:00:00,10365.090292844296
2021-11-08 07:00:00,10491.053016246025
2021-11-08 08:00:00,10535.678286549637
2021-11-08 09:00:00,10519.364822225118
2021-11-08 10:00:00,10480.458799223908
2021-11-08 11:00:00,10451.870640808445
2021-11-08 12:00:00,10453.296805533264
2021-11-08 13:00:00,10494.280564641711
2021-11-08 14:00:00,10573.215785537275
2021-11-08 15:00:00,10668.525959384524
2021-11-08 16:00:00,10735.8188757798
2021-11-08 17:00:00,10726.036806847103
2021-11-08 18:00:00,10619.44199319607
2021-11-08 19:00:00,10448.569400767454
2021-11-08 20:00:00,10285.094128713106
2021-11-08 21:00:00,10194.140781968063
2021-11-08 22:00:00,10190.222739921086
2021-11-08 23:00:00,10231.665383505157
2021-11-09 00:00:00,10259.445871967075
2021-11-09 01:00:00,10248.181868257712
2021-11-09 02:00:00,10226.179790346509
2021-11-09 03:00:00,10248.41285748203
2021-11-09 04:00:00,10346.942608464316
2021-11-09 05:00:00,10501.31303688692
2021-11-09 06:00:00,10651.938719980888
2021-11-09 07:00:00,10741.950285473078
2021-11-09 08:00:00,10751.684078458193
2021-11-09 09:00:00,10701.77338346369
2021-11-09 10:00:00,10630.77757816717
2021-11-09 11:00:00,10571.797408370303
2021-11-09 12:00:00,10544.69554647625
2021-11-09 13:00:00,10559.156433626758
2021-11-09 14:00:00,10613.689427583284
2021-11-09 15:00:00,10686.807496188145
2021-11-09 16:00:00,10734.18185732657
2021-11-09 17:00:00,10706.792422348244
2021-11-09 18:00:00,10584.913826411088
2021-11-09 19:00:00,10401.06900240466
2021-11-09 20:00:00,10226.897663297783
2021-11-09 21:00:00,10127.466988100101
2021-11-09 22:00:00,10117.212421755241
2021-11-09 23:00:00,10154.362628081773
2021-11-10 00:00:00,10179.781161352628
2021-11-10 01:00:00,10167.957228349927
2021-11-10 02:00:00,10147.056089657526
2021-11-10 03:00:00,10171.899339672065
2021-11-10 04:00:00,10274.388712200303
2021-11-10 05:00:00,10433.90252637057
2021-11-10 06:00:00,10590.686119230944
2021-11-10 07:00:00,10687.699579924683
2021-11-10 08:00:00,10705.10961863882
2021-11-10 09:00:00,10663.382898370535
2021-11-10 10:00:00,10600.9171800104
2021-11-10 11:00:00,10550.658446743631
2021-11-10 12:00:00,10532.323148420068
2021-11-10 13:00:00,10555.45954711336
2021-11-10 14:00:00,10618.452169602948
2021-11-10 15:00:00,10699.701593301741
2021-11-10 16:00:00,10754.779956334687
2021-11-10 17:00:00,10734.582041539717
2021-11-10 18:00:00,10619.311714052239
2021-11-10 19:00:00,10441.435668597514
2021-11-10 20:00:00,10272.551853976369
2021-11-10 21:00:00,10177.699875731587
2021-11-10 22:00:00,10171.301296512718
2021-11-10 23:00:00,10211.583884839101
2021-11-11 00:00:00,10239.422392774559
2021-11-11 01:00:00,10229.32825139335
2021-11-11 02:00:00,10209.498752384445
2021-11-11 03:00:00,10234.79597675967
2021-11-11 04:00:00,10337.169140700908
2021-11-11 05:00:00,10496.049497938026
2021-11-11 06:00:00,10651.739170552484
2021-11-11 07:00:00,10747.257249496772
2021-11-11 08:00:00,10762.830024583916
2021-11-11 09:00:00,10718.982698415834
2021-11-11 10:00:00,10654.168961081401
2021-11-11 11:00:00,10601.386616697397
2021-11-11 12:00:00,10580.398426833639
2021-11-11 13:00:00,10600.792174518228
2021-11-11 14:00:00,10660.983975631878
2021-11-11 15:00:00,10739.397082930327
2021-11-11 16:00:00,10791.616589893272
2021-11-11 17:00:00,10768.539898064098
2021-11-11 18:00:00,10650.362738621774
2021-11-11 19:00:00,10469.53271258171
2021-11-11 20:00:00,10297.617722061994
2021-11-11 21:00:00,10199.616595817732
2021-11-11 22:00:00,10189.89982715755
2021-11-11 23:00:00,10226.63447075263
2021-11-12 00:00:00,10250.62577129778
2021-11-12 01:00:00,10236.307902422921
2021-11-12 02:00:00,10211.794370803562
2021-11-12 03:00:00,10231.858330280695
2021-11-12 04:00:00,10328.356457410024
2021-11-12 05:00:00,10480.62550680907
2021-11-12 06:00:00,10628.872895358005
2021-11-12 07:00:00,10716.024631692957
2021-11-12 08:00:00,10722.217424878945
2021-11-12 09:00:00,10667.892299501847
2021-11-12 10:00:00,10591.426066262446
2021-11-12 11:00:00,10525.748811056583
2021-11-12 12:00:00,10490.566539467252
2021-11-12 13:00:00,10495.422952866016
2021-11-12 14:00:00,10538.70435610483
2021-11-12 15:00:00,10598.819916360486
2021-11-12 16:00:00,10631.357656417207
2021-11-12 17:00:00,10587.236023646848
2021-11-12 18:00:00,10446.690805580394
2021-11-12 19:00:00,10242.22933882099
2021-11-12 20:00:00,10045.499368830258
2021-11-12 21:00:00,9921.59985215206
2021-11-12 22:00:00,9885.021610037707
2021-11-12 23:00:00,9894.071874896625
2021-11-13 00:00:00,9889.715300080254
2021-11-13 01:00:00,9846.56381305705
2021-11-13 02:00:00,9792.925871465057
2021-11-13 03:00:00,9783.785375247358
2021-11-13 04:00:00,9851.223897867858
2021-11-13 05:00:00,9974.815369893684
2021-11-13 06:00:00,10095.01458185685
2021-11-13 07:00:00,10155.002843886963
2021-11-13 08:00:00,10135.177659441235
2021-11-13 09:00:00,10056.243766391273
2021-11-13 10:00:00,9956.841922656506
2021-11-13 11:00:00,9870.163629148015
2021-11-13 12:00:00,9816.170958355871
2021-11-13 13:00:00,9804.655497019867
2021-11-13 14:00:00,9834.240435877618
2021-11-13 15:00:00,9883.558059392934
2021-11-13 16:00:00,9908.403051803827
2021-11-13 17:00:00,9859.881493355242
2021-11-13 18:00:00,9718.395349253125
2021-11-13 19:00:00,9516.594428351564
2021-11-13 20:00:00,9326.243197758864
2021-11-13 21:00:00,9212.529771169626
2021-11-13 22:00:00,9190.005004351591
2021-11-13 23:00:00,9217.00576014948
2021-11-14 00:00:00,9234.494932104115
2021-11-14 01:00:00,9217.050621758364
2021-11-14 02:00:00,9192.91504075694
2021-11-14 03:00:00,9216.973399021274
2021-11-14 04:00:00,9321.17644627351
2021-11-14 05:00:00,9484.935800676698
2021-11-14 06:00:00,9648.513428133632
2021-11-14 07:00:00,9754.868602679038
2021-11-14 08:00:00,9784.149194213807
2021-11-14 09:00:00,9756.784622395837
2021-11-14 10:00:00,9711.116835666802
2021-11-14 11:00:00,9680.017486996798
2021-11-14 12:00:00,9683.11045004235
2021-11-14 13:00:00,9729.833657027488
2021-11-14 14:00:00,9818.44426161185
2021-11-14 15:00:00,9927.199347817479
2021-11-14 16:00:00,10011.512567489184
2021-11-14 17:00:00,10022.10654543764
2021-11-14 18:00:00,9939.000818478855
2021-11-14 19:00:00,9794.467248820376
2021-11-14 20:00:00,9659.900261271432
2021-11-14 21:00:00,9600.129185518363
2021-11-14 22:00:00,9629.36060105402
2021-11-14 23:00:00,9705.604712445735
2021-11-15 00:00:00,9769.518310956286
2021-11-15 01:00:00,9795.39668604087
2021-11-15 02:00:00,9811.225029119
2021-11-15 03:00:00,9871.659564258442
2021-11-15 04:00:00,10008.45204962989
2021-11-15 05:00:00,10200.846763084464
2021-11-15 06:00:00,10388.971318637241
2021-11-15 07:00:00,10515.684630659793
2021-11-15 08:00:00,10561.068862773009
2021-11-15 09:00:00,10545.522694323445
2021-11-15 10:00:00,10507.39226169518
2021-11-15 11:00:00,10479.587948109307
2021-11-15 12:00:00,10481.80617167505
2021-11-15 13:00:00,10523.590162715458
2021-11-15 14:00:00,10603.333747274533
2021-11-15 15:00:00,10699.460374720795
2021-11-15 16:00:00,10767.577792413938
2021-11-15 17:00:00,10758.628229810518
2021-11-15 18:00:00,10652.873884394834
2021-11-15 19:00:00,10482.849678581255
2021-11-15 20:00:00,10320.230667524882
2021-11-15 21:00:00,10230.141411765957
2021-11-15 22:00:00,10227.095245849483
2021-11-15 23:00:00,10269.417505442554
2021-11-16 00:00:00,10298.085304102255
2021-11-16 01:00:00,10287.716258664968
2021-11-16 02:00:00,10266.616740566145
2021-11-16 03:00:00,10289.759922099223
2021-11-16 04:00:00,10389.207294690494
2021-11-16 05:00:00,10544.502804140926
2021-11-16 06:00:00,10696.060979488173
2021-11-16 07:00:00,10787.012399830342
2021-11-16 08:00:00,10797.693361253667
2021-11-16 09:00:00,10748.73709884329
2021-11-16 10:00:00,10678.702940444065
2021-11-16 11:00:00,10620.691581616273
2021-11-16 12:00:00,10594.565644122247
2021-11-16 13:00:00,10610.009518060875
2021-11-16 14:00:00,10665.532509754905
2021-11-16 15:00:00,10739.647535213233
2021-11-16 16:00:00,10788.025760095235
2021-11-16 17:00:00,10761.647043138724
2021-11-16 18:00:00,10640.785966486841
2021-11-16 19:00:00,10457.965409653769
2021-11-16 20:00:00,10284.82503182032
2021-11-16 21:00:00,10186.431957851279
2021-11-16 22:00:00,10177.221578146762
2021-11-16 23:00:00,10215.422501619641
2021-11-17 00:00:00,10241.89822725502
2021-11-17 01:00:00,10231.13790617894
2021-11-17 02:00:00,10211.30674295198
2021-11-17 03:00:00,10237.226275572517
2021-11-17 04:00:00,10340.798181090477
2021-11-17 05:00:00,10501.400721507795
2021-11-17 06:00:00,10659.279176404933
2021-11-17 07:00:00,10757.393577069262
2021-11-17 08:00:00,10775.91057551415
2021-11-17 09:00:00,10735.296776179097
2021-11-17 10:00:00,10673.94988106562
2021-11-17 11:00:00,10624.815814117985
2021-11-17 12:00:00,10607.61096560052
2021-11-17 13:00:00,10631.883537658763
2021-11-17 14:00:00,10696.017996804492
2021-11-17 15:00:00,10778.414859847537
2021-11-17 16:00:00,10834.646203975852
2021-11-17 17:00:00,10815.606750763232
2021-11-17 18:00:00,10701.500303738325
2021-11-17 19:00:00,10524.79349572003
2021-11-17 20:00:00,10357.084213247184
2021-11-17 21:00:00,10263.411999308584
2021-11-17 22:00:00,10258.19835366544
2021-11-17 23:00:00,10299.670981639105
2021-11-18 00:00:00,10328.704571783668
2021-11-18 01:00:00,10319.810491354994
2021-11-18 02:00:00,10301.185967919473
2021-11-18 03:00:00,10327.693018056487
2021-11-18 04:00:00,10431.280793223088
2021-11-18 05:00:00,10591.380482119092
2021-11-18 06:00:00,10748.294141497643
2021-11-18 07:00:00,10845.040796719293
2021-11-18 08:00:00,10861.84667167949
2021-11-18 09:00:00,10819.236902796696
2021-11-18 10:00:00,10755.665113679632
2021-11-18 11:00:00,10704.129041708118
2021-11-18 12:00:00,10684.391381419928
2021-11-18 13:00:00,10706.03984854094
2021-11-18 14:00:00,10767.490491374163
2021-11-18 15:00:00,10847.16649485008
2021-11-18 16:00:00,10900.652884328987
2021-11-18 17:00:00,10878.846992992503
2021-11-18 18:00:00,10761.944483396255
2021-11-18 19:00:00,10582.392887675596
2021-11-18 20:00:00,10411.760038815366
2021-11-18 21:00:00,10315.044696184275
2021-11-18 22:00:00,10306.617283473755
2021-11-18 23:00:00,10344.644785472101
2021-11-19 00:00:00,10369.932376767487
2021-11-19 01:00:00,10356.914160643333
2021-11-19 02:00:00,10333.70357320178
2021-11-19 03:00:00,10355.07369745607
2021-11-19 04:00:00,10452.881138940667
2021-11-19 05:00:00,10606.462581004664
2021-11-19 06:00:00,10756.02536904905
2021-11-19 07:00:00,10844.495440010243
2021-11-19 08:00:00,10852.009431040915
2021-11-19 09:00:00,10799.008294608928
2021-11-19 10:00:00,10723.868769075387
2021-11-19 11:00:00,10659.520867817457
2021-11-19 12:00:00,10625.670523666831
2021-11-19 13:00:00,10631.861365076082
2021-11-19 14:00:00,10676.479623763382
2021-11-19 15:00:00,10737.934393600819
2021-11-19 16:00:00,10771.813623858256
2021-11-19 17:00:00,10729.035688227039
2021-11-19 18:00:00,10589.836300371118
2021-11-19 19:00:00,10386.72272285063
2021-11-19 20:00:00,10191.342626910273
2021-11-19 21:00:00,10068.794894702669
2021-11-19 22:00:00,10033.57027293987
2021-11-19 23:00:00,10043.975919293329
2021-11-20 00:00:00,10040.97641225143
2021-11-20 01:00:00,9999.183604248687
2021-11-20 02:00:00,9946.90587774432
2021-11-20 03:00:00,9939.127057330803
2021-11-20 04:00:00,10007.928641009681
2021-11-20 05:00:00,10132.884483718144
2021-11-20 06:00:00,10254.449300229104
2021-11-20 07:00:00,10315.804324776122
2021-11-20 08:00:00,10297.346984789794
2021-11-20 09:00:00,10219.7819419921
2021-11-20 10:00:00,10121.749878010909
2021-11-20 11:00:00,10036.442217373158
2021-11-20 12:00:00,9983.820956041725
2021-11-20 13:00:00,9973.677604127295
2021-11-20 14:00:00,10004.63527561874
2021-11-20 15:00:00,10055.326178152565
2021-11-20 16:00:00,10081.544918998663
2021-11-20 17:00:00,10034.39750135706
2021-11-20 18:00:00,9894.28581329174
2021-11-20 19:00:00,9693.85958641914
2021-11-20 20:00:00,9504.88321052196
2021-11-20 21:00:00,9392.54472188097
2021-11-20 22:00:00,9371.39489878248
2021-11-20 23:00:00,9399.770526488435
2021-11-21 00:00:00,9418.63442091145
2021-11-21 01:00:00,9402.564605873344
2021-11-21 02:00:00,9379.803215244456
2021-11-21 03:00:00,9405.235381102655
2021-11-21 04:00:00,9510.811775277309
2021-11-21 05:00:00,9675.943937967519
2021-11-21 06:00:00,9840.893757065936
2021-11-21 07:00:00,9948.620428565195
2021-11-21 08:00:00,9979.271744262904
2021-11-21 09:00:00,9953.277045671657
2021-11-21 10:00:00,9908.978203061624
2021-11-21 11:00:00,9879.246791197915
2021-11-21 12:00:00,9883.706605487194
2021-11-21 13:00:00,9931.79549989611
2021-11-21 14:00:00,10021.770549806804
2021-11-21 15:00:00,10131.888760924594
2021-11-21 16:00:00,10217.563706780822
2021-11-21 17:00:00,10229.517933857322
2021-11-21 18:00:00,10147.770900641968
2021-11-21 19:00:00,10004.594390987922
2021-11-21 20:00:00,9871.382751379315
2021-11-21 21:00:00,9812.965233169076
2021-11-21 22:00:00,9843.548337520924
2021-11-21 23:00:00,9921.142190687606
2021-11-22 00:00:00,9986.403505641701
2021-11-22 01:00:00,10013.62749355441
2021-11-22 02:00:00,10030.79926758511
2021-11-22 03:00:00,10092.574973585186
2021-11-22 04:00:00,10230.706291524491
2021-11-22 05:00:00,10424.437421090905
2021-11-22 06:00:00,10613.895898169458
2021-11-22 07:00:00,10741.94055906747
2021-11-22 08:00:00,10788.653489350616
2021-11-22 09:00:00,10774.433290391775
2021-11-22 10:00:00,10737.626020637443
2021-11-22 11:00:00,10711.14198543958
2021-11-22 12:00:00,10714.677525079853
2021-11-22 13:00:00,10757.775792140608
2021-11-22 14:00:00,10838.83053499016
2021-11-22 15:00:00,10936.265125378073
2021-11-22 16:00:00,11005.687233134668
2021-11-22 17:00:00,10998.039010264756
2021-11-22 18:00:00,10893.58257689048
2021-11-22 19:00:00,10724.85277812691
2021-11-22 20:00:00,10563.52459195661
2021-11-22 21:00:00,10474.722501818249
2021-11-22 22:00:00,10472.95976525919
2021-11-22 23:00:00,10516.561641048645
2021-11-23 00:00:00,10546.50516596654
2021-11-23 01:00:00,10537.407880165854
2021-11-23 02:00:00,10517.576078509366
2021-11-23 03:00:00,10541.982856857607
2021-11-23 04:00:00,10642.689630306886
2021-11-23 05:00:00,10799.240268456591
2021-11-23 06:00:00,10952.04922426847
2021-11-23 07:00:00,11044.247000917137
2021-11-23 08:00:00,11056.169818670147
2021-11-23 09:00:00,11008.450836956623
2021-11-23 10:00:00,10939.649308102951
2021-11-23 11:00:00,10882.865852302777
2021-11-23 12:00:00,10857.96301608516
2021-11-23 13:00:00,10874.625114491664
2021-11-23 14:00:00,10931.361378945454
2021-11-23 15:00:00,11006.68465069909
2021-11-23 16:00:00,11056.266020837686
2021-11-23 17:00:00,11031.08527369596
2021-11-23 18:00:00,10911.416917172464
2021-11-23 19:00:00,10729.783756723777
2021-11-23 20:00:00,10557.825377663004
2021-11-23 21:00:00,10460.608831156886
2021-11-23 22:00:00,10452.569434099532
2021-11-23 23:00:00,10491.935722090258
2021-11-24 00:00:00,10519.571120997063
2021-11-24 01:00:00,10509.964709031517
2021-11-24 02:00:00,10491.28161802894
2021-11-24 03:00:00,10518.343313492065
2021-11-24 04:00:00,10623.051400149838
2021-11-24 05:00:00,10784.784067950703
2021-11-24 06:00:00,10943.786524579751
2021-11-24 07:00:00,11043.018729683577
2021-11-24 08:00:00,11062.647263852068
2021-11-24 09:00:00,11023.138660331773
2021-11-24 10:00:00,10962.890550164697
2021-11-24 11:00:00,10914.848786551112
2021-11-24 12:00:00,10898.729689280817
2021-11-24 13:00:00,10924.081390246169
2021-11-24 14:00:00,10989.288285956052
2021-11-24 15:00:00,11072.750823463559
2021-11-24 16:00:00,11130.041010469642
2021-11-24 17:00:00,11112.053499293312
2021-11-24 18:00:00,10998.992024484309
2021-11-24 19:00:00,10823.323150142338
2021-11-24 20:00:00,10656.644694353343
2021-11-24 21:00:00,10563.996131921756
2021-11-24 22:00:00,10559.798894694923
2021-11-24 23:00:00,10602.280620377447
2021-11-25 00:00:00,10632.315930157873
2021-11-25 01:00:00,10624.41612423109
2021-11-25 02:00:00,10606.778363385181
2021-11-25 03:00:00,10634.264597716878
2021-11-25 04:00:00,10738.823912475013
2021-11-25 05:00:00,10899.887430467072
2021-11-25 06:00:00,11057.757142876124
2021-11-25 07:00:00,11155.452009742898
2021-11-25 08:00:00,11173.198189991745
2021-11-25 09:00:00,11131.520755369656
2021-11-25 10:00:00,11068.87326513595
2021-11-25 11:00:00,11018.25339261475
2021-11-25 12:00:00,10999.42376864481
2021-11-25 13:00:00,11021.972045548844
2021-11-25 14:00:00,11084.31420857486
2021-11-25 15:00:00,11164.873379905552
2021-11-25 16:00:00,11219.234522515948
2021-11-25 17:00:00,11198.294907515367
2021-11-25 18:00:00,11082.250135742932
2021-11-25 19:00:00,10903.54767795716
2021-11-25 20:00:00,10733.755306112671
2021-11-25 21:00:00,10637.871718897693
2021-11-25 22:00:00,10630.267279671096
2021-11-25 23:00:00,10669.108913268787
2021-11-26 00:00:00,10695.201734651859
2021-11-26 01:00:00,10682.979787863938
2021-11-26 02:00:00,10660.556450126329
2021-11-26 03:00:00,10682.704745946348
2021-11-26 04:00:00,10781.281222706928
2021-11-26 05:00:00,10935.622506004063
2021-11-26 06:00:00,11085.935883848193
2021-11-26 07:00:00,11175.147236171364
2021-11-26 08:00:00,11183.393143506528
2021-11-26 09:00:00,11131.114502091921
2021-11-26 10:00:00,11056.687994450187
2021-11-26 11:00:00,10993.04357849538
2021-11-26 12:00:00,10959.887132022162
2021-11-26 13:00:00,10966.762228824431
2021-11-26 14:00:00,11012.055046361485
2021-11-26 15:00:00,11074.174624674975
2021-11-26 16:00:00,11108.708859591568
2021-11-26 17:00:00,11066.576071772006
2021-11-26 18:00:00,10928.011922271664
2021-11-26 19:00:00,10725.52362143529
2021-11-26 20:00:00,10530.758788756217
2021-11-26 21:00:00,10408.816255020696
2021-11-26 22:00:00,10374.186716006956
2021-11-26 23:00:00,10385.177278891537
2021-11-27 00:00:00,10382.752472082419
2021-11-27 01:00:00,10341.524098378775
2021-11-27 02:00:00,10289.800491036882
2021-11-27 03:00:00,10282.56542588467
2021-11-27 04:00:00,10351.900352599912
2021-11-27 05:00:00,10477.379078235657
2021-11-27 06:00:00,10599.456270141465
2021-11-27 07:00:00,10661.313115552306
2021-11-27 08:00:00,10643.346995384109
2021-11-27 09:00:00,10566.262525264698
2021-11-27 10:00:00,10468.700341207876
2021-11-27 11:00:00,10383.85182257586
2021-11-27 12:00:00,10331.678920637623
2021-11-27 13:00:00,10321.973101262822
2021-11-27 14:00:00,10353.35743467286
2021-11-27 15:00:00,10404.464085203583
2021-11-27 16:00:00,10431.087617297315
2021-11-27 17:00:00,10384.333991806094
2021-11-27 18:00:00,10244.60505490277
2021-11-27 19:00:00,10044.550496826098
2021-11-27 20:00:00,9855.934666422032
2021-11-27 21:00:00,9743.945559551608
2021-11-27 22:00:00,9723.133914548569
2021-11-27 23:00:00,9751.836477216215
2021-11-28 00:00:00,9771.016024496668
2021-11-28 01:00:00,9755.25054173843
2021-11-28 02:00:00,9732.782124831327
2021-11-28 03:00:00,9758.495868369908
2021-11-28 04:00:00,9864.342407198727
2021-11-28 05:00:00,10029.733245029087
2021-11-28 06:00:00,10194.93023378172
2021-11-28 07:00:00,10302.892533970376
2021-11-28 08:00:00,10333.767902435311
2021-11-28 09:00:00,10307.985646222189
2021-11-28 10:00:00,10263.88760166623
2021-11-28 11:00:00,10234.34531009434
2021-11-28 12:00:00,10238.982534007897
2021-11-28 13:00:00,10287.237094974824
2021-11-28 14:00:00,10377.366036499994
2021-11-28 15:00:00,10487.626332934984
2021-11-28 16:00:00,10573.431526980881
2021-11-28 17:00:00,10585.504134817202
2021-11-28 18:00:00,10503.863585149544
2021-11-28 19:00:00,10360.781632595677
2021-11-28 20:00:00,10227.65259491203
2021-11-28 21:00:00,10169.30569527265
2021-11-28 22:00:00,10199.947407191295
2021-11-28 23:00:00,10277.587829807595
2021-11-29 00:00:00,10342.883649520953
2021-11-29 01:00:00,10370.130051471038
2021-11-29 02:00:00,10387.31212332396
2021-11-29 03:00:00,10449.085985983065
2021-11-29 04:00:00,10587.203295013724
2021-11-29 05:00:00,10780.908226241527
2021-11-29 06:00:00,10970.328292253964
2021-11-29 07:00:00,11098.322306581165
2021-11-29 08:00:00,11144.972332598201
2021-11-29 09:00:00,11130.676950009549
2021-11-29 10:00:00,11093.782196164975
2021-11-29 11:00:00,11067.19835587363
2021-11-29 12:00:00,11070.621749418597
2021-11-29 13:00:00,11113.595509959507
2021-11-29 14:00:00,11194.513366985968
2021-11-29 15:00:00,11291.798673945821
2021-11-29 16:00:00,11361.059082925309
2021-11-29 17:00:00,11353.236728737318
2021-11-29 18:00:00,11248.593714887436
2021-11-29 19:00:00,11079.664870451428
2021-11-29 20:00:00,10918.125157896853
2021-11-29 21:00:00,10829.09904577368
2021-11-29 22:00:00,10827.099777282489
2021-11-29 23:00:00,10870.45259740741
2021-11-30 00:00:00,10900.134529730662
2021-11-30 01:00:00,10890.76310177692
2021-11-30 02:00:00,10870.64459636065
2021-11-30 03:00:00,10894.752097846645
2021-11-30 04:00:00,10995.147010447046
2021-11-30 05:00:00,11151.373193427851
2021-11-30 06:00:00,11303.845090004123
2021-11-30 07:00:00,11395.693194183466
2021-11-30 08:00:00,11407.25371764708
2021-11-30 09:00:00,11359.159811823272
2021-11-30 10:00:00,11289.9707216032
2021-11-30 11:00:00,11232.787060352495
2021-11-30 12:00:00,11207.471368338973
2021-11-30 13:00:00,11223.707954931417
2021-11-30 14:00:00,11280.006046459303
2021-11-30 15:00:00,11354.878479690962
2021-11-30 16:00:00,11403.996341779652
2021-11-30 17:00:00,11378.339413740798
2021-11-30 18:00:00,11258.182200733332
2021-11-30 19:00:00,11076.047506064382
2021-11-30 20:00:00,10903.574913493036
2021-11-30 21:00:00,10805.83147318793
2021-11-30 22:00:00,10797.252501696496
2021-11-30 23:00:00,10836.066534807407
2021-12-01 00:00:00,10863.136999194112
2021-12-01 01:00:00,10852.952974463711
2021-12-01 02:00:00,10833.679594440087
2021-12-01 03:00:00,10860.138327191744
2021-12-01 04:00:00,10964.230780631933
2021-12-01 05:00:00,11125.335148469216
2021-12-01 06:00:00,11283.696642745304
2021-12-01 07:00:00,11382.275228055405
2021-12-01 08:00:00,11401.237490548978
2021-12-01 09:00:00,11361.04996960543
2021-12-01 10:00:00,11300.110302997082
2021-12-01 11:00:00,11251.364351265878
2021-12-01 12:00:00,11234.528442124305
2021-12-01 13:00:00,11259.15071598512
2021-12-01 14:00:00,11323.615578467885
2021-12-01 15:00:00,11406.323486354753
2021-12-01 16:00:00,11462.846457636968
2021-12-01 17:00:00,11444.079155543766
2021-12-01 18:00:00,11330.225326123636
2021-12-01 19:00:00,11153.751545571477
2021-12-01 20:00:00,10986.255644662686
2021-12-01 21:00:00,10892.777111482108
2021-12-01 22:00:00,10887.737391767847
2021-12-01 23:00:00,10929.364137688413
2021-12-02 00:00:00,10958.531985506372
2021-12-02 01:00:00,10949.75225108239
2021-12-02 02:00:00,10931.222111471894
2021-12-02 03:00:00,10957.803533605731
2021-12-02 04:00:00,11061.445620199924
2021-12-02 05:00:00,11221.579512094548
2021-12-02 06:00:00,11378.507219108418
2021-12-02 07:00:00,11475.247720509513
2021-12-02 08:00:00,11492.0271950423
2021-12-02 09:00:00,11449.370734871385
2021-12-02 10:00:00,11385.731920249045
2021-12-02 11:00:00,11334.108446113043
2021-12-02 12:00:00,11314.262965467593
2021-12-02 13:00:00,11335.78315342678
2021-12-02 14:00:00,11397.08501859882
2021-12-02 15:00:00,11476.59170712157
2021-12-02 16:00:00,11529.888206512396
2021-12-02 17:00:00,11507.87181301698
2021-12-02 18:00:00,11390.738153195485
2021-12-02 19:00:00,11210.934724095958
2021-12-02 20:00:00,11040.029324581521
2021-12-02 21:00:00,10943.020680809772
2021-12-02 22:00:00,10934.27918419907
2021-12-02 23:00:00,10971.971788223833
2021-12-03 00:00:00,10996.903637085146
2021-12-03 01:00:00,10983.50880462584
2021-12-03 02:00:00,10959.900698450429
2021-12-03 03:00:00,10980.852374046239
2021-12-03 04:00:00,11078.220410339913
2021-12-03 05:00:00,11231.341465052723
2021-12-03 06:00:00,11380.422858890706
2021-12-03 07:00:00,11468.390505084652
2021-12-03 08:00:00,11475.38101800172
2021-12-03 09:00:00,11421.835328315947
2021-12-03 10:00:00,11346.130153551147
2021-12-03 11:00:00,11281.195487197885
2021-12-03 12:00:00,11246.737243182051
2021-12-03 13:00:00,11252.299032015806
2021-12-03 14:00:00,11296.267068448815
2021-12-03 15:00:00,11357.050430354955
2021-12-03 16:00:00,11390.237051978858
2021-12-03 17:00:00,11346.745292963333
2021-12-03 18:00:00,11206.810853901643
2021-12-03 19:00:00,11002.940985230265
2021-12-03 20:00:00,10806.78334711726
2021-12-03 21:00:00,10683.436811573898
2021-12-03 22:00:00,10647.392116140416
2021-12-03 23:00:00,10656.956410336628
2021-12-04 00:00:00,10653.094265468246
2021-12-04 01:00:00,10610.417527774394
2021-12-04 02:00:00,10557.234574482112
2021-12-04 03:00:00,10548.529225991315
2021-12-04 04:00:00,10616.382977062503
2021-12-04 05:00:00,10740.36968038973
2021-12-04 06:00:00,10860.94404949491
2021-12-04 07:00:00,10921.287318359278
2021-12-04 08:00:00,10901.796915150177
2021-12-04 09:00:00,10823.177503316312
2021-12-04 10:00:00,10724.069767217085
2021-12-04 11:00:00,10637.665135104833
2021-12-04 12:00:00,10583.925607652298
2021-12-04 13:00:00,10572.642700691944
2021-12-04 14:00:00,10602.439534933417
2021-12-04 15:00:00,10651.94832571426
2021-12-04 16:00:00,10676.963689020828
2021-12-04 17:00:00,10628.591637770593
2021-12-04 18:00:00,10487.234070733706
2021-12-04 19:00:00,10285.540731239482
2021-12-04 20:00:00,10095.276021783991
2021-12-04 21:00:00,9981.627992368181
2021-12-04 22:00:00,9959.14743598826
2021-12-04 23:00:00,9986.171153619915
2021-12-05 00:00:00,10003.661977904483
2021-12-05 01:00:00,9986.197950381385
2021-12-05 02:00:00,9962.021223638718
2021-12-05 03:00:00,9986.016949486475
2021-12-05 04:00:00,10090.135820482636
2021-12-05 05:00:00,10253.789398548923
2021-12-05 06:00:00,10417.23959430872
2021-12-05 07:00:00,10523.445627499965
2021-12-05 08:00:00,10552.555314646293
2021-12-05 09:00:00,10524.99802299214
2021-12-05 10:00:00,10479.115649553525
2021-12-05 11:00:00,10447.779796824772
2021-12-05 12:00:00,10450.614288958817
2021-12-05 13:00:00,10497.057009650927
2021-12-05 14:00:00,10585.36506503392
2021-12-05 15:00:00,10693.795492530926
2021-12-05 16:00:00,10777.761898425792
2021-12-05 17:00:00,10787.986862923797
2021-12-05 18:00:00,10704.489879237794
2021-12-05 19:00:00,10559.542766961655
2021-12-05 20:00:00,10424.539909288858
2021-12-05 21:00:00,10364.310595293176
2021-12-05 22:00:00,10393.061364839174
2021-12-05 23:00:00,10468.802383900904
2021-12-06 00:00:00,10532.190406127314
2021-12-06 01:00:00,10557.520684386154
2021-12-06 02:00:00,10572.77837451341
2021-12-06 03:00:00,10632.619666031045
2021-12-06 04:00:00,10768.796283550433
2021-12-06 05:00:00,10960.552472406214
2021-12-06 06:00:00,11148.015815116307
2021-12-06 07:00:00,11274.045195581532
2021-12-06 08:00:00,11318.722747979256
2021-12-06 09:00:00,11302.447123245847
2021-12-06 10:00:00,11263.564430394299
2021-12-06 11:00:00,11234.98502629486
2021-12-06 12:00:00,11236.405303753208
2021-12-06 13:00:00,11277.36846883792
2021-12-06 14:00:00,11356.268324372726
2021-12-06 15:00:00,11451.52829754071
2021-12-06 16:00:00,11518.756114594009
2021-12-06 17:00:00,11508.893984892426
2021-12-06 18:00:00,11402.204086914768
2021-12-06 19:00:00,11231.221325069924
2021-12-06 20:00:00,11067.620737607833
2021-12-06 21:00:00,10976.526869215244
2021-12-06 22:00:00,10972.453039624574
2021-12-06 23:00:00,11013.724570767838
2021-12-07 00:00:00,11041.318563512832
2021-12-07 01:00:00,11029.852623081944
2021-12-07 02:00:00,11007.633110358083
2021-12-07 03:00:00,11029.633188149857
2021-12-07 04:00:00,11127.914339467205
2021-12-07 05:00:00,11282.020502768486
2021-12-07 06:00:00,11432.366200807175
2021-12-07 07:00:00,11522.082007494539
2021-12-07 08:00:00,11531.504214774732
2021-12-07 09:00:00,11481.266054692262
2021-12-07 10:00:00,11409.926853112622
2021-12-07 11:00:00,11350.587304699071
2021-12-07 12:00:00,11323.110031395721
2021-12-07 13:00:00,11337.179424564909
2021-12-07 14:00:00,11391.30479287307
2021-12-07 15:00:00,11463.999055755268
2021-12-07 16:00:00,11510.93338337967
2021-12-07 17:00:00,11483.08764007884
2021-12-07 18:00:00,11360.736414668912
2021-12-07 19:00:00,11176.40259443032
2021-12-07 20:00:00,11001.725847412628
2021-12-07 21:00:00,10901.773308383361
2021-12-07 22:00:00,10890.980378795839
2021-12-07 23:00:00,10927.575679670645
2021-12-08 00:00:00,10952.422723193324
2021-12-08 01:00:00,10940.010674786485
2021-12-08 02:00:00,10918.50475439193
2021-12-08 03:00:00,10942.726516480203
2021-12-08 04:00:00,11044.577655664954
2021-12-08 05:00:00,11203.436452619468
2021-12-08 06:00:00,11359.54820665731
2021-12-08 07:00:00,11455.872969894903
2021-12-08 08:00:00,11472.577416293849
2021-12-08 09:00:00,11430.128173309891
2021-12-08 10:00:00,11366.922967058748
2021-12-08 11:00:00,11315.907746687004
2021-12-08 12:00:00,11296.798928768068
2021-12-08 13:00:00,11319.144742831062
2021-12-08 14:00:00,11381.329683861673
2021-12-08 15:00:00,11461.754298255019
2021-12-08 16:00:00,11515.990693859216
2021-12-08 17:00:00,11494.933624003732
2021-12-08 18:00:00,11378.786925056274
2021-12-08 19:00:00,11200.017263790693
2021-12-08 20:00:00,11030.222561754863
2021-12-08 21:00:00,10934.442398058884
2021-12-08 22:00:00,10927.098309668425
2021-12-08 23:00:00,10966.418040200566
2021-12-09 00:00:00,10993.276317578291
2021-12-09 01:00:00,10982.184549531088
2021-12-09 02:00:00,10961.340005187974
2021-12-09 03:00:00,10985.604743752525
2021-12-09 04:00:00,11086.927960408975
2021-12-09 05:00:00,11244.740888652961
2021-12-09 06:00:00,11399.34563116288
2021-12-09 07:00:00,11493.761260224892
2021-12-09 08:00:00,11508.214047813439
2021-12-09 09:00:00,11463.229179466507
2021-12-09 10:00:00,11397.260329005354
2021-12-09 11:00:00,11343.305285096483
2021-12-09 12:00:00,11321.126794637466
2021-12-09 13:00:00,11340.31262679267
2021-12-09 14:00:00,11399.278884380345
2021-12-09 15:00:00,11476.448807897788
2021-12-09 16:00:00,11527.407479370895
2021-12-09 17:00:00,11503.052289701825
2021-12-09 18:00:00,11383.578960230474
2021-12-09 19:00:00,11201.435082960306
2021-12-09 20:00:00,11028.18855176027
2021-12-09 21:00:00,10928.838188019394
2021-12-09 22:00:00,10917.754478447529
2021-12-09 23:00:00,10953.104471945731
2021-12-10 00:00:00,10975.693408255858
2021-12-10 01:00:00,10959.955456874683
2021-12-10 02:00:00,10934.004121165195
2021-12-10 03:00:00,10952.612552474971
2021-12-10 04:00:00,11047.637425689029
2021-12-10 05:00:00,11198.415494576228
2021-12-10 06:00:00,11345.154175996255
2021-12-10 07:00:00,11430.779479388655
2021-12-10 08:00:00,11435.428115449256
2021-12-10 09:00:00,11379.54111122281
2021-12-10 10:00:00,11301.49528069715
2021-12-10 11:00:00,11234.220713889814
2021-12-10 12:00:00,11197.42342131687
2021-12-10 13:00:00,11200.64711014196
2021-12-10 14:00:00,11242.278091822382
2021-12-10 15:00:00,11300.725540986085
2021-12-10 16:00:00,11331.577488686076
2021-12-10 17:00:00,11285.752391415514
2021-12-10 18:00:00,11143.486046650314
2021-12-10 19:00:00,10937.28580176233
2021-12-10 20:00:00,10738.799413856768
2021-12-10 21:00:00,10613.125851934634
2021-12-10 22:00:00,10574.755950531142
2021-12-10 23:00:00,10581.996956184501
2021-12-11 00:00:00,10575.813537233973
2021-12-11 01:00:00,10530.817636951639
2021-12-11 02:00:00,10475.31772962696
2021-12-11 03:00:00,10464.297732678711
2021-12-11 04:00:00,10529.839237921427
2021-12-11 05:00:00,10651.51619509498
2021-12-11 06:00:00,10769.783414723945
2021-12-11 07:00:00,10827.822227797717
2021-12-11 08:00:00,10806.030159466729
2021-12-11 09:00:00,10725.111970141237
2021-12-11 10:00:00,10623.708441095727
2021-12-11 11:00:00,10535.011097488914
2021-12-11 12:00:00,10478.982036844309
2021-12-11 13:00:00,10465.412871805946
2021-12-11 14:00:00,10492.926819843338
2021-12-11 15:00:00,10540.15619302307
2021-12-11 16:00:00,10562.895703975257
2021-12-11 17:00:00,10512.251462221366
2021-12-11 18:00:00,10368.625463067818
2021-12-11 19:00:00,10164.667546310477
2021-12-11 20:00:00,9972.142210839675
2021-12-11 21:00:00,9856.237602967489
2021-12-11 22:00:00,9831.504611935847
2021-12-11 23:00:00,9856.280134860046
2021-12-12 00:00:00,9871.527100443267
2021-12-12 01:00:00,9851.823646192288
2021-12-12 02:00:00,9825.41202056917
2021-12-12 03:00:00,9847.177471131126
2021-12-12 04:00:00,9949.070786110631
2021-12-12 05:00:00,10110.503622957516
2021-12-12 06:00:00,10271.737987758072
2021-12-12 07:00:00,10375.733195527539
2021-12-12 08:00:00,10402.63715798743
2021-12-12 09:00:00,10372.879337447028
2021-12-12 10:00:00,10324.801725829304
2021-12-12 11:00:00,10291.276020433876
2021-12-12 12:00:00,10291.926140057993
2021-12-12 13:00:00,10336.190062898408
2021-12-12 14:00:00,10422.324989428935
2021-12-12 15:00:00,10528.588051290004
2021-12-12 16:00:00,10610.392948786917
2021-12-12 17:00:00,10618.462356011218
2021-12-12 18:00:00,10532.81585988379
2021-12-12 19:00:00,10385.72537353995
2021-12-12 20:00:00,10248.585373537864
2021-12-12 21:00:00,10186.225242130913
2021-12-12 22:00:00,10212.851612197668
2021-12-12 23:00:00,10286.474742513026
2021-12-13 00:00:00,10347.751479351835
2021-12-13 01:00:00,10370.977168008767
2021-12-13 02:00:00,10384.137056551266
2021-12-13 03:00:00,10441.88742650667
2021-12-13 04:00:00,10575.980094314587
2021-12-13 05:00:00,10765.659396902953
2021-12-13 06:00:00,10951.053008171504
2021-12-13 07:00:00,11075.019903182114
2021-12-13 08:00:00,11117.642307046382
2021-12-13 09:00:00,11099.31896141747
2021-12-13 10:00:00,11058.396065767547
2021-12-13 11:00:00,11027.784067217592
2021-12-13 12:00:00,11027.17944855719
2021-12-13 13:00:00,11066.125505605709
2021-12-13 14:00:00,11143.016130677068
2021-12-13 15:00:00,11236.274840219814
2021-12-13 16:00:00,11301.50944945091
2021-12-13 17:00:00,11289.66225646152
2021-12-13 18:00:00,11180.99552818988
2021-12-13 19:00:00,11008.044257232516
2021-12-13 20:00:00,10842.483569751792
2021-12-13 21:00:00,10749.438098071627
2021-12-13 22:00:00,10743.42124927594
2021-12-13 23:00:00,10782.758432357927
2021-12-14 00:00:00,10808.426834973547
2021-12-14 01:00:00,10795.04414882072
2021-12-14 02:00:00,10770.916820961864
2021-12-14 03:00:00,10791.018100096533
2021-12-14 04:00:00,10887.409554807453
2021-12-14 05:00:00,11039.63520881815
2021-12-14 06:00:00,11188.109669828076
2021-12-14 07:00:00,11275.96359639773
2021-12-14 08:00:00,11283.533364769615
2021-12-14 09:00:00,11231.452290979607
2021-12-14 10:00:00,11158.279784551743
2021-12-14 11:00:00,11097.116623478203
2021-12-14 12:00:00,11067.825512676382
2021-12-14 13:00:00,11080.090926162964
2021-12-14 14:00:00,11132.422254912693
2021-12-14 15:00:00,11203.332500300385
2021-12-14 16:00:00,11248.492914098717
2021-12-14 17:00:00,11218.883441885642
2021-12-14 18:00:00,11094.778753365672
2021-12-14 19:00:00,10908.701816324648
2021-12-14 20:00:00,10732.292378980004
2021-12-14 21:00:00,10630.617655877124
2021-12-14 22:00:00,10618.113127874423
2021-12-14 23:00:00,10653.007495015967
2021-12-15 00:00:00,10676.164348147438
2021-12-15 01:00:00,10662.07293094236
2021-12-15 02:00:00,10638.898541210798
2021-12-15 03:00:00,10661.462810905643
2021-12-15 04:00:00,10761.667511723343
2021-12-15 05:00:00,10918.891001015922
2021-12-15 06:00:00,11073.378654357126
2021-12-15 07:00:00,11168.090599778421
2021-12-15 08:00:00,11183.193586655623
2021-12-15 09:00:00,11139.154317503584
2021-12-15 10:00:00,11074.37059306959
2021-12-15 11:00:00,11021.788436694464
2021-12-15 12:00:00,11001.124338733396
2021-12-15 13:00:00,11021.926602068817
2021-12-15 14:00:00,11082.579794613188
2021-12-15 15:00:00,11161.48453523257
2021-12-15 16:00:00,11214.213003824265
2021-12-15 17:00:00,11191.660025321855
2021-12-15 18:00:00,11074.029507256491
2021-12-15 19:00:00,10893.788187093503
2021-12-15 20:00:00,10722.534056655233
2021-12-15 21:00:00,10625.30676484536
2021-12-15 22:00:00,10616.52791797143
2021-12-15 23:00:00,10654.425328526291
2021-12-16 00:00:00,10679.873792859054
2021-12-16 01:00:00,10667.384786639414
2021-12-16 02:00:00,10645.155646461944
2021-12-16 03:00:00,10668.048498543872
2021-12-16 04:00:00,10768.012604585221
2021-12-16 05:00:00,10924.479264122207
2021-12-16 06:00:00,11077.750645380866
2021-12-16 07:00:00,11170.8458857314
2021-12-16 08:00:00,11183.991321710295
2021-12-16 09:00:00,11137.712202945439
2021-12-16 10:00:00,11070.462266845396
2021-12-16 11:00:00,11015.239365166615
2021-12-16 12:00:00,10991.80630738097
2021-12-16 13:00:00,11009.750924736301
2021-12-16 14:00:00,11067.48938162616
2021-12-16 15:00:00,11143.44497959098
2021-12-16 16:00:00,11193.202861216912
2021-12-16 17:00:00,11167.660477417201
2021-12-16 18:00:00,11047.013609041589
2021-12-16 19:00:00,10863.70990707551
2021-12-16 20:00:00,10689.317323842859
2021-12-16 21:00:00,10588.834738657111
2021-12-16 22:00:00,10576.632695616225
2021-12-16 23:00:00,10610.87830049734
2021-12-17 00:00:00,10632.376849346858
2021-12-17 01:00:00,10615.562567450314
2021-12-17 02:00:00,10588.5490134101
2021-12-17 03:00:00,10606.109393271237
2021-12-17 04:00:00,10700.100436052171
2021-12-17 05:00:00,10849.858949126929
2021-12-17 06:00:00,10995.592402391383
2021-12-17 07:00:00,11080.226857769601
2021-12-17 08:00:00,11083.899077883363
2021-12-17 09:00:00,11027.050141145435
2021-12-17 10:00:00,10948.05691234868
2021-12-17 11:00:00,10879.849531733073
2021-12-17 12:00:00,10842.134059492178
2021-12-17 13:00:00,10844.45425188137
2021-12-17 14:00:00,10885.19646887686
2021-12-17 15:00:00,10942.769933051126
2021-12-17 16:00:00,10972.762722836707
2021-12-17 17:00:00,10926.09334150042
2021-12-17 18:00:00,10782.99763272732
2021-12-17 19:00:00,10575.982989507724
2021-12-17 20:00:00,10376.697213987918
2021-12-17 21:00:00,10250.239319578028
2021-12-17 22:00:00,10211.100184686371
2021-12-17 23:00:00,10217.587099115373
2021-12-18 00:00:00,10210.664773836028
2021-12-18 01:00:00,10164.945194195374
2021-12-18 02:00:00,10108.736875939052
2021-12-18 03:00:00,10097.023777344131
2021-12-18 04:00:00,10161.887530468608
2021-12-18 05:00:00,10282.902124702054
2021-12-18 06:00:00,10400.522409600815
2021-12-18 07:00:00,10457.929754574463
2021-12-18 08:00:00,10435.521722595364
2021-12-18 09:00:00,10354.003111258557
2021-12-18 10:00:00,10252.014738428736
2021-12-18 11:00:00,10162.74816520591
2021-12-18 12:00:00,10106.165524471513
2021-12-18 13:00:00,10092.058463579637
2021-12-18 14:00:00,10119.050234092747
2021-12-18 15:00:00,10165.773181538701
2021-12-18 16:00:00,10188.02205139806
2021-12-18 17:00:00,10136.902985391507
2021-12-18 18:00:00,9992.818010407615
2021-12-18 19:00:00,9788.416997187898
2021-12-18 20:00:00,9595.46447493439
2021-12-18 21:00:00,9479.148619629079
2021-12-18 22:00:00,9454.020349546985
2021-12-18 23:00:00,9478.416590214842
2021-12-19 00:00:00,9493.3002980775
2021-12-19 01:00:00,9473.249637760639
2021-12-19 02:00:00,9446.506884197055
2021-12-19 03:00:00,9467.95731077244
2021-12-19 04:00:00,9569.55173088357
2021-12-19 05:00:00,9730.701826521858
2021-12-19 06:00:00,9891.669627648012
2021-12-19 07:00:00,9995.41447250617
2021-12-19 08:00:00,10022.084295394212
2021-12-19 09:00:00,9992.10858054581
2021-12-19 10:00:00,9943.829341156983
2021-12-19 11:00:00,9910.11829512421
2021-12-19 12:00:00,9910.599381214834
2021-12-19 13:00:00,9954.710596916124
2021-12-19 14:00:00,10040.709161337865
2021-12-19 15:00:00,10146.852224096456
2021-12-19 16:00:00,10228.553502809355
2021-12-19 17:00:00,10236.535688228356
2021-12-19 18:00:00,10150.81838324878
2021-12-19 19:00:00,10003.67351634248
2021-12-19 20:00:00,9866.495578711196
2021-12-19 21:00:00,9804.113966607843
2021-12-19 22:00:00,9830.735326228887
2021-12-19 23:00:00,9904.36992900203
2021-12-20 00:00:00,9965.674633185856
2021-12-20 01:00:00,9988.944795391035
2021-12-20 02:00:00,10002.165674327192
2021-12-20 03:00:00,10059.993561492181
2021-12-20 04:00:00,10194.180282623458
2021-12-20 05:00:00,10383.970183266078
2021-12-20 06:00:00,10569.49094528746
2021-12-20 07:00:00,10693.60155100609
2021-12-20 08:00:00,10736.384232153812
2021-12-20 09:00:00,10718.237736290768
2021-12-20 10:00:00,10677.50826814496
2021-12-20 11:00:00,10647.106279408674
2021-12-20 12:00:00,10646.728256765271
2021-12-20 13:00:00,10685.917499247442
2021-12-20 14:00:00,10763.067901706674
2021-12-20 15:00:00,10856.602982449625
2021-12-20 16:00:00,10922.13055787177
2021-12-20 17:00:00,10910.592926572146
2021-12-20 18:00:00,10802.252355285076
2021-12-20 19:00:00,10629.643835775421
2021-12-20 20:00:00,10464.442492641443
2021-12-20 21:00:00,10371.772956000666
2021-12-20 22:00:00,10366.148630020989
2021-12-20 23:00:00,10405.894920118271
2021-12-21 00:00:00,10431.989009679974
2021-12-21 01:00:00,10419.04858545662
2021-12-21 02:00:00,10395.380088883972
2021-12-21 03:00:00,10415.956762350812
2021-12-21 04:00:00,10512.840167440057
2021-12-21 05:00:00,10665.574320219324
2021-12-21 06:00:00,10814.573820020029
2021-12-21 07:00:00,10902.969316359704
2021-12-21 08:00:00,10911.097175776154
2021-12-21 09:00:00,10859.590703896021
2021-12-21 10:00:00,10787.00929916636
2021-12-21 11:00:00,10726.453727817303
2021-12-21 12:00:00,10697.786682323574
2021-12-21 13:00:00,10710.692623576884
2021-12-21 14:00:00,10763.680928748694
2021-12-21 15:00:00,10835.264584728387
2021-12-21 16:00:00,10881.11482812568
2021-12-21 17:00:00,10852.21158867919
2021-12-21 18:00:00,10728.829519562525
2021-12-21 19:00:00,10543.491571375878
2021-12-21 20:00:00,10367.837474442955
2021-12-21 21:00:00,10266.934424763065
2021-12-21 22:00:00,10255.217883956744
2021-12-21 23:00:00,10290.916532157717
2021-12-22 00:00:00,10314.893939625308
2021-12-22 01:00:00,10301.639328774072
2021-12-22 02:00:00,10279.317975476628
2021-12-22 03:00:00,10302.751489076423
2021-12-22 04:00:00,10403.84161798545
2021-12-22 05:00:00,10561.966695597586
2021-12-22 06:00:00,10717.372072857968
2021-12-22 07:00:00,10813.017852493045
2021-12-22 08:00:00,10829.070757921761
2021-12-22 09:00:00,10785.997465010356
2021-12-22 10:00:00,10722.195747189588
2021-12-22 11:00:00,10670.611599836267
2021-12-22 12:00:00,10650.961484656993
2021-12-22 13:00:00,10672.793675220344
2021-12-22 14:00:00,10734.492709467722
2021-12-22 15:00:00,10814.459175633088
2021-12-22 16:00:00,10868.26522229786
2021-12-22 17:00:00,10846.805642438196
2021-12-22 18:00:00,10730.284310961235
2021-12-22 19:00:00,10551.167932048427
2021-12-22 20:00:00,10381.05446357856
2021-12-22 21:00:00,10284.983519850934
2021-12-22 22:00:00,10277.376671926115
2021-12-22 23:00:00,10316.461696373544
2021-12-23 00:00:00,10343.113352982456
2021-12-23 01:00:00,10331.843080205028
2021-12-23 02:00:00,10310.84817677442
2021-12-23 03:00:00,10334.990730370428
2021-12-23 04:00:00,10436.219963545826
2021-12-23 05:00:00,10593.967136013924
2021-12-23 06:00:00,10748.534375543484
2021-12-23 07:00:00,10842.94077840068
2021-12-23 08:00:00,10857.412639376751
2021-12-23 09:00:00,10812.475165719254
2021-12-23 10:00:00,10746.582051796082
2021-12-23 11:00:00,10692.73110571566
2021-12-23 12:00:00,10670.685092644182
2021-12-23 13:00:00,10690.031798894399
2021-12-23 14:00:00,10749.18734328148
2021-12-23 15:00:00,10826.574981178368
2021-12-23 16:00:00,10877.779808312152
2021-12-23 17:00:00,10853.699228150404
2021-12-23 18:00:00,10734.52897347347
2021-12-23 19:00:00,10552.716646529203
2021-12-23 20:00:00,10379.83015034477
2021-12-23 21:00:00,10280.868314269774
2021-12-23 22:00:00,10270.201631848886
2021-12-23 23:00:00,10305.99715765362
2021-12-24 00:00:00,10329.060135945647
2021-12-24 01:00:00,10313.824739596485
2021-12-24 02:00:00,10288.404474192299
2021-12-24 03:00:00,10307.572492132074
2021-12-24 04:00:00,10403.185468212205
2021-12-24 05:00:00,10554.580154958554
2021-12-24 06:00:00,10701.96396682186
2021-12-24 07:00:00,10788.26290968116
2021-12-24 08:00:00,10793.613689517366
2021-12-24 09:00:00,10738.457327504744
2021-12-24 10:00:00,10661.170630595381
2021-12-24 11:00:00,10594.68368061326
2021-12-24 12:00:00,10558.702478738838
2021-12-24 13:00:00,10562.770721624214
2021-12-24 14:00:00,10605.274709052948
2021-12-24 15:00:00,10664.623602849277
2021-12-24 16:00:00,10696.405420078754
2021-12-24 17:00:00,10651.53860209141
2021-12-24 18:00:00,10510.258930071377
2021-12-24 19:00:00,10305.07373393699
2021-12-24 20:00:00,10107.630752191519
2021-12-24 21:00:00,9983.02893402873
2021-12-24 22:00:00,9945.759093093182
2021-12-24 23:00:00,9954.128453832085
2021-12-25 00:00:00,9949.101661332055
2021-12-25 01:00:00,9905.290634474977
2021-12-25 02:00:00,9851.003821999206
2021-12-25 03:00:00,9841.22511461895
2021-12-25 04:00:00,9908.036076279644
2021-12-25 05:00:00,10031.010627708692
2021-12-25 06:00:00,10150.603549254705
2021-12-25 07:00:00,10209.99614059954
2021-12-25 08:00:00,10189.585894407826
2021-12-25 09:00:00,10110.077537470068
2021-12-25 10:00:00,10010.111816303786
2021-12-25 11:00:00,9922.880220107292
2021-12-25 12:00:00,9868.344809362025
2021-12-25 13:00:00,9856.297158489613
2021-12-25 14:00:00,9885.36044560044
2021-12-25 15:00:00,9934.166942239348
2021-12-25 16:00:00,9958.511319399613
2021-12-25 17:00:00,9909.49964380136
2021-12-25 18:00:00,9767.53386682486
2021-12-25 19:00:00,9565.263783176384
2021-12-25 20:00:00,9374.453845553147
2021-12-25 21:00:00,9260.292152909424
2021-12-25 22:00:00,9237.329545998275
2021-12-25 23:00:00,9263.902872327513
2021-12-26 00:00:00,9280.975009848611
2021-12-26 01:00:00,9263.124044187214
2021-12-26 02:00:00,9238.592170789678
2021-12-26 03:00:00,9262.264583095217
2021-12-26 04:00:00,9366.092014057875
2021-12-26 05:00:00,9529.486064754514
2021-12-26 06:00:00,9692.708683755132
2021-12-26 07:00:00,9798.719127466884
2021-12-26 08:00:00,9827.665247851965
2021-12-26 09:00:00,9799.976446370252
2021-12-26 10:00:00,9753.994652978838
2021-12-26 11:00:00,9722.59150188366
2021-12-26 12:00:00,9725.390847694516
2021-12-26 13:00:00,9771.830603310853
2021-12-26 14:00:00,9860.167902810972
2021-12-26 15:00:00,9968.659810309406
2021-12-26 16:00:00,10052.719957530453
2021-12-26 17:00:00,10063.070948856885
2021-12-26 18:00:00,9979.732300404978
2021-12-26 19:00:00,9834.975853428405
2021-12-26 20:00:00,9700.196011492835
2021-12-26 21:00:00,9640.222082804048
2021-12-26 22:00:00,9669.260625079665
2021-12-26 23:00:00,9745.321820855943
2021-12-27 00:00:00,9809.062439110608
2021-12-27 01:00:00,9834.777746742948
2021-12-27 02:00:00,9850.452912349792
2021-12-27 03:00:00,9910.744136945108
2021-12-27 04:00:00,10047.403155361384
2021-12-27 05:00:00,10239.674221857302
2021-12-27 06:00:00,10427.68492661273
2021-12-27 07:00:00,10554.294159906773
2021-12-27 08:00:00,10599.584061014637
2021-12-27 09:00:00,10583.953284688168
2021-12-27 10:00:00,10545.74794246825
2021-12-27 11:00:00,10517.878392495204
2021-12-27 12:00:00,10520.041027518962
2021-12-27 13:00:00,10561.779052299147
2021-12-27 14:00:00,10641.486267054563
2021-12-27 15:00:00,10737.586095089391
2021-12-27 16:00:00,10805.686257462115
2021-12-27 17:00:00,10796.728957086778
2021-12-27 18:00:00,10690.976364677306
2021-12-27 19:00:00,10520.963375615915
2021-12-27 20:00:00,10358.3650178298
2021-12-27 21:00:00,10268.305824377214
2021-12-27 22:00:00,10265.299102097764
2021-12-27 23:00:00,10307.670158723773
2021-12-28 00:00:00,10336.396079651904
2021-12-28 01:00:00,10326.094453334108
2021-12-28 02:00:00,10305.071622579317
2021-12-28 03:00:00,10328.300730873927
2021-12-28 04:00:00,10427.843240561915
2021-12-28 05:00:00,10583.243068206813
2021-12-28 06:00:00,10734.914713324171
2021-12-28 07:00:00,10825.988725331696
2021-12-28 08:00:00,10836.80137038386
2021-12-28 09:00:00,10787.98585344278
2021-12-28 10:00:00,10718.101472021372
2021-12-28 11:00:00,10660.248891118898
2021-12-28 12:00:00,10634.290701745893
2021-12-28 13:00:00,10649.911263042464
2021-12-28 14:00:00,10705.619850173429
2021-12-28 15:00:00,10779.929347764963
2021-12-28 16:00:00,10828.510889927311
2021-12-28 17:00:00,10802.344303627757
2021-12-28 18:00:00,10681.704139044663
2021-12-28 19:00:00,10499.11324353829
2021-12-28 20:00:00,10326.211243957347
2021-12-28 21:00:00,10228.06523259895
2021-12-28 22:00:00,10219.110567144668
2021-12-28 23:00:00,10257.575823596555
2021-12-29 00:00:00,10284.324467828073
2021-12-29 01:00:00,10273.84561768015
2021-12-29 02:00:00,10254.304444236866
2021-12-29 03:00:00,10280.522451853507
2021-12-29 04:00:00,10384.401283737901
2021-12-29 05:00:00,10545.319167896021
2021-12-29 06:00:00,10703.5213497217
2021-12-29 07:00:00,10801.967826144097
2021-12-29 08:00:00,10820.825214645618
2021-12-29 09:00:00,10780.560084969977
2021-12-29 10:00:00,10719.570104253651
2021-12-29 11:00:00,10670.801161390707
2021-12-29 12:00:00,10653.96961147256
2021-12-29 13:00:00,10678.623621269391
2021-12-29 14:00:00,10743.147621774999
2021-12-29 15:00:00,10825.942094120212
2021-12-29 16:00:00,10882.579079652376
2021-12-29 17:00:00,10863.953263951946
2021-12-29 18:00:00,10750.268414402042
2021-12-29 19:00:00,10573.991127526837
2021-12-29 20:00:00,10406.719253416803
2021-12-29 21:00:00,10313.49229845948
2021-12-29 22:00:00,10308.731725677411
2021-12-29 23:00:00,10350.665203508623
2021-12-30 00:00:00,10380.167383467557
2021-12-30 01:00:00,10371.749595648327
2021-12-30 02:00:00,10353.609030318512
2021-12-30 03:00:00,10380.60766659878
2021-12-30 04:00:00,10484.69461837131
2021-12-30 05:00:00,10645.301036616976
2021-12-30 06:00:00,10802.72894027122
2021-12-30 07:00:00,10899.997316691737
2021-12-30 08:00:00,10917.332351687493
2021-12-30 09:00:00,10875.259143452819
2021-12-30 10:00:00,10812.231277246141
2021-12-30 11:00:00,10761.246451975318
2021-12-30 12:00:00,10742.067323590538
2021-12-30 13:00:00,10764.281569108956
2021-12-30 14:00:00,10826.305198009011
2021-12-30 15:00:00,10906.561356281647
2021-12-30 16:00:00,10960.635030248453
2021-12-30 17:00:00,10939.42351391978
2021-12-30 18:00:00,10823.122430587815
2021-12-30 19:00:00,10644.179273009759
2021-12-30 20:00:00,10474.16183468355
2021-12-30 21:00:00,10378.06883542005
2021-12-30 22:00:00,10370.270659200814
2021-12-30 23:00:00,10408.934251062621
2021-12-31 00:00:00,10434.864745689067
2021-12-31 01:00:00,10422.49620640545
2021-12-31 02:00:00,10399.942029240967
2021-12-31 03:00:00,10421.975257066257
2021-12-31 04:00:00,10520.452455153958
2021-12-31 05:00:00,10674.71026652667
2021-12-31 06:00:00,10824.955996171853
2021-12-31 07:00:00,10914.115540508054
2021-12-31 08:00:00,10922.325496123547
2021-12-31 09:00:00,10870.02677481484
2021-12-31 10:00:00,10795.596074211462
2021-12-31 11:00:00,10731.96336686019
2021-12-31 12:00:00,10698.834544717727
2021-12-31 13:00:00,10705.753195269703
2021-12-31 14:00:00,10751.105509193936
2021-12-31 15:00:00,10813.300539277017
2021-12-31 16:00:00,10847.926193618372
2021-12-31 17:00:00,10805.900804681543
2021-12-31 18:00:00,10667.46004483135
2021-12-31 19:00:00,10465.111135275696
2021-12-31 20:00:00,10270.50170586647
