timestamp,actual,predicted
2021-01-01 00:00:00,9206.0,9606.48106902279
2021-01-01 01:00:00,9042.0,9501.988021270496
2021-01-01 02:00:00,9010.0,9312.653359597884
2021-01-01 03:00:00,9057.0,9357.636017287536
2021-01-01 04:00:00,9219.0,9348.972652105278
2021-01-01 05:00:00,9198.0,9553.225965464886
2021-01-01 06:00:00,9392.0,9479.089022729804
2021-01-01 07:00:00,9486.0,9588.518221526738
2021-01-01 08:00:00,9496.0,9623.508499062702
2021-01-01 09:00:00,9629.0,9673.467207930718
2021-01-01 10:00:00,9731.0,9740.44481309145
2021-01-01 11:00:00,9763.0,9830.129650643321
2021-01-01 12:00:00,9908.0,9851.29546700507
2021-01-01 13:00:00,10160.0,10039.00705665081
2021-01-01 14:00:00,10428.0,10304.402608540724
2021-01-01 15:00:00,10485.0,10501.6231290184
2021-01-01 16:00:00,10498.0,10500.929260372828
2021-01-01 17:00:00,10523.0,10433.987233785618
2021-01-01 18:00:00,10340.0,10220.154405498513
2021-01-01 19:00:00,10021.0,9932.434955694262
2021-01-01 20:00:00,10182.0,9996.310875141195
2021-01-01 21:00:00,10012.0,9908.811547665971
2021-01-01 22:00:00,9631.0,9573.88484860112
2021-01-01 23:00:00,9292.0,9427.483007697936
2021-01-02 00:00:00,9054.0,9315.708935885448
2021-01-02 01:00:00,8975.0,9158.547723069343
2021-01-02 02:00:00,8972.0,8973.036097435102
2021-01-02 03:00:00,9065.0,8936.041514047889
2021-01-02 04:00:00,9264.0,9074.348080839432
2021-01-02 05:00:00,9309.0,9292.3711225727
2021-01-02 06:00:00,9616.0,9454.580120257599
2021-01-02 07:00:00,9742.0,9694.814911788513
2021-01-02 08:00:00,9861.0,9804.168328802438
2021-01-02 09:00:00,9975.0,9870.153094101888
2021-01-02 10:00:00,10040.0,9940.71392602857
2021-01-02 11:00:00,10061.0,9985.83600909352
2021-01-02 12:00:00,10197.0,10046.960659770182
2021-01-02 13:00:00,10500.0,10255.700874447793
2021-01-02 14:00:00,10806.0,10636.97213999988
2021-01-02 15:00:00,10937.0,10821.735498801354
2021-01-02 16:00:00,11018.0,10877.266151338614
2021-01-02 17:00:00,10940.0,10862.253557565356
2021-01-02 18:00:00,10669.0,10611.337275646583
2021-01-02 19:00:00,10238.0,10170.057550265648
2021-01-02 20:00:00,10490.0,10197.997513261318
2021-01-02 21:00:00,10318.0,10162.242509363372
2021-01-02 22:00:00,9914.0,9873.982401193576
2021-01-02 23:00:00,9535.0,9600.479087336087
2021-01-03 00:00:00,9296.0,9328.173344348572
2021-01-03 01:00:00,9137.0,9274.141300633428
2021-01-03 02:00:00,9142.0,9229.912943689013
2021-01-03 03:00:00,9197.0,9200.652016669488
2021-01-03 04:00:00,9375.0,9231.86908855223
2021-01-03 05:00:00,9369.0,9424.352883448159
2021-01-03 06:00:00,9641.0,9559.009790079705
2021-01-03 07:00:00,9753.0,9753.486277959571
2021-01-03 08:00:00,9938.0,9875.997526219438
2021-01-03 09:00:00,10129.0,9986.8551133304
2021-01-03 10:00:00,10203.0,10100.378123323904
2021-01-03 11:00:00,10272.0,10170.103396154907
2021-01-03 12:00:00,10233.0,10241.511120238363
2021-01-03 13:00:00,10446.0,10341.909355618329
2021-01-03 14:00:00,10736.0,10644.554309809373
2021-01-03 15:00:00,10807.0,10845.766058540708
2021-01-03 16:00:00,10826.0,10857.448120316802
2021-01-03 17:00:00,10891.0,10777.860998221633
2021-01-03 18:00:00,10679.0,10592.106968436197
2021-01-03 19:00:00,10253.0,10224.536861990267
2021-01-03 20:00:00,10483.0,10349.42085112899
2021-01-03 21:00:00,10388.0,10262.317173350968
2021-01-03 22:00:00,10008.0,9953.219327188242
2021-01-03 23:00:00,9638.0,9693.411919202645
2021-01-04 00:00:00,10609.0,9972.988918912375
2021-01-04 01:00:00,10707.5,10562.110482316233
2021-01-04 02:00:00,10771.5,10630.692485364301
2021-01-04 03:00:00,10816.5,10523.319047264944
2021-01-04 04:00:00,10539.0,10597.045325887348
2021-01-04 05:00:00,10923.0,10815.532042329569
2021-01-04 06:00:00,11376.0,11007.582210984689
2021-01-04 07:00:00,11442.0,11212.697303584915
2021-01-04 08:00:00,11409.0,11246.172579357119
2021-01-04 09:00:00,11447.0,11252.791876694127
2021-01-04 10:00:00,11450.0,11276.358691180507
2021-01-04 11:00:00,11441.0,11269.80758137727
2021-01-04 12:00:00,11476.0,11291.200557192715
2021-01-04 13:00:00,11583.0,11421.172010987493
2021-01-04 14:00:00,11818.0,11578.100856178251
2021-01-04 15:00:00,11722.0,11706.453988870328
2021-01-04 16:00:00,11714.0,11602.021984959383
2021-01-04 17:00:00,11667.0,11582.367497471285
2021-01-04 18:00:00,11523.0,11336.627962784336
2021-01-04 19:00:00,11172.0,10941.398602545058
2021-01-04 20:00:00,11325.0,11082.22208578945
2021-01-04 21:00:00,11123.0,11002.693943575156
2021-01-04 22:00:00,10685.0,10892.353541339337
2021-01-04 23:00:00,11499.5,10936.83705074632
2021-01-05 00:00:00,11543.0,11245.27179090932
2021-01-05 01:00:00,11573.0,11378.611007106154
2021-01-05 02:00:00,11615.0,11346.060714375675
2021-01-05 03:00:00,11615.0,11342.97142222782
2021-01-05 04:00:00,11181.0,11156.430437748912
2021-01-05 05:00:00,11563.0,11300.216607839136
2021-01-05 06:00:00,11825.0,11533.429118620255
2021-01-05 07:00:00,11799.0,11581.49159782711
2021-01-05 08:00:00,11815.0,11554.731120149216
2021-01-05 09:00:00,11935.0,11578.43811047183
2021-01-05 10:00:00,11955.0,11672.793201849167
2021-01-05 11:00:00,11842.0,11680.887118673665
2021-01-05 12:00:00,11904.0,11632.711780456262
2021-01-05 13:00:00,12010.0,11761.41528809743
2021-01-05 14:00:00,12148.0,11985.242706910478
2021-01-05 15:00:00,12143.0,12053.954374068351
2021-01-05 16:00:00,12167.0,12023.578587683836
2021-01-05 17:00:00,12145.0,12038.187963269174
2021-01-05 18:00:00,11904.0,11792.011497177173
2021-01-05 19:00:00,11542.0,11327.479608490075
2021-01-05 20:00:00,11602.0,11482.500722251507
2021-01-05 21:00:00,11405.0,11273.373452186806
2021-01-05 22:00:00,10952.0,11201.417780139067
2021-01-05 23:00:00,10605.0,11162.25332571749
2021-01-06 00:00:00,11418.0,11038.161858781163
2021-01-06 01:00:00,11418.0,11415.161175711131
2021-01-06 02:00:00,11418.0,11368.632893839433
2021-01-06 03:00:00,10460.0,11335.636721715686
2021-01-06 04:00:00,10824.0,10945.79042441154
2021-01-06 05:00:00,10949.0,11188.045836511768
2021-01-06 06:00:00,11156.0,11245.482226902524
2021-01-06 07:00:00,11230.0,11241.586667285437
2021-01-06 08:00:00,11322.0,11263.728207796834
2021-01-06 09:00:00,11431.0,11319.304354495694
2021-01-06 10:00:00,11475.0,11369.268364928965
2021-01-06 11:00:00,11463.0,11365.129891511318
2021-01-06 12:00:00,11471.0,11373.096749761888
2021-01-06 13:00:00,11679.0,11503.593670962258
2021-01-06 14:00:00,11947.0,11742.784663763146
2021-01-06 15:00:00,12006.0,11900.250659028565
2021-01-06 16:00:00,11954.0,11884.824333301522
2021-01-06 17:00:00,11996.0,11830.686079169196
2021-01-06 18:00:00,11708.0,11683.430835491587
2021-01-06 19:00:00,11216.0,11081.13818426437
2021-01-06 20:00:00,11316.0,11207.137264664549
2021-01-06 21:00:00,11175.0,10973.207533486688
2021-01-06 22:00:00,10772.0,10961.794725252437
2021-01-06 23:00:00,10449.0,10848.235069574763
2021-01-07 00:00:00,11686.5,10709.286585442132
2021-01-07 01:00:00,11687.5,11476.35812937506
2021-01-07 02:00:00,11700.0,11447.012590967952
2021-01-07 03:00:00,11700.0,11362.653808366018
2021-01-07 04:00:00,11280.0,11356.559394735115
2021-01-07 05:00:00,11694.0,11357.479940510535
2021-01-07 06:00:00,11911.0,11657.90850436748
2021-01-07 07:00:00,11811.0,11681.146250568157
2021-01-07 08:00:00,11772.0,11604.107827008853
2021-01-07 09:00:00,11706.0,11587.246345175865
2021-01-07 10:00:00,11745.0,11535.65410512968
2021-01-07 11:00:00,11715.0,11549.658461401708
2021-01-07 12:00:00,11681.0,11539.369968592751
2021-01-07 13:00:00,11844.0,11637.995770212428
2021-01-07 14:00:00,11957.0,11845.09938887522
2021-01-07 15:00:00,11915.0,11883.243689092069
2021-01-07 16:00:00,11778.0,11814.545900240844
2021-01-07 17:00:00,11748.0,11668.289314854406
2021-01-07 18:00:00,11587.0,11478.030795248738
2021-01-07 19:00:00,11164.0,10988.8134573281
2021-01-07 20:00:00,11234.0,11136.353630636328
2021-01-07 21:00:00,10972.0,10938.1035739582
2021-01-07 22:00:00,11620.5,10766.438427678586
2021-01-07 23:00:00,11620.5,11455.282323787655
2021-01-08 00:00:00,11602.5,11442.29195670331
2021-01-08 01:00:00,11580.0,11472.518736592061
2021-01-08 02:00:00,11580.0,11424.395460167898
2021-01-08 03:00:00,11580.0,11323.403980734982
2021-01-08 04:00:00,11110.0,11145.065849078559
2021-01-08 05:00:00,11533.0,11317.774719190327
2021-01-08 06:00:00,11870.0,11562.624928634952
2021-01-08 07:00:00,11719.0,11661.500438986555
2021-01-08 08:00:00,11654.0,11563.611530244149
2021-01-08 09:00:00,11732.0,11500.547196209605
2021-01-08 10:00:00,11699.0,11544.914845436257
2021-01-08 11:00:00,11618.0,11531.021426120693
2021-01-08 12:00:00,11573.0,11463.410066425113
2021-01-08 13:00:00,11689.0,11538.350912685448
2021-01-08 14:00:00,11900.0,11703.065120330064
2021-01-08 15:00:00,11911.0,11839.71490145346
2021-01-08 16:00:00,11847.0,11783.21417740038
2021-01-08 17:00:00,11874.0,11688.676492239063
2021-01-08 18:00:00,11684.0,11528.469162350972
2021-01-08 19:00:00,11338.0,11081.796652532099
2021-01-08 20:00:00,11399.0,11175.562771472645
2021-01-08 21:00:00,11156.0,10986.39581813509
2021-01-08 22:00:00,10704.0,10651.38478141182
2021-01-08 23:00:00,10405.0,10468.982767764051
2021-01-09 00:00:00,11189.5,10443.706946733237
2021-01-09 01:00:00,11189.5,11020.508255388391
2021-01-09 02:00:00,11189.5,10966.499891159589
2021-01-09 03:00:00,10326.0,10814.180358699095
2021-01-09 04:00:00,10584.0,10170.093019735716
2021-01-09 05:00:00,10657.0,10466.011716400813
2021-01-09 06:00:00,10887.0,10715.024712817123
2021-01-09 07:00:00,10964.0,10831.437485770432
2021-01-09 08:00:00,11067.0,10925.898759154916
2021-01-09 09:00:00,11223.0,10954.564235552978
2021-01-09 10:00:00,11253.0,11093.296697551748
2021-01-09 11:00:00,11251.0,11075.383057420624
2021-01-09 12:00:00,11301.0,11095.929728383837
2021-01-09 13:00:00,11585.0,11304.792946928052
2021-01-09 14:00:00,12030.0,11634.605138992294
2021-01-09 15:00:00,12320.0,11984.213559522432
2021-01-09 16:00:00,12366.0,12078.502248959954
2021-01-09 17:00:00,12270.0,12074.07846182195
2021-01-09 18:00:00,11992.0,11782.509165669471
2021-01-09 19:00:00,11570.0,11285.760301699898
2021-01-09 20:00:00,11684.0,11447.820542193887
2021-01-09 21:00:00,11515.0,11298.74849025151
2021-01-09 22:00:00,11103.0,10940.710995183734
2021-01-09 23:00:00,10745.0,10569.726431995105
2021-01-10 00:00:00,10538.0,10433.112322175617
2021-01-10 01:00:00,10464.0,10395.340591256858
2021-01-10 02:00:00,10462.0,10388.107813251552
2021-01-10 03:00:00,10499.0,10346.758577310096
2021-01-10 04:00:00,10671.0,10370.061545789838
2021-01-10 05:00:00,10646.0,10551.461626123237
2021-01-10 06:00:00,10846.0,10720.106624028089
2021-01-10 07:00:00,10906.0,10832.25253545442
2021-01-10 08:00:00,11067.0,10866.25456655273
2021-01-10 09:00:00,11185.0,10964.341530973352
2021-01-10 10:00:00,11200.0,11053.340138001566
2021-01-10 11:00:00,11228.0,11030.37552418157
2021-01-10 12:00:00,11154.0,11087.243315252765
2021-01-10 13:00:00,11221.0,11159.104335711338
2021-01-10 14:00:00,11521.0,11425.98629786015
2021-01-10 15:00:00,11589.0,11597.274029289783
2021-01-10 16:00:00,11612.0,11542.642595881272
2021-01-10 17:00:00,11636.0,11482.289509553573
2021-01-10 18:00:00,11330.0,11314.890364072962
2021-01-10 19:00:00,10930.0,10867.68866526271
2021-01-10 20:00:00,11164.0,11005.33555344974
2021-01-10 21:00:00,10991.0,10922.003184252799
2021-01-10 22:00:00,10685.0,10569.716577301624
2021-01-10 23:00:00,10381.0,10457.808229343773
2021-01-11 00:00:00,11375.0,10650.43187191059
2021-01-11 01:00:00,11470.5,11275.007269353617
2021-01-11 02:00:00,11555.0,11283.838836843972
2021-01-11 03:00:00,10647.0,11353.686418289637
2021-01-11 04:00:00,11420.0,10850.694962875385
2021-01-11 05:00:00,11908.0,11682.403411946032
2021-01-11 06:00:00,12211.0,11866.025141108134
2021-01-11 07:00:00,12136.0,11970.47117241642
2021-01-11 08:00:00,12073.0,11895.036170062878
2021-01-11 09:00:00,12050.0,11831.518241941663
2021-01-11 10:00:00,11968.0,11801.758998040445
2021-01-11 11:00:00,11862.0,11728.451506208896
2021-01-11 12:00:00,11713.0,11639.981527526339
2021-01-11 13:00:00,11770.0,11614.303671387832
2021-01-11 14:00:00,11946.0,11738.598750285517
2021-01-11 15:00:00,11941.0,11877.602751773351
2021-01-11 16:00:00,11861.0,11815.902295578398
2021-01-11 17:00:00,11826.0,11735.701249749261
2021-01-11 18:00:00,11623.0,11545.300798108125
2021-01-11 19:00:00,11266.0,11063.950968012894
2021-01-11 20:00:00,11443.0,11220.979078064733
2021-01-11 21:00:00,11179.0,11136.544729544026
2021-01-11 22:00:00,11741.5,11057.514847239943
2021-01-11 23:00:00,11741.5,11484.318857399581
2021-01-12 00:00:00,11741.5,11466.641663191525
2021-01-12 01:00:00,11798.0,11505.932453652269
2021-01-12 02:00:00,11843.5,11529.66442655064
2021-01-12 03:00:00,11843.5,11454.82311637455
2021-01-12 04:00:00,11468.0,11359.64381252605
2021-01-12 05:00:00,11941.0,11630.7228122426
2021-01-12 06:00:00,12160.0,11856.623926367178
2021-01-12 07:00:00,12120.0,11900.959011409468
2021-01-12 08:00:00,12022.0,11884.915181029406
2021-01-12 09:00:00,12059.0,11822.042766222465
2021-01-12 10:00:00,12078.0,11832.689471907044
2021-01-12 11:00:00,11991.0,11804.6068835334
2021-01-12 12:00:00,11957.0,11741.17590746913
2021-01-12 13:00:00,12042.0,11799.62052976526
2021-01-12 14:00:00,12228.0,12034.930602859979
2021-01-12 15:00:00,12232.0,12151.465684519648
2021-01-12 16:00:00,12251.0,12097.52859951434
2021-01-12 17:00:00,12298.0,12086.2728694999
2021-01-12 18:00:00,12100.0,11887.396663511607
2021-01-12 19:00:00,11665.0,11387.375371820724
2021-01-12 20:00:00,11746.0,11496.689916918454
2021-01-12 21:00:00,11462.0,11348.515842263032
2021-01-12 22:00:00,12016.5,11409.059416337535
2021-01-12 23:00:00,12016.5,11807.998922331646
2021-01-13 00:00:00,12071.0,11793.77681644177
2021-01-13 01:00:00,12164.0,11838.114384555432
2021-01-13 02:00:00,12230.0,11902.926303880218
2021-01-13 03:00:00,12241.5,11871.070559339525
2021-01-13 04:00:00,11959.0,11712.833024795591
2021-01-13 05:00:00,12444.0,11922.22715350804
2021-01-13 06:00:00,12773.0,12278.84309594156
2021-01-13 07:00:00,12701.0,12366.43741408996
2021-01-13 08:00:00,12694.0,12310.741186667407
2021-01-13 09:00:00,12725.0,12334.459756918292
2021-01-13 10:00:00,12738.0,12331.842143069127
2021-01-13 11:00:00,12710.0,12350.806479822144
2021-01-13 12:00:00,12691.0,12317.757257660052
2021-01-13 13:00:00,12780.0,12420.303433806572
2021-01-13 14:00:00,13007.0,12604.640932687189
2021-01-13 15:00:00,13090.0,12821.611281182397
2021-01-13 16:00:00,13137.0,12777.34600260121
2021-01-13 17:00:00,13159.0,12821.72847070221
2021-01-13 18:00:00,12955.0,12619.83921467835
2021-01-13 19:00:00,12453.0,12164.794835107592
2021-01-13 20:00:00,12505.0,12126.18841009154
2021-01-13 21:00:00,12292.0,11971.78181742535
2021-01-13 22:00:00,12757.0,11910.490604367329
2021-01-13 23:00:00,12778.0,12353.126272226127
2021-01-14 00:00:00,12867.5,12331.195154454572
2021-01-14 01:00:00,12981.0,12442.158177384861
2021-01-14 02:00:00,13029.5,12585.93494224037
2021-01-14 03:00:00,13071.0,12528.756168522652
2021-01-14 04:00:00,12776.0,12419.665789155042
2021-01-14 05:00:00,13052.0,12672.009697792326
2021-01-14 06:00:00,13332.0,12890.205896110932
2021-01-14 07:00:00,13304.0,12985.161939820235
2021-01-14 08:00:00,13334.0,12901.752636039464
2021-01-14 09:00:00,13397.0,12991.191098844383
2021-01-14 10:00:00,13458.0,12975.707574106538
2021-01-14 11:00:00,13350.0,12960.28968558188
2021-01-14 12:00:00,13353.0,12971.477671780263
2021-01-14 13:00:00,13435.0,13053.998299997587
2021-01-14 14:00:00,13646.0,13226.763387476558
2021-01-14 15:00:00,13733.0,13378.437348025125
2021-01-14 16:00:00,13787.0,13377.53816509562
2021-01-14 17:00:00,13351.0,13342.073919855991
2021-01-14 18:00:00,13725.0,12954.850142058982
2021-01-14 19:00:00,13352.0,12855.808893042444
2021-01-14 20:00:00,13459.0,12962.021064689134
2021-01-14 21:00:00,13334.0,12753.124480414152
2021-01-14 22:00:00,12870.0,12860.414098705884
2021-01-14 23:00:00,12676.0,12585.877088454605
2021-01-15 00:00:00,12527.0,12390.346538400843
2021-01-15 01:00:00,12485.0,12307.60740261393
2021-01-15 02:00:00,12620.0,12227.771025507252
2021-01-15 03:00:00,12937.0,12295.716726884892
2021-01-15 04:00:00,13660.0,12656.159781256007
2021-01-15 05:00:00,13998.0,13334.001365242377
2021-01-15 06:00:00,14239.0,13718.554957294575
2021-01-15 07:00:00,14150.0,13578.897634671779
2021-01-15 08:00:00,14115.0,13560.956571529396
2021-01-15 09:00:00,14074.0,13590.5655419576
2021-01-15 10:00:00,14025.0,13563.052451486688
2021-01-15 11:00:00,13876.0,13525.587349179412
2021-01-15 12:00:00,13729.0,13350.958965004818
2021-01-15 13:00:00,13631.0,13278.888216839372
2021-01-15 14:00:00,13773.0,13413.511320600423
2021-01-15 15:00:00,13773.0,13394.261505803604
2021-01-15 16:00:00,13745.0,13342.428390635645
2021-01-15 17:00:00,13621.0,13280.104575545736
2021-01-15 18:00:00,13276.0,13084.967602262524
2021-01-15 19:00:00,12728.0,12583.04852267941
2021-01-15 20:00:00,12682.0,12558.301140457523
2021-01-15 21:00:00,12357.0,12331.940853527487
2021-01-15 22:00:00,11929.0,11861.761932051966
2021-01-15 23:00:00,12338.5,11635.439903743412
2021-01-16 00:00:00,12319.5,12106.141879405237
2021-01-16 01:00:00,12264.5,12036.943890431749
2021-01-16 02:00:00,12254.0,11999.043694445665
2021-01-16 03:00:00,12254.0,12000.895275769137
2021-01-16 04:00:00,12254.0,11985.748928933433
2021-01-16 05:00:00,11661.0,12015.00514246879
2021-01-16 06:00:00,12041.0,11759.725202580097
2021-01-16 07:00:00,12145.0,11957.038598465133
2021-01-16 08:00:00,12319.0,12035.31727179101
2021-01-16 09:00:00,12364.0,12136.105105029439
2021-01-16 10:00:00,12320.0,12173.375539009834
2021-01-16 11:00:00,12210.0,12099.712135386888
2021-01-16 12:00:00,12162.0,12052.00805771996
2021-01-16 13:00:00,12298.0,12100.585948877908
2021-01-16 14:00:00,12757.0,12320.160761101462
2021-01-16 15:00:00,12236.0,12620.007587057895
2021-01-16 16:00:00,12236.0,12195.354011766183
2021-01-16 17:00:00,12236.0,12200.63129601949
2021-01-16 18:00:00,12764.0,12001.709934971697
2021-01-16 19:00:00,12262.0,12094.680363929914
2021-01-16 20:00:00,12422.0,12088.224717010056
2021-01-16 21:00:00,12317.0,12015.680298022025
2021-01-16 22:00:00,11840.0,11659.575109235113
2021-01-16 23:00:00,11589.0,11430.614719052119
2021-01-17 00:00:00,11333.0,11275.510586944221
2021-01-17 01:00:00,11161.0,11184.834880286866
2021-01-17 02:00:00,11175.0,11172.98021057495
2021-01-17 03:00:00,11233.0,11184.15201106398
2021-01-17 04:00:00,11359.0,11257.94068021902
2021-01-17 05:00:00,11299.0,11246.897592845653
2021-01-17 06:00:00,11521.0,11382.22430402783
2021-01-17 07:00:00,11544.0,11466.484184166533
2021-01-17 08:00:00,11747.0,11516.309607094443
2021-01-17 09:00:00,11819.0,11662.185497646466
2021-01-17 10:00:00,11810.0,11675.979262404948
2021-01-17 11:00:00,11704.0,11626.324001069155
2021-01-17 12:00:00,11592.0,11547.253817897661
2021-01-17 13:00:00,11642.0,11626.950463781446
2021-01-17 14:00:00,11869.0,11806.3105923449
2021-01-17 15:00:00,12093.0,11886.680757915094
2021-01-17 16:00:00,12100.0,11967.566499615392
2021-01-17 17:00:00,12077.0,11933.945281265516
2021-01-17 18:00:00,11834.0,11773.292612389621
2021-01-17 19:00:00,11407.0,11378.44418768725
2021-01-17 20:00:00,11603.0,11551.012874822221
2021-01-17 21:00:00,11497.0,11401.300201005663
2021-01-17 22:00:00,11173.0,11111.271664840151
2021-01-17 23:00:00,10905.0,11030.284585316753
2021-01-18 00:00:00,11851.5,11128.588187017596
2021-01-18 01:00:00,11920.5,11679.600955360973
2021-01-18 02:00:00,12024.5,11742.362401833627
2021-01-18 03:00:00,11144.0,11831.693309127706
2021-01-18 04:00:00,11972.0,11405.531170777751
2021-01-18 05:00:00,12362.0,12104.466491045565
2021-01-18 06:00:00,12625.0,12320.37182363749
2021-01-18 07:00:00,12502.0,12324.130328434416
2021-01-18 08:00:00,12459.0,12232.561262294905
2021-01-18 09:00:00,12481.0,12208.154400128964
2021-01-18 10:00:00,12425.0,12191.501398921162
2021-01-18 11:00:00,12375.0,12175.165664569795
2021-01-18 12:00:00,12313.0,12143.313006929522
2021-01-18 13:00:00,12198.0,12167.983820835592
2021-01-18 14:00:00,12232.0,12222.381166659006
2021-01-18 15:00:00,12258.0,12233.905619490644
2021-01-18 16:00:00,12140.0,12199.092679346679
2021-01-18 17:00:00,12119.0,12106.981049248534
2021-01-18 18:00:00,11786.0,11851.743001622726
2021-01-18 19:00:00,11486.0,11290.864950952917
2021-01-18 20:00:00,11582.0,11461.882158810711
2021-01-18 21:00:00,11353.0,11283.071969878523
2021-01-18 22:00:00,11773.5,11406.743057321315
2021-01-18 23:00:00,11759.0,11675.720853625371
2021-01-19 00:00:00,11732.0,11560.691585664186
2021-01-19 01:00:00,11692.5,11576.76775962286
2021-01-19 02:00:00,11648.0,11545.579322611116
2021-01-19 03:00:00,11648.0,11431.755744191734
2021-01-19 04:00:00,11414.0,11526.785030469528
2021-01-19 05:00:00,11771.0,11679.175159794882
2021-01-19 06:00:00,11957.0,11836.380430915695
2021-01-19 07:00:00,11776.0,11751.652900288671
2021-01-19 08:00:00,11747.0,11621.82292267439
2021-01-19 09:00:00,11780.0,11613.526024725468
2021-01-19 10:00:00,11717.0,11646.030638704275
2021-01-19 11:00:00,11668.0,11569.08034529202
2021-01-19 12:00:00,11623.0,11510.888101919852
2021-01-19 13:00:00,11628.0,11568.339499161591
2021-01-19 14:00:00,11806.0,11666.017007434737
2021-01-19 15:00:00,11801.0,11803.282941496655
2021-01-19 16:00:00,11787.0,11739.577623048308
2021-01-19 17:00:00,11770.0,11682.044001684126
2021-01-19 18:00:00,11608.0,11426.516322045467
2021-01-19 19:00:00,11218.0,10957.49467484581
2021-01-19 20:00:00,11296.0,11195.485691222733
2021-01-19 21:00:00,11101.0,10995.727604718099
2021-01-19 22:00:00,11625.5,11125.603448745425
2021-01-19 23:00:00,11625.5,11476.825897952911
2021-01-20 00:00:00,11625.5,11420.948111704285
2021-01-20 01:00:00,11679.0,11444.04017217718
2021-01-20 02:00:00,11750.0,11448.505501723184
2021-01-20 03:00:00,11750.0,11405.975760586023
2021-01-20 04:00:00,11348.0,11246.339242182425
2021-01-20 05:00:00,11730.0,11522.507436868244
2021-01-20 06:00:00,11993.0,11673.11221080723
2021-01-20 07:00:00,11871.0,11678.046200252407
2021-01-20 08:00:00,11903.0,11602.90076895724
2021-01-20 09:00:00,11925.0,11662.05067065722
2021-01-20 10:00:00,11940.0,11675.571324818253
2021-01-20 11:00:00,11835.0,11659.107545124249
2021-01-20 12:00:00,11840.0,11575.624575584392
2021-01-20 13:00:00,11833.0,11658.479746122703
2021-01-20 14:00:00,12092.0,11779.75833262128
2021-01-20 15:00:00,12189.0,11966.015807851982
2021-01-20 16:00:00,12166.0,12022.888119763713
2021-01-20 17:00:00,12197.0,11961.62170756722
2021-01-20 18:00:00,11974.0,11787.481410818313
2021-01-20 19:00:00,11533.0,11275.545934709524
2021-01-20 20:00:00,11609.0,11379.508395452722
2021-01-20 21:00:00,11404.0,11227.797232502264
2021-01-20 22:00:00,11006.0,11332.265311981188
2021-01-20 23:00:00,11837.5,11327.104002288133
2021-01-21 00:00:00,11907.0,11574.749316600584
2021-01-21 01:00:00,12033.0,11667.36666816691
2021-01-21 02:00:00,12100.0,11753.894359835138
2021-01-21 03:00:00,12137.0,11652.303585831893
2021-01-21 04:00:00,11704.0,11706.215519032883
2021-01-21 05:00:00,12108.0,11782.68107012315
2021-01-21 06:00:00,12291.0,12036.820813957072
2021-01-21 07:00:00,12310.0,11975.371805348395
2021-01-21 08:00:00,12321.0,12002.022459159709
2021-01-21 09:00:00,12458.0,12019.806670194997
2021-01-21 10:00:00,12487.0,12122.63303920158
2021-01-21 11:00:00,12430.0,12114.45167833102
2021-01-21 12:00:00,12404.0,12116.85243540131
2021-01-21 13:00:00,12502.0,12182.093230301125
2021-01-21 14:00:00,12650.0,12360.043347090252
2021-01-21 15:00:00,12716.0,12464.80335422311
2021-01-21 16:00:00,12684.0,12456.194990858667
2021-01-21 17:00:00,12643.0,12429.826976006527
2021-01-21 18:00:00,12483.0,12173.067352577418
2021-01-21 19:00:00,12025.0,11703.218949327615
2021-01-21 20:00:00,12008.0,11817.869202741516
2021-01-21 21:00:00,11719.0,11559.18786993669
2021-01-21 22:00:00,12186.5,11487.92971554859
2021-01-21 23:00:00,12186.5,11981.850244760748
2021-01-22 00:00:00,12119.5,11976.54696172051
2021-01-22 01:00:00,12054.5,11957.066977775143
2021-01-22 02:00:00,12038.0,11858.673396339082
2021-01-22 03:00:00,12038.0,11797.686493519082
2021-01-22 04:00:00,11662.0,11622.326787750644
2021-01-22 05:00:00,12051.0,11836.663030709475
2021-01-22 06:00:00,12278.0,12037.783421270258
2021-01-22 07:00:00,12181.0,12029.186127566167
2021-01-22 08:00:00,12192.0,11991.169497221661
2021-01-22 09:00:00,12241.0,12002.086555731008
2021-01-22 10:00:00,12193.0,12003.941248940386
2021-01-22 11:00:00,12058.0,11985.574845326239
2021-01-22 12:00:00,11981.0,11862.795895138335
2021-01-22 13:00:00,11980.0,11877.351663842457
2021-01-22 14:00:00,12261.0,12035.556979063716
2021-01-22 15:00:00,12412.0,12232.414163113142
2021-01-22 16:00:00,12372.0,12295.425985414087
2021-01-22 17:00:00,12291.0,12173.751487477943
2021-01-22 18:00:00,11972.0,11876.349111797486
2021-01-22 19:00:00,11436.0,11382.515968154632
2021-01-22 20:00:00,11432.0,11463.767020621923
2021-01-22 21:00:00,11129.0,11220.408613640251
2021-01-22 22:00:00,10644.0,10844.432197248123
2021-01-22 23:00:00,10262.0,10877.545616306308
2021-01-23 00:00:00,10052.0,10423.100989492897
2021-01-23 01:00:00,10760.5,10284.907294354776
2021-01-23 02:00:00,10735.5,10705.167327409223
2021-01-23 03:00:00,9917.0,10665.506703776988
2021-01-23 04:00:00,10169.0,10054.21631689795
2021-01-23 05:00:00,10262.0,10270.64085000038
2021-01-23 06:00:00,10548.0,10506.020240339241
2021-01-23 07:00:00,10625.0,10693.804659120899
2021-01-23 08:00:00,10745.0,10713.866713328545
2021-01-23 09:00:00,10880.0,10819.926125605825
2021-01-23 10:00:00,10844.0,10826.25333997275
2021-01-23 11:00:00,10776.0,10780.417214688383
2021-01-23 12:00:00,10645.0,10748.837646617334
2021-01-23 13:00:00,10726.0,10806.468808431693
2021-01-23 14:00:00,11089.0,11095.440212312382
2021-01-23 15:00:00,11485.0,11194.561871883292
2021-01-23 16:00:00,11623.0,11349.32170039042
2021-01-23 17:00:00,11410.0,11382.636975804606
2021-01-23 18:00:00,10925.0,11180.255799254563
2021-01-23 19:00:00,10487.0,10624.53921466537
2021-01-23 20:00:00,10619.0,10734.075165846622
2021-01-23 21:00:00,10484.0,10624.30190568002
2021-01-23 22:00:00,9962.0,10139.263165426726
2021-01-23 23:00:00,9577.0,9926.23804572178
2021-01-24 00:00:00,9440.0,9595.87261553287
2021-01-24 01:00:00,9281.0,9597.869100865766
2021-01-24 02:00:00,9246.0,9529.295095918433
2021-01-24 03:00:00,9336.0,9502.839377699818
2021-01-24 04:00:00,9555.0,9539.646957648172
2021-01-24 05:00:00,9609.0,9718.768707942196
2021-01-24 06:00:00,9837.0,9859.930336715443
2021-01-24 07:00:00,9893.0,10050.810956032798
2021-01-24 08:00:00,10041.0,10101.838471595049
2021-01-24 09:00:00,10204.0,10185.145803033462
2021-01-24 10:00:00,10223.0,10286.227867003508
2021-01-24 11:00:00,10090.0,10262.259764277973
2021-01-24 12:00:00,10062.0,10155.805822455992
2021-01-24 13:00:00,10125.0,10247.362532090663
2021-01-24 14:00:00,10432.0,10425.818694641861
2021-01-24 15:00:00,10678.0,10675.990152157083
2021-01-24 16:00:00,10750.0,10802.29410991262
2021-01-24 17:00:00,10754.0,10800.277233994293
2021-01-24 18:00:00,10493.0,10592.658048980189
2021-01-24 19:00:00,10090.0,10217.569121205594
2021-01-24 20:00:00,10365.0,10295.330393300463
2021-01-24 21:00:00,10275.0,10274.016122822537
2021-01-24 22:00:00,9938.0,9946.421725468063
2021-01-24 23:00:00,9675.0,9843.91321885724
2021-01-25 00:00:00,10462.5,10141.468398549448
2021-01-25 01:00:00,10556.0,10454.67616265955
2021-01-25 02:00:00,10648.5,10442.20073004885
2021-01-25 03:00:00,10714.0,10439.213216212467
2021-01-25 04:00:00,10619.0,10729.593389741829
2021-01-25 05:00:00,11168.0,10952.47498261617
2021-01-25 06:00:00,11430.0,11287.237937547125
2021-01-25 07:00:00,11314.0,11312.857546598458
2021-01-25 08:00:00,11356.0,11199.668128184894
2021-01-25 09:00:00,11363.0,11216.111292715947
2021-01-25 10:00:00,11322.0,11201.739429114583
2021-01-25 11:00:00,11190.0,11197.041335235515
2021-01-25 12:00:00,11152.0,11084.114757864056
2021-01-25 13:00:00,11099.0,11155.962702193365
2021-01-25 14:00:00,11274.0,11217.826625194259
2021-01-25 15:00:00,11398.0,11323.518665258756
2021-01-25 16:00:00,11315.0,11391.803644765927
2021-01-25 17:00:00,11288.0,11274.103931704307
2021-01-25 18:00:00,11040.0,11048.324312289917
2021-01-25 19:00:00,10616.0,10591.445257776639
2021-01-25 20:00:00,10708.0,10665.869627165437
2021-01-25 21:00:00,10457.0,10512.05925261975
2021-01-25 22:00:00,11098.0,10631.230954313149
2021-01-25 23:00:00,11098.0,10975.190862073128
2021-01-26 00:00:00,11092.5,10890.081357232875
2021-01-26 01:00:00,11078.0,10941.97496521457
2021-01-26 02:00:00,11073.0,10885.914109254498
2021-01-26 03:00:00,11073.0,10807.586100775083
2021-01-26 04:00:00,10599.0,10597.052814974815
2021-01-26 05:00:00,11097.0,10870.892868923178
2021-01-26 06:00:00,11296.0,11132.782002236117
2021-01-26 07:00:00,11166.0,11131.996735084944
2021-01-26 08:00:00,11122.0,11033.251259260556
2021-01-26 09:00:00,11161.0,11007.118534524956
2021-01-26 10:00:00,11136.0,11021.909075035384
2021-01-26 11:00:00,11088.0,10979.169336063958
2021-01-26 12:00:00,11068.0,10932.463612084006
2021-01-26 13:00:00,11078.0,11010.642290365566
2021-01-26 14:00:00,11212.0,11113.045365424237
2021-01-26 15:00:00,11418.0,11275.779223176287
2021-01-26 16:00:00,11426.0,11369.2316329189
2021-01-26 17:00:00,11421.0,11341.0089863989
2021-01-26 18:00:00,11219.0,11170.784347371604
2021-01-26 19:00:00,10734.0,10629.639398707759
2021-01-26 20:00:00,10785.0,10649.310200710172
2021-01-26 21:00:00,10547.0,10458.68460632952
2021-01-26 22:00:00,10142.0,10709.57951324617
2021-01-26 23:00:00,11083.0,10782.36900444672
2021-01-27 00:00:00,11145.0,10924.85407303405
2021-01-27 01:00:00,11215.5,11032.24700187885
2021-01-27 02:00:00,11268.5,11090.546569996835
2021-01-27 03:00:00,11320.5,11012.701277166932
2021-01-27 04:00:00,10828.0,10795.58090639984
2021-01-27 05:00:00,11318.0,11010.607214676646
2021-01-27 06:00:00,11546.0,11366.307690320838
2021-01-27 07:00:00,11440.0,11386.937913580537
2021-01-27 08:00:00,11374.0,11272.051040273122
2021-01-27 09:00:00,11491.0,11247.34223059972
2021-01-27 10:00:00,11450.0,11302.75315445469
2021-01-27 11:00:00,11409.0,11254.708920999687
2021-01-27 12:00:00,11369.0,11250.184660912266
2021-01-27 13:00:00,11323.0,11290.271957849767
2021-01-27 14:00:00,11516.0,11396.657479222762
2021-01-27 15:00:00,11693.0,11546.126261432573
2021-01-27 16:00:00,11756.0,11607.579378330161
2021-01-27 17:00:00,11738.0,11609.890915553742
2021-01-27 18:00:00,11589.0,11421.490989226684
2021-01-27 19:00:00,11106.0,10942.591573705733
2021-01-27 20:00:00,11126.0,10981.781516152088
2021-01-27 21:00:00,10910.0,10719.487331096187
2021-01-27 22:00:00,11389.0,10838.465382737038
2021-01-27 23:00:00,11389.0,11172.422564509685
2021-01-28 00:00:00,11442.5,11220.861819440566
2021-01-28 01:00:00,11508.5,11310.687489291318
2021-01-28 02:00:00,11511.5,11327.54810902735
2021-01-28 03:00:00,11533.5,11275.885210045448
2021-01-28 04:00:00,11121.0,11067.170976514193
2021-01-28 05:00:00,11560.0,11329.413473586334
2021-01-28 06:00:00,11784.0,11607.605428824976
2021-01-28 07:00:00,11710.0,11585.732280082899
2021-01-28 08:00:00,11761.0,11511.347512638296
2021-01-28 09:00:00,11765.0,11555.185433869052
2021-01-28 10:00:00,11703.0,11561.748552243407
2021-01-28 11:00:00,11602.0,11509.469930931056
2021-01-28 12:00:00,11501.0,11454.119253024517
2021-01-28 13:00:00,11507.0,11448.816234946913
2021-01-28 14:00:00,11684.0,11558.160350915465
2021-01-28 15:00:00,11959.0,11718.902499023543
2021-01-28 16:00:00,11948.0,11817.197270024815
2021-01-28 17:00:00,11955.0,11786.285652960252
2021-01-28 18:00:00,11824.0,11615.636133074097
2021-01-28 19:00:00,11384.0,11226.87472697975
2021-01-28 20:00:00,11470.0,11278.042360413208
2021-01-28 21:00:00,11193.0,11086.35251512802
2021-01-28 22:00:00,11589.5,11113.223721662616
2021-01-28 23:00:00,11589.5,11428.538994924937
2021-01-29 00:00:00,11630.5,11440.893571469049
2021-01-29 01:00:00,11754.0,11489.106796575174
2021-01-29 02:00:00,11854.0,11547.431101795148
2021-01-29 03:00:00,11891.5,11571.91714689072
2021-01-29 04:00:00,11577.0,11399.517088917675
2021-01-29 05:00:00,12066.0,11738.874210077178
2021-01-29 06:00:00,12278.0,11993.391055199249
2021-01-29 07:00:00,12143.0,12005.258083929051
2021-01-29 08:00:00,12162.0,11918.694580191855
2021-01-29 09:00:00,12151.0,11930.712765061544
2021-01-29 10:00:00,12099.0,11922.21513813542
2021-01-29 11:00:00,12027.0,11820.28312190239
2021-01-29 12:00:00,11884.0,11814.41168351211
2021-01-29 13:00:00,11899.0,11781.91776821872
2021-01-29 14:00:00,12041.0,11919.730774089574
2021-01-29 15:00:00,12322.0,12042.011076368994
2021-01-29 16:00:00,12333.0,12187.150463189802
2021-01-29 17:00:00,12261.0,12182.261026299087
2021-01-29 18:00:00,11980.0,11886.367052153775
2021-01-29 19:00:00,11522.0,11352.689171219696
2021-01-29 20:00:00,11614.0,11419.190749044514
2021-01-29 21:00:00,11391.0,11229.827310908624
2021-01-29 22:00:00,10900.0,10916.337510136336
2021-01-29 23:00:00,10642.0,10786.91955286632
2021-01-30 00:00:00,10496.0,10664.449136975381
2021-01-30 01:00:00,11339.0,10611.105669278144
2021-01-30 02:00:00,11339.0,11127.088788277264
2021-01-30 03:00:00,10484.0,11022.039404497737
2021-01-30 04:00:00,10751.0,10374.186103843014
2021-01-30 05:00:00,10851.0,10656.98815435638
2021-01-30 06:00:00,10989.0,10964.996178596739
2021-01-30 07:00:00,11062.0,10998.904894627542
2021-01-30 08:00:00,11316.0,11015.360153452395
2021-01-30 09:00:00,11446.0,11238.341361320025
2021-01-30 10:00:00,11408.0,11288.62691347976
2021-01-30 11:00:00,11342.0,11250.290315218826
2021-01-30 12:00:00,11336.0,11196.64477212655
2021-01-30 13:00:00,11419.0,11336.046486807432
2021-01-30 14:00:00,11653.0,11547.900140933241
2021-01-30 15:00:00,12223.0,11686.26888333407
2021-01-30 16:00:00,11339.0,12010.043618263022
2021-01-30 17:00:00,12255.0,11351.334205777024
2021-01-30 18:00:00,11841.0,11783.63569386679
2021-01-30 19:00:00,11346.0,11183.475155001339
2021-01-30 20:00:00,11501.0,11275.075729079199
2021-01-30 21:00:00,11406.0,11109.068069285526
2021-01-30 22:00:00,11032.0,10830.311272881267
2021-01-30 23:00:00,10693.0,10504.383728953779
2021-01-31 00:00:00,10488.0,10392.380996867812
2021-01-31 01:00:00,10374.0,10374.646858192897
2021-01-31 02:00:00,10415.0,10360.979644148172
2021-01-31 03:00:00,10447.0,10347.891780047892
2021-01-31 04:00:00,10639.0,10397.37353773781
2021-01-31 05:00:00,10659.0,10604.649910610546
2021-01-31 06:00:00,10812.0,10741.766697549458
2021-01-31 07:00:00,10962.0,10847.398671358185
2021-01-31 08:00:00,11180.0,10983.781462148485
2021-01-31 09:00:00,11287.0,11115.497598586324
2021-01-31 10:00:00,11297.0,11159.39076256256
2021-01-31 11:00:00,11139.0,11164.698520390497
2021-01-31 12:00:00,11079.0,11068.341528156543
2021-01-31 13:00:00,11109.0,11118.076554597135
2021-01-31 14:00:00,11352.0,11290.7683661816
2021-01-31 15:00:00,11862.0,11444.031229333867
2021-01-31 16:00:00,11959.0,11703.412022732251
2021-01-31 17:00:00,11947.0,11717.00999987559
2021-01-31 18:00:00,11672.0,11589.106515060837
2021-01-31 19:00:00,11308.0,11069.654625854253
2021-01-31 20:00:00,11598.0,11298.979775925754
2021-01-31 21:00:00,11492.0,11299.214158197987
2021-01-31 22:00:00,11166.0,10973.093016963514
2021-01-31 23:00:00,10969.0,10830.782250991802
2021-02-01 00:00:00,11635.0,10952.339790895803
2021-02-01 01:00:00,11767.0,11425.690815481068
2021-02-01 02:00:00,11904.5,11489.842005667035
2021-02-01 03:00:00,11358.0,11583.33748281192
2021-02-01 04:00:00,12140.0,11458.020805536264
2021-02-01 05:00:00,12497.0,12197.493051572448
2021-02-01 06:00:00,12644.0,12293.13580995232
2021-02-01 07:00:00,12495.0,12317.667034761325
2021-02-01 08:00:00,12560.0,12159.95757791625
2021-02-01 09:00:00,12593.0,12252.580669070592
2021-02-01 10:00:00,12573.0,12268.305869841237
2021-02-01 11:00:00,12423.0,12221.81486817862
2021-02-01 12:00:00,12362.0,12128.124941522534
2021-02-01 13:00:00,12300.0,12125.590262222822
2021-02-01 14:00:00,12354.0,12140.972086731197
2021-02-01 15:00:00,12660.0,12331.395555476362
2021-02-01 16:00:00,12650.0,12513.599827393433
2021-02-01 17:00:00,12645.0,12461.644368169957
2021-02-01 18:00:00,12416.0,12265.989310125655
2021-02-01 19:00:00,12051.0,11791.530150820496
2021-02-01 20:00:00,12237.0,11900.843998373053
2021-02-01 21:00:00,11990.0,11782.358670692945
2021-02-01 22:00:00,11629.0,11689.077636518658
2021-02-01 23:00:00,12362.0,11571.095939251136
2021-02-02 00:00:00,12362.0,12033.045689483133
2021-02-02 01:00:00,12389.0,12095.305631107156
2021-02-02 02:00:00,12476.5,12101.836139691619
2021-02-02 03:00:00,12563.0,12059.336235386574
2021-02-02 04:00:00,12362.0,12154.580750548295
2021-02-02 05:00:00,12769.0,12309.004612150065
2021-02-02 06:00:00,12867.0,12489.121492015984
2021-02-02 07:00:00,12831.0,12456.45692557601
2021-02-02 08:00:00,12898.0,12443.581265273448
2021-02-02 09:00:00,12903.0,12482.427052998462
2021-02-02 10:00:00,12794.0,12473.957263437556
2021-02-02 11:00:00,12662.0,12429.61738225861
2021-02-02 12:00:00,12589.0,12327.584029122576
2021-02-02 13:00:00,12537.0,12364.60953539282
2021-02-02 14:00:00,12597.0,12402.84868365644
2021-02-02 15:00:00,13025.0,12585.902342572424
2021-02-02 16:00:00,13016.0,12851.750432443874
2021-02-02 17:00:00,13034.0,12798.93202395181
2021-02-02 18:00:00,12842.0,12569.63471748266
2021-02-02 19:00:00,12315.0,12142.884680485662
2021-02-02 20:00:00,12436.0,12086.561791844668
2021-02-02 21:00:00,12199.0,11942.466763725251
2021-02-02 22:00:00,11778.0,11729.203604689359
2021-02-02 23:00:00,12593.0,11748.019249814493
2021-02-03 00:00:00,12593.0,12333.431778585255
2021-02-03 01:00:00,12601.5,12367.50566925486
2021-02-03 02:00:00,12601.5,12341.496840868973
2021-02-03 03:00:00,11711.0,12283.865116203986
2021-02-03 04:00:00,12531.0,11893.526255570952
2021-02-03 05:00:00,12928.0,12485.132533708489
2021-02-03 06:00:00,12990.0,12711.183178775385
2021-02-03 07:00:00,12967.0,12667.19719996508
2021-02-03 08:00:00,12982.0,12580.774442934991
2021-02-03 09:00:00,12887.0,12658.205808957775
2021-02-03 10:00:00,12834.0,12470.611942640719
2021-02-03 11:00:00,12713.0,12444.298503513854
2021-02-03 12:00:00,12606.0,12348.190338413864
2021-02-03 13:00:00,12587.0,12350.120560071322
2021-02-03 14:00:00,12664.0,12404.518992048372
2021-02-03 15:00:00,13140.0,12675.366583683712
2021-02-03 16:00:00,13275.0,12992.57985905761
2021-02-03 17:00:00,13365.0,13056.212552447927
2021-02-03 18:00:00,13089.0,12883.784732145527
2021-02-03 19:00:00,12568.0,12290.795365609658
2021-02-03 20:00:00,12673.0,12312.544060073551
2021-02-03 21:00:00,12384.0,12138.944367748403
2021-02-03 22:00:00,12014.0,11842.66528029169
2021-02-03 23:00:00,11775.0,11826.502978567461
2021-02-04 00:00:00,11656.0,11924.590788034402
2021-02-04 01:00:00,11646.0,11795.043617547917
2021-02-04 02:00:00,11779.0,11752.995777346367
2021-02-04 03:00:00,12134.0,11641.07356249008
2021-02-04 04:00:00,12921.0,12253.87483156829
2021-02-04 05:00:00,13177.0,12784.003996510692
2021-02-04 06:00:00,13145.0,12934.559039569684
2021-02-04 07:00:00,13077.0,12748.714328951015
2021-02-04 08:00:00,12936.0,12671.413598986657
2021-02-04 09:00:00,12851.0,12583.07699366105
2021-02-04 10:00:00,12846.0,12486.093872009105
2021-02-04 11:00:00,12698.0,12454.024234335942
2021-02-04 12:00:00,12664.0,12351.97569796129
2021-02-04 13:00:00,12579.0,12376.84129353627
2021-02-04 14:00:00,12610.0,12421.748164008994
2021-02-04 15:00:00,12967.0,12654.330941499707
2021-02-04 16:00:00,13021.0,12856.95938740272
2021-02-04 17:00:00,13095.0,12868.80755246037
2021-02-04 18:00:00,12990.0,12630.130466424773
2021-02-04 19:00:00,12569.0,12279.700657498706
2021-02-04 20:00:00,12665.0,12325.781889751232
2021-02-04 21:00:00,12402.0,12177.8205221529
2021-02-04 22:00:00,12059.0,11842.51642462047
2021-02-04 23:00:00,11837.0,11784.535044703187
2021-02-05 00:00:00,11744.0,11717.122417051962
2021-02-05 01:00:00,12978.5,11687.797081729263
2021-02-05 02:00:00,11986.0,12514.820405533086
2021-02-05 03:00:00,12397.0,11860.491202188068
2021-02-05 04:00:00,13173.0,12481.76806135681
2021-02-05 05:00:00,13561.0,13020.574601570166
2021-02-05 06:00:00,13629.0,13274.958112718581
2021-02-05 07:00:00,13563.0,13190.796332013126
2021-02-05 08:00:00,13642.0,13156.43416181399
2021-02-05 09:00:00,13544.0,13156.603438414608
2021-02-05 10:00:00,13430.0,13151.967545685964
2021-02-05 11:00:00,13223.0,12943.851956148634
2021-02-05 12:00:00,13062.0,12779.547083695415
2021-02-05 13:00:00,12972.0,12726.09959771625
2021-02-05 14:00:00,12941.0,12842.799474953292
2021-02-05 15:00:00,13417.0,12922.422435527793
2021-02-05 16:00:00,13608.0,13243.270948524041
2021-02-05 17:00:00,13571.0,13329.034378471371
2021-02-05 18:00:00,13233.0,13138.801130456839
2021-02-05 19:00:00,12823.0,12441.368423489164
2021-02-05 20:00:00,12894.0,12570.409924189487
2021-02-05 21:00:00,12602.0,12370.936556839786
2021-02-05 22:00:00,12203.0,11905.853208631597
2021-02-05 23:00:00,11896.0,11705.778363946702
2021-02-06 00:00:00,11669.0,11552.475451847604
2021-02-06 01:00:00,11608.0,11629.730336053304
2021-02-06 02:00:00,11606.0,11427.800703936395
2021-02-06 03:00:00,11698.0,11462.97134671517
2021-02-06 04:00:00,11984.0,11710.260028754696
2021-02-06 05:00:00,12064.0,11816.823006537768
2021-02-06 06:00:00,12156.0,12073.076561305099
2021-02-06 07:00:00,12342.0,12071.9461836348
2021-02-06 08:00:00,12519.0,12226.609108510798
2021-02-06 09:00:00,12514.0,12305.141825390549
2021-02-06 10:00:00,12332.0,12275.145825041209
2021-02-06 11:00:00,12211.0,12113.495384416554
2021-02-06 12:00:00,12152.0,12015.649975458433
2021-02-06 13:00:00,12162.0,12029.53687023821
2021-02-06 14:00:00,12333.0,12196.26915042677
2021-02-06 15:00:00,12258.0,12464.100649136892
2021-02-06 16:00:00,12258.0,12284.712051046896
2021-02-06 17:00:00,12258.0,12244.301818975182
2021-02-06 18:00:00,12771.0,12016.236747586703
2021-02-06 19:00:00,12314.0,12103.186409215574
2021-02-06 20:00:00,12414.0,12151.465379416442
2021-02-06 21:00:00,12305.0,12022.135267866863
2021-02-06 22:00:00,11861.0,11589.255982309467
2021-02-06 23:00:00,11512.0,11323.035018056016
2021-02-07 00:00:00,11286.0,11158.774984029249
2021-02-07 01:00:00,11085.0,11103.47399061683
2021-02-07 02:00:00,11079.0,11079.365611839907
2021-02-07 03:00:00,11097.0,11007.900337691806
2021-02-07 04:00:00,11237.0,11078.317857918104
2021-02-07 05:00:00,11263.0,11199.233024412017
2021-02-07 06:00:00,11300.0,11318.42487729254
2021-02-07 07:00:00,11459.0,11321.924738819458
2021-02-07 08:00:00,11709.0,11443.931133505861
2021-02-07 09:00:00,11784.0,11605.8991563176
2021-02-07 10:00:00,11765.0,11610.298734732794
2021-02-07 11:00:00,11621.0,11530.017186305908
2021-02-07 12:00:00,11545.0,11436.87477625296
2021-02-07 13:00:00,11506.0,11515.46611935245
2021-02-07 14:00:00,11529.0,11581.702916522996
2021-02-07 15:00:00,12025.0,11712.613487348443
2021-02-07 16:00:00,12221.0,11979.530452333998
2021-02-07 17:00:00,12207.0,12063.141521624879
2021-02-07 18:00:00,11954.0,11902.211691151533
2021-02-07 19:00:00,11550.0,11435.241854202559
2021-02-07 20:00:00,11801.0,11648.117253990375
2021-02-07 21:00:00,11684.0,11607.3200458964
2021-02-07 22:00:00,11341.0,11225.739135404687
2021-02-07 23:00:00,11056.0,11055.01992641454
2021-02-08 00:00:00,10900.0,11204.024972619598
2021-02-08 01:00:00,11989.5,11139.238830449647
2021-02-08 02:00:00,12116.0,11737.53823124973
2021-02-08 03:00:00,11432.0,11905.006042356035
2021-02-08 04:00:00,12265.0,11638.829574489151
2021-02-08 05:00:00,12659.0,12340.785676899533
2021-02-08 06:00:00,12681.0,12485.665402089178
2021-02-08 07:00:00,12792.0,12372.779654222226
2021-02-08 08:00:00,12814.0,12452.05723166232
2021-02-08 09:00:00,12784.0,12487.822224838827
2021-02-08 10:00:00,12611.0,12444.424409746936
2021-02-08 11:00:00,12538.0,12280.626332963453
2021-02-08 12:00:00,12520.0,12226.655495677873
2021-02-08 13:00:00,12406.0,12268.728465462997
2021-02-08 14:00:00,12386.0,12286.869366464725
2021-02-08 15:00:00,12772.0,12413.24580968108
2021-02-08 16:00:00,12872.0,12645.686398628019
2021-02-08 17:00:00,12969.0,12635.05157518872
2021-02-08 18:00:00,12742.0,12497.019053536736
2021-02-08 19:00:00,12391.0,12113.937140790305
2021-02-08 20:00:00,12469.0,12180.516904906275
2021-02-08 21:00:00,12325.0,11996.718307498695
2021-02-08 22:00:00,12061.0,11801.836571281372
2021-02-08 23:00:00,11795.0,11775.429581316166
2021-02-09 00:00:00,11612.0,11557.080256200916
2021-02-09 01:00:00,12757.0,11555.79928566022
2021-02-09 02:00:00,11757.0,12303.49927509466
2021-02-09 03:00:00,12150.0,11493.360462740406
2021-02-09 04:00:00,12891.0,12207.599605338766
2021-02-09 05:00:00,13343.0,12678.086627077166
2021-02-09 06:00:00,13360.0,13074.841831582502
2021-02-09 07:00:00,13383.0,12971.0050566402
2021-02-09 08:00:00,13349.0,12947.03434847257
2021-02-09 09:00:00,13234.0,12960.121756116643
2021-02-09 10:00:00,13061.0,12754.846794079427
2021-02-09 11:00:00,12910.0,12637.868493774307
2021-02-09 12:00:00,12869.0,12570.254554649659
2021-02-09 13:00:00,12847.0,12565.746451118672
2021-02-09 14:00:00,12853.0,12656.566538861847
2021-02-09 15:00:00,13366.0,12769.534768261123
2021-02-09 16:00:00,13478.0,13185.006164811573
2021-02-09 17:00:00,13554.0,13139.529175197666
2021-02-09 18:00:00,13323.0,13114.884742508855
2021-02-09 19:00:00,12882.0,12621.154499072036
2021-02-09 20:00:00,12948.0,12585.416581019523
2021-02-09 21:00:00,12742.0,12445.88899081396
2021-02-09 22:00:00,12359.0,12266.552281035652
2021-02-09 23:00:00,12128.0,11996.237590198918
2021-02-10 00:00:00,11978.0,12011.081368646142
2021-02-10 01:00:00,11964.0,12066.313435226459
2021-02-10 02:00:00,12130.0,11823.102186852573
2021-02-10 03:00:00,12490.0,12057.060354903833
2021-02-10 04:00:00,13216.0,12563.348713662352
2021-02-10 05:00:00,13614.0,13026.531393656667
2021-02-10 06:00:00,13632.0,13256.263781946409
2021-02-10 07:00:00,13570.0,13180.286817600374
2021-02-10 08:00:00,13499.0,13169.746800274243
2021-02-10 09:00:00,13394.0,13075.384332704567
2021-02-10 10:00:00,13377.0,12933.219455365188
2021-02-10 11:00:00,13268.0,12879.217226730925
2021-02-10 12:00:00,13104.0,12733.69741289231
2021-02-10 13:00:00,13045.0,12751.776227914677
2021-02-10 14:00:00,13061.0,12798.284422209632
2021-02-10 15:00:00,13543.0,12995.989297185724
2021-02-10 16:00:00,13781.0,13388.768282358897
2021-02-10 17:00:00,13847.0,13350.358367371977
2021-02-10 18:00:00,13651.0,13286.424320786138
2021-02-10 19:00:00,13161.0,12846.017324183827
2021-02-10 20:00:00,13168.0,12846.310294327515
2021-02-10 21:00:00,13020.0,12630.717631805726
2021-02-10 22:00:00,12671.0,12371.797654675962
2021-02-10 23:00:00,12419.0,12089.620927911692
2021-02-11 00:00:00,12301.0,12014.160336126231
2021-02-11 01:00:00,13517.0,11974.473487713622
2021-02-11 02:00:00,12473.0,12910.835657922895
2021-02-11 03:00:00,12848.0,12209.021955573879
2021-02-11 04:00:00,13603.0,12810.943589925942
2021-02-11 05:00:00,13921.0,13375.3708956718
2021-02-11 06:00:00,13960.0,13652.08848796726
2021-02-11 07:00:00,13917.0,13586.26627125664
2021-02-11 08:00:00,13987.0,13528.84336398717
2021-02-11 09:00:00,13915.0,13547.62222531426
2021-02-11 10:00:00,13772.0,13497.849656527475
2021-02-11 11:00:00,13614.0,13142.671860222457
2021-02-11 12:00:00,13491.0,13161.041653080305
2021-02-11 13:00:00,13380.0,13130.786550673029
2021-02-11 14:00:00,13337.0,13111.813760959158
2021-02-11 15:00:00,13725.0,13235.705280864006
2021-02-11 16:00:00,13863.0,13401.889817949756
2021-02-11 17:00:00,13860.0,13478.738380312254
2021-02-11 18:00:00,13680.0,13289.605875424197
2021-02-11 19:00:00,13168.0,12872.574179107742
2021-02-11 20:00:00,13256.0,12825.414790086372
2021-02-11 21:00:00,13108.0,12680.074621530683
2021-02-11 22:00:00,12743.0,12470.379398859994
2021-02-11 23:00:00,12510.0,12309.808542515777
2021-02-12 00:00:00,12383.0,12258.162547928529
2021-02-12 01:00:00,12336.0,12405.348337384794
2021-02-12 02:00:00,12435.0,12199.782760243646
2021-02-12 03:00:00,12775.0,12312.932436634273
2021-02-12 04:00:00,13442.0,12850.078396597288
2021-02-12 05:00:00,13684.0,13216.369006707562
2021-02-12 06:00:00,13648.0,13442.459574910274
2021-02-12 07:00:00,13633.0,13354.421774147751
2021-02-12 08:00:00,13563.0,13356.647660494651
2021-02-12 09:00:00,13478.0,13312.671594342553
2021-02-12 10:00:00,13204.0,13047.1959500631
2021-02-12 11:00:00,13099.0,12854.988285781197
2021-02-12 12:00:00,12948.0,12787.617522318025
2021-02-12 13:00:00,12916.0,12706.646727130408
2021-02-12 14:00:00,12872.0,12811.946158076138
2021-02-12 15:00:00,13202.0,12939.7455377154
2021-02-12 16:00:00,13345.0,13117.789744847822
2021-02-12 17:00:00,13267.0,13151.816757951243
2021-02-12 18:00:00,12967.0,12817.515438080416
2021-02-12 19:00:00,12463.0,12357.59298007371
2021-02-12 20:00:00,12569.0,12383.748981773168
2021-02-12 21:00:00,12290.0,12217.90813745354
2021-02-12 22:00:00,11795.0,11782.354968286101
2021-02-12 23:00:00,11492.0,11627.01217818585
2021-02-13 00:00:00,11245.0,11422.728715454541
2021-02-13 01:00:00,11140.0,11272.371518142021
2021-02-13 02:00:00,11096.0,11249.607557653133
2021-02-13 03:00:00,11173.0,11162.851607910969
2021-02-13 04:00:00,11384.0,11325.277031676495
2021-02-13 05:00:00,11468.0,11381.402646185808
2021-02-13 06:00:00,11537.0,11566.110215205781
2021-02-13 07:00:00,11747.0,11526.610370239967
2021-02-13 08:00:00,11876.0,11687.249775151322
2021-02-13 09:00:00,11744.0,11747.306761422895
2021-02-13 10:00:00,11660.0,11631.329253849139
2021-02-13 11:00:00,11533.0,11495.38753464782
2021-02-13 12:00:00,11493.0,11380.159975336916
2021-02-13 13:00:00,11532.0,11444.279159433047
2021-02-13 14:00:00,11722.0,11644.960408865405
2021-02-13 15:00:00,11532.5,11907.905207318518
2021-02-13 16:00:00,11532.5,11660.153495856666
2021-02-13 17:00:00,11532.5,11554.31363744283
2021-02-13 18:00:00,11942.0,11361.489390133465
2021-02-13 19:00:00,11504.0,11360.639522165067
2021-02-13 20:00:00,11614.0,11537.822665334088
2021-02-13 21:00:00,11506.0,11364.854034659174
2021-02-13 22:00:00,11237.0,10999.263495715804
2021-02-13 23:00:00,10902.0,10810.626412752219
2021-02-14 00:00:00,10658.0,10641.913740172993
2021-02-14 01:00:00,10596.0,10509.078755559194
2021-02-14 02:00:00,10641.0,10519.840026560863
2021-02-14 03:00:00,10766.0,10548.747046067008
2021-02-14 04:00:00,10927.0,10670.191610882204
2021-02-14 05:00:00,10943.0,10857.716435661769
2021-02-14 06:00:00,11084.0,11027.923213906024
2021-02-14 07:00:00,11357.0,11067.741001967215
2021-02-14 08:00:00,11561.0,11288.097127309742
2021-02-14 09:00:00,11527.0,11411.483577922083
2021-02-14 10:00:00,11505.0,11324.397510957124
2021-02-14 11:00:00,11455.0,11260.437171313948
2021-02-14 12:00:00,11330.0,11269.635850347744
2021-02-14 13:00:00,11409.0,11279.26625020458
2021-02-14 14:00:00,11511.0,11457.802520607693
2021-02-14 15:00:00,11982.0,11574.30347185733
2021-02-14 16:00:00,12333.0,11852.455113910546
2021-02-14 17:00:00,12371.0,12035.217923187876
2021-02-14 18:00:00,12163.0,11887.887663834834
2021-02-14 19:00:00,11823.0,11473.51353523711
2021-02-14 20:00:00,12120.0,11744.659465062503
2021-02-14 21:00:00,12055.0,11751.246564154637
2021-02-14 22:00:00,11720.0,11489.52055508198
2021-02-14 23:00:00,11491.0,11380.765191150509
2021-02-15 00:00:00,11374.0,11446.975418063372
2021-02-15 01:00:00,11369.0,11467.620880734155
2021-02-15 02:00:00,11556.0,11385.268813914821
2021-02-15 03:00:00,11946.0,11472.118320135552
2021-02-15 04:00:00,12756.0,12004.706231743356
2021-02-15 05:00:00,13122.0,12668.981145951002
2021-02-15 06:00:00,13156.0,12829.295687616577
2021-02-15 07:00:00,13199.0,12746.850747456967
2021-02-15 08:00:00,13058.0,12758.837504592782
2021-02-15 09:00:00,12886.0,12670.690741348695
2021-02-15 10:00:00,12697.0,12454.229408147314
2021-02-15 11:00:00,12582.0,12328.982253016511
2021-02-15 12:00:00,12475.0,12243.11666144662
2021-02-15 13:00:00,12373.0,12225.571896103234
2021-02-15 14:00:00,12285.0,12220.869336343087
2021-02-15 15:00:00,12479.0,12274.412843452903
2021-02-15 16:00:00,12672.0,12444.271926739668
2021-02-15 17:00:00,12571.0,12530.412547248412
2021-02-15 18:00:00,12326.0,12252.236009395298
2021-02-15 19:00:00,11922.0,11697.719707234199
2021-02-15 20:00:00,11922.0,11879.189915332918
2021-02-15 21:00:00,11769.0,11657.707698368558
2021-02-15 22:00:00,12349.5,11494.400355013153
2021-02-15 23:00:00,12349.5,11883.885120680472
2021-02-16 00:00:00,12305.5,11990.545362630028
2021-02-16 01:00:00,12264.0,11934.416929896452
2021-02-16 02:00:00,12221.0,11937.513523973475
2021-02-16 03:00:00,11262.0,11919.798209552908
2021-02-16 04:00:00,12140.0,11770.622351664086
2021-02-16 05:00:00,12535.0,12348.911010399257
2021-02-16 06:00:00,12459.0,12416.46924826551
2021-02-16 07:00:00,12522.0,12266.598290150754
2021-02-16 08:00:00,12556.0,12273.76744639394
2021-02-16 09:00:00,12539.0,12250.493960217953
2021-02-16 10:00:00,12391.0,12177.325281854302
2021-02-16 11:00:00,12243.0,12073.094425537802
2021-02-16 12:00:00,12199.0,11959.46248389061
2021-02-16 13:00:00,12163.0,12015.563637150857
2021-02-16 14:00:00,12160.0,12053.603861433283
2021-02-16 15:00:00,12575.0,12150.70417713896
2021-02-16 16:00:00,12878.0,12399.445873323602
2021-02-16 17:00:00,12965.0,12562.390539618158
2021-02-16 18:00:00,12865.0,12441.741728069155
2021-02-16 19:00:00,12418.0,12040.356080419162
2021-02-16 20:00:00,12541.0,12072.989432723529
2021-02-16 21:00:00,12414.0,11943.735382409595
2021-02-16 22:00:00,12174.0,11954.508945329173
2021-02-16 23:00:00,12019.0,11843.257628272151
2021-02-17 00:00:00,11941.0,11869.037492026611
2021-02-17 01:00:00,11976.0,11786.380784617624
2021-02-17 02:00:00,12194.0,11736.796210871742
2021-02-17 03:00:00,12613.0,11853.622300871377
2021-02-17 04:00:00,13377.0,12181.342451413304
2021-02-17 05:00:00,13612.0,13057.54448869402
2021-02-17 06:00:00,13813.0,13180.566744067752
2021-02-17 07:00:00,13859.0,13109.839263925123
2021-02-17 08:00:00,13718.0,13276.403202640355
2021-02-17 09:00:00,13549.0,13145.346043864749
2021-02-17 10:00:00,13410.0,13117.743552521382
2021-02-17 11:00:00,13190.0,12871.385237031582
2021-02-17 12:00:00,13058.0,12726.260186417996
2021-02-17 13:00:00,13053.0,12675.51439402899
2021-02-17 14:00:00,13104.0,12757.302997712646
2021-02-17 15:00:00,13417.0,13009.046976353417
2021-02-17 16:00:00,13924.0,13238.295203157104
2021-02-17 17:00:00,14093.0,13637.212518704302
2021-02-17 18:00:00,13905.0,13464.510885856904
2021-02-17 19:00:00,13459.0,13158.215418945743
2021-02-17 20:00:00,13468.0,13010.792162241225
2021-02-17 21:00:00,13314.0,12815.738932618846
2021-02-17 22:00:00,13001.0,12605.80050543346
2021-02-17 23:00:00,12723.0,12409.710782785962
2021-02-18 00:00:00,12594.0,12286.681932033352
2021-02-18 01:00:00,12610.0,12298.61102676224
2021-02-18 02:00:00,12812.0,12278.37815863456
2021-02-18 03:00:00,13201.0,12543.44262283419
2021-02-18 04:00:00,13914.0,13205.686650119576
2021-02-18 05:00:00,14187.0,13723.366321592814
2021-02-18 06:00:00,14201.0,13694.319771779292
2021-02-18 07:00:00,14267.0,13623.916100569904
2021-02-18 08:00:00,14160.0,13606.294653221503
2021-02-18 09:00:00,14018.0,13576.633568548585
2021-02-18 10:00:00,13771.0,13507.96335880022
2021-02-18 11:00:00,13532.0,13154.536263502294
2021-02-18 12:00:00,13359.0,13175.881268352587
2021-02-18 13:00:00,13272.0,13032.169671874932
2021-02-18 14:00:00,13199.0,13057.507940975942
2021-02-18 15:00:00,13368.0,13112.674280149322
2021-02-18 16:00:00,13560.0,13238.25050984493
2021-02-18 17:00:00,13555.0,13387.503930301466
2021-02-18 18:00:00,13225.0,13147.1366275932
2021-02-18 19:00:00,12764.0,12550.358003858913
2021-02-18 20:00:00,12782.0,12628.89268909562
2021-02-18 21:00:00,12522.0,12436.625081255812
2021-02-18 22:00:00,12125.0,12205.67228300537
2021-02-18 23:00:00,12914.0,11992.366003819756
2021-02-19 00:00:00,12902.5,12649.445681166282
2021-02-19 01:00:00,12854.5,12559.902063152598
2021-02-19 02:00:00,12799.5,12564.794150308848
2021-02-19 03:00:00,12018.0,12476.59024140082
2021-02-19 04:00:00,12658.0,12394.856382257298
2021-02-19 05:00:00,12892.0,12698.276006591153
2021-02-19 06:00:00,12915.0,12761.180839483126
2021-02-19 07:00:00,13036.0,12735.114676395018
2021-02-19 08:00:00,12984.0,12816.30770872228
2021-02-19 09:00:00,12937.0,12826.484387178274
2021-02-19 10:00:00,12913.0,12644.782754335518
2021-02-19 11:00:00,12817.0,12574.162520309761
2021-02-19 12:00:00,12709.0,12466.121968697775
2021-02-19 13:00:00,12659.0,12421.16597136164
2021-02-19 14:00:00,12603.0,12497.20116788707
2021-02-19 15:00:00,12827.0,12654.00565809159
2021-02-19 16:00:00,13077.0,12740.75338067058
2021-02-19 17:00:00,12998.0,12846.421758102635
2021-02-19 18:00:00,12688.0,12558.25089515378
2021-02-19 19:00:00,12222.0,12067.216743002911
2021-02-19 20:00:00,12207.0,12054.99776460115
2021-02-19 21:00:00,12009.0,11832.725376229699
2021-02-19 22:00:00,11619.0,11425.190099372197
2021-02-19 23:00:00,11941.5,11362.57790774398
2021-02-20 00:00:00,11921.5,11752.49780799612
2021-02-20 01:00:00,11901.0,11753.383340847211
2021-02-20 02:00:00,11898.0,11717.920836078372
2021-02-20 03:00:00,11898.0,11505.496177757044
2021-02-20 04:00:00,11311.0,11655.163101836912
2021-02-20 05:00:00,11322.0,11271.813289135327
2021-02-20 06:00:00,11422.0,11438.926023707305
2021-02-20 07:00:00,11705.0,11462.065002021976
2021-02-20 08:00:00,11882.0,11607.881889279117
2021-02-20 09:00:00,11960.0,11716.778513007914
2021-02-20 10:00:00,11923.0,11706.816037783674
2021-02-20 11:00:00,11920.0,11652.678449067684
2021-02-20 12:00:00,11861.0,11676.536432451823
2021-02-20 13:00:00,11914.0,11727.41306861934
2021-02-20 14:00:00,12032.0,11901.314650068096
2021-02-20 15:00:00,12448.0,12091.349839380064
2021-02-20 16:00:00,12807.0,12237.506668794724
2021-02-20 17:00:00,12662.0,12449.180428770815
2021-02-20 18:00:00,12195.0,12224.092578010032
2021-02-20 19:00:00,11599.0,11560.639026529316
2021-02-20 20:00:00,11685.0,11581.182513908425
2021-02-20 21:00:00,11466.0,11349.028773835054
2021-02-20 22:00:00,10994.0,11031.981539131895
2021-02-20 23:00:00,10628.0,10760.826594255706
2021-02-21 00:00:00,10404.0,10410.36961719599
2021-02-21 01:00:00,10289.0,10272.621353113153
2021-02-21 02:00:00,10247.0,10262.88962749042
2021-02-21 03:00:00,10275.0,10297.72539430439
2021-02-21 04:00:00,10435.0,10372.087492055183
2021-02-21 05:00:00,10390.0,10483.290597132105
2021-02-21 06:00:00,10536.0,10571.66739236883
2021-02-21 07:00:00,10797.0,10712.907229163564
2021-02-21 08:00:00,10976.0,10854.550489269477
2021-02-21 09:00:00,11093.0,10979.910792658337
2021-02-21 10:00:00,11086.0,11017.152775254286
2021-02-21 11:00:00,11130.0,10947.100924034603
2021-02-21 12:00:00,11078.0,10998.540786963265
2021-02-21 13:00:00,11163.0,11070.155214895653
2021-02-21 14:00:00,11327.0,11283.352074331167
2021-02-21 15:00:00,11707.0,11525.216500594359
2021-02-21 16:00:00,12075.0,11703.498183705955
2021-02-21 17:00:00,12059.0,11866.697085214004
2021-02-21 18:00:00,11823.0,11683.25863049864
2021-02-21 19:00:00,11383.0,11228.900151037367
2021-02-21 20:00:00,11588.0,11406.726614113755
2021-02-21 21:00:00,11525.0,11301.244161937428
2021-02-21 22:00:00,11157.0,10981.44270126498
2021-02-21 23:00:00,10883.0,10867.507263894531
2021-02-22 00:00:00,11647.5,10863.665313533245
2021-02-22 01:00:00,11765.0,11433.816458059946
2021-02-22 02:00:00,11934.0,11499.20307038782
2021-02-22 03:00:00,12052.0,11597.8449133105
2021-02-22 04:00:00,12045.0,12009.889111247816
2021-02-22 05:00:00,12394.0,12108.5590854806
2021-02-22 06:00:00,12525.0,12295.771420607467
2021-02-22 07:00:00,12740.0,12221.310742907384
2021-02-22 08:00:00,12797.0,12371.37457826722
2021-02-22 09:00:00,12813.0,12405.595795657844
2021-02-22 10:00:00,12796.0,12382.654858473335
2021-02-22 11:00:00,12734.0,12365.58920439491
2021-02-22 12:00:00,12651.0,12362.657704107467
2021-02-22 13:00:00,12607.0,12329.844496895637
2021-02-22 14:00:00,12548.0,12381.470667155889
2021-02-22 15:00:00,12693.0,12427.107502211382
2021-02-22 16:00:00,13031.0,12558.190605291358
2021-02-22 17:00:00,13012.0,12751.86577011146
2021-02-22 18:00:00,12784.0,12538.148361753458
2021-02-22 19:00:00,12328.0,12104.514003144212
2021-02-22 20:00:00,12461.0,12044.649030828316
2021-02-22 21:00:00,12244.0,11950.879574893897
2021-02-22 22:00:00,11838.0,11834.986591055651
2021-02-22 23:00:00,11594.0,11650.940197542657
2021-02-23 00:00:00,12629.0,11452.83066656621
2021-02-23 01:00:00,12650.0,12214.198514421101
2021-02-23 02:00:00,12638.5,12197.928611638868
2021-02-23 03:00:00,11851.0,12135.344046112486
2021-02-23 04:00:00,12521.0,11728.81739252225
2021-02-23 05:00:00,12768.0,12404.416307277806
2021-02-23 06:00:00,12809.0,12490.619888713833
2021-02-23 07:00:00,12930.0,12516.663914611538
2021-02-23 08:00:00,12996.0,12579.271175401198
2021-02-23 09:00:00,13050.0,12676.182766948166
2021-02-23 10:00:00,12995.0,12647.00239812106
2021-02-23 11:00:00,12877.0,12629.543489313404
2021-02-23 12:00:00,12757.0,12484.205493134465
2021-02-23 13:00:00,12584.0,12473.773031465169
2021-02-23 14:00:00,12555.0,12427.609524962922
2021-02-23 15:00:00,12667.0,12504.420186957968
2021-02-23 16:00:00,12921.0,12646.225040721449
2021-02-23 17:00:00,12921.0,12776.563634194637
2021-02-23 18:00:00,12628.0,12509.580033643953
2021-02-23 19:00:00,12094.0,11960.156056958629
2021-02-23 20:00:00,12049.0,12025.217169721112
2021-02-23 21:00:00,11782.0,11808.116643782078
2021-02-23 22:00:00,11380.0,11457.900729937053
2021-02-23 23:00:00,12215.5,11304.269499541035
2021-02-24 00:00:00,12184.5,12071.42278767639
2021-02-24 01:00:00,12124.0,12111.845028024154
2021-02-24 02:00:00,12090.0,12049.262632239508
2021-02-24 03:00:00,11322.0,11839.57461080882
2021-02-24 04:00:00,11979.0,11678.794748175384
2021-02-24 05:00:00,12086.0,12086.001772119744
2021-02-24 06:00:00,12154.0,12080.094264384428
2021-02-24 07:00:00,12277.0,12018.545224864474
2021-02-24 08:00:00,12315.0,12100.342500377952
2021-02-24 09:00:00,12484.0,12123.521006993353
2021-02-24 10:00:00,12417.0,12191.231672991791
2021-02-24 11:00:00,12215.0,12124.317230896064
2021-02-24 12:00:00,12068.0,11952.371118272757
2021-02-24 13:00:00,12007.0,11889.374990569244
2021-02-24 14:00:00,11868.0,11930.86307792664
2021-02-24 15:00:00,11984.0,11985.0166511652
2021-02-24 16:00:00,12209.0,12045.749635793274
2021-02-24 17:00:00,12121.0,12150.148553320461
2021-02-24 18:00:00,11828.0,11868.716095353906
2021-02-24 19:00:00,11232.0,11313.826288254782
2021-02-24 20:00:00,11188.0,11392.32186413743
2021-02-24 21:00:00,10897.0,11139.905225566783
2021-02-24 22:00:00,11146.0,11081.231291289594
2021-02-24 23:00:00,11112.0,11297.510027186294
2021-02-25 00:00:00,11105.5,11294.788583308007
2021-02-25 01:00:00,11067.0,11277.501596419092
2021-02-25 02:00:00,11020.5,11125.958264319412
2021-02-25 03:00:00,11005.5,11056.34767870135
2021-02-25 04:00:00,10837.0,11155.433494680543
2021-02-25 05:00:00,11002.0,11214.95197287087
2021-02-25 06:00:00,11032.0,11182.204430504496
2021-02-25 07:00:00,11115.0,11100.21750157475
2021-02-25 08:00:00,11109.0,11141.184866269774
2021-02-25 09:00:00,11177.0,11137.998357138811
2021-02-25 10:00:00,11102.0,11131.598418615378
2021-02-25 11:00:00,11009.0,11075.360114104675
2021-02-25 12:00:00,10916.0,10977.766564119454
2021-02-25 13:00:00,10907.0,11036.836752494526
2021-02-25 14:00:00,10861.0,11101.352819965046
2021-02-25 15:00:00,11010.0,11208.98029211027
2021-02-25 16:00:00,11318.0,11240.153809273903
2021-02-25 17:00:00,11372.0,11381.360233712181
2021-02-25 18:00:00,10981.0,11232.262853553373
2021-02-25 19:00:00,10512.0,10702.501446894596
2021-02-25 20:00:00,10614.0,10822.374728454426
2021-02-25 21:00:00,10375.0,10588.931682390046
2021-02-25 22:00:00,9941.0,10596.204185641394
2021-02-25 23:00:00,10822.0,10501.114998110419
2021-02-26 00:00:00,10743.0,10826.201262185532
2021-02-26 01:00:00,10666.0,10851.75351840092
2021-02-26 02:00:00,10632.5,10767.406547402601
2021-02-26 03:00:00,9854.0,10576.23559854954
2021-02-26 04:00:00,10540.0,10311.256795563288
2021-02-26 05:00:00,10681.0,10919.724600454363
2021-02-26 06:00:00,10805.0,10920.380379630578
2021-02-26 07:00:00,10918.0,10881.621207345483
2021-02-26 08:00:00,10920.0,10893.874401513767
2021-02-26 09:00:00,10863.0,10900.759910942932
2021-02-26 10:00:00,10839.0,10827.0210775046
2021-02-26 11:00:00,10651.0,10785.059760777267
2021-02-26 12:00:00,10584.0,10667.32472184081
2021-02-26 13:00:00,10543.0,10742.015241013587
2021-02-26 14:00:00,10557.0,10801.169988312704
2021-02-26 15:00:00,10692.0,10927.065138911234
2021-02-26 16:00:00,11171.0,11008.516389815202
2021-02-26 17:00:00,11212.0,11171.378165366423
2021-02-26 18:00:00,10912.0,11064.580874590032
2021-02-26 19:00:00,10491.0,10476.47307695895
2021-02-26 20:00:00,10569.0,10551.404092367762
2021-02-26 21:00:00,10327.0,10289.549060143023
2021-02-26 22:00:00,9855.0,9988.84748503737
2021-02-26 23:00:00,10158.0,9974.211118647594
2021-02-27 00:00:00,10126.0,10170.856813410403
2021-02-27 01:00:00,10076.5,10157.450850293271
2021-02-27 02:00:00,10016.5,10076.013788392707
2021-02-27 03:00:00,10016.5,9866.95900879963
2021-02-27 04:00:00,9724.0,9953.582846519013
2021-02-27 05:00:00,9641.0,9848.095321452845
2021-02-27 06:00:00,9874.0,9877.41386037614
2021-02-27 07:00:00,10124.0,10026.859857386573
2021-02-27 08:00:00,10188.0,10184.190385933132
2021-02-27 09:00:00,10128.0,10233.318524733417
2021-02-27 10:00:00,10029.0,10121.542876621816
2021-02-27 11:00:00,10004.0,9996.542663740383
2021-02-27 12:00:00,9914.0,10009.415607793773
2021-02-27 13:00:00,9906.0,10032.781153739146
2021-02-27 14:00:00,10115.0,10115.396454791979
2021-02-27 15:00:00,10458.0,10430.324558067838
2021-02-27 16:00:00,10016.5,10698.738026102359
2021-02-27 17:00:00,10016.5,10334.654999913168
2021-02-27 18:00:00,10657.0,10236.354486918253
2021-02-27 19:00:00,10215.0,10191.776598548224
2021-02-27 20:00:00,10356.0,10234.770484433702
2021-02-27 21:00:00,10212.0,10097.88692034107
2021-02-27 22:00:00,9802.0,9817.95340342238
2021-02-27 23:00:00,9424.0,9570.62400323724
2021-02-28 00:00:00,9269.0,9322.334342670354
2021-02-28 01:00:00,9157.0,9306.010168728599
2021-02-28 02:00:00,9151.0,9249.965420034154
2021-02-28 03:00:00,9201.0,9287.05287148611
2021-02-28 04:00:00,9388.0,9305.012179116995
2021-02-28 05:00:00,9233.0,9459.199203142347
2021-02-28 06:00:00,9414.0,9459.486712988704
2021-02-28 07:00:00,9619.0,9609.885636228471
2021-02-28 08:00:00,9611.0,9733.46242595747
2021-02-28 09:00:00,9637.0,9693.152830073783
2021-02-28 10:00:00,9565.0,9632.422823963965
2021-02-28 11:00:00,9428.0,9531.286545279168
2021-02-28 12:00:00,9333.0,9489.54438585851
2021-02-28 13:00:00,9319.0,9490.971889502787
2021-02-28 14:00:00,9398.0,9633.806550659745
2021-02-28 15:00:00,9648.0,9755.61389658299
2021-02-28 16:00:00,9556.5,9866.076005710958
2021-02-28 17:00:00,9565.0,9714.596575044885
2021-02-28 18:00:00,9588.0,9687.502243455747
2021-02-28 19:00:00,9739.0,9611.961423483892
2021-02-28 20:00:00,9957.0,9913.732438568964
2021-02-28 21:00:00,9845.0,9871.606819274873
2021-02-28 22:00:00,9565.0,9559.174057373704
2021-02-28 23:00:00,9269.0,9310.323636016956
2021-03-01 00:00:00,9117.0,9391.552150896063
2021-03-01 01:00:00,9037.0,9420.630032811196
2021-03-01 02:00:00,9137.0,9347.060203179246
2021-03-01 03:00:00,9548.0,9454.06045996115
2021-03-01 04:00:00,10305.0,9842.046398572154
2021-03-01 05:00:00,10563.0,10497.722026147589
2021-03-01 06:00:00,10795.0,10679.66056319708
2021-03-01 07:00:00,10915.0,10777.552025624587
2021-03-01 08:00:00,10849.0,10832.370081548277
2021-03-01 09:00:00,10755.0,10784.248623638965
2021-03-01 10:00:00,10762.0,10660.784239679544
2021-03-01 11:00:00,10629.0,10651.553817415024
2021-03-01 12:00:00,10518.0,10517.728228578759
2021-03-01 13:00:00,10408.0,10513.262468359933
2021-03-01 14:00:00,10299.0,10482.070531466357
2021-03-01 15:00:00,10366.0,10486.984056015766
2021-03-01 16:00:00,10819.0,10668.550720421475
2021-03-01 17:00:00,10907.0,10936.188268915384
2021-03-01 18:00:00,10696.0,10746.74033172844
2021-03-01 19:00:00,10239.0,10417.77355501832
2021-03-01 20:00:00,10263.0,10319.962605588993
2021-03-01 21:00:00,10105.0,10134.244313723957
2021-03-01 22:00:00,9687.0,10024.964731833104
2021-03-01 23:00:00,10387.0,9819.241380001502
2021-03-02 00:00:00,10377.0,10447.93786762702
2021-03-02 01:00:00,10339.0,10479.452588450034
2021-03-02 02:00:00,10305.5,10460.17473580814
2021-03-02 03:00:00,9524.0,10204.403933438383
2021-03-02 04:00:00,10312.0,10222.610796625722
2021-03-02 05:00:00,10536.0,10611.936717622
2021-03-02 06:00:00,10707.0,10787.788352321464
2021-03-02 07:00:00,10646.0,10815.822469783263
2021-03-02 08:00:00,10605.0,10704.055871950359
2021-03-02 09:00:00,10626.0,10699.480549410742
2021-03-02 10:00:00,10504.0,10652.67049657308
2021-03-02 11:00:00,10388.0,10560.907518751865
2021-03-02 12:00:00,10266.0,10471.498048989208
2021-03-02 13:00:00,10203.0,10384.90532511892
2021-03-02 14:00:00,10190.0,10373.611281753521
2021-03-02 15:00:00,10250.0,10423.638017215793
2021-03-02 16:00:00,10769.0,10652.756718341916
2021-03-02 17:00:00,10944.0,10992.761632167007
2021-03-02 18:00:00,10772.0,10858.741513692923
2021-03-02 19:00:00,10276.0,10421.61331229879
2021-03-02 20:00:00,10354.0,10266.42127245998
2021-03-02 21:00:00,10130.0,10099.580100290705
2021-03-02 22:00:00,10315.0,9885.076255880198
2021-03-02 23:00:00,10315.0,10275.292213986795
2021-03-03 00:00:00,10315.0,10352.048319883648
2021-03-03 01:00:00,10408.0,10352.812844875945
2021-03-03 02:00:00,10501.5,10388.266066286635
2021-03-03 03:00:00,10546.0,10259.115703003075
2021-03-03 04:00:00,10462.0,10435.97697033063
2021-03-03 05:00:00,10661.0,10620.803302023229
2021-03-03 06:00:00,10763.0,10723.70629146229
2021-03-03 07:00:00,10758.0,10688.266196519893
2021-03-03 08:00:00,10752.0,10667.93062147054
2021-03-03 09:00:00,10765.0,10724.980402583633
2021-03-03 10:00:00,10679.0,10667.698003392876
2021-03-03 11:00:00,10631.0,10550.53422710349
2021-03-03 12:00:00,10568.0,10520.49381465665
2021-03-03 13:00:00,10541.0,10579.293990225578
2021-03-03 14:00:00,10551.0,10587.154355563333
2021-03-03 15:00:00,10683.0,10645.146938603933
2021-03-03 16:00:00,11098.0,10873.168487631963
2021-03-03 17:00:00,10599.5,11114.289910230174
2021-03-03 18:00:00,11014.0,10543.180169092764
2021-03-03 19:00:00,10506.0,10533.234575844905
2021-03-03 20:00:00,10524.0,10417.350611729124
2021-03-03 21:00:00,10371.0,10256.218627613021
2021-03-03 22:00:00,10002.0,10167.769101675336
2021-03-03 23:00:00,10599.5,10291.78325927071
2021-03-04 00:00:00,10625.5,10500.125635666027
2021-03-04 01:00:00,10756.0,10525.770130569888
2021-03-04 02:00:00,10833.5,10610.079831596924
2021-03-04 03:00:00,10223.0,10571.125344284623
2021-03-04 04:00:00,10829.0,10270.680816333683
2021-03-04 05:00:00,10979.0,10881.226527458552
2021-03-04 06:00:00,11123.0,10969.989691528965
2021-03-04 07:00:00,11244.0,10990.444377181198
2021-03-04 08:00:00,11185.0,11058.60217544583
2021-03-04 09:00:00,11166.0,11030.8615898929
2021-03-04 10:00:00,11030.0,10980.922576991377
2021-03-04 11:00:00,10937.0,10830.24276320967
2021-03-04 12:00:00,10875.0,10801.432404578172
2021-03-04 13:00:00,10838.0,10814.08626381432
2021-03-04 14:00:00,10866.0,10831.229147765574
2021-03-04 15:00:00,11107.0,10935.608454737574
2021-03-04 16:00:00,11518.0,11182.628363913152
2021-03-04 17:00:00,11718.0,11396.301701628094
2021-03-04 18:00:00,11527.0,11381.100131112004
2021-03-04 19:00:00,11062.0,10917.157260582848
2021-03-04 20:00:00,11228.0,10880.168860079038
2021-03-04 21:00:00,11098.0,10809.328332692756
2021-03-04 22:00:00,10688.0,10669.060179004053
2021-03-04 23:00:00,10507.0,10623.488062625089
2021-03-05 00:00:00,10383.0,10524.994796338782
2021-03-05 01:00:00,10348.0,10429.341387296092
2021-03-05 02:00:00,10498.0,10404.988645295964
2021-03-05 03:00:00,10844.0,10272.93167709311
2021-03-05 04:00:00,11432.0,10702.2577477674
2021-03-05 05:00:00,11632.0,11390.686045769005
2021-03-05 06:00:00,11810.0,11478.379970532516
2021-03-05 07:00:00,11789.0,11524.23083099761
2021-03-05 08:00:00,11641.0,11496.744192618296
2021-03-05 09:00:00,11586.0,11400.640528300612
2021-03-05 10:00:00,11433.0,11315.594757156829
2021-03-05 11:00:00,11224.0,11200.989451969155
2021-03-05 12:00:00,11081.0,11057.534962173124
2021-03-05 13:00:00,10953.0,10971.842582329888
2021-03-05 14:00:00,11036.0,10978.892130378932
2021-03-05 15:00:00,11219.0,11065.268450832145
2021-03-05 16:00:00,11696.0,11323.684176794253
2021-03-05 17:00:00,11902.0,11588.408515062452
2021-03-05 18:00:00,11707.0,11560.041011182386
2021-03-05 19:00:00,11289.0,11103.843148598506
2021-03-05 20:00:00,11364.0,11174.93737954777
2021-03-05 21:00:00,11175.0,10973.33677525886
2021-03-05 22:00:00,10816.0,10598.019299623418
2021-03-05 23:00:00,10562.0,10483.4489689891
2021-03-06 00:00:00,10414.0,10426.353882909718
2021-03-06 01:00:00,10369.0,10333.250983624579
2021-03-06 02:00:00,10378.0,10310.62675615847
2021-03-06 03:00:00,10480.0,10233.309393974272
2021-03-06 04:00:00,10726.0,10231.997744338027
2021-03-06 05:00:00,10581.0,10519.694778698038
2021-03-06 06:00:00,10816.0,10650.862107530947
2021-03-06 07:00:00,10979.0,10797.723556922445
2021-03-06 08:00:00,11116.0,10894.80155065142
2021-03-06 09:00:00,11154.0,10967.310399280495
2021-03-06 10:00:00,11068.0,10934.665436075575
2021-03-06 11:00:00,10987.0,10817.817455874432
2021-03-06 12:00:00,10868.0,10812.373760941453
2021-03-06 13:00:00,10865.0,10805.15830995853
2021-03-06 14:00:00,10953.0,10930.844995145882
2021-03-06 15:00:00,11224.0,11035.500367966153
2021-03-06 16:00:00,10866.5,11199.226908582426
2021-03-06 17:00:00,11654.0,10890.959323648067
2021-03-06 18:00:00,11209.0,11328.071578470297
2021-03-06 19:00:00,10735.0,10808.697106880416
2021-03-06 20:00:00,10873.0,10842.945608262924
2021-03-06 21:00:00,10766.0,10690.578915364693
2021-03-06 22:00:00,10497.0,10277.532633396408
2021-03-06 23:00:00,10277.0,10119.661232886083
2021-03-07 00:00:00,10092.0,9997.25192575629
2021-03-07 01:00:00,10006.0,9910.50747913252
2021-03-07 02:00:00,10046.0,9918.896967802579
2021-03-07 03:00:00,10161.0,9947.277907847636
2021-03-07 04:00:00,10321.0,10062.935069860487
2021-03-07 05:00:00,10173.0,10285.543740617468
2021-03-07 06:00:00,10382.0,10283.275118914815
2021-03-07 07:00:00,10609.0,10469.836900415585
2021-03-07 08:00:00,10837.0,10607.053371227155
2021-03-07 09:00:00,10962.0,10734.823391529642
2021-03-07 10:00:00,10882.0,10796.307054081652
2021-03-07 11:00:00,10831.0,10684.84690344932
2021-03-07 12:00:00,10718.0,10661.56806383863
2021-03-07 13:00:00,10674.0,10698.507629016573
2021-03-07 14:00:00,10754.0,10736.440257972246
2021-03-07 15:00:00,10934.0,10865.503284514203
2021-03-07 16:00:00,11473.0,10968.924557699542
2021-03-07 17:00:00,10834.0,11303.37298933099
2021-03-07 18:00:00,11369.0,10763.810921777116
2021-03-07 19:00:00,11003.0,10820.765966204039
2021-03-07 20:00:00,11154.0,10962.145521422306
2021-03-07 21:00:00,11072.0,10834.702554605012
2021-03-07 22:00:00,10731.0,10522.183530584294
2021-03-07 23:00:00,10550.0,10442.377663000138
2021-03-08 00:00:00,10536.0,10489.9778977862
2021-03-08 01:00:00,10544.0,10528.64094340032
2021-03-08 02:00:00,10668.0,10506.994996747786
2021-03-08 03:00:00,11025.0,10591.746768393961
2021-03-08 04:00:00,11712.0,11103.249969318756
2021-03-08 05:00:00,11924.0,11757.2543608942
2021-03-08 06:00:00,12186.0,11802.513819705184
2021-03-08 07:00:00,12188.0,11952.025938534305
2021-03-08 08:00:00,11932.0,11917.91398115318
2021-03-08 09:00:00,11836.0,11694.858407892238
2021-03-08 10:00:00,11667.0,11581.191525112738
2021-03-08 11:00:00,11441.0,11418.080928253785
2021-03-08 12:00:00,11283.0,11268.099469370252
2021-03-08 13:00:00,11224.0,11210.666625662889
2021-03-08 14:00:00,11226.0,11254.564609429475
2021-03-08 15:00:00,11343.0,11290.908396654959
2021-03-08 16:00:00,11833.0,11449.561889947612
2021-03-08 17:00:00,12086.0,11707.210244805603
2021-03-08 18:00:00,12013.0,11727.188782968204
2021-03-08 19:00:00,11705.0,11397.918047879519
2021-03-08 20:00:00,11902.0,11492.711272208035
2021-03-08 21:00:00,11716.0,11445.606560276827
2021-03-08 22:00:00,11378.0,11337.45098285393
2021-03-08 23:00:00,11092.0,11121.6798177526
2021-03-09 00:00:00,10971.0,11046.80813003692
2021-03-09 01:00:00,10943.0,10969.411089988263
2021-03-09 02:00:00,10997.0,10913.364363760998
2021-03-09 03:00:00,11342.0,10896.541362716092
2021-03-09 04:00:00,12020.0,11283.299019138893
2021-03-09 05:00:00,12090.0,11928.39746019126
2021-03-09 06:00:00,12253.0,11917.748649538913
2021-03-09 07:00:00,12282.0,11948.249160326302
2021-03-09 08:00:00,12233.0,11923.241595993648
2021-03-09 09:00:00,12203.0,11907.494126419659
2021-03-09 10:00:00,12092.0,11886.344503922404
2021-03-09 11:00:00,11934.0,11739.995979616739
2021-03-09 12:00:00,11882.0,11640.7275364988
2021-03-09 13:00:00,11838.0,11659.685821359462
2021-03-09 14:00:00,11828.0,11679.125186935886
2021-03-09 15:00:00,11950.0,11682.842719051949
2021-03-09 16:00:00,12353.0,11859.825791971678
2021-03-09 17:00:00,12777.0,12174.532813343387
2021-03-09 18:00:00,12702.0,12304.534847665414
2021-03-09 19:00:00,12352.0,12040.670671689611
2021-03-09 20:00:00,12457.0,12018.99594712123
2021-03-09 21:00:00,12405.0,11920.644347832522
2021-03-09 22:00:00,12073.0,11889.932714924333
2021-03-09 23:00:00,11919.0,11761.170789201831
2021-03-10 00:00:00,11801.0,11688.95654394228
2021-03-10 01:00:00,11878.0,11658.500082003571
2021-03-10 02:00:00,12046.0,11651.010088834499
2021-03-10 03:00:00,12345.0,11803.850061184923
2021-03-10 04:00:00,12975.0,12053.027283529775
2021-03-10 05:00:00,13123.0,12794.231925394935
2021-03-10 06:00:00,12428.0,12868.430397462706
2021-03-10 07:00:00,13242.0,12249.77229170266
2021-03-10 08:00:00,13066.0,12750.034184039923
2021-03-10 09:00:00,12912.0,12672.961937352246
2021-03-10 10:00:00,12655.0,12543.854894907761
2021-03-10 11:00:00,12451.0,12297.343831386741
2021-03-10 12:00:00,12224.0,12135.609441681223
2021-03-10 13:00:00,12208.0,12024.666981718578
2021-03-10 14:00:00,12192.0,12084.623133572095
2021-03-10 15:00:00,12229.0,12122.75615518787
2021-03-10 16:00:00,12706.0,12253.528814318257
2021-03-10 17:00:00,13145.0,12543.546488967746
2021-03-10 18:00:00,12949.0,12660.023226937188
2021-03-10 19:00:00,12467.0,12237.108490406306
2021-03-10 20:00:00,12517.0,12191.307824612171
2021-03-10 21:00:00,12330.0,12041.210694095202
2021-03-10 22:00:00,12030.0,11885.450878134172
2021-03-10 23:00:00,11731.0,11712.882748439573
2021-03-11 00:00:00,11608.0,11491.417745744988
2021-03-11 01:00:00,11631.0,11415.852403820785
2021-03-11 02:00:00,11705.0,11460.442872758274
2021-03-11 03:00:00,12075.0,11564.567189327827
2021-03-11 04:00:00,12650.0,12164.462788974717
2021-03-11 05:00:00,12724.0,12504.373569241136
2021-03-11 06:00:00,12872.0,12440.582983264781
2021-03-11 07:00:00,12877.0,12517.096790819522
2021-03-11 08:00:00,12777.0,12476.8553409415
2021-03-11 09:00:00,12796.0,12390.146145075285
2021-03-11 10:00:00,12652.0,12370.800392070783
2021-03-11 11:00:00,12419.0,12245.911875318157
2021-03-11 12:00:00,12236.0,12081.504819820724
2021-03-11 13:00:00,12123.0,11985.857211894276
2021-03-11 14:00:00,12059.0,12007.386417890353
2021-03-11 15:00:00,12016.0,11976.494648411788
2021-03-11 16:00:00,12209.0,12107.629422787464
2021-03-11 17:00:00,12557.0,12229.036494949285
2021-03-11 18:00:00,12350.0,12256.768127795187
2021-03-11 19:00:00,11819.0,11740.473213461286
2021-03-11 20:00:00,11916.0,11732.615680922754
2021-03-11 21:00:00,11636.0,11572.75732356403
2021-03-11 22:00:00,11247.0,11251.852227650095
2021-03-11 23:00:00,11976.5,11280.952338912586
2021-03-12 00:00:00,11952.0,11630.567387809499
2021-03-12 01:00:00,11941.5,11608.375510278584
2021-03-12 02:00:00,11926.0,11637.548915806246
2021-03-12 03:00:00,11895.5,11645.244458410349
2021-03-12 04:00:00,11778.0,11954.110191757605
2021-03-12 05:00:00,11936.0,11863.986088985446
2021-03-12 06:00:00,12006.0,11948.62239261453
2021-03-12 07:00:00,12090.0,11867.067343997336
2021-03-12 08:00:00,11947.0,11872.116389547069
2021-03-12 09:00:00,12102.0,11767.081997293257
2021-03-12 10:00:00,12111.0,11825.894155551601
2021-03-12 11:00:00,11957.0,11870.899715537873
2021-03-12 12:00:00,11875.0,11669.387909377989
2021-03-12 13:00:00,11816.0,11678.536141409333
2021-03-12 14:00:00,11799.0,11667.525901586352
2021-03-12 15:00:00,11816.0,11702.647237244882
2021-03-12 16:00:00,11999.0,11817.409541840723
2021-03-12 17:00:00,12237.0,11889.533608470898
2021-03-12 18:00:00,11978.0,11872.87165356563
2021-03-12 19:00:00,11488.0,11379.462368831235
2021-03-12 20:00:00,11495.0,11415.492926590618
2021-03-12 21:00:00,11171.0,11149.45525940348
2021-03-12 22:00:00,10743.0,10707.931779031926
2021-03-12 23:00:00,10500.0,10734.008010312962
2021-03-13 00:00:00,10285.0,10441.69043164227
2021-03-13 01:00:00,10739.0,10262.912479234708
2021-03-13 02:00:00,10691.0,10622.095953118614
2021-03-13 03:00:00,10207.0,10558.365099496383
2021-03-13 04:00:00,10295.0,10255.414815765414
2021-03-13 05:00:00,10202.0,10282.974332164278
2021-03-13 06:00:00,10449.0,10480.023414621679
2021-03-13 07:00:00,10647.0,10541.852669420818
2021-03-13 08:00:00,10770.0,10653.55544308227
2021-03-13 09:00:00,10771.0,10733.037104601395
2021-03-13 10:00:00,10735.0,10671.971779770533
2021-03-13 11:00:00,10634.0,10653.241014610137
2021-03-13 12:00:00,10546.0,10564.292220180989
2021-03-13 13:00:00,10550.0,10667.792677513366
2021-03-13 14:00:00,10716.0,10775.844576940402
2021-03-13 15:00:00,10991.0,10920.5791447405
2021-03-13 16:00:00,10592.0,11000.208284774159
2021-03-13 17:00:00,10592.0,10708.23256306287
2021-03-13 18:00:00,11151.0,10719.040418557674
2021-03-13 19:00:00,10637.0,10721.967496372261
2021-03-13 20:00:00,10709.0,10757.696487990519
2021-03-13 21:00:00,10516.0,10614.783385007015
2021-03-13 22:00:00,10154.0,10166.206785386135
2021-03-13 23:00:00,9825.0,9940.202879165918
2021-03-14 00:00:00,9602.0,9684.652091128954
2021-03-14 01:00:00,9566.0,9562.457780365783
2021-03-14 02:00:00,9555.0,9602.520573523505
2021-03-14 03:00:00,9654.0,9614.93785586242
2021-03-14 04:00:00,9693.0,9696.582684186973
2021-03-14 05:00:00,9602.0,9718.739966564332
2021-03-14 06:00:00,9802.0,9767.10284319466
2021-03-14 07:00:00,10048.0,9941.723750871703
2021-03-14 08:00:00,10178.0,10121.481795500566
2021-03-14 09:00:00,10273.0,10218.564051080084
2021-03-14 10:00:00,10258.0,10218.188914684979
2021-03-14 11:00:00,10154.0,10188.144639612396
2021-03-14 12:00:00,10091.0,10101.237914714739
2021-03-14 13:00:00,10096.0,10163.249410828477
2021-03-14 14:00:00,10133.0,10281.496299483795
2021-03-14 15:00:00,10274.0,10359.529504566346
2021-03-14 16:00:00,10595.0,10436.346205772019
2021-03-14 17:00:00,10143.5,10517.225810016247
2021-03-14 18:00:00,10605.0,10370.848571390357
2021-03-14 19:00:00,10167.0,10361.049973375946
2021-03-14 20:00:00,10405.0,10332.919299168476
2021-03-14 21:00:00,10321.0,10269.231479145428
2021-03-14 22:00:00,9982.0,9956.608622588523
2021-03-14 23:00:00,9759.0,9832.871566927592
2021-03-15 00:00:00,9650.0,9913.66046534155
2021-03-15 01:00:00,10481.5,9918.194930046839
2021-03-15 02:00:00,10576.5,10353.686011789518
2021-03-15 03:00:00,9999.0,10405.94431891038
2021-03-15 04:00:00,10558.0,10439.760197857624
2021-03-15 05:00:00,10825.0,10788.297937472347
2021-03-15 06:00:00,11066.0,10934.65164997001
2021-03-15 07:00:00,11134.0,10978.1687894158
2021-03-15 08:00:00,11187.0,10969.690044874309
2021-03-15 09:00:00,11116.0,11028.290733819902
2021-03-15 10:00:00,11128.0,10933.657861455898
2021-03-15 11:00:00,10988.0,10929.922519695469
2021-03-15 12:00:00,10950.0,10882.56504455549
2021-03-15 13:00:00,10876.0,10933.808287262296
2021-03-15 14:00:00,10826.0,10918.660210720089
2021-03-15 15:00:00,10826.0,10888.68718962337
2021-03-15 16:00:00,10932.0,11006.153132759631
2021-03-15 17:00:00,11262.0,11031.490667427552
2021-03-15 18:00:00,11092.0,11049.910203201118
2021-03-15 19:00:00,10707.0,10651.96644667455
2021-03-15 20:00:00,10783.0,10698.72982548143
2021-03-15 21:00:00,10611.0,10501.95344420236
2021-03-15 22:00:00,10234.0,10463.021951833634
2021-03-15 23:00:00,10851.0,10428.650104594812
2021-03-16 00:00:00,10851.0,10560.398565422061
2021-03-16 01:00:00,10826.0,10681.565498442638
2021-03-16 02:00:00,10804.5,10654.208909800376
2021-03-16 03:00:00,10110.0,10592.061706029082
2021-03-16 04:00:00,10642.0,10392.527352611358
2021-03-16 05:00:00,10958.0,10758.902981452578
2021-03-16 06:00:00,11127.0,11004.555342349813
2021-03-16 07:00:00,11177.0,10990.48965945806
2021-03-16 08:00:00,11164.0,10999.314137021425
2021-03-16 09:00:00,11165.0,11003.816414422998
2021-03-16 10:00:00,11040.0,10967.493060634133
2021-03-16 11:00:00,10899.0,10828.730030931925
2021-03-16 12:00:00,10779.0,10755.346532841104
2021-03-16 13:00:00,10685.0,10741.701436101843
2021-03-16 14:00:00,10692.0,10741.06532170765
2021-03-16 15:00:00,10777.0,10792.199052778842
2021-03-16 16:00:00,10952.0,10939.041710028217
2021-03-16 17:00:00,11394.0,11125.712179831999
2021-03-16 18:00:00,11226.0,11197.371915337906
2021-03-16 19:00:00,10747.0,10681.968918261919
2021-03-16 20:00:00,10770.0,10760.70992910117
2021-03-16 21:00:00,10601.0,10521.600777737993
2021-03-16 22:00:00,10222.0,10416.332098929635
2021-03-16 23:00:00,10773.5,10512.107914498436
2021-03-17 00:00:00,10773.5,10658.695016428166
2021-03-17 01:00:00,10773.5,10659.190780291781
2021-03-17 02:00:00,10779.0,10679.826082295198
2021-03-17 03:00:00,10795.0,10625.169848386617
2021-03-17 04:00:00,10690.0,10774.23578769788
2021-03-17 05:00:00,10924.0,11008.201521711952
2021-03-17 06:00:00,11027.0,10972.278825372216
2021-03-17 07:00:00,11048.0,11061.189687382737
2021-03-17 08:00:00,11074.0,11030.626659901878
2021-03-17 09:00:00,11075.0,11047.780470118387
2021-03-17 10:00:00,11039.0,10960.797426138308
2021-03-17 11:00:00,10865.0,10862.013127147067
2021-03-17 12:00:00,10809.0,10740.533998917306
2021-03-17 13:00:00,10781.0,10767.279142883102
2021-03-17 14:00:00,10848.0,10800.30245194554
2021-03-17 15:00:00,10906.0,10874.682960812685
2021-03-17 16:00:00,11215.0,11070.313611159858
2021-03-17 17:00:00,10885.5,11352.269960974478
2021-03-17 18:00:00,11336.0,10974.914669846516
2021-03-17 19:00:00,10861.0,10791.961041282348
2021-03-17 20:00:00,10940.0,10781.52033387719
2021-03-17 21:00:00,10768.0,10605.189184548924
2021-03-17 22:00:00,10421.0,10483.962094474018
2021-03-17 23:00:00,10227.0,10508.661570968272
2021-03-18 00:00:00,10175.0,10362.92574470042
2021-03-18 01:00:00,10091.0,10376.697545837831
2021-03-18 02:00:00,10226.0,10283.632597964539
2021-03-18 03:00:00,10499.0,10345.521474278743
2021-03-18 04:00:00,10933.0,10760.37241634795
2021-03-18 05:00:00,11183.0,11140.553389001696
2021-03-18 06:00:00,11289.0,11280.449230965625
2021-03-18 07:00:00,11427.0,11267.574661159893
2021-03-18 08:00:00,11379.0,11327.36438863592
2021-03-18 09:00:00,11256.0,11285.866550103805
2021-03-18 10:00:00,11109.0,11129.684448025651
2021-03-18 11:00:00,11006.0,10936.030648787171
2021-03-18 12:00:00,10843.0,10853.242847437992
2021-03-18 13:00:00,10801.0,10819.954648320083
2021-03-18 14:00:00,10843.0,10859.072175821886
2021-03-18 15:00:00,10970.0,10910.990393244292
2021-03-18 16:00:00,11201.0,11112.134309139301
2021-03-18 17:00:00,11724.0,11220.783359205705
2021-03-18 18:00:00,11619.0,11410.05177211755
2021-03-18 19:00:00,11180.0,11003.365351508723
2021-03-18 20:00:00,11207.0,11050.410046662753
2021-03-18 21:00:00,11072.0,10846.368768258346
2021-03-18 22:00:00,10702.0,10638.921933744024
2021-03-18 23:00:00,10480.0,10576.909698391715
2021-03-19 00:00:00,10439.0,10513.072594536872
2021-03-19 01:00:00,10486.0,10517.260495873337
2021-03-19 02:00:00,10633.0,10451.874213066856
2021-03-19 03:00:00,10992.0,10434.657083341383
2021-03-19 04:00:00,11522.0,10853.844407456621
2021-03-19 05:00:00,11829.0,11502.962396376246
2021-03-19 06:00:00,11951.0,11639.45476328907
2021-03-19 07:00:00,11830.0,11646.69590610473
2021-03-19 08:00:00,11615.0,11551.008126542089
2021-03-19 09:00:00,11496.0,11424.416110708096
2021-03-19 10:00:00,11308.0,11281.042861299713
2021-03-19 11:00:00,11188.0,11139.914533341049
2021-03-19 12:00:00,11079.0,11014.61026021918
2021-03-19 13:00:00,11094.0,10977.972313170028
2021-03-19 14:00:00,11185.0,11093.246686772643
2021-03-19 15:00:00,11290.0,11184.122693963416
2021-03-19 16:00:00,11437.0,11381.857762312979
2021-03-19 17:00:00,11944.0,11465.832917381838
2021-03-19 18:00:00,11736.0,11630.215918542543
2021-03-19 19:00:00,11367.0,11147.690279553924
2021-03-19 20:00:00,11461.0,11222.910238090066
2021-03-19 21:00:00,11273.0,11061.671386053213
2021-03-19 22:00:00,10910.0,10680.755182739586
2021-03-19 23:00:00,10637.0,10540.690573020682
2021-03-20 00:00:00,10430.0,10418.468176145627
2021-03-20 01:00:00,10352.0,10373.25428723392
2021-03-20 02:00:00,10853.5,10316.670511025726
2021-03-20 03:00:00,10373.0,10515.264467584018
2021-03-20 04:00:00,10348.0,10143.827030480194
2021-03-20 05:00:00,10385.0,10250.322913893306
2021-03-20 06:00:00,10657.0,10463.353285884286
2021-03-20 07:00:00,10829.0,10662.851079565551
2021-03-20 08:00:00,10926.0,10764.401169780374
2021-03-20 09:00:00,10946.0,10815.509656137003
2021-03-20 10:00:00,10878.0,10803.72980331681
2021-03-20 11:00:00,10805.0,10710.267053012867
2021-03-20 12:00:00,10735.0,10681.744138226455
2021-03-20 13:00:00,10705.0,10745.07459778296
2021-03-20 14:00:00,10811.0,10847.269786750214
2021-03-20 15:00:00,11053.0,10928.314277542517
2021-03-20 16:00:00,11336.0,11006.308162875433
2021-03-20 17:00:00,10681.0,11191.513255582682
2021-03-20 18:00:00,11081.0,10848.526560401626
2021-03-20 19:00:00,10490.0,10718.694735079025
2021-03-20 20:00:00,10590.0,10618.502496903322
2021-03-20 21:00:00,10334.0,10547.053242979991
2021-03-20 22:00:00,9886.0,10014.208059409151
2021-03-20 23:00:00,9587.0,9712.509088965711
2021-03-21 00:00:00,9398.0,9449.502399251873
2021-03-21 01:00:00,9326.0,9428.387811241902
2021-03-21 02:00:00,9329.0,9424.633012456268
2021-03-21 03:00:00,9389.0,9405.088564910955
2021-03-21 04:00:00,9344.0,9529.450613475683
2021-03-21 05:00:00,9405.0,9485.058335574195
2021-03-21 06:00:00,9576.0,9677.00919842483
2021-03-21 07:00:00,9793.0,9795.594441270323
2021-03-21 08:00:00,9969.0,9950.580087734495
2021-03-21 09:00:00,10009.0,10049.718946435385
2021-03-21 10:00:00,10009.0,9992.968031192433
2021-03-21 11:00:00,9886.0,9967.886520113549
2021-03-21 12:00:00,9853.0,9886.293736086922
2021-03-21 13:00:00,9912.0,9948.400795240545
2021-03-21 14:00:00,10053.0,10111.49779265853
2021-03-21 15:00:00,10205.0,10239.721474511278
2021-03-21 16:00:00,10442.0,10394.96357173015
2021-03-21 17:00:00,10009.0,10400.015391936111
2021-03-21 18:00:00,10807.0,10125.821388075596
2021-03-21 19:00:00,10418.0,10358.02162286509
2021-03-21 20:00:00,10644.0,10422.467987476186
2021-03-21 21:00:00,10544.0,10325.06928237319
2021-03-21 22:00:00,10175.0,10063.655157702833
2021-03-21 23:00:00,9958.0,9854.768706011466
2021-03-22 00:00:00,9819.0,9930.96217530766
2021-03-22 01:00:00,9793.0,9981.96802339747
2021-03-22 02:00:00,9959.0,9986.6774802194
2021-03-22 03:00:00,10335.0,10039.732826416519
2021-03-22 04:00:00,10857.0,10632.650208989922
2021-03-22 05:00:00,11188.0,11029.22115758554
2021-03-22 06:00:00,11305.0,11172.669298814848
2021-03-22 07:00:00,11175.0,11174.720859855266
2021-03-22 08:00:00,10937.0,11026.006948580045
2021-03-22 09:00:00,10850.0,10872.078870360758
2021-03-22 10:00:00,10692.0,10726.923338779985
2021-03-22 11:00:00,10435.0,10612.707037388995
2021-03-22 12:00:00,10342.0,10436.250221666265
2021-03-22 13:00:00,10314.0,10452.242103358725
2021-03-22 14:00:00,10248.0,10470.928422868179
2021-03-22 15:00:00,10305.0,10415.80271584202
2021-03-22 16:00:00,10520.0,10543.342570879302
2021-03-22 17:00:00,11014.0,10713.651787860537
2021-03-22 18:00:00,11005.0,10850.256450979357
2021-03-22 19:00:00,10613.0,10575.539868536312
2021-03-22 20:00:00,10765.0,10573.916563337576
2021-03-22 21:00:00,10606.0,10448.06046205054
2021-03-22 22:00:00,10226.0,10375.696654615149
2021-03-22 23:00:00,9985.0,10363.210322078585
2021-03-23 00:00:00,9841.0,10076.996523983147
2021-03-23 01:00:00,9734.0,10013.103492758935
2021-03-23 02:00:00,9774.0,9992.119754139281
2021-03-23 03:00:00,10038.0,10003.449063007649
2021-03-23 04:00:00,10488.0,10258.678161525953
2021-03-23 05:00:00,10699.0,10657.620038950921
2021-03-23 06:00:00,10880.0,10812.161242488515
2021-03-23 07:00:00,10797.0,10793.309956813535
2021-03-23 08:00:00,10696.0,10644.496099148742
2021-03-23 09:00:00,10570.0,10609.4286396468
2021-03-23 10:00:00,10402.0,10446.783351136957
2021-03-23 11:00:00,10209.0,10272.680026598497
2021-03-23 12:00:00,10065.0,10148.186572715587
2021-03-23 13:00:00,10034.0,10121.996245499844
2021-03-23 14:00:00,9989.0,10097.340398831835
2021-03-23 15:00:00,9996.0,10122.129520950215
2021-03-23 16:00:00,10084.0,10230.741977217922
2021-03-23 17:00:00,10650.0,10355.163220178463
2021-03-23 18:00:00,10516.0,10627.27797696146
2021-03-23 19:00:00,10039.0,10245.5095214621
2021-03-23 20:00:00,10053.0,10145.955308524604
2021-03-23 21:00:00,9854.0,9985.716059440205
2021-03-23 22:00:00,10046.0,9852.3203862156
2021-03-23 23:00:00,10046.0,9898.634281510156
2021-03-24 00:00:00,10046.0,9911.736197291
2021-03-24 01:00:00,10046.0,9921.311427878742
2021-03-24 02:00:00,10068.5,9923.285180450328
2021-03-24 03:00:00,10119.0,9969.253464809626
2021-03-24 04:00:00,10156.5,10228.301209023142
2021-03-24 05:00:00,10186.0,10325.681705860286
2021-03-24 06:00:00,10250.0,10339.869027126359
2021-03-24 07:00:00,10214.0,10257.648181665007
2021-03-24 08:00:00,10208.0,10229.766574674028
2021-03-24 09:00:00,10264.0,10211.843886108973
2021-03-24 10:00:00,10238.0,10162.95940851611
2021-03-24 11:00:00,10154.0,10110.862240480636
2021-03-24 12:00:00,10159.0,10020.932136663378
2021-03-24 13:00:00,10233.0,10066.57895729862
2021-03-24 14:00:00,10251.0,10176.931632311445
2021-03-24 15:00:00,10363.0,10210.52630306222
2021-03-24 16:00:00,10477.0,10410.917926834405
2021-03-24 17:00:00,10211.0,10494.10144425455
2021-03-24 18:00:00,10222.0,10258.306348298924
2021-03-24 19:00:00,10230.0,9990.25354763442
2021-03-24 20:00:00,10278.0,10081.696531784095
2021-03-24 21:00:00,10009.0,9979.828925885948
2021-03-24 22:00:00,9601.0,9782.161032432927
2021-03-24 23:00:00,9310.0,9725.294439619283
2021-03-25 00:00:00,10231.5,9611.763435354591
2021-03-25 01:00:00,10231.5,10089.801625106391
2021-03-25 02:00:00,10195.5,10112.065367394958
2021-03-25 03:00:00,9496.0,10045.863288154378
2021-03-25 04:00:00,10013.0,9937.345974027936
2021-03-25 05:00:00,10384.0,10215.31512403817
2021-03-25 06:00:00,10563.0,10436.548012729883
2021-03-25 07:00:00,10551.0,10484.88118102338
2021-03-25 08:00:00,10392.0,10447.762707997135
2021-03-25 09:00:00,10292.0,10323.443787627128
2021-03-25 10:00:00,10161.0,10224.112838135463
2021-03-25 11:00:00,9958.0,10077.979133670018
2021-03-25 12:00:00,9870.0,9978.777135981552
2021-03-25 13:00:00,9816.0,9992.060165858491
2021-03-25 14:00:00,9828.0,10018.106191848303
2021-03-25 15:00:00,9911.0,10040.402801509452
2021-03-25 16:00:00,10025.0,10201.277615212784
2021-03-25 17:00:00,10534.0,10174.629452734767
2021-03-25 18:00:00,10555.0,10398.493591663999
2021-03-25 19:00:00,10144.0,10307.880926343747
2021-03-25 20:00:00,10249.0,10187.426623967389
2021-03-25 21:00:00,10071.0,10028.679676250036
2021-03-25 22:00:00,9626.0,9827.094326596663
2021-03-25 23:00:00,9326.0,9650.88877779259
2021-03-26 00:00:00,9151.0,9569.229477005341
2021-03-26 01:00:00,9206.0,9520.479749282624
2021-03-26 02:00:00,9335.0,9509.857486985773
2021-03-26 03:00:00,9647.0,9581.539614626206
2021-03-26 04:00:00,10144.0,9998.640966598898
2021-03-26 05:00:00,10508.0,10337.448595571848
2021-03-26 06:00:00,10682.0,10607.086832410403
2021-03-26 07:00:00,10705.0,10590.667203883155
2021-03-26 08:00:00,10560.0,10551.834203783672
2021-03-26 09:00:00,10462.0,10458.891276504719
2021-03-26 10:00:00,10246.0,10297.634576681652
2021-03-26 11:00:00,10007.0,10104.002721002827
2021-03-26 12:00:00,9867.0,9953.086767289245
2021-03-26 13:00:00,9817.0,9930.449723942573
2021-03-26 14:00:00,9893.0,9974.556345711726
2021-03-26 15:00:00,9971.0,10053.507971662
2021-03-26 16:00:00,10138.0,10138.955663625606
2021-03-26 17:00:00,10586.0,10352.313002848456
2021-03-26 18:00:00,10444.0,10454.559703546609
2021-03-26 19:00:00,9997.0,10194.921984560362
2021-03-26 20:00:00,10011.0,10109.90191102089
2021-03-26 21:00:00,9773.0,9870.088324883707
2021-03-26 22:00:00,9322.0,9524.297454823645
2021-03-26 23:00:00,9592.0,9370.978059313544
2021-03-27 00:00:00,9578.0,9521.099957406755
2021-03-27 01:00:00,9531.0,9533.923741836794
2021-03-27 02:00:00,9462.5,9485.215028477183
2021-03-27 03:00:00,9462.5,9468.36433018029
2021-03-27 04:00:00,9011.0,9549.130853472321
2021-03-27 05:00:00,9146.0,9239.456116531725
2021-03-27 06:00:00,9426.0,9453.637940570055
2021-03-27 07:00:00,9578.0,9627.023713675215
2021-03-27 08:00:00,9606.0,9684.233706661355
2021-03-27 09:00:00,9578.0,9680.565169662883
2021-03-27 10:00:00,9484.0,9597.327421426951
2021-03-27 11:00:00,9441.0,9511.475201995905
2021-03-27 12:00:00,9374.0,9492.216513481428
2021-03-27 13:00:00,9352.0,9533.561886935917
2021-03-27 14:00:00,9501.0,9586.485151211815
2021-03-27 15:00:00,9775.0,9741.597482791543
2021-03-27 16:00:00,10087.0,9979.66261997994
2021-03-27 17:00:00,9462.5,10105.20997105651
2021-03-27 18:00:00,10098.0,9711.051151377756
2021-03-27 19:00:00,9563.0,9942.6340964019
2021-03-27 20:00:00,9635.0,9675.13683358329
2021-03-27 21:00:00,9506.0,9520.710908470948
2021-03-27 22:00:00,9090.0,9162.540854207986
2021-03-27 23:00:00,8764.0,9025.125321547654
2021-03-28 00:00:00,9348.0,8842.718045334965
2021-03-28 01:00:00,9305.0,9276.010130181634
2021-03-28 02:00:00,8581.0,9291.301154400413
2021-03-28 03:00:00,8676.0,8828.026338947551
2021-03-28 04:00:00,9246.5,8841.961753555299
2021-03-28 05:00:00,8751.0,9337.338392306916
2021-03-28 06:00:00,9030.0,9080.633452955244
2021-03-28 07:00:00,9227.0,9274.800658258424
2021-03-28 08:00:00,9344.0,9411.804394278755
2021-03-28 09:00:00,9379.0,9461.11419108131
2021-03-28 10:00:00,9395.0,9402.7074305421
2021-03-28 11:00:00,9266.0,9395.00263539514
2021-03-28 12:00:00,9156.0,9316.944236176185
2021-03-28 13:00:00,9184.0,9302.936566201048
2021-03-28 14:00:00,9323.0,9436.286184104545
2021-03-28 15:00:00,9462.0,9617.926870035464
2021-03-28 16:00:00,9651.0,9703.22790995517
2021-03-28 17:00:00,9953.0,9742.311957305052
2021-03-28 18:00:00,9735.0,9941.127910901017
2021-03-28 19:00:00,9853.0,9756.175974167416
2021-03-28 20:00:00,9708.0,9816.415336066595
2021-03-28 21:00:00,9373.0,9506.69432753006
2021-03-28 22:00:00,9052.0,9178.120489613146
2021-03-28 23:00:00,8948.0,8973.785406649016
2021-03-29 00:00:00,8843.0,9179.01924477502
2021-03-29 01:00:00,8908.0,9168.390083419712
2021-03-29 02:00:00,9218.0,9195.955019667172
2021-03-29 03:00:00,9973.0,9540.424578691987
2021-03-29 04:00:00,10277.0,10209.010962894872
2021-03-29 05:00:00,10620.0,10404.873207523022
2021-03-29 06:00:00,10732.0,10616.14435471954
2021-03-29 07:00:00,10810.0,10604.60225266323
2021-03-29 08:00:00,10878.0,10631.322712343466
2021-03-29 09:00:00,10831.0,10704.943324924185
2021-03-29 10:00:00,10695.0,10596.656946568202
2021-03-29 11:00:00,10574.0,10505.159887727179
2021-03-29 12:00:00,10511.0,10438.444632698254
2021-03-29 13:00:00,10435.0,10433.85660565124
2021-03-29 14:00:00,10452.0,10427.259840932751
2021-03-29 15:00:00,10455.0,10459.596027582424
2021-03-29 16:00:00,10513.0,10533.035651215367
2021-03-29 17:00:00,10674.0,10592.679014440366
2021-03-29 18:00:00,10268.0,10470.196874870962
2021-03-29 19:00:00,10279.0,10159.459135136753
2021-03-29 20:00:00,10113.0,10181.477670651566
2021-03-29 21:00:00,9659.0,9904.220210286707
2021-03-29 22:00:00,10392.5,9939.371143686953
2021-03-29 23:00:00,10314.5,10247.227920402882
2021-03-30 00:00:00,10273.5,10205.853299422359
2021-03-30 01:00:00,10237.0,10169.003715699124
2021-03-30 02:00:00,10183.5,10121.992935803371
2021-03-30 03:00:00,9916.0,10106.394672107785
2021-03-30 04:00:00,10206.0,10180.001781290297
2021-03-30 05:00:00,10465.0,10390.40381714328
2021-03-30 06:00:00,10509.0,10558.55139865379
2021-03-30 07:00:00,10463.0,10498.33124045923
2021-03-30 08:00:00,10440.0,10407.93465394243
2021-03-30 09:00:00,10350.0,10402.224230104583
2021-03-30 10:00:00,10161.0,10313.345599555976
2021-03-30 11:00:00,10021.0,10129.18562275983
2021-03-30 12:00:00,9934.0,10046.196980542518
2021-03-30 13:00:00,9901.0,10050.730825521994
2021-03-30 14:00:00,9936.0,10093.59821880134
2021-03-30 15:00:00,9987.0,10101.481475635277
2021-03-30 16:00:00,10093.0,10208.375799645512
2021-03-30 17:00:00,10352.0,10262.615856103213
2021-03-30 18:00:00,10144.0,10201.183615311147
2021-03-30 19:00:00,10107.0,10022.876941478647
2021-03-30 20:00:00,9894.0,9984.422856968175
2021-03-30 21:00:00,9443.0,9608.8885461326
2021-03-30 22:00:00,10004.0,9641.4655003865
2021-03-30 23:00:00,9966.5,9989.165228124148
2021-03-31 00:00:00,9941.0,9982.765959257827
2021-03-31 01:00:00,9941.0,9973.890119080295
2021-03-31 02:00:00,9270.0,9933.321725917473
2021-03-31 03:00:00,9946.0,9703.878648279227
2021-03-31 04:00:00,10230.0,10108.884455816193
2021-03-31 05:00:00,10372.0,10326.960349475263
2021-03-31 06:00:00,10473.0,10417.170396446245
2021-03-31 07:00:00,10332.0,10387.230551939812
2021-03-31 08:00:00,10179.0,10284.671344158953
2021-03-31 09:00:00,10031.0,10173.182712648746
2021-03-31 10:00:00,9837.0,9983.896623220762
2021-03-31 11:00:00,9690.0,9820.950194724235
2021-03-31 12:00:00,9659.0,9755.155057969176
2021-03-31 13:00:00,9682.0,9764.793142318811
2021-03-31 14:00:00,9760.0,9861.21418190323
2021-03-31 15:00:00,9873.0,9914.977450742424
2021-03-31 16:00:00,10076.0,10050.762619304744
2021-03-31 17:00:00,10318.0,10196.865092174905
2021-03-31 18:00:00,10123.0,10161.223103718547
2021-03-31 19:00:00,10108.0,10009.638578038364
2021-03-31 20:00:00,9869.0,9956.54278124242
2021-03-31 21:00:00,9476.0,9601.043151343383
2021-03-31 22:00:00,9871.0,9661.211017206155
2021-03-31 23:00:00,9883.5,9877.685993195064
2021-04-01 00:00:00,9883.5,9848.797393016877
2021-04-01 01:00:00,9883.5,9863.437990514596
2021-04-01 02:00:00,9433.0,9717.278107897306
2021-04-01 03:00:00,10003.0,9701.430270444482
2021-04-01 04:00:00,10233.0,10140.071502939958
2021-04-01 05:00:00,10472.0,10336.447052659598
2021-04-01 06:00:00,10498.0,10500.867994594959
2021-04-01 07:00:00,10334.0,10434.722076550463
2021-04-01 08:00:00,10087.0,10294.121477184483
2021-04-01 09:00:00,10052.0,10078.544073993153
2021-04-01 10:00:00,9894.0,9980.704054681391
2021-04-01 11:00:00,9781.0,9857.334498225844
2021-04-01 12:00:00,9724.0,9780.305246703956
2021-04-01 13:00:00,9708.0,9808.612425336321
2021-04-01 14:00:00,9766.0,9847.111895586935
2021-04-01 15:00:00,9862.0,9933.077746823781
2021-04-01 16:00:00,9983.0,10023.723935852047
2021-04-01 17:00:00,10224.0,10168.81122131051
2021-04-01 18:00:00,10049.0,10119.08656880137
2021-04-01 19:00:00,10077.0,9999.019769822164
2021-04-01 20:00:00,9934.0,9982.896060898289
2021-04-01 21:00:00,9478.0,9607.80621684661
2021-04-01 22:00:00,9097.0,9519.791987680195
2021-04-01 23:00:00,9638.0,9356.28580351903
2021-04-02 00:00:00,9569.5,9663.638923643703
2021-04-02 01:00:00,9518.0,9624.375942774172
2021-04-02 02:00:00,9048.0,9540.130674537764
2021-04-02 03:00:00,9187.0,9397.446284486145
2021-04-02 04:00:00,9189.0,9689.163238150682
2021-04-02 05:00:00,9424.0,9630.870674880774
2021-04-02 06:00:00,9588.0,9719.245841355883
2021-04-02 07:00:00,9692.0,9721.63256379009
2021-04-02 08:00:00,9688.0,9767.137574137994
2021-04-02 09:00:00,9551.0,9745.571214133986
2021-04-02 10:00:00,9359.0,9561.612980321313
2021-04-02 11:00:00,9367.0,9422.094699972993
2021-04-02 12:00:00,9485.0,9437.681980577276
2021-04-02 13:00:00,9501.0,9532.465807233899
2021-04-02 14:00:00,9549.0,9640.980542705045
2021-04-02 15:00:00,9644.0,9673.714969424711
2021-04-02 16:00:00,9797.0,9792.660264147777
2021-04-02 17:00:00,9963.0,9894.754603476566
2021-04-02 18:00:00,9892.0,9849.94760253844
2021-04-02 19:00:00,9989.0,9824.421167465622
2021-04-02 20:00:00,9824.0,9840.540885411236
2021-04-02 21:00:00,9453.0,9430.150033666965
2021-04-02 22:00:00,9132.0,9122.9299276002
2021-04-02 23:00:00,8930.0,9124.133907942536
2021-04-03 00:00:00,8888.0,9008.77524740448
2021-04-03 01:00:00,8961.0,9015.825306482617
2021-04-03 02:00:00,9058.0,9006.104980686627
2021-04-03 03:00:00,9142.0,9091.655892959152
2021-04-03 04:00:00,9174.0,9155.190536267755
2021-04-03 05:00:00,9410.0,9233.748402818717
2021-04-03 06:00:00,9563.0,9540.74644255145
2021-04-03 07:00:00,9588.0,9614.189857995243
2021-04-03 08:00:00,9519.0,9606.392753076318
2021-04-03 09:00:00,9377.0,9565.776777717923
2021-04-03 10:00:00,9264.0,9376.160707561598
2021-04-03 11:00:00,9256.0,9293.18148358987
2021-04-03 12:00:00,9254.0,9330.641059277945
2021-04-03 13:00:00,9392.0,9393.273186371665
2021-04-03 14:00:00,9605.0,9593.65306656459
2021-04-03 15:00:00,9843.0,9740.20059678536
2021-04-03 16:00:00,9968.0,9918.29984001295
2021-04-03 17:00:00,10026.0,9951.19197248575
2021-04-03 18:00:00,9899.0,9835.890932915527
2021-04-03 19:00:00,9928.0,9821.453983297431
2021-04-03 20:00:00,9741.0,9788.129071792075
2021-04-03 21:00:00,9371.0,9455.985796648181
2021-04-03 22:00:00,9030.0,9105.354779012529
2021-04-03 23:00:00,8834.0,8852.708560925532
2021-04-04 00:00:00,8741.0,8805.49415684281
2021-04-04 01:00:00,8733.0,8814.329947958937
2021-04-04 02:00:00,8791.0,8766.225091828292
2021-04-04 03:00:00,8810.0,8822.244624152003
2021-04-04 04:00:00,8765.0,8957.964832594933
2021-04-04 05:00:00,8960.0,8937.06371396274
2021-04-04 06:00:00,9136.0,9207.482169671102
2021-04-04 07:00:00,9177.0,9333.995528025922
2021-04-04 08:00:00,9183.0,9342.018044058881
2021-04-04 09:00:00,9122.0,9300.113716254813
2021-04-04 10:00:00,9010.0,9205.159022444495
2021-04-04 11:00:00,8929.0,9066.622600390056
2021-04-04 12:00:00,8849.0,9038.464387927266
2021-04-04 13:00:00,8876.0,9047.496932660702
2021-04-04 14:00:00,9036.0,9155.413071936875
2021-04-04 15:00:00,9139.0,9313.372088795039
2021-04-04 16:00:00,9262.0,9414.547484889765
2021-04-04 17:00:00,9458.0,9459.412477631033
2021-04-04 18:00:00,9409.0,9566.495550021302
2021-04-04 19:00:00,9538.0,9598.993685987647
2021-04-04 20:00:00,9472.0,9618.044580487369
2021-04-04 21:00:00,9094.0,9285.303624312162
2021-04-04 22:00:00,8789.0,8918.117827095772
2021-04-04 23:00:00,8589.0,8784.020331628642
2021-04-05 00:00:00,8498.0,8808.640381301286
2021-04-05 01:00:00,8594.0,8818.82218825367
2021-04-05 02:00:00,8807.0,8866.103877750498
2021-04-05 03:00:00,8919.0,9179.573621487016
2021-04-05 04:00:00,8928.0,9343.37772026026
2021-04-05 05:00:00,9172.0,9317.073483779881
2021-04-05 06:00:00,9418.0,9466.230259835063
2021-04-05 07:00:00,9616.0,9533.061556227478
2021-04-05 08:00:00,9724.0,9661.63295701666
2021-04-05 09:00:00,9761.0,9789.215924067348
2021-04-05 10:00:00,9702.0,9733.171954271134
2021-04-05 11:00:00,9683.0,9648.137288044665
2021-04-05 12:00:00,9680.0,9664.452930001597
2021-04-05 13:00:00,9793.0,9694.618034773635
2021-04-05 14:00:00,9904.0,9839.114805455254
2021-04-05 15:00:00,9998.0,9957.26598833057
2021-04-05 16:00:00,10158.0,10070.067490412024
2021-04-05 17:00:00,10181.0,10152.726371156383
2021-04-05 18:00:00,9975.0,10022.261673416164
2021-04-05 19:00:00,10091.0,9870.557496557805
2021-04-05 20:00:00,10014.0,9925.336102471054
2021-04-05 21:00:00,9623.0,9701.354905988681
2021-04-05 22:00:00,9409.0,9545.717713666912
2021-04-05 23:00:00,9228.0,9440.532496063162
2021-04-06 00:00:00,9169.0,9335.48968630281
2021-04-06 01:00:00,9328.0,9307.22481756555
2021-04-06 02:00:00,9603.0,9351.834108283449
2021-04-06 03:00:00,10099.0,9538.805020728454
2021-04-06 04:00:00,10429.0,10042.211429514537
2021-04-06 05:00:00,10827.0,10358.960976754239
2021-04-06 06:00:00,10880.0,10659.160504413352
2021-04-06 07:00:00,10753.0,10635.487747718913
2021-04-06 08:00:00,10711.0,10534.254330418265
2021-04-06 09:00:00,10680.0,10543.661134322581
2021-04-06 10:00:00,10459.0,10447.25915450383
2021-04-06 11:00:00,10374.0,10287.142191518764
2021-04-06 12:00:00,10335.0,10229.366402035741
2021-04-06 13:00:00,10442.0,10282.676820277953
2021-04-06 14:00:00,10456.0,10431.448447614084
2021-04-06 15:00:00,10469.0,10482.646824489178
2021-04-06 16:00:00,10536.0,10525.206067383539
2021-04-06 17:00:00,10606.0,10553.456697387084
2021-04-06 18:00:00,10425.0,10347.709900449157
2021-04-06 19:00:00,10361.0,10227.07579603927
2021-04-06 20:00:00,10140.0,10183.506439328728
2021-04-06 21:00:00,9787.0,9900.848998930209
2021-04-06 22:00:00,10399.5,9732.537153992751
2021-04-06 23:00:00,10371.0,10216.815471378992
2021-04-07 00:00:00,10364.5,10215.79428900285
2021-04-07 01:00:00,10364.5,10225.8692307096
2021-04-07 02:00:00,10295.0,10182.839647877589
2021-04-07 03:00:00,10042.0,10159.499433368737
2021-04-07 04:00:00,10368.0,10232.698170686355
2021-04-07 05:00:00,10609.0,10507.797557288253
2021-04-07 06:00:00,10678.0,10666.703989824926
2021-04-07 07:00:00,10581.0,10586.550624699163
2021-04-07 08:00:00,10507.0,10523.042865416493
2021-04-07 09:00:00,10444.0,10465.30066397322
2021-04-07 10:00:00,10229.0,10317.993006250714
2021-04-07 11:00:00,10045.0,10154.018412108764
2021-04-07 12:00:00,9958.0,10054.864760443412
2021-04-07 13:00:00,9944.0,10057.796068166099
2021-04-07 14:00:00,10049.0,10120.576639882514
2021-04-07 15:00:00,10113.0,10207.299158196687
2021-04-07 16:00:00,10138.0,10301.797278542497
2021-04-07 17:00:00,10210.0,10280.99335051276
2021-04-07 18:00:00,10155.0,10170.477143696842
2021-04-07 19:00:00,10145.0,10099.078850049827
2021-04-07 20:00:00,10022.0,10007.157325788958
2021-04-07 21:00:00,9686.0,9727.002941647095
2021-04-07 22:00:00,10106.0,9776.709531831539
2021-04-07 23:00:00,10074.0,10041.761296906869
2021-04-08 00:00:00,10074.0,10056.565142228388
2021-04-08 01:00:00,10074.0,10090.121932900152
2021-04-08 02:00:00,10074.0,10035.07773893562
2021-04-08 03:00:00,10099.0,9948.358123934224
2021-04-08 04:00:00,10418.0,10212.281230913995
2021-04-08 05:00:00,9977.5,10497.835635942862
2021-04-08 06:00:00,10473.0,10172.00967223323
2021-04-08 07:00:00,10303.0,10403.118663254389
2021-04-08 08:00:00,10192.0,10271.237868641147
2021-04-08 09:00:00,10120.0,10186.002730047245
2021-04-08 10:00:00,9972.0,10053.546449980835
2021-04-08 11:00:00,9874.0,9892.861722340898
2021-04-08 12:00:00,9800.0,9849.634344988843
2021-04-08 13:00:00,9767.0,9855.905915856258
2021-04-08 14:00:00,9802.0,9926.35186525519
2021-04-08 15:00:00,9871.0,9970.501613781873
2021-04-08 16:00:00,9983.0,10070.072270328053
2021-04-08 17:00:00,10122.0,10130.089585807198
2021-04-08 18:00:00,10150.0,10045.626320145953
2021-04-08 19:00:00,10127.0,10033.2809978129
2021-04-08 20:00:00,9941.0,9993.722377711416
2021-04-08 21:00:00,9610.0,9634.681458387555
2021-04-08 22:00:00,9956.5,9625.773332171346
2021-04-08 23:00:00,9962.0,9908.921938718147
2021-04-09 00:00:00,10052.5,9916.862874152395
2021-04-09 01:00:00,10124.5,9985.936290873686
2021-04-09 02:00:00,9631.0,10009.166733104958
2021-04-09 03:00:00,10127.0,9770.12675261408
2021-04-09 04:00:00,10416.0,10192.41166423116
2021-04-09 05:00:00,10680.0,10434.06833981433
2021-04-09 06:00:00,10801.0,10621.346665468924
2021-04-09 07:00:00,10901.0,10634.857524830537
2021-04-09 08:00:00,10976.0,10682.419483294289
2021-04-09 09:00:00,10946.0,10774.49310545905
2021-04-09 10:00:00,10904.0,10703.350088725516
2021-04-09 11:00:00,10767.0,10629.503521019647
2021-04-09 12:00:00,10721.0,10549.761384423524
2021-04-09 13:00:00,10726.0,10609.423019574338
2021-04-09 14:00:00,10845.0,10691.523879148408
2021-04-09 15:00:00,10853.0,10775.396227988143
2021-04-09 16:00:00,10837.0,10809.154656039196
2021-04-09 17:00:00,10745.0,10742.7786708928
2021-04-09 18:00:00,10434.0,10462.592362817279
2021-04-09 19:00:00,10360.0,10212.923100052247
2021-04-09 20:00:00,10035.0,10218.581373924168
2021-04-09 21:00:00,9599.0,9807.64694834436
2021-04-09 22:00:00,9798.0,9607.875485642917
2021-04-09 23:00:00,9783.5,9753.822568128677
2021-04-10 00:00:00,9724.0,9698.655003976131
2021-04-10 01:00:00,9672.5,9722.115280380798
2021-04-10 02:00:00,9672.5,9600.313823329305
2021-04-10 03:00:00,9672.5,9586.494219189386
2021-04-10 04:00:00,9672.5,9617.657636387987
2021-04-10 05:00:00,9522.0,9639.646223837575
2021-04-10 06:00:00,9676.0,9720.044292476401
2021-04-10 07:00:00,9772.0,9791.597284789104
2021-04-10 08:00:00,9795.0,9854.594488129791
2021-04-10 09:00:00,9801.0,9835.125689152985
2021-04-10 10:00:00,9636.0,9766.51884762537
2021-04-10 11:00:00,9605.0,9659.357282274355
2021-04-10 12:00:00,9669.0,9649.494503439555
2021-04-10 13:00:00,9686.0,9796.58238377023
2021-04-10 14:00:00,9870.0,9887.748454444838
2021-04-10 15:00:00,10115.0,10056.675461970322
2021-04-10 16:00:00,9672.5,10197.843392250728
2021-04-10 17:00:00,9672.5,9894.605915122891
2021-04-10 18:00:00,9672.5,9803.33322815564
2021-04-10 19:00:00,9652.5,9810.336688658695
2021-04-10 20:00:00,9860.0,9734.268196408035
2021-04-10 21:00:00,9423.0,9524.488596693876
2021-04-10 22:00:00,9008.0,9269.752920189512
2021-04-10 23:00:00,8778.0,8931.52722330828
2021-04-11 00:00:00,8712.0,8841.635844412282
2021-04-11 01:00:00,8758.0,8844.29600249572
2021-04-11 02:00:00,8905.0,8875.907537212477
2021-04-11 03:00:00,8839.0,8946.999671034146
2021-04-11 04:00:00,8861.0,8955.527560626428
2021-04-11 05:00:00,8991.0,9028.379975485026
2021-04-11 06:00:00,9068.0,9234.004111725519
2021-04-11 07:00:00,9073.0,9314.315296110859
2021-04-11 08:00:00,9008.0,9293.031461938139
2021-04-11 09:00:00,8954.0,9161.813494766902
2021-04-11 10:00:00,8834.0,9069.496570363337
2021-04-11 11:00:00,8756.0,8974.908438186914
2021-04-11 12:00:00,8730.0,8909.843383341802
2021-04-11 13:00:00,8715.0,8946.99082023091
2021-04-11 14:00:00,8816.0,9029.540316870069
2021-04-11 15:00:00,9017.0,9144.883698937523
2021-04-11 16:00:00,9168.0,9248.529988263192
2021-04-11 17:00:00,9264.0,9373.85695220521
2021-04-11 18:00:00,9260.0,9395.396871917012
2021-04-11 19:00:00,9371.0,9466.334418850749
2021-04-11 20:00:00,9242.0,9545.896640930294
2021-04-11 21:00:00,8909.0,9153.911305866617
2021-04-11 22:00:00,8571.0,8778.3584031445
2021-04-11 23:00:00,8414.0,8621.506726799842
2021-04-12 00:00:00,8414.0,8694.125241116613
2021-04-12 01:00:00,8552.0,8738.241061031915
2021-04-12 02:00:00,8895.0,8807.072408966163
2021-04-12 03:00:00,9409.0,9271.449904103192
2021-04-12 04:00:00,9857.0,9717.050216956326
2021-04-12 05:00:00,10060.0,10004.513214308336
2021-04-12 06:00:00,10047.0,10111.244947257353
2021-04-12 07:00:00,10001.0,9993.825078763877
2021-04-12 08:00:00,9986.0,9976.222477017285
2021-04-12 09:00:00,9936.0,9984.960759484582
2021-04-12 10:00:00,9723.0,9870.65699889707
2021-04-12 11:00:00,9637.0,9759.58045689918
2021-04-12 12:00:00,9581.0,9656.2989452673
2021-04-12 13:00:00,9514.0,9648.574734908498
2021-04-12 14:00:00,9480.0,9689.421836255582
2021-04-12 15:00:00,9471.0,9653.768095588523
2021-04-12 16:00:00,9491.0,9683.734487333531
2021-04-12 17:00:00,9485.0,9684.519675694279
2021-04-12 18:00:00,9418.0,9525.796372473735
2021-04-12 19:00:00,9423.0,9526.691832291901
2021-04-12 20:00:00,9265.0,9456.33470142493
2021-04-12 21:00:00,8851.0,9178.162923913367
2021-04-12 22:00:00,9482.5,9078.18540614275
2021-04-12 23:00:00,9482.5,9429.182706624015
2021-04-13 00:00:00,9475.5,9408.624628310095
2021-04-13 01:00:00,9468.5,9428.119957883851
2021-04-13 02:00:00,9444.5,9459.544140088492
2021-04-13 03:00:00,9172.0,9499.794870738646
2021-04-13 04:00:00,9562.0,9582.053160906155
2021-04-13 05:00:00,9854.0,9746.065260994434
2021-04-13 06:00:00,9942.0,9921.183644829938
2021-04-13 07:00:00,9936.0,9915.682264820362
2021-04-13 08:00:00,9880.0,9901.595455444934
2021-04-13 09:00:00,9809.0,9847.162008878911
2021-04-13 10:00:00,9611.0,9753.792328403166
2021-04-13 11:00:00,9466.0,9582.316866718875
2021-04-13 12:00:00,9397.0,9487.741932252422
2021-04-13 13:00:00,9379.0,9466.283731344558
2021-04-13 14:00:00,9397.0,9537.311028783235
2021-04-13 15:00:00,9471.0,9544.672484752045
2021-04-13 16:00:00,9632.0,9615.665338435552
2021-04-13 17:00:00,9625.0,9700.401434013922
2021-04-13 18:00:00,9600.0,9546.415224615208
2021-04-13 19:00:00,9574.0,9553.953929748945
2021-04-13 20:00:00,9376.0,9454.996847583638
2021-04-13 21:00:00,9001.0,9219.609775200852
2021-04-13 22:00:00,9468.5,9110.542897505426
2021-04-13 23:00:00,9468.5,9417.733674038276
2021-04-14 00:00:00,9442.5,9463.418077255064
2021-04-14 01:00:00,9442.5,9449.408589201787
2021-04-14 02:00:00,8905.0,9434.551976885148
2021-04-14 03:00:00,9414.0,9258.812733980556
2021-04-14 04:00:00,9811.0,9646.362686299457
2021-04-14 05:00:00,10050.0,9908.868156581953
2021-04-14 06:00:00,9396.0,10052.175963511027
2021-04-14 07:00:00,10019.0,9571.722703765188
2021-04-14 08:00:00,9788.0,9913.773967521487
2021-04-14 09:00:00,9702.0,9763.130376382582
2021-04-14 10:00:00,9508.0,9653.630252561741
2021-04-14 11:00:00,9378.0,9492.04483588512
2021-04-14 12:00:00,9278.0,9399.413701456859
2021-04-14 13:00:00,9258.0,9370.801279542176
2021-04-14 14:00:00,9272.0,9413.115977038135
2021-04-14 15:00:00,9372.0,9444.297911857664
2021-04-14 16:00:00,9499.0,9578.526605258608
2021-04-14 17:00:00,9526.0,9641.432241453072
2021-04-14 18:00:00,9495.0,9523.760565822668
2021-04-14 19:00:00,9551.0,9521.982048930848
2021-04-14 20:00:00,9451.0,9421.966362039884
2021-04-14 21:00:00,9077.0,9213.949181276803
2021-04-14 22:00:00,9471.5,9176.227670655142
2021-04-14 23:00:00,9414.5,9392.830908995064
2021-04-15 00:00:00,9411.5,9403.480567533312
2021-04-15 01:00:00,9411.5,9425.911022572584
2021-04-15 02:00:00,9100.0,9350.93988684919
2021-04-15 03:00:00,9565.0,9287.869007675006
2021-04-15 04:00:00,9900.0,9742.833178805531
2021-04-15 05:00:00,9332.5,9990.913027392526
2021-04-15 06:00:00,9775.0,9541.642322373127
2021-04-15 07:00:00,9663.0,9828.95503981614
2021-04-15 08:00:00,9575.0,9721.394963257992
2021-04-15 09:00:00,9492.0,9602.716362502922
2021-04-15 10:00:00,9363.0,9485.116022162363
2021-04-15 11:00:00,9289.0,9367.177376378757
2021-04-15 12:00:00,9182.0,9351.44005342828
2021-04-15 13:00:00,9108.0,9294.95609109964
2021-04-15 14:00:00,9125.0,9321.017251816167
2021-04-15 15:00:00,9145.0,9340.125383576766
2021-04-15 16:00:00,9302.0,9409.719197631941
2021-04-15 17:00:00,9340.0,9489.344663056785
2021-04-15 18:00:00,9391.0,9391.224172002898
2021-04-15 19:00:00,9508.0,9479.822395351272
2021-04-15 20:00:00,9369.0,9444.053755263963
2021-04-15 21:00:00,9009.0,9189.99443736105
2021-04-15 22:00:00,8710.0,9029.186061573862
2021-04-15 23:00:00,8576.0,9092.600319944831
2021-04-16 00:00:00,8618.0,8836.324262933744
2021-04-16 01:00:00,8792.0,8881.471380628474
2021-04-16 02:00:00,9042.0,8975.289566544618
2021-04-16 03:00:00,9555.0,9205.096627419302
2021-04-16 04:00:00,9834.0,9733.931765425707
2021-04-16 05:00:00,9956.0,9886.65555956076
2021-04-16 06:00:00,9801.0,9980.546431142648
2021-04-16 07:00:00,9680.0,9780.59116506018
2021-04-16 08:00:00,9688.0,9713.87526243299
2021-04-16 09:00:00,9562.0,9690.533392108473
2021-04-16 10:00:00,9318.0,9512.497962840125
2021-04-16 11:00:00,9103.0,9362.164111191492
2021-04-16 12:00:00,9059.0,9243.312051221841
2021-04-16 13:00:00,9017.0,9222.129787412214
2021-04-16 14:00:00,8999.0,9232.538703943132
2021-04-16 15:00:00,9105.0,9235.975997651229
2021-04-16 16:00:00,9203.0,9381.963919779024
2021-04-16 17:00:00,9155.0,9366.100833142256
2021-04-16 18:00:00,9125.0,9241.222536860396
2021-04-16 19:00:00,9234.0,9324.698262280273
2021-04-16 20:00:00,9041.0,9271.37467426824
2021-04-16 21:00:00,8698.0,8924.773802651865
2021-04-16 22:00:00,8698.5,8740.175320693694
2021-04-16 23:00:00,8690.0,8777.17712391359
2021-04-17 00:00:00,8669.0,8789.602297387864
2021-04-17 01:00:00,8374.0,8765.637495681041
2021-04-17 02:00:00,8394.0,8572.511733971643
2021-04-17 03:00:00,8510.0,8584.249864260602
2021-04-17 04:00:00,8560.0,8638.510415379773
2021-04-17 05:00:00,8682.0,8684.728209889807
2021-04-17 06:00:00,8656.0,8892.745982754992
2021-04-17 07:00:00,8699.0,8861.041502667962
2021-04-17 08:00:00,8641.0,8903.088959387664
2021-04-17 09:00:00,8565.0,8824.580215598997
2021-04-17 10:00:00,8460.0,8726.18743381103
2021-04-17 11:00:00,8378.0,8638.953278238116
2021-04-17 12:00:00,8349.0,8612.816956001969
2021-04-17 13:00:00,8420.0,8634.146992003572
2021-04-17 14:00:00,8544.0,8741.411699559501
2021-04-17 15:00:00,8735.0,8840.556246483291
2021-04-17 16:00:00,8932.0,8981.526683735348
2021-04-17 17:00:00,8770.0,9054.502727408824
2021-04-17 18:00:00,8780.0,8887.512959564969
2021-04-17 19:00:00,8879.0,9048.366767319745
2021-04-17 20:00:00,8811.0,8976.64149046173
2021-04-17 21:00:00,8360.0,8620.724028694895
2021-04-17 22:00:00,8122.0,8286.578472579824
2021-04-17 23:00:00,7962.0,8183.922930490889
2021-04-18 00:00:00,7923.0,8121.573244679397
2021-04-18 01:00:00,7998.0,8109.027929587897
2021-04-18 02:00:00,7975.0,8193.017544078017
2021-04-18 03:00:00,7998.0,8219.969251101373
2021-04-18 04:00:00,8121.0,8208.646977920283
2021-04-18 05:00:00,8187.0,8321.575742451583
2021-04-18 06:00:00,8266.0,8463.237445030383
2021-04-18 07:00:00,8302.0,8532.2998838857
2021-04-18 08:00:00,8271.0,8540.80333599506
2021-04-18 09:00:00,8177.0,8474.080613947885
2021-04-18 10:00:00,8065.0,8349.560267755316
2021-04-18 11:00:00,7974.0,8260.201088441112
2021-04-18 12:00:00,7944.0,8228.319591515985
2021-04-18 13:00:00,7930.0,8244.6971682533
2021-04-18 14:00:00,8033.0,8269.105870018075
2021-04-18 15:00:00,8194.0,8409.524813378108
2021-04-18 16:00:00,8330.0,8549.44841108395
2021-04-18 17:00:00,8387.0,8607.396500281853
2021-04-18 18:00:00,8447.0,8645.059615123406
2021-04-18 19:00:00,8634.0,8832.65874682578
2021-04-18 20:00:00,8508.0,8810.58063756313
2021-04-18 21:00:00,8232.0,8351.68376767392
2021-04-18 22:00:00,8010.0,8136.867062697741
2021-04-18 23:00:00,7940.0,8067.966884805739
2021-04-19 00:00:00,7934.0,8099.278968614544
2021-04-19 01:00:00,8044.0,8145.302359232641
2021-04-19 02:00:00,8284.0,8317.892231290236
2021-04-19 03:00:00,8843.0,8697.399115185923
2021-04-19 04:00:00,9252.0,9267.245437324034
2021-04-19 05:00:00,9439.0,9565.53671559822
2021-04-19 06:00:00,9380.0,9576.713424159736
2021-04-19 07:00:00,9314.0,9463.90435240924
2021-04-19 08:00:00,9236.0,9398.747185744669
2021-04-19 09:00:00,9154.0,9310.108315063066
2021-04-19 10:00:00,8980.0,9157.794960490719
2021-04-19 11:00:00,8887.0,9028.043353969157
2021-04-19 12:00:00,8790.0,8954.732720162503
2021-04-19 13:00:00,8703.0,8909.256691421213
2021-04-19 14:00:00,8729.0,8882.158533811367
2021-04-19 15:00:00,8687.0,8895.589242871967
2021-04-19 16:00:00,8808.0,8930.128102549905
2021-04-19 17:00:00,8756.0,8987.858891631293
2021-04-19 18:00:00,8774.0,8803.474754341922
2021-04-19 19:00:00,9030.0,8962.655046034979
2021-04-19 20:00:00,8822.0,8947.060185368235
2021-04-19 21:00:00,8401.0,8608.41278131271
2021-04-19 22:00:00,8130.0,8676.52620115653
2021-04-19 23:00:00,8012.0,8676.083357062327
2021-04-20 00:00:00,7994.0,8367.788414763787
2021-04-20 01:00:00,8114.0,8403.836797121188
2021-04-20 02:00:00,8334.0,8510.08281043495
2021-04-20 03:00:00,8940.0,8677.209493411336
2021-04-20 04:00:00,9393.0,9212.100295824144
2021-04-20 05:00:00,9477.0,9523.079266546483
2021-04-20 06:00:00,9397.0,9516.030097369463
2021-04-20 07:00:00,9259.0,9396.959551203649
2021-04-20 08:00:00,9156.0,9318.953590473175
2021-04-20 09:00:00,9098.0,9209.626016762031
2021-04-20 10:00:00,8926.0,9122.5514088198
2021-04-20 11:00:00,8754.0,8973.62642004097
2021-04-20 12:00:00,8716.0,8857.710012939851
2021-04-20 13:00:00,8679.0,8840.198072189813
2021-04-20 14:00:00,8728.0,8817.937325030174
2021-04-20 15:00:00,8700.0,8870.738130542075
2021-04-20 16:00:00,8822.0,8926.4294542144
2021-04-20 17:00:00,8799.0,8957.433161420613
2021-04-20 18:00:00,8782.0,8826.95362373648
2021-04-20 19:00:00,8918.0,8984.270453570749
2021-04-20 20:00:00,8713.0,8914.567228112433
2021-04-20 21:00:00,8258.0,8536.527528847188
2021-04-20 22:00:00,8768.0,8517.425504227394
2021-04-20 23:00:00,8768.0,8732.32391287636
2021-04-21 00:00:00,8769.0,8782.369475146708
2021-04-21 01:00:00,8769.0,8815.854897371879
2021-04-21 02:00:00,8769.0,8791.603480508162
2021-04-21 03:00:00,8783.0,8776.734325527532
2021-04-21 04:00:00,9173.0,9071.973034268744
2021-04-21 05:00:00,9291.0,9416.059562615232
2021-04-21 06:00:00,9244.0,9442.776361558646
2021-04-21 07:00:00,9100.0,9350.054072996243
2021-04-21 08:00:00,9049.0,9240.82620552362
2021-04-21 09:00:00,8965.0,9146.730994037025
2021-04-21 10:00:00,8827.0,9024.323229755799
2021-04-21 11:00:00,8756.0,8891.77232893684
2021-04-21 12:00:00,8744.0,8849.803923890862
2021-04-21 13:00:00,8736.0,8859.426826174358
2021-04-21 14:00:00,8739.0,8894.822758824579
2021-04-21 15:00:00,8844.0,8892.004397256438
2021-04-21 16:00:00,9033.0,9034.628397987173
2021-04-21 17:00:00,9039.0,9108.203054220989
2021-04-21 18:00:00,8918.0,9009.372332135767
2021-04-21 19:00:00,9077.0,9055.472032219745
2021-04-21 20:00:00,8874.0,9050.034776555025
2021-04-21 21:00:00,8519.0,8658.851833610928
2021-04-21 22:00:00,8844.0,8773.475308282861
2021-04-21 23:00:00,8859.0,8839.7980262116
2021-04-22 00:00:00,8896.0,8911.347733751187
2021-04-22 01:00:00,8975.5,8961.663560425264
2021-04-22 02:00:00,9036.0,8969.135978059752
2021-04-22 03:00:00,8844.0,8976.879044893498
2021-04-22 04:00:00,9157.0,9116.221627546538
2021-04-22 05:00:00,9391.0,9379.229790767971
2021-04-22 06:00:00,9395.0,9504.5904634027
2021-04-22 07:00:00,9306.0,9435.020954061109
2021-04-22 08:00:00,9254.0,9369.619455569647
2021-04-22 09:00:00,9286.0,9323.910777443461
2021-04-22 10:00:00,9157.0,9257.859589559695
2021-04-22 11:00:00,9115.0,9143.838654784397
2021-04-22 12:00:00,9059.0,9137.387066813711
2021-04-22 13:00:00,9066.0,9110.42066469381
2021-04-22 14:00:00,9124.0,9152.035663277771
2021-04-22 15:00:00,9150.0,9224.462925449001
2021-04-22 16:00:00,9213.0,9311.290757723264
2021-04-22 17:00:00,9208.0,9298.475759220768
2021-04-22 18:00:00,9099.0,9165.127692214688
2021-04-22 19:00:00,9255.0,9220.643400945084
2021-04-22 20:00:00,9144.0,9221.748908406033
2021-04-22 21:00:00,9147.0,8891.719388395268
2021-04-22 22:00:00,9147.0,9039.128782960466
2021-04-22 23:00:00,9147.0,9082.220200282633
2021-04-23 00:00:00,9179.0,9126.485969817886
2021-04-23 01:00:00,9210.5,9173.059482948247
2021-04-23 02:00:00,8629.0,9177.32805206486
2021-04-23 03:00:00,9277.0,8856.39638112016
2021-04-23 04:00:00,9776.0,9491.96294267961
2021-04-23 05:00:00,10066.0,9854.105223195333
2021-04-23 06:00:00,10216.0,10060.956498804657
2021-04-23 07:00:00,10308.0,10121.952496903685
2021-04-23 08:00:00,10325.0,10182.601860922996
2021-04-23 09:00:00,10310.0,10206.156805593768
2021-04-23 10:00:00,10198.0,10119.221547321626
2021-04-23 11:00:00,10066.0,10016.090171610067
2021-04-23 12:00:00,9920.0,9920.510471078194
2021-04-23 13:00:00,10019.0,9852.008202208692
2021-04-23 14:00:00,10120.0,10015.012914194525
2021-04-23 15:00:00,10046.0,10127.667616025205
2021-04-23 16:00:00,10102.0,10119.521870542285
2021-04-23 17:00:00,9896.0,10085.173848657327
2021-04-23 18:00:00,9642.0,9787.310676260204
2021-04-23 19:00:00,9730.0,9633.2817396227
2021-04-23 20:00:00,9506.0,9654.64840584014
2021-04-23 21:00:00,9097.0,9348.283079216299
2021-04-23 22:00:00,9436.0,9240.977671349272
2021-04-23 23:00:00,9401.0,9378.986454858961
2021-04-24 00:00:00,9332.0,9261.14562905094
2021-04-24 01:00:00,9289.5,9224.072550276473
2021-04-24 02:00:00,9289.5,9163.579523567318
2021-04-24 03:00:00,9289.5,9133.983681731224
2021-04-24 04:00:00,9289.5,9240.507042614998
2021-04-24 05:00:00,9045.0,9335.078325319359
2021-04-24 06:00:00,9292.0,9301.08944205901
2021-04-24 07:00:00,9430.0,9439.721506528038
2021-04-24 08:00:00,9442.0,9507.621647557182
2021-04-24 09:00:00,9372.0,9473.726230260681
2021-04-24 10:00:00,9287.0,9364.385949590369
2021-04-24 11:00:00,9187.0,9310.988877296208
2021-04-24 12:00:00,9250.0,9238.076583341583
2021-04-24 13:00:00,9384.0,9364.770411553489
2021-04-24 14:00:00,9588.0,9563.833422198204
2021-04-24 15:00:00,9749.0,9710.853045491029
2021-04-24 16:00:00,9768.0,9870.01031719973
2021-04-24 17:00:00,9543.0,9801.781577755799
2021-04-24 18:00:00,9281.0,9477.583824402947
2021-04-24 19:00:00,9429.0,9419.672532346547
2021-04-24 20:00:00,9262.0,9383.28866981546
2021-04-24 21:00:00,8872.0,9000.332332262258
2021-04-24 22:00:00,8512.0,8735.069541451032
2021-04-24 23:00:00,8306.0,8504.697027327535
2021-04-25 00:00:00,8222.0,8422.48782915987
2021-04-25 01:00:00,8224.0,8369.130268751012
2021-04-25 02:00:00,8958.0,8380.809753924865
2021-04-25 03:00:00,8958.0,8788.512788543108
2021-04-25 04:00:00,8274.0,8934.045890875315
2021-04-25 05:00:00,8560.0,8452.54380358052
2021-04-25 06:00:00,8853.0,8786.320905001285
2021-04-25 07:00:00,8918.0,9020.237161979263
2021-04-25 08:00:00,9045.0,9067.937582544511
2021-04-25 09:00:00,9021.0,9092.143079577443
2021-04-25 10:00:00,8992.0,9007.956455453794
2021-04-25 11:00:00,8954.0,8987.11632237306
2021-04-25 12:00:00,8962.0,8982.840321749069
2021-04-25 13:00:00,9080.0,9041.636538316168
2021-04-25 14:00:00,9189.0,9270.137112620596
2021-04-25 15:00:00,9350.0,9359.245635985533
2021-04-25 16:00:00,9448.0,9437.75245736929
2021-04-25 17:00:00,9390.0,9454.75728229604
2021-04-25 18:00:00,9265.0,9276.180878944624
2021-04-25 19:00:00,9554.0,9361.829523611079
2021-04-25 20:00:00,9432.0,9431.461333701664
2021-04-25 21:00:00,9102.0,9082.253725357745
2021-04-25 22:00:00,8752.0,8822.2577097998
2021-04-25 23:00:00,8548.0,8637.051655042867
2021-04-26 00:00:00,8521.0,8657.99685720292
2021-04-26 01:00:00,8615.0,8661.35514108778
2021-04-26 02:00:00,8801.0,8825.549604762466
2021-04-26 03:00:00,9466.0,9143.690230042846
2021-04-26 04:00:00,9937.0,9736.464079881069
2021-04-26 05:00:00,10264.0,10060.117846757941
2021-04-26 06:00:00,10368.0,10281.832277955951
2021-04-26 07:00:00,10389.0,10257.496304641018
2021-04-26 08:00:00,10368.0,10237.234648098594
2021-04-26 09:00:00,10282.0,10244.535775601831
2021-04-26 10:00:00,10154.0,10126.07472077142
2021-04-26 11:00:00,10083.0,10014.696744151785
2021-04-26 12:00:00,10054.0,9967.967183416498
2021-04-26 13:00:00,9900.0,9977.698265830297
2021-04-26 14:00:00,9860.0,9958.592777065305
2021-04-26 15:00:00,9786.0,9909.349124175014
2021-04-26 16:00:00,9904.0,9901.047270284002
2021-04-26 17:00:00,9748.0,9985.338250214854
2021-04-26 18:00:00,9635.0,9663.660321077028
2021-04-26 19:00:00,9730.0,9667.177746037767
2021-04-26 20:00:00,9522.0,9633.878548701665
2021-04-26 21:00:00,9767.0,9392.07599879603
2021-04-26 22:00:00,9767.0,9718.977826528513
2021-04-26 23:00:00,9761.0,9759.37131531871
2021-04-27 00:00:00,9744.0,9773.621193099942
2021-04-27 01:00:00,9744.0,9754.324188815926
2021-04-27 02:00:00,9744.0,9662.508329821701
2021-04-27 03:00:00,9744.0,9722.542642466085
2021-04-27 04:00:00,9728.0,9990.457395987192
2021-04-27 05:00:00,9925.0,10006.553687321422
2021-04-27 06:00:00,9956.0,10068.48266646112
2021-04-27 07:00:00,9900.0,10007.50703617426
2021-04-27 08:00:00,9896.0,9956.081759408073
2021-04-27 09:00:00,9854.0,9950.405257650365
2021-04-27 10:00:00,9774.0,9865.422732865996
2021-04-27 11:00:00,9740.0,9784.65686761936
2021-04-27 12:00:00,9752.0,9769.620822124674
2021-04-27 13:00:00,9772.0,9790.063344497581
2021-04-27 14:00:00,9820.0,9842.337830608412
2021-04-27 15:00:00,9860.0,9903.61880641922
2021-04-27 16:00:00,9975.0,9952.032822023411
2021-04-27 17:00:00,9920.0,9970.907177693809
2021-04-27 18:00:00,9666.0,9722.400127409084
2021-04-27 19:00:00,9871.0,9662.933526432764
2021-04-27 20:00:00,9637.0,9673.365383304685
2021-04-27 21:00:00,9773.0,9488.833425713086
2021-04-27 22:00:00,9773.0,9611.412989936822
2021-04-27 23:00:00,9762.0,9677.286622038479
2021-04-28 00:00:00,9762.0,9736.928757440573
2021-04-28 01:00:00,9740.0,9750.763566585032
2021-04-28 02:00:00,9688.0,9706.532008558885
2021-04-28 03:00:00,9536.0,9620.733974212362
2021-04-28 04:00:00,9839.0,9688.23802615811
2021-04-28 05:00:00,9995.0,9936.223345041686
2021-04-28 06:00:00,9981.0,10043.776283836609
2021-04-28 07:00:00,9916.0,9983.061284880447
2021-04-28 08:00:00,9867.0,9908.182209101755
2021-04-28 09:00:00,9851.0,9871.89530887723
2021-04-28 10:00:00,9708.0,9777.42318629824
2021-04-28 11:00:00,9668.0,9658.770223957476
2021-04-28 12:00:00,9534.0,9668.921207250594
2021-04-28 13:00:00,9464.0,9603.63292605039
2021-04-28 14:00:00,9563.0,9653.165368571346
2021-04-28 15:00:00,9587.0,9677.1532195163
2021-04-28 16:00:00,9768.0,9771.945334216522
2021-04-28 17:00:00,9718.0,9883.094206459904
2021-04-28 18:00:00,9487.0,9628.51018977688
2021-04-28 19:00:00,9757.0,9599.829524918674
2021-04-28 20:00:00,9598.0,9567.247029001268
2021-04-28 21:00:00,9172.0,9442.000375923462
2021-04-28 22:00:00,9633.0,9279.475672927061
2021-04-28 23:00:00,9633.0,9569.314106329159
2021-04-29 00:00:00,9604.5,9609.034084351373
2021-04-29 01:00:00,9604.5,9574.467617169788
2021-04-29 02:00:00,9020.0,9511.073576958637
2021-04-29 03:00:00,9705.0,9199.021888670602
2021-04-29 04:00:00,10020.0,9840.270231926072
2021-04-29 05:00:00,10150.0,10056.05439740566
2021-04-29 06:00:00,10144.0,10145.20268787683
2021-04-29 07:00:00,9996.0,10068.875935101396
2021-04-29 08:00:00,9922.0,9959.735484645586
2021-04-29 09:00:00,9833.0,9867.353530893299
2021-04-29 10:00:00,9683.0,9761.55737205341
2021-04-29 11:00:00,9611.0,9654.920801372291
2021-04-29 12:00:00,9546.0,9602.137265551137
2021-04-29 13:00:00,9484.0,9577.865271626208
2021-04-29 14:00:00,9470.0,9593.50452673863
2021-04-29 15:00:00,9479.0,9592.825351463845
2021-04-29 16:00:00,9551.0,9664.86772818544
2021-04-29 17:00:00,9585.0,9645.501111033236
2021-04-29 18:00:00,9535.0,9477.557985782227
2021-04-29 19:00:00,9848.0,9560.368665351227
2021-04-29 20:00:00,9725.0,9633.381091501782
2021-04-29 21:00:00,9318.0,9422.968867620395
2021-04-29 22:00:00,8989.0,9303.22603412253
2021-04-29 23:00:00,8892.0,9129.321798021529
2021-04-30 00:00:00,8880.0,9070.579304389363
2021-04-30 01:00:00,9015.0,9072.698840156432
2021-04-30 02:00:00,9128.0,9020.200282180169
2021-04-30 03:00:00,9758.0,9305.982104735322
2021-04-30 04:00:00,10012.0,9915.739205415488
2021-04-30 05:00:00,10169.0,10079.731213614548
2021-04-30 06:00:00,10118.0,10148.618345239578
2021-04-30 07:00:00,9994.0,10038.310177214362
2021-04-30 08:00:00,9916.0,9938.156999842333
2021-04-30 09:00:00,9817.0,9850.624618457963
2021-04-30 10:00:00,9656.0,9735.111908453366
2021-04-30 11:00:00,9420.0,9599.78316647595
2021-04-30 12:00:00,9364.0,9455.263852163092
2021-04-30 13:00:00,9331.0,9437.087603446596
2021-04-30 14:00:00,9340.0,9486.279081451332
2021-04-30 15:00:00,9344.0,9496.943349510291
2021-04-30 16:00:00,9333.0,9564.882676949514
2021-04-30 17:00:00,9265.0,9525.941290924438
2021-04-30 18:00:00,9091.0,9360.718944413988
2021-04-30 19:00:00,9540.0,9365.835059661227
2021-04-30 20:00:00,9441.0,9519.943911513648
2021-04-30 21:00:00,9102.0,9174.752971357817
2021-04-30 22:00:00,8772.0,8980.27176264496
2021-04-30 23:00:00,8588.0,8973.795054474278
2021-05-01 00:00:00,8534.0,8709.67988346661
2021-05-01 01:00:00,8553.0,8657.887989008028
2021-05-01 02:00:00,8438.0,8659.23409771024
2021-05-01 03:00:00,8528.0,8565.521541831164
2021-05-01 04:00:00,8545.0,8645.476508437667
2021-05-01 05:00:00,8660.0,8682.60993065855
2021-05-01 06:00:00,8735.0,8909.199242866376
2021-05-01 07:00:00,8866.0,8957.331342400126
2021-05-01 08:00:00,8972.0,9025.155552548162
2021-05-01 09:00:00,8961.0,9052.450187500504
2021-05-01 10:00:00,8735.0,8982.369951421262
2021-05-01 11:00:00,8683.0,8814.775970265833
2021-05-01 12:00:00,8710.0,8781.636133067077
2021-05-01 13:00:00,8792.0,8902.493454502748
2021-05-01 14:00:00,9034.0,9038.07309913712
2021-05-01 15:00:00,9243.0,9189.16797400028
2021-05-01 16:00:00,8763.5,9371.827521322524
2021-05-01 17:00:00,9251.0,8969.272012252713
2021-05-01 18:00:00,8997.0,9112.076483862771
2021-05-01 19:00:00,8763.5,9180.816631388512
2021-05-01 20:00:00,8722.5,8988.593410252473
2021-05-01 21:00:00,9006.0,8637.159438781582
2021-05-01 22:00:00,8655.0,8610.709829475065
2021-05-01 23:00:00,8518.0,8399.774185491418
2021-05-02 00:00:00,8546.0,8480.535055802144
2021-05-02 01:00:00,8537.0,8552.6178841032
2021-05-02 02:00:00,8443.0,8618.781717224218
2021-05-02 03:00:00,8487.0,8605.671186196774
2021-05-02 04:00:00,8512.0,8567.426226981328
2021-05-02 05:00:00,8574.0,8622.70247320044
2021-05-02 06:00:00,8677.0,8774.921522609617
2021-05-02 07:00:00,8671.0,8869.596822208205
2021-05-02 08:00:00,8685.0,8850.850664856183
2021-05-02 09:00:00,8708.0,8865.061668199276
2021-05-02 10:00:00,8620.0,8829.11391874677
2021-05-02 11:00:00,8550.0,8750.736553323655
2021-05-02 12:00:00,8552.0,8718.16873708828
2021-05-02 13:00:00,8561.0,8778.690471472892
2021-05-02 14:00:00,8658.0,8846.03781133172
2021-05-02 15:00:00,8783.0,8940.334989969842
2021-05-02 16:00:00,8926.0,9023.706205143812
2021-05-02 17:00:00,8914.0,9100.185744221631
2021-05-02 18:00:00,8741.0,8975.870972387102
2021-05-02 19:00:00,9172.0,9033.611224407718
2021-05-02 20:00:00,9155.0,9193.166298787539
2021-05-02 21:00:00,8863.0,8995.042824298698
2021-05-02 22:00:00,8562.0,8686.96394532118
2021-05-02 23:00:00,8447.0,8572.76901790625
2021-05-03 00:00:00,8490.0,8587.133904805996
2021-05-03 01:00:00,8554.0,8629.13626501447
2021-05-03 02:00:00,8668.0,8701.100576350553
2021-05-03 03:00:00,9284.0,8973.444344050427
2021-05-03 04:00:00,9721.0,9648.457498224725
2021-05-03 05:00:00,9910.0,9930.503590947745
2021-05-03 06:00:00,9866.0,9968.593599220652
2021-05-03 07:00:00,9754.0,9865.943156023217
2021-05-03 08:00:00,9704.0,9772.244246253154
2021-05-03 09:00:00,9691.0,9692.424943982807
2021-05-03 10:00:00,9598.0,9632.164659932732
2021-05-03 11:00:00,9528.0,9559.705249193892
2021-05-03 12:00:00,9399.0,9535.326939991784
2021-05-03 13:00:00,9349.0,9463.538565773924
2021-05-03 14:00:00,9319.0,9492.382066784901
2021-05-03 15:00:00,9146.0,9494.99985135929
2021-05-03 16:00:00,9238.0,9413.752857740415
2021-05-03 17:00:00,9204.0,9413.397922427115
2021-05-03 18:00:00,8926.0,9194.202839028965
2021-05-03 19:00:00,9241.0,9244.674395954225
2021-05-03 20:00:00,9091.0,9303.211343312794
2021-05-03 21:00:00,8679.0,9074.388713734099
2021-05-03 22:00:00,8458.0,9089.923745189553
2021-05-03 23:00:00,9233.5,9090.368307625673
2021-05-04 00:00:00,9216.5,9209.129524922264
2021-05-04 01:00:00,9175.0,9210.570800049634
2021-05-04 02:00:00,9132.5,9125.016485184804
2021-05-04 03:00:00,8953.0,9235.020160730157
2021-05-04 04:00:00,9388.0,9349.30011738844
2021-05-04 05:00:00,9568.0,9659.343524860764
2021-05-04 06:00:00,9497.0,9681.82903723031
2021-05-04 07:00:00,9374.0,9608.357143246047
2021-05-04 08:00:00,9408.0,9530.92026142025
2021-05-04 09:00:00,9353.0,9514.215380590085
2021-05-04 10:00:00,9229.0,9408.302459823231
2021-05-04 11:00:00,9053.0,9314.074245659758
2021-05-04 12:00:00,9119.0,9203.366022029077
2021-05-04 13:00:00,9081.0,9272.758353669395
2021-05-04 14:00:00,9171.0,9306.739481102162
2021-05-04 15:00:00,9112.0,9344.12646594086
2021-05-04 16:00:00,9204.0,9365.685834157583
2021-05-04 17:00:00,9148.0,9355.462934484185
2021-05-04 18:00:00,8965.0,9107.48577978472
2021-05-04 19:00:00,9198.0,9195.032346746177
2021-05-04 20:00:00,9034.0,9180.860562871278
2021-05-04 21:00:00,9115.5,8848.32969804193
2021-05-04 22:00:00,9115.5,8993.018416722267
2021-05-04 23:00:00,9115.5,9190.031970763575
2021-05-05 00:00:00,9133.5,9242.32202065935
2021-05-05 01:00:00,9159.5,9250.95048197856
2021-05-05 02:00:00,9184.5,9211.83261324438
2021-05-05 03:00:00,8988.0,9174.198767977472
2021-05-05 04:00:00,9447.0,9309.066883433523
2021-05-05 05:00:00,9667.0,9624.663693511324
2021-05-05 06:00:00,9573.0,9734.158387305737
2021-05-05 07:00:00,9568.0,9586.994505463144
2021-05-05 08:00:00,9654.0,9582.828335327456
2021-05-05 09:00:00,9805.0,9632.148138298495
2021-05-05 10:00:00,9631.0,9725.429706208784
2021-05-05 11:00:00,9635.0,9551.4876902951
2021-05-05 12:00:00,9661.0,9577.719189868605
2021-05-05 13:00:00,9660.0,9634.846536802328
2021-05-05 14:00:00,9773.0,9696.151355572412
2021-05-05 15:00:00,9891.0,9814.9061685849
2021-05-05 16:00:00,9893.0,9955.505757050532
2021-05-05 17:00:00,9764.0,9886.873198944717
2021-05-05 18:00:00,9467.0,9542.377842007041
2021-05-05 19:00:00,9595.0,9479.872796196727
2021-05-05 20:00:00,9372.0,9453.65781238292
2021-05-05 21:00:00,8953.0,9221.268470070245
2021-05-05 22:00:00,9647.5,9142.733078979109
2021-05-05 23:00:00,9660.5,9535.304760870225
2021-05-06 00:00:00,9686.5,9599.655940890138
2021-05-06 01:00:00,9738.0,9647.599582844874
2021-05-06 02:00:00,9768.0,9643.601543652338
2021-05-06 03:00:00,9250.0,9612.702841162165
2021-05-06 04:00:00,9712.0,9595.395367053816
2021-05-06 05:00:00,9993.0,9818.812390253912
2021-05-06 06:00:00,10108.0,10002.230053954843
2021-05-06 07:00:00,10171.0,10016.558554910933
2021-05-06 08:00:00,10073.0,10044.441525784994
2021-05-06 09:00:00,9917.0,10010.604611968249
2021-05-06 10:00:00,9886.0,9847.530934304994
2021-05-06 11:00:00,9825.0,9823.100640341192
2021-05-06 12:00:00,9797.0,9806.980691933437
2021-05-06 13:00:00,9772.0,9810.992145483076
2021-05-06 14:00:00,9761.0,9877.948053363012
2021-05-06 15:00:00,9709.0,9917.653021614553
2021-05-06 16:00:00,9799.0,9893.688767167921
2021-05-06 17:00:00,9695.0,9872.260686989468
2021-05-06 18:00:00,9388.0,9571.5438143633
2021-05-06 19:00:00,9579.0,9548.88242405748
2021-05-06 20:00:00,9439.0,9488.962831162928
2021-05-06 21:00:00,9735.0,9219.845986038961
2021-05-06 22:00:00,9735.0,9603.451284329945
2021-05-06 23:00:00,9735.0,9669.038691463691
2021-05-07 00:00:00,9735.0,9676.662654748485
2021-05-07 01:00:00,9735.0,9712.698022678482
2021-05-07 02:00:00,9735.0,9686.213958843096
2021-05-07 03:00:00,9405.0,9607.327874998562
2021-05-07 04:00:00,9792.0,9714.241770413995
2021-05-07 05:00:00,10012.0,9956.820512219514
2021-05-07 06:00:00,9974.0,10104.34244390851
2021-05-07 07:00:00,9973.0,10019.819759397304
2021-05-07 08:00:00,10060.0,9975.097744554452
2021-05-07 09:00:00,10077.0,10030.14219688422
2021-05-07 10:00:00,9993.0,9990.776020668194
2021-05-07 11:00:00,9964.0,9909.802932322767
2021-05-07 12:00:00,9969.0,9889.319854786248
2021-05-07 13:00:00,9895.0,9931.758597115357
2021-05-07 14:00:00,9918.0,9958.544874279829
2021-05-07 15:00:00,9911.0,9968.177660460084
2021-05-07 16:00:00,9835.0,10008.447875067197
2021-05-07 17:00:00,9710.0,9857.966244672747
2021-05-07 18:00:00,9493.0,9477.134767177919
2021-05-07 19:00:00,9751.0,9577.10783614484
2021-05-07 20:00:00,9562.0,9622.937294754713
2021-05-07 21:00:00,9066.0,9352.58204994864
2021-05-07 22:00:00,8701.0,9104.291976158005
2021-05-07 23:00:00,9037.5,8948.4560448291
2021-05-08 00:00:00,9021.5,9052.197480279072
2021-05-08 01:00:00,8970.0,9043.061499855381
2021-05-08 02:00:00,8931.5,8963.391533628665
2021-05-08 03:00:00,8931.5,8884.317781484007
2021-05-08 04:00:00,8608.0,8973.691981845326
2021-05-08 05:00:00,8755.0,8783.98642391841
2021-05-08 06:00:00,8933.0,9019.254151262901
2021-05-08 07:00:00,9036.0,9123.568092611942
2021-05-08 08:00:00,9039.0,9229.52378046253
2021-05-08 09:00:00,9007.0,9207.541347697314
2021-05-08 10:00:00,8913.0,9077.447294944313
2021-05-08 11:00:00,8885.0,9015.023891594314
2021-05-08 12:00:00,8888.0,9005.776709129444
2021-05-08 13:00:00,8930.0,9067.758339352351
2021-05-08 14:00:00,9096.0,9189.292612084153
2021-05-08 15:00:00,9280.0,9379.430936771327
2021-05-08 16:00:00,9360.0,9476.404075595405
2021-05-08 17:00:00,9170.0,9493.978044103966
2021-05-08 18:00:00,8868.0,9147.559970603956
2021-05-08 19:00:00,9180.0,9121.088330737435
2021-05-08 20:00:00,9151.0,9247.491488400954
2021-05-08 21:00:00,8742.0,8936.406823162959
2021-05-08 22:00:00,8428.0,8556.262615187537
2021-05-08 23:00:00,8241.0,8440.843021788824
2021-05-09 00:00:00,8150.0,8413.683489937595
2021-05-09 01:00:00,8131.0,8353.841384116426
2021-05-09 02:00:00,8051.0,8350.155628152806
2021-05-09 03:00:00,8104.0,8319.312452897713
2021-05-09 04:00:00,8168.0,8339.914019763428
2021-05-09 05:00:00,8332.0,8418.380898219013
2021-05-09 06:00:00,8460.0,8648.195878863859
2021-05-09 07:00:00,8457.0,8765.022054174351
2021-05-09 08:00:00,8473.0,8744.327929473367
2021-05-09 09:00:00,8438.0,8707.138015423969
2021-05-09 10:00:00,8302.0,8646.190622684224
2021-05-09 11:00:00,8276.0,8529.059968356209
2021-05-09 12:00:00,8252.0,8497.653594669338
2021-05-09 13:00:00,8246.0,8552.87705500672
2021-05-09 14:00:00,8316.0,8589.629574017605
2021-05-09 15:00:00,8472.0,8676.483899956314
2021-05-09 16:00:00,8580.0,8799.553899911905
2021-05-09 17:00:00,8614.0,8811.339485364733
2021-05-09 18:00:00,8447.0,8726.172665361339
2021-05-09 19:00:00,8777.0,8861.53107982844
2021-05-09 20:00:00,8787.0,8979.4919287511
2021-05-09 21:00:00,8387.0,8651.369101239427
2021-05-09 22:00:00,8083.0,8329.721762446134
2021-05-09 23:00:00,7976.0,8142.3024704833415
2021-05-10 00:00:00,7946.0,8226.848583898976
2021-05-10 01:00:00,7958.0,8248.46767535857
2021-05-10 02:00:00,8085.0,8293.629303704394
2021-05-10 03:00:00,8767.0,8632.025039360244
2021-05-10 04:00:00,9284.0,9218.353801566413
2021-05-10 05:00:00,9620.0,9590.857094073814
2021-05-10 06:00:00,9769.0,9734.022769482108
2021-05-10 07:00:00,9769.0,9751.196478491122
2021-05-10 08:00:00,9841.0,9739.791943453743
2021-05-10 09:00:00,9848.0,9778.052125426593
2021-05-10 10:00:00,9677.0,9726.288013891388
2021-05-10 11:00:00,9626.0,9604.33788241602
2021-05-10 12:00:00,9558.0,9571.230038527348
2021-05-10 13:00:00,9428.0,9534.27623763095
2021-05-10 14:00:00,9360.0,9495.753886085127
2021-05-10 15:00:00,9216.0,9442.740865474634
2021-05-10 16:00:00,9205.0,9392.408888760689
2021-05-10 17:00:00,9108.0,9341.369143328382
2021-05-10 18:00:00,8797.0,9040.912312340022
2021-05-10 19:00:00,8987.0,9084.614996841448
2021-05-10 20:00:00,8813.0,9048.024893202199
2021-05-10 21:00:00,8334.0,8705.542806672946
2021-05-10 22:00:00,8956.0,8948.853544130872
2021-05-10 23:00:00,8940.5,9005.596542514877
2021-05-11 00:00:00,8877.0,9027.39018082264
2021-05-11 01:00:00,8820.5,9087.818832420866
2021-05-11 02:00:00,8808.5,9035.948352814357
2021-05-11 03:00:00,8393.0,9041.363001587375
2021-05-11 04:00:00,8828.0,9114.957604816673
2021-05-11 05:00:00,9045.0,9233.194940038604
2021-05-11 06:00:00,9048.0,9313.964161108395
2021-05-11 07:00:00,8957.0,9236.020877007117
2021-05-11 08:00:00,8955.0,9145.56618162921
2021-05-11 09:00:00,8926.0,9110.866454795798
2021-05-11 10:00:00,8804.0,9038.679009469182
2021-05-11 11:00:00,8768.0,8964.04636513435
2021-05-11 12:00:00,8668.0,8937.966933233301
2021-05-11 13:00:00,8704.0,8875.516238558776
2021-05-11 14:00:00,8792.0,8948.809658455304
2021-05-11 15:00:00,8760.0,9014.534898435231
2021-05-11 16:00:00,8824.0,9037.196391561976
2021-05-11 17:00:00,8771.0,9030.875267828571
2021-05-11 18:00:00,8432.0,8795.794252904656
2021-05-11 19:00:00,8611.0,8859.556887560304
2021-05-11 20:00:00,8491.0,8766.002876077313
2021-05-11 21:00:00,8686.0,8496.022681295946
2021-05-11 22:00:00,8686.0,8827.27315890564
2021-05-11 23:00:00,8686.0,8839.066949926957
2021-05-12 00:00:00,8686.0,8834.397777328673
2021-05-12 01:00:00,8721.0,8848.546116553405
2021-05-12 02:00:00,8728.5,8820.89515982088
2021-05-12 03:00:00,8219.0,8658.612841536442
2021-05-12 04:00:00,8591.0,8709.425052770652
2021-05-12 05:00:00,8738.0,8946.172232070712
2021-05-12 06:00:00,8771.0,8990.306337796816
2021-05-12 07:00:00,8827.0,8975.361016079853
2021-05-12 08:00:00,8861.0,8994.978625429854
2021-05-12 09:00:00,8840.0,9002.00372326295
2021-05-12 10:00:00,8781.0,8895.857927302775
2021-05-12 11:00:00,8804.0,8854.976721051671
2021-05-12 12:00:00,8777.0,8872.824557311058
2021-05-12 13:00:00,8719.0,8884.381544197982
2021-05-12 14:00:00,8653.0,8904.075386948325
2021-05-12 15:00:00,8598.0,8840.972283673065
2021-05-12 16:00:00,8658.0,8871.57471210126
2021-05-12 17:00:00,8571.0,8848.842469834039
2021-05-12 18:00:00,8315.0,8587.480850966323
2021-05-12 19:00:00,8524.0,8731.924380953125
2021-05-12 20:00:00,8297.0,8605.239707514102
2021-05-12 21:00:00,7842.0,8451.25435948446
2021-05-12 22:00:00,8340.0,8434.323743350962
2021-05-12 23:00:00,8327.0,8513.16761573103
2021-05-13 00:00:00,8318.5,8486.72156939188
2021-05-13 01:00:00,8309.0,8481.32054389133
2021-05-13 02:00:00,8304.5,8464.230437804079
2021-05-13 03:00:00,8304.5,8439.211851631999
2021-05-13 04:00:00,8304.5,8641.295491705025
2021-05-13 05:00:00,8026.0,8625.625475326058
2021-05-13 06:00:00,8244.0,8397.416867116557
2021-05-13 07:00:00,8365.0,8511.918259728258
2021-05-13 08:00:00,8424.0,8599.34457782209
2021-05-13 09:00:00,8426.0,8652.217981750695
2021-05-13 10:00:00,8339.0,8598.272542927383
2021-05-13 11:00:00,8322.0,8525.082869612106
2021-05-13 12:00:00,8303.0,8529.717459656593
2021-05-13 13:00:00,8306.0,8547.838599411578
2021-05-13 14:00:00,8346.0,8566.234791791687
2021-05-13 15:00:00,8319.0,8589.226936389932
2021-05-13 16:00:00,8301.0,8630.237786549838
2021-05-13 17:00:00,8241.0,8529.36761828928
2021-05-13 18:00:00,7934.0,8301.055227078821
2021-05-13 19:00:00,8106.0,8334.144988789158
2021-05-13 20:00:00,7977.0,8333.702036712852
2021-05-13 21:00:00,8271.0,8008.378299194957
2021-05-13 22:00:00,8271.0,8316.521929853552
2021-05-13 23:00:00,8271.0,8324.28671188381
2021-05-14 00:00:00,8271.0,8430.871393031943
2021-05-14 01:00:00,8271.0,8443.802704331882
2021-05-14 02:00:00,8271.0,8411.825739806485
2021-05-14 03:00:00,8271.0,8382.985783891654
2021-05-14 04:00:00,8112.0,8625.080481632382
2021-05-14 05:00:00,8351.0,8442.714341428014
2021-05-14 06:00:00,8524.0,8620.980426380602
2021-05-14 07:00:00,8534.0,8745.326191999717
2021-05-14 08:00:00,8636.0,8749.384841886815
2021-05-14 09:00:00,8585.0,8781.46722347675
2021-05-14 10:00:00,8474.0,8700.913118363937
2021-05-14 11:00:00,8398.0,8620.829673712578
2021-05-14 12:00:00,8434.0,8567.396730290091
2021-05-14 13:00:00,8393.0,8617.105792123699
2021-05-14 14:00:00,8414.0,8618.752442694307
2021-05-14 15:00:00,8478.0,8623.348326691628
2021-05-14 16:00:00,8509.0,8707.006935632073
2021-05-14 17:00:00,8394.0,8636.539233143472
2021-05-14 18:00:00,8127.0,8350.867747842478
2021-05-14 19:00:00,8310.0,8420.063388907532
2021-05-14 20:00:00,8073.0,8389.156875484323
2021-05-14 21:00:00,7624.0,8110.724475404766
2021-05-14 22:00:00,8068.0,7907.84172981141
2021-05-14 23:00:00,8036.0,8190.693133142585
2021-05-15 00:00:00,7998.5,8189.149396137305
2021-05-15 01:00:00,7959.5,8194.796794988262
2021-05-15 02:00:00,7959.5,8169.271766993054
2021-05-15 03:00:00,7959.5,8185.823655761873
2021-05-15 04:00:00,7351.0,8133.1412414816095
2021-05-15 05:00:00,7634.0,7787.001403784473
2021-05-15 06:00:00,7821.0,8063.598138043444
2021-05-15 07:00:00,7988.0,8156.329269023818
2021-05-15 08:00:00,8086.0,8305.761695043358
2021-05-15 09:00:00,8063.0,8334.916591169853
2021-05-15 10:00:00,8009.0,8285.725789915947
2021-05-15 11:00:00,7892.0,8240.048602564713
2021-05-15 12:00:00,7931.0,8185.777989362423
2021-05-15 13:00:00,8096.0,8236.178831383195
2021-05-15 14:00:00,8187.0,8396.76540302092
2021-05-15 15:00:00,8321.0,8471.838211148199
2021-05-15 16:00:00,8377.0,8563.953109446014
2021-05-15 17:00:00,8159.0,8537.293855839092
2021-05-15 18:00:00,7890.0,8183.970108583482
2021-05-15 19:00:00,8119.0,8285.999143319417
2021-05-15 20:00:00,8048.0,8285.363947192473
2021-05-15 21:00:00,7581.0,7886.424364745697
2021-05-15 22:00:00,7240.0,7723.84832925214
2021-05-15 23:00:00,7854.5,7641.520766875766
2021-05-16 00:00:00,7814.0,7990.20264282909
2021-05-16 01:00:00,7763.0,7935.003559079394
2021-05-16 02:00:00,7740.0,7892.039262821805
2021-05-16 03:00:00,7740.0,7885.993024618758
2021-05-16 04:00:00,7156.0,7836.84245534995
2021-05-16 05:00:00,7417.0,7564.876227937572
2021-05-16 06:00:00,7631.0,7836.052421257662
2021-05-16 07:00:00,7825.0,8002.557427454336
2021-05-16 08:00:00,7920.0,8108.255682342498
2021-05-16 09:00:00,7884.0,8147.987737236217
2021-05-16 10:00:00,7803.0,8096.688537962282
2021-05-16 11:00:00,7723.0,7990.29403373225
2021-05-16 12:00:00,7672.0,7968.076818338985
2021-05-16 13:00:00,7757.0,8007.2502609763515
2021-05-16 14:00:00,7924.0,8127.704110064211
2021-05-16 15:00:00,7980.0,8254.890242553964
2021-05-16 16:00:00,8076.0,8319.935997425018
2021-05-16 17:00:00,8057.0,8296.50150809423
2021-05-16 18:00:00,7804.0,8097.770388357607
2021-05-16 19:00:00,8084.0,8182.803338376687
2021-05-16 20:00:00,8109.0,8254.183935441328
2021-05-16 21:00:00,7724.0,7976.695011751194
2021-05-16 22:00:00,7483.0,7770.923987540053
2021-05-16 23:00:00,8018.5,7780.124899714091
2021-05-17 00:00:00,8066.5,8080.617939859925
2021-05-17 01:00:00,8080.0,8137.276113746715
2021-05-17 02:00:00,8087.0,8135.311573375777
2021-05-17 03:00:00,8090.0,8382.94835977531
2021-05-17 04:00:00,8595.0,8566.280275245212
2021-05-17 05:00:00,8867.0,8976.710439330462
2021-05-17 06:00:00,8900.0,9052.439587233644
2021-05-17 07:00:00,8932.0,9055.370230460834
2021-05-17 08:00:00,9021.0,9045.604924489335
2021-05-17 09:00:00,9009.0,9088.100479511846
2021-05-17 10:00:00,8828.0,9026.660127294916
2021-05-17 11:00:00,8741.0,8867.137444251925
2021-05-17 12:00:00,8913.0,8813.31955932808
2021-05-17 13:00:00,8931.0,8980.321859092823
2021-05-17 14:00:00,8876.0,9008.470103827078
2021-05-17 15:00:00,8802.0,8986.790012216094
2021-05-17 16:00:00,8847.0,8993.879520541232
2021-05-17 17:00:00,8720.0,8969.630075751806
2021-05-17 18:00:00,8410.0,8663.699179882215
2021-05-17 19:00:00,8436.0,8646.171529915033
2021-05-17 20:00:00,8323.0,8553.712840901995
2021-05-17 21:00:00,8730.5,8296.613093360898
2021-05-17 22:00:00,8730.5,8841.01435558513
2021-05-17 23:00:00,8730.5,8809.807402826918
2021-05-18 00:00:00,8706.0,8791.818242059408
2021-05-18 01:00:00,8706.0,8846.606915218828
2021-05-18 02:00:00,8706.0,8802.63970289293
2021-05-18 03:00:00,8068.0,8499.960232706597
2021-05-18 04:00:00,8556.0,8726.907666322346
2021-05-18 05:00:00,8845.0,8923.076132703987
2021-05-18 06:00:00,8920.0,9060.766409724729
2021-05-18 07:00:00,8985.0,9066.765304236498
2021-05-18 08:00:00,8968.0,9116.002527817871
2021-05-18 09:00:00,8961.0,9083.464126301345
2021-05-18 10:00:00,8763.0,8997.952270030404
2021-05-18 11:00:00,8692.0,8859.418801839409
2021-05-18 12:00:00,8785.0,8848.416342358962
2021-05-18 13:00:00,8750.0,8935.007706306778
2021-05-18 14:00:00,8732.0,8936.50796776625
2021-05-18 15:00:00,8695.0,8906.576920574824
2021-05-18 16:00:00,8745.0,8932.767985978404
2021-05-18 17:00:00,8669.0,8894.07855254428
2021-05-18 18:00:00,8357.0,8560.23899289838
2021-05-18 19:00:00,8460.0,8658.18736646414
2021-05-18 20:00:00,8278.0,8550.228330292775
2021-05-18 21:00:00,8680.5,8542.722234146866
2021-05-18 22:00:00,8680.5,8777.981295375352
2021-05-18 23:00:00,8680.5,8764.028470073566
2021-05-19 00:00:00,8682.0,8778.539832158358
2021-05-19 01:00:00,8682.0,8817.513679094238
2021-05-19 02:00:00,8682.0,8785.225352439393
2021-05-19 03:00:00,8682.0,8355.35789246371
2021-05-19 04:00:00,8513.0,8808.480195459158
2021-05-19 05:00:00,8852.0,8870.543333302943
2021-05-19 06:00:00,8982.0,9052.437169982839
2021-05-19 07:00:00,9027.0,9124.907258513133
2021-05-19 08:00:00,9115.0,9136.396145920753
2021-05-19 09:00:00,9159.0,9194.987401960192
2021-05-19 10:00:00,8970.0,9146.539670166982
2021-05-19 11:00:00,8890.0,8998.81429202438
2021-05-19 12:00:00,8870.0,8968.081303629075
2021-05-19 13:00:00,8866.0,8982.44944204813
2021-05-19 14:00:00,8881.0,8975.078518613287
2021-05-19 15:00:00,8926.0,9001.029235229447
2021-05-19 16:00:00,8903.0,9081.632610724397
2021-05-19 17:00:00,8815.0,9022.682244085203
2021-05-19 18:00:00,8412.0,8654.83695965681
2021-05-19 19:00:00,8478.0,8693.178462907174
2021-05-19 20:00:00,8369.0,8559.504767597417
2021-05-19 21:00:00,7929.0,8580.938799059557
2021-05-19 22:00:00,8803.5,8740.338333605983
2021-05-19 23:00:00,8801.0,8826.235542862018
2021-05-20 00:00:00,8746.0,8862.271309128957
2021-05-20 01:00:00,8662.0,8849.293928373323
2021-05-20 02:00:00,8627.5,8741.998715806669
2021-05-20 03:00:00,8016.0,8522.524034830361
2021-05-20 04:00:00,8515.0,8655.160902961972
2021-05-20 05:00:00,8792.0,8809.548347202079
2021-05-20 06:00:00,8883.0,9010.121354830173
2021-05-20 07:00:00,8934.0,9040.50360604309
2021-05-20 08:00:00,8916.0,9066.54524544293
2021-05-20 09:00:00,8904.0,9053.459003171109
2021-05-20 10:00:00,8810.0,8986.185483089756
2021-05-20 11:00:00,8700.0,8908.663662104605
2021-05-20 12:00:00,8624.0,8850.3326016769
2021-05-20 13:00:00,8631.0,8818.534136517774
2021-05-20 14:00:00,8686.0,8830.505513970635
2021-05-20 15:00:00,8648.0,8890.741410261373
2021-05-20 16:00:00,8734.0,8877.360279260092
2021-05-20 17:00:00,8731.0,8865.912476644437
2021-05-20 18:00:00,8412.0,8568.572256032165
2021-05-20 19:00:00,8490.0,8599.118032336784
2021-05-20 20:00:00,8473.0,8513.406451653089
2021-05-20 21:00:00,8639.5,8286.207708547941
2021-05-20 22:00:00,8639.5,8753.861248017816
2021-05-20 23:00:00,8639.5,8749.32835942043
2021-05-21 00:00:00,8639.5,8713.359957646131
2021-05-21 01:00:00,8667.0,8725.125630197013
2021-05-21 02:00:00,8708.5,8687.960644616238
2021-05-21 03:00:00,8314.0,8408.906195378011
2021-05-21 04:00:00,8848.0,8623.293382855023
2021-05-21 05:00:00,9256.0,9050.64875728227
2021-05-21 06:00:00,9383.0,9352.674504003553
2021-05-21 07:00:00,9419.0,9402.568638360897
2021-05-21 08:00:00,9493.0,9437.065145100305
2021-05-21 09:00:00,9509.0,9466.900997333583
2021-05-21 10:00:00,9376.0,9430.694501466814
2021-05-21 11:00:00,9339.0,9306.644222684437
2021-05-21 12:00:00,9341.0,9271.399512056545
2021-05-21 13:00:00,9323.0,9303.807031641009
2021-05-21 14:00:00,9406.0,9340.871044589308
2021-05-21 15:00:00,9396.0,9422.226699258408
2021-05-21 16:00:00,9472.0,9458.665364703636
2021-05-21 17:00:00,9350.0,9417.868077693773
2021-05-21 18:00:00,8915.0,8993.421275591416
2021-05-21 19:00:00,8911.0,8927.058847490336
2021-05-21 20:00:00,8787.0,8797.710522997057
2021-05-21 21:00:00,8280.0,8675.301896397295
2021-05-21 22:00:00,8696.0,8393.265616562998
2021-05-21 23:00:00,8662.0,8673.070456603982
2021-05-22 00:00:00,8624.0,8631.829742954873
2021-05-22 01:00:00,8579.5,8664.50803887951
2021-05-22 02:00:00,8555.0,8601.793717583836
2021-05-22 03:00:00,8555.0,8410.169735516201
2021-05-22 04:00:00,8155.0,8438.536807236083
2021-05-22 05:00:00,8362.0,8146.782971795898
2021-05-22 06:00:00,8493.0,8515.079411351375
2021-05-22 07:00:00,8557.0,8675.662919021943
2021-05-22 08:00:00,8678.0,8754.167488824763
2021-05-22 09:00:00,8714.0,8800.95221499535
2021-05-22 10:00:00,8646.0,8809.106803338223
2021-05-22 11:00:00,8602.0,8717.458858149199
2021-05-22 12:00:00,8553.0,8713.789441517638
2021-05-22 13:00:00,8531.0,8751.911356050701
2021-05-22 14:00:00,8610.0,8765.125027095775
2021-05-22 15:00:00,8833.0,8863.062028320446
2021-05-22 16:00:00,8926.0,9035.626789093269
2021-05-22 17:00:00,8727.0,9005.893365080536
2021-05-22 18:00:00,8394.0,8675.872341509003
2021-05-22 19:00:00,8474.0,8635.577963538748
2021-05-22 20:00:00,8510.0,8583.123715873646
2021-05-22 21:00:00,8206.0,8183.978917636896
2021-05-22 22:00:00,7860.0,8119.261923592393
2021-05-22 23:00:00,8202.0,8020.709346682432
2021-05-23 00:00:00,8167.0,8212.821394982988
2021-05-23 01:00:00,8118.0,8222.511196060454
2021-05-23 02:00:00,8118.0,8205.733558860473
2021-05-23 03:00:00,8118.0,8169.979017822169
2021-05-23 04:00:00,8118.0,8172.458099132675
2021-05-23 05:00:00,7795.0,8132.235299107238
2021-05-23 06:00:00,8007.0,8122.913727082823
2021-05-23 07:00:00,8136.0,8276.895988675182
2021-05-23 08:00:00,8247.0,8376.990559407122
2021-05-23 09:00:00,8198.0,8427.575636747642
2021-05-23 10:00:00,8100.0,8352.449378009931
2021-05-23 11:00:00,8051.0,8285.781374176362
2021-05-23 12:00:00,8098.0,8267.332100555777
2021-05-23 13:00:00,8152.0,8333.494040373977
2021-05-23 14:00:00,8255.0,8423.903090527589
2021-05-23 15:00:00,8267.0,8558.256465617767
2021-05-23 16:00:00,8387.0,8554.83228817563
2021-05-23 17:00:00,8378.0,8569.3466744488
2021-05-23 18:00:00,8119.0,8417.995528323245
2021-05-23 19:00:00,8359.0,8502.66781747807
2021-05-23 20:00:00,8398.0,8504.89357047889
2021-05-23 21:00:00,7924.0,8204.117374130763
2021-05-23 22:00:00,7698.0,7894.469852606121
2021-05-23 23:00:00,7574.0,7945.604272667058
2021-05-24 00:00:00,7483.0,8037.392341714343
2021-05-24 01:00:00,7464.0,8049.765409863463
2021-05-24 02:00:00,7655.0,7968.528853005244
2021-05-24 03:00:00,8384.0,8229.389572295298
2021-05-24 04:00:00,8988.0,8858.60604623751
2021-05-24 05:00:00,9262.0,9290.20995529486
2021-05-24 06:00:00,9333.0,9387.074178847342
2021-05-24 07:00:00,9332.0,9389.507226429872
2021-05-24 08:00:00,9348.0,9393.276191098976
2021-05-24 09:00:00,9314.0,9380.097349048252
2021-05-24 10:00:00,9157.0,9258.66833418498
2021-05-24 11:00:00,9099.0,9161.777876794804
2021-05-24 12:00:00,9024.0,9158.373958774393
2021-05-24 13:00:00,8971.0,9098.515593781385
2021-05-24 14:00:00,8900.0,9090.665530841445
2021-05-24 15:00:00,8772.0,9066.409755690096
2021-05-24 16:00:00,8810.0,9016.124886311147
2021-05-24 17:00:00,8789.0,8990.147933410124
2021-05-24 18:00:00,8552.0,8699.748706319091
2021-05-24 19:00:00,8635.0,8736.414887376972
2021-05-24 20:00:00,8626.0,8669.184935755518
2021-05-24 21:00:00,8182.0,8496.679412519734
2021-05-24 22:00:00,8780.5,8604.685670884772
2021-05-24 23:00:00,8780.5,8833.718023559242
2021-05-25 00:00:00,8780.5,8855.396814017553
2021-05-25 01:00:00,8774.0,8868.593188719906
2021-05-25 02:00:00,8763.5,8770.613801572894
2021-05-25 03:00:00,8371.0,8630.799510243307
2021-05-25 04:00:00,8755.0,8819.725553379401
2021-05-25 05:00:00,8938.0,9061.681943227097
2021-05-25 06:00:00,8986.0,9149.477477472723
2021-05-25 07:00:00,8966.0,9138.51250276127
2021-05-25 08:00:00,9001.0,9109.45828206956
2021-05-25 09:00:00,9041.0,9111.484046797445
2021-05-25 10:00:00,8910.0,9091.746359501067
2021-05-25 11:00:00,8869.0,8988.87918778153
2021-05-25 12:00:00,8776.0,8954.006587412705
2021-05-25 13:00:00,8754.0,8935.285214449723
2021-05-25 14:00:00,8760.0,8939.167060563428
2021-05-25 15:00:00,8743.0,8922.634775399776
2021-05-25 16:00:00,8781.0,8953.156667139305
2021-05-25 17:00:00,8665.0,8920.709216827767
2021-05-25 18:00:00,8337.0,8593.564016545733
2021-05-25 19:00:00,8465.0,8686.40688283111
2021-05-25 20:00:00,8370.0,8637.255047519555
2021-05-25 21:00:00,8747.5,8398.97654588701
2021-05-25 22:00:00,8747.5,8812.531353563249
2021-05-25 23:00:00,8747.5,8830.498229617247
2021-05-26 00:00:00,8747.5,8852.030641642634
2021-05-26 01:00:00,8747.5,8876.987462925981
2021-05-26 02:00:00,8747.5,8832.20542373296
2021-05-26 03:00:00,8145.0,8582.628244760293
2021-05-26 04:00:00,8752.0,8654.732804173002
2021-05-26 05:00:00,8991.0,9017.346173652011
2021-05-26 06:00:00,9073.0,9165.040401876517
2021-05-26 07:00:00,9258.0,9189.1864476705
2021-05-26 08:00:00,9373.0,9313.614142707847
2021-05-26 09:00:00,9360.0,9388.220650626923
2021-05-26 10:00:00,9272.0,9289.407176907906
2021-05-26 11:00:00,9248.0,9230.950971657237
2021-05-26 12:00:00,9227.0,9218.755957413452
2021-05-26 13:00:00,9304.0,9208.683938548236
2021-05-26 14:00:00,9415.0,9324.24751610879
2021-05-26 15:00:00,9470.0,9409.93733612061
2021-05-26 16:00:00,9489.0,9494.786452723622
2021-05-26 17:00:00,9246.0,9475.34371292944
2021-05-26 18:00:00,8760.0,8962.087382726193
2021-05-26 19:00:00,8795.0,8789.882412730996
2021-05-26 20:00:00,8631.0,8680.169215788668
2021-05-26 21:00:00,8139.0,8621.609076826164
2021-05-26 22:00:00,9213.0,8788.554373510195
2021-05-26 23:00:00,9213.0,9075.85220545825
2021-05-27 00:00:00,9195.5,9146.785407115662
2021-05-27 01:00:00,9166.5,9158.66332810403
2021-05-27 02:00:00,9138.5,9068.667730439682
2021-05-27 03:00:00,8438.0,8855.764979792226
2021-05-27 04:00:00,9010.0,8956.840616415215
2021-05-27 05:00:00,9199.0,9238.879982324303
2021-05-27 06:00:00,9384.0,9322.632296048869
2021-05-27 07:00:00,9411.0,9449.015735952156
2021-05-27 08:00:00,9452.0,9454.916094134274
2021-05-27 09:00:00,9335.0,9469.76955578828
2021-05-27 10:00:00,9304.0,9336.811009861034
2021-05-27 11:00:00,9192.0,9304.915131069985
2021-05-27 12:00:00,9141.0,9225.673550144145
2021-05-27 13:00:00,9136.0,9232.11188616048
2021-05-27 14:00:00,9123.0,9280.179158408668
2021-05-27 15:00:00,9089.0,9310.499981338317
2021-05-27 16:00:00,9091.0,9350.716022292463
2021-05-27 17:00:00,8988.0,9248.955556122342
2021-05-27 18:00:00,8622.0,8857.897073243652
2021-05-27 19:00:00,8669.0,8871.216895707363
2021-05-27 20:00:00,8616.0,8709.188380598725
2021-05-27 21:00:00,8247.0,8465.735957352348
2021-05-27 22:00:00,7936.0,8862.241760581841
2021-05-27 23:00:00,9012.0,8779.942592216625
2021-05-28 00:00:00,8999.0,9021.652539633424
2021-05-28 01:00:00,8972.5,9037.124682047728
2021-05-28 02:00:00,7775.0,8962.339736744636
2021-05-28 03:00:00,8480.0,8391.045211991977
2021-05-28 04:00:00,9014.0,8919.665987201384
2021-05-28 05:00:00,9148.0,9256.225895989093
2021-05-28 06:00:00,9231.0,9346.283106013803
2021-05-28 07:00:00,9244.0,9333.464058632506
2021-05-28 08:00:00,9223.0,9358.761579566335
2021-05-28 09:00:00,9151.0,9288.663579386897
2021-05-28 10:00:00,9010.0,9194.62889042687
2021-05-28 11:00:00,8946.0,9066.003707509055
2021-05-28 12:00:00,8957.0,9031.001093639987
2021-05-28 13:00:00,8869.0,9080.74068950145
2021-05-28 14:00:00,8891.0,9049.580921506904
2021-05-28 15:00:00,8798.0,9072.709494314504
2021-05-28 16:00:00,8751.0,9053.217884093625
2021-05-28 17:00:00,8679.0,8959.710442795542
2021-05-28 18:00:00,8397.0,8649.358019465022
2021-05-28 19:00:00,8513.0,8733.445704400714
2021-05-28 20:00:00,8475.0,8642.80589605495
2021-05-28 21:00:00,8153.0,8261.917826502047
2021-05-28 22:00:00,8392.5,8153.82994617431
2021-05-28 23:00:00,8378.0,8529.86941497487
2021-05-29 00:00:00,8325.5,8521.389307888347
2021-05-29 01:00:00,8260.0,8477.361143261334
2021-05-29 02:00:00,8239.0,8369.893542564037
2021-05-29 03:00:00,8239.0,8395.39687578387
2021-05-29 04:00:00,7830.0,8289.206856934046
2021-05-29 05:00:00,8053.0,8039.933565939419
2021-05-29 06:00:00,8283.0,8372.255746274268
2021-05-29 07:00:00,8388.0,8512.506730358247
2021-05-29 08:00:00,8406.0,8606.147329226447
2021-05-29 09:00:00,8368.0,8596.89702090882
2021-05-29 10:00:00,8237.0,8546.322881261005
2021-05-29 11:00:00,8226.0,8434.45987677934
2021-05-29 12:00:00,8187.0,8419.157307892669
2021-05-29 13:00:00,8241.0,8451.148959635218
2021-05-29 14:00:00,8310.0,8554.631850408083
2021-05-29 15:00:00,8449.0,8608.669762311365
2021-05-29 16:00:00,8573.0,8712.32101706939
2021-05-29 17:00:00,8378.0,8706.29813615716
2021-05-29 18:00:00,8060.0,8397.057885478118
2021-05-29 19:00:00,8152.0,8417.079491232063
2021-05-29 20:00:00,8238.0,8362.510201308654
2021-05-29 21:00:00,7974.0,8083.793643321871
2021-05-29 22:00:00,7718.0,7939.196296273149
2021-05-29 23:00:00,7525.0,7828.675187021142
2021-05-30 00:00:00,7912.0,7788.885076248025
2021-05-30 01:00:00,7887.0,8075.745639471988
2021-05-30 02:00:00,7843.0,8081.56758573828
2021-05-30 03:00:00,7843.0,8019.438389225924
2021-05-30 04:00:00,7843.0,7975.3993862882
2021-05-30 05:00:00,7568.0,7931.958511027099
2021-05-30 06:00:00,7730.0,7954.570041875915
2021-05-30 07:00:00,7918.0,8093.100223801199
2021-05-30 08:00:00,7906.0,8236.173847018496
2021-05-30 09:00:00,7967.0,8201.426502086515
2021-05-30 10:00:00,7868.0,8196.065946929675
2021-05-30 11:00:00,7815.0,8114.577481800307
2021-05-30 12:00:00,7812.0,8058.188594798595
2021-05-30 13:00:00,7818.0,8118.45506695506
2021-05-30 14:00:00,7869.0,8181.738770115418
2021-05-30 15:00:00,7921.0,8265.694656645188
2021-05-30 16:00:00,8100.0,8285.173653705859
2021-05-30 17:00:00,8045.0,8349.600987749347
2021-05-30 18:00:00,7843.0,8158.689095929867
2021-05-30 19:00:00,8034.0,8272.229981013865
2021-05-30 20:00:00,8091.0,8317.71984894071
2021-05-30 21:00:00,7708.0,8002.054055985538
2021-05-30 22:00:00,7412.0,7742.8731943796765
2021-05-30 23:00:00,7240.0,7789.94677535732
2021-05-31 00:00:00,8021.5,7555.913983869317
2021-05-31 01:00:00,8039.5,7971.182155387114
2021-05-31 02:00:00,7323.0,8003.555331496223
2021-05-31 03:00:00,8009.0,8165.157086933473
2021-05-31 04:00:00,8605.0,8629.19282271326
2021-05-31 05:00:00,8970.0,8979.647888383191
2021-05-31 06:00:00,9012.0,9196.099762818603
2021-05-31 07:00:00,8997.0,9149.311482553878
2021-05-31 08:00:00,9032.0,9130.306046530719
2021-05-31 09:00:00,9076.0,9127.74683950113
2021-05-31 10:00:00,9019.0,9113.909725532567
2021-05-31 11:00:00,8815.0,9025.328180732211
2021-05-31 12:00:00,8790.0,8902.546275844716
2021-05-31 13:00:00,8689.0,8895.810813498976
2021-05-31 14:00:00,8652.0,8857.473379407535
2021-05-31 15:00:00,8606.0,8778.17873060408
2021-05-31 16:00:00,8621.0,8794.847734148638
2021-05-31 17:00:00,8555.0,8766.918582778766
2021-05-31 18:00:00,8208.0,8510.800857047316
2021-05-31 19:00:00,8245.0,8472.594848299173
2021-05-31 20:00:00,8186.0,8415.111717935766
2021-05-31 21:00:00,7724.0,8097.143786172281
2021-05-31 22:00:00,8580.5,8517.78242774366
2021-05-31 23:00:00,8580.5,8684.93363162286
2021-06-01 00:00:00,8580.5,8666.007539746315
2021-06-01 01:00:00,8571.0,8676.073403243481
2021-06-01 02:00:00,8546.0,8637.732553823265
2021-06-01 03:00:00,8088.0,8399.594195532385
2021-06-01 04:00:00,8537.0,8522.22363014647
2021-06-01 05:00:00,8711.0,8829.86218986119
2021-06-01 06:00:00,8800.0,8960.415042947567
2021-06-01 07:00:00,8809.0,8971.286804723773
2021-06-01 08:00:00,8880.0,8968.13874691871
2021-06-01 09:00:00,8883.0,8996.721659695686
2021-06-01 10:00:00,8746.0,8957.105096897172
2021-06-01 11:00:00,8636.0,8839.817322704852
2021-06-01 12:00:00,8587.0,8765.473224633733
2021-06-01 13:00:00,8532.0,8748.380739001217
2021-06-01 14:00:00,8545.0,8720.21207213195
2021-06-01 15:00:00,8493.0,8714.776618562422
2021-06-01 16:00:00,8497.0,8740.576043812795
2021-06-01 17:00:00,8445.0,8676.980334291307
2021-06-01 18:00:00,8122.0,8368.277604282039
2021-06-01 19:00:00,8102.0,8358.398566913476
2021-06-01 20:00:00,7970.0,8277.186089609122
2021-06-01 21:00:00,7625.0,8184.530246362303
2021-06-01 22:00:00,8469.0,8331.265242732072
2021-06-01 23:00:00,8469.0,8594.971005688556
2021-06-02 00:00:00,8469.0,8594.71066241953
2021-06-02 01:00:00,8469.0,8611.311587566295
2021-06-02 02:00:00,8469.0,8577.269642236055
2021-06-02 03:00:00,7915.0,8198.144384447272
2021-06-02 04:00:00,8366.0,8446.535719337971
2021-06-02 05:00:00,8652.0,8699.586872961225
2021-06-02 06:00:00,8726.0,8892.40050468421
2021-06-02 07:00:00,8723.0,8900.732945778236
2021-06-02 08:00:00,8741.0,8908.486330519605
2021-06-02 09:00:00,8794.0,8898.48208289654
2021-06-02 10:00:00,8681.0,8871.348219418805
2021-06-02 11:00:00,8588.0,8752.097064563892
2021-06-02 12:00:00,8557.0,8706.238737127469
2021-06-02 13:00:00,8528.0,8699.674565098374
2021-06-02 14:00:00,8476.0,8685.667457111509
2021-06-02 15:00:00,8371.0,8672.56908438317
2021-06-02 16:00:00,8405.0,8651.224457195669
2021-06-02 17:00:00,8347.0,8608.967705217205
2021-06-02 18:00:00,7961.0,8317.839452138038
2021-06-02 19:00:00,7957.0,8265.809971297433
2021-06-02 20:00:00,7820.0,8158.397015461476
2021-06-02 21:00:00,7445.0,7974.706870745538
2021-06-02 22:00:00,8334.0,8258.767892827282
2021-06-02 23:00:00,8334.0,8489.117556965763
2021-06-03 00:00:00,8334.0,8488.234886220784
2021-06-03 01:00:00,8334.0,8507.39380151605
2021-06-03 02:00:00,8334.0,8471.100354231126
2021-06-03 03:00:00,7660.0,8122.082428982752
2021-06-03 04:00:00,8148.0,8322.698770093903
2021-06-03 05:00:00,8321.0,8535.021469957239
2021-06-03 06:00:00,8463.0,8667.418908424544
2021-06-03 07:00:00,8483.0,8765.717695617865
2021-06-03 08:00:00,8595.0,8756.105957455418
2021-06-03 09:00:00,8567.0,8805.362178969019
2021-06-03 10:00:00,8517.0,8724.792788632583
2021-06-03 11:00:00,8491.0,8645.51884054661
2021-06-03 12:00:00,8471.0,8648.930157011902
2021-06-03 13:00:00,8450.0,8661.29966009845
2021-06-03 14:00:00,8402.0,8660.229721890972
2021-06-03 15:00:00,8370.0,8604.008485536928
2021-06-03 16:00:00,8324.0,8620.239666363164
2021-06-03 17:00:00,8196.0,8515.280609613399
2021-06-03 18:00:00,7834.0,8204.102343695555
2021-06-03 19:00:00,7883.0,8178.1244977206115
2021-06-03 20:00:00,7794.0,8078.325265283064
2021-06-03 21:00:00,7438.0,7830.674206154563
2021-06-03 22:00:00,7110.0,8109.166758408308
2021-06-03 23:00:00,8313.5,7968.6107072183795
2021-06-04 00:00:00,8313.5,8425.728582006092
2021-06-04 01:00:00,8313.5,8443.70329457735
2021-06-04 02:00:00,7094.0,8278.972946694175
2021-06-04 03:00:00,7732.0,7788.280356191379
2021-06-04 04:00:00,8303.0,8212.703885719215
2021-06-04 05:00:00,8575.0,8608.773993588191
2021-06-04 06:00:00,8769.0,8831.604991048349
2021-06-04 07:00:00,8801.0,8906.43053112138
2021-06-04 08:00:00,8880.0,8922.283574417866
2021-06-04 09:00:00,8856.0,8972.166026089793
2021-06-04 10:00:00,8760.0,8893.182981387616
2021-06-04 11:00:00,8676.0,8828.847209554582
2021-06-04 12:00:00,8602.0,8738.407593270716
2021-06-04 13:00:00,8572.0,8739.344025469853
2021-06-04 14:00:00,8477.0,8735.609789803746
2021-06-04 15:00:00,8396.0,8655.586363002792
2021-06-04 16:00:00,8446.0,8615.030984974412
2021-06-04 17:00:00,8350.0,8579.62581328101
2021-06-04 18:00:00,8048.0,8204.979439443803
2021-06-04 19:00:00,8021.0,8214.053975770601
2021-06-04 20:00:00,7848.0,8123.537021924732
2021-06-04 21:00:00,7464.0,7784.12145749153
2021-06-04 22:00:00,7837.5,7783.560475279409
2021-06-04 23:00:00,7821.5,8004.941017610206
2021-06-05 00:00:00,7807.5,8022.775157380625
2021-06-05 01:00:00,7797.5,8030.261570145123
2021-06-05 02:00:00,7797.5,7995.401017701721
2021-06-05 03:00:00,7797.5,7906.207011990682
2021-06-05 04:00:00,7184.0,7908.4590943559015
2021-06-05 05:00:00,7477.0,7735.848648796905
2021-06-05 06:00:00,7609.0,7929.924964531017
2021-06-05 07:00:00,7816.0,8008.809479851652
2021-06-05 08:00:00,7827.0,8096.742539948965
2021-06-05 09:00:00,7858.0,8089.433476243764
2021-06-05 10:00:00,7799.0,8142.006398312873
2021-06-05 11:00:00,7772.0,8051.730510494696
2021-06-05 12:00:00,7796.0,8071.017482892561
2021-06-05 13:00:00,7915.0,8106.21041257491
2021-06-05 14:00:00,7962.0,8243.334067460562
2021-06-05 15:00:00,7952.0,8293.150414348127
2021-06-05 16:00:00,7895.0,8273.4174533648
2021-06-05 17:00:00,7760.0,8158.135842335068
2021-06-05 18:00:00,7538.0,7897.750384762427
2021-06-05 19:00:00,7612.0,7904.905839677263
2021-06-05 20:00:00,7585.0,7882.782154987863
2021-06-05 21:00:00,7261.0,7621.5379433182425
2021-06-05 22:00:00,6894.0,7561.018050313784
2021-06-05 23:00:00,6761.0,7403.151183292231
2021-06-06 00:00:00,7598.5,7062.85806066626
2021-06-06 01:00:00,7598.5,7701.99679191531
2021-06-06 02:00:00,7598.5,7708.021753323565
2021-06-06 03:00:00,7598.5,7739.327489326394
2021-06-06 04:00:00,7598.5,7680.456087116949
2021-06-06 05:00:00,7026.0,7629.803939884882
2021-06-06 06:00:00,7343.0,7582.270159901051
2021-06-06 07:00:00,7642.0,7840.581174586261
2021-06-06 08:00:00,7739.0,8007.462085194271
2021-06-06 09:00:00,7795.0,8023.51172003172
2021-06-06 10:00:00,7741.0,8007.563183047894
2021-06-06 11:00:00,7724.0,7955.740817561599
2021-06-06 12:00:00,7716.0,7967.055012393794
2021-06-06 13:00:00,7687.0,8015.499139295485
2021-06-06 14:00:00,7738.0,8053.449371271559
2021-06-06 15:00:00,7864.0,8094.382302434392
2021-06-06 16:00:00,7889.0,8194.78487128311
2021-06-06 17:00:00,7763.0,8082.947917106936
2021-06-06 18:00:00,7403.0,7874.662954385563
2021-06-06 19:00:00,7529.0,7837.333234119966
2021-06-06 20:00:00,7562.0,7806.343696930557
2021-06-06 21:00:00,7196.0,7501.36565039656
2021-06-06 22:00:00,6811.0,7384.485895148934
2021-06-06 23:00:00,7720.0,7437.387155071862
2021-06-07 00:00:00,7727.0,7900.6871463948955
2021-06-07 01:00:00,7750.5,7935.104126996919
2021-06-07 02:00:00,7813.5,7667.484746933622
2021-06-07 03:00:00,7505.0,8008.540023272904
2021-06-07 04:00:00,8057.0,8229.734036100674
2021-06-07 05:00:00,8401.0,8567.223141805403
2021-06-07 06:00:00,8621.0,8728.717474345909
2021-06-07 07:00:00,8648.0,8870.18363138562
2021-06-07 08:00:00,8722.0,8862.122489804126
2021-06-07 09:00:00,8804.0,8896.552829131197
2021-06-07 10:00:00,8751.0,8907.279897926383
2021-06-07 11:00:00,8679.0,8830.924849759032
2021-06-07 12:00:00,8610.0,8734.641244888666
2021-06-07 13:00:00,8427.0,8726.131502565137
2021-06-07 14:00:00,8373.0,8594.97093674461
2021-06-07 15:00:00,8346.0,8562.297786369796
2021-06-07 16:00:00,8363.0,8556.107694332612
2021-06-07 17:00:00,8299.0,8517.409192089237
2021-06-07 18:00:00,7928.0,8272.80566326043
2021-06-07 19:00:00,7941.0,8173.205183225474
2021-06-07 20:00:00,7733.0,8096.660712977549
2021-06-07 21:00:00,7323.0,7999.040672837492
2021-06-07 22:00:00,8322.5,8137.634149886591
2021-06-07 23:00:00,8322.5,8428.26400697087
2021-06-08 00:00:00,8322.5,8424.809343649962
2021-06-08 01:00:00,8322.5,8456.465936436356
2021-06-08 02:00:00,8322.5,8405.58263231764
2021-06-08 03:00:00,7543.0,8133.376310549298
2021-06-08 04:00:00,8124.0,8305.304393162292
2021-06-08 05:00:00,8402.0,8502.224177346006
2021-06-08 06:00:00,8529.0,8695.476280184146
2021-06-08 07:00:00,8631.0,8734.189380401323
2021-06-08 08:00:00,8760.0,8809.441299453847
2021-06-08 09:00:00,8772.0,8912.813984717479
2021-06-08 10:00:00,8742.0,8858.67385460658
2021-06-08 11:00:00,8584.0,8805.740707921934
2021-06-08 12:00:00,8570.0,8699.366146023038
2021-06-08 13:00:00,8473.0,8699.04270887682
2021-06-08 14:00:00,8490.0,8645.278519348682
2021-06-08 15:00:00,8428.0,8637.087218724933
2021-06-08 16:00:00,8448.0,8640.874941873262
2021-06-08 17:00:00,8294.0,8597.446011176884
2021-06-08 18:00:00,8012.0,8226.31643152274
2021-06-08 19:00:00,8014.0,8250.095106589848
2021-06-08 20:00:00,7857.0,8085.576312068391
2021-06-08 21:00:00,8286.0,7958.3795047791455
2021-06-08 22:00:00,8286.0,8487.531206843636
2021-06-08 23:00:00,8286.0,8469.535013944385
2021-06-09 00:00:00,8286.0,8469.54121878501
2021-06-09 01:00:00,8286.0,8489.808484080277
2021-06-09 02:00:00,8286.0,8453.959996823545
2021-06-09 03:00:00,7580.0,8085.649107716826
2021-06-09 04:00:00,8077.0,8287.956789418633
2021-06-09 05:00:00,8278.0,8499.59725868858
2021-06-09 06:00:00,8464.0,8578.640493656107
2021-06-09 07:00:00,8506.0,8731.19779780579
2021-06-09 08:00:00,8565.0,8744.756677292407
2021-06-09 09:00:00,8735.0,8765.796289488142
2021-06-09 10:00:00,8659.0,8838.94265136561
2021-06-09 11:00:00,8589.0,8739.476040835378
2021-06-09 12:00:00,8568.0,8714.913924482715
2021-06-09 13:00:00,8632.0,8712.84862030339
2021-06-09 14:00:00,8619.0,8769.453797619633
2021-06-09 15:00:00,8583.0,8761.916581089008
2021-06-09 16:00:00,8543.0,8772.348642753703
2021-06-09 17:00:00,8445.0,8643.631216833603
2021-06-09 18:00:00,8102.0,8333.400618611575
2021-06-09 19:00:00,8079.0,8274.880420069694
2021-06-09 20:00:00,7862.0,8104.518385913119
2021-06-09 21:00:00,8403.0,8238.175215508547
2021-06-09 22:00:00,8403.0,8545.3791822487
2021-06-09 23:00:00,8403.0,8516.278582004936
2021-06-10 00:00:00,8403.0,8515.26033446104
2021-06-10 01:00:00,8403.0,8541.014260821048
2021-06-10 02:00:00,8403.0,8501.278183603776
2021-06-10 03:00:00,7551.0,8081.273296936755
2021-06-10 04:00:00,8005.0,8301.853273837893
2021-06-10 05:00:00,8361.0,8461.387299967606
2021-06-10 06:00:00,8527.0,8649.892269251402
2021-06-10 07:00:00,8589.0,8729.942165896122
2021-06-10 08:00:00,8684.0,8799.40652384522
2021-06-10 09:00:00,8730.0,8836.26903402314
2021-06-10 10:00:00,8660.0,8829.72933174473
2021-06-10 11:00:00,8647.0,8750.71866991947
2021-06-10 12:00:00,8599.0,8753.60653377536
2021-06-10 13:00:00,8599.0,8758.869733817068
2021-06-10 14:00:00,8603.0,8773.521820020942
2021-06-10 15:00:00,8510.0,8769.80168613672
2021-06-10 16:00:00,8485.0,8719.328389483315
2021-06-10 17:00:00,8446.0,8649.683589190603
2021-06-10 18:00:00,8141.0,8353.604931833332
2021-06-10 19:00:00,8160.0,8302.717127184033
2021-06-10 20:00:00,7916.0,8150.967950862589
2021-06-10 21:00:00,7512.0,8167.896509930279
2021-06-10 22:00:00,8465.5,8146.041664903577
2021-06-10 23:00:00,6940.0,8589.310282405597
2021-06-11 00:00:00,8465.5,8076.852327692181
2021-06-11 01:00:00,6849.0,8591.880858349987
2021-06-11 02:00:00,7095.0,7951.67774910661
2021-06-11 03:00:00,7679.0,7805.552648175875
2021-06-11 04:00:00,8240.0,8101.953383764847
2021-06-11 05:00:00,8544.0,8589.338293233683
2021-06-11 06:00:00,8823.0,8781.159673244249
2021-06-11 07:00:00,8886.0,8948.408710428961
2021-06-11 08:00:00,8938.0,9008.250677533604
2021-06-11 09:00:00,9010.0,9024.230928544548
2021-06-11 10:00:00,8913.0,9026.75399974896
2021-06-11 11:00:00,8818.0,8956.098131044087
2021-06-11 12:00:00,8728.0,8886.537455966763
2021-06-11 13:00:00,8653.0,8837.032093594962
2021-06-11 14:00:00,8548.0,8794.224757149388
2021-06-11 15:00:00,8440.0,8725.793019479304
2021-06-11 16:00:00,8310.0,8681.085027332634
2021-06-11 17:00:00,8184.0,8515.505064618728
2021-06-11 18:00:00,7927.0,8203.498200565118
2021-06-11 19:00:00,7896.0,8207.367237635843
2021-06-11 20:00:00,7798.0,8042.160922519887
2021-06-11 21:00:00,7407.0,7695.190972541717
2021-06-11 22:00:00,7056.0,7719.598972893741
2021-06-11 23:00:00,7911.5,7722.155770391655
2021-06-12 00:00:00,7911.5,8014.282194077799
2021-06-12 01:00:00,7911.5,7940.424584001403
2021-06-12 02:00:00,7911.5,7907.229723920498
2021-06-12 03:00:00,7911.5,7872.336391543993
2021-06-12 04:00:00,7250.0,7868.073378410561
2021-06-12 05:00:00,7528.0,7680.369716410266
2021-06-12 06:00:00,7682.0,7902.192720698467
2021-06-12 07:00:00,7932.0,7986.953193318859
2021-06-12 08:00:00,8062.0,8128.295246403547
2021-06-12 09:00:00,8037.0,8230.662706569636
2021-06-12 10:00:00,8086.0,8176.738766692071
2021-06-12 11:00:00,8080.0,8215.159099326556
2021-06-12 12:00:00,8119.0,8237.712652088616
2021-06-12 13:00:00,8229.0,8320.685779351908
2021-06-12 14:00:00,8300.0,8448.878456678449
2021-06-12 15:00:00,8438.0,8497.974555629133
2021-06-12 16:00:00,8237.0,8532.899612530431
2021-06-12 17:00:00,8093.0,8295.394907161957
2021-06-12 18:00:00,7802.0,7986.556912622287
2021-06-12 19:00:00,7814.0,7992.220993187688
2021-06-12 20:00:00,7774.0,7885.459117502594
2021-06-12 21:00:00,7392.0,7564.739857926046
2021-06-12 22:00:00,7075.0,7411.533947023948
2021-06-12 23:00:00,6878.0,7440.765182553413
2021-06-13 00:00:00,6744.0,7592.4359248657165
2021-06-13 01:00:00,6664.0,7304.223417477711
2021-06-13 02:00:00,7756.5,7260.435288503782
2021-06-13 03:00:00,7756.5,7761.126747611407
2021-06-13 04:00:00,7756.5,7674.339118379177
2021-06-13 05:00:00,7756.5,7633.766911840047
2021-06-13 06:00:00,7541.0,7795.382038238771
2021-06-13 07:00:00,7761.0,7892.597969926186
2021-06-13 08:00:00,7895.0,8049.220677515863
2021-06-13 09:00:00,7826.0,8090.206681853188
2021-06-13 10:00:00,7779.0,8028.995525507726
2021-06-13 11:00:00,7704.0,8006.3182290796785
2021-06-13 12:00:00,7752.0,7958.030401065238
2021-06-13 13:00:00,7768.0,8058.426253274077
2021-06-13 14:00:00,7813.0,8099.102818862349
2021-06-13 15:00:00,7834.0,8141.978036842458
2021-06-13 16:00:00,7918.0,8154.778518707013
2021-06-13 17:00:00,7903.0,8131.940006391973
2021-06-13 18:00:00,7712.0,7936.003459117566
2021-06-13 19:00:00,7821.0,7973.289979214055
2021-06-13 20:00:00,7793.0,7936.3264625472475
2021-06-13 21:00:00,7469.0,7554.68016750389
2021-06-13 22:00:00,7786.0,7409.888605490823
2021-06-13 23:00:00,7803.0,7815.595573885607
2021-06-14 00:00:00,7817.0,7830.55615154593
2021-06-14 01:00:00,7827.5,7889.374438191528
2021-06-14 02:00:00,7868.5,7801.686065324433
2021-06-14 03:00:00,7744.0,7781.358732462688
2021-06-14 04:00:00,8151.0,8163.31008069475
2021-06-14 05:00:00,8445.0,8505.81911095828
2021-06-14 06:00:00,8570.0,8751.884679763392
2021-06-14 07:00:00,8578.0,8807.043879112138
2021-06-14 08:00:00,8737.0,8830.762741916289
2021-06-14 09:00:00,8707.0,8925.009541512969
2021-06-14 10:00:00,8725.0,8837.197889065916
2021-06-14 11:00:00,8589.0,8807.556211570216
2021-06-14 12:00:00,8525.0,8711.363294486622
2021-06-14 13:00:00,8467.0,8646.660559318963
2021-06-14 14:00:00,8502.0,8646.957240173539
2021-06-14 15:00:00,8453.0,8638.332050928058
2021-06-14 16:00:00,8472.0,8645.415597655705
2021-06-14 17:00:00,8320.0,8618.153601802565
2021-06-14 18:00:00,8096.0,8283.716552768461
2021-06-14 19:00:00,8139.0,8235.73772410824
2021-06-14 20:00:00,8013.0,8172.847790661512
2021-06-14 21:00:00,7597.0,7944.627546666183
2021-06-14 22:00:00,8386.5,8437.373398944019
2021-06-14 23:00:00,8386.5,8505.806482213033
2021-06-15 00:00:00,8386.5,8482.22230122535
2021-06-15 01:00:00,8386.5,8503.516487965298
2021-06-15 02:00:00,8386.5,8471.374902127449
2021-06-15 03:00:00,7859.0,8155.088820656689
2021-06-15 04:00:00,8300.0,8382.599171693058
2021-06-15 05:00:00,8593.0,8604.965536585616
2021-06-15 06:00:00,8737.0,8823.367368339927
2021-06-15 07:00:00,8742.0,8888.73812051317
2021-06-15 08:00:00,8833.0,8905.180843116223
2021-06-15 09:00:00,8880.0,8949.009354180267
2021-06-15 10:00:00,8810.0,8937.974465942152
2021-06-15 11:00:00,8741.0,8873.74357189155
2021-06-15 12:00:00,8602.0,8803.935070021325
2021-06-15 13:00:00,8580.0,8748.693967620962
2021-06-15 14:00:00,8565.0,8752.247750292918
2021-06-15 15:00:00,8498.0,8739.61709083906
2021-06-15 16:00:00,8492.0,8722.636246570888
2021-06-15 17:00:00,8420.0,8639.027204889382
2021-06-15 18:00:00,8166.0,8334.644964603734
2021-06-15 19:00:00,8130.0,8346.552621409568
2021-06-15 20:00:00,7986.0,8223.901377096372
2021-06-15 21:00:00,7651.0,8080.470904725455
2021-06-15 22:00:00,8456.0,8525.079114279477
2021-06-15 23:00:00,8456.0,8610.868605933654
2021-06-16 00:00:00,8456.0,8600.945162466727
2021-06-16 01:00:00,8456.0,8623.808477761993
2021-06-16 02:00:00,8456.0,8567.991900021565
2021-06-16 03:00:00,7828.0,8112.779071692644
2021-06-16 04:00:00,8267.0,8389.942015601659
2021-06-16 05:00:00,8502.0,8596.304476833906
2021-06-16 06:00:00,8661.0,8788.415387847004
2021-06-16 07:00:00,8726.0,8840.609507127163
2021-06-16 08:00:00,8786.0,8901.687671279424
2021-06-16 09:00:00,8869.0,8943.347507142464
2021-06-16 10:00:00,8787.0,8937.445436575104
2021-06-16 11:00:00,8591.0,8859.042683451158
2021-06-16 12:00:00,8621.0,8714.05110543906
2021-06-16 13:00:00,8651.0,8753.579297784017
2021-06-16 14:00:00,8623.0,8776.308325588741
2021-06-16 15:00:00,8491.0,8770.467923453103
2021-06-16 16:00:00,8555.0,8716.769305156704
2021-06-16 17:00:00,8470.0,8701.943641203743
2021-06-16 18:00:00,8167.0,8360.91978036045
2021-06-16 19:00:00,8167.0,8351.048475449184
2021-06-16 20:00:00,7970.0,8211.18222949311
2021-06-16 21:00:00,8480.5,8081.422386804599
2021-06-16 22:00:00,8480.5,8618.680247787861
2021-06-16 23:00:00,8480.5,8605.107926065948
2021-06-17 00:00:00,8480.5,8614.946761938572
2021-06-17 01:00:00,8480.5,8636.072177233838
2021-06-17 02:00:00,8480.5,8594.368616844533
2021-06-17 03:00:00,8480.5,8156.495265993621
2021-06-17 04:00:00,8350.0,8546.06253637759
2021-06-17 05:00:00,8542.0,8647.994220522827
2021-06-17 06:00:00,8642.0,8810.526211106246
2021-06-17 07:00:00,8598.0,8842.746012407928
2021-06-17 08:00:00,8594.0,8834.68804319713
2021-06-17 09:00:00,8709.0,8807.256846359533
2021-06-17 10:00:00,8693.0,8841.680299120624
2021-06-17 11:00:00,8661.0,8788.562344515298
2021-06-17 12:00:00,8686.0,8763.237268926265
2021-06-17 13:00:00,8706.0,8835.38915181084
2021-06-17 14:00:00,8701.0,8860.171716830791
2021-06-17 15:00:00,8616.0,8832.71522642679
2021-06-17 16:00:00,8589.0,8825.879027190753
2021-06-17 17:00:00,8533.0,8737.863473757425
2021-06-17 18:00:00,8320.0,8405.150677893507
2021-06-17 19:00:00,8292.0,8420.167145196647
2021-06-17 20:00:00,8160.0,8259.30602923097
2021-06-17 21:00:00,7854.0,8266.170754489814
2021-06-17 22:00:00,8561.0,8469.210089444623
2021-06-17 23:00:00,8561.0,8621.914272131806
2021-06-18 00:00:00,8561.0,8642.741047637599
2021-06-18 01:00:00,8561.0,8626.466771629466
2021-06-18 02:00:00,8561.0,8550.062326550644
2021-06-18 03:00:00,7973.0,8286.74917777048
2021-06-18 04:00:00,8321.0,8458.199446736691
2021-06-18 05:00:00,8625.0,8640.944154258319
2021-06-18 06:00:00,8833.0,8868.065335493424
2021-06-18 07:00:00,8885.0,8945.578816981177
2021-06-18 08:00:00,8919.0,8991.59999970424
2021-06-18 09:00:00,9002.0,9021.354984852605
2021-06-18 10:00:00,8981.0,9030.854603586897
2021-06-18 11:00:00,8930.0,9025.012681062033
2021-06-18 12:00:00,8915.0,8984.753575083723
2021-06-18 13:00:00,8908.0,9009.072533128505
2021-06-18 14:00:00,8913.0,9021.069946462398
2021-06-18 15:00:00,8758.0,8996.786212401199
2021-06-18 16:00:00,8680.0,8909.57012592448
2021-06-18 17:00:00,8516.0,8708.32433864662
2021-06-18 18:00:00,8231.0,8378.445146888404
2021-06-18 19:00:00,8265.0,8354.942606494329
2021-06-18 20:00:00,8164.0,8252.987794742818
2021-06-18 21:00:00,7840.0,7942.289458325065
2021-06-18 22:00:00,7449.0,7985.494432265558
2021-06-18 23:00:00,7218.0,7981.683048977183
2021-06-19 00:00:00,8184.5,7832.910509616313
2021-06-19 01:00:00,8184.5,8268.538940996912
2021-06-19 02:00:00,8184.5,8231.035730394104
2021-06-19 03:00:00,8184.5,8156.101974701265
2021-06-19 04:00:00,7558.0,8061.270596998671
2021-06-19 05:00:00,7802.0,7741.908365595117
2021-06-19 06:00:00,7992.0,8075.799132259659
2021-06-19 07:00:00,8156.0,8247.649443684419
2021-06-19 08:00:00,8250.0,8373.9227194881
2021-06-19 09:00:00,8253.0,8419.836775969094
2021-06-19 10:00:00,8205.0,8397.395660145348
2021-06-19 11:00:00,8231.0,8354.185532858375
2021-06-19 12:00:00,8294.0,8370.964526871987
2021-06-19 13:00:00,8322.0,8503.265255611279
2021-06-19 14:00:00,8327.0,8577.767249125252
2021-06-19 15:00:00,8297.0,8574.294952756962
2021-06-19 16:00:00,8346.0,8535.381685893055
2021-06-19 17:00:00,8242.0,8444.383932628723
2021-06-19 18:00:00,7990.0,8183.937422549241
2021-06-19 19:00:00,8012.0,8210.753463057476
2021-06-19 20:00:00,8004.0,8108.604396469949
2021-06-19 21:00:00,7743.0,7828.521533524462
2021-06-19 22:00:00,7400.0,7664.817626885089
2021-06-19 23:00:00,7251.0,7609.121699757544
2021-06-20 00:00:00,7085.0,7555.204124235428
2021-06-20 01:00:00,7997.0,7586.59386807748
2021-06-20 02:00:00,7044.0,8037.238415243927
2021-06-20 03:00:00,7136.0,7602.302150849997
2021-06-20 04:00:00,7333.0,7571.366369297288
2021-06-20 05:00:00,7585.0,7663.429332722663
2021-06-20 06:00:00,7811.0,7889.290791186133
2021-06-20 07:00:00,7974.0,8083.540723323547
2021-06-20 08:00:00,8126.0,8211.560395904913
2021-06-20 09:00:00,8216.0,8278.489081378515
2021-06-20 10:00:00,8182.0,8284.89189950931
2021-06-20 11:00:00,8190.0,8270.054633530159
2021-06-20 12:00:00,8148.0,8309.91428557931
2021-06-20 13:00:00,8112.0,8325.196861243328
2021-06-20 14:00:00,8176.0,8352.36478130318
2021-06-20 15:00:00,8085.0,8388.150347382238
2021-06-20 16:00:00,8042.0,8364.03077288995
2021-06-20 17:00:00,7994.0,8252.149363031122
2021-06-20 18:00:00,7784.0,8083.720573251858
2021-06-20 19:00:00,7897.0,8111.660882473114
2021-06-20 20:00:00,7769.0,8086.113230255187
2021-06-20 21:00:00,7469.0,7727.051392446483
2021-06-20 22:00:00,7163.0,7567.364863988761
2021-06-20 23:00:00,8063.5,7768.569933959819
2021-06-21 00:00:00,8063.5,8099.531336271686
2021-06-21 01:00:00,8063.5,8194.573476145355
2021-06-21 02:00:00,7060.0,8020.35907492114
2021-06-21 03:00:00,7622.0,7993.095697485543
2021-06-21 04:00:00,8280.0,8329.362045235954
2021-06-21 05:00:00,8632.0,8666.185327242634
2021-06-21 06:00:00,8791.0,8880.307744455973
2021-06-21 07:00:00,8938.0,8957.743888096797
2021-06-21 08:00:00,9119.0,9072.425010000128
2021-06-21 09:00:00,9180.0,9210.713761117957
2021-06-21 10:00:00,9152.0,9164.352275271962
2021-06-21 11:00:00,9191.0,9122.389016943065
2021-06-21 12:00:00,9102.0,9156.250582241222
2021-06-21 13:00:00,8989.0,9154.529299763171
2021-06-21 14:00:00,8935.0,9071.967836778154
2021-06-21 15:00:00,8758.0,9005.387611492219
2021-06-21 16:00:00,8569.0,8917.790618590096
2021-06-21 17:00:00,8600.0,8719.275331617098
2021-06-21 18:00:00,8446.0,8516.136058761544
2021-06-21 19:00:00,8427.0,8532.299520756633
2021-06-21 20:00:00,8239.0,8403.583283244468
2021-06-21 21:00:00,7896.0,8301.718847467611
2021-06-21 22:00:00,7566.0,8475.882969655857
2021-06-21 23:00:00,7315.0,8529.652349964488
2021-06-22 00:00:00,8558.5,8316.963697743351
2021-06-22 01:00:00,8558.5,8656.62765022347
2021-06-22 02:00:00,8558.5,8603.69424374937
2021-06-22 03:00:00,7795.0,8313.534755617595
2021-06-22 04:00:00,8260.0,8422.678976327645
2021-06-22 05:00:00,8548.0,8643.25325287457
2021-06-22 06:00:00,8776.0,8859.322958598601
2021-06-22 07:00:00,8846.0,8957.484686802125
2021-06-22 08:00:00,9010.0,8995.998218377898
2021-06-22 09:00:00,9062.0,9107.588469628532
2021-06-22 10:00:00,8993.0,9095.729162757076
2021-06-22 11:00:00,9014.0,9048.725609703151
2021-06-22 12:00:00,8963.0,9060.980672047623
2021-06-22 13:00:00,8881.0,9046.160171172456
2021-06-22 14:00:00,8823.0,9024.259956353719
2021-06-22 15:00:00,8634.0,8940.812748481985
2021-06-22 16:00:00,8562.0,8820.471866780725
2021-06-22 17:00:00,8470.0,8737.273567591636
2021-06-22 18:00:00,8324.0,8468.527814549081
2021-06-22 19:00:00,8441.0,8506.853143233033
2021-06-22 20:00:00,8343.0,8410.442607622936
2021-06-22 21:00:00,8033.0,8245.196767502339
2021-06-22 22:00:00,7701.0,8251.634998283393
2021-06-22 23:00:00,7524.0,8275.02492792934
2021-06-23 00:00:00,7430.0,8318.962286809223
2021-06-23 01:00:00,7418.0,8247.69266256134
2021-06-23 02:00:00,7543.0,8194.924320424889
2021-06-23 03:00:00,8068.0,8111.021123976576
2021-06-23 04:00:00,8415.0,8376.232706499928
2021-06-23 05:00:00,8645.0,8656.844829132235
2021-06-23 06:00:00,8904.0,8865.332100840176
2021-06-23 07:00:00,8981.0,9030.936186753666
2021-06-23 08:00:00,9000.0,9077.635845031706
2021-06-23 09:00:00,9141.0,9084.204929812886
2021-06-23 10:00:00,9097.0,9109.970121113989
2021-06-23 11:00:00,9030.0,9098.398108699741
2021-06-23 12:00:00,8919.0,9041.931206321206
2021-06-23 13:00:00,8785.0,9007.000608699771
2021-06-23 14:00:00,8760.0,8934.570182440744
2021-06-23 15:00:00,8461.0,8867.719470173917
2021-06-23 16:00:00,8132.0,8702.936856457995
2021-06-23 17:00:00,8072.0,8419.144655279084
2021-06-23 18:00:00,8064.0,8227.776290035474
2021-06-23 19:00:00,8035.0,8336.364163738943
2021-06-23 20:00:00,7891.0,8210.810314383023
2021-06-23 21:00:00,7535.0,7922.922900439552
2021-06-23 22:00:00,7147.0,8051.146691484856
2021-06-23 23:00:00,7077.0,8205.768730953787
2021-06-24 00:00:00,8049.5,8100.07756589428
2021-06-24 01:00:00,8039.0,8209.852369266135
2021-06-24 02:00:00,8034.0,8063.728313087446
2021-06-24 03:00:00,8015.5,8072.852743112162
2021-06-24 04:00:00,7616.0,8443.066572700951
2021-06-24 05:00:00,7848.0,8248.554093940606
2021-06-24 06:00:00,8033.0,8322.881633569026
2021-06-24 07:00:00,8260.0,8389.94124962736
2021-06-24 08:00:00,8246.0,8550.549778448445
2021-06-24 09:00:00,8262.0,8514.146279734514
2021-06-24 10:00:00,8224.0,8476.528420909512
2021-06-24 11:00:00,8097.0,8411.933342472803
2021-06-24 12:00:00,8043.0,8341.99651524934
2021-06-24 13:00:00,7998.0,8334.382641854274
2021-06-24 14:00:00,7971.0,8307.45721072233
2021-06-24 15:00:00,7844.0,8293.381813726794
2021-06-24 16:00:00,7778.0,8185.777153397328
2021-06-24 17:00:00,7958.0,8061.833189643285
2021-06-24 18:00:00,8116.0,8078.38439923316
2021-06-24 19:00:00,8136.0,8245.770292975105
2021-06-24 20:00:00,7994.0,8136.742296984902
2021-06-24 21:00:00,7645.0,7803.451762280878
2021-06-24 22:00:00,7293.0,7709.549443092474
2021-06-24 23:00:00,7863.0,7520.9282254902455
2021-06-25 00:00:00,7863.0,8056.120859665029
2021-06-25 01:00:00,7863.0,8077.6678349602935
2021-06-25 02:00:00,7863.0,8013.003634350347
2021-06-25 03:00:00,7080.0,7908.369682713836
2021-06-25 04:00:00,7291.0,7699.3018248107
2021-06-25 05:00:00,7553.0,7802.813366057301
2021-06-25 06:00:00,7728.0,7933.876141061228
2021-06-25 07:00:00,7882.0,8058.203824885102
2021-06-25 08:00:00,7957.0,8207.667152828815
2021-06-25 09:00:00,7934.0,8263.862759895865
2021-06-25 10:00:00,7968.0,8173.325340169935
2021-06-25 11:00:00,8023.0,8195.792995575874
2021-06-25 12:00:00,8047.0,8205.823061498224
2021-06-25 13:00:00,8071.0,8243.690753768069
2021-06-25 14:00:00,8046.0,8262.03408379172
2021-06-25 15:00:00,8021.0,8205.69494881175
2021-06-25 16:00:00,7920.0,8201.633251931871
2021-06-25 17:00:00,7775.0,8114.965851700161
2021-06-25 18:00:00,7594.0,7937.600311673004
2021-06-25 19:00:00,7721.0,7954.777768184536
2021-06-25 20:00:00,7723.0,7946.732863815935
2021-06-25 21:00:00,7441.0,7638.176605796572
2021-06-25 22:00:00,7138.0,7397.564033174809
2021-06-25 23:00:00,6915.0,7500.599443594075
2021-06-26 00:00:00,7654.0,7471.671462733206
2021-06-26 01:00:00,7654.0,7805.322420316108
2021-06-26 02:00:00,7654.0,7758.1872811376625
2021-06-26 03:00:00,7654.0,7640.107675371313
2021-06-26 04:00:00,6900.0,7544.007580957923
2021-06-26 05:00:00,7096.0,7336.082381963083
2021-06-26 06:00:00,7376.0,7616.739595873341
2021-06-26 07:00:00,7568.0,7773.782237351757
2021-06-26 08:00:00,7714.0,7841.5800708373
2021-06-26 09:00:00,7807.0,7940.842466725569
2021-06-26 10:00:00,7794.0,7982.549214923531
2021-06-26 11:00:00,7787.0,7977.014426065985
2021-06-26 12:00:00,7840.0,7991.127176038646
2021-06-26 13:00:00,7893.0,8075.917342552923
2021-06-26 14:00:00,7910.0,8147.620065579402
2021-06-26 15:00:00,7924.0,8151.138884359047
2021-06-26 16:00:00,7915.0,8109.0573561057445
2021-06-26 17:00:00,7763.0,8030.304950047579
2021-06-26 18:00:00,7595.0,7777.954218595209
2021-06-26 19:00:00,7688.0,7894.780238876319
2021-06-26 20:00:00,7568.0,7858.799482132231
2021-06-26 21:00:00,7359.0,7440.571253908869
2021-06-26 22:00:00,7055.0,7327.610270510925
2021-06-26 23:00:00,6878.0,7213.319903943428
2021-06-27 00:00:00,6717.0,7231.330896325802
2021-06-27 01:00:00,7576.5,7109.0584719358485
2021-06-27 02:00:00,7556.0,7536.194272621064
2021-06-27 03:00:00,7556.0,7525.288404976283
2021-06-27 04:00:00,6877.0,7398.5255067593625
2021-06-27 05:00:00,7089.0,7225.225219645935
2021-06-27 06:00:00,7339.0,7441.029356908713
2021-06-27 07:00:00,7585.0,7668.56303640127
2021-06-27 08:00:00,7677.0,7862.844111739847
2021-06-27 09:00:00,7781.0,7932.282871295658
2021-06-27 10:00:00,7742.0,7962.795217388088
2021-06-27 11:00:00,7819.0,7937.40956024529
2021-06-27 12:00:00,7544.0,7990.169136549823
2021-06-27 13:00:00,7537.0,7867.4490754944745
2021-06-27 14:00:00,7585.0,7896.525293024414
2021-06-27 15:00:00,7566.0,7994.517308599053
2021-06-27 16:00:00,7616.0,7934.439949073834
2021-06-27 17:00:00,7606.0,7951.10069980759
2021-06-27 18:00:00,7474.0,7777.274284757319
2021-06-27 19:00:00,7602.0,7876.566576959758
2021-06-27 20:00:00,7488.0,7835.460885087656
2021-06-27 21:00:00,7154.0,7467.985496693986
2021-06-27 22:00:00,7575.5,7314.99713727642
2021-06-27 23:00:00,7575.5,7631.356545338102
2021-06-28 00:00:00,7575.5,7746.217963028988
2021-06-28 01:00:00,7593.5,7817.671686909423
2021-06-28 02:00:00,7604.0,7649.731236201068
2021-06-28 03:00:00,7380.0,7866.544550552607
2021-06-28 04:00:00,7798.0,8048.958774751936
2021-06-28 05:00:00,8187.0,8229.977867298305
2021-06-28 06:00:00,8391.0,8461.429888256433
2021-06-28 07:00:00,8496.0,8575.357796909904
2021-06-28 08:00:00,8571.0,8648.332072942885
2021-06-28 09:00:00,8561.0,8709.08351512443
2021-06-28 10:00:00,8570.0,8651.692688272817
2021-06-28 11:00:00,8536.0,8646.956286675555
2021-06-28 12:00:00,8495.0,8625.408704151321
2021-06-28 13:00:00,8457.0,8620.848547712765
2021-06-28 14:00:00,8391.0,8614.385974520752
2021-06-28 15:00:00,8304.0,8548.97257631543
2021-06-28 16:00:00,8329.0,8507.847690140608
2021-06-28 17:00:00,8266.0,8473.320301623171
2021-06-28 18:00:00,7890.0,8275.171571693018
2021-06-28 19:00:00,7878.0,8161.376932797259
2021-06-28 20:00:00,7759.0,8089.265060610087
2021-06-28 21:00:00,7469.0,7885.057594034637
2021-06-28 22:00:00,8236.0,8112.6820065977545
2021-06-28 23:00:00,8236.0,8314.944480214093
2021-06-29 00:00:00,8236.0,8384.03084186549
2021-06-29 01:00:00,8236.0,8392.396707147782
2021-06-29 02:00:00,8236.0,8338.092117171807
2021-06-29 03:00:00,7485.0,8022.983437070611
2021-06-29 04:00:00,7950.0,8193.722702028093
2021-06-29 05:00:00,8206.0,8365.654790491622
2021-06-29 06:00:00,8356.0,8515.294413025738
2021-06-29 07:00:00,8422.0,8573.859146601699
2021-06-29 08:00:00,8580.0,8629.39541543129
2021-06-29 09:00:00,8661.0,8719.989506265352
2021-06-29 10:00:00,8686.0,8711.425655022198
2021-06-29 11:00:00,8632.0,8753.33503051616
2021-06-29 12:00:00,8592.0,8705.259639828779
2021-06-29 13:00:00,8528.0,8714.748729428891
2021-06-29 14:00:00,8610.0,8646.328111512777
2021-06-29 15:00:00,8540.0,8730.059883120906
2021-06-29 16:00:00,8524.0,8713.936730544072
2021-06-29 17:00:00,8327.0,8638.10060373476
2021-06-29 18:00:00,8099.0,8259.937728100693
2021-06-29 19:00:00,8104.0,8251.410660946907
2021-06-29 20:00:00,7903.0,8165.694019930042
2021-06-29 21:00:00,7503.0,7965.790804823919
2021-06-29 22:00:00,8319.5,8389.46375798842
2021-06-29 23:00:00,8319.5,8476.33990462189
2021-06-30 00:00:00,8319.5,8419.326673973821
2021-06-30 01:00:00,8319.5,8440.978608787289
2021-06-30 02:00:00,8319.5,8361.91226765375
2021-06-30 03:00:00,7535.0,8089.493862939518
2021-06-30 04:00:00,8050.0,8256.28504173701
2021-06-30 05:00:00,8312.0,8445.524435072717
2021-06-30 06:00:00,8579.0,8576.507353672348
2021-06-30 07:00:00,8606.0,8760.033320122646
2021-06-30 08:00:00,8560.0,8773.770460913376
2021-06-30 09:00:00,8546.0,8740.971065230073
2021-06-30 10:00:00,8460.0,8691.307362958094
2021-06-30 11:00:00,8557.0,8630.926164145507
2021-06-30 12:00:00,8796.0,8686.856569791526
2021-06-30 13:00:00,8642.0,8891.844403940024
2021-06-30 14:00:00,8623.0,8782.435753092506
2021-06-30 15:00:00,8535.0,8777.864685237522
2021-06-30 16:00:00,8515.0,8726.541930019628
2021-06-30 17:00:00,8402.0,8602.176635947373
2021-06-30 18:00:00,8169.0,8324.329284434896
2021-06-30 19:00:00,8210.0,8352.987009261255
2021-06-30 20:00:00,7959.0,8180.581245932652
2021-06-30 21:00:00,7514.0,7959.054629296077
2021-06-30 22:00:00,8286.5,8263.092304588485
2021-06-30 23:00:00,8286.5,8477.219521538089
2021-07-01 00:00:00,8286.5,8419.10843126454
2021-07-01 01:00:00,8286.5,8440.946945423855
2021-07-01 02:00:00,8286.5,8387.625455595964
2021-07-01 03:00:00,7512.0,8094.460995058207
2021-07-01 04:00:00,7992.0,8160.920221192517
2021-07-01 05:00:00,8175.0,8377.23217049643
2021-07-01 06:00:00,8363.0,8524.255914168727
2021-07-01 07:00:00,8482.0,8634.511156134473
2021-07-01 08:00:00,8650.0,8713.180743220812
2021-07-01 09:00:00,8701.0,8792.08931612368
2021-07-01 10:00:00,8640.0,8806.96247905326
2021-07-01 11:00:00,8627.0,8735.662098338908
2021-07-01 12:00:00,8613.0,8776.610825820459
2021-07-01 13:00:00,8613.0,8757.190745349377
2021-07-01 14:00:00,8647.0,8771.181539147174
2021-07-01 15:00:00,8527.0,8777.845816875733
2021-07-01 16:00:00,8521.0,8700.483737717637
2021-07-01 17:00:00,8488.0,8627.93922362525
2021-07-01 18:00:00,8270.0,8387.358677314152
2021-07-01 19:00:00,8298.0,8420.27682737488
2021-07-01 20:00:00,8084.0,8274.200279979412
2021-07-01 21:00:00,7744.0,7969.8664268966
2021-07-01 22:00:00,7416.0,8205.133809723638
2021-07-01 23:00:00,7277.0,8096.060582862726
2021-07-02 00:00:00,7150.0,7854.03172001462
2021-07-02 01:00:00,7114.0,8065.150778112549
2021-07-02 02:00:00,7295.0,7894.537394041714
2021-07-02 03:00:00,7862.0,7637.706211451742
2021-07-02 04:00:00,8270.0,8074.069730134886
2021-07-02 05:00:00,8571.0,8378.307113704665
2021-07-02 06:00:00,8847.0,8746.098485963632
2021-07-02 07:00:00,8918.0,8916.534165708374
2021-07-02 08:00:00,8996.0,9009.292608084783
2021-07-02 09:00:00,8989.0,9063.695104568145
2021-07-02 10:00:00,8900.0,9006.737903031188
2021-07-02 11:00:00,8870.0,8936.672417277274
2021-07-02 12:00:00,8796.0,8904.567283979135
2021-07-02 13:00:00,8676.0,8877.877199023043
2021-07-02 14:00:00,8579.0,8781.809461426194
2021-07-02 15:00:00,8489.0,8724.824045571111
2021-07-02 16:00:00,8442.0,8662.872190188165
2021-07-02 17:00:00,8301.0,8567.992560566267
2021-07-02 18:00:00,8041.0,8267.517470230348
2021-07-02 19:00:00,8098.0,8275.241682203072
2021-07-02 20:00:00,7995.0,8171.699715567016
2021-07-02 21:00:00,7621.0,7720.566117568089
2021-07-02 22:00:00,7242.0,7576.816082437774
2021-07-02 23:00:00,8069.5,7770.094074107718
2021-07-03 00:00:00,8069.5,8118.283252635305
2021-07-03 01:00:00,8069.5,8126.72749513449
2021-07-03 02:00:00,8069.5,8085.328286248927
2021-07-03 03:00:00,8069.5,8063.914725770778
2021-07-03 04:00:00,8069.5,7978.992321260961
2021-07-03 05:00:00,7669.0,7998.690026747403
2021-07-03 06:00:00,7930.0,7984.973194121829
2021-07-03 07:00:00,8153.0,8168.005885032431
2021-07-03 08:00:00,8198.0,8353.446383888144
2021-07-03 09:00:00,8207.0,8339.369641152389
2021-07-03 10:00:00,8245.0,8345.782523130056
2021-07-03 11:00:00,8204.0,8377.88517064728
2021-07-03 12:00:00,8203.0,8370.9082617833
2021-07-03 13:00:00,8224.0,8413.512674172112
2021-07-03 14:00:00,8251.0,8458.2054403382
2021-07-03 15:00:00,8247.0,8501.380699509471
2021-07-03 16:00:00,8246.0,8461.44650811174
2021-07-03 17:00:00,8189.0,8366.259820731275
2021-07-03 18:00:00,8012.0,8123.446854154647
2021-07-03 19:00:00,8068.0,8213.301792884145
2021-07-03 20:00:00,7967.0,8138.466794374657
2021-07-03 21:00:00,7616.0,7798.047610376703
2021-07-03 22:00:00,7989.5,7594.965046659891
2021-07-03 23:00:00,7989.5,8010.152729113955
2021-07-04 00:00:00,7989.5,8029.137181225575
2021-07-04 01:00:00,7989.5,8079.638466099397
2021-07-04 02:00:00,7989.5,8046.8555725676115
2021-07-04 03:00:00,7989.5,7999.821703036798
2021-07-04 04:00:00,7989.5,7950.440493546037
2021-07-04 05:00:00,7989.5,7773.259791600341
2021-07-04 06:00:00,7693.0,7981.679264451903
2021-07-04 07:00:00,7937.0,8010.450377248952
2021-07-04 08:00:00,8112.0,8159.160348347215
2021-07-04 09:00:00,8170.0,8276.90058066855
2021-07-04 10:00:00,8144.0,8296.600212281897
2021-07-04 11:00:00,8095.0,8260.832766081367
2021-07-04 12:00:00,8160.0,8228.062583841745
2021-07-04 13:00:00,8190.0,8322.645803003892
2021-07-04 14:00:00,8171.0,8380.597760967497
2021-07-04 15:00:00,8154.0,8375.27698481818
2021-07-04 16:00:00,8201.0,8389.428208793031
2021-07-04 17:00:00,8140.0,8336.50171423926
2021-07-04 18:00:00,7973.0,8177.493683686011
2021-07-04 19:00:00,8115.0,8237.355236644531
2021-07-04 20:00:00,8025.0,8224.48749724427
2021-07-04 21:00:00,7697.0,7855.876965668742
2021-07-04 22:00:00,8142.0,7835.849975564293
2021-07-04 23:00:00,8147.0,8232.816438541506
2021-07-05 00:00:00,8157.0,8178.718498904653
2021-07-05 01:00:00,8162.5,8219.71099949473
2021-07-05 02:00:00,7253.0,8106.160975249602
2021-07-05 03:00:00,7818.0,7931.819728332655
2021-07-05 04:00:00,8303.0,8326.770264603432
2021-07-05 05:00:00,8684.0,8663.590875794453
2021-07-05 06:00:00,8873.0,8908.406857080767
2021-07-05 07:00:00,8998.0,9022.066881023728
2021-07-05 08:00:00,9037.0,9122.357965703828
2021-07-05 09:00:00,9204.0,9141.165768800238
2021-07-05 10:00:00,9207.0,9178.605385263276
2021-07-05 11:00:00,9164.0,9171.188398800712
2021-07-05 12:00:00,9094.0,9164.283745128017
2021-07-05 13:00:00,9003.0,9162.483845466553
2021-07-05 14:00:00,8931.0,9061.255835267506
2021-07-05 15:00:00,8802.0,9008.688825456698
2021-07-05 16:00:00,8811.0,8951.775019433207
2021-07-05 17:00:00,8680.0,8894.725899504654
2021-07-05 18:00:00,8476.0,8563.019866407876
2021-07-05 19:00:00,8451.0,8538.042349766496
2021-07-05 20:00:00,8219.0,8458.795986018293
2021-07-05 21:00:00,7752.0,8223.006176606556
2021-07-05 22:00:00,7466.0,8498.294902490165
2021-07-05 23:00:00,8634.0,8596.545525802372
2021-07-06 00:00:00,8634.0,8686.905900922122
2021-07-06 01:00:00,8634.0,8696.767954906652
2021-07-06 02:00:00,8634.0,8661.953368357686
2021-07-06 03:00:00,7863.0,8314.276760130102
2021-07-06 04:00:00,8311.0,8484.550086873447
2021-07-06 05:00:00,8588.0,8665.886935565413
2021-07-06 06:00:00,8826.0,8872.202125398977
2021-07-06 07:00:00,8962.0,8988.910641107981
2021-07-06 08:00:00,9043.0,9078.090443824784
2021-07-06 09:00:00,9057.0,9154.671788739775
2021-07-06 10:00:00,8957.0,9124.810763240743
2021-07-06 11:00:00,8936.0,9041.550774151432
2021-07-06 12:00:00,8925.0,9019.8040454286
2021-07-06 13:00:00,8804.0,9031.124396167294
2021-07-06 14:00:00,8841.0,8973.720357752507
2021-07-06 15:00:00,8703.0,8966.926203493158
2021-07-06 16:00:00,8730.0,8925.443312382577
2021-07-06 17:00:00,8665.0,8854.161918594154
2021-07-06 18:00:00,8358.0,8568.773539051557
2021-07-06 19:00:00,8451.0,8545.335576490581
2021-07-06 20:00:00,8272.0,8401.292761754616
2021-07-06 21:00:00,7830.0,8214.253898591916
2021-07-06 22:00:00,8594.0,8347.83405973846
2021-07-06 23:00:00,8594.0,8694.062024768515
2021-07-07 00:00:00,8594.0,8703.432972571183
2021-07-07 01:00:00,8594.0,8724.076437866448
2021-07-07 02:00:00,8594.0,8688.621980260179
2021-07-07 03:00:00,7785.0,8293.79980742275
2021-07-07 04:00:00,8219.0,8435.745090490227
2021-07-07 05:00:00,8523.0,8601.74083374604
2021-07-07 06:00:00,8758.0,8800.630214335508
2021-07-07 07:00:00,8864.0,8944.131590200785
2021-07-07 08:00:00,8935.0,9002.241325027899
2021-07-07 09:00:00,8950.0,9066.662019636698
2021-07-07 10:00:00,8889.0,9002.304384569088
2021-07-07 11:00:00,8816.0,8965.793788365383
2021-07-07 12:00:00,8839.0,8942.69578219429
2021-07-07 13:00:00,8856.0,8949.113560026362
2021-07-07 14:00:00,8910.0,8988.49965976201
2021-07-07 15:00:00,8820.0,9015.355256958444
2021-07-07 16:00:00,8717.0,8984.39287315284
2021-07-07 17:00:00,8672.0,8839.894746029184
2021-07-07 18:00:00,8418.0,8514.650352555702
2021-07-07 19:00:00,8512.0,8569.85403821327
2021-07-07 20:00:00,8360.0,8423.89335634809
2021-07-07 21:00:00,7955.0,8271.128304040516
2021-07-07 22:00:00,8684.0,8573.748207669902
2021-07-07 23:00:00,8684.0,8731.031842877472
2021-07-08 00:00:00,8684.0,8750.29231688218
2021-07-08 01:00:00,8684.0,8772.08550458026
2021-07-08 02:00:00,8684.0,8734.288303168505
2021-07-08 03:00:00,7934.0,8367.034824365815
2021-07-08 04:00:00,8437.0,8498.426939703728
2021-07-08 05:00:00,8696.0,8717.839814389728
2021-07-08 06:00:00,8865.0,8940.858321020954
2021-07-08 07:00:00,8968.0,9025.682780732217
2021-07-08 08:00:00,9084.0,9116.776342899935
2021-07-08 09:00:00,9198.0,9206.0654647483
2021-07-08 10:00:00,9104.0,9199.93829152933
2021-07-08 11:00:00,9081.0,9147.542799482046
2021-07-08 12:00:00,9019.0,9156.036076839839
2021-07-08 13:00:00,8937.0,9094.64350159022
2021-07-08 14:00:00,8873.0,9074.523009790566
2021-07-08 15:00:00,8700.0,9012.587465574657
2021-07-08 16:00:00,8762.0,8927.483552601487
2021-07-08 17:00:00,8648.0,8913.652757601212
2021-07-08 18:00:00,8363.0,8589.667254492475
2021-07-08 19:00:00,8362.0,8624.750925916867
2021-07-08 20:00:00,8145.0,8493.988546815732
2021-07-08 21:00:00,7741.0,8174.389069587709
2021-07-08 22:00:00,7357.0,8452.76933941889
2021-07-08 23:00:00,8495.0,8275.314192777314
2021-07-09 00:00:00,8495.0,8623.904092896502
2021-07-09 01:00:00,8495.0,8626.758158191768
2021-07-09 02:00:00,8495.0,8478.29399878349
2021-07-09 03:00:00,7696.0,8124.54365287555
2021-07-09 04:00:00,8069.0,8266.91862173916
2021-07-09 05:00:00,8354.0,8507.849652843646
2021-07-09 06:00:00,8627.0,8671.015076987205
2021-07-09 07:00:00,8738.0,8873.900168049919
2021-07-09 08:00:00,8858.0,8941.980879036226
2021-07-09 09:00:00,8950.0,9013.632007754693
2021-07-09 10:00:00,8888.0,9000.794533531332
2021-07-09 11:00:00,8826.0,8965.50041688313
2021-07-09 12:00:00,8791.0,8940.92766045827
2021-07-09 13:00:00,8762.0,8951.228786676227
2021-07-09 14:00:00,8733.0,8937.741518861274
2021-07-09 15:00:00,8618.0,8877.534600643032
2021-07-09 16:00:00,8620.0,8832.604513185142
2021-07-09 17:00:00,8446.0,8744.203110402952
2021-07-09 18:00:00,8159.0,8402.96918367087
2021-07-09 19:00:00,8198.0,8404.632875797592
2021-07-09 20:00:00,8010.0,8233.947401859401
2021-07-09 21:00:00,7604.0,7818.577605050101
2021-07-09 22:00:00,7278.0,7810.533938968203
2021-07-09 23:00:00,7132.0,7785.635534814736
2021-07-10 00:00:00,8147.5,7819.687228626515
2021-07-10 01:00:00,8147.5,8287.310663627488
2021-07-10 02:00:00,8147.5,8247.043175038763
2021-07-10 03:00:00,7135.0,8098.12311578512
2021-07-10 04:00:00,7347.0,7784.795827022306
2021-07-10 05:00:00,7657.0,7713.620256176636
2021-07-10 06:00:00,7922.0,8048.67408759279
2021-07-10 07:00:00,8136.0,8229.546221888097
2021-07-10 08:00:00,8279.0,8364.886681596676
2021-07-10 09:00:00,8392.0,8444.042415869326
2021-07-10 10:00:00,8363.0,8526.130961094808
2021-07-10 11:00:00,8368.0,8484.283441671072
2021-07-10 12:00:00,8367.0,8524.899413325635
2021-07-10 13:00:00,8419.0,8576.444811929217
2021-07-10 14:00:00,8473.0,8649.37158046959
2021-07-10 15:00:00,8380.0,8677.704705582555
2021-07-10 16:00:00,8288.0,8601.130369229339
2021-07-10 17:00:00,8215.0,8421.01874516179
2021-07-10 18:00:00,7965.0,8172.765685206115
2021-07-10 19:00:00,8024.0,8238.466659951724
2021-07-10 20:00:00,7966.0,8136.298087002996
2021-07-10 21:00:00,7683.0,7768.738018598718
2021-07-10 22:00:00,7378.0,7721.538970178245
2021-07-10 23:00:00,7171.0,7736.840402414983
2021-07-11 00:00:00,7041.0,7507.79925884843
2021-07-11 01:00:00,7965.5,7577.962275616477
2021-07-11 02:00:00,7965.5,8083.633626771698
2021-07-11 03:00:00,7965.5,7931.439670786844
2021-07-11 04:00:00,7965.5,7937.768165661089
2021-07-11 05:00:00,7490.0,7975.874749659439
2021-07-11 06:00:00,7767.0,7867.092832931608
2021-07-11 07:00:00,7930.0,8123.599753467035
2021-07-11 08:00:00,8108.0,8230.692759966434
2021-07-11 09:00:00,8136.0,8354.850227992423
2021-07-11 10:00:00,8116.0,8330.136053033668
2021-07-11 11:00:00,8086.0,8308.865671613565
2021-07-11 12:00:00,8141.0,8307.450732566253
2021-07-11 13:00:00,8174.0,8389.469128080811
2021-07-11 14:00:00,8134.0,8455.762947758643
2021-07-11 15:00:00,8069.0,8435.280376291299
2021-07-11 16:00:00,8071.0,8386.724363064895
2021-07-11 17:00:00,8068.0,8319.987705221693
2021-07-11 18:00:00,7875.0,8156.180607088338
2021-07-11 19:00:00,7961.0,8217.109678757619
2021-07-11 20:00:00,7883.0,8180.255995467885
2021-07-11 21:00:00,7531.0,7747.803879936846
2021-07-11 22:00:00,8068.5,7680.17105577685
2021-07-11 23:00:00,8068.5,8208.79242712559
2021-07-12 00:00:00,8068.5,8234.229348982557
2021-07-12 01:00:00,8068.5,8253.735662082267
2021-07-12 02:00:00,6978.0,7994.061417566054
2021-07-12 03:00:00,7522.0,7985.911302053746
2021-07-12 04:00:00,7912.0,8233.181724377628
2021-07-12 05:00:00,8148.0,8502.39169745917
2021-07-12 06:00:00,8417.0,8577.347278036828
2021-07-12 07:00:00,8590.0,8703.662584978812
2021-07-12 08:00:00,8701.0,8860.980005248759
2021-07-12 09:00:00,8815.0,8923.296308132702
2021-07-12 10:00:00,8814.0,8931.009806229105
2021-07-12 11:00:00,8777.0,8896.309345578631
2021-07-12 12:00:00,8789.0,8866.318548815905
2021-07-12 13:00:00,8718.0,8903.77606701976
2021-07-12 14:00:00,8671.0,8869.752869519412
2021-07-12 15:00:00,8575.0,8782.51727103015
2021-07-12 16:00:00,8498.0,8785.585924725796
2021-07-12 17:00:00,8468.0,8663.852075494171
2021-07-12 18:00:00,8217.0,8484.933758133227
2021-07-12 19:00:00,8230.0,8408.452063499952
2021-07-12 20:00:00,8045.0,8296.995355422157
2021-07-12 21:00:00,7637.0,8068.780921902891
2021-07-12 22:00:00,7351.0,8439.391694113316
2021-07-12 23:00:00,8343.5,8456.64208917837
2021-07-13 00:00:00,8343.5,8464.097705236241
2021-07-13 01:00:00,8343.5,8480.997467300602
2021-07-13 02:00:00,8343.5,8457.547505214749
2021-07-13 03:00:00,7424.0,8077.757522241969
2021-07-13 04:00:00,7890.0,8256.209464054882
2021-07-13 05:00:00,8255.0,8343.367062963782
2021-07-13 06:00:00,8432.0,8549.720652310052
2021-07-13 07:00:00,8602.0,8673.86330338293
2021-07-13 08:00:00,8708.0,8794.852033177649
2021-07-13 09:00:00,8730.0,8876.692905529244
2021-07-13 10:00:00,8720.0,8833.635992180998
2021-07-13 11:00:00,8690.0,8815.699934193557
2021-07-13 12:00:00,8637.0,8818.127252143022
2021-07-13 13:00:00,8604.0,8768.524422585491
2021-07-13 14:00:00,8576.0,8772.856245872823
2021-07-13 15:00:00,8487.0,8742.259703328773
2021-07-13 16:00:00,8502.0,8705.619666338247
2021-07-13 17:00:00,8413.0,8665.479174444119
2021-07-13 18:00:00,8134.0,8370.81094852077
2021-07-13 19:00:00,8201.0,8347.129800225604
2021-07-13 20:00:00,8019.0,8241.57757394675
2021-07-13 21:00:00,7656.0,7917.0827409820995
2021-07-13 22:00:00,7356.0,8221.130143851795
2021-07-13 23:00:00,8308.0,8351.888135666997
2021-07-14 00:00:00,8308.0,8468.810108890797
2021-07-14 01:00:00,8308.0,8477.569142737688
2021-07-14 02:00:00,8308.0,8434.503249121919
2021-07-14 03:00:00,7502.0,8023.078594721216
2021-07-14 04:00:00,7904.0,8161.471870455041
2021-07-14 05:00:00,8203.0,8355.433021661258
2021-07-14 06:00:00,8430.0,8519.354807454518
2021-07-14 07:00:00,8508.0,8672.42021307858
2021-07-14 08:00:00,8688.0,8735.390125261363
2021-07-14 09:00:00,8762.0,8851.672659520063
2021-07-14 10:00:00,8773.0,8855.30448809573
2021-07-14 11:00:00,8778.0,8835.619950924714
2021-07-14 12:00:00,8753.0,8848.465243932145
2021-07-14 13:00:00,8645.0,8864.077128642148
2021-07-14 14:00:00,8655.0,8780.725109180004
2021-07-14 15:00:00,8600.0,8770.032126739932
2021-07-14 16:00:00,8593.0,8783.083345961744
2021-07-14 17:00:00,8452.0,8736.856746248677
2021-07-14 18:00:00,8220.0,8404.706955927692
2021-07-14 19:00:00,8260.0,8397.291208271105
2021-07-14 20:00:00,8162.0,8277.744633944734
2021-07-14 21:00:00,7701.0,8022.319458605508
2021-07-14 22:00:00,7319.0,8151.404847162991
2021-07-14 23:00:00,8400.0,8198.063277740108
2021-07-15 00:00:00,8400.0,8527.12016695155
2021-07-15 01:00:00,8400.0,8547.877472610297
2021-07-15 02:00:00,8400.0,8499.250225679227
2021-07-15 03:00:00,7527.0,8054.311032711368
2021-07-15 04:00:00,8008.0,8169.642548738477
2021-07-15 05:00:00,8348.0,8411.208297755209
2021-07-15 06:00:00,8636.0,8629.938292858402
2021-07-15 07:00:00,8785.0,8821.598181564468
2021-07-15 08:00:00,8915.0,8936.486564027136
2021-07-15 09:00:00,8913.0,9033.566099216472
2021-07-15 10:00:00,8876.0,8976.345773551226
2021-07-15 11:00:00,8801.0,8940.475966935399
2021-07-15 12:00:00,8791.0,8903.49798067358
2021-07-15 13:00:00,8767.0,8909.935711573113
2021-07-15 14:00:00,8665.0,8904.28072133153
2021-07-15 15:00:00,8609.0,8805.406081263009
2021-07-15 16:00:00,8587.0,8817.528912793452
2021-07-15 17:00:00,8493.0,8745.285325390918
2021-07-15 18:00:00,8247.0,8456.983553910426
2021-07-15 19:00:00,8263.0,8452.819778317726
2021-07-15 20:00:00,8147.0,8328.062446742262
2021-07-15 21:00:00,7678.0,7962.649367323102
2021-07-15 22:00:00,7396.0,8016.307767351275
2021-07-15 23:00:00,8425.0,8263.120772883773
2021-07-16 00:00:00,8425.0,8548.278312172062
2021-07-16 01:00:00,8425.0,8568.152502467328
2021-07-16 02:00:00,8425.0,8516.615707394702
2021-07-16 03:00:00,7654.0,7973.275267285202
2021-07-16 04:00:00,8123.0,8143.721631762362
2021-07-16 05:00:00,8357.0,8511.90747284615
2021-07-16 06:00:00,8612.0,8677.685837020901
2021-07-16 07:00:00,8670.0,8832.372414684067
2021-07-16 08:00:00,8817.0,8849.465789343436
2021-07-16 09:00:00,8796.0,8978.173912258928
2021-07-16 10:00:00,8627.0,8910.310727243872
2021-07-16 11:00:00,8604.0,8756.737195081816
2021-07-16 12:00:00,8631.0,8745.500017217813
2021-07-16 13:00:00,8568.0,8788.733056123208
2021-07-16 14:00:00,8540.0,8755.97586168876
2021-07-16 15:00:00,8475.0,8713.359668360095
2021-07-16 16:00:00,8402.0,8715.076734763166
2021-07-16 17:00:00,8249.0,8569.379190273288
2021-07-16 18:00:00,7940.0,8270.861402731574
2021-07-16 19:00:00,8028.0,8270.187947815632
2021-07-16 20:00:00,7888.0,8185.070187098505
2021-07-16 21:00:00,7488.0,7736.784615967941
2021-07-16 22:00:00,7120.0,7556.837342425615
2021-07-16 23:00:00,7865.0,7915.9203812731585
2021-07-17 00:00:00,7865.0,8108.992591670387
2021-07-17 01:00:00,7842.0,8126.876341965652
2021-07-17 02:00:00,7842.0,8041.444796869364
2021-07-17 03:00:00,7842.0,7826.403458246981
2021-07-17 04:00:00,7150.0,7790.841927086174
2021-07-17 05:00:00,7358.0,7710.064091237372
2021-07-17 06:00:00,7583.0,7872.027739202491
2021-07-17 07:00:00,7719.0,7987.515444204319
2021-07-17 08:00:00,7842.0,8064.590285272901
2021-07-17 09:00:00,7894.0,8138.217192696038
2021-07-17 10:00:00,7922.0,8159.11975949579
2021-07-17 11:00:00,7900.0,8163.186079881166
2021-07-17 12:00:00,7842.0,8182.740628611125
2021-07-17 13:00:00,7938.0,8171.398976105006
2021-07-17 14:00:00,7980.0,8255.569183794272
2021-07-17 15:00:00,7969.0,8310.042758683696
2021-07-17 16:00:00,7978.0,8307.056321081935
2021-07-17 17:00:00,7854.0,8238.734518576512
2021-07-17 18:00:00,7649.0,7982.103789169605
2021-07-17 19:00:00,7771.0,8013.857231866384
2021-07-17 20:00:00,7668.0,7987.46827439274
2021-07-17 21:00:00,7269.0,7635.208367488459
2021-07-17 22:00:00,6917.0,7455.5964457817745
2021-07-17 23:00:00,7658.5,7395.813465702503
2021-07-18 00:00:00,7658.5,7768.1571401043475
2021-07-18 01:00:00,7658.5,7876.992805014055
2021-07-18 02:00:00,7658.5,7863.186368606814
2021-07-18 03:00:00,7658.5,7848.960505975419
2021-07-18 04:00:00,7658.5,7769.156862541806
2021-07-18 05:00:00,7658.5,7643.729543989538
2021-07-18 06:00:00,7393.0,7837.0804632132
2021-07-18 07:00:00,7629.0,7833.355352778113
2021-07-18 08:00:00,7747.0,8002.149832329825
2021-07-18 09:00:00,7711.0,8042.549434689201
2021-07-18 10:00:00,7698.0,7989.529163703261
2021-07-18 11:00:00,7685.0,7984.400134274162
2021-07-18 12:00:00,7685.0,7953.25950780738
2021-07-18 13:00:00,7695.0,7996.938202803943
2021-07-18 14:00:00,7793.0,8067.82361528664
2021-07-18 15:00:00,7775.0,8139.103858925074
2021-07-18 16:00:00,7818.0,8140.851819787331
2021-07-18 17:00:00,7792.0,8085.866877060844
2021-07-18 18:00:00,7653.0,7928.959003310732
2021-07-18 19:00:00,7727.0,8071.891138567847
2021-07-18 20:00:00,7625.0,7969.395365204005
2021-07-18 21:00:00,7696.0,7615.583032814642
2021-07-18 22:00:00,7696.0,7678.842605017912
2021-07-18 23:00:00,7696.0,7942.849648730745
2021-07-19 00:00:00,7712.0,7896.816519228689
2021-07-19 01:00:00,7751.0,7920.688719504153
2021-07-19 02:00:00,7783.5,7604.153371049959
2021-07-19 03:00:00,7336.0,7699.344065367233
2021-07-19 04:00:00,7697.0,7999.424697790122
2021-07-19 05:00:00,7972.0,8220.15368201373
2021-07-19 06:00:00,8135.0,8368.523420825786
2021-07-19 07:00:00,8230.0,8436.909247142159
2021-07-19 08:00:00,8364.0,8520.491926729786
2021-07-19 09:00:00,8405.0,8608.218258027897
2021-07-19 10:00:00,8411.0,8565.969434611774
2021-07-19 11:00:00,8415.0,8564.02453107037
2021-07-19 12:00:00,8346.0,8574.145769122963
2021-07-19 13:00:00,8295.0,8541.672509736998
2021-07-19 14:00:00,8294.0,8520.434353320583
2021-07-19 15:00:00,8274.0,8510.94641315606
2021-07-19 16:00:00,8270.0,8517.683446374846
2021-07-19 17:00:00,8212.0,8455.797848539176
2021-07-19 18:00:00,7929.0,8230.372014158502
2021-07-19 19:00:00,7914.0,8192.964325266752
2021-07-19 20:00:00,7776.0,8063.5931628572125
2021-07-19 21:00:00,7379.0,7912.889319752955
2021-07-19 22:00:00,8125.0,7989.676999701893
2021-07-19 23:00:00,8125.0,8300.62048779572
2021-07-20 00:00:00,8125.0,8256.717626470918
2021-07-20 01:00:00,8125.0,8282.432829089208
2021-07-20 02:00:00,8125.0,8244.94438683536
2021-07-20 03:00:00,7415.0,7851.11279987986
2021-07-20 04:00:00,7845.0,8082.907673995176
2021-07-20 05:00:00,8038.0,8222.475508066425
2021-07-20 06:00:00,8252.0,8341.595334711406
2021-07-20 07:00:00,8403.0,8484.353336650945
2021-07-20 08:00:00,8462.0,8596.222930419592
2021-07-20 09:00:00,8444.0,8635.573624423283
2021-07-20 10:00:00,8416.0,8578.854881500869
2021-07-20 11:00:00,8326.0,8530.836506518523
2021-07-20 12:00:00,8278.0,8463.188999460646
2021-07-20 13:00:00,8254.0,8458.506709699364
2021-07-20 14:00:00,8267.0,8468.313039842495
2021-07-20 15:00:00,8207.0,8462.540422372416
2021-07-20 16:00:00,8253.0,8455.122185959663
2021-07-20 17:00:00,8220.0,8431.315134570075
2021-07-20 18:00:00,7942.0,8174.387925782723
2021-07-20 19:00:00,7981.0,8174.640715783702
2021-07-20 20:00:00,7858.0,8082.732512113742
2021-07-20 21:00:00,7482.0,7903.258149375333
2021-07-20 22:00:00,8061.5,8174.368013539469
2021-07-20 23:00:00,8061.5,8249.546790691347
2021-07-21 00:00:00,8061.5,8248.604845157963
2021-07-21 01:00:00,8061.5,8274.155766336587
2021-07-21 02:00:00,8061.5,8226.580482557532
2021-07-21 03:00:00,8061.5,7747.549533276933
2021-07-21 04:00:00,7773.0,8110.236135789815
2021-07-21 05:00:00,8003.0,8185.874912481933
2021-07-21 06:00:00,8120.0,8357.087916962222
2021-07-21 07:00:00,8293.0,8448.718247140152
2021-07-21 08:00:00,8382.0,8541.21052475072
2021-07-21 09:00:00,8318.0,8593.825374555685
2021-07-21 10:00:00,8260.0,8476.535550332977
2021-07-21 11:00:00,8294.0,8408.680063366657
2021-07-21 12:00:00,8292.0,8433.543512188826
2021-07-21 13:00:00,8371.0,8452.552932636581
2021-07-21 14:00:00,8366.0,8530.078215704163
2021-07-21 15:00:00,8391.0,8517.047249186775
2021-07-21 16:00:00,8511.0,8580.832852421086
2021-07-21 17:00:00,8453.0,8598.784040786792
2021-07-21 18:00:00,8161.0,8355.585895128046
2021-07-21 19:00:00,8187.0,8290.34733419189
2021-07-21 20:00:00,7991.0,8180.881696789806
2021-07-21 21:00:00,8216.5,7938.665839860978
2021-07-21 22:00:00,8216.5,8318.014806016568
2021-07-21 23:00:00,8216.5,8289.527945638669
2021-07-22 00:00:00,8216.5,8307.510518255696
2021-07-22 01:00:00,8216.5,8331.301298638673
2021-07-22 02:00:00,8216.5,8300.451605780123
2021-07-22 03:00:00,7504.0,8096.440830089758
2021-07-22 04:00:00,7865.0,8117.175697847781
2021-07-22 05:00:00,8043.0,8269.01448433115
2021-07-22 06:00:00,8246.0,8381.959077723037
2021-07-22 07:00:00,8405.0,8523.699960927595
2021-07-22 08:00:00,8508.0,8620.934669763228
2021-07-22 09:00:00,8487.0,8642.785073742378
2021-07-22 10:00:00,8410.0,8590.661070209015
2021-07-22 11:00:00,8411.0,8530.941041992668
2021-07-22 12:00:00,8434.0,8535.531230556357
2021-07-22 13:00:00,8449.0,8592.953445453493
2021-07-22 14:00:00,8359.0,8638.674887141293
2021-07-22 15:00:00,8282.0,8573.085468856922
2021-07-22 16:00:00,8287.0,8548.930856686042
2021-07-22 17:00:00,8257.0,8505.32631978483
2021-07-22 18:00:00,7999.0,8295.79111119376
2021-07-22 19:00:00,8063.0,8303.181692766035
2021-07-22 20:00:00,7984.0,8204.970832690453
2021-07-22 21:00:00,7539.0,8161.557386028214
2021-07-22 22:00:00,8087.0,8147.421033767776
2021-07-22 23:00:00,8087.0,8308.859509674068
2021-07-23 00:00:00,8087.0,8295.133629663978
2021-07-23 01:00:00,8087.0,8315.766294959243
2021-07-23 02:00:00,8087.0,8280.579646625745
2021-07-23 03:00:00,7423.0,7888.72470734942
2021-07-23 04:00:00,7738.0,7976.01950598734
2021-07-23 05:00:00,7958.0,8156.618936176532
2021-07-23 06:00:00,8111.0,8362.1911691087
2021-07-23 07:00:00,8324.0,8447.377664470943
2021-07-23 08:00:00,8373.0,8550.139092622963
2021-07-23 09:00:00,8422.0,8571.155620957908
2021-07-23 10:00:00,8348.0,8559.120454222388
2021-07-23 11:00:00,8294.0,8489.238203574165
2021-07-23 12:00:00,8270.0,8475.099738056664
2021-07-23 13:00:00,8293.0,8478.34303789882
2021-07-23 14:00:00,8185.0,8502.894980773728
2021-07-23 15:00:00,8127.0,8423.056255484555
2021-07-23 16:00:00,8151.0,8424.723111911198
2021-07-23 17:00:00,8152.0,8354.391312527907
2021-07-23 18:00:00,7903.0,8131.217041085389
2021-07-23 19:00:00,7988.0,8179.005014511113
2021-07-23 20:00:00,7839.0,8114.09581987763
2021-07-23 21:00:00,7439.0,7696.1714985111175
2021-07-23 22:00:00,7164.0,7630.369014665555
2021-07-23 23:00:00,7819.0,7769.027040346628
2021-07-24 00:00:00,7802.0,7978.2971412085935
2021-07-24 01:00:00,7796.0,7984.35696452155
2021-07-24 02:00:00,7796.0,7947.002671152116
2021-07-24 03:00:00,7796.0,7780.629974979184
2021-07-24 04:00:00,7796.0,7632.561985563025
2021-07-24 05:00:00,7388.0,7737.008181253198
2021-07-24 06:00:00,7597.0,7790.833432945441
2021-07-24 07:00:00,7728.0,7937.449536949678
2021-07-24 08:00:00,7808.0,8026.832773700453
2021-07-24 09:00:00,7837.0,8055.132575988515
2021-07-24 10:00:00,7830.0,8061.563513670875
2021-07-24 11:00:00,7796.0,8056.594641585656
2021-07-24 12:00:00,7796.0,8062.098403912643
2021-07-24 13:00:00,7877.0,8103.654159663641
2021-07-24 14:00:00,7919.0,8181.138274915478
2021-07-24 15:00:00,7970.0,8192.941764378873
2021-07-24 16:00:00,8006.0,8240.885782416633
2021-07-24 17:00:00,7956.0,8163.721029338787
2021-07-24 18:00:00,7639.0,7971.262537696177
2021-07-24 19:00:00,7745.0,7985.343346851627
2021-07-24 20:00:00,7724.0,7931.087250850003
2021-07-24 21:00:00,7325.0,7555.715188288283
2021-07-24 22:00:00,7000.0,7410.059088105579
2021-07-24 23:00:00,7662.5,7494.116293353892
2021-07-25 00:00:00,7662.5,7883.171440368347
2021-07-25 01:00:00,7662.5,7898.699935114799
2021-07-25 02:00:00,7662.5,7886.239439197713
2021-07-25 03:00:00,7662.5,7845.016170872201
2021-07-25 04:00:00,7662.5,7840.692831004462
2021-07-25 05:00:00,7204.0,7696.779729104553
2021-07-25 06:00:00,7404.0,7642.605931785782
2021-07-25 07:00:00,7556.0,7838.128058892837
2021-07-25 08:00:00,7686.0,7908.765515846315
2021-07-25 09:00:00,7765.0,7981.361270908146
2021-07-25 10:00:00,7774.0,7998.732977480862
2021-07-25 11:00:00,7731.0,7983.624882395347
2021-07-25 12:00:00,7735.0,7973.343519919086
2021-07-25 13:00:00,7783.0,8014.687243033291
2021-07-25 14:00:00,7857.0,8084.360890771271
2021-07-25 15:00:00,7866.0,8160.430072627469
2021-07-25 16:00:00,7906.0,8183.3271589769765
2021-07-25 17:00:00,7887.0,8126.841738993044
2021-07-25 18:00:00,7675.0,7913.557704879107
2021-07-25 19:00:00,7860.0,8031.896551731204
2021-07-25 20:00:00,7779.0,8010.378676741129
2021-07-25 21:00:00,7374.0,7721.0571906807545
2021-07-25 22:00:00,7781.0,7520.17331812085
2021-07-25 23:00:00,7809.0,7927.425859719457
2021-07-26 00:00:00,7846.0,7998.048869109352
2021-07-26 01:00:00,7858.5,8047.280360033186
2021-07-26 02:00:00,6869.0,7960.16425432622
2021-07-26 03:00:00,7344.0,7732.110895139491
2021-07-26 04:00:00,7835.0,8046.354198118699
2021-07-26 05:00:00,8228.0,8216.303681303409
2021-07-26 06:00:00,8553.0,8489.358477686612
2021-07-26 07:00:00,8647.0,8743.890499186025
2021-07-26 08:00:00,8838.0,8792.483196414049
2021-07-26 09:00:00,8862.0,8926.56211590839
2021-07-26 10:00:00,8801.0,8897.94947026851
2021-07-26 11:00:00,8813.0,8854.163029985153
2021-07-26 12:00:00,8700.0,8865.627290068203
2021-07-26 13:00:00,8688.0,8802.645760616666
2021-07-26 14:00:00,8624.0,8805.40901900971
2021-07-26 15:00:00,8508.0,8733.20714295454
2021-07-26 16:00:00,8516.0,8674.169735692361
2021-07-26 17:00:00,8439.0,8620.207882996907
2021-07-26 18:00:00,8173.0,8371.182798209285
2021-07-26 19:00:00,8211.0,8291.868117954531
2021-07-26 20:00:00,8015.0,8219.792061543743
2021-07-26 21:00:00,7501.0,7960.796135454235
2021-07-26 22:00:00,8328.0,8412.949480043724
2021-07-26 23:00:00,8328.0,8425.602503597594
2021-07-27 00:00:00,8328.0,8452.35106650006
2021-07-27 01:00:00,8328.0,8472.618942260631
2021-07-27 02:00:00,8328.0,8427.168604293885
2021-07-27 03:00:00,7386.0,8116.819788738318
2021-07-27 04:00:00,7860.0,8248.389841035507
2021-07-27 05:00:00,8217.0,8393.436963769018
2021-07-27 06:00:00,8470.0,8542.219101966295
2021-07-27 07:00:00,8588.0,8723.186902205958
2021-07-27 08:00:00,8633.0,8794.056456885171
2021-07-27 09:00:00,8729.0,8798.541905655815
2021-07-27 10:00:00,8712.0,8828.811320905133
2021-07-27 11:00:00,8622.0,8820.534497610115
2021-07-27 12:00:00,8626.0,8751.077212508197
2021-07-27 13:00:00,8667.0,8779.921659920765
2021-07-27 14:00:00,8632.0,8792.0567233051
2021-07-27 15:00:00,8556.0,8753.831194766048
2021-07-27 16:00:00,8524.0,8749.186322020782
2021-07-27 17:00:00,8384.0,8658.044470736364
2021-07-27 18:00:00,8103.0,8336.201543856649
2021-07-27 19:00:00,8167.0,8340.725223760626
2021-07-27 20:00:00,7983.0,8223.176518697572
2021-07-27 21:00:00,7487.0,7972.606248481116
2021-07-27 22:00:00,8286.0,8360.536670356694
2021-07-27 23:00:00,8286.0,8427.724719710643
2021-07-28 00:00:00,8286.0,8436.559648115659
2021-07-28 01:00:00,8286.0,8456.006563410925
2021-07-28 02:00:00,8286.0,8398.707281312796
2021-07-28 03:00:00,7503.0,8125.5404046515105
2021-07-28 04:00:00,7853.0,8152.81077766622
2021-07-28 05:00:00,8188.0,8310.087574485296
2021-07-28 06:00:00,8434.0,8505.122724842935
2021-07-28 07:00:00,8581.0,8672.041712921486
2021-07-28 08:00:00,8650.0,8774.80468756695
2021-07-28 09:00:00,8717.0,8801.865916132976
2021-07-28 10:00:00,8691.0,8827.451772412978
2021-07-28 11:00:00,8690.0,8797.752877296763
2021-07-28 12:00:00,8627.0,8807.390750337056
2021-07-28 13:00:00,8645.0,8775.107042898877
2021-07-28 14:00:00,8626.0,8793.26327089428
2021-07-28 15:00:00,8587.0,8776.993314251375
2021-07-28 16:00:00,8579.0,8778.609943099404
2021-07-28 17:00:00,8554.0,8711.18255058813
2021-07-28 18:00:00,8272.0,8452.57175308821
2021-07-28 19:00:00,8301.0,8396.198661281662
2021-07-28 20:00:00,8094.0,8278.425799892022
2021-07-28 21:00:00,7662.0,8017.476385563303
2021-07-28 22:00:00,8378.0,8328.301195138694
2021-07-28 23:00:00,8378.0,8494.032601177427
2021-07-29 00:00:00,8378.0,8510.620610806738
2021-07-29 01:00:00,8378.0,8531.125026102003
2021-07-29 02:00:00,8378.0,8486.282856318663
2021-07-29 03:00:00,8378.0,8075.074518057906
2021-07-29 04:00:00,7976.0,8365.058420526764
2021-07-29 05:00:00,8283.0,8415.951246744651
2021-07-29 06:00:00,8455.0,8580.113719754132
2021-07-29 07:00:00,8625.0,8716.095604051638
2021-07-29 08:00:00,8650.0,8821.683639610537
2021-07-29 09:00:00,8545.0,8812.626334425739
2021-07-29 10:00:00,8635.0,8704.814317342914
2021-07-29 11:00:00,8600.0,8756.583826870004
2021-07-29 12:00:00,8544.0,8738.778488996204
2021-07-29 13:00:00,8525.0,8726.89049023533
2021-07-29 14:00:00,8465.0,8721.397675397835
2021-07-29 15:00:00,8423.0,8698.693846688193
2021-07-29 16:00:00,8526.0,8692.278594070514
2021-07-29 17:00:00,8432.0,8675.803802605327
2021-07-29 18:00:00,8121.0,8394.782216482401
2021-07-29 19:00:00,8208.0,8406.952690763022
2021-07-29 20:00:00,8028.0,8291.904458081219
2021-07-29 21:00:00,7666.0,7976.8746190515585
2021-07-29 22:00:00,8328.5,8340.852096424476
2021-07-29 23:00:00,8328.5,8484.741798477133
2021-07-30 00:00:00,8328.5,8443.693851437492
2021-07-30 01:00:00,8328.5,8464.68066673276
2021-07-30 02:00:00,8328.5,8421.166198841576
2021-07-30 03:00:00,7584.0,8125.5423326469845
2021-07-30 04:00:00,7985.0,8064.415519715154
2021-07-30 05:00:00,8234.0,8375.618336909338
2021-07-30 06:00:00,8439.0,8526.701837192331
2021-07-30 07:00:00,8615.0,8688.90615269997
2021-07-30 08:00:00,8703.0,8799.106135469234
2021-07-30 09:00:00,8782.0,8828.542885244811
2021-07-30 10:00:00,8693.0,8861.916167470044
2021-07-30 11:00:00,8605.0,8792.49141287031
2021-07-30 12:00:00,8570.0,8707.578933879457
2021-07-30 13:00:00,8573.0,8717.922994889235
2021-07-30 14:00:00,8538.0,8725.6257568868
2021-07-30 15:00:00,8429.0,8665.551636754779
2021-07-30 16:00:00,8360.0,8643.340743506837
2021-07-30 17:00:00,8320.0,8519.728399412428
2021-07-30 18:00:00,8048.0,8242.252755401565
2021-07-30 19:00:00,8157.0,8312.427216404105
2021-07-30 20:00:00,7963.0,8192.659347113908
2021-07-30 21:00:00,7540.0,7786.361846087824
2021-07-30 22:00:00,7236.0,7697.179727724039
2021-07-30 23:00:00,7088.0,7897.291145487182
2021-07-31 00:00:00,7953.0,7821.922073185548
2021-07-31 01:00:00,7953.0,8070.256925177617
2021-07-31 02:00:00,7953.0,8025.186526759071
2021-07-31 03:00:00,7953.0,7915.73569263894
2021-07-31 04:00:00,7953.0,7942.90863949049
2021-07-31 05:00:00,7448.0,7867.772657210816
2021-07-31 06:00:00,7661.0,7888.84810220484
2021-07-31 07:00:00,7818.0,8006.172043622319
2021-07-31 08:00:00,7947.0,8079.100637059892
2021-07-31 09:00:00,8002.0,8150.822605896326
2021-07-31 10:00:00,7979.0,8168.061419834854
2021-07-31 11:00:00,7959.0,8146.666443943191
2021-07-31 12:00:00,7992.0,8158.575957240615
2021-07-31 13:00:00,7999.0,8222.183005781588
2021-07-31 14:00:00,8073.0,8271.486166842633
2021-07-31 15:00:00,8165.0,8351.073946972934
2021-07-31 16:00:00,8172.0,8404.097504298774
2021-07-31 17:00:00,8158.0,8335.744389846765
2021-07-31 18:00:00,7841.0,8094.170344105281
2021-07-31 19:00:00,7973.0,8103.764888180745
2021-07-31 20:00:00,7875.0,8077.1201893569605
2021-07-31 21:00:00,7476.0,7678.086252201556
2021-07-31 22:00:00,7092.0,7418.647508943191
2021-07-31 23:00:00,6942.0,7620.539838351543
2021-08-01 00:00:00,7809.0,7612.4360510103
2021-08-01 01:00:00,7809.0,7910.508586027587
2021-08-01 02:00:00,7809.0,7903.515985292004
2021-08-01 03:00:00,7809.0,7876.524117804973
2021-08-01 04:00:00,7809.0,7855.696895202234
2021-08-01 05:00:00,7192.0,7657.028000143383
2021-08-01 06:00:00,7410.0,7695.736058695282
2021-08-01 07:00:00,7663.0,7857.428846663966
2021-08-01 08:00:00,7792.0,7995.787402574815
2021-08-01 09:00:00,7877.0,8056.592531397491
2021-08-01 10:00:00,7834.0,8083.865002472643
2021-08-01 11:00:00,7826.0,8040.291018532908
2021-08-01 12:00:00,7891.0,8060.064753339497
2021-08-01 13:00:00,7836.0,8140.257304680373
2021-08-01 14:00:00,7866.0,8173.0129810980125
2021-08-01 15:00:00,7916.0,8227.825189764353
2021-08-01 16:00:00,8028.0,8242.901867841443
2021-08-01 17:00:00,7930.0,8252.542308592974
2021-08-01 18:00:00,7702.0,8037.6416918089035
2021-08-01 19:00:00,7935.0,8116.996482630422
2021-08-01 20:00:00,7761.0,8043.952069312692
2021-08-01 21:00:00,7851.0,7674.737138993178
2021-08-01 22:00:00,7851.0,7829.366383917427
2021-08-01 23:00:00,7878.5,8007.613307187782
2021-08-02 00:00:00,7903.5,8117.823577728515
2021-08-02 01:00:00,7923.0,8150.207792871328
2021-08-02 02:00:00,7932.5,7920.066973432473
2021-08-02 03:00:00,7505.0,7887.8908356305965
2021-08-02 04:00:00,8001.0,8199.932794235923
2021-08-02 05:00:00,8315.0,8476.622352074883
2021-08-02 06:00:00,8494.0,8647.200172029592
2021-08-02 07:00:00,8574.0,8758.537291168479
2021-08-02 08:00:00,8678.0,8822.425212012158
2021-08-02 09:00:00,8719.0,8861.903182334288
2021-08-02 10:00:00,8650.0,8853.667552680185
2021-08-02 11:00:00,8580.0,8767.188535143709
2021-08-02 12:00:00,8499.0,8734.646556489379
2021-08-02 13:00:00,8506.0,8695.346103064909
2021-08-02 14:00:00,8450.0,8699.060510073716
2021-08-02 15:00:00,8420.0,8653.705019147641
2021-08-02 16:00:00,8460.0,8664.607971924235
2021-08-02 17:00:00,8414.0,8648.629980984766
2021-08-02 18:00:00,8160.0,8402.021688713914
2021-08-02 19:00:00,8294.0,8382.307509397984
2021-08-02 20:00:00,8022.0,8332.932577090654
2021-08-02 21:00:00,8377.0,8176.748920952203
2021-08-02 22:00:00,8377.0,8560.175203305023
2021-08-02 23:00:00,8377.0,8564.591700059513
2021-08-03 00:00:00,8377.0,8508.617406720145
2021-08-03 01:00:00,8377.0,8525.015124615647
2021-08-03 02:00:00,8377.0,8486.354124115564
2021-08-03 03:00:00,7594.0,8182.980189140795
2021-08-03 04:00:00,8052.0,8385.673242963756
2021-08-03 05:00:00,8340.0,8470.548630342488
2021-08-03 06:00:00,8498.0,8620.749557610292
2021-08-03 07:00:00,8505.0,8729.237881964504
2021-08-03 08:00:00,8576.0,8755.07714572083
2021-08-03 09:00:00,8745.0,8781.202889390743
2021-08-03 10:00:00,8708.0,8835.750815772099
2021-08-03 11:00:00,8656.0,8796.412438007193
2021-08-03 12:00:00,8594.0,8735.25634133857
2021-08-03 13:00:00,8547.0,8743.498791118709
2021-08-03 14:00:00,8461.0,8720.994931609772
2021-08-03 15:00:00,8365.0,8670.00757618832
2021-08-03 16:00:00,8374.0,8665.297750650994
2021-08-03 17:00:00,8353.0,8594.378823320212
2021-08-03 18:00:00,8056.0,8324.880357657903
2021-08-03 19:00:00,8176.0,8380.47239458131
2021-08-03 20:00:00,7980.0,8229.147745604272
2021-08-03 21:00:00,7493.0,8346.023108009436
2021-08-03 22:00:00,8359.0,8496.192525499115
2021-08-03 23:00:00,8359.0,8530.814367125813
2021-08-04 00:00:00,8359.0,8517.67585167981
2021-08-04 01:00:00,8359.0,8538.546566975076
2021-08-04 02:00:00,8359.0,8501.910438116924
2021-08-04 03:00:00,7659.0,8077.375805399135
2021-08-04 04:00:00,8168.0,8268.354865431269
2021-08-04 05:00:00,8405.0,8514.689850766103
2021-08-04 06:00:00,8538.0,8667.680912548052
2021-08-04 07:00:00,8583.0,8743.40352724691
2021-08-04 08:00:00,8668.0,8785.676289018465
2021-08-04 09:00:00,8685.0,8821.53545250607
2021-08-04 10:00:00,8656.0,8817.103261121638
2021-08-04 11:00:00,8579.0,8756.25733319839
2021-08-04 12:00:00,8513.0,8715.58272876283
2021-08-04 13:00:00,8429.0,8683.46739015758
2021-08-04 14:00:00,8379.0,8657.622777681954
2021-08-04 15:00:00,8315.0,8621.660197584419
2021-08-04 16:00:00,8382.0,8603.195383630075
2021-08-04 17:00:00,8347.0,8597.984720273555
2021-08-04 18:00:00,8071.0,8308.604477626279
2021-08-04 19:00:00,8238.0,8335.099262895414
2021-08-04 20:00:00,8037.0,8256.833260709462
2021-08-04 21:00:00,7608.0,8061.218014850396
2021-08-04 22:00:00,8281.0,8407.30737681689
2021-08-04 23:00:00,8281.0,8464.269186882731
2021-08-05 00:00:00,8281.0,8459.69640877257
2021-08-05 01:00:00,8281.0,8480.452374067836
2021-08-05 02:00:00,8281.0,8443.065549268931
2021-08-05 03:00:00,7786.0,8114.992778263082
2021-08-05 04:00:00,8119.0,8331.683458711574
2021-08-05 05:00:00,8247.0,8525.019739575444
2021-08-05 06:00:00,8413.0,8585.460895068598
2021-08-05 07:00:00,8545.0,8689.644486267183
2021-08-05 08:00:00,8683.0,8777.761660276665
2021-08-05 09:00:00,8716.0,8833.136384238836
2021-08-05 10:00:00,8688.0,8817.59429044515
2021-08-05 11:00:00,8612.0,8797.15308355861
2021-08-05 12:00:00,8545.0,8719.797790728102
2021-08-05 13:00:00,8488.0,8696.627782175636
2021-08-05 14:00:00,8473.0,8675.867713693879
2021-08-05 15:00:00,8450.0,8643.04396789561
2021-08-05 16:00:00,8464.0,8694.174638007415
2021-08-05 17:00:00,8408.0,8632.081262532743
2021-08-05 18:00:00,8162.0,8323.831034288181
2021-08-05 19:00:00,8309.0,8415.570873669016
2021-08-05 20:00:00,8135.0,8267.998410770853
2021-08-05 21:00:00,7683.0,8072.133543882334
2021-08-05 22:00:00,8389.5,8346.25807961995
2021-08-05 23:00:00,8389.5,8527.180866410352
2021-08-06 00:00:00,8389.5,8515.692963232006
2021-08-06 01:00:00,8389.5,8536.76212852727
2021-08-06 02:00:00,8389.5,8496.634271192404
2021-08-06 03:00:00,7827.0,8076.107217655239
2021-08-06 04:00:00,8204.0,8292.125814069424
2021-08-06 05:00:00,8371.0,8544.698514363012
2021-08-06 06:00:00,8588.0,8659.785204321135
2021-08-06 07:00:00,8664.0,8800.788155998343
2021-08-06 08:00:00,8680.0,8840.690999702756
2021-08-06 09:00:00,8740.0,8818.086239450951
2021-08-06 10:00:00,8629.0,8845.29582677146
2021-08-06 11:00:00,8578.0,8736.064688964554
2021-08-06 12:00:00,8640.0,8708.13347834698
2021-08-06 13:00:00,8630.0,8759.606763504351
2021-08-06 14:00:00,8546.0,8778.384397014594
2021-08-06 15:00:00,8479.0,8714.213637901783
2021-08-06 16:00:00,8397.0,8705.643919916278
2021-08-06 17:00:00,8324.0,8581.643485901586
2021-08-06 18:00:00,8103.0,8284.305409313303
2021-08-06 19:00:00,8197.0,8396.62835283672
2021-08-06 20:00:00,7945.0,8236.862462788395
2021-08-06 21:00:00,7500.0,7798.300543338147
2021-08-06 22:00:00,7940.0,7731.317878713481
2021-08-06 23:00:00,7940.0,8043.132220707955
2021-08-07 00:00:00,7928.0,8114.916108667845
2021-08-07 01:00:00,7928.0,8129.383015329719
2021-08-07 02:00:00,7928.0,8111.436440763126
2021-08-07 03:00:00,7928.0,8040.583705219407
2021-08-07 04:00:00,7928.0,8020.833675488506
2021-08-07 05:00:00,7461.0,7896.5622713530165
2021-08-07 06:00:00,7688.0,7901.885093325323
2021-08-07 07:00:00,7840.0,8039.3698535331405
2021-08-07 08:00:00,7935.0,8137.121003218404
2021-08-07 09:00:00,7976.0,8170.466644798707
2021-08-07 10:00:00,7949.0,8215.657080322966
2021-08-07 11:00:00,7921.0,8174.319766404277
2021-08-07 12:00:00,7990.0,8173.0629322960995
2021-08-07 13:00:00,8082.0,8273.118627125054
2021-08-07 14:00:00,8171.0,8391.873011635445
2021-08-07 15:00:00,8289.0,8453.596517537195
2021-08-07 16:00:00,8285.0,8493.281874890221
2021-08-07 17:00:00,8136.0,8411.59106132826
2021-08-07 18:00:00,7884.0,8140.426481051751
2021-08-07 19:00:00,8042.0,8187.716118504492
2021-08-07 20:00:00,7785.0,8102.743406346793
2021-08-07 21:00:00,7350.0,7683.849644426047
2021-08-07 22:00:00,6975.0,7469.634825418108
2021-08-07 23:00:00,7834.5,7380.806911245135
2021-08-08 00:00:00,7811.5,7918.903199609093
2021-08-08 01:00:00,7811.5,7909.198571427778
2021-08-08 02:00:00,7811.5,7901.794711037272
2021-08-08 03:00:00,7811.5,7870.680512161789
2021-08-08 04:00:00,7811.5,7869.315771248481
2021-08-08 05:00:00,7217.0,7667.064291777827
2021-08-08 06:00:00,7497.0,7670.7136629507695
2021-08-08 07:00:00,7782.0,7871.8901454503775
2021-08-08 08:00:00,7920.0,8041.1430528567325
2021-08-08 09:00:00,7916.0,8138.3447734833135
2021-08-08 10:00:00,7899.0,8101.966616093245
2021-08-08 11:00:00,7838.0,8069.513950502432
2021-08-08 12:00:00,7858.0,8090.003627220924
2021-08-08 13:00:00,7862.0,8165.704465661379
2021-08-08 14:00:00,7901.0,8214.1939673447
2021-08-08 15:00:00,8005.0,8237.60772504912
2021-08-08 16:00:00,8050.0,8334.973263798216
2021-08-08 17:00:00,8000.0,8288.041099453421
2021-08-08 18:00:00,7793.0,8079.548612560959
2021-08-08 19:00:00,8044.0,8171.405364694379
2021-08-08 20:00:00,7793.0,8068.032504212382
2021-08-08 21:00:00,7315.0,7798.406213006056
2021-08-08 22:00:00,7880.5,7651.764542128639
2021-08-08 23:00:00,7881.5,8144.1556762344635
2021-08-09 00:00:00,7950.5,8128.405952700083
2021-08-09 01:00:00,8002.5,8187.105689267541
2021-08-09 02:00:00,8024.5,8128.003262349979
2021-08-09 03:00:00,7604.0,7975.175728089712
2021-08-09 04:00:00,8105.0,8267.619853633241
2021-08-09 05:00:00,8548.0,8574.894774481498
2021-08-09 06:00:00,8816.0,8839.318198438588
2021-08-09 07:00:00,8874.0,8975.949485757577
2021-08-09 08:00:00,8984.0,9027.016114298807
2021-08-09 09:00:00,9049.0,9117.416089289729
2021-08-09 10:00:00,8989.0,9077.399517196307
2021-08-09 11:00:00,8936.0,9022.833185321333
2021-08-09 12:00:00,8854.0,8972.317153968359
2021-08-09 13:00:00,8831.0,8935.33333545383
2021-08-09 14:00:00,8783.0,8923.690305955874
2021-08-09 15:00:00,8673.0,8897.605874963549
2021-08-09 16:00:00,8650.0,8829.833293398253
2021-08-09 17:00:00,8538.0,8777.821496395363
2021-08-09 18:00:00,8295.0,8505.211050874086
2021-08-09 19:00:00,8409.0,8489.385219480047
2021-08-09 20:00:00,8057.0,8390.834442023188
2021-08-09 21:00:00,7588.0,8234.542800369043
2021-08-09 22:00:00,8498.0,8645.745455296455
2021-08-09 23:00:00,8498.0,8602.342928194339
2021-08-10 00:00:00,8498.0,8596.398790457812
2021-08-10 01:00:00,8498.0,8616.810628980622
2021-08-10 02:00:00,8498.0,8559.63473902187
2021-08-10 03:00:00,8498.0,8109.260090860662
2021-08-10 04:00:00,8160.0,8512.970944331742
2021-08-10 05:00:00,8458.0,8589.0526844893
2021-08-10 06:00:00,8590.0,8799.430890308526
2021-08-10 07:00:00,8634.0,8831.347807891238
2021-08-10 08:00:00,8770.0,8852.638708245304
2021-08-10 09:00:00,8824.0,8951.183807526351
2021-08-10 10:00:00,8701.0,8941.602527053186
2021-08-10 11:00:00,8709.0,8835.18926930691
2021-08-10 12:00:00,8704.0,8835.286372858473
2021-08-10 13:00:00,8653.0,8863.166337786959
2021-08-10 14:00:00,8616.0,8819.29761993834
2021-08-10 15:00:00,8506.0,8795.957361208038
2021-08-10 16:00:00,8649.0,8755.996317775187
2021-08-10 17:00:00,8570.0,8750.605131242759
2021-08-10 18:00:00,8328.0,8485.316437688056
2021-08-10 19:00:00,8388.0,8497.865724836593
2021-08-10 20:00:00,8091.0,8301.190120422634
2021-08-10 21:00:00,8538.0,8201.363040933642
2021-08-10 22:00:00,8538.0,8661.788695740159
2021-08-10 23:00:00,8538.0,8630.12121570555
2021-08-11 00:00:00,8538.0,8640.06401588473
2021-08-11 01:00:00,8538.0,8658.543871804615
2021-08-11 02:00:00,8538.0,8614.629148660386
2021-08-11 03:00:00,7816.0,8365.047947497838
2021-08-11 04:00:00,8386.0,8448.37366330792
2021-08-11 05:00:00,8748.0,8671.612811286685
2021-08-11 06:00:00,8936.0,8921.493845873982
2021-08-11 07:00:00,8983.0,9024.625917125568
2021-08-11 08:00:00,9023.0,9097.417628155976
2021-08-11 09:00:00,9041.0,9120.598351334627
2021-08-11 10:00:00,9006.0,9080.831619229899
2021-08-11 11:00:00,8922.0,9040.302515176914
2021-08-11 12:00:00,8852.0,8984.046203515669
2021-08-11 13:00:00,8767.0,8930.076714209481
2021-08-11 14:00:00,8702.0,8902.185617587393
2021-08-11 15:00:00,8657.0,8828.888546550383
2021-08-11 16:00:00,8720.0,8846.306622641487
2021-08-11 17:00:00,8660.0,8831.602135345604
2021-08-11 18:00:00,8422.0,8567.64488990184
2021-08-11 19:00:00,8501.0,8578.849387697885
2021-08-11 20:00:00,8186.0,8400.485798956026
2021-08-11 21:00:00,8658.5,8489.774719581957
2021-08-11 22:00:00,8658.5,8718.86407315071
2021-08-11 23:00:00,8658.5,8712.812079212204
2021-08-12 00:00:00,8658.5,8716.007533916294
2021-08-12 01:00:00,8658.5,8740.588986804843
2021-08-12 02:00:00,8658.5,8696.908986989
2021-08-12 03:00:00,8658.5,8326.439514343625
2021-08-12 04:00:00,8417.0,8706.29837655584
2021-08-12 05:00:00,8715.0,8756.596527009226
2021-08-12 06:00:00,8857.0,8956.514553706746
2021-08-12 07:00:00,8873.0,9032.04846149074
2021-08-12 08:00:00,8985.0,9060.050276448692
2021-08-12 09:00:00,9019.0,9124.042698830754
2021-08-12 10:00:00,8960.0,9071.681224501794
2021-08-12 11:00:00,8892.0,9027.452101734361
2021-08-12 12:00:00,8851.0,8986.709902774985
2021-08-12 13:00:00,8795.0,8950.21280371513
2021-08-12 14:00:00,8770.0,8941.524813793825
2021-08-12 15:00:00,8612.0,8901.936860921152
2021-08-12 16:00:00,8633.0,8846.914373345198
2021-08-12 17:00:00,8616.0,8806.034766571469
2021-08-12 18:00:00,8522.0,8594.277779526516
2021-08-12 19:00:00,8650.0,8648.372700990105
2021-08-12 20:00:00,8342.0,8491.194144379915
2021-08-12 21:00:00,7959.0,8574.7874815675
2021-08-12 22:00:00,7674.0,8703.591631745503
2021-08-12 23:00:00,7524.0,8383.333206834568
2021-08-13 00:00:00,7560.0,8143.690465618594
2021-08-13 01:00:00,7629.0,8071.198596111435
2021-08-13 02:00:00,7787.0,8082.105298383225
2021-08-13 03:00:00,8250.0,8105.867773100417
2021-08-13 04:00:00,8786.0,8554.814319410394
2021-08-13 05:00:00,9039.0,8968.014446773332
2021-08-13 06:00:00,9025.0,9171.111327541366
2021-08-13 07:00:00,9053.0,9116.633265500703
2021-08-13 08:00:00,9096.0,9145.893436745946
2021-08-13 09:00:00,9094.0,9167.705754091347
2021-08-13 10:00:00,9159.0,9136.066806540613
2021-08-13 11:00:00,8852.0,9141.498921729515
2021-08-13 12:00:00,8753.0,8934.771045735873
2021-08-13 13:00:00,8732.0,8905.046867572764
2021-08-13 14:00:00,8654.0,8883.655512751822
2021-08-13 15:00:00,8592.0,8790.123332951749
2021-08-13 16:00:00,8547.0,8795.861865886965
2021-08-13 17:00:00,8445.0,8697.828284411093
2021-08-13 18:00:00,8211.0,8455.60585856444
2021-08-13 19:00:00,8337.0,8447.652836990781
2021-08-13 20:00:00,7954.0,8329.138127781158
2021-08-13 21:00:00,7492.0,7934.898649526558
2021-08-13 22:00:00,8125.0,7820.461274227452
2021-08-13 23:00:00,8114.0,8106.662129862458
2021-08-14 00:00:00,8090.5,8179.113806533984
2021-08-14 01:00:00,8090.5,8171.382862217184
2021-08-14 02:00:00,8090.5,8139.233404584702
2021-08-14 03:00:00,8090.5,8174.225174647787
2021-08-14 04:00:00,7237.0,8113.445435634281
2021-08-14 05:00:00,7548.0,7678.492048584897
2021-08-14 06:00:00,7785.0,7990.534331468078
2021-08-14 07:00:00,8064.0,8145.626373103032
2021-08-14 08:00:00,8186.0,8308.410463864382
2021-08-14 09:00:00,8242.0,8370.85421666653
2021-08-14 10:00:00,8164.0,8401.203707229957
2021-08-14 11:00:00,8117.0,8328.744632107619
2021-08-14 12:00:00,8159.0,8331.015069165232
2021-08-14 13:00:00,8259.0,8417.33591389187
2021-08-14 14:00:00,8335.0,8519.758265195644
2021-08-14 15:00:00,8259.0,8581.1829646504
2021-08-14 16:00:00,8240.0,8516.654215299279
2021-08-14 17:00:00,8066.0,8415.97125220879
2021-08-14 18:00:00,7736.0,8124.654603628927
2021-08-14 19:00:00,7922.0,8097.3470996718725
2021-08-14 20:00:00,7612.0,8017.001691895855
2021-08-14 21:00:00,7102.0,7613.6769742885535
2021-08-14 22:00:00,6887.0,7432.391464426818
2021-08-14 23:00:00,6795.0,7502.043926645875
2021-08-15 00:00:00,6792.0,7292.303873328818
2021-08-15 01:00:00,6682.0,7286.7647879037195
2021-08-15 02:00:00,6569.0,7198.444530927345
2021-08-15 03:00:00,7674.0,7271.490301315429
2021-08-15 04:00:00,7674.0,7682.1279028359
2021-08-15 05:00:00,7674.0,7675.281411934664
2021-08-15 06:00:00,7096.0,7876.896417822318
2021-08-15 07:00:00,7584.0,7700.231846830111
2021-08-15 08:00:00,7852.0,7970.959612768698
2021-08-15 09:00:00,7954.0,8125.073907992792
2021-08-15 10:00:00,7977.0,8124.82514069271
2021-08-15 11:00:00,7993.0,8132.725968554506
2021-08-15 12:00:00,7971.0,8152.088931722901
2021-08-15 13:00:00,7996.0,8211.788683356157
2021-08-15 14:00:00,8058.0,8251.658502471739
2021-08-15 15:00:00,8112.0,8343.677378346096
2021-08-15 16:00:00,8224.0,8390.92873410401
2021-08-15 17:00:00,8179.0,8305.473392278447
2021-08-15 18:00:00,7974.0,8051.909661320447
2021-08-15 19:00:00,8157.0,8198.66499566071
2021-08-15 20:00:00,7978.0,8043.424154267695
2021-08-15 21:00:00,7563.0,7747.57952991903
2021-08-15 22:00:00,7994.5,7524.1791743738995
2021-08-15 23:00:00,8027.0,7943.590196675062
2021-08-16 00:00:00,8085.0,8098.731210694836
2021-08-16 01:00:00,8134.5,8135.95572373172
2021-08-16 02:00:00,8168.0,8055.7837680529865
2021-08-16 03:00:00,7834.0,8079.6729027346555
2021-08-16 04:00:00,8462.0,8440.742017002016
2021-08-16 05:00:00,8714.0,8875.320589468589
2021-08-16 06:00:00,8786.0,9008.368565734207
2021-08-16 07:00:00,8909.0,9015.181911749756
2021-08-16 08:00:00,8970.0,9120.161467408381
2021-08-16 09:00:00,8940.0,9128.101600611595
2021-08-16 10:00:00,8992.0,9041.994723923235
2021-08-16 11:00:00,8941.0,9042.813129036893
2021-08-16 12:00:00,8846.0,8982.23035027171
2021-08-16 13:00:00,8736.0,8931.714250374696
2021-08-16 14:00:00,8663.0,8869.627864067834
2021-08-16 15:00:00,8649.0,8811.352684131092
2021-08-16 16:00:00,8734.0,8845.607115743347
2021-08-16 17:00:00,8680.0,8838.443104051135
2021-08-16 18:00:00,8490.0,8606.34612572065
2021-08-16 19:00:00,8532.0,8599.784306082673
2021-08-16 20:00:00,8185.0,8462.220259484968
2021-08-16 21:00:00,8656.0,8221.868215061508
2021-08-16 22:00:00,8656.0,8747.295137337243
2021-08-16 23:00:00,8656.0,8727.110956469925
2021-08-17 00:00:00,8656.0,8724.697924812215
2021-08-17 01:00:00,8656.0,8742.965474129804
2021-08-17 02:00:00,8656.0,8700.906330336717
2021-08-17 03:00:00,7986.0,8456.57422456952
2021-08-17 04:00:00,8538.0,8695.0139970155
2021-08-17 05:00:00,8783.0,8851.587751348641
2021-08-17 06:00:00,8976.0,8969.030784482547
2021-08-17 07:00:00,9088.0,9105.06393261669
2021-08-17 08:00:00,9165.0,9206.217757094486
2021-08-17 09:00:00,9219.0,9235.285244047243
2021-08-17 10:00:00,9092.0,9207.389982296527
2021-08-17 11:00:00,9022.0,9140.081125958997
2021-08-17 12:00:00,8914.0,9067.068200173217
2021-08-17 13:00:00,8876.0,9024.716872507108
2021-08-17 14:00:00,8985.0,8997.097930015603
2021-08-17 15:00:00,8906.0,9081.501815683738
2021-08-17 16:00:00,8952.0,9084.32536866082
2021-08-17 17:00:00,8827.0,9060.54021974084
2021-08-17 18:00:00,8640.0,8712.90483546545
2021-08-17 19:00:00,8559.0,8668.440328345665
2021-08-17 20:00:00,8191.0,8510.813191484203
2021-08-17 21:00:00,8851.5,8793.654911533089
2021-08-17 22:00:00,8851.5,8894.747884186894
2021-08-17 23:00:00,8851.5,8893.670563923628
2021-08-18 00:00:00,8851.5,8909.660812211818
2021-08-18 01:00:00,8851.5,8927.460103360292
2021-08-18 02:00:00,8857.0,8883.72307863396
2021-08-18 03:00:00,8857.0,8471.058245525193
2021-08-18 04:00:00,8601.0,8858.741431076016
2021-08-18 05:00:00,8887.0,8967.598034366958
2021-08-18 06:00:00,8984.0,9128.527511932001
2021-08-18 07:00:00,9029.0,9146.787521754848
2021-08-18 08:00:00,9109.0,9168.08312501645
2021-08-18 09:00:00,9152.0,9242.4493017842
2021-08-18 10:00:00,9142.0,9191.172926661637
2021-08-18 11:00:00,9112.0,9167.086333928075
2021-08-18 12:00:00,9126.0,9164.33122259338
2021-08-18 13:00:00,9153.0,9188.319859577185
2021-08-18 14:00:00,9148.0,9234.910091263853
2021-08-18 15:00:00,9087.0,9233.050198801127
2021-08-18 16:00:00,9172.0,9266.94939194366
2021-08-18 17:00:00,9022.0,9246.6513202115
2021-08-18 18:00:00,8713.0,8865.83113284475
2021-08-18 19:00:00,8617.0,8725.205348067482
2021-08-18 20:00:00,8960.5,8504.991522617089
2021-08-18 21:00:00,8960.5,8957.883826041196
2021-08-18 22:00:00,8960.5,8995.18324700279
2021-08-18 23:00:00,8960.5,8995.211834804017
2021-08-19 00:00:00,8960.5,9023.795428268488
2021-08-19 01:00:00,8944.5,9044.923318563755
2021-08-19 02:00:00,8887.0,8971.31901826972
2021-08-19 03:00:00,8887.0,8720.674805588464
2021-08-19 04:00:00,8700.0,8953.58967837029
2021-08-19 05:00:00,8899.0,9033.7064843669
2021-08-19 06:00:00,9080.0,9144.616965061128
2021-08-19 07:00:00,9112.0,9219.992984180697
2021-08-19 08:00:00,9177.0,9248.938034318136
2021-08-19 09:00:00,9154.0,9274.66259147128
2021-08-19 10:00:00,9086.0,9219.88924529404
2021-08-19 11:00:00,9037.0,9185.928871786511
2021-08-19 12:00:00,8990.0,9133.434021366003
2021-08-19 13:00:00,8875.0,9126.413624739029
2021-08-19 14:00:00,8983.0,9085.83593440027
2021-08-19 15:00:00,8926.0,9142.692425998175
2021-08-19 16:00:00,8950.0,9164.751136945464
2021-08-19 17:00:00,8919.0,9085.554895562951
2021-08-19 18:00:00,8708.0,8878.676293630064
2021-08-19 19:00:00,8634.0,8785.938107211612
2021-08-19 20:00:00,8255.0,8742.131227678274
2021-08-19 21:00:00,8897.0,8651.764465680031
2021-08-19 22:00:00,8897.0,8998.91344225087
2021-08-19 23:00:00,8897.0,9041.039126233753
2021-08-20 00:00:00,8897.0,8949.425711535454
2021-08-20 01:00:00,8897.0,8961.660217116658
2021-08-20 02:00:00,8922.5,8837.643816317148
2021-08-20 03:00:00,8193.0,8650.400270237315
2021-08-20 04:00:00,8726.0,8754.460615524753
2021-08-20 05:00:00,9000.0,9069.529015314572
2021-08-20 06:00:00,9016.0,9226.06271975766
2021-08-20 07:00:00,9128.0,9175.428759720675
2021-08-20 08:00:00,9197.0,9262.107116820407
2021-08-20 09:00:00,9206.0,9285.0273744702
2021-08-20 10:00:00,9119.0,9229.575145865025
2021-08-20 11:00:00,9031.0,9162.963611701703
2021-08-20 12:00:00,9059.0,9096.490588725346
2021-08-20 13:00:00,8991.0,9151.643518514384
2021-08-20 14:00:00,8946.0,9129.947336474137
2021-08-20 15:00:00,8925.0,9073.817824620395
2021-08-20 16:00:00,8908.0,9107.147306467177
2021-08-20 17:00:00,8841.0,9008.98398939867
2021-08-20 18:00:00,8656.0,8743.638835260523
2021-08-20 19:00:00,8634.0,8705.849049040266
2021-08-20 20:00:00,8311.0,8483.87250267602
2021-08-20 21:00:00,7840.0,8293.820714293026
2021-08-20 22:00:00,8404.0,8295.62739482616
2021-08-20 23:00:00,8398.5,8433.99611088653
2021-08-21 00:00:00,8352.5,8496.579244070104
2021-08-21 01:00:00,8352.5,8469.997289686447
2021-08-21 02:00:00,8352.5,8445.72138710734
2021-08-21 03:00:00,8352.5,8337.279048037803
2021-08-21 04:00:00,8352.5,8210.852181084036
2021-08-21 05:00:00,7929.0,8263.657566059814
2021-08-21 06:00:00,8136.0,8211.579236215277
2021-08-21 07:00:00,8334.0,8410.337836257064
2021-08-21 08:00:00,8481.0,8523.838524119894
2021-08-21 09:00:00,8474.0,8627.99323909772
2021-08-21 10:00:00,8463.0,8591.626640050214
2021-08-21 11:00:00,8371.0,8575.632777413797
2021-08-21 12:00:00,8429.0,8534.65700574303
2021-08-21 13:00:00,8508.0,8665.916547766326
2021-08-21 14:00:00,8608.0,8754.839238251556
2021-08-21 15:00:00,8708.0,8814.359538200184
2021-08-21 16:00:00,8740.0,8891.525192649216
2021-08-21 17:00:00,8628.0,8827.775218299861
2021-08-21 18:00:00,8510.0,8587.522743687712
2021-08-21 19:00:00,8561.0,8597.965135369499
2021-08-21 20:00:00,8294.0,8455.110663420764
2021-08-21 21:00:00,7794.0,8083.319391909364
2021-08-21 22:00:00,7417.0,7795.192372140521
2021-08-21 23:00:00,8289.5,7695.117477010858
2021-08-22 00:00:00,8266.0,8279.23910982828
2021-08-22 01:00:00,8236.0,8250.920091062426
2021-08-22 02:00:00,8218.5,8300.85814162231
2021-08-22 03:00:00,8218.5,8254.165085510385
2021-08-22 04:00:00,8218.5,8226.994282659292
2021-08-22 05:00:00,7610.0,8134.574998620726
2021-08-22 06:00:00,7891.0,8053.143796297341
2021-08-22 07:00:00,8116.0,8228.143996694294
2021-08-22 08:00:00,8285.0,8380.245982182485
2021-08-22 09:00:00,8362.0,8472.019058141912
2021-08-22 10:00:00,8338.0,8502.476723859976
2021-08-22 11:00:00,8247.0,8474.955152402163
2021-08-22 12:00:00,8225.0,8455.023843744892
2021-08-22 13:00:00,8212.0,8471.55969526534
2021-08-22 14:00:00,8284.0,8528.930125617222
2021-08-22 15:00:00,8349.0,8572.94478412646
2021-08-22 16:00:00,8434.0,8651.385371174438
2021-08-22 17:00:00,8454.0,8645.362118812463
2021-08-22 18:00:00,8384.0,8548.335870543815
2021-08-22 19:00:00,8511.0,8648.316024708656
2021-08-22 20:00:00,8138.0,8478.227367129895
2021-08-22 21:00:00,8311.0,8042.8789312244535
2021-08-22 22:00:00,8311.0,8244.80655202088
2021-08-22 23:00:00,8316.5,8397.760630650591
2021-08-23 00:00:00,8366.5,8418.488390196817
2021-08-23 01:00:00,8409.0,8466.51740817569
2021-08-23 02:00:00,8444.0,8480.082499305261
2021-08-23 03:00:00,7893.0,8417.265066432692
2021-08-23 04:00:00,8477.0,8628.558326579596
2021-08-23 05:00:00,8726.0,8945.247825487648
2021-08-23 06:00:00,8737.0,9020.026250139621
2021-08-23 07:00:00,8706.0,8993.97594520553
2021-08-23 08:00:00,8762.0,8967.447853838315
2021-08-23 09:00:00,8784.0,8995.3632338419
2021-08-23 10:00:00,8715.0,8958.15296035904
2021-08-23 11:00:00,8646.0,8892.271760214904
2021-08-23 12:00:00,8554.0,8816.849200417444
2021-08-23 13:00:00,8551.0,8785.939626946623
2021-08-23 14:00:00,8571.0,8790.766677425963
2021-08-23 15:00:00,8667.0,8778.146132167045
2021-08-23 16:00:00,8777.0,8876.976796210969
2021-08-23 17:00:00,8752.0,8916.702582810683
2021-08-23 18:00:00,8566.0,8720.25299677768
2021-08-23 19:00:00,8562.0,8705.701265904348
2021-08-23 20:00:00,8383.0,8532.963431826478
2021-08-23 21:00:00,8428.5,8591.55500701494
2021-08-23 22:00:00,8428.5,8695.343595424343
2021-08-23 23:00:00,8428.5,8660.553845886188
2021-08-24 00:00:00,8428.5,8579.6891177743
2021-08-24 01:00:00,8428.5,8606.161320433494
2021-08-24 02:00:00,8428.5,8584.725269952789
2021-08-24 03:00:00,8428.5,8344.870564145613
2021-08-24 04:00:00,8253.0,8643.603299292135
2021-08-24 05:00:00,8384.0,8614.915449664997
2021-08-24 06:00:00,8453.0,8691.971603638944
2021-08-24 07:00:00,8382.0,8717.707774667839
2021-08-24 08:00:00,8404.0,8684.968460537562
2021-08-24 09:00:00,8632.0,8669.808469506144
2021-08-24 10:00:00,8558.0,8721.93259632663
2021-08-24 11:00:00,8505.0,8677.351409572837
2021-08-24 12:00:00,8527.0,8630.213381212858
2021-08-24 13:00:00,8530.0,8664.00405186607
2021-08-24 14:00:00,8608.0,8688.25413509769
2021-08-24 15:00:00,8563.0,8764.370059133335
2021-08-24 16:00:00,8697.0,8807.296300085192
2021-08-24 17:00:00,8675.0,8821.511180793326
2021-08-24 18:00:00,8581.0,8598.461389962746
2021-08-24 19:00:00,8532.0,8654.338740711484
2021-08-24 20:00:00,8294.0,8452.424360959745
2021-08-24 21:00:00,8545.0,8408.343104377454
2021-08-24 22:00:00,8545.0,8573.168904304162
2021-08-24 23:00:00,8547.5,8600.482455434321
2021-08-25 00:00:00,8572.0,8616.266427753926
2021-08-25 01:00:00,8594.5,8657.931267384904
2021-08-25 02:00:00,8641.5,8616.060260127368
2021-08-25 03:00:00,8255.0,8507.528371204193
2021-08-25 04:00:00,8751.0,8506.339632710084
2021-08-25 05:00:00,8885.0,8912.314318353154
2021-08-25 06:00:00,9044.0,9010.36196287463
2021-08-25 07:00:00,9344.0,9113.774351482944
2021-08-25 08:00:00,9433.0,9335.779482476133
2021-08-25 09:00:00,9431.0,9409.01040910655
2021-08-25 10:00:00,9285.0,9368.856265409939
2021-08-25 11:00:00,9209.0,9248.556770209136
2021-08-25 12:00:00,9201.0,9195.505095939314
2021-08-25 13:00:00,9169.0,9222.693877752243
2021-08-25 14:00:00,9113.0,9247.334502188125
2021-08-25 15:00:00,9190.0,9218.45761579934
2021-08-25 16:00:00,9264.0,9314.112867980779
2021-08-25 17:00:00,9113.0,9316.173707779713
2021-08-25 18:00:00,8901.0,9022.997702901259
2021-08-25 19:00:00,8727.0,8877.015630930819
2021-08-25 20:00:00,8337.0,8713.893603434317
2021-08-25 21:00:00,9067.0,8804.550899070195
2021-08-25 22:00:00,9067.0,9056.387259958457
2021-08-25 23:00:00,9067.0,9055.99900135945
2021-08-26 00:00:00,9067.0,9071.164886325627
2021-08-26 01:00:00,9067.0,9092.746199968704
2021-08-26 02:00:00,9060.5,9045.359437167554
2021-08-26 03:00:00,8191.0,8845.016471967781
2021-08-26 04:00:00,8619.0,8860.371363344566
2021-08-26 05:00:00,9021.0,9020.762067119687
2021-08-26 06:00:00,9179.0,9203.321181801195
2021-08-26 07:00:00,9266.0,9292.367021092095
2021-08-26 08:00:00,9361.0,9353.976528510879
2021-08-26 09:00:00,9460.0,9403.805550990668
2021-08-26 10:00:00,9357.0,9421.429201755242
2021-08-26 11:00:00,9204.0,9333.434140335416
2021-08-26 12:00:00,9150.0,9230.359820500462
2021-08-26 13:00:00,9100.0,9231.493094705425
2021-08-26 14:00:00,9064.0,9248.50729689232
2021-08-26 15:00:00,8998.0,9203.706619923547
2021-08-26 16:00:00,9112.0,9195.521756394906
2021-08-26 17:00:00,9036.0,9250.368384228957
2021-08-26 18:00:00,8834.0,8986.776105812713
2021-08-26 19:00:00,8746.0,8861.593878316544
2021-08-26 20:00:00,8356.0,8575.189150983864
2021-08-26 21:00:00,9017.0,8798.032446551319
2021-08-26 22:00:00,9017.0,9036.864520663292
2021-08-26 23:00:00,9017.0,9041.520606505304
2021-08-27 00:00:00,9017.0,9047.763965841275
2021-08-27 01:00:00,8997.5,9068.653581136541
2021-08-27 02:00:00,8997.5,9013.676598828588
2021-08-27 03:00:00,8997.5,8719.533602165184
2021-08-27 04:00:00,8772.0,9133.804197840984
2021-08-27 05:00:00,9112.0,9113.198580991055
2021-08-27 06:00:00,9322.0,9320.248825448465
2021-08-27 07:00:00,9302.0,9403.006986173836
2021-08-27 08:00:00,9251.0,9384.417593277361
2021-08-27 09:00:00,9236.0,9362.885611198837
2021-08-27 10:00:00,9168.0,9276.323820985233
2021-08-27 11:00:00,9063.0,9222.890652816652
2021-08-27 12:00:00,8997.0,9158.312849743601
2021-08-27 13:00:00,9007.0,9124.129045651925
2021-08-27 14:00:00,9000.0,9137.104373511338
2021-08-27 15:00:00,9056.0,9139.267866975715
2021-08-27 16:00:00,9095.0,9239.018399986082
2021-08-27 17:00:00,8981.0,9209.817332606648
2021-08-27 18:00:00,8846.0,8926.995973523504
2021-08-27 19:00:00,8770.0,8860.338911891036
2021-08-27 20:00:00,8495.0,8581.872874791365
2021-08-27 21:00:00,8048.0,8454.114318003436
2021-08-27 22:00:00,8484.5,8382.65247074952
2021-08-27 23:00:00,8468.0,8568.584584036678
2021-08-28 00:00:00,8434.0,8589.411032007423
2021-08-28 01:00:00,8371.0,8564.446348658304
2021-08-28 02:00:00,8331.0,8515.10619670991
2021-08-28 03:00:00,8331.0,8422.109622681359
2021-08-28 04:00:00,8331.0,8399.550927758235
2021-08-28 05:00:00,8095.0,8345.343377350466
2021-08-28 06:00:00,8323.0,8440.7217920263
2021-08-28 07:00:00,8474.0,8590.063988177419
2021-08-28 08:00:00,8553.0,8713.031766209002
2021-08-28 09:00:00,8462.0,8743.866043053558
2021-08-28 10:00:00,8406.0,8661.241300350037
2021-08-28 11:00:00,8336.0,8583.413120568379
2021-08-28 12:00:00,8315.0,8546.47681475285
2021-08-28 13:00:00,8326.0,8608.834417503323
2021-08-28 14:00:00,8384.0,8648.87143037987
2021-08-28 15:00:00,8456.0,8723.822286873077
2021-08-28 16:00:00,8508.0,8747.827721070082
2021-08-28 17:00:00,8444.0,8701.852723615973
2021-08-28 18:00:00,8374.0,8591.761726533792
2021-08-28 19:00:00,8344.0,8663.997965874936
2021-08-28 20:00:00,8117.0,8385.525201730476
2021-08-28 21:00:00,7653.0,7971.291256383192
2021-08-28 22:00:00,7797.0,7739.682197180607
2021-08-28 23:00:00,7768.5,7927.539631351087
2021-08-29 00:00:00,7751.0,8024.567872989253
2021-08-29 01:00:00,7734.5,8053.864965832965
2021-08-29 02:00:00,7708.0,7989.301440021893
2021-08-29 03:00:00,7684.5,7979.731647033596
2021-08-29 04:00:00,7684.5,7949.74045894514
2021-08-29 05:00:00,7562.0,7914.851119729027
2021-08-29 06:00:00,7728.0,7989.709373284788
2021-08-29 07:00:00,7776.0,8124.599084070998
2021-08-29 08:00:00,7818.0,8183.07908001048
2021-08-29 09:00:00,7761.0,8171.874876529267
2021-08-29 10:00:00,7741.0,8128.036324246636
2021-08-29 11:00:00,7688.0,8086.670551541448
2021-08-29 12:00:00,7681.0,8056.045253197874
2021-08-29 13:00:00,7651.0,8084.106625910429
2021-08-29 14:00:00,7650.0,8127.23696375076
2021-08-29 15:00:00,7724.0,8126.571498824547
2021-08-29 16:00:00,7861.0,8174.818338320219
2021-08-29 17:00:00,7827.0,8262.435195278598
2021-08-29 18:00:00,7771.0,8176.120053885155
2021-08-29 19:00:00,7899.0,8246.463689861965
2021-08-29 20:00:00,7772.0,8193.48374626346
2021-08-29 21:00:00,7524.0,7867.809664995807
2021-08-29 22:00:00,7756.0,7848.743675527291
2021-08-29 23:00:00,7771.5,8035.298767761497
2021-08-30 00:00:00,7799.5,7992.6597985407025
2021-08-30 01:00:00,7844.0,8009.929376800932
2021-08-30 02:00:00,7501.0,8020.289562236386
2021-08-30 03:00:00,7878.0,8105.374417860792
2021-08-30 04:00:00,8279.0,8461.750542133665
2021-08-30 05:00:00,8450.0,8700.910102609716
2021-08-30 06:00:00,8553.0,8779.863910299944
2021-08-30 07:00:00,8522.0,8810.191309569062
2021-08-30 08:00:00,8654.0,8768.721457685433
2021-08-30 09:00:00,8984.0,8829.646521851884
2021-08-30 10:00:00,8911.0,9032.745757549568
2021-08-30 11:00:00,8839.0,8949.286850481987
2021-08-30 12:00:00,8749.0,8864.34066472852
2021-08-30 13:00:00,8763.0,8841.97923323999
2021-08-30 14:00:00,8714.0,8870.11841895259
2021-08-30 15:00:00,8672.0,8860.210454868351
2021-08-30 16:00:00,8789.0,8852.198958061974
2021-08-30 17:00:00,8817.0,8925.049185314576
2021-08-30 18:00:00,8697.0,8716.013949615804
2021-08-30 19:00:00,8568.0,8702.524826917808
2021-08-30 20:00:00,8172.0,8527.660599502273
2021-08-30 21:00:00,8705.5,8316.362931221372
2021-08-30 22:00:00,8705.5,8764.281847959406
2021-08-30 23:00:00,8705.5,8764.51867218152
2021-08-31 00:00:00,8694.5,8728.207609024756
2021-08-31 01:00:00,8682.0,8733.1632187877
2021-08-31 02:00:00,8667.5,8693.246243042495
2021-08-31 03:00:00,8149.0,8532.819957654501
2021-08-31 04:00:00,8663.0,8623.533449461236
2021-08-31 05:00:00,8811.0,8814.483878534578
2021-08-31 06:00:00,8947.0,8924.154754649218
2021-08-31 07:00:00,8957.0,8992.691235883545
2021-08-31 08:00:00,8960.0,9044.668357837669
2021-08-31 09:00:00,8959.0,9089.626509778445
2021-08-31 10:00:00,8851.0,9021.015141992957
2021-08-31 11:00:00,8692.0,8920.570556608547
2021-08-31 12:00:00,8622.0,8832.372258618745
2021-08-31 13:00:00,8619.0,8809.311885061548
2021-08-31 14:00:00,8656.0,8823.632684762326
2021-08-31 15:00:00,8624.0,8823.727898142879
2021-08-31 16:00:00,8747.0,8890.209268457302
2021-08-31 17:00:00,8754.0,8927.99360315369
2021-08-31 18:00:00,8523.0,8770.061913624664
2021-08-31 19:00:00,8329.0,8688.716221040677
2021-08-31 20:00:00,8007.0,8415.358435435402
2021-08-31 21:00:00,8620.5,8713.58252449902
2021-08-31 22:00:00,8620.5,8755.296778257776
2021-08-31 23:00:00,8620.5,8742.428789288746
2021-09-01 00:00:00,8620.5,8733.095843400195
2021-09-01 01:00:00,8607.5,8748.638655030778
2021-09-01 02:00:00,8573.5,8698.330572923398
2021-09-01 03:00:00,7896.0,8330.096224752338
2021-09-01 04:00:00,8486.0,8608.170998111478
2021-09-01 05:00:00,8799.0,8817.868829371582
2021-09-01 06:00:00,8949.0,9009.155983295577
2021-09-01 07:00:00,8951.0,9066.974431109638
2021-09-01 08:00:00,8959.0,9073.71149574632
2021-09-01 09:00:00,8916.0,9080.288458319696
2021-09-01 10:00:00,8818.0,8984.139934518329
2021-09-01 11:00:00,8708.0,8899.194202127406
2021-09-01 12:00:00,8596.0,8819.857324849168
2021-09-01 13:00:00,8551.0,8781.500084494652
2021-09-01 14:00:00,8546.0,8795.33717232216
2021-09-01 15:00:00,8563.0,8798.863002600381
2021-09-01 16:00:00,8789.0,8908.91138451159
2021-09-01 17:00:00,8756.0,9009.78904411184
2021-09-01 18:00:00,8735.0,8696.04092555542
2021-09-01 19:00:00,8688.0,8588.258771627148
2021-09-01 20:00:00,8492.0,8466.952478186668
2021-09-01 21:00:00,8605.0,8689.228853569784
2021-09-01 22:00:00,8605.0,8733.444408704932
2021-09-01 23:00:00,8605.0,8714.815427074955
2021-09-02 00:00:00,8605.0,8753.625676006372
2021-09-02 01:00:00,8651.0,8771.270188244902
2021-09-02 02:00:00,8711.5,8747.980955820785
2021-09-02 03:00:00,8520.0,8403.77002286164
2021-09-02 04:00:00,8614.0,8748.780118339475
2021-09-02 05:00:00,8935.0,8962.199254092498
2021-09-02 06:00:00,9030.0,9146.231436927124
2021-09-02 07:00:00,8981.0,9165.978334368048
2021-09-02 08:00:00,8997.0,9157.548785796453
2021-09-02 09:00:00,9006.0,9141.637221333329
2021-09-02 10:00:00,8930.0,9078.068618853475
2021-09-02 11:00:00,8877.0,8995.943230711686
2021-09-02 12:00:00,8854.0,8961.438654695823
2021-09-02 13:00:00,8856.0,8957.906639232504
2021-09-02 14:00:00,9033.0,9002.346517456466
2021-09-02 15:00:00,9063.0,9132.796163091592
2021-09-02 16:00:00,9168.0,9255.00859682789
2021-09-02 17:00:00,9234.0,9293.197515464599
2021-09-02 18:00:00,8946.0,9043.391498045321
2021-09-02 19:00:00,8718.0,8826.545660395057
2021-09-02 20:00:00,8463.0,8600.551133294877
2021-09-02 21:00:00,7938.0,8775.842509835204
2021-09-02 22:00:00,8903.5,8815.98783777848
2021-09-02 23:00:00,8911.5,8917.968113000314
2021-09-03 00:00:00,8980.0,8951.092485912362
2021-09-03 01:00:00,8980.0,9025.614989586289
2021-09-03 02:00:00,7964.0,8984.793282148059
2021-09-03 03:00:00,8526.0,8540.094675199345
2021-09-03 04:00:00,9075.0,8865.36473752427
2021-09-03 05:00:00,9312.0,9306.57399322806
2021-09-03 06:00:00,9459.0,9440.396047136923
2021-09-03 07:00:00,9352.0,9470.205921189861
2021-09-03 08:00:00,9339.0,9396.787042677137
2021-09-03 09:00:00,9320.0,9387.820465614881
2021-09-03 10:00:00,9140.0,9320.999972262154
2021-09-03 11:00:00,9014.0,9163.567480840413
2021-09-03 12:00:00,8906.0,9069.345959476044
2021-09-03 13:00:00,8847.0,9046.34558580054
2021-09-03 14:00:00,8846.0,9077.718240980581
2021-09-03 15:00:00,8905.0,9088.785449177329
2021-09-03 16:00:00,8974.0,9205.758012739518
2021-09-03 17:00:00,8979.0,9182.429713636764
2021-09-03 18:00:00,8810.0,8933.005849409634
2021-09-03 19:00:00,8664.0,8742.33087284044
2021-09-03 20:00:00,8361.0,8525.552272193447
2021-09-03 21:00:00,7905.0,8102.542888828295
2021-09-03 22:00:00,8377.5,8383.088175210043
2021-09-03 23:00:00,8377.5,8529.379250120017
2021-09-04 00:00:00,8369.0,8512.36955562644
2021-09-04 01:00:00,8369.0,8510.263183947465
2021-09-04 02:00:00,8369.0,8398.667312464238
2021-09-04 03:00:00,8369.0,8396.853860668143
2021-09-04 04:00:00,8369.0,8418.412068134687
2021-09-04 05:00:00,8022.0,8403.878762978264
2021-09-04 06:00:00,8177.0,8410.443675248283
2021-09-04 07:00:00,8290.0,8502.021265187914
2021-09-04 08:00:00,8394.0,8536.116372539143
2021-09-04 09:00:00,8460.0,8603.882601942129
2021-09-04 10:00:00,8446.0,8619.906155107798
2021-09-04 11:00:00,8377.0,8612.948182923956
2021-09-04 12:00:00,8491.0,8583.636215871386
2021-09-04 13:00:00,8456.0,8700.987463469004
2021-09-04 14:00:00,8589.0,8736.849245766593
2021-09-04 15:00:00,8734.0,8835.853008155584
2021-09-04 16:00:00,8766.0,8954.574718669843
2021-09-04 17:00:00,8649.0,8944.67201010212
2021-09-04 18:00:00,8607.0,8663.256796149932
2021-09-04 19:00:00,8637.0,8609.324226517165
2021-09-04 20:00:00,8471.0,8491.824168328432
2021-09-04 21:00:00,8287.0,8187.2541169316555
2021-09-04 22:00:00,8092.0,8086.411551674578
2021-09-04 23:00:00,8008.0,8036.59275185087
2021-09-05 00:00:00,8004.0,8122.9093510380935
2021-09-05 01:00:00,8085.0,8141.137171769289
2021-09-05 02:00:00,8213.0,8210.6009699203
2021-09-05 03:00:00,8187.0,8280.331895133433
2021-09-05 04:00:00,8200.0,8229.549075800507
2021-09-05 05:00:00,8307.0,8115.88750531808
2021-09-05 06:00:00,8280.0,8341.141189959248
2021-09-05 07:00:00,8216.0,8429.411674152081
2021-09-05 08:00:00,8145.0,8433.895060440915
2021-09-05 09:00:00,8136.0,8368.156831024742
2021-09-05 10:00:00,8207.0,8337.656103180458
2021-09-05 11:00:00,8286.0,8383.475843086548
2021-09-05 12:00:00,8338.0,8447.13002871553
2021-09-05 13:00:00,8369.0,8529.027181704754
2021-09-05 14:00:00,8418.0,8622.73117563492
2021-09-05 15:00:00,8408.0,8688.914340455867
2021-09-05 16:00:00,8484.0,8684.31194958978
2021-09-05 17:00:00,8578.0,8686.179409225266
2021-09-05 18:00:00,8464.0,8669.510864540844
2021-09-05 19:00:00,8549.0,8610.032360395024
2021-09-05 20:00:00,8580.0,8614.09066987152
2021-09-05 21:00:00,8336.0,8445.32276362376
2021-09-05 22:00:00,8100.0,8241.733123321708
2021-09-05 23:00:00,8474.0,8212.41713092445
2021-09-06 00:00:00,8516.5,8484.564515443752
2021-09-06 01:00:00,8095.0,8536.42456946061
2021-09-06 02:00:00,8336.0,8290.9991521131
2021-09-06 03:00:00,8654.0,8458.619841309725
2021-09-06 04:00:00,8858.0,8948.531307020019
2021-09-06 05:00:00,9012.0,9143.70045432388
2021-09-06 06:00:00,9053.0,9198.263155918516
2021-09-06 07:00:00,8980.0,9188.94127174481
2021-09-06 08:00:00,8956.0,9147.02155368302
2021-09-06 09:00:00,8932.0,9128.94993287418
2021-09-06 10:00:00,8832.0,9043.227514609036
2021-09-06 11:00:00,8868.0,8956.225244384184
2021-09-06 12:00:00,8845.0,8977.973710634114
2021-09-06 13:00:00,8826.0,8971.822710330043
2021-09-06 14:00:00,8847.0,9014.492576708017
2021-09-06 15:00:00,8748.0,9034.623545149483
2021-09-06 16:00:00,8818.0,9055.515891680983
2021-09-06 17:00:00,9009.0,9075.425684259855
2021-09-06 18:00:00,8813.0,8893.993221864284
2021-09-06 19:00:00,8653.0,8737.372341343533
2021-09-06 20:00:00,8352.0,8630.495771592958
2021-09-06 21:00:00,8822.0,8672.529613628865
2021-09-06 22:00:00,8822.0,8924.617120583413
2021-09-06 23:00:00,8822.0,8898.124025318419
2021-09-07 00:00:00,8822.0,8893.739732043168
2021-09-07 01:00:00,8822.0,8913.331765450203
2021-09-07 02:00:00,8825.0,8827.376998053714
2021-09-07 03:00:00,8427.0,8656.265835531847
2021-09-07 04:00:00,8832.0,8832.208062919664
2021-09-07 05:00:00,9085.0,9058.48379991057
2021-09-07 06:00:00,9175.0,9237.298869758244
2021-09-07 07:00:00,9143.0,9246.577720658544
2021-09-07 08:00:00,9164.0,9226.9873165719
2021-09-07 09:00:00,9218.0,9230.48704562099
2021-09-07 10:00:00,9196.0,9193.848231402852
2021-09-07 11:00:00,9232.0,9180.526091441554
2021-09-07 12:00:00,8992.0,9213.858058374273
2021-09-07 13:00:00,8935.0,9074.389616998016
2021-09-07 14:00:00,8922.0,9080.657370731742
2021-09-07 15:00:00,8860.0,9064.26206156571
2021-09-07 16:00:00,8962.0,9102.167882977817
2021-09-07 17:00:00,9064.0,9157.57405904488
2021-09-07 18:00:00,8756.0,8956.555312951112
2021-09-07 19:00:00,8613.0,8682.251370953334
2021-09-07 20:00:00,8308.0,8585.110804641226
2021-09-07 21:00:00,8891.0,8832.805725506038
2021-09-07 22:00:00,8891.0,8936.334043281282
2021-09-07 23:00:00,8891.0,8933.254442012225
2021-09-08 00:00:00,8891.0,8976.198195782841
2021-09-08 01:00:00,8856.5,8995.912509295431
2021-09-08 02:00:00,7689.0,8903.194739448281
2021-09-08 03:00:00,8258.0,8494.488829342676
2021-09-08 04:00:00,8704.0,8759.59485008715
2021-09-08 05:00:00,8983.0,9022.580886574418
2021-09-08 06:00:00,9210.0,9197.931871219953
2021-09-08 07:00:00,9262.0,9286.603276707026
2021-09-08 08:00:00,9298.0,9327.095418235724
2021-09-08 09:00:00,9267.0,9345.147903471692
2021-09-08 10:00:00,9124.0,9275.329077071718
2021-09-08 11:00:00,8954.0,9187.713462690102
2021-09-08 12:00:00,8853.0,9038.878924000908
2021-09-08 13:00:00,8780.0,8984.75485811396
2021-09-08 14:00:00,8797.0,8995.195589191879
2021-09-08 15:00:00,8760.0,9011.761246226279
2021-09-08 16:00:00,8896.0,9080.125256429397
2021-09-08 17:00:00,9002.0,9139.248356734364
2021-09-08 18:00:00,8642.0,8919.297923848766
2021-09-08 19:00:00,8486.0,8636.310267577599
2021-09-08 20:00:00,8171.0,8508.396232242794
2021-09-08 21:00:00,8770.0,8725.065874012309
2021-09-08 22:00:00,8770.0,8863.810363812117
2021-09-08 23:00:00,8770.0,8873.668055371898
2021-09-09 00:00:00,8770.0,8888.01012868228
2021-09-09 01:00:00,8770.0,8903.259003184467
2021-09-09 02:00:00,8778.5,8753.854788724977
2021-09-09 03:00:00,8227.0,8628.808911249504
2021-09-09 04:00:00,8685.0,8774.464527381971
2021-09-09 05:00:00,8974.0,9031.663516921893
2021-09-09 06:00:00,9077.0,9199.498655580564
2021-09-09 07:00:00,9105.0,9235.403639724174
2021-09-09 08:00:00,9194.0,9247.363877226051
2021-09-09 09:00:00,9202.0,9269.29215706948
2021-09-09 10:00:00,9043.0,9216.705397520358
2021-09-09 11:00:00,9071.0,9092.01549017033
2021-09-09 12:00:00,8992.0,9134.07020101965
2021-09-09 13:00:00,8940.0,9067.856992417484
2021-09-09 14:00:00,8924.0,9087.270306884215
2021-09-09 15:00:00,8824.0,9081.689265491908
2021-09-09 16:00:00,8912.0,9133.213302363612
2021-09-09 17:00:00,9050.0,9166.956132152698
2021-09-09 18:00:00,8738.0,8930.49009070539
2021-09-09 19:00:00,8586.0,8631.952854279725
2021-09-09 20:00:00,8317.0,8515.166161785204
2021-09-09 21:00:00,8876.5,8598.809891637538
2021-09-09 22:00:00,8876.5,8920.680455666854
2021-09-09 23:00:00,8832.5,8917.661096168284
2021-09-10 00:00:00,8820.5,8931.748402533069
2021-09-10 01:00:00,8777.5,8952.322342828335
2021-09-10 02:00:00,7964.0,8746.533230041267
2021-09-10 03:00:00,8416.0,8536.080580725182
2021-09-10 04:00:00,8841.0,8846.628022595603
2021-09-10 05:00:00,8976.0,9146.109829882891
2021-09-10 06:00:00,9066.0,9222.407819479724
2021-09-10 07:00:00,9025.0,9226.943399489575
2021-09-10 08:00:00,9019.0,9190.972565498045
2021-09-10 09:00:00,8989.0,9158.528839773018
2021-09-10 10:00:00,8817.0,9094.897652145455
2021-09-10 11:00:00,8702.0,8992.6534207014
2021-09-10 12:00:00,8635.0,8893.564964918947
2021-09-10 13:00:00,8633.0,8855.295143957967
2021-09-10 14:00:00,8656.0,8895.366228728686
2021-09-10 15:00:00,8611.0,8907.813523871515
2021-09-10 16:00:00,8698.0,8943.861683889285
2021-09-10 17:00:00,8862.0,8990.144392675678
2021-09-10 18:00:00,8536.0,8800.528488044825
2021-09-10 19:00:00,8394.0,8602.604145170748
2021-09-10 20:00:00,8139.0,8413.195040747454
2021-09-10 21:00:00,8243.5,8137.861080202658
2021-09-10 22:00:00,8240.5,8339.493738044095
2021-09-10 23:00:00,8205.5,8372.814271814379
2021-09-11 00:00:00,8173.0,8345.810766260462
2021-09-11 01:00:00,8144.0,8332.649452334314
2021-09-11 02:00:00,8144.0,8217.894756651292
2021-09-11 03:00:00,8144.0,8290.72815708265
2021-09-11 04:00:00,8144.0,8227.997150976214
2021-09-11 05:00:00,7804.0,8217.461452035011
2021-09-11 06:00:00,8021.0,8185.636572163417
2021-09-11 07:00:00,8197.0,8351.811848506231
2021-09-11 08:00:00,8290.0,8438.22287197206
2021-09-11 09:00:00,8284.0,8499.745710108691
2021-09-11 10:00:00,8214.0,8469.018129299613
2021-09-11 11:00:00,8149.0,8404.962707236718
2021-09-11 12:00:00,8136.0,8399.397252740268
2021-09-11 13:00:00,8272.0,8439.439353554297
2021-09-11 14:00:00,8356.0,8588.292148537319
2021-09-11 15:00:00,8484.0,8637.790331238888
2021-09-11 16:00:00,8565.0,8743.779477258773
2021-09-11 17:00:00,8632.0,8762.987360001698
2021-09-11 18:00:00,8264.0,8564.6776620066
2021-09-11 19:00:00,8155.0,8420.61176883164
2021-09-11 20:00:00,7866.0,8263.320983755217
2021-09-11 21:00:00,7488.0,7944.071292364624
2021-09-11 22:00:00,7140.0,7648.7801303954375
2021-09-11 23:00:00,7030.0,7411.884506624651
2021-09-12 00:00:00,8085.0,7365.1496589208455
2021-09-12 01:00:00,7052.0,8175.447411003581
2021-09-12 02:00:00,7132.0,7556.736198675033
2021-09-12 03:00:00,7232.0,7648.141904869312
2021-09-12 04:00:00,7240.0,7652.649587791006
2021-09-12 05:00:00,7502.0,7705.536400714746
2021-09-12 06:00:00,7827.0,7956.654253024364
2021-09-12 07:00:00,8034.0,8175.109900807087
2021-09-12 08:00:00,8254.0,8332.061396593266
2021-09-12 09:00:00,8486.0,8412.075003694757
2021-09-12 10:00:00,8384.0,8520.895306063905
2021-09-12 11:00:00,8147.0,8453.155809589645
2021-09-12 12:00:00,8237.0,8314.112509675719
2021-09-12 13:00:00,8216.0,8453.652975097499
2021-09-12 14:00:00,8268.0,8503.674980996628
2021-09-12 15:00:00,8324.0,8571.101592576671
2021-09-12 16:00:00,8446.0,8618.858384317746
2021-09-12 17:00:00,8517.0,8666.31326253298
2021-09-12 18:00:00,8181.0,8490.070606385727
2021-09-12 19:00:00,8205.0,8300.26662757451
2021-09-12 20:00:00,7996.0,8304.72026335709
2021-09-12 21:00:00,7580.0,8079.890565976433
2021-09-12 22:00:00,8226.5,7842.009102476562
2021-09-12 23:00:00,8226.5,8380.827586608044
2021-09-13 00:00:00,8252.5,8459.717146723739
2021-09-13 01:00:00,8296.0,8403.65243509393
2021-09-13 02:00:00,8385.0,8420.175928704977
2021-09-13 03:00:00,8184.0,8646.799399269354
2021-09-13 04:00:00,8558.0,8870.713263883219
2021-09-13 05:00:00,8751.0,9009.268339162963
2021-09-13 06:00:00,8958.0,9100.613964762968
2021-09-13 07:00:00,8978.0,9147.169405464394
2021-09-13 08:00:00,9027.0,9140.339507439983
2021-09-13 09:00:00,9008.0,9155.399243325091
2021-09-13 10:00:00,8892.0,9041.616516980412
2021-09-13 11:00:00,8821.0,8955.689122956735
2021-09-13 12:00:00,8807.0,8914.526306767262
2021-09-13 13:00:00,8752.0,8928.80532308488
2021-09-13 14:00:00,8828.0,8953.13350657063
2021-09-13 15:00:00,8830.0,9001.457384872736
2021-09-13 16:00:00,9033.0,9070.189241314427
2021-09-13 17:00:00,9264.0,9198.808430459143
2021-09-13 18:00:00,8949.0,9031.842151359875
2021-09-13 19:00:00,8867.0,8730.682641089015
2021-09-13 20:00:00,8605.0,8659.79072549058
2021-09-13 21:00:00,8829.0,8722.84836813151
2021-09-13 22:00:00,8829.0,8938.572835568395
2021-09-13 23:00:00,8829.0,8930.500718519665
2021-09-14 00:00:00,8848.5,8896.876297434465
2021-09-14 01:00:00,8908.0,8925.730097877717
2021-09-14 02:00:00,8991.0,8935.252736732253
2021-09-14 03:00:00,8782.0,8731.904750203308
2021-09-14 04:00:00,9164.0,8877.17643865139
2021-09-14 05:00:00,9328.0,9282.378398411834
2021-09-14 06:00:00,9410.0,9403.96436037568
2021-09-14 07:00:00,9359.0,9417.140772315934
2021-09-14 08:00:00,9397.0,9382.25785318103
2021-09-14 09:00:00,9416.0,9416.817215383535
2021-09-14 10:00:00,9281.0,9377.443015824907
2021-09-14 11:00:00,9198.0,9279.469710597405
2021-09-14 12:00:00,9132.0,9193.645147166138
2021-09-14 13:00:00,9127.0,9181.21486859025
2021-09-14 14:00:00,9159.0,9251.7055827539
2021-09-14 15:00:00,9170.0,9273.002696338453
2021-09-14 16:00:00,9268.0,9369.170908988119
2021-09-14 17:00:00,9485.0,9436.645408722567
2021-09-14 18:00:00,9064.0,9264.190109513882
2021-09-14 19:00:00,8923.0,8941.062754071676
2021-09-14 20:00:00,8615.0,8773.256667493119
2021-09-14 21:00:00,9129.5,9001.777230268277
2021-09-14 22:00:00,9129.5,9125.893167267966
2021-09-14 23:00:00,9129.5,9137.725821841083
2021-09-15 00:00:00,9127.0,9148.311093229035
2021-09-15 01:00:00,9127.0,9178.823757269152
2021-09-15 02:00:00,9131.5,9152.946083368863
2021-09-15 03:00:00,8767.0,8909.142715904409
2021-09-15 04:00:00,9127.0,9099.370242516048
2021-09-15 05:00:00,9375.0,9320.45608644842
2021-09-15 06:00:00,9532.0,9516.194248840648
2021-09-15 07:00:00,9443.0,9548.084740655764
2021-09-15 08:00:00,9411.0,9500.577437278702
2021-09-15 09:00:00,9221.0,9481.9644881086
2021-09-15 10:00:00,9183.0,9286.346070505611
2021-09-15 11:00:00,9060.0,9249.860902797533
2021-09-15 12:00:00,9136.0,9158.269925042325
2021-09-15 13:00:00,9169.0,9228.618100095246
2021-09-15 14:00:00,9211.0,9319.199540058973
2021-09-15 15:00:00,9250.0,9344.488148501416
2021-09-15 16:00:00,9492.0,9486.585088019858
2021-09-15 17:00:00,9693.0,9655.11220406985
2021-09-15 18:00:00,9277.0,9375.299968918975
2021-09-15 19:00:00,9085.0,9091.703572703902
2021-09-15 20:00:00,8793.0,8933.418793890965
2021-09-15 21:00:00,9176.0,8989.454256106876
2021-09-15 22:00:00,9176.0,9172.830836445704
2021-09-15 23:00:00,9190.0,9195.634167196078
2021-09-16 00:00:00,9227.0,9206.92818314617
2021-09-16 01:00:00,9246.5,9247.372490087657
2021-09-16 02:00:00,9254.5,9238.657685365893
2021-09-16 03:00:00,8834.0,8985.730159938621
2021-09-16 04:00:00,9243.0,9121.237371973253
2021-09-16 05:00:00,9406.0,9453.683540105078
2021-09-16 06:00:00,9475.0,9570.834466644434
2021-09-16 07:00:00,9445.0,9546.341590327482
2021-09-16 08:00:00,9418.0,9517.424238511536
2021-09-16 09:00:00,9326.0,9497.79706495394
2021-09-16 10:00:00,9259.0,9381.38282333462
2021-09-16 11:00:00,9287.0,9295.013170804315
2021-09-16 12:00:00,9277.0,9353.998771149953
2021-09-16 13:00:00,9288.0,9364.662157339853
2021-09-16 14:00:00,9359.0,9455.985563844208
2021-09-16 15:00:00,9361.0,9488.46361995624
2021-09-16 16:00:00,9548.0,9575.787931709689
2021-09-16 17:00:00,9758.0,9699.093260915613
2021-09-16 18:00:00,9273.0,9468.510334878461
2021-09-16 19:00:00,9084.0,9111.336251302491
2021-09-16 20:00:00,8798.0,8960.578247489397
2021-09-16 21:00:00,9282.0,9041.708546461352
2021-09-16 22:00:00,9282.0,9249.451345954098
2021-09-16 23:00:00,9287.5,9279.829689908704
2021-09-17 00:00:00,9315.0,9315.173233792468
2021-09-17 01:00:00,9315.0,9349.310468523885
2021-09-17 02:00:00,9309.5,9176.822870563135
2021-09-17 03:00:00,8987.0,9068.683775502066
2021-09-17 04:00:00,9342.0,9290.06888274087
2021-09-17 05:00:00,9612.0,9545.624990742454
2021-09-17 06:00:00,9658.0,9696.692641446773
2021-09-17 07:00:00,9598.0,9668.401185160119
2021-09-17 08:00:00,9557.0,9620.711077975116
2021-09-17 09:00:00,9407.0,9575.23974170294
2021-09-17 10:00:00,9384.0,9403.997043391922
2021-09-17 11:00:00,9345.0,9394.967023254023
2021-09-17 12:00:00,9257.0,9361.369160575643
2021-09-17 13:00:00,9277.0,9349.223945133706
2021-09-17 14:00:00,9342.0,9433.027177937183
2021-09-17 15:00:00,9336.0,9456.97196220157
2021-09-17 16:00:00,9453.0,9553.447237235046
2021-09-17 17:00:00,9571.0,9627.432846084439
2021-09-17 18:00:00,9136.0,9316.148602515988
2021-09-17 19:00:00,9017.0,9009.82085370069
2021-09-17 20:00:00,8678.0,8836.732895529785
2021-09-17 21:00:00,8667.5,8732.411514101268
2021-09-17 22:00:00,8667.5,8722.718342221906
2021-09-17 23:00:00,8667.5,8754.80229585207
2021-09-18 00:00:00,8650.5,8727.771713248316
2021-09-18 01:00:00,8639.5,8738.269298596215
2021-09-18 02:00:00,8639.5,8687.236195630598
2021-09-18 03:00:00,8639.5,8570.73133346953
2021-09-18 04:00:00,8165.0,8616.475696093055
2021-09-18 05:00:00,8324.0,8271.88160596463
2021-09-18 06:00:00,8520.0,8594.445840418088
2021-09-18 07:00:00,8644.0,8703.738428321547
2021-09-18 08:00:00,8657.0,8812.903485186916
2021-09-18 09:00:00,8719.0,8788.43071578013
2021-09-18 10:00:00,8695.0,8824.400708037341
2021-09-18 11:00:00,8635.0,8801.697083589926
2021-09-18 12:00:00,8615.0,8766.803051807954
2021-09-18 13:00:00,8713.0,8829.094016178498
2021-09-18 14:00:00,8827.0,8978.349335875106
2021-09-18 15:00:00,8976.0,9083.762785294672
2021-09-18 16:00:00,9135.0,9200.611713336686
2021-09-18 17:00:00,9266.0,9326.268242200187
2021-09-18 18:00:00,8803.0,9033.966148110145
2021-09-18 19:00:00,8750.0,8751.7596419342
2021-09-18 20:00:00,8547.0,8602.142526391079
2021-09-18 21:00:00,8155.0,8342.634555846966
2021-09-18 22:00:00,7825.0,8068.142845682077
2021-09-18 23:00:00,7661.0,8008.292984460045
2021-09-19 00:00:00,8374.5,7854.464022669114
2021-09-19 01:00:00,7653.0,8334.146849475785
2021-09-19 02:00:00,7701.0,7922.555956931848
2021-09-19 03:00:00,7828.0,7964.16837315114
2021-09-19 04:00:00,7838.0,7983.040178327805
2021-09-19 05:00:00,8018.0,8056.800173523648
2021-09-19 06:00:00,8263.0,8288.679482795387
2021-09-19 07:00:00,8404.0,8515.14185485331
2021-09-19 08:00:00,8416.0,8619.338783373902
2021-09-19 09:00:00,8417.0,8620.409803620707
2021-09-19 10:00:00,8345.0,8579.670791438502
2021-09-19 11:00:00,8318.0,8489.610175571073
2021-09-19 12:00:00,8315.0,8499.663110958198
2021-09-19 13:00:00,8379.0,8565.953093575274
2021-09-19 14:00:00,8479.0,8707.828494516809
2021-09-19 15:00:00,8643.0,8797.714522093342
2021-09-19 16:00:00,8914.0,8915.654612813298
2021-09-19 17:00:00,8391.5,8980.764765398462
2021-09-19 18:00:00,8623.0,8604.86896400925
2021-09-19 19:00:00,8633.0,8703.56430908385
2021-09-19 20:00:00,8468.0,8575.659104326793
2021-09-19 21:00:00,8149.0,8277.04935756104
2021-09-19 22:00:00,7792.0,8128.5723137587165
2021-09-19 23:00:00,8628.0,7987.032976236108
2021-09-20 00:00:00,8638.0,8695.075986359925
2021-09-20 01:00:00,7768.0,8708.116217200326
2021-09-20 02:00:00,8067.0,8316.42908993154
2021-09-20 03:00:00,8760.0,8600.319278730043
2021-09-20 04:00:00,9138.0,9141.633434284133
2021-09-20 05:00:00,9415.0,9390.793664968005
2021-09-20 06:00:00,9554.0,9538.870767386701
2021-09-20 07:00:00,9547.0,9553.586511349378
2021-09-20 08:00:00,9538.0,9538.787154365453
2021-09-20 09:00:00,9467.0,9531.394034752817
2021-09-20 10:00:00,9323.0,9420.80293201927
2021-09-20 11:00:00,9219.0,9304.89796891097
2021-09-20 12:00:00,9168.0,9225.897394169915
2021-09-20 13:00:00,9088.0,9234.398736040917
2021-09-20 14:00:00,9120.0,9263.739083363655
2021-09-20 15:00:00,9140.0,9288.235149351749
2021-09-20 16:00:00,9411.0,9391.338909758899
2021-09-20 17:00:00,9602.0,9565.279010843926
2021-09-20 18:00:00,9185.0,9326.656931584821
2021-09-20 19:00:00,9005.0,9000.222181705805
2021-09-20 20:00:00,8757.0,8838.315615471314
2021-09-20 21:00:00,8319.0,8822.461801709142
2021-09-20 22:00:00,9176.5,9177.531849427054
2021-09-20 23:00:00,9176.5,9160.98628882584
2021-09-21 00:00:00,9176.5,9165.360793178234
2021-09-21 01:00:00,9194.0,9205.899009726078
2021-09-21 02:00:00,8478.0,9107.472221788426
2021-09-21 03:00:00,9235.0,9054.127695350819
2021-09-21 04:00:00,9533.0,9388.99375223582
2021-09-21 05:00:00,9740.0,9632.441583468048
2021-09-21 06:00:00,9734.0,9808.932503382332
2021-09-21 07:00:00,9630.0,9768.427409871894
2021-09-21 08:00:00,9509.0,9674.962986251383
2021-09-21 09:00:00,9499.0,9583.491866000835
2021-09-21 10:00:00,9395.0,9512.8368645899
2021-09-21 11:00:00,9307.0,9426.660475481382
2021-09-21 12:00:00,9203.0,9362.021610689104
2021-09-21 13:00:00,9200.0,9297.998495239906
2021-09-21 14:00:00,9274.0,9380.34030045233
2021-09-21 15:00:00,9304.0,9447.867278439422
2021-09-21 16:00:00,9650.0,9564.843061838026
2021-09-21 17:00:00,9811.0,9770.202652814347
2021-09-21 18:00:00,9396.0,9519.078339280011
2021-09-21 19:00:00,9292.0,9191.4697584102
2021-09-21 20:00:00,9016.0,9079.389224559356
2021-09-21 21:00:00,8605.0,9003.869674098676
2021-09-21 22:00:00,9305.5,9294.128192542103
2021-09-21 23:00:00,9305.5,9346.779107239912
2021-09-22 00:00:00,9298.0,9299.598073111956
2021-09-22 01:00:00,9298.0,9345.469648495926
2021-09-22 02:00:00,8702.0,9182.8078408786
2021-09-22 03:00:00,9384.0,8990.95902660516
2021-09-22 04:00:00,9664.0,9554.055821303653
2021-09-22 05:00:00,9769.0,9792.479312296095
2021-09-22 06:00:00,9653.0,9859.682215491917
2021-09-22 07:00:00,9491.0,9686.988259036885
2021-09-22 08:00:00,9496.0,9568.563855794368
2021-09-22 09:00:00,9468.0,9556.810399477992
2021-09-22 10:00:00,9349.0,9466.928232285261
2021-09-22 11:00:00,9162.0,9368.07311792433
2021-09-22 12:00:00,9156.0,9266.039239811369
2021-09-22 13:00:00,9175.0,9290.066266226217
2021-09-22 14:00:00,9210.0,9385.911529478575
2021-09-22 15:00:00,9160.0,9416.794317813545
2021-09-22 16:00:00,9571.0,9536.432690688827
2021-09-22 17:00:00,9708.0,9731.3282290709
2021-09-22 18:00:00,9176.0,9410.87156395186
2021-09-22 19:00:00,8993.0,9147.268742390042
2021-09-22 20:00:00,8729.0,8929.969397685376
2021-09-22 21:00:00,9168.5,9032.526436790433
2021-09-22 22:00:00,9168.5,9254.350189813715
2021-09-22 23:00:00,9168.5,9266.555761744377
2021-09-23 00:00:00,9175.5,9273.959965956888
2021-09-23 01:00:00,9193.0,9309.23241719423
2021-09-23 02:00:00,9279.5,9128.064221268225
2021-09-23 03:00:00,9066.0,9201.533175467157
2021-09-23 04:00:00,9349.0,9433.245303245767
2021-09-23 05:00:00,9515.0,9635.67562849433
2021-09-23 06:00:00,9607.0,9675.501629360087
2021-09-23 07:00:00,9676.0,9633.220088054488
2021-09-23 08:00:00,9697.0,9690.98151064858
2021-09-23 09:00:00,9730.0,9671.693501134601
2021-09-23 10:00:00,9656.0,9683.222481716572
2021-09-23 11:00:00,9635.0,9575.149397089926
2021-09-23 12:00:00,9547.0,9581.749703251455
2021-09-23 13:00:00,9513.0,9551.917008471588
2021-09-23 14:00:00,9570.0,9649.034058635556
2021-09-23 15:00:00,9691.0,9668.400481763956
2021-09-23 16:00:00,9958.0,9873.434405029602
2021-09-23 17:00:00,9874.0,9974.606532994922
2021-09-23 18:00:00,9326.0,9563.91036817399
2021-09-23 19:00:00,9176.0,9176.461888015529
2021-09-23 20:00:00,8929.0,8977.705265639532
2021-09-23 21:00:00,9530.0,9122.644961931808
2021-09-23 22:00:00,9530.0,9431.927792658611
2021-09-23 23:00:00,9530.0,9461.868454638801
2021-09-24 00:00:00,9530.0,9511.374646331016
2021-09-24 01:00:00,9541.5,9537.522170485727
2021-09-24 02:00:00,9579.5,9436.54700200613
2021-09-24 03:00:00,9145.0,9434.296667856248
2021-09-24 04:00:00,9420.0,9494.441629631563
2021-09-24 05:00:00,9589.0,9677.765095247862
2021-09-24 06:00:00,9688.0,9738.866200704604
2021-09-24 07:00:00,9718.0,9753.114513711284
2021-09-24 08:00:00,9710.0,9774.029537198297
2021-09-24 09:00:00,9775.0,9742.934891224131
2021-09-24 10:00:00,9756.0,9757.997064786583
2021-09-24 11:00:00,9671.0,9715.5685904507
2021-09-24 12:00:00,9675.0,9649.439883560552
2021-09-24 13:00:00,9597.0,9682.482242558222
2021-09-24 14:00:00,9589.0,9725.704715076627
2021-09-24 15:00:00,9600.0,9743.893301791906
2021-09-24 16:00:00,9793.0,9857.501750377422
2021-09-24 17:00:00,9686.0,9895.614569540623
2021-09-24 18:00:00,9255.0,9411.451260780595
2021-09-24 19:00:00,9092.0,9159.385363834694
2021-09-24 20:00:00,8833.0,8992.44812719743
2021-09-24 21:00:00,8418.0,8920.067326763441
2021-09-24 22:00:00,8871.0,8942.027239805786
2021-09-24 23:00:00,8850.5,8920.143154151625
2021-09-25 00:00:00,8809.0,8894.51471659794
2021-09-25 01:00:00,8772.5,8916.458940225817
2021-09-25 02:00:00,8772.5,8844.864235535544
2021-09-25 03:00:00,8255.0,8776.915212309994
2021-09-25 04:00:00,8232.0,8367.464436516073
2021-09-25 05:00:00,8481.0,8416.477634782033
2021-09-25 06:00:00,8712.0,8771.613816217092
2021-09-25 07:00:00,8874.0,8952.765863821083
2021-09-25 08:00:00,8958.0,9057.797599817259
2021-09-25 09:00:00,8868.0,9097.520542056984
2021-09-25 10:00:00,8785.0,8984.227913292656
2021-09-25 11:00:00,8719.0,8931.535911973026
2021-09-25 12:00:00,8760.0,8896.486569402308
2021-09-25 13:00:00,8820.0,9006.871429220144
2021-09-25 14:00:00,8992.0,9113.309485673233
2021-09-25 15:00:00,9011.0,9269.832111877899
2021-09-25 16:00:00,9337.0,9291.36555033915
2021-09-25 17:00:00,9306.0,9562.590930857654
2021-09-25 18:00:00,8811.0,9157.42112357653
2021-09-25 19:00:00,8759.0,8857.794631985174
2021-09-25 20:00:00,8592.0,8772.644616363437
2021-09-25 21:00:00,8142.0,8349.455992530018
2021-09-25 22:00:00,7814.0,8069.54534571684
2021-09-25 23:00:00,8418.0,7976.051669534781
2021-09-26 00:00:00,8383.0,8417.376230978898
2021-09-26 01:00:00,7678.0,8368.157325830296
2021-09-26 02:00:00,7806.0,7955.731648141571
2021-09-26 03:00:00,8042.0,8078.309468804517
2021-09-26 04:00:00,8005.0,8162.645650851411
2021-09-26 05:00:00,8238.0,8220.188724358199
2021-09-26 06:00:00,8385.0,8533.529748264244
2021-09-26 07:00:00,8470.0,8663.2247153425
2021-09-26 08:00:00,8451.0,8704.170557314726
2021-09-26 09:00:00,8381.0,8655.421833919356
2021-09-26 10:00:00,8243.0,8587.738891599322
2021-09-26 11:00:00,8168.0,8471.149938354332
2021-09-26 12:00:00,8184.0,8430.63992518216
2021-09-26 13:00:00,8222.0,8487.693937976224
2021-09-26 14:00:00,8380.0,8601.292165382894
2021-09-26 15:00:00,8516.0,8764.280511685425
2021-09-26 16:00:00,8979.0,8885.242591814407
2021-09-26 17:00:00,9007.0,9030.111551516307
2021-09-26 18:00:00,8681.0,8941.616422484289
2021-09-26 19:00:00,8762.0,8764.525491618555
2021-09-26 20:00:00,8650.0,8747.948004740909
2021-09-26 21:00:00,8294.0,8407.500971885129
2021-09-26 22:00:00,8000.0,8121.799467057751
2021-09-26 23:00:00,7846.0,8226.362434672028
2021-09-27 00:00:00,7906.0,8270.884163789136
2021-09-27 01:00:00,8081.0,8168.462551498003
2021-09-27 02:00:00,8394.0,8375.845494097573
2021-09-27 03:00:00,9226.0,8901.293027336977
2021-09-27 04:00:00,9568.0,9516.518900841216
2021-09-27 05:00:00,9805.0,9734.598861796872
2021-09-27 06:00:00,9772.0,9873.18615736146
2021-09-27 07:00:00,9609.0,9766.42473448629
2021-09-27 08:00:00,9547.0,9610.997802406875
2021-09-27 09:00:00,9446.0,9584.368366567198
2021-09-27 10:00:00,9306.0,9449.238616377865
2021-09-27 11:00:00,9194.0,9351.903746288623
2021-09-27 12:00:00,9117.0,9274.577077150105
2021-09-27 13:00:00,9148.0,9261.908724725066
2021-09-27 14:00:00,9187.0,9333.386059553184
2021-09-27 15:00:00,9151.0,9371.861000504085
2021-09-27 16:00:00,9517.0,9466.206457036624
2021-09-27 17:00:00,9635.0,9680.51215000618
2021-09-27 18:00:00,9157.0,9362.485657879886
2021-09-27 19:00:00,9070.0,9039.097138750143
2021-09-27 20:00:00,8872.0,8953.66105383203
2021-09-27 21:00:00,8592.0,8783.561691707735
2021-09-27 22:00:00,8326.0,9172.771105312699
2021-09-27 23:00:00,8251.0,9102.546774182538
2021-09-28 00:00:00,8322.0,8814.106879713949
2021-09-28 01:00:00,8436.0,8955.187329546288
2021-09-28 02:00:00,8738.0,8845.48680359627
2021-09-28 03:00:00,9289.0,9021.887331417496
2021-09-28 04:00:00,9360.0,9548.090581513843
2021-09-28 05:00:00,9486.0,9593.3867318884
2021-09-28 06:00:00,9596.0,9615.11819147143
2021-09-28 07:00:00,9587.0,9595.267304719417
2021-09-28 08:00:00,9449.0,9578.402888179495
2021-09-28 09:00:00,9268.0,9475.987129902851
2021-09-28 10:00:00,9130.0,9316.583194187968
2021-09-28 11:00:00,9021.0,9215.877487896629
2021-09-28 12:00:00,8969.0,9115.555487986581
2021-09-28 13:00:00,8998.0,9130.218779226543
2021-09-28 14:00:00,9116.0,9217.097636301422
2021-09-28 15:00:00,9213.0,9332.121446937594
2021-09-28 16:00:00,9599.0,9500.550679085301
2021-09-28 17:00:00,9595.0,9706.573675778067
2021-09-28 18:00:00,9050.0,9371.93442950926
2021-09-28 19:00:00,8903.0,9014.37153150208
2021-09-28 20:00:00,8703.0,8907.437298356625
2021-09-28 21:00:00,9035.5,8787.857815208776
2021-09-28 22:00:00,9035.5,8959.895058265296
2021-09-28 23:00:00,9035.5,8976.628726290728
2021-09-29 00:00:00,9083.0,9036.16629857551
2021-09-29 01:00:00,9164.5,9177.026361737759
2021-09-29 02:00:00,9223.5,9095.748859584573
2021-09-29 03:00:00,8898.0,9192.763294830009
2021-09-29 04:00:00,9234.0,9287.97442872709
2021-09-29 05:00:00,9466.0,9489.06912208143
2021-09-29 06:00:00,9596.0,9611.055236119248
2021-09-29 07:00:00,9655.0,9636.486654024471
2021-09-29 08:00:00,9586.0,9658.08333903463
2021-09-29 09:00:00,9502.0,9592.477012877234
2021-09-29 10:00:00,9435.0,9506.043907829711
2021-09-29 11:00:00,9350.0,9415.884169196452
2021-09-29 12:00:00,9342.0,9354.27823404679
2021-09-29 13:00:00,9385.0,9378.784095789817
2021-09-29 14:00:00,9429.0,9523.12017985227
2021-09-29 15:00:00,9442.0,9560.583567887978
2021-09-29 16:00:00,9839.0,9697.925083512544
2021-09-29 17:00:00,9671.0,9915.637083208812
2021-09-29 18:00:00,9113.0,9382.172701837822
2021-09-29 19:00:00,8968.0,9049.822175993875
2021-09-29 20:00:00,8716.0,8867.842805096927
2021-09-29 21:00:00,9346.0,9162.48479550295
2021-09-29 22:00:00,9346.0,9289.43514832198
2021-09-29 23:00:00,9346.0,9303.29121527783
2021-09-30 00:00:00,9363.5,9299.60397761668
2021-09-30 01:00:00,9407.0,9351.11343657823
2021-09-30 02:00:00,9431.5,9323.529801915127
2021-09-30 03:00:00,8874.0,9295.797457943103
2021-09-30 04:00:00,9201.0,9272.517189208345
2021-09-30 05:00:00,9434.0,9508.679452755288
2021-09-30 06:00:00,9527.0,9632.098054011132
2021-09-30 07:00:00,9572.0,9625.97600166792
2021-09-30 08:00:00,9742.0,9614.984975691968
2021-09-30 09:00:00,9671.0,9754.2845527718
2021-09-30 10:00:00,9644.0,9635.817359108185
2021-09-30 11:00:00,9602.0,9589.31112037964
2021-09-30 12:00:00,9536.0,9565.196590637494
2021-09-30 13:00:00,9474.0,9570.945770041004
2021-09-30 14:00:00,9564.0,9618.230982098008
2021-09-30 15:00:00,9568.0,9696.39070220585
2021-09-30 16:00:00,9917.0,9797.303929355308
2021-09-30 17:00:00,9752.0,9944.571469780181
2021-09-30 18:00:00,9227.0,9484.66357930383
2021-09-30 19:00:00,9114.0,9088.32110573154
2021-09-30 20:00:00,8882.0,8963.317394956666
2021-09-30 21:00:00,9507.5,9183.342442514675
2021-09-30 22:00:00,9507.5,9479.919214496447
2021-09-30 23:00:00,9507.5,9506.1775858923
2021-10-01 00:00:00,9507.5,9519.977495840925
2021-10-01 01:00:00,9497.0,9541.474489193775
2021-10-01 02:00:00,9522.5,9503.936578749714
2021-10-01 03:00:00,9052.0,9357.219860619669
2021-10-01 04:00:00,9479.0,9427.06072863127
2021-10-01 05:00:00,9605.0,9645.267255437928
2021-10-01 06:00:00,9808.0,9714.650953695475
2021-10-01 07:00:00,9775.0,9833.918582629898
2021-10-01 08:00:00,9745.0,9791.533983624488
2021-10-01 09:00:00,9763.0,9780.985943987163
2021-10-01 10:00:00,9640.0,9749.690618597664
2021-10-01 11:00:00,9548.0,9640.056886146062
2021-10-01 12:00:00,9515.0,9575.273191752285
2021-10-01 13:00:00,9530.0,9612.668628732377
2021-10-01 14:00:00,9502.0,9730.430794006686
2021-10-01 15:00:00,9487.0,9748.540207264956
2021-10-01 16:00:00,9790.0,9803.079260456208
2021-10-01 17:00:00,9602.0,9872.30408011506
2021-10-01 18:00:00,9122.0,9355.096918923075
2021-10-01 19:00:00,8993.0,9117.180238466994
2021-10-01 20:00:00,8725.0,8932.654080793007
2021-10-01 21:00:00,8225.0,8852.925912830971
2021-10-01 22:00:00,8645.0,8788.49306992685
2021-10-01 23:00:00,8628.5,8908.357695167675
2021-10-02 00:00:00,8589.0,8831.169638414762
2021-10-02 01:00:00,8573.5,8808.098818366814
2021-10-02 02:00:00,8573.5,8752.835245225015
2021-10-02 03:00:00,8104.0,8600.561866452801
2021-10-02 04:00:00,8148.0,8304.637403164228
2021-10-02 05:00:00,8286.0,8417.801622444847
2021-10-02 06:00:00,8493.0,8670.070736616042
2021-10-02 07:00:00,8630.0,8796.735685966925
2021-10-02 08:00:00,8660.0,8892.51072845089
2021-10-02 09:00:00,8627.0,8853.263526552066
2021-10-02 10:00:00,8551.0,8809.338273799547
2021-10-02 11:00:00,8509.0,8772.865624438755
2021-10-02 12:00:00,8596.0,8747.438940168322
2021-10-02 13:00:00,8664.0,8880.455315174177
2021-10-02 14:00:00,8822.0,9002.549320381735
2021-10-02 15:00:00,9003.0,9188.592782906917
2021-10-02 16:00:00,8530.0,9344.024740961604
2021-10-02 17:00:00,9222.0,8992.617525399299
2021-10-02 18:00:00,8786.0,9042.639970667225
2021-10-02 19:00:00,8702.0,8840.321305923875
2021-10-02 20:00:00,8500.0,8700.690247409098
2021-10-02 21:00:00,8097.0,8245.383546323921
2021-10-02 22:00:00,7796.0,8023.613134846298
2021-10-02 23:00:00,7640.0,8009.877968138678
2021-10-03 00:00:00,7619.0,7896.4293853927775
2021-10-03 01:00:00,7655.0,7893.783129258738
2021-10-03 02:00:00,7676.0,7952.319464225204
2021-10-03 03:00:00,7879.0,7993.27856744777
2021-10-03 04:00:00,7850.0,8104.437146635708
2021-10-03 05:00:00,7988.0,8172.535642252368
2021-10-03 06:00:00,8226.0,8390.109098860261
2021-10-03 07:00:00,8299.0,8538.50301673769
2021-10-03 08:00:00,8371.0,8572.934180026254
2021-10-03 09:00:00,8347.0,8593.773727299498
2021-10-03 10:00:00,8242.0,8508.34611988919
2021-10-03 11:00:00,8147.0,8435.542145611034
2021-10-03 12:00:00,8171.0,8393.397609910187
2021-10-03 13:00:00,8257.0,8479.916095133278
2021-10-03 14:00:00,8319.0,8624.123564839278
2021-10-03 15:00:00,8628.0,8729.225048500812
2021-10-03 16:00:00,8249.5,8910.399240057086
2021-10-03 17:00:00,8278.0,8649.30552136483
2021-10-03 18:00:00,8411.0,8619.166546139986
2021-10-03 19:00:00,8476.0,8659.46348977655
2021-10-03 20:00:00,8342.0,8631.909486836877
2021-10-03 21:00:00,7983.0,8248.903104937428
2021-10-03 22:00:00,7684.0,8035.817953595223
2021-10-03 23:00:00,8443.5,7939.497820998894
2021-10-04 00:00:00,8552.0,8534.370586689121
2021-10-04 01:00:00,8672.0,8634.673674610414
2021-10-04 02:00:00,7957.0,8720.455322965832
2021-10-04 03:00:00,8716.0,8797.162315162805
2021-10-04 04:00:00,9204.0,9248.982381311569
2021-10-04 05:00:00,9285.0,9513.797666256945
2021-10-04 06:00:00,9406.0,9529.307511102039
2021-10-04 07:00:00,9387.0,9517.127621751633
2021-10-04 08:00:00,9394.0,9491.97180003688
2021-10-04 09:00:00,9319.0,9486.856647134276
2021-10-04 10:00:00,9295.0,9364.278324263227
2021-10-04 11:00:00,9172.0,9321.851456174856
2021-10-04 12:00:00,9099.0,9252.051828466767
2021-10-04 13:00:00,9019.0,9275.136324654408
2021-10-04 14:00:00,9019.0,9275.489937327955
2021-10-04 15:00:00,9219.0,9291.882192134519
2021-10-04 16:00:00,9646.0,9505.75378126862
2021-10-04 17:00:00,9454.0,9716.328571141374
2021-10-04 18:00:00,8980.0,9240.247612061348
2021-10-04 19:00:00,8877.0,8945.818263277764
2021-10-04 20:00:00,8630.0,8844.218148042508
2021-10-04 21:00:00,9059.0,8821.489736258285
2021-10-04 22:00:00,9059.0,9100.908660673462
2021-10-04 23:00:00,9059.0,9102.377154945
2021-10-05 00:00:00,9059.0,9076.723631056722
2021-10-05 01:00:00,9119.0,9101.81261760021
2021-10-05 02:00:00,9233.0,9141.592239559157
2021-10-05 03:00:00,8776.0,9116.731601219353
2021-10-05 04:00:00,9247.0,9236.601004072705
2021-10-05 05:00:00,9269.0,9486.959951302484
2021-10-05 06:00:00,9404.0,9479.231635318189
2021-10-05 07:00:00,9390.0,9481.2945129337
2021-10-05 08:00:00,9525.0,9474.34214198367
2021-10-05 09:00:00,9520.0,9556.138730976914
2021-10-05 10:00:00,9411.0,9526.385404800334
2021-10-05 11:00:00,9365.0,9414.592152002642
2021-10-05 12:00:00,9333.0,9395.937500101423
2021-10-05 13:00:00,9327.0,9386.657268096875
2021-10-05 14:00:00,9428.0,9475.948072755538
2021-10-05 15:00:00,9578.0,9602.931663752935
2021-10-05 16:00:00,9863.0,9760.843387037363
2021-10-05 17:00:00,9650.0,9903.173444699945
2021-10-05 18:00:00,9092.0,9361.499441028274
2021-10-05 19:00:00,9015.0,9055.018688362336
2021-10-05 20:00:00,8688.0,8918.223407666175
2021-10-05 21:00:00,9240.0,9190.503000811636
2021-10-05 22:00:00,9240.0,9227.27933111482
2021-10-05 23:00:00,9206.0,9234.699067790498
2021-10-06 00:00:00,9185.5,9216.377645799676
2021-10-06 01:00:00,9159.5,9275.854661373904
2021-10-06 02:00:00,9159.5,9265.039344959376
2021-10-06 03:00:00,8797.0,8940.86993111383
2021-10-06 04:00:00,9226.0,9236.327648190223
2021-10-06 05:00:00,9186.0,9466.043227617629
2021-10-06 06:00:00,9254.0,9447.995542847813
2021-10-06 07:00:00,9300.0,9444.27398169181
2021-10-06 08:00:00,9283.0,9491.466548184984
2021-10-06 09:00:00,9273.0,9477.361383517602
2021-10-06 10:00:00,9185.0,9392.871880865025
2021-10-06 11:00:00,9134.0,9302.203249872524
2021-10-06 12:00:00,9122.0,9283.790109628968
2021-10-06 13:00:00,9192.0,9339.491849743345
2021-10-06 14:00:00,9253.0,9468.149088775168
2021-10-06 15:00:00,9394.0,9594.577064603045
2021-10-06 16:00:00,9159.5,9706.210999631301
2021-10-06 17:00:00,9526.0,9552.26692108965
2021-10-06 18:00:00,8962.0,9329.201733158461
2021-10-06 19:00:00,8845.0,8981.359612841177
2021-10-06 20:00:00,8515.0,8831.247550615433
2021-10-06 21:00:00,9062.5,9173.147840534266
2021-10-06 22:00:00,9062.5,9169.636983041766
2021-10-06 23:00:00,9062.5,9191.624768512498
2021-10-07 00:00:00,9062.5,9219.683450017797
2021-10-07 01:00:00,9077.0,9243.425946473979
2021-10-07 02:00:00,9077.0,9237.52277950187
2021-10-07 03:00:00,8532.0,8982.577777124874
2021-10-07 04:00:00,8872.0,9078.181886868682
2021-10-07 05:00:00,9003.0,9236.650952322125
2021-10-07 06:00:00,9295.0,9288.248336281644
2021-10-07 07:00:00,9338.0,9432.333371927443
2021-10-07 08:00:00,9378.0,9441.592348430968
2021-10-07 09:00:00,9367.0,9463.38521559393
2021-10-07 10:00:00,9346.0,9412.907645130477
2021-10-07 11:00:00,9259.0,9380.018808537421
2021-10-07 12:00:00,9151.0,9360.341105839376
2021-10-07 13:00:00,9273.0,9338.353534244648
2021-10-07 14:00:00,9329.0,9505.794406724763
2021-10-07 15:00:00,9444.0,9571.951781023616
2021-10-07 16:00:00,9653.0,9645.501676091944
2021-10-07 17:00:00,9446.0,9744.982252357098
2021-10-07 18:00:00,8936.0,9259.86603308684
2021-10-07 19:00:00,8768.0,8945.441343400977
2021-10-07 20:00:00,8596.0,8824.634950540702
2021-10-07 21:00:00,9266.0,9055.219914271049
2021-10-07 22:00:00,9266.0,9274.693487650267
2021-10-07 23:00:00,9266.0,9293.44150602131
2021-10-08 00:00:00,9297.5,9337.215152514218
2021-10-08 01:00:00,9325.5,9381.119973564279
2021-10-08 02:00:00,9325.5,9360.787139226139
2021-10-08 03:00:00,8875.0,9122.285175249228
2021-10-08 04:00:00,9322.0,9249.46299257849
2021-10-08 05:00:00,9344.0,9540.356100343874
2021-10-08 06:00:00,9387.0,9560.331692427118
2021-10-08 07:00:00,9454.0,9521.183464966804
2021-10-08 08:00:00,9494.0,9543.421288546773
2021-10-08 09:00:00,9516.0,9566.048634439981
2021-10-08 10:00:00,9426.0,9547.39561394056
2021-10-08 11:00:00,9369.0,9470.398659985645
2021-10-08 12:00:00,9330.0,9439.442363732538
2021-10-08 13:00:00,9269.0,9471.9967054506
2021-10-08 14:00:00,9303.0,9522.966412927817
2021-10-08 15:00:00,9469.0,9585.7662124553
2021-10-08 16:00:00,9691.0,9730.513546512659
2021-10-08 17:00:00,9452.0,9773.030827589751
2021-10-08 18:00:00,8975.0,9237.241901779362
2021-10-08 19:00:00,8869.0,8912.719115572998
2021-10-08 20:00:00,8604.0,8782.96268959618
2021-10-08 21:00:00,8134.0,8713.204351283055
2021-10-08 22:00:00,8567.0,8662.359450748498
2021-10-08 23:00:00,8556.0,8798.606726637237
2021-10-09 00:00:00,8537.0,8701.31224334184
2021-10-09 01:00:00,8537.0,8687.592921495558
2021-10-09 02:00:00,8537.0,8640.527906713938
2021-10-09 03:00:00,8537.0,8521.31449515212
2021-10-09 04:00:00,8077.0,8542.007388704913
2021-10-09 05:00:00,8122.0,8320.301066205811
2021-10-09 06:00:00,8300.0,8532.53618140628
2021-10-09 07:00:00,8464.0,8646.08908701137
2021-10-09 08:00:00,8540.0,8751.125625173194
2021-10-09 09:00:00,8594.0,8755.013694960717
2021-10-09 10:00:00,8572.0,8767.769332655811
2021-10-09 11:00:00,8534.0,8733.792874056333
2021-10-09 12:00:00,8591.0,8732.004443990083
2021-10-09 13:00:00,8609.0,8876.497382724556
2021-10-09 14:00:00,8784.0,8941.438693467777
2021-10-09 15:00:00,9165.0,9150.628645099945
2021-10-09 16:00:00,9354.0,9338.928514031748
2021-10-09 17:00:00,9067.0,9465.116658440902
2021-10-09 18:00:00,8604.0,8972.83887187578
2021-10-09 19:00:00,8599.0,8723.49024983598
2021-10-09 20:00:00,8401.0,8616.059500503881
2021-10-09 21:00:00,7957.0,8208.004307591078
2021-10-09 22:00:00,7640.0,7962.228750604293
2021-10-09 23:00:00,7489.0,7860.908290088628
2021-10-10 00:00:00,7415.0,7742.962466088336
2021-10-10 01:00:00,7381.0,7755.990711706467
2021-10-10 02:00:00,7440.0,7757.343921920151
2021-10-10 03:00:00,7629.0,7784.1613040558295
2021-10-10 04:00:00,7769.0,7961.93242291404
2021-10-10 05:00:00,7862.0,8050.8031214745015
2021-10-10 06:00:00,8058.0,8280.767379950743
2021-10-10 07:00:00,8304.0,8413.384503617977
2021-10-10 08:00:00,8427.0,8545.923162843343
2021-10-10 09:00:00,8538.0,8616.508377170525
2021-10-10 10:00:00,8506.0,8632.706845271869
2021-10-10 11:00:00,8469.0,8593.705831640807
2021-10-10 12:00:00,8534.0,8604.079837486968
2021-10-10 13:00:00,8545.0,8721.051396378309
2021-10-10 14:00:00,8668.0,8828.187402440937
2021-10-10 15:00:00,8992.0,8959.382591002868
2021-10-10 16:00:00,9259.0,9174.54962586136
2021-10-10 17:00:00,9012.0,9215.61460470709
2021-10-10 18:00:00,8572.0,8852.98167613084
2021-10-10 19:00:00,8560.0,8610.719089776938
2021-10-10 20:00:00,8369.0,8592.112083633594
2021-10-10 21:00:00,8016.0,8217.95787162305
2021-10-10 22:00:00,8566.0,7936.283767766216
2021-10-10 23:00:00,8620.0,8579.588015583546
2021-10-11 00:00:00,8686.0,8791.656608896816
2021-10-11 01:00:00,8848.0,8910.23575686905
2021-10-11 02:00:00,9002.0,8863.671547689199
2021-10-11 03:00:00,8704.0,9133.960177697285
2021-10-11 04:00:00,9276.0,9232.160150388694
2021-10-11 05:00:00,9425.0,9529.60180937454
2021-10-11 06:00:00,9467.0,9531.712030047902
2021-10-11 07:00:00,9448.0,9501.550892709454
2021-10-11 08:00:00,9456.0,9476.563029700073
2021-10-11 09:00:00,9451.0,9497.352513200802
2021-10-11 10:00:00,9429.0,9437.976719955239
2021-10-11 11:00:00,9303.0,9416.67576997816
2021-10-11 12:00:00,9298.0,9322.812463009122
2021-10-11 13:00:00,9238.0,9346.596574881456
2021-10-11 14:00:00,9179.0,9384.849309106412
2021-10-11 15:00:00,9309.0,9431.539815234963
2021-10-11 16:00:00,9579.0,9597.572235772717
2021-10-11 17:00:00,9473.0,9676.556353736287
2021-10-11 18:00:00,8975.0,9229.789071273224
2021-10-11 19:00:00,8878.0,8894.455490464428
2021-10-11 20:00:00,8896.0,8828.054447224358
2021-10-11 21:00:00,9235.5,9069.7097245175
2021-10-11 22:00:00,9235.5,9246.508891386145
2021-10-11 23:00:00,9235.5,9234.26956696963
2021-10-12 00:00:00,9235.5,9198.315208317716
2021-10-12 01:00:00,9233.5,9271.153867382696
2021-10-12 02:00:00,9233.5,9246.020035944419
2021-10-12 03:00:00,9115.0,9016.387431665247
2021-10-12 04:00:00,9330.0,9321.40109736656
2021-10-12 05:00:00,9233.0,9503.847372006316
2021-10-12 06:00:00,9459.0,9466.28663528717
2021-10-12 07:00:00,9433.0,9535.941201887703
2021-10-12 08:00:00,9508.0,9522.369797832336
2021-10-12 09:00:00,9480.0,9589.003780174387
2021-10-12 10:00:00,9377.0,9503.75403979252
2021-10-12 11:00:00,9264.0,9439.535846129249
2021-10-12 12:00:00,9234.0,9356.379061400283
2021-10-12 13:00:00,9342.0,9364.073182492813
2021-10-12 14:00:00,9396.0,9528.852162903771
2021-10-12 15:00:00,9675.0,9615.496651198653
2021-10-12 16:00:00,9914.0,9870.107196576548
2021-10-12 17:00:00,9769.0,9952.764782410413
2021-10-12 18:00:00,9239.0,9425.670985720113
2021-10-12 19:00:00,9165.0,9086.84680377878
2021-10-12 20:00:00,8921.0,9047.135570870974
2021-10-12 21:00:00,8480.0,9170.184830234995
2021-10-12 22:00:00,9303.0,9219.349656483757
2021-10-12 23:00:00,9303.0,9328.180555416264
2021-10-13 00:00:00,9369.0,9324.653622023901
2021-10-13 01:00:00,9394.5,9408.451244569698
2021-10-13 02:00:00,8456.0,9380.689899628387
2021-10-13 03:00:00,9176.0,8977.637929314997
2021-10-13 04:00:00,9650.0,9409.04024079144
2021-10-13 05:00:00,9724.0,9681.887734332977
2021-10-13 06:00:00,9752.0,9788.357048970523
2021-10-13 07:00:00,9784.0,9747.867258412252
2021-10-13 08:00:00,9742.0,9750.083769241024
2021-10-13 09:00:00,9642.0,9738.256535327482
2021-10-13 10:00:00,9510.0,9592.388093273965
2021-10-13 11:00:00,9432.0,9519.758025012314
2021-10-13 12:00:00,9393.0,9461.816522927775
2021-10-13 13:00:00,9370.0,9492.653294231599
2021-10-13 14:00:00,9443.0,9562.550131705972
2021-10-13 15:00:00,9790.0,9706.455760068862
2021-10-13 16:00:00,10139.0,9994.517821709276
2021-10-13 17:00:00,10010.0,10078.737954851484
2021-10-13 18:00:00,9478.0,9641.627451675628
2021-10-13 19:00:00,9360.0,9232.720446066764
2021-10-13 20:00:00,9187.0,9109.915945406741
2021-10-13 21:00:00,8803.0,9051.017065254522
2021-10-13 22:00:00,9460.5,9273.865974504402
2021-10-13 23:00:00,9460.5,9431.698055283263
2021-10-14 00:00:00,9509.5,9443.776782666497
2021-10-14 01:00:00,9646.5,9513.635291092052
2021-10-14 02:00:00,9764.0,9455.719274008688
2021-10-14 03:00:00,9541.0,9543.091419869284
2021-10-14 04:00:00,10022.0,9645.78390229705
2021-10-14 05:00:00,10104.0,9988.712437037455
2021-10-14 06:00:00,10156.0,10082.170074966276
2021-10-14 07:00:00,10053.0,10044.436320922143
2021-10-14 08:00:00,9962.0,9996.467724163758
2021-10-14 09:00:00,9877.0,9942.38861690102
2021-10-14 10:00:00,9825.0,9836.904266766373
2021-10-14 11:00:00,9752.0,9789.06821375828
2021-10-14 12:00:00,9776.0,9740.1539898298
2021-10-14 13:00:00,9816.0,9823.012656959132
2021-10-14 14:00:00,9874.0,9967.337927180044
2021-10-14 15:00:00,10140.0,10059.988723419381
2021-10-14 16:00:00,10322.0,10281.867972411363
2021-10-14 17:00:00,10125.0,10282.940731764978
2021-10-14 18:00:00,9667.0,9816.64536019585
2021-10-14 19:00:00,9555.0,9445.783976043527
2021-10-14 20:00:00,9264.0,9388.20360880705
2021-10-14 21:00:00,9796.0,9234.752627119933
2021-10-14 22:00:00,9796.0,9656.125723013465
2021-10-14 23:00:00,9796.0,9702.644781919611
2021-10-15 00:00:00,9800.0,9744.905813775767
2021-10-15 01:00:00,9801.5,9781.361564743655
2021-10-15 02:00:00,9785.5,9713.541446572317
2021-10-15 03:00:00,9403.0,9673.734759649804
2021-10-15 04:00:00,9959.0,9766.874672295631
2021-10-15 05:00:00,9994.0,10084.212092201786
2021-10-15 06:00:00,10014.0,10119.878488534718
2021-10-15 07:00:00,10065.0,10021.540008631344
2021-10-15 08:00:00,10081.0,10050.676657026761
2021-10-15 09:00:00,10044.0,10052.76055648877
2021-10-15 10:00:00,9897.0,9960.042905610282
2021-10-15 11:00:00,9784.0,9854.860162750629
2021-10-15 12:00:00,9787.0,9787.256958030664
2021-10-15 13:00:00,9773.0,9859.044626468969
2021-10-15 14:00:00,9819.0,9970.458786704374
2021-10-15 15:00:00,9980.0,10087.262345576737
2021-10-15 16:00:00,10089.0,10241.282935435425
2021-10-15 17:00:00,9902.0,10118.290868051132
2021-10-15 18:00:00,9417.0,9635.442354359471
2021-10-15 19:00:00,9424.0,9370.6726335419
2021-10-15 20:00:00,9194.0,9283.791703285493
2021-10-15 21:00:00,9320.5,9092.15629711129
2021-10-15 22:00:00,9320.5,9234.361428667606
2021-10-15 23:00:00,9263.0,9295.960934677933
2021-10-16 00:00:00,9207.0,9267.461284978383
2021-10-16 01:00:00,9207.0,9209.391717564244
2021-10-16 02:00:00,9207.0,9188.414290687002
2021-10-16 03:00:00,8649.0,9080.552201306888
2021-10-16 04:00:00,8852.0,8819.928305832016
2021-10-16 05:00:00,8956.0,8965.666206001519
2021-10-16 06:00:00,9202.0,9155.73196333241
2021-10-16 07:00:00,9327.0,9327.481513973044
2021-10-16 08:00:00,9314.0,9410.810803862016
2021-10-16 09:00:00,9332.0,9384.278416339212
2021-10-16 10:00:00,9212.0,9348.371630872532
2021-10-16 11:00:00,9176.0,9245.81823060853
2021-10-16 12:00:00,9299.0,9252.808710177547
2021-10-16 13:00:00,9388.0,9435.525500980331
2021-10-16 14:00:00,9596.0,9634.067335449967
2021-10-16 15:00:00,9994.0,9834.632670061214
2021-10-16 16:00:00,9228.5,10060.746790058873
2021-10-16 17:00:00,9759.0,9578.297443160418
2021-10-16 18:00:00,9284.0,9369.631737686006
2021-10-16 19:00:00,9368.0,9169.751668265966
2021-10-16 20:00:00,9245.0,9155.07754014779
2021-10-16 21:00:00,8845.0,8985.139851119144
2021-10-16 22:00:00,8535.0,8695.613811689038
2021-10-16 23:00:00,8378.0,8535.623163312399
2021-10-17 00:00:00,8294.0,8440.459712864851
2021-10-17 01:00:00,8327.0,8381.786907294018
2021-10-17 02:00:00,8425.0,8441.309276058691
2021-10-17 03:00:00,8613.0,8509.455043022013
2021-10-17 04:00:00,8725.0,8713.282882203288
2021-10-17 05:00:00,8762.0,8847.295856307112
2021-10-17 06:00:00,8992.0,8984.880091286606
2021-10-17 07:00:00,9123.0,9166.593161139484
2021-10-17 08:00:00,9180.0,9246.603730588464
2021-10-17 09:00:00,9168.0,9268.346454454151
2021-10-17 10:00:00,9073.0,9202.822584366219
2021-10-17 11:00:00,9012.0,9137.61214156414
2021-10-17 12:00:00,9017.0,9107.175655495628
2021-10-17 13:00:00,9116.0,9185.568924392706
2021-10-17 14:00:00,9219.0,9423.489441966572
2021-10-17 15:00:00,9714.0,9575.54239229069
2021-10-17 16:00:00,9094.5,9748.951938615137
2021-10-17 17:00:00,9119.5,9509.62111994691
2021-10-17 18:00:00,9302.0,9175.303174208986
2021-10-17 19:00:00,9401.0,9225.20155635146
2021-10-17 20:00:00,9283.0,9249.706032239757
2021-10-17 21:00:00,8974.0,8991.236819298094
2021-10-17 22:00:00,8734.0,8801.504668879874
2021-10-17 23:00:00,9351.5,8789.1097041861
2021-10-18 00:00:00,9500.0,9383.485981369418
2021-10-18 01:00:00,9640.5,9541.564115506782
2021-10-18 02:00:00,9698.0,9631.93833087259
2021-10-18 03:00:00,9599.0,9663.365446344997
2021-10-18 04:00:00,10086.0,9849.391891502462
2021-10-18 05:00:00,10169.0,10225.461332298655
2021-10-18 06:00:00,10264.0,10212.902810493955
2021-10-18 07:00:00,10316.0,10228.276598524184
2021-10-18 08:00:00,10328.0,10246.421266317004
2021-10-18 09:00:00,10251.0,10262.272851421973
2021-10-18 10:00:00,10149.0,10141.067059528777
2021-10-18 11:00:00,10050.0,10047.348183855489
2021-10-18 12:00:00,10025.0,9998.850892862447
2021-10-18 13:00:00,9986.0,10039.384559329677
2021-10-18 14:00:00,10026.0,10138.913650423321
2021-10-18 15:00:00,10278.0,10187.854786304932
2021-10-18 16:00:00,10441.0,10358.407568760867
2021-10-18 17:00:00,10253.0,10324.710976907749
2021-10-18 18:00:00,9843.0,9951.871722279513
2021-10-18 19:00:00,9812.0,9639.8258521908
2021-10-18 20:00:00,9692.0,9684.800353277431
2021-10-18 21:00:00,9334.0,9569.588645166697
2021-10-18 22:00:00,9038.0,9671.08034217082
2021-10-18 23:00:00,10038.0,9615.860448652944
2021-10-19 00:00:00,10056.0,9939.775094945016
2021-10-19 01:00:00,9092.0,9981.656353035562
2021-10-19 02:00:00,9415.0,9528.566746307943
2021-10-19 03:00:00,10211.0,9519.36150141183
2021-10-19 04:00:00,10708.0,10182.600040834152
2021-10-19 05:00:00,10773.0,10615.976037226603
2021-10-19 06:00:00,10795.0,10657.804906359494
2021-10-19 07:00:00,10642.0,10604.224683848961
2021-10-19 08:00:00,10486.0,10478.617860360406
2021-10-19 09:00:00,10380.0,10375.15871486973
2021-10-19 10:00:00,10229.0,10268.88334142418
2021-10-19 11:00:00,10086.0,10142.826500973264
2021-10-19 12:00:00,10070.0,10062.511888267685
2021-10-19 13:00:00,10085.0,10120.463612261423
2021-10-19 14:00:00,10218.0,10239.542537533336
2021-10-19 15:00:00,10661.0,10369.297810494812
2021-10-19 16:00:00,10812.0,10686.067967846973
2021-10-19 17:00:00,10598.0,10666.6946839052
2021-10-19 18:00:00,10103.0,10176.974520234542
2021-10-19 19:00:00,10036.0,9853.254559943616
2021-10-19 20:00:00,9766.0,9816.608004911555
2021-10-19 21:00:00,9327.0,9609.41741379615
2021-10-19 22:00:00,10094.5,9644.368911080703
2021-10-19 23:00:00,10094.5,10047.591138861975
2021-10-20 00:00:00,10160.5,10032.764258502099
2021-10-20 01:00:00,10221.5,10000.485406809597
2021-10-20 02:00:00,10221.5,9963.630263015477
2021-10-20 03:00:00,9878.0,10062.81165630379
2021-10-20 04:00:00,10368.0,10116.059985109654
2021-10-20 05:00:00,10454.0,10404.846725529933
2021-10-20 06:00:00,10479.0,10474.840372472821
2021-10-20 07:00:00,10497.0,10402.23533178021
2021-10-20 08:00:00,10628.0,10398.88556196522
2021-10-20 09:00:00,10556.0,10473.589020902959
2021-10-20 10:00:00,10434.0,10428.515690690563
2021-10-20 11:00:00,10251.0,10291.411541883579
2021-10-20 12:00:00,10225.0,10168.572799525962
2021-10-20 13:00:00,10140.0,10227.68122727828
2021-10-20 14:00:00,10222.0,10275.567708145772
2021-10-20 15:00:00,10503.0,10409.25241975784
2021-10-20 16:00:00,10466.0,10623.018859972182
2021-10-20 17:00:00,10304.0,10444.097352277484
2021-10-20 18:00:00,9677.0,10019.949405991198
2021-10-20 19:00:00,9562.0,9774.941181497135
2021-10-20 20:00:00,9353.0,9666.519464182275
2021-10-20 21:00:00,9750.0,9352.598034036246
2021-10-20 22:00:00,9750.0,9852.188280724833
2021-10-20 23:00:00,9727.0,9967.222264387648
2021-10-21 00:00:00,9706.5,9872.940035355412
2021-10-21 01:00:00,9688.0,9812.440526583436
2021-10-21 02:00:00,9676.5,9770.513645510846
2021-10-21 03:00:00,9261.0,9776.115567608107
2021-10-21 04:00:00,9699.0,9841.897191577067
2021-10-21 05:00:00,9740.0,9979.121766279404
2021-10-21 06:00:00,9760.0,10010.661244333694
2021-10-21 07:00:00,9801.0,9931.514610774966
2021-10-21 08:00:00,9841.0,9915.815241951925
2021-10-21 09:00:00,9843.0,9956.019379461075
2021-10-21 10:00:00,9714.0,9902.675890460274
2021-10-21 11:00:00,9676.0,9769.706459395473
2021-10-21 12:00:00,9625.0,9777.285861872982
2021-10-21 13:00:00,9572.0,9812.71730277011
2021-10-21 14:00:00,9781.0,9843.17491028124
2021-10-21 15:00:00,10110.0,10090.848377407594
2021-10-21 16:00:00,10178.0,10277.383193642143
2021-10-21 17:00:00,9980.0,10182.886009521775
2021-10-21 18:00:00,9478.0,9713.266866850268
2021-10-21 19:00:00,9420.0,9421.119044357783
2021-10-21 20:00:00,9254.0,9321.32919212123
2021-10-21 21:00:00,9650.5,9354.541782608554
2021-10-21 22:00:00,9650.5,9599.396963779709
2021-10-21 23:00:00,9650.5,9636.607253066872
2021-10-22 00:00:00,9703.0,9677.24055503953
2021-10-22 01:00:00,9855.5,9722.073546607644
2021-10-22 02:00:00,9955.0,9756.304949709209
2021-10-22 03:00:00,9466.0,9788.839789627964
2021-10-22 04:00:00,9930.0,9788.79434725234
2021-10-22 05:00:00,10130.0,10056.728762213825
2021-10-22 06:00:00,10217.0,10169.556523510071
2021-10-22 07:00:00,10340.0,10168.507685226992
2021-10-22 08:00:00,10510.0,10244.888965165888
2021-10-22 09:00:00,10505.0,10362.751094412948
2021-10-22 10:00:00,10458.0,10324.881488934087
2021-10-22 11:00:00,10401.0,10256.928976804269
2021-10-22 12:00:00,10339.0,10227.796559585357
2021-10-22 13:00:00,10340.0,10274.65370648957
2021-10-22 14:00:00,10401.0,10400.003049986877
2021-10-22 15:00:00,10736.0,10482.804464210376
2021-10-22 16:00:00,10734.0,10724.062349371503
2021-10-22 17:00:00,10451.0,10596.567900285809
2021-10-22 18:00:00,9972.0,10027.579234787376
2021-10-22 19:00:00,9981.0,9739.825587205763
2021-10-22 20:00:00,9801.0,9771.947480877327
2021-10-22 21:00:00,9404.0,9599.911296896074
2021-10-22 22:00:00,9084.0,9462.188932420839
2021-10-22 23:00:00,9898.0,9377.422701086653
2021-10-23 00:00:00,9898.0,9695.023154772698
2021-10-23 01:00:00,9898.0,9755.126630158908
2021-10-23 02:00:00,9898.0,9708.818714054536
2021-10-23 03:00:00,9210.0,9553.493858509719
2021-10-23 04:00:00,9370.0,9296.097986673758
2021-10-23 05:00:00,9527.0,9471.596470386987
2021-10-23 06:00:00,9730.0,9709.627470987818
2021-10-23 07:00:00,9881.0,9856.699632467686
2021-10-23 08:00:00,9915.0,9935.690989475646
2021-10-23 09:00:00,9955.0,9947.705296574937
2021-10-23 10:00:00,9960.0,9925.698956564176
2021-10-23 11:00:00,9976.0,9892.97645326348
2021-10-23 12:00:00,9996.0,9942.676723791756
2021-10-23 13:00:00,10054.0,10063.072512074972
2021-10-23 14:00:00,10275.0,10217.923261753698
2021-10-23 15:00:00,9935.0,10421.210055427304
2021-10-23 16:00:00,9935.0,10079.83004146998
2021-10-23 17:00:00,10594.0,10052.556882461691
2021-10-23 18:00:00,10086.0,10098.47498527873
2021-10-23 19:00:00,10195.0,9796.529703836004
2021-10-23 20:00:00,10059.0,9844.723519003648
2021-10-23 21:00:00,9689.0,9688.850591835042
2021-10-23 22:00:00,9521.0,9264.523833679283
2021-10-23 23:00:00,9373.0,9350.498826849422
2021-10-24 00:00:00,9299.0,9315.966730958298
2021-10-24 01:00:00,9332.0,9277.62196439924
2021-10-24 02:00:00,9450.0,9338.557166449342
2021-10-24 03:00:00,9601.0,9295.30295070682
2021-10-24 04:00:00,9652.0,9491.69397251898
2021-10-24 05:00:00,9749.0,9590.128145335126
2021-10-24 06:00:00,9898.0,9794.98884515693
2021-10-24 07:00:00,10061.0,9916.818687024816
2021-10-24 08:00:00,10136.0,10070.33214004205
2021-10-24 09:00:00,10084.0,10084.014016888405
2021-10-24 10:00:00,9919.0,10020.32331318696
2021-10-24 11:00:00,9867.0,9889.480611177267
2021-10-24 12:00:00,9878.0,9893.378308835865
2021-10-24 13:00:00,9890.0,9982.259102639835
2021-10-24 14:00:00,10087.0,10142.905627797922
2021-10-24 15:00:00,10451.0,10244.736729035942
2021-10-24 16:00:00,10409.0,10415.61022566808
2021-10-24 17:00:00,10155.0,10351.869641426034
2021-10-24 18:00:00,9772.0,9990.59594990535
2021-10-24 19:00:00,9900.0,9832.545273104954
2021-10-24 20:00:00,9743.0,9892.472801891978
2021-10-24 21:00:00,9344.0,9606.672575758554
2021-10-24 22:00:00,9895.0,9261.230451135998
2021-10-24 23:00:00,9895.0,9737.898259242824
2021-10-25 00:00:00,9993.5,9922.407692612695
2021-10-25 01:00:00,10033.0,10027.268315300511
2021-10-25 02:00:00,10033.0,10011.655266393582
2021-10-25 03:00:00,9792.0,9980.461729589977
2021-10-25 04:00:00,10283.0,10143.704722305138
2021-10-25 05:00:00,10464.0,10473.367357423489
2021-10-25 06:00:00,10364.0,10554.4444087036
2021-10-25 07:00:00,10333.0,10386.237276041917
2021-10-25 08:00:00,10336.0,10366.03753620695
2021-10-25 09:00:00,10303.0,10372.899100458208
2021-10-25 10:00:00,10178.0,10301.597903481215
2021-10-25 11:00:00,10098.0,10202.370365509792
2021-10-25 12:00:00,9979.0,10144.03371474116
2021-10-25 13:00:00,9948.0,10119.02407628991
2021-10-25 14:00:00,10121.0,10229.167246072944
2021-10-25 15:00:00,10320.0,10396.221081378138
2021-10-25 16:00:00,10312.0,10481.029032964667
2021-10-25 17:00:00,10125.0,10356.776152146092
2021-10-25 18:00:00,9620.0,9944.699491919266
2021-10-25 19:00:00,9650.0,9760.117734041094
2021-10-25 20:00:00,9396.0,9755.921564311457
2021-10-25 21:00:00,9944.0,9698.629302600437
2021-10-25 22:00:00,9944.0,9960.809835705662
2021-10-25 23:00:00,9944.0,10016.0213416357
2021-10-26 00:00:00,9922.5,9947.872334466414
2021-10-26 01:00:00,9898.0,9934.803409636927
2021-10-26 02:00:00,9884.5,9917.675033815456
2021-10-26 03:00:00,9370.0,9817.663302186655
2021-10-26 04:00:00,9839.0,9852.061043364945
2021-10-26 05:00:00,10021.0,10087.340470023897
2021-10-26 06:00:00,9940.0,10161.562996872386
2021-10-26 07:00:00,9954.0,10050.751378288905
2021-10-26 08:00:00,10030.0,10048.568418245224
2021-10-26 09:00:00,10058.0,10076.336213532313
2021-10-26 10:00:00,9956.0,10052.74665342342
2021-10-26 11:00:00,9905.0,9944.181672829493
2021-10-26 12:00:00,9891.0,9895.144765312212
2021-10-26 13:00:00,9878.0,9952.639825005916
2021-10-26 14:00:00,10086.0,10116.59776364201
2021-10-26 15:00:00,10319.0,10282.436500372587
2021-10-26 16:00:00,10378.0,10383.94076706927
2021-10-26 17:00:00,10113.0,10301.193076334901
2021-10-26 18:00:00,9661.0,9836.433843374147
2021-10-26 19:00:00,9661.0,9583.38834341109
2021-10-26 20:00:00,9368.0,9527.653758567903
2021-10-26 21:00:00,9898.0,9494.752371967954
2021-10-26 22:00:00,9898.0,9772.740565319327
2021-10-26 23:00:00,9898.0,9852.044618059535
2021-10-27 00:00:00,9963.0,9878.398138213039
2021-10-27 01:00:00,9956.5,9949.335877738298
2021-10-27 02:00:00,9999.0,9885.221860128257
2021-10-27 03:00:00,9660.0,9764.733477862974
2021-10-27 04:00:00,10075.0,9869.384910279306
2021-10-27 05:00:00,10146.0,10116.75683470229
2021-10-27 06:00:00,10080.0,10144.093801240697
2021-10-27 07:00:00,10106.0,10071.379086826719
2021-10-27 08:00:00,10229.0,10078.201806969759
2021-10-27 09:00:00,10308.0,10172.655415590243
2021-10-27 10:00:00,10203.0,10195.773925846463
2021-10-27 11:00:00,10035.0,10122.710363276079
2021-10-27 12:00:00,9718.0,9988.937803700126
2021-10-27 13:00:00,9963.0,9884.850172907854
2021-10-27 14:00:00,10086.0,10164.90765528637
2021-10-27 15:00:00,10242.0,10307.11460193606
2021-10-27 16:00:00,10323.0,10348.113754032762
2021-10-27 17:00:00,10045.0,10307.196515604748
2021-10-27 18:00:00,9707.0,9776.314731593398
2021-10-27 19:00:00,9630.0,9594.0046979146
2021-10-27 20:00:00,9430.0,9495.582162569593
2021-10-27 21:00:00,9999.0,9630.929801833261
2021-10-27 22:00:00,9999.0,9883.645625546127
2021-10-27 23:00:00,9999.0,9917.495120651354
2021-10-28 00:00:00,10004.0,9975.072016579845
2021-10-28 01:00:00,10065.5,9997.26472436296
2021-10-28 02:00:00,10096.5,10015.27596170195
2021-10-28 03:00:00,9589.0,9868.982722989575
2021-10-28 04:00:00,10107.0,9871.633005348831
2021-10-28 05:00:00,10243.0,10179.40051023001
2021-10-28 06:00:00,10258.0,10272.292441872165
2021-10-28 07:00:00,10320.0,10207.33190859881
2021-10-28 08:00:00,10335.0,10267.82177123255
2021-10-28 09:00:00,10344.0,10281.896285407707
2021-10-28 10:00:00,10241.0,10240.871413518635
2021-10-28 11:00:00,10254.0,10144.09767393264
2021-10-28 12:00:00,10210.0,10125.441811711764
2021-10-28 13:00:00,10217.0,10209.023705559615
2021-10-28 14:00:00,10290.0,10325.09774425585
2021-10-28 15:00:00,10406.0,10428.770482921384
2021-10-28 16:00:00,10377.0,10465.625437770468
2021-10-28 17:00:00,10174.0,10306.702642343618
2021-10-28 18:00:00,9719.0,9879.848934749796
2021-10-28 19:00:00,9593.0,9650.514949155033
2021-10-28 20:00:00,10067.5,9584.509477130245
2021-10-28 21:00:00,10011.5,9911.693905906073
2021-10-28 22:00:00,10011.5,9934.729126672944
2021-10-28 23:00:00,10004.5,9976.889294452598
2021-10-29 00:00:00,9997.0,9973.14306776457
2021-10-29 01:00:00,9958.0,10007.871714675257
2021-10-29 02:00:00,9936.5,9960.259984928163
2021-10-29 03:00:00,9510.0,9756.467003594862
2021-10-29 04:00:00,10018.0,9908.659677542155
2021-10-29 05:00:00,10158.0,10173.469170339697
2021-10-29 06:00:00,10117.0,10242.287190055287
2021-10-29 07:00:00,9990.0,10158.842778808963
2021-10-29 08:00:00,10005.0,10099.381656236083
2021-10-29 09:00:00,10048.0,10097.341514267451
2021-10-29 10:00:00,10004.0,10075.111908084938
2021-10-29 11:00:00,9882.0,10053.258396480167
2021-10-29 12:00:00,9926.0,9972.00399355272
2021-10-29 13:00:00,9947.0,10076.133516526295
2021-10-29 14:00:00,10026.0,10197.615688134789
2021-10-29 15:00:00,10208.0,10246.007396866009
2021-10-29 16:00:00,10235.0,10321.573899063671
2021-10-29 17:00:00,9969.0,10192.915585783641
2021-10-29 18:00:00,9488.0,9684.53631878951
2021-10-29 19:00:00,9494.0,9456.637499783654
2021-10-29 20:00:00,9288.0,9560.680321430902
2021-10-29 21:00:00,8870.0,9359.17003124365
2021-10-29 22:00:00,9335.5,9030.703336095083
2021-10-29 23:00:00,9335.5,9360.669237961341
2021-10-30 00:00:00,9335.5,9385.653417894147
2021-10-30 01:00:00,9335.5,9412.564650863384
2021-10-30 02:00:00,9335.5,9374.427350380334
2021-10-30 03:00:00,8701.0,9223.557326650098
2021-10-30 04:00:00,8839.0,8930.75185593216
2021-10-30 05:00:00,9063.0,9057.426663106115
2021-10-30 06:00:00,9104.0,9329.416325157721
2021-10-30 07:00:00,9310.0,9377.76259496041
2021-10-30 08:00:00,9372.0,9501.13439627868
2021-10-30 09:00:00,9361.0,9521.728953892363
2021-10-30 10:00:00,9383.0,9460.888744923539
2021-10-30 11:00:00,9369.0,9486.533773397092
2021-10-30 12:00:00,9399.0,9485.770640260977
2021-10-30 13:00:00,9475.0,9599.926964940645
2021-10-30 14:00:00,9775.0,9756.804082453265
2021-10-30 15:00:00,10078.0,9995.94892108877
2021-10-30 16:00:00,9998.0,10131.009548669834
2021-10-30 17:00:00,9656.0,10011.249569814066
2021-10-30 18:00:00,9159.0,9458.786223344265
2021-10-30 19:00:00,9192.0,9222.124237902884
2021-10-30 20:00:00,8981.0,9233.298282917362
2021-10-30 21:00:00,8580.0,8979.227145780558
2021-10-30 22:00:00,8259.0,8737.939130739962
2021-10-30 23:00:00,8133.0,8557.96142679236
2021-10-31 00:00:00,8005.0,8324.249936538978
2021-10-31 01:00:00,8069.0,8302.941872412832
2021-10-31 02:00:00,8072.0,8387.152419274098
2021-10-31 03:00:00,8063.0,8430.313135942626
2021-10-31 04:00:00,8313.0,8413.684315491511
2021-10-31 05:00:00,8463.0,8592.757381345878
2021-10-31 06:00:00,8563.0,8818.014276003883
2021-10-31 07:00:00,8827.0,8903.961898733221
2021-10-31 08:00:00,8972.0,9110.035279550983
2021-10-31 09:00:00,9118.0,9182.064346997597
2021-10-31 10:00:00,9152.0,9240.817909318788
2021-10-31 11:00:00,9058.0,9258.852264303332
2021-10-31 12:00:00,8976.0,9211.310815801684
2021-10-31 13:00:00,9219.0,9235.343707634354
2021-10-31 14:00:00,9473.0,9555.354761227143
2021-10-31 15:00:00,9591.0,9773.395538652758
2021-10-31 16:00:00,9649.0,9741.492785407943
2021-10-31 17:00:00,9601.0,9697.70578584069
2021-10-31 18:00:00,9369.0,9397.015114087902
2021-10-31 19:00:00,8932.0,9265.701800703457
2021-10-31 20:00:00,9096.0,9105.417516152605
2021-10-31 21:00:00,9030.0,9134.131421601272
2021-10-31 22:00:00,8726.0,8980.77001269216
2021-10-31 23:00:00,8496.0,8975.662691481331
2021-11-01 00:00:00,9355.5,9171.157149134575
2021-11-01 01:00:00,9421.0,9448.210255652868
2021-11-01 02:00:00,9532.0,9421.71327787018
2021-11-01 03:00:00,9596.0,9428.450285041981
2021-11-01 04:00:00,9342.0,9649.431717827141
2021-11-01 05:00:00,9878.0,9717.274456856336
2021-11-01 06:00:00,9951.0,10052.350528175471
2021-11-01 07:00:00,9966.0,9988.349790189744
2021-11-01 08:00:00,9976.0,9987.987147953882
2021-11-01 09:00:00,10040.0,9989.3273667173
2021-11-01 10:00:00,9957.0,9989.093384679873
2021-11-01 11:00:00,9928.0,9915.41998745795
2021-11-01 12:00:00,9917.0,9920.616612386266
2021-11-01 13:00:00,9928.0,9993.79269800578
2021-11-01 14:00:00,10027.0,10082.540326514667
2021-11-01 15:00:00,10260.0,10155.0466815081
2021-11-01 16:00:00,10240.0,10297.47846599072
2021-11-01 17:00:00,10194.0,10221.138746833833
2021-11-01 18:00:00,9875.0,9911.210999231444
2021-11-01 19:00:00,9401.0,9600.569826912615
2021-11-01 20:00:00,9432.0,9363.502241814253
2021-11-01 21:00:00,9198.0,9388.287181022855
2021-11-01 22:00:00,9922.5,9509.86289049406
2021-11-01 23:00:00,9922.5,9794.240207276674
2021-11-02 00:00:00,9922.5,9815.09662802242
2021-11-02 01:00:00,9945.0,9871.050385540335
2021-11-02 02:00:00,9987.5,9864.461083408736
2021-11-02 03:00:00,9987.5,9852.769855294107
2021-11-02 04:00:00,9535.0,9823.77776423201
2021-11-02 05:00:00,10029.0,9815.164149787619
2021-11-02 06:00:00,10163.0,10076.25429338215
2021-11-02 07:00:00,10189.0,10095.759569750831
2021-11-02 08:00:00,10156.0,10119.276762037925
2021-11-02 09:00:00,10243.0,10083.667055355643
2021-11-02 10:00:00,10174.0,10143.70907371817
2021-11-02 11:00:00,10054.0,10081.695258358277
2021-11-02 12:00:00,9962.0,10003.343533677169
2021-11-02 13:00:00,10013.0,10045.534241198699
2021-11-02 14:00:00,10200.0,10150.260550042589
2021-11-02 15:00:00,10432.0,10359.08000094702
2021-11-02 16:00:00,10416.0,10447.354404299138
2021-11-02 17:00:00,10348.0,10369.71524990207
2021-11-02 18:00:00,10044.0,10031.721939712854
2021-11-02 19:00:00,9620.0,9739.106556328194
2021-11-02 20:00:00,9590.0,9596.997424817338
2021-11-02 21:00:00,9286.0,9599.192104921205
2021-11-02 22:00:00,8959.0,9650.432985960946
2021-11-02 23:00:00,10028.5,9495.004811197909
2021-11-03 00:00:00,10028.5,9987.191275129684
2021-11-03 01:00:00,10062.0,10015.495790298131
2021-11-03 02:00:00,10102.5,10014.543121187447
2021-11-03 03:00:00,10102.5,9922.671353110767
2021-11-03 04:00:00,9598.0,9843.81427692511
2021-11-03 05:00:00,10080.0,9902.657966902825
2021-11-03 06:00:00,10125.0,10199.431138619391
2021-11-03 07:00:00,10195.0,10131.163413278415
2021-11-03 08:00:00,10220.0,10169.018833713668
2021-11-03 09:00:00,10303.0,10207.397293272481
2021-11-03 10:00:00,10317.0,10234.06479766131
2021-11-03 11:00:00,10233.0,10207.302299230803
2021-11-03 12:00:00,10141.0,10155.429552654456
2021-11-03 13:00:00,10170.0,10185.776246269492
2021-11-03 14:00:00,10360.0,10294.892862180994
2021-11-03 15:00:00,10514.0,10486.00887166444
2021-11-03 16:00:00,10539.0,10543.4531174488
2021-11-03 17:00:00,10523.0,10488.492880587222
2021-11-03 18:00:00,10246.0,10194.440282166539
2021-11-03 19:00:00,9676.0,9871.890773033865
2021-11-03 20:00:00,9645.0,9637.83706454864
2021-11-03 21:00:00,9394.0,9673.385259619898
2021-11-03 22:00:00,9652.5,9662.792661972962
2021-11-03 23:00:00,9652.5,9920.902665154095
2021-11-04 00:00:00,9652.5,9831.136968091929
2021-11-04 01:00:00,9652.5,9834.884498181704
2021-11-04 02:00:00,9652.5,9781.716612297138
2021-11-04 03:00:00,9652.5,9770.089206031444
2021-11-04 04:00:00,9401.0,9599.598398371163
2021-11-04 05:00:00,9892.0,9826.880584684583
2021-11-04 06:00:00,9635.0,10090.87965203294
2021-11-04 07:00:00,9470.0,9835.625616541574
2021-11-04 08:00:00,9532.0,9727.601430645198
2021-11-04 09:00:00,9660.0,9754.29332932208
2021-11-04 10:00:00,9697.0,9810.946787754247
2021-11-04 11:00:00,9708.0,9791.188464522429
2021-11-04 12:00:00,9933.0,9799.203670138006
2021-11-04 13:00:00,9999.0,10094.521713604814
2021-11-04 14:00:00,10198.0,10223.52512583866
2021-11-04 15:00:00,10320.0,10338.351702032254
2021-11-04 16:00:00,10337.0,10381.325780066472
2021-11-04 17:00:00,10304.0,10326.138984725942
2021-11-04 18:00:00,10061.0,10005.633488493031
2021-11-04 19:00:00,9576.0,9695.857934272031
2021-11-04 20:00:00,9565.0,9490.21756176783
2021-11-04 21:00:00,9388.0,9382.539668675423
2021-11-04 22:00:00,8898.0,9470.927914743177
2021-11-04 23:00:00,9966.0,9330.041859851153
2021-11-05 00:00:00,10030.0,9900.07998489913
2021-11-05 01:00:00,10091.5,9949.160926638337
2021-11-05 02:00:00,10125.5,9973.158941732252
2021-11-05 03:00:00,10125.5,9950.624213677613
2021-11-05 04:00:00,9658.0,9890.89304441477
2021-11-05 05:00:00,10148.0,9924.866348315038
2021-11-05 06:00:00,10258.0,10177.111417783759
2021-11-05 07:00:00,10190.0,10188.4248519912
2021-11-05 08:00:00,10281.0,10133.54565633041
2021-11-05 09:00:00,10271.0,10219.300611275019
2021-11-05 10:00:00,10240.0,10191.202695443304
2021-11-05 11:00:00,10122.0,10156.950313800682
2021-11-05 12:00:00,10129.0,10095.590438133448
2021-11-05 13:00:00,10190.0,10207.663399079089
2021-11-05 14:00:00,10477.0,10358.780793060461
2021-11-05 15:00:00,10610.0,10581.04310671735
2021-11-05 16:00:00,10606.0,10622.753652699164
2021-11-05 17:00:00,10498.0,10514.096280801758
2021-11-05 18:00:00,10179.0,10179.061220352072
2021-11-05 19:00:00,9699.0,9870.572799756052
2021-11-05 20:00:00,9712.0,9618.14064014857
2021-11-05 21:00:00,9481.0,9521.531215920744
2021-11-05 22:00:00,8962.0,9378.9988625836
2021-11-05 23:00:00,8626.0,9256.639785223728
2021-11-06 00:00:00,9480.5,8884.822945053915
2021-11-06 01:00:00,9480.5,9484.102449597414
2021-11-06 02:00:00,8445.0,9434.17240850039
2021-11-06 03:00:00,8524.0,8681.40608133939
2021-11-06 04:00:00,8739.0,8681.166355672496
2021-11-06 05:00:00,8906.0,8985.22657229015
2021-11-06 06:00:00,8987.0,9206.72287436459
2021-11-06 07:00:00,9186.0,9232.83669365732
2021-11-06 08:00:00,9355.0,9399.649217894246
2021-11-06 09:00:00,9480.0,9494.71383753331
2021-11-06 10:00:00,9513.0,9554.048013272522
2021-11-06 11:00:00,9484.0,9579.571472327274
2021-11-06 12:00:00,9490.0,9564.977364972652
2021-11-06 13:00:00,9637.0,9700.605692415214
2021-11-06 14:00:00,10038.0,9916.329274298758
2021-11-06 15:00:00,10392.0,10232.797103528383
2021-11-06 16:00:00,10513.0,10342.535929207708
2021-11-06 17:00:00,10407.0,10310.848682401675
2021-11-06 18:00:00,10164.0,9939.754365714705
2021-11-06 19:00:00,9768.0,9671.852866287481
2021-11-06 20:00:00,9858.0,9499.283612854182
2021-11-06 21:00:00,9760.0,9412.487402415407
2021-11-06 22:00:00,9339.0,9117.617615485022
2021-11-06 23:00:00,9022.0,8965.216529270097
2021-11-07 00:00:00,8863.0,8858.374140406371
2021-11-07 01:00:00,8747.0,8857.991352901425
2021-11-07 02:00:00,8793.0,8814.973609228657
2021-11-07 03:00:00,8868.0,8834.222521829566
2021-11-07 04:00:00,9087.0,8921.730547375757
2021-11-07 05:00:00,9255.0,9154.454365496244
2021-11-07 06:00:00,9312.0,9313.930541032838
2021-11-07 07:00:00,9562.0,9407.777671224338
2021-11-07 08:00:00,9769.0,9592.752670516616
2021-11-07 09:00:00,9853.0,9779.840290052363
2021-11-07 10:00:00,9875.0,9802.730307932
2021-11-07 11:00:00,9799.0,9814.185418421293
2021-11-07 12:00:00,9854.0,9774.88105753338
2021-11-07 13:00:00,9994.0,9931.626453075018
2021-11-07 14:00:00,10340.0,10201.36282881532
2021-11-07 15:00:00,10503.0,10480.092694449848
2021-11-07 16:00:00,10557.0,10527.396671998009
2021-11-07 17:00:00,10527.0,10457.526061570748
2021-11-07 18:00:00,10337.0,10226.86514553083
2021-11-07 19:00:00,9963.0,9944.783833677295
2021-11-07 20:00:00,10184.0,9869.087550438195
2021-11-07 21:00:00,10067.0,9994.507238573224
2021-11-07 22:00:00,9641.0,9681.526934127009
2021-11-07 23:00:00,10260.5,9450.993488121076
2021-11-08 00:00:00,10338.5,10236.187243229833
2021-11-08 01:00:00,10384.0,10298.504934641986
2021-11-08 02:00:00,10465.5,10283.760726710176
2021-11-08 03:00:00,10515.0,10265.4244004784
2021-11-08 04:00:00,10428.0,10376.96598610278
2021-11-08 05:00:00,10957.0,10605.32146416802
2021-11-08 06:00:00,11025.0,10969.551610522409
2021-11-08 07:00:00,11094.0,10888.079372945316
2021-11-08 08:00:00,11021.0,10957.610998396744
2021-11-08 09:00:00,11007.0,10897.256080601406
2021-11-08 10:00:00,10916.0,10868.368582230038
2021-11-08 11:00:00,10898.0,10793.802398198506
2021-11-08 12:00:00,10858.0,10802.81819915096
2021-11-08 13:00:00,10939.0,10875.152929809057
2021-11-08 14:00:00,11175.0,11020.14896436685
2021-11-08 15:00:00,11312.0,11185.747780290558
2021-11-08 16:00:00,11247.0,11215.15061133247
2021-11-08 17:00:00,11316.0,11154.77062197281
2021-11-08 18:00:00,11191.0,10983.174060761943
2021-11-08 19:00:00,10775.0,10611.969586741994
2021-11-08 20:00:00,10800.0,10588.694705991715
2021-11-08 21:00:00,10600.0,10487.197386938285
2021-11-08 22:00:00,10187.0,10491.1422301811
2021-11-08 23:00:00,10986.0,10547.964697122938
2021-11-09 00:00:00,11104.0,10815.691739600788
2021-11-09 01:00:00,11183.0,10925.523436239606
2021-11-09 02:00:00,11219.0,11001.65866536004
2021-11-09 03:00:00,11279.5,10976.550529643078
2021-11-09 04:00:00,11033.0,10762.584869314027
2021-11-09 05:00:00,11457.0,11051.50536552235
2021-11-09 06:00:00,11512.0,11349.180077025345
2021-11-09 07:00:00,11550.0,11296.354726792524
2021-11-09 08:00:00,11521.0,11301.274367430287
2021-11-09 09:00:00,11586.0,11282.200909181971
2021-11-09 10:00:00,11560.0,11325.759256439904
2021-11-09 11:00:00,11458.0,11304.43698312014
2021-11-09 12:00:00,11401.0,11233.882007526274
2021-11-09 13:00:00,11438.0,11317.57030220634
2021-11-09 14:00:00,11603.0,11430.486806188885
2021-11-09 15:00:00,11637.0,11536.685621453375
2021-11-09 16:00:00,11533.0,11479.919006427812
2021-11-09 17:00:00,11527.0,11422.595171907902
2021-11-09 18:00:00,11217.0,11193.187600236419
2021-11-09 19:00:00,10649.0,10644.295177307402
2021-11-09 20:00:00,10613.0,10534.75676461553
2021-11-09 21:00:00,10293.0,10353.576763776755
2021-11-09 22:00:00,10559.0,10456.126363077416
2021-11-09 23:00:00,10550.0,10766.25294198627
2021-11-10 00:00:00,10522.5,10654.16197090836
2021-11-10 01:00:00,10480.0,10703.731349049087
2021-11-10 02:00:00,10456.5,10632.78978373073
2021-11-10 03:00:00,10456.5,10585.638880458173
2021-11-10 04:00:00,10129.0,10429.47454501674
2021-11-10 05:00:00,10563.0,10603.219262677489
2021-11-10 06:00:00,10555.0,10790.044345511944
2021-11-10 07:00:00,10545.0,10673.312549338827
2021-11-10 08:00:00,10453.0,10646.536566486473
2021-11-10 09:00:00,10500.0,10600.730787553552
2021-11-10 10:00:00,10460.0,10602.393708267733
2021-11-10 11:00:00,10411.0,10537.53165596318
2021-11-10 12:00:00,10349.0,10489.386352813355
2021-11-10 13:00:00,10405.0,10576.737829263455
2021-11-10 14:00:00,10582.0,10657.761035280932
2021-11-10 15:00:00,10653.0,10811.025187135527
2021-11-10 16:00:00,10672.0,10738.85591117124
2021-11-10 17:00:00,10674.0,10740.978783285402
2021-11-10 18:00:00,10446.0,10556.067590621806
2021-11-10 19:00:00,9938.0,10090.919762747944
2021-11-10 20:00:00,9972.0,10041.931797375433
2021-11-10 21:00:00,9692.0,9935.80417096374
2021-11-10 22:00:00,10408.0,10045.811324837514
2021-11-10 23:00:00,10408.0,10247.454831268633
2021-11-11 00:00:00,10377.0,10358.063489752763
2021-11-11 01:00:00,10372.5,10363.373674608823
2021-11-11 02:00:00,10380.5,10338.3912650705
2021-11-11 03:00:00,10380.5,10274.697172164444
2021-11-11 04:00:00,9916.0,10091.031501651869
2021-11-11 05:00:00,10499.0,10248.649477873263
2021-11-11 06:00:00,10586.0,10612.692143940361
2021-11-11 07:00:00,10572.0,10542.33590654751
2021-11-11 08:00:00,10590.0,10518.463019422687
2021-11-11 09:00:00,10568.0,10531.87748006666
2021-11-11 10:00:00,10532.0,10502.974183796438
2021-11-11 11:00:00,10317.0,10471.905166404897
2021-11-11 12:00:00,10340.0,10316.797507956668
2021-11-11 13:00:00,10421.0,10465.049399032638
2021-11-11 14:00:00,10698.0,10627.15226894757
2021-11-11 15:00:00,10823.0,10786.540424586763
2021-11-11 16:00:00,10748.0,10818.298743745354
2021-11-11 17:00:00,10714.0,10736.792316532323
2021-11-11 18:00:00,10527.0,10422.330916385308
2021-11-11 19:00:00,10063.0,10129.006646797938
2021-11-11 20:00:00,10097.0,9991.300077361297
2021-11-11 21:00:00,9791.0,9892.851224501339
2021-11-11 22:00:00,10380.5,10020.01484732192
2021-11-11 23:00:00,10380.5,10266.582121974589
2021-11-12 00:00:00,10474.0,10333.507948737533
2021-11-12 01:00:00,10537.5,10438.743057221216
2021-11-12 02:00:00,10557.0,10477.535143562836
2021-11-12 03:00:00,10557.0,10415.318619404898
2021-11-12 04:00:00,10082.0,10190.203929695916
2021-11-12 05:00:00,10595.0,10367.63784855587
2021-11-12 06:00:00,10666.0,10689.712166965282
2021-11-12 07:00:00,10746.0,10600.044132717989
2021-11-12 08:00:00,10710.0,10647.514919742196
2021-11-12 09:00:00,10720.0,10640.202687929328
2021-11-12 10:00:00,10658.0,10627.153670525351
2021-11-12 11:00:00,10576.0,10517.492147541523
2021-11-12 12:00:00,10548.0,10502.408171872408
2021-11-12 13:00:00,10566.0,10630.277265100156
2021-11-12 14:00:00,10758.0,10746.061814066376
2021-11-12 15:00:00,10846.0,10849.506826346946
2021-11-12 16:00:00,10861.0,10849.0320353616
2021-11-12 17:00:00,10747.0,10791.207073546146
2021-11-12 18:00:00,10501.0,10408.222446968459
2021-11-12 19:00:00,9944.0,10093.882844243653
2021-11-12 20:00:00,9989.0,9914.439797014851
2021-11-12 21:00:00,9860.0,9741.263265339401
2021-11-12 22:00:00,9484.0,9564.261623557835
2021-11-12 23:00:00,9991.5,9433.703574985107
2021-11-13 00:00:00,9991.5,9866.821903699587
2021-11-13 01:00:00,9991.5,9896.585755722486
2021-11-13 02:00:00,9991.5,9798.778967373393
2021-11-13 03:00:00,9991.5,9711.211837713541
2021-11-13 04:00:00,9455.0,9620.98829966902
2021-11-13 05:00:00,9729.0,9490.396972823091
2021-11-13 06:00:00,9824.0,9867.741981486924
2021-11-13 07:00:00,9994.0,9900.563983077314
2021-11-13 08:00:00,10218.0,10004.479398686088
2021-11-13 09:00:00,10285.0,10178.392526923422
2021-11-13 10:00:00,10238.0,10198.568407874942
2021-11-13 11:00:00,10167.0,10141.883467044343
2021-11-13 12:00:00,10212.0,10073.122036199027
2021-11-13 13:00:00,10382.0,10284.498281917693
2021-11-13 14:00:00,10774.0,10548.253894855941
2021-11-13 15:00:00,10968.0,10824.142974978979
2021-11-13 16:00:00,11059.0,10900.459694752719
2021-11-13 17:00:00,10931.0,10842.557480513839
2021-11-13 18:00:00,10600.0,10512.452630589527
2021-11-13 19:00:00,10131.0,10061.274270707778
2021-11-13 20:00:00,10311.0,9942.774232186617
2021-11-13 21:00:00,10076.0,9967.384545637065
2021-11-13 22:00:00,9675.0,9613.97087497302
2021-11-13 23:00:00,9335.0,9434.378280584282
2021-11-14 00:00:00,9142.0,9118.866366247348
2021-11-14 01:00:00,9066.0,9127.338132110695
2021-11-14 02:00:00,9051.0,9115.692779390181
2021-11-14 03:00:00,9190.0,9139.489385707144
2021-11-14 04:00:00,9375.0,9282.428865219921
2021-11-14 05:00:00,9492.0,9506.743351953766
2021-11-14 06:00:00,9680.0,9681.334779603167
2021-11-14 07:00:00,9890.0,9841.879988699831
2021-11-14 08:00:00,10079.0,10008.247517319433
2021-11-14 09:00:00,10086.0,10137.805411552994
2021-11-14 10:00:00,10036.0,10115.378602815295
2021-11-14 11:00:00,9968.0,10041.133627444171
2021-11-14 12:00:00,9959.0,10006.258118696729
2021-11-14 13:00:00,10030.0,10157.078470163946
2021-11-14 14:00:00,10353.0,10326.8955119571
2021-11-14 15:00:00,10588.0,10550.683985466769
2021-11-14 16:00:00,10618.0,10658.920395377907
2021-11-14 17:00:00,10610.0,10568.079599550543
2021-11-14 18:00:00,10503.0,10340.65271192826
2021-11-14 19:00:00,10163.0,10088.943360606903
2021-11-14 20:00:00,10415.0,10158.378682204208
2021-11-14 21:00:00,10398.0,10203.4674398629
2021-11-14 22:00:00,10110.0,9879.717030602951
2021-11-14 23:00:00,9812.0,9888.197060297192
2021-11-15 00:00:00,9652.0,10102.972115742341
2021-11-15 01:00:00,9657.0,10064.364351965962
2021-11-15 02:00:00,9734.0,10025.136907859867
2021-11-15 03:00:00,10078.0,10036.973109583545
2021-11-15 04:00:00,10886.0,10208.600732551397
2021-11-15 05:00:00,11449.0,11044.977498250766
2021-11-15 06:00:00,11602.0,11383.244498420549
2021-11-15 07:00:00,11599.0,11400.471939383753
2021-11-15 08:00:00,11537.0,11362.93060215184
2021-11-15 09:00:00,11531.0,11344.571982437958
2021-11-15 10:00:00,11409.0,11324.547551486405
2021-11-15 11:00:00,11261.0,11231.684027770152
2021-11-15 12:00:00,11153.0,11121.00142064827
2021-11-15 13:00:00,11192.0,11162.149856267622
2021-11-15 14:00:00,11272.0,11239.44005562022
2021-11-15 15:00:00,11213.0,11276.698947460305
2021-11-15 16:00:00,11104.0,11214.721778690058
2021-11-15 17:00:00,11075.0,11097.973860912036
2021-11-15 18:00:00,10819.0,10861.284781510365
2021-11-15 19:00:00,10342.0,10469.154836077512
2021-11-15 20:00:00,10498.0,10441.396625748097
2021-11-15 21:00:00,10120.0,10406.869727137111
2021-11-15 22:00:00,10536.0,10586.225360866702
2021-11-15 23:00:00,10534.0,10696.516617825386
2021-11-16 00:00:00,10514.0,10579.43918873669
2021-11-16 01:00:00,10495.5,10547.782470355209
2021-11-16 02:00:00,10495.5,10500.75793307437
2021-11-16 03:00:00,10495.5,10483.917388513844
2021-11-16 04:00:00,10495.5,10494.387691186696
2021-11-16 05:00:00,10493.0,10828.912411579026
2021-11-16 06:00:00,10542.0,10775.917410696278
2021-11-16 07:00:00,10559.0,10666.92881168916
2021-11-16 08:00:00,10552.0,10627.908916751423
2021-11-16 09:00:00,10530.0,10622.792854305011
2021-11-16 10:00:00,10538.0,10584.139540625727
2021-11-16 11:00:00,10485.0,10583.892885184123
2021-11-16 12:00:00,10480.0,10523.069353055274
2021-11-16 13:00:00,10579.0,10667.497745748262
2021-11-16 14:00:00,10839.0,10813.652816315334
2021-11-16 15:00:00,10813.0,10918.60384919174
2021-11-16 16:00:00,10762.0,10844.379639803221
2021-11-16 17:00:00,10677.0,10789.189668591436
2021-11-16 18:00:00,10555.0,10490.107048394228
2021-11-16 19:00:00,10100.0,10197.876942000017
2021-11-16 20:00:00,10153.0,10169.288025846978
2021-11-16 21:00:00,9936.0,10053.023129618667
2021-11-16 22:00:00,10482.5,10190.664361753767
2021-11-16 23:00:00,10482.5,10451.509492448364
2021-11-17 00:00:00,10462.0,10418.899631825498
2021-11-17 01:00:00,10417.0,10411.699840710911
2021-11-17 02:00:00,10417.0,10358.495598072785
2021-11-17 03:00:00,10417.0,10297.146201147725
2021-11-17 04:00:00,9836.0,10180.832633329312
2021-11-17 05:00:00,10373.0,10284.819714413643
2021-11-17 06:00:00,10567.0,10496.926908082907
2021-11-17 07:00:00,10530.0,10539.76098568072
2021-11-17 08:00:00,10493.0,10510.046683940165
2021-11-17 09:00:00,10500.0,10490.952479316213
2021-11-17 10:00:00,10524.0,10472.395042123344
2021-11-17 11:00:00,10444.0,10456.687233839984
2021-11-17 12:00:00,10390.0,10377.33182687002
2021-11-17 13:00:00,10539.0,10472.126210323955
2021-11-17 14:00:00,10757.0,10719.332778652162
2021-11-17 15:00:00,10817.0,10808.90983507224
2021-11-17 16:00:00,10817.0,10794.08692343784
2021-11-17 17:00:00,10853.0,10758.350621037644
2021-11-17 18:00:00,10558.0,10526.501316433598
2021-11-17 19:00:00,10081.0,10139.609082302602
2021-11-17 20:00:00,10051.0,10026.399526880567
2021-11-17 21:00:00,9805.0,9867.664979046853
2021-11-17 22:00:00,10260.0,10156.758480829763
2021-11-17 23:00:00,10260.0,10243.323656463603
2021-11-18 00:00:00,10220.5,10237.956785583207
2021-11-18 01:00:00,10220.5,10226.947679591587
2021-11-18 02:00:00,10220.5,10189.973864074609
2021-11-18 03:00:00,10220.5,10159.665950682163
2021-11-18 04:00:00,9719.0,9987.484314825448
2021-11-18 05:00:00,10203.0,10203.240370250864
2021-11-18 06:00:00,10341.0,10425.22833730823
2021-11-18 07:00:00,10290.0,10388.771553187054
2021-11-18 08:00:00,10238.0,10315.858968848597
2021-11-18 09:00:00,10282.0,10287.91622341577
2021-11-18 10:00:00,10289.0,10305.425338394592
2021-11-18 11:00:00,10185.0,10269.610991560923
2021-11-18 12:00:00,10247.0,10210.209845260764
2021-11-18 13:00:00,10410.0,10387.981105703491
2021-11-18 14:00:00,10676.0,10586.345682515055
2021-11-18 15:00:00,10730.0,10744.862092020017
2021-11-18 16:00:00,10729.0,10733.767856954746
2021-11-18 17:00:00,10675.0,10699.055735369227
2021-11-18 18:00:00,10550.0,10370.702939354485
2021-11-18 19:00:00,10271.0,10126.391568181016
2021-11-18 20:00:00,10255.0,10066.738715396088
2021-11-18 21:00:00,10046.0,9940.553042916255
2021-11-18 22:00:00,9628.0,10104.11717512013
2021-11-18 23:00:00,10340.5,10063.148212979577
2021-11-19 00:00:00,10480.0,10320.16862345695
2021-11-19 01:00:00,10576.5,10428.37077207607
2021-11-19 02:00:00,10639.0,10490.471664449016
2021-11-19 03:00:00,10639.0,10445.180669148398
2021-11-19 04:00:00,10227.0,10221.910552895102
2021-11-19 05:00:00,10692.0,10401.558816961602
2021-11-19 06:00:00,10949.0,10730.190028291358
2021-11-19 07:00:00,10924.0,10831.080539867635
2021-11-19 08:00:00,10936.0,10765.274712918334
2021-11-19 09:00:00,10946.0,10841.163541898793
2021-11-19 10:00:00,10852.0,10830.115644105781
2021-11-19 11:00:00,10697.0,10701.458735302691
2021-11-19 12:00:00,10603.0,10625.37734921759
2021-11-19 13:00:00,10744.0,10685.229913737194
2021-11-19 14:00:00,10987.0,10888.472485180344
2021-11-19 15:00:00,10894.0,11038.712758123815
2021-11-19 16:00:00,10934.0,10922.55851627982
2021-11-19 17:00:00,10897.0,10916.958937448206
2021-11-19 18:00:00,10569.0,10616.16937420384
2021-11-19 19:00:00,10096.0,10172.572464260347
2021-11-19 20:00:00,10151.0,10070.11545407441
2021-11-19 21:00:00,9929.0,9963.904214931714
2021-11-19 22:00:00,9497.0,9644.557174181451
2021-11-19 23:00:00,10065.0,9726.01526409014
2021-11-20 00:00:00,10065.0,9959.069553130423
2021-11-20 01:00:00,10065.0,9984.552217175295
2021-11-20 02:00:00,10065.0,9940.424867083164
2021-11-20 03:00:00,10065.0,9870.301669788403
2021-11-20 04:00:00,9356.0,9659.95120071547
2021-11-20 05:00:00,9514.0,9479.723762537193
2021-11-20 06:00:00,9731.0,9752.32091059536
2021-11-20 07:00:00,9842.0,9922.2427319254
2021-11-20 08:00:00,10034.0,9983.261104531335
2021-11-20 09:00:00,10122.0,10096.530633553435
2021-11-20 10:00:00,10165.0,10138.226850765304
2021-11-20 11:00:00,10134.0,10124.437775217593
2021-11-20 12:00:00,10106.0,10133.656368899403
2021-11-20 13:00:00,10400.0,10294.044527581149
2021-11-20 14:00:00,10736.0,10601.63297718005
2021-11-20 15:00:00,10873.0,10824.470750134315
2021-11-20 16:00:00,10933.0,10831.969252647286
2021-11-20 17:00:00,10836.0,10826.500846647625
2021-11-20 18:00:00,10458.0,10436.883605117268
2021-11-20 19:00:00,10039.0,9997.193865644327
2021-11-20 20:00:00,10195.0,10002.607518563456
2021-11-20 21:00:00,9958.0,9952.739941239808
2021-11-20 22:00:00,9596.0,9518.021096288521
2021-11-20 23:00:00,9341.0,9374.72998378079
2021-11-21 00:00:00,9149.0,9171.020534718618
2021-11-21 01:00:00,9053.0,9145.792970461556
2021-11-21 02:00:00,9066.0,9131.941821311199
2021-11-21 03:00:00,9146.0,9173.115506643435
2021-11-21 04:00:00,9341.0,9244.513927833586
2021-11-21 05:00:00,9410.0,9465.153654354614
2021-11-21 06:00:00,9543.0,9617.017837233345
2021-11-21 07:00:00,9750.0,9720.052241372552
2021-11-21 08:00:00,10002.0,9885.23875691829
2021-11-21 09:00:00,10068.0,10082.155184464815
2021-11-21 10:00:00,10179.0,10091.053235836085
2021-11-21 11:00:00,10149.0,10135.279910323981
2021-11-21 12:00:00,10174.0,10101.879884703872
2021-11-21 13:00:00,10356.0,10299.728407060886
2021-11-21 14:00:00,10673.0,10572.150713440613
2021-11-21 15:00:00,10816.0,10765.134215575743
2021-11-21 16:00:00,10899.0,10801.259132413908
2021-11-21 17:00:00,10976.0,10776.569675827513
2021-11-21 18:00:00,10772.0,10657.650830275628
2021-11-21 19:00:00,10391.0,10277.906475715063
2021-11-21 20:00:00,10648.0,10338.97634659196
2021-11-21 21:00:00,10596.0,10448.764072501106
2021-11-21 22:00:00,10289.0,10147.96657920137
2021-11-21 23:00:00,10013.0,10001.558950126244
2021-11-22 00:00:00,10722.5,10156.334150688439
2021-11-22 01:00:00,10794.0,10599.41446405906
2021-11-22 02:00:00,10857.5,10584.691978075602
2021-11-22 03:00:00,10340.0,10554.46110469322
2021-11-22 04:00:00,11156.0,10455.116652683013
2021-11-22 05:00:00,11639.0,11359.988924987832
2021-11-22 06:00:00,11740.0,11621.818885401777
2021-11-22 07:00:00,11759.0,11561.903085457152
2021-11-22 08:00:00,11757.0,11536.091876516808
2021-11-22 09:00:00,11710.0,11546.092303583711
2021-11-22 10:00:00,11654.0,11497.70565572239
2021-11-22 11:00:00,11585.0,11455.32276187725
2021-11-22 12:00:00,11555.0,11427.1404868577
2021-11-22 13:00:00,11691.0,11510.772198351033
2021-11-22 14:00:00,11894.0,11662.427667343683
2021-11-22 15:00:00,11979.0,11770.944208502082
2021-11-22 16:00:00,11925.0,11773.127045695514
2021-11-22 17:00:00,11908.0,11739.32023984251
2021-11-22 18:00:00,11658.0,11567.809118732113
2021-11-22 19:00:00,11231.0,11076.190862174812
2021-11-22 20:00:00,11256.0,11154.559176203184
2021-11-22 21:00:00,10989.0,10943.884857780986
2021-11-22 22:00:00,11571.0,10956.37344097234
2021-11-22 23:00:00,11559.0,11379.737574037812
2021-11-23 00:00:00,11543.5,11380.717060673835
2021-11-23 01:00:00,11534.0,11404.379969632942
2021-11-23 02:00:00,11534.0,11376.276280686623
2021-11-23 03:00:00,11534.0,11268.549070429108
2021-11-23 04:00:00,11218.0,11129.749561801289
2021-11-23 05:00:00,11690.0,11441.815455500186
2021-11-23 06:00:00,11701.0,11642.55692216566
2021-11-23 07:00:00,11579.0,11552.264379278118
2021-11-23 08:00:00,11619.0,11433.218467777817
2021-11-23 09:00:00,11563.0,11464.34684066921
2021-11-23 10:00:00,11532.0,11437.865828878383
2021-11-23 11:00:00,11483.0,11390.575312008168
2021-11-23 12:00:00,11536.0,11344.067503297629
2021-11-23 13:00:00,11708.0,11538.485013211373
2021-11-23 14:00:00,11961.0,11707.547097996634
2021-11-23 15:00:00,11868.0,11835.999006165132
2021-11-23 16:00:00,11680.0,11714.183864293413
2021-11-23 17:00:00,11837.0,11574.7317507904
2021-11-23 18:00:00,11653.0,11499.147073132395
2021-11-23 19:00:00,11107.0,10997.62795741596
2021-11-23 20:00:00,11132.0,10980.750376544915
2021-11-23 21:00:00,10858.0,10800.237386628238
2021-11-23 22:00:00,11122.5,10885.576640107258
2021-11-23 23:00:00,11111.0,11051.357914742857
2021-11-24 00:00:00,11108.0,11026.297085214905
2021-11-24 01:00:00,11100.0,11041.25989836352
2021-11-24 02:00:00,11100.0,11027.587321018733
2021-11-24 03:00:00,11100.0,10957.32450500664
2021-11-24 04:00:00,11100.0,10728.30183949836
2021-11-24 05:00:00,10990.0,11233.209846340851
2021-11-24 06:00:00,11164.0,11104.784392972715
2021-11-24 07:00:00,11093.0,11122.349262828899
2021-11-24 08:00:00,11113.0,11057.519052907599
2021-11-24 09:00:00,11142.0,11057.888197116454
2021-11-24 10:00:00,11109.0,11055.205136540439
2021-11-24 11:00:00,11075.0,10999.270880198
2021-11-24 12:00:00,11093.0,10969.150800878584
2021-11-24 13:00:00,11228.0,11203.350481537638
2021-11-24 14:00:00,11399.0,11383.160802388062
2021-11-24 15:00:00,11562.0,11451.030963345827
2021-11-24 16:00:00,11577.0,11490.354334774354
2021-11-24 17:00:00,11579.0,11477.127570242696
2021-11-24 18:00:00,11279.0,11280.66305971935
2021-11-24 19:00:00,10890.0,10674.257537442876
2021-11-24 20:00:00,11004.0,10760.946901085234
2021-11-24 21:00:00,10745.0,10673.867512920498
2021-11-24 22:00:00,10317.0,10746.792430057256
2021-11-24 23:00:00,11160.5,10769.160463708315
2021-11-25 00:00:00,11217.0,11044.766812992159
2021-11-25 01:00:00,11246.0,11130.833484064262
2021-11-25 02:00:00,11271.5,11113.343870681418
2021-11-25 03:00:00,11271.5,11016.60746924624
2021-11-25 04:00:00,10870.0,10872.34634832273
2021-11-25 05:00:00,11290.0,11040.53695461198
2021-11-25 06:00:00,11503.0,11324.113204801894
2021-11-25 07:00:00,11361.0,11337.934267036662
2021-11-25 08:00:00,11312.0,11194.400032582671
2021-11-25 09:00:00,11303.0,11190.907111754665
2021-11-25 10:00:00,11332.0,11174.633081605696
2021-11-25 11:00:00,11206.0,11178.375344508131
2021-11-25 12:00:00,11264.0,11126.414127486383
2021-11-25 13:00:00,11418.0,11271.325750124039
2021-11-25 14:00:00,11581.0,11456.933599865757
2021-11-25 15:00:00,11575.0,11557.22924787289
2021-11-25 16:00:00,11494.0,11495.597157944308
2021-11-25 17:00:00,11532.0,11390.251862062563
2021-11-25 18:00:00,11309.0,11237.094719580637
2021-11-25 19:00:00,10869.0,10713.84233693808
2021-11-25 20:00:00,10972.0,10814.208395341528
2021-11-25 21:00:00,10726.0,10681.3886722041
2021-11-25 22:00:00,11286.5,10501.878972068898
2021-11-25 23:00:00,11286.5,11124.002912798433
2021-11-26 00:00:00,11363.5,11131.903692138332
2021-11-26 01:00:00,11456.0,11199.448412186468
2021-11-26 02:00:00,11513.0,11270.797188232891
2021-11-26 03:00:00,11513.0,11252.30865388243
2021-11-26 04:00:00,11140.0,11057.655333591796
2021-11-26 05:00:00,11578.0,11315.394457564813
2021-11-26 06:00:00,11721.0,11560.757461784711
2021-11-26 07:00:00,11547.0,11515.724520737453
2021-11-26 08:00:00,11667.0,11405.509163855397
2021-11-26 09:00:00,11728.0,11460.506064733523
2021-11-26 10:00:00,11701.0,11494.597168118757
2021-11-26 11:00:00,11590.0,11464.487301916037
2021-11-26 12:00:00,11544.0,11418.101207953645
2021-11-26 13:00:00,11621.0,11515.913180300926
2021-11-26 14:00:00,11773.0,11629.735849533523
2021-11-26 15:00:00,11793.0,11683.382029301569
2021-11-26 16:00:00,11825.0,11642.318803569804
2021-11-26 17:00:00,12004.0,11607.4670410789
2021-11-26 18:00:00,11933.0,11575.813395170286
2021-11-26 19:00:00,11529.0,11217.004514978851
2021-11-26 20:00:00,11612.0,11293.175386845618
2021-11-26 21:00:00,11461.0,11113.860449049986
2021-11-26 22:00:00,11064.0,10865.848194917398
2021-11-26 23:00:00,11562.5,10640.409287924625
2021-11-27 00:00:00,11562.5,11255.832011200517
2021-11-27 01:00:00,11596.5,11291.888860872436
2021-11-27 02:00:00,11596.5,11313.583039075787
2021-11-27 03:00:00,10778.0,11236.677427460065
2021-11-27 04:00:00,11049.0,10353.15409914735
2021-11-27 05:00:00,11214.0,10894.587869731302
2021-11-27 06:00:00,11522.0,11242.160862563403
2021-11-27 07:00:00,11581.0,11370.9147324133
2021-11-27 08:00:00,11749.0,11403.202258694244
2021-11-27 09:00:00,11760.0,11543.766599990433
2021-11-27 10:00:00,11751.0,11529.497647092841
2021-11-27 11:00:00,11717.0,11506.32623384802
2021-11-27 12:00:00,11707.0,11506.527450729747
2021-11-27 13:00:00,12001.0,11661.153513723288
2021-11-27 14:00:00,12377.0,11942.236778579001
2021-11-27 15:00:00,12530.0,12214.255024642885
2021-11-27 16:00:00,12508.0,12275.941496908315
2021-11-27 17:00:00,12442.0,12215.440992647813
2021-11-27 18:00:00,12070.0,11923.238000160633
2021-11-27 19:00:00,11586.0,11343.797271045187
2021-11-27 20:00:00,11728.0,11442.618588561054
2021-11-27 21:00:00,11636.0,11386.08628279733
2021-11-27 22:00:00,11303.0,11121.523684832388
2021-11-27 23:00:00,11009.0,10911.537421064304
2021-11-28 00:00:00,10849.0,10716.985701816495
2021-11-28 01:00:00,10756.0,10686.40491061446
2021-11-28 02:00:00,10729.0,10631.248271513587
2021-11-28 03:00:00,10825.0,10607.102553311768
2021-11-28 04:00:00,10972.0,10603.97402154265
2021-11-28 05:00:00,11070.0,10888.4111904936
2021-11-28 06:00:00,11315.0,11111.198925989773
2021-11-28 07:00:00,11448.0,11272.765979084148
2021-11-28 08:00:00,11716.0,11346.534916199587
2021-11-28 09:00:00,11834.0,11549.421229343496
2021-11-28 10:00:00,11792.0,11590.591111634365
2021-11-28 11:00:00,11775.0,11558.206918596032
2021-11-28 12:00:00,11748.0,11547.793852783729
2021-11-28 13:00:00,11948.0,11675.807787502546
2021-11-28 14:00:00,12244.0,11931.993486285082
2021-11-28 15:00:00,12247.0,12176.669164415342
2021-11-28 16:00:00,12352.0,12088.192227450498
2021-11-28 17:00:00,12345.0,12139.305256012416
2021-11-28 18:00:00,12089.0,11922.827739810542
2021-11-28 19:00:00,11691.0,11418.53936122628
2021-11-28 20:00:00,11931.0,11612.636814330977
2021-11-28 21:00:00,11848.0,11662.731815548968
2021-11-28 22:00:00,11510.0,11300.430681752667
2021-11-28 23:00:00,12018.5,11166.310905559589
2021-11-29 00:00:00,12145.5,11870.152368027862
2021-11-29 01:00:00,12223.0,12005.887097044926
2021-11-29 02:00:00,12245.5,12020.13805198223
2021-11-29 03:00:00,12296.0,12031.050314387632
2021-11-29 04:00:00,12202.0,12196.652349988632
2021-11-29 05:00:00,12646.0,12315.607598645562
2021-11-29 06:00:00,12836.0,12509.492764581164
2021-11-29 07:00:00,12768.0,12512.971823215192
2021-11-29 08:00:00,12701.0,12430.778407465696
2021-11-29 09:00:00,12676.0,12400.885815573398
2021-11-29 10:00:00,12733.0,12354.630914269357
2021-11-29 11:00:00,12701.0,12428.531371678975
2021-11-29 12:00:00,12631.0,12396.272796813624
2021-11-29 13:00:00,12812.0,12408.64028806807
2021-11-29 14:00:00,12821.0,12666.129840232687
2021-11-29 15:00:00,12717.0,12642.258483065047
2021-11-29 16:00:00,12629.0,12540.50622994535
2021-11-29 17:00:00,12636.0,12467.543758643184
2021-11-29 18:00:00,12391.0,12237.409080567748
2021-11-29 19:00:00,12630.0,11777.899739671591
2021-11-29 20:00:00,12255.0,12282.85250502505
2021-11-29 21:00:00,12071.0,11883.040664756874
2021-11-29 22:00:00,12630.0,11806.063059993652
2021-11-29 23:00:00,12630.0,12265.330570850134
2021-11-30 00:00:00,12630.0,12285.152677236447
2021-11-30 01:00:00,12632.5,12310.48877752906
2021-11-30 02:00:00,12632.5,12285.826083519345
2021-11-30 03:00:00,12632.5,12250.789863960785
2021-11-30 04:00:00,12581.0,12131.247265207276
2021-11-30 05:00:00,12854.0,12440.403775770545
2021-11-30 06:00:00,13083.0,12624.083983854123
2021-11-30 07:00:00,13057.0,12649.482304553067
2021-11-30 08:00:00,13046.0,12621.052281396262
2021-11-30 09:00:00,13037.0,12632.403360617793
2021-11-30 10:00:00,13107.0,12638.175396990122
2021-11-30 11:00:00,12960.0,12691.438366121421
2021-11-30 12:00:00,12895.0,12557.640663184724
2021-11-30 13:00:00,13073.0,12619.040996572467
2021-11-30 14:00:00,13144.0,12882.984717545649
2021-11-30 15:00:00,13114.0,12886.096891599813
2021-11-30 16:00:00,13001.0,12829.369780585024
2021-11-30 17:00:00,13108.0,12765.673628962424
2021-11-30 18:00:00,12905.0,12599.709347348096
2021-11-30 19:00:00,12414.0,12198.188408286664
2021-11-30 20:00:00,12448.0,12161.644976265849
2021-11-30 21:00:00,12802.0,12027.793495312393
2021-11-30 22:00:00,12797.5,12434.366619649414
2021-11-30 23:00:00,12790.0,12433.93540637671
2021-12-01 00:00:00,12777.0,12493.577511075096
2021-12-01 01:00:00,12761.5,12471.784346672846
2021-12-01 02:00:00,12761.5,12468.500563674677
2021-12-01 03:00:00,12761.5,12441.64272536261
2021-12-01 04:00:00,12308.0,12274.329099352577
2021-12-01 05:00:00,12767.0,12396.884753481816
2021-12-01 06:00:00,12917.0,12650.030844387762
2021-12-01 07:00:00,12802.0,12649.644256813464
2021-12-01 08:00:00,12802.0,12556.276404535023
2021-12-01 09:00:00,12793.0,12568.821523304305
2021-12-01 10:00:00,12787.0,12564.249286645678
2021-12-01 11:00:00,12730.0,12511.220811124284
2021-12-01 12:00:00,12756.0,12492.856940406935
2021-12-01 13:00:00,12844.0,12666.06997867376
2021-12-01 14:00:00,13029.0,12770.145794746906
2021-12-01 15:00:00,13083.0,12865.089030506979
2021-12-01 16:00:00,13132.0,12822.446898122114
2021-12-01 17:00:00,13204.0,12865.10614445201
2021-12-01 18:00:00,12979.0,12667.131645957968
2021-12-01 19:00:00,12515.0,12276.097131766342
2021-12-01 20:00:00,12521.0,12224.903330398058
2021-12-01 21:00:00,12216.0,12200.16414851802
2021-12-01 22:00:00,12771.5,11933.28302630356
2021-12-01 23:00:00,12800.0,12395.550309682028
2021-12-02 00:00:00,12853.0,12547.460258514107
2021-12-02 01:00:00,12854.5,12584.715179331712
2021-12-02 02:00:00,12870.5,12563.36672431841
2021-12-02 03:00:00,12870.5,12532.529567112982
2021-12-02 04:00:00,12500.0,12305.021718121576
2021-12-02 05:00:00,12962.0,12530.139773416384
2021-12-02 06:00:00,13149.0,12780.342973781437
2021-12-02 07:00:00,13061.0,12779.355244607274
2021-12-02 08:00:00,12975.0,12697.686903601072
2021-12-02 09:00:00,12892.0,12699.894103677618
2021-12-02 10:00:00,12879.0,12541.436317640035
2021-12-02 11:00:00,12862.0,12522.149075712203
2021-12-02 12:00:00,12847.0,12540.42984531154
2021-12-02 13:00:00,12998.0,12676.188484089853
2021-12-02 14:00:00,12976.0,12898.458626725345
2021-12-02 15:00:00,12942.0,12869.219363661434
2021-12-02 16:00:00,12878.0,12756.42077150249
2021-12-02 17:00:00,12890.0,12675.73801883369
2021-12-02 18:00:00,12937.0,12493.659846022587
2021-12-02 19:00:00,12550.0,12226.768262113495
2021-12-02 20:00:00,12654.0,12237.98084678509
2021-12-02 21:00:00,12457.0,12163.912634978306
2021-12-02 22:00:00,12870.0,12219.383282793207
2021-12-02 23:00:00,12870.0,12536.081389346371
2021-12-03 00:00:00,12884.0,12563.077250860999
2021-12-03 01:00:00,12913.5,12573.753986946176
2021-12-03 02:00:00,12913.5,12632.511381932874
2021-12-03 03:00:00,12913.5,12598.583629920708
2021-12-03 04:00:00,12777.0,12441.085660444325
2021-12-03 05:00:00,13230.0,12704.20212882488
2021-12-03 06:00:00,13404.0,12986.007844274653
2021-12-03 07:00:00,13223.0,12992.507851732566
2021-12-03 08:00:00,13200.0,12823.627179299367
2021-12-03 09:00:00,13111.0,12823.618579375912
2021-12-03 10:00:00,13083.0,12774.891883882077
2021-12-03 11:00:00,12991.0,12697.516746955964
2021-12-03 12:00:00,12954.0,12705.444612250096
2021-12-03 13:00:00,13106.0,12781.835484589037
2021-12-03 14:00:00,13247.0,12934.7433698124
2021-12-03 15:00:00,13173.0,12944.487827406998
2021-12-03 16:00:00,13076.0,12893.197394847011
2021-12-03 17:00:00,13041.0,12749.932689899713
2021-12-03 18:00:00,12809.0,12542.902041527494
2021-12-03 19:00:00,12336.0,12167.235256530039
2021-12-03 20:00:00,12388.0,12137.999132718614
2021-12-03 21:00:00,12140.0,11994.073384959715
2021-12-03 22:00:00,12281.5,11678.089091539809
2021-12-03 23:00:00,12281.5,11929.840350721792
2021-12-04 00:00:00,12281.5,12056.866825654024
2021-12-04 01:00:00,12281.5,12061.166774220384
2021-12-04 02:00:00,12281.5,12047.301345747876
2021-12-04 03:00:00,12281.5,11951.243015631833
2021-12-04 04:00:00,11489.0,11944.494244386762
2021-12-04 05:00:00,11643.0,11460.368576913235
2021-12-04 06:00:00,11972.0,11774.048392213093
2021-12-04 07:00:00,12157.0,11888.352925253957
2021-12-04 08:00:00,12246.0,12014.919385005569
2021-12-04 09:00:00,12317.0,12078.725496223406
2021-12-04 10:00:00,12374.0,12094.562190316386
2021-12-04 11:00:00,12333.0,12113.945988537627
2021-12-04 12:00:00,12386.0,12124.305225324435
2021-12-04 13:00:00,12751.0,12350.459800301725
2021-12-04 14:00:00,13129.0,12621.826113175688
2021-12-04 15:00:00,13313.0,12822.556146605746
2021-12-04 16:00:00,13409.0,12879.422681357668
2021-12-04 17:00:00,13324.0,12917.359178031318
2021-12-04 18:00:00,13054.0,12717.869144871052
2021-12-04 19:00:00,12674.0,12191.070448572707
2021-12-04 20:00:00,12925.0,12346.390502437522
2021-12-04 21:00:00,12713.0,12361.85460337582
2021-12-04 22:00:00,12343.0,12022.812487048253
2021-12-04 23:00:00,12078.0,11815.461121392462
2021-12-05 00:00:00,11901.0,11621.886659581673
2021-12-05 01:00:00,11842.0,11544.8759468152
2021-12-05 02:00:00,11872.0,11538.473883333978
2021-12-05 03:00:00,12112.0,11577.320767109635
2021-12-05 04:00:00,12311.0,11766.346311097288
2021-12-05 05:00:00,12322.0,11964.284530420144
2021-12-05 06:00:00,12693.0,12120.491573488374
2021-12-05 07:00:00,12852.0,12379.244983678584
2021-12-05 08:00:00,13168.0,12481.49825296671
2021-12-05 09:00:00,13241.0,12747.78582676409
2021-12-05 10:00:00,13178.0,12736.039570719737
2021-12-05 11:00:00,13135.0,12712.339316527266
2021-12-05 12:00:00,13170.0,12696.654958758001
2021-12-05 13:00:00,13345.0,12905.234767154476
2021-12-05 14:00:00,13633.0,13177.133435070651
2021-12-05 15:00:00,13651.0,13375.16871807548
2021-12-05 16:00:00,13685.0,13338.337810800038
2021-12-05 17:00:00,13600.0,13280.245028386287
2021-12-05 18:00:00,13409.0,13118.211303330934
2021-12-05 19:00:00,13093.0,12638.0174778693
2021-12-05 20:00:00,13253.0,12796.100203689832
2021-12-05 21:00:00,13206.0,12757.48349059373
2021-12-05 22:00:00,12927.0,12506.233621355113
2021-12-05 23:00:00,12612.0,12403.973255463283
2021-12-06 00:00:00,12432.0,12370.324869665516
2021-12-06 01:00:00,12352.0,12334.467816631719
2021-12-06 02:00:00,12357.0,12304.71582214172
2021-12-06 03:00:00,12489.0,12345.74983691292
2021-12-06 04:00:00,12657.0,12716.970695691805
2021-12-06 05:00:00,12558.0,12827.188281450624
2021-12-06 06:00:00,12554.0,12717.32427952891
2021-12-06 07:00:00,12683.0,12500.956925847697
2021-12-06 08:00:00,12848.0,12579.665153316233
2021-12-06 09:00:00,12925.0,12666.109371095326
2021-12-06 10:00:00,12898.0,12688.014324155674
2021-12-06 11:00:00,12855.0,12629.217879111937
2021-12-06 12:00:00,12799.0,12623.953100748888
2021-12-06 13:00:00,13004.0,12738.289141744732
2021-12-06 14:00:00,13255.0,12936.586442684467
2021-12-06 15:00:00,13303.0,12980.593877095915
2021-12-06 16:00:00,13292.0,13028.59794499015
2021-12-06 17:00:00,13206.0,12977.370514882004
2021-12-06 18:00:00,12986.0,12709.606201781775
2021-12-06 19:00:00,12681.0,12392.503390068454
2021-12-06 20:00:00,12969.0,12473.132537440131
2021-12-06 21:00:00,12870.0,12520.770587658271
2021-12-06 22:00:00,12550.0,12519.977926704169
2021-12-06 23:00:00,12995.0,12256.02805133962
2021-12-07 00:00:00,13105.0,12707.850427388621
2021-12-07 01:00:00,13230.5,12773.95053147611
2021-12-07 02:00:00,13273.5,12790.095597284164
2021-12-07 03:00:00,12714.0,12790.30020191909
2021-12-07 04:00:00,13461.0,12258.230039066177
2021-12-07 05:00:00,13568.0,13109.275844734184
2021-12-07 06:00:00,13778.0,13250.981698996673
2021-12-07 07:00:00,13634.0,13177.189627589847
2021-12-07 08:00:00,13565.0,13196.527679970513
2021-12-07 09:00:00,13582.0,13195.96326001215
2021-12-07 10:00:00,13527.0,13189.965295652166
2021-12-07 11:00:00,13452.0,13181.561903793843
2021-12-07 12:00:00,13498.0,13008.009159428522
2021-12-07 13:00:00,13744.0,13246.893485120712
2021-12-07 14:00:00,13873.0,13351.31199222722
2021-12-07 15:00:00,13875.0,13469.564312636068
2021-12-07 16:00:00,13842.0,13506.987384723318
2021-12-07 17:00:00,13777.0,13435.627974807645
2021-12-07 18:00:00,13625.0,13138.380538516856
2021-12-07 19:00:00,13360.0,12860.349906297959
2021-12-07 20:00:00,13581.0,13017.283782775217
2021-12-07 21:00:00,13391.0,13103.119640769923
2021-12-07 22:00:00,13029.0,12920.47580218476
2021-12-07 23:00:00,13603.0,12694.40482049842
2021-12-08 00:00:00,13653.0,13149.249885881989
2021-12-08 01:00:00,13712.5,13150.673155636037
2021-12-08 02:00:00,13729.0,13134.978579300327
2021-12-08 03:00:00,13729.0,13084.80883889152
2021-12-08 04:00:00,13479.0,13015.341830885342
2021-12-08 05:00:00,13681.0,13180.543984470722
2021-12-08 06:00:00,14038.0,13290.318117828972
2021-12-08 07:00:00,14004.0,13468.153085118318
2021-12-08 08:00:00,13933.0,13460.795130765415
2021-12-08 09:00:00,13930.0,13520.515953793101
2021-12-08 10:00:00,13889.0,13495.954367516499
2021-12-08 11:00:00,13827.0,13471.954874509247
2021-12-08 12:00:00,13896.0,13338.512394549412
2021-12-08 13:00:00,14009.0,13614.613522218555
2021-12-08 14:00:00,14135.0,13640.978669702126
2021-12-08 15:00:00,14175.0,13611.423926277765
2021-12-08 16:00:00,14162.0,13589.843816623343
2021-12-08 17:00:00,14154.0,13610.075207063193
2021-12-08 18:00:00,13927.0,13468.987943410344
2021-12-08 19:00:00,13616.0,13140.427638521956
2021-12-08 20:00:00,13581.0,13164.024856850396
2021-12-08 21:00:00,13441.0,13073.541988034414
2021-12-08 22:00:00,13034.0,12956.966655486047
2021-12-08 23:00:00,13616.0,12772.615978626205
2021-12-09 00:00:00,13598.5,13234.440559086814
2021-12-09 01:00:00,13559.5,13248.458358415459
2021-12-09 02:00:00,13559.5,13216.983588866604
2021-12-09 03:00:00,12852.0,13215.86366030693
2021-12-09 04:00:00,13458.0,12626.826798731592
2021-12-09 05:00:00,13616.0,13194.779278955612
2021-12-09 06:00:00,13820.0,13385.794206997574
2021-12-09 07:00:00,13763.0,13344.66579126891
2021-12-09 08:00:00,13648.0,13320.625946500259
2021-12-09 09:00:00,13538.0,13328.55643534531
2021-12-09 10:00:00,13528.0,13248.860435968503
2021-12-09 11:00:00,13378.0,13232.148847577024
2021-12-09 12:00:00,13400.0,13016.483876106808
2021-12-09 13:00:00,13607.0,13170.014216630852
2021-12-09 14:00:00,13591.0,13378.67030516488
2021-12-09 15:00:00,13490.0,13336.379450397078
2021-12-09 16:00:00,13373.0,13208.445048699872
2021-12-09 17:00:00,13397.0,13097.618220833358
2021-12-09 18:00:00,13130.0,12900.927765596205
2021-12-09 19:00:00,12726.0,12463.662488333084
2021-12-09 20:00:00,12763.0,12533.997281064774
2021-12-09 21:00:00,12541.0,12471.00357873928
2021-12-09 22:00:00,13087.5,12350.249627424011
2021-12-09 23:00:00,13026.5,12773.294703476371
2021-12-10 00:00:00,12990.0,12794.136842354688
2021-12-10 01:00:00,12957.5,12799.438201226065
2021-12-10 02:00:00,12957.5,12677.356690016017
2021-12-10 03:00:00,12957.5,12559.309924226678
2021-12-10 04:00:00,12839.0,12704.794201418037
2021-12-10 05:00:00,13173.0,12857.399958124617
2021-12-10 06:00:00,13345.0,13057.293730300851
2021-12-10 07:00:00,13187.0,13047.166508280035
2021-12-10 08:00:00,13008.0,12884.587045309574
2021-12-10 09:00:00,13045.0,12775.12442054472
2021-12-10 10:00:00,12972.0,12768.96495753481
2021-12-10 11:00:00,12943.0,12752.71925929893
2021-12-10 12:00:00,12940.0,12674.939363081925
2021-12-10 13:00:00,13028.0,12770.50203028229
2021-12-10 14:00:00,13049.0,12915.750527846474
2021-12-10 15:00:00,13001.0,12880.627493658087
2021-12-10 16:00:00,12904.0,12835.345703586583
2021-12-10 17:00:00,12789.0,12640.860454972175
2021-12-10 18:00:00,12556.0,12389.191377839408
2021-12-10 19:00:00,12147.0,11974.448341691434
2021-12-10 20:00:00,12208.0,11992.059119725183
2021-12-10 21:00:00,11946.0,11807.806418729782
2021-12-10 22:00:00,11445.0,11634.64713530513
2021-12-10 23:00:00,11545.5,11362.92568863201
2021-12-11 00:00:00,11538.0,11663.99711902437
2021-12-11 01:00:00,11538.0,11567.925337296865
2021-12-11 02:00:00,11538.0,11542.293943535793
2021-12-11 03:00:00,11538.0,11504.692582565567
2021-12-11 04:00:00,11068.0,11339.048761170947
2021-12-11 05:00:00,11145.0,11109.580782218854
2021-12-11 06:00:00,11441.0,11369.747973628388
2021-12-11 07:00:00,11469.0,11467.540022134259
2021-12-11 08:00:00,11428.0,11440.175269798368
2021-12-11 09:00:00,11530.0,11414.386442187659
2021-12-11 10:00:00,11561.0,11462.64451234412
2021-12-11 11:00:00,11546.0,11471.62376282892
2021-12-11 12:00:00,11579.0,11478.602997252028
2021-12-11 13:00:00,11848.0,11732.797041486374
2021-12-11 14:00:00,11990.0,11988.697643695124
2021-12-11 15:00:00,12063.0,11970.718908777286
2021-12-11 16:00:00,12071.0,11943.365997201656
2021-12-11 17:00:00,11813.0,11862.730267443021
2021-12-11 18:00:00,11630.0,11592.990637766616
2021-12-11 19:00:00,11244.0,11173.146903946274
2021-12-11 20:00:00,11374.0,11349.927613017318
2021-12-11 21:00:00,11223.0,11202.538479617153
2021-12-11 22:00:00,10851.0,10787.016448739261
2021-12-11 23:00:00,10538.0,10636.118622281141
2021-12-12 00:00:00,10288.0,10309.213057454439
2021-12-12 01:00:00,10118.0,10183.338441445392
2021-12-12 02:00:00,10084.0,10181.042951044057
2021-12-12 03:00:00,10127.0,10173.837468881458
2021-12-12 04:00:00,10302.0,10170.104152531138
2021-12-12 05:00:00,10355.0,10346.864764242437
2021-12-12 06:00:00,10671.0,10561.915958639567
2021-12-12 07:00:00,10735.0,10788.843780014467
2021-12-12 08:00:00,10819.0,10858.148445302682
2021-12-12 09:00:00,10909.0,10916.093347925651
2021-12-12 10:00:00,11009.0,10949.009119050994
2021-12-12 11:00:00,10951.0,10984.924244563485
2021-12-12 12:00:00,10978.0,10993.207268264916
2021-12-12 13:00:00,11215.0,11205.372171645005
2021-12-12 14:00:00,11331.0,11423.53812613969
2021-12-12 15:00:00,11403.0,11407.773000138704
2021-12-12 16:00:00,11374.0,11358.511498233736
2021-12-12 17:00:00,11374.0,11324.120507432302
2021-12-12 18:00:00,11098.0,11115.65325498992
2021-12-12 19:00:00,10780.0,10691.509779592558
2021-12-12 20:00:00,11037.0,10926.302161066007
2021-12-12 21:00:00,10944.0,10882.47931370984
2021-12-12 22:00:00,10568.0,10606.984143405462
2021-12-12 23:00:00,11156.5,10565.997765701934
2021-12-13 00:00:00,11252.0,10990.454073102392
2021-12-13 01:00:00,11310.0,11114.810964280516
2021-12-13 02:00:00,11352.5,11168.081792099869
2021-12-13 03:00:00,11374.0,11082.334119281615
2021-12-13 04:00:00,11289.0,11257.939567134523
2021-12-13 05:00:00,11748.0,11545.80207796302
2021-12-13 06:00:00,11892.0,11712.943532442981
2021-12-13 07:00:00,11888.0,11690.046340060391
2021-12-13 08:00:00,11800.0,11647.780458672181
2021-12-13 09:00:00,11742.0,11579.445598101245
2021-12-13 10:00:00,11740.0,11533.044445946673
2021-12-13 11:00:00,11701.0,11502.940210245702
2021-12-13 12:00:00,11752.0,11506.236866180225
2021-12-13 13:00:00,11875.0,11675.60663060704
2021-12-13 14:00:00,11863.0,11762.861514046708
2021-12-13 15:00:00,11761.0,11718.631850691954
2021-12-13 16:00:00,11656.0,11613.663881130195
2021-12-13 17:00:00,11612.0,11552.134479235225
2021-12-13 18:00:00,11479.0,11343.103443058937
2021-12-13 19:00:00,11109.0,10954.958055872616
2021-12-13 20:00:00,11187.0,11120.10969377783
2021-12-13 21:00:00,10936.0,10946.586284584882
2021-12-13 22:00:00,11290.0,10848.870359080285
2021-12-13 23:00:00,11282.0,11163.023854725383
2021-12-14 00:00:00,11253.5,11103.405311994344
2021-12-14 01:00:00,11241.5,11139.506878759212
2021-12-14 02:00:00,11241.5,11103.331053717096
2021-12-14 03:00:00,11241.5,10965.768489711285
2021-12-14 04:00:00,10812.0,10849.101404477173
2021-12-14 05:00:00,11222.0,11125.850518642226
2021-12-14 06:00:00,11458.0,11375.049203494504
2021-12-14 07:00:00,11387.0,11344.080913356132
2021-12-14 08:00:00,11289.0,11245.668280299677
2021-12-14 09:00:00,11291.0,11226.009999242417
2021-12-14 10:00:00,11275.0,11220.337401644541
2021-12-14 11:00:00,11232.0,11184.387501107998
2021-12-14 12:00:00,11251.0,11206.123569741161
2021-12-14 13:00:00,11493.0,11376.163396155422
2021-12-14 14:00:00,11437.0,11489.88666506988
2021-12-14 15:00:00,11443.0,11426.232332564401
2021-12-14 16:00:00,11373.0,11372.476447891908
2021-12-14 17:00:00,11488.0,11301.711331922757
2021-12-14 18:00:00,11390.0,11182.671460651196
2021-12-14 19:00:00,10990.0,10740.610571196961
2021-12-14 20:00:00,11042.0,10949.649601613033
2021-12-14 21:00:00,10728.0,10725.501200035591
2021-12-14 22:00:00,11256.0,10817.690826403756
2021-12-14 23:00:00,11256.0,11092.394647881612
2021-12-15 00:00:00,11303.0,11183.86889421268
2021-12-15 01:00:00,11350.5,11219.631779201967
2021-12-15 02:00:00,11350.5,11218.377988307166
2021-12-15 03:00:00,11350.5,11153.748537700456
2021-12-15 04:00:00,10898.0,10851.344189991149
2021-12-15 05:00:00,11261.0,11148.947083175353
2021-12-15 06:00:00,11514.0,11344.085875536786
2021-12-15 07:00:00,11501.0,11395.798505853765
2021-12-15 08:00:00,11391.0,11331.581890146379
2021-12-15 09:00:00,11345.0,11267.686548058484
2021-12-15 10:00:00,11404.0,11244.295463971232
2021-12-15 11:00:00,11356.0,11287.554344489145
2021-12-15 12:00:00,11390.0,11250.298436280946
2021-12-15 13:00:00,11617.0,11413.18630734182
2021-12-15 14:00:00,11614.0,11589.031500733821
2021-12-15 15:00:00,11666.0,11544.127649477756
2021-12-15 16:00:00,11684.0,11521.010536593778
2021-12-15 17:00:00,11537.0,11548.86173502871
2021-12-15 18:00:00,11300.0,11290.39403953591
2021-12-15 19:00:00,10849.0,10764.784845567583
2021-12-15 20:00:00,10910.0,10901.747012582528
2021-12-15 21:00:00,10676.0,10663.635093278635
2021-12-15 22:00:00,11308.5,10836.387329417174
2021-12-15 23:00:00,11288.5,11155.915636424912
2021-12-16 00:00:00,11285.5,11206.25650653064
2021-12-16 01:00:00,11284.0,11234.616855833183
2021-12-16 02:00:00,11284.0,11218.601776565483
2021-12-16 03:00:00,11284.0,11127.682560262629
2021-12-16 04:00:00,10743.0,10871.095690727143
2021-12-16 05:00:00,11202.0,11091.84363548239
2021-12-16 06:00:00,11497.0,11326.798922316315
2021-12-16 07:00:00,11428.0,11358.307809346044
2021-12-16 08:00:00,11338.0,11318.447178479662
2021-12-16 09:00:00,11317.0,11262.003223394453
2021-12-16 10:00:00,11277.0,11243.139309828211
2021-12-16 11:00:00,11294.0,11200.883450221387
2021-12-16 12:00:00,11291.0,11246.0930444211
2021-12-16 13:00:00,11451.0,11426.232641016979
2021-12-16 14:00:00,11568.0,11503.325140628116
2021-12-16 15:00:00,11630.0,11538.053221289343
2021-12-16 16:00:00,11572.0,11540.086531189892
2021-12-16 17:00:00,11576.0,11461.572749666746
2021-12-16 18:00:00,11509.0,11302.826491412401
2021-12-16 19:00:00,11074.0,10877.91112094614
2021-12-16 20:00:00,11148.0,10942.7281257994
2021-12-16 21:00:00,10886.0,10810.469268160292
2021-12-16 22:00:00,10492.0,10854.583520116239
2021-12-16 23:00:00,11372.5,10895.16489314942
2021-12-17 00:00:00,11420.5,11291.246994765534
2021-12-17 01:00:00,11420.5,11354.179305712316
2021-12-17 02:00:00,11441.0,11338.002898582528
2021-12-17 03:00:00,11441.0,11278.192609978276
2021-12-17 04:00:00,10992.0,11033.024282268398
2021-12-17 05:00:00,11492.0,11293.323424403803
2021-12-17 06:00:00,11800.0,11556.65008664895
2021-12-17 07:00:00,11760.0,11599.198145372684
2021-12-17 08:00:00,11631.0,11552.028929582451
2021-12-17 09:00:00,11611.0,11483.78243099485
2021-12-17 10:00:00,11527.0,11477.646542784818
2021-12-17 11:00:00,11390.0,11400.05147791926
2021-12-17 12:00:00,11371.0,11312.771458614647
2021-12-17 13:00:00,11651.0,11475.140541342314
2021-12-17 14:00:00,11730.0,11669.556661537705
2021-12-17 15:00:00,11666.0,11669.018636144805
2021-12-17 16:00:00,11638.0,11598.43428225485
2021-12-17 17:00:00,11665.0,11563.401106856978
2021-12-17 18:00:00,11565.0,11346.47753593093
2021-12-17 19:00:00,11132.0,10971.372743280659
2021-12-17 20:00:00,11204.0,11053.956630685185
2021-12-17 21:00:00,10965.0,10835.216984857427
2021-12-17 22:00:00,10459.0,10454.608795524171
2021-12-17 23:00:00,10124.0,10281.594650880197
2021-12-18 00:00:00,10709.5,10314.6890338503
2021-12-18 01:00:00,10709.5,10618.290350730955
2021-12-18 02:00:00,10709.5,10576.527508766476
2021-12-18 03:00:00,10709.5,10482.27057280114
2021-12-18 04:00:00,10144.0,10322.49000669504
2021-12-18 05:00:00,10247.0,10206.909707599782
2021-12-18 06:00:00,10498.0,10449.395506742081
2021-12-18 07:00:00,10635.0,10615.373993632316
2021-12-18 08:00:00,10711.0,10660.135215398052
2021-12-18 09:00:00,10701.0,10739.83772434761
2021-12-18 10:00:00,10708.0,10694.787896220061
2021-12-18 11:00:00,10722.0,10688.043693518288
2021-12-18 12:00:00,10772.0,10713.292371916818
2021-12-18 13:00:00,11075.0,10983.097931150924
2021-12-18 14:00:00,11276.0,11200.187277155866
2021-12-18 15:00:00,11439.0,11304.928377516853
2021-12-18 16:00:00,11531.0,11339.660079760777
2021-12-18 17:00:00,11414.0,11376.452804171662
2021-12-18 18:00:00,11061.0,11115.93670214661
2021-12-18 19:00:00,10596.0,10625.002251843307
2021-12-18 20:00:00,10755.0,10690.724320332916
2021-12-18 21:00:00,10566.0,10606.002031636748
2021-12-18 22:00:00,10259.0,10150.675999844818
2021-12-18 23:00:00,9920.0,10066.263611558588
2021-12-19 00:00:00,9684.0,9739.420868081721
2021-12-19 01:00:00,9584.0,9655.878473770072
2021-12-19 02:00:00,9573.0,9650.077562167666
2021-12-19 03:00:00,9644.0,9645.166098551661
2021-12-19 04:00:00,9845.0,9708.186598268909
2021-12-19 05:00:00,10012.0,9902.105165574943
2021-12-19 06:00:00,10319.0,10181.299312703044
2021-12-19 07:00:00,10467.0,10420.514673103049
2021-12-19 08:00:00,10602.0,10527.528373858666
2021-12-19 09:00:00,10741.0,10621.542557880495
2021-12-19 10:00:00,10807.0,10674.120148366741
2021-12-19 11:00:00,10837.0,10713.727715988578
2021-12-19 12:00:00,10893.0,10752.971324276117
2021-12-19 13:00:00,11102.0,11034.376441318243
2021-12-19 14:00:00,11263.0,11236.845213110515
2021-12-19 15:00:00,11445.0,11272.82441497813
2021-12-19 16:00:00,11604.0,11366.995316321267
2021-12-19 17:00:00,11581.0,11451.014406739941
2021-12-19 18:00:00,11512.0,11274.848027965261
2021-12-19 19:00:00,11253.0,10920.509912309542
2021-12-19 20:00:00,11480.0,11193.497452458574
2021-12-19 21:00:00,11392.0,11193.255599764963
2021-12-19 22:00:00,11069.0,10887.325524358355
2021-12-19 23:00:00,10789.0,10750.886905939717
2021-12-20 00:00:00,11462.5,10815.323850495424
2021-12-20 01:00:00,11496.0,11321.286890308797
2021-12-20 02:00:00,10816.0,11288.749044401955
2021-12-20 03:00:00,11252.0,10603.382749467779
2021-12-20 04:00:00,12061.0,11237.82368771188
2021-12-20 05:00:00,12583.0,12117.324928677983
2021-12-20 06:00:00,12925.0,12373.878695185826
2021-12-20 07:00:00,12900.0,12528.820571179751
2021-12-20 08:00:00,12822.0,12457.149059026422
2021-12-20 09:00:00,12887.0,12456.886565982933
2021-12-20 10:00:00,12797.0,12473.383067152288
2021-12-20 11:00:00,12746.0,12439.300353227503
2021-12-20 12:00:00,12714.0,12434.353072883048
2021-12-20 13:00:00,12921.0,12533.446418880922
2021-12-20 14:00:00,13011.0,12762.29204816942
2021-12-20 15:00:00,12989.0,12801.786880934205
2021-12-20 16:00:00,12922.0,12758.96974739653
2021-12-20 17:00:00,12900.0,12676.061018637902
2021-12-20 18:00:00,12767.0,12426.692947102203
2021-12-20 19:00:00,12341.0,12166.653576628354
2021-12-20 20:00:00,12402.0,12105.313099398732
2021-12-20 21:00:00,12188.0,11966.60841848461
2021-12-20 22:00:00,12756.5,11913.974754311752
2021-12-20 23:00:00,12756.5,12414.238644047084
2021-12-21 00:00:00,12794.5,12384.00446361252
2021-12-21 01:00:00,12861.0,12427.713590785183
2021-12-21 02:00:00,12861.0,12466.982360537733
2021-12-21 03:00:00,12861.0,12483.417512514869
2021-12-21 04:00:00,12342.0,12342.657415116662
2021-12-21 05:00:00,12822.0,12463.299412936249
2021-12-21 06:00:00,13077.0,12659.358866906212
2021-12-21 07:00:00,12998.0,12696.339217708684
2021-12-21 08:00:00,12989.0,12671.973450885012
2021-12-21 09:00:00,12992.0,12696.705839798266
2021-12-21 10:00:00,13013.0,12669.148881831768
2021-12-21 11:00:00,12986.0,12659.556617798047
2021-12-21 12:00:00,12966.0,12648.372769719004
2021-12-21 13:00:00,13084.0,12731.27692754334
2021-12-21 14:00:00,13196.0,12866.54268789494
2021-12-21 15:00:00,13204.0,12970.158178649845
2021-12-21 16:00:00,13175.0,12886.645279991397
2021-12-21 17:00:00,13215.0,12894.301450521793
2021-12-21 18:00:00,13030.0,12640.141411254239
2021-12-21 19:00:00,12631.0,12249.62917734215
2021-12-21 20:00:00,12674.0,12294.758098666876
2021-12-21 21:00:00,12463.0,12178.629689486848
2021-12-21 22:00:00,12985.5,12222.845721345313
2021-12-21 23:00:00,12985.5,12573.669650811127
2021-12-22 00:00:00,12975.5,12708.228217050066
2021-12-22 01:00:00,12971.0,12744.593064461022
2021-12-22 02:00:00,12971.0,12735.198931037201
2021-12-22 03:00:00,12971.0,12709.114225373058
2021-12-22 04:00:00,12583.0,12483.826552083716
2021-12-22 05:00:00,12985.0,12573.185557179168
2021-12-22 06:00:00,13242.0,12849.023458665937
2021-12-22 07:00:00,13170.0,12826.066105156928
2021-12-22 08:00:00,13120.0,12797.825899258376
2021-12-22 09:00:00,13105.0,12773.305163876032
2021-12-22 10:00:00,13061.0,12774.83462172529
2021-12-22 11:00:00,12957.0,12704.702650994812
2021-12-22 12:00:00,12907.0,12626.06634250484
2021-12-22 13:00:00,13028.0,12781.357480411885
2021-12-22 14:00:00,13119.0,12880.569144395658
2021-12-22 15:00:00,13090.0,12910.127565324166
2021-12-22 16:00:00,13052.0,12809.05259132425
2021-12-22 17:00:00,13024.0,12792.376904191273
2021-12-22 18:00:00,12775.0,12605.197724006131
2021-12-22 19:00:00,12456.0,12131.834481452297
2021-12-22 20:00:00,12407.0,12208.297844010405
2021-12-22 21:00:00,12098.0,12085.922855133327
2021-12-22 22:00:00,12134.0,12016.480130816557
2021-12-22 23:00:00,12094.5,12089.65752245596
2021-12-23 00:00:00,12046.5,12104.162924001579
2021-12-23 01:00:00,11941.5,12133.528824237019
2021-12-23 02:00:00,11890.5,11972.56669634301
2021-12-23 03:00:00,11890.5,11940.402714950793
2021-12-23 04:00:00,11457.0,11874.182090282913
2021-12-23 05:00:00,11755.0,11824.825681559436
2021-12-23 06:00:00,12091.0,11994.827785879444
2021-12-23 07:00:00,12170.0,12005.016132441835
2021-12-23 08:00:00,12002.0,12045.983413676306
2021-12-23 09:00:00,11880.0,11877.998462681147
2021-12-23 10:00:00,11881.0,11794.216242439708
2021-12-23 11:00:00,11816.0,11760.843756597806
2021-12-23 12:00:00,11725.0,11725.577948025884
2021-12-23 13:00:00,11900.0,11861.867946885313
2021-12-23 14:00:00,11968.0,12010.54146433007
2021-12-23 15:00:00,11952.0,12004.25759053168
2021-12-23 16:00:00,11949.0,11963.767665391533
2021-12-23 17:00:00,11942.0,11920.208177353075
2021-12-23 18:00:00,11806.0,11715.383082407428
2021-12-23 19:00:00,11435.0,11351.24720093904
2021-12-23 20:00:00,11588.0,11426.223652304765
2021-12-23 21:00:00,11348.0,11302.849519536785
2021-12-23 22:00:00,11656.5,11359.066365092744
2021-12-23 23:00:00,11656.5,11598.974584316173
2021-12-24 00:00:00,11656.5,11535.149118676225
2021-12-24 01:00:00,11695.5,11537.568600403394
2021-12-24 02:00:00,11695.5,11558.173674668089
2021-12-24 03:00:00,11695.5,11523.260325271232
2021-12-24 04:00:00,11695.5,11219.739846235378
2021-12-24 05:00:00,11043.0,11772.710992293029
2021-12-24 06:00:00,11554.0,11272.497375839566
2021-12-24 07:00:00,11807.0,11491.518252902793
2021-12-24 08:00:00,11965.0,11620.69524321446
2021-12-24 09:00:00,12006.0,11731.448868862455
2021-12-24 10:00:00,11925.0,11745.624518464549
2021-12-24 11:00:00,11803.0,11685.805091122847
2021-12-24 12:00:00,11835.0,11610.232746263693
2021-12-24 13:00:00,12032.0,11783.905555002655
2021-12-24 14:00:00,12138.0,11952.129240803446
2021-12-24 15:00:00,12022.0,11996.404620569576
2021-12-24 16:00:00,11902.0,11867.695138265397
2021-12-24 17:00:00,11798.0,11730.066583650412
2021-12-24 18:00:00,11705.0,11492.377411076955
2021-12-24 19:00:00,11534.0,11092.858296844772
2021-12-24 20:00:00,11876.0,11383.77321473369
2021-12-24 21:00:00,11856.0,11367.048990562294
2021-12-24 22:00:00,11574.0,11212.636562914728
2021-12-24 23:00:00,11355.0,11124.197121154502
2021-12-25 00:00:00,11073.0,11194.49197600484
2021-12-25 01:00:00,11624.5,10969.601936218258
2021-12-25 02:00:00,11624.5,11349.590902230846
2021-12-25 03:00:00,11041.0,11285.292268767027
2021-12-25 04:00:00,11071.0,10624.27597926201
2021-12-25 05:00:00,11112.0,10875.830174888531
2021-12-25 06:00:00,11363.0,11140.439264649876
2021-12-25 07:00:00,11491.0,11269.922346372441
2021-12-25 08:00:00,11622.0,11330.262670837754
2021-12-25 09:00:00,11734.0,11434.384929091695
2021-12-25 10:00:00,11730.0,11488.484560240224
2021-12-25 11:00:00,11627.0,11492.794132845356
2021-12-25 12:00:00,11688.0,11455.78565418567
2021-12-25 13:00:00,11870.0,11706.195982994961
2021-12-25 14:00:00,12090.0,11860.878656282546
2021-12-25 15:00:00,12130.0,11985.716165942
2021-12-25 16:00:00,12153.0,12065.81995704276
2021-12-25 17:00:00,12116.0,11994.442826423974
2021-12-25 18:00:00,11936.0,11765.374905302628
2021-12-25 19:00:00,11659.0,11284.82167487701
2021-12-25 20:00:00,11964.0,11533.928404679222
2021-12-25 21:00:00,11875.0,11562.441411211012
2021-12-25 22:00:00,11558.0,11217.273154060675
2021-12-25 23:00:00,11252.0,11027.857809078458
2021-12-26 00:00:00,11151.0,10835.258020680696
2021-12-26 01:00:00,11165.0,10842.856266793999
2021-12-26 02:00:00,11206.0,10914.328792703249
2021-12-26 03:00:00,11296.0,10997.823902151722
2021-12-26 04:00:00,11477.0,10929.708583582076
2021-12-26 05:00:00,11516.0,11277.135677810795
2021-12-26 06:00:00,11860.0,11477.14947068753
2021-12-26 07:00:00,12015.0,11653.72018772603
2021-12-26 08:00:00,12119.0,11823.891542186295
2021-12-26 09:00:00,12226.0,11904.592817842518
2021-12-26 10:00:00,12205.0,11950.993386707838
2021-12-26 11:00:00,12050.0,11915.407991252705
2021-12-26 12:00:00,12072.0,11797.298464225514
2021-12-26 13:00:00,12212.0,12001.070470712684
2021-12-26 14:00:00,12495.0,12169.89731606306
2021-12-26 15:00:00,12550.0,12311.647283759126
2021-12-26 16:00:00,12622.0,12319.686077806982
2021-12-26 17:00:00,12574.0,12316.796606904667
2021-12-26 18:00:00,12384.0,12109.95106753079
2021-12-26 19:00:00,12044.0,11705.907883574186
2021-12-26 20:00:00,12250.0,11932.58368247012
2021-12-26 21:00:00,12150.0,11894.091735451007
2021-12-26 22:00:00,11775.0,11558.826273291132
2021-12-26 23:00:00,12231.0,11413.451394802218
2021-12-27 00:00:00,12317.0,12035.48789578524
2021-12-27 01:00:00,12429.5,12128.335523858665
2021-12-27 02:00:00,12485.0,12239.860175034124
2021-12-27 03:00:00,12512.5,12212.056169650328
2021-12-27 04:00:00,12180.0,12379.927626319164
2021-12-27 05:00:00,12475.0,12413.778745318803
2021-12-27 06:00:00,12795.0,12462.847238924647
2021-12-27 07:00:00,12908.0,12534.050369854851
2021-12-27 08:00:00,12921.0,12579.568050933762
2021-12-27 09:00:00,12944.0,12621.501640648055
2021-12-27 10:00:00,12909.0,12618.80921635201
2021-12-27 11:00:00,12841.0,12611.391680236433
2021-12-27 12:00:00,12876.0,12571.042802451993
2021-12-27 13:00:00,13058.0,12689.945426498192
2021-12-27 14:00:00,13170.0,12851.757471063056
2021-12-27 15:00:00,13199.0,12925.367081343664
2021-12-27 16:00:00,13223.0,12910.924217425818
2021-12-27 17:00:00,13216.0,12911.063997928228
2021-12-27 18:00:00,13018.0,12707.913006289087
2021-12-27 19:00:00,12628.0,12321.747660581157
2021-12-27 20:00:00,12787.0,12368.497802000289
2021-12-27 21:00:00,12646.0,12383.894157077497
2021-12-27 22:00:00,12127.0,12303.172149275404
2021-12-27 23:00:00,12763.0,12061.566315287635
2021-12-28 00:00:00,12734.5,12409.856442775957
2021-12-28 01:00:00,12677.0,12491.491980135337
2021-12-28 02:00:00,12637.0,12377.624117178873
2021-12-28 03:00:00,12637.0,12274.289627884318
2021-12-28 04:00:00,12389.0,12140.47632309424
2021-12-28 05:00:00,12594.0,12432.184094546046
2021-12-28 06:00:00,12869.0,12500.60639208071
2021-12-28 07:00:00,12843.0,12559.85253776223
2021-12-28 08:00:00,12761.0,12531.385586929568
2021-12-28 09:00:00,12765.0,12514.612600876288
2021-12-28 10:00:00,12708.0,12493.24097422448
2021-12-28 11:00:00,12620.0,12421.10898729166
2021-12-28 12:00:00,12541.0,12389.367114348202
2021-12-28 13:00:00,12597.0,12495.763629608095
2021-12-28 14:00:00,12726.0,12579.478082127975
2021-12-28 15:00:00,12726.0,12627.682513008946
2021-12-28 16:00:00,12652.0,12603.738851301161
2021-12-28 17:00:00,12578.0,12519.096958383048
2021-12-28 18:00:00,12309.0,12306.123156969235
2021-12-28 19:00:00,11789.0,11699.751842234666
2021-12-28 20:00:00,11852.0,11967.887751959392
2021-12-28 21:00:00,11658.0,11818.812786298671
2021-12-28 22:00:00,11935.5,11623.618942126399
2021-12-28 23:00:00,11935.5,11870.977430531773
2021-12-29 00:00:00,11935.5,11872.420122027992
2021-12-29 01:00:00,11935.5,11841.165620853777
2021-12-29 02:00:00,11935.5,11800.256149094987
2021-12-29 03:00:00,11935.5,11737.957328286808
2021-12-29 04:00:00,11466.0,11690.584210247656
2021-12-29 05:00:00,11747.0,11768.958610820482
2021-12-29 06:00:00,11961.0,11915.241529597099
2021-12-29 07:00:00,11949.0,11851.32909235922
2021-12-29 08:00:00,11922.0,11821.233733041143
2021-12-29 09:00:00,11978.0,11833.61832313584
2021-12-29 10:00:00,12074.0,11871.813742237426
2021-12-29 11:00:00,12063.0,11903.55644016227
2021-12-29 12:00:00,12006.0,11898.776918827862
2021-12-29 13:00:00,12194.0,11978.96929656469
2021-12-29 14:00:00,12250.0,12213.35843126781
2021-12-29 15:00:00,12200.0,12181.056348052409
2021-12-29 16:00:00,12134.0,12108.077541029976
2021-12-29 17:00:00,12080.0,12043.544916040968
2021-12-29 18:00:00,11779.0,11798.875917693047
2021-12-29 19:00:00,11473.0,11245.477115918693
2021-12-29 20:00:00,11553.0,11445.654938909469
2021-12-29 21:00:00,11345.0,11315.85818458507
2021-12-29 22:00:00,10833.0,11393.581624722776
2021-12-29 23:00:00,11499.5,11275.701962716283
2021-12-30 00:00:00,11499.5,11388.239733762894
2021-12-30 01:00:00,11499.5,11400.824282129446
2021-12-30 02:00:00,11499.5,11371.455965921274
2021-12-30 03:00:00,11499.5,11314.295832343116
2021-12-30 04:00:00,10946.0,11164.740861920898
2021-12-30 05:00:00,11129.0,11274.76446952995
2021-12-30 06:00:00,11435.0,11300.415807416071
2021-12-30 07:00:00,11491.0,11370.394537702034
2021-12-30 08:00:00,11512.0,11356.615429984948
2021-12-30 09:00:00,11508.0,11395.095039465956
2021-12-30 10:00:00,11572.0,11345.966201441737
2021-12-30 11:00:00,11579.0,11402.545425561339
2021-12-30 12:00:00,11571.0,11425.847503191046
2021-12-30 13:00:00,11675.0,11593.410338785814
2021-12-30 14:00:00,11776.0,11664.475618674243
2021-12-30 15:00:00,11805.0,11703.917750872019
2021-12-30 16:00:00,11763.0,11693.264514797102
2021-12-30 17:00:00,11747.0,11609.0219334623
2021-12-30 18:00:00,11581.0,11440.200253062467
2021-12-30 19:00:00,11077.0,10974.765073765517
2021-12-30 20:00:00,11186.0,11011.021677056826
2021-12-30 21:00:00,11006.0,10934.958209634993
2021-12-30 22:00:00,10544.0,10734.786410081899
2021-12-30 23:00:00,11041.5,10975.519549088018
2021-12-31 00:00:00,11041.5,10959.131819483478
2021-12-31 01:00:00,11041.5,10956.272760267597
2021-12-31 02:00:00,11041.5,10933.398807036616
2021-12-31 03:00:00,11041.5,10863.121101673558
2021-12-31 04:00:00,10480.0,10696.412043965072
2021-12-31 05:00:00,10681.0,10805.07968935859
2021-12-31 06:00:00,10972.0,10901.822970528987
2021-12-31 07:00:00,10998.0,10952.416226788084
2021-12-31 08:00:00,10972.0,10939.390959052067
2021-12-31 09:00:00,11113.0,10955.630959128614
2021-12-31 10:00:00,11151.0,11028.985208932594
2021-12-31 11:00:00,11102.0,11062.6063535192
2021-12-31 12:00:00,11103.0,11046.306316132719
2021-12-31 13:00:00,11314.0,11239.08767132413
2021-12-31 14:00:00,11552.0,11368.98781634105
2021-12-31 15:00:00,11575.0,11488.261427709584
2021-12-31 16:00:00,11447.0,11447.94580553682
2021-12-31 17:00:00,11237.0,11336.483929332102
2021-12-31 18:00:00,10914.0,11027.27481953905
2021-12-31 19:00:00,10599.0,10572.496370866656
2021-12-31 20:00:00,10812.0,10666.205916606381
