timestamp,actual_consumption_MWh,predicted_consumption_MWh
2021-01-01 00:00:00,9206.0,9612.945
2021-01-01 01:00:00,9042.0,9405.701
2021-01-01 02:00:00,9010.0,9237.152
2021-01-01 03:00:00,9057.0,9290.104
2021-01-01 04:00:00,9219.0,9409.682
2021-01-01 05:00:00,9198.0,9570.489
2021-01-01 06:00:00,9392.0,9421.802
2021-01-01 07:00:00,9486.0,9507.81
2021-01-01 08:00:00,9496.0,9558.259
2021-01-01 09:00:00,9629.0,9603.362
2021-01-01 10:00:00,9731.0,9709.175
2021-01-01 11:00:00,9763.0,9808.723
2021-01-01 12:00:00,9908.0,9831.362
2021-01-01 13:00:00,10160.0,10009.343
2021-01-01 14:00:00,10428.0,10310.177
2021-01-01 15:00:00,10485.0,10551.747
2021-01-01 16:00:00,10498.0,10540.051
2021-01-01 17:00:00,10523.0,10416.154
2021-01-01 18:00:00,10340.0,10219.224
2021-01-01 19:00:00,10021.0,9968.089
2021-01-01 20:00:00,10182.0,9990.949
2021-01-01 21:00:00,10012.0,9903.941
2021-01-01 22:00:00,9631.0,9597.874
2021-01-01 23:00:00,9292.0,9405.554
2021-01-02 00:00:00,9054.0,9283.986
2021-01-02 01:00:00,8975.0,9030.205
2021-01-02 02:00:00,8972.0,8869.002
2021-01-02 03:00:00,9065.0,8875.108
2021-01-02 04:00:00,9264.0,9079.215
2021-01-02 05:00:00,9309.0,9264.398
2021-01-02 06:00:00,9616.0,9405.597
2021-01-02 07:00:00,9742.0,9642.784
2021-01-02 08:00:00,9861.0,9760.1455
2021-01-02 09:00:00,9975.0,9848.677
2021-01-02 10:00:00,10040.0,9936.479
2021-01-02 11:00:00,10061.0,9983.499
2021-01-02 12:00:00,10197.0,10038.204
2021-01-02 13:00:00,10500.0,10259.61
2021-01-02 14:00:00,10806.0,10663.084
2021-01-02 15:00:00,10937.0,10863.609
2021-01-02 16:00:00,11018.0,10921.151
2021-01-02 17:00:00,10940.0,10934.77
2021-01-02 18:00:00,10669.0,10666.023
2021-01-02 19:00:00,10238.0,10225.33
2021-01-02 20:00:00,10490.0,10215.257
2021-01-02 21:00:00,10318.0,10208.758
2021-01-02 22:00:00,9914.0,9932.206
2021-01-02 23:00:00,9535.0,9628.203
2021-01-03 00:00:00,9296.0,9370.247
2021-01-03 01:00:00,9137.0,9228.823
2021-01-03 02:00:00,9142.0,9195.137
2021-01-03 03:00:00,9197.0,9158.756
2021-01-03 04:00:00,9375.0,9213.115
2021-01-03 05:00:00,9369.0,9415.703
2021-01-03 06:00:00,9641.0,9522.2295
2021-01-03 07:00:00,9753.0,9695.8125
2021-01-03 08:00:00,9938.0,9831.331
2021-01-03 09:00:00,10129.0,9944.173
2021-01-03 10:00:00,10203.0,10090.078
2021-01-03 11:00:00,10272.0,10175.3545
2021-01-03 12:00:00,10233.0,10257.403
2021-01-03 13:00:00,10446.0,10338.848
2021-01-03 14:00:00,10736.0,10668.702
2021-01-03 15:00:00,10807.0,10893.676
2021-01-03 16:00:00,10826.0,10892.765
2021-01-03 17:00:00,10891.0,10798.104
2021-01-03 18:00:00,10679.0,10608.123
2021-01-03 19:00:00,10253.0,10250.937
2021-01-03 20:00:00,10483.0,10378.349
2021-01-03 21:00:00,10388.0,10292.65
2021-01-03 22:00:00,10008.0,9951.378
2021-01-03 23:00:00,9638.0,9697.063
2021-01-04 00:00:00,10609.0,9950.092
2021-01-04 01:00:00,10707.5,10623.33
2021-01-04 02:00:00,10771.5,10686.8545
2021-01-04 03:00:00,10816.5,10604.695
2021-01-04 04:00:00,10539.0,10760.642
2021-01-04 05:00:00,10923.0,10900.897
2021-01-04 06:00:00,11376.0,11067.337
2021-01-04 07:00:00,11442.0,11312.865
2021-01-04 08:00:00,11409.0,11360.702
2021-01-04 09:00:00,11447.0,11352.567
2021-01-04 10:00:00,11450.0,11373.997
2021-01-04 11:00:00,11441.0,11365.462
2021-01-04 12:00:00,11476.0,11400.354
2021-01-04 13:00:00,11583.0,11528.591
2021-01-04 14:00:00,11818.0,11679.533
2021-01-04 15:00:00,11722.0,11842.644
2021-01-04 16:00:00,11714.0,11699.103
2021-01-04 17:00:00,11667.0,11687.423
2021-01-04 18:00:00,11523.0,11436.899
2021-01-04 19:00:00,11172.0,11069.844
2021-01-04 20:00:00,11325.0,11184.747
2021-01-04 21:00:00,11123.0,11144.984
2021-01-04 22:00:00,10685.0,11000.459
2021-01-04 23:00:00,11499.5,11083.841
2021-01-05 00:00:00,11543.0,11440.119
2021-01-05 01:00:00,11573.0,11575.387
2021-01-05 02:00:00,11615.0,11563.746
2021-01-05 03:00:00,11615.0,11526.625
2021-01-05 04:00:00,11181.0,11335.418
2021-01-05 05:00:00,11563.0,11474.476
2021-01-05 06:00:00,11825.0,11684.983
2021-01-05 07:00:00,11799.0,11767.834
2021-01-05 08:00:00,11815.0,11730.939
2021-01-05 09:00:00,11935.0,11752.557
2021-01-05 10:00:00,11955.0,11874.6
2021-01-05 11:00:00,11842.0,11864.179
2021-01-05 12:00:00,11904.0,11795.993
2021-01-05 13:00:00,12010.0,11915.594
2021-01-05 14:00:00,12148.0,12146.465
2021-01-05 15:00:00,12143.0,12218.281
2021-01-05 16:00:00,12167.0,12171.119
2021-01-05 17:00:00,12145.0,12180.653
2021-01-05 18:00:00,11904.0,11979.387
2021-01-05 19:00:00,11542.0,11478.155
2021-01-05 20:00:00,11602.0,11636.278
2021-01-05 21:00:00,11405.0,11445.482
2021-01-05 22:00:00,10952.0,11380.254
2021-01-05 23:00:00,10605.0,11332.642
2021-01-06 00:00:00,11418.0,11215.031
2021-01-06 01:00:00,11418.0,11590.931
2021-01-06 02:00:00,11418.0,11545.874
2021-01-06 03:00:00,10460.0,11540.383
2021-01-06 04:00:00,10824.0,11218.226
2021-01-06 05:00:00,10949.0,11321.226
2021-01-06 06:00:00,11156.0,11341.066
2021-01-06 07:00:00,11230.0,11334.902
2021-01-06 08:00:00,11322.0,11360.159
2021-01-06 09:00:00,11431.0,11444.598
2021-01-06 10:00:00,11475.0,11485.211
2021-01-06 11:00:00,11463.0,11488.188
2021-01-06 12:00:00,11471.0,11509.476
2021-01-06 13:00:00,11679.0,11656.57
2021-01-06 14:00:00,11947.0,11934.731
2021-01-06 15:00:00,12006.0,12101.874
2021-01-06 16:00:00,11954.0,12040.027
2021-01-06 17:00:00,11996.0,12002.1875
2021-01-06 18:00:00,11708.0,11858.054
2021-01-06 19:00:00,11216.0,11254.698
2021-01-06 20:00:00,11316.0,11396.884
2021-01-06 21:00:00,11175.0,11106.437
2021-01-06 22:00:00,10772.0,11054.87
2021-01-06 23:00:00,10449.0,10938.02
2021-01-07 00:00:00,11686.5,10891.131
2021-01-07 01:00:00,11687.5,11659.218
2021-01-07 02:00:00,11700.0,11638.703
2021-01-07 03:00:00,11700.0,11560.699
2021-01-07 04:00:00,11280.0,11545.63
2021-01-07 05:00:00,11694.0,11510.71
2021-01-07 06:00:00,11911.0,11824.525
2021-01-07 07:00:00,11811.0,11844.488
2021-01-07 08:00:00,11772.0,11774.158
2021-01-07 09:00:00,11706.0,11758.567
2021-01-07 10:00:00,11745.0,11682.49
2021-01-07 11:00:00,11715.0,11708.656
2021-01-07 12:00:00,11681.0,11682.541
2021-01-07 13:00:00,11844.0,11775.463
2021-01-07 14:00:00,11957.0,11983.321
2021-01-07 15:00:00,11915.0,12054.689
2021-01-07 16:00:00,11778.0,11933.794
2021-01-07 17:00:00,11748.0,11816.922
2021-01-07 18:00:00,11587.0,11625.632
2021-01-07 19:00:00,11164.0,11127.87
2021-01-07 20:00:00,11234.0,11259.567
2021-01-07 21:00:00,10972.0,11029.205
2021-01-07 22:00:00,11620.5,10831.4795
2021-01-07 23:00:00,11620.5,11631.089
2021-01-08 00:00:00,11602.5,11614.073
2021-01-08 01:00:00,11580.0,11610.654
2021-01-08 02:00:00,11580.0,11593.96
2021-01-08 03:00:00,11580.0,11518.008
2021-01-08 04:00:00,11110.0,11355.158
2021-01-08 05:00:00,11533.0,11414.776
2021-01-08 06:00:00,11870.0,11675.338
2021-01-08 07:00:00,11719.0,11822.904
2021-01-08 08:00:00,11654.0,11704.94
2021-01-08 09:00:00,11732.0,11613.212
2021-01-08 10:00:00,11699.0,11704.251
2021-01-08 11:00:00,11618.0,11668.966
2021-01-08 12:00:00,11573.0,11592.086
2021-01-08 13:00:00,11689.0,11657.053
2021-01-08 14:00:00,11900.0,11807.956
2021-01-08 15:00:00,11911.0,11994.837
2021-01-08 16:00:00,11847.0,11913.6045
2021-01-08 17:00:00,11874.0,11814.442
2021-01-08 18:00:00,11684.0,11652.381
2021-01-08 19:00:00,11338.0,11186.097
2021-01-08 20:00:00,11399.0,11281.612
2021-01-08 21:00:00,11156.0,11110.948
2021-01-08 22:00:00,10704.0,10732.271
2021-01-08 23:00:00,10405.0,10540.572
2021-01-09 00:00:00,11189.5,10463.618
2021-01-09 01:00:00,11189.5,11148.639
2021-01-09 02:00:00,11189.5,11093.161
2021-01-09 03:00:00,10326.0,10959.534
2021-01-09 04:00:00,10584.0,10248.188
2021-01-09 05:00:00,10657.0,10562.274
2021-01-09 06:00:00,10887.0,10778.404
2021-01-09 07:00:00,10964.0,10924.841
2021-01-09 08:00:00,11067.0,11005.931
2021-01-09 09:00:00,11223.0,11033.294
2021-01-09 10:00:00,11253.0,11187.026
2021-01-09 11:00:00,11251.0,11168.421
2021-01-09 12:00:00,11301.0,11199.427
2021-01-09 13:00:00,11585.0,11411.807
2021-01-09 14:00:00,12030.0,11780.731
2021-01-09 15:00:00,12320.0,12162.892
2021-01-09 16:00:00,12366.0,12230.677
2021-01-09 17:00:00,12270.0,12276.925
2021-01-09 18:00:00,11992.0,11989.722
2021-01-09 19:00:00,11570.0,11448.706
2021-01-09 20:00:00,11684.0,11592.829
2021-01-09 21:00:00,11515.0,11472.627
2021-01-09 22:00:00,11103.0,11154.745
2021-01-09 23:00:00,10745.0,10726.997
2021-01-10 00:00:00,10538.0,10557.995
2021-01-10 01:00:00,10464.0,10433.761
2021-01-10 02:00:00,10462.0,10423.137
2021-01-10 03:00:00,10499.0,10374.266
2021-01-10 04:00:00,10671.0,10470.8545
2021-01-10 05:00:00,10646.0,10596.405
2021-01-10 06:00:00,10846.0,10766.256
2021-01-10 07:00:00,10906.0,10908.746
2021-01-10 08:00:00,11067.0,10953.861
2021-01-10 09:00:00,11185.0,11062.709
2021-01-10 10:00:00,11200.0,11150.148
2021-01-10 11:00:00,11228.0,11126.662
2021-01-10 12:00:00,11154.0,11194.744
2021-01-10 13:00:00,11221.0,11249.146
2021-01-10 14:00:00,11521.0,11542.438
2021-01-10 15:00:00,11589.0,11710.702
2021-01-10 16:00:00,11612.0,11643.007
2021-01-10 17:00:00,11636.0,11572.086
2021-01-10 18:00:00,11330.0,11409.29
2021-01-10 19:00:00,10930.0,10980.979
2021-01-10 20:00:00,11164.0,11123.343
2021-01-10 21:00:00,10991.0,11032.804
2021-01-10 22:00:00,10685.0,10674.579
2021-01-10 23:00:00,10381.0,10485.216
2021-01-11 00:00:00,11375.0,10739.297
2021-01-11 01:00:00,11470.5,11422.558
2021-01-11 02:00:00,11555.0,11471.034
2021-01-11 03:00:00,10647.0,11589.76
2021-01-11 04:00:00,11420.0,11031.186
2021-01-11 05:00:00,11908.0,11902.101
2021-01-11 06:00:00,12211.0,12032.809
2021-01-11 07:00:00,12136.0,12135.628
2021-01-11 08:00:00,12073.0,12088.254
2021-01-11 09:00:00,12050.0,12012.209
2021-01-11 10:00:00,11968.0,11974.167
2021-01-11 11:00:00,11862.0,11882.527
2021-01-11 12:00:00,11713.0,11779.176
2021-01-11 13:00:00,11770.0,11747.285
2021-01-11 14:00:00,11946.0,11860.227
2021-01-11 15:00:00,11941.0,12020.441
2021-01-11 16:00:00,11861.0,11943.449
2021-01-11 17:00:00,11826.0,11854.458
2021-01-11 18:00:00,11623.0,11664.394
2021-01-11 19:00:00,11266.0,11169.071
2021-01-11 20:00:00,11443.0,11342.365
2021-01-11 21:00:00,11179.0,11279.78
2021-01-11 22:00:00,11741.5,11177.759
2021-01-11 23:00:00,11741.5,11613.048
2021-01-12 00:00:00,11741.5,11670.433
2021-01-12 01:00:00,11798.0,11663.499
2021-01-12 02:00:00,11843.5,11705.4795
2021-01-12 03:00:00,11843.5,11648.489
2021-01-12 04:00:00,11468.0,11557.929
2021-01-12 05:00:00,11941.0,11851.639
2021-01-12 06:00:00,12160.0,12090.485
2021-01-12 07:00:00,12120.0,12096.373
2021-01-12 08:00:00,12022.0,12092.199
2021-01-12 09:00:00,12059.0,12015.012
2021-01-12 10:00:00,12078.0,12034.585
2021-01-12 11:00:00,11991.0,11995.225
2021-01-12 12:00:00,11957.0,11910.255
2021-01-12 13:00:00,12042.0,11970.8955
2021-01-12 14:00:00,12228.0,12199.124
2021-01-12 15:00:00,12232.0,12326.554
2021-01-12 16:00:00,12251.0,12262.826
2021-01-12 17:00:00,12298.0,12275.955
2021-01-12 18:00:00,12100.0,12070.033
2021-01-12 19:00:00,11665.0,11561.353
2021-01-12 20:00:00,11746.0,11644.146
2021-01-12 21:00:00,11462.0,11501.542
2021-01-12 22:00:00,12016.5,11578.359
2021-01-12 23:00:00,12016.5,12033.104
2021-01-13 00:00:00,12071.0,12011.003
2021-01-13 01:00:00,12164.0,12048.139
2021-01-13 02:00:00,12230.0,12132.185
2021-01-13 03:00:00,12241.5,12101.935
2021-01-13 04:00:00,11959.0,12003.492
2021-01-13 05:00:00,12444.0,12170.363
2021-01-13 06:00:00,12773.0,12543.842
2021-01-13 07:00:00,12701.0,12606.055
2021-01-13 08:00:00,12694.0,12599.58
2021-01-13 09:00:00,12725.0,12604.884
2021-01-13 10:00:00,12738.0,12608.398
2021-01-13 11:00:00,12710.0,12578.224
2021-01-13 12:00:00,12691.0,12590.889
2021-01-13 13:00:00,12780.0,12656.328
2021-01-13 14:00:00,13007.0,12803.4
2021-01-13 15:00:00,13090.0,13056.508
2021-01-13 16:00:00,13137.0,12988.366
2021-01-13 17:00:00,13159.0,13145.918
2021-01-13 18:00:00,12955.0,12884.863
2021-01-13 19:00:00,12453.0,12473.224
2021-01-13 20:00:00,12505.0,12359.096
2021-01-13 21:00:00,12292.0,12239.561
2021-01-13 22:00:00,12757.0,12105.515
2021-01-13 23:00:00,12778.0,12579.481
2021-01-14 00:00:00,12867.5,12597.559
2021-01-14 01:00:00,12981.0,12699.081
2021-01-14 02:00:00,13029.5,12901.791
2021-01-14 03:00:00,13071.0,12825.955
2021-01-14 04:00:00,12776.0,12762.907
2021-01-14 05:00:00,13052.0,12951.415
2021-01-14 06:00:00,13332.0,13172.288
2021-01-14 07:00:00,13304.0,13288.378
2021-01-14 08:00:00,13334.0,13285.726
2021-01-14 09:00:00,13397.0,13295.181
2021-01-14 10:00:00,13458.0,13277.067
2021-01-14 11:00:00,13350.0,13265.27
2021-01-14 12:00:00,13353.0,13273.161
2021-01-14 13:00:00,13435.0,13329.241
2021-01-14 14:00:00,13646.0,13506.559
2021-01-14 15:00:00,13733.0,13674.965
2021-01-14 16:00:00,13787.0,13647.0205
2021-01-14 17:00:00,13351.0,13633.151
2021-01-14 18:00:00,13725.0,13252.243
2021-01-14 19:00:00,13352.0,13168.154
2021-01-14 20:00:00,13459.0,13298.772
2021-01-14 21:00:00,13334.0,13096.796
2021-01-14 22:00:00,12870.0,13203.464
2021-01-14 23:00:00,12676.0,12830.304
2021-01-15 00:00:00,12527.0,12654.226
2021-01-15 01:00:00,12485.0,12550.304
2021-01-15 02:00:00,12620.0,12449.106
2021-01-15 03:00:00,12937.0,12574.438
2021-01-15 04:00:00,13660.0,13057.594
2021-01-15 05:00:00,13998.0,13738.938
2021-01-15 06:00:00,14239.0,14065.811
2021-01-15 07:00:00,14150.0,13930.83
2021-01-15 08:00:00,14115.0,13914.957
2021-01-15 09:00:00,14074.0,13918.607
2021-01-15 10:00:00,14025.0,13891.899
2021-01-15 11:00:00,13876.0,13850.188
2021-01-15 12:00:00,13729.0,13867.112
2021-01-15 13:00:00,13631.0,13576.06
2021-01-15 14:00:00,13773.0,13705.962
2021-01-15 15:00:00,13773.0,13679.551
2021-01-15 16:00:00,13745.0,13619.673
2021-01-15 17:00:00,13621.0,13566.668
2021-01-15 18:00:00,13276.0,13360.256
2021-01-15 19:00:00,12728.0,12920.879
2021-01-15 20:00:00,12682.0,12792.707
2021-01-15 21:00:00,12357.0,12625.648
2021-01-15 22:00:00,11929.0,12190.638
2021-01-15 23:00:00,12338.5,11884.306
2021-01-16 00:00:00,12319.5,12476.455
2021-01-16 01:00:00,12264.5,12326.565
2021-01-16 02:00:00,12254.0,12330.327
2021-01-16 03:00:00,12254.0,12290.409
2021-01-16 04:00:00,12254.0,12308.607
2021-01-16 05:00:00,11661.0,12260.184
2021-01-16 06:00:00,12041.0,11925.58
2021-01-16 07:00:00,12145.0,12120.27
2021-01-16 08:00:00,12319.0,12212.1045
2021-01-16 09:00:00,12364.0,12302.335
2021-01-16 10:00:00,12320.0,12378.003
2021-01-16 11:00:00,12210.0,12254.575
2021-01-16 12:00:00,12162.0,12222.947
2021-01-16 13:00:00,12298.0,12271.117
2021-01-16 14:00:00,12757.0,12537.439
2021-01-16 15:00:00,12236.0,12864.681
2021-01-16 16:00:00,12236.0,12368.74
2021-01-16 17:00:00,12236.0,12389.031
2021-01-16 18:00:00,12764.0,12190.011
2021-01-16 19:00:00,12262.0,12315.863
2021-01-16 20:00:00,12422.0,12287.109
2021-01-16 21:00:00,12317.0,12218.511
2021-01-16 22:00:00,11840.0,11814.692
2021-01-16 23:00:00,11589.0,11642.691
2021-01-17 00:00:00,11333.0,11418.339
2021-01-17 01:00:00,11161.0,11335.423
2021-01-17 02:00:00,11175.0,11376.264
2021-01-17 03:00:00,11233.0,11363.571
2021-01-17 04:00:00,11359.0,11465.015
2021-01-17 05:00:00,11299.0,11406.384
2021-01-17 06:00:00,11521.0,11549.0
2021-01-17 07:00:00,11544.0,11615.544
2021-01-17 08:00:00,11747.0,11668.814
2021-01-17 09:00:00,11819.0,11828.073
2021-01-17 10:00:00,11810.0,11821.491
2021-01-17 11:00:00,11704.0,11780.236
2021-01-17 12:00:00,11592.0,11705.314
2021-01-17 13:00:00,11642.0,11730.715
2021-01-17 14:00:00,11869.0,11963.892
2021-01-17 15:00:00,12093.0,12047.956
2021-01-17 16:00:00,12100.0,12114.726
2021-01-17 17:00:00,12077.0,12068.842
2021-01-17 18:00:00,11834.0,11941.257
2021-01-17 19:00:00,11407.0,11611.803
2021-01-17 20:00:00,11603.0,11690.423
2021-01-17 21:00:00,11497.0,11554.034
2021-01-17 22:00:00,11173.0,11282.822
2021-01-17 23:00:00,10905.0,11165.162
2021-01-18 00:00:00,11851.5,11332.825
2021-01-18 01:00:00,11920.5,11856.211
2021-01-18 02:00:00,12024.5,11969.332
2021-01-18 03:00:00,11144.0,12108.979
2021-01-18 04:00:00,11972.0,11597.268
2021-01-18 05:00:00,12362.0,12362.562
2021-01-18 06:00:00,12625.0,12632.174
2021-01-18 07:00:00,12502.0,12585.537
2021-01-18 08:00:00,12459.0,12499.402
2021-01-18 09:00:00,12481.0,12408.737
2021-01-18 10:00:00,12425.0,12411.664
2021-01-18 11:00:00,12375.0,12418.92
2021-01-18 12:00:00,12313.0,12393.882
2021-01-18 13:00:00,12198.0,12363.055
2021-01-18 14:00:00,12232.0,12422.728
2021-01-18 15:00:00,12258.0,12427.251
2021-01-18 16:00:00,12140.0,12392.191
2021-01-18 17:00:00,12119.0,12296.282
2021-01-18 18:00:00,11786.0,12046.252
2021-01-18 19:00:00,11486.0,11438.849
2021-01-18 20:00:00,11582.0,11598.687
2021-01-18 21:00:00,11353.0,11460.269
2021-01-18 22:00:00,11773.5,11602.498
2021-01-18 23:00:00,11759.0,11892.836
2021-01-19 00:00:00,11732.0,11744.907
2021-01-19 01:00:00,11692.5,11728.723
2021-01-19 02:00:00,11648.0,11727.629
2021-01-19 03:00:00,11648.0,11600.266
2021-01-19 04:00:00,11414.0,11717.402
2021-01-19 05:00:00,11771.0,11877.556
2021-01-19 06:00:00,11957.0,12028.621
2021-01-19 07:00:00,11776.0,11914.927
2021-01-19 08:00:00,11747.0,11810.342
2021-01-19 09:00:00,11780.0,11775.69
2021-01-19 10:00:00,11717.0,11800.699
2021-01-19 11:00:00,11668.0,11705.031
2021-01-19 12:00:00,11623.0,11632.409
2021-01-19 13:00:00,11628.0,11703.22
2021-01-19 14:00:00,11806.0,11785.729
2021-01-19 15:00:00,11801.0,11955.708
2021-01-19 16:00:00,11787.0,11879.546
2021-01-19 17:00:00,11770.0,11795.139
2021-01-19 18:00:00,11608.0,11560.671
2021-01-19 19:00:00,11218.0,11037.092
2021-01-19 20:00:00,11296.0,11295.567
2021-01-19 21:00:00,11101.0,11071.755
2021-01-19 22:00:00,11625.5,11218.713
2021-01-19 23:00:00,11625.5,11648.068
2021-01-20 00:00:00,11625.5,11579.189
2021-01-20 01:00:00,11679.0,11587.321
2021-01-20 02:00:00,11750.0,11636.105
2021-01-20 03:00:00,11750.0,11580.852
2021-01-20 04:00:00,11348.0,11443.459
2021-01-20 05:00:00,11730.0,11716.922
2021-01-20 06:00:00,11993.0,11833.48
2021-01-20 07:00:00,11871.0,11835.7295
2021-01-20 08:00:00,11903.0,11741.957
2021-01-20 09:00:00,11925.0,11802.861
2021-01-20 10:00:00,11940.0,11833.54
2021-01-20 11:00:00,11835.0,11816.395
2021-01-20 12:00:00,11840.0,11725.242
2021-01-20 13:00:00,11833.0,11803.895
2021-01-20 14:00:00,12092.0,11904.607
2021-01-20 15:00:00,12189.0,12129.268
2021-01-20 16:00:00,12166.0,12186.014
2021-01-20 17:00:00,12197.0,12132.174
2021-01-20 18:00:00,11974.0,11956.424
2021-01-20 19:00:00,11533.0,11423.564
2021-01-20 20:00:00,11609.0,11487.748
2021-01-20 21:00:00,11404.0,11360.391
2021-01-20 22:00:00,11006.0,11487.142
2021-01-20 23:00:00,11837.5,11574.561
2021-01-21 00:00:00,11907.0,11772.325
2021-01-21 01:00:00,12033.0,11832.428
2021-01-21 02:00:00,12100.0,11965.795
2021-01-21 03:00:00,12137.0,11863.414
2021-01-21 04:00:00,11704.0,11970.676
2021-01-21 05:00:00,12108.0,11977.565
2021-01-21 06:00:00,12291.0,12231.603
2021-01-21 07:00:00,12310.0,12181.308
2021-01-21 08:00:00,12321.0,12192.042
2021-01-21 09:00:00,12458.0,12193.846
2021-01-21 10:00:00,12487.0,12329.029
2021-01-21 11:00:00,12430.0,12305.3
2021-01-21 12:00:00,12404.0,12331.695
2021-01-21 13:00:00,12502.0,12387.46
2021-01-21 14:00:00,12650.0,12588.826
2021-01-21 15:00:00,12716.0,12673.255
2021-01-21 16:00:00,12684.0,12704.392
2021-01-21 17:00:00,12643.0,12682.493
2021-01-21 18:00:00,12483.0,12375.337
2021-01-21 19:00:00,12025.0,11885.783
2021-01-21 20:00:00,12008.0,12037.467
2021-01-21 21:00:00,11719.0,11750.434
2021-01-21 22:00:00,12186.5,11619.332
2021-01-21 23:00:00,12186.5,12182.769
2021-01-22 00:00:00,12119.5,12213.92
2021-01-22 01:00:00,12054.5,12187.044
2021-01-22 02:00:00,12038.0,12085.266
2021-01-22 03:00:00,12038.0,12000.942
2021-01-22 04:00:00,11662.0,11839.384
2021-01-22 05:00:00,12051.0,12050.754
2021-01-22 06:00:00,12278.0,12241.751
2021-01-22 07:00:00,12181.0,12236.207
2021-01-22 08:00:00,12192.0,12188.36
2021-01-22 09:00:00,12241.0,12191.786
2021-01-22 10:00:00,12193.0,12181.752
2021-01-22 11:00:00,12058.0,12169.443
2021-01-22 12:00:00,11981.0,12044.041
2021-01-22 13:00:00,11980.0,12048.745
2021-01-22 14:00:00,12261.0,12200.681
2021-01-22 15:00:00,12412.0,12439.126
2021-01-22 16:00:00,12372.0,12481.106
2021-01-22 17:00:00,12291.0,12384.589
2021-01-22 18:00:00,11972.0,12059.312
2021-01-22 19:00:00,11436.0,11574.095
2021-01-22 20:00:00,11432.0,11633.718
2021-01-22 21:00:00,11129.0,11375.652
2021-01-22 22:00:00,10644.0,10990.085
2021-01-22 23:00:00,10262.0,11061.539
2021-01-23 00:00:00,10052.0,10428.959
2021-01-23 01:00:00,10760.5,10342.616
2021-01-23 02:00:00,10735.5,10843.993
2021-01-23 03:00:00,9917.0,10816.282
2021-01-23 04:00:00,10169.0,10091.187
2021-01-23 05:00:00,10262.0,10318.961
2021-01-23 06:00:00,10548.0,10529.469
2021-01-23 07:00:00,10625.0,10730.864
2021-01-23 08:00:00,10745.0,10779.576
2021-01-23 09:00:00,10880.0,10860.693
2021-01-23 10:00:00,10844.0,10914.209
2021-01-23 11:00:00,10776.0,10837.756
2021-01-23 12:00:00,10645.0,10798.643
2021-01-23 13:00:00,10726.0,10844.414
2021-01-23 14:00:00,11089.0,11139.539
2021-01-23 15:00:00,11485.0,11302.084
2021-01-23 16:00:00,11623.0,11427.759
2021-01-23 17:00:00,11410.0,11442.341
2021-01-23 18:00:00,10925.0,11298.104
2021-01-23 19:00:00,10487.0,10748.3545
2021-01-23 20:00:00,10619.0,10801.749
2021-01-23 21:00:00,10484.0,10706.544
2021-01-23 22:00:00,9962.0,10174.5625
2021-01-23 23:00:00,9577.0,9940.426
2021-01-24 00:00:00,9440.0,9603.996
2021-01-24 01:00:00,9281.0,9579.7295
2021-01-24 02:00:00,9246.0,9468.853
2021-01-24 03:00:00,9336.0,9489.194
2021-01-24 04:00:00,9555.0,9552.364
2021-01-24 05:00:00,9609.0,9690.236
2021-01-24 06:00:00,9837.0,9834.721
2021-01-24 07:00:00,9893.0,10029.416
2021-01-24 08:00:00,10041.0,10082.229
2021-01-24 09:00:00,10204.0,10164.951
2021-01-24 10:00:00,10223.0,10292.594
2021-01-24 11:00:00,10090.0,10274.141
2021-01-24 12:00:00,10062.0,10150.795
2021-01-24 13:00:00,10125.0,10211.254
2021-01-24 14:00:00,10432.0,10395.95
2021-01-24 15:00:00,10678.0,10679.947
2021-01-24 16:00:00,10750.0,10842.055
2021-01-24 17:00:00,10754.0,10851.931
2021-01-24 18:00:00,10493.0,10636.62
2021-01-24 19:00:00,10090.0,10270.07
2021-01-24 20:00:00,10365.0,10346.428
2021-01-24 21:00:00,10275.0,10312.03
2021-01-24 22:00:00,9938.0,9967.042
2021-01-24 23:00:00,9675.0,9836.3955
2021-01-25 00:00:00,10462.5,10236.026
2021-01-25 01:00:00,10556.0,10513.507
2021-01-25 02:00:00,10648.5,10497.694
2021-01-25 03:00:00,10714.0,10502.734
2021-01-25 04:00:00,10619.0,10874.018
2021-01-25 05:00:00,11168.0,11044.626
2021-01-25 06:00:00,11430.0,11428.661
2021-01-25 07:00:00,11314.0,11453.854
2021-01-25 08:00:00,11356.0,11325.8125
2021-01-25 09:00:00,11363.0,11355.424
2021-01-25 10:00:00,11322.0,11326.571
2021-01-25 11:00:00,11190.0,11316.378
2021-01-25 12:00:00,11152.0,11197.988
2021-01-25 13:00:00,11099.0,11256.026
2021-01-25 14:00:00,11274.0,11284.905
2021-01-25 15:00:00,11398.0,11430.912
2021-01-25 16:00:00,11315.0,11519.652
2021-01-25 17:00:00,11288.0,11370.057
2021-01-25 18:00:00,11040.0,11120.315
2021-01-25 19:00:00,10616.0,10704.944
2021-01-25 20:00:00,10708.0,10790.173
2021-01-25 21:00:00,10457.0,10602.432
2021-01-25 22:00:00,11098.0,10713.393
2021-01-25 23:00:00,11098.0,11006.76
2021-01-26 00:00:00,11092.5,11027.734
2021-01-26 01:00:00,11078.0,11045.967
2021-01-26 02:00:00,11073.0,11014.013
2021-01-26 03:00:00,11073.0,10925.242
2021-01-26 04:00:00,10599.0,10706.4
2021-01-26 05:00:00,11097.0,10991.705
2021-01-26 06:00:00,11296.0,11254.876
2021-01-26 07:00:00,11166.0,11243.966
2021-01-26 08:00:00,11122.0,11140.156
2021-01-26 09:00:00,11161.0,11089.603
2021-01-26 10:00:00,11136.0,11117.277
2021-01-26 11:00:00,11088.0,11045.168
2021-01-26 12:00:00,11068.0,11024.95
2021-01-26 13:00:00,11078.0,11081.803
2021-01-26 14:00:00,11212.0,11185.248
2021-01-26 15:00:00,11418.0,11350.747
2021-01-26 16:00:00,11426.0,11475.463
2021-01-26 17:00:00,11421.0,11434.652
2021-01-26 18:00:00,11219.0,11252.933
2021-01-26 19:00:00,10734.0,10686.46
2021-01-26 20:00:00,10785.0,10711.19
2021-01-26 21:00:00,10547.0,10500.171
2021-01-26 22:00:00,10142.0,10773.998
2021-01-26 23:00:00,11083.0,10865.587
2021-01-27 00:00:00,11145.0,11077.878
2021-01-27 01:00:00,11215.5,11167.372
2021-01-27 02:00:00,11268.5,11246.398
2021-01-27 03:00:00,11320.5,11153.144
2021-01-27 04:00:00,10828.0,10944.2
2021-01-27 05:00:00,11318.0,11132.092
2021-01-27 06:00:00,11546.0,11499.314
2021-01-27 07:00:00,11440.0,11532.219
2021-01-27 08:00:00,11374.0,11401.264
2021-01-27 09:00:00,11491.0,11352.002
2021-01-27 10:00:00,11450.0,11424.0205
2021-01-27 11:00:00,11409.0,11355.756
2021-01-27 12:00:00,11369.0,11372.784
2021-01-27 13:00:00,11323.0,11387.077
2021-01-27 14:00:00,11516.0,11486.575
2021-01-27 15:00:00,11693.0,11650.522
2021-01-27 16:00:00,11756.0,11716.457
2021-01-27 17:00:00,11738.0,11742.447
2021-01-27 18:00:00,11589.0,11528.665
2021-01-27 19:00:00,11106.0,11103.566
2021-01-27 20:00:00,11126.0,11074.904
2021-01-27 21:00:00,10910.0,10829.381
2021-01-27 22:00:00,11389.0,10912.906
2021-01-27 23:00:00,11389.0,11320.702
2021-01-28 00:00:00,11442.5,11373.108
2021-01-28 01:00:00,11508.5,11439.741
2021-01-28 02:00:00,11511.5,11457.935
2021-01-28 03:00:00,11533.5,11409.362
2021-01-28 04:00:00,11121.0,11245.719
2021-01-28 05:00:00,11560.0,11474.23
2021-01-28 06:00:00,11784.0,11779.72
2021-01-28 07:00:00,11710.0,11742.399
2021-01-28 08:00:00,11761.0,11663.495
2021-01-28 09:00:00,11765.0,11719.164
2021-01-28 10:00:00,11703.0,11718.726
2021-01-28 11:00:00,11602.0,11644.821
2021-01-28 12:00:00,11501.0,11560.273
2021-01-28 13:00:00,11507.0,11557.871
2021-01-28 14:00:00,11684.0,11626.998
2021-01-28 15:00:00,11959.0,11834.034
2021-01-28 16:00:00,11948.0,11952.867
2021-01-28 17:00:00,11955.0,11924.687
2021-01-28 18:00:00,11824.0,11756.728
2021-01-28 19:00:00,11384.0,11374.299
2021-01-28 20:00:00,11470.0,11385.086
2021-01-28 21:00:00,11193.0,11231.942
2021-01-28 22:00:00,11589.5,11218.853
2021-01-28 23:00:00,11589.5,11602.58
2021-01-29 00:00:00,11630.5,11634.86
2021-01-29 01:00:00,11754.0,11653.376
2021-01-29 02:00:00,11854.0,11745.153
2021-01-29 03:00:00,11891.5,11762.891
2021-01-29 04:00:00,11577.0,11620.974
2021-01-29 05:00:00,12066.0,11974.944
2021-01-29 06:00:00,12278.0,12234.364
2021-01-29 07:00:00,12143.0,12232.625
2021-01-29 08:00:00,12162.0,12128.908
2021-01-29 09:00:00,12151.0,12132.615
2021-01-29 10:00:00,12099.0,12119.528
2021-01-29 11:00:00,12027.0,12004.027
2021-01-29 12:00:00,11884.0,12006.788
2021-01-29 13:00:00,11899.0,11940.659
2021-01-29 14:00:00,12041.0,12056.719
2021-01-29 15:00:00,12322.0,12218.103
2021-01-29 16:00:00,12333.0,12341.96
2021-01-29 17:00:00,12261.0,12388.853
2021-01-29 18:00:00,11980.0,12097.029
2021-01-29 19:00:00,11522.0,11506.47
2021-01-29 20:00:00,11614.0,11554.69
2021-01-29 21:00:00,11391.0,11381.629
2021-01-29 22:00:00,10900.0,11105.434
2021-01-29 23:00:00,10642.0,10901.429
2021-01-30 00:00:00,10496.0,10746.23
2021-01-30 01:00:00,11339.0,10672.159
2021-01-30 02:00:00,11339.0,11342.382
2021-01-30 03:00:00,10484.0,11177.092
2021-01-30 04:00:00,10751.0,10518.717
2021-01-30 05:00:00,10851.0,10746.729
2021-01-30 06:00:00,10989.0,11035.5205
2021-01-30 07:00:00,11062.0,11095.1
2021-01-30 08:00:00,11316.0,11110.419
2021-01-30 09:00:00,11446.0,11355.719
2021-01-30 10:00:00,11408.0,11406.9795
2021-01-30 11:00:00,11342.0,11378.938
2021-01-30 12:00:00,11336.0,11327.155
2021-01-30 13:00:00,11419.0,11462.507
2021-01-30 14:00:00,11653.0,11640.421
2021-01-30 15:00:00,12223.0,11826.717
2021-01-30 16:00:00,11339.0,12175.15
2021-01-30 17:00:00,12255.0,11436.948
2021-01-30 18:00:00,11841.0,11982.568
2021-01-30 19:00:00,11346.0,11336.313
2021-01-30 20:00:00,11501.0,11415.812
2021-01-30 21:00:00,11406.0,11268.26
2021-01-30 22:00:00,11032.0,11004.915
2021-01-30 23:00:00,10693.0,10644.662
2021-01-31 00:00:00,10488.0,10519.003
2021-01-31 01:00:00,10374.0,10456.09
2021-01-31 02:00:00,10415.0,10387.014
2021-01-31 03:00:00,10447.0,10394.04
2021-01-31 04:00:00,10639.0,10536.91
2021-01-31 05:00:00,10659.0,10672.992
2021-01-31 06:00:00,10812.0,10804.607
2021-01-31 07:00:00,10962.0,10920.859
2021-01-31 08:00:00,11180.0,11079.825
2021-01-31 09:00:00,11287.0,11211.027
2021-01-31 10:00:00,11297.0,11256.556
2021-01-31 11:00:00,11139.0,11265.325
2021-01-31 12:00:00,11079.0,11158.649
2021-01-31 13:00:00,11109.0,11185.916
2021-01-31 14:00:00,11352.0,11361.101
2021-01-31 15:00:00,11862.0,11514.167
2021-01-31 16:00:00,11959.0,11787.957
2021-01-31 17:00:00,11947.0,11846.219
2021-01-31 18:00:00,11672.0,11703.635
2021-01-31 19:00:00,11308.0,11227.952
2021-01-31 20:00:00,11598.0,11402.589
2021-01-31 21:00:00,11492.0,11439.043
2021-01-31 22:00:00,11166.0,11168.638
2021-01-31 23:00:00,10969.0,10965.767
2021-02-01 00:00:00,11635.0,11050.411
2021-02-01 01:00:00,11767.0,11558.42
2021-02-01 02:00:00,11904.5,11668.441
2021-02-01 03:00:00,11358.0,11831.898
2021-02-01 04:00:00,12140.0,11690.421
2021-02-01 05:00:00,12497.0,12454.185
2021-02-01 06:00:00,12644.0,12560.222
2021-02-01 07:00:00,12495.0,12546.942
2021-02-01 08:00:00,12560.0,12353.137
2021-02-01 09:00:00,12593.0,12438.257
2021-02-01 10:00:00,12573.0,12521.73
2021-02-01 11:00:00,12423.0,12403.676
2021-02-01 12:00:00,12362.0,12329.866
2021-02-01 13:00:00,12300.0,12340.993
2021-02-01 14:00:00,12354.0,12345.424
2021-02-01 15:00:00,12660.0,12532.167
2021-02-01 16:00:00,12650.0,12720.766
2021-02-01 17:00:00,12645.0,12679.331
2021-02-01 18:00:00,12416.0,12478.804
2021-02-01 19:00:00,12051.0,11977.63
2021-02-01 20:00:00,12237.0,12097.627
2021-02-01 21:00:00,11990.0,11980.451
2021-02-01 22:00:00,11629.0,11911.668
2021-02-01 23:00:00,12362.0,11772.353
2021-02-02 00:00:00,12362.0,12317.629
2021-02-02 01:00:00,12389.0,12361.613
2021-02-02 02:00:00,12476.5,12348.728
2021-02-02 03:00:00,12563.0,12280.014
2021-02-02 04:00:00,12362.0,12424.298
2021-02-02 05:00:00,12769.0,12596.437
2021-02-02 06:00:00,12867.0,12792.362
2021-02-02 07:00:00,12831.0,12697.858
2021-02-02 08:00:00,12898.0,12711.339
2021-02-02 09:00:00,12903.0,12710.67
2021-02-02 10:00:00,12794.0,12694.61
2021-02-02 11:00:00,12662.0,12676.537
2021-02-02 12:00:00,12589.0,12538.162
2021-02-02 13:00:00,12537.0,12575.9375
2021-02-02 14:00:00,12597.0,12596.697
2021-02-02 15:00:00,13025.0,12789.663
2021-02-02 16:00:00,13016.0,13050.932
2021-02-02 17:00:00,13034.0,13025.112
2021-02-02 18:00:00,12842.0,12791.36
2021-02-02 19:00:00,12315.0,12399.914
2021-02-02 20:00:00,12436.0,12245.966
2021-02-02 21:00:00,12199.0,12108.63
2021-02-02 22:00:00,11778.0,11907.486
2021-02-02 23:00:00,12593.0,12030.325
2021-02-03 00:00:00,12593.0,12622.421
2021-02-03 01:00:00,12601.5,12646.541
2021-02-03 02:00:00,12601.5,12629.432
2021-02-03 03:00:00,11711.0,12577.178
2021-02-03 04:00:00,12531.0,12124.552
2021-02-03 05:00:00,12928.0,12785.378
2021-02-03 06:00:00,12990.0,13067.777
2021-02-03 07:00:00,12967.0,12895.181
2021-02-03 08:00:00,12982.0,12885.731
2021-02-03 09:00:00,12887.0,12872.042
2021-02-03 10:00:00,12834.0,12683.453
2021-02-03 11:00:00,12713.0,12663.551
2021-02-03 12:00:00,12606.0,12603.973
2021-02-03 13:00:00,12587.0,12569.62
2021-02-03 14:00:00,12664.0,12582.957
2021-02-03 15:00:00,13140.0,12886.862
2021-02-03 16:00:00,13275.0,13288.682
2021-02-03 17:00:00,13365.0,13407.236
2021-02-03 18:00:00,13089.0,13146.777
2021-02-03 19:00:00,12568.0,12516.13
2021-02-03 20:00:00,12673.0,12538.648
2021-02-03 21:00:00,12384.0,12370.543
2021-02-03 22:00:00,12014.0,12054.848
2021-02-03 23:00:00,11775.0,12066.251
2021-02-04 00:00:00,11656.0,12247.833
2021-02-04 01:00:00,11646.0,11990.4795
2021-02-04 02:00:00,11779.0,11983.092
2021-02-04 03:00:00,12134.0,11875.283
2021-02-04 04:00:00,12921.0,12501.585
2021-02-04 05:00:00,13177.0,13195.509
2021-02-04 06:00:00,13145.0,13272.388
2021-02-04 07:00:00,13077.0,13083.129
2021-02-04 08:00:00,12936.0,12949.713
2021-02-04 09:00:00,12851.0,12886.877
2021-02-04 10:00:00,12846.0,12718.479
2021-02-04 11:00:00,12698.0,12678.178
2021-02-04 12:00:00,12664.0,12613.384
2021-02-04 13:00:00,12579.0,12576.814
2021-02-04 14:00:00,12610.0,12605.192
2021-02-04 15:00:00,12967.0,12903.98
2021-02-04 16:00:00,13021.0,13160.39
2021-02-04 17:00:00,13095.0,13105.315
2021-02-04 18:00:00,12990.0,12890.776
2021-02-04 19:00:00,12569.0,12512.846
2021-02-04 20:00:00,12665.0,12531.178
2021-02-04 21:00:00,12402.0,12392.119
2021-02-04 22:00:00,12059.0,12050.064
2021-02-04 23:00:00,11837.0,11955.853
2021-02-05 00:00:00,11744.0,11909.289
2021-02-05 01:00:00,12978.5,11868.126
2021-02-05 02:00:00,11986.0,12761.153
2021-02-05 03:00:00,12397.0,12110.954
2021-02-05 04:00:00,13173.0,12714.751
2021-02-05 05:00:00,13561.0,13410.72
2021-02-05 06:00:00,13629.0,13649.745
2021-02-05 07:00:00,13563.0,13538.089
2021-02-05 08:00:00,13642.0,13500.886
2021-02-05 09:00:00,13544.0,13488.019
2021-02-05 10:00:00,13430.0,13472.161
2021-02-05 11:00:00,13223.0,13208.614
2021-02-05 12:00:00,13062.0,13036.147
2021-02-05 13:00:00,12972.0,12925.12
2021-02-05 14:00:00,12941.0,13065.831
2021-02-05 15:00:00,13417.0,13255.021
2021-02-05 16:00:00,13608.0,13492.052
2021-02-05 17:00:00,13571.0,13623.719
2021-02-05 18:00:00,13233.0,13429.517
2021-02-05 19:00:00,12823.0,12695.203
2021-02-05 20:00:00,12894.0,12865.639
2021-02-05 21:00:00,12602.0,12647.313
2021-02-05 22:00:00,12203.0,12200.007
2021-02-05 23:00:00,11896.0,11955.808
2021-02-06 00:00:00,11669.0,11774.157
2021-02-06 01:00:00,11608.0,11820.589
2021-02-06 02:00:00,11606.0,11639.951
2021-02-06 03:00:00,11698.0,11649.84
2021-02-06 04:00:00,11984.0,11920.692
2021-02-06 05:00:00,12064.0,11980.148
2021-02-06 06:00:00,12156.0,12252.891
2021-02-06 07:00:00,12342.0,12238.41
2021-02-06 08:00:00,12519.0,12460.851
2021-02-06 09:00:00,12514.0,12570.885
2021-02-06 10:00:00,12332.0,12537.572
2021-02-06 11:00:00,12211.0,12340.104
2021-02-06 12:00:00,12152.0,12196.366
2021-02-06 13:00:00,12162.0,12222.183
2021-02-06 14:00:00,12333.0,12408.488
2021-02-06 15:00:00,12258.0,12710.674
2021-02-06 16:00:00,12258.0,12490.266
2021-02-06 17:00:00,12258.0,12471.587
2021-02-06 18:00:00,12771.0,12226.711
2021-02-06 19:00:00,12314.0,12381.704
2021-02-06 20:00:00,12414.0,12344.979
2021-02-06 21:00:00,12305.0,12248.527
2021-02-06 22:00:00,11861.0,11843.132
2021-02-06 23:00:00,11512.0,11489.162
2021-02-07 00:00:00,11286.0,11321.1045
2021-02-07 01:00:00,11085.0,11223.104
2021-02-07 02:00:00,11079.0,11266.31
2021-02-07 03:00:00,11097.0,11151.147
2021-02-07 04:00:00,11237.0,11259.926
2021-02-07 05:00:00,11263.0,11390.782
2021-02-07 06:00:00,11300.0,11474.598
2021-02-07 07:00:00,11459.0,11454.441
2021-02-07 08:00:00,11709.0,11583.287
2021-02-07 09:00:00,11784.0,11779.997
2021-02-07 10:00:00,11765.0,11767.25
2021-02-07 11:00:00,11621.0,11691.632
2021-02-07 12:00:00,11545.0,11556.744
2021-02-07 13:00:00,11506.0,11636.671
2021-02-07 14:00:00,11529.0,11656.542
2021-02-07 15:00:00,12025.0,11801.96
2021-02-07 16:00:00,12221.0,12131.271
2021-02-07 17:00:00,12207.0,12225.051
2021-02-07 18:00:00,11954.0,12074.482
2021-02-07 19:00:00,11550.0,11652.258
2021-02-07 20:00:00,11801.0,11802.451
2021-02-07 21:00:00,11684.0,11794.656
2021-02-07 22:00:00,11341.0,11398.446
2021-02-07 23:00:00,11056.0,11142.651
2021-02-08 00:00:00,10900.0,11376.744
2021-02-08 01:00:00,11989.5,11302.954
2021-02-08 02:00:00,12116.0,11970.154
2021-02-08 03:00:00,11432.0,12188.702
2021-02-08 04:00:00,12265.0,11847.217
2021-02-08 05:00:00,12659.0,12644.607
2021-02-08 06:00:00,12681.0,12784.832
2021-02-08 07:00:00,12792.0,12611.0205
2021-02-08 08:00:00,12814.0,12757.459
2021-02-08 09:00:00,12784.0,12781.462
2021-02-08 10:00:00,12611.0,12693.2705
2021-02-08 11:00:00,12538.0,12557.361
2021-02-08 12:00:00,12520.0,12481.663
2021-02-08 13:00:00,12406.0,12518.377
2021-02-08 14:00:00,12386.0,12513.607
2021-02-08 15:00:00,12772.0,12598.8955
2021-02-08 16:00:00,12872.0,12877.246
2021-02-08 17:00:00,12969.0,12895.561
2021-02-08 18:00:00,12742.0,12799.648
2021-02-08 19:00:00,12391.0,12367.244
2021-02-08 20:00:00,12469.0,12400.136
2021-02-08 21:00:00,12325.0,12202.067
2021-02-08 22:00:00,12061.0,12047.398
2021-02-08 23:00:00,11795.0,11981.068
2021-02-09 00:00:00,11612.0,11722.793
2021-02-09 01:00:00,12757.0,11699.605
2021-02-09 02:00:00,11757.0,12558.706
2021-02-09 03:00:00,12150.0,11627.374
2021-02-09 04:00:00,12891.0,12450.101
2021-02-09 05:00:00,13343.0,12994.982
2021-02-09 06:00:00,13360.0,13413.981
2021-02-09 07:00:00,13383.0,13245.17
2021-02-09 08:00:00,13349.0,13227.661
2021-02-09 09:00:00,13234.0,13225.62
2021-02-09 10:00:00,13061.0,13003.236
2021-02-09 11:00:00,12910.0,12836.562
2021-02-09 12:00:00,12869.0,12863.716
2021-02-09 13:00:00,12847.0,12769.257
2021-02-09 14:00:00,12853.0,12875.755
2021-02-09 15:00:00,13366.0,12992.918
2021-02-09 16:00:00,13478.0,13435.637
2021-02-09 17:00:00,13554.0,13422.239
2021-02-09 18:00:00,13323.0,13386.871
2021-02-09 19:00:00,12882.0,12875.081
2021-02-09 20:00:00,12948.0,12851.249
2021-02-09 21:00:00,12742.0,12729.709
2021-02-09 22:00:00,12359.0,12534.483
2021-02-09 23:00:00,12128.0,12228.0
2021-02-10 00:00:00,11978.0,12243.636
2021-02-10 01:00:00,11964.0,12319.217
2021-02-10 02:00:00,12130.0,11968.026
2021-02-10 03:00:00,12490.0,12328.795
2021-02-10 04:00:00,13216.0,12865.873
2021-02-10 05:00:00,13614.0,13396.544
2021-02-10 06:00:00,13632.0,13629.202
2021-02-10 07:00:00,13570.0,13504.053
2021-02-10 08:00:00,13499.0,13502.529
2021-02-10 09:00:00,13394.0,13479.744
2021-02-10 10:00:00,13377.0,13209.065
2021-02-10 11:00:00,13268.0,13156.484
2021-02-10 12:00:00,13104.0,12989.878
2021-02-10 13:00:00,13045.0,13045.194
2021-02-10 14:00:00,13061.0,13019.065
2021-02-10 15:00:00,13543.0,13228.999
2021-02-10 16:00:00,13781.0,13702.317
2021-02-10 17:00:00,13847.0,13634.409
2021-02-10 18:00:00,13651.0,13765.263
2021-02-10 19:00:00,13161.0,13166.793
2021-02-10 20:00:00,13168.0,13166.662
2021-02-10 21:00:00,13020.0,12910.504
2021-02-10 22:00:00,12671.0,12658.395
2021-02-10 23:00:00,12419.0,12310.638
2021-02-11 00:00:00,12301.0,12258.783
2021-02-11 01:00:00,13517.0,12219.179
2021-02-11 02:00:00,12473.0,13349.645
2021-02-11 03:00:00,12848.0,12418.182
2021-02-11 04:00:00,13603.0,13123.685
2021-02-11 05:00:00,13921.0,13774.015
2021-02-11 06:00:00,13960.0,13979.713
2021-02-11 07:00:00,13917.0,13911.088
2021-02-11 08:00:00,13987.0,13873.708
2021-02-11 09:00:00,13915.0,13907.559
2021-02-11 10:00:00,13772.0,13863.532
2021-02-11 11:00:00,13614.0,13480.37
2021-02-11 12:00:00,13491.0,13503.872
2021-02-11 13:00:00,13380.0,13536.543
2021-02-11 14:00:00,13337.0,13397.729
2021-02-11 15:00:00,13725.0,13493.135
2021-02-11 16:00:00,13863.0,13687.604
2021-02-11 17:00:00,13860.0,13951.673
2021-02-11 18:00:00,13680.0,13764.095
2021-02-11 19:00:00,13168.0,13221.47
2021-02-11 20:00:00,13256.0,13132.637
2021-02-11 21:00:00,13108.0,12991.889
2021-02-11 22:00:00,12743.0,12842.139
2021-02-11 23:00:00,12510.0,12542.689
2021-02-12 00:00:00,12383.0,12525.962
2021-02-12 01:00:00,12336.0,12612.117
2021-02-12 02:00:00,12435.0,12441.533
2021-02-12 03:00:00,12775.0,12574.547
2021-02-12 04:00:00,13442.0,13260.554
2021-02-12 05:00:00,13684.0,13641.644
2021-02-12 06:00:00,13648.0,13825.267
2021-02-12 07:00:00,13633.0,13713.853
2021-02-12 08:00:00,13563.0,13697.554
2021-02-12 09:00:00,13478.0,13652.823
2021-02-12 10:00:00,13204.0,13317.365
2021-02-12 11:00:00,13099.0,13097.641
2021-02-12 12:00:00,12948.0,13082.009
2021-02-12 13:00:00,12916.0,12989.415
2021-02-12 14:00:00,12872.0,13102.361
2021-02-12 15:00:00,13202.0,13177.566
2021-02-12 16:00:00,13345.0,13348.112
2021-02-12 17:00:00,13267.0,13389.451
2021-02-12 18:00:00,12967.0,13034.724
2021-02-12 19:00:00,12463.0,12657.792
2021-02-12 20:00:00,12569.0,12615.517
2021-02-12 21:00:00,12290.0,12465.931
2021-02-12 22:00:00,11795.0,12034.303
2021-02-12 23:00:00,11492.0,11865.999
2021-02-13 00:00:00,11245.0,11632.375
2021-02-13 01:00:00,11140.0,11444.316
2021-02-13 02:00:00,11096.0,11457.645
2021-02-13 03:00:00,11173.0,11324.943
2021-02-13 04:00:00,11384.0,11477.061
2021-02-13 05:00:00,11468.0,11522.442
2021-02-13 06:00:00,11537.0,11709.186
2021-02-13 07:00:00,11747.0,11610.994
2021-02-13 08:00:00,11876.0,11874.268
2021-02-13 09:00:00,11744.0,11933.501
2021-02-13 10:00:00,11660.0,11797.99
2021-02-13 11:00:00,11533.0,11612.033
2021-02-13 12:00:00,11493.0,11484.527
2021-02-13 13:00:00,11532.0,11588.365
2021-02-13 14:00:00,11722.0,11753.472
2021-02-13 15:00:00,11532.5,12037.139
2021-02-13 16:00:00,11532.5,11705.023
2021-02-13 17:00:00,11532.5,11603.304
2021-02-13 18:00:00,11942.0,11456.531
2021-02-13 19:00:00,11504.0,11608.395
2021-02-13 20:00:00,11614.0,11669.131
2021-02-13 21:00:00,11506.0,11503.858
2021-02-13 22:00:00,11237.0,11139.524
2021-02-13 23:00:00,10902.0,10916.335
2021-02-14 00:00:00,10658.0,10781.096
2021-02-14 01:00:00,10596.0,10578.335
2021-02-14 02:00:00,10641.0,10572.148
2021-02-14 03:00:00,10766.0,10627.067
2021-02-14 04:00:00,10927.0,10788.27
2021-02-14 05:00:00,10943.0,11000.491
2021-02-14 06:00:00,11084.0,11155.344
2021-02-14 07:00:00,11357.0,11170.068
2021-02-14 08:00:00,11561.0,11424.885
2021-02-14 09:00:00,11527.0,11546.034
2021-02-14 10:00:00,11505.0,11446.327
2021-02-14 11:00:00,11455.0,11365.064
2021-02-14 12:00:00,11330.0,11376.472
2021-02-14 13:00:00,11409.0,11364.2
2021-02-14 14:00:00,11511.0,11589.564
2021-02-14 15:00:00,11982.0,11635.34
2021-02-14 16:00:00,12333.0,11974.883
2021-02-14 17:00:00,12371.0,12236.318
2021-02-14 18:00:00,12163.0,12078.107
2021-02-14 19:00:00,11823.0,11669.294
2021-02-14 20:00:00,12120.0,11920.753
2021-02-14 21:00:00,12055.0,11992.459
2021-02-14 22:00:00,11720.0,11703.477
2021-02-14 23:00:00,11491.0,11539.542
2021-02-15 00:00:00,11374.0,11625.868
2021-02-15 01:00:00,11369.0,11684.608
2021-02-15 02:00:00,11556.0,11588.198
2021-02-15 03:00:00,11946.0,11664.375
2021-02-15 04:00:00,12756.0,12210.264
2021-02-15 05:00:00,13122.0,12999.056
2021-02-15 06:00:00,13156.0,13198.971
2021-02-15 07:00:00,13199.0,13013.409
2021-02-15 08:00:00,13058.0,13015.095
2021-02-15 09:00:00,12886.0,12899.716
2021-02-15 10:00:00,12697.0,12685.139
2021-02-15 11:00:00,12582.0,12592.827
2021-02-15 12:00:00,12475.0,12448.304
2021-02-15 13:00:00,12373.0,12431.382
2021-02-15 14:00:00,12285.0,12460.962
2021-02-15 15:00:00,12479.0,12486.55
2021-02-15 16:00:00,12672.0,12660.864
2021-02-15 17:00:00,12571.0,12736.484
2021-02-15 18:00:00,12326.0,12453.604
2021-02-15 19:00:00,11922.0,11848.598
2021-02-15 20:00:00,11922.0,12104.1875
2021-02-15 21:00:00,11769.0,11892.643
2021-02-15 22:00:00,12349.5,11804.613
2021-02-15 23:00:00,12349.5,12205.64
2021-02-16 00:00:00,12305.5,12281.845
2021-02-16 01:00:00,12264.0,12213.758
2021-02-16 02:00:00,12221.0,12169.451
2021-02-16 03:00:00,11262.0,12185.88
2021-02-16 04:00:00,12140.0,11974.948
2021-02-16 05:00:00,12535.0,12651.832
2021-02-16 06:00:00,12459.0,12730.125
2021-02-16 07:00:00,12522.0,12516.667
2021-02-16 08:00:00,12556.0,12558.313
2021-02-16 09:00:00,12539.0,12470.46
2021-02-16 10:00:00,12391.0,12422.793
2021-02-16 11:00:00,12243.0,12263.285
2021-02-16 12:00:00,12199.0,12147.135
2021-02-16 13:00:00,12163.0,12199.282
2021-02-16 14:00:00,12160.0,12229.178
2021-02-16 15:00:00,12575.0,12301.244
2021-02-16 16:00:00,12878.0,12584.703
2021-02-16 17:00:00,12965.0,12774.462
2021-02-16 18:00:00,12865.0,12719.0205
2021-02-16 19:00:00,12418.0,12291.145
2021-02-16 20:00:00,12541.0,12284.583
2021-02-16 21:00:00,12414.0,12158.757
2021-02-16 22:00:00,12174.0,12254.176
2021-02-16 23:00:00,12019.0,12078.379
2021-02-17 00:00:00,11941.0,12103.142
2021-02-17 01:00:00,11976.0,11990.42
2021-02-17 02:00:00,12194.0,11925.533
2021-02-17 03:00:00,12613.0,12065.187
2021-02-17 04:00:00,13377.0,12450.126
2021-02-17 05:00:00,13612.0,13409.656
2021-02-17 06:00:00,13813.0,13541.789
2021-02-17 07:00:00,13859.0,13421.168
2021-02-17 08:00:00,13718.0,13776.595
2021-02-17 09:00:00,13549.0,13435.449
2021-02-17 10:00:00,13410.0,13412.09
2021-02-17 11:00:00,13190.0,13107.294
2021-02-17 12:00:00,13058.0,12947.979
2021-02-17 13:00:00,13053.0,12850.064
2021-02-17 14:00:00,13104.0,12948.53
2021-02-17 15:00:00,13417.0,13290.322
2021-02-17 16:00:00,13924.0,13496.201
2021-02-17 17:00:00,14093.0,13980.608
2021-02-17 18:00:00,13905.0,13795.881
2021-02-17 19:00:00,13459.0,13515.117
2021-02-17 20:00:00,13468.0,13321.309
2021-02-17 21:00:00,13314.0,13102.158
2021-02-17 22:00:00,13001.0,12998.905
2021-02-17 23:00:00,12723.0,12666.293
2021-02-18 00:00:00,12594.0,12570.093
2021-02-18 01:00:00,12610.0,12554.713
2021-02-18 02:00:00,12812.0,12522.5625
2021-02-18 03:00:00,13201.0,12836.225
2021-02-18 04:00:00,13914.0,13600.973
2021-02-18 05:00:00,14187.0,14138.048
2021-02-18 06:00:00,14201.0,14064.428
2021-02-18 07:00:00,14267.0,13999.656
2021-02-18 08:00:00,14160.0,13968.164
2021-02-18 09:00:00,14018.0,13930.894
2021-02-18 10:00:00,13771.0,13873.617
2021-02-18 11:00:00,13532.0,13493.449
2021-02-18 12:00:00,13359.0,13525.532
2021-02-18 13:00:00,13272.0,13306.816
2021-02-18 14:00:00,13199.0,13405.623
2021-02-18 15:00:00,13368.0,13366.312
2021-02-18 16:00:00,13560.0,13512.424
2021-02-18 17:00:00,13555.0,13702.398
2021-02-18 18:00:00,13225.0,13465.128
2021-02-18 19:00:00,12764.0,12836.123
2021-02-18 20:00:00,12782.0,12905.323
2021-02-18 21:00:00,12522.0,12711.603
2021-02-18 22:00:00,12125.0,12545.458
2021-02-18 23:00:00,12914.0,12258.181
2021-02-19 00:00:00,12902.5,13068.801
2021-02-19 01:00:00,12854.5,12854.322
2021-02-19 02:00:00,12799.5,12858.045
2021-02-19 03:00:00,12018.0,12808.925
2021-02-19 04:00:00,12658.0,12680.675
2021-02-19 05:00:00,12892.0,13014.651
2021-02-19 06:00:00,12915.0,13037.368
2021-02-19 07:00:00,13036.0,13057.699
2021-02-19 08:00:00,12984.0,13061.126
2021-02-19 09:00:00,12937.0,13040.409
2021-02-19 10:00:00,12913.0,12957.448
2021-02-19 11:00:00,12817.0,12915.017
2021-02-19 12:00:00,12709.0,12747.016
2021-02-19 13:00:00,12659.0,12672.524
2021-02-19 14:00:00,12603.0,12739.798
2021-02-19 15:00:00,12827.0,12897.682
2021-02-19 16:00:00,13077.0,13021.43
2021-02-19 17:00:00,12998.0,13076.35
2021-02-19 18:00:00,12688.0,12782.333
2021-02-19 19:00:00,12222.0,12350.733
2021-02-19 20:00:00,12207.0,12236.014
2021-02-19 21:00:00,12009.0,12000.77
2021-02-19 22:00:00,11619.0,11665.443
2021-02-19 23:00:00,11941.5,11570.14
2021-02-20 00:00:00,11921.5,11963.248
2021-02-20 01:00:00,11901.0,11950.092
2021-02-20 02:00:00,11898.0,11907.347
2021-02-20 03:00:00,11898.0,11695.768
2021-02-20 04:00:00,11311.0,11905.881
2021-02-20 05:00:00,11322.0,11459.961
2021-02-20 06:00:00,11422.0,11627.125
2021-02-20 07:00:00,11705.0,11577.079
2021-02-20 08:00:00,11882.0,11797.546
2021-02-20 09:00:00,11960.0,11921.774
2021-02-20 10:00:00,11923.0,11891.748
2021-02-20 11:00:00,11920.0,11836.214
2021-02-20 12:00:00,11861.0,11868.073
2021-02-20 13:00:00,11914.0,11914.562
2021-02-20 14:00:00,12032.0,12092.448
2021-02-20 15:00:00,12448.0,12269.633
2021-02-20 16:00:00,12807.0,12404.496
2021-02-20 17:00:00,12662.0,12661.943
2021-02-20 18:00:00,12195.0,12436.957
2021-02-20 19:00:00,11599.0,11762.718
2021-02-20 20:00:00,11685.0,11745.401
2021-02-20 21:00:00,11466.0,11561.774
2021-02-20 22:00:00,10994.0,11223.769
2021-02-20 23:00:00,10628.0,10865.781
2021-02-21 00:00:00,10404.0,10488.002
2021-02-21 01:00:00,10289.0,10283.561
2021-02-21 02:00:00,10247.0,10305.028
2021-02-21 03:00:00,10275.0,10326.203
2021-02-21 04:00:00,10435.0,10456.2
2021-02-21 05:00:00,10390.0,10564.816
2021-02-21 06:00:00,10536.0,10606.005
2021-02-21 07:00:00,10797.0,10757.977
2021-02-21 08:00:00,10976.0,10918.642
2021-02-21 09:00:00,11093.0,11062.394
2021-02-21 10:00:00,11086.0,11108.695
2021-02-21 11:00:00,11130.0,11026.315
2021-02-21 12:00:00,11078.0,11104.732
2021-02-21 13:00:00,11163.0,11157.184
2021-02-21 14:00:00,11327.0,11386.188
2021-02-21 15:00:00,11707.0,11652.058
2021-02-21 16:00:00,12075.0,11851.307
2021-02-21 17:00:00,12059.0,11994.154
2021-02-21 18:00:00,11823.0,11855.4375
2021-02-21 19:00:00,11383.0,11385.261
2021-02-21 20:00:00,11588.0,11548.972
2021-02-21 21:00:00,11525.0,11455.71
2021-02-21 22:00:00,11157.0,11157.077
2021-02-21 23:00:00,10883.0,11007.125
2021-02-22 00:00:00,11647.5,10994.309
2021-02-22 01:00:00,11765.0,11632.366
2021-02-22 02:00:00,11934.0,11712.749
2021-02-22 03:00:00,12052.0,11864.02
2021-02-22 04:00:00,12045.0,12230.951
2021-02-22 05:00:00,12394.0,12353.7
2021-02-22 06:00:00,12525.0,12566.62
2021-02-22 07:00:00,12740.0,12462.287
2021-02-22 08:00:00,12797.0,12634.823
2021-02-22 09:00:00,12813.0,12697.1875
2021-02-22 10:00:00,12796.0,12676.392
2021-02-22 11:00:00,12734.0,12670.425
2021-02-22 12:00:00,12651.0,12605.371
2021-02-22 13:00:00,12607.0,12572.609
2021-02-22 14:00:00,12548.0,12637.577
2021-02-22 15:00:00,12693.0,12655.917
2021-02-22 16:00:00,13031.0,12833.614
2021-02-22 17:00:00,13012.0,12999.987
2021-02-22 18:00:00,12784.0,12774.155
2021-02-22 19:00:00,12328.0,12347.782
2021-02-22 20:00:00,12461.0,12232.126
2021-02-22 21:00:00,12244.0,12166.167
2021-02-22 22:00:00,11838.0,12124.835
2021-02-22 23:00:00,11594.0,11912.128
2021-02-23 00:00:00,12629.0,11604.521
2021-02-23 01:00:00,12650.0,12491.373
2021-02-23 02:00:00,12638.5,12429.987
2021-02-23 03:00:00,11851.0,12375.07
2021-02-23 04:00:00,12521.0,11898.172
2021-02-23 05:00:00,12768.0,12671.146
2021-02-23 06:00:00,12809.0,12717.237
2021-02-23 07:00:00,12930.0,12745.841
2021-02-23 08:00:00,12996.0,12872.5205
2021-02-23 09:00:00,13050.0,12887.359
2021-02-23 10:00:00,12995.0,12856.587
2021-02-23 11:00:00,12877.0,12843.822
2021-02-23 12:00:00,12757.0,12701.97
2021-02-23 13:00:00,12584.0,12668.222
2021-02-23 14:00:00,12555.0,12599.592
2021-02-23 15:00:00,12667.0,12711.705
2021-02-23 16:00:00,12921.0,12868.029
2021-02-23 17:00:00,12921.0,13100.41
2021-02-23 18:00:00,12628.0,12801.734
2021-02-23 19:00:00,12094.0,12193.499
2021-02-23 20:00:00,12049.0,12238.494
2021-02-23 21:00:00,11782.0,12022.676
2021-02-23 22:00:00,11380.0,11688.906
2021-02-23 23:00:00,12215.5,11470.881
2021-02-24 00:00:00,12184.5,12340.749
2021-02-24 01:00:00,12124.0,12367.791
2021-02-24 02:00:00,12090.0,12335.372
2021-02-24 03:00:00,11322.0,12019.481
2021-02-24 04:00:00,11979.0,11851.978
2021-02-24 05:00:00,12086.0,12341.719
2021-02-24 06:00:00,12154.0,12312.531
2021-02-24 07:00:00,12277.0,12211.366
2021-02-24 08:00:00,12315.0,12309.177
2021-02-24 09:00:00,12484.0,12305.798
2021-02-24 10:00:00,12417.0,12405.674
2021-02-24 11:00:00,12215.0,12339.262
2021-02-24 12:00:00,12068.0,12139.852
2021-02-24 13:00:00,12007.0,12047.069
2021-02-24 14:00:00,11868.0,12080.518
2021-02-24 15:00:00,11984.0,12165.3545
2021-02-24 16:00:00,12209.0,12229.387
2021-02-24 17:00:00,12121.0,12333.979
2021-02-24 18:00:00,11828.0,12044.806
2021-02-24 19:00:00,11232.0,11519.912
2021-02-24 20:00:00,11188.0,11564.659
2021-02-24 21:00:00,10897.0,11306.124
2021-02-24 22:00:00,11146.0,11251.846
2021-02-24 23:00:00,11112.0,11529.14
2021-02-25 00:00:00,11105.5,11499.851
2021-02-25 01:00:00,11067.0,11486.768
2021-02-25 02:00:00,11020.5,11286.823
2021-02-25 03:00:00,11005.5,11231.628
2021-02-25 04:00:00,10837.0,11327.519
2021-02-25 05:00:00,11002.0,11353.883
2021-02-25 06:00:00,11032.0,11298.451
2021-02-25 07:00:00,11115.0,11186.393
2021-02-25 08:00:00,11109.0,11235.681
2021-02-25 09:00:00,11177.0,11212.735
2021-02-25 10:00:00,11102.0,11213.933
2021-02-25 11:00:00,11009.0,11139.945
2021-02-25 12:00:00,10916.0,11049.019
2021-02-25 13:00:00,10907.0,11102.729
2021-02-25 14:00:00,10861.0,11136.594
2021-02-25 15:00:00,11010.0,11252.449
2021-02-25 16:00:00,11318.0,11300.566
2021-02-25 17:00:00,11372.0,11477.863
2021-02-25 18:00:00,10981.0,11365.416
2021-02-25 19:00:00,10512.0,10865.236
2021-02-25 20:00:00,10614.0,10938.33
2021-02-25 21:00:00,10375.0,10640.55
2021-02-25 22:00:00,9941.0,10709.81
2021-02-25 23:00:00,10822.0,10547.067
2021-02-26 00:00:00,10743.0,10965.026
2021-02-26 01:00:00,10666.0,11017.656
2021-02-26 02:00:00,10632.5,10910.3955
2021-02-26 03:00:00,9854.0,10691.697
2021-02-26 04:00:00,10540.0,10346.646
2021-02-26 05:00:00,10681.0,10991.092
2021-02-26 06:00:00,10805.0,11018.447
2021-02-26 07:00:00,10918.0,10947.666
2021-02-26 08:00:00,10920.0,10962.443
2021-02-26 09:00:00,10863.0,10961.374
2021-02-26 10:00:00,10839.0,10868.337
2021-02-26 11:00:00,10651.0,10848.84
2021-02-26 12:00:00,10584.0,10709.094
2021-02-26 13:00:00,10543.0,10758.833
2021-02-26 14:00:00,10557.0,10804.84
2021-02-26 15:00:00,10692.0,10941.873
2021-02-26 16:00:00,11171.0,11057.362
2021-02-26 17:00:00,11212.0,11254.474
2021-02-26 18:00:00,10912.0,11111.173
2021-02-26 19:00:00,10491.0,10554.846
2021-02-26 20:00:00,10569.0,10621.861
2021-02-26 21:00:00,10327.0,10344.895
2021-02-26 22:00:00,9855.0,10025.05
2021-02-26 23:00:00,10158.0,9967.716
2021-02-27 00:00:00,10126.0,10198.277
2021-02-27 01:00:00,10076.5,10168.564
2021-02-27 02:00:00,10016.5,10077.68
2021-02-27 03:00:00,10016.5,9894.628
2021-02-27 04:00:00,9724.0,10028.134
2021-02-27 05:00:00,9641.0,9823.026
2021-02-27 06:00:00,9874.0,9848.523
2021-02-27 07:00:00,10124.0,9995.949
2021-02-27 08:00:00,10188.0,10192.232
2021-02-27 09:00:00,10128.0,10227.196
2021-02-27 10:00:00,10029.0,10096.619
2021-02-27 11:00:00,10004.0,9965.366
2021-02-27 12:00:00,9914.0,9985.467
2021-02-27 13:00:00,9906.0,9991.704
2021-02-27 14:00:00,10115.0,10060.901
2021-02-27 15:00:00,10458.0,10424.677
2021-02-27 16:00:00,10016.5,10718.278
2021-02-27 17:00:00,10016.5,10335.474
2021-02-27 18:00:00,10657.0,10238.761
2021-02-27 19:00:00,10215.0,10299.962
2021-02-27 20:00:00,10356.0,10288.801
2021-02-27 21:00:00,10212.0,10131.994
2021-02-27 22:00:00,9802.0,9856.68
2021-02-27 23:00:00,9424.0,9625.692
2021-02-28 00:00:00,9269.0,9319.821
2021-02-28 01:00:00,9157.0,9274.691
2021-02-28 02:00:00,9151.0,9182.632
2021-02-28 03:00:00,9201.0,9217.457
2021-02-28 04:00:00,9388.0,9294.783
2021-02-28 05:00:00,9233.0,9448.074
2021-02-28 06:00:00,9414.0,9461.609
2021-02-28 07:00:00,9619.0,9549.928
2021-02-28 08:00:00,9611.0,9699.477
2021-02-28 09:00:00,9637.0,9639.103
2021-02-28 10:00:00,9565.0,9605.674
2021-02-28 11:00:00,9428.0,9499.737
2021-02-28 12:00:00,9333.0,9462.105
2021-02-28 13:00:00,9319.0,9423.458
2021-02-28 14:00:00,9398.0,9569.514
2021-02-28 15:00:00,9648.0,9691.522
2021-02-28 16:00:00,9556.5,9828.47
2021-02-28 17:00:00,9565.0,9657.891
2021-02-28 18:00:00,9588.0,9639.997
2021-02-28 19:00:00,9739.0,9621.096
2021-02-28 20:00:00,9957.0,9903.303
2021-02-28 21:00:00,9845.0,9884.912
2021-02-28 22:00:00,9565.0,9518.613
2021-02-28 23:00:00,9269.0,9297.654
2021-03-01 00:00:00,9117.0,9392.133
2021-03-01 01:00:00,9037.0,9417.04
2021-03-01 02:00:00,9137.0,9303.179
2021-03-01 03:00:00,9548.0,9480.752
2021-03-01 04:00:00,10305.0,9899.293
2021-03-01 05:00:00,10563.0,10598.975
2021-03-01 06:00:00,10795.0,10783.734
2021-03-01 07:00:00,10915.0,10888.581
2021-03-01 08:00:00,10849.0,10959.949
2021-03-01 09:00:00,10755.0,10880.609
2021-03-01 10:00:00,10762.0,10761.146
2021-03-01 11:00:00,10629.0,10750.932
2021-03-01 12:00:00,10518.0,10562.678
2021-03-01 13:00:00,10408.0,10508.492
2021-03-01 14:00:00,10299.0,10459.382
2021-03-01 15:00:00,10366.0,10446.711
2021-03-01 16:00:00,10819.0,10701.877
2021-03-01 17:00:00,10907.0,11046.514
2021-03-01 18:00:00,10696.0,10871.741
2021-03-01 19:00:00,10239.0,10460.887
2021-03-01 20:00:00,10263.0,10312.9
2021-03-01 21:00:00,10105.0,10118.213
2021-03-01 22:00:00,9687.0,10079.939
2021-03-01 23:00:00,10387.0,9863.837
2021-03-02 00:00:00,10377.0,10576.038
2021-03-02 01:00:00,10339.0,10591.104
2021-03-02 02:00:00,10305.5,10575.85
2021-03-02 03:00:00,9524.0,10232.923
2021-03-02 04:00:00,10312.0,10290.317
2021-03-02 05:00:00,10536.0,10722.65
2021-03-02 06:00:00,10707.0,10861.569
2021-03-02 07:00:00,10646.0,10910.64
2021-03-02 08:00:00,10605.0,10780.951
2021-03-02 09:00:00,10626.0,10762.307
2021-03-02 10:00:00,10504.0,10718.791
2021-03-02 11:00:00,10388.0,10602.238
2021-03-02 12:00:00,10266.0,10530.758
2021-03-02 13:00:00,10203.0,10349.983
2021-03-02 14:00:00,10190.0,10346.77
2021-03-02 15:00:00,10250.0,10415.57
2021-03-02 16:00:00,10769.0,10706.125
2021-03-02 17:00:00,10944.0,11107.393
2021-03-02 18:00:00,10772.0,10912.641
2021-03-02 19:00:00,10276.0,10491.255
2021-03-02 20:00:00,10354.0,10271.577
2021-03-02 21:00:00,10130.0,10146.833
2021-03-02 22:00:00,10315.0,9892.403
2021-03-02 23:00:00,10315.0,10340.935
2021-03-03 00:00:00,10315.0,10429.2295
2021-03-03 01:00:00,10408.0,10418.729
2021-03-03 02:00:00,10501.5,10449.052
2021-03-03 03:00:00,10546.0,10306.911
2021-03-03 04:00:00,10462.0,10494.838
2021-03-03 05:00:00,10661.0,10688.616
2021-03-03 06:00:00,10763.0,10797.066
2021-03-03 07:00:00,10758.0,10754.747
2021-03-03 08:00:00,10752.0,10734.383
2021-03-03 09:00:00,10765.0,10788.115
2021-03-03 10:00:00,10679.0,10729.829
2021-03-03 11:00:00,10631.0,10597.293
2021-03-03 12:00:00,10568.0,10561.543
2021-03-03 13:00:00,10541.0,10582.777
2021-03-03 14:00:00,10551.0,10574.476
2021-03-03 15:00:00,10683.0,10639.275
2021-03-03 16:00:00,11098.0,10908.657
2021-03-03 17:00:00,10599.5,11191.353
2021-03-03 18:00:00,11014.0,10579.858
2021-03-03 19:00:00,10506.0,10640.929
2021-03-03 20:00:00,10524.0,10454.181
2021-03-03 21:00:00,10371.0,10338.557
2021-03-03 22:00:00,10002.0,10188.481
2021-03-03 23:00:00,10599.5,10349.508
2021-03-04 00:00:00,10625.5,10586.733
2021-03-04 01:00:00,10756.0,10606.177
2021-03-04 02:00:00,10833.5,10707.629
2021-03-04 03:00:00,10223.0,10677.141
2021-03-04 04:00:00,10829.0,10334.139
2021-03-04 05:00:00,10979.0,10996.226
2021-03-04 06:00:00,11123.0,11072.948
2021-03-04 07:00:00,11244.0,11083.235
2021-03-04 08:00:00,11185.0,11158.775
2021-03-04 09:00:00,11166.0,11105.47
2021-03-04 10:00:00,11030.0,11065.667
2021-03-04 11:00:00,10937.0,10898.699
2021-03-04 12:00:00,10875.0,10858.454
2021-03-04 13:00:00,10838.0,10848.874
2021-03-04 14:00:00,10866.0,10835.685
2021-03-04 15:00:00,11107.0,10955.1045
2021-03-04 16:00:00,11518.0,11257.443
2021-03-04 17:00:00,11718.0,11542.7
2021-03-04 18:00:00,11527.0,11490.049
2021-03-04 19:00:00,11062.0,11049.501
2021-03-04 20:00:00,11228.0,10964.262
2021-03-04 21:00:00,11098.0,10916.87
2021-03-04 22:00:00,10688.0,10801.835
2021-03-04 23:00:00,10507.0,10712.664
2021-03-05 00:00:00,10383.0,10588.802
2021-03-05 01:00:00,10348.0,10472.239
2021-03-05 02:00:00,10498.0,10460.576
2021-03-05 03:00:00,10844.0,10326.485
2021-03-05 04:00:00,11432.0,10797.355
2021-03-05 05:00:00,11632.0,11587.162
2021-03-05 06:00:00,11810.0,11638.9795
2021-03-05 07:00:00,11789.0,11699.204
2021-03-05 08:00:00,11641.0,11669.912
2021-03-05 09:00:00,11586.0,11540.686
2021-03-05 10:00:00,11433.0,11456.616
2021-03-05 11:00:00,11224.0,11308.92
2021-03-05 12:00:00,11081.0,11151.54
2021-03-05 13:00:00,10953.0,11024.525
2021-03-05 14:00:00,11036.0,10997.8545
2021-03-05 15:00:00,11219.0,11127.473
2021-03-05 16:00:00,11696.0,11405.286
2021-03-05 17:00:00,11902.0,11717.419
2021-03-05 18:00:00,11707.0,11698.924
2021-03-05 19:00:00,11289.0,11248.852
2021-03-05 20:00:00,11364.0,11302.58
2021-03-05 21:00:00,11175.0,11127.295
2021-03-05 22:00:00,10816.0,10741.612
2021-03-05 23:00:00,10562.0,10556.627
2021-03-06 00:00:00,10414.0,10515.689
2021-03-06 01:00:00,10369.0,10355.187
2021-03-06 02:00:00,10378.0,10360.223
2021-03-06 03:00:00,10480.0,10340.842
2021-03-06 04:00:00,10726.0,10412.835
2021-03-06 05:00:00,10581.0,10662.39
2021-03-06 06:00:00,10816.0,10740.483
2021-03-06 07:00:00,10979.0,10914.533
2021-03-06 08:00:00,11116.0,11029.216
2021-03-06 09:00:00,11154.0,11099.689
2021-03-06 10:00:00,11068.0,11065.911
2021-03-06 11:00:00,10987.0,10935.392
2021-03-06 12:00:00,10868.0,10924.821
2021-03-06 13:00:00,10865.0,10878.352
2021-03-06 14:00:00,10953.0,10977.015
2021-03-06 15:00:00,11224.0,11120.46
2021-03-06 16:00:00,10866.5,11323.54
2021-03-06 17:00:00,11654.0,10961.729
2021-03-06 18:00:00,11209.0,11453.844
2021-03-06 19:00:00,10735.0,10958.934
2021-03-06 20:00:00,10873.0,10960.278
2021-03-06 21:00:00,10766.0,10787.581
2021-03-06 22:00:00,10497.0,10376.911
2021-03-06 23:00:00,10277.0,10231.619
2021-03-07 00:00:00,10092.0,10065.769
2021-03-07 01:00:00,10006.0,9951.246
2021-03-07 02:00:00,10046.0,9912.656
2021-03-07 03:00:00,10161.0,9957.27
2021-03-07 04:00:00,10321.0,10115.178
2021-03-07 05:00:00,10173.0,10378.204
2021-03-07 06:00:00,10382.0,10305.208
2021-03-07 07:00:00,10609.0,10485.623
2021-03-07 08:00:00,10837.0,10648.057
2021-03-07 09:00:00,10962.0,10802.506
2021-03-07 10:00:00,10882.0,10874.102
2021-03-07 11:00:00,10831.0,10749.719
2021-03-07 12:00:00,10718.0,10715.359
2021-03-07 13:00:00,10674.0,10708.685
2021-03-07 14:00:00,10754.0,10726.017
2021-03-07 15:00:00,10934.0,10903.939
2021-03-07 16:00:00,11473.0,11000.041
2021-03-07 17:00:00,10834.0,11385.905
2021-03-07 18:00:00,11369.0,10795.7705
2021-03-07 19:00:00,11003.0,10927.854
2021-03-07 20:00:00,11154.0,11045.193
2021-03-07 21:00:00,11072.0,10929.06
2021-03-07 22:00:00,10731.0,10631.988
2021-03-07 23:00:00,10550.0,10516.4
2021-03-08 00:00:00,10536.0,10560.764
2021-03-08 01:00:00,10544.0,10582.865
2021-03-08 02:00:00,10668.0,10568.484
2021-03-08 03:00:00,11025.0,10683.914
2021-03-08 04:00:00,11712.0,11259.293
2021-03-08 05:00:00,11924.0,12018.996
2021-03-08 06:00:00,12186.0,12018.9795
2021-03-08 07:00:00,12188.0,12153.138
2021-03-08 08:00:00,11932.0,12140.509
2021-03-08 09:00:00,11836.0,11875.366
2021-03-08 10:00:00,11667.0,11746.413
2021-03-08 11:00:00,11441.0,11552.307
2021-03-08 12:00:00,11283.0,11374.083
2021-03-08 13:00:00,11224.0,11284.181
2021-03-08 14:00:00,11226.0,11316.832
2021-03-08 15:00:00,11343.0,11365.885
2021-03-08 16:00:00,11833.0,11522.917
2021-03-08 17:00:00,12086.0,11835.456
2021-03-08 18:00:00,12013.0,11919.879
2021-03-08 19:00:00,11705.0,11582.105
2021-03-08 20:00:00,11902.0,11684.642
2021-03-08 21:00:00,11716.0,11644.683
2021-03-08 22:00:00,11378.0,11502.402
2021-03-08 23:00:00,11092.0,11243.927
2021-03-09 00:00:00,10971.0,11186.3125
2021-03-09 01:00:00,10943.0,11070.686
2021-03-09 02:00:00,10997.0,11009.565
2021-03-09 03:00:00,11342.0,10993.397
2021-03-09 04:00:00,12020.0,11495.937
2021-03-09 05:00:00,12090.0,12209.317
2021-03-09 06:00:00,12253.0,12140.071
2021-03-09 07:00:00,12282.0,12158.399
2021-03-09 08:00:00,12233.0,12144.51
2021-03-09 09:00:00,12203.0,12089.3
2021-03-09 10:00:00,12092.0,12072.8545
2021-03-09 11:00:00,11934.0,11926.472
2021-03-09 12:00:00,11882.0,11814.234
2021-03-09 13:00:00,11838.0,11819.359
2021-03-09 14:00:00,11828.0,11813.938
2021-03-09 15:00:00,11950.0,11823.197
2021-03-09 16:00:00,12353.0,12016.884
2021-03-09 17:00:00,12777.0,12385.177
2021-03-09 18:00:00,12702.0,12536.221
2021-03-09 19:00:00,12352.0,12349.368
2021-03-09 20:00:00,12457.0,12289.968
2021-03-09 21:00:00,12405.0,12149.736
2021-03-09 22:00:00,12073.0,12149.358
2021-03-09 23:00:00,11919.0,11938.905
2021-03-10 00:00:00,11801.0,11874.933
2021-03-10 01:00:00,11878.0,11847.244
2021-03-10 02:00:00,12046.0,11864.8
2021-03-10 03:00:00,12345.0,12006.473
2021-03-10 04:00:00,12975.0,12348.001
2021-03-10 05:00:00,13123.0,13142.549
2021-03-10 06:00:00,12428.0,13251.932
2021-03-10 07:00:00,13242.0,12462.637
2021-03-10 08:00:00,13066.0,13011.387
2021-03-10 09:00:00,12912.0,12873.686
2021-03-10 10:00:00,12655.0,12823.62
2021-03-10 11:00:00,12451.0,12482.0625
2021-03-10 12:00:00,12224.0,12337.619
2021-03-10 13:00:00,12208.0,12189.77
2021-03-10 14:00:00,12192.0,12228.367
2021-03-10 15:00:00,12229.0,12280.4375
2021-03-10 16:00:00,12706.0,12416.864
2021-03-10 17:00:00,13145.0,12772.669
2021-03-10 18:00:00,12949.0,12952.805
2021-03-10 19:00:00,12467.0,12482.039
2021-03-10 20:00:00,12517.0,12374.303
2021-03-10 21:00:00,12330.0,12267.636
2021-03-10 22:00:00,12030.0,12121.772
2021-03-10 23:00:00,11731.0,11906.381
2021-03-11 00:00:00,11608.0,11658.013
2021-03-11 01:00:00,11631.0,11571.388
2021-03-11 02:00:00,11705.0,11603.4375
2021-03-11 03:00:00,12075.0,11760.231
2021-03-11 04:00:00,12650.0,12472.966
2021-03-11 05:00:00,12724.0,12812.855
2021-03-11 06:00:00,12872.0,12749.845
2021-03-11 07:00:00,12877.0,12747.849
2021-03-11 08:00:00,12777.0,12718.848
2021-03-11 09:00:00,12796.0,12623.176
2021-03-11 10:00:00,12652.0,12630.573
2021-03-11 11:00:00,12419.0,12461.816
2021-03-11 12:00:00,12236.0,12301.409
2021-03-11 13:00:00,12123.0,12166.715
2021-03-11 14:00:00,12059.0,12178.471
2021-03-11 15:00:00,12016.0,12151.603
2021-03-11 16:00:00,12209.0,12282.152
2021-03-11 17:00:00,12557.0,12409.327
2021-03-11 18:00:00,12350.0,12490.819
2021-03-11 19:00:00,11819.0,11943.023
2021-03-11 20:00:00,11916.0,11937.876
2021-03-11 21:00:00,11636.0,11772.97
2021-03-11 22:00:00,11247.0,11447.734
2021-03-11 23:00:00,11976.5,11474.527
2021-03-12 00:00:00,11952.0,11815.499
2021-03-12 01:00:00,11941.5,11776.23
2021-03-12 02:00:00,11926.0,11813.272
2021-03-12 03:00:00,11895.5,11832.443
2021-03-12 04:00:00,11778.0,12139.698
2021-03-12 05:00:00,11936.0,12091.512
2021-03-12 06:00:00,12006.0,12146.365
2021-03-12 07:00:00,12090.0,12024.183
2021-03-12 08:00:00,11947.0,12064.935
2021-03-12 09:00:00,12102.0,11936.515
2021-03-12 10:00:00,12111.0,11996.962
2021-03-12 11:00:00,11957.0,12042.055
2021-03-12 12:00:00,11875.0,11827.685
2021-03-12 13:00:00,11816.0,11810.922
2021-03-12 14:00:00,11799.0,11789.598
2021-03-12 15:00:00,11816.0,11851.066
2021-03-12 16:00:00,11999.0,11973.889
2021-03-12 17:00:00,12237.0,12066.81
2021-03-12 18:00:00,11978.0,12054.764
2021-03-12 19:00:00,11488.0,11530.094
2021-03-12 20:00:00,11495.0,11580.756
2021-03-12 21:00:00,11171.0,11301.432
2021-03-12 22:00:00,10743.0,10846.587
2021-03-12 23:00:00,10500.0,10885.526
2021-03-13 00:00:00,10285.0,10535.273
2021-03-13 01:00:00,10739.0,10296.97
2021-03-13 02:00:00,10691.0,10736.488
2021-03-13 03:00:00,10207.0,10675.769
2021-03-13 04:00:00,10295.0,10367.326
2021-03-13 05:00:00,10202.0,10336.532
2021-03-13 06:00:00,10449.0,10521.883
2021-03-13 07:00:00,10647.0,10600.409
2021-03-13 08:00:00,10770.0,10722.52
2021-03-13 09:00:00,10771.0,10786.947
2021-03-13 10:00:00,10735.0,10722.1
2021-03-13 11:00:00,10634.0,10687.653
2021-03-13 12:00:00,10546.0,10608.427
2021-03-13 13:00:00,10550.0,10700.203
2021-03-13 14:00:00,10716.0,10803.593
2021-03-13 15:00:00,10991.0,10988.564
2021-03-13 16:00:00,10592.0,11051.56
2021-03-13 17:00:00,10592.0,10728.855
2021-03-13 18:00:00,11151.0,10768.839
2021-03-13 19:00:00,10637.0,10842.054
2021-03-13 20:00:00,10709.0,10843.757
2021-03-13 21:00:00,10516.0,10695.559
2021-03-13 22:00:00,10154.0,10245.59
2021-03-13 23:00:00,9825.0,9990.626
2021-03-14 00:00:00,9602.0,9686.802
2021-03-14 01:00:00,9566.0,9517.181
2021-03-14 02:00:00,9555.0,9563.335
2021-03-14 03:00:00,9654.0,9602.174
2021-03-14 04:00:00,9693.0,9722.694
2021-03-14 05:00:00,9602.0,9711.809
2021-03-14 06:00:00,9802.0,9732.743
2021-03-14 07:00:00,10048.0,9911.871
2021-03-14 08:00:00,10178.0,10107.124
2021-03-14 09:00:00,10273.0,10218.686
2021-03-14 10:00:00,10258.0,10216.245
2021-03-14 11:00:00,10154.0,10192.061
2021-03-14 12:00:00,10091.0,10100.381
2021-03-14 13:00:00,10096.0,10150.494
2021-03-14 14:00:00,10133.0,10251.026
2021-03-14 15:00:00,10274.0,10350.968
2021-03-14 16:00:00,10595.0,10434.581
2021-03-14 17:00:00,10143.5,10510.161
2021-03-14 18:00:00,10605.0,10371.169
2021-03-14 19:00:00,10167.0,10444.844
2021-03-14 20:00:00,10405.0,10409.469
2021-03-14 21:00:00,10321.0,10325.02
2021-03-14 22:00:00,9982.0,9984.346
2021-03-14 23:00:00,9759.0,9866.225
2021-03-15 00:00:00,9650.0,9947.198
2021-03-15 01:00:00,10481.5,9960.972
2021-03-15 02:00:00,10576.5,10401.344
2021-03-15 03:00:00,9999.0,10486.528
2021-03-15 04:00:00,10558.0,10532.709
2021-03-15 05:00:00,10825.0,10881.093
2021-03-15 06:00:00,11066.0,11061.475
2021-03-15 07:00:00,11134.0,11099.644
2021-03-15 08:00:00,11187.0,11084.63
2021-03-15 09:00:00,11116.0,11138.028
2021-03-15 10:00:00,11128.0,11034.154
2021-03-15 11:00:00,10988.0,11025.067
2021-03-15 12:00:00,10950.0,10967.422
2021-03-15 13:00:00,10876.0,10986.967
2021-03-15 14:00:00,10826.0,10946.852
2021-03-15 15:00:00,10826.0,10931.84
2021-03-15 16:00:00,10932.0,11066.916
2021-03-15 17:00:00,11262.0,11098.66
2021-03-15 18:00:00,11092.0,11169.331
2021-03-15 19:00:00,10707.0,10749.495
2021-03-15 20:00:00,10783.0,10787.922
2021-03-15 21:00:00,10611.0,10584.388
2021-03-15 22:00:00,10234.0,10570.2705
2021-03-15 23:00:00,10851.0,10557.401
2021-03-16 00:00:00,10851.0,10637.976
2021-03-16 01:00:00,10826.0,10781.56
2021-03-16 02:00:00,10804.5,10776.778
2021-03-16 03:00:00,10110.0,10672.621
2021-03-16 04:00:00,10642.0,10481.498
2021-03-16 05:00:00,10958.0,10858.286
2021-03-16 06:00:00,11127.0,11120.975
2021-03-16 07:00:00,11177.0,11092.499
2021-03-16 08:00:00,11164.0,11103.097
2021-03-16 09:00:00,11165.0,11106.023
2021-03-16 10:00:00,11040.0,11067.084
2021-03-16 11:00:00,10899.0,10899.817
2021-03-16 12:00:00,10779.0,10819.694
2021-03-16 13:00:00,10685.0,10770.405
2021-03-16 14:00:00,10692.0,10734.028
2021-03-16 15:00:00,10777.0,10809.278
2021-03-16 16:00:00,10952.0,11004.333
2021-03-16 17:00:00,11394.0,11211.794
2021-03-16 18:00:00,11226.0,11275.094
2021-03-16 19:00:00,10747.0,10776.087
2021-03-16 20:00:00,10770.0,10866.973
2021-03-16 21:00:00,10601.0,10620.265
2021-03-16 22:00:00,10222.0,10502.594
2021-03-16 23:00:00,10773.5,10590.597
2021-03-17 00:00:00,10773.5,10779.762
2021-03-17 01:00:00,10773.5,10745.345
2021-03-17 02:00:00,10779.0,10780.971
2021-03-17 03:00:00,10795.0,10739.763
2021-03-17 04:00:00,10690.0,10991.844
2021-03-17 05:00:00,10924.0,11156.186
2021-03-17 06:00:00,11027.0,11086.934
2021-03-17 07:00:00,11048.0,11180.283
2021-03-17 08:00:00,11074.0,11147.395
2021-03-17 09:00:00,11075.0,11164.055
2021-03-17 10:00:00,11039.0,11031.203
2021-03-17 11:00:00,10865.0,10946.85
2021-03-17 12:00:00,10809.0,10802.023
2021-03-17 13:00:00,10781.0,10799.742
2021-03-17 14:00:00,10848.0,10814.279
2021-03-17 15:00:00,10906.0,10901.602
2021-03-17 16:00:00,11215.0,11101.014
2021-03-17 17:00:00,10885.5,11486.83
2021-03-17 18:00:00,11336.0,11085.978
2021-03-17 19:00:00,10861.0,10924.938
2021-03-17 20:00:00,10940.0,10847.495
2021-03-17 21:00:00,10768.0,10695.851
2021-03-17 22:00:00,10421.0,10581.724
2021-03-17 23:00:00,10227.0,10619.534
2021-03-18 00:00:00,10175.0,10429.323
2021-03-18 01:00:00,10091.0,10419.171
2021-03-18 02:00:00,10226.0,10361.586
2021-03-18 03:00:00,10499.0,10371.579
2021-03-18 04:00:00,10933.0,10908.91
2021-03-18 05:00:00,11183.0,11302.545
2021-03-18 06:00:00,11289.0,11416.215
2021-03-18 07:00:00,11427.0,11398.048
2021-03-18 08:00:00,11379.0,11463.919
2021-03-18 09:00:00,11256.0,11423.127
2021-03-18 10:00:00,11109.0,11195.894
2021-03-18 11:00:00,11006.0,10995.278
2021-03-18 12:00:00,10843.0,10916.521
2021-03-18 13:00:00,10801.0,10824.193
2021-03-18 14:00:00,10843.0,10880.565
2021-03-18 15:00:00,10970.0,10946.614
2021-03-18 16:00:00,11201.0,11173.056
2021-03-18 17:00:00,11724.0,11329.028
2021-03-18 18:00:00,11619.0,11541.229
2021-03-18 19:00:00,11180.0,11146.526
2021-03-18 20:00:00,11207.0,11148.823
2021-03-18 21:00:00,11072.0,10951.793
2021-03-18 22:00:00,10702.0,10724.402
2021-03-18 23:00:00,10480.0,10688.217
2021-03-19 00:00:00,10439.0,10574.907
2021-03-19 01:00:00,10486.0,10535.8
2021-03-19 02:00:00,10633.0,10503.465
2021-03-19 03:00:00,10992.0,10491.946
2021-03-19 04:00:00,11522.0,10981.511
2021-03-19 05:00:00,11829.0,11724.138
2021-03-19 06:00:00,11951.0,11825.758
2021-03-19 07:00:00,11830.0,11844.655
2021-03-19 08:00:00,11615.0,11716.851
2021-03-19 09:00:00,11496.0,11550.9375
2021-03-19 10:00:00,11308.0,11398.1875
2021-03-19 11:00:00,11188.0,11216.028
2021-03-19 12:00:00,11079.0,11100.763
2021-03-19 13:00:00,11094.0,11031.596
2021-03-19 14:00:00,11185.0,11142.214
2021-03-19 15:00:00,11290.0,11273.627
2021-03-19 16:00:00,11437.0,11468.199
2021-03-19 17:00:00,11944.0,11581.5625
2021-03-19 18:00:00,11736.0,11786.428
2021-03-19 19:00:00,11367.0,11272.003
2021-03-19 20:00:00,11461.0,11339.435
2021-03-19 21:00:00,11273.0,11225.751
2021-03-19 22:00:00,10910.0,10825.446
2021-03-19 23:00:00,10637.0,10610.576
2021-03-20 00:00:00,10430.0,10510.986
2021-03-20 01:00:00,10352.0,10394.1
2021-03-20 02:00:00,10853.5,10339.747
2021-03-20 03:00:00,10373.0,10619.031
2021-03-20 04:00:00,10348.0,10254.992
2021-03-20 05:00:00,10385.0,10331.516
2021-03-20 06:00:00,10657.0,10522.724
2021-03-20 07:00:00,10829.0,10708.945
2021-03-20 08:00:00,10926.0,10828.277
2021-03-20 09:00:00,10946.0,10873.648
2021-03-20 10:00:00,10878.0,10854.312
2021-03-20 11:00:00,10805.0,10754.975
2021-03-20 12:00:00,10735.0,10727.7
2021-03-20 13:00:00,10705.0,10777.13
2021-03-20 14:00:00,10811.0,10861.426
2021-03-20 15:00:00,11053.0,10966.139
2021-03-20 16:00:00,11336.0,11060.2295
2021-03-20 17:00:00,10681.0,11270.611
2021-03-20 18:00:00,11081.0,10951.823
2021-03-20 19:00:00,10490.0,10838.701
2021-03-20 20:00:00,10590.0,10664.037
2021-03-20 21:00:00,10334.0,10575.686
2021-03-20 22:00:00,9886.0,10048.993
2021-03-20 23:00:00,9587.0,9679.868
2021-03-21 00:00:00,9398.0,9412.966
2021-03-21 01:00:00,9326.0,9380.08
2021-03-21 02:00:00,9329.0,9383.461
2021-03-21 03:00:00,9389.0,9395.608
2021-03-21 04:00:00,9344.0,9555.544
2021-03-21 05:00:00,9405.0,9480.977
2021-03-21 06:00:00,9576.0,9636.097
2021-03-21 07:00:00,9793.0,9748.058
2021-03-21 08:00:00,9969.0,9903.382
2021-03-21 09:00:00,10009.0,10020.174
2021-03-21 10:00:00,10009.0,9956.675
2021-03-21 11:00:00,9886.0,9947.436
2021-03-21 12:00:00,9853.0,9846.006
2021-03-21 13:00:00,9912.0,9904.846
2021-03-21 14:00:00,10053.0,10077.056
2021-03-21 15:00:00,10205.0,10211.289
2021-03-21 16:00:00,10442.0,10385.512
2021-03-21 17:00:00,10009.0,10372.1045
2021-03-21 18:00:00,10807.0,10098.937
2021-03-21 19:00:00,10418.0,10385.849
2021-03-21 20:00:00,10644.0,10505.841
2021-03-21 21:00:00,10544.0,10389.246
2021-03-21 22:00:00,10175.0,10107.125
2021-03-21 23:00:00,9958.0,9875.35
2021-03-22 00:00:00,9819.0,9933.962
2021-03-22 01:00:00,9793.0,10015.108
2021-03-22 02:00:00,9959.0,10012.844
2021-03-22 03:00:00,10335.0,10051.71
2021-03-22 04:00:00,10857.0,10702.095
2021-03-22 05:00:00,11188.0,11120.12
2021-03-22 06:00:00,11305.0,11321.041
2021-03-22 07:00:00,11175.0,11286.268
2021-03-22 08:00:00,10937.0,11136.13
2021-03-22 09:00:00,10850.0,10934.99
2021-03-22 10:00:00,10692.0,10775.519
2021-03-22 11:00:00,10435.0,10635.253
2021-03-22 12:00:00,10342.0,10442.888
2021-03-22 13:00:00,10314.0,10425.868
2021-03-22 14:00:00,10248.0,10415.309
2021-03-22 15:00:00,10305.0,10390.25
2021-03-22 16:00:00,10520.0,10526.882
2021-03-22 17:00:00,11014.0,10738.915
2021-03-22 18:00:00,11005.0,10929.487
2021-03-22 19:00:00,10613.0,10685.84
2021-03-22 20:00:00,10765.0,10696.212
2021-03-22 21:00:00,10606.0,10532.869
2021-03-22 22:00:00,10226.0,10456.924
2021-03-22 23:00:00,9985.0,10428.682
2021-03-23 00:00:00,9841.0,10111.382
2021-03-23 01:00:00,9734.0,10000.471
2021-03-23 02:00:00,9774.0,10005.419
2021-03-23 03:00:00,10038.0,10061.111
2021-03-23 04:00:00,10488.0,10345.379
2021-03-23 05:00:00,10699.0,10748.871
2021-03-23 06:00:00,10880.0,10899.507
2021-03-23 07:00:00,10797.0,10860.17
2021-03-23 08:00:00,10696.0,10733.012
2021-03-23 09:00:00,10570.0,10648.939
2021-03-23 10:00:00,10402.0,10458.743
2021-03-23 11:00:00,10209.0,10271.071
2021-03-23 12:00:00,10065.0,10128.931
2021-03-23 13:00:00,10034.0,10050.111
2021-03-23 14:00:00,9989.0,10041.739
2021-03-23 15:00:00,9996.0,10080.327
2021-03-23 16:00:00,10084.0,10206.223
2021-03-23 17:00:00,10650.0,10347.352
2021-03-23 18:00:00,10516.0,10705.238
2021-03-23 19:00:00,10039.0,10298.12
2021-03-23 20:00:00,10053.0,10189.066
2021-03-23 21:00:00,9854.0,10015.407
2021-03-23 22:00:00,10046.0,9896.229
2021-03-23 23:00:00,10046.0,9917.925
2021-03-24 00:00:00,10046.0,9932.143
2021-03-24 01:00:00,10046.0,9941.591
2021-03-24 02:00:00,10068.5,9939.5205
2021-03-24 03:00:00,10119.0,9990.373
2021-03-24 04:00:00,10156.5,10296.431
2021-03-24 05:00:00,10186.0,10392.216
2021-03-24 06:00:00,10250.0,10390.821
2021-03-24 07:00:00,10214.0,10278.732
2021-03-24 08:00:00,10208.0,10240.981
2021-03-24 09:00:00,10264.0,10214.899
2021-03-24 10:00:00,10238.0,10158.832
2021-03-24 11:00:00,10154.0,10098.008
2021-03-24 12:00:00,10159.0,9989.494
2021-03-24 13:00:00,10233.0,10022.948
2021-03-24 14:00:00,10251.0,10154.483
2021-03-24 15:00:00,10363.0,10196.566
2021-03-24 16:00:00,10477.0,10420.47
2021-03-24 17:00:00,10211.0,10487.235
2021-03-24 18:00:00,10222.0,10295.508
2021-03-24 19:00:00,10230.0,10020.619
2021-03-24 20:00:00,10278.0,10120.41
2021-03-24 21:00:00,10009.0,10000.707
2021-03-24 22:00:00,9601.0,9775.744
2021-03-24 23:00:00,9310.0,9733.02
2021-03-25 00:00:00,10231.5,9619.433
2021-03-25 01:00:00,10231.5,10116.536
2021-03-25 02:00:00,10195.5,10142.337
2021-03-25 03:00:00,9496.0,10074.207
2021-03-25 04:00:00,10013.0,9985.703
2021-03-25 05:00:00,10384.0,10308.382
2021-03-25 06:00:00,10563.0,10476.365
2021-03-25 07:00:00,10551.0,10551.831
2021-03-25 08:00:00,10392.0,10496.673
2021-03-25 09:00:00,10292.0,10330.096
2021-03-25 10:00:00,10161.0,10212.711
2021-03-25 11:00:00,9958.0,10050.85
2021-03-25 12:00:00,9870.0,9957.469
2021-03-25 13:00:00,9816.0,9945.602
2021-03-25 14:00:00,9828.0,9965.604
2021-03-25 15:00:00,9911.0,10004.662
2021-03-25 16:00:00,10025.0,10179.829
2021-03-25 17:00:00,10534.0,10172.594
2021-03-25 18:00:00,10555.0,10437.443
2021-03-25 19:00:00,10144.0,10378.654
2021-03-25 20:00:00,10249.0,10212.584
2021-03-25 21:00:00,10071.0,10048.201
2021-03-25 22:00:00,9626.0,9840.366
2021-03-25 23:00:00,9326.0,9627.495
2021-03-26 00:00:00,9151.0,9576.658
2021-03-26 01:00:00,9206.0,9445.836
2021-03-26 02:00:00,9335.0,9475.399
2021-03-26 03:00:00,9647.0,9560.04
2021-03-26 04:00:00,10144.0,10065.548
2021-03-26 05:00:00,10508.0,10406.13
2021-03-26 06:00:00,10682.0,10662.06
2021-03-26 07:00:00,10705.0,10649.436
2021-03-26 08:00:00,10560.0,10622.999
2021-03-26 09:00:00,10462.0,10494.584
2021-03-26 10:00:00,10246.0,10297.471
2021-03-26 11:00:00,10007.0,10094.108
2021-03-26 12:00:00,9867.0,9917.29
2021-03-26 13:00:00,9817.0,9868.528
2021-03-26 14:00:00,9893.0,9896.323
2021-03-26 15:00:00,9971.0,10020.465
2021-03-26 16:00:00,10138.0,10120.405
2021-03-26 17:00:00,10586.0,10347.875
2021-03-26 18:00:00,10444.0,10475.292
2021-03-26 19:00:00,9997.0,10207.446
2021-03-26 20:00:00,10011.0,10131.375
2021-03-26 21:00:00,9773.0,9864.253
2021-03-26 22:00:00,9322.0,9484.676
2021-03-26 23:00:00,9592.0,9290.099
2021-03-27 00:00:00,9578.0,9518.898
2021-03-27 01:00:00,9531.0,9538.694
2021-03-27 02:00:00,9462.5,9455.246
2021-03-27 03:00:00,9462.5,9461.262
2021-03-27 04:00:00,9011.0,9550.579
2021-03-27 05:00:00,9146.0,9155.497
2021-03-27 06:00:00,9426.0,9341.79
2021-03-27 07:00:00,9578.0,9549.365
2021-03-27 08:00:00,9606.0,9629.29
2021-03-27 09:00:00,9578.0,9594.035
2021-03-27 10:00:00,9484.0,9527.391
2021-03-27 11:00:00,9441.0,9428.607
2021-03-27 12:00:00,9374.0,9435.094
2021-03-27 13:00:00,9352.0,9446.016
2021-03-27 14:00:00,9501.0,9488.91
2021-03-27 15:00:00,9775.0,9687.311
2021-03-27 16:00:00,10087.0,9959.3125
2021-03-27 17:00:00,9462.5,10088.336
2021-03-27 18:00:00,10098.0,9673.236
2021-03-27 19:00:00,9563.0,9928.662
2021-03-27 20:00:00,9635.0,9625.501
2021-03-27 21:00:00,9506.0,9432.104
2021-03-27 22:00:00,9090.0,9116.294
2021-03-27 23:00:00,8764.0,8918.974
2021-03-28 00:00:00,9348.0,8736.751
2021-03-28 01:00:00,9305.0,9191.633
2021-03-28 02:00:00,8581.0,9202.924
2021-03-28 03:00:00,8676.0,8683.232
2021-03-28 04:00:00,9246.5,8768.46
2021-03-28 05:00:00,8751.0,9284.129
2021-03-28 06:00:00,9030.0,8946.514
2021-03-28 07:00:00,9227.0,9128.128
2021-03-28 08:00:00,9344.0,9300.522
2021-03-28 09:00:00,9379.0,9356.818
2021-03-28 10:00:00,9395.0,9294.057
2021-03-28 11:00:00,9266.0,9296.39
2021-03-28 12:00:00,9156.0,9200.488
2021-03-28 13:00:00,9184.0,9137.997
2021-03-28 14:00:00,9323.0,9295.952
2021-03-28 15:00:00,9462.0,9519.769
2021-03-28 16:00:00,9651.0,9614.977
2021-03-28 17:00:00,9953.0,9686.847
2021-03-28 18:00:00,9735.0,9970.367
2021-03-28 19:00:00,9853.0,9702.514
2021-03-28 20:00:00,9708.0,9782.195
2021-03-28 21:00:00,9373.0,9449.565
2021-03-28 22:00:00,9052.0,9130.924
2021-03-28 23:00:00,8948.0,8911.057
2021-03-29 00:00:00,8843.0,9122.739
2021-03-29 01:00:00,8908.0,9074.845
2021-03-29 02:00:00,9218.0,9098.794
2021-03-29 03:00:00,9973.0,9568.639
2021-03-29 04:00:00,10277.0,10344.245
2021-03-29 05:00:00,10620.0,10484.354
2021-03-29 06:00:00,10732.0,10704.844
2021-03-29 07:00:00,10810.0,10700.842
2021-03-29 08:00:00,10878.0,10712.055
2021-03-29 09:00:00,10831.0,10775.816
2021-03-29 10:00:00,10695.0,10675.991
2021-03-29 11:00:00,10574.0,10560.287
2021-03-29 12:00:00,10511.0,10466.285
2021-03-29 13:00:00,10435.0,10443.199
2021-03-29 14:00:00,10452.0,10408.653
2021-03-29 15:00:00,10455.0,10462.068
2021-03-29 16:00:00,10513.0,10509.264
2021-03-29 17:00:00,10674.0,10583.712
2021-03-29 18:00:00,10268.0,10488.512
2021-03-29 19:00:00,10279.0,10174.909
2021-03-29 20:00:00,10113.0,10177.855
2021-03-29 21:00:00,9659.0,9927.358
2021-03-29 22:00:00,10392.5,10026.54
2021-03-29 23:00:00,10314.5,10302.764
2021-03-30 00:00:00,10273.5,10279.535
2021-03-30 01:00:00,10237.0,10224.243
2021-03-30 02:00:00,10183.5,10170.693
2021-03-30 03:00:00,9916.0,10153.482
2021-03-30 04:00:00,10206.0,10234.482
2021-03-30 05:00:00,10465.0,10489.621
2021-03-30 06:00:00,10509.0,10613.772
2021-03-30 07:00:00,10463.0,10539.622
2021-03-30 08:00:00,10440.0,10436.676
2021-03-30 09:00:00,10350.0,10436.525
2021-03-30 10:00:00,10161.0,10331.586
2021-03-30 11:00:00,10021.0,10130.614
2021-03-30 12:00:00,9934.0,10029.316
2021-03-30 13:00:00,9901.0,10003.73
2021-03-30 14:00:00,9936.0,10031.369
2021-03-30 15:00:00,9987.0,10051.24
2021-03-30 16:00:00,10093.0,10183.461
2021-03-30 17:00:00,10352.0,10261.896
2021-03-30 18:00:00,10144.0,10184.939
2021-03-30 19:00:00,10107.0,10069.568
2021-03-30 20:00:00,9894.0,9987.786
2021-03-30 21:00:00,9443.0,9600.221
2021-03-30 22:00:00,10004.0,9718.856
2021-03-30 23:00:00,9966.5,10032.525
2021-03-31 00:00:00,9941.0,10004.49
2021-03-31 01:00:00,9941.0,9960.233
2021-03-31 02:00:00,9270.0,9938.778
2021-03-31 03:00:00,9946.0,9768.924
2021-03-31 04:00:00,10230.0,10156.922
2021-03-31 05:00:00,10372.0,10382.622
2021-03-31 06:00:00,10473.0,10457.84
2021-03-31 07:00:00,10332.0,10421.563
2021-03-31 08:00:00,10179.0,10293.465
2021-03-31 09:00:00,10031.0,10168.093
2021-03-31 10:00:00,9837.0,9953.084
2021-03-31 11:00:00,9690.0,9766.491
2021-03-31 12:00:00,9659.0,9704.507
2021-03-31 13:00:00,9682.0,9671.687
2021-03-31 14:00:00,9760.0,9785.97
2021-03-31 15:00:00,9873.0,9860.735
2021-03-31 16:00:00,10076.0,10016.856
2021-03-31 17:00:00,10318.0,10186.009
2021-03-31 18:00:00,10123.0,10139.154
2021-03-31 19:00:00,10108.0,10046.6455
2021-03-31 20:00:00,9869.0,9952.108
2021-03-31 21:00:00,9476.0,9562.778
2021-03-31 22:00:00,9871.0,9669.67
2021-03-31 23:00:00,9883.5,9865.52
2021-04-01 00:00:00,9883.5,9860.709
2021-04-01 01:00:00,9883.5,9861.544
2021-04-01 02:00:00,9433.0,9682.229
2021-04-01 03:00:00,10003.0,9734.18
2021-04-01 04:00:00,10233.0,10184.787
2021-04-01 05:00:00,10472.0,10392.385
2021-04-01 06:00:00,10498.0,10562.522
2021-04-01 07:00:00,10334.0,10483.879
2021-04-01 08:00:00,10087.0,10325.076
2021-04-01 09:00:00,10052.0,10058.735
2021-04-01 10:00:00,9894.0,9961.566
2021-04-01 11:00:00,9781.0,9815.242
2021-04-01 12:00:00,9724.0,9739.934
2021-04-01 13:00:00,9708.0,9751.144
2021-04-01 14:00:00,9766.0,9802.749
2021-04-01 15:00:00,9862.0,9870.735
2021-04-01 16:00:00,9983.0,9971.392
2021-04-01 17:00:00,10224.0,10164.315
2021-04-01 18:00:00,10049.0,10106.606
2021-04-01 19:00:00,10077.0,10034.788
2021-04-01 20:00:00,9934.0,9983.783
2021-04-01 21:00:00,9478.0,9595.984
2021-04-01 22:00:00,9097.0,9555.92
2021-04-01 23:00:00,9638.0,9268.084
2021-04-02 00:00:00,9569.5,9675.638
2021-04-02 01:00:00,9518.0,9601.87
2021-04-02 02:00:00,9048.0,9510.682
2021-04-02 03:00:00,9187.0,9340.271
2021-04-02 04:00:00,9189.0,9733.169
2021-04-02 05:00:00,9424.0,9614.738
2021-04-02 06:00:00,9588.0,9672.525
2021-04-02 07:00:00,9692.0,9695.942
2021-04-02 08:00:00,9688.0,9738.015
2021-04-02 09:00:00,9551.0,9703.784
2021-04-02 10:00:00,9359.0,9483.986
2021-04-02 11:00:00,9367.0,9335.836
2021-04-02 12:00:00,9485.0,9373.435
2021-04-02 13:00:00,9501.0,9450.503
2021-04-02 14:00:00,9549.0,9572.619
2021-04-02 15:00:00,9644.0,9602.157
2021-04-02 16:00:00,9797.0,9740.374
2021-04-02 17:00:00,9963.0,9863.833
2021-04-02 18:00:00,9892.0,9842.094
2021-04-02 19:00:00,9989.0,9847.768
2021-04-02 20:00:00,9824.0,9816.09
2021-04-02 21:00:00,9453.0,9388.221
2021-04-02 22:00:00,9132.0,9071.318
2021-04-02 23:00:00,8930.0,9037.674
2021-04-03 00:00:00,8888.0,8907.534
2021-04-03 01:00:00,8961.0,8891.442
2021-04-03 02:00:00,9058.0,8916.427
2021-04-03 03:00:00,9142.0,9051.333
2021-04-03 04:00:00,9174.0,9136.293
2021-04-03 05:00:00,9410.0,9182.676
2021-04-03 06:00:00,9563.0,9498.051
2021-04-03 07:00:00,9588.0,9555.287
2021-04-03 08:00:00,9519.0,9553.508
2021-04-03 09:00:00,9377.0,9471.318
2021-04-03 10:00:00,9264.0,9271.667
2021-04-03 11:00:00,9256.0,9169.185
2021-04-03 12:00:00,9254.0,9211.682
2021-04-03 13:00:00,9392.0,9262.918
2021-04-03 14:00:00,9605.0,9482.227
2021-04-03 15:00:00,9843.0,9654.332
2021-04-03 16:00:00,9968.0,9849.021
2021-04-03 17:00:00,10026.0,9889.072
2021-04-03 18:00:00,9899.0,9776.247
2021-04-03 19:00:00,9928.0,9795.86
2021-04-03 20:00:00,9741.0,9728.847
2021-04-03 21:00:00,9371.0,9392.074
2021-04-03 22:00:00,9030.0,9093.775
2021-04-03 23:00:00,8834.0,8762.551
2021-04-04 00:00:00,8741.0,8718.21
2021-04-04 01:00:00,8733.0,8718.019
2021-04-04 02:00:00,8791.0,8660.624
2021-04-04 03:00:00,8810.0,8710.81
2021-04-04 04:00:00,8765.0,8911.078
2021-04-04 05:00:00,8960.0,8842.334
2021-04-04 06:00:00,9136.0,9111.874
2021-04-04 07:00:00,9177.0,9226.343
2021-04-04 08:00:00,9183.0,9227.278
2021-04-04 09:00:00,9122.0,9180.865
2021-04-04 10:00:00,9010.0,9078.263
2021-04-04 11:00:00,8929.0,8946.982
2021-04-04 12:00:00,8849.0,8923.982
2021-04-04 13:00:00,8876.0,8900.475
2021-04-04 14:00:00,9036.0,8998.008
2021-04-04 15:00:00,9139.0,9168.783
2021-04-04 16:00:00,9262.0,9287.6045
2021-04-04 17:00:00,9458.0,9361.979
2021-04-04 18:00:00,9409.0,9513.031
2021-04-04 19:00:00,9538.0,9596.059
2021-04-04 20:00:00,9472.0,9544.689
2021-04-04 21:00:00,9094.0,9192.712
2021-04-04 22:00:00,8789.0,8848.528
2021-04-04 23:00:00,8589.0,8690.868
2021-04-05 00:00:00,8498.0,8760.172
2021-04-05 01:00:00,8594.0,8720.012
2021-04-05 02:00:00,8807.0,8796.527
2021-04-05 03:00:00,8919.0,9121.264
2021-04-05 04:00:00,8928.0,9287.946
2021-04-05 05:00:00,9172.0,9246.224
2021-04-05 06:00:00,9418.0,9413.3
2021-04-05 07:00:00,9616.0,9470.529
2021-04-05 08:00:00,9724.0,9581.472
2021-04-05 09:00:00,9761.0,9738.798
2021-04-05 10:00:00,9702.0,9693.693
2021-04-05 11:00:00,9683.0,9609.208
2021-04-05 12:00:00,9680.0,9601.064
2021-04-05 13:00:00,9793.0,9610.827
2021-04-05 14:00:00,9904.0,9752.722
2021-04-05 15:00:00,9998.0,9896.481
2021-04-05 16:00:00,10158.0,10035.678
2021-04-05 17:00:00,10181.0,10108.473
2021-04-05 18:00:00,9975.0,10031.338
2021-04-05 19:00:00,10091.0,9871.209
2021-04-05 20:00:00,10014.0,9926.187
2021-04-05 21:00:00,9623.0,9675.743
2021-04-05 22:00:00,9409.0,9510.916
2021-04-05 23:00:00,9228.0,9378.213
2021-04-06 00:00:00,9169.0,9301.508
2021-04-06 01:00:00,9328.0,9243.741
2021-04-06 02:00:00,9603.0,9280.667
2021-04-06 03:00:00,10099.0,9521.875
2021-04-06 04:00:00,10429.0,10106.578
2021-04-06 05:00:00,10827.0,10433.74
2021-04-06 06:00:00,10880.0,10739.219
2021-04-06 07:00:00,10753.0,10734.858
2021-04-06 08:00:00,10711.0,10617.4
2021-04-06 09:00:00,10680.0,10601.553
2021-04-06 10:00:00,10459.0,10497.317
2021-04-06 11:00:00,10374.0,10294.021
2021-04-06 12:00:00,10335.0,10235.275
2021-04-06 13:00:00,10442.0,10274.451
2021-04-06 14:00:00,10456.0,10417.566
2021-04-06 15:00:00,10469.0,10479.35
2021-04-06 16:00:00,10536.0,10517.072
2021-04-06 17:00:00,10606.0,10541.815
2021-04-06 18:00:00,10425.0,10370.372
2021-04-06 19:00:00,10361.0,10238.414
2021-04-06 20:00:00,10140.0,10178.737
2021-04-06 21:00:00,9787.0,9889.783
2021-04-06 22:00:00,10399.5,9768.373
2021-04-06 23:00:00,10371.0,10236.402
2021-04-07 00:00:00,10364.5,10283.514
2021-04-07 01:00:00,10364.5,10268.408
2021-04-07 02:00:00,10295.0,10219.624
2021-04-07 03:00:00,10042.0,10204.781
2021-04-07 04:00:00,10368.0,10266.069
2021-04-07 05:00:00,10609.0,10594.7
2021-04-07 06:00:00,10678.0,10746.637
2021-04-07 07:00:00,10581.0,10647.887
2021-04-07 08:00:00,10507.0,10568.444
2021-04-07 09:00:00,10444.0,10497.418
2021-04-07 10:00:00,10229.0,10360.151
2021-04-07 11:00:00,10045.0,10155.361
2021-04-07 12:00:00,9958.0,10043.562
2021-04-07 13:00:00,9944.0,10020.375
2021-04-07 14:00:00,10049.0,10067.461
2021-04-07 15:00:00,10113.0,10179.178
2021-04-07 16:00:00,10138.0,10299.959
2021-04-07 17:00:00,10210.0,10273.648
2021-04-07 18:00:00,10155.0,10166.608
2021-04-07 19:00:00,10145.0,10128.412
2021-04-07 20:00:00,10022.0,9985.341
2021-04-07 21:00:00,9686.0,9676.345
2021-04-07 22:00:00,10106.0,9827.017
2021-04-07 23:00:00,10074.0,10084.7
2021-04-08 00:00:00,10074.0,10099.69
2021-04-08 01:00:00,10074.0,10103.709
2021-04-08 02:00:00,10074.0,10041.069
2021-04-08 03:00:00,10099.0,9942.114
2021-04-08 04:00:00,10418.0,10269.218
2021-04-08 05:00:00,9977.5,10569.708
2021-04-08 06:00:00,10473.0,10166.437
2021-04-08 07:00:00,10303.0,10434.104
2021-04-08 08:00:00,10192.0,10283.651
2021-04-08 09:00:00,10120.0,10192.778
2021-04-08 10:00:00,9972.0,10045.681
2021-04-08 11:00:00,9874.0,9875.631
2021-04-08 12:00:00,9800.0,9825.294
2021-04-08 13:00:00,9767.0,9803.543
2021-04-08 14:00:00,9802.0,9868.752
2021-04-08 15:00:00,9871.0,9917.173
2021-04-08 16:00:00,9983.0,10035.477
2021-04-08 17:00:00,10122.0,10096.689
2021-04-08 18:00:00,10150.0,10050.563
2021-04-08 19:00:00,10127.0,10073.481
2021-04-08 20:00:00,9941.0,10005.36
2021-04-08 21:00:00,9610.0,9597.12
2021-04-08 22:00:00,9956.5,9629.823
2021-04-08 23:00:00,9962.0,9923.982
2021-04-09 00:00:00,10052.5,9965.375
2021-04-09 01:00:00,10124.5,10014.506
2021-04-09 02:00:00,9631.0,10045.54
2021-04-09 03:00:00,10127.0,9817.407
2021-04-09 04:00:00,10416.0,10273.087
2021-04-09 05:00:00,10680.0,10513.291
2021-04-09 06:00:00,10801.0,10686.9795
2021-04-09 07:00:00,10901.0,10731.415
2021-04-09 08:00:00,10976.0,10785.043
2021-04-09 09:00:00,10946.0,10853.429
2021-04-09 10:00:00,10904.0,10771.448
2021-04-09 11:00:00,10767.0,10709.096
2021-04-09 12:00:00,10721.0,10625.487
2021-04-09 13:00:00,10726.0,10661.998
2021-04-09 14:00:00,10845.0,10733.6045
2021-04-09 15:00:00,10853.0,10804.839
2021-04-09 16:00:00,10837.0,10838.803
2021-04-09 17:00:00,10745.0,10767.224
2021-04-09 18:00:00,10434.0,10461.057
2021-04-09 19:00:00,10360.0,10216.943
2021-04-09 20:00:00,10035.0,10210.187
2021-04-09 21:00:00,9599.0,9832.695
2021-04-09 22:00:00,9798.0,9649.582
2021-04-09 23:00:00,9783.5,9770.789
2021-04-10 00:00:00,9724.0,9703.709
2021-04-10 01:00:00,9672.5,9692.106
2021-04-10 02:00:00,9672.5,9588.265
2021-04-10 03:00:00,9672.5,9564.971
2021-04-10 04:00:00,9672.5,9637.227
2021-04-10 05:00:00,9522.0,9662.647
2021-04-10 06:00:00,9676.0,9693.666
2021-04-10 07:00:00,9772.0,9734.996
2021-04-10 08:00:00,9795.0,9814.709
2021-04-10 09:00:00,9801.0,9776.829
2021-04-10 10:00:00,9636.0,9709.881
2021-04-10 11:00:00,9605.0,9585.487
2021-04-10 12:00:00,9669.0,9560.565
2021-04-10 13:00:00,9686.0,9718.487
2021-04-10 14:00:00,9870.0,9810.691
2021-04-10 15:00:00,10115.0,9997.582
2021-04-10 16:00:00,9672.5,10173.653
2021-04-10 17:00:00,9672.5,9825.709
2021-04-10 18:00:00,9672.5,9740.647
2021-04-10 19:00:00,9652.5,9775.884
2021-04-10 20:00:00,9860.0,9655.437
2021-04-10 21:00:00,9423.0,9474.875
2021-04-10 22:00:00,9008.0,9195.309
2021-04-10 23:00:00,8778.0,8867.644
2021-04-11 00:00:00,8712.0,8722.454
2021-04-11 01:00:00,8758.0,8699.986
2021-04-11 02:00:00,8905.0,8753.085
2021-04-11 03:00:00,8839.0,8850.536
2021-04-11 04:00:00,8861.0,8903.864
2021-04-11 05:00:00,8991.0,8948.006
2021-04-11 06:00:00,9068.0,9152.245
2021-04-11 07:00:00,9073.0,9201.476
2021-04-11 08:00:00,9008.0,9178.004
2021-04-11 09:00:00,8954.0,9036.705
2021-04-11 10:00:00,8834.0,8924.767
2021-04-11 11:00:00,8756.0,8816.216
2021-04-11 12:00:00,8730.0,8771.701
2021-04-11 13:00:00,8715.0,8774.584
2021-04-11 14:00:00,8816.0,8844.712
2021-04-11 15:00:00,9017.0,8987.495
2021-04-11 16:00:00,9168.0,9115.8955
2021-04-11 17:00:00,9264.0,9249.434
2021-04-11 18:00:00,9260.0,9300.228
2021-04-11 19:00:00,9371.0,9411.309
2021-04-11 20:00:00,9242.0,9503.601
2021-04-11 21:00:00,8909.0,9063.271
2021-04-11 22:00:00,8571.0,8670.329
2021-04-11 23:00:00,8414.0,8479.987
2021-04-12 00:00:00,8414.0,8617.029
2021-04-12 01:00:00,8552.0,8618.303
2021-04-12 02:00:00,8895.0,8695.663
2021-04-12 03:00:00,9409.0,9190.694
2021-04-12 04:00:00,9857.0,9697.917
2021-04-12 05:00:00,10060.0,10060.013
2021-04-12 06:00:00,10047.0,10134.71
2021-04-12 07:00:00,10001.0,10001.362
2021-04-12 08:00:00,9986.0,9976.67
2021-04-12 09:00:00,9936.0,9965.736
2021-04-12 10:00:00,9723.0,9848.302
2021-04-12 11:00:00,9637.0,9707.105
2021-04-12 12:00:00,9581.0,9591.85
2021-04-12 13:00:00,9514.0,9573.937
2021-04-12 14:00:00,9480.0,9580.909
2021-04-12 15:00:00,9471.0,9529.119
2021-04-12 16:00:00,9491.0,9566.491
2021-04-12 17:00:00,9485.0,9551.426
2021-04-12 18:00:00,9418.0,9432.115
2021-04-12 19:00:00,9423.0,9462.236
2021-04-12 20:00:00,9265.0,9362.329
2021-04-12 21:00:00,8851.0,9081.104
2021-04-12 22:00:00,9482.5,8991.815
2021-04-12 23:00:00,9482.5,9380.057
2021-04-13 00:00:00,9475.5,9369.055
2021-04-13 01:00:00,9468.5,9378.55
2021-04-13 02:00:00,9444.5,9427.871
2021-04-13 03:00:00,9172.0,9522.928
2021-04-13 04:00:00,9562.0,9620.219
2021-04-13 05:00:00,9854.0,9761.2705
2021-04-13 06:00:00,9942.0,9896.569
2021-04-13 07:00:00,9936.0,9898.079
2021-04-13 08:00:00,9880.0,9885.682
2021-04-13 09:00:00,9809.0,9807.36
2021-04-13 10:00:00,9611.0,9704.593
2021-04-13 11:00:00,9466.0,9503.782
2021-04-13 12:00:00,9397.0,9398.651
2021-04-13 13:00:00,9379.0,9334.697
2021-04-13 14:00:00,9397.0,9396.78
2021-04-13 15:00:00,9471.0,9417.496
2021-04-13 16:00:00,9632.0,9501.018
2021-04-13 17:00:00,9625.0,9612.955
2021-04-13 18:00:00,9600.0,9469.094
2021-04-13 19:00:00,9574.0,9513.42
2021-04-13 20:00:00,9376.0,9393.544
2021-04-13 21:00:00,9001.0,9129.413
2021-04-13 22:00:00,9468.5,9079.805
2021-04-13 23:00:00,9468.5,9378.922
2021-04-14 00:00:00,9442.5,9411.952
2021-04-14 01:00:00,9442.5,9384.78
2021-04-14 02:00:00,8905.0,9375.176
2021-04-14 03:00:00,9414.0,9177.532
2021-04-14 04:00:00,9811.0,9648.745
2021-04-14 05:00:00,10050.0,9918.709
2021-04-14 06:00:00,9396.0,10046.922
2021-04-14 07:00:00,10019.0,9506.652
2021-04-14 08:00:00,9788.0,9893.385
2021-04-14 09:00:00,9702.0,9707.384
2021-04-14 10:00:00,9508.0,9594.113
2021-04-14 11:00:00,9378.0,9402.83
2021-04-14 12:00:00,9278.0,9289.133
2021-04-14 13:00:00,9258.0,9210.3125
2021-04-14 14:00:00,9272.0,9260.171
2021-04-14 15:00:00,9372.0,9305.353
2021-04-14 16:00:00,9499.0,9488.601
2021-04-14 17:00:00,9526.0,9545.43
2021-04-14 18:00:00,9495.0,9449.2705
2021-04-14 19:00:00,9551.0,9461.047
2021-04-14 20:00:00,9451.0,9339.64
2021-04-14 21:00:00,9077.0,9130.229
2021-04-14 22:00:00,9471.5,9137.012
2021-04-14 23:00:00,9414.5,9360.669
2021-04-15 00:00:00,9411.5,9355.506
2021-04-15 01:00:00,9411.5,9359.367
2021-04-15 02:00:00,9100.0,9275.7705
2021-04-15 03:00:00,9565.0,9271.462
2021-04-15 04:00:00,9900.0,9786.989
2021-04-15 05:00:00,9332.5,10009.067
2021-04-15 06:00:00,9775.0,9466.038
2021-04-15 07:00:00,9663.0,9799.267
2021-04-15 08:00:00,9575.0,9673.031
2021-04-15 09:00:00,9492.0,9532.207
2021-04-15 10:00:00,9363.0,9375.355
2021-04-15 11:00:00,9289.0,9250.815
2021-04-15 12:00:00,9182.0,9245.478
2021-04-15 13:00:00,9108.0,9135.293
2021-04-15 14:00:00,9125.0,9167.897
2021-04-15 15:00:00,9145.0,9201.164
2021-04-15 16:00:00,9302.0,9302.072
2021-04-15 17:00:00,9340.0,9383.549
2021-04-15 18:00:00,9391.0,9311.267
2021-04-15 19:00:00,9508.0,9451.985
2021-04-15 20:00:00,9369.0,9374.628
2021-04-15 21:00:00,9009.0,9111.8955
2021-04-15 22:00:00,8710.0,8917.423
2021-04-15 23:00:00,8576.0,9039.712
2021-04-16 00:00:00,8618.0,8730.53
2021-04-16 01:00:00,8792.0,8744.033
2021-04-16 02:00:00,9042.0,8859.425
2021-04-16 03:00:00,9555.0,9182.868
2021-04-16 04:00:00,9834.0,9804.868
2021-04-16 05:00:00,9956.0,9908.919
2021-04-16 06:00:00,9801.0,9963.009
2021-04-16 07:00:00,9680.0,9739.999
2021-04-16 08:00:00,9688.0,9661.895
2021-04-16 09:00:00,9562.0,9620.59
2021-04-16 10:00:00,9318.0,9427.059
2021-04-16 11:00:00,9103.0,9259.144
2021-04-16 12:00:00,9059.0,9099.46
2021-04-16 13:00:00,9017.0,9062.242
2021-04-16 14:00:00,8999.0,9056.509
2021-04-16 15:00:00,9105.0,9067.907
2021-04-16 16:00:00,9203.0,9243.988
2021-04-16 17:00:00,9155.0,9220.62
2021-04-16 18:00:00,9125.0,9110.686
2021-04-16 19:00:00,9234.0,9269.659
2021-04-16 20:00:00,9041.0,9201.453
2021-04-16 21:00:00,8698.0,8787.809
2021-04-16 22:00:00,8698.5,8638.509
2021-04-16 23:00:00,8690.0,8664.507
2021-04-17 00:00:00,8669.0,8691.184
2021-04-17 01:00:00,8374.0,8653.707
2021-04-17 02:00:00,8394.0,8414.492
2021-04-17 03:00:00,8510.0,8429.991
2021-04-17 04:00:00,8560.0,8550.1875
2021-04-17 05:00:00,8682.0,8587.294
2021-04-17 06:00:00,8656.0,8800.144
2021-04-17 07:00:00,8699.0,8705.401
2021-04-17 08:00:00,8641.0,8746.012
2021-04-17 09:00:00,8565.0,8644.453
2021-04-17 10:00:00,8460.0,8541.5625
2021-04-17 11:00:00,8378.0,8424.077
2021-04-17 12:00:00,8349.0,8421.597
2021-04-17 13:00:00,8420.0,8418.777
2021-04-17 14:00:00,8544.0,8502.95
2021-04-17 15:00:00,8735.0,8598.812
2021-04-17 16:00:00,8932.0,8798.677
2021-04-17 17:00:00,8770.0,8893.185
2021-04-17 18:00:00,8780.0,8701.155
2021-04-17 19:00:00,8879.0,8942.119
2021-04-17 20:00:00,8811.0,8853.755
2021-04-17 21:00:00,8360.0,8474.5
2021-04-17 22:00:00,8122.0,8108.9014
2021-04-17 23:00:00,7962.0,7991.926
2021-04-18 00:00:00,7923.0,7950.377
2021-04-18 01:00:00,7998.0,7908.787
2021-04-18 02:00:00,7975.0,7986.451
2021-04-18 03:00:00,7998.0,8036.749
2021-04-18 04:00:00,8121.0,8048.2886
2021-04-18 05:00:00,8187.0,8172.6553
2021-04-18 06:00:00,8266.0,8298.96
2021-04-18 07:00:00,8302.0,8357.486
2021-04-18 08:00:00,8271.0,8359.43
2021-04-18 09:00:00,8177.0,8277.792
2021-04-18 10:00:00,8065.0,8141.3105
2021-04-18 11:00:00,7974.0,8043.106
2021-04-18 12:00:00,7944.0,8002.003
2021-04-18 13:00:00,7930.0,8000.455
2021-04-18 14:00:00,8033.0,8020.361
2021-04-18 15:00:00,8194.0,8150.216
2021-04-18 16:00:00,8330.0,8295.504
2021-04-18 17:00:00,8387.0,8409.455
2021-04-18 18:00:00,8447.0,8453.194
2021-04-18 19:00:00,8634.0,8738.56
2021-04-18 20:00:00,8508.0,8681.169
2021-04-18 21:00:00,8232.0,8207.7705
2021-04-18 22:00:00,8010.0,7996.467
2021-04-18 23:00:00,7940.0,7884.033
2021-04-19 00:00:00,7934.0,7964.301
2021-04-19 01:00:00,8044.0,7962.392
2021-04-19 02:00:00,8284.0,8133.332
2021-04-19 03:00:00,8843.0,8577.346
2021-04-19 04:00:00,9252.0,9257.099
2021-04-19 05:00:00,9439.0,9562.704
2021-04-19 06:00:00,9380.0,9546.168
2021-04-19 07:00:00,9314.0,9376.524
2021-04-19 08:00:00,9236.0,9319.695
2021-04-19 09:00:00,9154.0,9218.253
2021-04-19 10:00:00,8980.0,9040.811
2021-04-19 11:00:00,8887.0,8924.114
2021-04-19 12:00:00,8790.0,8833.413
2021-04-19 13:00:00,8703.0,8756.526
2021-04-19 14:00:00,8729.0,8711.16
2021-04-19 15:00:00,8687.0,8723.999
2021-04-19 16:00:00,8808.0,8758.112
2021-04-19 17:00:00,8756.0,8844.792
2021-04-19 18:00:00,8774.0,8640.868
2021-04-19 19:00:00,9030.0,8868.639
2021-04-19 20:00:00,8822.0,8848.109
2021-04-19 21:00:00,8401.0,8464.609
2021-04-19 22:00:00,8130.0,8611.3
2021-04-19 23:00:00,8012.0,8577.247
2021-04-20 00:00:00,7994.0,8274.674
2021-04-20 01:00:00,8114.0,8258.78
2021-04-20 02:00:00,8334.0,8389.847
2021-04-20 03:00:00,8940.0,8560.493
2021-04-20 04:00:00,9393.0,9194.319
2021-04-20 05:00:00,9477.0,9530.166
2021-04-20 06:00:00,9397.0,9470.806
2021-04-20 07:00:00,9259.0,9337.476
2021-04-20 08:00:00,9156.0,9242.024
2021-04-20 09:00:00,9098.0,9105.571
2021-04-20 10:00:00,8926.0,9006.876
2021-04-20 11:00:00,8754.0,8840.695
2021-04-20 12:00:00,8716.0,8706.848
2021-04-20 13:00:00,8679.0,8668.066
2021-04-20 14:00:00,8728.0,8626.623
2021-04-20 15:00:00,8700.0,8691.997
2021-04-20 16:00:00,8822.0,8754.173
2021-04-20 17:00:00,8799.0,8783.818
2021-04-20 18:00:00,8782.0,8659.184
2021-04-20 19:00:00,8918.0,8911.987
2021-04-20 20:00:00,8713.0,8799.81
2021-04-20 21:00:00,8258.0,8370.132
2021-04-20 22:00:00,8768.0,8363.097
2021-04-20 23:00:00,8768.0,8594.37
2021-04-21 00:00:00,8769.0,8683.585
2021-04-21 01:00:00,8769.0,8698.391
2021-04-21 02:00:00,8769.0,8672.534
2021-04-21 03:00:00,8783.0,8713.657
2021-04-21 04:00:00,9173.0,9020.006
2021-04-21 05:00:00,9291.0,9404.89
2021-04-21 06:00:00,9244.0,9398.045
2021-04-21 07:00:00,9100.0,9262.623
2021-04-21 08:00:00,9049.0,9135.264
2021-04-21 09:00:00,8965.0,9027.15
2021-04-21 10:00:00,8827.0,8888.636
2021-04-21 11:00:00,8756.0,8720.525
2021-04-21 12:00:00,8744.0,8687.189
2021-04-21 13:00:00,8736.0,8679.197
2021-04-21 14:00:00,8739.0,8705.17
2021-04-21 15:00:00,8844.0,8710.81
2021-04-21 16:00:00,9033.0,8870.016
2021-04-21 17:00:00,9039.0,8956.806
2021-04-21 18:00:00,8918.0,8874.671
2021-04-21 19:00:00,9077.0,8970.366
2021-04-21 20:00:00,8874.0,8939.8125
2021-04-21 21:00:00,8519.0,8516.287
2021-04-21 22:00:00,8844.0,8673.523
2021-04-21 23:00:00,8859.0,8736.596
2021-04-22 00:00:00,8896.0,8823.444
2021-04-22 01:00:00,8975.5,8848.317
2021-04-22 02:00:00,9036.0,8887.015
2021-04-22 03:00:00,8844.0,8949.162
2021-04-22 04:00:00,9157.0,9061.726
2021-04-22 05:00:00,9391.0,9348.235
2021-04-22 06:00:00,9395.0,9453.379
2021-04-22 07:00:00,9306.0,9357.928
2021-04-22 08:00:00,9254.0,9294.067
2021-04-22 09:00:00,9286.0,9222.044
2021-04-22 10:00:00,9157.0,9148.53
2021-04-22 11:00:00,9115.0,9023.372
2021-04-22 12:00:00,9059.0,9017.09
2021-04-22 13:00:00,9066.0,8967.525
2021-04-22 14:00:00,9124.0,9017.755
2021-04-22 15:00:00,9150.0,9092.393
2021-04-22 16:00:00,9213.0,9186.99
2021-04-22 17:00:00,9208.0,9184.968
2021-04-22 18:00:00,9099.0,9045.188
2021-04-22 19:00:00,9255.0,9159.039
2021-04-22 20:00:00,9144.0,9133.558
2021-04-22 21:00:00,9147.0,8780.835
2021-04-22 22:00:00,9147.0,8953.49
2021-04-22 23:00:00,9147.0,8973.631
2021-04-23 00:00:00,9179.0,9039.829
2021-04-23 01:00:00,9210.5,9080.209
2021-04-23 02:00:00,8629.0,9098.951
2021-04-23 03:00:00,9277.0,8787.337
2021-04-23 04:00:00,9776.0,9489.15
2021-04-23 05:00:00,10066.0,9877.19
2021-04-23 06:00:00,10216.0,10061.737
2021-04-23 07:00:00,10308.0,10132.033
2021-04-23 08:00:00,10325.0,10192.426
2021-04-23 09:00:00,10310.0,10211.315
2021-04-23 10:00:00,10198.0,10137.627
2021-04-23 11:00:00,10066.0,10054.532
2021-04-23 12:00:00,9920.0,9938.891
2021-04-23 13:00:00,10019.0,9826.638
2021-04-23 14:00:00,10120.0,9999.675
2021-04-23 15:00:00,10046.0,10120.197
2021-04-23 16:00:00,10102.0,10081.934
2021-04-23 17:00:00,9896.0,10010.416
2021-04-23 18:00:00,9642.0,9718.774
2021-04-23 19:00:00,9730.0,9537.925
2021-04-23 20:00:00,9506.0,9574.722
2021-04-23 21:00:00,9097.0,9275.487
2021-04-23 22:00:00,9436.0,9283.411
2021-04-23 23:00:00,9401.0,9379.545
2021-04-24 00:00:00,9332.0,9214.386
2021-04-24 01:00:00,9289.5,9147.003
2021-04-24 02:00:00,9289.5,9054.386
2021-04-24 03:00:00,9289.5,9041.872
2021-04-24 04:00:00,9289.5,9254.619
2021-04-24 05:00:00,9045.0,9306.857
2021-04-24 06:00:00,9292.0,9234.327
2021-04-24 07:00:00,9430.0,9361.031
2021-04-24 08:00:00,9442.0,9453.802
2021-04-24 09:00:00,9372.0,9420.191
2021-04-24 10:00:00,9287.0,9295.23
2021-04-24 11:00:00,9187.0,9213.282
2021-04-24 12:00:00,9250.0,9125.829
2021-04-24 13:00:00,9384.0,9255.97
2021-04-24 14:00:00,9588.0,9469.369
2021-04-24 15:00:00,9749.0,9627.356
2021-04-24 16:00:00,9768.0,9792.983
2021-04-24 17:00:00,9543.0,9727.065
2021-04-24 18:00:00,9281.0,9377.334
2021-04-24 19:00:00,9429.0,9338.015
2021-04-24 20:00:00,9262.0,9293.996
2021-04-24 21:00:00,8872.0,8919.106
2021-04-24 22:00:00,8512.0,8652.491
2021-04-24 23:00:00,8306.0,8358.348
2021-04-25 00:00:00,8222.0,8269.865
2021-04-25 01:00:00,8224.0,8195.093
2021-04-25 02:00:00,8958.0,8221.239
2021-04-25 03:00:00,8958.0,8726.556
2021-04-25 04:00:00,8274.0,8913.727
2021-04-25 05:00:00,8560.0,8301.725
2021-04-25 06:00:00,8853.0,8657.518
2021-04-25 07:00:00,8918.0,8903.068
2021-04-25 08:00:00,9045.0,8959.208
2021-04-25 09:00:00,9021.0,8991.479
2021-04-25 10:00:00,8992.0,8889.807
2021-04-25 11:00:00,8954.0,8876.62
2021-04-25 12:00:00,8962.0,8877.142
2021-04-25 13:00:00,9080.0,8907.401
2021-04-25 14:00:00,9189.0,9154.298
2021-04-25 15:00:00,9350.0,9268.351
2021-04-25 16:00:00,9448.0,9410.551
2021-04-25 17:00:00,9390.0,9386.526
2021-04-25 18:00:00,9265.0,9201.7
2021-04-25 19:00:00,9554.0,9307.829
2021-04-25 20:00:00,9432.0,9337.525
2021-04-25 21:00:00,9102.0,8983.041
2021-04-25 22:00:00,8752.0,8759.009
2021-04-25 23:00:00,8548.0,8524.266
2021-04-26 00:00:00,8521.0,8524.298
2021-04-26 01:00:00,8615.0,8495.443
2021-04-26 02:00:00,8801.0,8739.475
2021-04-26 03:00:00,9466.0,9067.151
2021-04-26 04:00:00,9937.0,9757.658
2021-04-26 05:00:00,10264.0,10095.704
2021-04-26 06:00:00,10368.0,10318.046
2021-04-26 07:00:00,10389.0,10303.389
2021-04-26 08:00:00,10368.0,10287.963
2021-04-26 09:00:00,10282.0,10277.8125
2021-04-26 10:00:00,10154.0,10173.703
2021-04-26 11:00:00,10083.0,10036.412
2021-04-26 12:00:00,10054.0,9992.203
2021-04-26 13:00:00,9900.0,9970.745
2021-04-26 14:00:00,9860.0,9901.41
2021-04-26 15:00:00,9786.0,9844.288
2021-04-26 16:00:00,9904.0,9827.239
2021-04-26 17:00:00,9748.0,9902.209
2021-04-26 18:00:00,9635.0,9547.992
2021-04-26 19:00:00,9730.0,9600.477
2021-04-26 20:00:00,9522.0,9580.61
2021-04-26 21:00:00,9767.0,9347.124
2021-04-26 22:00:00,9767.0,9661.36
2021-04-26 23:00:00,9761.0,9742.932
2021-04-27 00:00:00,9744.0,9761.765
2021-04-27 01:00:00,9744.0,9737.686
2021-04-27 02:00:00,9744.0,9612.247
2021-04-27 03:00:00,9744.0,9705.096
2021-04-27 04:00:00,9728.0,10060.272
2021-04-27 05:00:00,9925.0,10036.356
2021-04-27 06:00:00,9956.0,10054.599
2021-04-27 07:00:00,9900.0,9998.015
2021-04-27 08:00:00,9896.0,9930.094
2021-04-27 09:00:00,9854.0,9920.1045
2021-04-27 10:00:00,9774.0,9838.672
2021-04-27 11:00:00,9740.0,9742.124
2021-04-27 12:00:00,9752.0,9719.0205
2021-04-27 13:00:00,9772.0,9749.057
2021-04-27 14:00:00,9820.0,9793.462
2021-04-27 15:00:00,9860.0,9862.916
2021-04-27 16:00:00,9975.0,9903.4375
2021-04-27 17:00:00,9920.0,9947.576
2021-04-27 18:00:00,9666.0,9690.808
2021-04-27 19:00:00,9871.0,9587.178
2021-04-27 20:00:00,9637.0,9644.382
2021-04-27 21:00:00,9773.0,9436.184
2021-04-27 22:00:00,9773.0,9611.939
2021-04-27 23:00:00,9762.0,9655.602
2021-04-28 00:00:00,9762.0,9726.483
2021-04-28 01:00:00,9740.0,9714.828
2021-04-28 02:00:00,9688.0,9681.507
2021-04-28 03:00:00,9536.0,9640.269
2021-04-28 04:00:00,9839.0,9687.409
2021-04-28 05:00:00,9995.0,9948.493
2021-04-28 06:00:00,9981.0,10040.2705
2021-04-28 07:00:00,9916.0,9971.323
2021-04-28 08:00:00,9867.0,9880.711
2021-04-28 09:00:00,9851.0,9842.9795
2021-04-28 10:00:00,9708.0,9746.0625
2021-04-28 11:00:00,9668.0,9622.804
2021-04-28 12:00:00,9534.0,9634.784
2021-04-28 13:00:00,9464.0,9523.606
2021-04-28 14:00:00,9563.0,9558.659
2021-04-28 15:00:00,9587.0,9602.118
2021-04-28 16:00:00,9768.0,9713.278
2021-04-28 17:00:00,9718.0,9825.746
2021-04-28 18:00:00,9487.0,9513.063
2021-04-28 19:00:00,9757.0,9560.596
2021-04-28 20:00:00,9598.0,9535.068
2021-04-28 21:00:00,9172.0,9452.971
2021-04-28 22:00:00,9633.0,9279.924
2021-04-28 23:00:00,9633.0,9574.679
2021-04-29 00:00:00,9604.5,9616.956
2021-04-29 01:00:00,9604.5,9560.612
2021-04-29 02:00:00,9020.0,9485.457
2021-04-29 03:00:00,9705.0,9169.608
2021-04-29 04:00:00,10020.0,9905.66
2021-04-29 05:00:00,10150.0,10084.355
2021-04-29 06:00:00,10144.0,10135.878
2021-04-29 07:00:00,9996.0,10050.004
2021-04-29 08:00:00,9922.0,9928.171
2021-04-29 09:00:00,9833.0,9824.21
2021-04-29 10:00:00,9683.0,9706.26
2021-04-29 11:00:00,9611.0,9586.839
2021-04-29 12:00:00,9546.0,9508.787
2021-04-29 13:00:00,9484.0,9472.486
2021-04-29 14:00:00,9470.0,9503.859
2021-04-29 15:00:00,9479.0,9503.895
2021-04-29 16:00:00,9551.0,9607.358
2021-04-29 17:00:00,9585.0,9581.495
2021-04-29 18:00:00,9535.0,9400.475
2021-04-29 19:00:00,9848.0,9531.85
2021-04-29 20:00:00,9725.0,9601.467
2021-04-29 21:00:00,9318.0,9388.037
2021-04-29 22:00:00,8989.0,9317.52
2021-04-29 23:00:00,8892.0,9054.734
2021-04-30 00:00:00,8880.0,8982.191
2021-04-30 01:00:00,9015.0,8973.077
2021-04-30 02:00:00,9128.0,8889.885
2021-04-30 03:00:00,9758.0,9332.621
2021-04-30 04:00:00,10012.0,9982.595
2021-04-30 05:00:00,10169.0,10115.933
2021-04-30 06:00:00,10118.0,10134.994
2021-04-30 07:00:00,9994.0,10031.629
2021-04-30 08:00:00,9916.0,9911.465
2021-04-30 09:00:00,9817.0,9810.871
2021-04-30 10:00:00,9656.0,9686.113
2021-04-30 11:00:00,9420.0,9521.1045
2021-04-30 12:00:00,9364.0,9376.258
2021-04-30 13:00:00,9331.0,9312.754
2021-04-30 14:00:00,9340.0,9370.288
2021-04-30 15:00:00,9344.0,9384.234
2021-04-30 16:00:00,9333.0,9466.123
2021-04-30 17:00:00,9265.0,9409.282
2021-04-30 18:00:00,9091.0,9248.049
2021-04-30 19:00:00,9540.0,9317.919
2021-04-30 20:00:00,9441.0,9483.448
2021-04-30 21:00:00,9102.0,9109.264
2021-04-30 22:00:00,8772.0,8925.837
2021-04-30 23:00:00,8588.0,8883.228
2021-05-01 00:00:00,8534.0,8572.368
2021-05-01 01:00:00,8553.0,8511.667
2021-05-01 02:00:00,8438.0,8545.482
2021-05-01 03:00:00,8528.0,8433.055
2021-05-01 04:00:00,8545.0,8545.193
2021-05-01 05:00:00,8660.0,8572.405
2021-05-01 06:00:00,8735.0,8786.012
2021-05-01 07:00:00,8866.0,8815.933
2021-05-01 08:00:00,8972.0,8880.046
2021-05-01 09:00:00,8961.0,8936.381
2021-05-01 10:00:00,8735.0,8865.778
2021-05-01 11:00:00,8683.0,8667.843
2021-05-01 12:00:00,8710.0,8658.882
2021-05-01 13:00:00,8792.0,8726.606
2021-05-01 14:00:00,9034.0,8867.815
2021-05-01 15:00:00,9243.0,9039.459
2021-05-01 16:00:00,8763.5,9258.753
2021-05-01 17:00:00,9251.0,8779.22
2021-05-01 18:00:00,8997.0,8974.886
2021-05-01 19:00:00,8763.5,9108.654
2021-05-01 20:00:00,8722.5,8865.462
2021-05-01 21:00:00,9006.0,8483.661
2021-05-01 22:00:00,8655.0,8529.15
2021-05-01 23:00:00,8518.0,8277.464
2021-05-02 00:00:00,8546.0,8397.486
2021-05-02 01:00:00,8537.0,8440.21
2021-05-02 02:00:00,8443.0,8495.892
2021-05-02 03:00:00,8487.0,8469.767
2021-05-02 04:00:00,8512.0,8487.611
2021-05-02 05:00:00,8574.0,8536.653
2021-05-02 06:00:00,8677.0,8681.73
2021-05-02 07:00:00,8671.0,8734.343
2021-05-02 08:00:00,8685.0,8713.584
2021-05-02 09:00:00,8708.0,8709.692
2021-05-02 10:00:00,8620.0,8687.959
2021-05-02 11:00:00,8550.0,8596.428
2021-05-02 12:00:00,8552.0,8559.425
2021-05-02 13:00:00,8561.0,8595.85
2021-05-02 14:00:00,8658.0,8655.674
2021-05-02 15:00:00,8783.0,8746.789
2021-05-02 16:00:00,8926.0,8864.803
2021-05-02 17:00:00,8914.0,8966.203
2021-05-02 18:00:00,8741.0,8843.026
2021-05-02 19:00:00,9172.0,8926.029
2021-05-02 20:00:00,9155.0,9086.634
2021-05-02 21:00:00,8863.0,8893.698
2021-05-02 22:00:00,8562.0,8605.43
2021-05-02 23:00:00,8447.0,8431.579
2021-05-03 00:00:00,8490.0,8444.505
2021-05-03 01:00:00,8554.0,8478.026
2021-05-03 02:00:00,8668.0,8574.444
2021-05-03 03:00:00,9284.0,8883.888
2021-05-03 04:00:00,9721.0,9667.473
2021-05-03 05:00:00,9910.0,9963.195
2021-05-03 06:00:00,9866.0,9987.79
2021-05-03 07:00:00,9754.0,9838.463
2021-05-03 08:00:00,9704.0,9713.472
2021-05-03 09:00:00,9691.0,9628.64
2021-05-03 10:00:00,9598.0,9566.621
2021-05-03 11:00:00,9528.0,9481.095
2021-05-03 12:00:00,9399.0,9441.585
2021-05-03 13:00:00,9349.0,9323.299
2021-05-03 14:00:00,9319.0,9348.506
2021-05-03 15:00:00,9146.0,9361.526
2021-05-03 16:00:00,9238.0,9249.233
2021-05-03 17:00:00,9204.0,9292.832
2021-05-03 18:00:00,8926.0,9060.194
2021-05-03 19:00:00,9241.0,9152.445
2021-05-03 20:00:00,9091.0,9189.033
2021-05-03 21:00:00,8679.0,8942.37
2021-05-03 22:00:00,8458.0,9027.762
2021-05-03 23:00:00,9233.5,9010.155
2021-05-04 00:00:00,9216.5,9202.707
2021-05-04 01:00:00,9175.0,9174.134
2021-05-04 02:00:00,9132.5,9029.172
2021-05-04 03:00:00,8953.0,9182.709
2021-05-04 04:00:00,9388.0,9310.131
2021-05-04 05:00:00,9568.0,9661.083
2021-05-04 06:00:00,9497.0,9643.419
2021-05-04 07:00:00,9374.0,9549.8125
2021-05-04 08:00:00,9408.0,9458.115
2021-05-04 09:00:00,9353.0,9424.636
2021-05-04 10:00:00,9229.0,9308.54
2021-05-04 11:00:00,9053.0,9191.426
2021-05-04 12:00:00,9119.0,9072.111
2021-05-04 13:00:00,9081.0,9109.216
2021-05-04 14:00:00,9171.0,9151.527
2021-05-04 15:00:00,9112.0,9180.899
2021-05-04 16:00:00,9204.0,9223.85
2021-05-04 17:00:00,9148.0,9211.549
2021-05-04 18:00:00,8965.0,8979.275
2021-05-04 19:00:00,9198.0,9098.514
2021-05-04 20:00:00,9034.0,9071.206
2021-05-04 21:00:00,9115.5,8700.242
2021-05-04 22:00:00,9115.5,8906.024
2021-05-04 23:00:00,9115.5,9104.869
2021-05-05 00:00:00,9133.5,9181.104
2021-05-05 01:00:00,9159.5,9182.77
2021-05-05 02:00:00,9184.5,9137.806
2021-05-05 03:00:00,8988.0,9127.399
2021-05-05 04:00:00,9447.0,9281.018
2021-05-05 05:00:00,9667.0,9633.656
2021-05-05 06:00:00,9573.0,9701.028
2021-05-05 07:00:00,9568.0,9521.955
2021-05-05 08:00:00,9654.0,9515.517
2021-05-05 09:00:00,9805.0,9560.27
2021-05-05 10:00:00,9631.0,9660.735
2021-05-05 11:00:00,9635.0,9493.448
2021-05-05 12:00:00,9661.0,9513.586
2021-05-05 13:00:00,9660.0,9569.727
2021-05-05 14:00:00,9773.0,9619.633
2021-05-05 15:00:00,9891.0,9741.813
2021-05-05 16:00:00,9893.0,9910.091
2021-05-05 17:00:00,9764.0,9828.57
2021-05-05 18:00:00,9467.0,9472.83
2021-05-05 19:00:00,9595.0,9412.137
2021-05-05 20:00:00,9372.0,9382.935
2021-05-05 21:00:00,8953.0,9172.911
2021-05-05 22:00:00,9647.5,9111.19
2021-05-05 23:00:00,9660.5,9499.125
2021-05-06 00:00:00,9686.5,9587.08
2021-05-06 01:00:00,9738.0,9623.444
2021-05-06 02:00:00,9768.0,9622.4
2021-05-06 03:00:00,9250.0,9586.167
2021-05-06 04:00:00,9712.0,9591.889
2021-05-06 05:00:00,9993.0,9824.889
2021-05-06 06:00:00,10108.0,9993.902
2021-05-06 07:00:00,10171.0,10011.228
2021-05-06 08:00:00,10073.0,10040.529
2021-05-06 09:00:00,9917.0,9990.705
2021-05-06 10:00:00,9886.0,9792.316
2021-05-06 11:00:00,9825.0,9770.26
2021-05-06 12:00:00,9797.0,9754.146
2021-05-06 13:00:00,9772.0,9745.835
2021-05-06 14:00:00,9761.0,9808.697
2021-05-06 15:00:00,9709.0,9838.602
2021-05-06 16:00:00,9799.0,9830.71
2021-05-06 17:00:00,9695.0,9807.99
2021-05-06 18:00:00,9388.0,9490.313
2021-05-06 19:00:00,9579.0,9497.573
2021-05-06 20:00:00,9439.0,9414.128
2021-05-06 21:00:00,9735.0,9149.889
2021-05-06 22:00:00,9735.0,9594.821
2021-05-06 23:00:00,9735.0,9652.161
2021-05-07 00:00:00,9735.0,9718.933
2021-05-07 01:00:00,9735.0,9735.241
2021-05-07 02:00:00,9735.0,9689.61
2021-05-07 03:00:00,9405.0,9571.948
2021-05-07 04:00:00,9792.0,9736.096
2021-05-07 05:00:00,10012.0,9986.257
2021-05-07 06:00:00,9974.0,10098.672
2021-05-07 07:00:00,9973.0,10008.143
2021-05-07 08:00:00,10060.0,9951.572
2021-05-07 09:00:00,10077.0,10009.893
2021-05-07 10:00:00,9993.0,9974.553
2021-05-07 11:00:00,9964.0,9901.07
2021-05-07 12:00:00,9969.0,9880.305
2021-05-07 13:00:00,9895.0,9914.16
2021-05-07 14:00:00,9918.0,9923.088
2021-05-07 15:00:00,9911.0,9936.622
2021-05-07 16:00:00,9835.0,9980.429
2021-05-07 17:00:00,9710.0,9812.164
2021-05-07 18:00:00,9493.0,9391.317
2021-05-07 19:00:00,9751.0,9516.6455
2021-05-07 20:00:00,9562.0,9576.696
2021-05-07 21:00:00,9066.0,9300.076
2021-05-07 22:00:00,8701.0,9116.169
2021-05-07 23:00:00,9037.5,8823.547
2021-05-08 00:00:00,9021.5,8958.045
2021-05-08 01:00:00,8970.0,8921.712
2021-05-08 02:00:00,8931.5,8837.242
2021-05-08 03:00:00,8931.5,8739.177
2021-05-08 04:00:00,8608.0,8898.667
2021-05-08 05:00:00,8755.0,8682.082
2021-05-08 06:00:00,8933.0,8900.242
2021-05-08 07:00:00,9036.0,8994.363
2021-05-08 08:00:00,9039.0,9125.661
2021-05-08 09:00:00,9007.0,9067.181
2021-05-08 10:00:00,8913.0,8921.613
2021-05-08 11:00:00,8885.0,8850.184
2021-05-08 12:00:00,8888.0,8857.091
2021-05-08 13:00:00,8930.0,8908.212
2021-05-08 14:00:00,9096.0,9031.567
2021-05-08 15:00:00,9280.0,9264.042
2021-05-08 16:00:00,9360.0,9368.714
2021-05-08 17:00:00,9170.0,9364.056
2021-05-08 18:00:00,8868.0,9000.208
2021-05-08 19:00:00,9180.0,8983.644
2021-05-08 20:00:00,9151.0,9132.468
2021-05-08 21:00:00,8742.0,8799.713
2021-05-08 22:00:00,8428.0,8417.089
2021-05-08 23:00:00,8241.0,8270.907
2021-05-09 00:00:00,8150.0,8294.661
2021-05-09 01:00:00,8131.0,8171.835
2021-05-09 02:00:00,8051.0,8176.065
2021-05-09 03:00:00,8104.0,8136.9766
2021-05-09 04:00:00,8168.0,8205.839
2021-05-09 05:00:00,8332.0,8267.255
2021-05-09 06:00:00,8460.0,8487.786
2021-05-09 07:00:00,8457.0,8591.793
2021-05-09 08:00:00,8473.0,8564.634
2021-05-09 09:00:00,8438.0,8516.709
2021-05-09 10:00:00,8302.0,8443.9
2021-05-09 11:00:00,8276.0,8294.152
2021-05-09 12:00:00,8252.0,8298.14
2021-05-09 13:00:00,8246.0,8325.006
2021-05-09 14:00:00,8316.0,8356.398
2021-05-09 15:00:00,8472.0,8432.642
2021-05-09 16:00:00,8580.0,8594.561
2021-05-09 17:00:00,8614.0,8600.9795
2021-05-09 18:00:00,8447.0,8542.61
2021-05-09 19:00:00,8777.0,8727.674
2021-05-09 20:00:00,8787.0,8846.042
2021-05-09 21:00:00,8387.0,8518.327
2021-05-09 22:00:00,8083.0,8198.063
2021-05-09 23:00:00,7976.0,7994.2085
2021-05-10 00:00:00,7946.0,8069.3955
2021-05-10 01:00:00,7958.0,8086.7456
2021-05-10 02:00:00,8085.0,8143.785
2021-05-10 03:00:00,8767.0,8491.011
2021-05-10 04:00:00,9284.0,9185.149
2021-05-10 05:00:00,9620.0,9595.78
2021-05-10 06:00:00,9769.0,9700.561
2021-05-10 07:00:00,9769.0,9729.902
2021-05-10 08:00:00,9841.0,9712.921
2021-05-10 09:00:00,9848.0,9747.891
2021-05-10 10:00:00,9677.0,9698.239
2021-05-10 11:00:00,9626.0,9539.072
2021-05-10 12:00:00,9558.0,9507.247
2021-05-10 13:00:00,9428.0,9442.52
2021-05-10 14:00:00,9360.0,9404.629
2021-05-10 15:00:00,9216.0,9316.231
2021-05-10 16:00:00,9205.0,9277.782
2021-05-10 17:00:00,9108.0,9220.245
2021-05-10 18:00:00,8797.0,8888.534
2021-05-10 19:00:00,8987.0,9028.533
2021-05-10 20:00:00,8813.0,8945.979
2021-05-10 21:00:00,8334.0,8569.286
2021-05-10 22:00:00,8956.0,8852.215
2021-05-10 23:00:00,8940.5,8929.163
2021-05-11 00:00:00,8877.0,9003.792
2021-05-11 01:00:00,8820.5,9037.301
2021-05-11 02:00:00,8808.5,8939.717
2021-05-11 03:00:00,8393.0,8922.231
2021-05-11 04:00:00,8828.0,9038.144
2021-05-11 05:00:00,9045.0,9165.909
2021-05-11 06:00:00,9048.0,9216.013
2021-05-11 07:00:00,8957.0,9130.016
2021-05-11 08:00:00,8955.0,9011.686
2021-05-11 09:00:00,8926.0,8969.412
2021-05-11 10:00:00,8804.0,8889.835
2021-05-11 11:00:00,8768.0,8806.994
2021-05-11 12:00:00,8668.0,8766.771
2021-05-11 13:00:00,8704.0,8679.497
2021-05-11 14:00:00,8792.0,8756.127
2021-05-11 15:00:00,8760.0,8846.055
2021-05-11 16:00:00,8824.0,8875.497
2021-05-11 17:00:00,8771.0,8880.6
2021-05-11 18:00:00,8432.0,8623.582
2021-05-11 19:00:00,8611.0,8736.494
2021-05-11 20:00:00,8491.0,8620.37
2021-05-11 21:00:00,8686.0,8323.054
2021-05-11 22:00:00,8686.0,8712.968
2021-05-11 23:00:00,8686.0,8709.442
2021-05-12 00:00:00,8686.0,8728.503
2021-05-12 01:00:00,8721.0,8723.159
2021-05-12 02:00:00,8728.5,8716.13
2021-05-12 03:00:00,8219.0,8499.174
2021-05-12 04:00:00,8591.0,8637.009
2021-05-12 05:00:00,8738.0,8882.374
2021-05-12 06:00:00,8771.0,8877.095
2021-05-12 07:00:00,8827.0,8829.577
2021-05-12 08:00:00,8861.0,8866.385
2021-05-12 09:00:00,8840.0,8870.01
2021-05-12 10:00:00,8781.0,8748.309
2021-05-12 11:00:00,8804.0,8696.432
2021-05-12 12:00:00,8777.0,8723.822
2021-05-12 13:00:00,8719.0,8706.88
2021-05-12 14:00:00,8653.0,8728.932
2021-05-12 15:00:00,8598.0,8639.803
2021-05-12 16:00:00,8658.0,8680.348
2021-05-12 17:00:00,8571.0,8660.978
2021-05-12 18:00:00,8315.0,8400.445
2021-05-12 19:00:00,8524.0,8617.702
2021-05-12 20:00:00,8297.0,8464.895
2021-05-12 21:00:00,7842.0,8263.83
2021-05-12 22:00:00,8340.0,8248.79
2021-05-12 23:00:00,8327.0,8382.817
2021-05-13 00:00:00,8318.5,8359.91
2021-05-13 01:00:00,8309.0,8320.388
2021-05-13 02:00:00,8304.5,8285.422
2021-05-13 03:00:00,8304.5,8270.534
2021-05-13 04:00:00,8304.5,8526.71
2021-05-13 05:00:00,8026.0,8470.956
2021-05-13 06:00:00,8244.0,8221.438
2021-05-13 07:00:00,8365.0,8317.831
2021-05-13 08:00:00,8424.0,8441.724
2021-05-13 09:00:00,8426.0,8468.718
2021-05-13 10:00:00,8339.0,8406.202
2021-05-13 11:00:00,8322.0,8322.246
2021-05-13 12:00:00,8303.0,8336.285
2021-05-13 13:00:00,8306.0,8323.911
2021-05-13 14:00:00,8346.0,8342.547
2021-05-13 15:00:00,8319.0,8365.833
2021-05-13 16:00:00,8301.0,8402.191
2021-05-13 17:00:00,8241.0,8302.439
2021-05-13 18:00:00,7934.0,8084.3438
2021-05-13 19:00:00,8106.0,8141.111
2021-05-13 20:00:00,7977.0,8156.2764
2021-05-13 21:00:00,8271.0,7810.1987
2021-05-13 22:00:00,8271.0,8186.9604
2021-05-13 23:00:00,8271.0,8200.703
2021-05-14 00:00:00,8271.0,8282.71
2021-05-14 01:00:00,8271.0,8282.828
2021-05-14 02:00:00,8271.0,8259.663
2021-05-14 03:00:00,8271.0,8221.437
2021-05-14 04:00:00,8112.0,8499.604
2021-05-14 05:00:00,8351.0,8243.767
2021-05-14 06:00:00,8524.0,8444.122
2021-05-14 07:00:00,8534.0,8566.446
2021-05-14 08:00:00,8636.0,8567.763
2021-05-14 09:00:00,8585.0,8619.327
2021-05-14 10:00:00,8474.0,8521.595
2021-05-14 11:00:00,8398.0,8440.099
2021-05-14 12:00:00,8434.0,8385.212
2021-05-14 13:00:00,8393.0,8407.306
2021-05-14 14:00:00,8414.0,8403.346
2021-05-14 15:00:00,8478.0,8413.889
2021-05-14 16:00:00,8509.0,8512.041
2021-05-14 17:00:00,8394.0,8437.726
2021-05-14 18:00:00,8127.0,8133.7295
2021-05-14 19:00:00,8310.0,8256.01
2021-05-14 20:00:00,8073.0,8193.306
2021-05-14 21:00:00,7624.0,7902.377
2021-05-14 22:00:00,8068.0,7694.129
2021-05-14 23:00:00,8036.0,8019.77
2021-05-15 00:00:00,7998.5,8018.2
2021-05-15 01:00:00,7959.5,7996.6133
2021-05-15 02:00:00,7959.5,7992.8657
2021-05-15 03:00:00,7959.5,8018.447
2021-05-15 04:00:00,7351.0,7997.442
2021-05-15 05:00:00,7634.0,7533.8755
2021-05-15 06:00:00,7821.0,7789.222
2021-05-15 07:00:00,7988.0,7922.6245
2021-05-15 08:00:00,8086.0,8097.654
2021-05-15 09:00:00,8063.0,8115.006
2021-05-15 10:00:00,8009.0,8056.7026
2021-05-15 11:00:00,7892.0,8006.1226
2021-05-15 12:00:00,7931.0,7947.7964
2021-05-15 13:00:00,8096.0,7986.0757
2021-05-15 14:00:00,8187.0,8174.608
2021-05-15 15:00:00,8321.0,8235.603
2021-05-15 16:00:00,8377.0,8354.627
2021-05-15 17:00:00,8159.0,8322.765
2021-05-15 18:00:00,7890.0,7963.371
2021-05-15 19:00:00,8119.0,8094.2417
2021-05-15 20:00:00,8048.0,8066.2236
2021-05-15 21:00:00,7581.0,7694.7896
2021-05-15 22:00:00,7240.0,7508.5674
2021-05-15 23:00:00,7854.5,7404.382
2021-05-16 00:00:00,7814.0,7824.4624
2021-05-16 01:00:00,7763.0,7721.2026
2021-05-16 02:00:00,7740.0,7681.5205
2021-05-16 03:00:00,7740.0,7701.956
2021-05-16 04:00:00,7156.0,7659.766
2021-05-16 05:00:00,7417.0,7317.0405
2021-05-16 06:00:00,7631.0,7576.391
2021-05-16 07:00:00,7825.0,7739.4355
2021-05-16 08:00:00,7920.0,7870.36
2021-05-16 09:00:00,7884.0,7910.426
2021-05-16 10:00:00,7803.0,7852.3906
2021-05-16 11:00:00,7723.0,7733.463
2021-05-16 12:00:00,7672.0,7707.965
2021-05-16 13:00:00,7757.0,7721.092
2021-05-16 14:00:00,7924.0,7845.372
2021-05-16 15:00:00,7980.0,8001.3525
2021-05-16 16:00:00,8076.0,8067.664
2021-05-16 17:00:00,8057.0,8069.166
2021-05-16 18:00:00,7804.0,7863.7964
2021-05-16 19:00:00,8084.0,7971.8936
2021-05-16 20:00:00,8109.0,8052.448
2021-05-16 21:00:00,7724.0,7766.1567
2021-05-16 22:00:00,7483.0,7556.433
2021-05-16 23:00:00,8018.5,7549.167
2021-05-17 00:00:00,8066.5,7899.0366
2021-05-17 01:00:00,8080.0,7911.089
2021-05-17 02:00:00,8087.0,7965.025
2021-05-17 03:00:00,8090.0,8239.564
2021-05-17 04:00:00,8595.0,8430.093
2021-05-17 05:00:00,8867.0,8894.416
2021-05-17 06:00:00,8900.0,8914.527
2021-05-17 07:00:00,8932.0,8940.219
2021-05-17 08:00:00,9021.0,8925.485
2021-05-17 09:00:00,9009.0,8991.78
2021-05-17 10:00:00,8828.0,8909.283
2021-05-17 11:00:00,8741.0,8706.465
2021-05-17 12:00:00,8913.0,8653.195
2021-05-17 13:00:00,8931.0,8810.898
2021-05-17 14:00:00,8876.0,8825.737
2021-05-17 15:00:00,8802.0,8810.248
2021-05-17 16:00:00,8847.0,8808.764
2021-05-17 17:00:00,8720.0,8795.666
2021-05-17 18:00:00,8410.0,8480.715
2021-05-17 19:00:00,8436.0,8495.591
2021-05-17 20:00:00,8323.0,8382.955
2021-05-17 21:00:00,8730.5,8061.097
2021-05-17 22:00:00,8730.5,8742.153
2021-05-17 23:00:00,8730.5,8704.232
2021-05-18 00:00:00,8706.0,8706.83
2021-05-18 01:00:00,8706.0,8732.698
2021-05-18 02:00:00,8706.0,8687.823
2021-05-18 03:00:00,8068.0,8359.741
2021-05-18 04:00:00,8556.0,8664.847
2021-05-18 05:00:00,8845.0,8839.647
2021-05-18 06:00:00,8920.0,8927.861
2021-05-18 07:00:00,8985.0,8930.112
2021-05-18 08:00:00,8968.0,8996.456
2021-05-18 09:00:00,8961.0,8956.349
2021-05-18 10:00:00,8763.0,8858.276
2021-05-18 11:00:00,8692.0,8694.005
2021-05-18 12:00:00,8785.0,8679.809
2021-05-18 13:00:00,8750.0,8767.104
2021-05-18 14:00:00,8732.0,8764.242
2021-05-18 15:00:00,8695.0,8730.805
2021-05-18 16:00:00,8745.0,8753.519
2021-05-18 17:00:00,8669.0,8731.786
2021-05-18 18:00:00,8357.0,8372.105
2021-05-18 19:00:00,8460.0,8534.763
2021-05-18 20:00:00,8278.0,8397.33
2021-05-18 21:00:00,8680.5,8429.152
2021-05-18 22:00:00,8680.5,8683.315
2021-05-18 23:00:00,8680.5,8669.158
2021-05-19 00:00:00,8682.0,8671.714
2021-05-19 01:00:00,8682.0,8712.01
2021-05-19 02:00:00,8682.0,8687.697
2021-05-19 03:00:00,8682.0,8210.3545
2021-05-19 04:00:00,8513.0,8739.742
2021-05-19 05:00:00,8852.0,8769.892
2021-05-19 06:00:00,8982.0,8925.001
2021-05-19 07:00:00,9027.0,9004.967
2021-05-19 08:00:00,9115.0,9018.326
2021-05-19 09:00:00,9159.0,9077.923
2021-05-19 10:00:00,8970.0,9018.779
2021-05-19 11:00:00,8890.0,8865.182
2021-05-19 12:00:00,8870.0,8825.896
2021-05-19 13:00:00,8866.0,8823.518
2021-05-19 14:00:00,8881.0,8803.782
2021-05-19 15:00:00,8926.0,8831.341
2021-05-19 16:00:00,8903.0,8930.216
2021-05-19 17:00:00,8815.0,8863.436
2021-05-19 18:00:00,8412.0,8461.59
2021-05-19 19:00:00,8478.0,8544.263
2021-05-19 20:00:00,8369.0,8367.801
2021-05-19 21:00:00,7929.0,8467.999
2021-05-19 22:00:00,8803.5,8613.598
2021-05-19 23:00:00,8801.0,8732.79
2021-05-20 00:00:00,8746.0,8757.943
2021-05-20 01:00:00,8662.0,8742.985
2021-05-20 02:00:00,8627.5,8628.425
2021-05-20 03:00:00,8016.0,8405.202
2021-05-20 04:00:00,8515.0,8618.698
2021-05-20 05:00:00,8792.0,8687.511
2021-05-20 06:00:00,8883.0,8893.588
2021-05-20 07:00:00,8934.0,8920.438
2021-05-20 08:00:00,8916.0,8958.351
2021-05-20 09:00:00,8904.0,8946.299
2021-05-20 10:00:00,8810.0,8846.718
2021-05-20 11:00:00,8700.0,8765.404
2021-05-20 12:00:00,8624.0,8698.626
2021-05-20 13:00:00,8631.0,8635.534
2021-05-20 14:00:00,8686.0,8646.01
2021-05-20 15:00:00,8648.0,8716.897
2021-05-20 16:00:00,8734.0,8705.316
2021-05-20 17:00:00,8731.0,8702.01
2021-05-20 18:00:00,8412.0,8364.094
2021-05-20 19:00:00,8490.0,8458.086
2021-05-20 20:00:00,8473.0,8345.026
2021-05-20 21:00:00,8639.5,8110.133
2021-05-20 22:00:00,8639.5,8644.376
2021-05-20 23:00:00,8639.5,8649.359
2021-05-21 00:00:00,8639.5,8607.874
2021-05-21 01:00:00,8667.0,8593.572
2021-05-21 02:00:00,8708.5,8566.522
2021-05-21 03:00:00,8314.0,8267.205
2021-05-21 04:00:00,8848.0,8484.997
2021-05-21 05:00:00,9256.0,8960.245
2021-05-21 06:00:00,9383.0,9247.82
2021-05-21 07:00:00,9419.0,9315.962
2021-05-21 08:00:00,9493.0,9353.23
2021-05-21 09:00:00,9509.0,9360.41
2021-05-21 10:00:00,9376.0,9355.884
2021-05-21 11:00:00,9339.0,9203.591
2021-05-21 12:00:00,9341.0,9172.15
2021-05-21 13:00:00,9323.0,9178.943
2021-05-21 14:00:00,9406.0,9222.796
2021-05-21 15:00:00,9396.0,9292.054
2021-05-21 16:00:00,9472.0,9336.725
2021-05-21 17:00:00,9350.0,9289.165
2021-05-21 18:00:00,8915.0,8865.4
2021-05-21 19:00:00,8911.0,8820.952
2021-05-21 20:00:00,8787.0,8688.167
2021-05-21 21:00:00,8280.0,8539.02
2021-05-21 22:00:00,8696.0,8274.226
2021-05-21 23:00:00,8662.0,8596.579
2021-05-22 00:00:00,8624.0,8526.753
2021-05-22 01:00:00,8579.5,8539.82
2021-05-22 02:00:00,8555.0,8472.634
2021-05-22 03:00:00,8555.0,8228.224
2021-05-22 04:00:00,8155.0,8385.039
2021-05-22 05:00:00,8362.0,7974.646
2021-05-22 06:00:00,8493.0,8330.1875
2021-05-22 07:00:00,8557.0,8524.487
2021-05-22 08:00:00,8678.0,8600.103
2021-05-22 09:00:00,8714.0,8640.818
2021-05-22 10:00:00,8646.0,8661.759
2021-05-22 11:00:00,8602.0,8555.453
2021-05-22 12:00:00,8553.0,8560.807
2021-05-22 13:00:00,8531.0,8569.356
2021-05-22 14:00:00,8610.0,8554.786
2021-05-22 15:00:00,8833.0,8681.048
2021-05-22 16:00:00,8926.0,8886.013
2021-05-22 17:00:00,8727.0,8853.649
2021-05-22 18:00:00,8394.0,8528.733
2021-05-22 19:00:00,8474.0,8522.499
2021-05-22 20:00:00,8510.0,8437.775
2021-05-22 21:00:00,8206.0,7975.5347
2021-05-22 22:00:00,7860.0,7954.2715
2021-05-22 23:00:00,8202.0,7829.8887
2021-05-23 00:00:00,8167.0,8069.909
2021-05-23 01:00:00,8118.0,8051.508
2021-05-23 02:00:00,8118.0,8006.6533
2021-05-23 03:00:00,8118.0,7963.8364
2021-05-23 04:00:00,8118.0,8019.149
2021-05-23 05:00:00,7795.0,7985.1147
2021-05-23 06:00:00,8007.0,7927.506
2021-05-23 07:00:00,8136.0,8078.7427
2021-05-23 08:00:00,8247.0,8176.329
2021-05-23 09:00:00,8198.0,8229.646
2021-05-23 10:00:00,8100.0,8137.2993
2021-05-23 11:00:00,8051.0,8077.9473
2021-05-23 12:00:00,8098.0,8067.441
2021-05-23 13:00:00,8152.0,8104.9346
2021-05-23 14:00:00,8255.0,8189.139
2021-05-23 15:00:00,8267.0,8331.025
2021-05-23 16:00:00,8387.0,8340.77
2021-05-23 17:00:00,8378.0,8366.774
2021-05-23 18:00:00,8119.0,8192.822
2021-05-23 19:00:00,8359.0,8332.807
2021-05-23 20:00:00,8398.0,8327.0
2021-05-23 21:00:00,7924.0,8016.8125
2021-05-23 22:00:00,7698.0,7702.8633
2021-05-23 23:00:00,7574.0,7748.899
2021-05-24 00:00:00,7483.0,7883.1523
2021-05-24 01:00:00,7464.0,7864.085
2021-05-24 02:00:00,7655.0,7816.061
2021-05-24 03:00:00,8384.0,8071.9272
2021-05-24 04:00:00,8988.0,8785.687
2021-05-24 05:00:00,9262.0,9230.896
2021-05-24 06:00:00,9333.0,9283.928
2021-05-24 07:00:00,9332.0,9295.591
2021-05-24 08:00:00,9348.0,9298.901
2021-05-24 09:00:00,9314.0,9282.173
2021-05-24 10:00:00,9157.0,9175.194
2021-05-24 11:00:00,9099.0,9038.496
2021-05-24 12:00:00,9024.0,9035.742
2021-05-24 13:00:00,8971.0,8944.723
2021-05-24 14:00:00,8900.0,8937.901
2021-05-24 15:00:00,8772.0,8912.168
2021-05-24 16:00:00,8810.0,8850.385
2021-05-24 17:00:00,8789.0,8846.759
2021-05-24 18:00:00,8552.0,8509.568
2021-05-24 19:00:00,8635.0,8605.657
2021-05-24 20:00:00,8626.0,8503.138
2021-05-24 21:00:00,8182.0,8338.605
2021-05-24 22:00:00,8780.5,8545.931
2021-05-24 23:00:00,8780.5,8735.988
2021-05-25 00:00:00,8780.5,8769.456
2021-05-25 01:00:00,8774.0,8770.904
2021-05-25 02:00:00,8763.5,8646.721
2021-05-25 03:00:00,8371.0,8443.218
2021-05-25 04:00:00,8755.0,8715.291
2021-05-25 05:00:00,8938.0,8979.843
2021-05-25 06:00:00,8986.0,9039.588
2021-05-25 07:00:00,8966.0,9024.876
2021-05-25 08:00:00,9001.0,9004.7705
2021-05-25 09:00:00,9041.0,8986.623
2021-05-25 10:00:00,8910.0,8963.783
2021-05-25 11:00:00,8869.0,8858.265
2021-05-25 12:00:00,8776.0,8816.678
2021-05-25 13:00:00,8754.0,8760.723
2021-05-25 14:00:00,8760.0,8759.665
2021-05-25 15:00:00,8743.0,8736.715
2021-05-25 16:00:00,8781.0,8779.981
2021-05-25 17:00:00,8665.0,8740.547
2021-05-25 18:00:00,8337.0,8401.917
2021-05-25 19:00:00,8465.0,8565.572
2021-05-25 20:00:00,8370.0,8504.247
2021-05-25 21:00:00,8747.5,8259.242
2021-05-25 22:00:00,8747.5,8720.092
2021-05-25 23:00:00,8747.5,8729.247
2021-05-26 00:00:00,8747.5,8749.415
2021-05-26 01:00:00,8747.5,8750.888
2021-05-26 02:00:00,8747.5,8703.893
2021-05-26 03:00:00,8145.0,8435.256
2021-05-26 04:00:00,8752.0,8552.246
2021-05-26 05:00:00,8991.0,8926.932
2021-05-26 06:00:00,9073.0,9074.383
2021-05-26 07:00:00,9258.0,9080.962
2021-05-26 08:00:00,9373.0,9215.853
2021-05-26 09:00:00,9360.0,9298.334
2021-05-26 10:00:00,9272.0,9181.498
2021-05-26 11:00:00,9248.0,9117.397
2021-05-26 12:00:00,9227.0,9101.887
2021-05-26 13:00:00,9304.0,9074.489
2021-05-26 14:00:00,9415.0,9207.463
2021-05-26 15:00:00,9470.0,9293.757
2021-05-26 16:00:00,9489.0,9393.558
2021-05-26 17:00:00,9246.0,9361.537
2021-05-26 18:00:00,8760.0,8823.4375
2021-05-26 19:00:00,8795.0,8606.599
2021-05-26 20:00:00,8631.0,8514.266
2021-05-26 21:00:00,8139.0,8507.031
2021-05-26 22:00:00,9213.0,8665.995
2021-05-26 23:00:00,9213.0,9009.758
2021-05-27 00:00:00,9195.5,9070.697
2021-05-27 01:00:00,9166.5,9063.335
2021-05-27 02:00:00,9138.5,8947.362
2021-05-27 03:00:00,8438.0,8738.05
2021-05-27 04:00:00,9010.0,8860.454
2021-05-27 05:00:00,9199.0,9171.501
2021-05-27 06:00:00,9384.0,9224.984
2021-05-27 07:00:00,9411.0,9374.474
2021-05-27 08:00:00,9452.0,9373.307
2021-05-27 09:00:00,9335.0,9379.741
2021-05-27 10:00:00,9304.0,9239.443
2021-05-27 11:00:00,9192.0,9205.796
2021-05-27 12:00:00,9141.0,9109.08
2021-05-27 13:00:00,9136.0,9093.883
2021-05-27 14:00:00,9123.0,9150.259
2021-05-27 15:00:00,9089.0,9208.598
2021-05-27 16:00:00,9091.0,9260.024
2021-05-27 17:00:00,8988.0,9130.265
2021-05-27 18:00:00,8622.0,8675.57
2021-05-27 19:00:00,8669.0,8763.007
2021-05-27 20:00:00,8616.0,8516.662
2021-05-27 21:00:00,8247.0,8301.248
2021-05-27 22:00:00,7936.0,8739.946
2021-05-27 23:00:00,9012.0,8679.303
2021-05-28 00:00:00,8999.0,8937.22
2021-05-28 01:00:00,8972.5,8929.602
2021-05-28 02:00:00,7775.0,8852.265
2021-05-28 03:00:00,8480.0,8176.075
2021-05-28 04:00:00,9014.0,8839.158
2021-05-28 05:00:00,9148.0,9221.788
2021-05-28 06:00:00,9231.0,9285.617
2021-05-28 07:00:00,9244.0,9265.239
2021-05-28 08:00:00,9223.0,9279.783
2021-05-28 09:00:00,9151.0,9188.359
2021-05-28 10:00:00,9010.0,9077.153
2021-05-28 11:00:00,8946.0,8939.964
2021-05-28 12:00:00,8957.0,8908.29
2021-05-28 13:00:00,8869.0,8931.145
2021-05-28 14:00:00,8891.0,8880.448
2021-05-28 15:00:00,8798.0,8916.351
2021-05-28 16:00:00,8751.0,8901.849
2021-05-28 17:00:00,8679.0,8782.985
2021-05-28 18:00:00,8397.0,8436.455
2021-05-28 19:00:00,8513.0,8611.521
2021-05-28 20:00:00,8475.0,8475.739
2021-05-28 21:00:00,8153.0,8066.6626
2021-05-28 22:00:00,8392.5,8019.6416
2021-05-28 23:00:00,8378.0,8409.594
2021-05-29 00:00:00,8325.5,8374.099
2021-05-29 01:00:00,8260.0,8312.298
2021-05-29 02:00:00,8239.0,8225.897
2021-05-29 03:00:00,8239.0,8238.8545
2021-05-29 04:00:00,7830.0,8168.59
2021-05-29 05:00:00,8053.0,7860.7407
2021-05-29 06:00:00,8283.0,8206.66
2021-05-29 07:00:00,8388.0,8345.404
2021-05-29 08:00:00,8406.0,8438.969
2021-05-29 09:00:00,8368.0,8410.675
2021-05-29 10:00:00,8237.0,8358.521
2021-05-29 11:00:00,8226.0,8218.844
2021-05-29 12:00:00,8187.0,8216.972
2021-05-29 13:00:00,8241.0,8219.161
2021-05-29 14:00:00,8310.0,8321.725
2021-05-29 15:00:00,8449.0,8389.342
2021-05-29 16:00:00,8573.0,8521.205
2021-05-29 17:00:00,8378.0,8520.035
2021-05-29 18:00:00,8060.0,8192.74
2021-05-29 19:00:00,8152.0,8251.061
2021-05-29 20:00:00,8238.0,8167.066
2021-05-29 21:00:00,7974.0,7888.439
2021-05-29 22:00:00,7718.0,7737.842
2021-05-29 23:00:00,7525.0,7629.1523
2021-05-30 00:00:00,7912.0,7551.955
2021-05-30 01:00:00,7887.0,7874.024
2021-05-30 02:00:00,7843.0,7895.3267
2021-05-30 03:00:00,7843.0,7794.6963
2021-05-30 04:00:00,7843.0,7798.6934
2021-05-30 05:00:00,7568.0,7721.443
2021-05-30 06:00:00,7730.0,7701.4253
2021-05-30 07:00:00,7918.0,7857.7334
2021-05-30 08:00:00,7906.0,8028.11
2021-05-30 09:00:00,7967.0,7962.171
2021-05-30 10:00:00,7868.0,7978.59
2021-05-30 11:00:00,7815.0,7881.7686
2021-05-30 12:00:00,7812.0,7832.7744
2021-05-30 13:00:00,7818.0,7867.3994
2021-05-30 14:00:00,7869.0,7910.3184
2021-05-30 15:00:00,7921.0,8001.646
2021-05-30 16:00:00,8100.0,8023.524
2021-05-30 17:00:00,8045.0,8125.278
2021-05-30 18:00:00,7843.0,7932.2217
2021-05-30 19:00:00,8034.0,8047.226
2021-05-30 20:00:00,8091.0,8123.2705
2021-05-30 21:00:00,7708.0,7810.669
2021-05-30 22:00:00,7412.0,7569.825
2021-05-30 23:00:00,7240.0,7604.2954
2021-05-31 00:00:00,8021.5,7350.434
2021-05-31 01:00:00,8039.5,7813.0654
2021-05-31 02:00:00,7323.0,7813.889
2021-05-31 03:00:00,8009.0,8017.603
2021-05-31 04:00:00,8605.0,8537.466
2021-05-31 05:00:00,8970.0,8919.281
2021-05-31 06:00:00,9012.0,9108.184
2021-05-31 07:00:00,8997.0,9048.762
2021-05-31 08:00:00,9032.0,9030.756
2021-05-31 09:00:00,9076.0,9010.172
2021-05-31 10:00:00,9019.0,8982.353
2021-05-31 11:00:00,8815.0,8900.757
2021-05-31 12:00:00,8790.0,8758.955
2021-05-31 13:00:00,8689.0,8719.381
2021-05-31 14:00:00,8652.0,8661.447
2021-05-31 15:00:00,8606.0,8597.472
2021-05-31 16:00:00,8621.0,8619.062
2021-05-31 17:00:00,8555.0,8595.685
2021-05-31 18:00:00,8208.0,8338.684
2021-05-31 19:00:00,8245.0,8331.444
2021-05-31 20:00:00,8186.0,8232.912
2021-05-31 21:00:00,7724.0,7864.4585
2021-05-31 22:00:00,8580.5,8443.527
2021-05-31 23:00:00,8580.5,8590.886
2021-06-01 00:00:00,8580.5,8588.755
2021-06-01 01:00:00,8571.0,8575.729
2021-06-01 02:00:00,8546.0,8562.026
2021-06-01 03:00:00,8088.0,8213.372
2021-06-01 04:00:00,8537.0,8370.003
2021-06-01 05:00:00,8711.0,8714.877
2021-06-01 06:00:00,8800.0,8826.716
2021-06-01 07:00:00,8809.0,8841.491
2021-06-01 08:00:00,8880.0,8848.26
2021-06-01 09:00:00,8883.0,8895.052
2021-06-01 10:00:00,8746.0,8821.878
2021-06-01 11:00:00,8636.0,8692.629
2021-06-01 12:00:00,8587.0,8595.91
2021-06-01 13:00:00,8532.0,8548.159
2021-06-01 14:00:00,8545.0,8515.009
2021-06-01 15:00:00,8493.0,8500.556
2021-06-01 16:00:00,8497.0,8528.096
2021-06-01 17:00:00,8445.0,8465.799
2021-06-01 18:00:00,8122.0,8151.2354
2021-06-01 19:00:00,8102.0,8172.057
2021-06-01 20:00:00,7970.0,8088.229
2021-06-01 21:00:00,7625.0,8002.1816
2021-06-01 22:00:00,8469.0,8108.8403
2021-06-01 23:00:00,8469.0,8486.747
2021-06-02 00:00:00,8469.0,8476.809
2021-06-02 01:00:00,8469.0,8470.332
2021-06-02 02:00:00,8469.0,8442.016
2021-06-02 03:00:00,7915.0,8016.4004
2021-06-02 04:00:00,8366.0,8316.671
2021-06-02 05:00:00,8652.0,8582.051
2021-06-02 06:00:00,8726.0,8786.193
2021-06-02 07:00:00,8723.0,8760.187
2021-06-02 08:00:00,8741.0,8756.904
2021-06-02 09:00:00,8794.0,8745.569
2021-06-02 10:00:00,8681.0,8725.8955
2021-06-02 11:00:00,8588.0,8614.352
2021-06-02 12:00:00,8557.0,8529.595
2021-06-02 13:00:00,8528.0,8503.4375
2021-06-02 14:00:00,8476.0,8459.12
2021-06-02 15:00:00,8371.0,8457.981
2021-06-02 16:00:00,8405.0,8430.578
2021-06-02 17:00:00,8347.0,8388.99
2021-06-02 18:00:00,7961.0,8112.1753
2021-06-02 19:00:00,7957.0,8072.0503
2021-06-02 20:00:00,7820.0,7929.34
2021-06-02 21:00:00,7445.0,7825.6187
2021-06-02 22:00:00,8334.0,8002.2603
2021-06-02 23:00:00,8334.0,8347.809
2021-06-03 00:00:00,8334.0,8329.139
2021-06-03 01:00:00,8334.0,8325.947
2021-06-03 02:00:00,8334.0,8294.528
2021-06-03 03:00:00,7660.0,7980.087
2021-06-03 04:00:00,8148.0,8208.196
2021-06-03 05:00:00,8321.0,8384.267
2021-06-03 06:00:00,8463.0,8484.026
2021-06-03 07:00:00,8483.0,8598.851
2021-06-03 08:00:00,8595.0,8587.499
2021-06-03 09:00:00,8567.0,8628.09
2021-06-03 10:00:00,8517.0,8544.834
2021-06-03 11:00:00,8491.0,8456.73
2021-06-03 12:00:00,8471.0,8464.255
2021-06-03 13:00:00,8450.0,8447.714
2021-06-03 14:00:00,8402.0,8443.733
2021-06-03 15:00:00,8370.0,8380.919
2021-06-03 16:00:00,8324.0,8403.187
2021-06-03 17:00:00,8196.0,8292.973
2021-06-03 18:00:00,7834.0,7964.4395
2021-06-03 19:00:00,7883.0,7959.1904
2021-06-03 20:00:00,7794.0,7851.345
2021-06-03 21:00:00,7438.0,7619.3184
2021-06-03 22:00:00,7110.0,7899.4395
2021-06-03 23:00:00,8313.5,7765.5503
2021-06-04 00:00:00,8313.5,8270.961
2021-06-04 01:00:00,8313.5,8267.783
2021-06-04 02:00:00,7094.0,8078.157
2021-06-04 03:00:00,7732.0,7539.6377
2021-06-04 04:00:00,8303.0,8018.658
2021-06-04 05:00:00,8575.0,8470.873
2021-06-04 06:00:00,8769.0,8717.5205
2021-06-04 07:00:00,8801.0,8776.525
2021-06-04 08:00:00,8880.0,8805.04
2021-06-04 09:00:00,8856.0,8865.326
2021-06-04 10:00:00,8760.0,8744.385
2021-06-04 11:00:00,8676.0,8680.678
2021-06-04 12:00:00,8602.0,8575.732
2021-06-04 13:00:00,8572.0,8554.607
2021-06-04 14:00:00,8477.0,8540.563
2021-06-04 15:00:00,8396.0,8452.025
2021-06-04 16:00:00,8446.0,8409.177
2021-06-04 17:00:00,8350.0,8376.558
2021-06-04 18:00:00,8048.0,7970.967
2021-06-04 19:00:00,8021.0,8019.9194
2021-06-04 20:00:00,7848.0,7897.772
2021-06-04 21:00:00,7464.0,7549.218
2021-06-04 22:00:00,7837.5,7547.899
2021-06-04 23:00:00,7821.5,7805.8438
2021-06-05 00:00:00,7807.5,7818.7466
2021-06-05 01:00:00,7797.5,7795.0005
2021-06-05 02:00:00,7797.5,7795.684
2021-06-05 03:00:00,7797.5,7666.367
2021-06-05 04:00:00,7184.0,7732.1533
2021-06-05 05:00:00,7477.0,7515.812
2021-06-05 06:00:00,7609.0,7679.5137
2021-06-05 07:00:00,7816.0,7770.7104
2021-06-05 08:00:00,7827.0,7881.41
2021-06-05 09:00:00,7858.0,7837.431
2021-06-05 10:00:00,7799.0,7892.183
2021-06-05 11:00:00,7772.0,7792.0005
2021-06-05 12:00:00,7796.0,7820.751
2021-06-05 13:00:00,7915.0,7838.287
2021-06-05 14:00:00,7962.0,7974.718
2021-06-05 15:00:00,7952.0,8037.1934
2021-06-05 16:00:00,7895.0,8005.7217
2021-06-05 17:00:00,7760.0,7886.922
2021-06-05 18:00:00,7538.0,7630.961
2021-06-05 19:00:00,7612.0,7647.3325
2021-06-05 20:00:00,7585.0,7588.2856
2021-06-05 21:00:00,7261.0,7308.163
2021-06-05 22:00:00,6894.0,7321.468
2021-06-05 23:00:00,6761.0,7124.4785
2021-06-06 00:00:00,7598.5,6741.8867
2021-06-06 01:00:00,7598.5,7444.099
2021-06-06 02:00:00,7598.5,7478.989
2021-06-06 03:00:00,7598.5,7548.0815
2021-06-06 04:00:00,7598.5,7511.306
2021-06-06 05:00:00,7026.0,7420.8086
2021-06-06 06:00:00,7343.0,7289.938
2021-06-06 07:00:00,7642.0,7539.4663
2021-06-06 08:00:00,7739.0,7757.857
2021-06-06 09:00:00,7795.0,7777.2183
2021-06-06 10:00:00,7741.0,7738.463
2021-06-06 11:00:00,7724.0,7700.461
2021-06-06 12:00:00,7716.0,7701.1035
2021-06-06 13:00:00,7687.0,7733.756
2021-06-06 14:00:00,7738.0,7775.2373
2021-06-06 15:00:00,7864.0,7824.323
2021-06-06 16:00:00,7889.0,7928.2075
2021-06-06 17:00:00,7763.0,7795.406
2021-06-06 18:00:00,7403.0,7598.7256
2021-06-06 19:00:00,7529.0,7590.53
2021-06-06 20:00:00,7562.0,7533.9214
2021-06-06 21:00:00,7196.0,7223.8384
2021-06-06 22:00:00,6811.0,7166.7583
2021-06-06 23:00:00,7720.0,7226.036
2021-06-07 00:00:00,7727.0,7710.764
2021-06-07 01:00:00,7750.5,7735.4883
2021-06-07 02:00:00,7813.5,7408.972
2021-06-07 03:00:00,7505.0,7786.8193
2021-06-07 04:00:00,8057.0,8072.8643
2021-06-07 05:00:00,8401.0,8420.6875
2021-06-07 06:00:00,8621.0,8584.7295
2021-06-07 07:00:00,8648.0,8713.607
2021-06-07 08:00:00,8722.0,8704.995
2021-06-07 09:00:00,8804.0,8744.767
2021-06-07 10:00:00,8751.0,8739.104
2021-06-07 11:00:00,8679.0,8679.631
2021-06-07 12:00:00,8610.0,8568.994
2021-06-07 13:00:00,8427.0,8529.081
2021-06-07 14:00:00,8373.0,8377.527
2021-06-07 15:00:00,8346.0,8340.059
2021-06-07 16:00:00,8363.0,8342.591
2021-06-07 17:00:00,8299.0,8290.242
2021-06-07 18:00:00,7928.0,8036.5107
2021-06-07 19:00:00,7941.0,7961.508
2021-06-07 20:00:00,7733.0,7842.61
2021-06-07 21:00:00,7323.0,7766.0303
2021-06-07 22:00:00,8322.5,7986.227
2021-06-07 23:00:00,8322.5,8286.638
2021-06-08 00:00:00,8322.5,8300.798
2021-06-08 01:00:00,8322.5,8320.64
2021-06-08 02:00:00,8322.5,8259.563
2021-06-08 03:00:00,7543.0,7962.6284
2021-06-08 04:00:00,8124.0,8154.5913
2021-06-08 05:00:00,8402.0,8358.556
2021-06-08 06:00:00,8529.0,8551.443
2021-06-08 07:00:00,8631.0,8580.075
2021-06-08 08:00:00,8760.0,8669.113
2021-06-08 09:00:00,8772.0,8763.196
2021-06-08 10:00:00,8742.0,8699.037
2021-06-08 11:00:00,8584.0,8662.045
2021-06-08 12:00:00,8570.0,8523.621
2021-06-08 13:00:00,8473.0,8519.162
2021-06-08 14:00:00,8490.0,8431.54
2021-06-08 15:00:00,8428.0,8425.712
2021-06-08 16:00:00,8448.0,8433.555
2021-06-08 17:00:00,8294.0,8395.75
2021-06-08 18:00:00,8012.0,7973.423
2021-06-08 19:00:00,8014.0,8027.4497
2021-06-08 20:00:00,7857.0,7818.5713
2021-06-08 21:00:00,8286.0,7739.043
2021-06-08 22:00:00,8286.0,8365.433
2021-06-08 23:00:00,8286.0,8343.095
2021-06-09 00:00:00,8286.0,8328.964
2021-06-09 01:00:00,8286.0,8328.235
2021-06-09 02:00:00,8286.0,8300.438
2021-06-09 03:00:00,7580.0,7883.1333
2021-06-09 04:00:00,8077.0,8138.307
2021-06-09 05:00:00,8278.0,8348.05
2021-06-09 06:00:00,8464.0,8409.237
2021-06-09 07:00:00,8506.0,8576.311
2021-06-09 08:00:00,8565.0,8596.637
2021-06-09 09:00:00,8735.0,8609.835
2021-06-09 10:00:00,8659.0,8682.711
2021-06-09 11:00:00,8589.0,8580.062
2021-06-09 12:00:00,8568.0,8552.46
2021-06-09 13:00:00,8632.0,8534.771
2021-06-09 14:00:00,8619.0,8585.53
2021-06-09 15:00:00,8583.0,8580.14
2021-06-09 16:00:00,8543.0,8587.431
2021-06-09 17:00:00,8445.0,8433.335
2021-06-09 18:00:00,8102.0,8108.5933
2021-06-09 19:00:00,8079.0,8108.983
2021-06-09 20:00:00,7862.0,7904.5625
2021-06-09 21:00:00,8403.0,8115.623
2021-06-09 22:00:00,8403.0,8428.145
2021-06-09 23:00:00,8403.0,8395.494
2021-06-10 00:00:00,8403.0,8381.758
2021-06-10 01:00:00,8403.0,8389.193
2021-06-10 02:00:00,8403.0,8359.965
2021-06-10 03:00:00,7551.0,7866.781
2021-06-10 04:00:00,8005.0,8131.3105
2021-06-10 05:00:00,8361.0,8308.829
2021-06-10 06:00:00,8527.0,8453.374
2021-06-10 07:00:00,8589.0,8561.417
2021-06-10 08:00:00,8684.0,8658.919
2021-06-10 09:00:00,8730.0,8705.413
2021-06-10 10:00:00,8660.0,8674.201
2021-06-10 11:00:00,8647.0,8591.326
2021-06-10 12:00:00,8599.0,8590.867
2021-06-10 13:00:00,8599.0,8573.321
2021-06-10 14:00:00,8603.0,8587.159
2021-06-10 15:00:00,8510.0,8583.676
2021-06-10 16:00:00,8485.0,8527.023
2021-06-10 17:00:00,8446.0,8466.256
2021-06-10 18:00:00,8141.0,8124.275
2021-06-10 19:00:00,8160.0,8149.3223
2021-06-10 20:00:00,7916.0,7932.492
2021-06-10 21:00:00,7512.0,7971.605
2021-06-10 22:00:00,8465.5,7978.6284
2021-06-10 23:00:00,6940.0,8477.2295
2021-06-11 00:00:00,8465.5,7951.224
2021-06-11 01:00:00,6849.0,8460.181
2021-06-11 02:00:00,7095.0,7721.3086
2021-06-11 03:00:00,7679.0,7525.5547
2021-06-11 04:00:00,8240.0,7921.8037
2021-06-11 05:00:00,8544.0,8451.479
2021-06-11 06:00:00,8823.0,8651.897
2021-06-11 07:00:00,8886.0,8824.622
2021-06-11 08:00:00,8938.0,8902.433
2021-06-11 09:00:00,9010.0,8900.449
2021-06-11 10:00:00,8913.0,8894.605
2021-06-11 11:00:00,8818.0,8819.454
2021-06-11 12:00:00,8728.0,8739.906
2021-06-11 13:00:00,8653.0,8662.378
2021-06-11 14:00:00,8548.0,8607.6455
2021-06-11 15:00:00,8440.0,8538.599
2021-06-11 16:00:00,8310.0,8484.094
2021-06-11 17:00:00,8184.0,8282.565
2021-06-11 18:00:00,7927.0,7979.4907
2021-06-11 19:00:00,7896.0,7997.4844
2021-06-11 20:00:00,7798.0,7799.205
2021-06-11 21:00:00,7407.0,7424.008
2021-06-11 22:00:00,7056.0,7449.0405
2021-06-11 23:00:00,7911.5,7452.157
2021-06-12 00:00:00,7911.5,7792.856
2021-06-12 01:00:00,7911.5,7676.046
2021-06-12 02:00:00,7911.5,7647.6006
2021-06-12 03:00:00,7911.5,7626.571
2021-06-12 04:00:00,7250.0,7728.106
2021-06-12 05:00:00,7528.0,7436.5293
2021-06-12 06:00:00,7682.0,7673.3813
2021-06-12 07:00:00,7932.0,7777.651
2021-06-12 08:00:00,8062.0,7928.2534
2021-06-12 09:00:00,8037.0,8041.1294
2021-06-12 10:00:00,8086.0,7965.465
2021-06-12 11:00:00,8080.0,8014.6846
2021-06-12 12:00:00,8119.0,8046.6855
2021-06-12 13:00:00,8229.0,8099.752
2021-06-12 14:00:00,8300.0,8235.514
2021-06-12 15:00:00,8438.0,8268.032
2021-06-12 16:00:00,8237.0,8335.594
2021-06-12 17:00:00,8093.0,8073.9653
2021-06-12 18:00:00,7802.0,7752.902
2021-06-12 19:00:00,7814.0,7790.5303
2021-06-12 20:00:00,7774.0,7636.3228
2021-06-12 21:00:00,7392.0,7311.7344
2021-06-12 22:00:00,7075.0,7163.4
2021-06-12 23:00:00,6878.0,7168.3447
2021-06-13 00:00:00,6744.0,7341.6436
2021-06-13 01:00:00,6664.0,7019.948
2021-06-13 02:00:00,7756.5,6978.382
2021-06-13 03:00:00,7756.5,7521.153
2021-06-13 04:00:00,7756.5,7481.087
2021-06-13 05:00:00,7756.5,7415.1294
2021-06-13 06:00:00,7541.0,7560.496
2021-06-13 07:00:00,7761.0,7639.1426
2021-06-13 08:00:00,7895.0,7829.6387
2021-06-13 09:00:00,7826.0,7866.683
2021-06-13 10:00:00,7779.0,7773.663
2021-06-13 11:00:00,7704.0,7759.6484
2021-06-13 12:00:00,7752.0,7705.942
2021-06-13 13:00:00,7768.0,7785.8228
2021-06-13 14:00:00,7813.0,7825.5396
2021-06-13 15:00:00,7834.0,7875.224
2021-06-13 16:00:00,7918.0,7862.347
2021-06-13 17:00:00,7903.0,7861.2964
2021-06-13 18:00:00,7712.0,7632.6553
2021-06-13 19:00:00,7821.0,7733.734
2021-06-13 20:00:00,7793.0,7663.677
2021-06-13 21:00:00,7469.0,7279.8955
2021-06-13 22:00:00,7786.0,7150.647
2021-06-13 23:00:00,7803.0,7579.2075
2021-06-14 00:00:00,7817.0,7566.474
2021-06-14 01:00:00,7827.5,7596.598
2021-06-14 02:00:00,7868.5,7504.0405
2021-06-14 03:00:00,7744.0,7527.3535
2021-06-14 04:00:00,8151.0,7991.5566
2021-06-14 05:00:00,8445.0,8366.2705
2021-06-14 06:00:00,8570.0,8619.659
2021-06-14 07:00:00,8578.0,8669.052
2021-06-14 08:00:00,8737.0,8665.723
2021-06-14 09:00:00,8707.0,8777.144
2021-06-14 10:00:00,8725.0,8672.781
2021-06-14 11:00:00,8589.0,8653.357
2021-06-14 12:00:00,8525.0,8552.065
2021-06-14 13:00:00,8467.0,8442.228
2021-06-14 14:00:00,8502.0,8438.017
2021-06-14 15:00:00,8453.0,8428.337
2021-06-14 16:00:00,8472.0,8446.054
2021-06-14 17:00:00,8320.0,8420.301
2021-06-14 18:00:00,8096.0,8074.0737
2021-06-14 19:00:00,8139.0,8039.771
2021-06-14 20:00:00,8013.0,7941.896
2021-06-14 21:00:00,7597.0,7746.429
2021-06-14 22:00:00,8386.5,8313.657
2021-06-14 23:00:00,8386.5,8369.824
2021-06-15 00:00:00,8386.5,8362.257
2021-06-15 01:00:00,8386.5,8351.807
2021-06-15 02:00:00,8386.5,8327.838
2021-06-15 03:00:00,7859.0,7969.3965
2021-06-15 04:00:00,8300.0,8218.322
2021-06-15 05:00:00,8593.0,8448.956
2021-06-15 06:00:00,8737.0,8691.503
2021-06-15 07:00:00,8742.0,8735.069
2021-06-15 08:00:00,8833.0,8762.061
2021-06-15 09:00:00,8880.0,8814.1875
2021-06-15 10:00:00,8810.0,8808.67
2021-06-15 11:00:00,8741.0,8733.133
2021-06-15 12:00:00,8602.0,8652.214
2021-06-15 13:00:00,8580.0,8565.67
2021-06-15 14:00:00,8565.0,8563.753
2021-06-15 15:00:00,8498.0,8555.909
2021-06-15 16:00:00,8492.0,8533.691
2021-06-15 17:00:00,8420.0,8444.994
2021-06-15 18:00:00,8166.0,8108.993
2021-06-15 19:00:00,8130.0,8192.504
2021-06-15 20:00:00,7986.0,8044.062
2021-06-15 21:00:00,7651.0,7871.2856
2021-06-15 22:00:00,8456.0,8395.92
2021-06-15 23:00:00,8456.0,8503.565
2021-06-16 00:00:00,8456.0,8493.062
2021-06-16 01:00:00,8456.0,8498.102
2021-06-16 02:00:00,8456.0,8439.453
2021-06-16 03:00:00,7828.0,7923.4766
2021-06-16 04:00:00,8267.0,8289.82
2021-06-16 05:00:00,8502.0,8443.886
2021-06-16 06:00:00,8661.0,8647.686
2021-06-16 07:00:00,8726.0,8690.647
2021-06-16 08:00:00,8786.0,8758.174
2021-06-16 09:00:00,8869.0,8811.771
2021-06-16 10:00:00,8787.0,8782.46
2021-06-16 11:00:00,8591.0,8721.513
2021-06-16 12:00:00,8621.0,8548.893
2021-06-16 13:00:00,8651.0,8572.744
2021-06-16 14:00:00,8623.0,8584.7
2021-06-16 15:00:00,8491.0,8582.569
2021-06-16 16:00:00,8555.0,8514.848
2021-06-16 17:00:00,8470.0,8512.298
2021-06-16 18:00:00,8167.0,8129.7495
2021-06-16 19:00:00,8167.0,8190.0293
2021-06-16 20:00:00,7970.0,8028.8066
2021-06-16 21:00:00,8480.5,7880.3037
2021-06-16 22:00:00,8480.5,8506.699
2021-06-16 23:00:00,8480.5,8495.538
2021-06-17 00:00:00,8480.5,8489.705
2021-06-17 01:00:00,8480.5,8490.883
2021-06-17 02:00:00,8480.5,8451.87
2021-06-17 03:00:00,8480.5,7945.4785
2021-06-17 04:00:00,8350.0,8385.944
2021-06-17 05:00:00,8542.0,8497.421
2021-06-17 06:00:00,8642.0,8675.236
2021-06-17 07:00:00,8598.0,8702.099
2021-06-17 08:00:00,8594.0,8683.986
2021-06-17 09:00:00,8709.0,8637.442
2021-06-17 10:00:00,8693.0,8677.627
2021-06-17 11:00:00,8661.0,8623.058
2021-06-17 12:00:00,8686.0,8598.503
2021-06-17 13:00:00,8706.0,8647.983
2021-06-17 14:00:00,8701.0,8677.011
2021-06-17 15:00:00,8616.0,8646.043
2021-06-17 16:00:00,8589.0,8631.101
2021-06-17 17:00:00,8533.0,8546.523
2021-06-17 18:00:00,8320.0,8184.0337
2021-06-17 19:00:00,8292.0,8275.746
2021-06-17 20:00:00,8160.0,8069.483
2021-06-17 21:00:00,7854.0,8095.226
2021-06-17 22:00:00,8561.0,8316.69
2021-06-17 23:00:00,8561.0,8484.251
2021-06-18 00:00:00,8561.0,8535.928
2021-06-18 01:00:00,8561.0,8412.054
2021-06-18 02:00:00,8561.0,8371.235
2021-06-18 03:00:00,7973.0,8116.768
2021-06-18 04:00:00,8321.0,8337.134
2021-06-18 05:00:00,8625.0,8507.38
2021-06-18 06:00:00,8833.0,8768.577
2021-06-18 07:00:00,8885.0,8817.456
2021-06-18 08:00:00,8919.0,8877.107
2021-06-18 09:00:00,9002.0,8898.552
2021-06-18 10:00:00,8981.0,8888.846
2021-06-18 11:00:00,8930.0,8884.207
2021-06-18 12:00:00,8915.0,8841.985
2021-06-18 13:00:00,8908.0,8847.1
2021-06-18 14:00:00,8913.0,8855.833
2021-06-18 15:00:00,8758.0,8844.85
2021-06-18 16:00:00,8680.0,8752.708
2021-06-18 17:00:00,8516.0,8524.461
2021-06-18 18:00:00,8231.0,8158.8887
2021-06-18 19:00:00,8265.0,8206.161
2021-06-18 20:00:00,8164.0,8044.8325
2021-06-18 21:00:00,7840.0,7661.009
2021-06-18 22:00:00,7449.0,7797.3413
2021-06-18 23:00:00,7218.0,7792.528
2021-06-19 00:00:00,8184.5,7582.9033
2021-06-19 01:00:00,8184.5,8075.03
2021-06-19 02:00:00,8184.5,8046.3784
2021-06-19 03:00:00,8184.5,7967.564
2021-06-19 04:00:00,7558.0,7927.061
2021-06-19 05:00:00,7802.0,7494.7964
2021-06-19 06:00:00,7992.0,7879.4688
2021-06-19 07:00:00,8156.0,8036.616
2021-06-19 08:00:00,8250.0,8193.955
2021-06-19 09:00:00,8253.0,8237.214
2021-06-19 10:00:00,8205.0,8210.328
2021-06-19 11:00:00,8231.0,8153.9478
2021-06-19 12:00:00,8294.0,8182.768
2021-06-19 13:00:00,8322.0,8305.338
2021-06-19 14:00:00,8327.0,8383.136
2021-06-19 15:00:00,8297.0,8367.689
2021-06-19 16:00:00,8346.0,8318.869
2021-06-19 17:00:00,8242.0,8237.375
2021-06-19 18:00:00,7990.0,7966.7456
2021-06-19 19:00:00,8012.0,8043.201
2021-06-19 20:00:00,8004.0,7903.2236
2021-06-19 21:00:00,7743.0,7594.761
2021-06-19 22:00:00,7400.0,7414.1626
2021-06-19 23:00:00,7251.0,7320.403
2021-06-20 00:00:00,7085.0,7337.347
2021-06-20 01:00:00,7997.0,7330.5317
2021-06-20 02:00:00,7044.0,7843.357
2021-06-20 03:00:00,7136.0,7344.561
2021-06-20 04:00:00,7333.0,7372.0054
2021-06-20 05:00:00,7585.0,7416.007
2021-06-20 06:00:00,7811.0,7649.956
2021-06-20 07:00:00,7974.0,7860.55
2021-06-20 08:00:00,8126.0,8011.2354
2021-06-20 09:00:00,8216.0,8078.733
2021-06-20 10:00:00,8182.0,8100.679
2021-06-20 11:00:00,8190.0,8068.034
2021-06-20 12:00:00,8148.0,8113.207
2021-06-20 13:00:00,8112.0,8110.3774
2021-06-20 14:00:00,8176.0,8134.581
2021-06-20 15:00:00,8085.0,8164.537
2021-06-20 16:00:00,8042.0,8105.227
2021-06-20 17:00:00,7994.0,8021.091
2021-06-20 18:00:00,7784.0,7847.313
2021-06-20 19:00:00,7897.0,7909.0825
2021-06-20 20:00:00,7769.0,7867.933
2021-06-20 21:00:00,7469.0,7477.928
2021-06-20 22:00:00,7163.0,7326.49
2021-06-20 23:00:00,8063.5,7558.084
2021-06-21 00:00:00,8063.5,7919.3887
2021-06-21 01:00:00,8063.5,8029.805
2021-06-21 02:00:00,7060.0,7806.7026
2021-06-21 03:00:00,7622.0,7773.2705
2021-06-21 04:00:00,8280.0,8167.502
2021-06-21 05:00:00,8632.0,8559.181
2021-06-21 06:00:00,8791.0,8769.768
2021-06-21 07:00:00,8938.0,8835.685
2021-06-21 08:00:00,9119.0,8963.14
2021-06-21 09:00:00,9180.0,9092.618
2021-06-21 10:00:00,9152.0,9054.53
2021-06-21 11:00:00,9191.0,9033.696
2021-06-21 12:00:00,9102.0,9063.241
2021-06-21 13:00:00,8989.0,9022.29
2021-06-21 14:00:00,8935.0,8927.379
2021-06-21 15:00:00,8758.0,8846.481
2021-06-21 16:00:00,8569.0,8743.344
2021-06-21 17:00:00,8600.0,8538.088
2021-06-21 18:00:00,8446.0,8316.733
2021-06-21 19:00:00,8427.0,8368.828
2021-06-21 20:00:00,8239.0,8216.823
2021-06-21 21:00:00,7896.0,8121.0815
2021-06-21 22:00:00,7566.0,8295.194
2021-06-21 23:00:00,7315.0,8431.137
2021-06-22 00:00:00,8558.5,8213.039
2021-06-22 01:00:00,8558.5,8497.998
2021-06-22 02:00:00,8558.5,8469.564
2021-06-22 03:00:00,7795.0,8127.9478
2021-06-22 04:00:00,8260.0,8330.877
2021-06-22 05:00:00,8548.0,8490.1875
2021-06-22 06:00:00,8776.0,8733.619
2021-06-22 07:00:00,8846.0,8803.019
2021-06-22 08:00:00,9010.0,8871.03
2021-06-22 09:00:00,9062.0,8993.039
2021-06-22 10:00:00,8993.0,8992.562
2021-06-22 11:00:00,9014.0,8920.421
2021-06-22 12:00:00,8963.0,8931.156
2021-06-22 13:00:00,8881.0,8883.63
2021-06-22 14:00:00,8823.0,8845.911
2021-06-22 15:00:00,8634.0,8753.187
2021-06-22 16:00:00,8562.0,8620.663
2021-06-22 17:00:00,8470.0,8545.148
2021-06-22 18:00:00,8324.0,8275.891
2021-06-22 19:00:00,8441.0,8336.535
2021-06-22 20:00:00,8343.0,8198.172
2021-06-22 21:00:00,8033.0,8050.555
2021-06-22 22:00:00,7701.0,8058.919
2021-06-22 23:00:00,7524.0,7995.006
2021-06-23 00:00:00,7430.0,8154.712
2021-06-23 01:00:00,7418.0,8075.39
2021-06-23 02:00:00,7543.0,8012.837
2021-06-23 03:00:00,8068.0,7958.163
2021-06-23 04:00:00,8415.0,8234.711
2021-06-23 05:00:00,8645.0,8518.392
2021-06-23 06:00:00,8904.0,8747.292
2021-06-23 07:00:00,8981.0,8910.633
2021-06-23 08:00:00,9000.0,8978.236
2021-06-23 09:00:00,9141.0,8971.313
2021-06-23 10:00:00,9097.0,9006.828
2021-06-23 11:00:00,9030.0,8992.058
2021-06-23 12:00:00,8919.0,8919.391
2021-06-23 13:00:00,8785.0,8849.117
2021-06-23 14:00:00,8760.0,8772.347
2021-06-23 15:00:00,8461.0,8683.129
2021-06-23 16:00:00,8132.0,8491.925
2021-06-23 17:00:00,8072.0,8173.539
2021-06-23 18:00:00,8064.0,7989.806
2021-06-23 19:00:00,8035.0,8156.8804
2021-06-23 20:00:00,7891.0,8002.643
2021-06-23 21:00:00,7535.0,7674.06
2021-06-23 22:00:00,7147.0,7788.3623
2021-06-23 23:00:00,7077.0,7919.301
2021-06-24 00:00:00,8049.5,7842.687
2021-06-24 01:00:00,8039.0,8024.1924
2021-06-24 02:00:00,8034.0,7859.0107
2021-06-24 03:00:00,8015.5,7873.6816
2021-06-24 04:00:00,7616.0,8328.015
2021-06-24 05:00:00,7848.0,8079.396
2021-06-24 06:00:00,8033.0,8113.2627
2021-06-24 07:00:00,8260.0,8164.4062
2021-06-24 08:00:00,8246.0,8353.779
2021-06-24 09:00:00,8262.0,8283.148
2021-06-24 10:00:00,8224.0,8250.491
2021-06-24 11:00:00,8097.0,8191.2803
2021-06-24 12:00:00,8043.0,8109.79
2021-06-24 13:00:00,7998.0,8076.6426
2021-06-24 14:00:00,7971.0,8051.775
2021-06-24 15:00:00,7844.0,8037.958
2021-06-24 16:00:00,7778.0,7859.3545
2021-06-24 17:00:00,7958.0,7780.051
2021-06-24 18:00:00,8116.0,7838.5117
2021-06-24 19:00:00,8136.0,8077.5425
2021-06-24 20:00:00,7994.0,7927.0425
2021-06-24 21:00:00,7645.0,7579.359
2021-06-24 22:00:00,7293.0,7435.518
2021-06-24 23:00:00,7863.0,7307.235
2021-06-25 00:00:00,7863.0,7874.3022
2021-06-25 01:00:00,7863.0,7876.417
2021-06-25 02:00:00,7863.0,7816.967
2021-06-25 03:00:00,7080.0,7756.7944
2021-06-25 04:00:00,7291.0,7472.9897
2021-06-25 05:00:00,7553.0,7546.307
2021-06-25 06:00:00,7728.0,7681.9775
2021-06-25 07:00:00,7882.0,7828.199
2021-06-25 08:00:00,7957.0,8008.8887
2021-06-25 09:00:00,7934.0,8061.992
2021-06-25 10:00:00,7968.0,7937.5063
2021-06-25 11:00:00,8023.0,7950.684
2021-06-25 12:00:00,8047.0,7975.908
2021-06-25 13:00:00,8071.0,7991.3687
2021-06-25 14:00:00,8046.0,8002.28
2021-06-25 15:00:00,8021.0,7961.9287
2021-06-25 16:00:00,7920.0,7966.974
2021-06-25 17:00:00,7775.0,7846.2676
2021-06-25 18:00:00,7594.0,7681.15
2021-06-25 19:00:00,7721.0,7723.3374
2021-06-25 20:00:00,7723.0,7698.2163
2021-06-25 21:00:00,7441.0,7415.774
2021-06-25 22:00:00,7138.0,7165.1543
2021-06-25 23:00:00,6915.0,7240.267
2021-06-26 00:00:00,7654.0,7190.737
2021-06-26 01:00:00,7654.0,7565.6216
2021-06-26 02:00:00,7654.0,7517.1226
2021-06-26 03:00:00,7654.0,7420.6216
2021-06-26 04:00:00,6900.0,7349.968
2021-06-26 05:00:00,7096.0,7085.031
2021-06-26 06:00:00,7376.0,7393.7295
2021-06-26 07:00:00,7568.0,7504.299
2021-06-26 08:00:00,7714.0,7583.234
2021-06-26 09:00:00,7807.0,7690.468
2021-06-26 10:00:00,7794.0,7724.9175
2021-06-26 11:00:00,7787.0,7723.743
2021-06-26 12:00:00,7840.0,7754.3105
2021-06-26 13:00:00,7893.0,7790.343
2021-06-26 14:00:00,7910.0,7902.396
2021-06-26 15:00:00,7924.0,7895.8716
2021-06-26 16:00:00,7915.0,7861.245
2021-06-26 17:00:00,7763.0,7776.6904
2021-06-26 18:00:00,7595.0,7513.5693
2021-06-26 19:00:00,7688.0,7676.4346
2021-06-26 20:00:00,7568.0,7608.2827
2021-06-26 21:00:00,7359.0,7156.2446
2021-06-26 22:00:00,7055.0,7064.597
2021-06-26 23:00:00,6878.0,6954.766
2021-06-27 00:00:00,6717.0,6895.385
2021-06-27 01:00:00,7576.5,6819.6025
2021-06-27 02:00:00,7556.0,7337.1797
2021-06-27 03:00:00,7556.0,7276.9
2021-06-27 04:00:00,6877.0,7144.9814
2021-06-27 05:00:00,7089.0,6931.3047
2021-06-27 06:00:00,7339.0,7137.362
2021-06-27 07:00:00,7585.0,7433.156
2021-06-27 08:00:00,7677.0,7651.097
2021-06-27 09:00:00,7781.0,7666.891
2021-06-27 10:00:00,7742.0,7721.5757
2021-06-27 11:00:00,7819.0,7701.121
2021-06-27 12:00:00,7544.0,7752.3354
2021-06-27 13:00:00,7537.0,7576.438
2021-06-27 14:00:00,7585.0,7585.282
2021-06-27 15:00:00,7566.0,7676.452
2021-06-27 16:00:00,7616.0,7599.0234
2021-06-27 17:00:00,7606.0,7633.55
2021-06-27 18:00:00,7474.0,7502.993
2021-06-27 19:00:00,7602.0,7636.2793
2021-06-27 20:00:00,7488.0,7574.0166
2021-06-27 21:00:00,7154.0,7180.597
2021-06-27 22:00:00,7575.5,7012.4023
2021-06-27 23:00:00,7575.5,7412.583
2021-06-28 00:00:00,7575.5,7528.679
2021-06-28 01:00:00,7593.5,7579.2124
2021-06-28 02:00:00,7604.0,7406.2305
2021-06-28 03:00:00,7380.0,7637.8574
2021-06-28 04:00:00,7798.0,7790.156
2021-06-28 05:00:00,8187.0,8007.1323
2021-06-28 06:00:00,8391.0,8264.502
2021-06-28 07:00:00,8496.0,8375.457
2021-06-28 08:00:00,8571.0,8490.178
2021-06-28 09:00:00,8561.0,8548.801
2021-06-28 10:00:00,8570.0,8480.647
2021-06-28 11:00:00,8536.0,8479.647
2021-06-28 12:00:00,8495.0,8433.907
2021-06-28 13:00:00,8457.0,8405.71
2021-06-28 14:00:00,8391.0,8382.177
2021-06-28 15:00:00,8304.0,8331.938
2021-06-28 16:00:00,8329.0,8283.485
2021-06-28 17:00:00,8266.0,8255.932
2021-06-28 18:00:00,7890.0,8051.2324
2021-06-28 19:00:00,7878.0,7948.358
2021-06-28 20:00:00,7759.0,7840.0156
2021-06-28 21:00:00,7469.0,7648.6885
2021-06-28 22:00:00,8236.0,7945.8086
2021-06-28 23:00:00,8236.0,8169.832
2021-06-29 00:00:00,8236.0,8247.707
2021-06-29 01:00:00,8236.0,8231.256
2021-06-29 02:00:00,8236.0,8170.5747
2021-06-29 03:00:00,7485.0,7862.7925
2021-06-29 04:00:00,7950.0,8064.423
2021-06-29 05:00:00,8206.0,8215.867
2021-06-29 06:00:00,8356.0,8360.502
2021-06-29 07:00:00,8422.0,8401.086
2021-06-29 08:00:00,8580.0,8484.544
2021-06-29 09:00:00,8661.0,8573.51
2021-06-29 10:00:00,8686.0,8572.159
2021-06-29 11:00:00,8632.0,8615.044
2021-06-29 12:00:00,8592.0,8568.711
2021-06-29 13:00:00,8528.0,8551.487
2021-06-29 14:00:00,8610.0,8455.061
2021-06-29 15:00:00,8540.0,8544.394
2021-06-29 16:00:00,8524.0,8510.343
2021-06-29 17:00:00,8327.0,8427.855
2021-06-29 18:00:00,8099.0,8045.9585
2021-06-29 19:00:00,8104.0,8060.308
2021-06-29 20:00:00,7903.0,7952.5103
2021-06-29 21:00:00,7503.0,7719.6055
2021-06-29 22:00:00,8319.5,8280.799
2021-06-29 23:00:00,8319.5,8314.634
2021-06-30 00:00:00,8319.5,8245.426
2021-06-30 01:00:00,8319.5,8261.61
2021-06-30 02:00:00,8319.5,8185.0024
2021-06-30 03:00:00,7535.0,7897.7803
2021-06-30 04:00:00,8050.0,8131.9297
2021-06-30 05:00:00,8312.0,8294.97
2021-06-30 06:00:00,8579.0,8422.761
2021-06-30 07:00:00,8606.0,8633.825
2021-06-30 08:00:00,8560.0,8646.507
2021-06-30 09:00:00,8546.0,8595.433
2021-06-30 10:00:00,8460.0,8538.5
2021-06-30 11:00:00,8557.0,8473.251
2021-06-30 12:00:00,8796.0,8537.634
2021-06-30 13:00:00,8642.0,8740.4
2021-06-30 14:00:00,8623.0,8603.781
2021-06-30 15:00:00,8535.0,8585.968
2021-06-30 16:00:00,8515.0,8533.018
2021-06-30 17:00:00,8402.0,8390.794
2021-06-30 18:00:00,8169.0,8100.93
2021-06-30 19:00:00,8210.0,8181.705
2021-06-30 20:00:00,7959.0,7985.7905
2021-06-30 21:00:00,7514.0,7749.3755
2021-06-30 22:00:00,8286.5,8107.103
2021-06-30 23:00:00,8286.5,8336.799
2021-07-01 00:00:00,8286.5,8261.546
2021-07-01 01:00:00,8286.5,8264.524
2021-07-01 02:00:00,8286.5,8230.823
2021-07-01 03:00:00,7512.0,7920.4385
2021-07-01 04:00:00,7992.0,8006.3276
2021-07-01 05:00:00,8175.0,8226.662
2021-07-01 06:00:00,8363.0,8332.539
2021-07-01 07:00:00,8482.0,8437.058
2021-07-01 08:00:00,8650.0,8545.656
2021-07-01 09:00:00,8701.0,8621.467
2021-07-01 10:00:00,8640.0,8632.205
2021-07-01 11:00:00,8627.0,8565.583
2021-07-01 12:00:00,8613.0,8624.52
2021-07-01 13:00:00,8613.0,8574.37
2021-07-01 14:00:00,8647.0,8583.637
2021-07-01 15:00:00,8527.0,8589.151
2021-07-01 16:00:00,8521.0,8515.06
2021-07-01 17:00:00,8488.0,8437.217
2021-07-01 18:00:00,8270.0,8177.2026
2021-07-01 19:00:00,8298.0,8258.28
2021-07-01 20:00:00,8084.0,8068.6807
2021-07-01 21:00:00,7744.0,7741.0703
2021-07-01 22:00:00,7416.0,8074.0723
2021-07-01 23:00:00,7277.0,7914.786
2021-07-02 00:00:00,7150.0,7659.3364
2021-07-02 01:00:00,7114.0,7829.1553
2021-07-02 02:00:00,7295.0,7566.596
2021-07-02 03:00:00,7862.0,7400.0884
2021-07-02 04:00:00,8270.0,7917.349
2021-07-02 05:00:00,8571.0,8184.077
2021-07-02 06:00:00,8847.0,8588.901
2021-07-02 07:00:00,8918.0,8787.714
2021-07-02 08:00:00,8996.0,8885.205
2021-07-02 09:00:00,8989.0,8928.912
2021-07-02 10:00:00,8900.0,8882.046
2021-07-02 11:00:00,8870.0,8793.285
2021-07-02 12:00:00,8796.0,8770.1
2021-07-02 13:00:00,8676.0,8715.424
2021-07-02 14:00:00,8579.0,8599.647
2021-07-02 15:00:00,8489.0,8528.954
2021-07-02 16:00:00,8442.0,8453.983
2021-07-02 17:00:00,8301.0,8365.866
2021-07-02 18:00:00,8041.0,8040.001
2021-07-02 19:00:00,8098.0,8090.2266
2021-07-02 20:00:00,7995.0,7955.1904
2021-07-02 21:00:00,7621.0,7492.9404
2021-07-02 22:00:00,7242.0,7305.221
2021-07-02 23:00:00,8069.5,7567.425
2021-07-03 00:00:00,8069.5,7913.5854
2021-07-03 01:00:00,8069.5,7902.9517
2021-07-03 02:00:00,8069.5,7872.8403
2021-07-03 03:00:00,8069.5,7821.755
2021-07-03 04:00:00,8069.5,7812.226
2021-07-03 05:00:00,7669.0,7814.3794
2021-07-03 06:00:00,7930.0,7767.9253
2021-07-03 07:00:00,8153.0,7954.477
2021-07-03 08:00:00,8198.0,8159.891
2021-07-03 09:00:00,8207.0,8134.548
2021-07-03 10:00:00,8245.0,8140.7974
2021-07-03 11:00:00,8204.0,8173.381
2021-07-03 12:00:00,8203.0,8168.813
2021-07-03 13:00:00,8224.0,8191.117
2021-07-03 14:00:00,8251.0,8233.876
2021-07-03 15:00:00,8247.0,8261.018
2021-07-03 16:00:00,8246.0,8231.312
2021-07-03 17:00:00,8189.0,8122.374
2021-07-03 18:00:00,8012.0,7892.855
2021-07-03 19:00:00,8068.0,8029.644
2021-07-03 20:00:00,7967.0,7922.883
2021-07-03 21:00:00,7616.0,7552.763
2021-07-03 22:00:00,7989.5,7352.6265
2021-07-03 23:00:00,7989.5,7845.094
2021-07-04 00:00:00,7989.5,7880.041
2021-07-04 01:00:00,7989.5,7914.7075
2021-07-04 02:00:00,7989.5,7874.8394
2021-07-04 03:00:00,7989.5,7798.9004
2021-07-04 04:00:00,7989.5,7793.3774
2021-07-04 05:00:00,7989.5,7569.0386
2021-07-04 06:00:00,7693.0,7779.4233
2021-07-04 07:00:00,7937.0,7776.652
2021-07-04 08:00:00,8112.0,7949.9595
2021-07-04 09:00:00,8170.0,8082.458
2021-07-04 10:00:00,8144.0,8095.803
2021-07-04 11:00:00,8095.0,8061.007
2021-07-04 12:00:00,8160.0,8033.329
2021-07-04 13:00:00,8190.0,8113.4585
2021-07-04 14:00:00,8171.0,8165.263
2021-07-04 15:00:00,8154.0,8153.737
2021-07-04 16:00:00,8201.0,8164.8853
2021-07-04 17:00:00,8140.0,8125.5586
2021-07-04 18:00:00,7973.0,7953.509
2021-07-04 19:00:00,8115.0,8069.7314
2021-07-04 20:00:00,8025.0,8017.5967
2021-07-04 21:00:00,7697.0,7622.5127
2021-07-04 22:00:00,8142.0,7664.3984
2021-07-04 23:00:00,8147.0,8029.3267
2021-07-05 00:00:00,8157.0,8069.9116
2021-07-05 01:00:00,8162.5,8081.5615
2021-07-05 02:00:00,7253.0,7953.2295
2021-07-05 03:00:00,7818.0,7752.253
2021-07-05 04:00:00,8303.0,8189.777
2021-07-05 05:00:00,8684.0,8510.525
2021-07-05 06:00:00,8873.0,8804.109
2021-07-05 07:00:00,8998.0,8921.366
2021-07-05 08:00:00,9037.0,9008.883
2021-07-05 09:00:00,9204.0,9035.951
2021-07-05 10:00:00,9207.0,9087.098
2021-07-05 11:00:00,9164.0,9088.414
2021-07-05 12:00:00,9094.0,9067.157
2021-07-05 13:00:00,9003.0,9031.013
2021-07-05 14:00:00,8931.0,8919.381
2021-07-05 15:00:00,8802.0,8851.344
2021-07-05 16:00:00,8811.0,8787.017
2021-07-05 17:00:00,8680.0,8735.948
2021-07-05 18:00:00,8476.0,8364.387
2021-07-05 19:00:00,8451.0,8363.561
2021-07-05 20:00:00,8219.0,8254.694
2021-07-05 21:00:00,7752.0,8061.996
2021-07-05 22:00:00,7466.0,8388.959
2021-07-05 23:00:00,8634.0,8495.447
2021-07-06 00:00:00,8634.0,8544.782
2021-07-06 01:00:00,8634.0,8543.727
2021-07-06 02:00:00,8634.0,8526.123
2021-07-06 03:00:00,7863.0,8100.0444
2021-07-06 04:00:00,8311.0,8378.604
2021-07-06 05:00:00,8588.0,8496.437
2021-07-06 06:00:00,8826.0,8733.659
2021-07-06 07:00:00,8962.0,8858.949
2021-07-06 08:00:00,9043.0,8957.441
2021-07-06 09:00:00,9057.0,9038.955
2021-07-06 10:00:00,8957.0,9010.792
2021-07-06 11:00:00,8936.0,8913.653
2021-07-06 12:00:00,8925.0,8894.31
2021-07-06 13:00:00,8804.0,8879.8545
2021-07-06 14:00:00,8841.0,8804.178
2021-07-06 15:00:00,8703.0,8779.235
2021-07-06 16:00:00,8730.0,8744.76
2021-07-06 17:00:00,8665.0,8685.764
2021-07-06 18:00:00,8358.0,8362.129
2021-07-06 19:00:00,8451.0,8382.871
2021-07-06 20:00:00,8272.0,8183.9185
2021-07-06 21:00:00,7830.0,8025.234
2021-07-06 22:00:00,8594.0,8249.458
2021-07-06 23:00:00,8594.0,8586.668
2021-07-07 00:00:00,8594.0,8598.592
2021-07-07 01:00:00,8594.0,8598.699
2021-07-07 02:00:00,8594.0,8564.585
2021-07-07 03:00:00,7785.0,8127.2534
2021-07-07 04:00:00,8219.0,8364.752
2021-07-07 05:00:00,8523.0,8480.222
2021-07-07 06:00:00,8758.0,8670.026
2021-07-07 07:00:00,8864.0,8819.922
2021-07-07 08:00:00,8935.0,8881.06
2021-07-07 09:00:00,8950.0,8942.727
2021-07-07 10:00:00,8889.0,8871.99
2021-07-07 11:00:00,8816.0,8818.359
2021-07-07 12:00:00,8839.0,8802.504
2021-07-07 13:00:00,8856.0,8779.321
2021-07-07 14:00:00,8910.0,8815.895
2021-07-07 15:00:00,8820.0,8841.278
2021-07-07 16:00:00,8717.0,8812.797
2021-07-07 17:00:00,8672.0,8663.188
2021-07-07 18:00:00,8418.0,8300.998
2021-07-07 19:00:00,8512.0,8419.693
2021-07-07 20:00:00,8360.0,8215.432
2021-07-07 21:00:00,7955.0,8098.204
2021-07-07 22:00:00,8684.0,8396.194
2021-07-07 23:00:00,8684.0,8639.75
2021-07-08 00:00:00,8684.0,8666.125
2021-07-08 01:00:00,8684.0,8667.123
2021-07-08 02:00:00,8684.0,8630.381
2021-07-08 03:00:00,7934.0,8256.514
2021-07-08 04:00:00,8437.0,8412.861
2021-07-08 05:00:00,8696.0,8600.843
2021-07-08 06:00:00,8865.0,8816.889
2021-07-08 07:00:00,8968.0,8890.772
2021-07-08 08:00:00,9084.0,8993.39
2021-07-08 09:00:00,9198.0,9099.007
2021-07-08 10:00:00,9104.0,9089.321
2021-07-08 11:00:00,9081.0,9019.427
2021-07-08 12:00:00,9019.0,9035.513
2021-07-08 13:00:00,8937.0,8942.983
2021-07-08 14:00:00,8873.0,8923.178
2021-07-08 15:00:00,8700.0,8855.385
2021-07-08 16:00:00,8762.0,8751.225
2021-07-08 17:00:00,8648.0,8738.018
2021-07-08 18:00:00,8363.0,8401.445
2021-07-08 19:00:00,8362.0,8500.365
2021-07-08 20:00:00,8145.0,8343.364
2021-07-08 21:00:00,7741.0,7986.082
2021-07-08 22:00:00,7357.0,8301.879
2021-07-08 23:00:00,8495.0,8115.089
2021-07-09 00:00:00,8495.0,8492.044
2021-07-09 01:00:00,8495.0,8452.619
2021-07-09 02:00:00,8495.0,8344.235
2021-07-09 03:00:00,7696.0,7917.367
2021-07-09 04:00:00,8069.0,8103.5
2021-07-09 05:00:00,8354.0,8368.406
2021-07-09 06:00:00,8627.0,8503.982
2021-07-09 07:00:00,8738.0,8714.999
2021-07-09 08:00:00,8858.0,8796.314
2021-07-09 09:00:00,8950.0,8885.968
2021-07-09 10:00:00,8888.0,8869.443
2021-07-09 11:00:00,8826.0,8831.647
2021-07-09 12:00:00,8791.0,8808.389
2021-07-09 13:00:00,8762.0,8774.314
2021-07-09 14:00:00,8733.0,8770.648
2021-07-09 15:00:00,8618.0,8699.376
2021-07-09 16:00:00,8620.0,8651.596
2021-07-09 17:00:00,8446.0,8541.574
2021-07-09 18:00:00,8159.0,8185.6084
2021-07-09 19:00:00,8198.0,8214.632
2021-07-09 20:00:00,8010.0,8028.6094
2021-07-09 21:00:00,7604.0,7561.7456
2021-07-09 22:00:00,7278.0,7621.2686
2021-07-09 23:00:00,7132.0,7560.293
2021-07-10 00:00:00,8147.5,7543.273
2021-07-10 01:00:00,8147.5,8089.0415
2021-07-10 02:00:00,8147.5,8055.8833
2021-07-10 03:00:00,7135.0,7908.1406
2021-07-10 04:00:00,7347.0,7574.7974
2021-07-10 05:00:00,7657.0,7453.9766
2021-07-10 06:00:00,7922.0,7828.7134
2021-07-10 07:00:00,8136.0,8017.73
2021-07-10 08:00:00,8279.0,8185.904
2021-07-10 09:00:00,8392.0,8253.97
2021-07-10 10:00:00,8363.0,8356.897
2021-07-10 11:00:00,8368.0,8286.161
2021-07-10 12:00:00,8367.0,8350.527
2021-07-10 13:00:00,8419.0,8394.533
2021-07-10 14:00:00,8473.0,8467.677
2021-07-10 15:00:00,8380.0,8489.019
2021-07-10 16:00:00,8288.0,8397.315
2021-07-10 17:00:00,8215.0,8199.464
2021-07-10 18:00:00,7965.0,7961.095
2021-07-10 19:00:00,8024.0,8054.1455
2021-07-10 20:00:00,7966.0,7905.8843
2021-07-10 21:00:00,7683.0,7519.2573
2021-07-10 22:00:00,7378.0,7497.4556
2021-07-10 23:00:00,7171.0,7491.102
2021-07-11 00:00:00,7041.0,7289.816
2021-07-11 01:00:00,7965.5,7264.5645
2021-07-11 02:00:00,7965.5,7882.5586
2021-07-11 03:00:00,7965.5,7714.171
2021-07-11 04:00:00,7965.5,7800.2905
2021-07-11 05:00:00,7490.0,7782.2173
2021-07-11 06:00:00,7767.0,7615.2964
2021-07-11 07:00:00,7930.0,7892.9937
2021-07-11 08:00:00,8108.0,8021.7285
2021-07-11 09:00:00,8136.0,8145.9546
2021-07-11 10:00:00,8116.0,8110.1865
2021-07-11 11:00:00,8086.0,8094.7236
2021-07-11 12:00:00,8141.0,8098.896
2021-07-11 13:00:00,8174.0,8154.3203
2021-07-11 14:00:00,8134.0,8224.636
2021-07-11 15:00:00,8069.0,8190.522
2021-07-11 16:00:00,8071.0,8141.461
2021-07-11 17:00:00,8068.0,8078.792
2021-07-11 18:00:00,7875.0,7924.2515
2021-07-11 19:00:00,7961.0,8031.8926
2021-07-11 20:00:00,7883.0,7959.441
2021-07-11 21:00:00,7531.0,7508.861
2021-07-11 22:00:00,8068.5,7428.89
2021-07-11 23:00:00,8068.5,8061.348
2021-07-12 00:00:00,8068.5,8086.3613
2021-07-12 01:00:00,8068.5,8045.9263
2021-07-12 02:00:00,6978.0,7825.319
2021-07-12 03:00:00,7522.0,7787.7637
2021-07-12 04:00:00,7912.0,8110.7207
2021-07-12 05:00:00,8148.0,8362.405
2021-07-12 06:00:00,8417.0,8404.362
2021-07-12 07:00:00,8590.0,8524.86
2021-07-12 08:00:00,8701.0,8694.761
2021-07-12 09:00:00,8815.0,8760.902
2021-07-12 10:00:00,8814.0,8777.276
2021-07-12 11:00:00,8777.0,8755.55
2021-07-12 12:00:00,8789.0,8709.999
2021-07-12 13:00:00,8718.0,8731.489
2021-07-12 14:00:00,8671.0,8687.827
2021-07-12 15:00:00,8575.0,8598.706
2021-07-12 16:00:00,8498.0,8589.859
2021-07-12 17:00:00,8468.0,8466.586
2021-07-12 18:00:00,8217.0,8288.047
2021-07-12 19:00:00,8230.0,8249.775
2021-07-12 20:00:00,8045.0,8103.9214
2021-07-12 21:00:00,7637.0,7850.1587
2021-07-12 22:00:00,7351.0,8342.031
2021-07-12 23:00:00,8343.5,8343.343
2021-07-13 00:00:00,8343.5,8342.354
2021-07-13 01:00:00,8343.5,8338.049
2021-07-13 02:00:00,8343.5,8306.11
2021-07-13 03:00:00,7424.0,7908.2007
2021-07-13 04:00:00,7890.0,8107.7124
2021-07-13 05:00:00,8255.0,8184.382
2021-07-13 06:00:00,8432.0,8368.819
2021-07-13 07:00:00,8602.0,8494.028
2021-07-13 08:00:00,8708.0,8653.345
2021-07-13 09:00:00,8730.0,8721.628
2021-07-13 10:00:00,8720.0,8682.669
2021-07-13 11:00:00,8690.0,8680.579
2021-07-13 12:00:00,8637.0,8666.439
2021-07-13 13:00:00,8604.0,8594.866
2021-07-13 14:00:00,8576.0,8581.572
2021-07-13 15:00:00,8487.0,8539.84
2021-07-13 16:00:00,8502.0,8503.012
2021-07-13 17:00:00,8413.0,8469.838
2021-07-13 18:00:00,8134.0,8165.5522
2021-07-13 19:00:00,8201.0,8148.7983
2021-07-13 20:00:00,8019.0,8037.279
2021-07-13 21:00:00,7656.0,7677.9414
2021-07-13 22:00:00,7356.0,7984.7144
2021-07-13 23:00:00,8308.0,8154.425
2021-07-14 00:00:00,8308.0,8317.142
2021-07-14 01:00:00,8308.0,8307.289
2021-07-14 02:00:00,8308.0,8267.085
2021-07-14 03:00:00,7502.0,7841.9126
2021-07-14 04:00:00,7904.0,8034.8647
2021-07-14 05:00:00,8203.0,8181.7603
2021-07-14 06:00:00,8430.0,8336.79
2021-07-14 07:00:00,8508.0,8494.651
2021-07-14 08:00:00,8688.0,8587.151
2021-07-14 09:00:00,8762.0,8693.184
2021-07-14 10:00:00,8773.0,8709.057
2021-07-14 11:00:00,8778.0,8699.521
2021-07-14 12:00:00,8753.0,8707.375
2021-07-14 13:00:00,8645.0,8697.992
2021-07-14 14:00:00,8655.0,8594.142
2021-07-14 15:00:00,8600.0,8588.968
2021-07-14 16:00:00,8593.0,8604.931
2021-07-14 17:00:00,8452.0,8560.446
2021-07-14 18:00:00,8220.0,8200.128
2021-07-14 19:00:00,8260.0,8238.172
2021-07-14 20:00:00,8162.0,8084.195
2021-07-14 21:00:00,7701.0,7788.099
2021-07-14 22:00:00,7319.0,7944.561
2021-07-14 23:00:00,8400.0,8026.0977
2021-07-15 00:00:00,8400.0,8394.448
2021-07-15 01:00:00,8400.0,8394.598
2021-07-15 02:00:00,8400.0,8348.214
2021-07-15 03:00:00,7527.0,7839.883
2021-07-15 04:00:00,8008.0,8026.0493
2021-07-15 05:00:00,8348.0,8250.047
2021-07-15 06:00:00,8636.0,8447.44
2021-07-15 07:00:00,8785.0,8673.6045
2021-07-15 08:00:00,8915.0,8806.766
2021-07-15 09:00:00,8913.0,8903.21
2021-07-15 10:00:00,8876.0,8843.861
2021-07-15 11:00:00,8801.0,8817.091
2021-07-15 12:00:00,8791.0,8766.465
2021-07-15 13:00:00,8767.0,8750.934
2021-07-15 14:00:00,8665.0,8734.808
2021-07-15 15:00:00,8609.0,8615.177
2021-07-15 16:00:00,8587.0,8621.949
2021-07-15 17:00:00,8493.0,8557.648
2021-07-15 18:00:00,8247.0,8248.681
2021-07-15 19:00:00,8263.0,8287.027
2021-07-15 20:00:00,8147.0,8123.8936
2021-07-15 21:00:00,7678.0,7719.785
2021-07-15 22:00:00,7396.0,7854.4004
2021-07-15 23:00:00,8425.0,8087.441
2021-07-16 00:00:00,8425.0,8428.6045
2021-07-16 01:00:00,8425.0,8427.002
2021-07-16 02:00:00,8425.0,8374.054
2021-07-16 03:00:00,7654.0,7777.1216
2021-07-16 04:00:00,8123.0,7979.8096
2021-07-16 05:00:00,8357.0,8360.426
2021-07-16 06:00:00,8612.0,8494.468
2021-07-16 07:00:00,8670.0,8685.711
2021-07-16 08:00:00,8817.0,8701.544
2021-07-16 09:00:00,8796.0,8837.085
2021-07-16 10:00:00,8627.0,8767.402
2021-07-16 11:00:00,8604.0,8592.896
2021-07-16 12:00:00,8631.0,8580.803
2021-07-16 13:00:00,8568.0,8603.938
2021-07-16 14:00:00,8540.0,8569.642
2021-07-16 15:00:00,8475.0,8515.807
2021-07-16 16:00:00,8402.0,8522.071
2021-07-16 17:00:00,8249.0,8354.054
2021-07-16 18:00:00,7940.0,8052.998
2021-07-16 19:00:00,8028.0,8061.085
2021-07-16 20:00:00,7888.0,7970.5894
2021-07-16 21:00:00,7488.0,7480.1416
2021-07-16 22:00:00,7120.0,7333.1807
2021-07-16 23:00:00,7865.0,7670.269
2021-07-17 00:00:00,7865.0,7926.929
2021-07-17 01:00:00,7842.0,7920.9033
2021-07-17 02:00:00,7842.0,7800.6113
2021-07-17 03:00:00,7842.0,7541.062
2021-07-17 04:00:00,7150.0,7593.22
2021-07-17 05:00:00,7358.0,7440.6646
2021-07-17 06:00:00,7583.0,7607.6333
2021-07-17 07:00:00,7719.0,7741.46
2021-07-17 08:00:00,7842.0,7833.669
2021-07-17 09:00:00,7894.0,7862.1045
2021-07-17 10:00:00,7922.0,7916.689
2021-07-17 11:00:00,7900.0,7916.3193
2021-07-17 12:00:00,7842.0,7940.6846
2021-07-17 13:00:00,7938.0,7876.401
2021-07-17 14:00:00,7980.0,7998.2964
2021-07-17 15:00:00,7969.0,8054.36
2021-07-17 16:00:00,7978.0,8046.226
2021-07-17 17:00:00,7854.0,7978.419
2021-07-17 18:00:00,7649.0,7742.4814
2021-07-17 19:00:00,7771.0,7796.421
2021-07-17 20:00:00,7668.0,7744.848
2021-07-17 21:00:00,7269.0,7389.12
2021-07-17 22:00:00,6917.0,7261.823
2021-07-17 23:00:00,7658.5,7133.2437
2021-07-18 00:00:00,7658.5,7516.374
2021-07-18 01:00:00,7658.5,7627.017
2021-07-18 02:00:00,7658.5,7640.645
2021-07-18 03:00:00,7658.5,7625.4976
2021-07-18 04:00:00,7658.5,7584.5723
2021-07-18 05:00:00,7658.5,7416.0464
2021-07-18 06:00:00,7393.0,7587.688
2021-07-18 07:00:00,7629.0,7587.514
2021-07-18 08:00:00,7747.0,7742.902
2021-07-18 09:00:00,7711.0,7802.243
2021-07-18 10:00:00,7698.0,7732.2603
2021-07-18 11:00:00,7685.0,7724.138
2021-07-18 12:00:00,7685.0,7699.923
2021-07-18 13:00:00,7695.0,7730.038
2021-07-18 14:00:00,7793.0,7794.6963
2021-07-18 15:00:00,7775.0,7863.0073
2021-07-18 16:00:00,7818.0,7864.779
2021-07-18 17:00:00,7792.0,7815.9824
2021-07-18 18:00:00,7653.0,7667.5117
2021-07-18 19:00:00,7727.0,7856.5093
2021-07-18 20:00:00,7625.0,7719.263
2021-07-18 21:00:00,7696.0,7357.7876
2021-07-18 22:00:00,7696.0,7511.4097
2021-07-18 23:00:00,7696.0,7745.9883
2021-07-19 00:00:00,7712.0,7678.222
2021-07-19 01:00:00,7751.0,7676.725
2021-07-19 02:00:00,7783.5,7263.8594
2021-07-19 03:00:00,7336.0,7373.2715
2021-07-19 04:00:00,7697.0,7821.4053
2021-07-19 05:00:00,7972.0,8007.7446
2021-07-19 06:00:00,8135.0,8176.386
2021-07-19 07:00:00,8230.0,8272.205
2021-07-19 08:00:00,8364.0,8346.462
2021-07-19 09:00:00,8405.0,8428.285
2021-07-19 10:00:00,8411.0,8375.36
2021-07-19 11:00:00,8415.0,8374.541
2021-07-19 12:00:00,8346.0,8382.363
2021-07-19 13:00:00,8295.0,8322.464
2021-07-19 14:00:00,8294.0,8292.265
2021-07-19 15:00:00,8274.0,8280.055
2021-07-19 16:00:00,8270.0,8292.738
2021-07-19 17:00:00,8212.0,8224.829
2021-07-19 18:00:00,7929.0,7984.753
2021-07-19 19:00:00,7914.0,7984.8433
2021-07-19 20:00:00,7776.0,7827.8936
2021-07-19 21:00:00,7379.0,7667.3643
2021-07-19 22:00:00,8125.0,7812.918
2021-07-19 23:00:00,8125.0,8136.9995
2021-07-20 00:00:00,8125.0,8112.7324
2021-07-20 01:00:00,8125.0,8127.5684
2021-07-20 02:00:00,8125.0,8090.938
2021-07-20 03:00:00,7415.0,7637.9355
2021-07-20 04:00:00,7845.0,7956.108
2021-07-20 05:00:00,8038.0,8003.042
2021-07-20 06:00:00,8252.0,8130.631
2021-07-20 07:00:00,8403.0,8294.896
2021-07-20 08:00:00,8462.0,8425.622
2021-07-20 09:00:00,8444.0,8453.378
2021-07-20 10:00:00,8416.0,8382.8955
2021-07-20 11:00:00,8326.0,8343.139
2021-07-20 12:00:00,8278.0,8274.84
2021-07-20 13:00:00,8254.0,8231.577
2021-07-20 14:00:00,8267.0,8238.964
2021-07-20 15:00:00,8207.0,8227.182
2021-07-20 16:00:00,8253.0,8219.179
2021-07-20 17:00:00,8220.0,8199.22
2021-07-20 18:00:00,7942.0,7943.752
2021-07-20 19:00:00,7981.0,7960.5938
2021-07-20 20:00:00,7858.0,7842.4062
2021-07-20 21:00:00,7482.0,7705.0825
2021-07-20 22:00:00,8061.5,8020.9263
2021-07-20 23:00:00,8061.5,8075.338
2021-07-21 00:00:00,8061.5,8087.869
2021-07-21 01:00:00,8061.5,8086.6553
2021-07-21 02:00:00,8061.5,8033.1875
2021-07-21 03:00:00,8061.5,7514.1577
2021-07-21 04:00:00,7773.0,7945.938
2021-07-21 05:00:00,8003.0,7989.651
2021-07-21 06:00:00,8120.0,8170.1714
2021-07-21 07:00:00,8293.0,8241.418
2021-07-21 08:00:00,8382.0,8350.564
2021-07-21 09:00:00,8318.0,8401.577
2021-07-21 10:00:00,8260.0,8261.557
2021-07-21 11:00:00,8294.0,8221.08
2021-07-21 12:00:00,8292.0,8240.554
2021-07-21 13:00:00,8371.0,8239.099
2021-07-21 14:00:00,8366.0,8327.418
2021-07-21 15:00:00,8391.0,8306.5
2021-07-21 16:00:00,8511.0,8376.126
2021-07-21 17:00:00,8453.0,8392.268
2021-07-21 18:00:00,8161.0,8165.462
2021-07-21 19:00:00,8187.0,8105.3374
2021-07-21 20:00:00,7991.0,7966.4004
2021-07-21 21:00:00,8216.5,7692.401
2021-07-21 22:00:00,8216.5,8211.664
2021-07-21 23:00:00,8216.5,8153.329
2021-07-22 00:00:00,8216.5,8159.307
2021-07-22 01:00:00,8216.5,8161.056
2021-07-22 02:00:00,8216.5,8136.7505
2021-07-22 03:00:00,7504.0,7916.6167
2021-07-22 04:00:00,7865.0,7962.4966
2021-07-22 05:00:00,8043.0,8090.115
2021-07-22 06:00:00,8246.0,8175.7695
2021-07-22 07:00:00,8405.0,8331.598
2021-07-22 08:00:00,8508.0,8457.139
2021-07-22 09:00:00,8487.0,8478.159
2021-07-22 10:00:00,8410.0,8414.492
2021-07-22 11:00:00,8411.0,8357.678
2021-07-22 12:00:00,8434.0,8371.561
2021-07-22 13:00:00,8449.0,8395.338
2021-07-22 14:00:00,8359.0,8443.115
2021-07-22 15:00:00,8282.0,8344.394
2021-07-22 16:00:00,8287.0,8334.893
2021-07-22 17:00:00,8257.0,8290.465
2021-07-22 18:00:00,7999.0,8078.4756
2021-07-22 19:00:00,8063.0,8098.929
2021-07-22 20:00:00,7984.0,7985.2534
2021-07-22 21:00:00,7539.0,8007.1377
2021-07-22 22:00:00,8087.0,7988.147
2021-07-22 23:00:00,8087.0,8119.9414
2021-07-23 00:00:00,8087.0,8139.636
2021-07-23 01:00:00,8087.0,8139.719
2021-07-23 02:00:00,8087.0,8111.891
2021-07-23 03:00:00,7423.0,7670.894
2021-07-23 04:00:00,7738.0,7800.612
2021-07-23 05:00:00,7958.0,7981.18
2021-07-23 06:00:00,8111.0,8189.7095
2021-07-23 07:00:00,8324.0,8264.666
2021-07-23 08:00:00,8373.0,8392.7705
2021-07-23 09:00:00,8422.0,8394.339
2021-07-23 10:00:00,8348.0,8378.776
2021-07-23 11:00:00,8294.0,8301.631
2021-07-23 12:00:00,8270.0,8272.931
2021-07-23 13:00:00,8293.0,8263.808
2021-07-23 14:00:00,8185.0,8282.459
2021-07-23 15:00:00,8127.0,8188.8022
2021-07-23 16:00:00,8151.0,8177.9224
2021-07-23 17:00:00,8152.0,8107.971
2021-07-23 18:00:00,7903.0,7903.5874
2021-07-23 19:00:00,7988.0,7963.832
2021-07-23 20:00:00,7839.0,7890.242
2021-07-23 21:00:00,7439.0,7473.626
2021-07-23 22:00:00,7164.0,7414.715
2021-07-23 23:00:00,7819.0,7535.5586
2021-07-24 00:00:00,7802.0,7804.129
2021-07-24 01:00:00,7796.0,7790.2974
2021-07-24 02:00:00,7796.0,7740.5635
2021-07-24 03:00:00,7796.0,7574.1025
2021-07-24 04:00:00,7796.0,7459.597
2021-07-24 05:00:00,7388.0,7540.016
2021-07-24 06:00:00,7597.0,7551.5015
2021-07-24 07:00:00,7728.0,7718.41
2021-07-24 08:00:00,7808.0,7810.899
2021-07-24 09:00:00,7837.0,7825.835
2021-07-24 10:00:00,7830.0,7821.032
2021-07-24 11:00:00,7796.0,7816.8506
2021-07-24 12:00:00,7796.0,7828.726
2021-07-24 13:00:00,7877.0,7850.1665
2021-07-24 14:00:00,7919.0,7929.648
2021-07-24 15:00:00,7970.0,7933.065
2021-07-24 16:00:00,8006.0,7985.806
2021-07-24 17:00:00,7956.0,7925.7373
2021-07-24 18:00:00,7639.0,7739.7036
2021-07-24 19:00:00,7745.0,7773.3706
2021-07-24 20:00:00,7724.0,7705.772
2021-07-24 21:00:00,7325.0,7296.136
2021-07-24 22:00:00,7000.0,7155.791
2021-07-24 23:00:00,7662.5,7250.791
2021-07-25 00:00:00,7662.5,7703.1055
2021-07-25 01:00:00,7662.5,7704.916
2021-07-25 02:00:00,7662.5,7674.272
2021-07-25 03:00:00,7662.5,7597.778
2021-07-25 04:00:00,7662.5,7652.9365
2021-07-25 05:00:00,7204.0,7501.7036
2021-07-25 06:00:00,7404.0,7389.22
2021-07-25 07:00:00,7556.0,7584.9414
2021-07-25 08:00:00,7686.0,7649.062
2021-07-25 09:00:00,7765.0,7732.469
2021-07-25 10:00:00,7774.0,7759.672
2021-07-25 11:00:00,7731.0,7731.347
2021-07-25 12:00:00,7735.0,7719.1685
2021-07-25 13:00:00,7783.0,7743.937
2021-07-25 14:00:00,7857.0,7816.674
2021-07-25 15:00:00,7866.0,7908.9204
2021-07-25 16:00:00,7906.0,7918.619
2021-07-25 17:00:00,7887.0,7874.5283
2021-07-25 18:00:00,7675.0,7647.859
2021-07-25 19:00:00,7860.0,7812.65
2021-07-25 20:00:00,7779.0,7770.6924
2021-07-25 21:00:00,7374.0,7483.9507
2021-07-25 22:00:00,7781.0,7286.8506
2021-07-25 23:00:00,7809.0,7708.086
2021-07-26 00:00:00,7846.0,7819.4487
2021-07-26 01:00:00,7858.5,7828.5283
2021-07-26 02:00:00,6869.0,7742.874
2021-07-26 03:00:00,7344.0,7559.0186
2021-07-26 04:00:00,7835.0,7860.5586
2021-07-26 05:00:00,8228.0,8001.163
2021-07-26 06:00:00,8553.0,8288.843
2021-07-26 07:00:00,8647.0,8597.071
2021-07-26 08:00:00,8838.0,8656.519
2021-07-26 09:00:00,8862.0,8797.589
2021-07-26 10:00:00,8801.0,8743.623
2021-07-26 11:00:00,8813.0,8704.067
2021-07-26 12:00:00,8700.0,8707.378
2021-07-26 13:00:00,8688.0,8613.219
2021-07-26 14:00:00,8624.0,8612.059
2021-07-26 15:00:00,8508.0,8533.933
2021-07-26 16:00:00,8516.0,8463.845
2021-07-26 17:00:00,8439.0,8411.763
2021-07-26 18:00:00,8173.0,8167.0093
2021-07-26 19:00:00,8211.0,8091.3657
2021-07-26 20:00:00,8015.0,7990.789
2021-07-26 21:00:00,7501.0,7731.637
2021-07-26 22:00:00,8328.0,8254.272
2021-07-26 23:00:00,8328.0,8255.89
2021-07-27 00:00:00,8328.0,8286.341
2021-07-27 01:00:00,8328.0,8287.512
2021-07-27 02:00:00,8328.0,8262.02
2021-07-27 03:00:00,7386.0,7980.5
2021-07-27 04:00:00,7860.0,8138.311
2021-07-27 05:00:00,8217.0,8221.739
2021-07-27 06:00:00,8470.0,8367.858
2021-07-27 07:00:00,8588.0,8564.181
2021-07-27 08:00:00,8633.0,8655.455
2021-07-27 09:00:00,8729.0,8642.481
2021-07-27 10:00:00,8712.0,8675.896
2021-07-27 11:00:00,8622.0,8672.904
2021-07-27 12:00:00,8626.0,8591.938
2021-07-27 13:00:00,8667.0,8603.5
2021-07-27 14:00:00,8632.0,8606.237
2021-07-27 15:00:00,8556.0,8558.358
2021-07-27 16:00:00,8524.0,8572.4795
2021-07-27 17:00:00,8384.0,8463.782
2021-07-27 18:00:00,8103.0,8122.575
2021-07-27 19:00:00,8167.0,8156.0264
2021-07-27 20:00:00,7983.0,8025.5195
2021-07-27 21:00:00,7487.0,7773.2983
2021-07-27 22:00:00,8286.0,8232.155
2021-07-27 23:00:00,8286.0,8286.05
2021-07-28 00:00:00,8286.0,8307.135
2021-07-28 01:00:00,8286.0,8304.583
2021-07-28 02:00:00,8286.0,8272.319
2021-07-28 03:00:00,7503.0,7983.9253
2021-07-28 04:00:00,7853.0,8012.3257
2021-07-28 05:00:00,8188.0,8163.447
2021-07-28 06:00:00,8434.0,8311.526
2021-07-28 07:00:00,8581.0,8505.142
2021-07-28 08:00:00,8650.0,8625.019
2021-07-28 09:00:00,8717.0,8648.159
2021-07-28 10:00:00,8691.0,8676.134
2021-07-28 11:00:00,8690.0,8642.282
2021-07-28 12:00:00,8627.0,8653.393
2021-07-28 13:00:00,8645.0,8597.296
2021-07-28 14:00:00,8626.0,8610.114
2021-07-28 15:00:00,8587.0,8593.174
2021-07-28 16:00:00,8579.0,8594.5625
2021-07-28 17:00:00,8554.0,8525.536
2021-07-28 18:00:00,8272.0,8261.057
2021-07-28 19:00:00,8301.0,8238.886
2021-07-28 20:00:00,8094.0,8084.9688
2021-07-28 21:00:00,7662.0,7842.4844
2021-07-28 22:00:00,8378.0,8168.774
2021-07-28 23:00:00,8378.0,8365.865
2021-07-29 00:00:00,8378.0,8371.033
2021-07-29 01:00:00,8378.0,8370.831
2021-07-29 02:00:00,8378.0,8328.893
2021-07-29 03:00:00,8378.0,7896.6914
2021-07-29 04:00:00,7976.0,8188.143
2021-07-29 05:00:00,8283.0,8256.482
2021-07-29 06:00:00,8455.0,8394.175
2021-07-29 07:00:00,8625.0,8551.4795
2021-07-29 08:00:00,8650.0,8666.81
2021-07-29 09:00:00,8545.0,8654.506
2021-07-29 10:00:00,8635.0,8533.099
2021-07-29 11:00:00,8600.0,8602.762
2021-07-29 12:00:00,8544.0,8570.906
2021-07-29 13:00:00,8525.0,8539.984
2021-07-29 14:00:00,8465.0,8524.034
2021-07-29 15:00:00,8423.0,8511.764
2021-07-29 16:00:00,8526.0,8510.678
2021-07-29 17:00:00,8432.0,8497.045
2021-07-29 18:00:00,8121.0,8189.175
2021-07-29 19:00:00,8208.0,8235.475
2021-07-29 20:00:00,8028.0,8103.417
2021-07-29 21:00:00,7666.0,7730.7817
2021-07-29 22:00:00,8328.5,8194.175
2021-07-29 23:00:00,8328.5,8363.216
2021-07-30 00:00:00,8328.5,8306.489
2021-07-30 01:00:00,8328.5,8307.359
2021-07-30 02:00:00,8328.5,8274.946
2021-07-30 03:00:00,7584.0,7951.506
2021-07-30 04:00:00,7985.0,7874.7056
2021-07-30 05:00:00,8234.0,8204.416
2021-07-30 06:00:00,8439.0,8341.332
2021-07-30 07:00:00,8615.0,8536.681
2021-07-30 08:00:00,8703.0,8652.053
2021-07-30 09:00:00,8782.0,8690.099
2021-07-30 10:00:00,8693.0,8719.561
2021-07-30 11:00:00,8605.0,8640.554
2021-07-30 12:00:00,8570.0,8559.258
2021-07-30 13:00:00,8573.0,8541.018
2021-07-30 14:00:00,8538.0,8548.257
2021-07-30 15:00:00,8429.0,8473.246
2021-07-30 16:00:00,8360.0,8444.477
2021-07-30 17:00:00,8320.0,8297.479
2021-07-30 18:00:00,8048.0,8031.3057
2021-07-30 19:00:00,8157.0,8134.3975
2021-07-30 20:00:00,7963.0,7982.468
2021-07-30 21:00:00,7540.0,7543.006
2021-07-30 22:00:00,7236.0,7489.4795
2021-07-30 23:00:00,7088.0,7692.843
2021-07-31 00:00:00,7953.0,7610.7017
2021-07-31 01:00:00,7953.0,7855.4985
2021-07-31 02:00:00,7953.0,7793.5137
2021-07-31 03:00:00,7953.0,7657.0146
2021-07-31 04:00:00,7953.0,7766.4785
2021-07-31 05:00:00,7448.0,7674.66
2021-07-31 06:00:00,7661.0,7666.1606
2021-07-31 07:00:00,7818.0,7773.125
2021-07-31 08:00:00,7947.0,7861.4478
2021-07-31 09:00:00,8002.0,7941.0864
2021-07-31 10:00:00,7979.0,7942.306
2021-07-31 11:00:00,7959.0,7926.0303
2021-07-31 12:00:00,7992.0,7949.6904
2021-07-31 13:00:00,7999.0,7981.4756
2021-07-31 14:00:00,8073.0,8006.8613
2021-07-31 15:00:00,8165.0,8100.1567
2021-07-31 16:00:00,8172.0,8173.2354
2021-07-31 17:00:00,8158.0,8103.137
2021-07-31 18:00:00,7841.0,7866.9375
2021-07-31 19:00:00,7973.0,7891.5454
2021-07-31 20:00:00,7875.0,7860.355
2021-07-31 21:00:00,7476.0,7443.221
2021-07-31 22:00:00,7092.0,7160.9307
2021-07-31 23:00:00,6942.0,7452.0205
2021-08-01 00:00:00,7809.0,7347.2744
2021-08-01 01:00:00,7809.0,7679.149
2021-08-01 02:00:00,7809.0,7684.0474
2021-08-01 03:00:00,7809.0,7672.03
2021-08-01 04:00:00,7809.0,7685.0635
2021-08-01 05:00:00,7192.0,7425.128
2021-08-01 06:00:00,7410.0,7420.876
2021-08-01 07:00:00,7663.0,7585.1016
2021-08-01 08:00:00,7792.0,7767.187
2021-08-01 09:00:00,7877.0,7818.664
2021-08-01 10:00:00,7834.0,7852.7754
2021-08-01 11:00:00,7826.0,7794.019
2021-08-01 12:00:00,7891.0,7820.4243
2021-08-01 13:00:00,7836.0,7900.4634
2021-08-01 14:00:00,7866.0,7895.78
2021-08-01 15:00:00,7916.0,7968.832
2021-08-01 16:00:00,8028.0,7987.2817
2021-08-01 17:00:00,7930.0,8013.457
2021-08-01 18:00:00,7702.0,7776.5547
2021-08-01 19:00:00,7935.0,7913.6636
2021-08-01 20:00:00,7761.0,7823.9146
2021-08-01 21:00:00,7851.0,7428.3516
2021-08-01 22:00:00,7851.0,7636.638
2021-08-01 23:00:00,7878.5,7843.863
2021-08-02 00:00:00,7903.5,7935.5
2021-08-02 01:00:00,7923.0,7958.451
2021-08-02 02:00:00,7932.5,7710.2134
2021-08-02 03:00:00,7505.0,7663.374
2021-08-02 04:00:00,8001.0,8072.882
2021-08-02 05:00:00,8315.0,8307.566
2021-08-02 06:00:00,8494.0,8523.901
2021-08-02 07:00:00,8574.0,8606.198
2021-08-02 08:00:00,8678.0,8686.472
2021-08-02 09:00:00,8719.0,8701.756
2021-08-02 10:00:00,8650.0,8685.323
2021-08-02 11:00:00,8580.0,8611.888
2021-08-02 12:00:00,8499.0,8567.324
2021-08-02 13:00:00,8506.0,8505.922
2021-08-02 14:00:00,8450.0,8497.45
2021-08-02 15:00:00,8420.0,8457.021
2021-08-02 16:00:00,8460.0,8482.852
2021-08-02 17:00:00,8414.0,8440.256
2021-08-02 18:00:00,8160.0,8200.148
2021-08-02 19:00:00,8294.0,8217.197
2021-08-02 20:00:00,8022.0,8157.8984
2021-08-02 21:00:00,8377.0,7976.8735
2021-08-02 22:00:00,8377.0,8404.397
2021-08-02 23:00:00,8377.0,8410.973
2021-08-03 00:00:00,8377.0,8366.605
2021-08-03 01:00:00,8377.0,8362.447
2021-08-03 02:00:00,8377.0,8320.036
2021-08-03 03:00:00,7594.0,7982.5645
2021-08-03 04:00:00,8052.0,8274.829
2021-08-03 05:00:00,8340.0,8309.04
2021-08-03 06:00:00,8498.0,8439.757
2021-08-03 07:00:00,8505.0,8566.89
2021-08-03 08:00:00,8576.0,8599.748
2021-08-03 09:00:00,8745.0,8614.451
2021-08-03 10:00:00,8708.0,8685.777
2021-08-03 11:00:00,8656.0,8638.928
2021-08-03 12:00:00,8594.0,8579.006
2021-08-03 13:00:00,8547.0,8562.412
2021-08-03 14:00:00,8461.0,8517.593
2021-08-03 15:00:00,8365.0,8464.918
2021-08-03 16:00:00,8374.0,8474.407
2021-08-03 17:00:00,8353.0,8375.915
2021-08-03 18:00:00,8056.0,8114.309
2021-08-03 19:00:00,8176.0,8205.915
2021-08-03 20:00:00,7980.0,8034.566
2021-08-03 21:00:00,7493.0,8171.208
2021-08-03 22:00:00,8359.0,8348.901
2021-08-03 23:00:00,8359.0,8384.496
2021-08-04 00:00:00,8359.0,8367.17
2021-08-04 01:00:00,8359.0,8367.782
2021-08-04 02:00:00,8359.0,8334.643
2021-08-04 03:00:00,7659.0,7881.1353
2021-08-04 04:00:00,8168.0,8135.438
2021-08-04 05:00:00,8405.0,8358.553
2021-08-04 06:00:00,8538.0,8503.311
2021-08-04 07:00:00,8583.0,8581.463
2021-08-04 08:00:00,8668.0,8634.734
2021-08-04 09:00:00,8685.0,8664.455
2021-08-04 10:00:00,8656.0,8654.418
2021-08-04 11:00:00,8579.0,8593.851
2021-08-04 12:00:00,8513.0,8550.803
2021-08-04 13:00:00,8429.0,8487.395
2021-08-04 14:00:00,8379.0,8460.927
2021-08-04 15:00:00,8315.0,8425.111
2021-08-04 16:00:00,8382.0,8399.657
2021-08-04 17:00:00,8347.0,8410.383
2021-08-04 18:00:00,8071.0,8105.326
2021-08-04 19:00:00,8238.0,8160.8223
2021-08-04 20:00:00,8037.0,8069.023
2021-08-04 21:00:00,7608.0,7832.484
2021-08-04 22:00:00,8281.0,8229.254
2021-08-04 23:00:00,8281.0,8321.346
2021-08-05 00:00:00,8281.0,8300.206
2021-08-05 01:00:00,8281.0,8300.563
2021-08-05 02:00:00,8281.0,8268.847
2021-08-05 03:00:00,7786.0,7908.0005
2021-08-05 04:00:00,8119.0,8204.628
2021-08-05 05:00:00,8247.0,8372.986
2021-08-05 06:00:00,8413.0,8407.958
2021-08-05 07:00:00,8545.0,8533.354
2021-08-05 08:00:00,8683.0,8628.776
2021-08-05 09:00:00,8716.0,8704.792
2021-08-05 10:00:00,8688.0,8653.246
2021-08-05 11:00:00,8612.0,8636.206
2021-08-05 12:00:00,8545.0,8559.203
2021-08-05 13:00:00,8488.0,8496.479
2021-08-05 14:00:00,8473.0,8461.954
2021-08-05 15:00:00,8450.0,8432.998
2021-08-05 16:00:00,8464.0,8497.853
2021-08-05 17:00:00,8408.0,8430.573
2021-08-05 18:00:00,8162.0,8090.745
2021-08-05 19:00:00,8309.0,8262.027
2021-08-05 20:00:00,8135.0,8080.5386
2021-08-05 21:00:00,7683.0,7831.3115
2021-08-05 22:00:00,8389.5,8222.452
2021-08-05 23:00:00,8389.5,8394.109
2021-08-06 00:00:00,8389.5,8387.194
2021-08-06 01:00:00,8389.5,8388.247
2021-08-06 02:00:00,8389.5,8357.853
2021-08-06 03:00:00,7827.0,7873.5166
2021-08-06 04:00:00,8204.0,8128.776
2021-08-06 05:00:00,8371.0,8409.056
2021-08-06 06:00:00,8588.0,8502.317
2021-08-06 07:00:00,8664.0,8667.67
2021-08-06 08:00:00,8680.0,8700.329
2021-08-06 09:00:00,8740.0,8670.451
2021-08-06 10:00:00,8629.0,8694.2295
2021-08-06 11:00:00,8578.0,8582.664
2021-08-06 12:00:00,8640.0,8548.356
2021-08-06 13:00:00,8630.0,8588.2705
2021-08-06 14:00:00,8546.0,8603.629
2021-08-06 15:00:00,8479.0,8506.774
2021-08-06 16:00:00,8397.0,8511.478
2021-08-06 17:00:00,8324.0,8375.419
2021-08-06 18:00:00,8103.0,8075.7163
2021-08-06 19:00:00,8197.0,8232.783
2021-08-06 20:00:00,7945.0,8057.177
2021-08-06 21:00:00,7500.0,7562.8105
2021-08-06 22:00:00,7940.0,7576.1455
2021-08-06 23:00:00,7940.0,7877.019
2021-08-07 00:00:00,7928.0,7925.4517
2021-08-07 01:00:00,7928.0,7923.5366
2021-08-07 02:00:00,7928.0,7916.013
2021-08-07 03:00:00,7928.0,7825.842
2021-08-07 04:00:00,7928.0,7871.746
2021-08-07 05:00:00,7461.0,7704.075
2021-08-07 06:00:00,7688.0,7659.2334
2021-08-07 07:00:00,7840.0,7804.4497
2021-08-07 08:00:00,7935.0,7903.127
2021-08-07 09:00:00,7976.0,7944.5093
2021-08-07 10:00:00,7949.0,7980.446
2021-08-07 11:00:00,7921.0,7954.522
2021-08-07 12:00:00,7990.0,7941.891
2021-08-07 13:00:00,8082.0,8027.8623
2021-08-07 14:00:00,8171.0,8162.3247
2021-08-07 15:00:00,8289.0,8224.763
2021-08-07 16:00:00,8285.0,8294.457
2021-08-07 17:00:00,8136.0,8198.048
2021-08-07 18:00:00,7884.0,7919.246
2021-08-07 19:00:00,8042.0,8007.284
2021-08-07 20:00:00,7785.0,7904.0137
2021-08-07 21:00:00,7350.0,7438.2
2021-08-07 22:00:00,6975.0,7231.66
2021-08-07 23:00:00,7834.5,7170.9985
2021-08-08 00:00:00,7811.5,7721.1216
2021-08-08 01:00:00,7811.5,7712.657
2021-08-08 02:00:00,7811.5,7707.746
2021-08-08 03:00:00,7811.5,7676.3467
2021-08-08 04:00:00,7811.5,7706.872
2021-08-08 05:00:00,7217.0,7433.7866
2021-08-08 06:00:00,7497.0,7434.2734
2021-08-08 07:00:00,7782.0,7622.6924
2021-08-08 08:00:00,7920.0,7830.173
2021-08-08 09:00:00,7916.0,7910.049
2021-08-08 10:00:00,7899.0,7871.072
2021-08-08 11:00:00,7838.0,7815.2236
2021-08-08 12:00:00,7858.0,7838.366
2021-08-08 13:00:00,7862.0,7922.5586
2021-08-08 14:00:00,7901.0,7959.5933
2021-08-08 15:00:00,8005.0,7980.323
2021-08-08 16:00:00,8050.0,8087.628
2021-08-08 17:00:00,8000.0,8048.351
2021-08-08 18:00:00,7793.0,7823.284
2021-08-08 19:00:00,8044.0,7983.448
2021-08-08 20:00:00,7793.0,7832.016
2021-08-08 21:00:00,7315.0,7586.914
2021-08-08 22:00:00,7880.5,7528.928
2021-08-08 23:00:00,7881.5,7929.0264
2021-08-09 00:00:00,7950.5,7961.822
2021-08-09 01:00:00,8002.5,8013.736
2021-08-09 02:00:00,8024.5,7949.5522
2021-08-09 03:00:00,7604.0,7771.704
2021-08-09 04:00:00,8105.0,8142.7144
2021-08-09 05:00:00,8548.0,8450.286
2021-08-09 06:00:00,8816.0,8706.033
2021-08-09 07:00:00,8874.0,8832.324
2021-08-09 08:00:00,8984.0,8917.677
2021-08-09 09:00:00,9049.0,8992.947
2021-08-09 10:00:00,8989.0,8947.1045
2021-08-09 11:00:00,8936.0,8897.865
2021-08-09 12:00:00,8854.0,8834.908
2021-08-09 13:00:00,8831.0,8753.998
2021-08-09 14:00:00,8783.0,8746.305
2021-08-09 15:00:00,8673.0,8718.223
2021-08-09 16:00:00,8650.0,8641.739
2021-08-09 17:00:00,8538.0,8593.669
2021-08-09 18:00:00,8295.0,8308.092
2021-08-09 19:00:00,8409.0,8313.279
2021-08-09 20:00:00,8057.0,8199.744
2021-08-09 21:00:00,7588.0,8079.5264
2021-08-09 22:00:00,8498.0,8587.057
2021-08-09 23:00:00,8498.0,8486.462
2021-08-10 00:00:00,8498.0,8466.209
2021-08-10 01:00:00,8498.0,8463.358
2021-08-10 02:00:00,8498.0,8406.56
2021-08-10 03:00:00,8498.0,7937.686
2021-08-10 04:00:00,8160.0,8343.437
2021-08-10 05:00:00,8458.0,8449.106
2021-08-10 06:00:00,8590.0,8656.759
2021-08-10 07:00:00,8634.0,8670.137
2021-08-10 08:00:00,8770.0,8698.271
2021-08-10 09:00:00,8824.0,8804.709
2021-08-10 10:00:00,8701.0,8796.724
2021-08-10 11:00:00,8709.0,8671.844
2021-08-10 12:00:00,8704.0,8678.565
2021-08-10 13:00:00,8653.0,8680.364
2021-08-10 14:00:00,8616.0,8636.242
2021-08-10 15:00:00,8506.0,8604.786
2021-08-10 16:00:00,8649.0,8566.168
2021-08-10 17:00:00,8570.0,8563.514
2021-08-10 18:00:00,8328.0,8266.439
2021-08-10 19:00:00,8388.0,8353.818
2021-08-10 20:00:00,8091.0,8095.409
2021-08-10 21:00:00,8538.0,8024.529
2021-08-10 22:00:00,8538.0,8537.523
2021-08-10 23:00:00,8538.0,8510.943
2021-08-11 00:00:00,8538.0,8500.921
2021-08-11 01:00:00,8538.0,8501.767
2021-08-11 02:00:00,8538.0,8462.288
2021-08-11 03:00:00,7816.0,8211.1
2021-08-11 04:00:00,8386.0,8359.315
2021-08-11 05:00:00,8748.0,8526.887
2021-08-11 06:00:00,8936.0,8788.189
2021-08-11 07:00:00,8983.0,8891.3545
2021-08-11 08:00:00,9023.0,8979.075
2021-08-11 09:00:00,9041.0,8986.125
2021-08-11 10:00:00,9006.0,8933.111
2021-08-11 11:00:00,8922.0,8899.564
2021-08-11 12:00:00,8852.0,8845.039
2021-08-11 13:00:00,8767.0,8765.194
2021-08-11 14:00:00,8702.0,8724.465
2021-08-11 15:00:00,8657.0,8635.954
2021-08-11 16:00:00,8720.0,8662.534
2021-08-11 17:00:00,8660.0,8656.059
2021-08-11 18:00:00,8422.0,8338.1875
2021-08-11 19:00:00,8501.0,8442.495
2021-08-11 20:00:00,8186.0,8197.244
2021-08-11 21:00:00,8658.5,8364.368
2021-08-11 22:00:00,8658.5,8603.356
2021-08-11 23:00:00,8658.5,8605.194
2021-08-12 00:00:00,8658.5,8602.075
2021-08-12 01:00:00,8658.5,8601.902
2021-08-12 02:00:00,8658.5,8565.458
2021-08-12 03:00:00,8658.5,8185.3867
2021-08-12 04:00:00,8417.0,8557.393
2021-08-12 05:00:00,8715.0,8626.41
2021-08-12 06:00:00,8857.0,8835.408
2021-08-12 07:00:00,8873.0,8896.779
2021-08-12 08:00:00,8985.0,8951.648
2021-08-12 09:00:00,9019.0,9005.189
2021-08-12 10:00:00,8960.0,8943.173
2021-08-12 11:00:00,8892.0,8889.822
2021-08-12 12:00:00,8851.0,8835.815
2021-08-12 13:00:00,8795.0,8774.026
2021-08-12 14:00:00,8770.0,8765.187
2021-08-12 15:00:00,8612.0,8726.682
2021-08-12 16:00:00,8633.0,8663.72
2021-08-12 17:00:00,8616.0,8625.979
2021-08-12 18:00:00,8522.0,8397.652
2021-08-12 19:00:00,8650.0,8505.544
2021-08-12 20:00:00,8342.0,8299.811
2021-08-12 21:00:00,7959.0,8425.565
2021-08-12 22:00:00,7674.0,8660.736
2021-08-12 23:00:00,7524.0,8217.639
2021-08-13 00:00:00,7560.0,7906.2124
2021-08-13 01:00:00,7629.0,7827.424
2021-08-13 02:00:00,7787.0,7872.26
2021-08-13 03:00:00,8250.0,7905.5366
2021-08-13 04:00:00,8786.0,8407.495
2021-08-13 05:00:00,9039.0,8871.016
2021-08-13 06:00:00,9025.0,9064.152
2021-08-13 07:00:00,9053.0,8998.754
2021-08-13 08:00:00,9096.0,9048.296
2021-08-13 09:00:00,9094.0,9068.021
2021-08-13 10:00:00,9159.0,9010.29
2021-08-13 11:00:00,8852.0,9025.195
2021-08-13 12:00:00,8753.0,8786.11
2021-08-13 13:00:00,8732.0,8727.527
2021-08-13 14:00:00,8654.0,8713.806
2021-08-13 15:00:00,8592.0,8594.231
2021-08-13 16:00:00,8547.0,8609.912
2021-08-13 17:00:00,8445.0,8478.702
2021-08-13 18:00:00,8211.0,8255.002
2021-08-13 19:00:00,8337.0,8287.309
2021-08-13 20:00:00,7954.0,8133.404
2021-08-13 21:00:00,7492.0,7716.1133
2021-08-13 22:00:00,8125.0,7622.507
2021-08-13 23:00:00,8114.0,7936.163
2021-08-14 00:00:00,8090.5,7996.6943
2021-08-14 01:00:00,8090.5,7993.6973
2021-08-14 02:00:00,8090.5,7953.03
2021-08-14 03:00:00,8090.5,8007.697
2021-08-14 04:00:00,7237.0,7976.497
2021-08-14 05:00:00,7548.0,7425.893
2021-08-14 06:00:00,7785.0,7756.761
2021-08-14 07:00:00,8064.0,7919.1978
2021-08-14 08:00:00,8186.0,8110.7324
2021-08-14 09:00:00,8242.0,8164.448
2021-08-14 10:00:00,8164.0,8199.192
2021-08-14 11:00:00,8117.0,8105.791
2021-08-14 12:00:00,8159.0,8127.46
2021-08-14 13:00:00,8259.0,8200.483
2021-08-14 14:00:00,8335.0,8315.827
2021-08-14 15:00:00,8259.0,8368.668
2021-08-14 16:00:00,8240.0,8300.386
2021-08-14 17:00:00,8066.0,8186.301
2021-08-14 18:00:00,7736.0,7918.024
2021-08-14 19:00:00,7922.0,7869.4556
2021-08-14 20:00:00,7612.0,7810.743
2021-08-14 21:00:00,7102.0,7338.135
2021-08-14 22:00:00,6887.0,7196.0923
2021-08-14 23:00:00,6795.0,7353.888
2021-08-15 00:00:00,6792.0,7095.4224
2021-08-15 01:00:00,6682.0,6964.087
2021-08-15 02:00:00,6569.0,6889.7676
2021-08-15 03:00:00,7674.0,6975.7812
2021-08-15 04:00:00,7674.0,7492.9893
2021-08-15 05:00:00,7674.0,7475.7363
2021-08-15 06:00:00,7096.0,7662.269
2021-08-15 07:00:00,7584.0,7474.3843
2021-08-15 08:00:00,7852.0,7737.5503
2021-08-15 09:00:00,7954.0,7902.253
2021-08-15 10:00:00,7977.0,7897.5854
2021-08-15 11:00:00,7993.0,7910.0464
2021-08-15 12:00:00,7971.0,7938.5166
2021-08-15 13:00:00,7996.0,7973.8486
2021-08-15 14:00:00,8058.0,8007.451
2021-08-15 15:00:00,8112.0,8100.465
2021-08-15 16:00:00,8224.0,8142.323
2021-08-15 17:00:00,8179.0,8081.381
2021-08-15 18:00:00,7974.0,7792.4717
2021-08-15 19:00:00,8157.0,8009.117
2021-08-15 20:00:00,7978.0,7803.543
2021-08-15 21:00:00,7563.0,7524.985
2021-08-15 22:00:00,7994.5,7339.608
2021-08-15 23:00:00,8027.0,7756.6304
2021-08-16 00:00:00,8085.0,7910.4644
2021-08-16 01:00:00,8134.5,7937.5005
2021-08-16 02:00:00,8168.0,7892.0156
2021-08-16 03:00:00,7834.0,7907.8535
2021-08-16 04:00:00,8462.0,8327.017
2021-08-16 05:00:00,8714.0,8753.227
2021-08-16 06:00:00,8786.0,8898.151
2021-08-16 07:00:00,8909.0,8878.799
2021-08-16 08:00:00,8970.0,8989.735
2021-08-16 09:00:00,8940.0,9002.981
2021-08-16 10:00:00,8992.0,8905.48
2021-08-16 11:00:00,8941.0,8921.601
2021-08-16 12:00:00,8846.0,8852.152
2021-08-16 13:00:00,8736.0,8774.715
2021-08-16 14:00:00,8663.0,8690.928
2021-08-16 15:00:00,8649.0,8625.681
2021-08-16 16:00:00,8734.0,8656.105
2021-08-16 17:00:00,8680.0,8674.763
2021-08-16 18:00:00,8490.0,8421.82
2021-08-16 19:00:00,8532.0,8462.848
2021-08-16 20:00:00,8185.0,8289.953
2021-08-16 21:00:00,8656.0,7969.8647
2021-08-16 22:00:00,8656.0,8610.997
2021-08-16 23:00:00,8656.0,8609.073
2021-08-17 00:00:00,8656.0,8614.48
2021-08-17 01:00:00,8656.0,8606.016
2021-08-17 02:00:00,8656.0,8571.228
2021-08-17 03:00:00,7986.0,8317.996
2021-08-17 04:00:00,8538.0,8601.22
2021-08-17 05:00:00,8783.0,8739.975
2021-08-17 06:00:00,8976.0,8847.487
2021-08-17 07:00:00,9088.0,8979.483
2021-08-17 08:00:00,9165.0,9094.374
2021-08-17 09:00:00,9219.0,9124.045
2021-08-17 10:00:00,9092.0,9094.748
2021-08-17 11:00:00,9022.0,9018.066
2021-08-17 12:00:00,8914.0,8937.364
2021-08-17 13:00:00,8876.0,8861.342
2021-08-17 14:00:00,8985.0,8844.289
2021-08-17 15:00:00,8906.0,8927.972
2021-08-17 16:00:00,8952.0,8929.496
2021-08-17 17:00:00,8827.0,8908.156
2021-08-17 18:00:00,8640.0,8525.632
2021-08-17 19:00:00,8559.0,8538.135
2021-08-17 20:00:00,8191.0,8320.16
2021-08-17 21:00:00,8851.5,8692.166
2021-08-17 22:00:00,8851.5,8803.848
2021-08-17 23:00:00,8851.5,8809.799
2021-08-18 00:00:00,8851.5,8809.145
2021-08-18 01:00:00,8851.5,8808.657
2021-08-18 02:00:00,8857.0,8770.689
2021-08-18 03:00:00,8857.0,8340.14
2021-08-18 04:00:00,8601.0,8753.402
2021-08-18 05:00:00,8887.0,8875.265
2021-08-18 06:00:00,8984.0,9018.024
2021-08-18 07:00:00,9029.0,9026.801
2021-08-18 08:00:00,9109.0,9054.729
2021-08-18 09:00:00,9152.0,9135.043
2021-08-18 10:00:00,9142.0,9068.772
2021-08-18 11:00:00,9112.0,9046.976
2021-08-18 12:00:00,9126.0,9043.188
2021-08-18 13:00:00,9153.0,9041.29
2021-08-18 14:00:00,9148.0,9102.4
2021-08-18 15:00:00,9087.0,9095.216
2021-08-18 16:00:00,9172.0,9135.973
2021-08-18 17:00:00,9022.0,9113.886
2021-08-18 18:00:00,8713.0,8702.453
2021-08-18 19:00:00,8617.0,8563.172
2021-08-18 20:00:00,8960.5,8312.992
2021-08-18 21:00:00,8960.5,8807.99
2021-08-18 22:00:00,8960.5,8888.34
2021-08-18 23:00:00,8960.5,8903.046
2021-08-19 00:00:00,8960.5,8939.212
2021-08-19 01:00:00,8944.5,8940.3955
2021-08-19 02:00:00,8887.0,8872.405
2021-08-19 03:00:00,8887.0,8622.726
2021-08-19 04:00:00,8700.0,8873.211
2021-08-19 05:00:00,8899.0,8927.083
2021-08-19 06:00:00,9080.0,9022.592
2021-08-19 07:00:00,9112.0,9099.556
2021-08-19 08:00:00,9177.0,9145.296
2021-08-19 09:00:00,9154.0,9163.496
2021-08-19 10:00:00,9086.0,9102.253
2021-08-19 11:00:00,9037.0,9064.313
2021-08-19 12:00:00,8990.0,9023.4795
2021-08-19 13:00:00,8875.0,8976.31
2021-08-19 14:00:00,8983.0,8945.635
2021-08-19 15:00:00,8926.0,8985.734
2021-08-19 16:00:00,8950.0,9024.099
2021-08-19 17:00:00,8919.0,8937.65
2021-08-19 18:00:00,8708.0,8687.583
2021-08-19 19:00:00,8634.0,8645.111
2021-08-19 20:00:00,8255.0,8590.456
2021-08-19 21:00:00,8897.0,8503.213
2021-08-19 22:00:00,8897.0,8878.021
2021-08-19 23:00:00,8897.0,8928.456
2021-08-20 00:00:00,8897.0,8844.611
2021-08-20 01:00:00,8897.0,8829.833
2021-08-20 02:00:00,8922.5,8719.069
2021-08-20 03:00:00,8193.0,8554.352
2021-08-20 04:00:00,8726.0,8678.514
2021-08-20 05:00:00,9000.0,8989.358
2021-08-20 06:00:00,9016.0,9133.539
2021-08-20 07:00:00,9128.0,9072.548
2021-08-20 08:00:00,9197.0,9173.3125
2021-08-20 09:00:00,9206.0,9189.538
2021-08-20 10:00:00,9119.0,9118.661
2021-08-20 11:00:00,9031.0,9048.924
2021-08-20 12:00:00,9059.0,8961.058
2021-08-20 13:00:00,8991.0,9001.23
2021-08-20 14:00:00,8946.0,8980.01
2021-08-20 15:00:00,8925.0,8910.593
2021-08-20 16:00:00,8908.0,8944.096
2021-08-20 17:00:00,8841.0,8862.338
2021-08-20 18:00:00,8656.0,8553.541
2021-08-20 19:00:00,8634.0,8576.344
2021-08-20 20:00:00,8311.0,8301.045
2021-08-20 21:00:00,7840.0,8100.172
2021-08-20 22:00:00,8404.0,8120.0254
2021-08-20 23:00:00,8398.5,8312.516
2021-08-21 00:00:00,8352.5,8359.767
2021-08-21 01:00:00,8352.5,8310.202
2021-08-21 02:00:00,8352.5,8288.512
2021-08-21 03:00:00,8352.5,8163.084
2021-08-21 04:00:00,8352.5,8095.18
2021-08-21 05:00:00,7929.0,8132.0327
2021-08-21 06:00:00,8136.0,7999.6025
2021-08-21 07:00:00,8334.0,8220.062
2021-08-21 08:00:00,8481.0,8362.199
2021-08-21 09:00:00,8474.0,8467.202
2021-08-21 10:00:00,8463.0,8431.479
2021-08-21 11:00:00,8371.0,8417.6
2021-08-21 12:00:00,8429.0,8363.792
2021-08-21 13:00:00,8508.0,8480.424
2021-08-21 14:00:00,8608.0,8560.645
2021-08-21 15:00:00,8708.0,8643.402
2021-08-21 16:00:00,8740.0,8730.843
2021-08-21 17:00:00,8628.0,8663.896
2021-08-21 18:00:00,8510.0,8389.372
2021-08-21 19:00:00,8561.0,8466.437
2021-08-21 20:00:00,8294.0,8254.94
2021-08-21 21:00:00,7794.0,7847.0913
2021-08-21 22:00:00,7417.0,7573.251
2021-08-21 23:00:00,8289.5,7474.662
2021-08-22 00:00:00,8266.0,8122.5503
2021-08-22 01:00:00,8236.0,8084.551
2021-08-22 02:00:00,8218.5,8143.3604
2021-08-22 03:00:00,8218.5,8125.725
2021-08-22 04:00:00,8218.5,8098.123
2021-08-22 05:00:00,7610.0,8001.821
2021-08-22 06:00:00,7891.0,7795.204
2021-08-22 07:00:00,8116.0,8009.9863
2021-08-22 08:00:00,8285.0,8183.746
2021-08-22 09:00:00,8362.0,8267.481
2021-08-22 10:00:00,8338.0,8296.783
2021-08-22 11:00:00,8247.0,8285.539
2021-08-22 12:00:00,8225.0,8251.088
2021-08-22 13:00:00,8212.0,8251.45
2021-08-22 14:00:00,8284.0,8294.298
2021-08-22 15:00:00,8349.0,8352.214
2021-08-22 16:00:00,8434.0,8440.88
2021-08-22 17:00:00,8454.0,8430.692
2021-08-22 18:00:00,8384.0,8352.824
2021-08-22 19:00:00,8511.0,8501.092
2021-08-22 20:00:00,8138.0,8270.838
2021-08-22 21:00:00,8311.0,7818.2905
2021-08-22 22:00:00,8311.0,8125.903
2021-08-22 23:00:00,8316.5,8242.559
2021-08-23 00:00:00,8366.5,8283.202
2021-08-23 01:00:00,8409.0,8298.497
2021-08-23 02:00:00,8444.0,8330.055
2021-08-23 03:00:00,7893.0,8299.942
2021-08-23 04:00:00,8477.0,8500.321
2021-08-23 05:00:00,8726.0,8852.162
2021-08-23 06:00:00,8737.0,8912.064
2021-08-23 07:00:00,8706.0,8850.548
2021-08-23 08:00:00,8762.0,8826.076
2021-08-23 09:00:00,8784.0,8849.203
2021-08-23 10:00:00,8715.0,8813.876
2021-08-23 11:00:00,8646.0,8733.664
2021-08-23 12:00:00,8554.0,8641.781
2021-08-23 13:00:00,8551.0,8592.084
2021-08-23 14:00:00,8571.0,8593.717
2021-08-23 15:00:00,8667.0,8591.687
2021-08-23 16:00:00,8777.0,8707.932
2021-08-23 17:00:00,8752.0,8745.083
2021-08-23 18:00:00,8566.0,8524.833
2021-08-23 19:00:00,8562.0,8572.45
2021-08-23 20:00:00,8383.0,8397.438
2021-08-23 21:00:00,8428.5,8442.121
2021-08-23 22:00:00,8428.5,8578.607
2021-08-23 23:00:00,8428.5,8554.13
2021-08-24 00:00:00,8428.5,8485.811
2021-08-24 01:00:00,8428.5,8486.666
2021-08-24 02:00:00,8428.5,8463.639
2021-08-24 03:00:00,8428.5,8103.986
2021-08-24 04:00:00,8253.0,8570.277
2021-08-24 05:00:00,8384.0,8494.643
2021-08-24 06:00:00,8453.0,8582.438
2021-08-24 07:00:00,8382.0,8595.684
2021-08-24 08:00:00,8404.0,8549.304
2021-08-24 09:00:00,8632.0,8527.235
2021-08-24 10:00:00,8558.0,8593.65
2021-08-24 11:00:00,8505.0,8537.219
2021-08-24 12:00:00,8527.0,8475.261
2021-08-24 13:00:00,8530.0,8485.592
2021-08-24 14:00:00,8608.0,8503.802
2021-08-24 15:00:00,8563.0,8593.375
2021-08-24 16:00:00,8697.0,8655.186
2021-08-24 17:00:00,8675.0,8678.003
2021-08-24 18:00:00,8581.0,8454.108
2021-08-24 19:00:00,8532.0,8538.765
2021-08-24 20:00:00,8294.0,8306.4
2021-08-24 21:00:00,8545.0,8271.643
2021-08-24 22:00:00,8545.0,8494.597
2021-08-24 23:00:00,8547.5,8532.553
2021-08-25 00:00:00,8572.0,8517.007
2021-08-25 01:00:00,8594.5,8577.776
2021-08-25 02:00:00,8641.5,8538.378
2021-08-25 03:00:00,8255.0,8402.638
2021-08-25 04:00:00,8751.0,8426.901
2021-08-25 05:00:00,8885.0,8827.997
2021-08-25 06:00:00,9044.0,8922.522
2021-08-25 07:00:00,9344.0,8999.28
2021-08-25 08:00:00,9433.0,9268.111
2021-08-25 09:00:00,9431.0,9337.432
2021-08-25 10:00:00,9285.0,9295.51
2021-08-25 11:00:00,9209.0,9147.405
2021-08-25 12:00:00,9201.0,9092.521
2021-08-25 13:00:00,9169.0,9094.396
2021-08-25 14:00:00,9113.0,9116.458
2021-08-25 15:00:00,9190.0,9082.383
2021-08-25 16:00:00,9264.0,9194.375
2021-08-25 17:00:00,9113.0,9202.039
2021-08-25 18:00:00,8901.0,8865.394
2021-08-25 19:00:00,8727.0,8742.904
2021-08-25 20:00:00,8337.0,8582.517
2021-08-25 21:00:00,9067.0,8671.942
2021-08-25 22:00:00,9067.0,8964.427
2021-08-25 23:00:00,9067.0,8979.03
2021-08-26 00:00:00,9067.0,8986.675
2021-08-26 01:00:00,9067.0,8978.543
2021-08-26 02:00:00,9060.5,8927.826
2021-08-26 03:00:00,8191.0,8727.954
2021-08-26 04:00:00,8619.0,8791.852
2021-08-26 05:00:00,9021.0,8941.469
2021-08-26 06:00:00,9179.0,9115.175
2021-08-26 07:00:00,9266.0,9200.832
2021-08-26 08:00:00,9361.0,9275.144
2021-08-26 09:00:00,9460.0,9317.35
2021-08-26 10:00:00,9357.0,9349.141
2021-08-26 11:00:00,9204.0,9239.201
2021-08-26 12:00:00,9150.0,9125.203
2021-08-26 13:00:00,9100.0,9094.849
2021-08-26 14:00:00,9064.0,9113.124
2021-08-26 15:00:00,8998.0,9067.9375
2021-08-26 16:00:00,9112.0,9048.206
2021-08-26 17:00:00,9036.0,9121.157
2021-08-26 18:00:00,8834.0,8836.744
2021-08-26 19:00:00,8746.0,8715.417
2021-08-26 20:00:00,8356.0,8390.558
2021-08-26 21:00:00,9017.0,8668.06
2021-08-26 22:00:00,9017.0,8956.915
2021-08-26 23:00:00,9017.0,8974.92
2021-08-27 00:00:00,9017.0,8974.3
2021-08-27 01:00:00,8997.5,8974.954
2021-08-27 02:00:00,8997.5,8923.096
2021-08-27 03:00:00,8997.5,8600.012
2021-08-27 04:00:00,8772.0,9066.559
2021-08-27 05:00:00,9112.0,9038.107
2021-08-27 06:00:00,9322.0,9233.509
2021-08-27 07:00:00,9302.0,9317.034
2021-08-27 08:00:00,9251.0,9309.718
2021-08-27 09:00:00,9236.0,9278.568
2021-08-27 10:00:00,9168.0,9189.151
2021-08-27 11:00:00,9063.0,9103.173
2021-08-27 12:00:00,8997.0,9045.528
2021-08-27 13:00:00,9007.0,8964.522
2021-08-27 14:00:00,9000.0,8978.348
2021-08-27 15:00:00,9056.0,8974.783
2021-08-27 16:00:00,9095.0,9100.502
2021-08-27 17:00:00,8981.0,9077.641
2021-08-27 18:00:00,8846.0,8749.99
2021-08-27 19:00:00,8770.0,8711.599
2021-08-27 20:00:00,8495.0,8402.285
2021-08-27 21:00:00,8048.0,8291.053
2021-08-27 22:00:00,8484.5,8265.284
2021-08-27 23:00:00,8468.0,8452.824
2021-08-28 00:00:00,8434.0,8464.144
2021-08-28 01:00:00,8371.0,8413.59
2021-08-28 02:00:00,8331.0,8367.602
2021-08-28 03:00:00,8331.0,8302.907
2021-08-28 04:00:00,8331.0,8295.568
2021-08-28 05:00:00,8095.0,8204.901
2021-08-28 06:00:00,8323.0,8250.146
2021-08-28 07:00:00,8474.0,8421.004
2021-08-28 08:00:00,8553.0,8545.44
2021-08-28 09:00:00,8462.0,8564.948
2021-08-28 10:00:00,8406.0,8460.484
2021-08-28 11:00:00,8336.0,8399.78
2021-08-28 12:00:00,8315.0,8356.056
2021-08-28 13:00:00,8326.0,8404.861
2021-08-28 14:00:00,8384.0,8452.463
2021-08-28 15:00:00,8456.0,8530.818
2021-08-28 16:00:00,8508.0,8560.329
2021-08-28 17:00:00,8444.0,8504.225
2021-08-28 18:00:00,8374.0,8420.632
2021-08-28 19:00:00,8344.0,8551.377
2021-08-28 20:00:00,8117.0,8220.243
2021-08-28 21:00:00,7653.0,7744.8804
2021-08-28 22:00:00,7797.0,7572.658
2021-08-28 23:00:00,7768.5,7721.142
2021-08-29 00:00:00,7751.0,7828.0405
2021-08-29 01:00:00,7734.5,7821.4243
2021-08-29 02:00:00,7708.0,7772.8057
2021-08-29 03:00:00,7684.5,7780.313
2021-08-29 04:00:00,7684.5,7759.189
2021-08-29 05:00:00,7562.0,7726.6826
2021-08-29 06:00:00,7728.0,7729.693
2021-08-29 07:00:00,7776.0,7900.131
2021-08-29 08:00:00,7818.0,7955.651
2021-08-29 09:00:00,7761.0,7931.6743
2021-08-29 10:00:00,7741.0,7886.8555
2021-08-29 11:00:00,7688.0,7859.98
2021-08-29 12:00:00,7681.0,7815.547
2021-08-29 13:00:00,7651.0,7808.553
2021-08-29 14:00:00,7650.0,7835.1714
2021-08-29 15:00:00,7724.0,7842.1147
2021-08-29 16:00:00,7861.0,7902.658
2021-08-29 17:00:00,7827.0,8005.42
2021-08-29 18:00:00,7771.0,7916.566
2021-08-29 19:00:00,7899.0,8046.977
2021-08-29 20:00:00,7772.0,7945.571
2021-08-29 21:00:00,7524.0,7651.3154
2021-08-29 22:00:00,7756.0,7609.922
2021-08-29 23:00:00,7771.5,7837.2275
2021-08-30 00:00:00,7799.5,7834.759
2021-08-30 01:00:00,7844.0,7833.858
2021-08-30 02:00:00,7501.0,7839.236
2021-08-30 03:00:00,7878.0,7945.716
2021-08-30 04:00:00,8279.0,8392.119
2021-08-30 05:00:00,8450.0,8618.713
2021-08-30 06:00:00,8553.0,8670.636
2021-08-30 07:00:00,8522.0,8694.363
2021-08-30 08:00:00,8654.0,8622.309
2021-08-30 09:00:00,8984.0,8682.221
2021-08-30 10:00:00,8911.0,8912.455
2021-08-30 11:00:00,8839.0,8830.402
2021-08-30 12:00:00,8749.0,8752.387
2021-08-30 13:00:00,8763.0,8700.948
2021-08-30 14:00:00,8714.0,8725.092
2021-08-30 15:00:00,8672.0,8686.748
2021-08-30 16:00:00,8789.0,8688.806
2021-08-30 17:00:00,8817.0,8788.887
2021-08-30 18:00:00,8697.0,8551.073
2021-08-30 19:00:00,8568.0,8603.44
2021-08-30 20:00:00,8172.0,8402.264
2021-08-30 21:00:00,8705.5,8137.786
2021-08-30 22:00:00,8705.5,8690.766
2021-08-30 23:00:00,8705.5,8695.89
2021-08-31 00:00:00,8694.5,8646.421
2021-08-31 01:00:00,8682.0,8628.934
2021-08-31 02:00:00,8667.5,8599.425
2021-08-31 03:00:00,8149.0,8390.696
2021-08-31 04:00:00,8663.0,8505.213
2021-08-31 05:00:00,8811.0,8701.221
2021-08-31 06:00:00,8947.0,8801.097
2021-08-31 07:00:00,8957.0,8864.624
2021-08-31 08:00:00,8960.0,8915.322
2021-08-31 09:00:00,8959.0,8962.859
2021-08-31 10:00:00,8851.0,8877.209
2021-08-31 11:00:00,8692.0,8767.655
2021-08-31 12:00:00,8622.0,8667.443
2021-08-31 13:00:00,8619.0,8618.725
2021-08-31 14:00:00,8656.0,8631.243
2021-08-31 15:00:00,8624.0,8622.761
2021-08-31 16:00:00,8747.0,8699.085
2021-08-31 17:00:00,8754.0,8758.115
2021-08-31 18:00:00,8523.0,8597.033
2021-08-31 19:00:00,8329.0,8551.287
2021-08-31 20:00:00,8007.0,8242.625
2021-08-31 21:00:00,8620.5,8561.777
2021-08-31 22:00:00,8620.5,8643.5625
2021-08-31 23:00:00,8620.5,8638.626
2021-09-01 00:00:00,8620.5,8623.645
2021-09-01 01:00:00,8607.5,8611.221
2021-09-01 02:00:00,8573.5,8563.335
2021-09-01 03:00:00,7896.0,8174.046
2021-09-01 04:00:00,8486.0,8525.541
2021-09-01 05:00:00,8799.0,8734.454
2021-09-01 06:00:00,8949.0,8909.009
2021-09-01 07:00:00,8951.0,8953.596
2021-09-01 08:00:00,8959.0,8955.64
2021-09-01 09:00:00,8916.0,8966.1875
2021-09-01 10:00:00,8818.0,8857.188
2021-09-01 11:00:00,8708.0,8747.065
2021-09-01 12:00:00,8596.0,8659.887
2021-09-01 13:00:00,8551.0,8592.916
2021-09-01 14:00:00,8546.0,8603.15
2021-09-01 15:00:00,8563.0,8599.776
2021-09-01 16:00:00,8789.0,8738.705
2021-09-01 17:00:00,8756.0,8849.655
2021-09-01 18:00:00,8735.0,8545.559
2021-09-01 19:00:00,8688.0,8497.284
2021-09-01 20:00:00,8492.0,8320.791
2021-09-01 21:00:00,8605.0,8552.078
2021-09-01 22:00:00,8605.0,8620.478
2021-09-01 23:00:00,8605.0,8617.81
2021-09-02 00:00:00,8605.0,8659.589
2021-09-02 01:00:00,8651.0,8657.122
2021-09-02 02:00:00,8711.5,8632.653
2021-09-02 03:00:00,8520.0,8245.797
2021-09-02 04:00:00,8614.0,8677.007
2021-09-02 05:00:00,8935.0,8909.307
2021-09-02 06:00:00,9030.0,9038.363
2021-09-02 07:00:00,8981.0,9048.363
2021-09-02 08:00:00,8997.0,9042.606
2021-09-02 09:00:00,9006.0,9024.667
2021-09-02 10:00:00,8930.0,8949.997
2021-09-02 11:00:00,8877.0,8867.758
2021-09-02 12:00:00,8854.0,8833.621
2021-09-02 13:00:00,8856.0,8791.183
2021-09-02 14:00:00,9033.0,8826.356
2021-09-02 15:00:00,9063.0,8983.9375
2021-09-02 16:00:00,9168.0,9133.3955
2021-09-02 17:00:00,9234.0,9193.571
2021-09-02 18:00:00,8946.0,8918.832
2021-09-02 19:00:00,8718.0,8703.005
2021-09-02 20:00:00,8463.0,8447.529
2021-09-02 21:00:00,7938.0,8614.177
2021-09-02 22:00:00,8903.5,8755.763
2021-09-02 23:00:00,8911.5,8852.267
2021-09-03 00:00:00,8980.0,8885.204
2021-09-03 01:00:00,8980.0,8940.26
2021-09-03 02:00:00,7964.0,8894.966
2021-09-03 03:00:00,8526.0,8388.566
2021-09-03 04:00:00,9075.0,8799.16
2021-09-03 05:00:00,9312.0,9250.014
2021-09-03 06:00:00,9459.0,9376.448
2021-09-03 07:00:00,9352.0,9395.823
2021-09-03 08:00:00,9339.0,9310.78
2021-09-03 09:00:00,9320.0,9291.793
2021-09-03 10:00:00,9140.0,9201.304
2021-09-03 11:00:00,9014.0,9039.116
2021-09-03 12:00:00,8906.0,8935.031
2021-09-03 13:00:00,8847.0,8880.277
2021-09-03 14:00:00,8846.0,8913.505
2021-09-03 15:00:00,8905.0,8929.608
2021-09-03 16:00:00,8974.0,9066.641
2021-09-03 17:00:00,8979.0,9042.407
2021-09-03 18:00:00,8810.0,8774.25
2021-09-03 19:00:00,8664.0,8622.291
2021-09-03 20:00:00,8361.0,8354.847
2021-09-03 21:00:00,7905.0,7888.3696
2021-09-03 22:00:00,8377.5,8247.151
2021-09-03 23:00:00,8377.5,8421.262
2021-09-04 00:00:00,8369.0,8370.574
2021-09-04 01:00:00,8369.0,8356.937
2021-09-04 02:00:00,8369.0,8251.418
2021-09-04 03:00:00,8369.0,8232.005
2021-09-04 04:00:00,8369.0,8312.858
2021-09-04 05:00:00,8022.0,8252.362
2021-09-04 06:00:00,8177.0,8236.415
2021-09-04 07:00:00,8290.0,8305.607
2021-09-04 08:00:00,8394.0,8385.667
2021-09-04 09:00:00,8460.0,8416.757
2021-09-04 10:00:00,8446.0,8427.884
2021-09-04 11:00:00,8377.0,8429.55
2021-09-04 12:00:00,8491.0,8397.422
2021-09-04 13:00:00,8456.0,8518.363
2021-09-04 14:00:00,8589.0,8532.486
2021-09-04 15:00:00,8734.0,8652.34
2021-09-04 16:00:00,8766.0,8802.117
2021-09-04 17:00:00,8649.0,8783.027
2021-09-04 18:00:00,8607.0,8490.518
2021-09-04 19:00:00,8637.0,8467.984
2021-09-04 20:00:00,8471.0,8301.219
2021-09-04 21:00:00,8287.0,7983.179
2021-09-04 22:00:00,8092.0,7916.7866
2021-09-04 23:00:00,8008.0,7888.973
2021-09-05 00:00:00,8004.0,7937.4917
2021-09-05 01:00:00,8085.0,7937.7056
2021-09-05 02:00:00,8213.0,8028.4077
2021-09-05 03:00:00,8187.0,8093.2246
2021-09-05 04:00:00,8200.0,8063.8184
2021-09-05 05:00:00,8307.0,7980.483
2021-09-05 06:00:00,8280.0,8185.577
2021-09-05 07:00:00,8216.0,8254.28
2021-09-05 08:00:00,8145.0,8238.468
2021-09-05 09:00:00,8136.0,8150.3813
2021-09-05 10:00:00,8207.0,8123.063
2021-09-05 11:00:00,8286.0,8179.748
2021-09-05 12:00:00,8338.0,8260.577
2021-09-05 13:00:00,8369.0,8315.495
2021-09-05 14:00:00,8418.0,8406.77
2021-09-05 15:00:00,8408.0,8480.75
2021-09-05 16:00:00,8484.0,8476.714
2021-09-05 17:00:00,8578.0,8485.645
2021-09-05 18:00:00,8464.0,8480.168
2021-09-05 19:00:00,8549.0,8456.813
2021-09-05 20:00:00,8580.0,8433.494
2021-09-05 21:00:00,8336.0,8270.196
2021-09-05 22:00:00,8100.0,8079.2764
2021-09-05 23:00:00,8474.0,8048.5713
2021-09-06 00:00:00,8516.5,8300.343
2021-09-06 01:00:00,8095.0,8357.917
2021-09-06 02:00:00,8336.0,8170.586
2021-09-06 03:00:00,8654.0,8358.362
2021-09-06 04:00:00,8858.0,8864.528
2021-09-06 05:00:00,9012.0,9076.912
2021-09-06 06:00:00,9053.0,9091.505
2021-09-06 07:00:00,8980.0,9095.164
2021-09-06 08:00:00,8956.0,9028.7705
2021-09-06 09:00:00,8932.0,9008.744
2021-09-06 10:00:00,8832.0,8908.678
2021-09-06 11:00:00,8868.0,8814.812
2021-09-06 12:00:00,8845.0,8830.461
2021-09-06 13:00:00,8826.0,8800.674
2021-09-06 14:00:00,8847.0,8833.003
2021-09-06 15:00:00,8748.0,8863.982
2021-09-06 16:00:00,8818.0,8887.95
2021-09-06 17:00:00,9009.0,8930.673
2021-09-06 18:00:00,8813.0,8744.242
2021-09-06 19:00:00,8653.0,8609.351
2021-09-06 20:00:00,8352.0,8501.244
2021-09-06 21:00:00,8822.0,8596.238
2021-09-06 22:00:00,8822.0,8807.55
2021-09-06 23:00:00,8822.0,8814.147
2021-09-07 00:00:00,8822.0,8802.168
2021-09-07 01:00:00,8822.0,8818.577
2021-09-07 02:00:00,8825.0,8713.717
2021-09-07 03:00:00,8427.0,8507.017
2021-09-07 04:00:00,8832.0,8765.995
2021-09-07 05:00:00,9085.0,8989.456
2021-09-07 06:00:00,9175.0,9136.173
2021-09-07 07:00:00,9143.0,9140.062
2021-09-07 08:00:00,9164.0,9126.366
2021-09-07 09:00:00,9218.0,9118.274
2021-09-07 10:00:00,9196.0,9090.345
2021-09-07 11:00:00,9232.0,9068.258
2021-09-07 12:00:00,8992.0,9124.364
2021-09-07 13:00:00,8935.0,8914.873
2021-09-07 14:00:00,8922.0,8912.614
2021-09-07 15:00:00,8860.0,8894.864
2021-09-07 16:00:00,8962.0,8932.547
2021-09-07 17:00:00,9064.0,9028.859
2021-09-07 18:00:00,8756.0,8815.077
2021-09-07 19:00:00,8613.0,8564.963
2021-09-07 20:00:00,8308.0,8413.796
2021-09-07 21:00:00,8891.0,8681.217
2021-09-07 22:00:00,8891.0,8842.58
2021-09-07 23:00:00,8891.0,8853.886
2021-09-08 00:00:00,8891.0,8889.585
2021-09-08 01:00:00,8856.5,8882.295
2021-09-08 02:00:00,7689.0,8784.357
2021-09-08 03:00:00,8258.0,8346.249
2021-09-08 04:00:00,8704.0,8688.998
2021-09-08 05:00:00,8983.0,8938.548
2021-09-08 06:00:00,9210.0,9095.967
2021-09-08 07:00:00,9262.0,9202.259
2021-09-08 08:00:00,9298.0,9237.84
2021-09-08 09:00:00,9267.0,9255.861
2021-09-08 10:00:00,9124.0,9166.725
2021-09-08 11:00:00,8954.0,9074.567
2021-09-08 12:00:00,8853.0,8908.559
2021-09-08 13:00:00,8780.0,8813.786
2021-09-08 14:00:00,8797.0,8810.384
2021-09-08 15:00:00,8760.0,8838.952
2021-09-08 16:00:00,8896.0,8910.994
2021-09-08 17:00:00,9002.0,8998.838
2021-09-08 18:00:00,8642.0,8737.587
2021-09-08 19:00:00,8486.0,8530.691
2021-09-08 20:00:00,8171.0,8340.228
2021-09-08 21:00:00,8770.0,8616.754
2021-09-08 22:00:00,8770.0,8769.407
2021-09-08 23:00:00,8770.0,8797.461
2021-09-09 00:00:00,8770.0,8796.908
2021-09-09 01:00:00,8770.0,8786.121
2021-09-09 02:00:00,8778.5,8635.203
2021-09-09 03:00:00,8227.0,8461.623
2021-09-09 04:00:00,8685.0,8730.597
2021-09-09 05:00:00,8974.0,8950.313
2021-09-09 06:00:00,9077.0,9108.659
2021-09-09 07:00:00,9105.0,9131.539
2021-09-09 08:00:00,9194.0,9154.276
2021-09-09 09:00:00,9202.0,9175.905
2021-09-09 10:00:00,9043.0,9111.418
2021-09-09 11:00:00,9071.0,8964.111
2021-09-09 12:00:00,8992.0,8997.275
2021-09-09 13:00:00,8940.0,8905.944
2021-09-09 14:00:00,8924.0,8912.604
2021-09-09 15:00:00,8824.0,8910.422
2021-09-09 16:00:00,8912.0,8972.668
2021-09-09 17:00:00,9050.0,9034.989
2021-09-09 18:00:00,8738.0,8766.463
2021-09-09 19:00:00,8586.0,8500.221
2021-09-09 20:00:00,8317.0,8346.697
2021-09-09 21:00:00,8876.5,8422.647
2021-09-09 22:00:00,8876.5,8821.349
2021-09-09 23:00:00,8832.5,8831.205
2021-09-10 00:00:00,8820.5,8839.443
2021-09-10 01:00:00,8777.5,8839.3955
2021-09-10 02:00:00,7964.0,8656.37
2021-09-10 03:00:00,8416.0,8409.447
2021-09-10 04:00:00,8841.0,8788.552
2021-09-10 05:00:00,8976.0,9078.67
2021-09-10 06:00:00,9066.0,9125.379
2021-09-10 07:00:00,9025.0,9134.695
2021-09-10 08:00:00,9019.0,9082.365
2021-09-10 09:00:00,8989.0,9063.464
2021-09-10 10:00:00,8817.0,8970.79
2021-09-10 11:00:00,8702.0,8857.269
2021-09-10 12:00:00,8635.0,8736.063
2021-09-10 13:00:00,8633.0,8679.841
2021-09-10 14:00:00,8656.0,8706.16
2021-09-10 15:00:00,8611.0,8714.764
2021-09-10 16:00:00,8698.0,8757.419
2021-09-10 17:00:00,8862.0,8809.297
2021-09-10 18:00:00,8536.0,8626.79
2021-09-10 19:00:00,8394.0,8457.509
2021-09-10 20:00:00,8139.0,8252.046
2021-09-10 21:00:00,8243.5,7924.9917
2021-09-10 22:00:00,8240.5,8226.335
2021-09-10 23:00:00,8205.5,8240.216
2021-09-11 00:00:00,8173.0,8197.18
2021-09-11 01:00:00,8144.0,8159.6714
2021-09-11 02:00:00,8144.0,8055.485
2021-09-11 03:00:00,8144.0,8127.062
2021-09-11 04:00:00,8144.0,8109.2217
2021-09-11 05:00:00,7804.0,8047.498
2021-09-11 06:00:00,8021.0,7991.9375
2021-09-11 07:00:00,8197.0,8165.3545
2021-09-11 08:00:00,8290.0,8247.629
2021-09-11 09:00:00,8284.0,8308.756
2021-09-11 10:00:00,8214.0,8274.9
2021-09-11 11:00:00,8149.0,8192.311
2021-09-11 12:00:00,8136.0,8202.665
2021-09-11 13:00:00,8272.0,8211.0205
2021-09-11 14:00:00,8356.0,8388.374
2021-09-11 15:00:00,8484.0,8438.457
2021-09-11 16:00:00,8565.0,8559.761
2021-09-11 17:00:00,8632.0,8589.069
2021-09-11 18:00:00,8264.0,8392.745
2021-09-11 19:00:00,8155.0,8282.549
2021-09-11 20:00:00,7866.0,8098.2915
2021-09-11 21:00:00,7488.0,7737.0205
2021-09-11 22:00:00,7140.0,7447.353
2021-09-11 23:00:00,7030.0,7197.236
2021-09-12 00:00:00,8085.0,7182.0366
2021-09-12 01:00:00,7052.0,8017.37
2021-09-12 02:00:00,7132.0,7341.3447
2021-09-12 03:00:00,7232.0,7383.0376
2021-09-12 04:00:00,7240.0,7394.9976
2021-09-12 05:00:00,7502.0,7437.174
2021-09-12 06:00:00,7827.0,7704.329
2021-09-12 07:00:00,8034.0,7945.4307
2021-09-12 08:00:00,8254.0,8146.2974
2021-09-12 09:00:00,8486.0,8229.679
2021-09-12 10:00:00,8384.0,8332.732
2021-09-12 11:00:00,8147.0,8274.983
2021-09-12 12:00:00,8237.0,8103.3394
2021-09-12 13:00:00,8216.0,8246.14
2021-09-12 14:00:00,8268.0,8285.432
2021-09-12 15:00:00,8324.0,8343.826
2021-09-12 16:00:00,8446.0,8410.57
2021-09-12 17:00:00,8517.0,8482.212
2021-09-12 18:00:00,8181.0,8303.964
2021-09-12 19:00:00,8205.0,8164.8193
2021-09-12 20:00:00,7996.0,8129.1987
2021-09-12 21:00:00,7580.0,7882.0083
2021-09-12 22:00:00,8226.5,7663.5454
2021-09-12 23:00:00,8226.5,8262.487
2021-09-13 00:00:00,8252.5,8368.033
2021-09-13 01:00:00,8296.0,8275.173
2021-09-13 02:00:00,8385.0,8266.06
2021-09-13 03:00:00,8184.0,8521.477
2021-09-13 04:00:00,8558.0,8812.711
2021-09-13 05:00:00,8751.0,8934.061
2021-09-13 06:00:00,8958.0,8988.654
2021-09-13 07:00:00,8978.0,9030.33
2021-09-13 08:00:00,9027.0,9030.778
2021-09-13 09:00:00,9008.0,9029.763
2021-09-13 10:00:00,8892.0,8928.905
2021-09-13 11:00:00,8821.0,8816.184
2021-09-13 12:00:00,8807.0,8761.153
2021-09-13 13:00:00,8752.0,8764.539
2021-09-13 14:00:00,8828.0,8755.633
2021-09-13 15:00:00,8830.0,8809.218
2021-09-13 16:00:00,9033.0,8897.833
2021-09-13 17:00:00,9264.0,9061.754
2021-09-13 18:00:00,8949.0,8863.612
2021-09-13 19:00:00,8867.0,8622.499
2021-09-13 20:00:00,8605.0,8514.321
2021-09-13 21:00:00,8829.0,8583.618
2021-09-13 22:00:00,8829.0,8831.143
2021-09-13 23:00:00,8829.0,8839.607
2021-09-14 00:00:00,8848.5,8826.146
2021-09-14 01:00:00,8908.0,8827.269
2021-09-14 02:00:00,8991.0,8840.139
2021-09-14 03:00:00,8782.0,8663.893
2021-09-14 04:00:00,9164.0,8789.66
2021-09-14 05:00:00,9328.0,9226.035
2021-09-14 06:00:00,9410.0,9312.181
2021-09-14 07:00:00,9359.0,9328.157
2021-09-14 08:00:00,9397.0,9283.757
2021-09-14 09:00:00,9416.0,9322.77
2021-09-14 10:00:00,9281.0,9275.896
2021-09-14 11:00:00,9198.0,9165.012
2021-09-14 12:00:00,9132.0,9083.303
2021-09-14 13:00:00,9127.0,9037.323
2021-09-14 14:00:00,9159.0,9104.736
2021-09-14 15:00:00,9170.0,9129.463
2021-09-14 16:00:00,9268.0,9243.069
2021-09-14 17:00:00,9485.0,9322.6045
2021-09-14 18:00:00,9064.0,9148.042
2021-09-14 19:00:00,8923.0,8845.409
2021-09-14 20:00:00,8615.0,8640.905
2021-09-14 21:00:00,9129.5,8874.87
2021-09-14 22:00:00,9129.5,9051.897
2021-09-14 23:00:00,9129.5,9072.549
2021-09-15 00:00:00,9127.0,9054.281
2021-09-15 01:00:00,9127.0,9079.8125
2021-09-15 02:00:00,9131.5,9039.357
2021-09-15 03:00:00,8767.0,8815.421
2021-09-15 04:00:00,9127.0,9037.37
2021-09-15 05:00:00,9375.0,9254.297
2021-09-15 06:00:00,9532.0,9441.787
2021-09-15 07:00:00,9443.0,9479.016
2021-09-15 08:00:00,9411.0,9429.056
2021-09-15 09:00:00,9221.0,9388.494
2021-09-15 10:00:00,9183.0,9171.028
2021-09-15 11:00:00,9060.0,9128.339
2021-09-15 12:00:00,9136.0,9053.6455
2021-09-15 13:00:00,9169.0,9081.476
2021-09-15 14:00:00,9211.0,9181.508
2021-09-15 15:00:00,9250.0,9223.765
2021-09-15 16:00:00,9492.0,9365.539
2021-09-15 17:00:00,9693.0,9537.356
2021-09-15 18:00:00,9277.0,9254.148
2021-09-15 19:00:00,9085.0,8966.974
2021-09-15 20:00:00,8793.0,8816.908
2021-09-15 21:00:00,9176.0,8863.603
2021-09-15 22:00:00,9176.0,9095.306
2021-09-15 23:00:00,9190.0,9114.937
2021-09-16 00:00:00,9227.0,9147.722
2021-09-16 01:00:00,9246.5,9167.756
2021-09-16 02:00:00,9254.5,9150.417
2021-09-16 03:00:00,8834.0,8877.306
2021-09-16 04:00:00,9243.0,9061.28
2021-09-16 05:00:00,9406.0,9397.177
2021-09-16 06:00:00,9475.0,9481.43
2021-09-16 07:00:00,9445.0,9460.29
2021-09-16 08:00:00,9418.0,9435.873
2021-09-16 09:00:00,9326.0,9408.757
2021-09-16 10:00:00,9259.0,9280.662
2021-09-16 11:00:00,9287.0,9164.053
2021-09-16 12:00:00,9277.0,9254.296
2021-09-16 13:00:00,9288.0,9227.327
2021-09-16 14:00:00,9359.0,9337.28
2021-09-16 15:00:00,9361.0,9370.882
2021-09-16 16:00:00,9548.0,9465.221
2021-09-16 17:00:00,9758.0,9623.551
2021-09-16 18:00:00,9273.0,9355.249
2021-09-16 19:00:00,9084.0,9005.08
2021-09-16 20:00:00,8798.0,8828.466
2021-09-16 21:00:00,9282.0,8954.268
2021-09-16 22:00:00,9282.0,9173.514
2021-09-16 23:00:00,9287.5,9209.337
2021-09-17 00:00:00,9315.0,9250.864
2021-09-17 01:00:00,9315.0,9271.576
2021-09-17 02:00:00,9309.5,9121.196
2021-09-17 03:00:00,8987.0,8950.597
2021-09-17 04:00:00,9342.0,9212.853
2021-09-17 05:00:00,9612.0,9508.046
2021-09-17 06:00:00,9658.0,9633.429
2021-09-17 07:00:00,9598.0,9595.513
2021-09-17 08:00:00,9557.0,9560.927
2021-09-17 09:00:00,9407.0,9506.011
2021-09-17 10:00:00,9384.0,9305.159
2021-09-17 11:00:00,9345.0,9292.102
2021-09-17 12:00:00,9257.0,9257.423
2021-09-17 13:00:00,9277.0,9204.206
2021-09-17 14:00:00,9342.0,9291.009
2021-09-17 15:00:00,9336.0,9344.28
2021-09-17 16:00:00,9453.0,9448.627
2021-09-17 17:00:00,9571.0,9546.139
2021-09-17 18:00:00,9136.0,9219.884
2021-09-17 19:00:00,9017.0,8905.77
2021-09-17 20:00:00,8678.0,8682.72
2021-09-17 21:00:00,8667.5,8580.206
2021-09-17 22:00:00,8667.5,8616.087
2021-09-17 23:00:00,8667.5,8632.484
2021-09-18 00:00:00,8650.5,8640.673
2021-09-18 01:00:00,8639.5,8629.425
2021-09-18 02:00:00,8639.5,8588.774
2021-09-18 03:00:00,8639.5,8476.564
2021-09-18 04:00:00,8165.0,8569.665
2021-09-18 05:00:00,8324.0,8072.583
2021-09-18 06:00:00,8520.0,8438.668
2021-09-18 07:00:00,8644.0,8555.553
2021-09-18 08:00:00,8657.0,8680.733
2021-09-18 09:00:00,8719.0,8636.811
2021-09-18 10:00:00,8695.0,8684.415
2021-09-18 11:00:00,8635.0,8669.304
2021-09-18 12:00:00,8615.0,8614.227
2021-09-18 13:00:00,8713.0,8666.445
2021-09-18 14:00:00,8827.0,8820.695
2021-09-18 15:00:00,8976.0,8923.485
2021-09-18 16:00:00,9135.0,9080.493
2021-09-18 17:00:00,9266.0,9231.224
2021-09-18 18:00:00,8803.0,8925.855
2021-09-18 19:00:00,8750.0,8668.466
2021-09-18 20:00:00,8547.0,8472.49
2021-09-18 21:00:00,8155.0,8185.1953
2021-09-18 22:00:00,7825.0,7914.3076
2021-09-18 23:00:00,7661.0,7831.59
2021-09-19 00:00:00,8374.5,7653.0815
2021-09-19 01:00:00,7653.0,8142.091
2021-09-19 02:00:00,7701.0,7707.7915
2021-09-19 03:00:00,7828.0,7720.4062
2021-09-19 04:00:00,7838.0,7810.1978
2021-09-19 05:00:00,8018.0,7848.5083
2021-09-19 06:00:00,8263.0,8094.1353
2021-09-19 07:00:00,8404.0,8332.225
2021-09-19 08:00:00,8416.0,8466.545
2021-09-19 09:00:00,8417.0,8444.447
2021-09-19 10:00:00,8345.0,8393.234
2021-09-19 11:00:00,8318.0,8301.162
2021-09-19 12:00:00,8315.0,8303.607
2021-09-19 13:00:00,8379.0,8343.479
2021-09-19 14:00:00,8479.0,8508.794
2021-09-19 15:00:00,8643.0,8596.213
2021-09-19 16:00:00,8914.0,8729.372
2021-09-19 17:00:00,8391.5,8832.048
2021-09-19 18:00:00,8623.0,8444.997
2021-09-19 19:00:00,8633.0,8561.405
2021-09-19 20:00:00,8468.0,8420.269
2021-09-19 21:00:00,8149.0,8082.9556
2021-09-19 22:00:00,7792.0,7963.6123
2021-09-19 23:00:00,8628.0,7820.8096
2021-09-20 00:00:00,8638.0,8589.162
2021-09-20 01:00:00,7768.0,8574.03
2021-09-20 02:00:00,8067.0,8175.3203
2021-09-20 03:00:00,8760.0,8472.064
2021-09-20 04:00:00,9138.0,9094.624
2021-09-20 05:00:00,9415.0,9350.277
2021-09-20 06:00:00,9554.0,9445.975
2021-09-20 07:00:00,9547.0,9483.714
2021-09-20 08:00:00,9538.0,9477.649
2021-09-20 09:00:00,9467.0,9462.704
2021-09-20 10:00:00,9323.0,9338.116
2021-09-20 11:00:00,9219.0,9203.4375
2021-09-20 12:00:00,9168.0,9116.417
2021-09-20 13:00:00,9088.0,9085.13
2021-09-20 14:00:00,9120.0,9124.954
2021-09-20 15:00:00,9140.0,9149.376
2021-09-20 16:00:00,9411.0,9271.358
2021-09-20 17:00:00,9602.0,9461.616
2021-09-20 18:00:00,9185.0,9200.007
2021-09-20 19:00:00,9005.0,8921.068
2021-09-20 20:00:00,8757.0,8710.176
2021-09-20 21:00:00,8319.0,8661.451
2021-09-20 22:00:00,9176.5,9122.949
2021-09-20 23:00:00,9176.5,9097.882
2021-09-21 00:00:00,9176.5,9074.242
2021-09-21 01:00:00,9194.0,9117.854
2021-09-21 02:00:00,8478.0,9034.136
2021-09-21 03:00:00,9235.0,8957.323
2021-09-21 04:00:00,9533.0,9365.699
2021-09-21 05:00:00,9740.0,9607.484
2021-09-21 06:00:00,9734.0,9783.319
2021-09-21 07:00:00,9630.0,9713.07
2021-09-21 08:00:00,9509.0,9604.857
2021-09-21 09:00:00,9499.0,9489.8545
2021-09-21 10:00:00,9395.0,9427.165
2021-09-21 11:00:00,9307.0,9323.736
2021-09-21 12:00:00,9203.0,9250.597
2021-09-21 13:00:00,9200.0,9151.471
2021-09-21 14:00:00,9274.0,9233.902
2021-09-21 15:00:00,9304.0,9310.826
2021-09-21 16:00:00,9650.0,9443.723
2021-09-21 17:00:00,9811.0,9707.795
2021-09-21 18:00:00,9396.0,9416.151
2021-09-21 19:00:00,9292.0,9122.388
2021-09-21 20:00:00,9016.0,8983.3125
2021-09-21 21:00:00,8605.0,8852.982
2021-09-21 22:00:00,9305.5,9286.761
2021-09-21 23:00:00,9305.5,9302.199
2021-09-22 00:00:00,9298.0,9245.167
2021-09-22 01:00:00,9298.0,9272.036
2021-09-22 02:00:00,8702.0,9105.327
2021-09-22 03:00:00,9384.0,8946.015
2021-09-22 04:00:00,9664.0,9541.473
2021-09-22 05:00:00,9769.0,9794.349
2021-09-22 06:00:00,9653.0,9828.986
2021-09-22 07:00:00,9491.0,9622.687
2021-09-22 08:00:00,9496.0,9463.783
2021-09-22 09:00:00,9468.0,9479.041
2021-09-22 10:00:00,9349.0,9377.0
2021-09-22 11:00:00,9162.0,9271.936
2021-09-22 12:00:00,9156.0,9139.762
2021-09-22 13:00:00,9175.0,9136.713
2021-09-22 14:00:00,9210.0,9236.709
2021-09-22 15:00:00,9160.0,9284.562
2021-09-22 16:00:00,9571.0,9442.442
2021-09-22 17:00:00,9708.0,9655.08
2021-09-22 18:00:00,9176.0,9293.573
2021-09-22 19:00:00,8993.0,9074.441
2021-09-22 20:00:00,8729.0,8833.746
2021-09-22 21:00:00,9168.5,8952.887
2021-09-22 22:00:00,9168.5,9181.284
2021-09-22 23:00:00,9168.5,9190.88
2021-09-23 00:00:00,9175.5,9224.305
2021-09-23 01:00:00,9193.0,9244.19
2021-09-23 02:00:00,9279.5,9045.876
2021-09-23 03:00:00,9066.0,9116.71
2021-09-23 04:00:00,9349.0,9465.28
2021-09-23 05:00:00,9515.0,9654.937
2021-09-23 06:00:00,9607.0,9628.296
2021-09-23 07:00:00,9676.0,9568.55
2021-09-23 08:00:00,9697.0,9627.776
2021-09-23 09:00:00,9730.0,9613.186
2021-09-23 10:00:00,9656.0,9635.667
2021-09-23 11:00:00,9635.0,9507.469
2021-09-23 12:00:00,9547.0,9529.448
2021-09-23 13:00:00,9513.0,9465.876
2021-09-23 14:00:00,9570.0,9551.166
2021-09-23 15:00:00,9691.0,9576.789
2021-09-23 16:00:00,9958.0,9801.184
2021-09-23 17:00:00,9874.0,9924.157
2021-09-23 18:00:00,9326.0,9494.694
2021-09-23 19:00:00,9176.0,9105.124
2021-09-23 20:00:00,8929.0,8846.655
2021-09-23 21:00:00,9530.0,9028.09
2021-09-23 22:00:00,9530.0,9401.742
2021-09-23 23:00:00,9530.0,9432.876
2021-09-24 00:00:00,9530.0,9485.091
2021-09-24 01:00:00,9541.5,9492.284
2021-09-24 02:00:00,9579.5,9393.491
2021-09-24 03:00:00,9145.0,9402.13
2021-09-24 04:00:00,9420.0,9458.099
2021-09-24 05:00:00,9589.0,9645.9
2021-09-24 06:00:00,9688.0,9684.634
2021-09-24 07:00:00,9718.0,9701.366
2021-09-24 08:00:00,9710.0,9703.175
2021-09-24 09:00:00,9775.0,9703.288
2021-09-24 10:00:00,9756.0,9707.007
2021-09-24 11:00:00,9671.0,9672.565
2021-09-24 12:00:00,9675.0,9607.167
2021-09-24 13:00:00,9597.0,9611.8125
2021-09-24 14:00:00,9589.0,9651.608
2021-09-24 15:00:00,9600.0,9669.869
2021-09-24 16:00:00,9793.0,9805.149
2021-09-24 17:00:00,9686.0,9847.744
2021-09-24 18:00:00,9255.0,9318.589
2021-09-24 19:00:00,9092.0,9085.915
2021-09-24 20:00:00,8833.0,8880.032
2021-09-24 21:00:00,8418.0,8757.4795
2021-09-24 22:00:00,8871.0,8893.04
2021-09-24 23:00:00,8850.5,8830.323
2021-09-25 00:00:00,8809.0,8794.963
2021-09-25 01:00:00,8772.5,8793.599
2021-09-25 02:00:00,8772.5,8712.86
2021-09-25 03:00:00,8255.0,8649.217
2021-09-25 04:00:00,8232.0,8262.193
2021-09-25 05:00:00,8481.0,8290.818
2021-09-25 06:00:00,8712.0,8641.522
2021-09-25 07:00:00,8874.0,8816.928
2021-09-25 08:00:00,8958.0,8948.558
2021-09-25 09:00:00,8868.0,8970.791
2021-09-25 10:00:00,8785.0,8826.754
2021-09-25 11:00:00,8719.0,8786.584
2021-09-25 12:00:00,8760.0,8744.681
2021-09-25 13:00:00,8820.0,8838.086
2021-09-25 14:00:00,8992.0,8949.286
2021-09-25 15:00:00,9011.0,9133.053
2021-09-25 16:00:00,9337.0,9186.721
2021-09-25 17:00:00,9306.0,9463.936
2021-09-25 18:00:00,8811.0,9041.007
2021-09-25 19:00:00,8759.0,8747.404
2021-09-25 20:00:00,8592.0,8609.208
2021-09-25 21:00:00,8142.0,8174.1235
2021-09-25 22:00:00,7814.0,7909.206
2021-09-25 23:00:00,8418.0,7821.2944
2021-09-26 00:00:00,8383.0,8280.498
2021-09-26 01:00:00,7678.0,8207.767
2021-09-26 02:00:00,7806.0,7723.349
2021-09-26 03:00:00,8042.0,7851.262
2021-09-26 04:00:00,8005.0,8032.0312
2021-09-26 05:00:00,8238.0,8042.2285
2021-09-26 06:00:00,8385.0,8366.468
2021-09-26 07:00:00,8470.0,8502.719
2021-09-26 08:00:00,8451.0,8555.093
2021-09-26 09:00:00,8381.0,8483.607
2021-09-26 10:00:00,8243.0,8400.844
2021-09-26 11:00:00,8168.0,8254.287
2021-09-26 12:00:00,8184.0,8216.967
2021-09-26 13:00:00,8222.0,8245.965
2021-09-26 14:00:00,8380.0,8371.421
2021-09-26 15:00:00,8516.0,8558.634
2021-09-26 16:00:00,8979.0,8692.966
2021-09-26 17:00:00,9007.0,8914.047
2021-09-26 18:00:00,8681.0,8756.888
2021-09-26 19:00:00,8762.0,8650.267
2021-09-26 20:00:00,8650.0,8590.374
2021-09-26 21:00:00,8294.0,8210.414
2021-09-26 22:00:00,8000.0,7955.4565
2021-09-26 23:00:00,7846.0,8068.3457
2021-09-27 00:00:00,7906.0,8146.7046
2021-09-27 01:00:00,8081.0,7950.661
2021-09-27 02:00:00,8394.0,8240.925
2021-09-27 03:00:00,9226.0,8817.435
2021-09-27 04:00:00,9568.0,9507.339
2021-09-27 05:00:00,9805.0,9733.867
2021-09-27 06:00:00,9772.0,9839.624
2021-09-27 07:00:00,9609.0,9735.42
2021-09-27 08:00:00,9547.0,9545.476
2021-09-27 09:00:00,9446.0,9504.22
2021-09-27 10:00:00,9306.0,9360.194
2021-09-27 11:00:00,9194.0,9227.79
2021-09-27 12:00:00,9117.0,9142.939
2021-09-27 13:00:00,9148.0,9104.406
2021-09-27 14:00:00,9187.0,9182.871
2021-09-27 15:00:00,9151.0,9224.934
2021-09-27 16:00:00,9517.0,9362.224
2021-09-27 17:00:00,9635.0,9610.83
2021-09-27 18:00:00,9157.0,9242.416
2021-09-27 19:00:00,9070.0,8956.65
2021-09-27 20:00:00,8872.0,8841.901
2021-09-27 21:00:00,8592.0,8647.0
2021-09-27 22:00:00,8326.0,9068.734
2021-09-27 23:00:00,8251.0,9092.32
2021-09-28 00:00:00,8322.0,8740.116
2021-09-28 01:00:00,8436.0,8808.866
2021-09-28 02:00:00,8738.0,8672.033
2021-09-28 03:00:00,9289.0,8897.536
2021-09-28 04:00:00,9360.0,9589.096
2021-09-28 05:00:00,9486.0,9615.926
2021-09-28 06:00:00,9596.0,9555.877
2021-09-28 07:00:00,9587.0,9524.823
2021-09-28 08:00:00,9449.0,9533.273
2021-09-28 09:00:00,9268.0,9396.235
2021-09-28 10:00:00,9130.0,9198.587
2021-09-28 11:00:00,9021.0,9093.152
2021-09-28 12:00:00,8969.0,8993.73
2021-09-28 13:00:00,8998.0,8978.32
2021-09-28 14:00:00,9116.0,9066.871
2021-09-28 15:00:00,9213.0,9197.306
2021-09-28 16:00:00,9599.0,9420.026
2021-09-28 17:00:00,9595.0,9649.949
2021-09-28 18:00:00,9050.0,9262.64
2021-09-28 19:00:00,8903.0,8960.207
2021-09-28 20:00:00,8703.0,8805.1
2021-09-28 21:00:00,9035.5,8591.688
2021-09-28 22:00:00,9035.5,8852.05
2021-09-28 23:00:00,9035.5,8906.309
2021-09-29 00:00:00,9083.0,8956.395
2021-09-29 01:00:00,9164.5,9089.464
2021-09-29 02:00:00,9223.5,8974.03
2021-09-29 03:00:00,8898.0,9161.653
2021-09-29 04:00:00,9234.0,9249.564
2021-09-29 05:00:00,9466.0,9503.977
2021-09-29 06:00:00,9596.0,9552.918
2021-09-29 07:00:00,9655.0,9568.075
2021-09-29 08:00:00,9586.0,9583.605
2021-09-29 09:00:00,9502.0,9515.188
2021-09-29 10:00:00,9435.0,9407.946
2021-09-29 11:00:00,9350.0,9305.706
2021-09-29 12:00:00,9342.0,9226.205
2021-09-29 13:00:00,9385.0,9231.155
2021-09-29 14:00:00,9429.0,9396.43
2021-09-29 15:00:00,9442.0,9453.735
2021-09-29 16:00:00,9839.0,9604.322
2021-09-29 17:00:00,9671.0,9846.91
2021-09-29 18:00:00,9113.0,9250.406
2021-09-29 19:00:00,8968.0,8971.959
2021-09-29 20:00:00,8716.0,8723.708
2021-09-29 21:00:00,9346.0,9100.556
2021-09-29 22:00:00,9346.0,9219.617
2021-09-29 23:00:00,9346.0,9243.203
2021-09-30 00:00:00,9363.5,9251.273
2021-09-30 01:00:00,9407.0,9292.612
2021-09-30 02:00:00,9431.5,9245.291
2021-09-30 03:00:00,8874.0,9217.806
2021-09-30 04:00:00,9201.0,9246.377
2021-09-30 05:00:00,9434.0,9495.141
2021-09-30 06:00:00,9527.0,9579.733
2021-09-30 07:00:00,9572.0,9559.627
2021-09-30 08:00:00,9742.0,9542.1875
2021-09-30 09:00:00,9671.0,9696.772
2021-09-30 10:00:00,9644.0,9566.395
2021-09-30 11:00:00,9602.0,9517.563
2021-09-30 12:00:00,9536.0,9486.3545
2021-09-30 13:00:00,9474.0,9466.728
2021-09-30 14:00:00,9564.0,9510.284
2021-09-30 15:00:00,9568.0,9592.175
2021-09-30 16:00:00,9917.0,9726.359
2021-09-30 17:00:00,9752.0,9896.244
2021-09-30 18:00:00,9227.0,9369.064
2021-09-30 19:00:00,9114.0,9002.3545
2021-09-30 20:00:00,8882.0,8834.747
2021-09-30 21:00:00,9507.5,9095.246
2021-09-30 22:00:00,9507.5,9422.919
2021-09-30 23:00:00,9507.5,9450.036
2021-10-01 00:00:00,9507.5,9496.22
2021-10-01 01:00:00,9497.0,9499.965
2021-10-01 02:00:00,9522.5,9457.668
2021-10-01 03:00:00,9052.0,9283.393
2021-10-01 04:00:00,9479.0,9386.427
2021-10-01 05:00:00,9605.0,9616.33
2021-10-01 06:00:00,9808.0,9672.605
2021-10-01 07:00:00,9775.0,9797.255
2021-10-01 08:00:00,9745.0,9756.304
2021-10-01 09:00:00,9763.0,9735.193
2021-10-01 10:00:00,9640.0,9692.243
2021-10-01 11:00:00,9548.0,9566.824
2021-10-01 12:00:00,9515.0,9485.704
2021-10-01 13:00:00,9530.0,9490.98
2021-10-01 14:00:00,9502.0,9623.067
2021-10-01 15:00:00,9487.0,9635.368
2021-10-01 16:00:00,9790.0,9712.065
2021-10-01 17:00:00,9602.0,9813.17
2021-10-01 18:00:00,9122.0,9258.855
2021-10-01 19:00:00,8993.0,9040.66
2021-10-01 20:00:00,8725.0,8782.645
2021-10-01 21:00:00,8225.0,8686.763
2021-10-01 22:00:00,8645.0,8689.895
2021-10-01 23:00:00,8628.5,8812.954
2021-10-02 00:00:00,8589.0,8729.758
2021-10-02 01:00:00,8573.5,8681.543
2021-10-02 02:00:00,8573.5,8628.143
2021-10-02 03:00:00,8104.0,8490.301
2021-10-02 04:00:00,8148.0,8170.6255
2021-10-02 05:00:00,8286.0,8257.792
2021-10-02 06:00:00,8493.0,8522.105
2021-10-02 07:00:00,8630.0,8637.214
2021-10-02 08:00:00,8660.0,8756.205
2021-10-02 09:00:00,8627.0,8696.824
2021-10-02 10:00:00,8551.0,8631.366
2021-10-02 11:00:00,8509.0,8582.838
2021-10-02 12:00:00,8596.0,8563.088
2021-10-02 13:00:00,8664.0,8703.75
2021-10-02 14:00:00,8822.0,8819.851
2021-10-02 15:00:00,9003.0,9031.986
2021-10-02 16:00:00,8530.0,9207.658
2021-10-02 17:00:00,9222.0,8776.35
2021-10-02 18:00:00,8786.0,8896.525
2021-10-02 19:00:00,8702.0,8754.07
2021-10-02 20:00:00,8500.0,8570.859
2021-10-02 21:00:00,8097.0,8063.6147
2021-10-02 22:00:00,7796.0,7846.5
2021-10-02 23:00:00,7640.0,7810.483
2021-10-03 00:00:00,7619.0,7710.3022
2021-10-03 01:00:00,7655.0,7676.9233
2021-10-03 02:00:00,7676.0,7730.932
2021-10-03 03:00:00,7879.0,7796.0933
2021-10-03 04:00:00,7850.0,7969.4287
2021-10-03 05:00:00,7988.0,8021.991
2021-10-03 06:00:00,8226.0,8229.138
2021-10-03 07:00:00,8299.0,8368.058
2021-10-03 08:00:00,8371.0,8403.602
2021-10-03 09:00:00,8347.0,8413.92
2021-10-03 10:00:00,8242.0,8308.464
2021-10-03 11:00:00,8147.0,8232.681
2021-10-03 12:00:00,8171.0,8200.388
2021-10-03 13:00:00,8257.0,8247.514
2021-10-03 14:00:00,8319.0,8407.619
2021-10-03 15:00:00,8628.0,8519.225
2021-10-03 16:00:00,8249.5,8710.969
2021-10-03 17:00:00,8278.0,8415.225
2021-10-03 18:00:00,8411.0,8477.384
2021-10-03 19:00:00,8476.0,8562.043
2021-10-03 20:00:00,8342.0,8477.617
2021-10-03 21:00:00,7983.0,8070.7256
2021-10-03 22:00:00,7684.0,7872.9067
2021-10-03 23:00:00,8443.5,7780.0654
2021-10-04 00:00:00,8552.0,8355.425
2021-10-04 01:00:00,8672.0,8464.085
2021-10-04 02:00:00,7957.0,8594.087
2021-10-04 03:00:00,8716.0,8684.034
2021-10-04 04:00:00,9204.0,9205.091
2021-10-04 05:00:00,9285.0,9550.734
2021-10-04 06:00:00,9406.0,9451.109
2021-10-04 07:00:00,9387.0,9429.934
2021-10-04 08:00:00,9394.0,9417.096
2021-10-04 09:00:00,9319.0,9393.874
2021-10-04 10:00:00,9295.0,9253.165
2021-10-04 11:00:00,9172.0,9219.32
2021-10-04 12:00:00,9099.0,9131.953
2021-10-04 13:00:00,9019.0,9132.931
2021-10-04 14:00:00,9019.0,9136.425
2021-10-04 15:00:00,9219.0,9148.004
2021-10-04 16:00:00,9646.0,9378.127
2021-10-04 17:00:00,9454.0,9653.123
2021-10-04 18:00:00,8980.0,9118.0205
2021-10-04 19:00:00,8877.0,8881.526
2021-10-04 20:00:00,8630.0,8712.214
2021-10-04 21:00:00,9059.0,8649.013
2021-10-04 22:00:00,9059.0,9015.782
2021-10-04 23:00:00,9059.0,9033.003
2021-10-05 00:00:00,9059.0,8988.552
2021-10-05 01:00:00,9119.0,8997.406
2021-10-05 02:00:00,9233.0,9048.42
2021-10-05 03:00:00,8776.0,9070.385
2021-10-05 04:00:00,9247.0,9205.263
2021-10-05 05:00:00,9269.0,9454.857
2021-10-05 06:00:00,9404.0,9425.824
2021-10-05 07:00:00,9390.0,9407.652
2021-10-05 08:00:00,9525.0,9400.3545
2021-10-05 09:00:00,9520.0,9483.483
2021-10-05 10:00:00,9411.0,9450.328
2021-10-05 11:00:00,9365.0,9322.091
2021-10-05 12:00:00,9333.0,9317.912
2021-10-05 13:00:00,9327.0,9249.176
2021-10-05 14:00:00,9428.0,9331.124
2021-10-05 15:00:00,9578.0,9491.147
2021-10-05 16:00:00,9863.0,9703.694
2021-10-05 17:00:00,9650.0,9835.431
2021-10-05 18:00:00,9092.0,9257.462
2021-10-05 19:00:00,9015.0,8971.024
2021-10-05 20:00:00,8688.0,8788.52
2021-10-05 21:00:00,9240.0,9116.106
2021-10-05 22:00:00,9240.0,9157.975
2021-10-05 23:00:00,9206.0,9164.092
2021-10-06 00:00:00,9185.5,9149.136
2021-10-06 01:00:00,9159.5,9200.04
2021-10-06 02:00:00,9159.5,9210.732
2021-10-06 03:00:00,8797.0,8838.412
2021-10-06 04:00:00,9226.0,9236.495
2021-10-06 05:00:00,9186.0,9433.782
2021-10-06 06:00:00,9254.0,9387.576
2021-10-06 07:00:00,9300.0,9349.752
2021-10-06 08:00:00,9283.0,9406.987
2021-10-06 09:00:00,9273.0,9373.688
2021-10-06 10:00:00,9185.0,9277.597
2021-10-06 11:00:00,9134.0,9192.4
2021-10-06 12:00:00,9122.0,9167.489
2021-10-06 13:00:00,9192.0,9191.708
2021-10-06 14:00:00,9253.0,9333.54
2021-10-06 15:00:00,9394.0,9469.277
2021-10-06 16:00:00,9159.5,9652.477
2021-10-06 17:00:00,9526.0,9448.848
2021-10-06 18:00:00,8962.0,9219.612
2021-10-06 19:00:00,8845.0,8908.951
2021-10-06 20:00:00,8515.0,8699.284
2021-10-06 21:00:00,9062.5,9099.126
2021-10-06 22:00:00,9062.5,9098.233
2021-10-06 23:00:00,9062.5,9115.405
2021-10-07 00:00:00,9062.5,9163.945
2021-10-07 01:00:00,9077.0,9174.584
2021-10-07 02:00:00,9077.0,9153.588
2021-10-07 03:00:00,8532.0,8849.906
2021-10-07 04:00:00,8872.0,9013.468
2021-10-07 05:00:00,9003.0,9208.386
2021-10-07 06:00:00,9295.0,9209.23
2021-10-07 07:00:00,9338.0,9354.305
2021-10-07 08:00:00,9378.0,9373.191
2021-10-07 09:00:00,9367.0,9383.259
2021-10-07 10:00:00,9346.0,9323.505
2021-10-07 11:00:00,9259.0,9282.333
2021-10-07 12:00:00,9151.0,9240.657
2021-10-07 13:00:00,9273.0,9174.377
2021-10-07 14:00:00,9329.0,9365.762
2021-10-07 15:00:00,9444.0,9441.629
2021-10-07 16:00:00,9653.0,9556.683
2021-10-07 17:00:00,9446.0,9684.241
2021-10-07 18:00:00,8936.0,9148.168
2021-10-07 19:00:00,8768.0,8838.242
2021-10-07 20:00:00,8596.0,8645.728
2021-10-07 21:00:00,9266.0,8976.122
2021-10-07 22:00:00,9266.0,9197.577
2021-10-07 23:00:00,9266.0,9229.505
2021-10-08 00:00:00,9297.5,9302.252
2021-10-08 01:00:00,9325.5,9339.603
2021-10-08 02:00:00,9325.5,9314.921
2021-10-08 03:00:00,8875.0,9002.706
2021-10-08 04:00:00,9322.0,9222.467
2021-10-08 05:00:00,9344.0,9512.949
2021-10-08 06:00:00,9387.0,9509.338
2021-10-08 07:00:00,9454.0,9437.277
2021-10-08 08:00:00,9494.0,9463.676
2021-10-08 09:00:00,9516.0,9464.069
2021-10-08 10:00:00,9426.0,9464.299
2021-10-08 11:00:00,9369.0,9390.508
2021-10-08 12:00:00,9330.0,9355.769
2021-10-08 13:00:00,9269.0,9349.086
2021-10-08 14:00:00,9303.0,9395.483
2021-10-08 15:00:00,9469.0,9460.661
2021-10-08 16:00:00,9691.0,9652.239
2021-10-08 17:00:00,9452.0,9694.123
2021-10-08 18:00:00,8975.0,9137.599
2021-10-08 19:00:00,8869.0,8812.003
2021-10-08 20:00:00,8604.0,8644.382
2021-10-08 21:00:00,8134.0,8585.63
2021-10-08 22:00:00,8567.0,8512.592
2021-10-08 23:00:00,8556.0,8701.692
2021-10-09 00:00:00,8537.0,8590.099
2021-10-09 01:00:00,8537.0,8532.732
2021-10-09 02:00:00,8537.0,8501.325
2021-10-09 03:00:00,8537.0,8370.305
2021-10-09 04:00:00,8077.0,8444.149
2021-10-09 05:00:00,8122.0,8142.2417
2021-10-09 06:00:00,8300.0,8376.343
2021-10-09 07:00:00,8464.0,8468.328
2021-10-09 08:00:00,8540.0,8588.521
2021-10-09 09:00:00,8594.0,8570.23
2021-10-09 10:00:00,8572.0,8600.589
2021-10-09 11:00:00,8534.0,8565.099
2021-10-09 12:00:00,8591.0,8558.485
2021-10-09 13:00:00,8609.0,8691.799
2021-10-09 14:00:00,8784.0,8752.539
2021-10-09 15:00:00,9165.0,8992.485
2021-10-09 16:00:00,9354.0,9239.278
2021-10-09 17:00:00,9067.0,9370.174
2021-10-09 18:00:00,8604.0,8802.573
2021-10-09 19:00:00,8599.0,8580.103
2021-10-09 20:00:00,8401.0,8434.348
2021-10-09 21:00:00,7957.0,7981.5957
2021-10-09 22:00:00,7640.0,7756.713
2021-10-09 23:00:00,7489.0,7630.284
2021-10-10 00:00:00,7415.0,7531.1807
2021-10-10 01:00:00,7381.0,7467.0273
2021-10-10 02:00:00,7440.0,7487.191
2021-10-10 03:00:00,7629.0,7539.04
2021-10-10 04:00:00,7769.0,7765.6885
2021-10-10 05:00:00,7862.0,7875.3203
2021-10-10 06:00:00,8058.0,8089.5317
2021-10-10 07:00:00,8304.0,8235.102
2021-10-10 08:00:00,8427.0,8378.598
2021-10-10 09:00:00,8538.0,8451.398
2021-10-10 10:00:00,8506.0,8468.765
2021-10-10 11:00:00,8469.0,8418.33
2021-10-10 12:00:00,8534.0,8444.769
2021-10-10 13:00:00,8545.0,8525.829
2021-10-10 14:00:00,8668.0,8638.076
2021-10-10 15:00:00,8992.0,8759.766
2021-10-10 16:00:00,9259.0,9036.48
2021-10-10 17:00:00,9012.0,9099.548
2021-10-10 18:00:00,8572.0,8699.724
2021-10-10 19:00:00,8560.0,8471.191
2021-10-10 20:00:00,8369.0,8390.356
2021-10-10 21:00:00,8016.0,8044.741
2021-10-10 22:00:00,8566.0,7754.6416
2021-10-10 23:00:00,8620.0,8462.198
2021-10-11 00:00:00,8686.0,8670.542
2021-10-11 01:00:00,8848.0,8777.976
2021-10-11 02:00:00,9002.0,8761.308
2021-10-11 03:00:00,8704.0,8988.465
2021-10-11 04:00:00,9276.0,9195.954
2021-10-11 05:00:00,9425.0,9514.651
2021-10-11 06:00:00,9467.0,9475.75
2021-10-11 07:00:00,9448.0,9431.231
2021-10-11 08:00:00,9456.0,9414.161
2021-10-11 09:00:00,9451.0,9415.633
2021-10-11 10:00:00,9429.0,9356.284
2021-10-11 11:00:00,9303.0,9340.951
2021-10-11 12:00:00,9298.0,9218.889
2021-10-11 13:00:00,9238.0,9213.699
2021-10-11 14:00:00,9179.0,9266.478
2021-10-11 15:00:00,9309.0,9300.087
2021-10-11 16:00:00,9579.0,9490.002
2021-10-11 17:00:00,9473.0,9628.544
2021-10-11 18:00:00,8975.0,9106.635
2021-10-11 19:00:00,8878.0,8830.802
2021-10-11 20:00:00,8896.0,8715.253
2021-10-11 21:00:00,9235.5,8905.428
2021-10-11 22:00:00,9235.5,9153.211
2021-10-11 23:00:00,9235.5,9170.852
2021-10-12 00:00:00,9235.5,9146.055
2021-10-12 01:00:00,9233.5,9203.512
2021-10-12 02:00:00,9233.5,9195.72
2021-10-12 03:00:00,9115.0,8937.081
2021-10-12 04:00:00,9330.0,9326.564
2021-10-12 05:00:00,9233.0,9482.7295
2021-10-12 06:00:00,9459.0,9417.706
2021-10-12 07:00:00,9433.0,9453.8955
2021-10-12 08:00:00,9508.0,9438.276
2021-10-12 09:00:00,9480.0,9494.394
2021-10-12 10:00:00,9377.0,9406.359
2021-10-12 11:00:00,9264.0,9334.16
2021-10-12 12:00:00,9234.0,9239.312
2021-10-12 13:00:00,9342.0,9234.515
2021-10-12 14:00:00,9396.0,9398.043
2021-10-12 15:00:00,9675.0,9479.462
2021-10-12 16:00:00,9914.0,9791.832
2021-10-12 17:00:00,9769.0,9897.693
2021-10-12 18:00:00,9239.0,9344.531
2021-10-12 19:00:00,9165.0,8994.789
2021-10-12 20:00:00,8921.0,8924.54
2021-10-12 21:00:00,8480.0,9082.112
2021-10-12 22:00:00,9303.0,9200.719
2021-10-12 23:00:00,9303.0,9303.542
2021-10-13 00:00:00,9369.0,9276.474
2021-10-13 01:00:00,9394.5,9357.621
2021-10-13 02:00:00,8456.0,9306.254
2021-10-13 03:00:00,9176.0,8896.084
2021-10-13 04:00:00,9650.0,9403.071
2021-10-13 05:00:00,9724.0,9671.36
2021-10-13 06:00:00,9752.0,9757.476
2021-10-13 07:00:00,9784.0,9711.563
2021-10-13 08:00:00,9742.0,9708.316
2021-10-13 09:00:00,9642.0,9683.689
2021-10-13 10:00:00,9510.0,9527.949
2021-10-13 11:00:00,9432.0,9444.919
2021-10-13 12:00:00,9393.0,9388.018
2021-10-13 13:00:00,9370.0,9379.409
2021-10-13 14:00:00,9443.0,9453.067
2021-10-13 15:00:00,9790.0,9609.829
2021-10-13 16:00:00,10139.0,9922.25
2021-10-13 17:00:00,10010.0,10017.428
2021-10-13 18:00:00,9478.0,9567.929
2021-10-13 19:00:00,9360.0,9180.464
2021-10-13 20:00:00,9187.0,9008.559
2021-10-13 21:00:00,8803.0,8929.11
2021-10-13 22:00:00,9460.5,9282.647
2021-10-13 23:00:00,9460.5,9393.813
2021-10-14 00:00:00,9509.5,9410.785
2021-10-14 01:00:00,9646.5,9467.187
2021-10-14 02:00:00,9764.0,9393.929
2021-10-14 03:00:00,9541.0,9535.936
2021-10-14 04:00:00,10022.0,9653.027
2021-10-14 05:00:00,10104.0,10035.193
2021-10-14 06:00:00,10156.0,10079.835
2021-10-14 07:00:00,10053.0,10053.157
2021-10-14 08:00:00,9962.0,9985.326
2021-10-14 09:00:00,9877.0,9925.868
2021-10-14 10:00:00,9825.0,9792.368
2021-10-14 11:00:00,9752.0,9741.845
2021-10-14 12:00:00,9776.0,9696.777
2021-10-14 13:00:00,9816.0,9746.052
2021-10-14 14:00:00,9874.0,9896.983
2021-10-14 15:00:00,10140.0,10006.155
2021-10-14 16:00:00,10322.0,10248.081
2021-10-14 17:00:00,10125.0,10236.859
2021-10-14 18:00:00,9667.0,9773.718
2021-10-14 19:00:00,9555.0,9381.348
2021-10-14 20:00:00,9264.0,9340.192
2021-10-14 21:00:00,9796.0,9181.344
2021-10-14 22:00:00,9796.0,9615.164
2021-10-14 23:00:00,9796.0,9665.094
2021-10-15 00:00:00,9800.0,9747.764
2021-10-15 01:00:00,9801.5,9771.296
2021-10-15 02:00:00,9785.5,9725.0205
2021-10-15 03:00:00,9403.0,9677.582
2021-10-15 04:00:00,9959.0,9813.094
2021-10-15 05:00:00,9994.0,10118.391
2021-10-15 06:00:00,10014.0,10131.602
2021-10-15 07:00:00,10065.0,10014.027
2021-10-15 08:00:00,10081.0,10050.9375
2021-10-15 09:00:00,10044.0,10038.922
2021-10-15 10:00:00,9897.0,9945.547
2021-10-15 11:00:00,9784.0,9817.257
2021-10-15 12:00:00,9787.0,9748.797
2021-10-15 13:00:00,9773.0,9804.538
2021-10-15 14:00:00,9819.0,9911.492
2021-10-15 15:00:00,9980.0,10033.712
2021-10-15 16:00:00,10089.0,10211.026
2021-10-15 17:00:00,9902.0,10063.642
2021-10-15 18:00:00,9417.0,9581.279
2021-10-15 19:00:00,9424.0,9320.388
2021-10-15 20:00:00,9194.0,9196.661
2021-10-15 21:00:00,9320.5,9044.552
2021-10-15 22:00:00,9320.5,9192.842
2021-10-15 23:00:00,9263.0,9243.996
2021-10-16 00:00:00,9207.0,9193.427
2021-10-16 01:00:00,9207.0,9123.669
2021-10-16 02:00:00,9207.0,9080.617
2021-10-16 03:00:00,8649.0,9002.079
2021-10-16 04:00:00,8852.0,8728.494
2021-10-16 05:00:00,8956.0,8887.718
2021-10-16 06:00:00,9202.0,9058.568
2021-10-16 07:00:00,9327.0,9252.777
2021-10-16 08:00:00,9314.0,9356.605
2021-10-16 09:00:00,9332.0,9315.481
2021-10-16 10:00:00,9212.0,9260.326
2021-10-16 11:00:00,9176.0,9148.159
2021-10-16 12:00:00,9299.0,9143.9795
2021-10-16 13:00:00,9388.0,9319.605
2021-10-16 14:00:00,9596.0,9534.856
2021-10-16 15:00:00,9994.0,9730.031
2021-10-16 16:00:00,9228.5,10042.237
2021-10-16 17:00:00,9759.0,9452.416
2021-10-16 18:00:00,9284.0,9270.529
2021-10-16 19:00:00,9368.0,9102.095
2021-10-16 20:00:00,9245.0,9088.632
2021-10-16 21:00:00,8845.0,8903.653
2021-10-16 22:00:00,8535.0,8609.843
2021-10-16 23:00:00,8378.0,8407.665
2021-10-17 00:00:00,8294.0,8303.207
2021-10-17 01:00:00,8327.0,8177.5176
2021-10-17 02:00:00,8425.0,8270.624
2021-10-17 03:00:00,8613.0,8362.376
2021-10-17 04:00:00,8725.0,8625.692
2021-10-17 05:00:00,8762.0,8766.656
2021-10-17 06:00:00,8992.0,8888.984
2021-10-17 07:00:00,9123.0,9059.913
2021-10-17 08:00:00,9180.0,9174.908
2021-10-17 09:00:00,9168.0,9166.2295
2021-10-17 10:00:00,9073.0,9084.214
2021-10-17 11:00:00,9012.0,9011.824
2021-10-17 12:00:00,9017.0,8980.977
2021-10-17 13:00:00,9116.0,9030.478
2021-10-17 14:00:00,9219.0,9309.438
2021-10-17 15:00:00,9714.0,9475.122
2021-10-17 16:00:00,9094.5,9702.129
2021-10-17 17:00:00,9119.5,9382.767
2021-10-17 18:00:00,9302.0,9032.528
2021-10-17 19:00:00,9401.0,9135.869
2021-10-17 20:00:00,9283.0,9196.727
2021-10-17 21:00:00,8974.0,8894.843
2021-10-17 22:00:00,8734.0,8710.38
2021-10-17 23:00:00,9351.5,8692.547
2021-10-18 00:00:00,9500.0,9320.727
2021-10-18 01:00:00,9640.5,9496.25
2021-10-18 02:00:00,9698.0,9555.014
2021-10-18 03:00:00,9599.0,9672.2
2021-10-18 04:00:00,10086.0,9862.743
2021-10-18 05:00:00,10169.0,10273.464
2021-10-18 06:00:00,10264.0,10222.272
2021-10-18 07:00:00,10316.0,10247.873
2021-10-18 08:00:00,10328.0,10274.765
2021-10-18 09:00:00,10251.0,10281.499
2021-10-18 10:00:00,10149.0,10161.786
2021-10-18 11:00:00,10050.0,10051.138
2021-10-18 12:00:00,10025.0,9977.441
2021-10-18 13:00:00,9986.0,10006.726
2021-10-18 14:00:00,10026.0,10109.165
2021-10-18 15:00:00,10278.0,10156.872
2021-10-18 16:00:00,10441.0,10360.558
2021-10-18 17:00:00,10253.0,10307.554
2021-10-18 18:00:00,9843.0,9937.648
2021-10-18 19:00:00,9812.0,9615.394
2021-10-18 20:00:00,9692.0,9643.242
2021-10-18 21:00:00,9334.0,9485.183
2021-10-18 22:00:00,9038.0,9719.657
2021-10-18 23:00:00,10038.0,9735.71
2021-10-19 00:00:00,10056.0,9999.198
2021-10-19 01:00:00,9092.0,9998.697
2021-10-19 02:00:00,9415.0,9479.582
2021-10-19 03:00:00,10211.0,9457.944
2021-10-19 04:00:00,10708.0,10220.426
2021-10-19 05:00:00,10773.0,10733.047
2021-10-19 06:00:00,10795.0,10732.029
2021-10-19 07:00:00,10642.0,10678.772
2021-10-19 08:00:00,10486.0,10523.819
2021-10-19 09:00:00,10380.0,10392.108
2021-10-19 10:00:00,10229.0,10269.672
2021-10-19 11:00:00,10086.0,10130.405
2021-10-19 12:00:00,10070.0,10033.478
2021-10-19 13:00:00,10085.0,10076.811
2021-10-19 14:00:00,10218.0,10183.814
2021-10-19 15:00:00,10661.0,10337.962
2021-10-19 16:00:00,10812.0,10706.289
2021-10-19 17:00:00,10598.0,10707.388
2021-10-19 18:00:00,10103.0,10186.197
2021-10-19 19:00:00,10036.0,9866.047
2021-10-19 20:00:00,9766.0,9784.796
2021-10-19 21:00:00,9327.0,9528.073
2021-10-19 22:00:00,10094.5,9528.716
2021-10-19 23:00:00,10094.5,10043.538
2021-10-20 00:00:00,10160.5,10050.689
2021-10-20 01:00:00,10221.5,10006.555
2021-10-20 02:00:00,10221.5,9987.28
2021-10-20 03:00:00,9878.0,10103.426
2021-10-20 04:00:00,10368.0,10194.357
2021-10-20 05:00:00,10454.0,10494.38
2021-10-20 06:00:00,10479.0,10526.862
2021-10-20 07:00:00,10497.0,10456.866
2021-10-20 08:00:00,10628.0,10461.644
2021-10-20 09:00:00,10556.0,10531.009
2021-10-20 10:00:00,10434.0,10464.578
2021-10-20 11:00:00,10251.0,10303.924
2021-10-20 12:00:00,10225.0,10160.634
2021-10-20 13:00:00,10140.0,10216.999
2021-10-20 14:00:00,10222.0,10240.255
2021-10-20 15:00:00,10503.0,10399.629
2021-10-20 16:00:00,10466.0,10651.091
2021-10-20 17:00:00,10304.0,10414.092
2021-10-20 18:00:00,9677.0,9986.624
2021-10-20 19:00:00,9562.0,9797.505
2021-10-20 20:00:00,9353.0,9654.668
2021-10-20 21:00:00,9750.0,9294.317
2021-10-20 22:00:00,9750.0,9822.078
2021-10-20 23:00:00,9727.0,9902.214
2021-10-21 00:00:00,9706.5,9908.935
2021-10-21 01:00:00,9688.0,9825.907
2021-10-21 02:00:00,9676.5,9776.815
2021-10-21 03:00:00,9261.0,9780.02
2021-10-21 04:00:00,9699.0,9909.499
2021-10-21 05:00:00,9740.0,10014.565
2021-10-21 06:00:00,9760.0,9982.895
2021-10-21 07:00:00,9801.0,9890.137
2021-10-21 08:00:00,9841.0,9898.441
2021-10-21 09:00:00,9843.0,9934.044
2021-10-21 10:00:00,9714.0,9870.063
2021-10-21 11:00:00,9676.0,9723.814
2021-10-21 12:00:00,9625.0,9729.294
2021-10-21 13:00:00,9572.0,9746.0205
2021-10-21 14:00:00,9781.0,9757.379
2021-10-21 15:00:00,10110.0,10043.644
2021-10-21 16:00:00,10178.0,10269.992
2021-10-21 17:00:00,9980.0,10143.524
2021-10-21 18:00:00,9478.0,9658.087
2021-10-21 19:00:00,9420.0,9363.143
2021-10-21 20:00:00,9254.0,9236.059
2021-10-21 21:00:00,9650.5,9323.86
2021-10-21 22:00:00,9650.5,9554.438
2021-10-21 23:00:00,9650.5,9591.064
2021-10-22 00:00:00,9703.0,9679.326
2021-10-22 01:00:00,9855.5,9721.368
2021-10-22 02:00:00,9955.0,9728.613
2021-10-22 03:00:00,9466.0,9786.859
2021-10-22 04:00:00,9930.0,9820.831
2021-10-22 05:00:00,10130.0,10086.129
2021-10-22 06:00:00,10217.0,10172.312
2021-10-22 07:00:00,10340.0,10191.917
2021-10-22 08:00:00,10510.0,10289.148
2021-10-22 09:00:00,10505.0,10406.741
2021-10-22 10:00:00,10458.0,10359.758
2021-10-22 11:00:00,10401.0,10279.523
2021-10-22 12:00:00,10339.0,10241.756
2021-10-22 13:00:00,10340.0,10280.082
2021-10-22 14:00:00,10401.0,10400.168
2021-10-22 15:00:00,10736.0,10476.679
2021-10-22 16:00:00,10734.0,10768.793
2021-10-22 17:00:00,10451.0,10618.157
2021-10-22 18:00:00,9972.0,10020.877
2021-10-22 19:00:00,9981.0,9746.495
2021-10-22 20:00:00,9801.0,9776.54
2021-10-22 21:00:00,9404.0,9551.2705
2021-10-22 22:00:00,9084.0,9419.665
2021-10-22 23:00:00,9898.0,9345.308
2021-10-23 00:00:00,9898.0,9729.938
2021-10-23 01:00:00,9898.0,9772.204
2021-10-23 02:00:00,9898.0,9703.299
2021-10-23 03:00:00,9210.0,9531.469
2021-10-23 04:00:00,9370.0,9244.517
2021-10-23 05:00:00,9527.0,9451.984
2021-10-23 06:00:00,9730.0,9656.0
2021-10-23 07:00:00,9881.0,9826.675
2021-10-23 08:00:00,9915.0,9916.172
2021-10-23 09:00:00,9955.0,9913.385
2021-10-23 10:00:00,9960.0,9895.663
2021-10-23 11:00:00,9976.0,9864.829
2021-10-23 12:00:00,9996.0,9923.389
2021-10-23 13:00:00,10054.0,10044.694
2021-10-23 14:00:00,10275.0,10184.771
2021-10-23 15:00:00,9935.0,10404.436
2021-10-23 16:00:00,9935.0,10045.002
2021-10-23 17:00:00,10594.0,10006.923
2021-10-23 18:00:00,10086.0,10092.304
2021-10-23 19:00:00,10195.0,9794.367
2021-10-23 20:00:00,10059.0,9851.725
2021-10-23 21:00:00,9689.0,9696.276
2021-10-23 22:00:00,9521.0,9228.616
2021-10-23 23:00:00,9373.0,9257.503
2021-10-24 00:00:00,9299.0,9265.327
2021-10-24 01:00:00,9332.0,9178.479
2021-10-24 02:00:00,9450.0,9235.544
2021-10-24 03:00:00,9601.0,9239.998
2021-10-24 04:00:00,9652.0,9496.643
2021-10-24 05:00:00,9749.0,9579.479
2021-10-24 06:00:00,9898.0,9782.675
2021-10-24 07:00:00,10061.0,9882.475
2021-10-24 08:00:00,10136.0,10060.3125
2021-10-24 09:00:00,10084.0,10070.846
2021-10-24 10:00:00,9919.0,9990.762
2021-10-24 11:00:00,9867.0,9841.938
2021-10-24 12:00:00,9878.0,9846.526
2021-10-24 13:00:00,9890.0,9923.806
2021-10-24 14:00:00,10087.0,10074.28
2021-10-24 15:00:00,10451.0,10189.806
2021-10-24 16:00:00,10409.0,10387.208
2021-10-24 17:00:00,10155.0,10319.837
2021-10-24 18:00:00,9772.0,9950.451
2021-10-24 19:00:00,9900.0,9848.583
2021-10-24 20:00:00,9743.0,9910.975
2021-10-24 21:00:00,9344.0,9528.197
2021-10-24 22:00:00,9895.0,9189.679
2021-10-24 23:00:00,9895.0,9738.523
2021-10-25 00:00:00,9993.5,9920.683
2021-10-25 01:00:00,10033.0,10026.413
2021-10-25 02:00:00,10033.0,10012.983
2021-10-25 03:00:00,9792.0,9975.881
2021-10-25 04:00:00,10283.0,10184.963
2021-10-25 05:00:00,10464.0,10532.964
2021-10-25 06:00:00,10364.0,10579.9
2021-10-25 07:00:00,10333.0,10398.536
2021-10-25 08:00:00,10336.0,10379.102
2021-10-25 09:00:00,10303.0,10374.078
2021-10-25 10:00:00,10178.0,10300.765
2021-10-25 11:00:00,10098.0,10204.333
2021-10-25 12:00:00,9979.0,10131.3125
2021-10-25 13:00:00,9948.0,10079.597
2021-10-25 14:00:00,10121.0,10197.966
2021-10-25 15:00:00,10320.0,10377.885
2021-10-25 16:00:00,10312.0,10484.056
2021-10-25 17:00:00,10125.0,10340.338
2021-10-25 18:00:00,9620.0,9952.975
2021-10-25 19:00:00,9650.0,9784.821
2021-10-25 20:00:00,9396.0,9717.963
2021-10-25 21:00:00,9944.0,9698.182
2021-10-25 22:00:00,9944.0,9948.94
2021-10-25 23:00:00,9944.0,10046.945
2021-10-26 00:00:00,9922.5,9982.506
2021-10-26 01:00:00,9898.0,9946.659
2021-10-26 02:00:00,9884.5,9922.3545
2021-10-26 03:00:00,9370.0,9823.502
2021-10-26 04:00:00,9839.0,9924.29
2021-10-26 05:00:00,10021.0,10166.149
2021-10-26 06:00:00,9940.0,10212.805
2021-10-26 07:00:00,9954.0,10065.763
2021-10-26 08:00:00,10030.0,10061.656
2021-10-26 09:00:00,10058.0,10083.051
2021-10-26 10:00:00,9956.0,10031.915
2021-10-26 11:00:00,9905.0,9907.022
2021-10-26 12:00:00,9891.0,9850.96
2021-10-26 13:00:00,9878.0,9897.771
2021-10-26 14:00:00,10086.0,10089.28
2021-10-26 15:00:00,10319.0,10263.813
2021-10-26 16:00:00,10378.0,10358.723
2021-10-26 17:00:00,10113.0,10282.735
2021-10-26 18:00:00,9661.0,9798.933
2021-10-26 19:00:00,9661.0,9551.841
2021-10-26 20:00:00,9368.0,9445.46
2021-10-26 21:00:00,9898.0,9445.8955
2021-10-26 22:00:00,9898.0,9775.234
2021-10-26 23:00:00,9898.0,9850.591
2021-10-27 00:00:00,9963.0,9881.279
2021-10-27 01:00:00,9956.5,9958.496
2021-10-27 02:00:00,9999.0,9883.78
2021-10-27 03:00:00,9660.0,9789.499
2021-10-27 04:00:00,10075.0,9937.942
2021-10-27 05:00:00,10146.0,10155.671
2021-10-27 06:00:00,10080.0,10142.792
2021-10-27 07:00:00,10106.0,10055.169
2021-10-27 08:00:00,10229.0,10065.435
2021-10-27 09:00:00,10308.0,10164.188
2021-10-27 10:00:00,10203.0,10201.045
2021-10-27 11:00:00,10035.0,10108.04
2021-10-27 12:00:00,9718.0,9960.269
2021-10-27 13:00:00,9963.0,9800.254
2021-10-27 14:00:00,10086.0,10143.536
2021-10-27 15:00:00,10242.0,10301.204
2021-10-27 16:00:00,10323.0,10340.888
2021-10-27 17:00:00,10045.0,10290.881
2021-10-27 18:00:00,9707.0,9715.262
2021-10-27 19:00:00,9630.0,9570.299
2021-10-27 20:00:00,9430.0,9458.871
2021-10-27 21:00:00,9999.0,9640.601
2021-10-27 22:00:00,9999.0,9880.595
2021-10-27 23:00:00,9999.0,9930.777
2021-10-28 00:00:00,10004.0,10007.708
2021-10-28 01:00:00,10065.5,10012.24
2021-10-28 02:00:00,10096.5,10041.926
2021-10-28 03:00:00,9589.0,9874.258
2021-10-28 04:00:00,10107.0,9927.036
2021-10-28 05:00:00,10243.0,10225.265
2021-10-28 06:00:00,10258.0,10273.786
2021-10-28 07:00:00,10320.0,10235.334
2021-10-28 08:00:00,10335.0,10304.308
2021-10-28 09:00:00,10344.0,10302.635
2021-10-28 10:00:00,10241.0,10269.309
2021-10-28 11:00:00,10254.0,10144.439
2021-10-28 12:00:00,10210.0,10133.964
2021-10-28 13:00:00,10217.0,10198.26
2021-10-28 14:00:00,10290.0,10313.466
2021-10-28 15:00:00,10406.0,10395.832
2021-10-28 16:00:00,10377.0,10454.484
2021-10-28 17:00:00,10174.0,10285.342
2021-10-28 18:00:00,9719.0,9871.729
2021-10-28 19:00:00,9593.0,9611.011
2021-10-28 20:00:00,10067.5,9545.417
2021-10-28 21:00:00,10011.5,9906.445
2021-10-28 22:00:00,10011.5,9939.921
2021-10-28 23:00:00,10004.5,9990.949
2021-10-29 00:00:00,9997.0,10002.338
2021-10-29 01:00:00,9958.0,10021.842
2021-10-29 02:00:00,9936.5,9980.638
2021-10-29 03:00:00,9510.0,9745.522
2021-10-29 04:00:00,10018.0,9916.469
2021-10-29 05:00:00,10158.0,10219.758
2021-10-29 06:00:00,10117.0,10244.854
2021-10-29 07:00:00,9990.0,10171.506
2021-10-29 08:00:00,10005.0,10115.296
2021-10-29 09:00:00,10048.0,10108.618
2021-10-29 10:00:00,10004.0,10066.382
2021-10-29 11:00:00,9882.0,10058.033
2021-10-29 12:00:00,9926.0,9967.08
2021-10-29 13:00:00,9947.0,10078.035
2021-10-29 14:00:00,10026.0,10195.953
2021-10-29 15:00:00,10208.0,10236.998
2021-10-29 16:00:00,10235.0,10295.463
2021-10-29 17:00:00,9969.0,10172.516
2021-10-29 18:00:00,9488.0,9665.596
2021-10-29 19:00:00,9494.0,9437.783
2021-10-29 20:00:00,9288.0,9499.045
2021-10-29 21:00:00,8870.0,9291.944
2021-10-29 22:00:00,9335.5,8975.039
2021-10-29 23:00:00,9335.5,9356.176
2021-10-30 00:00:00,9335.5,9362.555
2021-10-30 01:00:00,9335.5,9367.61
2021-10-30 02:00:00,9335.5,9317.184
2021-10-30 03:00:00,8701.0,9163.506
2021-10-30 04:00:00,8839.0,8853.928
2021-10-30 05:00:00,9063.0,8974.818
2021-10-30 06:00:00,9104.0,9257.98
2021-10-30 07:00:00,9310.0,9264.233
2021-10-30 08:00:00,9372.0,9431.922
2021-10-30 09:00:00,9361.0,9449.878
2021-10-30 10:00:00,9383.0,9344.687
2021-10-30 11:00:00,9369.0,9401.379
2021-10-30 12:00:00,9399.0,9407.192
2021-10-30 13:00:00,9475.0,9502.944
2021-10-30 14:00:00,9775.0,9683.909
2021-10-30 15:00:00,10078.0,9942.527
2021-10-30 16:00:00,9998.0,10102.225
2021-10-30 17:00:00,9656.0,9983.553
2021-10-30 18:00:00,9159.0,9375.385
2021-10-30 19:00:00,9192.0,9172.638
2021-10-30 20:00:00,8981.0,9106.973
2021-10-30 21:00:00,8580.0,8877.424
2021-10-30 22:00:00,8259.0,8610.883
2021-10-30 23:00:00,8133.0,8399.362
2021-10-31 00:00:00,8005.0,8105.1475
2021-10-31 01:00:00,8069.0,8084.1807
2021-10-31 02:00:00,8072.0,8181.1343
2021-10-31 03:00:00,8063.0,8262.992
2021-10-31 04:00:00,8313.0,8286.589
2021-10-31 05:00:00,8463.0,8476.204
2021-10-31 06:00:00,8563.0,8687.427
2021-10-31 07:00:00,8827.0,8759.094
2021-10-31 08:00:00,8972.0,9002.169
2021-10-31 09:00:00,9118.0,9084.809
2021-10-31 10:00:00,9152.0,9150.867
2021-10-31 11:00:00,9058.0,9171.252
2021-10-31 12:00:00,8976.0,9126.33
2021-10-31 13:00:00,9219.0,9110.768
2021-10-31 14:00:00,9473.0,9460.649
2021-10-31 15:00:00,9591.0,9691.427
2021-10-31 16:00:00,9649.0,9690.842
2021-10-31 17:00:00,9601.0,9648.067
2021-10-31 18:00:00,9369.0,9295.131
2021-10-31 19:00:00,8932.0,9215.371
2021-10-31 20:00:00,9096.0,9013.198
2021-10-31 21:00:00,9030.0,9043.144
2021-10-31 22:00:00,8726.0,8937.75
2021-10-31 23:00:00,8496.0,8915.092
2021-11-01 00:00:00,9355.5,9160.838
2021-11-01 01:00:00,9421.0,9445.857
2021-11-01 02:00:00,9532.0,9380.389
2021-11-01 03:00:00,9596.0,9422.526
2021-11-01 04:00:00,9342.0,9704.781
2021-11-01 05:00:00,9878.0,9721.448
2021-11-01 06:00:00,9951.0,10052.626
2021-11-01 07:00:00,9966.0,9982.075
2021-11-01 08:00:00,9976.0,9987.039
2021-11-01 09:00:00,10040.0,9972.832
2021-11-01 10:00:00,9957.0,9979.424
2021-11-01 11:00:00,9928.0,9889.275
2021-11-01 12:00:00,9917.0,9892.055
2021-11-01 13:00:00,9928.0,9924.231
2021-11-01 14:00:00,10027.0,10035.948
2021-11-01 15:00:00,10260.0,10121.807
2021-11-01 16:00:00,10240.0,10295.612
2021-11-01 17:00:00,10194.0,10200.345
2021-11-01 18:00:00,9875.0,9875.658
2021-11-01 19:00:00,9401.0,9609.465
2021-11-01 20:00:00,9432.0,9317.475
2021-11-01 21:00:00,9198.0,9340.417
2021-11-01 22:00:00,9922.5,9596.249
2021-11-01 23:00:00,9922.5,9844.2
2021-11-02 00:00:00,9922.5,9837.903
2021-11-02 01:00:00,9945.0,9856.074
2021-11-02 02:00:00,9987.5,9849.364
2021-11-02 03:00:00,9987.5,9841.129
2021-11-02 04:00:00,9535.0,9870.631
2021-11-02 05:00:00,10029.0,9815.634
2021-11-02 06:00:00,10163.0,10057.625
2021-11-02 07:00:00,10189.0,10067.002
2021-11-02 08:00:00,10156.0,10104.177
2021-11-02 09:00:00,10243.0,10055.954
2021-11-02 10:00:00,10174.0,10133.59
2021-11-02 11:00:00,10054.0,10081.587
2021-11-02 12:00:00,9962.0,9964.606
2021-11-02 13:00:00,10013.0,9979.689
2021-11-02 14:00:00,10200.0,10095.949
2021-11-02 15:00:00,10432.0,10316.648
2021-11-02 16:00:00,10416.0,10444.3125
2021-11-02 17:00:00,10348.0,10364.4795
2021-11-02 18:00:00,10044.0,9986.186
2021-11-02 19:00:00,9620.0,9727.871
2021-11-02 20:00:00,9590.0,9552.66
2021-11-02 21:00:00,9286.0,9595.776
2021-11-02 22:00:00,8959.0,9636.187
2021-11-02 23:00:00,10028.5,9433.5205
2021-11-03 00:00:00,10028.5,10008.164
2021-11-03 01:00:00,10062.0,10003.4375
2021-11-03 02:00:00,10102.5,10010.636
2021-11-03 03:00:00,10102.5,9943.948
2021-11-03 04:00:00,9598.0,9894.923
2021-11-03 05:00:00,10080.0,9906.743
2021-11-03 06:00:00,10125.0,10179.617
2021-11-03 07:00:00,10195.0,10120.793
2021-11-03 08:00:00,10220.0,10161.525
2021-11-03 09:00:00,10303.0,10205.554
2021-11-03 10:00:00,10317.0,10237.62
2021-11-03 11:00:00,10233.0,10207.987
2021-11-03 12:00:00,10141.0,10153.924
2021-11-03 13:00:00,10170.0,10137.592
2021-11-03 14:00:00,10360.0,10253.029
2021-11-03 15:00:00,10514.0,10469.249
2021-11-03 16:00:00,10539.0,10566.511
2021-11-03 17:00:00,10523.0,10458.425
2021-11-03 18:00:00,10246.0,10167.597
2021-11-03 19:00:00,9676.0,9866.197
2021-11-03 20:00:00,9645.0,9564.714
2021-11-03 21:00:00,9394.0,9592.588
2021-11-03 22:00:00,9652.5,9567.434
2021-11-03 23:00:00,9652.5,9883.063
2021-11-04 00:00:00,9652.5,9826.663
2021-11-04 01:00:00,9652.5,9806.189
2021-11-04 02:00:00,9652.5,9769.053
2021-11-04 03:00:00,9652.5,9803.337
2021-11-04 04:00:00,9401.0,9630.44
2021-11-04 05:00:00,9892.0,9858.31
2021-11-04 06:00:00,9635.0,10097.156
2021-11-04 07:00:00,9470.0,9813.13
2021-11-04 08:00:00,9532.0,9680.299
2021-11-04 09:00:00,9660.0,9704.42
2021-11-04 10:00:00,9697.0,9768.168
2021-11-04 11:00:00,9708.0,9740.127
2021-11-04 12:00:00,9933.0,9757.537
2021-11-04 13:00:00,9999.0,10067.921
2021-11-04 14:00:00,10198.0,10224.234
2021-11-04 15:00:00,10320.0,10342.652
2021-11-04 16:00:00,10337.0,10381.165
2021-11-04 17:00:00,10304.0,10310.315
2021-11-04 18:00:00,10061.0,9962.36
2021-11-04 19:00:00,9576.0,9673.192
2021-11-04 20:00:00,9565.0,9441.641
2021-11-04 21:00:00,9388.0,9272.144
2021-11-04 22:00:00,8898.0,9390.201
2021-11-04 23:00:00,9966.0,9293.789
2021-11-05 00:00:00,10030.0,9929.309
2021-11-05 01:00:00,10091.5,9968.022
2021-11-05 02:00:00,10125.5,10003.341
2021-11-05 03:00:00,10125.5,9981.42
2021-11-05 04:00:00,9658.0,9955.15
2021-11-05 05:00:00,10148.0,9928.862
2021-11-05 06:00:00,10258.0,10159.571
2021-11-05 07:00:00,10190.0,10215.869
2021-11-05 08:00:00,10281.0,10136.222
2021-11-05 09:00:00,10271.0,10232.777
2021-11-05 10:00:00,10240.0,10193.432
2021-11-05 11:00:00,10122.0,10160.73
2021-11-05 12:00:00,10129.0,10085.703
2021-11-05 13:00:00,10190.0,10177.114
2021-11-05 14:00:00,10477.0,10343.662
2021-11-05 15:00:00,10610.0,10581.294
2021-11-05 16:00:00,10606.0,10645.93
2021-11-05 17:00:00,10498.0,10484.63
2021-11-05 18:00:00,10179.0,10152.337
2021-11-05 19:00:00,9699.0,9860.736
2021-11-05 20:00:00,9712.0,9562.368
2021-11-05 21:00:00,9481.0,9428.985
2021-11-05 22:00:00,8962.0,9330.688
2021-11-05 23:00:00,8626.0,9222.196
2021-11-06 00:00:00,9480.5,8748.424
2021-11-06 01:00:00,9480.5,9446.893
2021-11-06 02:00:00,8445.0,9401.349
2021-11-06 03:00:00,8524.0,8559.72
2021-11-06 04:00:00,8739.0,8602.04
2021-11-06 05:00:00,8906.0,8901.323
2021-11-06 06:00:00,8987.0,9134.866
2021-11-06 07:00:00,9186.0,9135.826
2021-11-06 08:00:00,9355.0,9316.994
2021-11-06 09:00:00,9480.0,9421.798
2021-11-06 10:00:00,9513.0,9481.07
2021-11-06 11:00:00,9484.0,9499.409
2021-11-06 12:00:00,9490.0,9492.655
2021-11-06 13:00:00,9637.0,9599.227
2021-11-06 14:00:00,10038.0,9853.516
2021-11-06 15:00:00,10392.0,10191.066
2021-11-06 16:00:00,10513.0,10336.034
2021-11-06 17:00:00,10407.0,10282.253
2021-11-06 18:00:00,10164.0,9884.131
2021-11-06 19:00:00,9768.0,9653.241
2021-11-06 20:00:00,9858.0,9460.733
2021-11-06 21:00:00,9760.0,9407.285
2021-11-06 22:00:00,9339.0,9119.901
2021-11-06 23:00:00,9022.0,8873.342
2021-11-07 00:00:00,8863.0,8800.003
2021-11-07 01:00:00,8747.0,8752.491
2021-11-07 02:00:00,8793.0,8722.783
2021-11-07 03:00:00,8868.0,8703.6045
2021-11-07 04:00:00,9087.0,8859.713
2021-11-07 05:00:00,9255.0,9091.289
2021-11-07 06:00:00,9312.0,9211.086
2021-11-07 07:00:00,9562.0,9332.942
2021-11-07 08:00:00,9769.0,9553.934
2021-11-07 09:00:00,9853.0,9752.0205
2021-11-07 10:00:00,9875.0,9755.165
2021-11-07 11:00:00,9799.0,9777.873
2021-11-07 12:00:00,9854.0,9721.466
2021-11-07 13:00:00,9994.0,9862.527
2021-11-07 14:00:00,10340.0,10176.363
2021-11-07 15:00:00,10503.0,10468.515
2021-11-07 16:00:00,10557.0,10533.96
2021-11-07 17:00:00,10527.0,10424.651
2021-11-07 18:00:00,10337.0,10215.212
2021-11-07 19:00:00,9963.0,9929.288
2021-11-07 20:00:00,10184.0,9862.851
2021-11-07 21:00:00,10067.0,10005.9375
2021-11-07 22:00:00,9641.0,9743.421
2021-11-07 23:00:00,10260.5,9395.86
2021-11-08 00:00:00,10338.5,10276.447
2021-11-08 01:00:00,10384.0,10326.871
2021-11-08 02:00:00,10465.5,10311.445
2021-11-08 03:00:00,10515.0,10268.528
2021-11-08 04:00:00,10428.0,10457.562
2021-11-08 05:00:00,10957.0,10652.228
2021-11-08 06:00:00,11025.0,11081.42
2021-11-08 07:00:00,11094.0,11004.554
2021-11-08 08:00:00,11021.0,11075.842
2021-11-08 09:00:00,11007.0,10984.395
2021-11-08 10:00:00,10916.0,10967.261
2021-11-08 11:00:00,10898.0,10870.866
2021-11-08 12:00:00,10858.0,10880.529
2021-11-08 13:00:00,10939.0,10918.469
2021-11-08 14:00:00,11175.0,11055.551
2021-11-08 15:00:00,11312.0,11275.901
2021-11-08 16:00:00,11247.0,11300.152
2021-11-08 17:00:00,11316.0,11240.109
2021-11-08 18:00:00,11191.0,11080.253
2021-11-08 19:00:00,10775.0,10732.329
2021-11-08 20:00:00,10800.0,10675.966
2021-11-08 21:00:00,10600.0,10568.165
2021-11-08 22:00:00,10187.0,10582.194
2021-11-08 23:00:00,10986.0,10675.453
2021-11-09 00:00:00,11104.0,10951.956
2021-11-09 01:00:00,11183.0,11070.029
2021-11-09 02:00:00,11219.0,11154.049
2021-11-09 03:00:00,11279.5,11091.599
2021-11-09 04:00:00,11033.0,10919.755
2021-11-09 05:00:00,11457.0,11189.857
2021-11-09 06:00:00,11512.0,11497.19
2021-11-09 07:00:00,11550.0,11455.788
2021-11-09 08:00:00,11521.0,11466.558
2021-11-09 09:00:00,11586.0,11423.388
2021-11-09 10:00:00,11560.0,11483.218
2021-11-09 11:00:00,11458.0,11436.2
2021-11-09 12:00:00,11401.0,11354.133
2021-11-09 13:00:00,11438.0,11408.355
2021-11-09 14:00:00,11603.0,11529.916
2021-11-09 15:00:00,11637.0,11645.792
2021-11-09 16:00:00,11533.0,11583.864
2021-11-09 17:00:00,11527.0,11504.587
2021-11-09 18:00:00,11217.0,11291.079
2021-11-09 19:00:00,10649.0,10703.155
2021-11-09 20:00:00,10613.0,10597.309
2021-11-09 21:00:00,10293.0,10458.602
2021-11-09 22:00:00,10559.0,10493.243
2021-11-09 23:00:00,10550.0,10874.216
2021-11-10 00:00:00,10522.5,10786.583
2021-11-10 01:00:00,10480.0,10804.276
2021-11-10 02:00:00,10456.5,10778.164
2021-11-10 03:00:00,10456.5,10684.434
2021-11-10 04:00:00,10129.0,10553.83
2021-11-10 05:00:00,10563.0,10699.923
2021-11-10 06:00:00,10555.0,10854.877
2021-11-10 07:00:00,10545.0,10704.038
2021-11-10 08:00:00,10453.0,10686.121
2021-11-10 09:00:00,10500.0,10640.501
2021-11-10 10:00:00,10460.0,10634.087
2021-11-10 11:00:00,10411.0,10537.09
2021-11-10 12:00:00,10349.0,10493.072
2021-11-10 13:00:00,10405.0,10572.624
2021-11-10 14:00:00,10582.0,10650.991
2021-11-10 15:00:00,10653.0,10848.089
2021-11-10 16:00:00,10672.0,10768.165
2021-11-10 17:00:00,10674.0,10761.573
2021-11-10 18:00:00,10446.0,10571.667
2021-11-10 19:00:00,9938.0,10093.14
2021-11-10 20:00:00,9972.0,10004.172
2021-11-10 21:00:00,9692.0,9908.163
2021-11-10 22:00:00,10408.0,10024.293
2021-11-10 23:00:00,10408.0,10327.43
2021-11-11 00:00:00,10377.0,10419.766
2021-11-11 01:00:00,10372.5,10393.662
2021-11-11 02:00:00,10380.5,10389.177
2021-11-11 03:00:00,10380.5,10315.46
2021-11-11 04:00:00,9916.0,10121.952
2021-11-11 05:00:00,10499.0,10283.671
2021-11-11 06:00:00,10586.0,10661.659
2021-11-11 07:00:00,10572.0,10603.262
2021-11-11 08:00:00,10590.0,10589.074
2021-11-11 09:00:00,10568.0,10577.343
2021-11-11 10:00:00,10532.0,10559.898
2021-11-11 11:00:00,10317.0,10520.756
2021-11-11 12:00:00,10340.0,10322.337
2021-11-11 13:00:00,10421.0,10474.428
2021-11-11 14:00:00,10698.0,10650.402
2021-11-11 15:00:00,10823.0,10831.309
2021-11-11 16:00:00,10748.0,10870.389
2021-11-11 17:00:00,10714.0,10755.51
2021-11-11 18:00:00,10527.0,10418.975
2021-11-11 19:00:00,10063.0,10131.174
2021-11-11 20:00:00,10097.0,9991.042
2021-11-11 21:00:00,9791.0,9865.059
2021-11-11 22:00:00,10380.5,9997.948
2021-11-11 23:00:00,10380.5,10298.697
2021-11-12 00:00:00,10474.0,10415.66
2021-11-12 01:00:00,10537.5,10509.961
2021-11-12 02:00:00,10557.0,10558.992
2021-11-12 03:00:00,10557.0,10502.844
2021-11-12 04:00:00,10082.0,10282.51
2021-11-12 05:00:00,10595.0,10414.957
2021-11-12 06:00:00,10666.0,10769.609
2021-11-12 07:00:00,10746.0,10695.502
2021-11-12 08:00:00,10710.0,10755.967
2021-11-12 09:00:00,10720.0,10731.373
2021-11-12 10:00:00,10658.0,10699.426
2021-11-12 11:00:00,10576.0,10567.946
2021-11-12 12:00:00,10548.0,10550.025
2021-11-12 13:00:00,10566.0,10658.908
2021-11-12 14:00:00,10758.0,10811.877
2021-11-12 15:00:00,10846.0,10899.761
2021-11-12 16:00:00,10861.0,10898.084
2021-11-12 17:00:00,10747.0,10856.97
2021-11-12 18:00:00,10501.0,10419.085
2021-11-12 19:00:00,9944.0,10092.391
2021-11-12 20:00:00,9989.0,9917.014
2021-11-12 21:00:00,9860.0,9727.768
2021-11-12 22:00:00,9484.0,9519.051
2021-11-12 23:00:00,9991.5,9433.203
2021-11-13 00:00:00,9991.5,9902.369
2021-11-13 01:00:00,9991.5,9919.877
2021-11-13 02:00:00,9991.5,9806.123
2021-11-13 03:00:00,9991.5,9736.558
2021-11-13 04:00:00,9455.0,9661.96
2021-11-13 05:00:00,9729.0,9484.594
2021-11-13 06:00:00,9824.0,9882.984
2021-11-13 07:00:00,9994.0,9902.221
2021-11-13 08:00:00,10218.0,10020.4795
2021-11-13 09:00:00,10285.0,10221.058
2021-11-13 10:00:00,10238.0,10241.923
2021-11-13 11:00:00,10167.0,10177.807
2021-11-13 12:00:00,10212.0,10104.684
2021-11-13 13:00:00,10382.0,10297.476
2021-11-13 14:00:00,10774.0,10547.937
2021-11-13 15:00:00,10968.0,10858.715
2021-11-13 16:00:00,11059.0,10924.888
2021-11-13 17:00:00,10931.0,10898.9
2021-11-13 18:00:00,10600.0,10537.71
2021-11-13 19:00:00,10131.0,10078.271
2021-11-13 20:00:00,10311.0,9940.497
2021-11-13 21:00:00,10076.0,9952.024
2021-11-13 22:00:00,9675.0,9612.891
2021-11-13 23:00:00,9335.0,9392.432
2021-11-14 00:00:00,9142.0,9066.151
2021-11-14 01:00:00,9066.0,9024.851
2021-11-14 02:00:00,9051.0,9027.35
2021-11-14 03:00:00,9190.0,9053.199
2021-11-14 04:00:00,9375.0,9249.703
2021-11-14 05:00:00,9492.0,9496.951
2021-11-14 06:00:00,9680.0,9638.636
2021-11-14 07:00:00,9890.0,9816.705
2021-11-14 08:00:00,10079.0,9994.911
2021-11-14 09:00:00,10086.0,10138.519
2021-11-14 10:00:00,10036.0,10097.287
2021-11-14 11:00:00,9968.0,10018.464
2021-11-14 12:00:00,9959.0,9990.823
2021-11-14 13:00:00,10030.0,10110.644
2021-11-14 14:00:00,10353.0,10309.381
2021-11-14 15:00:00,10588.0,10532.904
2021-11-14 16:00:00,10618.0,10665.102
2021-11-14 17:00:00,10610.0,10550.573
2021-11-14 18:00:00,10503.0,10318.894
2021-11-14 19:00:00,10163.0,10092.948
2021-11-14 20:00:00,10415.0,10195.566
2021-11-14 21:00:00,10398.0,10200.485
2021-11-14 22:00:00,10110.0,9913.461
2021-11-14 23:00:00,9812.0,9911.761
2021-11-15 00:00:00,9652.0,10131.172
2021-11-15 01:00:00,9657.0,10096.648
2021-11-15 02:00:00,9734.0,10061.491
2021-11-15 03:00:00,10078.0,10089.545
2021-11-15 04:00:00,10886.0,10265.706
2021-11-15 05:00:00,11449.0,11195.133
2021-11-15 06:00:00,11602.0,11555.855
2021-11-15 07:00:00,11599.0,11545.623
2021-11-15 08:00:00,11537.0,11514.005
2021-11-15 09:00:00,11531.0,11467.764
2021-11-15 10:00:00,11409.0,11452.659
2021-11-15 11:00:00,11261.0,11352.629
2021-11-15 12:00:00,11153.0,11215.105
2021-11-15 13:00:00,11192.0,11221.586
2021-11-15 14:00:00,11272.0,11307.84
2021-11-15 15:00:00,11213.0,11360.553
2021-11-15 16:00:00,11104.0,11295.16
2021-11-15 17:00:00,11075.0,11161.4
2021-11-15 18:00:00,10819.0,10910.498
2021-11-15 19:00:00,10342.0,10516.043
2021-11-15 20:00:00,10498.0,10481.798
2021-11-15 21:00:00,10120.0,10474.627
2021-11-15 22:00:00,10536.0,10674.268
2021-11-15 23:00:00,10534.0,10818.944
2021-11-16 00:00:00,10514.0,10634.172
2021-11-16 01:00:00,10495.5,10590.33
2021-11-16 02:00:00,10495.5,10547.314
2021-11-16 03:00:00,10495.5,10575.333
2021-11-16 04:00:00,10495.5,10677.905
2021-11-16 05:00:00,10493.0,10966.72
2021-11-16 06:00:00,10542.0,10862.659
2021-11-16 07:00:00,10559.0,10727.448
2021-11-16 08:00:00,10552.0,10679.332
2021-11-16 09:00:00,10530.0,10662.476
2021-11-16 10:00:00,10538.0,10625.36
2021-11-16 11:00:00,10485.0,10616.831
2021-11-16 12:00:00,10480.0,10549.396
2021-11-16 13:00:00,10579.0,10687.806
2021-11-16 14:00:00,10839.0,10855.038
2021-11-16 15:00:00,10813.0,10989.087
2021-11-16 16:00:00,10762.0,10890.193
2021-11-16 17:00:00,10677.0,10847.375
2021-11-16 18:00:00,10555.0,10511.994
2021-11-16 19:00:00,10100.0,10230.561
2021-11-16 20:00:00,10153.0,10190.188
2021-11-16 21:00:00,9936.0,10066.405
2021-11-16 22:00:00,10482.5,10248.667
2021-11-16 23:00:00,10482.5,10525.484
2021-11-17 00:00:00,10462.0,10499.395
2021-11-17 01:00:00,10417.0,10451.552
2021-11-17 02:00:00,10417.0,10422.579
2021-11-17 03:00:00,10417.0,10355.679
2021-11-17 04:00:00,9836.0,10319.683
2021-11-17 05:00:00,10373.0,10365.178
2021-11-17 06:00:00,10567.0,10536.825
2021-11-17 07:00:00,10530.0,10590.558
2021-11-17 08:00:00,10493.0,10544.551
2021-11-17 09:00:00,10500.0,10516.591
2021-11-17 10:00:00,10524.0,10488.992
2021-11-17 11:00:00,10444.0,10473.279
2021-11-17 12:00:00,10390.0,10392.04
2021-11-17 13:00:00,10539.0,10464.025
2021-11-17 14:00:00,10757.0,10748.075
2021-11-17 15:00:00,10817.0,10843.647
2021-11-17 16:00:00,10817.0,10820.791
2021-11-17 17:00:00,10853.0,10791.433
2021-11-17 18:00:00,10558.0,10534.609
2021-11-17 19:00:00,10081.0,10165.168
2021-11-17 20:00:00,10051.0,10027.541
2021-11-17 21:00:00,9805.0,9835.935
2021-11-17 22:00:00,10260.0,10183.358
2021-11-17 23:00:00,10260.0,10321.461
2021-11-18 00:00:00,10220.5,10275.496
2021-11-18 01:00:00,10220.5,10245.888
2021-11-18 02:00:00,10220.5,10223.015
2021-11-18 03:00:00,10220.5,10184.559
2021-11-18 04:00:00,9719.0,10030.031
2021-11-18 05:00:00,10203.0,10289.638
2021-11-18 06:00:00,10341.0,10492.394
2021-11-18 07:00:00,10290.0,10444.47
2021-11-18 08:00:00,10238.0,10358.06
2021-11-18 09:00:00,10282.0,10318.711
2021-11-18 10:00:00,10289.0,10326.083
2021-11-18 11:00:00,10185.0,10281.202
2021-11-18 12:00:00,10247.0,10206.34
2021-11-18 13:00:00,10410.0,10393.629
2021-11-18 14:00:00,10676.0,10601.761
2021-11-18 15:00:00,10730.0,10784.49
2021-11-18 16:00:00,10729.0,10773.535
2021-11-18 17:00:00,10675.0,10736.422
2021-11-18 18:00:00,10550.0,10381.2
2021-11-18 19:00:00,10271.0,10153.752
2021-11-18 20:00:00,10255.0,10068.629
2021-11-18 21:00:00,10046.0,9899.447
2021-11-18 22:00:00,9628.0,10153.383
2021-11-18 23:00:00,10340.5,10100.685
2021-11-19 00:00:00,10480.0,10385.286
2021-11-19 01:00:00,10576.5,10483.48
2021-11-19 02:00:00,10639.0,10581.171
2021-11-19 03:00:00,10639.0,10533.857
2021-11-19 04:00:00,10227.0,10299.893
2021-11-19 05:00:00,10692.0,10453.685
2021-11-19 06:00:00,10949.0,10795.468
2021-11-19 07:00:00,10924.0,10936.503
2021-11-19 08:00:00,10936.0,10881.209
2021-11-19 09:00:00,10946.0,10924.199
2021-11-19 10:00:00,10852.0,10911.431
2021-11-19 11:00:00,10697.0,10755.139
2021-11-19 12:00:00,10603.0,10671.291
2021-11-19 13:00:00,10744.0,10703.505
2021-11-19 14:00:00,10987.0,10930.201
2021-11-19 15:00:00,10894.0,11110.714
2021-11-19 16:00:00,10934.0,10952.545
2021-11-19 17:00:00,10897.0,10957.397
2021-11-19 18:00:00,10569.0,10636.814
2021-11-19 19:00:00,10096.0,10214.588
2021-11-19 20:00:00,10151.0,10117.271
2021-11-19 21:00:00,9929.0,9961.622
2021-11-19 22:00:00,9497.0,9685.016
2021-11-19 23:00:00,10065.0,9832.934
2021-11-20 00:00:00,10065.0,10003.585
2021-11-20 01:00:00,10065.0,10005.071
2021-11-20 02:00:00,10065.0,9956.82
2021-11-20 03:00:00,10065.0,9901.861
2021-11-20 04:00:00,9356.0,9709.338
2021-11-20 05:00:00,9514.0,9501.139
2021-11-20 06:00:00,9731.0,9741.331
2021-11-20 07:00:00,9842.0,9881.543
2021-11-20 08:00:00,10034.0,9958.47
2021-11-20 09:00:00,10122.0,10086.914
2021-11-20 10:00:00,10165.0,10132.167
2021-11-20 11:00:00,10134.0,10114.39
2021-11-20 12:00:00,10106.0,10132.199
2021-11-20 13:00:00,10400.0,10274.093
2021-11-20 14:00:00,10736.0,10612.318
2021-11-20 15:00:00,10873.0,10877.723
2021-11-20 16:00:00,10933.0,10866.534
2021-11-20 17:00:00,10836.0,10868.816
2021-11-20 18:00:00,10458.0,10445.043
2021-11-20 19:00:00,10039.0,9991.324
2021-11-20 20:00:00,10195.0,10030.165
2021-11-20 21:00:00,9958.0,9900.591
2021-11-20 22:00:00,9596.0,9464.029
2021-11-20 23:00:00,9341.0,9331.1455
2021-11-21 00:00:00,9149.0,9101.331
2021-11-21 01:00:00,9053.0,9049.036
2021-11-21 02:00:00,9066.0,9037.061
2021-11-21 03:00:00,9146.0,9110.86
2021-11-21 04:00:00,9341.0,9229.116
2021-11-21 05:00:00,9410.0,9460.8
2021-11-21 06:00:00,9543.0,9588.958
2021-11-21 07:00:00,9750.0,9660.454
2021-11-21 08:00:00,10002.0,9856.079
2021-11-21 09:00:00,10068.0,10060.486
2021-11-21 10:00:00,10179.0,10071.838
2021-11-21 11:00:00,10149.0,10135.291
2021-11-21 12:00:00,10174.0,10092.414
2021-11-21 13:00:00,10356.0,10302.463
2021-11-21 14:00:00,10673.0,10575.287
2021-11-21 15:00:00,10816.0,10787.647
2021-11-21 16:00:00,10899.0,10813.108
2021-11-21 17:00:00,10976.0,10790.142
2021-11-21 18:00:00,10772.0,10701.741
2021-11-21 19:00:00,10391.0,10332.1045
2021-11-21 20:00:00,10648.0,10385.892
2021-11-21 21:00:00,10596.0,10510.447
2021-11-21 22:00:00,10289.0,10215.491
2021-11-21 23:00:00,10013.0,10015.329
2021-11-22 00:00:00,10722.5,10157.877
2021-11-22 01:00:00,10794.0,10676.64
2021-11-22 02:00:00,10857.5,10664.606
2021-11-22 03:00:00,10340.0,10581.636
2021-11-22 04:00:00,11156.0,10493.224
2021-11-22 05:00:00,11639.0,11544.815
2021-11-22 06:00:00,11740.0,11817.885
2021-11-22 07:00:00,11759.0,11684.393
2021-11-22 08:00:00,11757.0,11705.737
2021-11-22 09:00:00,11710.0,11708.862
2021-11-22 10:00:00,11654.0,11643.879
2021-11-22 11:00:00,11585.0,11579.577
2021-11-22 12:00:00,11555.0,11570.834
2021-11-22 13:00:00,11691.0,11624.8125
2021-11-22 14:00:00,11894.0,11792.942
2021-11-22 15:00:00,11979.0,11909.625
2021-11-22 16:00:00,11925.0,11930.085
2021-11-22 17:00:00,11908.0,11897.748
2021-11-22 18:00:00,11658.0,11722.216
2021-11-22 19:00:00,11231.0,11220.294
2021-11-22 20:00:00,11256.0,11276.573
2021-11-22 21:00:00,10989.0,11099.805
2021-11-22 22:00:00,11571.0,11163.275
2021-11-22 23:00:00,11559.0,11610.834
2021-11-23 00:00:00,11543.5,11588.207
2021-11-23 01:00:00,11534.0,11580.336
2021-11-23 02:00:00,11534.0,11540.547
2021-11-23 03:00:00,11534.0,11414.073
2021-11-23 04:00:00,11218.0,11339.402
2021-11-23 05:00:00,11690.0,11652.313
2021-11-23 06:00:00,11701.0,11812.974
2021-11-23 07:00:00,11579.0,11708.7705
2021-11-23 08:00:00,11619.0,11581.182
2021-11-23 09:00:00,11563.0,11588.204
2021-11-23 10:00:00,11532.0,11552.384
2021-11-23 11:00:00,11483.0,11490.617
2021-11-23 12:00:00,11536.0,11458.85
2021-11-23 13:00:00,11708.0,11623.209
2021-11-23 14:00:00,11961.0,11820.78
2021-11-23 15:00:00,11868.0,11983.922
2021-11-23 16:00:00,11680.0,11829.914
2021-11-23 17:00:00,11837.0,11681.962
2021-11-23 18:00:00,11653.0,11633.842
2021-11-23 19:00:00,11107.0,11100.63
2021-11-23 20:00:00,11132.0,11074.252
2021-11-23 21:00:00,10858.0,10884.657
2021-11-23 22:00:00,11122.5,11036.551
2021-11-23 23:00:00,11111.0,11224.2295
2021-11-24 00:00:00,11108.0,11201.874
2021-11-24 01:00:00,11100.0,11178.527
2021-11-24 02:00:00,11100.0,11182.884
2021-11-24 03:00:00,11100.0,11111.042
2021-11-24 04:00:00,11100.0,10877.684
2021-11-24 05:00:00,10990.0,11425.845
2021-11-24 06:00:00,11164.0,11205.676
2021-11-24 07:00:00,11093.0,11235.021
2021-11-24 08:00:00,11113.0,11162.579
2021-11-24 09:00:00,11142.0,11140.194
2021-11-24 10:00:00,11109.0,11152.058
2021-11-24 11:00:00,11075.0,11098.752
2021-11-24 12:00:00,11093.0,11075.034
2021-11-24 13:00:00,11228.0,11289.846
2021-11-24 14:00:00,11399.0,11511.788
2021-11-24 15:00:00,11562.0,11587.729
2021-11-24 16:00:00,11577.0,11601.748
2021-11-24 17:00:00,11579.0,11605.664
2021-11-24 18:00:00,11279.0,11425.331
2021-11-24 19:00:00,10890.0,10775.74
2021-11-24 20:00:00,11004.0,10830.676
2021-11-24 21:00:00,10745.0,10737.689
2021-11-24 22:00:00,10317.0,10800.807
2021-11-24 23:00:00,11160.5,10872.301
2021-11-25 00:00:00,11217.0,11194.44
2021-11-25 01:00:00,11246.0,11266.275
2021-11-25 02:00:00,11271.5,11258.886
2021-11-25 03:00:00,11271.5,11180.8545
2021-11-25 04:00:00,10870.0,11051.237
2021-11-25 05:00:00,11290.0,11138.411
2021-11-25 06:00:00,11503.0,11432.044
2021-11-25 07:00:00,11361.0,11469.82
2021-11-25 08:00:00,11312.0,11321.553
2021-11-25 09:00:00,11303.0,11295.0625
2021-11-25 10:00:00,11332.0,11278.55
2021-11-25 11:00:00,11206.0,11300.021
2021-11-25 12:00:00,11264.0,11231.257
2021-11-25 13:00:00,11418.0,11366.609
2021-11-25 14:00:00,11581.0,11582.572
2021-11-25 15:00:00,11575.0,11693.455
2021-11-25 16:00:00,11494.0,11614.568
2021-11-25 17:00:00,11532.0,11500.088
2021-11-25 18:00:00,11309.0,11336.157
2021-11-25 19:00:00,10869.0,10820.578
2021-11-25 20:00:00,10972.0,10920.0
2021-11-25 21:00:00,10726.0,10752.56
2021-11-25 22:00:00,11286.5,10558.281
2021-11-25 23:00:00,11286.5,11221.457
2021-11-26 00:00:00,11363.5,11301.079
2021-11-26 01:00:00,11456.0,11361.731
2021-11-26 02:00:00,11513.0,11449.863
2021-11-26 03:00:00,11513.0,11435.421
2021-11-26 04:00:00,11140.0,11228.329
2021-11-26 05:00:00,11578.0,11484.343
2021-11-26 06:00:00,11721.0,11721.059
2021-11-26 07:00:00,11547.0,11666.472
2021-11-26 08:00:00,11667.0,11556.339
2021-11-26 09:00:00,11728.0,11604.1455
2021-11-26 10:00:00,11701.0,11639.756
2021-11-26 11:00:00,11590.0,11630.29
2021-11-26 12:00:00,11544.0,11558.887
2021-11-26 13:00:00,11621.0,11649.131
2021-11-26 14:00:00,11773.0,11756.178
2021-11-26 15:00:00,11793.0,11817.655
2021-11-26 16:00:00,11825.0,11748.032
2021-11-26 17:00:00,12004.0,11725.602
2021-11-26 18:00:00,11933.0,11724.635
2021-11-26 19:00:00,11529.0,11423.696
2021-11-26 20:00:00,11612.0,11448.41
2021-11-26 21:00:00,11461.0,11271.036
2021-11-26 22:00:00,11064.0,11031.748
2021-11-26 23:00:00,11562.5,10715.108
2021-11-27 00:00:00,11562.5,11446.806
2021-11-27 01:00:00,11596.5,11468.829
2021-11-27 02:00:00,11596.5,11491.665
2021-11-27 03:00:00,10778.0,11414.098
2021-11-27 04:00:00,11049.0,10414.799
2021-11-27 05:00:00,11214.0,11046.766
2021-11-27 06:00:00,11522.0,11383.455
2021-11-27 07:00:00,11581.0,11527.321
2021-11-27 08:00:00,11749.0,11578.997
2021-11-27 09:00:00,11760.0,11726.965
2021-11-27 10:00:00,11751.0,11708.144
2021-11-27 11:00:00,11717.0,11676.834
2021-11-27 12:00:00,11707.0,11657.013
2021-11-27 13:00:00,12001.0,11799.51
2021-11-27 14:00:00,12377.0,12096.755
2021-11-27 15:00:00,12530.0,12383.593
2021-11-27 16:00:00,12508.0,12461.869
2021-11-27 17:00:00,12442.0,12421.263
2021-11-27 18:00:00,12070.0,12107.408
2021-11-27 19:00:00,11586.0,11517.102
2021-11-27 20:00:00,11728.0,11622.278
2021-11-27 21:00:00,11636.0,11514.144
2021-11-27 22:00:00,11303.0,11311.737
2021-11-27 23:00:00,11009.0,11084.639
2021-11-28 00:00:00,10849.0,10804.79
2021-11-28 01:00:00,10756.0,10745.139
2021-11-28 02:00:00,10729.0,10706.791
2021-11-28 03:00:00,10825.0,10655.214
2021-11-28 04:00:00,10972.0,10704.474
2021-11-28 05:00:00,11070.0,10973.004
2021-11-28 06:00:00,11315.0,11183.161
2021-11-28 07:00:00,11448.0,11368.901
2021-11-28 08:00:00,11716.0,11455.539
2021-11-28 09:00:00,11834.0,11707.894
2021-11-28 10:00:00,11792.0,11770.536
2021-11-28 11:00:00,11775.0,11711.59
2021-11-28 12:00:00,11748.0,11732.303
2021-11-28 13:00:00,11948.0,11803.844
2021-11-28 14:00:00,12244.0,12086.901
2021-11-28 15:00:00,12247.0,12339.695
2021-11-28 16:00:00,12352.0,12243.597
2021-11-28 17:00:00,12345.0,12314.726
2021-11-28 18:00:00,12089.0,12097.026
2021-11-28 19:00:00,11691.0,11563.633
2021-11-28 20:00:00,11931.0,11794.455
2021-11-28 21:00:00,11848.0,11810.918
2021-11-28 22:00:00,11510.0,11464.767
2021-11-28 23:00:00,12018.5,11308.132
2021-11-29 00:00:00,12145.5,12110.404
2021-11-29 01:00:00,12223.0,12259.176
2021-11-29 02:00:00,12245.5,12271.884
2021-11-29 03:00:00,12296.0,12335.297
2021-11-29 04:00:00,12202.0,12509.713
2021-11-29 05:00:00,12646.0,12616.197
2021-11-29 06:00:00,12836.0,12791.25
2021-11-29 07:00:00,12768.0,12751.81
2021-11-29 08:00:00,12701.0,12667.8545
2021-11-29 09:00:00,12676.0,12659.869
2021-11-29 10:00:00,12733.0,12566.047
2021-11-29 11:00:00,12701.0,12631.083
2021-11-29 12:00:00,12631.0,12646.422
2021-11-29 13:00:00,12812.0,12622.387
2021-11-29 14:00:00,12821.0,12885.664
2021-11-29 15:00:00,12717.0,12851.018
2021-11-29 16:00:00,12629.0,12766.93
2021-11-29 17:00:00,12636.0,12672.943
2021-11-29 18:00:00,12391.0,12461.337
2021-11-29 19:00:00,12630.0,11904.989
2021-11-29 20:00:00,12255.0,12572.586
2021-11-29 21:00:00,12071.0,12059.209
2021-11-29 22:00:00,12630.0,12025.148
2021-11-29 23:00:00,12630.0,12539.705
2021-11-30 00:00:00,12630.0,12592.585
2021-11-30 01:00:00,12632.5,12580.552
2021-11-30 02:00:00,12632.5,12553.004
2021-11-30 03:00:00,12632.5,12538.542
2021-11-30 04:00:00,12581.0,12472.112
2021-11-30 05:00:00,12854.0,12713.575
2021-11-30 06:00:00,13083.0,12894.632
2021-11-30 07:00:00,13057.0,12872.833
2021-11-30 08:00:00,13046.0,12861.46
2021-11-30 09:00:00,13037.0,12851.537
2021-11-30 10:00:00,13107.0,12863.126
2021-11-30 11:00:00,12960.0,12986.074
2021-11-30 12:00:00,12895.0,12860.346
2021-11-30 13:00:00,13073.0,12813.752
2021-11-30 14:00:00,13144.0,13093.457
2021-11-30 15:00:00,13114.0,13168.515
2021-11-30 16:00:00,13001.0,13103.297
2021-11-30 17:00:00,13108.0,12968.527
2021-11-30 18:00:00,12905.0,12887.82
2021-11-30 19:00:00,12414.0,12419.374
2021-11-30 20:00:00,12448.0,12379.993
2021-11-30 21:00:00,12802.0,12192.107
2021-11-30 22:00:00,12797.5,12679.544
2021-11-30 23:00:00,12790.0,12690.884
2021-12-01 00:00:00,12777.0,12788.306
2021-12-01 01:00:00,12761.5,12699.862
2021-12-01 02:00:00,12761.5,12713.169
2021-12-01 03:00:00,12761.5,12688.156
2021-12-01 04:00:00,12308.0,12587.14
2021-12-01 05:00:00,12767.0,12678.111
2021-12-01 06:00:00,12917.0,12878.193
2021-12-01 07:00:00,12802.0,12924.411
2021-12-01 08:00:00,12802.0,12792.05
2021-12-01 09:00:00,12793.0,12799.501
2021-12-01 10:00:00,12787.0,12792.648
2021-12-01 11:00:00,12730.0,12719.097
2021-12-01 12:00:00,12756.0,12697.021
2021-12-01 13:00:00,12844.0,12826.241
2021-12-01 14:00:00,13029.0,12954.154
2021-12-01 15:00:00,13083.0,13053.379
2021-12-01 16:00:00,13132.0,13026.556
2021-12-01 17:00:00,13204.0,13154.207
2021-12-01 18:00:00,12979.0,12895.772
2021-12-01 19:00:00,12515.0,12517.179
2021-12-01 20:00:00,12521.0,12467.096
2021-12-01 21:00:00,12216.0,12418.358
2021-12-01 22:00:00,12771.5,12064.145
2021-12-01 23:00:00,12800.0,12583.652
2021-12-02 00:00:00,12853.0,12827.268
2021-12-02 01:00:00,12854.5,12816.738
2021-12-02 02:00:00,12870.5,12801.921
2021-12-02 03:00:00,12870.5,12760.54
2021-12-02 04:00:00,12500.0,12621.081
2021-12-02 05:00:00,12962.0,12775.414
2021-12-02 06:00:00,13149.0,13109.1455
2021-12-02 07:00:00,13061.0,13056.063
2021-12-02 08:00:00,12975.0,12903.283
2021-12-02 09:00:00,12892.0,12885.048
2021-12-02 10:00:00,12879.0,12730.301
2021-12-02 11:00:00,12862.0,12716.687
2021-12-02 12:00:00,12847.0,12728.833
2021-12-02 13:00:00,12998.0,12842.6045
2021-12-02 14:00:00,12976.0,13082.01
2021-12-02 15:00:00,12942.0,13050.879
2021-12-02 16:00:00,12878.0,13013.0625
2021-12-02 17:00:00,12890.0,12869.964
2021-12-02 18:00:00,12937.0,12751.188
2021-12-02 19:00:00,12550.0,12507.656
2021-12-02 20:00:00,12654.0,12471.47
2021-12-02 21:00:00,12457.0,12327.778
2021-12-02 22:00:00,12870.0,12432.452
2021-12-02 23:00:00,12870.0,12779.009
2021-12-03 00:00:00,12884.0,12820.982
2021-12-03 01:00:00,12913.5,12807.042
2021-12-03 02:00:00,12913.5,12970.238
2021-12-03 03:00:00,12913.5,12934.432
2021-12-03 04:00:00,12777.0,12840.261
2021-12-03 05:00:00,13230.0,12986.364
2021-12-03 06:00:00,13404.0,13283.423
2021-12-03 07:00:00,13223.0,13266.877
2021-12-03 08:00:00,13200.0,13092.97
2021-12-03 09:00:00,13111.0,13069.811
2021-12-03 10:00:00,13083.0,13059.223
2021-12-03 11:00:00,12991.0,12897.644
2021-12-03 12:00:00,12954.0,12907.025
2021-12-03 13:00:00,13106.0,13046.445
2021-12-03 14:00:00,13247.0,13233.282
2021-12-03 15:00:00,13173.0,13195.151
2021-12-03 16:00:00,13076.0,13124.595
2021-12-03 17:00:00,13041.0,12954.236
2021-12-03 18:00:00,12809.0,12773.028
2021-12-03 19:00:00,12336.0,12436.664
2021-12-03 20:00:00,12388.0,12371.646
2021-12-03 21:00:00,12140.0,12180.799
2021-12-03 22:00:00,12281.5,11904.197
2021-12-03 23:00:00,12281.5,12182.786
2021-12-04 00:00:00,12281.5,12304.105
2021-12-04 01:00:00,12281.5,12263.521
2021-12-04 02:00:00,12281.5,12260.404
2021-12-04 03:00:00,12281.5,12223.082
2021-12-04 04:00:00,11489.0,12194.744
2021-12-04 05:00:00,11643.0,11634.3125
2021-12-04 06:00:00,11972.0,11954.768
2021-12-04 07:00:00,12157.0,12080.367
2021-12-04 08:00:00,12246.0,12230.318
2021-12-04 09:00:00,12317.0,12305.923
2021-12-04 10:00:00,12374.0,12277.461
2021-12-04 11:00:00,12333.0,12350.672
2021-12-04 12:00:00,12386.0,12377.672
2021-12-04 13:00:00,12751.0,12528.697
2021-12-04 14:00:00,13129.0,12848.13
2021-12-04 15:00:00,13313.0,13120.758
2021-12-04 16:00:00,13409.0,13216.86
2021-12-04 17:00:00,13324.0,13191.81
2021-12-04 18:00:00,13054.0,12996.361
2021-12-04 19:00:00,12674.0,12402.727
2021-12-04 20:00:00,12925.0,12578.015
2021-12-04 21:00:00,12713.0,12650.118
2021-12-04 22:00:00,12343.0,12306.772
2021-12-04 23:00:00,12078.0,12055.635
2021-12-05 00:00:00,11901.0,11882.137
2021-12-05 01:00:00,11842.0,11736.626
2021-12-05 02:00:00,11872.0,11744.781
2021-12-05 03:00:00,12112.0,11769.531
2021-12-05 04:00:00,12311.0,11995.174
2021-12-05 05:00:00,12322.0,12196.77
2021-12-05 06:00:00,12693.0,12354.576
2021-12-05 07:00:00,12852.0,12616.774
2021-12-05 08:00:00,13168.0,12681.3125
2021-12-05 09:00:00,13241.0,12986.631
2021-12-05 10:00:00,13178.0,12961.607
2021-12-05 11:00:00,13135.0,12928.503
2021-12-05 12:00:00,13170.0,12963.92
2021-12-05 13:00:00,13345.0,13120.93
2021-12-05 14:00:00,13633.0,13442.699
2021-12-05 15:00:00,13651.0,13659.444
2021-12-05 16:00:00,13685.0,13609.67
2021-12-05 17:00:00,13600.0,13573.672
2021-12-05 18:00:00,13409.0,13402.981
2021-12-05 19:00:00,13093.0,12902.68
2021-12-05 20:00:00,13253.0,13046.224
2021-12-05 21:00:00,13206.0,13030.21
2021-12-05 22:00:00,12927.0,12775.206
2021-12-05 23:00:00,12612.0,12731.835
2021-12-06 00:00:00,12432.0,12704.921
2021-12-06 01:00:00,12352.0,12606.701
2021-12-06 02:00:00,12357.0,12606.78
2021-12-06 03:00:00,12489.0,12654.23
2021-12-06 04:00:00,12657.0,12990.259
2021-12-06 05:00:00,12558.0,13120.454
2021-12-06 06:00:00,12554.0,12958.712
2021-12-06 07:00:00,12683.0,12727.121
2021-12-06 08:00:00,12848.0,12856.671
2021-12-06 09:00:00,12925.0,12903.663
2021-12-06 10:00:00,12898.0,12994.277
2021-12-06 11:00:00,12855.0,12845.598
2021-12-06 12:00:00,12799.0,12855.139
2021-12-06 13:00:00,13004.0,12960.143
2021-12-06 14:00:00,13255.0,13148.392
2021-12-06 15:00:00,13303.0,13212.232
2021-12-06 16:00:00,13292.0,13309.876
2021-12-06 17:00:00,13206.0,13303.192
2021-12-06 18:00:00,12986.0,12976.453
2021-12-06 19:00:00,12681.0,12678.769
2021-12-06 20:00:00,12969.0,12718.346
2021-12-06 21:00:00,12870.0,12828.999
2021-12-06 22:00:00,12550.0,12843.991
2021-12-06 23:00:00,12995.0,12566.497
2021-12-07 00:00:00,13105.0,12989.96
2021-12-07 01:00:00,13230.5,13106.929
2021-12-07 02:00:00,13273.5,13089.42
2021-12-07 03:00:00,12714.0,13167.937
2021-12-07 04:00:00,13461.0,12632.578
2021-12-07 05:00:00,13568.0,13454.389
2021-12-07 06:00:00,13778.0,13589.444
2021-12-07 07:00:00,13634.0,13486.579
2021-12-07 08:00:00,13565.0,13503.323
2021-12-07 09:00:00,13582.0,13488.836
2021-12-07 10:00:00,13527.0,13492.987
2021-12-07 11:00:00,13452.0,13484.396
2021-12-07 12:00:00,13498.0,13268.353
2021-12-07 13:00:00,13744.0,13588.094
2021-12-07 14:00:00,13873.0,13635.771
2021-12-07 15:00:00,13875.0,13925.459
2021-12-07 16:00:00,13842.0,13982.034
2021-12-07 17:00:00,13777.0,13907.53
2021-12-07 18:00:00,13625.0,13435.092
2021-12-07 19:00:00,13360.0,13192.06
2021-12-07 20:00:00,13581.0,13311.419
2021-12-07 21:00:00,13391.0,13408.925
2021-12-07 22:00:00,13029.0,13231.498
2021-12-07 23:00:00,13603.0,12970.517
2021-12-08 00:00:00,13653.0,13550.555
2021-12-08 01:00:00,13712.5,13532.508
2021-12-08 02:00:00,13729.0,13520.284
2021-12-08 03:00:00,13729.0,13483.157
2021-12-08 04:00:00,13479.0,13461.303
2021-12-08 05:00:00,13681.0,13521.046
2021-12-08 06:00:00,14038.0,13641.231
2021-12-08 07:00:00,14004.0,13830.632
2021-12-08 08:00:00,13933.0,13827.546
2021-12-08 09:00:00,13930.0,13871.966
2021-12-08 10:00:00,13889.0,13859.082
2021-12-08 11:00:00,13827.0,13842.977
2021-12-08 12:00:00,13896.0,13848.129
2021-12-08 13:00:00,14009.0,13952.746
2021-12-08 14:00:00,14135.0,13969.114
2021-12-08 15:00:00,14175.0,13943.711
2021-12-08 16:00:00,14162.0,13942.033
2021-12-08 17:00:00,14154.0,13954.425
2021-12-08 18:00:00,13927.0,13811.594
2021-12-08 19:00:00,13616.0,13535.267
2021-12-08 20:00:00,13581.0,13452.565
2021-12-08 21:00:00,13441.0,13361.217
2021-12-08 22:00:00,13034.0,13275.723
2021-12-08 23:00:00,13616.0,13051.161
2021-12-09 00:00:00,13598.5,13637.514
2021-12-09 01:00:00,13559.5,13629.301
2021-12-09 02:00:00,13559.5,13600.756
2021-12-09 03:00:00,12852.0,13611.203
2021-12-09 04:00:00,13458.0,12956.185
2021-12-09 05:00:00,13616.0,13535.6
2021-12-09 06:00:00,13820.0,13754.073
2021-12-09 07:00:00,13763.0,13701.569
2021-12-09 08:00:00,13648.0,13677.516
2021-12-09 09:00:00,13538.0,13664.13
2021-12-09 10:00:00,13528.0,13572.789
2021-12-09 11:00:00,13378.0,13549.773
2021-12-09 12:00:00,13400.0,13313.412
2021-12-09 13:00:00,13607.0,13415.362
2021-12-09 14:00:00,13591.0,13668.921
2021-12-09 15:00:00,13490.0,13637.338
2021-12-09 16:00:00,13373.0,13581.3955
2021-12-09 17:00:00,13397.0,13349.763
2021-12-09 18:00:00,13130.0,13165.463
2021-12-09 19:00:00,12726.0,12783.909
2021-12-09 20:00:00,12763.0,12786.866
2021-12-09 21:00:00,12541.0,12690.334
2021-12-09 22:00:00,13087.5,12656.143
2021-12-09 23:00:00,13026.5,13056.2705
2021-12-10 00:00:00,12990.0,13097.35
2021-12-10 01:00:00,12957.5,13068.378
2021-12-10 02:00:00,12957.5,13011.55
2021-12-10 03:00:00,12957.5,12910.078
2021-12-10 04:00:00,12839.0,13119.354
2021-12-10 05:00:00,13173.0,13167.721
2021-12-10 06:00:00,13345.0,13356.451
2021-12-10 07:00:00,13187.0,13323.476
2021-12-10 08:00:00,13008.0,13158.369
2021-12-10 09:00:00,13045.0,13016.654
2021-12-10 10:00:00,12972.0,13008.988
2021-12-10 11:00:00,12943.0,12982.916
2021-12-10 12:00:00,12940.0,12979.685
2021-12-10 13:00:00,13028.0,13085.556
2021-12-10 14:00:00,13049.0,13155.05
2021-12-10 15:00:00,13001.0,13110.873
2021-12-10 16:00:00,12904.0,13052.108
2021-12-10 17:00:00,12789.0,12858.615
2021-12-10 18:00:00,12556.0,12636.737
2021-12-10 19:00:00,12147.0,12196.603
2021-12-10 20:00:00,12208.0,12198.122
2021-12-10 21:00:00,11946.0,12010.334
2021-12-10 22:00:00,11445.0,11906.062
2021-12-10 23:00:00,11545.5,11510.026
2021-12-11 00:00:00,11538.0,11823.611
2021-12-11 01:00:00,11538.0,11685.634
2021-12-11 02:00:00,11538.0,11662.818
2021-12-11 03:00:00,11538.0,11661.035
2021-12-11 04:00:00,11068.0,11496.633
2021-12-11 05:00:00,11145.0,11216.172
2021-12-11 06:00:00,11441.0,11466.962
2021-12-11 07:00:00,11469.0,11550.433
2021-12-11 08:00:00,11428.0,11522.126
2021-12-11 09:00:00,11530.0,11476.937
2021-12-11 10:00:00,11561.0,11543.566
2021-12-11 11:00:00,11546.0,11570.177
2021-12-11 12:00:00,11579.0,11581.086
2021-12-11 13:00:00,11848.0,11831.859
2021-12-11 14:00:00,11990.0,12134.352
2021-12-11 15:00:00,12063.0,12066.844
2021-12-11 16:00:00,12071.0,12034.759
2021-12-11 17:00:00,11813.0,11945.447
2021-12-11 18:00:00,11630.0,11732.819
2021-12-11 19:00:00,11244.0,11294.101
2021-12-11 20:00:00,11374.0,11414.753
2021-12-11 21:00:00,11223.0,11312.832
2021-12-11 22:00:00,10851.0,10886.665
2021-12-11 23:00:00,10538.0,10783.223
2021-12-12 00:00:00,10288.0,10396.25
2021-12-12 01:00:00,10118.0,10181.041
2021-12-12 02:00:00,10084.0,10200.252
2021-12-12 03:00:00,10127.0,10200.793
2021-12-12 04:00:00,10302.0,10294.112
2021-12-12 05:00:00,10355.0,10414.368
2021-12-12 06:00:00,10671.0,10638.435
2021-12-12 07:00:00,10735.0,10871.586
2021-12-12 08:00:00,10819.0,10961.326
2021-12-12 09:00:00,10909.0,10993.498
2021-12-12 10:00:00,11009.0,11043.191
2021-12-12 11:00:00,10951.0,11077.834
2021-12-12 12:00:00,10978.0,11097.326
2021-12-12 13:00:00,11215.0,11293.355
2021-12-12 14:00:00,11331.0,11543.965
2021-12-12 15:00:00,11403.0,11520.617
2021-12-12 16:00:00,11374.0,11477.2
2021-12-12 17:00:00,11374.0,11407.382
2021-12-12 18:00:00,11098.0,11239.497
2021-12-12 19:00:00,10780.0,10822.655
2021-12-12 20:00:00,11037.0,11055.213
2021-12-12 21:00:00,10944.0,10980.903
2021-12-12 22:00:00,10568.0,10737.456
2021-12-12 23:00:00,11156.5,10732.366
2021-12-13 00:00:00,11252.0,11140.597
2021-12-13 01:00:00,11310.0,11258.877
2021-12-13 02:00:00,11352.5,11316.169
2021-12-13 03:00:00,11374.0,11260.918
2021-12-13 04:00:00,11289.0,11427.826
2021-12-13 05:00:00,11748.0,11763.85
2021-12-13 06:00:00,11892.0,11910.954
2021-12-13 07:00:00,11888.0,11832.546
2021-12-13 08:00:00,11800.0,11825.4795
2021-12-13 09:00:00,11742.0,11721.051
2021-12-13 10:00:00,11740.0,11687.218
2021-12-13 11:00:00,11701.0,11639.558
2021-12-13 12:00:00,11752.0,11658.842
2021-12-13 13:00:00,11875.0,11817.367
2021-12-13 14:00:00,11863.0,11898.638
2021-12-13 15:00:00,11761.0,11833.977
2021-12-13 16:00:00,11656.0,11716.437
2021-12-13 17:00:00,11612.0,11644.019
2021-12-13 18:00:00,11479.0,11444.579
2021-12-13 19:00:00,11109.0,11082.004
2021-12-13 20:00:00,11187.0,11222.63
2021-12-13 21:00:00,10936.0,11040.221
2021-12-13 22:00:00,11290.0,11034.896
2021-12-13 23:00:00,11282.0,11321.931
2021-12-14 00:00:00,11253.5,11264.662
2021-12-14 01:00:00,11241.5,11287.417
2021-12-14 02:00:00,11241.5,11258.283
2021-12-14 03:00:00,11241.5,11094.5625
2021-12-14 04:00:00,10812.0,11054.428
2021-12-14 05:00:00,11222.0,11284.418
2021-12-14 06:00:00,11458.0,11532.265
2021-12-14 07:00:00,11387.0,11473.264
2021-12-14 08:00:00,11289.0,11378.073
2021-12-14 09:00:00,11291.0,11325.388
2021-12-14 10:00:00,11275.0,11326.357
2021-12-14 11:00:00,11232.0,11300.932
2021-12-14 12:00:00,11251.0,11321.253
2021-12-14 13:00:00,11493.0,11495.067
2021-12-14 14:00:00,11437.0,11619.318
2021-12-14 15:00:00,11443.0,11521.284
2021-12-14 16:00:00,11373.0,11444.92
2021-12-14 17:00:00,11488.0,11379.084
2021-12-14 18:00:00,11390.0,11272.989
2021-12-14 19:00:00,10990.0,10876.199
2021-12-14 20:00:00,11042.0,11041.384
2021-12-14 21:00:00,10728.0,10823.61
2021-12-14 22:00:00,11256.0,10986.179
2021-12-14 23:00:00,11256.0,11246.077
2021-12-15 00:00:00,11303.0,11324.139
2021-12-15 01:00:00,11350.5,11348.322
2021-12-15 02:00:00,11350.5,11356.535
2021-12-15 03:00:00,11350.5,11268.771
2021-12-15 04:00:00,10898.0,11006.38
2021-12-15 05:00:00,11261.0,11279.788
2021-12-15 06:00:00,11514.0,11472.196
2021-12-15 07:00:00,11501.0,11533.476
2021-12-15 08:00:00,11391.0,11459.349
2021-12-15 09:00:00,11345.0,11374.711
2021-12-15 10:00:00,11404.0,11346.1875
2021-12-15 11:00:00,11356.0,11398.135
2021-12-15 12:00:00,11390.0,11357.096
2021-12-15 13:00:00,11617.0,11505.045
2021-12-15 14:00:00,11614.0,11685.219
2021-12-15 15:00:00,11666.0,11635.124
2021-12-15 16:00:00,11684.0,11616.549
2021-12-15 17:00:00,11537.0,11653.054
2021-12-15 18:00:00,11300.0,11372.766
2021-12-15 19:00:00,10849.0,10882.279
2021-12-15 20:00:00,10910.0,11032.313
2021-12-15 21:00:00,10676.0,10752.148
2021-12-15 22:00:00,11308.5,10994.285
2021-12-15 23:00:00,11288.5,11299.959
2021-12-16 00:00:00,11285.5,11360.29
2021-12-16 01:00:00,11284.0,11376.669
2021-12-16 02:00:00,11284.0,11369.31
2021-12-16 03:00:00,11284.0,11273.09
2021-12-16 04:00:00,10743.0,11042.327
2021-12-16 05:00:00,11202.0,11231.58
2021-12-16 06:00:00,11497.0,11454.378
2021-12-16 07:00:00,11428.0,11498.762
2021-12-16 08:00:00,11338.0,11443.696
2021-12-16 09:00:00,11317.0,11378.847
2021-12-16 10:00:00,11277.0,11339.523
2021-12-16 11:00:00,11294.0,11297.52
2021-12-16 12:00:00,11291.0,11348.538
2021-12-16 13:00:00,11451.0,11525.428
2021-12-16 14:00:00,11568.0,11601.129
2021-12-16 15:00:00,11630.0,11646.652
2021-12-16 16:00:00,11572.0,11656.871
2021-12-16 17:00:00,11576.0,11567.035
2021-12-16 18:00:00,11509.0,11422.743
2021-12-16 19:00:00,11074.0,11008.868
2021-12-16 20:00:00,11148.0,11037.581
2021-12-16 21:00:00,10886.0,10928.246
2021-12-16 22:00:00,10492.0,10964.442
2021-12-16 23:00:00,11372.5,11082.296
2021-12-17 00:00:00,11420.5,11458.214
2021-12-17 01:00:00,11420.5,11494.821
2021-12-17 02:00:00,11441.0,11487.043
2021-12-17 03:00:00,11441.0,11419.274
2021-12-17 04:00:00,10992.0,11189.6045
2021-12-17 05:00:00,11492.0,11418.93
2021-12-17 06:00:00,11800.0,11714.622
2021-12-17 07:00:00,11760.0,11761.334
2021-12-17 08:00:00,11631.0,11717.53
2021-12-17 09:00:00,11611.0,11607.645
2021-12-17 10:00:00,11527.0,11595.209
2021-12-17 11:00:00,11390.0,11511.79
2021-12-17 12:00:00,11371.0,11414.638
2021-12-17 13:00:00,11651.0,11578.872
2021-12-17 14:00:00,11730.0,11782.324
2021-12-17 15:00:00,11666.0,11765.719
2021-12-17 16:00:00,11638.0,11690.586
2021-12-17 17:00:00,11665.0,11668.738
2021-12-17 18:00:00,11565.0,11473.925
2021-12-17 19:00:00,11132.0,11111.582
2021-12-17 20:00:00,11204.0,11148.381
2021-12-17 21:00:00,10965.0,10892.288
2021-12-17 22:00:00,10459.0,10518.646
2021-12-17 23:00:00,10124.0,10293.745
2021-12-18 00:00:00,10709.5,10460.958
2021-12-18 01:00:00,10709.5,10723.896
2021-12-18 02:00:00,10709.5,10673.27
2021-12-18 03:00:00,10709.5,10559.72
2021-12-18 04:00:00,10144.0,10424.748
2021-12-18 05:00:00,10247.0,10257.644
2021-12-18 06:00:00,10498.0,10499.178
2021-12-18 07:00:00,10635.0,10654.633
2021-12-18 08:00:00,10711.0,10716.489
2021-12-18 09:00:00,10701.0,10785.981
2021-12-18 10:00:00,10708.0,10730.715
2021-12-18 11:00:00,10722.0,10717.549
2021-12-18 12:00:00,10772.0,10753.468
2021-12-18 13:00:00,11075.0,11018.9795
2021-12-18 14:00:00,11276.0,11266.306
2021-12-18 15:00:00,11439.0,11379.702
2021-12-18 16:00:00,11531.0,11420.446
2021-12-18 17:00:00,11414.0,11472.126
2021-12-18 18:00:00,11061.0,11229.434
2021-12-18 19:00:00,10596.0,10730.524
2021-12-18 20:00:00,10755.0,10774.245
2021-12-18 21:00:00,10566.0,10676.121
2021-12-18 22:00:00,10259.0,10227.941
2021-12-18 23:00:00,9920.0,10090.89
2021-12-19 00:00:00,9684.0,9752.342
2021-12-19 01:00:00,9584.0,9596.473
2021-12-19 02:00:00,9573.0,9628.422
2021-12-19 03:00:00,9644.0,9611.802
2021-12-19 04:00:00,9845.0,9719.418
2021-12-19 05:00:00,10012.0,9950.834
2021-12-19 06:00:00,10319.0,10230.801
2021-12-19 07:00:00,10467.0,10455.668
2021-12-19 08:00:00,10602.0,10571.183
2021-12-19 09:00:00,10741.0,10674.411
2021-12-19 10:00:00,10807.0,10733.841
2021-12-19 11:00:00,10837.0,10790.493
2021-12-19 12:00:00,10893.0,10825.0205
2021-12-19 13:00:00,11102.0,11113.114
2021-12-19 14:00:00,11263.0,11323.549
2021-12-19 15:00:00,11445.0,11362.063
2021-12-19 16:00:00,11604.0,11468.086
2021-12-19 17:00:00,11581.0,11563.627
2021-12-19 18:00:00,11512.0,11402.526
2021-12-19 19:00:00,11253.0,11057.318
2021-12-19 20:00:00,11480.0,11296.928
2021-12-19 21:00:00,11392.0,11374.562
2021-12-19 22:00:00,11069.0,11070.206
2021-12-19 23:00:00,10789.0,10924.092
2021-12-20 00:00:00,11462.5,10897.983
2021-12-20 01:00:00,11496.0,11419.2705
2021-12-20 02:00:00,10816.0,11429.639
2021-12-20 03:00:00,11252.0,10664.204
2021-12-20 04:00:00,12061.0,11390.697
2021-12-20 05:00:00,12583.0,12437.481
2021-12-20 06:00:00,12925.0,12596.895
2021-12-20 07:00:00,12900.0,12846.762
2021-12-20 08:00:00,12822.0,12722.096
2021-12-20 09:00:00,12887.0,12733.253
2021-12-20 10:00:00,12797.0,12720.127
2021-12-20 11:00:00,12746.0,12710.281
2021-12-20 12:00:00,12714.0,12683.075
2021-12-20 13:00:00,12921.0,12798.368
2021-12-20 14:00:00,13011.0,13069.016
2021-12-20 15:00:00,12989.0,13040.575
2021-12-20 16:00:00,12922.0,12993.324
2021-12-20 17:00:00,12900.0,12993.485
2021-12-20 18:00:00,12767.0,12679.579
2021-12-20 19:00:00,12341.0,12427.231
2021-12-20 20:00:00,12402.0,12361.602
2021-12-20 21:00:00,12188.0,12148.054
2021-12-20 22:00:00,12756.5,12158.251
2021-12-20 23:00:00,12756.5,12668.717
2021-12-21 00:00:00,12794.5,12705.745
2021-12-21 01:00:00,12861.0,12756.227
2021-12-21 02:00:00,12861.0,12755.18
2021-12-21 03:00:00,12861.0,12787.617
2021-12-21 04:00:00,12342.0,12713.964
2021-12-21 05:00:00,12822.0,12799.139
2021-12-21 06:00:00,13077.0,12936.981
2021-12-21 07:00:00,12998.0,12917.242
2021-12-21 08:00:00,12989.0,12913.11
2021-12-21 09:00:00,12992.0,12931.961
2021-12-21 10:00:00,13013.0,12890.014
2021-12-21 11:00:00,12986.0,12876.17
2021-12-21 12:00:00,12966.0,12875.037
2021-12-21 13:00:00,13084.0,12985.747
2021-12-21 14:00:00,13196.0,13056.621
2021-12-21 15:00:00,13204.0,13165.357
2021-12-21 16:00:00,13175.0,13094.775
2021-12-21 17:00:00,13215.0,13123.39
2021-12-21 18:00:00,13030.0,12875.58
2021-12-21 19:00:00,12631.0,12489.768
2021-12-21 20:00:00,12674.0,12561.558
2021-12-21 21:00:00,12463.0,12394.345
2021-12-21 22:00:00,12985.5,12435.479
2021-12-21 23:00:00,12985.5,12825.092
2021-12-22 00:00:00,12975.5,13004.775
2021-12-22 01:00:00,12971.0,13010.679
2021-12-22 02:00:00,12971.0,12996.503
2021-12-22 03:00:00,12971.0,12969.635
2021-12-22 04:00:00,12583.0,12826.744
2021-12-22 05:00:00,12985.0,12848.56
2021-12-22 06:00:00,13242.0,13103.708
2021-12-22 07:00:00,13170.0,13043.13
2021-12-22 08:00:00,13120.0,13021.082
2021-12-22 09:00:00,13105.0,13029.3125
2021-12-22 10:00:00,13061.0,13029.089
2021-12-22 11:00:00,12957.0,12882.602
2021-12-22 12:00:00,12907.0,12902.502
2021-12-22 13:00:00,13028.0,13005.667
2021-12-22 14:00:00,13119.0,13053.577
2021-12-22 15:00:00,13090.0,13146.815
2021-12-22 16:00:00,13052.0,12973.397
2021-12-22 17:00:00,13024.0,12971.334
2021-12-22 18:00:00,12775.0,12794.086
2021-12-22 19:00:00,12456.0,12356.356
2021-12-22 20:00:00,12407.0,12410.817
2021-12-22 21:00:00,12098.0,12254.821
2021-12-22 22:00:00,12134.0,12189.897
2021-12-22 23:00:00,12094.5,12271.094
2021-12-23 00:00:00,12046.5,12406.259
2021-12-23 01:00:00,11941.5,12372.028
2021-12-23 02:00:00,11890.5,12265.331
2021-12-23 03:00:00,11890.5,12222.336
2021-12-23 04:00:00,11457.0,12057.359
2021-12-23 05:00:00,11755.0,11993.564
2021-12-23 06:00:00,12091.0,12202.779
2021-12-23 07:00:00,12170.0,12181.625
2021-12-23 08:00:00,12002.0,12235.626
2021-12-23 09:00:00,11880.0,12066.166
2021-12-23 10:00:00,11881.0,11994.917
2021-12-23 11:00:00,11816.0,11984.075
2021-12-23 12:00:00,11725.0,11917.867
2021-12-23 13:00:00,11900.0,11983.769
2021-12-23 14:00:00,11968.0,12182.756
2021-12-23 15:00:00,11952.0,12154.708
2021-12-23 16:00:00,11949.0,12103.589
2021-12-23 17:00:00,11942.0,12064.326
2021-12-23 18:00:00,11806.0,11891.325
2021-12-23 19:00:00,11435.0,11595.062
2021-12-23 20:00:00,11588.0,11577.935
2021-12-23 21:00:00,11348.0,11468.473
2021-12-23 22:00:00,11656.5,11517.759
2021-12-23 23:00:00,11656.5,11789.595
2021-12-24 00:00:00,11656.5,11710.987
2021-12-24 01:00:00,11695.5,11710.353
2021-12-24 02:00:00,11695.5,11746.366
2021-12-24 03:00:00,11695.5,11711.5
2021-12-24 04:00:00,11695.5,11414.857
2021-12-24 05:00:00,11043.0,11977.842
2021-12-24 06:00:00,11554.0,11345.251
2021-12-24 07:00:00,11807.0,11631.872
2021-12-24 08:00:00,11965.0,11809.923
2021-12-24 09:00:00,12006.0,11940.05
2021-12-24 10:00:00,11925.0,11929.473
2021-12-24 11:00:00,11803.0,11861.139
2021-12-24 12:00:00,11835.0,11768.701
2021-12-24 13:00:00,12032.0,11954.437
2021-12-24 14:00:00,12138.0,12126.309
2021-12-24 15:00:00,12022.0,12165.513
2021-12-24 16:00:00,11902.0,12027.403
2021-12-24 17:00:00,11798.0,11872.576
2021-12-24 18:00:00,11705.0,11625.844
2021-12-24 19:00:00,11534.0,11224.062
2021-12-24 20:00:00,11876.0,11518.748
2021-12-24 21:00:00,11856.0,11533.737
2021-12-24 22:00:00,11574.0,11454.285
2021-12-24 23:00:00,11355.0,11361.123
2021-12-25 00:00:00,11073.0,11376.737
2021-12-25 01:00:00,11624.5,11112.627
2021-12-25 02:00:00,11624.5,11539.473
2021-12-25 03:00:00,11041.0,11479.2
2021-12-25 04:00:00,11071.0,10753.235
2021-12-25 05:00:00,11112.0,11020.864
2021-12-25 06:00:00,11363.0,11283.977
2021-12-25 07:00:00,11491.0,11440.875
2021-12-25 08:00:00,11622.0,11490.995
2021-12-25 09:00:00,11734.0,11589.573
2021-12-25 10:00:00,11730.0,11640.068
2021-12-25 11:00:00,11627.0,11649.039
2021-12-25 12:00:00,11688.0,11604.847
2021-12-25 13:00:00,11870.0,11849.05
2021-12-25 14:00:00,12090.0,12013.433
2021-12-25 15:00:00,12130.0,12123.704
2021-12-25 16:00:00,12153.0,12195.147
2021-12-25 17:00:00,12116.0,12145.566
2021-12-25 18:00:00,11936.0,11933.928
2021-12-25 19:00:00,11659.0,11459.289
2021-12-25 20:00:00,11964.0,11702.126
2021-12-25 21:00:00,11875.0,11791.589
2021-12-25 22:00:00,11558.0,11431.371
2021-12-25 23:00:00,11252.0,11240.184
2021-12-26 00:00:00,11151.0,11008.105
2021-12-26 01:00:00,11165.0,10946.387
2021-12-26 02:00:00,11206.0,11080.774
2021-12-26 03:00:00,11296.0,11150.645
2021-12-26 04:00:00,11477.0,11071.176
2021-12-26 05:00:00,11516.0,11478.492
2021-12-26 06:00:00,11860.0,11627.285
2021-12-26 07:00:00,12015.0,11828.518
2021-12-26 08:00:00,12119.0,12024.883
2021-12-26 09:00:00,12226.0,12101.742
2021-12-26 10:00:00,12205.0,12137.589
2021-12-26 11:00:00,12050.0,12105.569
2021-12-26 12:00:00,12072.0,11978.401
2021-12-26 13:00:00,12212.0,12157.373
2021-12-26 14:00:00,12495.0,12334.519
2021-12-26 15:00:00,12550.0,12445.747
2021-12-26 16:00:00,12622.0,12493.793
2021-12-26 17:00:00,12574.0,12517.162
2021-12-26 18:00:00,12384.0,12240.796
2021-12-26 19:00:00,12044.0,11843.017
2021-12-26 20:00:00,12250.0,12153.451
2021-12-26 21:00:00,12150.0,12100.197
2021-12-26 22:00:00,11775.0,11790.508
2021-12-26 23:00:00,12231.0,11568.972
2021-12-27 00:00:00,12317.0,12249.898
2021-12-27 01:00:00,12429.5,12341.3
2021-12-27 02:00:00,12485.0,12480.69
2021-12-27 03:00:00,12512.5,12459.648
2021-12-27 04:00:00,12180.0,12680.699
2021-12-27 05:00:00,12475.0,12702.079
2021-12-27 06:00:00,12795.0,12709.679
2021-12-27 07:00:00,12908.0,12798.645
2021-12-27 08:00:00,12921.0,12919.794
2021-12-27 09:00:00,12944.0,12927.966
2021-12-27 10:00:00,12909.0,12934.979
2021-12-27 11:00:00,12841.0,12916.847
2021-12-27 12:00:00,12876.0,12789.6045
2021-12-27 13:00:00,13058.0,12881.661
2021-12-27 14:00:00,13170.0,13064.489
2021-12-27 15:00:00,13199.0,13159.013
2021-12-27 16:00:00,13223.0,13139.207
2021-12-27 17:00:00,13216.0,13174.785
2021-12-27 18:00:00,13018.0,12962.232
2021-12-27 19:00:00,12628.0,12547.113
2021-12-27 20:00:00,12787.0,12618.419
2021-12-27 21:00:00,12646.0,12585.804
2021-12-27 22:00:00,12127.0,12550.8
2021-12-27 23:00:00,12763.0,12283.72
2021-12-28 00:00:00,12734.5,12683.97
2021-12-28 01:00:00,12677.0,12715.16
2021-12-28 02:00:00,12637.0,12599.913
2021-12-28 03:00:00,12637.0,12526.842
2021-12-28 04:00:00,12389.0,12460.465
2021-12-28 05:00:00,12594.0,12665.274
2021-12-28 06:00:00,12869.0,12753.935
2021-12-28 07:00:00,12843.0,12779.149
2021-12-28 08:00:00,12761.0,12769.035
2021-12-28 09:00:00,12765.0,12760.521
2021-12-28 10:00:00,12708.0,12717.444
2021-12-28 11:00:00,12620.0,12698.941
2021-12-28 12:00:00,12541.0,12635.178
2021-12-28 13:00:00,12597.0,12714.157
2021-12-28 14:00:00,12726.0,12836.238
2021-12-28 15:00:00,12726.0,12827.132
2021-12-28 16:00:00,12652.0,12821.709
2021-12-28 17:00:00,12578.0,12748.286
2021-12-28 18:00:00,12309.0,12529.182
2021-12-28 19:00:00,11789.0,11914.616
2021-12-28 20:00:00,11852.0,12240.252
2021-12-28 21:00:00,11658.0,12076.316
2021-12-28 22:00:00,11935.5,11768.202
2021-12-28 23:00:00,11935.5,12100.005
2021-12-29 00:00:00,11935.5,12159.241
2021-12-29 01:00:00,11935.5,12043.903
2021-12-29 02:00:00,11935.5,12032.613
2021-12-29 03:00:00,11935.5,11951.5205
2021-12-29 04:00:00,11466.0,11925.624
2021-12-29 05:00:00,11747.0,11958.721
2021-12-29 06:00:00,11961.0,12124.2705
2021-12-29 07:00:00,11949.0,12047.636
2021-12-29 08:00:00,11922.0,12017.648
2021-12-29 09:00:00,11978.0,12016.106
2021-12-29 10:00:00,12074.0,12026.163
2021-12-29 11:00:00,12063.0,12049.111
2021-12-29 12:00:00,12006.0,12044.43
2021-12-29 13:00:00,12194.0,12114.6875
2021-12-29 14:00:00,12250.0,12362.633
2021-12-29 15:00:00,12200.0,12341.662
2021-12-29 16:00:00,12134.0,12246.825
2021-12-29 17:00:00,12080.0,12174.444
2021-12-29 18:00:00,11779.0,11964.347
2021-12-29 19:00:00,11473.0,11423.881
2021-12-29 20:00:00,11553.0,11596.753
2021-12-29 21:00:00,11345.0,11458.438
2021-12-29 22:00:00,10833.0,11591.076
2021-12-29 23:00:00,11499.5,11434.973
2021-12-30 00:00:00,11499.5,11550.826
2021-12-30 01:00:00,11499.5,11546.694
2021-12-30 02:00:00,11499.5,11527.394
2021-12-30 03:00:00,11499.5,11489.525
2021-12-30 04:00:00,10946.0,11305.155
2021-12-30 05:00:00,11129.0,11415.279
2021-12-30 06:00:00,11435.0,11385.801
2021-12-30 07:00:00,11491.0,11488.569
2021-12-30 08:00:00,11512.0,11484.501
2021-12-30 09:00:00,11508.0,11521.564
2021-12-30 10:00:00,11572.0,11465.413
2021-12-30 11:00:00,11579.0,11528.685
2021-12-30 12:00:00,11571.0,11576.279
2021-12-30 13:00:00,11675.0,11741.682
2021-12-30 14:00:00,11776.0,11836.227
2021-12-30 15:00:00,11805.0,11852.471
2021-12-30 16:00:00,11763.0,11842.321
2021-12-30 17:00:00,11747.0,11745.918
2021-12-30 18:00:00,11581.0,11567.51
2021-12-30 19:00:00,11077.0,11101.855
2021-12-30 20:00:00,11186.0,11151.183
2021-12-30 21:00:00,11006.0,11057.386
2021-12-30 22:00:00,10544.0,10848.497
2021-12-30 23:00:00,11041.5,11219.745
2021-12-31 00:00:00,11041.5,11109.839
2021-12-31 01:00:00,11041.5,11081.164
2021-12-31 02:00:00,11041.5,11063.416
2021-12-31 03:00:00,11041.5,10983.184
2021-12-31 04:00:00,10480.0,10790.341
2021-12-31 05:00:00,10681.0,10891.016
2021-12-31 06:00:00,10972.0,10977.593
2021-12-31 07:00:00,10998.0,11029.372
2021-12-31 08:00:00,10972.0,11010.781
2021-12-31 09:00:00,11113.0,11023.73
2021-12-31 10:00:00,11151.0,11117.988
2021-12-31 11:00:00,11102.0,11144.053
2021-12-31 12:00:00,11103.0,11132.068
2021-12-31 13:00:00,11314.0,11316.777
2021-12-31 14:00:00,11552.0,11477.894
2021-12-31 15:00:00,11575.0,11608.639
2021-12-31 16:00:00,11447.0,11570.789
2021-12-31 17:00:00,11237.0,11430.754
2021-12-31 18:00:00,10914.0,11143.586
2021-12-31 19:00:00,10599.0,10684.253
2021-12-31 20:00:00,10812.0,10748.172
