timestamp,actual,prophet,prophet_xgb,prophet_xgb_lgbm,xgb_correction,lgbm_correction
2021-01-01 00:00:00,9206.0,10242.565148590329,8711.329552887204,8737.492280612976,-1531.2356,26.162727725771465
2021-01-01 01:00:00,9042.0,10231.16499451157,8546.049515995945,8617.85631527954,-1685.1155,71.80679928359498
2021-01-01 02:00:00,9010.0,10210.258663564906,8179.798946768031,8187.900022889497,-2030.4597,8.101076121466463
2021-01-01 03:00:00,9057.0,10232.790426560163,8112.827780075788,8143.549568019126,-2119.9626,30.72178794333827
2021-01-01 04:00:00,9219.0,10328.98075033052,7642.296424158645,7607.15406503087,-2686.6843,-35.142359127775464
2021-01-01 05:00:00,9198.0,10478.316701731672,8347.927785716047,8368.875897091419,-2130.389,20.948111375372285
2021-01-01 06:00:00,9392.0,10623.050610321252,8770.611645477502,8812.657425048184,-1852.439,42.04577957068278
2021-01-01 07:00:00,9486.0,10708.612932790928,8767.162127126865,8745.967652548226,-1941.4508,-21.19447457863852
2021-01-01 08:00:00,9496.0,10716.383837868789,8948.863574196914,8958.434325379973,-1767.5203,9.57075118305936
2021-01-01 09:00:00,9629.0,10666.167306907726,9046.976388938976,9053.840042189826,-1619.1909,6.863653250849318
2021-01-01 10:00:00,9731.0,10594.612254739051,9019.842357278114,9041.574673071482,-1574.7699,21.732315793367903
2021-01-01 11:00:00,9763.0,10533.135887933395,8811.822289300582,8804.852450962628,-1721.3136,-6.969838337954214
2021-01-01 12:00:00,9908.0,10500.848066912815,8854.867598162815,8880.347110151448,-1645.9805,25.479511988632815
2021-01-01 13:00:00,10160.0,10507.405513220201,8953.776973181139,8932.833156441742,-1553.6285,-20.94381673939642
2021-01-01 14:00:00,10428.0,10551.51528001487,9054.869650132057,9064.815881215864,-1496.6456,9.946231083806925
2021-01-01 15:00:00,10485.0,10612.025969767654,9761.877776408279,9762.592574191263,-850.1482,0.7147977829852705
2021-01-01 16:00:00,10498.0,10645.38757188007,9701.263609477726,9678.043680021972,-944.12396,-23.21992945575421
2021-01-01 17:00:00,10523.0,10603.829332184767,10068.288194489454,10047.486320884665,-535.54114,-20.80187360478808
2021-01-01 18:00:00,10340.0,10468.635372895902,9814.86993100137,9796.634028838373,-653.76544,-18.235902162998187
2021-01-01 19:00:00,10021.0,10272.081779795788,9184.388176280163,9158.830368363813,-1087.6936,-25.557807916349986
2021-01-01 20:00:00,10182.0,10084.006085084306,9097.208294556962,9115.906213621738,-986.7978,18.697919064775693
2021-01-01 21:00:00,10012.0,9967.102722403111,8946.85095238358,9001.196460050222,-1020.2518,54.34550766664155
2021-01-01 22:00:00,9631.0,9934.514146041873,8504.034897994998,8523.14610204452,-1430.4792,19.111204049523568
2021-01-01 23:00:00,9292.0,9945.18740782612,8353.96865782612,8345.762891987748,-1591.2188,-8.20576583837232
2021-01-02 00:00:00,9054.0,9942.038298723193,8096.160979387256,8147.600467720317,-1845.8773,51.439488333061625
2021-01-02 01:00:00,8975.0,9901.16564534717,7769.199580894045,7783.977135960156,-2131.966,14.777555066112075
2021-01-02 02:00:00,8972.0,9850.564743984254,7383.249314296754,7386.991458072001,-2467.3154,3.7421437752462814
2021-01-02 03:00:00,9065.0,9843.406823828795,7169.527429297545,7190.434315510916,-2673.8794,20.906886213372093
2021-01-02 04:00:00,9264.0,9910.14943240059,7237.558612088091,7247.164310491798,-2672.5908,9.605698403706407
2021-01-02 05:00:00,9309.0,10030.52164942486,7671.767499034235,7704.550570257262,-2358.7542,32.78307122302712
2021-01-02 06:00:00,9616.0,10147.022101007306,7978.2569642885555,8004.3063374057365,-2168.7651,26.049373117180636
2021-01-02 07:00:00,9742.0,10205.334076277752,8367.73043858244,8377.156485661031,-1837.6036,9.426047078592516
2021-01-02 08:00:00,9861.0,10187.098352299032,8485.203088627157,8496.003537374912,-1701.8953,10.80044874775609
2021-01-02 09:00:00,9975.0,10112.38496747009,8584.202716493528,8569.989980809874,-1528.1823,-14.212735683652976
2021-01-02 10:00:00,10040.0,10018.10918846576,8500.63457909076,8500.918912810146,-1517.4746,0.2843337193870529
2021-01-02 11:00:00,10061.0,9935.949601925133,8302.918473995445,8336.041682034005,-1633.0311,33.123208038559774
2021-01-02 12:00:00,10197.0,9885.268894607201,8162.821873122826,8221.825465308768,-1722.447,59.00359218594087
2021-01-02 13:00:00,10500.0,9875.96561737916,8373.905192574473,8387.071321231833,-1502.0604,13.166128657359923
2021-01-02 14:00:00,10806.0,9906.974755899691,8890.065515177035,8896.691863160655,-1016.90924,6.626347983619272
2021-01-02 15:00:00,10937.0,9957.355275492988,9317.0448506883,9318.000344759872,-640.3104,0.9554940715723292
2021-01-02 16:00:00,11018.0,9983.747114881633,9607.046614393352,9631.189507729618,-376.7005,24.142893336266102
2021-01-02 17:00:00,10940.0,9938.548706739082,9827.372429578438,9842.777718204377,-111.17628,15.405288625939802
2021-01-02 18:00:00,10669.0,9803.194132826502,9391.003306410486,9371.803901955695,-412.19083,-19.199404454791832
2021-01-02 19:00:00,10238.0,9610.09064638,8966.343209856563,8964.9717434676,-643.74744,-1.3714663889621264
2021-01-02 20:00:00,10490.0,9429.184778361918,8865.406458049418,8863.444165531333,-563.7783,-1.9622925180840056
2021-01-02 21:00:00,10318.0,9323.251094775216,8616.351680712716,8584.958967855959,-706.8994,-31.392712856757633
2021-01-02 22:00:00,9914.0,9305.477143282673,8203.95016574361,8178.167198154951,-1101.527,-25.782967588659275
2021-01-02 23:00:00,9535.0,9334.818443092392,8071.657798561142,8061.43193813785,-1263.1606,-10.225860423291662
2021-01-03 00:00:00,9296.0,9354.166214622435,7752.189774192748,7714.212671576103,-1601.9764,-37.977102616644814
2021-01-03 01:00:00,9137.0,9339.566832833512,7512.384948067887,7560.339088065083,-1827.1819,47.95413999719618
2021-01-03 02:00:00,9142.0,9318.937261208634,7011.374272927384,7030.080485571138,-2307.563,18.706212643754423
2021-01-03 03:00:00,9197.0,9345.341661823379,6978.130480182754,6970.949090862732,-2367.2112,-7.181389320021456
2021-01-03 04:00:00,9375.0,9449.096840818718,6934.225502928093,6929.034579761822,-2514.8713,-5.190923166271083
2021-01-03 05:00:00,9369.0,9609.755110094518,7249.591047594518,7216.810692648467,-2360.164,-32.780354946051055
2021-01-03 06:00:00,9641.0,9769.60499624509,7611.412857573216,7609.648808369604,-2158.1921,-1.7640492036116744
2021-01-03 07:00:00,9753.0,9874.092426466217,7935.214008497467,7886.703052500252,-1938.8784,-48.510955997215106
2021-01-03 08:00:00,9938.0,9904.599046129364,8172.518601793427,8149.113720748938,-1732.0804,-23.404881044487876
2021-01-03 09:00:00,10129.0,9880.916310380813,8243.521046708938,8224.02639164771,-1637.3953,-19.494655061227427
2021-01-03 10:00:00,10203.0,9839.661286460336,8234.226594077523,8225.361083467149,-1605.4347,-8.865510610373368
2021-01-03 11:00:00,10272.0,9812.194759535247,8202.187313246184,8182.073103121252,-1610.0074,-20.11421012493224
2021-01-03 12:00:00,10233.0,9817.543946186588,8342.788453022526,8390.860879646661,-1474.7555,48.0724266241363
2021-01-03 13:00:00,10446.0,9865.257505003487,8367.266538206612,8403.472107295047,-1497.991,36.20556908843528
2021-01-03 14:00:00,10736.0,9953.909009661138,8769.183667864263,8786.444341277309,-1184.7253,17.26067341304531
2021-01-03 15:00:00,10807.0,10062.186671160489,9281.912989519864,9316.147163000136,-780.2737,34.23417348027238
2021-01-03 16:00:00,10826.0,10146.353320710028,9521.49718057331,9514.4068043126,-624.85614,-7.090376260708953
2021-01-03 17:00:00,10891.0,10158.429331706953,9603.505686687422,9638.407018891961,-554.92365,34.90133220453957
2021-01-03 18:00:00,10679.0,10079.476912933274,9545.205062347337,9547.448895474503,-534.27185,2.243833127166109
2021-01-03 19:00:00,10253.0,9941.543457691241,9011.887818042804,9005.882405312926,-929.65564,-6.0054127298778575
2021-01-03 20:00:00,10483.0,9814.229392530711,8869.309714796336,8919.025916692168,-944.9197,49.71620189583188
2021-01-03 21:00:00,10388.0,9759.97502420894,8800.020068154252,8774.903894794794,-959.95496,-25.116173359457555
2021-01-03 22:00:00,10008.0,9791.643714836282,8317.73734276597,8274.830098708979,-1473.9064,-42.90724405699149
2021-01-03 23:00:00,9638.0,9867.879247845558,7925.043066204933,7876.855950461091,-1942.8362,-48.187115743841915
2021-01-04 00:00:00,10609.0,9931.28062526471,8441.302964131897,8447.050385697074,-1489.9777,5.747421565175835
2021-01-04 01:00:00,10707.5,9957.629632601534,8696.06102908591,8689.57602684952,-1261.5686,-6.485002236389963
2021-01-04 02:00:00,10771.5,9974.610667904644,8437.598338803082,8427.789741445164,-1537.0123,-9.808597357917465
2021-01-04 03:00:00,10816.5,10035.08630549325,8190.634645337001,8199.66931320324,-1844.4517,9.03466786623854
2021-01-04 04:00:00,10539.0,10169.198997925736,8597.887840699173,8643.069581308266,-1571.3112,45.181740609091726
2021-01-04 05:00:00,10923.0,10356.352156417252,8869.637190596939,8894.353322596211,-1486.715,24.716131999272104
2021-01-04 06:00:00,11376.0,10538.713492089675,9379.048453027175,9395.165808567846,-1159.665,16.11735554067114
2021-01-04 07:00:00,11442.0,10661.641574297219,9861.894076738625,9826.84537344597,-799.7475,-35.048703292654615
2021-01-04 08:00:00,11409.0,10706.468316199675,10016.02080643405,10023.888601753226,-690.4475,7.867795319175932
2021-01-04 09:00:00,11447.0,10692.973445637817,9898.768245442505,9896.138621699445,-794.2052,-2.6296237430591756
2021-01-04 10:00:00,11450.0,10657.797610337248,9873.671816880216,9838.150224596306,-784.1258,-35.521592283909854
2021-01-04 11:00:00,11441.0,10632.35739906804,9648.754676900071,9616.776091537917,-983.6027,-31.9785853621535
2021-01-04 12:00:00,11476.0,10635.76635727143,9714.609741060493,9694.465278797983,-921.1566,-20.14446226250921
2021-01-04 13:00:00,11583.0,10677.689120515772,9782.38168643374,9804.596209412079,-895.30743,22.21452297833753
2021-01-04 14:00:00,11818.0,10756.843219249447,9991.90193506976,9998.529263050494,-764.9413,6.627327980733118
2021-01-04 15:00:00,11722.0,10852.086011108753,10317.977795776722,10337.453716276985,-534.1082,19.475920500263424
2021-01-04 16:00:00,11714.0,10919.87234414492,10399.14919961367,10396.60191791303,-520.72314,-2.5472817006396595
2021-01-04 17:00:00,11667.0,10912.437288731746,10710.025133580379,10749.893308875948,-202.41216,39.86817529556954
2021-01-04 18:00:00,11523.0,10811.081756364243,10351.104461442368,10357.41899906595,-459.9773,6.3145376235819946
2021-01-04 19:00:00,11172.0,10648.115706666067,9831.137923462942,9807.309813663756,-816.9778,-23.828109799184922
2021-01-04 20:00:00,11325.0,10493.42167882001,9836.285387316104,9841.12386058496,-657.1363,4.838473268854624
2021-01-04 21:00:00,11123.0,10409.733644618316,9761.527650965972,9755.379418913346,-648.206,-6.1482320526262155
2021-01-04 22:00:00,10685.0,10410.21237123462,9770.259612445558,9746.69408060915,-639.95276,-23.565531836408123
2021-01-04 23:00:00,11499.5,10453.799231335941,9345.855505750003,9330.920076372378,-1107.9437,-14.935429377625015
2021-01-05 00:00:00,11543.0,10483.39230930102,9366.370580785395,9345.041569497338,-1117.0217,-21.329011288056876
2021-01-05 01:00:00,11573.0,10475.076554764357,9438.303117264357,9439.221068455241,-1036.7734,0.9179511908850131
2021-01-05 02:00:00,11615.0,10456.842778705128,9340.479741595753,9310.362120363894,-1116.363,-30.11762123185952
2021-01-05 03:00:00,11615.0,10481.857293231702,9126.49633131764,9120.890907187466,-1355.361,-5.605424130174108
2021-01-05 04:00:00,11181.0,10580.555394467932,9028.845067319495,9022.326331216715,-1551.7103,-6.5187361027796165
2021-01-05 05:00:00,11563.0,10732.616634013275,9692.164485575775,9706.470592775828,-1040.4521,14.30610720005206
2021-01-05 06:00:00,11825.0,10880.467254069721,9842.752654460346,9813.123710712287,-1037.7146,-29.628943748058212
2021-01-05 07:00:00,11799.0,10969.7091035773,10108.546200745268,10070.986978663093,-861.1629,-37.55922208217389
2021-01-05 08:00:00,11815.0,10981.90383032702,10153.978842534052,10114.542397735453,-827.925,-39.436444798599815
2021-01-05 09:00:00,11935.0,10937.045844243528,10220.840644048216,10212.168844731954,-716.2052,-8.671799316262257
2021-01-05 10:00:00,11955.0,10871.97142891165,10162.2248468804,10167.886338172437,-709.7466,5.66149129203685
2021-01-05 11:00:00,11842.0,10818.269980063928,10060.772299399865,10048.924064819983,-757.4977,-11.848234579882568
2021-01-05 12:00:00,11904.0,10795.20322498725,10001.411171764594,9961.084808502215,-793.79205,-40.32636326237787
2021-01-05 13:00:00,12010.0,10812.55897466048,9986.10243169173,9957.55622972685,-826.45654,-28.546201964880197
2021-01-05 14:00:00,12148.0,10869.152337230777,10272.159661449527,10230.06602715802,-596.9927,-42.09363429150696
2021-01-05 15:00:00,12143.0,10943.91149960938,10610.55471860352,10560.411970465704,-333.35678,-50.14274813781573
2021-01-05 16:00:00,12167.0,10993.33524641555,10719.109904618676,10701.178139717256,-274.22534,-17.931764901419854
2021-01-05 17:00:00,12145.0,10969.678181547142,10853.009579557396,10854.185946835925,-116.6686,1.176367278529938
2021-01-05 18:00:00,11904.0,10854.240819228422,10662.212010634672,10645.849238187686,-192.02881,-16.362772446985254
2021-01-05 19:00:00,11542.0,10679.316219578906,9928.289119969531,9937.767186171757,-751.0271,9.478066202225467
2021-01-05 20:00:00,11602.0,10514.753150385079,9919.367347162422,9897.18212803592,-595.3858,-22.185219126502478
2021-01-05 21:00:00,11405.0,10423.23121938085,9529.255938619131,9533.86025967341,-893.9753,4.604321054279024
2021-01-05 22:00:00,10952.0,10417.832968558672,9525.722616996172,9554.104232158057,-892.11035,28.381615161885424
2021-01-05 23:00:00,10605.0,10457.398886059258,9547.02498469207,9533.030387771552,-910.3739,-13.994596920518385
2021-01-06 00:00:00,11418.0,10484.70973313802,9360.645524153644,9396.360191352696,-1124.0642,35.71466719905308
2021-01-06 01:00:00,11418.0,10475.72429207506,9434.178271567247,9478.544970273577,-1041.546,44.3666987063295
2021-01-06 02:00:00,11418.0,10458.302567912266,9150.466996623203,9174.467183068298,-1307.8356,24.000186445094503
2021-01-06 03:00:00,10460.0,10485.474515338768,8907.044217487206,8905.039943024758,-1578.4303,-2.004274462448128
2021-01-06 04:00:00,10824.0,10587.530226161412,8797.43195955985,8855.038609271356,-1790.0983,57.60664971150577
2021-01-06 05:00:00,10949.0,10743.994170796945,9166.472686421945,9168.561079057188,-1577.5215,2.0883926352444107
2021-01-06 06:00:00,11156.0,10897.131305755871,9381.984088958996,9398.921365580758,-1515.1472,16.937276621762418
2021-01-06 07:00:00,11230.0,10992.382674001326,9497.221052907576,9511.921599258572,-1495.1616,14.700546350996076
2021-01-06 08:00:00,11322.0,11011.15532904539,9565.308039006328,9557.552121014833,-1445.8473,-7.7559179914957
2021-01-06 09:00:00,11431.0,10973.297471573156,9512.587388565344,9557.973366690576,-1460.7101,45.385978125232896
2021-01-06 10:00:00,11475.0,10915.506864324723,9445.201322332536,9453.890207689388,-1470.3055,8.688885356852204
2021-01-06 11:00:00,11463.0,10869.24116719521,9362.739580281148,9377.240301452217,-1506.5016,14.500721171068252
2021-01-06 12:00:00,11471.0,10853.637794109294,9379.52329215617,9375.912611419366,-1474.1145,-3.610680736803436
2021-01-06 13:00:00,11679.0,10878.369249362957,9344.602403659832,9391.704107107518,-1533.7668,47.101703447685686
2021-01-06 14:00:00,11947.0,10942.145231731813,9653.333586224,9699.305731036406,-1288.8116,45.9721448124061
2021-01-06 15:00:00,12006.0,11023.798253813016,10032.537755766141,10055.770197941121,-991.2605,23.232442174980033
2021-01-06 16:00:00,11954.0,11079.741508860769,10169.963188548269,10183.33359884753,-909.7783,13.370410299262126
2021-01-06 17:00:00,11996.0,11062.156581103294,10370.049342333763,10389.333143214179,-692.10724,19.28380088041508
2021-01-06 18:00:00,11708.0,10952.287524885467,10233.608813947967,10229.529869118871,-718.6787,-4.078944829096977
2021-01-06 19:00:00,11216.0,10782.389977300802,9444.467125738302,9391.609026174798,-1337.9229,-52.85809956350312
2021-01-06 20:00:00,11316.0,10622.292553046602,9185.966137030977,9155.678570592185,-1436.3264,-30.287566438792954
2021-01-06 21:00:00,11175.0,10534.666440478954,8974.024106494579,8949.55512532857,-1560.6423,-24.468981166007325
2021-01-06 22:00:00,10772.0,10532.592026421855,8865.417343804667,8847.319059583499,-1667.1747,-18.098284221168996
2021-01-06 23:00:00,10449.0,10574.912560144694,8852.017784754069,8807.581863595819,-1722.8948,-44.435921158250125
2021-01-07 00:00:00,11686.5,10604.419844457176,8727.4825885978,8751.80087955808,-1876.9373,24.318290960279672
2021-01-07 01:00:00,11687.5,10597.096459410159,9265.494286558596,9231.56967857138,-1331.6022,-33.924607987215225
2021-01-07 02:00:00,11700.0,10580.839837205256,9171.639397752131,9136.639901512555,-1409.2004,-34.999496239575755
2021-01-07 03:00:00,11700.0,10608.726580209977,8785.078508920915,8748.182175961487,-1823.6481,-36.89633295942861
2021-01-07 04:00:00,11280.0,10711.09574562633,8833.58158547008,8782.225283664382,-1877.5142,-51.356301805698024
2021-01-07 05:00:00,11694.0,10867.518391181917,9112.208698799104,9152.22399846997,-1755.3097,40.01529967086659
2021-01-07 06:00:00,11911.0,11020.303684025208,9789.93857172052,9799.931999607184,-1230.3651,9.993427886664064
2021-01-07 07:00:00,11811.0,11114.937562118135,9980.318543563448,9971.073131237206,-1134.619,-9.245412326240947
2021-01-07 08:00:00,11772.0,11132.87486635314,9982.92857729064,9947.685616389364,-1149.9463,-35.242960901276895
2021-01-07 09:00:00,11706.0,11094.013275772371,10000.782074600496,9998.160723890289,-1093.2312,-2.621350710207952
2021-01-07 10:00:00,11745.0,11035.097847525676,9870.785713736614,9848.415985218995,-1164.3121,-22.369728517618952
2021-01-07 11:00:00,11715.0,10987.627510910577,9767.531807785577,9756.89705679255,-1220.0957,-10.634750993026685
2021-01-07 12:00:00,11681.0,10970.772905136579,9777.073686386579,9787.44791856335,-1193.6992,10.374232176771672
2021-01-07 13:00:00,11844.0,10994.230960723846,9833.522098419158,9850.422051171881,-1160.7089,16.899952752723753
2021-01-07 14:00:00,11957.0,11056.725903904044,10044.555859958731,10048.018565453931,-1012.17004,3.4627054952003804
2021-01-07 15:00:00,11915.0,11137.093098698737,10382.93776422608,10367.85559425147,-754.15533,-15.08216997461042
2021-01-07 16:00:00,11778.0,11191.736042944085,10473.79683395971,10486.862982515686,-717.9392,13.066148555975227
2021-01-07 17:00:00,11748.0,11172.81576016742,10637.52035001117,10649.474586823933,-535.2954,11.95423681276334
2021-01-07 18:00:00,11587.0,11061.548480471876,10464.533038577345,10510.12831872187,-597.01544,45.59528014452544
2021-01-07 19:00:00,11164.0,10890.157267987244,9718.50614494037,9734.846377425472,-1171.6511,16.340232485103645
2021-01-07 20:00:00,11234.0,10728.432108117333,9712.544412804833,9748.034938945622,-1015.8877,35.4905261407896
2021-01-07 21:00:00,10972.0,10638.994839171624,9476.301357726312,9499.06887370797,-1162.6935,22.76751598165823
2021-01-07 22:00:00,11620.5,10634.861577487633,9258.202886081383,9241.137612940802,-1376.6587,-17.0652731405807
2021-01-07 23:00:00,11620.5,10674.796681011887,9787.592823590012,9805.881462165793,-887.20386,18.288638575781384
2021-01-08 00:00:00,11602.5,10701.503803981896,10010.44807888424,10015.363796293423,-691.0557,4.915717409183601
2021-01-08 01:00:00,11580.0,10690.874916926363,9962.246498957613,9963.00320002597,-728.6284,0.7567010683586943
2021-01-08 02:00:00,11580.0,10670.71786109407,9793.09774390657,9797.047174245736,-877.6201,3.9494303391651213
2021-01-08 03:00:00,11580.0,10694.019110097737,9315.158758535237,9342.893886378975,-1378.8604,27.735127843738816
2021-01-08 04:00:00,11110.0,10791.023207297334,9049.717909445772,9036.042255531445,-1741.3053,-13.675653914325954
2021-01-08 05:00:00,11533.0,10941.200828009627,9570.894675665877,9549.600396841697,-1370.3062,-21.29427882417921
2021-01-08 06:00:00,11870.0,11086.758210478509,10005.792023955071,9986.580463975215,-1080.9662,-19.211559979856624
2021-01-08 07:00:00,11719.0,11173.082256621341,10262.254253691654,10278.775150077441,-910.828,16.520896385787374
2021-01-08 08:00:00,11654.0,11181.538257138842,10257.636218564623,10235.902709288324,-923.90204,-21.733509276298523
2021-01-08 09:00:00,11732.0,11131.94596495623,10056.194378042168,10053.209331237398,-1075.7516,-2.985046804770611
2021-01-08 10:00:00,11699.0,11060.983503025915,10052.719525975133,10071.372003305798,-1008.264,18.652477330664784
2021-01-08 11:00:00,11618.0,11000.09311305672,9838.579319111408,9844.379175822149,-1161.5138,5.7998567107400865
2021-01-08 12:00:00,11573.0,10968.399873892851,9777.024629752226,9796.595726287009,-1191.3752,19.571096534782086
2021-01-08 13:00:00,11689.0,10975.568185703056,9789.243966953056,9784.258115975077,-1186.3242,-4.985850977979544
2021-01-08 14:00:00,11900.0,11020.304046922074,10039.451629929887,10082.705775222117,-980.8524,43.254145292230184
2021-01-08 15:00:00,11911.0,11081.439166272867,10361.979205335367,10361.593909043411,-719.45996,-0.38529629195617743
2021-01-08 16:00:00,11847.0,11115.388774724413,10495.213481755663,10506.584641197045,-620.1753,11.371159441381437
2021-01-08 17:00:00,11874.0,11074.343994366329,10595.45172141711,10594.69525931853,-478.89227,-0.7564620985802786
2021-01-08 18:00:00,11684.0,10939.57399959045,10368.5647222467,10338.462025509685,-571.0093,-30.102696737013666
2021-01-08 19:00:00,11338.0,10743.38060096306,9724.49504188103,9743.185510868423,-1018.88556,18.6904689873931
2021-01-08 20:00:00,11399.0,10555.657014842462,9631.194063182305,9665.055441764962,-924.46295,33.86137858265618
2021-01-08 21:00:00,11156.0,10439.147661239518,9332.852983505143,9368.591523745774,-1106.2947,35.73854024063111
2021-01-08 22:00:00,10704.0,10407.005457800997,8979.146326941622,9042.63039881076,-1427.8591,63.48407186913766
2021-01-08 23:00:00,10405.0,10418.144694101265,9140.679972421578,9159.518623807091,-1277.4647,18.838651385512833
2021-01-09 00:00:00,11189.5,10415.435613692072,9261.29340177801,9288.155096972256,-1154.1422,26.86169519424575
2021-01-09 01:00:00,11189.5,10374.957963606475,9446.974687239288,9384.04562948083,-927.9833,-62.929057758458406
2021-01-09 02:00:00,11189.5,10324.729353318717,9279.249739060904,9211.591718534943,-1045.4796,-67.65802052596196
2021-01-09 03:00:00,10326.0,10317.963405237731,8752.233058558044,8657.736622622118,-1565.7303,-94.49643593592518
2021-01-09 04:00:00,10584.0,10385.141943975514,8255.925635381764,8258.008592766215,-2129.2163,2.082957384450939
2021-01-09 05:00:00,10657.0,10505.97786684283,8711.804893210017,8729.810078209443,-1794.173,18.0051849994252
2021-01-09 06:00:00,10887.0,10622.923924578006,9171.371556413944,9156.149066109563,-1451.5524,-15.222490304381557
2021-01-09 07:00:00,10964.0,10681.620072412883,9489.636429834758,9475.737689527343,-1191.9836,-13.898740307415013
2021-01-09 08:00:00,11067.0,10663.69243321742,9584.196949818983,9562.781629204017,-1079.4955,-21.41532061496671
2021-01-09 09:00:00,11223.0,10589.227041653186,9590.606680325061,9571.837730341093,-998.62036,-18.768949983968408
2021-01-09 10:00:00,11253.0,10495.168595930729,9576.98335423151,9578.72731062969,-918.18524,1.7439563981814459
2021-01-09 11:00:00,11251.0,10413.22093775911,9428.24925807161,9422.037338188076,-984.9717,-6.211919883533893
2021-01-09 12:00:00,11301.0,10362.762186572354,9344.048258349698,9336.569784006439,-1018.7139,-7.478474343259791
2021-01-09 13:00:00,11585.0,10353.698778195982,9454.431993528013,9439.861201305477,-899.2668,-14.570792222535047
2021-01-09 14:00:00,12030.0,10384.964839832151,9961.053127185667,9970.301518498107,-423.9117,9.24839131244032
2021-01-09 15:00:00,12320.0,10435.602627124366,10484.31229051548,10490.604594586792,48.709663,6.292304071311504
2021-01-09 16:00:00,12366.0,10462.217490186153,10492.74637125915,10492.67245156955,30.528881,-0.07391968960078724
2021-01-09 17:00:00,12270.0,10417.169891619164,10530.320266985374,10536.12714691912,113.150375,5.806879933744657
2021-01-09 18:00:00,11992.0,10281.879101067776,10247.46888378262,10254.308508649605,-34.410217,6.839624866984551
2021-01-09 19:00:00,11570.0,10088.778212625988,9781.7685690713,9745.254382700748,-307.00964,-36.51418637055228
2021-01-09 20:00:00,11684.0,9907.86953645263,9697.610640578607,9697.91671610905,-210.2589,0.30607553044300007
2021-01-09 21:00:00,11515.0,9801.977697504271,9459.448400629271,9441.780644183196,-342.5293,-17.667756446074677
2021-01-09 22:00:00,11103.0,9784.300756043956,9137.866979188488,9147.374924124193,-646.4338,9.507944935705558
2021-01-09 23:00:00,10745.0,9813.761493952867,8914.723896296617,8926.670176938556,-899.0376,11.94628064193933
2021-01-10 00:00:00,10538.0,9833.2055842665,8794.359270789937,8785.188498088526,-1038.8463,-9.170772701411632
2021-01-10 01:00:00,10464.0,9818.660297180084,8647.384784484771,8598.775732291395,-1171.2755,-48.60905219337731
2021-01-10 02:00:00,10462.0,9798.064858814501,8454.039590259814,8410.764701433289,-1344.0253,-43.274888826524176
2021-01-10 03:00:00,10499.0,9824.525748723103,8255.80541180904,8185.166388874993,-1568.7203,-70.63902293404776
2021-01-10 04:00:00,10671.0,9928.38394960229,8329.144569719478,8305.844811744291,-1599.2394,-23.299757975186637
2021-01-10 05:00:00,10646.0,10089.175466310486,8494.827932130798,8457.788048559187,-1594.3475,-37.03988357161135
2021-01-10 06:00:00,10846.0,10249.142802244694,9070.547953611882,9082.927426611333,-1178.5948,12.379472999450902
2021-01-10 07:00:00,10906.0,10353.688380833717,9326.650539036842,9326.32277840033,-1027.0378,-0.3277606365127077
2021-01-10 08:00:00,11067.0,10384.179002794175,9511.668138536363,9519.49541318078,-872.51086,7.827274644418576
2021-01-10 09:00:00,11185.0,10360.421910058049,9517.431919823674,9528.641179520884,-842.99,11.209259697211298
2021-01-10 10:00:00,11200.0,10319.06337476318,9492.826680427243,9471.663027894836,-826.2367,-21.163652532406516
2021-01-10 11:00:00,11228.0,10291.489195335776,9194.693418968589,9179.47025428833,-1096.7958,-15.223164680259266
2021-01-10 12:00:00,11154.0,10296.741766302905,9186.591375677905,9166.71719996446,-1110.1504,-19.874175713444266
2021-01-10 13:00:00,11221.0,10344.377365803659,9199.852097248971,9213.920880956142,-1144.5253,14.06878370717175
2021-01-10 14:00:00,11521.0,10432.968435469304,9582.58226603571,9595.260284241727,-850.38617,12.678018206017198
2021-01-10 15:00:00,11589.0,10541.186197411567,10014.02469838813,9982.05396076451,-527.1615,-31.970737623619407
2021-01-10 16:00:00,11612.0,10625.258611991949,10165.80774529273,10187.481753996073,-459.45087,21.674008703342942
2021-01-10 17:00:00,11636.0,10637.167799908095,10284.410292583876,10281.057785393885,-352.7575,-3.3525071899904466
2021-01-10 18:00:00,11330.0,10557.960877501579,10304.400895201774,10297.813239572011,-253.55998,-6.587655629762916
2021-01-10 19:00:00,10930.0,10419.710803584161,9731.52983434588,9703.638473366158,-688.18097,-27.891360979721867
2021-01-10 20:00:00,11164.0,10292.07351606541,9712.842009717753,9696.486203420318,-579.2315,-16.355806297435056
2021-01-10 21:00:00,10991.0,10237.539122979657,9267.618468682782,9257.517580946134,-969.92065,-10.10088773664723
2021-01-10 22:00:00,10685.0,10268.981253828952,9018.42693253989,9015.390556518663,-1250.5543,-3.036376021225972
2021-01-10 23:00:00,10381.0,10345.0107244229,8930.424420711963,8971.858209021031,-1414.5863,41.43378830906829
2021-01-11 00:00:00,11375.0,10408.180776093928,8923.35082003924,8899.406339081774,-1484.83,-23.944480957466233
2021-01-11 01:00:00,11470.5,10434.253895299023,9251.211781041211,9257.556145991328,-1183.0421,6.344364950116413
2021-01-11 02:00:00,11555.0,10450.936569274856,9194.761154235794,9222.90975110583,-1256.1754,28.148596870037142
2021-01-11 03:00:00,10647.0,10511.133538746439,8869.117425465189,8875.278979229332,-1642.0161,6.1615537641421145
2021-01-11 04:00:00,11420.0,10645.011305558464,8863.927199113152,8875.138330817545,-1781.0841,11.211131704392477
2021-01-11 05:00:00,11908.0,10831.9568714951,9618.413170323225,9638.628739739695,-1213.5437,20.215569416469716
2021-01-11 06:00:00,12211.0,11014.09184791495,9999.40239478995,9986.86520055387,-1014.68945,-12.537194236079696
2021-01-11 07:00:00,12136.0,11136.731250142917,10110.239306783542,10119.752016091572,-1026.492,9.51270930802973
2021-01-11 08:00:00,12073.0,11181.192123201025,10155.29881265415,10135.706421163579,-1025.8933,-19.59239149057042
2021-01-11 09:00:00,12050.0,11167.269985021743,10143.064540685806,10137.176348718715,-1024.2054,-5.888191967091307
2021-01-11 10:00:00,11968.0,11131.634718149058,9998.688673227183,10002.715929159438,-1132.946,4.027255932255297
2021-01-11 11:00:00,11862.0,11105.727980683418,9786.333693574043,9790.644792541205,-1319.3943,4.311098967163143
2021-01-11 12:00:00,11713.0,11108.678577540366,9744.639515040366,9765.511354730692,-1364.0391,20.8718396903259
2021-01-11 13:00:00,11770.0,11150.158869842626,9776.120783905126,9781.866300569884,-1374.0381,5.745516664757355
2021-01-11 14:00:00,11946.0,11228.885385286325,9928.36609817695,9927.631039398222,-1300.5193,-0.7350587787282123
2021-01-11 15:00:00,11941.0,11323.698643790118,10295.099278555743,10249.962400619685,-1028.5994,-45.136877936058966
2021-01-11 16:00:00,11861.0,11391.018793976205,10408.889887726205,10372.144234114405,-982.1289,-36.745653611801345
2021-01-11 17:00:00,11826.0,11383.04284339503,10563.00964027003,10517.507216818367,-820.0332,-45.50242345166164
2021-01-11 18:00:00,11623.0,11281.056817449788,10361.491753973225,10369.106759260414,-919.56506,7.615005287188336
2021-01-11 19:00:00,11266.0,11117.396461999557,9695.172340905807,9694.43520935955,-1422.2241,-0.7371315462575576
2021-01-11 20:00:00,11443.0,10962.000060465825,9674.511290934575,9675.41463420579,-1287.4888,0.9033432712147295
2021-01-11 21:00:00,11179.0,10877.65162862796,9390.127946987335,9364.030456677807,-1487.5237,-26.097490309527647
2021-01-11 22:00:00,11741.5,10877.522451230376,9390.397939511626,9339.924219113518,-1487.1245,-50.473720398107844
2021-01-11 23:00:00,11741.5,10920.521188536175,9682.592477598675,9673.136416626252,-1237.9287,-9.456060972423911
2021-01-12 00:00:00,11741.5,10949.500422068251,9880.835749216689,9869.470597156354,-1068.6647,-11.365152060333768
2021-01-12 01:00:00,11798.0,10940.526060468068,9693.63946378838,9691.453119927484,-1246.8866,-2.186343860895821
2021-01-12 02:00:00,11843.5,10921.611259804142,9605.10479007758,9586.418432400253,-1316.5065,-18.686357677327408
2021-01-12 03:00:00,11843.5,10945.964750053667,9151.641996147417,9170.983092773164,-1794.3228,19.341096625746598
2021-01-12 04:00:00,11468.0,11044.046121427913,9201.2530306076,9133.327284378063,-1842.7931,-67.92574622953708
2021-01-12 05:00:00,11941.0,11195.5187521782,9710.870192607888,9703.562952167696,-1484.6486,-7.307240440191628
2021-01-12 06:00:00,12160.0,11342.763010083294,10123.425485669231,10107.347434829402,-1219.3375,-16.078050839829803
2021-01-12 07:00:00,12120.0,11431.33740299341,10219.682495766847,10199.69979475768,-1211.6549,-19.982701009167
2021-01-12 08:00:00,12022.0,11442.788909353429,10267.538421072179,10239.336512682215,-1175.2505,-28.201908389964036
2021-01-12 09:00:00,12059.0,11397.127912459024,10232.042097029336,10254.851291466084,-1165.0858,22.8091944367475
2021-01-12 10:00:00,12078.0,11331.220097246938,10233.627690020376,10225.018944544743,-1097.5924,-8.608745475632777
2021-01-12 11:00:00,11991.0,11276.680077557976,10078.418358807976,10082.684868203085,-1198.2617,4.266509395108471
2021-01-12 12:00:00,11957.0,11252.784970376893,9957.548153970643,9952.756729354624,-1295.2368,-4.791424616019437
2021-01-12 13:00:00,12042.0,11269.330423356407,10003.040262223594,9990.087601250543,-1266.2902,-12.952660973050719
2021-01-12 14:00:00,12228.0,11325.130633567314,10279.973895286064,10293.29804132103,-1045.1567,13.324146034965574
2021-01-12 15:00:00,12232.0,11399.09702231965,10591.631751323555,10592.144662189445,-807.4653,0.5129108658893178
2021-01-12 16:00:00,12251.0,11447.693727486583,10710.16937445924,10710.302228859431,-737.52435,0.1328544001914811
2021-01-12 17:00:00,12298.0,11423.137323718907,10797.439447742345,10800.601233633844,-625.6979,3.161785891499459
2021-01-12 18:00:00,12100.0,11306.713454150353,10629.430373095665,10631.17016367217,-677.2831,1.7397905765053083
2021-01-12 19:00:00,11665.0,11130.740962342712,10024.4332230849,9978.743433681586,-1106.3077,-45.689789403312886
2021-01-12 20:00:00,11746.0,10965.12434061233,9945.405346471705,9941.576328098385,-1019.719,-3.829018373319907
2021-01-12 21:00:00,11462.0,10872.59320517657,9756.16351767657,9723.475297848752,-1116.4297,-32.68821982781826
2021-01-12 22:00:00,12016.5,10866.24056553249,9782.270594829364,9802.719988799236,-1083.97,20.4493939698719
2021-01-12 23:00:00,12016.5,10904.874134190879,10056.302784093223,10043.279760578487,-848.57135,-13.023023514735428
2021-01-13 00:00:00,12071.0,10931.229094626955,10102.868132712892,10100.572280280687,-828.36096,-2.295852432206138
2021-01-13 01:00:00,12164.0,10921.245103115933,10029.529282803433,10015.003373373045,-891.7158,-14.525909430387989
2021-01-13 02:00:00,12230.0,10902.80441631882,9925.654452939914,9916.378610557824,-977.14996,-9.275842382091277
2021-01-13 03:00:00,12241.5,10928.979306585175,9633.612973577363,9605.114982264238,-1295.3663,-28.497991313124857
2021-01-13 04:00:00,11959.0,11030.084054586086,9520.135446187649,9457.900981107561,-1509.9486,-62.234465080087766
2021-01-13 05:00:00,12444.0,11185.626848835735,10121.571795124797,10138.532841186554,-1064.055,16.961046061757305
2021-01-13 06:00:00,12773.0,11337.826661304105,10480.77221794473,10515.496364765699,-857.05444,34.72414682096947
2021-01-13 07:00:00,12701.0,11432.081083765655,10518.274504175812,10511.43232424809,-913.8066,-6.842179927722732
2021-01-13 08:00:00,12694.0,11449.782391974179,10653.688703009335,10645.51700183937,-796.0937,-8.171701169966378
2021-01-13 09:00:00,12725.0,11410.794654698231,10697.595374913075,10699.848270235121,-713.1993,2.2528953220469643
2021-01-13 10:00:00,12738.0,11351.844935314875,10588.507349865657,10591.341597854245,-763.3376,2.834247988589053
2021-01-13 11:00:00,12710.0,11304.416016977526,10435.509278696276,10443.357332921294,-868.90674,7.848054225017428
2021-01-13 12:00:00,12691.0,11287.660615419642,10306.413484071985,10294.62514991403,-981.24713,-11.788334157955092
2021-01-13 13:00:00,12780.0,11311.258991744968,10361.095234420749,10369.429701205687,-950.16376,8.334466784937808
2021-01-13 14:00:00,13007.0,11373.919862625195,10578.636354324413,10579.460308631236,-795.2835,0.8239543068223388
2021-01-13 15:00:00,13090.0,11454.4589135559,11044.173238507072,11003.15084869969,-410.28568,-41.02238980738183
2021-01-13 16:00:00,13137.0,11509.25463956032,11236.342163974383,11202.976976015087,-272.91248,-33.36518795929694
2021-01-13 17:00:00,13159.0,11490.45055452081,11412.845139176572,11406.996879582644,-77.605415,-5.848259593928494
2021-01-13 18:00:00,12955.0,11379.275811101257,11130.004143620788,11111.912221568018,-249.27167,-18.091922052770556
2021-01-13 19:00:00,12453.0,11208.011809747875,10440.250090997875,10418.791204114352,-767.7617,-21.458886883524006
2021-01-13 20:00:00,12505.0,11046.542879897492,10336.83603175296,10312.675770951973,-709.70685,-24.160260800987007
2021-01-13 21:00:00,12292.0,10957.590218580033,9939.861947095658,9886.5780779633,-1017.7283,-53.28386913235858
2021-01-13 22:00:00,12757.0,10954.244689757606,10038.260680968544,10016.213680697638,-915.984,-22.047000270906654
2021-01-13 23:00:00,12778.0,10995.316785470064,10538.667676583345,10526.832338220334,-456.6491,-11.835338363011603
2021-01-14 00:00:00,12867.5,11023.552757201185,10505.567344603529,10472.072838159143,-517.9854,-33.4945064443851
2021-01-14 01:00:00,12981.0,11014.916092525704,10648.43260253547,10613.759461969688,-366.4835,-34.67314056578017
2021-01-14 02:00:00,13029.5,10997.326514915803,10652.279243187288,10620.631933213495,-345.04727,-31.647309973791764
2021-01-14 03:00:00,13071.0,11023.902989045773,10289.777989045773,10294.92060148526,-734.125,5.142612439487496
2021-01-14 04:00:00,12776.0,11125.008809504887,10063.453145442387,10009.431942897274,-1061.5557,-54.02120254511366
2021-01-14 05:00:00,13052.0,11280.198803295289,10668.744396557007,10624.032996915845,-611.4544,-44.71139964116287
2021-01-14 06:00:00,13332.0,11431.73620563254,11218.287765080782,11218.726517607047,-213.44844,0.43875252626502786
2021-01-14 07:00:00,13304.0,11525.063556122474,11335.58282797306,11320.762972597287,-189.48073,-14.819855375772594
2021-01-14 08:00:00,13334.0,11541.620969687923,11334.549711143001,11329.620633919452,-207.07126,-4.929077223549124
2021-01-14 09:00:00,13397.0,11501.322043069677,11325.401861795262,11344.281728810465,-175.92018,18.87986701520291
2021-01-14 10:00:00,13458.0,11440.941180338375,11242.905215372555,11272.681539754189,-198.03596,29.776324381633284
2021-01-14 11:00:00,13350.0,11392.002475951853,11131.966800903025,11151.08175697825,-260.03568,19.11495607522536
2021-01-14 12:00:00,13353.0,11373.691907481918,11063.019330577621,11078.55481380178,-310.67258,15.535483224160036
2021-01-14 13:00:00,13435.0,11395.71419259862,11134.997487276354,11137.611835449921,-260.7167,2.614348173567493
2021-01-14 14:00:00,13646.0,11456.79259882244,11407.839435675467,11428.761434687138,-48.953163,20.921999011670753
2021-01-14 15:00:00,13733.0,11535.745678908066,11635.397198683457,11609.45005286058,99.65152,-25.947145822875857
2021-01-14 16:00:00,13787.0,11588.942240270544,11870.684763463903,11881.538437840774,281.74252,10.853674376871117
2021-01-14 17:00:00,13351.0,11568.505235569512,12001.426195042168,12014.437458799357,432.92096,13.011263757189877
2021-01-14 18:00:00,13725.0,11455.63598421832,11746.169767177304,11736.245670317134,290.53378,-9.924096860170243
2021-01-14 19:00:00,13352.0,11282.583296219604,11370.14481202771,11360.728492809962,87.561516,-9.4163192177467
2021-01-14 20:00:00,13459.0,11119.192845939251,11316.851674674603,11307.710866317291,197.65883,-9.140808357311302
2021-01-14 21:00:00,13334.0,11028.136446631825,10922.801203406727,10919.6808448227,-105.33524,-3.1203585840268087
2021-01-14 22:00:00,12870.0,11022.440650593157,10942.01293910634,10929.297622360353,-80.42771,-12.715316745986712
2021-01-14 23:00:00,12676.0,11060.837010570282,10710.338841624969,10708.715483395577,-350.49817,-1.62335822939134
2021-01-15 00:00:00,12527.0,11085.983575524278,10687.543756188341,10677.32769410862,-398.43982,-10.216062079720496
2021-01-15 01:00:00,12485.0,11073.753164525717,10482.513113256186,10457.91763097727,-591.24005,-24.595482278915036
2021-01-15 02:00:00,12620.0,11051.975847146974,10476.302507303224,10485.957812455074,-575.67334,9.65530515184946
2021-01-15 03:00:00,12937.0,11073.680393593115,10284.827305214209,10293.803635301134,-788.8531,8.976330086924735
2021-01-15 04:00:00,13660.0,11169.13551739654,10455.649982728572,10466.244310396416,-713.48553,10.594327667844238
2021-01-15 05:00:00,13998.0,11317.79559580813,11051.869204206567,11037.186339450562,-265.9264,-14.68286475600477
2021-01-15 06:00:00,14239.0,11461.820869094026,11338.13468897928,11340.703856544513,-123.68618,2.569167565233185
2021-01-15 07:00:00,14150.0,11546.55477750348,11333.307310462464,11310.29693761939,-213.24747,-23.010372843073228
2021-01-15 08:00:00,14115.0,11553.3478267176,11338.497957943186,11329.008837047651,-214.84987,-9.489120895533727
2021-01-15 09:00:00,14074.0,11502.035633999576,11300.092122036685,11285.008820076668,-201.94351,-15.08330196001741
2021-01-15 10:00:00,14025.0,11429.325623039285,11104.573730949442,11096.028693503,-324.7519,-8.5450374464418
2021-01-15 11:00:00,13876.0,11366.685163099604,11089.947064955073,11087.95117314684,-276.7381,-1.995891808234044
2021-01-15 12:00:00,13729.0,11333.25464370331,10996.57446792206,10989.313135401186,-336.68018,-7.2613325208755795
2021-01-15 13:00:00,13631.0,11338.706235666421,10771.661191721108,10764.955609339331,-567.04504,-6.70558238177691
2021-01-15 14:00:00,13773.0,11381.744974532408,10949.378855147643,10952.346511211501,-432.36612,2.9676560638586276
2021-01-15 15:00:00,13773.0,11441.185766944862,11237.341025123573,11204.353519326725,-203.84474,-32.98750579684699
2021-01-15 16:00:00,13745.0,11473.409176850864,11385.026349092075,11372.493869121956,-88.38283,-12.532479970118997
2021-01-15 17:00:00,13621.0,11430.56829383513,11462.815158153977,11452.987746025743,32.246864,-9.827412128233629
2021-01-15 18:00:00,13276.0,11293.917435488142,11239.555504640974,11218.913735042875,-54.36193,-20.641769598097515
2021-01-15 19:00:00,12728.0,11095.784227937878,10784.943163484753,10756.074801965065,-310.84106,-28.868361519688197
2021-01-15 20:00:00,12682.0,10906.117662304492,10629.446824902148,10590.777025844427,-276.67084,-38.669799057720574
2021-01-15 21:00:00,12357.0,10787.712235296205,10365.71995624347,10339.438468446602,-421.99228,-26.281487796869285
2021-01-15 22:00:00,11929.0,10753.73141805721,10218.686618252523,10210.65675703477,-535.0448,-8.029861217751412
2021-01-15 23:00:00,12338.5,10763.056827804674,10021.846561691393,10008.717809631495,-741.21027,-13.128752059897314
2021-01-16 00:00:00,12319.5,10758.513250313645,10164.099676094895,10168.959077700945,-594.4136,4.8594016060500715
2021-01-16 01:00:00,12264.5,10716.16144246634,10013.531315513215,10020.908305983725,-702.6301,7.376990470508969
2021-01-16 02:00:00,12254.0,10664.041416112732,9967.917636815857,9967.216942947449,-696.1238,-0.7006938684077239
2021-01-16 03:00:00,12254.0,10655.409275775379,9725.067723041004,9725.204594492052,-930.34155,0.13687145104830978
2021-01-16 04:00:00,12254.0,10720.771211856669,9681.416231387919,9700.858597299539,-1039.355,19.442365911619717
2021-01-16 05:00:00,11661.0,10839.8240276703,9906.580070150769,9911.606824765408,-933.24396,5.026754614638531
2021-01-16 06:00:00,12041.0,10954.974686757043,10366.651444569543,10393.662053368498,-588.32324,27.010608798954905
2021-01-16 07:00:00,12145.0,11011.81989833914,10426.843885155546,10441.35475146999,-584.976,14.510866314443778
2021-01-16 08:00:00,12319.0,10991.971218747147,10501.286831540116,10532.651040494,-490.6844,31.364208953884347
2021-01-16 09:00:00,12364.0,10915.530766272484,10655.853123450219,10690.181716229687,-259.67764,34.328592779468615
2021-01-16 10:00:00,12320.0,10819.472757745769,10461.436411310222,10508.100001952213,-358.03635,46.663590641991455
2021-01-16 11:00:00,12210.0,10735.526376776468,10362.756082587015,10393.277127491981,-372.7703,30.521044904966722
2021-01-16 12:00:00,12162.0,10683.085262017757,10266.67831011346,10279.426043549955,-416.40695,12.747733436493789
2021-01-16 13:00:00,12298.0,10672.063820503325,10261.583046577543,10280.668132432898,-410.48077,19.085085855355455
2021-01-16 14:00:00,12757.0,10701.395406932028,10572.035619944723,10592.233307475954,-129.35979,20.19768753122976
2021-01-16 15:00:00,12236.0,10750.105652981552,10842.306740933212,10772.217097563867,92.20109,-70.08964336934433
2021-01-16 16:00:00,12236.0,10774.765405516833,10842.171708922595,10812.233856276243,67.4063,-29.937852646351878
2021-01-16 17:00:00,12236.0,10727.697242161024,11134.799903293837,11183.286897813072,407.10266,48.486994519234074
2021-01-16 18:00:00,12764.0,10590.30570521826,10903.424082903806,10932.544403620635,313.11838,29.12032071682994
2021-01-16 19:00:00,12262.0,10395.049814140335,10646.664499198929,10628.612358839535,251.61469,-18.052140359393672
2021-01-16 20:00:00,12422.0,10211.987742428604,10446.01790905458,10445.478870777662,234.03017,-0.5390382769177452
2021-01-16 21:00:00,12317.0,10103.994257882203,10228.259791329468,10275.657216034779,124.26553,47.39742470530978
2021-01-16 22:00:00,11840.0,10084.278016892438,9860.36619743443,9893.847404733586,-223.91182,33.481207299154605
2021-01-16 23:00:00,11589.0,10111.729147236842,9802.904104512232,9792.800710285996,-308.82504,-10.103394226236059
2021-01-17 00:00:00,11333.0,10129.147857482281,9570.001861388531,9548.55573723084,-559.146,-21.44612415769175
2021-01-17 01:00:00,11161.0,10112.54239562554,9317.251929316946,9329.443282854314,-795.29047,12.191353537367695
2021-01-17 02:00:00,11175.0,10089.874332694555,9293.20758464768,9313.165237813315,-796.66675,19.957653165634014
2021-01-17 03:00:00,11233.0,10114.292547597319,9130.105718984038,9158.046585953964,-984.1868,27.940866969925633
2021-01-17 04:00:00,11359.0,10216.162281218054,9035.116260710241,8997.786930813085,-1181.046,-37.329329897157216
2021-01-17 05:00:00,11299.0,10375.003312578863,9346.676164141363,9293.584099883423,-1028.3271,-53.092064257939846
2021-01-17 06:00:00,11521.0,10533.012202787715,9613.213862943965,9602.82221728062,-919.79834,-10.391645663344214
2021-01-17 07:00:00,11544.0,10635.547952054814,10084.225076078252,10062.75795532859,-551.3229,-21.4671207496605
2021-01-17 08:00:00,11747.0,10663.96259665825,10253.691966775437,10242.632789465273,-410.27063,-11.059177310164381
2021-01-17 09:00:00,11819.0,10638.079245155548,10241.805990761017,10241.505727265221,-396.27325,-0.30026349579614525
2021-01-17 10:00:00,11810.0,10594.573454066907,10103.87225167433,10108.556124710654,-490.7012,4.6838730363250285
2021-01-17 11:00:00,11704.0,10564.856114238446,9776.407078593915,9798.720163891034,-788.44904,22.313085297118928
2021-01-17 12:00:00,11592.0,10567.984876897184,9667.578077580778,9689.192399067513,-900.4068,21.614321486735868
2021-01-17 13:00:00,11642.0,10613.523718144355,9708.073522831855,9743.044041663246,-905.4502,34.97051883139141
2021-01-17 14:00:00,11869.0,10700.04402559881,10038.412494837092,10053.850077808764,-661.63153,15.437582971672587
2021-01-17 15:00:00,12093.0,10806.200110172425,10409.533636783754,10405.196377208915,-396.66647,-4.337259574838276
2021-01-17 16:00:00,12100.0,10888.185138637486,10540.20997994608,10506.816620173664,-347.97516,-33.39335977241553
2021-01-17 17:00:00,12077.0,10897.943055925867,10656.393800554773,10657.478203658167,-241.54926,1.0844031033935793
2021-01-17 18:00:00,11834.0,10816.505962462508,10641.531765074813,10668.798743585576,-174.9742,27.266978510763344
2021-01-17 19:00:00,11407.0,10675.972458714228,10087.907517307978,10077.448790933937,-588.06494,-10.458726374041612
2021-01-17 20:00:00,11603.0,10546.054069707361,10271.899528691736,10251.084656324032,-274.15454,-20.814872367703895
2021-01-17 21:00:00,11497.0,10489.290780116931,9894.359505702869,9912.45177315115,-594.9313,18.092267448281305
2021-01-17 22:00:00,11173.0,10518.566561827543,9726.30734551895,9688.286163067201,-792.2592,-38.021182451747755
2021-01-17 23:00:00,10905.0,10592.459337575066,9667.254869801629,9677.392552202406,-925.20447,10.137682400777404
2021-01-18 00:00:00,11851.5,10653.476662181856,9470.312355541231,9465.609501369396,-1183.1643,-4.70285417183495
2021-01-18 01:00:00,11920.5,10677.361796825371,9820.158061473809,9819.99337180553,-857.20374,-0.1646896682782532
2021-01-18 02:00:00,12024.5,10691.843391297374,9888.942024109874,9896.762593483358,-802.90137,7.820569373483725
2021-01-18 03:00:00,11144.0,10749.868425671399,9727.708513562024,9732.191597929854,-1022.1599,4.483084367830423
2021-01-18 04:00:00,11972.0,10881.62752364572,9493.900594934783,9472.647873946844,-1387.7269,-21.25272098793988
2021-01-18 05:00:00,12362.0,11066.4913496986,10172.183976651724,10154.297233903726,-894.3074,-17.886742747997992
2021-01-18 06:00:00,12625.0,11246.535487099209,10394.497034950771,10387.259738132288,-852.03845,-7.237296818483363
2021-01-18 07:00:00,12502.0,11367.031468471368,10391.574009975275,10403.366706426244,-975.45746,11.792696450970158
2021-01-18 08:00:00,12459.0,11409.281541550186,10530.392991745499,10529.119659996046,-878.88855,-1.2733317494524856
2021-01-18 09:00:00,12481.0,11393.097084805686,10497.652321622092,10511.322680225056,-895.44476,13.670358602964212
2021-01-18 10:00:00,12425.0,11355.17728558629,10491.901955996445,10497.698820130403,-863.2753,5.796864133957656
2021-01-18 11:00:00,12375.0,11326.988940935924,10347.586414080455,10353.071059803675,-979.4025,5.484645723220012
2021-01-18 12:00:00,12313.0,11327.676184345763,10278.996985127013,10291.142462587777,-1048.6792,12.145477460763791
2021-01-18 13:00:00,12198.0,11366.919171214004,10235.637188792129,10243.803011469348,-1131.282,8.165822677219179
2021-01-18 14:00:00,12232.0,11443.433494745093,10417.038963495093,10424.629547594199,-1026.3945,7.590584099105676
2021-01-18 15:00:00,12258.0,11536.042904958855,10739.271969900261,10744.740799712823,-796.77094,5.468829812562328
2021-01-18 16:00:00,12140.0,11601.132918409809,10909.210249952777,10922.864414940974,-691.92267,13.654164988197197
2021-01-18 17:00:00,12119.0,11590.86254675338,11073.939939331505,11089.713015697755,-516.9226,15.773076366248798
2021-01-18 18:00:00,11786.0,11486.502995776502,10823.19818620619,10825.966528057777,-663.3048,2.7683418515876657
2021-01-18 19:00:00,11486.0,11320.41586357938,10138.723602837192,10144.556396725564,-1181.6923,5.832793888372017
2021-01-18 20:00:00,11582.0,11162.595243367216,10148.822416218778,10136.890109178892,-1013.7728,-11.932307039885146
2021-01-18 21:00:00,11353.0,11075.875260029869,9845.896378193931,9824.157456134182,-1229.9789,-21.73892205974822
2021-01-18 22:00:00,11773.5,11073.437780511253,9945.362341058128,9941.796832281816,-1128.0754,-3.5655087763110003
2021-01-18 23:00:00,11759.0,11114.158816823052,10232.073001393364,10225.212835801854,-882.0858,-6.860165591510083
2021-01-19 00:00:00,11732.0,11140.845511359857,10217.261038703607,10213.064640302684,-923.5845,-4.196398400923791
2021-01-19 01:00:00,11692.5,11129.544794990821,10039.221186592384,10039.89554370989,-1090.3236,0.6743571175065948
2021-01-19 02:00:00,11648.0,11108.29223162376,9770.902339045635,9770.201862094289,-1337.3899,-0.7004769513454878
2021-01-19 03:00:00,11648.0,11130.3390313986,9499.106853664225,9509.511126669451,-1631.2322,10.404273005226438
2021-01-19 04:00:00,11414.0,11226.169140428343,9625.110546678343,9632.458393350402,-1601.0586,7.347846672058537
2021-01-19 05:00:00,11771.0,11375.429824929191,9991.823013405754,9973.166945279892,-1383.6068,-18.65606812586117
2021-01-19 06:00:00,11957.0,11520.4556390992,10367.385448669513,10335.823178794388,-1153.0702,-31.562269875125267
2021-01-19 07:00:00,11776.0,11606.761810073356,10421.140105971794,10415.80898374861,-1185.6217,-5.331122223183925
2021-01-19 08:00:00,11747.0,11615.88070680486,10435.323455828298,10415.365608869755,-1180.5573,-19.957846958542433
2021-01-19 09:00:00,11780.0,11567.83874534638,10446.444092026068,10443.432898716688,-1121.3947,-3.0111933093797094
2021-01-19 10:00:00,11717.0,11499.531070870042,10331.299137276292,10325.637835852349,-1168.2319,-5.661301423942672
2021-01-19 11:00:00,11668.0,11442.597573740111,10084.465371591674,10092.44423873873,-1358.1322,7.978867147056223
2021-01-19 12:00:00,11623.0,11416.33081850703,10064.117073389842,10085.08158837409,-1352.2137,20.964514984249632
2021-01-19 13:00:00,11628.0,11430.534346909017,9994.144942612142,10003.798705650795,-1436.3894,9.653763038653889
2021-01-19 14:00:00,11806.0,11484.021501845778,10127.579851455153,10126.25288717506,-1356.4417,-1.3269642800933212
2021-01-19 15:00:00,11801.0,11555.686995410226,10528.018538378976,10505.494999287455,-1027.6685,-22.523539091520252
2021-01-19 16:00:00,11787.0,11601.960374608358,10592.256578221639,10579.003923929622,-1009.7038,-13.252654292016295
2021-01-19 17:00:00,11770.0,11575.020240230238,10694.82865087477,10666.72895063575,-880.1916,-28.099700239019718
2021-01-19 18:00:00,11608.0,11456.137419203378,10488.24154517994,10452.505522262993,-967.8959,-35.73602291694741
2021-01-19 19:00:00,11218.0,11277.656592857711,9789.385962974899,9780.743036459959,-1488.2706,-8.642926514939704
2021-01-19 20:00:00,11296.0,11109.538031900567,9588.819159830255,9556.23713090389,-1520.7189,-32.58202892636424
2021-01-19 21:00:00,11101.0,11014.56141435276,9356.713391891823,9337.766983261245,-1657.848,-18.946408630578265
2021-01-19 22:00:00,11625.5,11005.830270031325,9423.32563135945,9409.315815899772,-1582.5046,-14.009815459678972
2021-01-19 23:00:00,11625.5,11042.119588074425,9861.446370300988,9894.110376934095,-1180.6732,32.664006633107654
2021-01-20 00:00:00,11625.5,11066.11902597468,10166.480170994211,10168.316679638769,-899.63885,1.8365086445572074
2021-01-20 01:00:00,11679.0,11053.749165220122,9941.420307798247,9935.544486360599,-1112.3289,-5.875821437648204
2021-01-20 02:00:00,11750.0,11032.914564802122,9806.723280622435,9817.94428008699,-1226.1913,11.220999464555122
2021-01-20 03:00:00,11750.0,11056.729864917426,9485.906622729926,9500.817961943521,-1570.8232,14.911339213595054
2021-01-20 04:00:00,11348.0,11155.53358474306,9436.370742946185,9433.99772320026,-1719.1628,-2.3730197459243327
2021-01-20 05:00:00,11730.0,11308.817680036595,9852.078056013157,9866.693382350455,-1456.7396,14.615326337298463
2021-01-20 06:00:00,11993.0,11458.755186766995,10186.139830321683,10198.34685972587,-1272.6154,12.207029404186919
2021-01-20 07:00:00,11871.0,11550.700293613994,10337.400488926494,10373.401902341471,-1213.2998,36.00141341497602
2021-01-20 08:00:00,11903.0,11566.030546044307,10370.485135888057,10409.236540311764,-1195.5454,38.751404423706454
2021-01-20 09:00:00,11925.0,11524.625927898083,10391.515332194958,10416.252142284391,-1133.1106,24.736810089432097
2021-01-20 10:00:00,11940.0,11463.242849612907,10309.71758105822,10349.19247177248,-1153.5253,39.47489071425977
2021-01-20 11:00:00,11835.0,11413.389263486995,10163.693462705745,10186.821998080059,-1249.6958,23.128535374313177
2021-01-20 12:00:00,11840.0,11394.233232389406,10082.565141569094,10074.7837852925,-1311.6681,-7.781356276593156
2021-01-20 13:00:00,11833.0,11415.462819029253,10078.620778013628,10058.074736845292,-1336.842,-20.54604116833539
2021-01-20 14:00:00,12092.0,11475.785802224656,10289.285313943406,10305.853843988529,-1186.5005,16.568530045122948
2021-01-20 15:00:00,12189.0,11554.001084049245,10716.904831607839,10715.98273647371,-837.09625,-0.9220951341279076
2021-01-20 16:00:00,12166.0,11606.452504438168,10871.146535199887,10891.204208800411,-735.30597,20.057673600523536
2021-01-20 17:00:00,12197.0,11585.245549510351,10966.950627635351,10983.629098517606,-618.2949,16.678470882255038
2021-01-20 18:00:00,11974.0,11471.594512294281,10774.760588954437,10789.69674035993,-696.8339,14.936151405492716
2021-01-20 19:00:00,11533.0,11297.806598029716,10208.693438850029,10213.347879472645,-1089.1132,4.654440622615849
2021-01-20 20:00:00,11609.0,11133.821891839854,10073.421989496104,10067.451241185496,-1060.3999,-5.970748310608287
2021-01-20 21:00:00,11404.0,11042.411639766104,9892.622333125479,9878.985349662686,-1149.7893,-13.636983462793607
2021-01-20 22:00:00,11006.0,11036.677222705523,9796.473731494585,9781.817951691732,-1240.2035,-14.655779802852576
2021-01-20 23:00:00,11837.5,11075.396414693963,10003.723685201776,9994.339250878951,-1071.6727,-9.384434322824346
2021-01-21 00:00:00,11907.0,11101.269954565125,10354.790889623719,10350.531555811209,-746.47906,-4.259333812510255
2021-01-21 01:00:00,12033.0,11090.242275511686,10274.316860472623,10264.024869268613,-815.9254,-10.291991204011131
2021-01-21 02:00:00,12100.0,11070.255429796931,10187.497251085993,10186.10145523969,-882.7582,-1.395795846303302
2021-01-21 03:00:00,12137.0,11094.470781382415,9689.43098646054,9682.816249950021,-1405.0398,-6.614736510518055
2021-01-21 04:00:00,11704.0,11193.275898628945,9616.930073433632,9569.969524797005,-1576.3458,-46.96054863662665
2021-01-21 05:00:00,12108.0,11346.209413632581,10214.981142148206,10205.597661654694,-1131.2283,-9.383480493511863
2021-01-21 06:00:00,12291.0,11495.488664938624,10520.44917519253,10496.418489474985,-975.0395,-24.030685717545612
2021-01-21 07:00:00,12310.0,11586.512828463665,10527.04041635429,10510.869270838324,-1059.4724,-16.171145515965748
2021-01-21 08:00:00,12321.0,11600.707327252818,10550.860647565318,10523.461083370745,-1049.8467,-27.399564194573188
2021-01-21 09:00:00,12458.0,11558.001709285043,10591.186767878793,10567.715818234808,-966.81494,-23.470949643985385
2021-01-21 10:00:00,12487.0,11495.199758480774,10525.959463070618,10529.216888360059,-969.2403,3.257425289440526
2021-01-21 11:00:00,12430.0,11443.850766838841,10309.794370354466,10298.438084465168,-1134.0564,-11.356285889298013
2021-01-21 12:00:00,12404.0,11423.15608207719,10240.871292038128,10234.607635394957,-1182.2848,-6.263656643170751
2021-01-21 13:00:00,12502.0,11442.828240218656,10261.665276351468,10244.464772321811,-1181.163,-17.20050402965721
2021-01-21 14:00:00,12650.0,11501.589580708753,10462.516094380628,10440.36929772861,-1039.0735,-22.14679665201846
2021-01-21 15:00:00,12716.0,11578.2418750593,10856.745659238988,10816.565731527178,-721.4962,-40.17992771181014
2021-01-21 16:00:00,12684.0,11629.119269737397,10944.37476290146,10909.123453701694,-684.7445,-35.251309199765664
2021-01-21 17:00:00,12643.0,11606.306675391379,11114.296482520285,11104.954775638505,-492.0102,-9.341706881778956
2021-01-21 18:00:00,12483.0,11490.990529045624,10840.958790764374,10827.198414750752,-650.03174,-13.760376013622219
2021-01-21 19:00:00,12025.0,11315.445414257692,10257.451273632692,10260.77033872159,-1057.9941,3.319065088896658
2021-01-21 20:00:00,12008.0,11149.572721482653,10284.011442185778,10267.763035233505,-865.5613,-16.24840695227171
2021-01-21 21:00:00,11719.0,11056.094265428053,9954.177517381178,9933.135923146245,-1101.9167,-21.041594234934408
2021-01-21 22:00:00,12186.5,11048.047060277864,10025.485536840364,9979.218109492023,-1022.5615,-46.267427348340426
2021-01-21 23:00:00,12186.5,11084.129878937629,10475.457698761847,10431.093190492384,-608.6722,-44.364508269463734
2021-01-22 00:00:00,12119.5,11106.955189823118,10446.130421756712,10436.75827418115,-660.82477,-9.37214757556344
2021-01-22 01:00:00,12054.5,11092.376684707824,10339.241430801574,10335.38457246428,-753.13525,-3.8568583372950234
2021-01-22 02:00:00,12038.0,11068.24668505123,10221.81309130123,10252.744195506262,-846.4336,30.931104205032675
2021-01-22 03:00:00,12038.0,11087.63628062424,9862.869068710177,9914.62621705359,-1224.7672,51.75714834341222
2021-01-22 04:00:00,11662.0,11180.838377494803,9792.709471244803,9779.427218405866,-1388.1289,-13.282252838936992
2021-01-22 05:00:00,12051.0,11327.291076642947,10257.38006590076,10265.994495127794,-1069.911,8.614429227034888
2021-01-22 06:00:00,12278.0,11469.108641521736,10554.42938126783,10566.74964133519,-914.67926,12.32026006735892
2021-01-22 07:00:00,12181.0,11551.591071316394,10654.940924832019,10657.734590070862,-896.65015,2.793665238843759
2021-01-22 08:00:00,12192.0,11556.074106657836,10653.769968474242,10648.565388416366,-902.30414,-5.2045800578767665
2021-01-22 09:00:00,12241.0,11502.409248556305,10645.655769552399,10628.571433230929,-856.7535,-17.08433632146968
2021-01-22 10:00:00,12193.0,11427.33324022734,10572.483386711716,10577.346121877572,-854.84985,4.862735165856104
2021-01-22 11:00:00,12058.0,11362.338596668527,10407.250889148996,10407.692638596918,-955.0877,0.44174944792203463
2021-01-22 12:00:00,11981.0,11326.581035689456,10330.783245162113,10321.409505524394,-995.7978,-9.37373963771831
2021-01-22 13:00:00,11980.0,11329.740515741465,10225.191199335215,10237.469201300873,-1104.5493,12.278001965659175
2021-01-22 14:00:00,12261.0,11370.521125874573,10387.24237831598,10423.6762754855,-983.27875,36.433897169521316
2021-01-22 15:00:00,12412.0,11427.720986428745,10821.656960549839,10810.55883441167,-606.064,-11.098126138169341
2021-01-22 16:00:00,12372.0,11457.686009544917,10988.663151878902,10996.882002665192,-469.02286,8.218850786290623
2021-01-22 17:00:00,12291.0,11412.53126687549,11047.630601592287,11048.305809140698,-364.90067,0.6752075484103984
2021-01-22 18:00:00,11972.0,11273.49623318955,10833.483782017674,10809.262810905664,-440.01245,-24.22097111201002
2021-01-22 19:00:00,11436.0,11072.934363587332,10045.829016907644,10019.267471408219,-1027.1053,-26.561545499426234
2021-01-22 20:00:00,11432.0,10880.850436714947,10033.73044159776,10034.553583820707,-847.12,0.8231422229466888
2021-01-22 21:00:00,11129.0,10760.089038158938,9741.31102302222,9746.42151275303,-1018.778,5.11048973080985
2021-01-22 22:00:00,10644.0,10723.82420412829,9444.72898928454,9454.554910136534,-1279.0952,9.825920851993086
2021-01-22 23:00:00,10262.0,10730.904890465426,9597.108015465426,9597.920251393793,-1133.7969,0.8122359283663984
2021-01-23 00:00:00,10052.0,10724.11043553455,9107.15438084705,9060.040728780745,-1616.956,-47.11365206630511
2021-01-23 01:00:00,10760.5,10679.482615835761,9086.493602163886,9094.873006328999,-1592.989,8.379404165113067
2021-01-23 02:00:00,10735.5,10625.083854733057,9220.786003170557,9196.143852030169,-1404.2979,-24.6421511403881
2021-01-23 03:00:00,9917.0,10614.212747456,8951.3738802685,8962.992811067668,-1662.8389,11.618930799168426
2021-01-23 04:00:00,10169.0,10677.39985811389,8638.051835652952,8680.603369385337,-2039.348,42.55153373238565
2021-01-23 05:00:00,10262.0,10794.325903389978,8917.93833014779,8950.115254552014,-1876.3876,32.17692440422478
2021-01-23 06:00:00,10548.0,10907.352066365003,9315.700332966566,9325.714148490153,-1591.6517,10.013815523587944
2021-01-23 07:00:00,10625.0,10962.031816390976,9593.322465805039,9579.941185113461,-1368.7094,-13.38128069157778
2021-01-23 08:00:00,10745.0,10939.962148795326,9794.846914420326,9792.580306930242,-1145.1152,-2.2666074900837088
2021-01-23 09:00:00,10880.0,10861.261270420207,9703.441324131145,9714.793082888104,-1157.82,11.351758756957832
2021-01-23 10:00:00,10844.0,10762.932921063326,9785.505247723482,9778.539459402973,-977.4277,-6.965788320508562
2021-01-23 11:00:00,10776.0,10676.731629920692,9679.616639686317,9689.60495977374,-997.115,9.988320087422355
2021-01-23 12:00:00,10645.0,10622.066558014008,9457.675933014008,9443.09864965444,-1164.3906,-14.577283359569924
2021-01-23 13:00:00,10726.0,10608.860086087056,9484.583352688618,9503.972002599543,-1124.2767,19.38864991092546
2021-01-23 14:00:00,11089.0,10636.044798254026,9960.522886632933,10002.567950178774,-675.5219,42.045063545842446
2021-01-23 15:00:00,11485.0,10682.62970350746,10247.01367567543,10260.025501596847,-435.61603,13.011825921417326
2021-01-23 16:00:00,11623.0,10705.151146195461,10548.56815364175,10545.52090653984,-156.583,-3.0472471019108376
2021-01-23 17:00:00,11410.0,10655.893819047473,10504.669285966418,10463.258531286532,-151.22453,-41.4107546798853
2021-01-23 18:00:00,10925.0,10516.247536527,10333.83069692739,10320.622288028426,-182.41684,-13.208408898965091
2021-01-23 19:00:00,10487.0,10318.697242338605,9789.008887846418,9752.4835336131,-529.68835,-36.52535423331841
2021-01-23 20:00:00,10619.0,10133.356971618603,9771.82593524165,9806.646969928059,-361.53104,34.82103468640914
2021-01-23 21:00:00,10484.0,10023.151632700574,9539.945211802136,9587.802039686243,-483.20642,47.856827884106714
2021-01-23 22:00:00,9962.0,10001.300475180846,8890.80120760272,8957.22983521723,-1110.4993,66.42862761450858
2021-01-23 23:00:00,9577.0,10026.660969246885,8729.640827645322,8793.759107241704,-1297.0201,64.11827959638212
2021-01-24 00:00:00,9440.0,10041.987854859275,8284.782898804588,8219.321232121745,-1757.205,-65.46166668284177
2021-01-24 01:00:00,9281.0,10023.270353115515,8154.812711513952,8122.444185566428,-1868.4576,-32.36852594752433
2021-01-24 02:00:00,9246.0,9998.492374630065,7863.754581661315,7845.049932808664,-2134.7378,-18.704648852649846
2021-01-24 03:00:00,9336.0,10020.84519178142,7877.95896131267,7835.139793813492,-2142.8862,-42.819167499177226
2021-01-24 04:00:00,9555.0,10120.718297082469,7842.207310754344,7804.928540777455,-2278.511,-37.27876997688831
2021-01-24 05:00:00,9609.0,10277.615236644082,8089.892824534707,8038.8076347532,-2187.7224,-51.08518978150703
2021-01-24 06:00:00,9837.0,10433.686621571029,8520.601904774154,8496.623849079464,-1913.0847,-23.978055694690447
2021-01-24 07:00:00,9893.0,10534.248020571686,8801.768894595123,8748.704202658673,-1732.4791,-53.06469193644933
2021-01-24 08:00:00,10041.0,10560.636696552992,9010.359596943617,9015.770798346788,-1550.2771,5.41120140317136
2021-01-24 09:00:00,10204.0,10532.69161521866,9074.17940818741,9098.250305129732,-1458.5122,24.070896942321482
2021-01-24 10:00:00,10223.0,10487.117607392713,9038.593925752088,9056.25469817122,-1448.5237,17.660772419132382
2021-01-24 11:00:00,10090.0,10455.35064563727,8931.06304798102,8950.542976522705,-1524.2876,19.479928541684885
2021-01-24 12:00:00,10062.0,10456.463626614837,8762.7288854039,8745.76630315915,-1693.7347,-16.962582244751168
2021-01-24 13:00:00,10125.0,10500.028212516989,8812.960341423239,8814.63476028076,-1687.0679,1.6744188575213943
2021-01-24 14:00:00,10432.0,10584.614724494733,9054.80600867442,9044.42061695201,-1529.8087,-10.385391722410711
2021-01-24 15:00:00,10678.0,10688.860549187722,9547.032912468972,9514.349926914316,-1141.8276,-32.682985554657435
2021-01-24 16:00:00,10750.0,10768.924046155977,9803.931126234102,9789.255914228192,-964.9929,-14.67521200591067
2021-01-24 17:00:00,10754.0,10776.710970326416,9916.033968373291,9918.76910896269,-860.677,2.7351405893988745
2021-01-24 18:00:00,10493.0,10693.23839138335,9761.054492457568,9763.309920172986,-932.1839,2.255427715417343
2021-01-24 19:00:00,10090.0,10550.630536051212,9139.527630777775,9124.45502606645,-1411.1029,-15.07260471132505
2021-01-24 20:00:00,10365.0,10418.654500468896,9117.054402812646,9090.289725768927,-1301.6001,-26.76467704371792
2021-01-24 21:00:00,10275.0,10359.900129377978,9006.88755613579,8965.548394366979,-1353.0126,-41.33916176881194
2021-01-24 22:00:00,9938.0,10387.261719868582,8703.141602681082,8701.27967767527,-1684.1201,-1.8619250058133217
2021-01-24 23:00:00,9675.0,10459.284283864436,8571.415509450373,8581.160703197967,-1887.8688,9.745193747595156
2021-01-25 00:00:00,10462.5,10518.429671347647,8710.819075644522,8741.97564134208,-1807.6106,31.15656569755789
2021-01-25 01:00:00,10556.0,10540.421899302346,8874.064965708596,8856.384761348672,-1666.3569,-17.68020435992288
2021-01-25 02:00:00,10648.5,10553.01176057613,8629.653240068317,8628.564112743754,-1923.3585,-1.0891273245626882
2021-01-25 03:00:00,10714.0,10609.188454534205,8236.080056096705,8221.810534271188,-2373.1084,-14.269521825517579
2021-01-25 04:00:00,10619.0,10739.166706062875,8647.381549812875,8642.095251149454,-2091.7852,-5.28629866342135
2021-01-25 05:00:00,11168.0,10922.300821108469,9097.143838686594,9114.799050984459,-1825.157,17.65521229786396
2021-01-25 06:00:00,11430.0,11100.620333059764,9693.551729544139,9712.951914227335,-1407.0686,19.4001846831962
2021-01-25 07:00:00,11314.0,11219.35326944608,9896.349607336704,9882.462519815275,-1323.0037,-13.88708752142835
2021-01-25 08:00:00,11356.0,11259.787057782367,9764.984567547992,9751.378373618756,-1494.8025,-13.606193929234966
2021-01-25 09:00:00,11363.0,11241.748913532152,9829.036999469652,9839.962283450717,-1412.7119,10.925283981064842
2021-01-25 10:00:00,11322.0,11201.967304776184,9718.03639657306,9720.849397092947,-1483.9309,2.813000519887723
2021-01-25 11:00:00,11190.0,11171.934142819884,9526.559875241759,9524.221810129386,-1645.3743,-2.3380651123734704
2021-01-25 12:00:00,11152.0,11170.80886451795,9395.02566139295,9377.733785651137,-1775.7832,-17.291875741814096
2021-01-25 13:00:00,11099.0,11208.279393730607,9407.416844902482,9407.4867024669,-1800.8625,0.06985756441784327
2021-01-25 14:00:00,11274.0,11283.060362813374,9613.394103047749,9610.437816413127,-1669.6663,-2.956286634622088
2021-01-25 15:00:00,11398.0,11373.958724953245,9969.346054054808,9972.927775540942,-1404.6127,3.581721486134156
2021-01-25 16:00:00,11315.0,11437.325337164773,10240.351338141336,10217.5795703572,-1196.974,-22.771767784135605
2021-01-25 17:00:00,11288.0,11425.281187149181,10264.799131485119,10253.556607573742,-1160.482,-11.242523911375951
2021-01-25 18:00:00,11040.0,11319.082632447296,9961.933218384796,9965.92196524066,-1357.1494,3.988746855862912
2021-01-25 19:00:00,10616.0,11151.11709426134,9305.303373558216,9294.38082329305,-1845.8137,-10.922550265165548
2021-01-25 20:00:00,10708.0,10991.434445848816,9229.061765184753,9224.435302841935,-1762.3727,-4.626462342818325
2021-01-25 21:00:00,10457.0,10902.918890920499,9131.288153615811,9086.125786802315,-1771.6307,-45.16236681349548
2021-01-25 22:00:00,11098.0,10898.762847791737,9069.837554822987,9093.526861483975,-1828.9253,23.68930666098739
2021-01-25 23:00:00,11098.0,10937.809648841781,9543.687944740219,9579.309963998996,-1394.1217,35.62201925877681
2021-01-26 00:00:00,11092.5,10622.889266124585,9120.014388194897,9196.468479107343,-1502.8749,76.45409091244657
2021-01-26 01:00:00,11078.0,10609.891409344711,9039.763967938461,9081.53614640308,-1570.1274,41.772178464617866
2021-01-26 02:00:00,11073.0,10586.943927410852,8935.02730143429,8966.50237820809,-1651.9166,31.4750767738012
2021-01-26 03:00:00,11073.0,10607.34047703649,8633.255760239615,8691.116034745626,-1974.0847,57.86027450601061
2021-01-26 04:00:00,10599.0,10701.589326122437,8308.307099559937,8285.047190579042,-2393.2822,-23.25990898089596
2021-01-26 05:00:00,11097.0,10849.321594185909,8646.268371529659,8634.057736741608,-2203.0532,-12.210634788049969
2021-01-26 06:00:00,11296.0,10992.825986658638,9220.274106775825,9235.460931656144,-1772.5519,15.186824880318659
2021-01-26 07:00:00,11166.0,11077.574414192271,9250.182446418834,9247.663890189999,-1827.392,-2.5185562288357612
2021-01-26 08:00:00,11122.0,11085.084600004036,9318.274785550911,9337.742721454479,-1766.8098,19.467935903567465
2021-01-26 09:00:00,11161.0,11035.398956078396,9267.65505959402,9267.591022158776,-1767.7439,-0.0640374352442185
2021-01-26 10:00:00,11136.0,10965.442050484056,9200.689242866869,9196.793043357286,-1764.7528,-3.896199509583227
2021-01-26 11:00:00,11088.0,10906.87901223214,9074.21153176339,9056.734187649932,-1832.6675,-17.477344113458354
2021-01-26 12:00:00,11068.0,10879.017815049263,9005.342155869575,8999.529935709594,-1873.6757,-5.812220159981615
2021-01-26 13:00:00,11078.0,10891.669855822074,9007.567927111137,9003.033211313816,-1884.1019,-4.534715797321817
2021-01-26 14:00:00,11212.0,10943.647583817896,9168.997315263208,9177.377401301223,-1774.6503,8.380086038014905
2021-01-26 15:00:00,11418.0,11013.828961948064,9630.927106479314,9675.940712305599,-1382.9019,45.01360582628522
2021-01-26 16:00:00,11426.0,11058.608905849658,9845.85414510747,9871.417203044912,-1212.7548,25.56305793744052
2021-01-26 17:00:00,11421.0,11030.128001438245,9937.076121555432,9967.971030301514,-1093.0519,30.894908746083157
2021-01-26 18:00:00,11219.0,10909.642217886452,9778.547125113015,9767.362911586886,-1131.0951,-11.184213526129215
2021-01-26 19:00:00,10734.0,10729.522032273078,9042.341124069953,9040.0605694736,-1687.1809,-2.2805545963531397
2021-01-26 20:00:00,10785.0,10559.78345111186,8855.510868104047,8856.528806884855,-1704.2726,1.0179387808070286
2021-01-26 21:00:00,10547.0,10463.256171149142,8505.244696539767,8460.666254991147,-1958.0115,-44.57844154862011
2021-01-26 22:00:00,10142.0,10453.054198958844,8849.530029036969,8841.947527141136,-1603.5242,-7.582501895832733
2021-01-26 23:00:00,11083.0,10487.919756216848,8974.768877310598,8962.86227192223,-1513.1509,-11.90660538836956
2021-01-27 00:00:00,11145.0,10850.467255855567,9604.572602535254,9610.333152745296,-1245.8947,5.760550210041189
2021-01-27 01:00:00,11215.5,10836.659116881803,9482.341978209928,9467.099562893507,-1354.3171,-15.24241531642178
2021-01-27 02:00:00,11268.5,10814.39087161353,9301.053713410405,9290.94302751732,-1513.3372,-10.110685893085382
2021-01-27 03:00:00,11320.5,10836.819481978906,8970.072777877343,9019.432402822356,-1866.7467,49.3596249450137
2021-01-27 04:00:00,10828.0,10934.307659098282,8649.703411051407,8617.014703763702,-2284.6042,-32.688707287705114
2021-01-27 05:00:00,11318.0,11086.331078863766,9073.313256598141,9075.037687365982,-2013.0178,1.7244307678408644
2021-01-27 06:00:00,11546.0,11235.016793700788,9657.866647216413,9626.308808961803,-1577.1501,-31.557838254610896
2021-01-27 07:00:00,11440.0,11325.675541102448,9835.758548914948,9795.06836953453,-1489.917,-40.69017938041707
2021-01-27 08:00:00,11374.0,11339.670087731853,9776.156904138103,9763.028055382802,-1563.5132,-13.128848755300272
2021-01-27 09:00:00,11491.0,11296.896283455224,9743.537640877099,9729.515812453468,-1553.3586,-14.021828423629968
2021-01-27 10:00:00,11450.0,11234.139836250497,9742.41290753956,9750.120313801934,-1491.7269,7.707406262374587
2021-01-27 11:00:00,11409.0,11182.933817575205,9498.24460859083,9494.574613001307,-1684.6892,-3.6699955895242558
2021-01-27 12:00:00,11369.0,11162.461586972177,9428.770913144052,9412.800798692455,-1733.6907,-15.970114451597052
2021-01-27 13:00:00,11323.0,11182.418957804748,9388.695324992248,9373.715476133013,-1793.7236,-14.979848859234922
2021-01-27 14:00:00,11516.0,11241.512719608001,9524.274194217376,9547.907235439798,-1717.2385,23.633041222421124
2021-01-27 15:00:00,11693.0,11318.524939176306,9940.944494840369,9930.703225216206,-1377.5804,-10.241269624162005
2021-01-27 16:00:00,11756.0,11369.76474898307,10102.279763631508,10062.389421194057,-1267.485,-39.89034243745085
2021-01-27 17:00:00,11738.0,11347.299554571859,10319.594232306234,10279.82789983885,-1027.7053,-39.76633246738306
2021-01-27 18:00:00,11589.0,11232.328736051042,10172.775757535417,10180.103080592009,-1059.553,7.32732305659131
2021-01-27 19:00:00,11106.0,11057.18524973147,9454.44013254397,9439.946804471232,-1602.7451,-14.493328072737551
2021-01-27 20:00:00,11126.0,10891.864882209464,9300.853529670401,9284.76698536039,-1591.0114,-16.086544310012343
2021-01-27 21:00:00,10910.0,10799.188873889625,8964.247101428688,8952.85891883957,-1834.9418,-11.388182589116935
2021-01-27 22:00:00,11389.0,10792.269067510651,8997.847558721589,9040.129657502293,-1794.4215,42.28209878070489
2021-01-27 23:00:00,11389.0,10829.850463547044,9405.727294601731,9362.329679965938,-1424.1232,-43.39761463579343
2021-01-28 00:00:00,11442.5,10854.588232175733,9611.838354246045,9602.815312712955,-1242.7499,-9.023041533089993
2021-01-28 01:00:00,11508.5,10842.407695771037,9586.649150849162,9563.463691046694,-1255.7585,-23.185459802467328
2021-01-28 02:00:00,11511.5,10821.273178518759,9422.700058401571,9417.604300957672,-1398.5731,-5.095757443899949
2021-01-28 03:00:00,11533.5,10844.388386314275,9063.628742759587,9080.817125981863,-1780.7596,17.188383222274926
2021-01-28 04:00:00,11121.0,10942.165103554305,8701.16827738243,8656.153922147543,-2240.9968,-45.01435523488666
2021-01-28 05:00:00,11560.0,11094.125709236992,9321.139869393242,9266.631510611947,-1772.9858,-54.508358781294305
2021-01-28 06:00:00,11784.0,11242.44158659555,9856.838193040863,9861.366992122184,-1385.6034,4.528799081321998
2021-01-28 07:00:00,11710.0,11332.46848881915,10037.1974927254,10004.222816008603,-1295.271,-32.97467671679641
2021-01-28 08:00:00,11761.0,11345.617087604634,10059.28237080776,10029.034133479248,-1286.3347,-30.248237328510708
2021-01-28 09:00:00,11765.0,11301.832822266415,10007.238461914852,9991.770567709165,-1294.5944,-15.467894205686237
2021-01-28 10:00:00,11703.0,11237.948796259707,9957.192448603457,9939.53682931278,-1280.7563,-17.65561929067755
2021-01-28 11:00:00,11602.0,11185.53943839005,9763.766611241612,9750.955326600104,-1421.7728,-12.811284641508088
2021-01-28 12:00:00,11501.0,11163.82140537252,9669.154291114708,9643.785584316598,-1494.6671,-25.368706798109468
2021-01-28 13:00:00,11507.0,11182.514990028685,9634.910986122435,9620.212060842096,-1547.604,-14.698925280339937
2021-01-28 14:00:00,11684.0,11240.341541745589,9773.215809323714,9783.628354444172,-1467.1257,10.412545120459033
2021-01-28 15:00:00,11959.0,11316.085988452409,10126.089894702409,10101.379264591395,-1189.9961,-24.710630111015107
2021-01-28 16:00:00,11948.0,11366.047752861848,10415.50460100638,10400.595807558508,-950.54315,-14.908793447871338
2021-01-28 17:00:00,11955.0,11342.273640457539,10505.610920730976,10527.12036379331,-836.6627,21.509443062334643
2021-01-28 18:00:00,11824.0,11225.935142298122,10352.575767298122,10355.48984345976,-873.3594,2.914076161638629
2021-01-28 19:00:00,11384.0,11049.332551533715,9738.86502223684,9719.684706240192,-1310.4675,-19.180315996648417
2021-01-28 20:00:00,11470.0,10882.422910354198,9602.50701679951,9644.856845640123,-1279.9159,42.34982884061124
2021-01-28 21:00:00,11193.0,10787.977970175803,9253.385562949241,9257.868732208633,-1534.5924,4.483169259393148
2021-01-28 22:00:00,11589.5,10779.045141961215,9124.702856804965,9141.896830623364,-1654.3423,17.19397381839827
2021-01-28 23:00:00,11589.5,10814.290353237378,9604.545602260816,9599.515643850638,-1209.7448,-5.029958410178013
2021-01-29 00:00:00,11630.5,10836.280426010633,9918.43087767079,9931.650937318618,-917.84955,13.220059647829581
2021-01-29 01:00:00,11754.0,10820.849858489868,9859.130681243774,9843.541554007148,-961.7192,-15.589127236626725
2021-01-29 02:00:00,11854.0,10795.873157392245,9670.662219892245,9673.81152930181,-1125.2109,3.149309409565435
2021-01-29 03:00:00,11891.5,10814.463665031926,9405.773235344426,9393.574958532536,-1408.6904,-12.19827681189103
2021-01-29 04:00:00,11577.0,10906.938412668587,9050.705380442025,9026.25582924811,-1856.233,-24.449551193914786
2021-01-29 05:00:00,12066.0,11052.719157262925,9824.09635452855,9790.30409680401,-1228.6228,-33.79225772454027
2021-01-29 06:00:00,12278.0,11193.874117364441,10200.714022149597,10171.474210041784,-993.1601,-29.239812107813975
2021-01-29 07:00:00,12143.0,11275.659782644265,10252.642570730202,10217.086183075031,-1023.0172,-35.5563876551717
2021-01-29 08:00:00,12162.0,11279.397059880592,10248.885951482154,10237.487630290567,-1030.5111,-11.398321191587966
2021-01-29 09:00:00,12151.0,11224.953264674332,10359.10530324855,10338.502819399284,-865.84796,-20.60248384926712
2021-01-29 10:00:00,12099.0,11149.094390255055,10231.919097286305,10198.921984779452,-917.1753,-32.99711250685397
2021-01-29 11:00:00,12027.0,11083.338027529275,10016.918593935525,10013.951236376479,-1066.4194,-2.967357559046383
2021-01-29 12:00:00,11884.0,11046.85515238843,9930.838184614993,9943.046506747045,-1116.017,12.208322132051597
2021-01-29 13:00:00,11899.0,11049.333440398068,9886.920354460568,9886.154453712108,-1162.4131,-0.7659007484605928
2021-01-29 14:00:00,12041.0,11089.475963247338,10111.030223501244,10113.208886588309,-978.44574,2.1786630870648347
2021-01-29 15:00:00,12322.0,11146.06398380355,10530.2187689598,10515.687617060516,-615.8452,-14.531151899284641
2021-01-29 16:00:00,12333.0,11175.408690848366,10743.6099542761,10715.531900454396,-431.79874,-28.078053821703342
2021-01-29 17:00:00,12261.0,11129.587066283517,10858.54681359797,10838.665494086594,-271.04025,-19.881319511376734
2021-01-29 18:00:00,11980.0,10989.823669865973,10657.332062199957,10666.47469136255,-332.4916,9.14262916259198
2021-01-29 19:00:00,11522.0,10788.497713197958,9854.491731752645,9822.57104185042,-934.006,-31.920689902225263
2021-01-29 20:00:00,11614.0,10595.669689642727,9689.413586127102,9667.14498767404,-906.2561,-22.26859845306197
2021-01-29 21:00:00,11391.0,10474.23420056233,9400.259469117018,9408.251910420251,-1073.9747,7.992441303233766
2021-01-29 22:00:00,10900.0,10437.37577379464,9271.365764029015,9242.567316194847,-1166.01,-28.798447834167956
2021-01-29 23:00:00,10642.0,10443.910630081926,9329.142197464738,9287.018535510306,-1114.7684,-42.123661954431604
2021-01-30 00:00:00,10496.0,10436.572586363862,9399.526809996674,9403.977527150513,-1037.0458,4.450717153838794
2021-01-30 01:00:00,11339.0,10391.384364410602,9101.666835113727,9088.685427503608,-1289.7175,-12.981407610118383
2021-01-30 02:00:00,11339.0,10336.43072449723,9358.534423227698,9316.969128610617,-977.8963,-41.56529461708161
2021-01-30 03:00:00,10484.0,10325.052677625084,9133.14569520321,9123.840593229144,-1191.907,-9.305101974065613
2021-01-30 04:00:00,10751.0,10387.805086425204,8746.069979003329,8776.043850614455,-1641.7351,29.97387161112587
2021-01-30 05:00:00,10851.0,10504.352505451503,9021.514126545253,8986.610701074973,-1482.8384,-34.90342547028076
2021-01-30 06:00:00,10989.0,10617.01026154824,9479.52637482949,9460.633569578124,-1137.4839,-18.89280525136586
2021-01-30 07:00:00,11062.0,10671.288508166677,9687.470698108084,9705.842784072556,-983.8178,18.3720859644721
2021-01-30 08:00:00,11316.0,10648.769603287094,9805.1529651035,9833.708360486222,-843.61664,28.555395382721436
2021-01-30 09:00:00,11446.0,10569.587765723172,9784.148129492703,9826.304300455915,-785.43964,42.15617096321129
2021-01-30 10:00:00,11408.0,10470.77618136477,9681.29864230227,9699.666515587667,-789.47754,18.367873285397568
2021-01-30 11:00:00,11342.0,10384.114647891944,9475.825951602881,9479.535867121482,-908.2887,3.709915518601213
2021-01-30 12:00:00,11336.0,10329.027771269824,9331.027160918262,9355.807751675451,-998.0006,24.78059075718858
2021-01-30 13:00:00,11419.0,10315.445828324835,9320.04617012171,9344.754884472617,-995.39966,24.708714350907485
2021-01-30 14:00:00,11653.0,10342.300554689713,9656.557878908463,9667.740705385764,-685.7427,11.182826477301948
2021-01-30 15:00:00,12223.0,10388.584258516554,10165.585875948194,10128.21667250291,-222.99838,-37.36920344528471
2021-01-30 16:00:00,11339.0,10410.79870323,10394.236670530416,10349.773797514812,-16.562033,-44.46287301560386
2021-01-30 17:00:00,12255.0,10361.190618033763,10118.97955846345,10122.214642644205,-242.21106,3.2350841807551967
2021-01-30 18:00:00,11841.0,10221.135010671125,10307.802491139875,10304.615366714668,86.66748,-3.1871244252072053
2021-01-30 19:00:00,11346.0,10023.142669961846,9734.577362344658,9717.155955152632,-288.5653,-17.421407192027146
2021-01-30 20:00:00,11501.0,9837.383413342519,9601.276098279042,9600.835299716886,-236.10732,-0.4407985621570712
2021-01-30 21:00:00,11406.0,9726.832210095838,9364.8562579474,9358.723306777107,-361.97595,-6.132951170292926
2021-01-30 22:00:00,11032.0,9704.718823217101,9116.607861303039,9142.035635859076,-588.11096,25.427774556036844
2021-01-30 23:00:00,10693.0,9729.867985256089,8884.992924220933,8906.84894676362,-844.87506,21.85602254268549
2021-01-31 00:00:00,10488.0,9744.98888734307,8815.729060682914,8828.826118768624,-929.2598,13.097058085709577
2021-01-31 01:00:00,10374.0,9726.051643199853,8682.406623668603,8666.381869371313,-1043.645,-16.02475429729006
2021-01-31 02:00:00,10415.0,9701.062422343975,8566.178022929913,8512.775356320362,-1134.8844,-53.40266660955011
2021-01-31 03:00:00,10447.0,9723.254809741351,8423.220630053851,8384.932520304039,-1300.0342,-38.288109749811206
2021-01-31 04:00:00,10639.0,9823.042468458912,8301.924060255787,8320.722170177656,-1521.1184,18.798109921869056
2021-01-31 05:00:00,10659.0,9979.91263039518,8795.26419289518,8833.286360301507,-1184.6484,38.02216740632658
2021-01-31 06:00:00,10812.0,10135.969875159191,9191.701808752941,9222.588413611644,-944.26807,30.88660485870274
2021-01-31 07:00:00,10962.0,10236.486258277075,9376.831595191137,9359.351253176272,-859.65466,-17.480342014866146
2021-01-31 08:00:00,11180.0,10262.784187416653,9582.387153725247,9586.517312591279,-680.39703,4.130158866032349
2021-01-31 09:00:00,11287.0,10234.718403368473,9645.434834032536,9662.469372035257,-589.28357,17.034538002721227
2021-01-31 10:00:00,11297.0,10189.022929013752,9502.002848447346,9513.455021421178,-687.0201,11.45217297383088
2021-01-31 11:00:00,11139.0,10157.158736222498,9321.690474503748,9359.834308537134,-835.46826,38.143834033386646
2021-01-31 12:00:00,11079.0,10158.213884475874,9107.614763382124,9122.2666620574,-1050.5991,14.651898675276389
2021-01-31 13:00:00,11109.0,10201.767639289266,9123.818664679891,9158.6335014364,-1077.949,34.81483675650902
2021-01-31 14:00:00,11352.0,10286.389172432904,9451.067578194623,9497.148000302912,-835.3216,46.08042210828944
2021-01-31 15:00:00,11862.0,10390.698863147074,9769.478037951762,9712.699136126043,-621.2208,-56.778901825718336
2021-01-31 16:00:00,11959.0,10470.820180522865,10234.851247417397,10275.255583012826,-235.96893,40.404335595429124
2021-01-31 17:00:00,11947.0,10478.620606062364,10174.723023054552,10175.372522718115,-303.89758,0.6494996635635243
2021-01-31 18:00:00,11672.0,10395.102095140051,10188.737715257239,10205.924838887842,-206.36438,17.187123630602848
2021-01-31 19:00:00,11308.0,10252.414416988797,9596.697437008328,9586.650041071523,-655.717,-10.04739593680371
2021-01-31 20:00:00,11598.0,10120.380155015031,9522.425931382219,9546.971339644104,-597.9542,24.54540826188575
2021-01-31 21:00:00,11492.0,10061.63893000071,9468.158888496804,9459.741572033952,-593.48004,-8.417316462852758
2021-01-31 22:00:00,11166.0,10089.095280089408,9241.609379210502,9225.731725345324,-847.4859,-15.87765386517787
2021-01-31 23:00:00,10969.0,10161.261222098687,8999.661734794,9021.115058739431,-1161.5995,21.453323945431364
2021-02-01 00:00:00,11635.0,10220.552816763635,9152.619345083947,9160.757344467309,-1067.9335,8.137999383361127
2021-02-01 01:00:00,11767.0,10242.67475231444,9522.539254267565,9504.098861072685,-720.1355,-18.44039319487952
2021-02-01 02:00:00,11904.5,10255.399879976037,9567.4854512651,9579.379934577353,-687.9144,11.894483312253445
2021-02-01 03:00:00,11358.0,10311.759533622033,9450.850353934533,9487.832411035526,-860.9092,36.982057100992876
2021-02-01 04:00:00,12140.0,10441.992454411255,9599.491416813598,9647.583679801217,-842.50104,48.092262987617886
2021-02-01 05:00:00,12497.0,10625.436504737387,10178.29420127059,10163.383912501917,-447.1423,-14.910288768672268
2021-02-01 06:00:00,12644.0,10804.075082957826,10439.130075633608,10416.637341546755,-364.945,-22.492734086852874
2021-02-01 07:00:00,12495.0,10923.092626299673,10718.813131060415,10735.399525902643,-204.2795,16.5863948422279
2021-02-01 08:00:00,12560.0,10963.761656682276,10612.976469914698,10617.38774307945,-350.7852,4.411273164751484
2021-02-01 09:00:00,12593.0,10945.92514114013,10627.84243850341,10633.960046231488,-318.0827,6.117607728078124
2021-02-01 10:00:00,12573.0,10906.340742946188,10584.458296657125,10607.310183045185,-321.88245,22.851886388059274
2021-02-01 11:00:00,12423.0,10876.525402043064,10266.852428410251,10253.062061901355,-609.673,-13.79036650889536
2021-02-01 12:00:00,12362.0,10875.653772925676,10198.403162574114,10180.572828910172,-677.2506,-17.830333663941747
2021-02-01 13:00:00,12300.0,10913.421462127946,10200.201247284196,10213.477016406483,-713.2202,13.275769122286112
2021-02-01 14:00:00,12354.0,10988.542055278496,10305.833376079278,10302.255171958359,-682.7087,-3.5782041209184707
2021-02-01 15:00:00,12660.0,11079.805622791413,10858.483921741608,10866.501964838146,-221.3217,8.018043096536942
2021-02-01 16:00:00,12650.0,11143.528276081475,11093.171201343926,11089.43293000972,-50.357075,-3.738271334205857
2021-02-01 17:00:00,12645.0,11131.79289281732,11227.851364497008,11222.04921266995,96.05847,-5.802151827057551
2021-02-01 18:00:00,12416.0,11025.84089615587,11016.064017798937,11038.080599596273,-9.776878,22.01658179733501
2021-02-01 19:00:00,12051.0,10858.085444131973,10378.454859415177,10372.065379082436,-479.63058,-6.389480332739789
2021-02-01 20:00:00,12237.0,10698.632103822632,10262.882073305054,10278.102553371127,-435.75003,15.220480066072227
2021-02-01 21:00:00,11990.0,10610.4150714021,10144.189760122803,10147.40147744595,-466.2253,3.211717323148118
2021-02-01 22:00:00,11629.0,10606.637230177841,9969.557091017685,9983.93014766089,-637.08014,14.373056643206569
2021-02-01 23:00:00,12362.0,10646.109146474604,9915.42726170898,9966.8746637801,-730.6819,51.44740207112023
2021-02-02 00:00:00,12362.0,10671.54693406034,9937.30016892362,9948.325531046534,-734.24677,11.02536212291384
2021-02-02 01:00:00,12389.0,10658.959416795396,9908.019048143053,9899.424071858837,-750.94037,-8.594976284215262
2021-02-02 02:00:00,12476.5,10636.426821678702,9823.528079002921,9823.968294363054,-812.89874,0.4402153601340122
2021-02-02 03:00:00,12563.0,10657.28516542425,9267.733041400812,9270.349071440367,-1389.5521,2.616030039555321
2021-02-02 04:00:00,12362.0,10752.066951101117,9591.973323171429,9579.169036216792,-1160.0936,-12.804286954636373
2021-02-02 05:00:00,12769.0,10900.387064913975,10068.9283246796,10068.007827562917,-831.45874,-0.9204971166830633
2021-02-02 06:00:00,12867.0,11044.488276863965,10294.044001961622,10254.951541291135,-750.4443,-39.09246067048634
2021-02-02 07:00:00,12831.0,11129.799094465508,10407.69686057879,10424.350568180877,-722.10223,16.653707602086538
2021-02-02 08:00:00,12898.0,11137.822508505204,10504.905211141922,10481.25939122101,-632.9173,-23.6458199209113
2021-02-02 09:00:00,12903.0,11088.616840219755,10544.59199891116,10530.601442215604,-544.02484,-13.990556695557375
2021-02-02 10:00:00,12794.0,11019.135993882252,10494.64936058147,10472.063402888065,-524.48663,-22.58595769340568
2021-02-02 11:00:00,12662.0,10961.070250435689,10304.348326607564,10284.047053609414,-656.7219,-20.301272998149685
2021-02-02 12:00:00,12589.0,10933.742906104631,10078.079148780413,10012.294869033325,-855.66376,-65.7842797470867
2021-02-02 13:00:00,12537.0,10946.973126229177,10084.44474488152,10053.475553324635,-862.5284,-30.96919155688507
2021-02-02 14:00:00,12597.0,10999.572379762372,10291.539725953779,10298.51159712378,-708.03265,6.97187117000027
2021-02-02 15:00:00,13025.0,11070.401793762936,10677.401763245358,10640.239942023747,-393.00003,-37.16182122161012
2021-02-02 16:00:00,13016.0,11115.82156585934,10966.770509951137,10926.001300065924,-149.05106,-40.76920988521383
2021-02-02 17:00:00,13034.0,11087.934180446136,11135.35450286435,11110.243344122331,47.420322,-25.111158742017782
2021-02-02 18:00:00,12842.0,10967.980662347987,10845.744265558436,10844.974931346509,-122.2364,-0.769334211928252
2021-02-02 19:00:00,12315.0,10788.357197798365,10316.092183149927,10298.879955256665,-472.265,-17.212227893261907
2021-02-02 20:00:00,12436.0,10619.135442576999,10180.122167430514,10151.009576551272,-439.01328,-29.11259087924279
2021-02-02 21:00:00,12199.0,10523.195025652203,9953.644061296734,9935.34952436027,-569.55096,-18.294536936463587
2021-02-02 22:00:00,11778.0,10513.66034385601,9705.904240340386,9611.479207238028,-807.7561,-94.42503310235827
2021-02-02 23:00:00,12593.0,10549.24076498945,9833.739178075388,9862.38464101376,-715.5016,28.645462938372006
2021-02-03 00:00:00,12593.0,10572.534718973808,10238.705983622245,10248.174914162651,-333.82874,9.468930540405683
2021-02-03 01:00:00,12601.5,10559.424461212735,10162.882774201016,10170.676582959706,-396.5417,7.793808758690078
2021-02-03 02:00:00,12601.5,10537.858977904356,10043.601195921934,10091.151926934343,-494.25778,47.55073101240866
2021-02-03 03:00:00,11711.0,10561.037466495773,9654.475759952804,9688.821949453455,-906.5617,34.34618950065137
2021-02-03 04:00:00,12531.0,10659.346743864615,9717.989993376334,9725.372051275823,-941.35675,7.382057899488591
2021-02-03 05:00:00,12928.0,10812.246119944592,10222.292018382092,10248.616263907743,-589.9541,26.32424552565189
2021-02-03 06:00:00,12990.0,10961.81657758091,10533.320514348488,10535.04961560799,-428.49606,1.7291012595012836
2021-02-03 07:00:00,12967.0,11053.325317120454,10626.653747296235,10651.043842992078,-426.67157,24.3900956958429
2021-02-03 08:00:00,12982.0,11068.120240520915,10638.393616985759,10634.990605386902,-429.72662,-3.403011598857474
2021-02-03 09:00:00,12887.0,11026.112977874052,10576.621431243193,10584.067834167883,-449.49155,7.4464029246896635
2021-02-03 10:00:00,12834.0,10964.118448980493,10415.645609625024,10416.097752428945,-548.47284,0.45214280392151873
2021-02-03 11:00:00,12713.0,10913.69475878847,10295.079341308001,10304.48789252315,-618.6154,9.408551215148366
2021-02-03 12:00:00,12606.0,10894.040477981915,10106.401500931133,10128.57181723181,-787.639,22.170316300677
2021-02-03 13:00:00,12587.0,10914.859085112255,10102.73872378413,10115.324104047768,-812.12036,12.585380263636857
2021-02-03 14:00:00,12664.0,10974.856295072743,10200.16574331493,10246.052131817049,-774.69055,45.88638850211782
2021-02-03 15:00:00,13140.0,11052.797254094992,10512.255506048117,10539.745100968958,-540.54175,27.48959492084061
2021-02-03 16:00:00,13275.0,11104.956302059232,11132.347121608793,11140.077551003666,27.39082,7.730429394873138
2021-02-03 17:00:00,13365.0,11083.362678862308,11402.810036040042,11406.912988608095,319.44736,4.102952568053369
2021-02-03 18:00:00,13089.0,10969.200766754875,11221.99854202343,11233.550466090392,252.79778,11.55192406696275
2021-02-03 19:00:00,12568.0,10794.829188290656,10528.522059384406,10509.625106537267,-266.30713,-18.8969528471391
2021-02-03 20:00:00,12673.0,10630.299346828957,10334.307678127785,10323.323817861065,-295.99167,-10.9838602667204
2021-02-03 21:00:00,12384.0,10538.48239255067,10185.698151828014,10164.218074220977,-352.78424,-21.48007760703692
2021-02-03 22:00:00,12014.0,10532.500545558985,9795.71612173086,9736.489670892566,-736.7844,-59.2264508382936
2021-02-03 23:00:00,11775.0,10571.065948454074,9893.098358122043,9926.500320414834,-677.9676,33.401962292792106
2021-02-04 00:00:00,11656.0,10596.788118535254,9842.137544804786,9869.402308434019,-754.6506,27.26476362923372
2021-02-04 01:00:00,11646.0,10585.573183294,9627.592470403375,9648.893060546467,-957.9807,21.30059014309207
2021-02-04 02:00:00,11779.0,10565.407654902438,9517.57281603525,9538.629721734645,-1047.8348,21.056905699394548
2021-02-04 03:00:00,12134.0,10589.537497424708,9237.085348987208,9268.45138343958,-1352.4521,31.36603445237192
2021-02-04 04:00:00,12921.0,10688.398627618919,9766.999274591575,9796.775002668319,-921.39935,29.775728076743928
2021-02-04 05:00:00,13177.0,10841.497087913833,10210.657244163833,10202.98720531455,-630.83984,-7.670038849283568
2021-02-04 06:00:00,13145.0,10990.958222883868,10385.788301008868,10397.10338987576,-605.1699,11.315088866891791
2021-02-04 07:00:00,13077.0,11082.09427980655,10498.772746603425,10503.87770565965,-583.32153,5.1049590562245974
2021-02-04 08:00:00,12936.0,11096.301096007443,10479.306528136349,10491.066478886292,-616.99457,11.759950749944133
2021-02-04 09:00:00,12851.0,11053.53991926683,10415.528261551986,10417.739078421526,-638.01166,2.210816869538614
2021-02-04 10:00:00,12846.0,10990.673089899457,10228.630304254926,10237.402047635078,-762.0428,8.77174338015104
2021-02-04 11:00:00,12698.0,10939.3000909594,10013.465374162524,10001.150565162718,-925.8347,-12.314808999806573
2021-02-04 12:00:00,12664.0,10918.65280582928,9874.455906415218,9886.308802626043,-1044.1969,11.852896210825213
2021-02-04 13:00:00,12579.0,10938.459201947524,9883.027805463149,9886.047996589217,-1055.4314,3.020191126068527
2021-02-04 14:00:00,12610.0,10997.439556649897,9985.781048349116,9996.054621521564,-1011.6585,10.27357317244824
2021-02-04 15:00:00,12967.0,11074.361872448757,10399.128474011257,10410.956919010592,-675.2334,11.828444999334797
2021-02-04 16:00:00,13021.0,11125.490766707378,10907.420393172222,10879.458690464055,-218.07037,-27.96170270816686
2021-02-04 17:00:00,13095.0,11102.834858286322,11013.36743580097,10957.931108835253,-89.46742,-55.43632696571651
2021-02-04 18:00:00,12990.0,10987.550611032344,10842.9959845675,10789.776548186583,-144.55463,-53.21943638091789
2021-02-04 19:00:00,12569.0,10811.963946661595,10354.077136358861,10327.81320393284,-457.8868,-26.2639324260219
2021-02-04 20:00:00,12665.0,10646.087478212612,10157.854018739956,10150.724682430624,-488.23346,-7.129336309332559
2021-02-04 21:00:00,12402.0,10552.742813203113,10006.512283417956,9993.86556835239,-546.2305,-12.646715065566244
2021-02-04 22:00:00,12059.0,10544.987678912923,9786.619820026204,9760.20359704838,-758.36786,-26.416222977825417
2021-02-04 23:00:00,11837.0,10581.455077272873,9824.330321413498,9835.221295397765,-757.12476,10.890973984267463
2021-02-05 00:00:00,11744.0,10604.666103859468,9693.407497902437,9675.290234592618,-911.2586,-18.117263309819208
2021-02-05 01:00:00,12978.5,10590.43598351747,9616.709543087782,9604.626630969808,-973.72644,-12.082912117973809
2021-02-05 02:00:00,11986.0,10566.661328635084,9830.665845236646,9813.997525006385,-735.9955,-16.668320230260704
2021-02-05 03:00:00,12397.0,10586.497654726616,9279.064060976616,9274.55589110232,-1307.4336,-4.508169874296565
2021-02-05 04:00:00,13173.0,10680.286039095376,9815.892362337563,9799.349275617426,-864.3937,-16.543086720137424
2021-02-05 05:00:00,13561.0,10827.431815779062,10339.648856794687,10369.615715369577,-487.78296,29.96685857488978
2021-02-05 06:00:00,13629.0,10969.957079765576,10733.791216728467,10736.863670104,-236.16586,3.072453375533671
2021-02-05 07:00:00,13563.0,11053.074732758145,10897.573634125332,10895.308701980928,-155.5011,-2.264932144404644
2021-02-05 08:00:00,13642.0,11058.09076950091,10904.881876678644,10910.789504617638,-153.2089,5.907627938993701
2021-02-05 09:00:00,13544.0,11004.88824221378,10842.31872317081,10843.045274582713,-162.56952,0.7265514119032217
2021-02-05 10:00:00,13430.0,10930.262316441236,10738.773119663892,10723.867721383816,-191.4892,-14.90539828007612
2021-02-05 11:00:00,13223.0,10865.755581524963,10405.308468487854,10387.828689651762,-460.4471,-17.479778836091533
2021-02-05 12:00:00,13062.0,10830.554194229502,10238.207209366221,10199.135490169212,-592.347,-39.071719197009244
2021-02-05 13:00:00,12972.0,10834.353470274884,10215.364456603009,10181.03425531188,-618.989,-34.33020129112842
2021-02-05 14:00:00,12941.0,10875.855387295012,10344.968668545012,10360.64500027028,-530.8867,15.676331725267415
2021-02-05 15:00:00,13417.0,10933.82427422017,10877.363577046097,10858.617133210348,-56.460697,-18.746443835748387
2021-02-05 16:00:00,13608.0,10964.536520314407,11140.987615895461,11153.774845993847,176.4511,12.787230098385349
2021-02-05 17:00:00,13571.0,10920.03094180279,11285.536923248103,11282.887522259185,365.50598,-2.649400988916578
2021-02-05 18:00:00,13233.0,10781.517107800319,11121.925249890162,11104.777859765443,340.40814,-17.147390124719273
2021-02-05 19:00:00,12823.0,10581.39991103568,10473.139779199742,10473.78891721651,-108.26013,0.6491380167673474
2021-02-05 20:00:00,12894.0,10389.79548449535,10447.27772326488,10454.378374383794,57.48224,7.100651118913739
2021-02-05 21:00:00,12602.0,10269.64837046944,10195.431871140827,10200.097855206144,-74.2165,4.66598406531696
2021-02-05 22:00:00,12203.0,10234.15351393137,9898.37485792551,9886.990177646334,-335.77866,-11.384680279176628
2021-02-05 23:00:00,11896.0,10242.09432625023,9768.38241218773,9752.297448446372,-473.7119,-16.0849637413583
2021-02-06 00:00:00,11669.0,10236.159028970507,9902.27014347246,9897.588874162468,-333.8889,-4.681269309993319
2021-02-06 01:00:00,11608.0,10192.351215460334,9785.771869757209,9771.816060017318,-406.57935,-13.95580973989199
2021-02-06 02:00:00,11606.0,10138.777909529763,9615.303971541482,9661.330874248351,-523.47394,46.026902706868995
2021-02-06 03:00:00,11698.0,10128.822464855628,9345.744278820472,9321.815264313287,-783.0782,-23.929014507184302
2021-02-06 04:00:00,11984.0,10193.063969797287,9412.214238351975,9452.870270691457,-780.84973,40.656032339482124
2021-02-06 05:00:00,12064.0,10311.150744303734,9438.388293131859,9454.077769810723,-872.76245,15.689476678865237
2021-02-06 06:00:00,12156.0,10425.352186805856,9847.237562782419,9869.384492225498,-578.1146,22.146929443079852
2021-02-06 07:00:00,12342.0,10481.135062949008,9979.371452109164,10021.883042529957,-501.7636,42.51159042079259
2021-02-06 08:00:00,12519.0,10460.06702183146,10173.654057964273,10221.5774628546,-286.41296,47.92340489032741
2021-02-06 09:00:00,12514.0,10382.29822296501,10065.684544986494,10114.239936753795,-316.61368,48.555391767300904
2021-02-06 10:00:00,12332.0,10284.891227398755,9950.584006939771,9991.504526339248,-334.30722,40.920519399477485
2021-02-06 11:00:00,12211.0,10199.651030671552,9780.865538728192,9791.481407158213,-418.7855,10.61586843001989
2021-02-06 12:00:00,12152.0,10146.017613407574,9631.808934208355,9665.236064239873,-514.2087,33.4271300315184
2021-02-06 13:00:00,12162.0,10133.929078527526,9625.169801183776,9636.61294040148,-508.75928,11.443139217703758
2021-02-06 14:00:00,12333.0,10162.316243530222,10015.910985351511,10027.996755706781,-146.40526,12.085770355270924
2021-02-06 15:00:00,12258.0,10210.154646415675,10427.365751762354,10419.747346979217,217.2111,-7.6184047831371045
2021-02-06 16:00:00,12258.0,10233.911400693256,10437.860268491107,10434.439385175852,203.94887,-3.420883315255451
2021-02-06 17:00:00,12258.0,10185.795203391297,10546.485602561219,10575.924640965563,360.6904,29.43903840434336
2021-02-06 18:00:00,12771.0,10047.16618719606,10400.688770203873,10382.602568307402,353.52258,-18.08620189647125
2021-02-06 19:00:00,12314.0,9850.560918100642,10133.291478403376,10139.091308760371,282.73056,5.799830356995576
2021-02-06 20:00:00,12414.0,9666.204928170548,10002.549959908829,9992.224093160248,336.34503,-10.325866748580923
2021-02-06 21:00:00,12305.0,9557.12318036639,9787.70211408221,9801.02966671492,230.57893,13.32755263270888
2021-02-06 22:00:00,11861.0,9536.555884134961,9390.853338968946,9392.28713010042,-145.70255,1.4337911314736984
2021-02-06 23:00:00,11512.0,9563.294967798318,9376.393432764138,9362.309445268238,-186.90154,-14.083987495899809
2021-02-07 00:00:00,11286.0,9580.004007404874,9079.301889484952,9088.278028049086,-500.70212,8.976138564133839
2021-02-07 01:00:00,11085.0,9562.633943421608,8856.992769105202,8900.862426248308,-705.6412,43.869657143107084
2021-02-07 02:00:00,11079.0,9539.213138747302,8778.635746169177,8833.894279326783,-760.5774,55.258533157606536
2021-02-07 03:00:00,11097.0,9563.017425761462,8535.241302714587,8528.318233986163,-1027.7761,-6.923068728424268
2021-02-07 04:00:00,11237.0,9664.484573276124,8621.917190463624,8630.831735508656,-1042.5674,8.914545045031627
2021-02-07 05:00:00,11263.0,9823.085434527477,8755.101914019664,8740.771562047887,-1067.9835,-14.330351971777816
2021-02-07 06:00:00,11300.0,9980.878493593333,9104.555068300364,9092.095819092077,-876.3234,-12.459249208287309
2021-02-07 07:00:00,11459.0,10083.092229060514,9312.817692927702,9307.541266345921,-770.27454,-5.276426581780596
2021-02-07 08:00:00,11709.0,10111.034130065358,9613.300395934499,9637.922081478702,-497.73373,24.621685544204336
2021-02-07 09:00:00,11784.0,10084.574649512471,9588.065860449971,9620.737224491351,-496.5088,32.67136404138021
2021-02-07 10:00:00,11765.0,10040.476939755687,9422.578013974437,9435.439064555989,-617.8989,12.861050581553128
2021-02-07 11:00:00,11621.0,10010.226909773879,9233.08024229341,9250.404114098803,-777.14667,17.323871805392834
2021-02-07 12:00:00,11545.0,10012.927720058522,9083.319626796803,9100.020113130193,-929.6081,16.700486333390394
2021-02-07 13:00:00,11506.0,10058.166178012441,9149.451944614004,9159.013765798965,-908.71423,9.56182118496164
2021-02-07 14:00:00,11529.0,10144.510244939785,9338.714041326504,9337.957702498812,-805.7962,-0.7563388276915923
2021-02-07 15:00:00,12025.0,10250.56323206558,9889.718627573393,9878.808039139376,-360.8446,-10.910588434016185
2021-02-07 16:00:00,12221.0,10332.413657713028,10093.735343504044,10076.248850823562,-238.67831,-17.486492680481483
2021-02-07 17:00:00,12207.0,10341.890670089044,10172.940291671075,10174.534138231938,-168.95038,1.5938465608635546
2021-02-07 18:00:00,11954.0,10259.98105076967,10056.153429309708,10049.117173023267,-203.82762,-7.036256286440799
2021-02-07 19:00:00,11550.0,10118.860052424037,9615.574713068569,9652.630773997895,-503.28534,37.05606092932572
2021-02-07 20:00:00,11801.0,9988.405687022954,9753.849031139165,9747.488939268484,-234.55666,-6.360091870681159
2021-02-07 21:00:00,11684.0,9931.307293104872,9431.567821669325,9429.300130668222,-499.73947,-2.2676910011032065
2021-02-07 22:00:00,11341.0,9960.479591997857,9167.13236299395,9156.407099977348,-793.3472,-10.725263016602144
2021-02-07 23:00:00,11056.0,10034.401547926605,9173.669431227387,9174.99826131602,-860.7321,1.3288300886325208
2021-02-08 00:00:00,10900.0,10095.44337530318,9061.72657842818,9080.141858032655,-1033.7168,18.415279604474623
2021-02-08 01:00:00,11989.5,10119.290376953826,9028.052461914764,9045.466445850638,-1091.2379,17.413983935874228
2021-02-08 02:00:00,12116.0,10133.737406244974,9309.17368554185,9361.645886600301,-824.5637,52.47220105845245
2021-02-08 03:00:00,11432.0,10191.857875699328,9207.832973355578,9204.616800494066,-984.0249,-3.21617286151113
2021-02-08 04:00:00,12265.0,10323.914487350448,9430.648557174667,9440.900204720401,-893.2659,10.251647545733658
2021-02-08 05:00:00,12659.0,10509.228605034496,9809.125943901683,9810.892109058883,-700.10266,1.7661651571998338
2021-02-08 06:00:00,12681.0,10689.737437503203,9967.547923343047,9969.79877257318,-722.1895,2.2508492301329674
2021-02-08 07:00:00,12792.0,10810.58177750716,10013.115713054034,10036.295913448543,-797.46606,23.180200394508013
2021-02-08 08:00:00,12814.0,10853.019187649774,10118.114524563836,10106.868322920262,-734.90466,-11.246201643575246
2021-02-08 09:00:00,12784.0,10836.908333232344,10085.829109599532,10085.51873142075,-751.0792,-0.3103781787814109
2021-02-08 10:00:00,12611.0,10799.036019824081,9971.233102343613,9986.45965262367,-827.8029,15.226550280056037
2021-02-08 11:00:00,12538.0,10770.944163566128,9721.618235831753,9745.975522787694,-1049.3259,24.3572869559409
2021-02-08 12:00:00,12520.0,10771.822584571046,9688.83943027417,9694.362673134332,-1082.9832,5.523242860160991
2021-02-08 13:00:00,12406.0,10811.37452045525,9686.23096576775,9695.11009915441,-1125.1436,8.879133386658527
2021-02-08 14:00:00,12386.0,10888.312458961203,9861.258748023703,9856.927975937722,-1027.0537,-4.330772085980595
2021-02-08 15:00:00,12772.0,10981.409537023239,10302.701895421676,10324.213426866436,-678.70764,21.51153144475933
2021-02-08 16:00:00,12872.0,11046.947070178749,10522.432971057655,10509.698202908574,-524.5141,-12.734768149081134
2021-02-08 17:00:00,12969.0,11036.969776223397,10763.540515969491,10767.070366880082,-273.42926,3.5298509105907625
2021-02-08 18:00:00,12742.0,10932.70409452515,10586.343498822025,10569.491377115944,-346.3606,-16.852121706080297
2021-02-08 19:00:00,12391.0,10766.58887102734,10005.719974542964,9989.199384363494,-760.8689,-16.520590179470478
2021-02-08 20:00:00,12469.0,10608.785318089393,9973.078347874549,9983.031092487829,-635.707,9.952744613280345
2021-02-08 21:00:00,12325.0,10522.277576301598,9715.628894660973,9712.920994543107,-806.6487,-2.7079001178671107
2021-02-08 22:00:00,12061.0,10520.278946355129,9536.868851140285,9498.243914074303,-983.4101,-38.6249370659834
2021-02-08 23:00:00,11795.0,10561.567181344652,9615.426983590745,9586.263599703414,-946.1402,-29.163383887331555
2021-02-09 00:00:00,11612.0,10588.812790784521,9509.815598401708,9514.985245015525,-1078.9972,5.169646613815621
2021-02-09 01:00:00,12757.0,10578.005455519859,9548.915245558921,9559.814862145318,-1029.0902,10.899616586397135
2021-02-09 02:00:00,11757.0,10557.247645016909,9513.701258298159,9459.153986280055,-1043.5464,-54.54727201810458
2021-02-09 03:00:00,12150.0,10579.917690629074,9028.724697465012,8934.96810845703,-1551.193,-93.75658900798261
2021-02-09 04:00:00,12891.0,10676.572285734588,9558.184346281463,9549.310137097444,-1118.388,-8.87420918402035
2021-02-09 05:00:00,13343.0,10826.810038775011,9957.986064165636,9956.482278544252,-868.824,-1.5037856213841507
2021-02-09 06:00:00,13360.0,10972.827740358738,10494.5168272728,10507.08607073705,-478.3109,12.569243464249377
2021-02-09 07:00:00,13383.0,11060.010451355782,10568.531722107735,10588.282148741222,-491.47873,19.75042663348769
2021-02-09 08:00:00,13349.0,11069.846387078249,10542.933850457155,10546.559773130795,-526.91254,3.62592267364065
2021-02-09 09:00:00,13234.0,11022.40973544322,10532.479895355329,10543.839504715923,-489.92984,11.359609360594277
2021-02-09 10:00:00,13061.0,10954.683694796868,10277.529092746086,10266.199983910235,-677.1546,-11.329108835850457
2021-02-09 11:00:00,12910.0,10898.383656399521,10077.308522122177,10082.106893449198,-821.07513,4.7983713270211865
2021-02-09 12:00:00,12869.0,10872.848197777894,10051.145255883363,10054.167695880682,-821.70294,3.022439997319016
2021-02-09 13:00:00,12847.0,10887.904212025764,9919.985205678107,9900.839365572874,-967.919,-19.145840105233706
2021-02-09 14:00:00,12853.0,10942.362147543208,10086.496363851802,10050.715631335312,-855.8658,-35.780732516491
2021-02-09 15:00:00,13366.0,11015.066255796879,10468.173433531254,10416.024263749377,-546.8928,-52.149169781876935
2021-02-09 16:00:00,13478.0,11062.341977090438,10943.239445657333,10963.978810565784,-119.10253,20.739364908452153
2021-02-09 17:00:00,13554.0,11036.253655505492,11094.138726306273,11090.174603843097,57.88507,-3.9641224631768615
2021-02-09 18:00:00,13323.0,10918.027333178346,10829.25482646448,10805.00546232438,-88.77251,-24.249364140099456
2021-02-09 19:00:00,12882.0,10740.084867640953,10495.699217006188,10482.075700646823,-244.38565,-13.623516359364848
2021-02-09 20:00:00,12948.0,10572.553526558873,10353.658598580358,10351.38760988325,-218.89493,-2.2709886971076276
2021-02-09 21:00:00,12742.0,10478.362834222482,10010.003916986154,10016.631425635253,-468.35892,6.627508649098179
2021-02-09 22:00:00,12359.0,10470.64754132205,9791.988788880644,9749.90718840727,-678.65875,-42.081600473375545
2021-02-09 23:00:00,12128.0,10508.084125822328,9672.748676603578,9681.79278471378,-835.33545,9.04410811020152
2021-02-10 00:00:00,11978.0,10533.225325220652,9805.970869654246,9813.160724621232,-727.25446,7.189854966985622
2021-02-10 01:00:00,11964.0,10521.934153743658,9731.52656097022,9741.036732542474,-790.4076,9.510171572254016
2021-02-10 02:00:00,12130.0,10502.181733566564,9503.44644303922,9508.929998635762,-998.7353,5.483555596542322
2021-02-10 03:00:00,12490.0,10527.209463651445,9216.21996169832,9220.5690803717,-1310.9895,4.349118673380368
2021-02-10 04:00:00,13216.0,10627.428233134024,9683.906260477774,9706.786912883845,-943.522,22.88065240607044
2021-02-10 05:00:00,13614.0,10782.280952962738,10316.642220052581,10300.970394952561,-465.63873,-15.671825100020495
2021-02-10 06:00:00,13632.0,10933.802503861103,10848.211614884052,10828.968018393814,-85.59089,-19.243596490238485
2021-02-10 07:00:00,13570.0,11027.216517013883,11031.72892097888,11033.86735736581,4.512404,2.138436386930307
2021-02-10 08:00:00,13499.0,11043.855998096498,11011.938225803407,11018.989265555976,-31.917772,7.0510397525688315
2021-02-10 09:00:00,13394.0,11003.64832637441,10933.93218562734,10919.209400094209,-69.71614,-14.722785533130793
2021-02-10 10:00:00,13377.0,10943.437602903246,10528.88724889934,10536.074841192958,-414.55035,7.187592293617853
2021-02-10 11:00:00,13268.0,10894.806936053412,10374.182973651068,10359.486359815854,-520.62396,-14.69661383521396
2021-02-10 12:00:00,13104.0,10876.97007805585,10240.590317313663,10240.793281293902,-636.37976,0.20296398023918058
2021-02-10 13:00:00,13045.0,10899.638143573118,10220.206747088743,10225.993787693727,-679.4314,5.7870406049847745
2021-02-10 14:00:00,13061.0,10961.515744275091,10307.839596814154,10306.18291033021,-653.67615,-1.65668648394436
2021-02-10 15:00:00,13543.0,11041.351077729227,10766.32449691868,10767.167596700705,-275.02658,0.8430997820247939
2021-02-10 16:00:00,13781.0,11095.383663618037,11300.696636640498,11311.709414946057,205.31297,11.01277830555876
2021-02-10 17:00:00,13847.0,11075.60454910491,11498.026363069754,11490.846884516628,422.4218,-7.179478553125862
2021-02-10 18:00:00,13651.0,10963.183091984783,11324.089006291424,11295.041937948363,360.9059,-29.047068343060527
2021-02-10 19:00:00,13161.0,10790.503554935207,10722.670791263332,10682.487786116391,-67.83276,-40.183005146940836
2021-02-10 20:00:00,13168.0,10627.672932493382,10542.778485166722,10531.272997887696,-84.89445,-11.505487279025491
2021-02-10 21:00:00,13020.0,10537.612259510823,10234.368363026448,10212.527766940928,-303.2439,-21.840596085520165
2021-02-10 22:00:00,12671.0,10533.454108857279,10046.909095429544,10027.454109249575,-486.545,-19.454986179970017
2021-02-10 23:00:00,12419.0,10573.877741141383,9865.121149344508,9809.956634979628,-708.7566,-55.164514364879984
2021-02-11 00:00:00,12301.0,10601.446997212028,9860.203039692497,9850.659655724705,-741.24396,-9.543383967791197
2021-02-11 01:00:00,13517.0,10592.048786571006,9688.9085888171,9681.908653250417,-903.1402,-6.999935566682264
2021-02-11 02:00:00,12473.0,10573.69178677335,10065.83079434171,10034.091585207132,-507.861,-31.739209134576758
2021-02-11 03:00:00,12848.0,10599.66419797254,9483.067152074102,9490.05303378249,-1116.597,6.985881708387367
2021-02-11 04:00:00,13603.0,10700.426047710258,10073.250998882133,10047.188638822172,-627.17505,-26.062360059960326
2021-02-11 05:00:00,13921.0,10855.467020750566,10557.290812254472,10545.349075956401,-298.1762,-11.94173629807198
2021-02-11 06:00:00,13960.0,11006.866402429425,10889.667702478253,10903.423666524921,-117.1987,13.755964046668044
2021-02-11 07:00:00,13917.0,11099.89291405549,10977.568481682443,11003.940112228309,-122.32443,26.371630545864964
2021-02-11 08:00:00,13987.0,11115.927538998094,10932.694995052781,10944.284162186434,-183.23254,11.58916713365205
2021-02-11 09:00:00,13915.0,11074.947314449893,10905.798388668643,10905.768312492555,-169.14893,-0.030076176088778443
2021-02-11 10:00:00,13772.0,11013.843799018632,10797.153277778398,10803.139519519145,-216.69052,5.9862417407477375
2021-02-11 11:00:00,13614.0,10964.241511982544,10513.098750752075,10504.930577050647,-451.14276,-8.168173701428108
2021-02-11 12:00:00,13491.0,10945.387545806021,10417.893466216177,10420.905901552806,-527.4941,3.0124353366283207
2021-02-11 13:00:00,13380.0,10967.017525530697,10408.618904925228,10381.539847535152,-558.3986,-27.07905739007528
2021-02-11 14:00:00,13337.0,11027.850639911108,10393.589104266577,10371.200175138123,-634.26154,-22.388929128454876
2021-02-11 15:00:00,13725.0,11106.637950014081,10879.295893739667,10837.531398772573,-227.34206,-41.764494967094
2021-02-11 16:00:00,13863.0,11159.609252321454,11065.52165924284,11056.39447102954,-94.08759,-9.12718821330079
2021-02-11 17:00:00,13860.0,11138.734964071662,11306.800241171271,11311.86516509889,168.06528,5.064923927618994
2021-02-11 18:00:00,13680.0,11025.15650740681,11110.743513022044,11107.009872342398,85.587006,-3.733640679645948
2021-02-11 19:00:00,13168.0,10851.225418572394,10639.688324456183,10591.461707178496,-211.5371,-48.22661727768765
2021-02-11 20:00:00,13256.0,10687.009868020652,10453.95440232241,10435.927692241392,-233.05547,-18.026710081018514
2021-02-11 21:00:00,13108.0,10595.381306348836,10142.75673359493,10102.837180116183,-452.62457,-39.919553478747325
2021-02-11 22:00:00,12743.0,10589.40776468679,9971.44292093679,9920.765925296766,-617.96484,-50.67699564002377
2021-02-11 23:00:00,12510.0,10627.689307405915,9938.152014925447,9853.129533994757,-689.5373,-85.02248093068991
2021-02-12 00:00:00,12383.0,10652.701292196592,9981.980405966124,9933.92739748886,-670.7209,-48.05300847726312
2021-02-12 01:00:00,12336.0,10640.239659578534,10117.214513094159,10140.500926555818,-523.02515,23.286413461659397
2021-02-12 02:00:00,12435.0,10618.223117159147,9719.637362764615,9704.810602992722,-898.58575,-14.826759771893718
2021-02-12 03:00:00,12775.0,10639.849343724412,9782.604348607225,9784.887393854167,-857.245,2.2830452469422586
2021-02-12 04:00:00,13442.0,10735.483453185278,10220.756341368871,10238.067169680107,-514.7271,17.31082831123593
2021-02-12 05:00:00,13684.0,10884.514347734466,10604.223820390716,10592.869652372316,-280.29053,-11.354168018401161
2021-02-12 06:00:00,13648.0,11028.917990361777,10938.999334966269,10958.240254183002,-89.918655,19.240919216733076
2021-02-12 07:00:00,13633.0,11113.863686924407,11035.446145420501,11075.024473770714,-78.41754,39.578328350213646
2021-02-12 08:00:00,13563.0,11120.64251269049,11031.472415339416,11068.529042289518,-89.1701,37.05662695010151
2021-02-12 09:00:00,13478.0,11069.15324961845,10888.838384506145,10903.019980590843,-180.31487,14.181596084698466
2021-02-12 10:00:00,13204.0,10996.22022916787,10670.48585416787,10670.233711461273,-325.73438,-0.25214270659757054
2021-02-12 11:00:00,13099.0,10933.411033233417,10696.10710867287,10718.19553828253,-237.30392,22.08842960966051
2021-02-12 12:00:00,12948.0,10899.926994052164,10465.24883243107,10474.07928321137,-434.67816,8.830450780298486
2021-02-12 13:00:00,12916.0,10905.47106262801,10337.144707647542,10348.081887718297,-568.32635,10.937180070755126
2021-02-12 14:00:00,12872.0,10948.744118170118,10511.091347174024,10501.990575179163,-437.65277,-9.100771994860592
2021-02-12 15:00:00,13202.0,11008.49355179702,10902.650023049462,10896.413664789141,-105.84353,-6.236358260321527
2021-02-12 16:00:00,13345.0,11040.960949888176,11243.42362689013,11252.84814271442,202.46268,9.42451582428962
2021-02-12 17:00:00,13267.0,10998.14696012649,11313.972887860866,11314.040590483615,315.82593,0.06770262274942614
2021-02-12 18:00:00,12967.0,10861.246158636493,11141.20975116579,11141.441543693298,279.9636,0.2317925275082146
2021-02-12 19:00:00,12463.0,10662.689117386504,10515.701858475371,10510.779707821128,-146.98726,-4.922150654243613
2021-02-12 20:00:00,12569.0,10472.647607650195,10319.72207054082,10323.02797061974,-152.92554,3.3059000789205673
2021-02-12 21:00:00,12290.0,10354.116111805111,10021.088218738705,9989.530216190264,-333.0279,-31.558002548440886
2021-02-12 22:00:00,11795.0,10320.299991578673,9698.53082653961,9708.821865025646,-621.76917,10.291038486035426
2021-02-12 23:00:00,11492.0,10329.949849126562,9613.621357915625,9569.834600254768,-716.3285,-43.78675766085747
2021-02-13 00:00:00,11245.0,10325.708311232416,10009.713804396479,9949.95974489282,-315.9945,-59.7540595036596
2021-02-13 01:00:00,11140.0,10283.55984402855,9595.198821079332,9583.223048396028,-688.361,-11.975772683303717
2021-02-13 02:00:00,11096.0,10231.633736477983,9434.69873891939,9397.981237827427,-796.935,-36.71750109196255
2021-02-13 03:00:00,11173.0,10223.355687093514,9199.306981038826,9232.16548855805,-1024.0487,32.85850751922432
2021-02-13 04:00:00,11384.0,10289.329012608529,9387.375948643685,9432.027643300324,-901.95306,44.6516946566387
2021-02-13 05:00:00,11468.0,10409.185801481908,9645.406870817846,9654.64923186067,-763.77893,9.242361042824424
2021-02-13 06:00:00,11537.0,10525.149527369571,10052.671500025821,10033.251276297702,-472.47803,-19.42022372811888
2021-02-13 07:00:00,11747.0,10582.643572244779,10203.713610086575,10209.887274742767,-378.92996,6.173664656192141
2021-02-13 08:00:00,11876.0,10563.220880942767,10224.900232749407,10223.205253771817,-338.32065,-1.6949789775898032
2021-02-13 09:00:00,11744.0,10487.047558786195,10205.711163522523,10194.094279222625,-281.3364,-11.616884299898492
2021-02-13 10:00:00,11660.0,10391.215547600457,9989.326204338739,9973.616072399735,-401.88934,-15.710131939003652
2021-02-13 11:00:00,11533.0,10307.55504686428,9915.560387440451,9903.470017700198,-391.99466,-12.090369740253747
2021-02-13 12:00:00,11493.0,10255.521418470347,9845.403590101207,9827.456820566613,-410.11783,-17.946769534594576
2021-02-13 13:00:00,11532.0,10245.060598511976,9865.717855592055,9835.316211378711,-379.34274,-30.4016442133433
2021-02-13 14:00:00,11722.0,10275.102493924165,10088.717056912446,10089.645942308793,-186.38544,0.9288853963467325
2021-02-13 15:00:00,11532.5,10324.60588061279,10359.882793301998,10369.086251052735,35.276913,9.203457750736419
2021-02-13 16:00:00,11532.5,10350.003230731081,10449.302203814577,10485.377884025364,99.29897,36.07568021078548
2021-02-13 17:00:00,11532.5,10303.465218151634,10410.34768732888,10436.800422576687,106.88247,26.452735247806896
2021-02-13 18:00:00,11942.0,10166.337110043753,10396.802457333792,10389.753347898188,230.46535,-7.049109435603031
2021-02-13 19:00:00,11504.0,9971.18125956205,9978.933302809273,9966.505271092037,7.7520432,-12.428031717235237
2021-02-13 20:00:00,11614.0,9788.278923910335,10073.811211507991,10073.970781162207,285.5323,0.15956965421475772
2021-02-13 21:00:00,11506.0,9680.70507068405,9827.527122686002,9877.431278497581,146.82205,49.90415581157901
2021-02-13 22:00:00,11237.0,9661.710367238715,9414.143320119574,9399.356447130353,-247.56705,-14.78687298922083
2021-02-13 23:00:00,10902.0,9690.053949619962,9058.04632022543,9061.829839935292,-632.0076,3.783519709861582
2021-02-14 00:00:00,10658.0,9708.353791196037,8852.917206723381,8821.68403553589,-855.4366,-31.233171187490424
2021-02-14 01:00:00,10596.0,9692.541672079016,8703.946762411048,8690.474445455673,-988.5949,-13.472316955374872
2021-02-14 02:00:00,10641.0,9670.668161921372,8679.036570124497,8690.162234486525,-991.6316,11.125664362027265
2021-02-14 03:00:00,10766.0,9696.051354369392,8327.67672058033,8350.832657580324,-1368.3746,23.155936999993223
2021-02-14 04:00:00,10927.0,9799.153138293032,8461.471863878969,8458.463006714344,-1337.6813,-3.0088571646242523
2021-02-14 05:00:00,10943.0,9959.428003087878,8728.745874181628,8719.981377262422,-1230.6821,-8.764496919205877
2021-02-14 06:00:00,11084.0,10118.888352536367,9067.30302538793,9069.32145712149,-1051.5853,2.01843173356141
2021-02-14 07:00:00,11357.0,10222.719104065578,9358.443957581203,9367.425092835125,-864.27515,8.981135253921462
2021-02-14 08:00:00,11561.0,10252.21284447099,9610.698501209272,9618.967072845711,-641.51434,8.268571636439557
2021-02-14 09:00:00,11527.0,10227.255755466615,9695.774249118958,9688.194071467215,-531.4815,-7.580177651743742
2021-02-14 10:00:00,11505.0,10184.640136037591,9525.682006154779,9522.029697464473,-658.9581,-3.6523086903059667
2021-02-14 11:00:00,11455.0,10155.87684986862,9354.96590016159,9374.115392383434,-800.91095,19.149492221843982
2021-02-14 12:00:00,11330.0,10160.084176560125,9269.340890427313,9299.548300222372,-890.7433,30.20740979505975
2021-02-14 13:00:00,11409.0,10206.856483945305,9205.796303281242,9246.263440741717,-1001.0602,40.467137460475556
2021-02-14 14:00:00,11511.0,10294.760541881868,9510.988141979524,9517.920680142704,-783.7724,6.932538163181102
2021-02-14 15:00:00,11982.0,10402.382613028209,9854.560896719615,9845.14940991289,-547.8217,-9.41148680672493
2021-02-14 16:00:00,12333.0,10485.776284904669,10170.713205070684,10213.49599078582,-315.06308,42.78278571513535
2021-02-14 17:00:00,12371.0,10496.732392789172,10293.367051602649,10308.86154515548,-203.36534,15.494493552831017
2021-02-14 18:00:00,12163.0,10416.22256531665,10178.129120492431,10168.705106422789,-238.09344,-9.424014069642444
2021-02-14 19:00:00,11823.0,10276.447559894346,9679.777027667784,9648.818447755244,-596.67053,-30.958579912539232
2021-02-14 20:00:00,12120.0,10147.340838815355,9849.348956491136,9826.15516717997,-297.99188,-23.193789311166167
2021-02-14 21:00:00,12055.0,10091.641480591214,9590.095093872464,9583.513245602813,-501.5464,-6.581848269650698
2021-02-14 22:00:00,11720.0,10122.274412374043,9380.712095479512,9360.402226165059,-741.5623,-20.309869314453096
2021-02-14 23:00:00,11491.0,10197.685568942257,9340.004965914914,9344.597482869714,-857.6806,4.5925169548012255
2021-02-15 00:00:00,11374.0,10260.199341919682,9431.281312134526,9418.510788187958,-828.918,-12.770523946568122
2021-02-15 01:00:00,11369.0,10285.48167274247,9426.985762097938,9457.452390346998,-858.4959,30.46662824905994
2021-02-15 02:00:00,11556.0,10301.349441364957,9282.597183064176,9309.623120114016,-1018.75226,27.025937049840266
2021-02-15 03:00:00,11946.0,10360.918163874054,9261.816235163116,9248.211596748235,-1099.1019,-13.604638414881872
2021-02-15 04:00:00,12756.0,10494.474528488003,9774.326396163784,9822.197596758522,-720.14813,47.87120059473833
2021-02-15 05:00:00,13122.0,10681.323426276314,10066.953248053658,10137.632843648973,-614.3702,70.67959559531506
2021-02-15 06:00:00,13156.0,10863.355902604086,10456.253088883383,10491.224944326766,-407.1028,34.97185544338449
2021-02-15 07:00:00,13199.0,10985.669132394967,10499.855808420358,10534.533488032414,-485.81332,34.677679612056565
2021-02-15 08:00:00,13058.0,11029.505746030278,10623.232247495122,10669.689508655189,-406.2735,46.45726116006747
2021-02-15 09:00:00,12886.0,11014.740134585476,10471.653891909695,10496.993159742338,-543.08624,25.339267832643056
2021-02-15 10:00:00,12697.0,10978.18827390267,10226.193217750326,10230.72057398966,-751.99506,4.527356239334144
2021-02-15 11:00:00,12582.0,10951.41708467382,10007.441803912101,10008.724820707203,-943.9753,1.2830167951013016
2021-02-15 12:00:00,12475.0,10953.63158146816,9935.862172288473,9969.738855315381,-1017.7694,33.876683026908864
2021-02-15 13:00:00,12373.0,10994.542662215305,9977.14623887546,9987.977153068821,-1017.3964,10.830914193360856
2021-02-15 14:00:00,12285.0,11072.861746440129,10075.453726420597,10092.183291320409,-997.408,16.72956489981112
2021-02-15 15:00:00,12479.0,11167.345067665043,10412.002721473636,10411.643048464877,-755.34235,-0.3596730087601386
2021-02-15 16:00:00,12672.0,11234.239176084533,10646.12351446344,10679.846526608411,-588.11566,33.723012144972586
2021-02-15 17:00:00,12571.0,11225.55066053658,10773.877107069784,10780.771008964664,-451.67355,6.893901894880167
2021-02-15 18:00:00,12326.0,11122.491007938188,10626.424632205766,10624.092394971989,-496.06638,-2.3322372337766826
2021-02-15 19:00:00,11922.0,10957.524783911455,9946.06830197786,9940.419704653594,-1011.4565,-5.6485973242666905
2021-02-15 20:00:00,11922.0,10800.868878271545,9945.065228369202,9937.924881285584,-855.80365,-7.1403470836175424
2021-02-15 21:00:00,11769.0,10715.557408607774,9678.730260170274,9623.977896024946,-1036.8271,-54.75236414532896
2021-02-15 22:00:00,12349.5,10714.814125984034,9604.104653327784,9551.773130887339,-1110.7095,-52.331522440445475
2021-02-15 23:00:00,12349.5,10757.384003689805,9799.23092751793,9800.441571746791,-958.1531,1.210644228860802
2021-02-16 00:00:00,12305.5,10785.891980778706,9898.619641911519,9859.056151737088,-887.27234,-39.56349017443077
2021-02-16 01:00:00,12264.0,10776.308629296294,9779.529210350982,9790.365423678186,-996.7794,10.836213327203904
2021-02-16 02:00:00,12221.0,10756.758695794957,9761.762418939488,9791.054415897426,-994.9963,29.291996957937435
2021-02-16 03:00:00,11262.0,10780.66286129473,9425.437885708792,9407.958738193916,-1355.225,-17.47914751487636
2021-02-16 04:00:00,12140.0,10878.602044873825,9540.772332959763,9579.086899200196,-1337.8297,38.3145662404332
2021-02-16 05:00:00,12535.0,11030.158613047483,10045.663007578733,10063.070615413424,-984.4956,17.407607834690694
2021-02-16 06:00:00,12459.0,11177.483413222442,10228.265090468536,10226.233869345682,-949.2183,-2.031221122854094
2021-02-16 07:00:00,12522.0,11265.918096214438,10340.137334495688,10323.604442787304,-925.78076,-16.532891708383442
2021-02-16 08:00:00,12556.0,11276.936138862884,10344.163067573822,10332.832211462402,-932.7731,-11.330856111419545
2021-02-16 09:00:00,12539.0,11230.627633123015,10255.35883429489,10252.16096171587,-975.2688,-3.1978725790202365
2021-02-16 10:00:00,12391.0,11164.005109190335,10221.920148252835,10211.17143190023,-942.08496,-10.74871635260579
2021-02-16 11:00:00,12243.0,11108.809106773748,10023.77163118781,10043.06058594749,-1085.0375,19.288954759680255
2021-02-16 12:00:00,12199.0,11084.393523230785,9888.609953894847,9916.538264235976,-1195.7836,27.928310341129414
2021-02-16 13:00:00,12163.0,11100.593018312784,9870.919922609659,9874.20133699934,-1229.6731,3.2814143896809016
2021-02-16 14:00:00,12160.0,11156.217059154393,9937.454485912205,9933.379625173877,-1218.7626,-4.074860738328502
2021-02-16 15:00:00,12575.0,11230.09306126799,10451.217511951583,10441.633072643763,-778.87555,-9.584439307820084
2021-02-16 16:00:00,12878.0,11278.511747679042,10649.883634886073,10643.010368713538,-628.6281,-6.873266172535302
2021-02-16 17:00:00,12965.0,11253.499362551129,10902.919620119488,10888.266755793124,-350.57974,-14.652864326364364
2021-02-16 18:00:00,12865.0,11136.267006092361,10707.751808338455,10693.68276383474,-428.5152,-14.069044503713615
2021-02-16 19:00:00,12418.0,10959.262248279274,10124.404948474586,10086.464013567422,-834.8573,-37.94093490716445
2021-02-16 20:00:00,12541.0,10792.668010147165,10083.900126846384,10061.679404310857,-708.7679,-22.22072253552652
2021-02-16 21:00:00,12414.0,10699.463753180753,9814.126472907315,9796.089470538134,-885.3373,-18.03700236918184
2021-02-16 22:00:00,12174.0,10692.794624131067,9842.793220322474,9797.263491938518,-850.0014,-45.52972838395598
2021-02-16 23:00:00,12019.0,10731.304253713934,9793.248528616277,9770.152360224643,-938.0557,-23.096168391633377
2021-02-17 00:00:00,11941.0,10757.499729927711,9908.200718697242,9932.263171374725,-849.299,24.0624526774826
2021-02-17 01:00:00,11976.0,10747.224869107333,9703.813248013583,9710.587175191835,-1043.4116,6.773927178252011
2021-02-17 02:00:00,12194.0,10728.47297303113,9569.414501351443,9572.071980703784,-1159.0585,2.6574793523406317
2021-02-17 03:00:00,12613.0,10754.527686163987,9367.529883429612,9360.533104812297,-1386.9978,-6.996778617314891
2021-02-17 04:00:00,13377.0,10855.824014218217,9502.609170468217,9498.256874388497,-1353.2148,-4.352296079719498
2021-02-17 05:00:00,13612.0,11011.788513821479,10394.790405911323,10398.662065274068,-616.9981,3.871659362745623
2021-02-17 06:00:00,13813.0,11164.410008607692,10566.89084356863,10556.820213902392,-597.51917,-10.070629666237462
2021-02-17 07:00:00,13859.0,11258.868605901605,10754.502364446527,10739.368901943095,-504.36624,-15.133462503431776
2021-02-17 08:00:00,13718.0,11276.482460823123,11006.847390022342,10966.930608280072,-269.63507,-39.91678174227014
2021-02-17 09:00:00,13549.0,11237.194747807132,11002.158416630375,10997.195182671932,-235.03633,-4.9632339584420855
2021-02-17 10:00:00,13410.0,11177.878795500197,10867.816753263869,10864.351402787011,-310.06204,-3.4653504768569574
2021-02-17 11:00:00,13190.0,11130.142762391313,10755.028260438188,10758.441031346161,-375.1145,3.4127709079722357
2021-02-17 12:00:00,13058.0,11113.215629252933,10573.904777202151,10554.242007047666,-539.31085,-19.662770154486672
2021-02-17 13:00:00,13053.0,11136.816194181436,10434.357209806436,10408.862129785173,-702.459,-25.49508002126217
2021-02-17 14:00:00,13104.0,11199.648013258908,10604.742129469845,10564.579522769372,-594.9059,-40.16260670047193
2021-02-17 15:00:00,13417.0,11280.442383366075,11135.835480289903,11142.566037928755,-144.6069,6.730557638851147
2021-02-17 16:00:00,13924.0,11335.404052263508,11401.290709978352,11410.29372827348,65.88666,9.003018295128296
2021-02-17 17:00:00,14093.0,11316.485922978956,11637.369040654738,11635.383292562423,320.88312,-1.9857480923138342
2021-02-17 18:00:00,13905.0,11204.842377738305,11430.600556449243,11424.0043544181,225.75818,-6.596202031142145
2021-02-17 19:00:00,13459.0,11032.883368589239,10942.773528196172,10935.538068074302,-90.10984,-7.235460121869886
2021-02-17 20:00:00,13468.0,10870.771530732689,10928.25217877346,10932.958728966072,57.480648,4.706550192611849
2021-02-17 21:00:00,13314.0,10781.477833530915,10575.612461826813,10580.721093266622,-205.86537,5.108631439808435
2021-02-17 22:00:00,13001.0,10778.14525273947,10495.682758842986,10482.389242065281,-282.4625,-13.293516777705198
2021-02-17 23:00:00,12723.0,10819.42021739934,10493.543050651293,10469.281651394112,-325.87717,-24.261399257181086
2021-02-18 00:00:00,12594.0,10847.820942617753,10313.315998770096,10266.45333217866,-534.50494,-46.86266659143676
2021-02-18 01:00:00,12610.0,10839.215170921721,10172.03761965219,10203.166489214236,-667.17755,31.12886956204591
2021-02-18 02:00:00,12812.0,10821.633796561311,10021.218208182405,9996.317341732938,-800.4156,-24.900866449466054
2021-02-18 03:00:00,13201.0,10848.407307351217,9609.08076926528,9628.993745398142,-1239.3265,19.91297613286255
2021-02-18 04:00:00,13914.0,10950.019893495857,10399.823970644295,10403.890574362784,-550.1959,4.066603718489096
2021-02-18 05:00:00,14187.0,11105.944934247836,10922.870486616,10920.990933398225,-183.07445,-1.8795532177746839
2021-02-18 06:00:00,14201.0,11258.215708155065,11158.512888330846,11177.987729674305,-99.70282,19.474841343458777
2021-02-18 07:00:00,14267.0,11352.057463242027,11250.411459518882,11247.051549179452,-101.646,-3.359910339430764
2021-02-18 08:00:00,14160.0,11368.836381938483,11248.902620341803,11247.490529205163,-119.93376,-1.4120911366404036
2021-02-18 09:00:00,14018.0,11328.545344093489,11205.529909828352,11210.39291597864,-123.015434,4.863006150287617
2021-02-18 10:00:00,13771.0,11268.105180140321,11040.693238612,11028.789552280796,-227.41194,-11.90368633120424
2021-02-18 11:00:00,13532.0,11219.165499368046,10814.582155862186,10801.915862803913,-404.58334,-12.666293058272819
2021-02-18 12:00:00,13359.0,11200.988657407195,10707.09598772946,10689.794057949923,-493.89267,-17.301929779537346
2021-02-18 13:00:00,13272.0,11223.317991199589,10597.857664051151,10589.758358729627,-625.4603,-8.09930532152427
2021-02-18 14:00:00,13199.0,11284.871655493076,10743.977002172764,10723.29549927776,-540.89465,-20.68150289500379
2021-02-18 15:00:00,13368.0,11364.383824766383,11002.937840879664,10983.71189280437,-361.44598,-19.225948075295094
2021-02-18 16:00:00,13560.0,11418.049529689444,11213.253341334952,11192.376650028113,-204.79619,-20.876691306838865
2021-02-18 17:00:00,13555.0,11397.801041220617,11561.892487143468,11537.52112487319,164.09145,-24.37136227027825
2021-02-18 18:00:00,13225.0,11284.764795386609,11374.675737464246,11341.795749960453,89.91094,-32.87998750379334
2021-02-18 19:00:00,12764.0,11111.317998782015,10738.674108401156,10708.892427985711,-372.6439,-29.78168041544476
2021-02-18 20:00:00,12782.0,10947.584435345487,10686.090996624784,10659.067670457693,-261.49344,-27.02332616709163
2021-02-18 21:00:00,12522.0,10856.485455067488,10400.565441639754,10367.61383698861,-455.92,-32.95160465114436
2021-02-18 22:00:00,12125.0,10851.099449485842,10264.665977806155,10246.898588400227,-586.4335,-17.767389405927403
2021-02-18 23:00:00,12914.0,10889.993602175899,10339.779368777461,10307.813008887591,-550.21423,-31.966359889869402
2021-02-19 00:00:00,12902.5,10915.597589953033,10639.979853136627,10614.44551439646,-275.61774,-25.534338740166753
2021-02-19 01:00:00,12854.5,10903.688126257055,10478.57524173557,10446.31525588715,-425.11288,-32.25998584842012
2021-02-19 02:00:00,12799.5,10882.20607139025,10249.595902933219,10243.465729426893,-632.61017,-6.130173506326204
2021-02-19 03:00:00,12018.0,10904.391325070197,10120.46078307801,10101.220540388114,-783.93054,-19.240242689895368
2021-02-19 04:00:00,12658.0,11000.63309574016,10382.290200232348,10438.77728497777,-618.3429,56.48708474542137
2021-02-19 05:00:00,12892.0,11150.303911867273,10680.270006837976,10689.493248159184,-470.0339,9.223241321207073
2021-02-19 06:00:00,12915.0,11295.333662782325,10927.598830018653,10917.228095880733,-367.73483,-10.370734137919882
2021-02-19 07:00:00,13036.0,11380.848117027168,11155.010867271309,11150.020827185235,-225.83725,-4.990040086074003
2021-02-19 08:00:00,12984.0,11388.123489169033,11212.601531771572,11211.437342969184,-175.52196,-1.1641888023883258
2021-02-19 09:00:00,12937.0,11337.074349859344,11116.927239873992,11113.887812658628,-220.14711,-3.0394272153645576
2021-02-19 10:00:00,12913.0,11264.55425562783,10887.645167493065,10872.803495489696,-376.9091,-14.841672003369588
2021-02-19 11:00:00,12817.0,11202.15584028599,10764.855272659037,10778.293640894979,-437.30057,13.438368235942704
2021-02-19 12:00:00,12709.0,11169.095671119556,10487.728849830493,10501.773477663157,-681.3668,14.04462783266319
2021-02-19 13:00:00,12659.0,11175.08439415849,10406.222943963177,10369.48835021746,-768.86145,-36.73459374571758
2021-02-19 14:00:00,12603.0,11218.82185011816,10558.232799825191,10528.477292560514,-660.58905,-29.755507264677714
2021-02-19 15:00:00,12827.0,11279.038552463926,10943.977914036192,10967.07519159775,-335.06064,23.097277561559505
2021-02-19 16:00:00,13077.0,11311.941344986872,11124.700942765192,11121.39163854144,-187.2404,-3.3093042237523775
2021-02-19 17:00:00,12998.0,11269.492767335825,11372.882781984263,11390.423268517288,103.390015,17.54048653302502
2021-02-19 18:00:00,12688.0,11132.872463314856,11138.659163086737,11131.524856664531,5.7867,-7.134306422204843
2021-02-19 19:00:00,12222.0,10934.53674500427,10421.794313363645,10404.898131113769,-512.74243,-16.89618224987662
2021-02-19 20:00:00,12207.0,10744.713082978245,10299.573251435277,10274.273334053834,-445.13983,-25.299917381443148
2021-02-19 21:00:00,12009.0,10626.445960901829,10092.306556604954,10107.089925704322,-534.1394,14.783369099369006
2021-02-19 22:00:00,11619.0,10592.951218635946,9762.583115608602,9701.089095759758,-830.3681,-61.494019848844445
2021-02-19 23:00:00,11941.5,10602.946710636152,9830.18859296037,9816.928157719098,-772.7581,-13.260435241272118
2021-02-20 00:00:00,11921.5,10599.029530641812,9994.1934710715,9998.461640003312,-604.83606,4.268168931812269
2021-02-20 01:00:00,11901.0,10557.165079379314,9777.939676547283,9783.86534045833,-779.2254,5.925663911045451
2021-02-20 02:00:00,11898.0,10505.504972996783,9737.58297592647,9789.764857861255,-767.922,52.18188193478444
2021-02-20 03:00:00,11898.0,10497.517316978112,9406.89073006405,9406.5903000355,-1090.6266,-0.3004300285500419
2021-02-20 04:00:00,11311.0,10563.829718757039,9480.814826178914,9470.202678777396,-1083.0149,-10.612147401517348
2021-02-20 05:00:00,11322.0,10684.058097761223,9541.805290144035,9549.856680607474,-1142.2528,8.051390463439697
2021-02-20 06:00:00,11422.0,10800.380065473446,10062.395019086727,10069.308960649463,-737.98505,6.913941562736067
2021-02-20 07:00:00,11705.0,10858.175682945575,10283.102257652607,10287.04808515156,-575.0734,3.9458274989536553
2021-02-20 08:00:00,11882.0,10838.98325361228,10331.551368846654,10333.752194095705,-507.4319,2.200825249050709
2021-02-20 09:00:00,11960.0,10762.98489165152,10261.384519337067,10279.493411213327,-501.60037,18.108891876259037
2021-02-20 10:00:00,11923.0,10667.301982788376,9983.437358764939,9992.143182985428,-683.8646,8.705824220488811
2021-02-20 11:00:00,11920.0,10583.789993749686,9758.619461523123,9756.683858988848,-825.17053,-1.9356025342749628
2021-02-20 12:00:00,11861.0,10531.919731085358,9681.157890265045,9653.35920861548,-850.76184,-27.79868164956523
2021-02-20 13:00:00,11914.0,10521.645027595549,9751.020210701017,9730.48106803438,-770.6248,-20.539142666636806
2021-02-20 14:00:00,12032.0,10551.894943297324,10051.957901060996,10028.011136382604,-499.93704,-23.946764678391446
2021-02-20 15:00:00,12448.0,10601.611555789084,10432.99265930471,10412.705999398635,-168.6189,-20.286659906075062
2021-02-20 16:00:00,12807.0,10627.192759725409,10495.897898885565,10472.124628664886,-131.29486,-23.77327022067977
2021-02-20 17:00:00,12662.0,10580.771269835577,10712.264647521124,10699.40786042081,131.49338,-12.85678710031428
2021-02-20 18:00:00,12195.0,10443.677551866578,10563.683792711305,10545.448058958626,120.00624,-18.235733752678264
2021-02-20 19:00:00,11599.0,10248.499810346551,10018.750359662958,10017.334254265821,-229.74945,-1.4161053971370743
2021-02-20 20:00:00,11685.0,10065.575091927016,10085.840736000502,10083.503023706353,20.265644,-2.3377122941492026
2021-02-20 21:00:00,11466.0,9958.028433252177,9827.079428125224,9848.443073989652,-130.949,21.36364586442816
2021-02-20 22:00:00,10994.0,9939.121024106727,9529.508597348915,9552.603144288454,-409.61243,23.094546939538695
2021-02-20 23:00:00,10628.0,9967.579272836574,9210.926929086574,9171.964287486706,-756.65234,-38.962641599867865
2021-02-21 00:00:00,10404.0,9985.975614842342,8930.71133261578,8916.73543649261,-1055.2643,-13.97589612317
2021-02-21 01:00:00,10289.0,9970.222734656847,8655.36445828966,8656.194630948668,-1314.8583,0.8301726590088813
2021-02-21 02:00:00,10247.0,9948.393473558499,8605.851725511624,8558.428144502319,-1342.5417,-47.42358100930532
2021-02-21 03:00:00,10275.0,9973.848251387364,8639.116928145177,8629.306541475591,-1334.7313,-9.810386669585522
2021-02-21 04:00:00,10435.0,10077.073142127741,8734.521750526179,8744.192893375757,-1342.5514,9.671142849578173
2021-02-21 05:00:00,10390.0,10237.506336419401,8944.183460442839,8975.999394743541,-1293.3229,31.815934300702292
2021-02-21 06:00:00,10536.0,10397.11422293032,9294.466639922508,9310.545926129244,-1102.6476,16.079286206735837
2021-02-21 07:00:00,10797.0,10501.038223173942,9541.397842314567,9580.118903742963,-959.6404,38.72106142839565
2021-02-21 08:00:00,10976.0,10530.556086918736,9754.49743213358,9792.687790574571,-776.05865,38.19035844099284
2021-02-21 09:00:00,11093.0,10505.569790067553,9872.174709501147,9915.857261496445,-633.3951,43.68255199529751
2021-02-21 10:00:00,11086.0,10462.900843661868,9771.23739151343,9785.623977289402,-691.66345,14.386585775972826
2021-02-21 11:00:00,11130.0,10434.085131617494,9632.316454859681,9657.409320825156,-801.7687,25.092865965474363
2021-02-21 12:00:00,11078.0,10438.256118168905,9549.852736821249,9555.156357097998,-888.4034,5.303620276748869
2021-02-21 13:00:00,11163.0,10485.015797196576,9546.59825569267,9560.653142424631,-938.41754,14.054886731960476
2021-02-21 14:00:00,11327.0,10572.929812765195,9809.685794210507,9834.565964065601,-763.244,24.880169855094028
2021-02-21 15:00:00,11707.0,10680.567444660848,10332.429779865926,10329.015686848055,-348.13766,-3.4140930178716458
2021-02-21 16:00:00,12075.0,10763.947415352392,10465.240933418798,10488.469567699558,-298.70648,23.228634280759323
2021-02-21 17:00:00,12059.0,10774.822312972474,10602.246492049622,10581.244656911782,-172.57582,-21.00183513784099
2021-02-21 18:00:00,11823.0,10694.148679035172,10344.665219562516,10284.277422663185,-349.48346,-60.387796899330645
2021-02-21 19:00:00,11383.0,10554.152841538425,9925.202646225925,9910.196134213667,-628.9502,-15.006512012257733
2021-02-21 20:00:00,11588.0,10424.823778976444,9994.016802658085,9969.290596597264,-430.80698,-24.726206060821326
2021-02-21 21:00:00,11525.0,10368.950375767487,9818.039609165924,9813.424303381602,-550.91077,-4.615305784321668
2021-02-21 22:00:00,11157.0,10399.467830830636,9521.373653584542,9496.963706158293,-878.0942,-24.409947426249236
2021-02-21 23:00:00,10883.0,10474.789115437423,9367.787650593673,9403.786751677126,-1107.0015,35.99910108345293
2021-02-22 00:00:00,11647.5,10537.192864441742,9210.319573426117,9202.103575633859,-1326.8733,-8.21599779225818
2021-02-22 01:00:00,11765.0,10562.325723874268,9576.690958249268,9574.481549935614,-985.63477,-2.2094083136551728
2021-02-22 02:00:00,11934.0,10578.026666284282,9676.403375268657,9676.092629735891,-901.6233,-0.3107455327662965
2021-02-22 03:00:00,12052.0,10637.45337736124,9368.422737712803,9330.067692216597,-1269.0306,-38.35504549620654
2021-02-22 04:00:00,12045.0,10770.916597547626,9879.94925135622,9860.567268280727,-890.96735,-19.381983075492794
2021-02-22 05:00:00,12394.0,10957.704811181224,10157.975685204661,10196.815940802979,-799.7291,38.84025559831681
2021-02-22 06:00:00,12525.0,11139.662966267615,10535.34533931449,10558.702699453745,-604.3176,23.357360139253625
2021-02-22 07:00:00,12740.0,11261.844685968515,10522.275472101328,10531.442487958891,-739.5692,9.16701585756272
2021-02-22 08:00:00,12797.0,11305.477734461458,10679.001477137239,10688.853727500811,-626.47626,9.852250363571436
2021-02-22 09:00:00,12813.0,11290.45229463741,10682.063744832723,10682.623760831233,-608.38855,0.5600159985087965
2021-02-22 10:00:00,12796.0,11253.613578625744,10646.670829602306,10617.292979590937,-606.94275,-29.377850011368565
2021-02-22 11:00:00,12734.0,11226.55357770018,10513.728626528306,10491.952761860408,-712.82495,-21.775864667898258
2021-02-22 12:00:00,12651.0,11228.492566850608,10281.510694292014,10262.371298133334,-946.9819,-19.139396158679695
2021-02-22 13:00:00,12607.0,11269.149170311612,10231.526123436612,10188.7518509011,-1037.623,-42.77427253551081
2021-02-22 14:00:00,12548.0,11347.23380535232,10313.121622735132,10283.595376647501,-1034.1122,-29.52624608763184
2021-02-22 15:00:00,12693.0,11441.485868007529,10738.59310677706,10735.460968039679,-702.89276,-3.132138737380102
2021-02-22 16:00:00,13031.0,11508.117209026166,10973.968405315229,10941.50680946768,-534.1488,-32.46159584754743
2021-02-22 17:00:00,13012.0,11499.096354171963,11285.97727458212,11270.707320103362,-213.11908,-15.2699544787582
2021-02-22 18:00:00,12784.0,11395.619903766028,11121.31045552384,11128.883292587472,-274.30945,7.572837063631721
2021-02-22 19:00:00,12328.0,11230.178208889047,10409.985887111703,10397.07845093332,-820.1923,-12.907436178383053
2021-02-22 20:00:00,12461.0,11073.04390260939,10322.160845968765,10338.85323079713,-750.88306,16.692384828366723
2021-02-22 21:00:00,12244.0,10987.301145216186,10194.043637891968,10194.996624491934,-793.2575,0.9529865999656993
2021-02-22 22:00:00,11838.0,10986.18420385887,10119.151366944807,10109.076055650099,-867.03284,-10.075311294708186
2021-02-22 23:00:00,11594.0,11028.40533763276,10068.78064280854,10025.590091335309,-959.6247,-43.190551473231515
2021-02-23 00:00:00,12629.0,11056.543980744103,9964.618077423791,9958.94870718504,-1091.9259,-5.669370238751748
2021-02-23 01:00:00,12650.0,11046.551661966943,10193.90456724038,10182.470579246037,-852.6471,-11.433987994343463
2021-02-23 02:00:00,12638.5,11026.575470410338,9955.471222363463,9995.436120020164,-1071.1042,39.96489765670061
2021-02-23 03:00:00,11851.0,11050.078502195083,9859.774302976333,9818.75857041626,-1190.3042,-41.015732560073715
2021-02-23 04:00:00,12521.0,11147.66596746647,9827.619702818032,9785.538377452978,-1320.0463,-42.081325365053324
2021-02-23 05:00:00,12768.0,11298.904056093235,10265.647098085423,10249.651285792515,-1033.257,-15.995812292906756
2021-02-23 06:00:00,12809.0,11445.897737519543,10527.42593576173,10504.426586205975,-918.4718,-22.999349555756325
2021-02-23 07:00:00,12930.0,11533.945317693355,10654.637883611324,10634.544721628,-879.30743,-20.09316198332202
2021-02-23 08:00:00,12996.0,11544.505600042374,10682.40898139003,10685.040848689896,-862.0966,2.6318672998663715
2021-02-23 09:00:00,13050.0,11497.684645593414,10668.932021081695,10634.281088367441,-828.7526,-34.65093271425445
2021-02-23 10:00:00,12995.0,11430.524381327194,10565.469327616256,10549.409672077563,-865.05505,-16.05965553869202
2021-02-23 11:00:00,12877.0,11374.790560265476,10388.25338985532,10382.034579208048,-986.5372,-6.2188106472711056
2021-02-23 12:00:00,12757.0,11349.852464359785,10195.88737646916,10184.970930765976,-1153.9651,-10.916445703184417
2021-02-23 13:00:00,12584.0,11365.552584718938,10197.78708178925,10173.275471223094,-1167.7655,-24.511610566155934
2021-02-23 14:00:00,12555.0,11420.699471821343,10371.365121235405,10377.994719635377,-1049.3344,6.629598399971053
2021-02-23 15:00:00,12667.0,11494.103769726387,10752.631418652169,10718.388902794144,-741.47235,-34.24251585802433
2021-02-23 16:00:00,12921.0,11542.021548602412,11039.76181349499,11054.262636177704,-502.25974,14.500822682714507
2021-02-23 17:00:00,12921.0,11516.441017012965,11188.699958663356,11172.473865876553,-327.74106,-16.22609278680328
2021-02-23 18:00:00,12628.0,11398.558397474742,11010.58741969154,11009.033181652663,-387.97098,-1.5542380388762234
2021-02-23 19:00:00,12094.0,11220.84703649954,10390.32555212454,10389.002505680652,-830.5215,-1.3230464438880445
2021-02-23 20:00:00,12049.0,11053.545572538267,10259.04062869061,10246.314343790775,-794.50494,-12.726284899836916
2021-02-23 21:00:00,11782.0,10959.68346816174,10090.60143691174,10072.397609925536,-869.08203,-18.20382698620374
2021-02-23 22:00:00,11380.0,10952.416329983947,9892.59711611676,9905.453854226804,-1059.8192,12.856738110044382
2021-02-23 23:00:00,12215.5,10990.35500515308,9595.620752223393,9638.387797411053,-1394.7343,42.76704518766063
2021-02-24 00:00:00,12184.5,11015.960995754376,10241.44775112547,10265.663327412214,-774.51324,24.215576286743765
2021-02-24 01:00:00,12124.0,11005.05898366838,10158.151512965254,10160.1819405258,-846.9075,2.0304275605441333
2021-02-24 02:00:00,12090.0,10985.664513609712,10085.957055113618,10082.477384166259,-899.70746,-3.479670947359438
2021-02-24 03:00:00,11322.0,11011.103538761192,9774.564598331504,9764.831591492635,-1236.539,-9.73300683886959
2021-02-24 04:00:00,11979.0,11111.835244493219,9814.489907579156,9874.255520634235,-1297.3453,59.76561305507908
2021-02-24 05:00:00,12086.0,11267.26989606168,10189.389647038242,10236.939667797706,-1077.8802,47.55002075946269
2021-02-24 06:00:00,12154.0,11419.350322847526,10416.2426568319,10457.780140374745,-1003.10767,41.53748354284495
2021-02-24 07:00:00,12277.0,11513.213171010775,10522.821447377963,10546.734296557534,-990.3917,23.912849179571626
2021-02-24 08:00:00,12315.0,11530.161807643723,10549.72223244841,10582.260104259343,-980.4396,32.53787181093397
2021-02-24 09:00:00,12484.0,11490.155264786443,10530.044852188787,10535.550723089847,-960.1104,5.505870901060061
2021-02-24 10:00:00,12417.0,11430.0961609554,10474.769561834306,10506.386708575734,-955.3266,31.61714674142834
2021-02-24 11:00:00,12215.0,11381.617766878751,10301.346160433439,10297.70560866047,-1080.2716,-3.6405517729699177
2021-02-24 12:00:00,12068.0,11363.964353860374,10087.575193704124,10090.202273246334,-1276.3892,2.6270795422099633
2021-02-24 13:00:00,12007.0,11386.862465261816,10096.678017019629,10110.148414951502,-1290.1844,13.470397931872476
2021-02-24 14:00:00,11868.0,11449.014663276737,10214.1851955033,10192.076203159364,-1234.8295,-22.108992343935014
2021-02-24 15:00:00,11984.0,11529.135405612831,10624.639250827675,10624.514445423523,-904.49615,-0.12480540415104902
2021-02-24 16:00:00,12209.0,11583.394729499785,10793.814773445098,10812.305709587357,-789.57996,18.49093614225898
2021-02-24 17:00:00,12121.0,11563.707455034495,10990.268185014964,10979.802276634338,-573.4393,-10.465908380625033
2021-02-24 18:00:00,11828.0,11451.213049940734,10767.67941956964,10771.35850722211,-683.5336,3.6790876524696516
2021-02-24 19:00:00,11232.0,11278.347216514325,10210.8879879987,10208.267058042466,-1067.4592,-2.6209299562337938
2021-02-24 20:00:00,11188.0,11115.328291361871,10077.029341166559,10091.847791954102,-1038.299,14.818450787542734
2021-02-24 21:00:00,10897.0,11025.177238901599,9779.436394175036,9799.896633165095,-1245.7408,20.460238990058674
2021-02-24 22:00:00,11146.0,11021.047498160715,9770.386975699777,9772.420032957834,-1250.6605,2.0330572580562922
2021-02-24 23:00:00,11112.0,11061.5527268441,9945.738151648788,9963.425961037108,-1115.8146,17.68780938831973
2021-02-25 00:00:00,11105.5,11089.165574334284,10029.669846795221,10037.081300282674,-1059.4957,7.411453487454176
2021-02-25 01:00:00,11067.0,11079.73467605113,9869.548396754255,9886.107803803407,-1210.1863,16.559407049151414
2021-02-25 02:00:00,11020.5,11061.313202617912,9732.297821758537,9719.17119272167,-1329.0154,-13.126629036866941
2021-02-25 03:00:00,11005.5,11087.273989012418,9383.854555418668,9376.587727648957,-1703.4194,-7.266827769709578
2021-02-25 04:00:00,10837.0,11188.125447399518,9612.09578431358,9578.833060694027,-1576.0297,-33.26272361955304
2021-02-25 05:00:00,11002.0,11343.324710659652,9808.715335659652,9812.372610179838,-1534.6094,3.657274520185718
2021-02-25 06:00:00,11032.0,11494.85910947386,10033.354837012923,10046.04281294961,-1461.5043,12.68797593668682
2021-02-25 07:00:00,11115.0,11587.910477337124,10182.165116008999,10203.327795848067,-1405.7454,21.162679839068527
2021-02-25 08:00:00,11109.0,11603.830254273478,10284.93633337504,10315.847343439698,-1318.8939,30.911010064658456
2021-02-25 09:00:00,11177.0,11562.62722114866,10267.808251422097,10288.466991126856,-1294.819,20.65873970475847
2021-02-25 10:00:00,11102.0,11501.251538376062,10068.965649704187,10091.00090827415,-1432.2859,22.035258569964114
2021-02-25 11:00:00,11009.0,11451.377963189261,9882.114413384574,9902.287907784676,-1569.2635,20.17349440010214
2021-02-25 12:00:00,10916.0,11432.284172147154,9696.693473904967,9707.038349606566,-1735.5907,10.344875701600293
2021-02-25 13:00:00,10907.0,11453.721271630346,9578.741413231908,9591.543774633568,-1874.9799,12.802361401660928
2021-02-25 14:00:00,10861.0,11514.406439716431,9693.451239521119,9674.708752492603,-1820.9552,-18.7424870285164
2021-02-25 15:00:00,11010.0,11593.057021399454,10123.963149329142,10158.076788301953,-1469.0939,34.11363897281063
2021-02-25 16:00:00,11318.0,11645.833338476137,10363.914759374575,10409.713724565638,-1281.9186,45.79896519106307
2021-02-25 17:00:00,11372.0,11624.629572308704,10636.631220257923,10672.176371143949,-987.99835,35.54515088602533
2021-02-25 18:00:00,10981.0,11510.557229267319,10489.899697529037,10470.88820699231,-1020.65753,-19.011490536727393
2021-02-25 19:00:00,10512.0,11336.0192425975,9642.801225019375,9632.909743705206,-1693.218,-9.891481314169328
2021-02-25 20:00:00,10614.0,11171.195065740605,9547.649289373418,9573.491129477216,-1623.5458,25.841840103798084
2021-02-25 21:00:00,10375.0,11079.056003904097,9537.29929003691,9562.459295347873,-1541.7567,25.160005310962987
2021-02-25 22:00:00,9941.0,11072.6908645946,9532.778022797725,9589.5986784114,-1539.9128,56.82065561367353
2021-02-25 23:00:00,10822.0,11110.634006001745,9787.249728657995,9861.548915183204,-1323.3843,74.2991865252104
2021-02-26 00:00:00,10743.0,11135.269479172632,9645.610299485132,9693.645779726656,-1489.6592,48.03548024152361
2021-02-26 01:00:00,10666.0,11122.354825379058,9539.699429871245,9535.242805094967,-1582.6554,-4.456624776276937
2021-02-26 02:00:00,10632.5,11099.853112274135,9371.115197235073,9381.743571311412,-1728.7379,10.628374076338922
2021-02-26 03:00:00,9854.0,11121.046514967496,9137.787481764371,9145.211088399043,-1983.259,7.423606634670865
2021-02-26 04:00:00,10540.0,11216.34839060218,8984.286134742804,9043.006631990893,-2232.0623,58.72049724808885
2021-02-26 05:00:00,10681.0,11365.114947891168,9675.202594375543,9699.314872748319,-1689.9124,24.11227837277574
2021-02-26 06:00:00,10805.0,11509.230056217672,9760.813918522359,9739.880269960922,-1748.4161,-20.93364856143655
2021-02-26 07:00:00,10918.0,11593.776000279076,9837.710936802514,9852.818904319272,-1756.0651,15.107967516757977
2021-02-26 08:00:00,10920.0,11600.01418716293,9973.602810209804,9969.21095989195,-1626.4114,-4.39185031785292
2021-02-26 09:00:00,10863.0,11547.87502919576,9925.812651266073,9901.261237734943,-1622.0624,-24.551413531130304
2021-02-26 10:00:00,10839.0,11474.241360715672,9813.115140012547,9830.867375426971,-1661.1262,17.75223541442467
2021-02-26 11:00:00,10651.0,11410.73091990627,9605.98629100002,9591.197094649018,-1804.7446,-14.789196351001646
2021-02-26 12:00:00,10584.0,11376.575561337218,9466.706664852843,9445.030797046304,-1909.8689,-21.675867806540566
2021-02-26 13:00:00,10543.0,11381.49367802998,9521.79690068623,9553.285598735776,-1859.6968,31.48869804954709
2021-02-26 14:00:00,10557.0,11424.184123923142,9663.251628805954,9681.732574826507,-1760.9325,18.480946020552523
2021-02-26 15:00:00,10692.0,11483.360586257057,9953.435293288307,9964.972903842321,-1529.9253,11.537610554013819
2021-02-26 16:00:00,11171.0,11515.19521745725,10207.340481129126,10256.249764731227,-1307.8547,48.909283602101816
2021-02-26 17:00:00,11212.0,11471.612500044712,10365.304882857212,10361.134767570507,-1106.3076,-4.17011528670363
2021-02-26 18:00:00,10912.0,11333.777196172816,10162.399754766566,10177.548807032405,-1171.3774,15.149052265838284
2021-02-26 19:00:00,10491.0,11134.171408429602,9730.333761945227,9734.134261283942,-1403.8376,3.8004993387151798
2021-02-26 20:00:00,10569.0,10943.078356817688,9424.835925177063,9436.497078508515,-1518.2424,11.661153331451324
2021-02-26 21:00:00,10327.0,10823.592576152636,9168.841843730761,9220.998688492618,-1654.7507,52.156844761858146
2021-02-26 22:00:00,9855.0,10788.940433997066,8903.233891028316,8893.692012433654,-1885.7065,-9.541878594662723
2021-02-26 23:00:00,10158.0,10797.807086452249,8946.921222194436,8986.156695618214,-1850.8859,39.2354734237772
2021-02-27 00:00:00,10126.0,10792.744143219697,9248.371462555635,9245.72839562281,-1544.3727,-2.6430669328257976
2021-02-27 01:00:00,10076.5,10749.697988396014,9160.425039177264,9115.555127642348,-1589.273,-44.86991153491597
2021-02-27 02:00:00,10016.5,10696.842613792815,8805.605187035002,8787.166378983,-1891.2374,-18.438808052002145
2021-02-27 03:00:00,10016.5,10687.68858007574,8366.30430273199,8361.434568215609,-2321.3843,-4.86973451638261
2021-02-27 04:00:00,9724.0,10752.88783327787,8370.92689577787,8258.62654958045,-2381.961,-112.30034619742003
2021-02-27 05:00:00,9641.0,10872.040171441706,8550.923960504206,8481.506599455988,-2321.1162,-69.41736104821744
2021-02-27 06:00:00,9874.0,10987.27739123402,8671.330858030895,8673.923972195216,-2315.9465,2.5931141643206885
2021-02-27 07:00:00,10124.0,11043.93627984798,9081.387329652667,9092.28688627675,-1962.549,10.899556624083111
2021-02-27 08:00:00,10188.0,11023.5405460895,9330.201434761375,9336.746583981421,-1693.3391,6.545149220046021
2021-02-27 09:00:00,10128.0,10946.288359467886,9242.666777436636,9263.286316534983,-1703.6216,20.61953909834649
2021-02-27 10:00:00,10029.0,10849.330595822612,9163.057768674174,9186.177306802596,-1686.2728,23.119538128421247
2021-02-27 11:00:00,10004.0,10764.548035000851,8882.072815274289,8873.951302410049,-1882.4752,-8.121512864239397
2021-02-27 12:00:00,9914.0,10711.426973832311,8745.098238480748,8709.663750111706,-1966.3287,-35.43448836904302
2021-02-27 13:00:00,9906.0,10699.929187126345,8705.556140251345,8684.672320508065,-1994.373,-20.883819743279734
2021-02-27 14:00:00,10115.0,10728.982933002713,8964.40517421365,8945.83952936341,-1764.5778,-18.565644850242073
2021-02-27 15:00:00,10458.0,10777.51363544154,9601.019861027478,9597.881303669497,-1176.4938,-3.1385573579810555
2021-02-27 16:00:00,10016.5,10801.884656026712,9941.459912374368,9927.131004356519,-860.42474,-14.32890801784988
2021-02-27 17:00:00,10016.5,10754.190794447577,9700.425169447577,9682.102554010009,-1053.7656,-18.322615437567272
2021-02-27 18:00:00,10657.0,10615.747758828067,9687.996232949161,9737.91818327989,-927.7515,49.92195033072947
2021-02-27 19:00:00,10215.0,10419.16964858091,9459.604096823097,9448.554348201795,-959.56555,-11.049748621301951
2021-02-27 20:00:00,10356.0,10234.849342981805,9217.619301477898,9195.741824017496,-1017.23004,-21.877477460402545
2021-02-27 21:00:00,10212.0,10125.961990621076,9096.092849996076,9096.29331862502,-1029.8691,0.2004686289429939
2021-02-27 22:00:00,9802.0,10105.779346273988,8464.218066977113,8526.619353705619,-1641.5613,62.40128672850526
2021-02-27 23:00:00,9424.0,10132.995132861499,8301.746231494311,8337.32704888878,-1831.2489,35.58081739446861
2021-02-28 00:00:00,9269.0,10150.136289763484,8192.149473357234,8173.541949519986,-1957.9868,-18.607523837249026
2021-02-28 01:00:00,9157.0,10133.096447572,8109.155529603249,8117.924803864432,-2023.9409,8.76927426118268
2021-02-28 02:00:00,9151.0,10109.970760509732,7768.694637462857,7787.335234744123,-2341.2761,18.64059728126631
2021-02-28 03:00:00,9201.0,10134.16201563379,7635.964994149415,7650.944807010559,-2498.197,14.979812861143323
2021-02-28 04:00:00,9388.0,10236.180512715911,7610.935883809661,7579.476565108293,-2625.2446,-31.459318701368872
2021-02-28 05:00:00,9233.0,10395.448184013901,7952.1798734670265,7908.291443629545,-2443.2683,-43.88842983748175
2021-02-28 06:00:00,9414.0,10553.885443143568,8209.951116971693,8178.800845812107,-2343.9343,-31.150271159586595
2021-02-28 07:00:00,9619.0,10656.590255418881,8412.859542528256,8386.439368834037,-2243.7307,-26.42017369421988
2021-02-28 08:00:00,9611.0,10684.825573007136,8608.086315194636,8566.379301498277,-2076.7393,-41.707013696359425
2021-02-28 09:00:00,9637.0,10658.509205066823,8633.57158299651,8626.026471486955,-2024.9376,-7.545111509555365
2021-02-28 10:00:00,9565.0,10614.491913470692,8507.160126361317,8492.17254548982,-2107.3318,-14.987580871496824
2021-02-28 11:00:00,9428.0,10584.334640784817,8205.053879066067,8175.486998410222,-2379.2808,-29.566880655844045
2021-02-28 12:00:00,9333.0,10587.18607399894,8135.709023217691,8129.846369843831,-2451.477,-5.862653373859447
2021-02-28 13:00:00,9319.0,10632.655870811248,8261.950792686248,8234.969302254336,-2370.705,-26.98149043191257
2021-02-28 14:00:00,9398.0,10719.308586946023,8358.341545930398,8310.621499621748,-2360.967,-47.72004630864999
2021-02-28 15:00:00,9648.0,10825.696556441266,8934.066063277203,8931.159950411788,-1891.6305,-2.906112865414986
2021-02-28 16:00:00,9556.5,10907.80367348405,9052.858605124675,9057.735516538285,-1854.9451,4.876911413609654
2021-02-28 17:00:00,9565.0,10917.344315534243,9003.824051862368,9020.876351891371,-1913.5203,17.0523000290028
2021-02-28 18:00:00,9588.0,10835.259973095648,9314.756310986273,9274.527012217399,-1520.5037,-40.22929876887424
2021-02-28 19:00:00,9739.0,10693.802580555497,8917.77682371956,8985.865241609916,-1776.0258,68.08841789035546
2021-02-28 20:00:00,9957.0,10563.016668062555,8980.22003720318,9007.658577168244,-1582.7966,27.438539965063438
2021-02-28 21:00:00,9845.0,10505.740961046611,8726.697259874736,8767.116352093552,-1779.0437,40.41909221881598
2021-02-28 22:00:00,9565.0,10534.920964969748,8392.637761844748,8411.252064568474,-2142.2832,18.614302723726734
2021-02-28 23:00:00,9269.0,10608.936722057728,8163.471145885853,8170.960970311947,-2445.4656,7.489824426093541
2021-03-01 00:00:00,9117.0,10670.021144465729,8175.190822200104,8136.966104936244,-2494.8303,-38.224717263860036
2021-03-01 01:00:00,9037.0,10693.80161659508,8365.561626360704,8341.747026673722,-2328.24,-23.81459968698233
2021-03-01 02:00:00,9137.0,10708.139237018653,8182.819656940528,8231.676332217137,-2525.3196,48.85667527660985
2021-03-01 03:00:00,9548.0,10766.233894083574,8107.749030802324,8105.179357965523,-2658.4849,-2.5696728368007973
2021-03-01 04:00:00,10305.0,10898.420413200052,8270.925051871927,8307.773832276795,-2627.4954,36.848780404867966
2021-03-01 05:00:00,10563.0,11083.970904356833,8932.440142638083,8917.521198983772,-2151.5308,-14.91894365431167
2021-03-01 06:00:00,10795.0,11264.684250269695,9208.97990456657,9210.73162504415,-2055.7043,1.75172047758105
2021-03-01 07:00:00,10915.0,11385.570554001977,9418.467282517602,9418.338825835453,-1967.1033,-0.1284566821479566
2021-03-01 08:00:00,10849.0,11427.842744914848,9393.074922649223,9425.758388119015,-2034.7678,32.68346546979296
2021-03-01 09:00:00,10755.0,11411.40682870378,9340.75106698503,9361.240221622475,-2070.6558,20.48915463744327
2021-03-01 10:00:00,10762.0,11373.13728444831,9201.820634057685,9225.230962496307,-2171.3167,23.410328438622045
2021-03-01 11:00:00,10629.0,11344.65120431067,8994.489339076295,8985.270418594051,-2350.1619,-9.218920482244737
2021-03-01 12:00:00,10518.0,11345.184153676419,8768.529124379544,8795.972357891236,-2576.655,27.443233511692412
2021-03-01 13:00:00,10408.0,11384.462512685637,8774.693469716887,8792.863469010987,-2609.769,18.16999929410024
2021-03-01 14:00:00,10299.0,11461.19572560841,8832.25529592091,8843.740848282585,-2628.9404,11.485552361676065
2021-03-01 15:00:00,10366.0,11554.106379911489,8936.251887723989,8947.828907253192,-2617.8545,11.577019529202781
2021-03-01 16:00:00,10819.0,11619.371655453118,9405.202221859368,9423.783091315048,-2214.1694,18.58086945567981
2021-03-01 17:00:00,10907.0,11608.922043132206,9806.044357585331,9814.612084040527,-1802.8777,8.56772645519516
2021-03-01 18:00:00,10696.0,11503.939284507667,9582.301467124855,9588.490300437394,-1921.6378,6.1888333125398205
2021-03-01 19:00:00,10239.0,11336.939543651872,9293.240935253434,9293.238578361403,-2043.6986,-0.0023568920322648568
2021-03-01 20:00:00,10263.0,11178.251223987481,9043.435061878106,9055.253983075334,-2134.8162,11.818921197226809
2021-03-01 21:00:00,10105.0,11091.008555336635,8601.165781899135,8589.946945765727,-2489.8428,-11.21883613340789
2021-03-01 22:00:00,9687.0,11088.456347339024,8771.0762203859,8746.21021852964,-2317.3801,-24.866001856257927
2021-03-01 23:00:00,10387.0,11129.274170983204,8901.35791121758,8932.880831379754,-2227.9163,31.522920162174618
2021-03-02 00:00:00,10377.0,11155.995981348553,9103.219614161053,9129.178307233524,-2052.7764,25.95869307247062
2021-03-02 01:00:00,10339.0,11144.55428929552,9045.368986561145,9069.820641334252,-2099.1853,24.451654773107986
2021-03-02 02:00:00,10305.5,11123.118551517413,8934.506490970538,8933.526235306623,-2188.612,-0.980255663915467
2021-03-02 03:00:00,9524.0,11145.194303853094,8467.284880024969,8442.601152273655,-2677.9094,-24.683727751313842
2021-03-02 04:00:00,10312.0,11241.41107183349,8422.475280817865,8437.080928694453,-2818.9358,14.605647876588245
2021-03-02 05:00:00,10536.0,11391.31889260135,9043.49369728885,9039.228286481663,-2347.8252,-4.265410807187782
2021-03-02 06:00:00,10707.0,11536.976881218046,9270.000074577421,9248.734742005856,-2266.9768,-21.265332571565345
2021-03-02 07:00:00,10646.0,11623.640021957917,9352.386848129792,9341.128839888412,-2271.2532,-11.25800824138125
2021-03-02 08:00:00,10605.0,11632.752467717226,9257.873561467226,9260.06773491526,-2374.879,2.194173448033689
2021-03-02 09:00:00,10626.0,11584.436271075108,9107.806632403233,9094.213005767528,-2476.6296,-13.593626635705707
2021-03-02 10:00:00,10504.0,11515.762777922462,8926.804525969337,8923.887713915059,-2588.9583,-2.9168120542781297
2021-03-02 11:00:00,10388.0,11458.522976372291,8755.867214653541,8761.282692419874,-2702.6558,5.415477766332655
2021-03-02 12:00:00,10266.0,11432.101554390436,8725.753165718561,8762.306761352509,-2706.3484,36.5535956339483
2021-03-02 13:00:00,10203.0,11446.348855483613,8540.757302749238,8566.733827523334,-2905.5916,25.976524774096376
2021-03-02 14:00:00,10190.0,11500.072534148303,8564.972680632678,8566.84137965657,-2935.0999,1.8686990238912122
2021-03-02 15:00:00,10250.0,11572.06648334455,8951.562332953925,8976.797371807483,-2620.5042,25.235038853557715
2021-03-02 16:00:00,10769.0,11618.552140325537,9417.258927434912,9447.992127648133,-2201.2932,30.73320021322065
2021-03-02 17:00:00,10944.0,11591.479697663473,9719.842490632223,9703.896740359876,-1871.6372,-15.945750272346368
2021-03-02 18:00:00,10772.0,11472.030519413856,9853.219850468544,9862.786508534437,-1618.8107,9.566658065893401
2021-03-02 19:00:00,10276.0,11292.703747516432,9142.499401813307,9144.557643310338,-2150.2043,2.0582414970299947
2021-03-02 20:00:00,10354.0,11123.793756334286,8931.36284813116,8953.882648588498,-2192.431,22.51980045733785
2021-03-02 21:00:00,10130.0,11028.380027674551,8568.313377283926,8553.07309840456,-2460.0667,-15.240278879366853
2021-03-02 22:00:00,10315.0,11019.628645813647,8319.617415344897,8306.49710757027,-2700.0112,-13.120307774626873
2021-03-02 23:00:00,10315.0,11056.117691746902,8732.155289403152,8777.407732520285,-2323.9624,45.252443117132714
2021-03-03 00:00:00,10315.0,11080.263098695985,8704.15543268036,8748.46563413637,-2376.1077,44.31020145601083
2021-03-03 01:00:00,10408.0,11067.870430795278,8758.125557748403,8807.697496392879,-2309.7449,49.571938644475836
2021-03-03 02:00:00,10501.5,11046.977492036674,8587.3214861773,8637.510718406742,-2459.656,50.18923222944178
2021-03-03 03:00:00,10546.0,11070.952560267193,8234.775558314068,8257.681966508797,-2836.177,22.906408194728538
2021-03-03 04:00:00,10462.0,11170.27901613818,8224.180627466305,8228.08722394401,-2946.0984,3.9065964777056936
2021-03-03 05:00:00,10661.0,11324.35084878316,8697.93825112691,8709.270448317153,-2626.4126,11.33219719024306
2021-03-03 06:00:00,10763.0,11475.064908181163,8904.587613259288,8923.147114320675,-2570.4773,18.559501061387852
2021-03-03 07:00:00,10758.0,11567.514393856853,9041.568593075603,9009.358260853904,-2525.9458,-32.210332221698955
2021-03-03 08:00:00,10752.0,11582.987899037182,9097.025252552807,9089.346128010178,-2485.9626,-7.679124542627747
2021-03-03 09:00:00,10765.0,11541.460327145238,9043.299926754613,9033.12503921428,-2498.1604,-10.174887540334257
2021-03-03 10:00:00,10679.0,11479.863599990258,8927.694166396508,8894.715183100583,-2552.1694,-32.978983295925694
2021-03-03 11:00:00,10631.0,11429.85611360958,8698.05972689083,8720.184741386633,-2731.7964,22.125014495802272
2021-03-03 12:00:00,10568.0,11410.697442533467,8578.885186674092,8583.025380069137,-2831.8123,4.140193395045219
2021-03-03 13:00:00,10541.0,11432.121887729076,8632.341126010326,8622.949233280642,-2799.7808,-9.391892729683427
2021-03-03 14:00:00,10551.0,11492.83102945747,8772.553441566844,8775.955276472774,-2720.2776,3.4018349059296886
2021-03-03 15:00:00,10683.0,11571.522497897598,8942.043005710098,8933.580343632542,-2629.4795,-8.462662077556606
2021-03-03 16:00:00,11098.0,11624.331630964462,9572.632168073837,9559.5730506194,-2051.6995,-13.05911745443657
2021-03-03 17:00:00,10599.5,11603.1351767245,9995.557784146375,9969.915658531998,-1607.5774,-25.642125614376116
2021-03-03 18:00:00,11014.0,11489.057698924129,9613.603353221004,9638.132729728139,-1875.4543,24.529376507134607
2021-03-03 19:00:00,10506.0,11314.560660279833,9217.038443482958,9194.807511584273,-2097.5222,-22.23093189868538
2021-03-03 20:00:00,10524.0,11149.91810857229,9067.98597966604,9045.11194244279,-2081.9321,-22.874037223249328
2021-03-03 21:00:00,10371.0,11058.201012744887,8696.313317432387,8697.502472882858,-2361.8877,1.1891554504702284
2021-03-03 22:00:00,10002.0,11052.57328418118,8660.70658496243,8689.766944454814,-2391.8667,29.060359492382382
2021-03-03 23:00:00,10599.5,11091.615817940497,8822.779148018622,8849.998470226565,-2268.8367,27.21932220794288
2021-03-04 00:00:00,10625.5,11117.755706061895,9256.132659186895,9313.198279806682,-1861.623,57.065620619786934
2021-03-04 01:00:00,10756.0,11106.822484850372,9131.925268053497,9156.006085873587,-1974.8972,24.08081782009023
2021-03-04 02:00:00,10833.5,11086.891608947537,8934.880134338162,8921.81927664834,-2152.0115,-13.060857689821034
2021-03-04 03:00:00,10223.0,11111.378267752356,8621.750338064856,8568.347263101146,-2489.628,-53.40307496370927
2021-03-04 04:00:00,10829.0,11210.815102343133,8310.394203905633,8271.156183472347,-2900.421,-39.23802043328589
2021-03-04 05:00:00,10979.0,11364.643005771079,9137.068054599204,9118.657280872481,-2227.575,-18.41077372672214
2021-03-04 06:00:00,11123.0,11514.803367060895,9434.464988154645,9452.629496856294,-2080.3384,18.164508701649968
2021-03-04 07:00:00,11244.0,11606.43461102544,9667.525187197314,9699.42791735256,-1938.9094,31.90273015524549
2021-03-04 08:00:00,11185.0,11620.87344077461,9795.122220071486,9837.883041049838,-1825.7512,42.760820978351504
2021-03-04 09:00:00,11166.0,11578.144543328617,9775.371960320805,9799.095563465575,-1802.7726,23.7236031447707
2021-03-04 10:00:00,11030.0,11515.22741384095,9698.859127708138,9732.881095044795,-1816.3683,34.02196733665649
2021-03-04 11:00:00,10937.0,11463.821961943015,9398.293153349265,9415.068069484692,-2065.5288,16.774916135428455
2021-03-04 12:00:00,10875.0,11443.221189167916,9135.169675496041,9102.098847862691,-2308.0515,-33.070827633350234
2021-03-04 13:00:00,10838.0,11463.183975054426,9048.89808638255,9061.316344823073,-2414.286,12.418258440521699
2021-03-04 14:00:00,10866.0,11522.42652436311,9169.241221628736,9141.309990576168,-2353.1853,-27.931231052568073
2021-03-04 15:00:00,11107.0,11599.64935563186,9471.629091959985,9488.294503003168,-2128.0203,16.665411043182093
2021-03-04 16:00:00,11518.0,11650.978084408584,10009.873348080459,10053.096170187673,-1641.1047,43.222822107214604
2021-03-04 17:00:00,11718.0,11628.268804773785,10415.373663172222,10402.465913004999,-1212.8951,-12.907750167224197
2021-03-04 18:00:00,11527.0,11512.618095400405,10468.14617157228,10455.857657601686,-1044.4719,-12.288513970593536
2021-03-04 19:00:00,11062.0,11336.454617769763,9919.651028902575,9906.189590976592,-1416.8036,-13.461437925983981
2021-03-04 20:00:00,11228.0,11170.013496080026,9657.339423814401,9672.508308924938,-1512.6741,15.168885110537149
2021-03-04 21:00:00,11098.0,11076.315991645515,9237.855542426765,9253.953417140377,-1838.4604,16.097874713612434
2021-03-04 22:00:00,10688.0,11068.461328526446,9178.627710362383,9194.580368229048,-1889.8336,15.952657866664591
2021-03-04 23:00:00,10507.0,11104.951039678857,9219.391957647607,9240.848757843618,-1885.5591,21.456800196010313
2021-03-05 00:00:00,10383.0,11128.12355027654,9037.224380354664,9041.5971319791,-2090.8992,4.372751624437064
2021-03-05 01:00:00,10348.0,11113.717228910158,8930.293400785158,8891.363747315412,-2183.4238,-38.929653469745745
2021-03-05 02:00:00,10498.0,11089.71734975888,8929.89459585263,8915.536027293952,-2159.8228,-14.35856855867588
2021-03-05 03:00:00,10844.0,11109.448362128884,8664.758909003884,8694.367187593394,-2444.6895,29.60827858951107
2021-03-05 04:00:00,11432.0,11203.34777034176,9094.241569169884,9084.67709141048,-2109.1062,-9.564477759404818
2021-03-05 05:00:00,11632.0,11350.75546149697,9739.36971930947,9686.159412471767,-1611.3857,-53.21030683770278
2021-03-05 06:00:00,11810.0,11493.509282793084,10094.471196855584,10060.911313878172,-1399.0381,-33.5598829774112
2021-03-05 07:00:00,11789.0,11576.648032552032,10127.134116536407,10113.329577536662,-1449.5139,-13.804538999743999
2021-03-05 08:00:00,11641.0,11581.418307469268,10071.101657078643,10055.796393614086,-1510.3167,-15.305263464556871
2021-03-05 09:00:00,11586.0,11527.766358310542,10097.142334873042,10076.426969034725,-1430.624,-20.715365838316842
2021-03-05 10:00:00,11433.0,11452.604293643868,10010.509445011056,10003.958370229531,-1442.0948,-6.551074781524456
2021-03-05 11:00:00,11224.0,11387.574952127308,9690.020630838246,9694.890489948937,-1697.5543,4.869859110691755
2021-03-05 12:00:00,11081.0,11351.925471338396,9446.871516260271,9434.305053047074,-1905.054,-12.566463213197741
2021-03-05 13:00:00,10953.0,11355.381986709875,9312.018339248938,9289.667879504412,-2043.3636,-22.350459744525722
2021-03-05 14:00:00,11036.0,11396.642360489073,9387.751247207823,9368.440119966352,-2008.8911,-19.31112724147253
2021-03-05 15:00:00,11219.0,11454.403448422327,9679.254766781702,9679.347216015733,-1775.1487,0.09244923403015098
2021-03-05 16:00:00,11696.0,11484.802705967013,10099.156343662326,10112.185688311163,-1385.6464,13.02934464883775
2021-03-05 17:00:00,11902.0,11439.726552602784,10402.557851430909,10347.782679649634,-1037.1687,-54.775171781274636
2021-03-05 18:00:00,11707.0,11300.324862574016,10376.608309839641,10365.14647155484,-923.71655,-11.461838284800086
2021-03-05 19:00:00,11289.0,11099.105522371456,9847.996147371456,9861.31826962038,-1251.1094,13.322122248924577
2021-03-05 20:00:00,11364.0,10906.407494522904,9693.178734757279,9723.098528403243,-1213.2288,29.91979364596483
2021-03-05 21:00:00,11175.0,10785.375357739209,9454.243643872021,9442.812070213016,-1331.1317,-11.431573659004563
2021-03-05 22:00:00,10816.0,10749.245999714978,9058.69827022279,9034.846246371035,-1690.5477,-23.85202385175534
2021-03-05 23:00:00,10562.0,10756.671870275819,9025.864253088319,9018.298369180791,-1730.8076,-7.565883907527181
2021-03-06 00:00:00,10414.0,10750.159086880021,8925.155302700334,8939.226081641867,-1825.0038,14.070778941534618
2021-03-06 01:00:00,10369.0,10705.635008429867,8920.233152961117,8944.656424558872,-1785.4019,24.42327159775615
2021-03-06 02:00:00,10378.0,10651.295993508109,8910.782809914359,8916.005030572065,-1740.5132,5.222220657707009
2021-03-06 03:00:00,10480.0,10640.695048787644,8694.965556600144,8716.14331845937,-1945.7295,21.1777618592255
2021-03-06 04:00:00,10726.0,10704.508449376945,8727.169582189445,8730.859377898312,-1977.3389,3.689795708867436
2021-03-06 05:00:00,10581.0,10822.319862085802,9028.714027124865,9032.470273187275,-1793.6058,3.756246062409655
2021-03-06 06:00:00,10816.0,10936.215258601489,9307.152514460864,9318.508729672954,-1629.0627,11.356215212089767
2021-03-06 07:00:00,10979.0,10991.488141785203,9569.153791199265,9578.57314201673,-1422.3344,9.419350817464908
2021-03-06 08:00:00,11116.0,10969.647615019545,9728.05215603517,9738.719529797858,-1241.5955,10.66737376268757
2021-03-06 09:00:00,11154.0,10890.907892042285,9694.661187940723,9705.319104860808,-1196.2467,10.657916920085256
2021-03-06 10:00:00,11068.0,10792.449327354456,9435.864366416956,9431.939205161598,-1356.585,-3.9251612553574415
2021-03-06 11:00:00,10987.0,10706.178002234903,9254.10219657084,9282.83155275052,-1452.0758,28.729356179678977
2021-03-06 12:00:00,10868.0,10651.595691699406,9182.354602832218,9205.840324239345,-1469.2411,23.485721407127723
2021-03-06 13:00:00,10865.0,10638.672100225349,9175.490581670661,9198.353783278384,-1463.1815,22.86320160772217
2021-03-06 14:00:00,10953.0,10666.33467137109,9427.447342269528,9447.350866313112,-1238.8873,19.90352404358331
2021-03-06 15:00:00,11224.0,10713.49216251577,9664.97604923452,9693.003170316382,-1048.5161,28.027121081862536
2021-03-06 16:00:00,10866.5,10736.473388889477,10006.110779026196,10059.747290248755,-730.3626,53.63651122256009
2021-03-06 17:00:00,11654.0,10687.33522155121,9987.530961297303,9998.39971224224,-699.80426,10.868750944937776
2021-03-06 18:00:00,11209.0,10547.37859712147,10094.782039504282,10095.076863048816,-452.59656,0.2948235445342139
2021-03-06 19:00:00,10735.0,10349.243495669929,9395.283900943366,9417.404998303356,-953.9596,22.12109735999074
2021-03-06 20:00:00,10873.0,10163.378614633497,9502.988050668653,9506.14206570337,-660.39056,3.154015034716463
2021-03-06 21:00:00,10766.0,10053.00919973254,9237.602400416134,9246.105378161305,-815.4068,8.502977745171545
2021-03-06 22:00:00,10497.0,10031.41755564048,8693.863966773293,8700.786997153133,-1337.5536,6.92303037983954
2021-03-06 23:00:00,10277.0,10057.264704455612,8651.9569651978,8643.895849567918,-1405.3077,-8.061115629882648
2021-03-07 00:00:00,10092.0,10073.032073858398,8498.756072881835,8494.605596487057,-1574.276,-4.150476394777646
2021-03-07 01:00:00,10006.0,10054.594224509226,8239.500352438914,8207.352207046792,-1815.0939,-32.14814539212208
2021-03-07 02:00:00,10046.0,10030.06860728777,8103.928470569021,8086.137977790816,-1926.1401,-17.790492778204264
2021-03-07 03:00:00,10161.0,10052.900359911544,7984.138885302169,8035.882297700457,-2068.7615,51.74341239828777
2021-03-07 04:00:00,10321.0,10153.623991075547,7995.682828966172,8005.512412490701,-2157.9412,9.829583524529246
2021-03-07 05:00:00,10173.0,10311.645157510357,8417.575089150982,8428.686743132856,-1894.0701,11.111653981874058
2021-03-07 06:00:00,10382.0,10468.838280325668,8537.081322317856,8567.189467935272,-1931.757,30.108145617416984
2021-03-07 07:00:00,10609.0,10570.257850947393,8944.777138056768,8970.0897209417,-1625.4807,25.312582884930993
2021-03-07 08:00:00,10837.0,10597.15200589855,9300.246854531362,9296.077295953351,-1296.9052,-4.1695585780099185
2021-03-07 09:00:00,10962.0,10569.454369324763,9200.2496574107,9213.322281928335,-1369.2047,13.072624517633269
2021-03-07 10:00:00,10882.0,10524.044935353197,8985.205579884447,8991.853769314648,-1538.8394,6.6481894302006275
2021-03-07 11:00:00,10831.0,10492.509686355306,8791.712689284994,8802.145763090333,-1700.797,10.433073805339834
2021-03-07 12:00:00,10718.0,10494.012512929006,8637.615174061819,8659.504631581933,-1856.3973,21.889457520113417
2021-03-07 13:00:00,10674.0,10538.170717191433,8598.353822660183,8595.1016257163,-1939.8169,-3.2521969438842797
2021-03-07 14:00:00,10754.0,10623.547746844193,8754.736711687943,8745.213368162094,-1868.811,-9.523343525848988
2021-03-07 15:00:00,10934.0,10728.67897023615,9112.167007345524,9108.41984449777,-1616.512,-3.7471628477540557
2021-03-07 16:00:00,11473.0,10809.513433020207,9571.543584387395,9581.520884807576,-1237.9698,9.977300420182193
2021-03-07 17:00:00,10834.0,10817.727281489448,10175.112047114448,10146.93291785747,-642.61523,-28.179129256977813
2021-03-07 18:00:00,11369.0,10734.246934381295,9730.836656060983,9750.329365476107,-1003.4103,19.49270941512381
2021-03-07 19:00:00,11003.0,10591.349911413152,9301.016049108464,9323.716066030804,-1290.3339,22.700016922339508
2021-03-07 20:00:00,11154.0,10459.136273105525,9355.7522399024,9362.73967504477,-1103.384,6.987435142369639
2021-03-07 21:00:00,11072.0,10400.494564325954,9098.746883661892,9120.63385194166,-1301.7477,21.886968279768343
2021-03-07 22:00:00,10731.0,10428.38057525867,8788.263631899295,8803.185966156429,-1640.117,14.92233425713331
2021-03-07 23:00:00,10550.0,10501.141396970825,8841.446084470825,8873.504831138667,-1659.6953,32.05874666784176
2021-03-08 00:00:00,10536.0,10560.964196586498,8649.65572490681,8658.989852008881,-1911.3085,9.334127102070868
2021-03-08 01:00:00,10544.0,10583.45707426562,8631.094891648432,8638.611124064324,-1952.3622,7.516232415891842
2021-03-08 02:00:00,10668.0,10596.503231733164,8543.504208295664,8568.440267560385,-2052.999,24.936059264720416
2021-03-08 03:00:00,11025.0,10653.344736890207,8293.701182202707,8321.73225519024,-2359.6436,28.031072987532827
2021-03-08 04:00:00,11712.0,10784.34047672647,8858.279197429594,8929.86107927915,-1926.0613,71.58188184955597
2021-03-08 05:00:00,11924.0,10968.746163274793,9720.53217401698,9725.398477542905,-1248.214,4.86630352592529
2021-03-08 06:00:00,12186.0,11148.314590072368,9942.453872298931,9931.440637536874,-1205.8607,-11.01323476205571
2021-03-08 07:00:00,12188.0,11268.012315980659,9848.406725160346,9869.58883959299,-1419.6056,21.182114432644525
2021-03-08 08:00:00,11932.0,11309.037411162086,10103.873714873023,10112.678133774201,-1205.1637,8.80441890117872
2021-03-08 09:00:00,11836.0,11291.311679519024,10058.668613112774,10097.689076859733,-1232.6431,39.02046374695886
2021-03-08 10:00:00,11667.0,11251.738842229865,9861.766063909552,9897.315018038027,-1389.9728,35.548954128475486
2021-03-08 11:00:00,11441.0,11221.961067234777,9653.87476352384,9654.195286186046,-1568.0863,0.32052266220670933
2021-03-08 12:00:00,11283.0,11221.229184998569,9406.118223084506,9419.740482078418,-1815.111,13.622258993911602
2021-03-08 13:00:00,11224.0,11259.277305993086,9282.843712243086,9272.841483852968,-1976.4336,-10.002228390117269
2021-03-08 14:00:00,11226.0,11334.81387568264,9371.22110224514,9342.118532421171,-1963.5928,-29.102569823968967
2021-03-08 15:00:00,11343.0,11426.54464692309,9485.985809032465,9497.280200566418,-1940.5588,11.294391533952293
2021-03-08 16:00:00,11833.0,11490.612102421932,10041.442912968807,10064.007053380708,-1449.1692,22.564140411900937
2021-03-08 17:00:00,12086.0,11478.90867169515,10475.190287906087,10489.091655616232,-1003.7184,13.90136771014533
2021-03-08 18:00:00,12013.0,11372.601210829738,10409.33003163052,10398.768719637785,-963.2712,-10.561311992735405
2021-03-08 19:00:00,11705.0,11204.231669914727,9807.07651854754,9813.98644413428,-1397.1552,6.909925586741298
2021-03-08 20:00:00,11902.0,11044.184195566077,9776.065787362952,9794.276458336288,-1268.1184,18.210670973336658
2021-03-08 21:00:00,11716.0,10955.64305971577,9607.306511864208,9620.050272106177,-1348.3365,12.74376024196806
2021-03-08 22:00:00,11378.0,10951.863586872489,9348.563293903739,9356.311169023176,-1603.3003,7.747875119437218
2021-03-08 23:00:00,11092.0,10991.492632090847,9300.360552012722,9245.971111565526,-1691.1321,-54.389440447196385
2021-03-09 00:00:00,10971.0,11017.018643237714,9432.064541675214,9469.437323939128,-1584.9541,37.372782263914104
2021-03-09 01:00:00,10943.0,11004.35508499851,9237.69004593601,9269.056641407482,-1766.665,31.366595471472774
2021-03-09 02:00:00,10997.0,10981.693753149975,9055.743679907788,9070.94397996833,-1925.9501,15.200300060541748
2021-03-09 03:00:00,11342.0,11002.582594571462,8843.314039883962,8862.556623612427,-2159.2686,19.242583728464027
2021-03-09 04:00:00,12020.0,11097.675421227757,9318.757452477757,9321.93627422707,-1778.918,3.178821749312827
2021-03-09 05:00:00,12090.0,11246.506088442475,9689.27146930185,9660.157869397588,-1557.2346,-29.113599904261942
2021-03-09 06:00:00,12253.0,11391.087827552366,9976.228818763304,9928.757500186362,-1414.859,-47.471318576941016
2021-03-09 07:00:00,12282.0,11476.63227165495,10052.555001147137,10045.026595188017,-1424.0773,-7.52840595912026
2021-03-09 08:00:00,12233.0,11484.568893346632,9998.839157018507,10005.038359280219,-1485.7297,6.199202261711955
2021-03-09 09:00:00,12203.0,11435.035706840306,9941.955994926244,9952.457458834971,-1493.0797,10.501463908727652
2021-03-09 10:00:00,12092.0,11365.133446823364,9828.600121628051,9848.43550329136,-1536.5333,19.835381663309498
2021-03-09 11:00:00,11934.0,11306.678306128124,9690.216147924999,9690.843489085899,-1616.4622,0.6273411608999654
2021-03-09 12:00:00,11882.0,11279.070348246298,9569.105504496298,9538.012859695227,-1709.9648,-31.09264480106996
2021-03-09 13:00:00,11838.0,11292.167738355678,9529.347303785366,9472.87403663721,-1762.8204,-56.47326714815624
2021-03-09 14:00:00,11828.0,11344.777204069527,9628.09080270234,9586.684431101594,-1716.6864,-41.40637160074629
2021-03-09 15:00:00,11950.0,11415.67585613085,9801.944166677726,9739.75544912134,-1613.7317,-62.188717556386145
2021-03-09 16:00:00,12353.0,11461.050467625231,10374.962821140856,10353.79513423651,-1086.0876,-21.16768690434518
2021-03-09 17:00:00,12777.0,11432.813183645323,10471.388684133604,10463.105723357443,-961.4245,-8.282960776162207
2021-03-09 18:00:00,12702.0,11312.130478140927,10321.562423941708,10326.768334421353,-990.56805,5.205910479645139
2021-03-09 19:00:00,12352.0,11131.527256646541,9763.222569146541,9765.170778277436,-1368.3047,1.9482091308953462
2021-03-09 20:00:00,12457.0,10961.35359742592,9664.578084730607,9658.973270182927,-1296.7755,-5.604814547679756
2021-03-09 21:00:00,12405.0,10864.73896934058,9448.711869731205,9415.83785412326,-1416.0271,-32.87401560794601
2021-03-09 22:00:00,12073.0,10854.859901945441,9336.415810148566,9300.983802975277,-1518.4441,-35.43200717328992
2021-03-09 23:00:00,11919.0,10890.261677577975,9446.75557406235,9421.60463135959,-1443.5061,-25.150942702760073
2021-03-10 00:00:00,11801.0,10913.314627866484,9600.250540952422,9572.068503996288,-1313.0641,-28.182036956133746
2021-03-10 01:00:00,11878.0,10899.805166328408,9485.034658515908,9417.324115662537,-1414.7705,-67.71054285336983
2021-03-10 02:00:00,12046.0,10877.793323185537,9307.413684513662,9247.650555984119,-1570.3796,-59.76312852954374
2021-03-10 03:00:00,12345.0,10900.689667755292,9116.13827615373,9121.578417556375,-1784.5514,5.440141402645921
2021-03-10 04:00:00,12975.0,10999.001742574632,9364.100619527757,9334.627982362148,-1634.9011,-29.47263716560919
2021-03-10 05:00:00,13123.0,11152.107227134473,10325.06120662666,10355.163570987657,-827.046,30.102364360997655
2021-03-10 06:00:00,12428.0,11301.856958319546,10559.761255194546,10569.438274133614,-742.0957,9.67701893906837
2021-03-10 07:00:00,13242.0,11393.300655168192,10096.036006730692,10105.447714620046,-1297.2646,9.411707889354389
2021-03-10 08:00:00,13066.0,11407.712103034903,10645.997930671621,10661.126502616455,-761.7142,15.128571944833329
2021-03-10 09:00:00,12912.0,11365.082042572163,10538.189952728413,10554.057108762378,-826.8921,15.867156033963525
2021-03-10 10:00:00,12655.0,11302.371664581851,10373.776693878726,10357.625116977117,-928.595,-16.15157690160885
2021-03-10 11:00:00,12451.0,11251.264455932502,9560.19157995594,9570.588871130656,-1691.0729,10.397291174716104
2021-03-10 12:00:00,12224.0,11231.035259785926,9416.036724629676,9427.645493764032,-1814.9985,11.608769134356699
2021-03-10 13:00:00,12208.0,11251.426099969844,9341.777784540156,9301.809971111807,-1909.6483,-39.9678134283494
2021-03-10 14:00:00,12192.0,11311.13753992287,9449.570279180682,9415.181411269175,-1861.5673,-34.388867911506324
2021-03-10 15:00:00,12229.0,11388.850347240312,9806.903081615312,9815.103755706823,-1581.9473,8.20067409151147
2021-03-10 16:00:00,12706.0,11440.665125383272,10194.278040422334,10171.079774087359,-1246.3871,-23.19826633497543
2021-03-10 17:00:00,13145.0,11418.420515061802,10519.093610764927,10514.893729727019,-899.3269,-4.1998810379083915
2021-03-10 18:00:00,12949.0,11303.226140595363,10747.813237763332,10720.313777279327,-555.4129,-27.499460484004285
2021-03-10 19:00:00,12467.0,11127.569189546111,10133.822241303924,10116.217880055854,-993.74695,-17.60436124807001
2021-03-10 20:00:00,12517.0,10961.779385192065,9782.626186949878,9773.674998639362,-1179.1532,-8.951188310514533
2021-03-10 21:00:00,12330.0,10868.97766513808,9464.945194434955,9460.143335406894,-1404.0325,-4.801859028059989
2021-03-10 22:00:00,12030.0,10862.33837716279,9359.498411342478,9347.11816367153,-1502.84,-12.380247670947782
2021-03-10 23:00:00,11731.0,10900.409617606223,9391.535227957786,9406.522752645224,-1508.8744,14.987524687437439
2021-03-11 00:00:00,11608.0,11046.916654087832,9334.47268436127,9333.684021456796,-1712.444,-0.7886629044729376
2021-03-11 01:00:00,11631.0,11034.982920856855,9151.92945405998,9119.70306806959,-1883.0535,-32.22638599038976
2021-03-11 02:00:00,11705.0,11014.049317600507,9269.17395138957,9238.368241276332,-1744.8754,-30.805710113238227
2021-03-11 03:00:00,12075.0,11037.573351593363,9187.7221553043,9154.729553065958,-1849.8512,-32.99260223834252
2021-03-11 04:00:00,12650.0,11136.11185613346,9625.641885430336,9652.260839639452,-1510.47,26.618954209115188
2021-03-11 05:00:00,12724.0,11289.089447659493,9971.471893948556,9970.397676062805,-1317.6176,-1.0742178857509666
2021-03-11 06:00:00,12872.0,11438.40153665051,10188.201219267698,10169.929387682267,-1250.2003,-18.27183158543035
2021-03-11 07:00:00,12877.0,11529.14310221981,10490.348912766685,10479.771573686794,-1038.7942,-10.57733907989161
2021-03-11 08:00:00,12777.0,11542.63607346471,10476.924891824085,10469.20035294443,-1065.7112,-7.724538879655147
2021-03-11 09:00:00,12796.0,11498.921006333487,10211.79661668505,10219.583455605058,-1287.1244,7.7868389200075585
2021-03-11 10:00:00,12652.0,11435.00669341903,10237.430399473718,10235.91457252518,-1197.5763,-1.515826948538383
2021-03-11 11:00:00,12419.0,11382.61815932209,9824.377558736152,9809.065083248677,-1558.2406,-15.312475487475675
2021-03-11 12:00:00,12236.0,11361.06369304417,9641.767916676983,9622.059041603308,-1719.2958,-19.70887507367438
2021-03-11 13:00:00,12123.0,11380.109909672317,9602.72282471138,9570.88375855404,-1777.3871,-31.839066157339836
2021-03-11 14:00:00,12059.0,11438.472002958055,9688.433062528367,9658.067281054955,-1750.039,-30.365781473411666
2021-03-11 15:00:00,12016.0,11514.83362717132,9909.401620335382,9888.711246528648,-1605.432,-20.69037380673364
2021-03-11 16:00:00,12209.0,11565.285653748913,10192.17176214735,10171.869182444974,-1373.1139,-20.302579702377038
2021-03-11 17:00:00,12557.0,11541.646051520445,10473.000055426695,10481.425393898428,-1068.646,8.425338471732957
2021-03-11 18:00:00,12350.0,11424.9964333983,10473.604709765488,10460.322714355154,-951.3917,-13.281995410334082
2021-03-11 19:00:00,11819.0,11247.791150980822,9710.056531840197,9696.015018305146,-1537.7346,-14.041513535049766
2021-03-11 20:00:00,11916.0,11080.320960999032,9644.49857330372,9694.340857349096,-1435.8224,49.842284045377475
2021-03-11 21:00:00,11636.0,10985.65704257356,9428.175475190748,9457.279563328499,-1557.4816,29.104088137750846
2021-03-11 22:00:00,11247.0,10976.908997955234,9274.747498931796,9249.860275355395,-1702.1615,-24.88722357640163
2021-03-11 23:00:00,11976.5,11012.545496431017,9251.600916352892,9290.896712873771,-1760.9446,39.29579652087975
2021-03-12 00:00:00,11952.0,10913.501809819276,9504.60312817865,9571.082834437735,-1408.8987,66.47970625908508
2021-03-12 01:00:00,11941.5,10898.211501693027,9447.122146224277,9470.539236212331,-1451.0894,23.41708998805299
2021-03-12 02:00:00,11926.0,10873.325096808434,9210.317162238121,9230.316276049465,-1663.0079,19.999113811343474
2021-03-12 03:00:00,11895.5,10892.209279948856,9032.501394206669,9033.16187973291,-1859.7079,0.6604855262408204
2021-03-12 04:00:00,11778.0,10985.325663837337,9284.969462665462,9304.744334242601,-1700.3562,19.77487157713884
2021-03-12 05:00:00,11936.0,11131.99777508581,9490.102633484248,9497.216010997716,-1641.8951,7.113377513468516
2021-03-12 06:00:00,12006.0,11274.017399844253,9781.546818789566,9773.977494274319,-1492.4706,-7.569324515247071
2021-03-12 07:00:00,12090.0,11356.379811048033,9868.587818860533,9866.650756956667,-1487.792,-1.9370619038656398
2021-03-12 08:00:00,11947.0,11360.316756029972,9937.956892748722,9958.370421334348,-1422.3599,20.41352858562677
2021-03-12 09:00:00,12102.0,11305.790284889928,9791.841310280553,9809.229710483422,-1513.949,17.38840020286888
2021-03-12 10:00:00,12111.0,11229.741741310938,9718.8224297875,9704.881512702363,-1510.9193,-13.940917085137693
2021-03-12 11:00:00,11957.0,11163.839025249308,9629.55936216337,9624.218525670269,-1534.2797,-5.340836493102425
2021-03-12 12:00:00,11875.0,11127.344518077223,9374.597569835036,9394.06162483007,-1752.747,19.4640549950353
2021-03-12 13:00:00,11816.0,11129.992058371501,9321.367058371501,9325.297017408238,-1808.625,3.9299590367374044
2021-03-12 14:00:00,11799.0,11170.47847736634,9393.207847483527,9373.029213040158,-1777.2706,-20.17863444336886
2021-03-12 15:00:00,11816.0,11227.48375997848,9729.66979513473,9736.677867698229,-1497.814,7.008072563497846
2021-03-12 16:00:00,11999.0,11257.110625303509,9963.695220030071,9950.106816876087,-1293.4154,-13.588403153984174
2021-03-12 17:00:00,12237.0,11211.20739035765,10159.41735129515,10158.911535630119,-1051.79,-0.5058156650308532
2021-03-12 18:00:00,11978.0,11070.909002000555,10177.449834520086,10130.148203551362,-893.45917,-47.3016309687244
2021-03-12 19:00:00,11488.0,10868.749091161624,9496.3357610835,9518.715961881357,-1372.4133,22.380200797858166
2021-03-12 20:00:00,11495.0,10675.122323341884,9380.196053810634,9417.92813064532,-1294.9263,37.73207683468612
2021-03-12 21:00:00,11171.0,10553.223281606492,9091.535171254929,9118.825520819182,-1461.6881,27.290349564253894
2021-03-12 22:00:00,10743.0,10516.299334201562,8735.106096896874,8749.963273426003,-1781.1932,14.857176529128864
2021-03-12 23:00:00,10500.0,10522.970185070906,8804.447724133406,8839.504361047879,-1718.5225,35.05663691447244
2021-03-13 00:00:00,10285.0,10515.696419802212,8612.479867067837,8614.145155404449,-1903.2166,1.6652883366109985
2021-03-13 01:00:00,10739.0,10470.386332459848,8397.918314881723,8366.894387139695,-2072.468,-31.023927742028278
2021-03-13 02:00:00,10691.0,10415.258608741711,8583.079287452649,8591.893126095183,-1832.1793,8.813838642534309
2021-03-13 03:00:00,10207.0,10403.908661629303,8217.193573738678,8230.148723510165,-2186.715,12.95514977148733
2021-03-13 04:00:00,10295.0,10467.037055616729,8107.340278272979,8120.352236682808,-2359.6968,13.011958409829443
2021-03-13 05:00:00,10202.0,10584.21128657196,8216.492292431334,8223.897019255417,-2367.719,7.404726824083113
2021-03-13 06:00:00,10449.0,10697.471461490102,8561.425318911977,8594.492218720265,-2136.0461,33.06689980828825
2021-03-13 07:00:00,10647.0,10752.067759152758,8808.980845090258,8849.13354699892,-1943.0869,40.152701908662365
2021-03-13 08:00:00,10770.0,10729.494637814958,9003.49573644777,9026.61980160327,-1725.9989,23.124065155500528
2021-03-13 09:00:00,10771.0,10649.98231567363,8950.941055908004,8982.8244711375,-1699.0413,31.883415229494645
2021-03-13 10:00:00,10735.0,10550.740586184884,8778.077011966134,8797.675623218853,-1772.6636,19.598611252718815
2021-03-13 11:00:00,10634.0,10463.700792287003,8653.555040333878,8668.076457805348,-1810.1458,14.52141747146874
2021-03-13 12:00:00,10546.0,10408.380147468784,8497.432515632847,8532.016917402196,-1910.9476,34.584401769348936
2021-03-13 13:00:00,10550.0,10394.7562461281,8540.562642612475,8570.831987974065,-1854.1936,30.26934536159027
2021-03-13 14:00:00,10716.0,10421.75567751978,8751.615662871343,8794.005129874242,-1670.14,42.38946700289878
2021-03-13 15:00:00,10991.0,10468.270492726668,9115.807968312605,9131.682438300388,-1352.4625,15.874469987781756
2021-03-13 16:00:00,10592.0,10490.59492089384,9309.90546776884,9307.545779680602,-1180.6895,-2.3596880882385163
2021-03-13 17:00:00,10592.0,10440.747864755316,9428.388184579535,9483.91858979169,-1012.3597,55.53040521215615
2021-03-13 18:00:00,11151.0,10300.015449735358,9362.572151395514,9406.129354519244,-937.4433,43.55720312373026
2021-03-13 19:00:00,10637.0,10101.063496906576,9046.119649250326,9026.914880941484,-1054.9438,-19.204768308841754
2021-03-13 20:00:00,10709.0,9914.396482195558,9103.465085711183,9112.308790280409,-810.9314,8.843704569226812
2021-03-13 21:00:00,10516.0,9803.289708820703,8775.18704768789,8725.37930718294,-1028.1027,-49.80774050494909
2021-03-13 22:00:00,10154.0,9781.035991750872,8341.587261282122,8301.594477309603,-1439.4487,-39.992783972519256
2021-03-13 23:00:00,9825.0,9806.263612665614,8015.683534540614,7979.785626727617,-1790.5801,-35.89790781299749
2021-03-14 00:00:00,9602.0,9821.408447973861,7880.870850317611,7855.443526960945,-1940.5376,-25.427323356666207
2021-03-14 01:00:00,9566.0,9802.3259488743,7617.245138327426,7601.068687199931,-2185.0808,-16.176451127493944
2021-03-14 02:00:00,9555.0,9777.155823410138,7476.838928878888,7459.155447161778,-2300.317,-17.68348171710899
2021-03-14 03:00:00,9654.0,9799.385520452966,7117.529563421716,7127.891946615281,-2681.856,10.362383193564899
2021-03-14 04:00:00,9693.0,9899.573718198904,7203.442614683279,7183.367040288237,-2696.131,-20.07557439504257
2021-03-14 05:00:00,9602.0,10057.109758435356,7388.614152966606,7380.507981714065,-2668.4956,-8.106171252540562
2021-03-14 06:00:00,9802.0,10213.822030401778,7727.383553839278,7711.234858671806,-2486.4385,-16.14869516747168
2021-03-14 07:00:00,10048.0,10314.721512284432,8081.707596268807,8090.492784441847,-2233.014,8.785188173040725
2021-03-14 08:00:00,10178.0,10341.041485689502,8264.146954439502,8259.090581158549,-2076.8945,-5.056373280953524
2021-03-14 09:00:00,10273.0,10312.731350492817,8266.55178506313,8261.478523805416,-2046.1796,-5.073261257713217
2021-03-14 10:00:00,10258.0,10266.700293861342,8069.168311439467,8051.058456015402,-2197.532,-18.10985542406529
2021-03-14 11:00:00,10154.0,10234.55929881815,7978.126681630651,7967.258014267104,-2256.4326,-10.868667363546837
2021-03-14 12:00:00,10091.0,10235.487420468491,7829.769402890366,7822.282299814813,-2405.718,-7.487103075553387
2021-03-14 13:00:00,10096.0,10279.109566279194,7835.376656122944,7811.703364048838,-2443.733,-23.67329207410612
2021-03-14 14:00:00,10133.0,10363.988036911725,8068.502685349225,8046.510863433924,-2295.4854,-21.991821915301017
2021-03-14 15:00:00,10274.0,10468.641196077973,8533.524008577973,8517.130389553195,-1935.1172,-16.393619024778204
2021-03-14 16:00:00,10595.0,10548.98320199681,8632.404344574936,8584.963620922,-1916.5789,-47.44072365293509
2021-03-14 17:00:00,10143.5,10556.651930954446,8975.616774704446,8995.771881738196,-1581.0352,20.155107033750866
2021-03-14 18:00:00,10605.0,10472.558691124814,9018.680395226376,9038.784725637352,-1453.8783,20.10433041097602
2021-03-14 19:00:00,10167.0,10329.006548854775,8704.488970729775,8645.291247692003,-1624.5176,-59.197723037772676
2021-03-14 20:00:00,10405.0,10196.151056362913,8557.971490933225,8524.37335999231,-1638.1796,-33.598130940914935
2021-03-14 21:00:00,10321.0,10136.930539354787,8184.4674045891625,8129.1563564250455,-1952.4631,-55.31104816411725
2021-03-14 22:00:00,9982.0,10164.31103421797,7799.55956937422,7765.197610468999,-2364.7515,-34.36195890522039
2021-03-14 23:00:00,9759.0,10236.60664239777,7787.999464663395,7769.997163354003,-2448.6072,-18.002301309392713
2021-03-15 00:00:00,9650.0,10295.958747595356,7866.212653845356,7896.500228379212,-2429.746,30.287574533855896
2021-03-15 01:00:00,10481.5,10317.956127409345,7828.502025846845,7837.137911992923,-2489.454,8.63588614607833
2021-03-15 02:00:00,10576.5,10330.504048482977,7835.865132467352,7796.34217853263,-2494.639,-39.52295393472201
2021-03-15 03:00:00,9999.0,10386.886720076067,7693.267579451067,7681.129454552055,-2693.6191,-12.138124899011988
2021-03-15 04:00:00,10558.0,10517.487052694338,8027.863273397463,8025.16658039109,-2489.6238,-2.6966930063729886
2021-03-15 05:00:00,10825.0,10701.544322384125,8398.599498165375,8381.768570026605,-2302.9448,-16.830928138770904
2021-03-15 06:00:00,11066.0,10880.765195574728,8844.187802996603,8842.325771404221,-2036.5774,-1.8620315923813533
2021-03-15 07:00:00,11134.0,11000.072649074576,9081.941179348014,9070.889670138535,-1918.1315,-11.051509209479887
2021-03-15 08:00:00,11187.0,11040.6498560805,9210.309768189874,9215.066304027696,-1830.3401,4.756535837821849
2021-03-15 09:00:00,11116.0,11022.434381024044,9271.826959149044,9241.944711465037,-1750.6074,-29.88224768400656
2021-03-15 10:00:00,11128.0,10982.359149571417,9083.056659337042,9051.263568538641,-1899.3025,-31.793090798400552
2021-03-15 11:00:00,10988.0,10952.091367964573,8927.921201948948,8902.377478793807,-2024.1702,-25.54372315514116
2021-03-15 12:00:00,10950.0,10950.897094313019,8734.895385328644,8733.399584730265,-2216.0017,-1.4958005983790514
2021-03-15 13:00:00,10876.0,10988.518132104069,8706.304509057194,8697.795446409984,-2282.2136,-8.509062647210637
2021-03-15 14:00:00,10826.0,11063.661890761008,8571.094263807883,8600.708016285245,-2492.5676,29.613752477362944
2021-03-15 15:00:00,10826.0,11155.017251422481,8840.357095172481,8881.201928437165,-2314.6602,40.84483326468404
2021-03-15 16:00:00,10932.0,11218.691962581914,9306.247138363164,9278.014303832088,-1912.4448,-28.232834531075454
2021-03-15 17:00:00,11262.0,11206.54035545626,9469.253124010947,9486.34204567755,-1737.2872,17.088921666601856
2021-03-15 18:00:00,11092.0,11099.714363816065,9650.277352097315,9639.292965289822,-1449.437,-10.984386807492564
2021-03-15 19:00:00,10707.0,10930.78168703904,8815.325388210915,8786.102145673753,-2115.4563,-29.223242537162864
2021-03-15 20:00:00,10783.0,10770.182178305027,8611.895068930027,8635.706650587625,-2158.287,23.811581657596705
2021-03-15 21:00:00,10611.0,10681.15011513371,8215.82003700871,8193.548171923723,-2465.33,-22.271865084988196
2021-03-15 22:00:00,10234.0,10676.951300499986,8299.403937218736,8314.958009960692,-2377.5474,15.554072741955242
2021-03-15 23:00:00,10851.0,10716.199837193795,8517.934212193795,8565.05340685291,-2198.2656,47.11919465911458
2021-03-16 00:00:00,10851.0,10741.338629691863,8578.845221488738,8540.691491111338,-2162.4934,-38.153730377399434
2021-03-16 01:00:00,10826.0,10728.26206041576,8486.15170885326,8490.3943269294,-2242.1104,4.2426180761395225
2021-03-16 02:00:00,10804.5,10705.18422825671,8378.959374741085,8415.96040091075,-2326.2249,37.001026169664364
2021-03-16 03:00:00,10110.0,10725.69545526867,8042.203511909294,8103.351380109882,-2683.492,61.147868200587396
2021-03-16 04:00:00,10642.0,10820.473804133253,7910.922290461378,7952.994489933609,-2909.5515,42.072199472230466
2021-03-16 05:00:00,10958.0,10969.036912714235,8355.61674669861,8335.276240268626,-2613.4202,-20.340506429984277
2021-03-16 06:00:00,11127.0,11113.352093138668,8843.147015013668,8851.899568820298,-2270.205,8.752553806629201
2021-03-16 07:00:00,11177.0,11198.587591922038,9029.886908328288,9012.43179175218,-2168.7007,-17.455116576108082
2021-03-16 08:00:00,11164.0,11206.158166127649,9108.859338002649,9098.363218933802,-2097.2988,-10.496119068845648
2021-03-16 09:00:00,11165.0,11156.217756461332,9133.92124767227,9122.938984908793,-2022.2965,-10.98226276347593
2021-03-16 10:00:00,11040.0,11085.89645138865,9002.595425998024,8981.527233605155,-2083.301,-21.06819239287049
2021-03-16 11:00:00,10899.0,11027.035613616787,8685.351531585537,8737.451728686916,-2341.684,52.10019710138008
2021-03-16 12:00:00,10779.0,10999.050647367058,8456.362170804558,8491.101323375973,-2542.6885,34.739152571416454
2021-03-16 13:00:00,10685.0,11011.807504887141,8396.002817387141,8450.53253136277,-2615.8047,54.52971397563008
2021-03-16 14:00:00,10692.0,11064.111952420255,8434.88807546713,8468.913075836821,-2629.2239,34.025000369691455
2021-03-16 15:00:00,10777.0,11134.724284131627,8826.879069287877,8842.042875344372,-2307.8452,15.163806056494124
2021-03-16 16:00:00,10952.0,11179.796574705802,9129.226018065177,9148.75937725337,-2050.5706,19.533359188190985
2021-03-16 17:00:00,11394.0,11151.202887681196,9529.165778306196,9572.62064546592,-1622.0371,43.4548671597243
2021-03-16 18:00:00,11226.0,11030.094772952945,9634.626511234195,9655.433889184302,-1395.4683,20.80737795010733
2021-03-16 19:00:00,10747.0,10849.02286582251,8897.44864707251,8847.022519261305,-1951.5742,-50.42612781120391
2021-03-16 20:00:00,10770.0,10678.39291479952,8637.561738041708,8626.750201529172,-2040.8312,-10.81153651253678
2021-03-16 21:00:00,10601.0,10581.384342261488,8283.180728980238,8257.675244354761,-2298.2036,-25.50548462547648
2021-03-16 22:00:00,10222.0,10571.18408966169,8256.16602325544,8223.939020294936,-2315.018,-32.22700296050413
2021-03-16 23:00:00,10773.5,10606.30460741375,8380.73722460125,8371.175261553519,-2225.5674,-9.561963047731071
2021-03-17 00:00:00,10773.5,10629.0705924839,8618.400792679213,8603.550039413105,-2010.6698,-14.850753266108597
2021-03-17 01:00:00,10773.5,10615.249274805372,8444.093757227247,8460.836241027731,-2171.1555,16.742483800485367
2021-03-17 02:00:00,10779.0,10592.922878017594,8305.202174892594,8316.230628919844,-2287.7207,11.028454027249163
2021-03-17 03:00:00,10795.0,10615.544230265814,7982.273234172064,8015.810027448082,-2633.271,33.53679327601807
2021-03-17 04:00:00,10690.0,10713.645003472338,8021.386702691088,8000.959816582125,-2692.2583,-20.426886108963085
2021-03-17 05:00:00,10924.0,10866.586535123562,8330.131701139187,8297.679432825731,-2536.4548,-32.452268313456
2021-03-17 06:00:00,11027.0,11016.173616807082,8610.508821885207,8608.236743919315,-2405.6648,-2.2720779658924046
2021-03-17 07:00:00,11048.0,11107.412455048665,8827.49912497054,8854.550302467813,-2279.9133,27.05117749727369
2021-03-17 08:00:00,11074.0,11121.561995424241,8902.722639955491,8882.644549288452,-2218.8394,-20.078090667038644
2021-03-17 09:00:00,11075.0,11078.62878408632,8869.076782133196,8860.772267368897,-2209.552,-8.304514764298883
2021-03-17 10:00:00,11039.0,11015.603249252537,8831.497048080662,8840.144463988108,-2184.1062,8.64741590744656
2021-03-17 11:00:00,10865.0,10964.193937223112,8570.878751676237,8568.89206972285,-2393.3152,-1.9866819533880737
2021-03-17 12:00:00,10809.0,10943.690928519363,8322.314707816238,8329.875834633123,-2621.3762,7.561126816884545
2021-03-17 13:00:00,10781.0,10963.843938740294,8296.684759052794,8299.922113310615,-2667.1592,3.237354257820862
2021-03-17 14:00:00,10848.0,11023.35248357815,8371.739934750025,8376.00335203853,-2651.6125,4.263417288503837
2021-03-17 15:00:00,10906.0,11100.880437287882,8676.353825959757,8676.210474411542,-2424.5266,-0.14335154821437254
2021-03-17 16:00:00,11215.0,11152.493638248632,9049.266099186132,9034.16214977554,-2103.2275,-15.103949410592014
2021-03-17 17:00:00,10885.5,11129.992589396936,9429.28189603756,9425.389846870894,-1700.7107,-3.8920491666674657
2021-03-17 18:00:00,11336.0,11014.471945381098,9126.875509834223,9144.110985565243,-1887.5964,17.235475731020266
2021-03-17 19:00:00,10861.0,10838.444588451079,8662.992195872954,8642.955226511189,-2175.4524,-20.036969361764786
2021-03-17 20:00:00,10940.0,10672.295887505657,8536.906239068157,8558.46179964575,-2135.3896,21.555560577592587
2021-03-17 21:00:00,10768.0,10579.196719037645,8390.47577177202,8399.898706164728,-2188.721,9.42293439270707
2021-03-17 22:00:00,10421.0,10572.331837632246,8319.30815599162,8348.140340077178,-2253.0237,28.832184085556825
2021-03-17 23:00:00,10227.0,10610.216511502853,8348.561970487228,8421.322852251096,-2261.6545,72.76088176386872
2021-03-18 00:00:00,10175.0,10635.186616341425,8263.20346204455,8243.644817900737,-2371.9832,-19.558644143813893
2021-03-18 01:00:00,10091.0,10623.03338850032,8050.24627912532,8012.208433653294,-2572.787,-38.03784547202582
2021-03-18 02:00:00,10226.0,10601.876748859018,7860.526162921518,7898.110389847919,-2741.3506,37.584226926400405
2021-03-18 03:00:00,10499.0,10625.21649387343,7649.2570212171795,7656.203415725129,-2975.9595,6.946394507949384
2021-03-18 04:00:00,10933.0,10723.633620524372,8045.7664330243715,8037.950484535004,-2677.8672,-7.815948489367839
2021-03-18 05:00:00,11183.0,10876.53644028832,8546.03985825707,8524.459627650684,-2330.4966,-21.580230606387687
2021-03-18 06:00:00,11289.0,11025.774356911577,8726.422794411577,8738.283190806655,-2299.3516,11.860396395076783
2021-03-18 07:00:00,11427.0,11116.39887584474,8953.275096547864,8974.236872515867,-2163.1238,20.961775968001994
2021-03-18 08:00:00,11379.0,11129.717124334686,9168.74861847531,9168.351800513217,-1960.9685,-0.3968179620929196
2021-03-18 09:00:00,11256.0,11085.785499647038,9196.6259537486,9213.632300986166,-1889.1595,17.006347237566327
2021-03-18 10:00:00,11109.0,11021.642064368456,8963.389134680956,9011.291618702651,-2058.253,47.902484021695685
2021-03-18 11:00:00,11006.0,10969.036930817994,8686.162907380494,8684.807970347762,-2282.874,-1.3549370327321113
2021-03-18 12:00:00,10843.0,10947.29364837743,8483.736275330555,8503.702661089284,-2463.5574,19.96638575872975
2021-03-18 13:00:00,10801.0,10966.186540810848,8361.592302529598,8395.455075248683,-2604.5942,33.86277271908461
2021-03-18 14:00:00,10843.0,11024.42976416693,8455.52351416693,8479.158356894934,-2568.9062,23.634842728001928
2021-03-18 15:00:00,10970.0,11100.690081932638,8728.823626854513,8741.748718652558,-2371.8665,12.92509179804505
2021-03-18 16:00:00,11201.0,11151.023595116892,9280.280553124705,9320.99115982888,-1870.743,40.71060670417557
2021-03-18 17:00:00,11724.0,11127.210121166047,9556.468421947297,9569.493647634936,-1570.7417,13.025225687638669
2021-03-18 18:00:00,11619.0,11010.316281312753,9618.479489320565,9611.255228276248,-1391.8368,-7.224261044317623
2021-03-18 19:00:00,11180.0,10832.822091493696,9021.78864422807,9012.436703758585,-1811.0334,-9.351940469485204
2021-03-18 20:00:00,11207.0,10665.073915446,8861.620912516313,8865.983133765805,-1803.453,4.3622212494913155
2021-03-18 21:00:00,11072.0,10570.192824743208,8529.271193883833,8522.93325338984,-2040.9216,-6.33794049399257
2021-03-18 22:00:00,10702.0,10561.298774643194,8296.866645736944,8283.578925330208,-2264.4321,-13.287720406735197
2021-03-18 23:00:00,10480.0,10596.827545798667,8392.195954001792,8413.232812739547,-2204.6316,21.036858737753636
2021-03-19 00:00:00,10439.0,10619.026209805199,8458.193201992699,8467.704913367488,-2160.833,9.511711374788607
2021-03-19 01:00:00,10486.0,10603.594688162339,8355.639365896714,8385.318498950244,-2247.9553,29.679133053531505
2021-03-19 02:00:00,10633.0,10578.562566394661,8171.360662097786,8115.61821357145,-2407.202,-55.74244852633594
2021-03-19 03:00:00,10992.0,10597.338740589832,7819.899043324207,7789.615313641527,-2777.4397,-30.283729682679972
2021-03-19 04:00:00,11522.0,10690.40890789493,8325.29904461368,8342.890019672826,-2365.1099,17.590975059146597
2021-03-19 05:00:00,11829.0,10837.08021064899,9017.841074906803,9001.497920565667,-1819.2391,-16.343154341135588
2021-03-19 06:00:00,11951.0,10979.098350359829,9310.509849383267,9289.787445661703,-1668.5885,-20.722403721564632
2021-03-19 07:00:00,11830.0,11061.415051218928,9533.922253367366,9517.312055974651,-1527.4928,-16.61019739271517
2021-03-19 08:00:00,11615.0,11065.247187982191,9472.541011224379,9462.142065085514,-1592.7062,-10.398946138864854
2021-03-19 09:00:00,11496.0,11010.572587138677,9379.716630107427,9369.354498143428,-1630.856,-10.362131963998653
2021-03-19 10:00:00,11308.0,10934.361804705704,9182.430286151017,9181.954429964868,-1751.9315,-0.4758561861489383
2021-03-19 11:00:00,11188.0,10868.307779352315,8750.734537164815,8785.195565343834,-2117.5732,34.46102817901953
2021-03-19 12:00:00,11079.0,10831.688113896247,8487.335818974372,8473.323607282267,-2344.3523,-14.01221169210482
2021-03-19 13:00:00,11094.0,10834.244327889735,8423.61224781161,8398.582445220964,-2410.632,-25.02980259064749
2021-03-19 14:00:00,11185.0,10874.672199598983,8659.519367567733,8666.649133301049,-2215.1528,7.129765733316999
2021-03-19 15:00:00,11290.0,10931.63482135755,8989.141779365362,8979.217130864814,-1942.493,-9.92464850054839
2021-03-19 16:00:00,11437.0,10961.200154368811,9462.361043040686,9487.79999740407,-1498.8391,25.438954363383885
2021-03-19 17:00:00,11944.0,10915.178391835241,9693.457078358679,9695.851852074726,-1221.7213,2.394773716046676
2021-03-19 18:00:00,11736.0,10774.68953211265,9811.148089241557,9794.476198146129,-963.54144,-16.67189109542852
2021-03-19 19:00:00,11367.0,10572.29292963758,9190.787680614143,9173.94624145836,-1381.5052,-16.841439155784105
2021-03-19 20:00:00,11461.0,10378.43893218177,9044.425992728646,9013.733849184722,-1334.013,-30.69214354392408
2021-03-19 21:00:00,11273.0,10256.372106662448,8792.235632053073,8773.780635843577,-1464.1365,-18.454996209494805
2021-03-19 22:00:00,10910.0,10219.35028157642,8346.606751302983,8314.012999664785,-1872.7435,-32.593751638198256
2021-03-19 23:00:00,10637.0,10225.960394923472,8240.841986720347,8220.045454242645,-1985.1184,-20.79653247770192
2021-03-20 00:00:00,10430.0,10218.617480526882,8255.651660214382,8246.285035241628,-1962.9658,-9.366624972754325
2021-03-20 01:00:00,10352.0,10173.21074795969,8204.85869717844,8153.82428172847,-1968.352,-51.03441544997074
2021-03-20 02:00:00,10853.5,10117.981190586857,8113.94029703217,8099.591147046808,-2004.0409,-14.349149985361457
2021-03-20 03:00:00,10373.0,10106.5666084653,7798.63936237155,7775.9382509818115,-2307.9272,-22.701111389739218
2021-03-20 04:00:00,10348.0,10169.691836436905,7876.317324718155,7879.327808687749,-2293.3745,3.0104839695937793
2021-03-20 05:00:00,10385.0,10286.90818063239,8083.269752898015,8067.400510809435,-2203.6384,-15.869242088580092
2021-03-20 06:00:00,10657.0,10400.20986474133,8428.204737788205,8411.274136533306,-1972.0051,-16.93060125489955
2021-03-20 07:00:00,10829.0,10454.803725094096,8625.607069820659,8618.07128420023,-1829.1967,-7.535785620428885
2021-03-20 08:00:00,10926.0,10432.169556631667,8755.764161123854,8776.563957905517,-1676.4054,20.799796781662867
2021-03-20 09:00:00,10946.0,10352.553564066257,8808.845067972507,8809.169946056516,-1543.7085,0.32487808401012214
2021-03-20 10:00:00,10878.0,10253.194962067024,8588.327530426399,8586.7264713763,-1664.8674,-1.6010590500992021
2021-03-20 11:00:00,10805.0,10166.05033768549,8365.481123818303,8366.695418117788,-1800.5692,1.2142942994846637
2021-03-20 12:00:00,10735.0,10110.652325590294,8297.396466215294,8298.042107586425,-1813.2559,0.6456413711310789
2021-03-20 13:00:00,10705.0,10096.986392998624,8251.906925225187,8247.490597855329,-1845.0795,-4.416327369858132
2021-03-20 14:00:00,10811.0,10123.978257983208,8393.429673998833,8385.558985164473,-1730.5486,-7.870688834360919
2021-03-20 15:00:00,11053.0,10170.503248645484,8764.335035754859,8755.751447467148,-1406.1682,-8.583588287709981
2021-03-20 16:00:00,11336.0,10192.820991632727,9026.015815851477,9025.968980602755,-1166.8052,-0.04683524872312626
2021-03-20 17:00:00,10681.0,10142.912405091714,9300.92632110734,9281.319018457354,-841.9861,-19.607302649985606
2021-03-20 18:00:00,11081.0,10002.04878724816,9297.280842912223,9356.412910856927,-704.76794,59.1320679447032
2021-03-20 19:00:00,10490.0,9802.921784390688,8650.153717984438,8633.322005011463,-1152.7681,-16.831712972974618
2021-03-20 20:00:00,10590.0,9616.091635315284,8673.228170959816,8664.696330290573,-942.86346,-8.531840669241614
2021-03-20 21:00:00,10334.0,9504.8836854166,8397.088885611913,8386.189979976361,-1107.7948,-10.898905635550738
2021-03-20 22:00:00,9886.0,9482.601244786274,7821.488207676899,7834.686434444505,-1661.113,13.198226767606224
2021-03-20 23:00:00,9587.0,9507.839839782562,7283.547359313812,7270.41709114609,-2224.2925,-13.130268167722884
2021-03-21 00:00:00,9398.0,9522.989780814154,7139.344028861029,7119.617466875751,-2383.6458,-19.726561985277865
2021-03-21 01:00:00,9326.0,9503.887395131098,7142.396184193598,7170.303570155428,-2361.4912,27.907385961830396
2021-03-21 02:00:00,9329.0,9478.694633660789,6919.877739129539,6898.302008761605,-2558.817,-21.575730367933915
2021-03-21 03:00:00,9389.0,9500.941242395398,6653.856769739148,6633.993427310837,-2847.0845,-19.86334242831044
2021-03-21 04:00:00,9344.0,9601.210055165502,6813.886080556127,6834.831818454316,-2787.324,20.945737898188955
2021-03-21 05:00:00,9405.0,9758.87408521735,6900.8355109986005,6909.99232781929,-2858.0386,9.156816820689285
2021-03-21 06:00:00,9576.0,9915.715676513646,7218.372170654271,7224.423336476579,-2697.3435,6.051165822307576
2021-03-21 07:00:00,9793.0,10016.702280821431,7477.4644878526815,7481.048792326134,-2539.2378,3.584304473452991
2021-03-21 08:00:00,9969.0,10043.052311866259,7719.998600928759,7720.92832763689,-2323.0537,0.9297267081308541
2021-03-21 09:00:00,10009.0,10014.730932511342,7804.186010636342,7771.202436970148,-2210.545,-32.983573666194424
2021-03-21 10:00:00,10009.0,9968.676510452984,7678.348873734234,7674.623572265539,-2290.3276,-3.7253014686952413
2021-03-21 11:00:00,9886.0,9936.525017033886,7470.157585393261,7450.667264043672,-2466.3674,-19.490321349589117
2021-03-21 12:00:00,9853.0,9937.470659799974,7299.883501596849,7311.542661308144,-2637.5872,11.659159711295
2021-03-21 13:00:00,9912.0,9981.145939694683,7405.659367429058,7415.306671123819,-2575.4866,9.64730369476052
2021-03-21 14:00:00,10053.0,10066.111998697646,7627.030699869521,7631.14200489948,-2439.0813,4.1113050299581895
2021-03-21 15:00:00,10205.0,10170.870184428644,7983.887762553644,7971.6254102572775,-2186.9824,-12.262352296366954
2021-03-21 16:00:00,10442.0,10251.29975649721,8502.64252993471,8507.013042341492,-1748.6572,4.3705124067812
2021-03-21 17:00:00,10009.0,10259.000310163954,8585.526677351454,8609.183314663293,-1673.4736,23.65663731183922
2021-03-21 18:00:00,10807.0,10174.868032279228,8408.122670951103,8413.400915793822,-1766.7454,5.278244842718323
2021-03-21 19:00:00,10418.0,10031.231525257372,8096.049152210497,8103.808767482023,-1935.1824,7.75961527152581
2021-03-21 20:00:00,10644.0,9898.301822687872,8213.88910296131,8234.780763802548,-1684.4127,20.891660841238792
2021-03-21 21:00:00,10544.0,9839.067020977229,7941.611210430354,7940.11153454994,-1897.4558,-1.4996758804139572
2021-03-21 22:00:00,10175.0,9866.503392823313,7652.525609620188,7678.637889582575,-2213.9778,26.112279962385887
2021-03-21 23:00:00,9958.0,9938.892040387143,7516.370800152768,7569.627916680121,-2422.5212,53.25711652735263
2021-03-22 00:00:00,9819.0,9998.328554459002,7553.654238052752,7552.413619043527,-2444.6743,-1.2406190092245617
2021-03-22 01:00:00,9793.0,10020.382380844841,7634.4939531104665,7626.446436913657,-2385.8884,-8.047516196810165
2021-03-22 02:00:00,9959.0,10032.980842069897,7533.342170194897,7532.528633767005,-2499.6387,-0.8135364278925443
2021-03-22 03:00:00,10335.0,10089.450279952958,7319.058434249833,7311.54269763405,-2770.3918,-7.515736615783896
2021-03-22 04:00:00,10857.0,10220.197619899096,7931.981311305346,7999.670383100346,-2288.2163,67.68907179500012
2021-03-22 05:00:00,11188.0,10404.445693624022,8496.784682881835,8460.673671101375,-1907.661,-36.1110117804609
2021-03-22 06:00:00,11305.0,10583.855032271034,8881.009207075722,8906.778473668985,-1702.8458,25.769266593262213
2021-03-22 07:00:00,11175.0,10703.30502264739,9009.005584170827,9040.338977779245,-1694.2994,31.333393608418866
2021-03-22 08:00:00,10937.0,10743.963933273979,8907.953801438041,8898.567358610368,-1836.0101,-9.386442827673001
2021-03-22 09:00:00,10850.0,10725.785081585636,8663.860521038761,8660.549699635447,-2061.9246,-3.310821403313668
2021-03-22 10:00:00,10692.0,10685.730590458352,8364.016967411477,8388.367396927768,-2321.7136,24.350429516290642
2021-03-22 11:00:00,10435.0,10655.492697343156,8175.475119218156,8207.643915626331,-2480.0176,32.16879640817603
2021-03-22 12:00:00,10342.0,10654.35268114077,7926.44252489077,7963.841910773978,-2727.9102,37.399385883208645
2021-03-22 13:00:00,10314.0,10692.060031702518,7966.841769983768,7984.261048469413,-2725.2183,17.4192784856454
2021-03-22 14:00:00,10248.0,10767.321115989034,8009.503733176534,8008.8855064798,-2757.8174,-0.6182266967347345
2021-03-22 15:00:00,10305.0,10858.807937176774,8259.772780926774,8258.35918324964,-2599.0352,-1.4135976771344942
2021-03-22 16:00:00,10520.0,10922.59350356124,8777.48315199874,8764.151650430515,-2145.1104,-13.331501568225232
2021-03-22 17:00:00,11014.0,10910.494042267846,9146.722069611596,9177.91845427771,-1763.772,31.196384666112387
2021-03-22 18:00:00,11005.0,10803.646559163897,9230.904127523272,9234.166383667938,-1572.7424,3.2622561446661806
2021-03-22 19:00:00,10613.0,10634.644497566984,8591.491543465421,8607.50700450014,-2043.153,16.015461034717564
2021-03-22 20:00:00,10765.0,10473.98341205082,8547.98927142582,8572.548594347445,-1925.9941,24.559322921625153
2021-03-22 21:00:00,10606.0,10384.947580802615,8094.4312233807395,8131.338521222481,-2290.5164,36.907297841741254
2021-03-22 22:00:00,10226.0,10380.813280520655,8009.01616138003,8027.781059985813,-2371.797,18.76489860578332
2021-03-22 23:00:00,9985.0,10420.161857224615,8161.379142380865,8214.003824397943,-2258.7827,52.62468201707746
2021-03-23 00:00:00,9841.0,10445.390667693737,7980.182904021862,8012.142652004787,-2465.2078,31.95974798292554
2021-03-23 01:00:00,9734.0,10432.375007990642,7763.548103693767,7755.233182095318,-2668.827,-8.314921598449516
2021-03-23 02:00:00,9774.0,10409.351276236443,7508.456256705193,7504.045906213897,-2900.895,-4.4103504912954135
2021-03-23 03:00:00,10038.0,10429.952165991434,7498.0295585695585,7508.105738367542,-2931.9226,10.076179797983098
2021-03-23 04:00:00,10488.0,10524.879987182285,7749.481061401035,7768.863053229027,-2775.399,19.38199182799258
2021-03-23 05:00:00,10699.0,10673.636156949091,8201.547778042841,8175.592430620311,-2472.0884,-25.955347422530775
2021-03-23 06:00:00,10880.0,10818.142065197226,8507.201147228476,8506.047784283353,-2310.941,-1.1533629451230047
2021-03-23 07:00:00,10797.0,10903.522568979262,8640.570908823012,8667.44246220899,-2262.9517,26.871553385978494
2021-03-23 08:00:00,10696.0,10911.177707217288,8585.797580264163,8575.941052135078,-2325.3801,-9.856528129084058
2021-03-23 09:00:00,10570.0,10861.277344677477,8502.704102489977,8500.05078153565,-2358.5732,-2.6533209543268437
2021-03-23 10:00:00,10402.0,10790.9809213747,8241.677942859074,8225.260775868217,-2549.303,-16.41716699085765
2021-03-23 11:00:00,10209.0,10732.154967885806,7919.607604604556,7933.019017071296,-2812.5474,13.41141246673925
2021-03-23 12:00:00,10065.0,10704.230227362768,7716.421145331518,7723.663255408968,-2987.809,7.242110077449895
2021-03-23 13:00:00,10034.0,10717.080437508139,7734.747185555014,7784.9547587643065,-2982.3333,50.207573209292605
2021-03-23 14:00:00,9989.0,10769.510401792353,7788.442042417353,7822.077369672763,-2981.0684,33.6353272554099
2021-03-23 15:00:00,9996.0,10840.263596613939,8061.890305598314,8112.84494925236,-2778.3733,50.954643654046215
2021-03-23 16:00:00,10084.0,10885.457397259519,8587.166381634519,8609.09165618256,-2298.291,21.925274548040434
2021-03-23 17:00:00,10650.0,10856.927784927564,9052.060475357252,9112.580766456154,-1804.8673,60.520291098902725
2021-03-23 18:00:00,10516.0,10735.811384850693,8954.77122371788,8970.939761393112,-1781.0402,16.168537675231768
2021-03-23 19:00:00,10039.0,10554.684561739956,8321.248038302456,8297.276165678244,-2233.4365,-23.97187262421171
2021-03-23 20:00:00,10053.0,10384.008734131616,8143.196722412866,8163.44622073196,-2240.812,20.24949831909474
2021-03-23 21:00:00,9854.0,10287.013277946931,7694.190279900056,7693.158131286267,-2592.823,-1.0321486137892526
2021-03-23 22:00:00,10046.0,10276.89554674458,7628.792763541454,7669.990755086892,-2648.1028,41.19799154543783
2021-03-23 23:00:00,10046.0,10312.135159425588,7844.780423097463,7844.525430466709,-2467.3547,-0.25499263075472167
2021-03-24 00:00:00,10046.0,10335.011178890047,7753.125436702547,7730.897281917547,-2581.8857,-22.228154784999816
2021-03-24 01:00:00,10046.0,10321.271652300724,7763.523605425724,7754.667543304686,-2557.748,-8.856062121037859
2021-03-24 02:00:00,10068.5,10299.020997720163,7626.059816079538,7601.462737520197,-2672.9612,-24.597078559340513
2021-03-24 03:00:00,10119.0,10321.75430330368,7385.333649006805,7325.328658653046,-2936.4207,-60.00499035375949
2021-03-24 04:00:00,10156.5,10420.027371754788,7614.860379567288,7626.064099801607,-2805.167,11.203720234318627
2021-03-24 05:00:00,10186.0,10573.185200135247,8021.316547791497,7998.847066032958,-2551.8687,-22.46948175853983
2021-03-24 06:00:00,10250.0,10722.986536532535,8044.029993563785,8038.490914614764,-2678.9565,-5.539078949021485
2021-03-24 07:00:00,10214.0,10814.394076895174,8075.118197988924,8062.362044109848,-2739.276,-12.756153879075791
2021-03-24 08:00:00,10208.0,10828.65192921845,8014.413403827824,8004.818657427782,-2814.2385,-9.594746400042581
2021-03-24 09:00:00,10264.0,10785.782447489957,7897.868140849332,7896.361051924201,-2887.9143,-1.5070889251306756
2021-03-24 10:00:00,10238.0,10722.805299891255,7807.71814168813,7812.782404706937,-2915.0872,5.06426301880708
2021-03-24 11:00:00,10154.0,10671.454094884099,7597.537835118474,7575.100998056739,-3073.9163,-22.436837061734813
2021-03-24 12:00:00,10159.0,10651.034153284127,7451.535862268502,7426.008377220917,-3199.4983,-25.52748504758444
2021-03-24 13:00:00,10233.0,10671.302885564177,7422.221098454802,7379.644935146049,-3249.0818,-42.576163308752925
2021-03-24 14:00:00,10251.0,10730.95876296516,7574.122093043285,7543.728956719538,-3156.8367,-30.39313632374665
2021-03-24 15:00:00,10363.0,10808.648769881767,7734.729092147392,7717.595378436704,-3073.9197,-17.1337137106885
2021-03-24 16:00:00,10477.0,10860.403983293032,8405.955008683657,8420.920245891966,-2454.449,14.965237208308764
2021-03-24 17:00:00,10211.0,10837.986772210987,8826.6919724063,8798.405596609648,-2011.2948,-28.2863757966524
2021-03-24 18:00:00,10222.0,10722.476825634796,8475.567157666046,8507.72655886364,-2246.9097,32.15940119759463
2021-03-24 19:00:00,10230.0,10546.412724776428,8062.368779463928,8046.900486502202,-2484.044,-15.468292961726478
2021-03-24 20:00:00,10278.0,10380.235488498492,7949.2647853734925,7941.648848014158,-2430.9707,-7.615937359334123
2021-03-24 21:00:00,10009.0,10287.1659367958,7447.4120305458,7417.04302479041,-2839.754,-30.369005755390816
2021-03-24 22:00:00,9601.0,10280.399235819941,7422.843571757441,7391.137849685133,-2857.5557,-31.705722072308262
2021-03-24 23:00:00,9310.0,10318.417830601125,7614.04795755425,7581.6578080718145,-2704.3699,-32.39014948243598
2021-03-25 00:00:00,10231.5,10343.511979159406,7551.972428378156,7593.98022177645,-2791.5396,42.00779339829422
2021-03-25 01:00:00,10231.5,10331.4537586449,7729.7887195824005,7696.676655552809,-2601.665,-33.112064029591
2021-03-25 02:00:00,10195.5,10310.385314092473,7542.289366826848,7525.251055921369,-2768.096,-17.038310905479083
2021-03-25 03:00:00,9496.0,10333.848736767868,7281.348004345993,7276.17376490211,-3052.5007,-5.1742394438829855
2021-03-25 04:00:00,10013.0,10432.449193184117,7384.238743965367,7372.883286170508,-3048.2104,-11.355457794859134
2021-03-25 05:00:00,10384.0,10585.578695849457,7744.844076708832,7700.549547662192,-2840.7346,-44.29452904664018
2021-03-25 06:00:00,10563.0,10735.040647961141,8004.717894054891,7976.621764896053,-2730.3228,-28.096129158837982
2021-03-25 07:00:00,10551.0,10825.843087637968,8220.248361075468,8201.914691307922,-2605.5947,-18.333669767546542
2021-03-25 08:00:00,10392.0,10839.278346810863,8337.762477670238,8320.206854849015,-2501.5159,-17.555622821222606
2021-03-25 09:00:00,10292.0,10795.41867074908,8257.04269418658,8267.70205139939,-2538.376,10.659357212809793
2021-03-25 10:00:00,10161.0,10731.331398878847,8078.243019972597,8115.1855158920625,-2653.0884,36.94249591946599
2021-03-25 11:00:00,9958.0,10678.791738271138,7875.2802636617635,7902.155644557392,-2803.5115,26.875380895629085
2021-03-25 12:00:00,9870.0,10657.138505891517,7684.952959016517,7694.85494870463,-2972.1855,9.90198968811409
2021-03-25 13:00:00,9816.0,10676.153741529628,7637.074884107753,7638.897240696332,-3039.0789,1.8223565885793436
2021-03-25 14:00:00,9828.0,10734.55057104568,7767.02469213943,7767.847425880235,-2967.526,0.8227337408054797
2021-03-25 15:00:00,9911.0,10810.978874856077,7963.604851418577,7962.815284331573,-2847.374,-0.78956708700382
2021-03-25 16:00:00,10025.0,10861.459991375914,8367.933135907164,8377.13455107871,-2493.5269,9.201415171546794
2021-03-25 17:00:00,10534.0,10837.73559468621,8498.220213826835,8497.154608289658,-2339.5154,-1.0656055371756912
2021-03-25 18:00:00,10555.0,10720.857322509268,8634.057029540518,8585.508302631702,-2086.8003,-48.54872690881564
2021-03-25 19:00:00,10144.0,10543.330863471603,8265.271537299728,8255.304538820184,-2278.0593,-9.966998479544538
2021-03-25 20:00:00,10249.0,10375.558196792843,8117.263519058468,8114.104771744953,-2258.2947,-3.15874731351482
2021-03-25 21:00:00,10071.0,10280.710295152536,7643.335051011911,7654.660684000982,-2637.3752,11.325632989070952
2021-03-25 22:00:00,9626.0,10271.91747563571,7586.653559620085,7606.475377588787,-2685.264,19.82181796870179
2021-03-25 23:00:00,9326.0,10307.58263921617,7616.664426325546,7622.16996257183,-2690.9182,5.505536246284589
2021-03-26 00:00:00,9151.0,10329.90717743153,7397.177929384656,7396.979273050529,-2932.7292,-0.1986563341273588
2021-03-26 01:00:00,9206.0,10314.571785221648,7365.771492252898,7362.396749588352,-2948.8003,-3.3747426645461776
2021-03-26 02:00:00,9335.0,10289.628201030297,7184.164333842797,7119.7219173733365,-3105.4639,-64.44241646946013
2021-03-26 03:00:00,9647.0,10308.527541795755,7289.606643358255,7226.886024690972,-3018.921,-62.72061866728251
2021-03-26 04:00:00,10144.0,10401.77959883073,7561.56963789323,7566.745281411688,-2840.21,5.175643518457671
2021-03-26 05:00:00,10508.0,10548.675140077066,8021.041839295816,8044.611331161552,-2527.6333,23.569491865735184
2021-03-26 06:00:00,10682.0,10690.913792414449,8565.121556086324,8607.31551904256,-2125.7922,42.19396295623682
2021-03-26 07:00:00,10705.0,10773.403741481787,8699.892266872412,8714.828292220725,-2073.5115,14.93602534831413
2021-03-26 08:00:00,10560.0,10777.346999754365,8605.11775170749,8570.103996612192,-2172.2292,-35.013755095299054
2021-03-26 09:00:00,10462.0,10722.73718057616,8428.04186807616,8414.385473863898,-2294.6953,-13.656394212260937
2021-03-26 10:00:00,10246.0,10646.574062890799,8241.066982812674,8231.712715062466,-2405.507,-9.354267750207994
2021-03-26 11:00:00,10007.0,10580.575634846673,7955.893017659173,7952.5889510345305,-2624.6826,-3.304066624642288
2021-03-26 12:00:00,9867.0,10544.03473157978,7701.460512829781,7690.542235599446,-2842.5742,-10.91827723033499
2021-03-26 13:00:00,9817.0,10546.700564646988,7673.633425975113,7684.759576118031,-2873.0671,11.12615014291812
2021-03-26 14:00:00,9893.0,10587.267870509853,7792.799852931728,7780.080233469468,-2794.468,-12.71961946226011
2021-03-26 15:00:00,9971.0,10644.382860237598,8032.361620003223,8060.791068388898,-2612.0212,28.429448385675002
2021-03-26 16:00:00,10138.0,10674.078748552229,8509.827039567854,8498.695765387865,-2164.2517,-11.13127417998841
2021-03-26 17:00:00,10586.0,10628.127616432383,8915.90972092457,8953.02350907602,-1712.2179,37.11378815144996
2021-03-26 18:00:00,10444.0,10487.634525443338,8927.126468802713,8910.953007202792,-1560.508,-16.173461599920426
2021-03-26 19:00:00,9997.0,10285.18456536547,8423.090082943594,8403.121986793229,-1862.0945,-19.968096150366087
2021-03-26 20:00:00,10011.0,10091.28377821664,8155.422816302578,8166.300469117361,-1935.861,10.877652814783007
2021-03-26 21:00:00,9773.0,9969.226726860616,7641.005291313741,7638.481899048037,-2328.2214,-2.5233922657037215
2021-03-26 22:00:00,9322.0,9932.281712297783,7405.671116594658,7384.671082041186,-2526.6106,-21.000034553472155
2021-03-26 23:00:00,9592.0,9939.002918915587,7322.474110321837,7308.619348753089,-2616.5288,-13.854761568747588
2021-03-27 00:00:00,9578.0,9931.759841280833,7522.751296358958,7527.893790878423,-2409.0085,5.142494519465256
2021-03-27 01:00:00,9531.0,9886.42261708299,7482.061044817365,7464.021441067004,-2404.3616,-18.039603750360445
2021-03-27 02:00:00,9462.5,9831.254560096546,7257.433515174671,7224.961865625829,-2573.821,-32.471649548841874
2021-03-27 03:00:00,9462.5,9819.93587029209,7144.328936698341,7110.043725282689,-2675.607,-34.285211415652284
2021-03-27 04:00:00,9011.0,9883.215665872804,7157.999601419679,7133.609480049828,-2725.216,-24.39012136985135
2021-03-27 05:00:00,9146.0,10000.629076313715,7097.562181782465,7083.353605945051,-2903.067,-14.208575837414386
2021-03-27 06:00:00,9426.0,10114.124455226807,7593.927189601807,7556.490468951538,-2520.1973,-37.43672065026945
2021-03-27 07:00:00,9578.0,10168.865309830673,7767.234938736923,7739.485946802772,-2401.6304,-27.748991934151203
2021-03-27 08:00:00,9606.0,10146.31678520707,7900.594861378944,7856.251128466271,-2245.722,-44.34373291267271
2021-03-27 09:00:00,9578.0,10066.741086165704,7876.8692599938295,7823.507549888206,-2189.8718,-53.36171010562328
2021-03-27 10:00:00,9484.0,9967.406862250375,7661.139528266,7643.313122310923,-2306.2673,-17.826405955076567
2021-03-27 11:00:00,9441.0,9880.295958465469,7553.873839324844,7551.701058957138,-2326.422,-2.17278036770559
2021-03-27 12:00:00,9374.0,9824.956444529806,7461.211815623556,7448.193476112393,-2363.7446,-13.018339511162823
2021-03-27 13:00:00,9352.0,9811.381674522303,7439.950522178553,7416.368068250703,-2371.4312,-23.58245392785007
2021-03-27 14:00:00,9501.0,9838.496509458397,7758.491138364647,7760.093491546283,-2080.0054,1.6023531816362715
2021-03-27 15:00:00,9775.0,9885.15956870707,8057.465843121132,8073.369554410719,-1827.6937,15.903711289586902
2021-03-27 16:00:00,10087.0,9907.59589074099,8462.926335076927,8452.513522921177,-1444.6696,-10.412812155748979
2021-03-27 17:00:00,9462.5,9857.748423592273,8641.535532967273,8640.610134250828,-1216.2129,-0.925398716443987
2021-03-27 18:00:00,10098.0,9716.873652838323,8488.116084478948,8576.08592724738,-1228.7576,87.96984276843283
2021-03-27 19:00:00,9563.0,9517.68906461017,8414.86679898517,8389.961417443152,-1102.8223,-24.905381542018215
2021-03-27 20:00:00,9635.0,9330.810675389797,8038.966315038235,8051.820834338927,-1291.8444,12.854519300691946
2021-03-27 21:00:00,9506.0,9219.613887562062,7739.418819202687,7737.467722124703,-1480.1951,-1.9510970779835861
2021-03-27 22:00:00,9090.0,9197.412521313532,7305.964279126032,7347.107585382395,-1891.4482,41.143306256362514
2021-03-27 23:00:00,8764.0,9222.769362721927,7239.562453542239,7242.517824856035,-1983.2069,2.9553713137953928
2021-03-28 00:00:00,9348.0,9238.029171367409,7143.697384258034,7185.622198700296,-2094.3318,41.924814442262736
2021-03-28 01:00:00,9305.0,9219.009165786561,7342.497691177186,7338.924127830517,-1876.5115,-3.573563346668866
2021-03-28 02:00:00,8581.0,9193.893555121727,7123.187500434227,7123.558453265853,-2070.706,0.37095283162578396
2021-03-28 03:00:00,8676.0,9216.254397924236,6678.701175267986,6730.829699030769,-2537.5532,52.12852376278276
2021-03-28 04:00:00,9246.5,9316.698699189421,6728.869109345671,6664.7255239292035,-2587.8296,-64.1435854164676
2021-03-28 05:00:00,8751.0,9474.58315922032,7263.944243204694,7241.062193181322,-2210.639,-22.882050023372397
2021-03-28 06:00:00,9030.0,9631.644092401893,7099.056201776893,7124.504944867641,-2532.588,25.44874309074713
2021-03-28 07:00:00,9227.0,9732.805439884927,7466.537373478677,7486.31742878068,-2266.268,19.78005530200253
2021-03-28 08:00:00,9344.0,9759.270763369608,7677.986583682108,7697.7168716397755,-2081.2842,19.730287957667006
2021-03-28 09:00:00,9379.0,9731.021004666001,7655.588143337876,7655.202921908543,-2075.4329,-0.3852214293327846
2021-03-28 10:00:00,9395.0,9685.023728034546,7485.770798347046,7477.755853442912,-2199.253,-8.014944904134579
2021-03-28 11:00:00,9266.0,9652.93990927693,7331.476774511306,7326.316957459765,-2321.4631,-5.159817051541104
2021-03-28 12:00:00,9156.0,9653.978924552697,7164.517498771447,7183.934902660375,-2489.4614,19.41740388892745
2021-03-28 13:00:00,9184.0,9697.780884572807,7167.572632619682,7164.3597402423975,-2530.2083,-3.212892377284155
2021-03-28 14:00:00,9323.0,9782.905789000119,7340.230740171994,7337.271470659991,-2442.675,-2.9592695120024644
2021-03-28 15:00:00,9462.0,9887.837985787417,7772.022311959292,7824.593122064666,-2115.8157,52.570810105373994
2021-03-28 16:00:00,9651.0,9968.421852430853,8088.133888563665,8065.462684444236,-1880.288,-22.671204119428275
2021-03-28 17:00:00,9953.0,9976.218719759998,8218.371063509998,8214.437425227925,-1757.8477,-3.9336382820729074
2021-03-28 18:00:00,9735.0,9892.109669955253,8377.412038119315,8400.1089352308,-1514.6976,22.69689711148574
2021-03-28 19:00:00,9853.0,9748.448858205731,8203.117925588544,8149.659246452321,-1545.3309,-53.45867913622252
2021-03-28 20:00:00,9708.0,9615.5028162688,8049.6322108000495,8057.047752932118,-1565.8706,7.415542132068756
2021-03-28 21:00:00,9373.0,9556.309428134444,7654.559550204756,7610.986226669066,-1901.7499,-43.573323535689845
2021-03-28 22:00:00,9052.0,9583.85521971871,7282.552241203084,7296.957025960677,-2301.303,14.404784757593214
2021-03-28 23:00:00,8948.0,9656.388310877916,6943.8009085341655,6949.2658725798965,-2712.5874,5.464964045730959
2021-03-29 00:00:00,8843.0,9715.958516577224,7292.129659155349,7326.499184809126,-2423.8289,34.36952565377705
2021-03-29 01:00:00,8908.0,9738.115967925201,7159.948487456451,7219.630226271166,-2578.1675,59.68173881471473
2021-03-29 02:00:00,9218.0,9750.810060505213,7031.094972614588,7024.035968300649,-2719.715,-7.059004313939201
2021-03-29 03:00:00,9973.0,9807.409285944092,7290.428084772217,7263.154552076353,-2516.9812,-27.273532695863672
2021-03-29 04:00:00,10277.0,9938.344601863786,7800.756222957536,7870.202976110489,-2137.5884,69.4467531529524
2021-03-29 05:00:00,10620.0,10122.822412960286,8125.527979366536,8081.780660695806,-1997.2944,-43.7473186707298
2021-03-29 06:00:00,10732.0,10302.45713251978,8532.50498408228,8510.051629446498,-1769.9521,-22.45335463578164
2021-03-29 07:00:00,10810.0,10422.08457483207,8611.912089480507,8585.102652493142,-1810.1725,-26.809436987365405
2021-03-29 08:00:00,10878.0,10462.858121231382,8663.993863418882,8682.856543966105,-1798.8643,18.862680547223842
2021-03-29 09:00:00,10831.0,10444.746859740259,8696.607089232446,8686.19103172779,-1748.1398,-10.416057504656221
2021-03-29 10:00:00,10695.0,10404.742128058473,8623.61261145691,8625.085459408787,-1781.1295,1.4728479518766011
2021-03-29 11:00:00,10574.0,10374.561212523164,8402.355646116914,8404.92651749408,-1972.2056,2.570871377165605
2021-03-29 12:00:00,10511.0,10373.500630517747,8197.114888330247,8178.404870319591,-2176.3857,-18.710018010655745
2021-03-29 13:00:00,10435.0,10411.317576034276,8059.0224100186515,8040.2182915445555,-2352.2952,-18.804118474095965
2021-03-29 14:00:00,10452.0,10486.717391378506,8145.827498800381,8139.029980296497,-2340.89,-6.797518503884119
2021-03-29 15:00:00,10455.0,10578.35521960968,8302.894037969056,8284.46584886663,-2275.4612,-18.428189102425396
2021-03-29 16:00:00,10513.0,10642.269346716836,8716.473936560586,8712.165133574315,-1925.7954,-4.308802986270743
2021-03-29 17:00:00,10674.0,10630.237913660994,9017.688719325057,9025.842784647773,-1612.5492,8.154065322716653
2021-03-29 18:00:00,10268.0,10523.38301639627,8926.805135536895,8894.723199509672,-1596.5779,-32.08193602722293
2021-03-29 19:00:00,10279.0,10354.323860153105,8562.21570585623,8527.820998787724,-1792.1082,-34.39470706850538
2021-03-29 20:00:00,10113.0,10193.611718981056,8268.082788316993,8234.508394571329,-1925.5289,-33.57439374566449
2021-03-29 21:00:00,9659.0,10104.580889794182,7809.387286278557,7765.492193786541,-2295.1936,-43.89509249201679
2021-03-29 22:00:00,10392.5,10100.518141133838,8032.705152852588,8124.280591905873,-2067.813,91.57543905328443
2021-03-29 23:00:00,10314.5,10139.972080392734,8312.287510080234,8345.26959395798,-1827.6846,32.98208387774666
2021-03-30 00:00:00,10273.5,10165.294534839413,8382.370340503476,8436.504084898572,-1782.9242,54.133744395095206
2021-03-30 01:00:00,10237.0,10152.341732380257,8213.683773395882,8271.278609171157,-1938.658,57.59483577527547
2021-03-30 02:00:00,10183.5,10129.372388591579,7805.476392497829,7814.4482668190285,-2323.896,8.971874321199873
2021-03-30 03:00:00,9916.0,10150.061586815966,7584.871889550341,7604.194638257106,-2565.1897,19.322748706765555
2021-03-30 04:00:00,10206.0,10245.135902508848,7729.257484540098,7722.938437964995,-2515.8784,-6.319046575103499
2021-03-30 05:00:00,10465.0,10394.08055041192,8001.175521115045,7986.833649072984,-2392.905,-14.341872042060702
2021-03-30 06:00:00,10509.0,10538.771016502016,8440.088399314516,8457.798969615884,-2098.6826,17.710570301366904
2021-03-30 07:00:00,10463.0,10624.2887867831,8473.4049977206,8514.265362448888,-2150.8838,40.8603647282895
2021-03-30 08:00:00,10440.0,10632.019200374853,8444.158360531103,8454.099878913552,-2187.8608,9.941518382448661
2021-03-30 09:00:00,10350.0,10582.148064508074,8432.831414117449,8439.07330342637,-2149.3167,6.241889308921508
2021-03-30 10:00:00,10161.0,10511.864189174366,8498.302299525929,8504.023517811633,-2013.5619,5.7212182857046665
2021-03-30 11:00:00,10021.0,10453.059291236432,8168.261439673932,8215.562957160379,-2284.7979,47.30151748644753
2021-03-30 12:00:00,9934.0,10425.17947122559,7983.4021274755905,7986.635929859678,-2441.7773,3.2338023840875474
2021-03-30 13:00:00,9901.0,10438.106270752784,7898.5789270027835,7904.9330485382125,-2539.5273,6.354121535428898
2021-03-30 14:00:00,9936.0,10490.643548999435,8030.515131030685,8049.662463363908,-2460.1284,19.147332333223087
2021-03-30 15:00:00,9987.0,10561.517983062637,8324.922768218887,8306.69936768375,-2236.5952,-18.223400535136793
2021-03-30 16:00:00,10093.0,10606.812267339299,8712.691417729924,8700.510322482342,-1894.1208,-12.181095247582876
2021-03-30 17:00:00,10352.0,10578.324319169622,8845.97458772431,8829.145616094862,-1732.3497,-16.828971629446933
2021-03-30 18:00:00,10144.0,10457.17585764553,8807.54792795803,8831.38775197116,-1649.6279,23.839824013130023
2021-03-30 19:00:00,10107.0,10275.96899538465,8500.688599876838,8498.363523143084,-1775.2804,-2.325076733754373
2021-03-30 20:00:00,9894.0,10105.22083947954,8154.14320276079,8149.164528364968,-1951.0776,-4.978674395821687
2021-03-30 21:00:00,9443.0,10008.210737905612,7638.197554311862,7624.745976963884,-2370.0132,-13.451577347979121
2021-03-30 22:00:00,10004.0,9998.146474843024,7826.260976796149,7831.851464840475,-2171.8855,5.590488044325596
2021-03-30 23:00:00,9966.5,10033.474856220279,8049.004763446841,8043.656444975248,-1984.4701,-5.348318471593413
2021-03-31 00:00:00,9941.0,10056.429329371893,8116.914680934393,8146.072521793162,-1939.5146,29.1578408587689
2021-03-31 01:00:00,9941.0,10042.738777212584,8027.588142446959,8026.612682789686,-2015.1506,-0.975459657273128
2021-03-31 02:00:00,9270.0,10020.529830743015,7965.69560222739,7986.806329002386,-2054.8342,21.110726774996063
2021-03-31 03:00:00,9946.0,10043.339856640863,7611.931409375238,7693.229251235669,-2431.4084,81.29784186043095
2021-03-31 04:00:00,10230.0,10141.748806883825,7919.11037914945,7935.3567435465975,-2222.6384,16.246364397147403
2021-03-31 05:00:00,10372.0,10295.085356617199,8410.038237476574,8401.908355827793,-1885.0471,-8.129881648780742
2021-03-31 06:00:00,10473.0,10445.062228899551,8681.157443743301,8677.562455713813,-1763.9048,-3.5949880294876517
2021-03-31 07:00:00,10332.0,10536.59862759506,8660.35448697006,8653.450599108666,-1876.2441,-6.903887861393388
2021-03-31 08:00:00,10179.0,10550.923841564996,8665.165906994684,8651.863043213632,-1885.7579,-13.302863781051567
2021-03-31 09:00:00,10031.0,10508.076051099344,8524.741456372782,8518.057108640029,-1983.3346,-6.684347732752716
2021-03-31 10:00:00,9837.0,10445.104182781035,8237.34710270291,8232.0591351591,-2207.757,-5.287967543810313
2021-03-31 11:00:00,9690.0,10393.766925641481,7962.119708844606,7980.408920263982,-2431.6472,18.289211419375256
2021-03-31 12:00:00,9659.0,10373.38485921178,7789.466890461779,7797.899529955208,-2583.918,8.432639493428443
2021-03-31 13:00:00,9682.0,10393.723107222895,7797.289513472895,7806.420103464316,-2596.4336,9.130589991420223
2021-03-31 14:00:00,9760.0,10453.479114834297,7895.942982021797,7884.063204277419,-2557.5361,-11.879777744379169
2021-03-31 15:00:00,9873.0,10531.282994925832,8182.635289847707,8190.635900014217,-2348.6477,8.000610166510649
2021-03-31 16:00:00,10076.0,10583.131081416746,8563.504860713621,8585.469385054663,-2019.6262,21.964524341041262
2021-03-31 17:00:00,10318.0,10560.747627692885,8933.123115974135,8944.928536638707,-1627.6245,11.805420664572093
2021-03-31 18:00:00,10123.0,10445.197375375505,8892.454211313005,8914.967592612278,-1552.7432,22.513381299274048
2021-03-31 19:00:00,10108.0,10269.04462290372,8570.188421731846,8610.26174594234,-1698.8562,40.07332421049373
2021-03-31 20:00:00,9869.0,10102.786057342213,8186.358445037526,8202.64333381636,-1916.4276,16.28488877883569
2021-03-31 21:00:00,9476.0,10009.692460374958,7705.749100999958,7718.163279100859,-2303.9434,12.41417810090089
2021-03-31 22:00:00,9871.0,10002.96942789769,7951.9791935226895,7982.803685289077,-2050.9902,30.824491766388213
2021-03-31 23:00:00,9883.5,10041.066599911017,8292.44709307508,8274.890204954345,-1748.6195,-17.556888120734474
2021-04-01 00:00:00,9883.5,10066.2286348605,8265.959713962062,8261.984874424374,-1800.2689,-3.974839537689122
2021-04-01 01:00:00,9883.5,10054.208468775061,8164.339084009436,8136.3366445367,-1889.8694,-28.002439472736302
2021-04-01 02:00:00,9433.0,10033.170488891916,7938.779131470041,7873.495823603704,-2094.3914,-65.28330786633667
2021-04-01 03:00:00,10003.0,10056.699099313706,8040.3200709933935,8113.5960114413265,-2016.379,73.2759404479325
2021-04-01 04:00:00,10233.0,10155.423654021695,8241.979440154508,8254.598880328014,-1913.4442,12.619440173506172
2021-04-01 05:00:00,10472.0,10308.719884537828,8523.20633473314,8484.558762524104,-1785.5135,-38.647572209036625
2021-04-01 06:00:00,10498.0,10458.34521137667,8863.918087353233,8847.136364022204,-1594.4271,-16.781723331029035
2021-04-01 07:00:00,10334.0,10549.264223193499,8938.061952685686,8913.662726409755,-1611.2023,-24.39922627593068
2021-04-01 08:00:00,10087.0,10562.754474421397,8899.94893242921,8876.79179933613,-1662.8055,-23.157133093080365
2021-04-01 09:00:00,10052.0,10518.904076103274,8744.537865165774,8719.308839437741,-1774.3662,-25.229025728033562
2021-04-01 10:00:00,9894.0,10454.809662257667,8615.683929835792,8597.786850794477,-1839.1257,-17.897079041315603
2021-04-01 11:00:00,9781.0,10402.271552363454,8350.466376582204,8346.312552958188,-2051.8052,-4.153823624016012
2021-04-01 12:00:00,9724.0,10380.643848635691,8169.727588870066,8163.024050519964,-2210.9163,-6.703538350102142
2021-04-01 13:00:00,9708.0,10399.7163244792,8173.591812760449,8147.175242096813,-2226.1245,-26.416570663635536
2021-04-01 14:00:00,9766.0,10458.201093117426,8285.885419289301,8282.925632933402,-2172.3157,-2.9597863558990896
2021-04-01 15:00:00,9862.0,10534.73116937839,8564.389738714328,8561.256957070833,-1970.3414,-3.132781643495377
2021-04-01 16:00:00,9983.0,10585.293146556782,8671.81743854897,8678.334863204855,-1913.4757,6.5174246558861135
2021-04-01 17:00:00,10224.0,10561.590572751184,8894.146969235559,8906.48476757144,-1667.4436,12.337798335881939
2021-04-01 18:00:00,10049.0,10444.660119521723,8877.654870498285,8882.081849042295,-1567.0052,4.426978544009973
2021-04-01 19:00:00,10077.0,10267.033165477013,8732.722252391075,8726.253157016763,-1534.3109,-6.469095374312491
2021-04-01 20:00:00,9934.0,10099.167322556548,8442.159387986236,8455.251641195717,-1657.0079,13.092253209481449
2021-04-01 21:00:00,9478.0,10004.283481731172,7880.593784465547,7868.503936263571,-2123.6897,-12.089848201976613
2021-04-01 22:00:00,9097.0,9995.52233902057,8015.693481598695,7984.994817499248,-1979.8289,-30.69866409944774
2021-04-01 23:00:00,9638.0,10031.253932815685,8040.362331253185,8075.56236402784,-1990.8916,35.20003277465457
2021-04-02 00:00:00,9569.5,9678.935767929193,8088.052833358881,8093.7956863140535,-1590.8829,5.742852955172312
2021-04-02 01:00:00,9518.0,9663.624016154363,7953.492912638738,7963.394607597023,-1710.1311,9.90169495828537
2021-04-02 02:00:00,9048.0,9638.696122928113,7563.892411990613,7531.177823611301,-2074.8037,-32.71458837931206
2021-04-02 03:00:00,9187.0,9657.645442890527,7352.331966328027,7362.036765855871,-2305.3135,9.704799527843843
2021-04-02 04:00:00,9189.0,9751.005878249758,7574.574481765383,7564.112474281802,-2176.4314,-10.462007483581223
2021-04-02 05:00:00,9424.0,9898.051839261723,7752.184651761723,7742.8312517456625,-2145.8672,-9.353400016060633
2021-04-02 06:00:00,9588.0,10040.43689482677,8027.710332326769,8066.873377262988,-2012.7266,39.16304493621806
2021-04-02 07:00:00,9692.0,10123.025708560124,8072.492505435124,8085.617637895369,-2050.5332,13.125132460244469
2021-04-02 08:00:00,9688.0,10127.00544718332,8169.445144448944,8178.9869620904165,-1957.5603,9.541817641472315
2021-04-02 09:00:00,9551.0,10072.385527319797,8086.879179663547,8094.346655293874,-1985.5063,7.467475630327596
2021-04-02 10:00:00,9359.0,9996.194967197745,7990.355123447745,7993.2160081076345,-2005.8398,2.8608846598888182
2021-04-02 11:00:00,9367.0,9930.17682073248,7686.41607854498,7704.543153769898,-2243.7607,18.127075224917903
2021-04-02 12:00:00,9485.0,9893.639171601975,7515.9245719926,7497.047980500215,-2377.7146,-18.876591492384826
2021-04-02 13:00:00,9501.0,9896.338939510155,7514.01935943203,7512.090942113675,-2382.3196,-1.9284173183551445
2021-04-02 14:00:00,9549.0,9936.969835197478,7745.8834094162285,7741.449136796182,-2191.0864,-4.434272620046345
2021-04-02 15:00:00,9644.0,9994.161204450042,8079.926463239104,8093.563270424826,-1914.2347,13.636807185721935
2021-04-02 16:00:00,9797.0,10023.911531448692,8380.112337112754,8392.531641134221,-1643.7992,12.419304021467616
2021-04-02 17:00:00,9963.0,9977.95480079418,8528.07296485668,8558.957509745549,-1449.8818,30.884544888869193
2021-04-02 18:00:00,9892.0,9837.38115301705,8484.554859071737,8437.089184440762,-1352.8263,-47.46567463097578
2021-04-02 19:00:00,9989.0,9634.801428949477,8298.90213695729,8299.287861678318,-1335.8993,0.3857247210288784
2021-04-02 20:00:00,9824.0,9440.77738045382,8051.509069906944,8016.38497402994,-1389.2683,-35.12409587700368
2021-04-02 21:00:00,9453.0,9318.653581886823,7542.431291847761,7504.061297066361,-1776.2223,-38.36999478140064
2021-04-02 22:00:00,9132.0,9281.708822188959,7524.061605392084,7543.5419764397275,-1757.6472,19.48037104764392
2021-04-02 23:00:00,8930.0,9288.464547516693,7327.46296060263,7329.351234095354,-1961.0016,1.8882734927236395
2021-04-03 00:00:00,8888.0,9655.985212494556,7492.5660230414305,7525.289617090949,-2163.4192,32.72359404951858
2021-04-03 01:00:00,8961.0,9610.642690917186,7356.246694823436,7309.539681491734,-2254.396,-46.70701333170178
2021-04-03 02:00:00,9058.0,9555.461355263345,7154.8085232320955,7126.939530876973,-2400.6528,-27.868992355123016
2021-04-03 03:00:00,9142.0,9544.163820467458,7108.562746248708,7095.940214072658,-2435.601,-12.622532176050571
2021-04-03 04:00:00,9174.0,9607.523503021961,7270.733463959461,7257.839853565175,-2336.79,-12.893610394286062
2021-04-03 05:00:00,9410.0,9725.059370609111,7480.504438968486,7492.503086787147,-2244.555,11.998647818661349
2021-04-03 06:00:00,9563.0,9838.6739215423,7919.924287753238,7939.137497351303,-1918.7496,19.213209598064942
2021-04-03 07:00:00,9588.0,9893.487348596469,8175.388471643344,8199.299456750867,-1718.0989,23.91098510752234
2021-04-03 08:00:00,9519.0,9870.95016160273,8227.677822735543,8223.243802881234,-1643.2723,-4.434019854309279
2021-04-03 09:00:00,9377.0,9791.340579948455,8028.742435417205,8045.952507426531,-1762.5981,17.210072009325792
2021-04-03 10:00:00,9264.0,9691.956702480458,7845.353430996083,7809.191633391033,-1846.6033,-36.1617976050499
2021-04-03 11:00:00,9256.0,9604.805646450217,7630.056378872092,7648.553483218273,-1974.7493,18.497104346181235
2021-04-03 12:00:00,9254.0,9549.450930878711,7527.406009003711,7543.497727930696,-2022.0449,16.091718926984676
2021-04-03 13:00:00,9392.0,9535.893810816102,7552.673962183289,7562.15238950148,-1983.2198,9.478427318190088
2021-04-03 14:00:00,9605.0,9563.058304260583,7890.680130432458,7899.238616643264,-1672.3782,8.558486210806157
2021-04-03 15:00:00,9843.0,9609.786335790865,8218.60738071274,8219.863898586626,-1391.179,1.2565178738854688
2021-04-03 16:00:00,9968.0,9632.268369540627,8542.585019931252,8514.662567445303,-1089.6833,-27.922452485948316
2021-04-03 17:00:00,10026.0,9582.409397181093,8832.76718526703,8774.508405930323,-749.6422,-58.2587793367071
2021-04-03 18:00:00,9899.0,9441.451105273827,8603.222162402733,8573.925830453836,-838.22894,-29.296331948896487
2021-04-03 19:00:00,9928.0,9242.136833359806,8555.485588242618,8529.093306182389,-686.65125,-26.392282060229203
2021-04-03 20:00:00,9741.0,9055.13838903727,8292.542624877115,8239.733569102133,-762.59576,-52.809055774982035
2021-04-03 21:00:00,9371.0,8943.881245041668,7927.311725998699,7887.263951735591,-1016.5695,-40.04777426310809
2021-04-03 22:00:00,9030.0,8921.689744899688,7335.95402712625,7360.1624384022725,-1585.7357,24.208411276022485
2021-04-03 23:00:00,8834.0,8947.093947554366,7062.0146018512405,7049.840784363144,-1885.0793,-12.173817488096592
2021-04-04 00:00:00,8741.0,8962.39307479456,7101.06885604456,7118.684164985293,-1861.3242,17.615308940733897
2021-04-04 01:00:00,8733.0,8943.385249387999,6981.636225950499,7000.877149485744,-1961.749,19.240923535245507
2021-04-04 02:00:00,8791.0,8918.276951536693,6810.706883177318,6748.354721709502,-2107.57,-62.35216146781608
2021-04-04 03:00:00,8810.0,8940.68256507095,6715.480416633451,6704.541686697507,-2225.2021,-10.938729935943115
2021-04-04 04:00:00,8765.0,9041.233278780812,6633.824343233937,6607.558732705861,-2407.409,-26.26561052807545
2021-04-04 05:00:00,8960.0,9199.269492542795,6964.012168324045,6965.386808711303,-2235.2573,1.3746403872583726
2021-04-04 06:00:00,9136.0,9356.481503595161,7369.131039727974,7380.076971160629,-1987.3505,10.945931432654945
2021-04-04 07:00:00,9177.0,9457.74975474598,7594.161009628793,7617.607346748565,-1863.5887,23.446337119771908
2021-04-04 08:00:00,9183.0,9484.262967901466,7668.730619268654,7675.789552148512,-1815.5323,7.0589328798579265
2021-04-04 09:00:00,9122.0,9456.017875891164,7709.934013586477,7697.554506871842,-1746.0839,-12.37950671463467
2021-04-04 10:00:00,9010.0,9410.011251524036,7484.852071836536,7479.40923017886,-1925.1592,-5.442841657676744
2021-04-04 11:00:00,8929.0,9377.929086927561,7202.374155286936,7195.67080443545,-2175.555,-6.703350851486372
2021-04-04 12:00:00,8849.0,9378.9959386467,7140.5838292717,7187.97117229242,-2238.412,47.38734302072039
2021-04-04 13:00:00,8876.0,9422.859538803059,7133.501140365559,7135.498427081179,-2289.3584,1.997286715620328
2021-04-04 14:00:00,9036.0,9508.07875627025,7235.873434004625,7238.040160858284,-2272.2053,2.1667268536590027
2021-04-04 15:00:00,9139.0,9613.120950772633,7629.168558194508,7599.828498754375,-1983.9524,-29.3400594401326
2021-04-04 16:00:00,9262.0,9693.795629001072,7954.917699313572,7955.055482345859,-1738.8779,0.1377830322868987
2021-04-04 17:00:00,9458.0,9701.625868555388,8040.498305078825,8043.116947909231,-1661.1276,2.618642830406751
2021-04-04 18:00:00,9409.0,9617.47765801837,8070.568356260557,8051.034752494974,-1546.9093,-19.53360376558352
2021-04-04 19:00:00,9538.0,9473.730716352195,8010.177493695945,7997.360650360134,-1463.5532,-12.816843335810747
2021-04-04 20:00:00,9472.0,9340.707084313817,8069.72331966538,8035.769676665795,-1270.9838,-33.9536429995852
2021-04-04 21:00:00,9094.0,9281.494444221313,7683.39910730725,7729.5077321370245,-1598.0953,46.108624829774335
2021-04-04 22:00:00,8789.0,9309.08958583469,7241.625962787815,7228.009623989848,-2067.4636,-13.616338797967897
2021-04-04 23:00:00,8589.0,9381.707657207007,7132.135635722632,7110.785633924104,-2249.572,-21.350001798527707
2021-04-05 00:00:00,8498.0,9441.352707880247,7055.284104364622,7033.87704309194,-2386.0686,-21.407061272681513
2021-04-05 01:00:00,8594.0,9463.555564526812,6887.389793042437,6911.223852197634,-2576.1658,23.834059155196506
2021-04-05 02:00:00,8807.0,9476.287705958608,6850.624864161733,6826.734380076759,-2625.6628,-23.890484084973355
2021-04-05 03:00:00,8919.0,9532.959783625201,6815.738836359576,6814.764814403212,-2717.221,-0.974021956364506
2021-04-05 04:00:00,8928.0,9664.0267972848,7050.792178144175,7025.384040321229,-2613.2346,-25.40813782294589
2021-04-05 05:00:00,9172.0,9848.67873441847,7224.18703519972,7183.846279522975,-2624.4917,-40.3407556767455
2021-04-05 06:00:00,9418.0,10028.483900137864,7718.455091544114,7763.7157846690025,-2310.0288,45.26069312488803
2021-04-05 07:00:00,9616.0,10148.234545753405,7910.15812973778,7926.858874784568,-2238.0764,16.700745046788253
2021-04-05 08:00:00,9724.0,10189.069174865892,8139.851889709642,8125.640062970428,-2049.2173,-14.211826739214045
2021-04-05 09:00:00,9761.0,10170.972655390624,8243.677611445311,8234.941653987014,-1927.295,-8.735957458296625
2021-04-05 10:00:00,9702.0,10130.96554904113,8012.47531466613,7980.229207148399,-2118.4902,-32.24610751773046
2021-04-05 11:00:00,9683.0,10100.790200100655,7901.738930569405,7883.237118189145,-2199.0513,-18.501812380259995
2021-04-05 12:00:00,9680.0,10099.758373411529,7710.713939817779,7672.6592088841835,-2389.0444,-38.05473093359531
2021-04-05 13:00:00,9793.0,10137.634975914363,7758.191616539363,7765.6512136343545,-2379.4434,7.4595970949916035
2021-04-05 14:00:00,9904.0,10213.124333950378,7979.003484341003,7993.902603760382,-2234.1208,14.899119419378815
2021-04-05 15:00:00,9998.0,10304.864739063518,8268.166741016643,8327.526029141261,-2036.698,59.359288124619
2021-04-05 16:00:00,10158.0,10368.859763372704,8678.552878607079,8693.315465540214,-1690.3069,14.76258693313508
2021-04-05 17:00:00,10181.0,10356.849470006788,8826.94871317085,8802.415115154383,-1529.9008,-24.533598016467536
2021-04-05 18:00:00,9975.0,10249.94105320618,8744.94837742493,8740.620231091405,-1504.9927,-4.328146333523517
2021-04-05 19:00:00,10091.0,10080.779488211247,8509.553902273747,8490.637091410288,-1571.2256,-18.916810863458018
2021-04-05 20:00:00,10014.0,9919.971776482957,8094.808690545457,8078.28491914333,-1825.1631,-16.523771402127075
2021-04-05 21:00:00,9623.0,9830.902241493239,7823.119648719801,7854.043301927682,-2007.7826,30.92365320788018
2021-04-05 22:00:00,9409.0,9826.868151338333,7635.282457978958,7620.515657565988,-2191.5857,-14.766800412970044
2021-04-05 23:00:00,9228.0,9866.3853823522,7585.410528836575,7579.179425911678,-2280.9749,-6.231102924897795
2021-04-06 00:00:00,9169.0,9891.76023973696,7719.557358877584,7720.554711848209,-2172.203,0.9973529706252985
2021-04-06 01:00:00,9328.0,9878.829890570123,7490.967585882623,7549.46431505743,-2387.8623,58.49672917480674
2021-04-06 02:00:00,9603.0,9855.87537509318,7382.831918061929,7391.593059638243,-2473.0435,8.761141576313658
2021-04-06 03:00:00,10099.0,9876.614173468999,7507.419593390874,7502.852530462148,-2369.1946,-4.567062928725896
2021-04-06 04:00:00,10429.0,9971.797133644488,7935.7694236835505,7968.540120469199,-2036.0277,32.770696785648305
2021-04-06 05:00:00,10827.0,10120.893274768338,8495.928797229275,8499.805849638333,-1624.9645,3.877052409058004
2021-04-06 06:00:00,10880.0,10265.732185577364,8789.442146514864,8836.868584331074,-1476.29,47.426437816209294
2021-04-06 07:00:00,10753.0,10351.351987567976,8855.366147724226,8860.825842254182,-1495.9858,5.459694529956698
2021-04-06 08:00:00,10711.0,10359.123326499333,8831.375157554021,8850.076964215792,-1527.7482,18.70180666177094
2021-04-06 09:00:00,10680.0,10309.247958368056,8813.270785516494,8813.153333898892,-1495.9772,-0.11745161760118081
2021-04-06 10:00:00,10459.0,10238.9440692963,8641.446144491612,8639.969500307676,-1597.4979,-1.476644183936073
2021-04-06 11:00:00,10374.0,10180.12856848634,8361.006864384777,8353.43768784219,-1819.1217,-7.569176542586436
2021-04-06 12:00:00,10335.0,10152.26291975561,8132.533183427486,8151.723133491813,-2019.7297,19.189950064327245
2021-04-06 13:00:00,10442.0,10165.236474411462,8129.228173630212,8097.015270993445,-2036.0083,-32.21290263676717
2021-04-06 14:00:00,10456.0,10217.852152979822,8280.584330714197,8286.88432577443,-1937.2678,6.299995060233451
2021-04-06 15:00:00,10469.0,10288.819838810206,8610.719497013331,8599.2689784076,-1678.1003,-11.450518605731805
2021-04-06 16:00:00,10536.0,10334.18755077148,8875.266041982417,8859.089799210382,-1458.9215,-16.176242772034342
2021-04-06 17:00:00,10606.0,10305.715147625755,9141.54546989138,9161.05368168909,-1164.1697,19.508211797711
2021-04-06 18:00:00,10425.0,10184.509447453303,8882.175585148616,8899.064657579513,-1302.3339,16.8890724308961
2021-04-06 19:00:00,10361.0,10003.198315791506,8726.036816768068,8739.616742675646,-1277.1615,13.579925907578176
2021-04-06 20:00:00,10140.0,9832.354553128891,8412.798766996078,8423.69549714218,-1419.5558,10.896730146101007
2021-04-06 21:00:00,9787.0,9735.307484264751,7974.795765514751,8012.043585080712,-1760.5117,37.24781956596047
2021-04-06 22:00:00,10399.5,9725.275328620739,7744.041563972301,7728.200493125767,-1981.2338,-15.841070846534535
2021-04-06 23:00:00,10371.0,9760.672083602967,8206.800501571717,8233.82818740785,-1553.8716,27.027685836132953
2021-04-07 00:00:00,10364.5,9783.685585352932,8282.554481837307,8328.005434661833,-1501.1311,45.450952824524414
2021-04-07 01:00:00,10364.5,9770.02555675133,8074.662519641955,8115.139954260516,-1695.363,40.47743461856025
2021-04-07 02:00:00,10295.0,9747.840845830915,8035.2638194637275,8043.188634123132,-1712.577,7.924814659404903
2021-04-07 03:00:00,10042.0,9770.711101732764,7806.040203295264,7776.126772637583,-1964.6709,-29.91343065768178
2021-04-07 04:00:00,10368.0,9869.240429558893,8080.862988152643,8098.404071540258,-1788.3774,17.541083387615295
2021-04-07 05:00:00,10609.0,10022.741186224577,8376.440893255827,8345.419709820908,-1646.3003,-31.02118343491909
2021-04-07 06:00:00,10678.0,10172.880073325432,8692.38629891137,8702.805294921705,-1480.4938,10.418996010335203
2021-04-07 07:00:00,10581.0,10264.532806078549,8796.895843187924,8807.892970216215,-1467.637,10.99712702829187
2021-04-07 08:00:00,10507.0,10278.91385751691,8750.406655368473,8767.180009145093,-1528.5072,16.773353776619583
2021-04-07 09:00:00,10444.0,10236.077237409045,8762.248990338732,8777.337358824167,-1473.8282,15.088368485434879
2021-04-07 10:00:00,10229.0,10173.101133768832,8557.456358378207,8571.831593700572,-1615.6448,14.37523532236381
2021-04-07 11:00:00,10045.0,10121.769319136345,8277.29397733947,8277.406417389413,-1844.4753,0.11244004994215906
2021-04-07 12:00:00,9958.0,10101.417634522411,8136.204133545849,8129.854547122524,-1965.2135,-6.349586423324812
2021-04-07 13:00:00,9944.0,10121.818919573323,8084.0741685967605,8054.21084338135,-2037.7448,-29.863325215410335
2021-04-07 14:00:00,10049.0,10181.669595883717,8102.751627133717,8082.446763898122,-2078.918,-20.30486323559506
2021-04-07 15:00:00,10113.0,10259.582907231077,8368.98634961389,8354.846313085234,-1890.5966,-14.140036528656017
2021-04-07 16:00:00,10138.0,10311.52044670761,8608.202209402922,8580.627467754095,-1703.3182,-27.574741648827146
2021-04-07 17:00:00,10210.0,10289.16835421727,8740.44862765477,8747.955092306835,-1548.7197,7.506464652063431
2021-04-07 18:00:00,10155.0,10173.576426015501,8639.563608632689,8652.848244170003,-1534.0128,13.28463553731457
2021-04-07 19:00:00,10145.0,9997.33467962624,8421.370202087177,8448.748263586598,-1575.9645,27.378061499421882
2021-04-07 20:00:00,10022.0,9830.995472069822,8057.143421288572,8064.296549852601,-1773.852,7.153128564028219
2021-04-07 21:00:00,9686.0,9737.87954830786,7763.529572721922,7758.511212323918,-1974.35,-5.018360398004134
2021-04-07 22:00:00,10106.0,9731.202935499394,7835.608208936894,7881.342711433053,-1895.5947,45.73450249616
2021-04-07 23:00:00,10074.0,9769.382469932465,8115.5591056746525,8073.664170381083,-1653.8234,-41.89493529356992
2021-04-08 00:00:00,10074.0,9794.617211734107,8546.163964663794,8536.4885783209,-1248.4532,-9.675386342894093
2021-04-08 01:00:00,10074.0,9782.640956892412,8411.15011216585,8410.590983083348,-1371.4908,-0.5591290825015359
2021-04-08 02:00:00,10074.0,9761.640335816523,8085.12947155871,8078.172231942986,-1676.5109,-6.95723961572369
2021-04-08 03:00:00,10099.0,9785.24206627908,7708.945679560329,7694.042771166888,-2076.2964,-14.902908393440962
2021-04-08 04:00:00,10418.0,9884.099690462539,8144.1715898766015,8169.82611984236,-1739.9281,25.654529965758556
2021-04-08 05:00:00,9977.5,10037.572659446188,8435.369900657126,8440.092309125286,-1602.2028,4.7224084681610154
2021-04-08 06:00:00,10473.0,10187.372411541684,8395.34628849481,8418.135496521265,-1792.0261,22.78920802645583
2021-04-08 07:00:00,10303.0,10278.420086273862,8721.54789389105,8704.215971793308,-1556.8722,-17.331922097741828
2021-04-08 08:00:00,10192.0,10291.978460760685,8646.759710760685,8672.444190813954,-1645.2188,25.684480053268313
2021-04-08 09:00:00,10120.0,10248.151511899077,8547.158714047515,8566.701849873181,-1700.9928,19.54313582566727
2021-04-08 10:00:00,9972.0,10184.065168236628,8326.499494408503,8328.087399018605,-1857.5657,1.5879046101021366
2021-04-08 11:00:00,9874.0,10131.54486150251,8029.754578299386,8058.295799516656,-2101.7903,28.54122121727082
2021-04-08 12:00:00,9800.0,10109.959978821253,7894.473162415003,7913.393094115235,-2215.4868,18.919931700232386
2021-04-08 13:00:00,9767.0,10129.108026795082,7852.118768982582,7853.066587344139,-2276.9893,0.9478183615578283
2021-04-08 14:00:00,9802.0,10187.700105457772,7995.294099598397,7977.911520225521,-2192.406,-17.382579372876407
2021-04-08 15:00:00,9871.0,10264.352363356065,8282.546088942003,8311.605826078787,-1981.8063,29.059737136784182
2021-04-08 16:00:00,9983.0,10315.01664784728,8450.779709370718,8418.511633058662,-1864.2369,-32.268076312056095
2021-04-08 17:00:00,10122.0,10291.35838012314,8623.06394652939,8595.94187031424,-1668.2944,-27.122076215150273
2021-04-08 18:00:00,10150.0,10174.39926452389,8567.988253781703,8554.879292603642,-1606.411,-13.108961178061662
2021-04-08 19:00:00,10127.0,9996.696368439627,8439.812945588064,8451.622584320266,-1556.8834,11.80963873220276
2021-04-08 20:00:00,9941.0,9828.762935238847,8088.925288754472,8092.457714428741,-1739.8376,3.5324256742695637
2021-04-08 21:00:00,9610.0,9733.869772747614,7810.302267864801,7801.936747590592,-1923.5675,-8.365520274209597
2021-04-08 22:00:00,9956.5,9725.16795437128,7937.768296168155,7879.3152577967185,-1787.3997,-58.45303837143597
2021-04-08 23:00:00,9962.0,9760.994654219274,8114.548853438024,8091.0892088023265,-1646.4458,-23.45964463569765
2021-04-09 00:00:00,10052.5,9783.459935918563,8426.010473027938,8440.697774071505,-1357.4495,14.687301043566798
2021-04-09 01:00:00,10124.5,9768.20607326119,8407.267840839315,8411.756615030785,-1360.9382,4.488774191469958
2021-04-09 02:00:00,9631.0,9743.329142238601,8118.1180826682885,8141.354988332198,-1625.211,23.236905663909624
2021-04-09 03:00:00,10127.0,9762.364733034427,7912.2597525656765,7967.928310833268,-1850.105,55.66855826759206
2021-04-09 04:00:00,10416.0,9855.870856475487,8248.765631866112,8238.995180506052,-1607.1052,-9.770451360059813
2021-04-09 05:00:00,10680.0,10003.10556271484,8518.81308224609,8451.424068821203,-1484.2925,-67.38901342488593
2021-04-09 06:00:00,10801.0,10145.67636014707,8824.094084756445,8784.977222178442,-1321.5823,-39.116862578002866
2021-04-09 07:00:00,10901.0,10228.40438773765,8891.252410198587,8851.936738561051,-1337.152,-39.31567163753638
2021-04-09 08:00:00,10976.0,10232.46196367247,8875.19829179747,8889.534019386154,-1357.2637,14.335727588684144
2021-04-09 09:00:00,10946.0,10177.87430496936,8818.697791297485,8819.553740866659,-1359.1765,0.8559495691724907
2021-04-09 10:00:00,10904.0,10101.699666156766,8787.003621234891,8768.987015233757,-1314.696,-18.016606001133592
2021-04-09 11:00:00,10767.0,10035.706163797719,8579.595690164906,8583.881693716918,-1456.1105,4.286003552010797
2021-04-09 12:00:00,10721.0,9999.217126860482,8341.173913969857,8359.496462782889,-1658.0432,18.32254881303132
2021-04-09 13:00:00,10726.0,10001.997179856808,8327.53587614587,8324.005809044596,-1674.4613,-3.530067101273421
2021-04-09 14:00:00,10845.0,10042.739004340541,8482.259390082729,8483.770525446682,-1560.4796,1.511135363952502
2021-04-09 15:00:00,10853.0,10100.05507722254,8767.902123120977,8743.265371145406,-1332.153,-24.636751975571205
2021-04-09 16:00:00,10837.0,10129.909148445726,9005.452605476976,8992.07636553911,-1124.4565,-13.376239937866872
2021-04-09 17:00:00,10745.0,10083.997102420659,9221.418977420659,9213.222059401007,-862.5781,-8.19691801965263
2021-04-09 18:00:00,10434.0,9943.39415472677,9057.148183047082,9061.689765467738,-886.246,4.541582420655622
2021-04-09 19:00:00,10360.0,9740.736893178133,8783.404556752352,8775.166406345463,-957.33234,-8.238150406888318
2021-04-09 20:00:00,10035.0,9546.64277535789,8408.31758004539,8385.803092095539,-1138.3252,-22.514487949851397
2021-04-09 21:00:00,9599.0,9424.506382833099,8021.815342794036,8035.465829428889,-1402.691,13.650486634853362
2021-04-09 22:00:00,9798.0,9387.616988109057,7959.776045726245,7949.936929946213,-1427.841,-9.839115780031532
2021-04-09 23:00:00,9783.5,9394.463294616815,8105.838904968377,8111.520605193282,-1288.6244,5.681700224904143
2021-04-10 00:00:00,9724.0,9387.323744387142,8078.398207277767,8058.7301068729375,-1308.9255,-19.66810040482923
2021-04-10 01:00:00,9672.5,9342.030357028385,7938.988853122135,7899.998553036801,-1403.0415,-38.990300085333764
2021-04-10 02:00:00,9672.5,9286.891112530298,7481.914550030298,7464.260535649202,-1804.9766,-17.654014381096207
2021-04-10 03:00:00,9672.5,9275.6710358731,7293.606460677787,7276.696626818021,-1982.0646,-16.909833859765953
2021-04-10 04:00:00,9672.5,9339.167836795925,7305.20714343655,7303.25611446125,-2033.9607,-1.9510289752995205
2021-04-10 05:00:00,9522.0,9456.884316048678,7487.01773890024,7454.955457597608,-1969.8666,-32.06228130263245
2021-04-10 06:00:00,9676.0,9570.677111371708,7655.318957074833,7668.217546696144,-1915.3582,12.898589621311986
2021-04-10 07:00:00,9772.0,9625.623095768984,7942.769336003359,7938.009866910603,-1682.8538,-4.759469092756698
2021-04-10 08:00:00,9795.0,9603.158138319286,8110.032527967724,8108.576832978365,-1493.1256,-1.4556949893586688
2021-04-10 09:00:00,9801.0,9523.576467443703,8047.030202795266,8014.91183225784,-1476.5463,-32.11837053742612
2021-04-10 10:00:00,9636.0,9424.20562560703,7875.64556701328,7856.71734024484,-1548.56,-18.92822676844055
2021-04-10 11:00:00,9605.0,9337.077996535812,7645.535516067062,7666.610625529712,-1691.5425,21.075109462649085
2021-04-10 12:00:00,9669.0,9281.772542648352,7494.013997726477,7515.955788161678,-1787.7585,21.941790435201067
2021-04-10 13:00:00,9686.0,9268.298413996303,7630.539624933803,7674.780061278494,-1637.7588,44.24043634469152
2021-04-10 14:00:00,9870.0,9295.578779478226,7817.773969907914,7825.1320579234125,-1477.8048,7.358088015498399
2021-04-10 15:00:00,10115.0,9342.438862675719,8075.563008183532,8062.505305503951,-1266.8759,-13.057702679580986
2021-04-10 16:00:00,9672.5,9365.03454710486,8499.044190659548,8437.806277346075,-865.99036,-61.237913313472106
2021-04-10 17:00:00,9672.5,9315.232861685829,8376.893078970985,8386.827847097296,-938.3398,9.934768126311566
2021-04-10 18:00:00,9672.5,9174.260687467058,8297.46069967409,8312.80545882722,-876.8,15.344759153130928
2021-04-10 19:00:00,9652.5,8974.887210813658,8260.300662962096,8265.932171321336,-714.58655,5.631508359240713
2021-04-10 20:00:00,9860.0,8787.840023766717,7982.995236169061,7960.145239657309,-804.8448,-22.849996511752934
2021-04-10 21:00:00,9423.0,8676.59466261757,7851.486203144914,7839.388392442459,-825.10846,-12.097810702454444
2021-04-10 22:00:00,9008.0,8654.4859873528,7399.064844774675,7398.484938954359,-1255.4211,-0.5799058203169353
2021-04-10 23:00:00,8778.0,8680.011322809902,7062.940888239589,7077.1840458452225,-1617.0704,14.243157605632913
2021-04-11 00:00:00,8712.0,8695.424345914671,7120.2701711099835,7160.7015113699335,-1575.1542,40.431340259950225
2021-04-11 01:00:00,8758.0,8676.504076505053,6897.571093106615,6893.57412277774,-1778.933,-3.996970328875319
2021-04-11 02:00:00,8905.0,8651.47925857652,6630.353159943708,6606.318523168411,-2021.1261,-24.034636775296832
2021-04-11 03:00:00,8839.0,8674.00659389981,6561.3239767123105,6569.130438506413,-2112.6826,7.806461794102509
2021-04-11 04:00:00,8861.0,8774.741447602311,6555.832512055436,6545.813226266773,-2218.909,-10.019285788663332
2021-04-11 05:00:00,8991.0,8933.007911616789,6795.956886226164,6802.607245290323,-2137.051,6.650359064158872
2021-04-11 06:00:00,9068.0,9090.450258394958,7105.75702109027,7122.988616533969,-1984.6932,17.231595443698605
2021-04-11 07:00:00,9073.0,9191.905424704091,7425.721464743154,7415.086980854954,-1766.184,-10.634483888199874
2021-04-11 08:00:00,9008.0,9218.547284837863,7438.580243822238,7447.595254070575,-1779.967,9.015010248336615
2021-04-11 09:00:00,8954.0,9190.388354767803,7239.802417267803,7251.649376470272,-1950.5859,11.846959202468303
2021-04-11 10:00:00,8834.0,9144.454607873839,7136.3630551394635,7120.442349731398,-2008.0916,-15.920705408065004
2021-04-11 11:00:00,8756.0,9112.457044530083,6948.090101170708,6940.686694486257,-2164.367,-7.403406684451542
2021-04-11 12:00:00,8730.0,9113.635393532255,6806.90419236038,6800.602436875842,-2306.7312,-6.301755484538141
2021-04-11 13:00:00,8715.0,9157.645000172126,6838.462138844001,6821.934990099973,-2319.1829,-16.52714874402779
2021-04-11 14:00:00,8816.0,9243.043594214063,7003.414932104688,6997.178419130603,-2239.6287,-6.23651297408503
2021-04-11 15:00:00,9017.0,9348.281538751691,7346.997847345441,7344.2709904916655,-2001.2837,-2.726856853775244
2021-04-11 16:00:00,9168.0,9429.133461197927,7592.409584244802,7615.6176219840745,-1836.7239,23.208037739272
2021-04-11 17:00:00,9264.0,9437.084177343975,7946.211984961163,7973.133739522171,-1490.8722,26.921754561007965
2021-04-11 18:00:00,9260.0,9352.984573536007,7969.561111621944,7972.196356617473,-1383.4235,2.635244995528436
2021-04-11 19:00:00,9371.0,9209.23992377268,7932.878473577368,7941.6111552610955,-1276.3615,8.732681683727801
2021-04-11 20:00:00,9242.0,9076.227769016788,7735.186020969913,7710.468565547883,-1341.0417,-24.717455422029886
2021-04-11 21:00:00,8909.0,9017.085581026857,7275.460214815919,7251.899608342093,-1741.6254,-23.560606473826077
2021-04-11 22:00:00,8571.0,9044.820404440121,6986.357269674496,6991.683063416995,-2058.4631,5.325793742498716
2021-04-11 23:00:00,8414.0,9117.614406495491,6849.8048361829915,6806.511388849937,-2267.8096,-43.293447333054054
2021-04-12 00:00:00,8414.0,9177.425862160122,6810.074543800747,6820.958692238488,-2367.3513,10.884148437740798
2021-04-12 01:00:00,8552.0,9199.766284508922,6765.535327477672,6768.258734490367,-2434.231,2.72340701269523
2021-04-12 02:00:00,8895.0,9212.629226304047,6618.613845444672,6623.2438840404775,-2594.0154,4.630038595806005
2021-04-12 03:00:00,9409.0,9269.467489523468,6987.8083098359675,7040.048979490577,-2281.6592,52.24066965460946
2021-04-12 04:00:00,9857.0,9400.760106608937,7524.926854655812,7495.175784117012,-1875.8333,-29.751070538800125
2021-04-12 05:00:00,10060.0,9585.680638376149,8001.649022165211,7968.1381212175,-1584.0316,-33.51090094771127
2021-04-12 06:00:00,10047.0,9765.751272197278,8227.652517314466,8229.456115297246,-1538.0988,1.803597982780318
2021-04-12 07:00:00,10001.0,9885.72068681664,8174.5849446291395,8169.042798169044,-1711.1357,-5.54214646009575
2021-04-12 08:00:00,9986.0,9926.712498385688,8213.795994479438,8216.750912761505,-1712.9165,2.954918282065605
2021-04-12 09:00:00,9936.0,9908.727344974415,8197.772877200978,8191.9294051040715,-1710.9545,-5.8434720969060585
2021-04-12 10:00:00,9723.0,9868.815002499863,8046.211853085801,8037.529500357405,-1822.6031,-8.682352728396229
2021-04-12 11:00:00,9637.0,9838.742863293219,7780.898136730719,7765.764672384194,-2057.8447,-15.133464346525301
2021-04-12 12:00:00,9581.0,9837.837929713623,7554.444863307373,7523.783102225962,-2283.393,-30.66176108141166
2021-04-12 13:00:00,9514.0,9875.872811636647,7493.639657339772,7474.098970812448,-2382.2332,-19.540686527324308
2021-04-12 14:00:00,9480.0,9951.550809368395,7508.07937382152,7546.778254222844,-2443.4714,38.69888040132463
2021-04-12 15:00:00,9471.0,10043.493352782933,7699.154241454808,7722.757238276851,-2344.339,23.60299682204364
2021-04-12 16:00:00,9491.0,10107.669289954645,8001.224954017145,8028.854781336387,-2106.4443,27.629827319241716
2021-04-12 17:00:00,9485.0,10095.78059590908,8182.351640830955,8198.866430414328,-1913.429,16.514789583372107
2021-04-12 18:00:00,9418.0,9988.919552857518,8144.334469849706,8185.1147547178925,-1844.5851,40.78028486818713
2021-04-12 19:00:00,9423.0,9819.756895675717,7952.067442550717,7969.543566706817,-1867.6895,17.476124156100315
2021-04-12 20:00:00,9265.0,9658.955342804138,7517.409444366638,7461.328289696498,-2141.546,-56.08115467014021
2021-04-12 21:00:00,8851.0,9569.949233785517,7278.555190816767,7259.546399229597,-2291.394,-19.008791587170393
2021-04-12 22:00:00,9482.5,9566.046325714082,7120.742126495332,7111.566119548509,-2445.3042,-9.176006946822632
2021-04-12 23:00:00,9482.5,9605.729753291833,7647.588762080895,7667.512296425203,-1958.141,19.92353434430769
2021-04-13 00:00:00,9475.5,9631.260288984524,7625.903355390774,7647.033493707088,-2005.3569,21.130138316314625
2021-04-13 01:00:00,9468.5,9618.456028342474,7524.771946311224,7535.909548556486,-2093.684,11.13760224526185
2021-04-13 02:00:00,9444.5,9595.620325512733,7190.990442700233,7194.240778752765,-2404.63,3.250336052532692
2021-04-13 03:00:00,9172.0,9616.51304669299,7059.0377048961145,7037.41482484436,-2557.4753,-21.622880051755104
2021-04-13 04:00:00,9562.0,9711.909301436544,7216.557494795919,7157.514876277667,-2495.3518,-59.04261851825274
2021-04-13 05:00:00,9854.0,9861.261902416367,7404.325134838242,7399.65154981766,-2456.9368,-4.673585020580972
2021-04-13 06:00:00,9942.0,10006.354530174998,7764.199745018748,7745.25263423311,-2242.1548,-18.94711078563802
2021-04-13 07:00:00,9936.0,10092.181930704168,7885.666061563543,7863.699720802972,-2206.5159,-21.966340760571494
2021-04-13 08:00:00,9880.0,10100.10004536027,7937.464547313395,7928.612783750827,-2162.6355,-8.851763562568623
2021-04-13 09:00:00,9809.0,10050.326567815333,7857.983550237208,7864.766548839055,-2192.343,6.7829986018469945
2021-04-13 10:00:00,9611.0,9980.109049210176,7681.671549210176,7674.532143765464,-2298.4375,-7.139405444711474
2021-04-13 11:00:00,9466.0,9921.38957988889,7363.008476373265,7336.784498137321,-2558.381,-26.22397823594375
2021-04-13 12:00:00,9397.0,9893.644975751431,7090.211626142056,7071.847042699368,-2803.4333,-18.364583442687927
2021-04-13 13:00:00,9379.0,9906.772386553068,7083.045579912443,7044.259643347522,-2823.7268,-38.7859365649206
2021-04-13 14:00:00,9397.0,9959.573782871897,7221.5400914656475,7206.021658591577,-2738.0337,-15.518432874070559
2021-04-13 15:00:00,9471.0,10030.742242959765,7540.017633584765,7542.207747069794,-2490.7246,2.1901134850293222
2021-04-13 16:00:00,9632.0,10076.29109881549,7831.924399596741,7832.915522971409,-2244.3667,0.991123374667735
2021-04-13 17:00:00,9625.0,10047.942139203422,8071.408203656547,8081.228155346393,-1976.5339,9.819951689846103
2021-04-13 18:00:00,9600.0,9926.787269755583,7948.790443583708,7957.334852583974,-1977.9968,8.544409000265205
2021-04-13 19:00:00,9574.0,9745.480097424324,7831.849726330574,7858.915740293342,-1913.6304,27.066013962767883
2021-04-13 20:00:00,9376.0,9574.649104645605,7468.05169253623,7468.37878457364,-2106.5974,0.32709203740948706
2021-04-13 21:00:00,9001.0,9477.6735814619,7272.8122533369005,7248.934551545574,-2204.8613,-23.877701791325933
2021-04-13 22:00:00,9468.5,9467.782170962022,6866.575139712022,6805.632975854023,-2601.207,-60.9421638579991
2021-04-13 23:00:00,9468.5,9503.356050447197,7338.816499665947,7324.856960162068,-2164.5396,-13.959539503878846
2021-04-14 00:00:00,9442.5,9526.537433223366,7364.994220332741,7384.939110916428,-2161.5432,19.944890583687226
2021-04-14 01:00:00,9442.5,9513.016870482074,7197.9919681383235,7166.215553213633,-2315.025,-31.776414924690798
2021-04-14 02:00:00,8905.0,9490.965415595652,6976.324546455027,6946.788392087089,-2514.6409,-29.536154367938334
2021-04-14 03:00:00,9414.0,9514.004988471508,6829.885359565258,6829.787451432145,-2684.1196,-0.09790813311343144
2021-04-14 04:00:00,9811.0,9612.763835585587,7173.657634413712,7223.920981745125,-2439.1062,50.263347331413094
2021-04-14 05:00:00,10050.0,9766.537983859385,7433.294819796885,7436.250739343093,-2333.2432,2.9559195462076193
2021-04-14 06:00:00,9396.0,9916.94810165808,7795.322369236204,7820.003243520819,-2121.6257,24.680874284613793
2021-04-14 07:00:00,10019.0,10008.826403726825,7434.19188224245,7450.377311364771,-2574.6345,16.18542912232095
2021-04-14 08:00:00,9788.0,10023.372535461622,7852.943092102247,7844.548135633941,-2170.4294,-8.39495646830626
2021-04-14 09:00:00,9702.0,9980.65632424562,7665.5762461206195,7671.576550707719,-2315.08,6.000304587099736
2021-04-14 10:00:00,9508.0,9917.785207673687,7595.445119783062,7561.586519978358,-2322.34,-33.85859980470333
2021-04-14 11:00:00,9378.0,9866.568029901178,7222.050451776178,7222.659424136157,-2644.5176,0.6089723599786157
2021-04-14 12:00:00,9278.0,9846.355881522068,7071.324143240818,7074.344511770587,-2775.0317,3.020368529768978
2021-04-14 13:00:00,9258.0,9866.929306183049,6937.3948823549235,6967.456495655771,-2929.5344,30.061613300847302
2021-04-14 14:00:00,9272.0,9926.983689989409,7021.908250536284,7010.656198812801,-2905.0754,-11.252051723482504
2021-04-14 15:00:00,9372.0,10005.115395656396,7252.121499172021,7265.479302117842,-2752.994,13.357802945821021
2021-04-14 16:00:00,9499.0,10057.251263509917,7749.866253744292,7738.179573687654,-2307.385,-11.686680056638416
2021-04-14 17:00:00,9526.0,10035.039308003168,7900.566163471918,7914.640813458991,-2134.4731,14.074649987073174
2021-04-14 18:00:00,9495.0,9919.51436803609,7788.182580926716,7809.9559691489885,-2131.3318,21.773388222273024
2021-04-14 19:00:00,9551.0,9743.292168247062,7607.007500278312,7624.200445722571,-2136.2847,17.192945444258413
2021-04-14 20:00:00,9451.0,9576.980723592083,7326.498057576458,7334.626233353466,-2250.4827,8.128175777007963
2021-04-14 21:00:00,9077.0,9483.95073034649,7119.097458862116,7087.922601920652,-2364.8533,-31.17485694146362
2021-04-14 22:00:00,9471.5,9477.428634887407,6894.787521606157,6905.1131365596175,-2582.641,10.32561495346091
2021-04-14 23:00:00,9414.5,9515.798457799117,7279.038936314742,7228.156938353496,-2236.7595,-50.88199796124608
2021-04-15 00:00:00,9411.5,9541.213648854022,7435.017848072772,7419.508500855288,-2106.1958,-15.509347217484088
2021-04-15 01:00:00,9411.5,9529.388851991307,7283.562680116307,7265.019909464764,-2245.8262,-18.542770651542945
2021-04-15 02:00:00,9100.0,9508.532928766022,6933.825409234772,6884.625687227564,-2574.7075,-49.19972200720823
2021-04-15 03:00:00,9565.0,9532.314898595898,6834.248248205273,6780.713414607389,-2698.0667,-53.53483359788461
2021-04-15 04:00:00,9900.0,9631.41247984436,7171.326298203736,7202.729744696017,-2460.0862,31.40344649228166
2021-04-15 05:00:00,9332.5,9785.168831119207,7702.3809893223315,7660.469155484137,-2082.7878,-41.911833838193694
2021-04-15 06:00:00,9775.0,9935.24939652354,7503.120001992291,7497.677664563441,-2432.1294,-5.442337428849975
2021-04-15 07:00:00,9663.0,10026.531854402207,7799.322137605332,7772.310788356681,-2227.2097,-27.011349248651022
2021-04-15 08:00:00,9575.0,10040.264192587685,7822.304231650185,7798.681442324085,-2217.96,-23.622789326100413
2021-04-15 09:00:00,9492.0,9996.566241794095,7783.54646640347,7756.8393217749335,-2213.0198,-26.707144628536234
2021-04-15 10:00:00,9363.0,9932.593213105394,7526.849072480394,7520.596456338627,-2405.7441,-6.2526161417674775
2021-04-15 11:00:00,9289.0,9880.195638503124,7329.683187331249,7317.818188999602,-2550.5125,-11.864998331647277
2021-04-15 12:00:00,9182.0,9858.758178049362,7180.347045236862,7168.025074076351,-2678.4111,-12.321971160511021
2021-04-15 13:00:00,9108.0,9878.086059557205,7098.72399901033,7092.061802497108,-2779.362,-6.662196513221418
2021-04-15 14:00:00,9125.0,9936.889357901304,7262.879103995054,7246.363731919574,-2674.0103,-16.5153720754801
2021-04-15 15:00:00,9145.0,10013.767343403508,7449.581796528508,7443.624105905153,-2564.1855,-5.957690623355354
2021-04-15 16:00:00,9302.0,10064.63710553979,7767.79433210229,7761.450815517131,-2296.8428,-6.343516585159381
2021-04-15 17:00:00,9340.0,10041.125926671213,8007.830516514963,8011.647537653249,-2033.2954,3.8170211382857606
2021-04-15 18:00:00,9391.0,9924.240531989806,7826.939262458556,7816.081346697893,-2097.3013,-10.857915760663156
2021-04-15 19:00:00,9508.0,9746.56366580273,7773.916937287106,7769.444686885281,-1972.6467,-4.472250401824402
2021-04-15 20:00:00,9369.0,9578.664190994577,7481.055060135202,7418.283921264605,-2097.6091,-62.77113887059719
2021-04-15 21:00:00,9009.0,9483.862820402206,7237.877957120956,7211.675535194621,-2245.9849,-26.2024219263345
2021-04-15 22:00:00,8710.0,9475.320992969951,6978.1019988293265,6881.314055265137,-2497.219,-96.7879435641897
2021-04-15 23:00:00,8576.0,9511.343006706838,7086.205555534963,7045.987499591626,-2425.1375,-40.218055943337546
2021-04-16 00:00:00,8618.0,9533.993248584895,6727.621178272395,6698.069473820086,-2806.372,-29.551704452308446
2021-04-16 01:00:00,8792.0,9518.894769083916,6602.009271037041,6562.373054562265,-2916.8855,-39.63621647477655
2021-04-16 02:00:00,9042.0,9494.165800192877,6696.089140036627,6662.19384032126,-2798.0767,-33.895299715367564
2021-04-16 03:00:00,9555.0,9513.38415589565,6710.217407848775,6714.495749331256,-2803.1667,4.278341482480558
2021-04-16 04:00:00,9834.0,9607.131943932762,7164.191758385887,7147.9207294691,-2442.9402,-16.271028916787476
2021-04-16 05:00:00,9956.0,9754.650842673083,7651.125207907458,7647.37292239415,-2103.5256,-3.752285513308208
2021-04-16 06:00:00,9801.0,9897.502288355192,7845.149505152067,7847.608920004825,-2052.3528,2.4594148527580746
2021-04-16 07:00:00,9680.0,9980.463883644392,7781.006364113142,7791.870583515506,-2199.4575,10.86421940236372
2021-04-16 08:00:00,9688.0,9984.693086626954,7702.630098345704,7706.502234342812,-2282.063,3.872135997107529
2021-04-16 09:00:00,9562.0,9930.230903127262,7643.420356252262,7671.381339595493,-2286.8105,27.9609833432312
2021-04-16 10:00:00,9318.0,9854.16481244023,7410.273699158981,7441.852935682749,-2443.891,31.57923652376878
2021-04-16 11:00:00,9103.0,9788.287982268917,7133.929095550167,7152.955685246434,-2654.359,19.026589696266416
2021-04-16 12:00:00,9059.0,9751.93897541131,6912.018809395686,6932.333666978702,-2839.9202,20.314857583016835
2021-04-16 13:00:00,9017.0,9754.890109743543,6766.706515993543,6790.824106865049,-2988.1836,24.11759087150571
2021-04-16 14:00:00,8999.0,9795.833026213879,6798.931659026379,6794.5741637049205,-2996.9014,-4.357495321458813
2021-04-16 15:00:00,9105.0,9853.36332152473,6965.273721915355,6966.940515682987,-2888.0896,1.66679376763204
2021-04-16 16:00:00,9203.0,9883.410000031952,7567.160244172577,7545.338964648094,-2316.2498,-21.821279524483145
2021-04-16 17:00:00,9155.0,9837.630834659854,7744.040746769229,7739.92645652803,-2093.59,-4.11429024119972
2021-04-16 18:00:00,9125.0,9697.086104791015,7568.86125127539,7542.9537486788595,-2128.2249,-25.907502596529913
2021-04-16 19:00:00,9234.0,9494.43813403582,7549.231713137382,7528.409855047342,-1945.2064,-20.82185809004061
2021-04-16 20:00:00,9041.0,9300.360074469218,7334.67513794578,7315.553769230187,-1965.6849,-19.121368715593434
2021-04-16 21:00:00,8698.0,9178.296503782998,6864.514277220498,6846.957843894618,-2313.7822,-17.556433325879706
2021-04-16 22:00:00,8698.5,9141.547166959415,6783.344530240665,6808.623331795589,-2358.2026,25.27880155492395
2021-04-16 23:00:00,8690.0,9148.568013654607,6900.834615217107,6901.653781855593,-2247.7334,0.8191666384856637
2021-04-17 00:00:00,8669.0,9141.591946331517,7173.392239300267,7175.654592644654,-1968.1997,2.262353344387292
2021-04-17 01:00:00,8374.0,9096.431912255515,7013.11770327114,7033.2261939140235,-2083.3142,20.10849064288347
2021-04-17 02:00:00,8394.0,9041.418211222299,6700.518553019174,6696.250919938155,-2340.8997,-4.267633081018715
2021-04-17 03:00:00,8510.0,9030.35826736609,6634.391958772339,6612.912963668328,-2395.9663,-21.478995104010828
2021-04-17 04:00:00,8560.0,9094.074072890146,6655.6761236713955,6613.688422587427,-2438.398,-41.987701083967806
2021-04-17 05:00:00,8682.0,9212.052250841263,6805.929692247513,6785.091406004588,-2406.1226,-20.83828624292554
2021-04-17 06:00:00,8656.0,9326.103567697122,7249.474905587747,7223.217940495528,-2076.6287,-26.256965092219172
2021-04-17 07:00:00,8699.0,9381.261566013274,7339.985809177337,7329.99568094839,-2041.2758,-9.990128228946151
2021-04-17 08:00:00,8641.0,9358.94746353172,7433.27070571922,7418.382189271052,-1925.6768,-14.888516448168355
2021-04-17 09:00:00,8565.0,9279.471487151039,7371.242483244789,7346.558120681605,-1908.229,-24.684362563183946
2021-04-17 10:00:00,8460.0,9180.190612448383,7140.565368307758,7145.171313576107,-2039.6252,4.605945268349344
2021-04-17 11:00:00,8378.0,9093.162479193028,6965.168094427403,6965.211536196156,-2127.9944,0.04344176875320216
2021-04-17 12:00:00,8349.0,9037.981482828412,6814.9512093909125,6793.860139491823,-2223.0303,-21.091069899089245
2021-04-17 13:00:00,8420.0,9024.664658069676,6829.733017444676,6801.393990903447,-2194.9316,-28.339026541229213
2021-04-17 14:00:00,8544.0,9052.134314437115,7065.626379866802,7048.4796558511935,-1986.5079,-17.146724015609152
2021-04-17 15:00:00,8735.0,9099.1989643305,7193.566762182063,7221.429958782393,-1905.6322,27.86319660033012
2021-04-17 16:00:00,8932.0,9121.979900481298,7775.118328215673,7746.61542901489,-1346.8616,-28.50289920078251
2021-04-17 17:00:00,8770.0,9072.306178966395,7916.223659435145,7933.722495557455,-1156.0825,17.498836122309203
2021-04-17 18:00:00,8780.0,8931.389865310455,7779.869845779205,7796.102723400778,-1151.52,16.23287762157306
2021-04-17 19:00:00,8879.0,8732.025982735708,7847.97922980602,7850.919468309054,-884.04675,2.9402385030335005
2021-04-17 20:00:00,8811.0,8544.997897812555,7553.658908554742,7571.474808563681,-991.339,17.815900008939128
2021-04-17 21:00:00,8360.0,8433.831200553708,7012.940453483396,7022.3073270219975,-1420.8907,9.366873538602093
2021-04-17 22:00:00,8122.0,8411.871257649986,6666.817424642173,6629.283010382539,-1745.0538,-37.534414259634175
2021-04-17 23:00:00,7962.0,8437.582650111708,6503.151375697646,6462.046025865578,-1934.4313,-41.10534983206783
2021-04-18 00:00:00,7923.0,8453.173500369618,6303.582924197743,6301.219551921977,-2149.5906,-2.3633722757660616
2021-04-18 01:00:00,7998.0,8434.4037157579,6283.3919970079005,6278.008170256832,-2151.0117,-5.383826751068566
2021-04-18 02:00:00,7975.0,8409.524294578207,5973.8035914532065,6004.554799021233,-2435.7207,30.751207568026217
2021-04-18 03:00:00,7998.0,8432.23424708055,5942.539667002426,5912.802191409988,-2489.6946,-29.73747559243722
2021-04-18 04:00:00,8121.0,8533.21310539262,5941.3896190644955,5930.868112643664,-2591.8235,-10.521506420831034
2021-04-18 05:00:00,8187.0,8691.76864421768,6155.30477703018,6102.09809932606,-2536.4639,-53.206677704120374
2021-04-18 06:00:00,8266.0,8849.499101984022,6546.851396905897,6529.336989141278,-2302.6477,-17.514407764618966
2021-04-18 07:00:00,8302.0,8951.197900280555,6729.141747936805,6720.331415547402,-2222.0562,-8.810332389402477
2021-04-18 08:00:00,8271.0,8978.024056716864,6805.776009841864,6790.515726696376,-2172.248,-15.260283145488057
2021-04-18 09:00:00,8177.0,8950.005861412223,6800.177980552848,6773.342097335172,-2149.828,-26.835883217675764
2021-04-18 10:00:00,8065.0,8904.198479381163,6600.6054618030375,6585.182994109258,-2303.593,-15.422467693778998
2021-04-18 11:00:00,7974.0,8872.337910422952,6451.782978782327,6445.958028411054,-2420.555,-5.824950371272028
2021-04-18 12:00:00,7944.0,8873.679046800733,6361.035980394483,6355.899251201007,-2512.643,-5.136729193475388
2021-04-18 13:00:00,7930.0,8917.88483828925,6357.3072015705,6349.1783715470365,-2560.5776,-8.128830023463927
2021-04-18 14:00:00,8033.0,9003.511866930174,6515.908839586424,6498.683502848961,-2487.603,-17.225336737462573
2021-04-18 15:00:00,8194.0,9108.993490668236,6877.613119574486,6849.484254486201,-2231.3804,-28.128865088284012
2021-04-18 16:00:00,8330.0,9190.06944915787,7261.687491150058,7268.041615694726,-1928.382,6.354124544667727
2021-04-18 17:00:00,8387.0,9198.186288030713,7420.453499944775,7425.292796643192,-1777.7328,4.839296698416818
2021-04-18 18:00:00,8447.0,9114.179783102933,7377.648288962308,7371.450349006559,-1736.5315,-6.197939955748359
2021-04-18 19:00:00,8634.0,8970.480755202336,7430.503338210148,7459.29135781298,-1539.9774,28.788019602831994
2021-04-18 20:00:00,8508.0,8837.522237374038,7260.3524375693505,7243.792082434344,-1577.1698,-16.560355135006517
2021-04-18 21:00:00,8232.0,8778.491482772295,6830.21389488167,6828.634119799092,-1948.2776,-1.5797750825778647
2021-04-18 22:00:00,8010.0,8806.405782976683,6712.7217009454325,6695.696381787733,-2093.684,-17.025319157698966
2021-04-18 23:00:00,7940.0,8879.414316510767,6778.303964948267,6742.0903023641795,-2101.1104,-36.21366258408804
2021-04-19 00:00:00,7934.0,8939.429576007664,6326.989878742039,6306.314054766975,-2612.4397,-20.675823975064446
2021-04-19 01:00:00,8044.0,8961.943753241745,6223.579007147995,6204.042700649086,-2738.3647,-19.53630649890866
2021-04-19 02:00:00,8284.0,8974.97246732923,6264.039117719854,6235.133012817764,-2710.9333,-28.90610490208977
2021-04-19 03:00:00,8843.0,9032.01066321771,6492.35783118646,6498.128208049312,-2539.6528,5.770376862851274
2021-04-19 04:00:00,9252.0,9163.56139864854,6931.1243869297905,6954.701771690627,-2232.437,23.57738476083572
2021-04-19 05:00:00,9439.0,9348.781800398161,7380.891541609099,7375.759541769745,-1967.8903,-5.1319998393536315
2021-04-19 06:00:00,9380.0,9529.147930891439,7496.879864485189,7480.658207772289,-2032.2681,-16.221656712900117
2021-04-19 07:00:00,9314.0,9649.364889092216,7587.612203545341,7595.43767055699,-2061.7527,7.825467011649391
2021-04-19 08:00:00,9236.0,9690.541396670937,7643.991836124062,7619.049165350154,-2046.5496,-24.94267077390764
2021-04-19 09:00:00,9154.0,9672.693854871271,7627.884650769709,7613.241623118152,-2044.8092,-14.643027651556219
2021-04-19 10:00:00,8980.0,9632.901246919408,7520.483278169408,7517.15930763027,-2112.418,-3.323970539138072
2021-04-19 11:00:00,8887.0,9602.956006442055,7121.38544980143,7144.889746468146,-2481.5706,23.50429666671628
2021-04-19 12:00:00,8790.0,9602.20036658288,6826.801196661005,6844.378121288781,-2775.3992,17.576924627775952
2021-04-19 13:00:00,8703.0,9640.414633571829,6816.440268337454,6836.763912559204,-2823.9744,20.32364422175056
2021-04-19 14:00:00,8729.0,9716.301075189838,6889.918750971088,6889.929316658062,-2826.3823,0.01056568697362096
2021-04-19 15:00:00,8687.0,9808.46425322417,7261.1080520522955,7254.2573223797335,-2547.3562,-6.850729672561675
2021-04-19 16:00:00,8808.0,9872.838285392796,7737.021390861546,7751.977955812855,-2135.817,14.956564951308874
2021-04-19 17:00:00,8756.0,9861.087052418707,7902.842911793707,7919.352074718402,-1958.2441,16.509162924695058
2021-04-19 18:00:00,8774.0,9754.287918375288,7796.142654703413,7831.052255315883,-1958.1453,34.90960061246873
2021-04-19 19:00:00,9030.0,9585.137371743544,7792.809979165419,7837.937146434626,-1792.3274,45.12716726920758
2021-04-19 20:00:00,8822.0,9424.3538420476,7364.5784514226,7403.608886195244,-2059.7754,39.03043477264413
2021-04-19 21:00:00,8401.0,9335.421679087985,7068.7358880723605,7069.317736432291,-2266.6858,0.5818483599303539
2021-04-19 22:00:00,8130.0,9331.659123247318,7211.874211137943,7243.556009488941,-2119.785,31.681798350997095
2021-04-19 23:00:00,8012.0,9371.516561969149,7314.216269000399,7385.0080480860925,-2057.3003,70.79177908569376
2021-04-20 00:00:00,7994.0,9397.209229498638,6927.276856451763,6966.55094058332,-2469.9324,39.27408413155727
2021-04-20 01:00:00,8114.0,9384.536144444084,6734.134777256584,6745.889247130132,-2650.4014,11.754469873547848
2021-04-20 02:00:00,8334.0,9361.822969546038,6716.991914858538,6731.105526047805,-2644.831,14.113611189267617
2021-04-20 03:00:00,8940.0,9382.871951849254,6743.083377630504,6739.637088930579,-2639.7886,-3.446288699925376
2021-04-20 04:00:00,9393.0,9478.482457427801,7240.534215240301,7272.785896792043,-2237.9482,32.2516815517423
2021-04-20 05:00:00,9477.0,9628.09108747705,7659.837059156738,7677.602485720581,-1968.254,17.765426563842983
2021-04-20 06:00:00,9397.0,9773.435609460625,7782.150453210625,7807.429130477179,-1991.2852,25.27867726655439
2021-04-20 07:00:00,9259.0,9859.467389102943,7843.898907657631,7860.322355647379,-2015.5685,16.423447989748126
2021-04-20 08:00:00,9156.0,9867.527658671806,7913.589670390556,7893.062606574735,-1953.938,-20.52706381582169
2021-04-20 09:00:00,9098.0,9817.850044955245,7965.097725619307,7962.411222851916,-1852.7523,-2.686502767391624
2021-04-20 10:00:00,8926.0,9747.711459649863,7562.543490899863,7566.099492969261,-2185.168,3.5560020693973855
2021-04-20 11:00:00,8754.0,9689.079169910468,7240.624824207343,7276.060153329843,-2448.4543,35.43532912249974
2021-04-20 12:00:00,8716.0,9661.445339460633,7060.4055445387585,7072.739600758138,-2601.0398,12.334056219380033
2021-04-20 13:00:00,8679.0,9674.714912374733,7055.170967062233,7066.17787314037,-2619.544,11.006906078136709
2021-04-20 14:00:00,8728.0,9727.688905267187,7121.510682610937,7117.609389660992,-2606.1782,-3.9012929499448026
2021-04-20 15:00:00,8700.0,9799.043587387872,7403.903694809747,7419.939556722162,-2395.14,16.0358619124147
2021-04-20 16:00:00,8822.0,9844.757600038736,7774.444855898111,7783.835434196145,-2070.3127,9.390578298034017
2021-04-20 17:00:00,8799.0,9816.514658309263,7911.038095809263,7897.444370387145,-1905.4766,-13.593725422118146
2021-04-20 18:00:00,8782.0,9695.391751806132,7752.506375829569,7716.151645659733,-1942.8854,-36.354730169835925
2021-04-20 19:00:00,8918.0,9514.068225429128,7714.228625819753,7710.4417864830575,-1799.8396,-3.786839336695505
2021-04-20 20:00:00,8713.0,9343.228240194683,7377.508635702496,7348.170747617358,-1965.7196,-29.33788808513783
2021-04-20 21:00:00,8258.0,9246.301048151661,6944.384300104786,6914.7405019688185,-2301.9167,-29.643798135967526
2021-04-20 22:00:00,8768.0,9236.525712924791,7110.159257846666,7127.328927830297,-2126.3665,17.169669983631163
2021-04-20 23:00:00,8768.0,9272.250588682828,7138.107522276578,7165.521065604096,-2134.143,27.413543327518575
2021-04-21 00:00:00,8769.0,9295.5722630123,7221.718014965425,7238.539140749146,-2073.8542,16.821125783721023
2021-04-21 01:00:00,8769.0,9282.162112613913,7054.2656282389125,7034.8172934743325,-2227.8965,-19.44833476458025
2021-04-21 02:00:00,8769.0,9260.21339351197,6852.697036090094,6873.344987888417,-2407.5164,20.64795179832276
2021-04-21 03:00:00,8783.0,9283.390293837108,6657.366856337108,6675.670404283594,-2626.0234,18.30354794648516
2021-04-21 04:00:00,9173.0,9382.345198987623,7033.322493909498,7043.252334382876,-2349.0227,9.929840473378167
2021-04-21 05:00:00,9291.0,9536.357803566752,7375.720352394877,7382.144521436555,-2160.6375,6.424169041677211
2021-04-21 06:00:00,9244.0,9687.002740472793,7855.359063714981,7862.766106463022,-1831.6437,7.407042748040802
2021-04-21 07:00:00,9100.0,9779.068721918618,7777.943111567056,7792.005733185754,-2001.1256,14.062621618698653
2021-04-21 08:00:00,9049.0,9793.74056364499,7815.955529465302,7790.286361784097,-1977.785,-25.669167681205348
2021-04-21 09:00:00,8965.0,9751.103908806244,7624.642727165619,7603.991435016411,-2126.4612,-20.651292149208103
2021-04-21 10:00:00,8827.0,9688.295442825722,7321.076692825722,7340.87832953696,-2367.2188,19.801636711238295
2021-04-21 11:00:00,8756.0,9637.149079847677,7081.875398207052,7096.215254039325,-2555.2737,14.339855832273251
2021-04-21 12:00:00,8744.0,9617.031158526699,6879.478424151699,6888.346265634726,-2737.5527,8.867841483026336
2021-04-21 13:00:00,8736.0,9637.729925122832,6846.646184888457,6846.569821375658,-2791.0837,-0.07636351279954864
2021-04-21 14:00:00,8739.0,9697.939728984946,6944.672639141196,6958.337477726672,-2753.267,13.664838585475998
2021-04-21 15:00:00,8844.0,9776.240050596984,7205.943175596984,7205.183403790425,-2570.2969,-0.75977180655917
2021-04-21 16:00:00,9033.0,9828.522976484952,7730.813992109952,7737.649577585597,-2097.709,6.835585475645596
2021-04-21 17:00:00,9039.0,9806.398394728338,7978.073565626775,7956.827739171596,-1828.3248,-21.245826455179394
2021-04-21 18:00:00,8918.0,9690.88618609032,7852.229203668445,7879.293157392476,-1838.657,27.06395372403144
2021-04-21 19:00:00,9077.0,9514.627781609901,7736.891453484901,7775.555639924369,-1777.7363,38.66418643946751
2021-04-21 20:00:00,8874.0,9348.286853653924,7465.344837052362,7496.57377964426,-1882.942,31.228942591897848
2021-04-21 21:00:00,8519.0,9255.284049353031,6959.390006384281,6942.745525382313,-2295.894,-16.644481001968472
2021-04-21 22:00:00,8844.0,9248.856233987151,7156.153841409026,7200.166254698962,-2092.7024,44.01241328993532
2021-04-21 23:00:00,8859.0,9287.354612233721,7286.462156179034,7291.643054887352,-2000.8925,5.180898708318477
2021-04-22 00:00:00,8896.0,9312.887023446223,7373.43133496966,7396.67700199447,-1939.4557,23.245667024809574
2021-04-22 01:00:00,8975.5,9301.148959549202,7179.289340408577,7172.733057961543,-2121.8596,-6.5562824470345085
2021-04-22 02:00:00,9036.0,9280.371513398733,6978.757988008108,6966.205956601573,-2301.6135,-12.552031406535425
2021-04-22 03:00:00,8844.0,9304.266006356833,6643.526748544333,6611.517250900993,-2660.7393,-32.009497643340175
2021-04-22 04:00:00,9157.0,9403.534333366655,6911.91055406978,6863.938467222499,-2491.6238,-47.97208684728129
2021-04-22 05:00:00,9391.0,9557.503361101575,7531.877750750013,7518.178986212377,-2025.6256,-13.698764537635702
2021-04-22 06:00:00,9395.0,9707.79254008415,7721.9028916466505,7681.969097984198,-1985.8896,-39.93379366245271
2021-04-22 07:00:00,9306.0,9799.236088296666,7776.399540445103,7775.115481403337,-2022.8365,-1.2840590417665838
2021-04-22 08:00:00,9254.0,9813.06720512714,7801.8277031740145,7794.027734572151,-2011.2395,-7.7999686018635455
2021-04-22 09:00:00,9286.0,9769.421576154264,7804.488836896451,7807.622225639869,-1964.9327,3.133388743417431
2021-04-22 10:00:00,9157.0,9705.483696134992,7709.4742967209295,7704.289866893722,-1996.0094,-5.184429827207072
2021-04-22 11:00:00,9115.0,9653.129198548771,7391.8196282362715,7393.513938708376,-2261.3096,1.6943104721053217
2021-04-22 12:00:00,9059.0,9631.758017794054,7189.2836525596795,7223.975190660946,-2442.4744,34.69153810126675
2021-04-22 13:00:00,9066.0,9651.183104396283,7065.277586818158,7042.013008672017,-2585.9055,-23.264578146140913
2021-04-22 14:00:00,9124.0,9710.113509697563,7254.693099541313,7245.389244337944,-2455.4204,-9.303855203369226
2021-04-22 15:00:00,9150.0,9787.131627544079,7668.857213481579,7638.741213826105,-2118.2744,-30.11599965547382
2021-04-22 16:00:00,9213.0,9838.119791414852,8093.612467196102,8107.0790015640605,-1744.5073,13.466534367957637
2021-04-22 17:00:00,9208.0,9814.667146822845,8283.914095065033,8285.737808214351,-1530.753,1.8237131493185945
2021-04-22 18:00:00,9099.0,9697.765441944808,8115.064758351058,8149.094267339774,-1582.7007,34.02950898871625
2021-04-22 19:00:00,9255.0,9520.023100232755,7910.920561170255,7972.13621102637,-1609.1025,61.21564985611575
2021-04-22 20:00:00,9144.0,9352.064606469134,7724.784455101946,7777.63645487874,-1627.2802,52.85199977679379
2021-04-22 21:00:00,9147.0,9257.260580977316,7432.018881758566,7435.222165987532,-1825.2417,3.203284228966444
2021-04-22 22:00:00,9147.0,9248.782830850576,7533.910272256826,7513.73750981963,-1714.8726,-20.172762437195935
2021-04-22 23:00:00,9147.0,9284.902780749171,7621.275949694484,7602.634200507406,-1663.6268,-18.64174918707832
2021-04-23 00:00:00,9179.0,9307.639143829583,7692.746809845208,7676.557062703705,-1614.8923,-16.18974714150319
2021-04-23 01:00:00,9210.5,9292.59575024447,7542.369187744471,7538.535135495041,-1750.2266,-3.834052249429804
2021-04-23 02:00:00,8629.0,9267.91299108444,7290.71816686569,7339.841378695808,-1977.1948,49.12321183011782
2021-04-23 03:00:00,9277.0,9287.210907362496,6588.471405409371,6613.538112011018,-2698.7395,25.06670660164652
2021-04-23 04:00:00,9776.0,9381.095707070413,7307.6269570704135,7313.129313827388,-2073.4688,5.502356756973836
2021-04-23 05:00:00,10066.0,9528.792700279408,7867.639868248158,7863.739213374663,-1661.1528,-3.900654873494269
2021-04-23 06:00:00,10216.0,9671.81725464933,8331.156243907142,8300.792054567008,-1340.661,-30.3641893401338
2021-04-23 07:00:00,10308.0,9754.903440280466,8429.552732272654,8409.145808433053,-1325.3507,-20.40692383959968
2021-04-23 08:00:00,10325.0,9759.193858977114,8533.374645109927,8540.069702861258,-1225.8192,6.695057751331189
2021-04-23 09:00:00,10310.0,9704.745309351967,8526.330758570717,8529.802490387106,-1178.4146,3.471731816388466
2021-04-23 10:00:00,10198.0,9628.674499545918,8449.59112552248,8453.050919940102,-1179.0834,3.459794417621556
2021-04-23 11:00:00,10066.0,9562.799652599124,8206.225311778811,8210.641751874651,-1356.5743,4.416440095839582
2021-04-23 12:00:00,9920.0,9526.474569470935,8001.335531384997,8010.486224518545,-1525.139,9.150693133547772
2021-04-23 13:00:00,10019.0,9529.479265856877,7867.433123278752,7886.086448990337,-1662.0461,18.65332571158562
2021-04-23 14:00:00,10120.0,9570.504346674266,8092.668653314891,8102.960449150731,-1477.8357,10.291795835839288
2021-04-23 15:00:00,10046.0,9628.12853308749,8361.46837683749,8372.54428957015,-1266.6602,11.075912732659797
2021-04-23 16:00:00,10102.0,9658.246088719903,8601.860956883966,8562.180874938183,-1056.3851,-39.68008194578148
2021-04-23 17:00:00,9896.0,9612.476679923593,8681.267024161874,8655.078855847185,-931.20966,-26.188168314690085
2021-04-23 18:00:00,9642.0,9471.86565494364,8370.541192053015,8359.398657924345,-1101.3245,-11.142534128669999
2021-04-23 19:00:00,9730.0,9269.101078354275,8206.381840073025,8226.162904733308,-1062.7192,19.781064660282436
2021-04-23 20:00:00,9506.0,9074.911802065,7952.314023744688,7967.7109233557,-1122.5978,15.396899611012723
2021-04-23 21:00:00,9097.0,8952.79240527566,7262.864792970973,7248.859925180585,-1689.9276,-14.004867790387618
2021-04-23 22:00:00,9436.0,8916.053110983445,7314.920298483445,7372.535433900561,-1601.1328,57.615135417116335
2021-04-23 23:00:00,9401.0,8923.117120763578,7329.6660709588905,7361.477613173535,-1593.451,31.811542214644977
2021-04-24 00:00:00,9332.0,8916.171803266736,7309.537770063611,7345.560229293908,-1606.634,36.02245923029705
2021-04-24 01:00:00,9289.5,8871.011039326004,7188.092704365066,7186.324977964425,-1682.9183,-1.7677264006411906
2021-04-24 02:00:00,9289.5,8815.98745455263,7074.632352013568,7107.6701681155455,-1741.3551,33.0378161019772
2021-04-24 03:00:00,9289.5,8804.95087841012,6735.840282706995,6731.05679542009,-2069.1106,-4.7834872869050065
2021-04-24 04:00:00,9289.5,8868.747591789364,6897.277010734677,6889.570077152139,-1971.4706,-7.706933582538305
2021-04-24 05:00:00,9045.0,8986.848046435674,7181.668236865362,7229.664623259369,-1805.1798,47.99638639400743
2021-04-24 06:00:00,9292.0,9101.017144051544,7527.934380379669,7574.016730290387,-1573.0828,46.08234991071784
2021-04-24 07:00:00,9430.0,9156.245103363259,7685.332871917946,7745.217881580681,-1470.9122,59.885009662734504
2021-04-24 08:00:00,9442.0,9133.938497510722,7749.953390088847,7768.30465922681,-1383.9851,18.351269137962785
2021-04-24 09:00:00,9372.0,9054.423558716742,7654.13828039643,7671.257464591217,-1400.2853,17.119184194787497
2021-04-24 10:00:00,9287.0,8955.086702660747,7486.537020043559,7475.635634021325,-1468.5497,-10.901386022233684
2021-04-24 11:00:00,9187.0,8868.010832210402,7389.343962093215,7366.086245596519,-1478.6669,-23.25771649669594
2021-04-24 12:00:00,9250.0,8812.805783059426,7280.756344582864,7258.539484293552,-1532.0494,-22.216860289311235
2021-04-24 13:00:00,9384.0,8799.49648190106,7247.87831783856,7237.48995246452,-1551.6182,-10.388365374040541
2021-04-24 14:00:00,9588.0,8827.004386319195,7562.8177408113825,7562.989677197188,-1264.1866,0.17193638580601361
2021-04-24 15:00:00,9749.0,8874.12130506461,7937.720670298984,7924.210336730094,-936.40063,-13.510333568889658
2021-04-24 16:00:00,9768.0,8896.933947777403,8394.834826683653,8376.746368453412,-502.09912,-18.08845823024023
2021-04-24 17:00:00,9543.0,8847.233405459869,8327.74054657315,8299.355781646129,-519.49286,-28.38476492702042
2021-04-24 18:00:00,9281.0,8706.216936012792,8129.690263649511,8142.510405853821,-576.5267,12.820142204310534
2021-04-24 19:00:00,9429.0,8506.705407527801,8098.856225398895,8152.991933423126,-407.84918,54.13570802423116
2021-04-24 20:00:00,9262.0,8319.537969239338,7679.598271973713,7689.678982242696,-639.9397,10.080710268982855
2021-04-24 21:00:00,8872.0,8208.290273099386,7259.712209134543,7297.896739261638,-948.57806,38.18453012709477
2021-04-24 22:00:00,8512.0,8186.318200864917,6853.26900652898,6893.918562815507,-1333.0492,40.64955628652767
2021-04-24 23:00:00,8306.0,8212.053598202458,6673.078256405583,6650.001376100397,-1538.9753,-23.076880305185714
2021-04-25 00:00:00,8222.0,8245.857496318065,6556.403883036815,6540.107230994786,-1689.4536,-16.296652042029166
2021-04-25 01:00:00,8224.0,8227.07387461644,6241.193137311753,6223.42969744309,-1985.8807,-17.763439868662946
2021-04-25 02:00:00,8958.0,8202.17436391105,6173.02397328605,6183.5380638423785,-2029.1504,10.514090556328062
2021-04-25 03:00:00,8958.0,8224.9002918608,6285.052879751425,6286.435879856708,-1939.8474,1.3830001052832517
2021-04-25 04:00:00,8274.0,8325.955366607797,6432.457319732797,6432.443962945428,-1893.498,-0.013356787369223438
2021-04-25 05:00:00,8560.0,8484.631054737929,6440.330517628554,6466.063800864494,-2044.3005,25.73328323593945
2021-04-25 06:00:00,8853.0,8642.479569933983,6946.546586535545,6928.718471089616,-1695.933,-17.8281154459295
2021-04-25 07:00:00,8918.0,8744.250827934395,7238.264621879707,7226.149317612898,-1505.9862,-12.115304266809378
2021-04-25 08:00:00,9045.0,8771.088999143622,7335.238291135809,7353.548400803207,-1435.8507,18.310109667398166
2021-04-25 09:00:00,9021.0,8743.038157381827,7317.949534334952,7290.0848065768405,-1425.0886,-27.864727758111485
2021-04-25 10:00:00,8992.0,8697.18266898972,7141.808401411596,7103.116569323974,-1555.3743,-38.691832087622174
2021-04-25 11:00:00,8954.0,8665.283542969592,6920.3235820320915,6927.8218513853535,-1744.96,7.4982693532616675
2021-04-25 12:00:00,8962.0,8666.610844938588,6786.178227751088,6779.711327943761,-1880.4326,-6.466899807327801
2021-04-25 13:00:00,9080.0,8710.835139156596,6818.987727047221,6801.048641498938,-1891.8474,-17.939085548282424
2021-04-25 14:00:00,9189.0,8796.511870048287,7061.1653124311,7011.215408284848,-1735.3466,-49.949904146250965
2021-04-25 15:00:00,9350.0,8902.057400604199,7397.809597869824,7366.814007851288,-1504.2478,-30.99559001853587
2021-04-25 16:00:00,9448.0,8983.176593049953,7489.477984651516,7430.677652123296,-1493.6986,-58.800332528219464
2021-04-25 17:00:00,9390.0,8991.27773326871,7665.300560417147,7610.170753512154,-1325.9772,-55.12980690499238
2021-04-25 18:00:00,9265.0,8907.18149706132,7570.748269522257,7526.767324567643,-1336.4332,-43.980944954614145
2021-04-25 19:00:00,9554.0,8763.344262718529,7632.743310570091,7631.746702076048,-1130.601,-0.9966084940433678
2021-04-25 20:00:00,9432.0,8630.254566080917,7415.162158854355,7440.340291209236,-1215.0924,25.178132354881065
2021-04-25 21:00:00,9102.0,8571.14945254032,6926.568031641882,6907.61562753332,-1644.5814,-18.952404108561996
2021-04-25 22:00:00,8752.0,8599.056471530655,6707.2759539525305,6709.477298042353,-1891.7805,2.201344089822301
2021-04-25 23:00:00,8548.0,8672.091823902396,6645.968899097708,6626.172122618797,-2026.1229,-19.796776478911365
2021-04-26 00:00:00,8521.0,8713.921729163943,6281.842871742068,6238.611342645824,-2432.0789,-43.23152909624378
2021-04-26 01:00:00,8615.0,8736.41998754842,6146.304020751544,6099.172662021042,-2590.116,-47.131358730502036
2021-04-26 02:00:00,8801.0,8749.423879232625,6255.849660482625,6235.919452021799,-2493.5742,-19.930208460826385
2021-04-26 03:00:00,9466.0,8806.470503573986,6538.743696933361,6538.480170706566,-2267.7268,-0.26352622679539983
2021-04-26 04:00:00,9937.0,8938.086955121185,6997.885783246185,7060.122010913448,-1940.2012,62.23622766726257
2021-04-26 05:00:00,10264.0,9123.413938239277,7648.027829840839,7685.772856316679,-1475.3861,37.7450264758401
2021-04-26 06:00:00,10368.0,9303.881402109457,7976.183892343832,7988.721100476852,-1327.6975,12.537208133020279
2021-04-26 07:00:00,10389.0,9424.150877737464,8144.884032034339,8138.298765523874,-1279.2668,-6.585266510464719
2021-04-26 08:00:00,10368.0,9465.31620422771,8240.34257141521,8248.671762611399,-1224.9736,8.329191196188642
2021-04-26 09:00:00,10282.0,9447.409557978408,8231.452404658095,8227.425178824007,-1215.9572,-4.027225834088019
2021-04-26 10:00:00,10154.0,9407.53914163334,8007.2183408520905,8029.442083827962,-1400.3208,22.22374297587117
2021-04-26 11:00:00,10083.0,9377.522442284206,7739.006939354518,7705.923100024331,-1638.5155,-33.083839330186954
2021-04-26 12:00:00,10054.0,9376.716936158855,7543.948015260417,7534.246926163893,-1832.7689,-9.701089096524766
2021-04-26 13:00:00,9900.0,9414.910638205723,7458.575555197911,7443.035237408845,-1956.3351,-15.540317789065906
2021-04-26 14:00:00,9860.0,9490.804796126147,7545.732896712085,7538.677428197004,-1945.0719,-7.055468515080958
2021-04-26 15:00:00,9786.0,9582.987116188278,7806.269342750778,7799.996438831567,-1776.7178,-6.272903919211545
2021-04-26 16:00:00,9904.0,9647.356998385956,8022.274478854706,8042.330317587784,-1625.0825,20.055838733077216
2021-04-26 17:00:00,9748.0,9635.54024187815,8205.859211604713,8214.427950026182,-1429.681,8.568738421469218
2021-04-26 18:00:00,9635.0,9528.59930539525,7934.098572973375,7938.070864570446,-1594.5007,3.9722915970712487
2021-04-26 19:00:00,9730.0,9359.25644396296,7767.9090318535855,7783.955981985432,-1591.3474,16.04695013184688
2021-04-26 20:00:00,9522.0,9198.285811145859,7468.206953723984,7453.681856520346,-1730.0789,-14.525097203638662
2021-04-26 21:00:00,9767.0,9109.221780091206,7033.874856263081,7044.165401922365,-2075.347,10.29054565928446
2021-04-26 22:00:00,9767.0,9105.393087629222,7349.475973371409,7359.873452126107,-1755.9171,10.397478754697312
2021-04-26 23:00:00,9761.0,9145.2173871927,7532.590434067701,7571.983102102212,-1612.627,39.39266803451148
2021-04-27 00:00:00,9744.0,9170.86438812431,7650.137703553997,7659.229174004934,-1520.7267,9.091470450936706
2021-04-27 01:00:00,9744.0,9158.11404550516,7503.616242770786,7560.924064829978,-1654.4978,57.30782205919282
2021-04-27 02:00:00,9744.0,9135.314344172162,7267.158216242475,7258.039654012203,-1868.1561,-9.118562230272026
2021-04-27 03:00:00,9744.0,9156.309925576084,7365.062122841709,7404.024993393029,-1791.2478,38.962870551319256
2021-04-27 04:00:00,9728.0,9251.92442596969,7700.723132024377,7731.931133074501,-1551.2013,31.20800105012364
2021-04-27 05:00:00,9925.0,9401.578248799458,7874.197999776021,7867.199090645203,-1527.3802,-6.998909130818407
2021-04-27 06:00:00,9956.0,9546.963262275543,8157.525884345856,8171.806069944378,-1389.4374,14.280185598522124
2021-04-27 07:00:00,9900.0,9632.987465715702,8217.357582903202,8251.959308182457,-1415.6299,34.601725279255945
2021-04-27 08:00:00,9896.0,9640.9773962929,8321.3260291054,8367.758479934459,-1319.6514,46.43245082905859
2021-04-27 09:00:00,9854.0,9591.182627937154,8248.367198249654,8274.092974189012,-1342.8154,25.725775939357977
2021-04-27 10:00:00,9774.0,9520.90944702101,7993.505394286634,8011.545307183047,-1527.404,18.039912896412993
2021-04-27 11:00:00,9740.0,9462.150311696694,7737.628705251382,7735.035674516843,-1724.5216,-2.593030734539214
2021-04-27 12:00:00,9752.0,9434.41274778802,7583.940457748957,7592.338613830729,-1850.4723,8.398156081771688
2021-04-27 13:00:00,9772.0,9447.609508017258,7593.086925009446,7579.6140323160835,-1854.5226,-13.472892693361933
2021-04-27 14:00:00,9820.0,9500.540669442134,7703.2110795983845,7676.566767156781,-1797.3296,-26.644312441603713
2021-04-27 15:00:00,9860.0,9571.865706785027,8065.944197995965,8026.7731605845065,-1505.9215,-39.17103741145784
2021-04-27 16:00:00,9975.0,9617.52858521356,8189.44801880731,8131.398370607103,-1428.0806,-58.04964820020698
2021-04-27 17:00:00,9920.0,9589.174960760776,8353.780551581089,8316.839689300265,-1235.3944,-36.94086228082446
2021-04-27 18:00:00,9666.0,9467.866921674142,8147.449319135079,8115.477678194906,-1320.4176,-31.97164094017364
2021-04-27 19:00:00,9871.0,9286.309565592595,7962.045039225408,7985.510681286188,-1324.2645,23.46564206077984
2021-04-27 20:00:00,9637.0,9115.242746901802,7656.174631667427,7600.948347860715,-1459.0681,-55.226283806712146
2021-04-27 21:00:00,9773.0,9018.145694560464,7312.560367412027,7299.355508030809,-1705.5853,-13.204859381217696
2021-04-27 22:00:00,9773.0,9008.267907673304,7470.791101032679,7384.448459130083,-1537.4768,-86.34264190259556
2021-04-27 23:00:00,9762.0,9043.924932299995,7631.998296557807,7529.812624742603,-1411.9266,-102.18567181520446
2021-04-28 00:00:00,9762.0,9067.167745371571,7734.357320566884,7691.775598455871,-1332.8104,-42.58172211101327
2021-04-28 01:00:00,9740.0,9053.648564245594,7572.104741003406,7517.687661522532,-1481.5438,-54.41707948087467
2021-04-28 02:00:00,9688.0,9031.582862819025,7191.2349624284,7167.929654704051,-1840.3479,-23.305307724348086
2021-04-28 03:00:00,9536.0,9054.677112672283,7078.386585328533,7060.735270719743,-1976.2905,-17.651314608789583
2021-04-28 04:00:00,9839.0,9153.60785346788,7262.0171552256925,7221.454943377017,-1891.5907,-40.56221184867542
2021-04-28 05:00:00,9995.0,9307.638462863639,7533.754917941764,7496.353170655145,-1773.8835,-37.40174728661898
2021-04-28 06:00:00,9981.0,9458.29755373664,7880.659126002265,7850.066132563325,-1577.6384,-30.592993438940884
2021-04-28 07:00:00,9916.0,9550.330351239305,8043.077421551805,8001.664838003073,-1507.2529,-41.412583548732314
2021-04-28 08:00:00,9867.0,9564.906857023903,8021.840572844216,7971.594453125079,-1543.0663,-50.246119719137205
2021-04-28 09:00:00,9851.0,9522.128545614396,7923.3835504972085,7863.4231750408535,-1598.745,-59.96037545635474
2021-04-28 10:00:00,9708.0,9459.161365908449,7731.456409853761,7676.564648399365,-1727.705,-54.89176145439613
2021-04-28 11:00:00,9668.0,9407.86431775436,7452.318053105922,7414.107695086583,-1955.5463,-38.21035801933978
2021-04-28 12:00:00,9534.0,9387.619003633907,7305.132675508907,7305.333244574246,-2082.4863,0.20056906533966767
2021-04-28 13:00:00,9464.0,9408.221388223765,7263.36030423939,7230.759066764286,-2144.861,-32.601237475103126
2021-04-28 14:00:00,9563.0,9468.364799962328,7312.933891759203,7298.0126980864325,-2155.431,-14.921193672770627
2021-04-28 15:00:00,9587.0,9546.61185303949,7635.432043469178,7612.4523856887145,-1911.1798,-22.979657780463665
2021-04-28 16:00:00,9768.0,9598.81989611601,7882.385081662886,7865.165374416412,-1716.4348,-17.219707246472815
2021-04-28 17:00:00,9718.0,9576.560706906359,8094.631995968859,8065.445064797611,-1481.9287,-29.18693117124845
2021-04-28 18:00:00,9487.0,9460.839224078503,7922.709829547253,7890.282172404235,-1538.1294,-32.42765714301824
2021-04-28 19:00:00,9757.0,9284.322601182615,7699.0088804794905,7710.550620234966,-1585.3137,11.541739755475856
2021-04-28 20:00:00,9598.0,9117.730184115031,7474.290730990031,7448.980791958139,-1643.4395,-25.309939031891915
2021-04-28 21:00:00,9172.0,9024.532587042202,7138.21752356564,7090.096165735098,-1886.3151,-48.121357830541015
2021-04-28 22:00:00,9633.0,9017.977110378159,7033.716856471909,7021.694356390516,-1984.2603,-12.022500081392364
2021-04-28 23:00:00,9633.0,9056.382159146477,7433.591143521477,7382.854582751545,-1622.791,-50.73656076993079
2021-04-29 00:00:00,9604.5,9081.809978575704,7469.8877373647665,7423.57146593485,-1611.9222,-46.31627142991696
2021-04-29 01:00:00,9604.5,9069.936924920597,7302.016026483097,7254.9277070892085,-1767.9209,-47.088319393888696
2021-04-29 02:00:00,9020.0,9049.016338732452,6899.281719591827,6912.631734769701,-2149.7346,13.350015177874587
2021-04-29 03:00:00,9705.0,9072.801859692067,6574.7920940670665,6580.207774123475,-2498.0098,5.4156800564090375
2021-04-29 04:00:00,10020.0,9172.019575799162,7155.590132439787,7146.726100309819,-2016.4294,-8.86403212996812
2021-04-29 05:00:00,10150.0,9325.980078264478,7489.343237444165,7460.266670881468,-1836.6368,-29.07656656269757
2021-04-29 06:00:00,10144.0,9476.256840557951,7822.370121807951,7803.769849759032,-1653.8867,-18.600272048919695
2021-04-29 07:00:00,9996.0,9567.64063681888,7999.8192256860675,7992.38145044492,-1567.8214,-7.4377752411476505
2021-04-29 08:00:00,9922.0,9581.349894596018,7927.050822330393,7909.9137077502455,-1654.2991,-17.137114580147873
2021-04-29 09:00:00,9833.0,9537.536170938092,7826.06925199278,7811.349433139352,-1711.4669,-14.719818853427896
2021-04-29 10:00:00,9683.0,9473.413260894107,7637.482840972232,7623.8828678342,-1835.9304,-13.59997313803236
2021-04-29 11:00:00,9611.0,9420.881916134993,7299.956134884993,7281.063177141399,-2120.9258,-18.89295774359378
2021-04-29 12:00:00,9546.0,9399.357362069792,7172.271424569792,7155.527122257869,-2227.086,-16.744302311921807
2021-04-29 13:00:00,9484.0,9418.660288657444,7105.573374594944,7125.736287675601,-2313.087,20.1629130806567
2021-04-29 14:00:00,9470.0,9477.498740454794,7203.704306861044,7205.207225189869,-2273.7944,1.502918328825381
2021-04-29 15:00:00,9479.0,9554.438251608515,7376.95070278039,7372.699420874502,-2177.4875,-4.25128190588863
2021-04-29 16:00:00,9551.0,9605.326416367609,7744.4970706644835,7773.924210437175,-1860.8293,29.427139772691362
2021-04-29 17:00:00,9585.0,9581.714260223904,7901.563747528591,7904.851048780468,-1680.1505,3.2873012518768623
2021-04-29 18:00:00,9535.0,9464.578571168913,7769.647540895476,7788.152282574631,-1694.931,18.504741679154808
2021-04-29 19:00:00,9848.0,9286.55346864958,7580.022096579267,7608.762163599438,-1706.5314,28.74006702017156
2021-04-29 20:00:00,9725.0,9118.319076215772,7479.959457075147,7466.076458541121,-1638.3596,-13.882998534025882
2021-04-29 21:00:00,9318.0,9023.295938560514,7142.400430748014,7138.468188258022,-1880.8955,-3.932242489992113
2021-04-29 22:00:00,8989.0,9014.66624784582,7095.530261517695,7099.385327922598,-1919.136,3.855066404902743
2021-04-29 23:00:00,8892.0,9050.668572271945,7005.650139654757,6987.071433067394,-2045.0184,-18.578706587364003
2021-04-30 00:00:00,8880.0,9073.27596813329,7005.865567742665,7019.857316867164,-2067.4104,13.991749124499155
2021-04-30 01:00:00,9015.0,9058.073062193791,6907.034487975041,6884.925413782521,-2151.0386,-22.10907419251994
2021-04-30 02:00:00,9128.0,9033.222421606975,6644.08741184135,6594.446471479075,-2389.135,-49.640940362275295
2021-04-30 03:00:00,9758.0,9052.38633136278,6830.873391909656,6819.398639394082,-2221.513,-11.474752515573549
2021-04-30 04:00:00,10012.0,9146.195116707082,7219.5392329180195,7193.086791275213,-1926.6559,-26.452441642806253
2021-04-30 05:00:00,10169.0,9293.857736382826,7529.281198296889,7500.272042937246,-1764.5765,-29.009155359643014
2021-04-30 06:00:00,10118.0,9436.843506465544,7759.655396113982,7745.496230397997,-1677.1881,-14.159165715984159
2021-04-30 07:00:00,9994.0,9519.84298148924,7780.499963911116,7745.477001342611,-1739.343,-35.02296256850435
2021-04-30 08:00:00,9916.0,9523.983923982702,7749.504553865514,7718.780211566958,-1774.4794,-30.724342298555612
2021-04-30 09:00:00,9817.0,9469.338942350389,7612.539992155076,7584.127471936371,-1856.799,-28.41252021870472
2021-04-30 10:00:00,9656.0,9393.0539905783,7408.167638039238,7357.606104286447,-1984.8864,-50.56153375279123
2021-04-30 11:00:00,9420.0,9326.972364073525,7078.256543761025,7025.7251753631845,-2248.7158,-52.53136839784002
2021-04-30 12:00:00,9364.0,9290.463118966305,6817.52928107568,6784.236069545398,-2472.9338,-33.293211530281674
2021-04-30 13:00:00,9331.0,9293.313985776267,6712.445577573142,6687.055436839248,-2580.8684,-25.390140733894746
2021-04-30 14:00:00,9340.0,9334.214550400511,6812.146679306761,6801.498432589762,-2522.0679,-10.648246716998832
2021-04-30 15:00:00,9344.0,9391.726675488553,6980.103872754178,6985.989534455726,-2411.6228,5.885661701548349
2021-04-30 16:00:00,9333.0,9421.709900901098,7381.305359885473,7350.084092882878,-2040.4045,-31.221267002594942
2021-04-30 17:00:00,9265.0,9375.745803444821,7457.422072976071,7426.315413738604,-1918.3237,-31.10665923746763
2021-04-30 18:00:00,9091.0,9234.864817222637,7500.933542808574,7491.510871169931,-1733.9313,-9.422671638643234
2021-04-30 19:00:00,9540.0,9031.780764720306,7359.111331126556,7374.194452309806,-1672.6694,15.08312118324994
2021-04-30 20:00:00,9441.0,8837.278214698908,7300.233170753596,7274.941468976342,-1537.045,-25.29170177725451
2021-04-30 21:00:00,9102.0,8714.90176481482,6694.954621260133,6661.459759732845,-2019.9471,-33.494861527287576
2021-04-30 22:00:00,8772.0,8677.972133042056,6507.729945542056,6529.545692043659,-2170.2422,21.815746501602906
2021-04-30 23:00:00,8588.0,8684.879789800634,6562.036039800634,6635.28780198492,-2122.8438,73.25176218428606
2021-05-01 00:00:00,8534.0,8677.766586892996,6572.277084939871,6620.851656400096,-2105.4895,48.57457146022462
2021-05-01 01:00:00,8553.0,8632.407355619913,6365.720832182413,6365.845868760532,-2266.6865,0.12503657811877533
2021-05-01 02:00:00,8438.0,8577.177064305986,6023.223206884111,6020.779209999435,-2553.9539,-2.4439968846764413
2021-05-01 03:00:00,8528.0,8565.967964630869,5837.209907990244,5792.762616137903,-2728.758,-44.447291852341046
2021-05-01 04:00:00,8545.0,8629.650643053325,5993.7949301626995,5999.539139081895,-2635.8557,5.744208919195822
2021-05-01 05:00:00,8660.0,8747.679396854259,6185.148390994884,6187.7152363681835,-2562.531,2.5668453732994054
2021-05-01 06:00:00,8735.0,8861.77327978948,6659.9024301801055,6660.683460626067,-2201.8708,0.7810304459615965
2021-05-01 07:00:00,8866.0,8916.879203580173,6722.8086469395475,6724.638898917865,-2194.0706,1.830251978317374
2021-05-01 08:00:00,8972.0,8894.389113536094,6737.406935801719,6734.370678050062,-2156.9822,-3.0362577516562563
2021-05-01 09:00:00,8961.0,8814.645263973382,6822.388428035882,6798.365829772844,-1992.2568,-24.022598263037366
2021-05-01 10:00:00,8735.0,8715.063527406399,6619.096486390774,6651.550142848307,-2095.967,32.45365645753296
2021-05-01 11:00:00,8683.0,8627.75208653812,6384.217418569369,6361.3385796200055,-2243.5347,-22.87883894936392
2021-05-01 12:00:00,8710.0,8572.336233968204,6217.118704671329,6208.817052347481,-2355.2175,-8.301652323848204
2021-05-01 13:00:00,8792.0,8558.848805044188,6380.798512075438,6352.267456730274,-2178.0503,-28.531055345164877
2021-05-01 14:00:00,9034.0,8586.210422048918,6744.953830252043,6739.45569402821,-1841.2566,-5.498136223833407
2021-05-01 15:00:00,9243.0,8633.1962066804,7118.878945938213,7131.122476899345,-1514.3173,12.243530961132299
2021-05-01 16:00:00,8763.5,8655.858302049066,7443.203028611566,7424.679328488707,-1212.6553,-18.523700122858852
2021-05-01 17:00:00,9251.0,8605.94985063233,7348.982809616706,7337.409816275808,-1256.967,-11.572993340897229
2021-05-01 18:00:00,8997.0,8464.65331921036,7456.832579464266,7447.7045015104395,-1007.82074,-9.128077953826596
2021-05-01 19:00:00,8763.5,8264.815437197438,7284.792487978688,7286.223126160548,-980.02295,1.4306381818608758
2021-05-01 20:00:00,8722.5,8077.33115293492,6896.859595317733,6894.122990304093,-1180.4716,-2.7366050136397733
2021-05-01 21:00:00,9006.0,7965.82619673258,6446.712549271642,6439.13349253068,-1519.1136,-7.579056740962053
2021-05-01 22:00:00,8655.0,7943.666981752178,6210.752919252178,6218.82354867972,-1732.9141,8.070629427542798
2021-05-01 23:00:00,8518.0,7969.252634623508,6017.021311381321,6009.767136610463,-1952.2313,-7.254174770857778
2021-05-02 00:00:00,8546.0,7984.7002022198985,6439.566046946461,6430.060851877151,-1545.1342,-9.505195069309178
2021-05-02 01:00:00,8537.0,7965.731400478577,6328.184403408264,6334.758368236404,-1637.547,6.573964828139345
2021-05-02 02:00:00,8443.0,7940.6417700947295,5939.391648024417,5935.316227016636,-2001.2501,-4.075421007780761
2021-05-02 03:00:00,8487.0,7963.214972298964,5854.599737923964,5843.026440029975,-2108.6152,-11.573297893989768
2021-05-02 04:00:00,8512.0,8064.178907358949,5907.918653452699,5904.8241527543805,-2156.2603,-3.0945006983179244
2021-05-02 05:00:00,8574.0,8222.808749802381,6024.2562595680065,6025.540642529344,-2198.5525,1.2843829613373436
2021-05-02 06:00:00,8677.0,8380.610704567856,6356.049425270981,6366.316264921614,-2024.5613,10.266839650632205
2021-05-02 07:00:00,8671.0,8482.291197545888,6572.566221959951,6564.4292211219445,-1909.725,-8.137000838006319
2021-05-02 08:00:00,8685.0,8508.979567817416,6649.5326684033535,6635.320208237472,-1859.4469,-14.212460165881877
2021-05-02 09:00:00,8708.0,8480.735688791201,6656.380464181826,6649.952620735827,-1824.3552,-6.427843445999752
2021-05-02 10:00:00,8620.0,8434.673143947353,6570.017382228603,6560.629733256914,-1864.6558,-9.38764897168976
2021-05-02 11:00:00,8550.0,8402.57796725712,6346.556971163371,6354.053780359154,-2056.021,7.496809195783774
2021-05-02 12:00:00,8552.0,8403.735413396389,6185.558899724514,6195.22477870709,-2218.1765,9.66587898257637
2021-05-02 13:00:00,8561.0,8447.82367677013,6225.586860363879,6246.9371260616135,-2222.2368,21.350265697734578
2021-05-02 14:00:00,8658.0,8533.397079797005,6415.44224581263,6421.84641508484,-2117.9548,6.404169272210527
2021-05-02 15:00:00,8783.0,8638.855006043577,6801.940333192015,6784.545797592132,-1836.9147,-17.39453559988308
2021-05-02 16:00:00,8926.0,8719.86745579676,7127.560937242073,7121.391585363813,-1592.3065,-6.169351878260656
2021-05-02 17:00:00,8914.0,8727.804470615542,7372.678127842104,7370.910863460452,-1355.1263,-1.767264381652621
2021-05-02 18:00:00,8741.0,8643.471641664273,7206.165001039273,7197.296866056266,-1437.3066,-8.86813498300758
2021-05-02 19:00:00,9172.0,8499.350919976945,7096.959196344133,7107.5486222436175,-1402.3917,10.589425899484974
2021-05-02 20:00:00,9155.0,8365.986359458677,7207.725495200864,7170.6631790555875,-1158.2609,-37.06231614527642
2021-05-02 21:00:00,8863.0,8306.66481290344,6882.106951575315,6830.157646927456,-1424.5579,-51.94930464785917
2021-05-02 22:00:00,8562.0,8334.424102718178,6512.789703304115,6500.792338811477,-1821.6344,-11.997364492638875
2021-05-02 23:00:00,8447.0,8407.347467124993,6352.912652671868,6320.421261087604,-2054.4348,-32.49139158426404
2021-05-03 00:00:00,8490.0,8467.255871333424,6487.503063716236,6481.764591929983,-1979.7528,-5.738471786253544
2021-05-03 01:00:00,8554.0,8489.602901880548,6423.8904995367975,6430.507149246898,-2065.7124,6.616649710099967
2021-05-03 02:00:00,8668.0,8502.44834807048,6308.20518400798,6307.621046213532,-2194.2432,-0.5841377944479444
2021-05-03 03:00:00,9284.0,8559.371478463907,6569.183490182657,6688.578560087315,-1990.188,119.39506990465804
2021-05-03 04:00:00,9721.0,8690.923439114978,7080.9627457556035,7096.163978697411,-1609.9607,15.201232941807154
2021-05-03 05:00:00,9910.0,8876.228526619885,7408.654674080823,7381.290241654852,-1467.5739,-27.36443242597057
2021-05-03 06:00:00,9866.0,9056.670591446888,7538.763364884388,7537.396278728959,-1517.9072,-1.3670861554283613
2021-05-03 07:00:00,9754.0,9176.867611168258,7499.1834070666955,7493.308204899393,-1677.6842,-5.8752021673023
2021-05-03 08:00:00,9704.0,9217.898556695574,7566.589962945574,7552.583085210742,-1651.3086,-14.006877734832631
2021-05-03 09:00:00,9691.0,9199.811393943843,7666.26390859228,7673.221968727846,-1533.5475,6.958060135565306
2021-05-03 10:00:00,9598.0,9159.743559219905,7504.726103165218,7492.235302185338,-1655.0175,-12.490800979880351
2021-05-03 11:00:00,9528.0,9129.537607260456,7357.129282065143,7343.021482070752,-1772.4083,-14.107799994390884
2021-05-03 12:00:00,9399.0,9128.566271478303,7155.547350579865,7164.00718300997,-1973.0189,8.459832430104234
2021-05-03 13:00:00,9349.0,9166.625289550871,7147.698897949309,7153.217337167532,-2018.9264,5.518439218222739
2021-05-03 14:00:00,9319.0,9242.414903050641,7328.415513402204,7336.185987324193,-1913.9994,7.77047392198874
2021-05-03 15:00:00,9146.0,9334.50597656844,7491.7724560606275,7484.572466134033,-1842.7335,-7.199989926594784
2021-05-03 16:00:00,9238.0,9398.76320616511,7735.190574329172,7740.81850052716,-1663.5726,5.6279261979880415
2021-05-03 17:00:00,9204.0,9386.774323094753,7884.72537289944,7891.847729529677,-1502.049,7.122356630237186
2021-05-03 18:00:00,8926.0,9279.586894367661,7650.696513508286,7633.225076778743,-1628.8904,-17.47143672954362
2021-05-03 19:00:00,9241.0,9109.94895506375,7628.2378954934375,7627.407400967298,-1481.711,-0.8304945261398603
2021-05-03 20:00:00,9091.0,8948.690396195463,7353.122280961088,7321.203393651239,-1595.5681,-31.91888730984955
2021-05-03 21:00:00,8679.0,8859.395627618684,6979.447141290559,6986.374796489483,-1879.9485,6.927655198923876
2021-05-03 22:00:00,8458.0,8855.403895847483,7015.1403460427955,7012.507451193201,-1840.2635,-2.6328948495944995
2021-05-03 23:00:00,9233.5,8895.100133475617,7286.0957389443665,7345.315934276736,-1609.0044,59.22019533236885
2021-05-04 00:00:00,9216.5,8920.60853799573,7103.260393464479,7091.322072068638,-1817.3481,-11.938321395841538
2021-05-04 01:00:00,9175.0,8907.690013940768,6954.413402612643,6941.847967275843,-1953.2766,-12.5654353367999
2021-05-04 02:00:00,9132.5,8884.714881122794,6573.818396747794,6530.724328008657,-2310.8965,-43.094068739137654
2021-05-04 03:00:00,8953.0,8905.570188189715,6714.897824908465,6709.3559667156715,-2190.6724,-5.5418581927934
2021-05-04 04:00:00,9388.0,9001.103854248684,6843.844821045559,6802.889460777134,-2157.259,-40.95536026842456
2021-05-04 05:00:00,9568.0,9150.720097607778,7167.887822217153,7175.648396897887,-1982.8323,7.760574680734003
2021-05-04 06:00:00,9497.0,9296.06489970553,7378.7367747055305,7368.399163023506,-1917.3281,-10.337611682024445
2021-05-04 07:00:00,9374.0,9382.002905863703,7473.87583066839,7461.317244168524,-1908.1271,-12.558586499866887
2021-05-04 08:00:00,9408.0,9389.845970444943,7476.559227280881,7447.335375390648,-1913.2867,-29.223851890233
2021-05-04 09:00:00,9353.0,9339.859626729232,7394.926032979232,7402.054522105194,-1944.9336,7.128489125961632
2021-05-04 10:00:00,9229.0,9269.379547863977,7213.898834973352,7176.2092194175675,-2055.4807,-37.6896155557844
2021-05-04 11:00:00,9053.0,9210.423394976162,7077.452691851162,7078.782151453803,-2132.9707,1.3294596026408885
2021-05-04 12:00:00,9119.0,9182.514067897937,6728.237212429187,6703.646256492414,-2454.2769,-24.590955936772893
2021-05-04 13:00:00,9081.0,9195.572139780421,6856.681270639796,6838.962861084756,-2338.8909,-17.718409555040026
2021-05-04 14:00:00,9171.0,9248.396759805888,6827.247834024638,6811.980455721032,-2421.149,-15.267378303605948
2021-05-04 15:00:00,9112.0,9319.63061974255,7111.912602164424,7108.775961417062,-2207.718,-3.136640747362739
2021-05-04 16:00:00,9204.0,9365.183020104889,7379.931799401764,7342.154173878068,-1985.2512,-37.777625523696166
2021-05-04 17:00:00,9148.0,9336.661569213378,7593.242379760253,7587.000267984709,-1743.4192,-6.242111775544118
2021-05-04 18:00:00,8965.0,9215.113465227816,7373.645691790316,7342.273136829574,-1841.4678,-31.3725549607423
2021-05-04 19:00:00,9198.0,9033.269569650032,7189.94815851722,7199.967085733625,-1843.3214,10.018927216405148
2021-05-04 20:00:00,9034.0,8861.925441291543,6998.059474494668,6995.521234869707,-1863.866,-2.5382396249615558
2021-05-04 21:00:00,9115.5,8764.610296906632,6402.632757844132,6383.492353281887,-2361.9775,-19.140404562245557
2021-05-04 22:00:00,9115.5,8754.584081913817,6767.8340819138175,6771.156285026517,-1986.75,3.3222031126999783
2021-05-04 23:00:00,9115.5,8790.129544967087,7032.387845748337,6977.147576477529,-1757.7417,-55.2402692708086
2021-05-05 00:00:00,9133.5,8813.252062904123,7115.534045325998,7088.413832765266,-1697.718,-27.12021256073105
2021-05-05 01:00:00,9159.5,8799.584704214814,7017.487658316377,6975.372498739006,-1782.097,-42.115159577371195
2021-05-05 02:00:00,9184.5,8777.365171013373,6622.892514763373,6539.312636373292,-2154.4727,-83.57987839008072
2021-05-05 03:00:00,8988.0,8800.342228584708,6531.892521553458,6530.335865731886,-2268.4497,-1.5566558215727975
2021-05-05 04:00:00,9447.0,8899.216580939335,6663.3616004705855,6641.695609203099,-2235.855,-21.66599126748652
2021-05-05 05:00:00,9667.0,9053.23529882708,6986.4584433583295,6977.394855856711,-2066.7769,-9.06358750161886
2021-05-05 06:00:00,9573.0,9203.88098495548,7234.2316929632925,7228.75277704476,-1969.6493,-5.478915918533396
2021-05-05 07:00:00,9568.0,9295.85538718539,7331.532633279139,7308.360034005817,-1964.3228,-23.172599273321993
2021-05-05 08:00:00,9654.0,9310.313702718957,7457.108990804894,7439.461420503364,-1853.2047,-17.647570301530067
2021-05-05 09:00:00,9805.0,9267.373246965812,7424.650834856437,7415.917027449535,-1842.7224,-8.733807406900791
2021-05-05 10:00:00,9631.0,9204.22924170707,7335.586053230507,7306.002337704781,-1868.6432,-29.583715525726173
2021-05-05 11:00:00,9635.0,9152.76578174129,7135.945469241289,7125.266061991692,-2016.8203,-10.679407249596716
2021-05-05 12:00:00,9661.0,9132.379742545296,7022.632916373421,6995.068348747503,-2109.7468,-27.564567625918443
2021-05-05 13:00:00,9660.0,9152.874816230258,7006.284484199008,6982.036620015114,-2146.5903,-24.247864183894496
2021-05-05 14:00:00,9773.0,9212.94331922738,7108.316121961754,7080.791754997709,-2104.6272,-27.52436696404511
2021-05-05 15:00:00,9891.0,9291.13100818328,7412.56167224578,7397.58617641931,-1878.5693,-14.975495826470272
2021-05-05 16:00:00,9893.0,9343.260502567064,7818.737187137376,7812.492569828757,-1524.5233,-6.244617308619237
2021-05-05 17:00:00,9764.0,9320.865478226355,7871.080199906042,7874.814116405121,-1449.7853,3.7339164990788696
2021-05-05 18:00:00,9467.0,9204.935940126477,7719.155910829602,7726.273534819061,-1485.78,7.117623989458732
2021-05-05 19:00:00,9595.0,9028.164772587039,7594.448586063601,7578.835357136149,-1433.7162,-15.613228927452406
2021-05-05 20:00:00,9372.0,8861.327003161834,7207.0724865602715,7198.806152258578,-1654.2545,-8.266334301693822
2021-05-05 21:00:00,8953.0,8767.943221055099,6922.316512070724,6900.468881423863,-1845.6267,-21.84763064686003
2021-05-05 22:00:00,9647.5,8761.271169665391,6803.149831774766,6848.396732071338,-1958.1213,45.24690029657201
2021-05-05 23:00:00,9660.5,8799.596462123765,7291.956203334703,7312.291800203408,-1507.6403,20.335596868704794
2021-05-06 00:00:00,9686.5,8824.93575711256,7212.223965120373,7201.39047522745,-1612.7118,-10.833489892922167
2021-05-06 01:00:00,9738.0,8812.946282690496,7092.728997534246,7059.774931068337,-1720.2173,-32.95406646591
2021-05-06 02:00:00,9768.0,8791.903634428674,6833.339303373987,6840.646771387452,-1958.5643,7.307468013464755
2021-05-06 03:00:00,9250.0,8815.603777553175,6442.91993966255,6398.0349035178615,-2372.6838,-44.8850361446888
2021-05-06 04:00:00,9712.0,8914.797000143471,6638.746951315346,6610.571147461265,-2276.05,-28.175803854081142
2021-05-06 05:00:00,9993.0,9068.77762488648,6956.781531136479,6949.887056995226,-2111.996,-6.894474141253311
2021-05-06 06:00:00,10108.0,9219.073155012558,7206.001011457871,7202.748611022889,-2013.0721,-3.252400434981225
2021-05-06 07:00:00,10171.0,9310.430927437843,7433.280048531593,7437.978411605514,-1877.1509,4.698363073921585
2021-05-06 08:00:00,10073.0,9324.054604393357,7549.726967674607,7556.888437287949,-1774.3276,7.161469613341753
2021-05-06 09:00:00,9917.0,9280.11162077337,7551.483446945245,7545.930396438414,-1728.6282,-5.553050506831061
2021-05-06 10:00:00,9886.0,9215.845078156346,7388.635239289159,7388.5922502845,-1827.2098,-0.04298900465929534
2021-05-06 11:00:00,9825.0,9163.180852479505,7207.690740174818,7219.668771076725,-1955.4901,11.978030901907394
2021-05-06 12:00:00,9797.0,9141.5494661333,7062.8834505083,7054.8661516659795,-2078.666,-8.017298842319937
2021-05-06 13:00:00,9772.0,9160.779354315548,7160.289974432735,7183.489377094756,-2000.4894,23.19940266202044
2021-05-06 14:00:00,9761.0,9219.577560464106,7246.768600503168,7269.116842198161,-1972.809,22.348241694992744
2021-05-06 15:00:00,9709.0,9296.492764544537,7510.848355364849,7524.389666621041,-1785.6444,13.541311256191735
2021-05-06 16:00:00,9799.0,9347.33782696895,7721.089169742387,7757.620329510579,-1626.2487,36.531159768191884
2021-05-06 17:00:00,9695.0,9323.625658448327,7762.235033448327,7754.720431132277,-1561.3906,-7.514602316050926
2021-05-06 18:00:00,9388.0,9206.318091866075,7539.708106514512,7554.447228151431,-1666.61,14.739121636918473
2021-05-06 19:00:00,9579.0,9028.074947630232,7465.725460325544,7473.522098875094,-1562.3495,7.796638549550606
2021-05-06 20:00:00,9439.0,8859.631992844037,7116.39481022685,7123.579219116859,-1743.2372,7.1844088900096255
2021-05-06 21:00:00,9735.0,8764.459701242713,6693.131576242713,6714.082608315691,-2071.3281,20.951032072978215
2021-05-06 22:00:00,9735.0,8755.750654550555,7213.719770761492,7180.637089423368,-1542.0309,-33.082681338124694
2021-05-06 23:00:00,9735.0,8791.710568881996,7298.676022983558,7251.771503509095,-1493.0345,-46.904519474463136
2021-05-07 00:00:00,9735.0,8814.266847878984,7710.584108621171,7716.032277932463,-1103.6827,5.44816931129166
2021-05-07 01:00:00,9735.0,8798.984918984113,7650.761896523176,7642.794061039915,-1148.223,-7.967835483260946
2021-05-07 02:00:00,9735.0,8774.049529324799,7223.315886746674,7212.45374461937,-1550.7336,-10.862142127304024
2021-05-07 03:00:00,9405.0,8793.165211650725,6818.233571025725,6740.238719719928,-1974.9316,-77.99485130579731
2021-05-07 04:00:00,9792.0,8886.986412064607,6909.33907319742,6924.327882731166,-1977.6473,14.988809533746894
2021-05-07 05:00:00,10012.0,9034.705741449618,7309.320243402743,7299.044587671209,-1725.3855,-10.275655731533476
2021-05-07 06:00:00,9974.0,9177.746467625351,7704.488044773789,7718.516289901434,-1473.2584,14.028245127644995
2021-05-07 07:00:00,9973.0,9260.755632707833,7792.520403215645,7818.271247615114,-1468.2352,25.750844399467997
2021-05-07 08:00:00,10060.0,9264.846162977483,7855.411592664983,7868.7006922515075,-1409.4346,13.289099586524532
2021-05-07 09:00:00,10077.0,9210.106479482847,7782.982944326597,7786.771645127827,-1427.1235,3.788700801229365
2021-05-07 10:00:00,9993.0,9133.711784774378,7715.6588062587525,7714.532554057992,-1418.053,-1.1262522007611888
2021-05-07 11:00:00,9964.0,9067.530449173328,7514.292045853015,7513.015171801355,-1553.2384,-1.276874051660726
2021-05-07 12:00:00,9969.0,9030.946786381732,7364.825936772357,7383.604998593264,-1666.1208,18.779061820907476
2021-05-07 13:00:00,9895.0,9033.756243994303,7318.996600439616,7333.833209284486,-1714.7596,14.836608844870439
2021-05-07 14:00:00,9918.0,9074.647390984856,7456.168753289543,7456.823499610614,-1618.4786,0.6547463210709624
2021-05-07 15:00:00,9911.0,9132.165233414433,7775.915355484745,7780.265228544225,-1356.2499,4.349873059478988
2021-05-07 16:00:00,9835.0,9162.134589176945,8042.366156559758,8027.108835870393,-1119.7684,-15.257320689364967
2021-05-07 17:00:00,9710.0,9116.098947162709,8006.8800750923965,7994.7157694831085,-1109.2189,-12.164305609288046
2021-05-07 18:00:00,9493.0,8975.073828775208,7770.143042642396,7735.0367274895525,-1204.9308,-35.10631515284344
2021-05-07 19:00:00,9751.0,8771.79881578701,7637.271349966697,7650.742180954952,-1134.5275,13.470830988255445
2021-05-07 20:00:00,9562.0,8577.11419491195,7387.24505428695,7367.115186959284,-1189.8691,-20.1298673276663
2021-05-07 21:00:00,9066.0,8454.61458329623,7031.49641923373,6993.364743373398,-1423.1182,-38.13167586033246
2021-05-07 22:00:00,8701.0,8417.631194727146,6866.347137109959,6875.624352812518,-1551.284,9.277215702558847
2021-05-07 23:00:00,9037.5,8424.521769160028,6907.496012324091,6890.796482980915,-1517.0258,-16.699529343175097
2021-05-08 00:00:00,9021.5,8417.382642067134,6918.679272926509,6929.626436700581,-1498.7034,10.947163774071909
2021-05-08 01:00:00,8970.0,8371.969595595254,6821.131582899941,6799.286422211556,-1550.838,-21.845160688385054
2021-05-08 02:00:00,8931.5,8316.6799410064,6526.179818936087,6527.830406813487,-1790.5001,1.650587877399776
2021-05-08 03:00:00,8931.5,8305.448352233749,6161.115832702499,6198.4918490605205,-2144.3325,37.376016358021516
2021-05-08 04:00:00,8608.0,8369.169721203829,6298.490277844454,6308.671515577272,-2070.6794,10.18123773281831
2021-05-08 05:00:00,8755.0,8487.28219046446,6466.474451206648,6473.622552588761,-2020.8077,7.148101382112849
2021-05-08 06:00:00,8933.0,8601.458965415257,6961.797100180882,6960.708384670464,-1639.6619,-1.0887155104183426
2021-05-08 07:00:00,9036.0,8656.60365015927,7104.90882594052,7102.098921323537,-1551.6948,-2.809904616982473
2021-05-08 08:00:00,9039.0,8634.093561458954,7218.101862240204,7211.967778224482,-1415.9917,-6.134084015723066
2021-05-08 09:00:00,9007.0,8554.286974804287,7079.501208202724,7071.421139341753,-1474.7858,-8.080068860971403
2021-05-08 10:00:00,8913.0,8454.629218481232,6876.648627660919,6857.279488907455,-1577.9806,-19.369138753464103
2021-05-08 11:00:00,8885.0,8367.25375379683,6681.014373914017,6693.115705016803,-1686.2394,12.101331102786274
2021-05-08 12:00:00,8888.0,8311.801328882812,6595.433042749999,6593.0237849594205,-1716.3683,-2.4092577905786166
2021-05-08 13:00:00,8930.0,8298.312686179317,6639.136416648067,6653.414513265508,-1659.1763,14.27809661744077
2021-05-08 14:00:00,9096.0,8325.707610956897,6867.676116816272,6861.62738643584,-1458.0315,-6.048730380432505
2021-05-08 15:00:00,9280.0,8372.74453599127,7280.240141460021,7304.321463269591,-1092.5044,24.081321809570017
2021-05-08 16:00:00,9360.0,8395.441035828782,7627.183955750657,7632.117632836834,-768.2571,4.933677086176823
2021-05-08 17:00:00,9170.0,8345.512302226402,7863.753818339683,7869.230290736152,-481.75848,5.476472396468984
2021-05-08 18:00:00,8868.0,8204.126008473144,7520.150849781738,7501.600476242602,-683.97516,-18.550373539135872
2021-05-08 19:00:00,9180.0,8004.1547428172225,7417.995196918785,7461.423026601022,-586.15955,43.42782968223655
2021-05-08 20:00:00,9151.0,7816.549249987548,7367.611261706298,7388.589109550461,-448.938,20.977847844162874
2021-05-08 21:00:00,8742.0,7704.985335824971,6785.273177621846,6744.749113009287,-919.71216,-40.52406461255902
2021-05-08 22:00:00,8428.0,7682.839941883193,6228.630713367568,6226.263986056069,-1454.2092,-2.3667273114987935
2021-05-08 23:00:00,8241.0,7708.479472590118,6208.770122004181,6188.966888901507,-1499.7094,-19.803233102673136
2021-05-09 00:00:00,8150.0,7723.975441844271,6196.249855906771,6214.209622487529,-1527.7256,17.959766580757517
2021-05-09 01:00:00,8131.0,7705.030474511427,6041.021441308302,6085.773984454564,-1664.009,44.75254314626142
2021-05-09 02:00:00,8051.0,7679.962386926675,5706.397323450113,5719.841333642864,-1973.5651,13.444010192751257
2021-05-09 03:00:00,8104.0,7702.597170053187,5402.856447396937,5382.876853575795,-2299.7407,-19.97959382114203
2021-05-09 04:00:00,8168.0,7803.6869123005235,5554.3275373005235,5569.9591852220165,-2249.3594,15.63164792149284
2021-05-09 05:00:00,8332.0,7962.490491994138,5735.201185353513,5744.497347623044,-2227.2893,9.296162269531413
2021-05-09 06:00:00,8460.0,8120.468101009065,6099.664878352815,6091.629273904714,-2020.8032,-8.035604448101447
2021-05-09 07:00:00,8457.0,8222.282670915021,6401.366289079084,6404.415909772436,-1820.9164,3.049620693352424
2021-05-09 08:00:00,8473.0,8249.04870483633,6495.251707766018,6480.671230034441,-1753.797,-14.580477731577068
2021-05-09 09:00:00,8438.0,8220.84187095977,6424.968091662895,6393.387279656656,-1795.8738,-31.580812006239388
2021-05-09 10:00:00,8302.0,8174.804964936861,6337.140414155611,6313.237402431193,-1837.6646,-23.903011724418672
2021-05-09 11:00:00,8276.0,8142.749040572075,6101.7824878377,6107.7029504761595,-2040.9666,5.920462638460085
2021-05-09 12:00:00,8252.0,8143.974536326893,6001.592700389393,6017.820255290882,-2142.3818,16.22755490148959
2021-05-09 13:00:00,8246.0,8188.167271284673,6021.052036909673,6055.3390477293415,-2167.1152,34.28701081966843
2021-05-09 14:00:00,8316.0,8273.880440223136,6149.156074988761,6176.45548764822,-2124.7244,27.29941265945831
2021-05-09 15:00:00,8472.0,8379.496441533547,6486.991314580422,6508.695061471352,-1892.5051,21.70374689092983
2021-05-09 16:00:00,8580.0,8460.650407595083,6804.464372438833,6799.408290770479,-1656.186,-5.056081668354596
2021-05-09 17:00:00,8614.0,8468.674129541423,6830.931819971111,6874.962725721538,-1637.7423,44.03090575042723
2021-05-09 18:00:00,8447.0,8384.358107622982,6862.953932818295,6892.9501974276955,-1521.4042,29.996264609400466
2021-05-09 19:00:00,8777.0,8240.209859196271,6936.873433415021,6976.985940942354,-1303.3364,40.11250752733319
2021-05-09 20:00:00,8787.0,8106.828949619366,6747.843475986553,6767.02651255929,-1358.9855,19.183036572736906
2021-05-09 21:00:00,8387.0,8047.5520323295,6373.950103618563,6356.647847443772,-1673.6019,-17.302256174791125
2021-05-09 22:00:00,8083.0,8075.427195796342,5959.631785640092,5942.637240820435,-2115.7954,-16.99454481965692
2021-05-09 23:00:00,7976.0,8148.504708517039,6026.116524923289,5997.469388517212,-2122.3882,-28.647136406076953
2021-05-10 00:00:00,7946.0,8208.559772236962,5795.040240986962,5814.237987984752,-2413.5195,19.19774699779016
2021-05-10 01:00:00,7958.0,8231.026670923551,5772.117247095426,5769.182134633535,-2458.9094,-2.9351124618912148
2021-05-10 02:00:00,8085.0,8243.987278840112,5722.592259308862,5745.796407773331,-2521.395,23.20414846447009
2021-05-10 03:00:00,8767.0,8301.063025977533,5998.2668833994085,6015.214103768112,-2302.7961,16.94722036870343
2021-05-10 04:00:00,9284.0,8432.829102026259,6404.417847143446,6409.828095825433,-2028.4113,5.410248681986583
2021-05-10 05:00:00,9620.0,8618.393387749124,6940.550492241311,6919.22870711227,-1677.8429,-21.321785129040816
2021-05-10 06:00:00,9769.0,8799.093626694714,7115.704954819714,7117.810195563319,-1683.3887,2.105240743605784
2021-05-10 07:00:00,9769.0,8919.504234602973,7282.156212142036,7278.06171580155,-1637.348,-4.094496340485243
2021-05-10 08:00:00,9841.0,8960.689305671493,7408.637547858993,7412.0107402422655,-1552.0518,3.3731923832733104
2021-05-10 09:00:00,9848.0,8942.712586624984,7394.425355179672,7407.864556338496,-1548.2872,13.439201158823986
2021-05-10 10:00:00,9677.0,8902.74073856541,7209.851212198222,7212.440302910018,-1692.8895,2.5890907117953015
2021-05-10 11:00:00,9626.0,8872.641374864814,7014.092058458564,7034.041950415958,-1858.5493,19.949891957394495
2021-05-10 12:00:00,9558.0,8871.802476932688,6830.027086307688,6833.68977403724,-2041.7754,3.662687729551956
2021-05-10 13:00:00,9428.0,8910.027495841907,6711.439849357532,6693.726994551369,-2198.5876,-17.712854806163115
2021-05-10 14:00:00,9360.0,8986.015657520331,6816.534456348456,6805.652020848598,-2169.4812,-10.882435499857776
2021-05-10 15:00:00,9216.0,9078.320975249768,6992.652274077893,6966.303713376841,-2085.6687,-26.348560701051408
2021-05-10 16:00:00,9205.0,9142.773431307285,7363.042108065098,7348.139798995724,-1779.7313,-14.90230906937334
2021-05-10 17:00:00,9108.0,9130.922679086993,7518.77411951668,7500.820234396076,-1612.1486,-17.953885120604006
2021-05-10 18:00:00,8797.0,9023.80138374085,7248.897331006476,7247.413137787064,-1774.904,-1.484193219411128
2021-05-10 19:00:00,8987.0,8854.18335009651,7198.529419432447,7193.013075204554,-1655.6539,-5.5163442278924695
2021-05-10 20:00:00,8813.0,8692.954196200135,6851.649996981385,6855.25222490053,-1841.3042,3.6022279191447764
2021-05-10 21:00:00,8334.0,8603.748357971415,6414.81012554954,6375.903681737482,-2188.9382,-38.906443812058185
2021-05-10 22:00:00,8956.0,8599.915580871124,6987.164970519561,6964.574341974788,-1612.7506,-22.590628544773875
2021-05-10 23:00:00,8940.5,8639.808065704116,6793.991537383803,6828.93241057979,-1845.8165,34.94087319598655
2021-05-11 00:00:00,8877.0,8665.504487058852,6937.574921629164,6950.659564481325,-1727.9296,13.084642852161272
2021-05-11 01:00:00,8820.5,8652.746687681401,6822.421858579839,6890.933851144987,-1830.3248,68.5119925651483
2021-05-11 02:00:00,8808.5,8629.927310977895,6527.950748477895,6539.502120132382,-2101.9766,11.551371654486145
2021-05-11 03:00:00,8393.0,8650.975801226432,6414.822236773307,6420.263137188043,-2236.1536,5.440900414736085
2021-05-11 04:00:00,8828.0,8746.764348724217,6673.771672942967,6658.970734359626,-2072.9927,-14.800938583341127
2021-05-11 05:00:00,9045.0,8896.68097476837,6751.905095862119,6758.914651774623,-2144.776,7.00955591250422
2021-05-11 06:00:00,9048.0,9042.325762026572,7083.53315948751,7100.621053193582,-1958.7926,17.087893706072364
2021-05-11 07:00:00,8957.0,9128.519989665554,7216.5310980639915,7245.583014870541,-1911.9889,29.05191680654934
2021-05-11 08:00:00,8955.0,9136.560816926061,7158.002955597936,7165.993600529444,-1978.5579,7.990644931507774
2021-05-11 09:00:00,8926.0,9086.729723979286,7118.804186869911,7094.049338021414,-1967.9255,-24.754848848496916
2021-05-11 10:00:00,8804.0,9016.39175811358,6850.922275691704,6817.70815346168,-2165.4695,-33.21412223002432
2021-05-11 11:00:00,8768.0,8957.589770692119,6699.684253113994,6666.644073650571,-2257.9055,-33.04017946342248
2021-05-11 12:00:00,8668.0,8929.862022617319,6518.445762851694,6490.340790880424,-2411.4163,-28.10497197127002
2021-05-11 13:00:00,8704.0,8943.136894406332,6449.544853390707,6452.693303175926,-2493.592,3.1484497852184545
2021-05-11 14:00:00,8792.0,8996.212594141749,6609.060250391749,6594.736535885337,-2387.1523,-14.323714506411852
2021-05-11 15:00:00,8760.0,9067.715017290973,6928.365896197223,6908.585220389413,-2139.349,-19.780675807810063
2021-05-11 16:00:00,8824.0,9113.518786168293,7246.892199254231,7229.780191724224,-1866.6266,-17.112007530006657
2021-05-11 17:00:00,8771.0,9085.193447736112,7418.620327618924,7394.022873842088,-1666.5731,-24.59745377683577
2021-05-11 18:00:00,8432.0,8963.771296248342,7113.204157576467,7116.718160081576,-1850.5671,3.514002505108695
2021-05-11 19:00:00,8611.0,8782.008943109744,7128.2395339300565,7122.28863543825,-1653.7694,-5.950898491806799
2021-05-11 20:00:00,8491.0,8610.757637443478,6784.840034904415,6794.726893250651,-1825.9176,9.886858346236075
2021-05-11 21:00:00,8686.0,8513.596569562953,6451.278454328578,6476.449798882576,-2062.318,25.171344553997756
2021-05-11 22:00:00,8686.0,8503.796116800697,6769.674168558509,6790.103066927471,-1734.122,20.428898368962496
2021-05-11 23:00:00,8686.0,8539.606215829595,6893.640395517095,6922.397921410299,-1645.9658,28.757525893204054
2021-05-12 00:00:00,8686.0,8562.986628745477,6874.9086258157895,6876.318140563136,-1688.078,1.409514747346506
2021-05-12 01:00:00,8721.0,8549.55126031614,6774.281606995828,6775.1679278073725,-1775.2697,0.886320811544363
2021-05-12 02:00:00,8728.5,8527.560025903194,6478.162564965694,6520.3936843082565,-2049.3975,42.23111934256212
2021-05-12 03:00:00,8219.0,8550.803969371927,6225.192885387552,6253.130625930964,-2325.611,27.93774054341169
2021-05-12 04:00:00,8591.0,8650.007943846802,6460.594613768677,6483.434622783536,-2189.4133,22.840009014858715
2021-05-12 05:00:00,8738.0,8804.402697728045,6772.820788548357,6802.201430335984,-2031.5819,29.38064178762715
2021-05-12 06:00:00,8771.0,8955.424808033866,6910.530520924491,6953.612321730779,-2044.8943,43.08180080628757
2021-05-12 07:00:00,8827.0,9047.732529659472,7036.102280636034,7078.1167097139,-2011.6302,42.014429077865195
2021-05-12 08:00:00,8861.0,9062.466239529303,7098.485648708991,7144.45387425556,-1963.9806,45.968225546568554
2021-05-12 09:00:00,8840.0,9019.759077971661,7120.964888518536,7152.352037573886,-1898.7942,31.387149055350342
2021-05-12 10:00:00,8781.0,8956.835523553547,7026.068311639485,7053.804674245891,-1930.7672,27.736362606406022
2021-05-12 11:00:00,8804.0,8905.604749807897,6814.167982229772,6843.658790067465,-2091.4368,29.490807837692632
2021-05-12 12:00:00,8777.0,8885.478888807696,6690.893927870196,6713.497233979427,-2194.585,22.60330610923072
2021-05-12 13:00:00,8719.0,8906.269343603895,6690.16460727577,6713.087194496766,-2216.1047,22.92258722099549
2021-05-12 14:00:00,8653.0,8966.667401986339,6810.1293160488385,6832.048342143274,-2156.538,21.919026094435367
2021-05-12 15:00:00,8598.0,9045.201946272917,6930.393352522917,6941.85767771964,-2114.8086,11.464325196723308
2021-05-12 16:00:00,8658.0,9097.660849822498,7263.382773650623,7277.459073636544,-1834.2781,14.076299985921613
2021-05-12 17:00:00,8571.0,9075.539669584161,7455.633053373223,7437.332936608784,-1619.9066,-18.30011676443943
2021-05-12 18:00:00,8315.0,8959.813459647094,7125.649275076781,7167.784463688747,-1834.1642,42.135188611965525
2021-05-12 19:00:00,8524.0,8783.200817775534,7086.470715236472,7134.13508011613,-1696.7301,47.66436487965815
2021-05-12 20:00:00,8297.0,8616.532435761586,6806.471888886586,6856.197683868988,-1810.0605,49.72579498240155
2021-05-12 21:00:00,7842.0,8523.37886027188,6486.846999920317,6477.700841195686,-2036.5319,-9.146158724630906
2021-05-12 22:00:00,8340.0,8517.00825999837,6588.846638904621,6634.039202391096,-1928.1616,45.1925634864754
2021-05-12 23:00:00,8327.0,8555.673438334568,6584.305152201756,6584.209107719464,-1971.3683,-0.0960444822919877
2021-05-13 00:00:00,8318.5,8581.345449492745,6308.73192410212,6282.886457223708,-2272.6135,-25.84546687841162
2021-05-13 01:00:00,8309.0,8569.66237524368,6196.340842040556,6163.584233519251,-2373.3215,-32.75660852130452
2021-05-13 02:00:00,8304.5,8548.922047963088,5816.999684681838,5776.286096019076,-2731.9224,-40.71358866276188
2021-05-13 03:00:00,8304.5,8572.962740102674,5843.735933462049,5816.467867451393,-2729.2268,-27.268066010655048
2021-05-13 04:00:00,8304.5,8672.558921376167,6083.013755360542,6023.662422666779,-2589.5452,-59.351332693762394
2021-05-13 05:00:00,8026.0,8826.988627366025,6242.901713303525,6247.7232381750055,-2584.087,4.821524871480349
2021-05-13 06:00:00,8244.0,8977.733372331435,6345.214329362685,6345.595212723151,-2632.519,0.38088336046580984
2021-05-13 07:00:00,8365.0,9069.497037190651,6643.076138753151,6658.632973543636,-2426.421,15.556834790484697
2021-05-13 08:00:00,8424.0,9083.468499891627,6711.149408094752,6745.248650103118,-2372.319,34.099242008365685
2021-05-13 09:00:00,8426.0,9039.831054105476,6667.593505277351,6679.631882247271,-2372.2375,12.038376969920218
2021-05-13 10:00:00,8339.0,8975.857088773535,6587.971834867285,6607.872676122736,-2387.8853,19.90084125545113
2021-05-13 11:00:00,8322.0,8923.4975848087,6266.423121918075,6288.576752589623,-2657.0745,22.15363067154791
2021-05-13 12:00:00,8303.0,8902.198342137559,6164.713234715684,6200.7651234431105,-2737.485,36.05188872742681
2021-05-13 13:00:00,8306.0,8921.79552168224,6154.989125197864,6146.542206636542,-2766.8064,-8.446918561322121
2021-05-13 14:00:00,8346.0,8980.995146119185,6315.296903931685,6320.936571907311,-2665.6982,5.639667975626116
2021-05-13 15:00:00,8319.0,9058.329021460624,6422.729656226249,6432.165369449988,-2635.5994,9.435713223739233
2021-05-13 16:00:00,8301.0,9109.575254410654,6874.591123551279,6875.321309977887,-2234.9841,0.7301864266077632
2021-05-13 17:00:00,8241.0,9086.20862090545,6916.4793728585755,6944.662637157615,-2169.7292,28.183264299039486
2021-05-13 18:00:00,7934.0,8969.175978641142,6760.273634891142,6746.532057944193,-2208.9023,-13.74157694694857
2021-05-13 19:00:00,8106.0,8791.162828742295,6660.1472037422955,6688.709579685107,-2131.0156,28.562375942811407
2021-05-13 20:00:00,7977.0,8622.960561579697,6458.346303767197,6463.740130028137,-2164.6143,5.393826260939694
2021-05-13 21:00:00,8271.0,8528.089559484411,5925.128866125036,5935.555466689948,-2602.9607,10.426600564911087
2021-05-13 22:00:00,8271.0,8519.752773211174,6164.327724383049,6146.555152222664,-2355.425,-17.7725721603847
2021-05-13 23:00:00,8271.0,8556.123046141445,6316.45580981332,6312.002077283434,-2239.6672,-4.453732529885911
2021-05-14 00:00:00,8271.0,8567.010634035709,6356.285536379459,6352.941629460996,-2210.725,-3.343906918462417
2021-05-14 01:00:00,8271.0,8552.104636679192,6272.5853495698175,6255.529975312442,-2279.5193,-17.055374257375348
2021-05-14 02:00:00,8271.0,8527.540542178283,6043.012221865783,6028.490926866158,-2484.5283,-14.521294999625981
2021-05-14 03:00:00,8271.0,8547.065109993091,5872.002854133716,5820.799321699101,-2675.0623,-51.20353243461539
2021-05-14 04:00:00,8112.0,8641.35688591882,6280.11713982507,6287.4307561194255,-2361.2397,7.313616294355813
2021-05-14 05:00:00,8351.0,8789.592111719201,6386.624094141076,6411.470767684152,-2402.968,24.846673543075706
2021-05-14 06:00:00,8524.0,8933.147985582369,6703.604528551119,6713.404033285245,-2229.5435,9.79950473412562
2021-05-14 07:00:00,8534.0,9016.628015780272,6827.011804842772,6817.970766877663,-2189.6162,-9.04103796510952
2021-05-14 08:00:00,8636.0,9021.130270754336,6855.596579348086,6857.103744987723,-2165.5337,1.5071656396362605
2021-05-14 09:00:00,8585.0,8966.758962558755,6857.829275058755,6848.216334882754,-2108.9297,-9.612940176001073
2021-05-14 10:00:00,8474.0,8890.718520557197,6690.872329150947,6669.688955170897,-2199.8462,-21.183373980049225
2021-05-14 11:00:00,8398.0,8824.902368145598,6507.594995098723,6495.792770844147,-2317.3074,-11.802224254576313
2021-05-14 12:00:00,8434.0,8788.710054651565,6351.95981051094,6368.998927520787,-2436.7502,17.039117009847224
2021-05-14 13:00:00,8393.0,8791.94472272168,6334.660787174806,6345.811522170586,-2457.284,11.150734995780388
2021-05-14 14:00:00,8414.0,8833.293902297106,6368.659869093981,6371.958670310239,-2464.634,3.2988012162575457
2021-05-14 15:00:00,8478.0,8891.285720628985,6569.07698039461,6564.352769647208,-2322.2087,-4.724210747401144
2021-05-14 16:00:00,8509.0,8921.710251350234,7062.082809943984,7035.4652773081025,-1859.6274,-26.617532635881272
2021-05-14 17:00:00,8394.0,8876.072873047437,7194.639767578687,7184.2199476373735,-1681.4331,-10.419819941313309
2021-05-14 18:00:00,8127.0,8735.374171962747,6891.538600673684,6898.907055297344,-1843.8356,7.368454623659713
2021-05-14 19:00:00,8310.0,8532.379466573617,6918.683421651742,6961.5972198593345,-1613.696,42.91379820759239
2021-05-14 20:00:00,8073.0,8337.98473893319,6569.52184830819,6591.54362336836,-1768.4629,22.021775060170558
2021-05-14 21:00:00,7624.0,8215.83460293439,6262.332405668765,6272.13712114351,-1953.5022,9.804715474744519
2021-05-14 22:00:00,8068.0,8179.270745378935,6078.69335280081,6100.217964849093,-2100.5774,21.524612048282407
2021-05-14 23:00:00,8036.0,8186.618152865097,6237.886463411972,6249.447151970921,-1948.7317,11.560688558949403
2021-05-15 00:00:00,7998.5,8192.000451126378,6288.755578079503,6291.672655598452,-1903.2449,2.917077518949144
2021-05-15 01:00:00,7959.5,8147.008747462871,6151.320515040996,6127.438098181379,-1995.6882,-23.882416859616797
2021-05-15 02:00:00,7959.5,8092.135446022278,5920.427926491028,5887.158298527477,-2171.7075,-33.2696279635512
2021-05-15 03:00:00,7959.5,8081.357619821115,5874.739455758615,5861.75629454199,-2206.6182,-12.983161216624572
2021-05-15 04:00:00,7351.0,8145.594442953352,5927.701376547102,5938.024901831808,-2217.893,10.323525284706013
2021-05-15 05:00:00,7634.0,8264.267879913645,5795.301571319895,5792.132321579135,-2468.9663,-3.1692497407595557
2021-05-15 06:00:00,7821.0,8379.00526429729,6191.094863906665,6191.155620386567,-2187.9104,0.06075647990194812
2021-05-15 07:00:00,7988.0,8434.666869113957,6378.898314426457,6375.470733997897,-2055.7686,-3.427580428559411
2021-05-15 08:00:00,8086.0,8412.615359003075,6563.721316034325,6578.586675426976,-1848.894,14.865359392651074
2021-05-15 09:00:00,8063.0,8333.225007004627,6545.544342942127,6570.855774996276,-1787.6807,25.311432054148657
2021-05-15 10:00:00,8009.0,8233.970573480588,6337.226921136838,6350.227065510352,-1896.7437,13.000144373513258
2021-05-15 11:00:00,7892.0,8147.010774559323,6196.492464012448,6187.973399740187,-1950.5183,-8.519064272260598
2021-05-15 12:00:00,7931.0,8092.001790085325,6056.238972702513,6073.537256671119,-2035.7628,17.29828396860672
2021-05-15 13:00:00,8096.0,8078.99224569372,6079.02544881872,6096.564663763582,-1999.9668,17.5392149448619
2021-05-15 14:00:00,8187.0,8106.9010656766595,6378.3239172391595,6413.665320368762,-1728.5771,35.34140312960248
2021-05-15 15:00:00,8321.0,8154.469969874906,6753.497069484281,6783.002086009944,-1400.9729,29.5050165256629
2021-05-15 16:00:00,8377.0,8177.681940194574,7129.076837655512,7178.438114842023,-1048.6051,49.36127718651224
2021-05-15 17:00:00,8159.0,8128.214193518824,7171.031698401636,7183.121878270124,-957.1825,12.09017986848845
2021-05-15 18:00:00,7890.0,7987.219585460355,6867.283916515043,6862.4185902037825,-1119.9357,-4.865326311260293
2021-05-15 19:00:00,8119.0,7787.596538830798,6785.990093518298,6815.415536744619,-1001.60645,29.425443226321242
2021-05-15 20:00:00,8048.0,7600.351570455567,6527.721443502442,6585.5092985292495,-1072.6301,57.78785502680812
2021-05-15 21:00:00,7581.0,7489.210537325066,6106.910000215691,6148.372395281699,-1382.3005,41.46239506600793
2021-05-15 22:00:00,7240.0,7467.560884970417,5766.166475790729,5818.579473470041,-1701.3944,52.41299767931156
2021-05-15 23:00:00,7854.5,7493.736271163116,5684.933048506866,5708.438809814423,-1808.8032,23.50576130755708
2021-05-16 00:00:00,7814.0,7509.76265229229,5860.603838815728,5894.110990957124,-1649.1588,33.5071521413966
2021-05-16 01:00:00,7763.0,7491.323537589406,5848.609548331594,5879.11073006453,-1642.714,30.501181732936033
2021-05-16 02:00:00,7740.0,7466.758994411465,5583.883872341153,5599.244551879165,-1882.8751,15.360679538012079
2021-05-16 03:00:00,7740.0,7489.937318802201,5457.464906692826,5480.665603638937,-2032.4724,23.200696946110583
2021-05-16 04:00:00,7156.0,7591.634762587418,5441.765133681168,5475.619707677009,-2149.8696,33.85457399584045
2021-05-16 05:00:00,7417.0,7751.093883153111,5488.048717137486,5460.9653080535445,-2263.0452,-27.083409083941607
2021-05-16 06:00:00,7631.0,7909.728834521803,5805.211256396803,5843.943651448585,-2104.5176,38.732395051781964
2021-05-16 07:00:00,7825.0,8012.159029086008,6026.235689242258,6035.166661817406,-1985.9233,8.930972575148557
2021-05-16 08:00:00,7920.0,8039.484109150734,6203.471535908547,6217.946264770171,-1836.0126,14.474728861624287
2021-05-16 09:00:00,7884.0,8011.795512768874,6170.739482495436,6171.700839138099,-1841.056,0.9613566426620561
2021-05-16 10:00:00,7803.0,7966.265222819341,5999.683191569341,5993.316383412863,-1966.582,-6.366808156478248
2021-05-16 11:00:00,7723.0,7934.7292879426695,5835.8821199739195,5839.0077341458045,-2098.8472,3.125614171884758
2021-05-16 12:00:00,7672.0,7936.50330536751,5708.420053414385,5698.385432403848,-2228.0833,-10.034621010535883
2021-05-16 13:00:00,7757.0,7981.2806937954365,5759.9142387173115,5765.197893845678,-2221.3665,5.2836551283662825
2021-05-16 14:00:00,7924.0,8067.6134953009905,5881.7875675666155,5867.366977712774,-2185.826,-14.420589853841207
2021-05-16 15:00:00,7980.0,8173.867097943132,6250.524080365007,6235.706504079952,-1923.343,-14.817576285055445
2021-05-16 16:00:00,8076.0,8255.641741085527,6612.7830985074015,6603.494950913261,-1642.8586,-9.288147594140273
2021-05-16 17:00:00,8057.0,8264.230940240672,6772.183576959422,6789.641108549615,-1492.0474,17.457531590192644
2021-05-16 18:00:00,7804.0,8180.410079551334,6622.328048301334,6627.708603445947,-1558.082,5.380555144612929
2021-05-16 19:00:00,8084.0,8036.712217470199,6586.8820172748865,6619.117189788623,-1449.8302,32.23517251373723
2021-05-16 20:00:00,8109.0,7903.792405556657,6455.168382119157,6496.235895328915,-1448.624,41.06751320975799
2021-05-16 21:00:00,7724.0,7845.0370726281635,6152.972009151601,6135.1983841229685,-1692.0651,-17.773625028632264
2021-05-16 22:00:00,7483.0,7873.50454790246,5743.354401418085,5737.176359128304,-2130.1501,-6.178042289781354
2021-05-16 23:00:00,8018.5,7947.212104876331,5945.089424212269,5963.341422254697,-2002.1227,18.251998042428422
2021-05-17 00:00:00,8066.5,8007.889156465929,6182.123653536241,6204.148171106284,-1825.7655,22.024517570043127
2021-05-17 01:00:00,8080.0,8030.950658732895,6063.335546428208,6109.916054743802,-1967.6151,46.58050831559502
2021-05-17 02:00:00,8087.0,8044.500545526981,5804.176326776981,5786.916967083097,-2240.3242,-17.259359693884182
2021-05-17 03:00:00,8090.0,8102.202382919106,5957.980459090981,5938.534280816556,-2144.222,-19.4461782744249
2021-05-17 04:00:00,8595.0,8234.655378813537,6262.2414383838495,6246.27708568839,-1972.414,-15.964352695459954
2021-05-17 05:00:00,8867.0,8420.950972754617,6731.157271582742,6737.2814185111365,-1689.7937,6.124146928393838
2021-05-17 06:00:00,8900.0,8602.380775955397,7068.054482010084,7068.322273692242,-1534.3263,0.2677916821577747
2021-05-17 07:00:00,8932.0,8723.475616902782,7132.96279951997,7153.706885484788,-1590.5128,20.744085964817728
2021-05-17 08:00:00,9021.0,8765.284687651605,7143.660053862543,7150.345216651654,-1621.6246,6.685162789111231
2021-05-17 09:00:00,9009.0,8747.887490299048,7164.053261783423,7181.234527386273,-1583.8342,17.18126560284963
2021-05-17 10:00:00,8828.0,8708.479885320834,6978.778957586459,6966.9679168534085,-1729.7009,-11.811040733050529
2021-05-17 11:00:00,8741.0,8678.95451925197,6755.176809291033,6767.8342735288015,-1923.7777,12.657464237768016
2021-05-17 12:00:00,8913.0,8678.71459608037,6622.66967420537,6670.2380219296565,-2056.045,47.568347724286646
2021-05-17 13:00:00,8931.0,8717.571254821187,6762.120082946187,6767.052222368383,-1955.4512,4.932139422196158
2021-05-17 14:00:00,8876.0,8794.222680316638,6861.429955707263,6866.6142943099285,-1932.7927,5.184338602665734
2021-05-17 15:00:00,8802.0,8887.206009094776,7078.502395813526,7069.006605664825,-1808.7036,-9.495790148701566
2021-05-17 16:00:00,8847.0,8952.31648422415,7342.342241060087,7341.01844770975,-1609.9742,-1.3237933503368746
2021-05-17 17:00:00,8720.0,8941.065655802586,7432.090558146336,7446.938767206829,-1508.9751,14.848209060492731
2021-05-17 18:00:00,8410.0,8834.471261696279,7227.418039040029,7223.022228718357,-1607.0532,-4.3958103216717435
2021-05-17 19:00:00,8436.0,8665.332851050365,7161.90438425349,7165.591581470673,-1503.4285,3.687197217182635
2021-05-17 20:00:00,8323.0,8504.59174356495,6825.690620518075,6816.222883315916,-1678.9011,-9.467737202158762
2021-05-17 21:00:00,8730.5,8415.932375817894,6432.203982263207,6461.642750573345,-1983.7284,29.43876831013819
2021-05-17 22:00:00,8730.5,8412.714966817703,6681.960328145828,6663.799427879701,-1730.7546,-18.160900266126045
2021-05-17 23:00:00,8730.5,8453.25896024102,6816.727954381646,6828.351057599453,-1636.531,11.623103217807317
2021-05-18 00:00:00,8706.0,8479.59748239443,7078.161691378806,7066.193208338694,-1401.4358,-11.968483040112442
2021-05-18 01:00:00,8706.0,8467.453288904973,7099.471843592473,7116.807916280349,-1367.9814,17.33607268787544
2021-05-18 02:00:00,8706.0,8445.2413214466,6814.116443516912,6858.914124268792,-1631.1249,44.79768075187992
2021-05-18 03:00:00,8068.0,8466.933394647192,6372.7073204284425,6376.008015680369,-2094.226,3.300695251926021
2021-05-18 04:00:00,8556.0,8563.425944694565,6624.546672233628,6677.601387825556,-1938.8793,53.05471559192852
2021-05-18 05:00:00,8845.0,8714.090770621178,6891.509227652428,6917.107227105797,-1822.5815,25.597999453368704
2021-05-18 06:00:00,8920.0,8860.482031099695,7248.553808443445,7222.9762694878455,-1611.9282,-25.57753895559893
2021-05-18 07:00:00,8985.0,8947.377613918874,7415.6470230985615,7398.868659175141,-1531.7306,-16.778363923420564
2021-05-18 08:00:00,8968.0,8956.05995803058,7566.279318382143,7574.9264447674195,-1389.7806,8.647126385276112
2021-05-18 09:00:00,8961.0,8906.826465326802,7526.763843256489,7536.911311461009,-1380.0626,10.147468204519564
2021-05-18 10:00:00,8763.0,8837.071532128037,7418.375365135849,7427.209102814906,-1418.6962,8.833737679056659
2021-05-18 11:00:00,8692.0,8778.863174928076,7150.304092896826,7159.568514960771,-1628.5591,9.264422063944988
2021-05-18 12:00:00,8785.0,8751.754990640802,7016.78025919549,7064.798049750435,-1734.9747,48.017790554944945
2021-05-18 13:00:00,8750.0,8765.68314212096,7005.518103058461,7018.011513743913,-1760.165,12.49341068545289
2021-05-18 14:00:00,8732.0,8819.44487136438,7070.643357692505,7089.73884327491,-1748.8015,19.095485582405704
2021-05-18 15:00:00,8695.0,8891.649252562995,7213.00935998487,7226.814122297656,-1678.6399,13.804762312785776
2021-05-18 16:00:00,8745.0,8938.13620492954,7518.439183445165,7522.20082327538,-1419.697,3.7616398302146545
2021-05-18 17:00:00,8669.0,8910.437189185039,7675.197321020976,7690.334307758089,-1235.2399,15.136986737113034
2021-05-18 18:00:00,8357.0,8789.569570828862,7274.807852078862,7283.91888247353,-1514.7617,9.111030394668184
2021-05-18 19:00:00,8460.0,8608.315686385491,7200.081799666741,7195.287657041125,-1408.2339,-4.794142625615478
2021-05-18 20:00:00,8278.0,8437.582450521151,6877.568412435214,6885.452428164968,-1560.014,7.884015729754406
2021-05-18 21:00:00,8680.5,8340.99900241657,6816.913675268133,6811.476760291658,-1524.0853,-5.436914976475503
2021-05-18 22:00:00,8680.5,8331.84612663749,6962.354061207803,6941.989223177763,-1369.4921,-20.364838030040133
2021-05-18 23:00:00,8680.5,8368.340923280284,6990.019756288097,6982.980386458532,-1378.3212,-7.039369829564994
2021-05-19 00:00:00,8682.0,8392.397515112723,7051.625420386161,7047.822912494579,-1340.7721,-3.8025078915815778
2021-05-19 01:00:00,8682.0,8379.610618683966,6956.497947785529,6948.412346383261,-1423.1127,-8.085601402267052
2021-05-19 02:00:00,8682.0,8358.262338132517,6669.74830004658,6689.437716967158,-1688.514,19.68941692057838
2021-05-19 03:00:00,8682.0,8382.185971498686,6175.444028139311,6174.2230969600405,-2206.742,-1.2209311792707511
2021-05-19 04:00:00,8513.0,8482.130496657312,6452.711673415124,6408.193125772134,-2029.4188,-44.5185476429898
2021-05-19 05:00:00,8852.0,8637.310315363533,6759.69007610572,6785.439591667556,-1877.6202,25.749515561835732
2021-05-19 06:00:00,8982.0,8789.115954725143,7121.334704725143,7158.256980954379,-1667.7812,36.922276229236516
2021-05-19 07:00:00,9027.0,8882.162152455056,7334.193890736306,7360.085268929286,-1547.9683,25.891378192980707
2021-05-19 08:00:00,9115.0,8897.574441104238,7437.065041690175,7419.471140501585,-1460.5094,-17.59390118858996
2021-05-19 09:00:00,9159.0,8855.501761852263,7514.164725719451,7512.057492170059,-1341.337,-2.107233549391661
2021-05-19 10:00:00,8970.0,8793.19782606147,7351.923045788033,7320.474271754763,-1441.2748,-31.448774033269874
2021-05-19 11:00:00,8890.0,8742.596862049104,7037.168883533479,7043.909397340575,-1705.428,6.7405138070961685
2021-05-19 12:00:00,8870.0,8723.126234644773,6908.263075465085,6925.791348689021,-1814.8632,17.528273223935358
2021-05-19 13:00:00,8866.0,8744.605034029008,6849.97576156807,6854.6627898297875,-1894.6293,4.687028261717522
2021-05-19 14:00:00,8881.0,8805.723495612101,7004.6493989324135,7029.797021297176,-1801.0741,25.1476223647622
2021-05-19 15:00:00,8926.0,8884.993603736964,7211.150708229152,7230.367105859842,-1673.8429,19.216397630689702
2021-05-19 16:00:00,8903.0,8938.168462060297,7552.23401381811,7571.819306441867,-1385.9344,19.58529262375716
2021-05-19 17:00:00,8815.0,8916.70548512267,7704.895426528919,7717.29785646114,-1211.81,12.402429932220569
2021-05-19 18:00:00,8412.0,8801.564752678096,7293.263971428096,7271.909951087499,-1508.3008,-21.35402034059603
2021-05-19 19:00:00,8478.0,8625.490552605066,7171.932447136316,7172.248351768423,-1453.5581,0.31590463210710107
2021-05-19 20:00:00,8369.0,8459.369217611202,6822.836991048702,6835.495238440984,-1636.5322,12.658247392282835
2021-05-19 21:00:00,7929.0,8366.82122863747,6779.391174926532,6778.05891942735,-1587.43,-1.3322554991817699
2021-05-19 22:00:00,8803.5,8361.125156534647,7001.009067667459,7020.906646462909,-1360.1161,19.89757879544959
2021-05-19 23:00:00,8801.0,8400.500971914815,7127.712397696065,7134.418102026208,-1272.7886,6.70570433014303
2021-05-20 00:00:00,8746.0,8426.874101544105,7126.836503887855,7116.151878706821,-1300.0376,-10.684625181034246
2021-05-20 01:00:00,8662.0,8415.863458029808,7026.730401389183,7040.764992126152,-1389.133,14.03459073696895
2021-05-20 02:00:00,8627.5,8395.789087766887,6684.916651243449,6671.50658114567,-1710.8724,-13.41007009778007
2021-05-20 03:00:00,8016.0,8420.53154770944,6188.334526225064,6173.389961208674,-2232.197,-14.944565016389465
2021-05-20 04:00:00,8515.0,8520.889466588767,6447.687074010642,6488.360039295689,-2073.2024,40.67296528504608
2021-05-20 05:00:00,8792.0,8676.124570347813,6800.543515660313,6788.8082266973315,-1875.581,-11.73528896298087
2021-05-20 06:00:00,8883.0,8827.67236184793,7165.2623276682425,7160.500916226874,-1662.41,-4.761411441368291
2021-05-20 07:00:00,8934.0,8920.193243631515,7318.703497537765,7311.502040342247,-1601.4897,-7.201457195518177
2021-05-20 08:00:00,8916.0,8934.861287135667,7406.082844752855,7431.251716074831,-1528.7784,25.168871321976262
2021-05-20 09:00:00,8904.0,8891.875622636679,7406.664074785116,7413.999215669944,-1485.2115,7.335140884827312
2021-05-20 10:00:00,8810.0,8828.537904371846,7208.809877028096,7203.379501937836,-1619.728,-5.430375090259792
2021-05-20 11:00:00,8700.0,8776.824196259093,7048.98618356378,7024.026686733136,-1727.838,-24.959496830645012
2021-05-20 12:00:00,8624.0,8756.195553906738,6859.582883008301,6873.6743276196985,-1896.6127,14.091444611397938
2021-05-20 13:00:00,8631.0,8776.49584218248,6782.2631761668545,6770.333824651253,-1994.2327,-11.929351515601489
2021-05-20 14:00:00,8686.0,8836.430041323074,6863.721301088699,6859.956124523994,-1972.7087,-3.765176564705485
2021-05-20 15:00:00,8648.0,8914.513061842392,7117.025879225204,7126.959206173495,-1797.4872,9.933326948290055
2021-05-20 16:00:00,8734.0,8966.488235273437,7347.903152265624,7318.671685165265,-1618.5851,-29.231467100359104
2021-05-20 17:00:00,8731.0,8943.792181410154,7547.578192152341,7541.483125445582,-1396.214,-6.095066706759204
2021-05-20 18:00:00,8412.0,8827.356761513376,7298.879466591501,7317.83262435806,-1528.4773,18.95315776655818
2021-05-20 19:00:00,8490.0,8649.893136311486,7224.657174397424,7227.493910712842,-1425.236,2.8367363154182397
2021-05-20 20:00:00,8473.0,8482.248298359562,6904.829719257999,6887.931065775575,-1577.4186,-16.898653482424734
2021-05-20 21:00:00,8639.5,8387.992517699246,6411.309778441433,6385.116631424799,-1976.6827,-26.19314701663349
2021-05-20 22:00:00,8639.5,8380.33909330674,6873.95969877549,6880.37329099497,-1506.3794,6.413592219479689
2021-05-20 23:00:00,8639.5,8417.427975126691,6942.658199736066,6940.82865641361,-1474.7698,-1.8295433224566826
2021-05-21 00:00:00,8639.5,8441.095199435187,6954.13487228675,6956.728825201347,-1486.9603,2.5939529145975113
2021-05-21 01:00:00,8667.0,8426.867732847659,6893.421687925784,6885.914582260596,-1533.446,-7.507105665187981
2021-05-21 02:00:00,8708.5,8402.97462017723,6582.5070908803555,6580.199021754288,-1820.4675,-2.308069126067352
2021-05-21 03:00:00,8314.0,8423.204827337788,6046.827385931538,6019.954652577327,-2376.3774,-26.872733354210652
2021-05-21 04:00:00,8848.0,8518.260979723098,6577.2542658559105,6608.131911010835,-1941.0067,30.87764515492507
2021-05-21 05:00:00,9256.0,8667.302929982612,6934.73200713105,6920.3737032401095,-1732.5709,-14.358303890939844
2021-05-21 06:00:00,9383.0,8811.66178680597,7443.161420595032,7415.783677639142,-1368.5004,-27.37774295588937
2021-05-21 07:00:00,9419.0,8895.897504857696,7563.766645482696,7556.5900722776305,-1332.1309,-7.176573205065563
2021-05-21 08:00:00,9493.0,8901.093275135294,7695.443128650919,7698.221384856907,-1205.6501,2.778256205988054
2021-05-21 09:00:00,9509.0,8847.369081199451,7755.088075340076,7748.272403704269,-1092.281,-6.815671635807165
2021-05-21 10:00:00,9376.0,8771.958559848057,7636.837954379307,7611.717715958863,-1135.1206,-25.12023842044417
2021-05-21 11:00:00,9339.0,8706.78016831412,7356.459367532871,7305.076476849601,-1350.3208,-51.38289068326968
2021-05-21 12:00:00,9341.0,8671.24867244677,7167.407119712396,7138.198920467894,-1503.8416,-29.208199244501905
2021-05-21 13:00:00,9323.0,8675.174890954888,7166.372156579888,7146.304139989812,-1508.8027,-20.068016590075363
2021-05-21 14:00:00,9406.0,8717.245295880875,7262.295588849625,7252.607563217905,-1454.9497,-9.68802563171995
2021-05-21 15:00:00,9396.0,8775.97111697911,7511.053392369735,7478.858915326107,-1264.9177,-32.19447704362711
2021-05-21 16:00:00,9472.0,8807.107665014215,7860.103697729059,7823.0383930946855,-947.00397,-37.065304634373284
2021-05-21 17:00:00,9350.0,8762.12218982381,7967.129880253497,7934.799678440995,-794.9923,-32.33020181250146
2021-05-21 18:00:00,8915.0,8622.00032418197,7571.268512658533,7475.169200692931,-1050.7318,-96.09931196560237
2021-05-21 19:00:00,8911.0,8419.533105099226,7489.16195031407,7484.185710737217,-930.37115,-4.976239576853138
2021-05-21 20:00:00,8787.0,8225.672191930717,7082.036327672904,7120.681425400308,-1143.6359,38.64509772740459
2021-05-21 21:00:00,8280.0,8104.11217739236,6710.363886376735,6679.092605368085,-1393.7483,-31.27128100864968
2021-05-21 22:00:00,8696.0,8068.205203582901,6653.266604950089,6665.078458108444,-1414.9386,11.811853158355047
2021-05-21 23:00:00,8662.0,8076.243486107092,6719.560502708655,6734.324610856314,-1356.683,14.764108147659938
2021-05-22 00:00:00,8624.0,8070.232264386968,6686.750086652593,6683.151078442528,-1383.4822,-3.599008210065583
2021-05-22 01:00:00,8579.5,8025.889158841652,6515.891234036964,6505.584407329241,-1509.9979,-10.30682670772309
2021-05-22 02:00:00,8555.0,7971.65610316545,6283.960424454513,6299.6853740048045,-1687.6957,15.724949550291724
2021-05-22 03:00:00,8555.0,7961.552552379586,5980.743104137398,5994.412327661889,-1980.8094,13.66922352449115
2021-05-22 04:00:00,8155.0,8026.521945901204,5925.450168557454,5893.1454271745015,-2101.0718,-32.30474138295287
2021-05-22 05:00:00,8362.0,8145.970053403288,5780.829184262663,5714.837990108664,-2365.1409,-65.99119415399988
2021-05-22 06:00:00,8493.0,8261.478320107602,6372.48161600604,6320.7242523235445,-1888.9967,-51.75736368249539
2021-05-22 07:00:00,8557.0,8317.863671490199,6621.513940044886,6603.360045928235,-1696.3497,-18.153894116651255
2021-05-22 08:00:00,8678.0,8296.474103785544,6738.818586207419,6746.462568923004,-1557.6555,7.643982715585232
2021-05-22 09:00:00,8714.0,8217.699871454728,6698.380779657853,6687.500181819761,-1519.3191,-10.880597838092
2021-05-22 10:00:00,8646.0,8119.045150941696,6614.572860902634,6610.85211579018,-1504.4723,-3.7207451124542983
2021-05-22 11:00:00,8602.0,8032.693897401985,6402.560108339485,6369.590548804325,-1630.1338,-32.969559535159924
2021-05-22 12:00:00,8553.0,7978.31770671636,6351.346881521047,6340.87949265094,-1626.9708,-10.467388870106939
2021-05-22 13:00:00,8531.0,7965.97307220911,6346.710254826297,6348.918598589905,-1619.2628,2.2083437636074494
2021-05-22 14:00:00,8610.0,7994.578041843676,6572.555458835864,6584.405637043998,-1422.0226,11.850178208133675
2021-05-22 15:00:00,8833.0,8042.857607349722,6831.931826099722,6837.967147855463,-1210.9258,6.035321755741263
2021-05-22 16:00:00,8926.0,8066.760142942742,7295.701976438836,7296.944243643818,-771.05817,1.2422672049813168
2021-05-22 17:00:00,8727.0,8017.924875780272,7418.031931444334,7400.381239253745,-599.89294,-17.650692190589034
2021-05-22 18:00:00,8394.0,7877.489829092475,7111.215415029975,7098.799608863229,-766.2744,-12.415806166746151
2021-05-22 19:00:00,8474.0,7678.379245713519,7034.144077256487,7036.894680099624,-644.23517,2.750602843136312
2021-05-22 20:00:00,8510.0,7491.655400188664,6741.553471477727,6757.5727706419675,-750.1019,16.01929916424025
2021-05-22 21:00:00,8206.0,7381.0941864481,6203.115548752788,6201.363728053653,-1177.9786,-1.7518206991340965
2021-05-22 22:00:00,7860.0,7360.093539968331,5917.279330983956,5923.529687279297,-1442.8142,6.250356295340275
2021-05-22 23:00:00,8202.0,7386.954357964661,5859.505505425598,5870.443394268884,-1527.4489,10.937888843285837
2021-05-23 00:00:00,8167.0,7403.657025628004,6111.201825432691,6096.994484903249,-1292.4552,-14.207340529442549
2021-05-23 01:00:00,8118.0,7385.865923012724,5881.246782387724,5849.1542395625165,-1504.6191,-32.09254282520784
2021-05-23 02:00:00,8118.0,7361.943355135663,5689.887935213788,5680.957945157342,-1672.0554,-8.929990056446133
2021-05-23 03:00:00,8118.0,7385.7999099040235,5599.272199943086,5572.938386743723,-1786.5277,-26.333813199363565
2021-05-23 04:00:00,8118.0,7488.23598956526,5528.861844057447,5544.195503113995,-1959.3741,15.333659056547704
2021-05-23 05:00:00,7795.0,7648.477817686574,5603.423008116261,5598.538524269595,-2045.0548,-4.884483846666213
2021-05-23 06:00:00,8007.0,7807.8934977971,5821.982242914288,5804.1371090789935,-1985.9113,-17.84513383529471
2021-05-23 07:00:00,8136.0,7911.058910580119,6090.238476009807,6103.991002467234,-1820.8204,13.752526457426969
2021-05-23 08:00:00,8247.0,7939.058825207451,6235.997301769951,6260.237106299535,-1703.0615,24.23980452958399
2021-05-23 09:00:00,8198.0,7912.000437450641,6265.021555614703,6264.654182933348,-1646.9789,-0.3673726813548305
2021-05-23 10:00:00,8100.0,7867.084905430304,6178.225042149054,6178.056299615668,-1688.8599,-0.1687425333870968
2021-05-23 11:00:00,8051.0,7836.173260858298,5931.164715936423,5942.650906695119,-1905.0085,11.486190758696667
2021-05-23 12:00:00,8098.0,7838.596248091123,5853.8624834426855,5864.550514362057,-1984.7338,10.688030919370911
2021-05-23 13:00:00,8152.0,7884.054874037382,5852.791812513945,5863.384009969791,-2031.2631,10.592197455845863
2021-05-23 14:00:00,8255.0,7971.10001679454,6023.35587616954,5998.077262870867,-1947.7441,-25.27861329867313
2021-05-23 15:00:00,8267.0,8078.08004304235,6479.515956128287,6473.666223090302,-1598.5641,-5.849733037985038
2021-05-23 16:00:00,8387.0,8160.560288218875,6730.124741343875,6726.064501565789,-1430.4355,-4.060239778086043
2021-05-23 17:00:00,8378.0,8169.7959815359,6828.2118750905875,6807.004918414007,-1341.5841,-21.20695667658068
2021-05-23 18:00:00,8119.0,8086.547380503545,6680.91237073792,6678.1457329472305,-1405.635,-2.7666377906896695
2021-05-23 19:00:00,8359.0,7943.373074323632,6707.628201276757,6734.19746107577,-1235.7449,26.569259799012418
2021-05-23 20:00:00,8398.0,7810.983590629825,6540.387277153262,6570.341136599249,-1270.5963,29.95385944598593
2021-05-23 21:00:00,7924.0,7752.81512364472,6147.122984972845,6135.888741965151,-1605.6921,-11.234243007694207
2021-05-23 22:00:00,7698.0,7781.936233572599,5888.592483572599,5862.046078299339,-1893.3438,-26.54640527326005
2021-05-23 23:00:00,7574.0,7856.331189299892,5980.783581878017,5962.10435933173,-1875.5476,-18.67922254628688
2021-05-24 00:00:00,7483.0,7917.6836055555095,5800.8208125867595,5801.856111529845,-2116.8628,1.0352989430854171
2021-05-24 01:00:00,7464.0,7941.38910127126,5791.094423536885,5807.063456356711,-2150.2947,15.969032819825742
2021-05-24 02:00:00,7655.0,7955.573660863337,5593.893485082087,5589.773223201936,-2361.6802,-4.120261880150564
2021-05-24 03:00:00,8384.0,8013.942977664032,5617.681503054657,5604.251506032725,-2396.2615,-13.429997021931777
2021-05-24 04:00:00,8988.0,8147.1202691696135,6181.8907769821135,6190.330066264176,-1965.2295,8.439289282062706
2021-05-24 05:00:00,9262.0,8334.180525255342,6848.482405138155,6835.039565123544,-1485.6981,-13.44284001461097
2021-05-24 06:00:00,9333.0,8516.369216552157,7142.360183349032,7139.713493301595,-1374.009,-2.6466900474366577
2021-05-24 07:00:00,9332.0,8638.173576259807,7240.000968837932,7208.905317648884,-1398.1726,-31.09565118904806
2021-05-24 08:00:00,9348.0,8680.627886417518,7338.361040714393,7326.431696643261,-1342.2668,-11.929344071132716
2021-05-24 09:00:00,9314.0,8663.827396839726,7293.259647816289,7258.863972152484,-1370.5677,-34.39567566380457
2021-05-24 10:00:00,9157.0,8624.997159905735,7245.948453851048,7210.505285542153,-1379.0487,-35.44316830889503
2021-05-24 11:00:00,9099.0,8596.054848068132,7013.289345138444,6967.103585057783,-1582.7655,-46.18576008066192
2021-05-24 12:00:00,9024.0,8596.418880792207,6778.68609270627,6799.215254495684,-1817.7328,20.529161789414136
2021-05-24 13:00:00,8971.0,8635.908078178658,6673.208615288033,6685.961331609782,-1962.6995,12.752716321749004
2021-05-24 14:00:00,8900.0,8713.21957731988,6740.5937228276925,6750.988852847414,-1972.6259,10.395130019720911
2021-05-24 15:00:00,8772.0,8806.87363149859,6951.412327787653,6956.789896218767,-1855.4613,5.377568431113712
2021-05-24 16:00:00,8810.0,8872.630738306081,7141.919434595144,7122.208812240116,-1730.7113,-19.710622355027784
2021-05-24 17:00:00,8789.0,8861.96433847206,7363.118269136123,7338.314709569545,-1498.8461,-24.803559566578084
2021-05-24 18:00:00,8552.0,8755.877236711163,7084.133950578351,7093.517951617209,-1671.7433,9.384001038858331
2021-05-24 19:00:00,8635.0,8587.194720811136,7042.116107529886,7052.664486001724,-1545.0786,10.548378471838424
2021-05-24 20:00:00,8626.0,8426.91380664946,6729.380847665085,6761.635090426101,-1697.533,32.2542427610163
2021-05-24 21:00:00,8182.0,8338.768926204311,6239.259893001186,6269.971413676323,-2099.509,30.711520675136832
2021-05-24 22:00:00,8780.5,8336.130766970457,6536.1246634548315,6568.422133345329,-1800.0061,32.29746989049742
2021-05-24 23:00:00,8780.5,8377.286010621452,6772.30932605114,6796.437334090724,-1604.9767,24.128008039584294
2021-05-25 00:00:00,8780.5,8404.222230552343,6958.216127036718,6964.8973365447055,-1446.0061,6.681209507988108
2021-05-25 01:00:00,8774.0,8392.643090813657,6826.763940423032,6839.46511204061,-1565.8792,12.701171617577508
2021-05-25 02:00:00,8763.5,8370.985827085355,6386.420397397855,6409.839497082124,-1984.5654,23.419099684269028
2021-05-25 03:00:00,8371.0,8393.264620327212,6160.2133507959625,6113.121367934776,-2233.0513,-47.091982861186786
2021-05-25 04:00:00,8755.0,8490.400148779028,6397.339846044653,6397.6403667834,-2093.0603,0.300520738746636
2021-05-25 05:00:00,8938.0,8641.747985587368,6765.9077756264305,6751.174668916814,-1875.8402,-14.733106709616171
2021-05-25 06:00:00,8986.0,8788.816361994948,7034.881669612136,7010.417178474731,-1753.9347,-24.464491137404192
2021-05-25 07:00:00,8966.0,8876.339771233428,7104.652149163116,7081.780844983085,-1771.6876,-22.87130418003017
2021-05-25 08:00:00,9001.0,8885.585928932203,7165.402579322828,7178.968823964166,-1720.1833,13.566244641338383
2021-05-25 09:00:00,9041.0,8836.868155928169,7115.457755537544,7143.825088300031,-1721.4104,28.367332762487635
2021-05-25 10:00:00,8910.0,8767.610194985326,7088.254604165013,7095.350545649032,-1679.3556,7.09594148401885
2021-05-25 11:00:00,8869.0,8709.905225356382,6812.35676344232,6821.019837258847,-1897.5485,8.663073816527172
2021-05-25 12:00:00,8776.0,8683.322177789214,6675.7383154845265,6687.8894532041295,-2007.5839,12.151137719602831
2021-05-25 13:00:00,8754.0,8697.80499552935,6590.8562650606,6570.370288169793,-2106.9487,-20.48597689080743
2021-05-25 14:00:00,8760.0,8752.149952748374,6661.968800404624,6659.793611918411,-2090.1812,-2.17518848621239
2021-05-25 15:00:00,8743.0,8824.949300817025,6780.697835973275,6754.029548748997,-2044.2515,-26.668287224278533
2021-05-25 16:00:00,8781.0,8872.008254527627,7045.167312144815,7037.362714122352,-1826.841,-7.804598022462809
2021-05-25 17:00:00,8665.0,8844.820187244817,7231.451779041692,7194.491731217711,-1613.3684,-36.96004782398131
2021-05-25 18:00:00,8337.0,8724.387534830454,6886.369224283579,6894.2210586583815,-1838.0183,7.8518343748027934
2021-05-25 19:00:00,8465.0,8543.518358211302,6985.122362117552,6964.921207541558,-1558.396,-20.201154575994185
2021-05-25 20:00:00,8370.0,8373.175237152398,6655.3325857852105,6673.245768250749,-1717.8427,17.913182465538906
2021-05-25 21:00:00,8747.5,8277.037259423356,6300.673245751481,6332.733998706486,-1976.364,32.06075295500563
2021-05-25 22:00:00,8747.5,8268.39561677796,6567.307482012335,6558.861597455182,-1701.0881,-8.445884557152176
2021-05-25 23:00:00,8747.5,8305.434572897173,6665.452151022173,6674.584631284007,-1639.9824,9.132480261833539
2021-05-26 00:00:00,8747.5,8301.135803834397,6809.805481568772,6806.1416628691795,-1491.3303,-3.6638186995920843
2021-05-26 01:00:00,8747.5,8288.848319125975,6704.347830844725,6701.55217855413,-1584.5005,-2.7956522905949033
2021-05-26 02:00:00,8747.5,8267.989739642728,6401.028802142728,6408.422145043619,-1866.9609,7.393342900891334
2021-05-26 03:00:00,8145.0,8292.435618624484,5999.755686983859,5982.265571109239,-2292.68,-17.490115874619367
2021-05-26 04:00:00,8752.0,8392.95905993457,6285.645827512695,6286.689612180768,-2107.3132,1.043784668072784
2021-05-26 05:00:00,8991.0,8548.758120134607,6647.743349626795,6646.71092313879,-1901.0148,-1.0324264880041945
2021-05-26 06:00:00,9073.0,8701.177278063058,7003.791535875558,7004.503939074519,-1697.3857,0.7124031989606546
2021-05-26 07:00:00,9258.0,8794.78775617568,7144.410436839742,7129.107917175511,-1650.3773,-15.302519664231456
2021-05-26 08:00:00,9373.0,8810.70024469989,7354.795581613953,7373.314810609721,-1455.9047,18.519228995767783
2021-05-26 09:00:00,9360.0,8769.079488000536,7421.265523156786,7427.839014933171,-1347.814,6.573491776384823
2021-05-26 10:00:00,9272.0,8707.208432750118,7247.501157359493,7211.443892788288,-1459.7073,-36.05726457120416
2021-05-26 11:00:00,9248.0,8657.046364807056,7131.426491760181,7108.618970286694,-1525.6199,-22.807521473487643
2021-05-26 12:00:00,9227.0,8638.035884700128,6910.0101278641905,6903.462165685465,-1728.0258,-6.54796217872539
2021-05-26 13:00:00,9304.0,8660.003772917738,6857.849598113051,6855.662683911682,-1802.1542,-2.1869142013696306
2021-05-26 14:00:00,9415.0,8721.639215880492,7052.2594551383045,7052.177188788809,-1669.3798,-0.08226634949529757
2021-05-26 15:00:00,9470.0,8801.43730355713,7311.743211760255,7308.554823056824,-1489.6941,-3.188388703431367
2021-05-26 16:00:00,9489.0,8855.116373736408,7616.197794634845,7601.15926092863,-1238.9186,-15.038533706215627
2021-05-26 17:00:00,9246.0,8834.095702571985,7683.930663509485,7677.742829946419,-1150.165,-6.187833563066379
2021-05-26 18:00:00,8760.0,8719.32039975372,7331.84530209747,7301.95241808916,-1387.4751,-29.892884008310226
2021-05-26 19:00:00,8795.0,8543.560447728378,7185.745994603378,7174.00880035661,-1357.8145,-11.73719424676774
2021-05-26 20:00:00,8631.0,8377.757824824372,6787.168591425934,6769.225581576684,-1590.5892,-17.94300984925002
2021-05-26 21:00:00,8139.0,8285.58295114516,6502.109928684222,6456.324008005348,-1783.473,-45.78592067887374
2021-05-26 22:00:00,9213.0,8280.324804822181,6597.622778454994,6565.655663001314,-1682.702,-31.96711545368039
2021-05-26 23:00:00,9213.0,8320.170529036921,6894.323361068171,6860.119521359256,-1425.8472,-34.203839708914366
2021-05-27 00:00:00,9195.5,8375.889974703578,6844.34273349264,6835.315908722355,-1531.5472,-9.026824770285021
2021-05-27 01:00:00,9166.5,8365.302933855684,6734.149369402559,6715.6053107619355,-1631.1536,-18.544058640623536
2021-05-27 02:00:00,9138.5,8345.641584021165,6466.762189489915,6447.524975026479,-1878.8794,-19.237214463435127
2021-05-27 03:00:00,8438.0,8370.828772863275,6142.036292394525,6091.439809349397,-2228.7925,-50.59648304512748
2021-05-27 04:00:00,9010.0,8471.687294535493,6209.3811421917435,6222.1701973688605,-2262.3062,12.789055177117282
2021-05-27 05:00:00,9199.0,8627.462571992124,6780.135789765562,6785.0100422634305,-1847.3268,4.874252497868869
2021-05-27 06:00:00,9384.0,8779.544103534428,7163.416173846928,7166.77678180874,-1616.1279,3.3606079618124998
2021-05-27 07:00:00,9411.0,8872.548820408423,7348.562858494361,7339.245269040849,-1523.986,-9.317589453511376
2021-05-27 08:00:00,9452.0,8887.63599480815,7415.202767269087,7417.351133501473,-1472.4332,2.1483662323854418
2021-05-27 09:00:00,9335.0,8845.020601124856,7386.388154835793,7392.506023102722,-1458.6324,6.117868266928868
2021-05-27 10:00:00,9304.0,8782.033566608801,7219.281979694739,7209.391893527869,-1562.7516,-9.890086166869958
2021-05-27 11:00:00,9192.0,8730.676046098039,6979.542501176164,6981.286890192983,-1751.1335,1.7443890168195075
2021-05-27 12:00:00,9141.0,8710.424359034101,6819.593426416914,6826.607685440828,-1890.8309,7.014259023915033
2021-05-27 13:00:00,9136.0,8731.130082594722,6814.225541579097,6803.567873794333,-1916.9045,-10.657667784763849
2021-05-27 14:00:00,9123.0,8791.497163153274,6951.7110303407735,6950.874938333388,-1839.7861,-0.8360920073851938
2021-05-27 15:00:00,9089.0,8870.02362450261,7118.734439932297,7135.198034826854,-1751.2892,16.463594894557325
2021-05-27 16:00:00,9091.0,8922.418032019727,7351.608583777539,7388.676045846224,-1570.8094,37.06746206868467
2021-05-27 17:00:00,8988.0,8900.078858575209,7437.421265801771,7469.171710694235,-1462.6576,31.750444892463673
2021-05-27 18:00:00,8622.0,8783.922978435858,7136.031254803045,7143.81665020108,-1647.8917,7.785395398034816
2021-05-27 19:00:00,8669.0,8606.687221540036,7040.160732282224,7079.737662100199,-1566.5265,39.5769298179751
2021-05-27 20:00:00,8616.0,8439.274192552475,6578.984031419663,6612.2485461418455,-1860.2902,33.26451472218308
2021-05-27 21:00:00,8247.0,8345.304059259463,6131.3348209782125,6124.844214383739,-2213.9692,-6.490606594473192
2021-05-27 22:00:00,7936.0,8338.000479137378,6563.180410778003,6601.636208776358,-1774.8201,38.455797998355806
2021-05-27 23:00:00,9012.0,8375.470519231756,6543.7687370051935,6567.946496716827,-1831.7018,24.17775971163331
2021-05-28 00:00:00,8999.0,8399.50453252446,6737.932022758834,6733.422252714218,-1661.5725,-4.509770044615611
2021-05-28 01:00:00,8972.5,8385.610255922622,6613.867702211684,6632.033013504211,-1771.7426,18.165311292526766
2021-05-28 02:00:00,7775.0,8362.03888404499,6274.3877609981155,6211.457328148247,-2087.6511,-62.93043284986842
2021-05-28 03:00:00,8480.0,8382.621600628367,5818.268329143992,5800.551953136719,-2564.3533,-17.716376007272267
2021-05-28 04:00:00,9014.0,8478.085122199018,6369.174721808393,6357.195296403899,-2108.9104,-11.97942540449362
2021-05-28 05:00:00,9148.0,8627.572924079272,6839.225756110522,6851.395775027244,-1788.3472,12.17001891672187
2021-05-28 06:00:00,9231.0,8772.370037439914,7198.106975916477,7206.966505922727,-1574.2631,8.85953000625048
2021-05-28 07:00:00,9244.0,8856.99287553037,7317.09297318662,7313.013612570848,-1539.8999,-4.0793606157725595
2021-05-28 08:00:00,9223.0,8862.509764306085,7348.228636376398,7365.091169551506,-1514.2811,16.862533175108055
2021-05-28 09:00:00,9151.0,8809.056471445936,7254.0817400006235,7250.399877148955,-1554.9747,-3.681862851668135
2021-05-28 10:00:00,9010.0,8733.895854013199,7134.695658700699,7122.761263842484,-1599.2002,-11.934394858214208
2021-05-28 11:00:00,8946.0,8668.971416087303,6824.574077220115,6808.5295397506015,-1844.3973,-16.04453746951389
2021-05-28 12:00:00,8957.0,8633.713153292138,6677.756122042138,6646.233822403518,-1955.957,-31.52229963861897
2021-05-28 13:00:00,8869.0,8637.93957384112,6668.531614856745,6659.981725828475,-1969.408,-8.549889028271082
2021-05-28 14:00:00,8891.0,8680.336105536997,6677.986496161997,6669.20195099168,-2002.3496,-8.78454517031741
2021-05-28 15:00:00,8798.0,8739.397094474454,6899.300903068204,6920.331831797851,-1840.0962,21.03092872964639
2021-05-28 16:00:00,8751.0,8770.843102648938,7127.825036242688,7128.971059563484,-1643.0181,1.146023320796726
2021-05-28 17:00:00,8679.0,8726.103265402147,7252.658807394335,7231.844059137472,-1473.4445,-20.814748256862664
2021-05-28 18:00:00,8397.0,8586.148276520273,6919.930747223398,6878.59611030512,-1666.2175,-41.33463691827724
2021-05-28 19:00:00,8513.0,8383.794906230667,6906.1839443166045,6892.5786424391,-1477.611,-13.605301877504386
2021-05-28 20:00:00,8475.0,8190.05050606459,6580.50216622084,6580.620826361562,-1609.5483,0.11866014072198726
2021-05-28 21:00:00,8153.0,8068.659662690291,6073.8904976512285,6028.472185358588,-1994.7692,-45.41831229264047
2021-05-28 22:00:00,8392.5,8032.984988751162,5824.801150860537,5776.766588402285,-2208.1838,-48.03456245825114
2021-05-28 23:00:00,8378.0,8041.285944395424,6266.370417051674,6238.516962985126,-1774.9155,-27.853454066548085
2021-05-29 00:00:00,8325.5,8035.522227961567,6424.524913508442,6428.257450729489,-1610.9973,3.7325372210474432
2021-05-29 01:00:00,8260.0,7991.392386249914,6258.971609882727,6280.464840976012,-1732.4208,21.493231093285342
2021-05-29 02:00:00,8239.0,7937.360671686311,5941.182326959749,5937.231765628077,-1996.1783,-3.9505613316725636
2021-05-29 03:00:00,8239.0,7927.488937620337,5962.368210081275,5949.004330540048,-1965.1207,-13.363879541226785
2021-05-29 04:00:00,7830.0,7992.744905274063,5813.420686524063,5836.496015531172,-2179.3242,23.07532900710845
2021-05-29 05:00:00,8053.0,8112.51816620892,5784.434914255795,5795.488018871044,-2328.0833,11.053104615249522
2021-05-29 06:00:00,8283.0,8228.344294175904,6191.112360582154,6182.258512326211,-2037.2319,-8.853848255943008
2021-05-29 07:00:00,8388.0,8284.996884204436,6581.191586352874,6550.493155662654,-1703.8053,-30.69843069021962
2021-05-29 08:00:00,8406.0,8263.809281428787,6728.858597835037,6703.227295633414,-1534.9507,-25.631302201622855
2021-05-29 09:00:00,8368.0,8185.187739217046,6652.297236287359,6656.560658616869,-1532.8905,4.263422329509785
2021-05-29 10:00:00,8237.0,8086.665867794727,6623.268773068165,6645.9020439405795,-1463.3971,22.633270872415217
2021-05-29 11:00:00,8226.0,8000.452879216874,6453.078123357499,6496.23522959338,-1547.3748,43.15710623588033
2021-05-29 12:00:00,8187.0,7946.23580347771,6314.701990001147,6342.120213415199,-1631.5338,27.41822341405123
2021-05-29 13:00:00,8241.0,7934.079019862282,6443.936685877907,6455.37217175722,-1490.1423,11.435485879312866
2021-05-29 14:00:00,8310.0,7962.899718476119,6719.422179413619,6744.791098057522,-1243.4775,25.36891864390248
2021-05-29 15:00:00,8449.0,8011.406181580105,6978.433403259793,7004.285165014553,-1032.9728,25.851761754760613
2021-05-29 16:00:00,8573.0,8035.5121945616265,7277.06633274522,7266.217441600465,-758.44586,-10.84889114475564
2021-05-29 17:00:00,8378.0,7986.819013891908,7308.452131567689,7293.484420807743,-678.3669,-14.96771075994596
2021-05-29 18:00:00,8060.0,7846.449849633461,7065.92268898893,7014.325205563271,-780.52716,-51.59748342565839
2021-05-29 19:00:00,8152.0,7647.354784080039,6956.250474998008,6935.041920740548,-691.1043,-21.20855425745981
2021-05-29 20:00:00,8238.0,7460.65186908578,6676.956251409999,6684.722957635355,-783.6956,7.766706225355868
2021-05-29 21:00:00,7974.0,7350.167055331617,6236.158754550367,6243.124196690896,-1114.0083,6.965442140528832
2021-05-29 22:00:00,7718.0,7329.308788207634,5924.013255981072,5921.521235299468,-1405.2955,-2.4920206816036936
2021-05-29 23:00:00,7525.0,7356.345224550483,5895.540292909858,5869.31081574014,-1460.8049,-26.229477169717857
2021-05-30 00:00:00,7912.0,7373.211198702655,5631.313615694842,5623.874537909018,-1741.8976,-7.439077785824265
2021-05-30 01:00:00,7887.0,7355.55198207869,5748.575297508378,5773.945554893681,-1606.9767,25.370257385303503
2021-05-30 02:00:00,7843.0,7331.752138071295,5582.929506235358,5573.720198416303,-1748.8226,-9.209307819054178
2021-05-30 03:00:00,7843.0,7355.7645673718125,5401.2198896374375,5386.578229588653,-1954.5447,-14.641660048784727
2021-05-30 04:00:00,7843.0,7458.41384371829,5424.970240202665,5467.7728792644175,-2033.4436,42.80263906175197
2021-05-30 05:00:00,7568.0,7618.909878139255,5526.67184102988,5520.807453668932,-2092.238,-5.864387360948168
2021-05-30 06:00:00,7730.0,7778.5747450963,5830.600990213487,5814.538325594201,-1947.9738,-16.062664619287073
2021-05-30 07:00:00,7918.0,7881.9408152048845,6040.963398212697,6075.810366855211,-1840.9774,34.84696864251389
2021-05-30 08:00:00,7906.0,7910.078006313117,6188.275271938117,6171.07783087478,-1721.8027,-17.197441063336413
2021-05-30 09:00:00,7967.0,7883.1092938792335,6122.3339032542335,6142.9230731645985,-1760.7754,20.58916991036487
2021-05-30 10:00:00,7868.0,7838.265033437118,6025.528583241806,6042.54857402096,-1812.7365,17.01999077915407
2021-05-30 11:00:00,7815.0,7807.431262089401,5825.312121464401,5829.883442860492,-1982.1191,4.57132139609168
2021-05-30 12:00:00,7812.0,7809.9538938401865,5740.8088743089365,5767.096188135231,-2069.145,26.287313826294934
2021-05-30 13:00:00,7818.0,7855.541546483565,5712.509319921065,5717.149443119684,-2143.0322,4.640123198619054
2021-05-30 14:00:00,7869.0,7942.743956988019,5848.957580034894,5861.172110029027,-2093.7864,12.214529994132876
2021-05-30 15:00:00,7921.0,8049.892493687146,6243.041541538709,6235.608954877307,-1806.851,-7.432586661401364
2021-05-30 16:00:00,8100.0,8132.517611293808,6557.461458950058,6508.946432978233,-1575.0562,-48.51502597182449
2021-05-30 17:00:00,8045.0,8141.836276074251,6673.629977246126,6647.808175246598,-1468.2063,-25.821801999528365
2021-05-30 18:00:00,7843.0,8058.593642434759,6520.539931497259,6531.797632094605,-1538.0537,11.257700597346636
2021-05-30 19:00:00,8034.0,7915.3738540667655,6535.930128480828,6535.117645139007,-1379.4437,-0.8124833418206051
2021-05-30 20:00:00,8091.0,7782.942938483085,6352.509833014335,6358.0350344894805,-1430.4331,5.525201475146023
2021-05-30 21:00:00,7708.0,7724.786879397575,5962.635634280387,5957.749575951437,-1762.1512,-4.886058328950808
2021-05-30 22:00:00,7412.0,7753.984492183628,5686.888056636753,5684.375958904873,-2067.0964,-2.5120977318798206
2021-05-30 23:00:00,7240.0,7828.487065483404,5964.2420703662165,6029.013676494358,-1864.245,64.77160612814149
2021-05-31 00:00:00,8021.5,7889.932440349356,5596.458319255606,5586.031953914587,-2293.474,-10.426365341018707
2021-05-31 01:00:00,8039.5,7913.696923280248,5854.308983827123,5846.7224880604535,-2059.388,-7.586495766669335
2021-05-31 02:00:00,7323.0,7927.928574108464,5612.336288952214,5596.491884863556,-2315.5923,-15.844404088657694
2021-05-31 03:00:00,8009.0,7986.375238423236,5799.462396626361,5830.968253397151,-2186.9128,31.505856770790096
2021-05-31 04:00:00,8605.0,8119.6841684783585,6338.7483774627335,6333.086822876169,-1780.9358,-5.661554586564698
2021-05-31 05:00:00,8970.0,8306.913929795472,6649.681507920472,6664.950259142202,-1657.2324,15.268751221730993
2021-05-31 06:00:00,9012.0,8489.263877916277,6998.465904283465,6991.690589106144,-1490.798,-6.7753151773201505
2021-05-31 07:00:00,8997.0,8611.17767634951,7136.065127521386,7153.907598129673,-1475.1125,17.842470608287368
2021-05-31 08:00:00,9032.0,8653.674722935426,7214.428140904176,7231.952001568792,-1439.2466,17.52386066461654
2021-05-31 09:00:00,9076.0,8636.866041122332,7254.216016708269,7254.374578187587,-1382.65,0.15856147931772363
2021-05-31 10:00:00,9019.0,8598.00590128411,7124.823650307548,7101.4973727805545,-1473.1823,-23.326277526993564
2021-05-31 11:00:00,8815.0,8569.037028019664,6904.161783879039,6921.362129454405,-1664.8752,17.200345575365596
2021-05-31 12:00:00,8790.0,8569.393082675251,6679.537980136189,6696.687575735236,-1889.8551,17.149595599047526
2021-05-31 13:00:00,8689.0,8608.900592956472,6618.399494323659,6633.190165513628,-1990.5011,14.79067118996906
2021-05-31 14:00:00,8652.0,8686.255674883769,6671.959776446269,6692.346064330721,-2014.2959,20.38628788445164
2021-05-31 15:00:00,8606.0,8779.961725319317,6839.333307350567,6819.913993086484,-1940.6284,-19.41931426408299
2021-05-31 16:00:00,8621.0,8845.744523345715,7084.961320220715,7079.801448518364,-1760.7832,-5.159871702351161
2021-05-31 17:00:00,8555.0,8835.039427439457,7145.129149119144,7138.909723533099,-1689.9103,-6.219425586044563
2021-05-31 18:00:00,8208.0,8728.834336395714,6857.144883270714,6840.330717137122,-1871.6895,-16.814166133591968
2021-05-31 19:00:00,8245.0,8559.98030407388,7025.677203487943,7016.267266417102,-1534.3031,-9.409937070840487
2021-05-31 20:00:00,8186.0,8399.530070022494,6706.728434280307,6728.969978102497,-1692.8016,22.241543822190437
2021-05-31 21:00:00,7724.0,8311.268089307498,6202.371116651248,6181.760614274811,-2108.897,-20.610502376437008
2021-05-31 22:00:00,8580.5,8308.575545712916,6502.540877744166,6527.414694600043,-1806.0347,24.873816855876942
2021-05-31 23:00:00,8580.5,8349.706386848839,6715.5975001300885,6705.546002329433,-1634.1089,-10.051497800656243
2021-06-01 00:00:00,8580.5,8376.602661265291,7390.809570444979,7396.409732277865,-985.7931,5.600161832886554
2021-06-01 01:00:00,8571.0,8364.948969645171,7202.469477457671,7178.082172796394,-1162.4795,-24.387304661277383
2021-06-01 02:00:00,8546.0,8343.204870035182,6854.73697452737,6854.5666701245045,-1488.4679,-0.17030440286573698
2021-06-01 03:00:00,8088.0,8365.4269381551,6426.041562178538,6409.730503529212,-1939.3854,-16.31105864932591
2021-06-01 04:00:00,8537.0,8462.560122911482,6770.818911973982,6769.781206529995,-1691.7412,-1.0377054439865705
2021-06-01 05:00:00,8711.0,8613.943800303048,7073.291822763986,7073.418518795737,-1540.652,0.12669603175145605
2021-06-01 06:00:00,8800.0,8761.040302976573,7442.7508742656355,7448.884394809731,-1318.2894,6.133520544095546
2021-06-01 07:00:00,8809.0,8848.540758571187,7631.766832789937,7617.387438783198,-1216.7739,-14.379394006739314
2021-06-01 08:00:00,8880.0,8857.698188507351,7715.510444366726,7702.713347174267,-1142.1877,-12.797097192459189
2021-06-01 09:00:00,8883.0,8808.841861784227,7649.821353971727,7647.562036237568,-1159.0205,-2.259317734160011
2021-06-01 10:00:00,8746.0,8739.424896936218,7504.773773889343,7498.653880531974,-1234.6511,-6.119893357369091
2021-06-01 11:00:00,8636.0,8681.565665442618,7284.385123450431,7299.271809962779,-1397.1805,14.886686512348179
2021-06-01 12:00:00,8587.0,8654.848461469406,7043.770824750656,7044.4068194819865,-1611.0776,0.6359947313304959
2021-06-01 13:00:00,8532.0,8669.22503833752,7003.013734626582,7002.500352039034,-1666.2113,-0.5133825875480711
2021-06-01 14:00:00,8545.0,8723.490732188713,7032.948251719963,7037.74148733191,-1690.5425,4.793235611947171
2021-06-01 15:00:00,8493.0,8796.22100152282,7330.694268124382,7352.080552660794,-1465.5267,21.386284536412056
2021-06-01 16:00:00,8497.0,8843.186386723984,7697.281967778672,7699.982613816882,-1145.9044,2.700646038210167
2021-06-01 17:00:00,8445.0,8815.842203952016,7729.475993014516,7711.145745047973,-1086.3662,-18.330247966542945
2021-06-01 18:00:00,8122.0,8695.175989677628,7402.125086357315,7393.279556338726,-1293.0509,-8.845530018588493
2021-06-01 19:00:00,8102.0,8514.021559607701,7255.164381873326,7230.326283529227,-1258.8572,-24.838098344099375
2021-06-01 20:00:00,7970.0,8343.397189059258,7026.472872653008,7005.055506593772,-1316.9243,-21.417366059236027
2021-06-01 21:00:00,7625.0,8247.03194496323,6826.69698402573,6848.348353763928,-1420.335,21.65136973819818
2021-06-01 22:00:00,8469.0,8238.227456951638,6800.021890545388,6774.024617046439,-1438.2056,-25.997273498948385
2021-06-01 23:00:00,8469.0,8275.135183057857,7114.361135206294,7116.3107269999855,-1160.774,1.9495917936906326
2021-06-02 00:00:00,8469.0,8299.577999051482,7296.0026816686695,7278.334055798206,-1003.5753,-17.66862587046442
2021-06-02 01:00:00,8469.0,8287.112277187514,7185.155612148452,7149.204573215854,-1101.9567,-35.95103893259769
2021-06-02 02:00:00,8469.0,8266.064531853544,6818.205889275419,6830.158760345851,-1447.8586,11.952871070431382
2021-06-02 03:00:00,7915.0,8290.352602640314,6425.876894632502,6409.556324035912,-1864.4757,-16.320570596589338
2021-06-02 04:00:00,8366.0,8390.773750679957,6667.659859078394,6650.77977724674,-1723.1139,-16.880081831654007
2021-06-02 05:00:00,8652.0,8546.509718688847,6984.583205016972,6977.445028654877,-1561.9265,-7.1381763620947645
2021-06-02 06:00:00,8726.0,8698.858968725937,7444.346639624375,7437.998251549739,-1254.5123,-6.348388074636637
2021-06-02 07:00:00,8723.0,8792.34923947524,7646.695430881489,7621.492860305114,-1145.6538,-25.202570576375614
2021-06-02 08:00:00,8741.0,8808.076410508818,7684.304804063506,7679.456012171677,-1123.7716,-4.848791891829024
2021-06-02 09:00:00,8794.0,8766.221061091292,7682.064811091292,7683.268482743487,-1084.1562,1.2036716521950448
2021-06-02 10:00:00,8681.0,8704.095404987995,7551.153022175495,7543.148291695083,-1152.9424,-8.004730480412043
2021-06-02 11:00:00,8588.0,8653.683817508754,7323.668436649379,7321.924891105269,-1330.0154,-1.7435455441104715
2021-06-02 12:00:00,8557.0,8634.44416684422,7103.960646336407,7092.108078233062,-1530.4835,-11.852568103345073
2021-06-02 13:00:00,8528.0,8656.210955838083,7031.700091580271,7008.607782291617,-1624.5109,-23.092309288654356
2021-06-02 14:00:00,8476.0,8717.672354056585,7020.052603080023,6996.404368672716,-1697.6198,-23.648234407306195
2021-06-02 15:00:00,8371.0,8797.306589313965,7170.273996540527,7167.992459122872,-1627.0326,-2.2815374176551284
2021-06-02 16:00:00,8405.0,8850.797265789859,7463.544824383609,7474.044359115817,-1387.2524,10.499534732208643
2021-06-02 17:00:00,8347.0,8829.525553628868,7635.237223550743,7637.493527967503,-1194.2883,2.256304416759637
2021-06-02 18:00:00,7961.0,8714.421624884986,7465.151849494361,7440.066442125739,-1249.2698,-25.085407368621897
2021-06-02 19:00:00,7957.0,8538.281189078281,7261.801818961094,7256.402435736392,-1276.4794,-5.399383224701367
2021-06-02 20:00:00,7820.0,8372.101902730932,6833.74533534812,6815.02066908163,-1538.3566,-18.724666266489145
2021-06-02 21:00:00,7445.0,8279.604157751332,6633.257600134144,6635.8232250823985,-1646.3466,2.565624948254245
2021-06-02 22:00:00,8334.0,8274.087372273716,6806.790741414341,6787.089776601145,-1467.2966,-19.700964813195835
2021-06-02 23:00:00,8334.0,8313.705894800078,7037.500572534453,7038.1608612607515,-1276.2053,0.6602887262987036
2021-06-03 00:00:00,8334.0,8340.293941135546,7100.594844455858,7085.8114197389905,-1239.6991,-14.783424716867584
2021-06-03 01:00:00,8334.0,8329.432130007275,6980.7087413354,6957.847980308038,-1348.7234,-22.860761027362187
2021-06-03 02:00:00,8334.0,8309.48498078575,6669.117549145125,6680.4607176848485,-1640.3674,11.343168539723836
2021-06-03 03:00:00,7660.0,8334.417664840536,6250.8190320280355,6260.3594583021695,-2083.5986,9.540426274133894
2021-06-03 04:00:00,8148.0,8435.077174857093,6587.917140677406,6568.926216628524,-1847.16,-18.990924048881258
2021-06-03 05:00:00,8321.0,8590.692663912032,6917.1666629354695,6913.784336990007,-1673.526,-3.3823259454623
2021-06-03 06:00:00,8463.0,8742.607658939256,7173.375969486131,7166.935707675385,-1569.2317,-6.440261810745724
2021-06-03 07:00:00,8483.0,8835.3956531271,7397.157738088037,7404.169799940201,-1438.2379,7.012061852164195
2021-06-03 08:00:00,8595.0,8850.201152717484,7446.379985725296,7456.5076000207555,-1403.8212,10.127614295459388
2021-06-03 09:00:00,8567.0,8807.255009556779,7541.947026158341,7559.617451484954,-1265.308,17.670425326612413
2021-06-03 10:00:00,8517.0,8743.91745727574,7402.603248291365,7415.943180515127,-1341.3142,13.339932223762345
2021-06-03 11:00:00,8491.0,8692.214775091445,7211.92107391957,7202.931027203494,-1480.2937,-8.990046716075833
2021-06-03 12:00:00,8471.0,8671.638579744009,7127.701445954946,7104.736982186511,-1543.9371,-22.964463768434644
2021-06-03 13:00:00,8450.0,8692.048194234314,7060.179297749939,7048.899664568779,-1631.8689,-11.27963318115977
2021-06-03 14:00:00,8402.0,8752.146564628802,7134.366657402239,7112.040144279163,-1617.7799,-22.32651312307603
2021-06-03 15:00:00,8370.0,8830.414861618183,7239.455877243183,7212.245788803347,-1590.959,-27.210088439835726
2021-06-03 16:00:00,8324.0,8882.52691803023,7591.192201233354,7567.569764988578,-1291.3347,-23.62243624477669
2021-06-03 17:00:00,8196.0,8859.843093499463,7702.864089593213,7686.917490883604,-1156.979,-15.946598709608807
2021-06-03 18:00:00,7834.0,8743.265308991455,7421.13664688208,7430.030154410128,-1322.1287,8.89350752804828
2021-06-03 19:00:00,7883.0,8565.556097420647,7245.342108162835,7267.621393881475,-1320.214,22.279285718640295
2021-06-03 20:00:00,7794.0,8397.673709299715,6770.851077463778,6759.977829642244,-1626.8226,-10.873247821534626
2021-06-03 21:00:00,7438.0,8303.288243966817,6518.218908029317,6497.271666180943,-1785.0693,-20.947241848374357
2021-06-03 22:00:00,7110.0,8295.633751231628,6716.057579356628,6693.166633026523,-1579.5762,-22.890946330104693
2021-06-03 23:00:00,8313.5,8332.784449060922,6847.46645589686,6909.955738930298,-1485.318,62.48928303343808
2021-06-04 00:00:00,8313.5,8356.485041054086,7150.043512733773,7091.243395673183,-1206.4415,-58.80011706059013
2021-06-04 01:00:00,8313.5,8342.22406828711,7084.167305591798,7044.441107789088,-1258.0568,-39.726197802710175
2021-06-04 02:00:00,7094.0,8318.274909100142,6651.517218670455,6628.210951513943,-1666.7577,-23.30626715651206
2021-06-04 03:00:00,7732.0,8338.510998989073,6190.426770473448,6159.723608194173,-2148.0842,-30.703162279275976
2021-06-04 04:00:00,8303.0,8433.683179575155,6594.1054207860925,6600.636646744535,-1839.5778,6.531225958442898
2021-06-04 05:00:00,8575.0,8582.918582810738,6950.794925584176,6955.953531774784,-1632.1237,5.158606190608118
2021-06-04 06:00:00,8769.0,8727.456196326879,7388.879169959691,7427.798793169636,-1338.577,38.91962320994518
2021-06-04 07:00:00,8801.0,8811.768925969773,7750.96851093071,7750.544461154036,-1060.8004,-0.4240497766741834
2021-06-04 08:00:00,8880.0,8816.910266639568,7783.453967811443,7779.2870599349,-1033.4563,-4.166907876543634
2021-06-04 09:00:00,8856.0,8763.03180414892,7787.490849559077,7797.377847737644,-975.54095,9.886998178566355
2021-06-04 10:00:00,8760.0,8687.425649844814,7651.6347562901265,7664.195852405287,-1035.7909,12.561096115161032
2021-06-04 11:00:00,8676.0,8622.06038869282,7420.242761739695,7414.962746100916,-1201.8176,-5.280015638779058
2021-06-04 12:00:00,8602.0,8586.381280096402,7269.455620916715,7270.142028311395,-1316.9257,0.6864073946795674
2021-06-04 13:00:00,8572.0,8590.214555813258,7163.371660305445,7157.313888265665,-1426.8429,-6.057772039780438
2021-06-04 14:00:00,8477.0,8632.244633447688,7209.807987939876,7201.278337797355,-1422.4366,-8.529650142520756
2021-06-04 15:00:00,8396.0,8690.949009449712,7344.044346363775,7338.106867195056,-1346.9047,-5.9374791687182675
2021-06-04 16:00:00,8446.0,8722.013531062343,7659.006450984218,7666.835455283312,-1063.0071,7.829004299094039
2021-06-04 17:00:00,8350.0,8676.82925315956,7696.538908921279,7684.665495559245,-980.29034,-11.873413362033627
2021-06-04 18:00:00,8048.0,8536.351964561201,7344.557408897139,7347.330785791207,-1191.7946,2.773376894068106
2021-06-04 19:00:00,8021.0,8333.424202694625,7230.881233944625,7214.626671393378,-1102.543,-16.25456255124688
2021-06-04 20:00:00,7848.0,8139.109045279025,6845.500524771212,6835.327871161777,-1293.6085,-10.17265360943548
2021-06-04 21:00:00,7464.0,8017.201106904046,6346.918758271234,6384.672583423656,-1670.2823,37.75382515242214
2021-06-04 22:00:00,7837.5,7981.073504733667,6487.551410007104,6491.298942841632,-1493.5221,3.7475328345285543
2021-06-04 23:00:00,7821.5,7988.952977389315,6743.60800668619,6753.393578767785,-1245.345,9.785572081595484
2021-06-05 00:00:00,7807.5,7982.753716088528,6717.81877956509,6717.0414177643925,-1264.9349,-0.7773618006974733
2021-06-05 01:00:00,7797.5,7938.155227914078,6595.462356820328,6617.6743927760135,-1342.6929,22.212035955685522
2021-06-05 02:00:00,7797.5,7883.644117912625,6444.96858080325,6472.808983228736,-1438.6755,27.840402425486296
2021-06-05 03:00:00,7797.5,7873.324671634381,6173.472620853131,6128.855051015498,-1699.852,-44.61756983763325
2021-06-05 04:00:00,7184.0,7938.188925961229,6193.982382992479,6175.410873471085,-1744.2065,-18.57150952139336
2021-06-05 05:00:00,7477.0,8057.610328159163,6207.014991245101,6237.342244368578,-1850.5953,30.32725312347737
2021-06-05 06:00:00,7609.0,8173.078614283772,6609.080201197835,6580.765128004281,-1563.9984,-28.315073193554223
2021-06-05 07:00:00,7816.0,8229.324082732797,6857.106675506235,6817.7669257446805,-1372.2174,-39.33974976155438
2021-06-05 08:00:00,7827.0,8207.66546121985,7059.240534462038,7036.575514191672,-1148.4249,-22.66502027036669
2021-06-05 09:00:00,7858.0,8128.525035739614,6987.673107028677,6962.74648173194,-1140.8519,-24.926625296737477
2021-06-05 10:00:00,7799.0,8029.465883966959,6915.868960138834,6900.084320034417,-1113.5969,-15.784640104417457
2021-06-05 11:00:00,7772.0,7942.722508472937,6679.45505241825,6658.743927835051,-1263.2675,-20.711124583198337
2021-06-05 12:00:00,7796.0,7887.9974069564205,6567.2505807845455,6552.146224738634,-1320.7468,-15.104356045910833
2021-06-05 13:00:00,7915.0,7875.362878220338,6591.081017868775,6565.7785564771475,-1284.2819,-25.302461391627514
2021-06-05 14:00:00,7962.0,7903.735288023752,6869.461484312815,6854.897001623446,-1034.2738,-14.564482689368383
2021-06-05 15:00:00,7952.0,7951.806242613181,7076.156157163962,7083.62354189414,-875.6501,7.46738473017741
2021-06-05 16:00:00,7895.0,7975.454971970691,7379.260636033191,7376.817445805172,-596.19434,-2.4431902280196556
2021-06-05 17:00:00,7760.0,7926.244795250019,7344.819563316425,7324.155091990633,-581.42523,-20.66447132579232
2021-06-05 18:00:00,7538.0,7785.2841426879895,7083.344018176271,7079.466426730867,-701.9401,-3.877591445403644
2021-06-05 19:00:00,7612.0,7585.548969275476,6928.242023474695,6941.39614168665,-657.30695,13.154118211954174
2021-06-05 20:00:00,7585.0,7398.213137433523,6622.792849347586,6607.241083001571,-775.4203,-15.551766346015343
2021-06-05 21:00:00,7261.0,7287.1526877411925,6335.37961645213,6327.06323889093,-951.7731,-8.316377561199957
2021-06-05 22:00:00,6894.0,7265.786608618473,6246.884447973942,6217.416444513213,-1018.90216,-29.468003460728823
2021-06-05 23:00:00,6761.0,7292.350349574312,6301.299995570405,6323.596061403687,-991.05035,22.29606583328112
2021-06-06 00:00:00,7598.5,7308.733227109172,5858.867748593547,5837.219085647322,-1449.8655,-21.64866294622499
2021-06-06 01:00:00,7598.5,7290.561436925822,6135.469762121134,6090.20848757107,-1155.0917,-45.261274550064726
2021-06-06 02:00:00,7598.5,7266.241833656519,6020.638806312769,6021.09079805195,-1245.603,0.45199173918055013
2021-06-06 03:00:00,7598.5,7289.7696635969105,5873.3531596906605,5831.87889947403,-1416.4165,-41.474260216631
2021-06-06 04:00:00,7598.5,7391.993704713781,5787.7736119403435,5757.166813453464,-1604.2201,-30.606798486879562
2021-06-06 05:00:00,7026.0,7552.107588174662,5948.035688760599,5905.725614646198,-1604.0719,-42.31007411440162
2021-06-06 06:00:00,7343.0,7711.387391962493,6051.8386859078055,6067.934468364666,-1659.5487,16.09578245686063
2021-06-06 07:00:00,7642.0,7814.322009191464,6513.446642980526,6514.041709987789,-1300.8754,0.5950670072627264
2021-06-06 08:00:00,7739.0,7841.966538814143,6759.191880611018,6756.498162452132,-1082.7747,-2.6937181588858774
2021-06-06 09:00:00,7795.0,7814.459768379816,6739.382009590753,6725.375797930123,-1075.0778,-14.006211660630825
2021-06-06 10:00:00,7741.0,7769.061283142577,6561.891971619139,6551.6244834194795,-1207.1693,-10.26748819966026
2021-06-06 11:00:00,7724.0,7737.682157829859,6423.092924431421,6411.733337861781,-1314.5892,-11.359586569640163
2021-06-06 12:00:00,7716.0,7739.683508246275,6306.319860785337,6309.930804822591,-1433.3636,3.610944037253474
2021-06-06 13:00:00,7687.0,7784.7815951328075,6342.8199252109325,6338.802641984274,-1441.9617,-4.017283226658977
2021-06-06 14:00:00,7738.0,7871.525046342326,6456.094382279826,6467.274498678928,-1415.4307,11.180116399100942
2021-06-06 15:00:00,7864.0,7978.228263738602,6697.202506902665,6690.488283166909,-1281.0258,-6.714223735755864
2021-06-06 16:00:00,7889.0,8060.386853148961,7077.324780395054,7086.068212324275,-983.0621,8.743431929220174
2021-06-06 17:00:00,7763.0,8069.1795496085315,7083.235274706188,7091.297603732523,-985.9443,8.062329026335822
2021-06-06 18:00:00,7403.0,7985.336436072966,6851.681528846403,6841.856450830364,-1133.6549,-9.82507801603915
2021-06-06 19:00:00,7529.0,7841.467242247597,6688.891192442909,6678.62812253043,-1152.576,-10.263069912479287
2021-06-06 20:00:00,7562.0,7708.393527025541,6350.485568041166,6351.606147043294,-1357.908,1.120579002128308
2021-06-06 21:00:00,7196.0,7649.651094932439,5980.891207237127,5968.496586252949,-1668.7599,-12.394620984177687
2021-06-06 22:00:00,6811.0,7678.3290477801465,5783.843330006709,5755.408434430936,-1894.4857,-28.434895575773634
2021-06-06 23:00:00,7720.0,7752.3457251533,5977.2498999579875,6000.686928238631,-1775.0958,23.43702828064288
2021-06-07 00:00:00,7727.0,7813.293225475564,6511.967786022439,6493.993660437648,-1301.3254,-17.97412558479151
2021-06-07 01:00:00,7750.5,7836.528573782474,6489.823495657474,6501.357806566227,-1346.7051,11.534310908752795
2021-06-07 02:00:00,7813.5,7850.221936186282,5876.422497709719,5882.73258177102,-1973.7994,6.3100840613002465
2021-06-07 03:00:00,7505.0,7908.163341293379,5919.989146957441,5892.726517086942,-1988.1742,-27.262629870499484
2021-06-07 04:00:00,8057.0,8041.024106754599,6477.994809879599,6479.116219565111,-1563.0293,1.121409685512222
2021-06-07 05:00:00,8401.0,8227.846404296582,6803.0212089840825,6774.202738506075,-1424.8252,-28.818470478007402
2021-06-07 06:00:00,8621.0,8409.783504788238,7276.243465725738,7296.7323033235425,-1133.54,20.488837597804377
2021-06-07 07:00:00,8648.0,8531.23553238581,7580.620542151435,7567.2167564308775,-950.615,-13.403785720557474
2021-06-07 08:00:00,8722.0,8573.207030920143,7658.282348302955,7644.8371341197135,-914.9247,-13.44521418324179
2021-06-07 09:00:00,8804.0,8555.824827586519,7760.859556590425,7741.720239423872,-794.9653,-19.13931716655292
2021-06-07 10:00:00,8751.0,8516.37244072937,7634.068180475464,7634.582373835689,-882.30426,0.5141933602257298
2021-06-07 11:00:00,8679.0,8486.817676942926,7458.5334972554265,7477.515801822653,-1028.2842,18.98230456722615
2021-06-07 12:00:00,8610.0,8486.609469201354,7243.355440881041,7259.387605070417,-1243.254,16.032164189374782
2021-06-07 13:00:00,8427.0,8525.58208243573,7094.571950599793,7110.244931404722,-1431.0101,15.67298080492895
2021-06-07 14:00:00,8373.0,8602.430641088898,7063.4584731201485,7058.743482720518,-1538.9722,-4.71499039963095
2021-06-07 15:00:00,8346.0,8695.641714976397,7179.1885899763965,7169.8134395195675,-1516.4531,-9.37515045682891
2021-06-07 16:00:00,8363.0,8760.906393928739,7507.578146858426,7512.048793832895,-1253.3282,4.470646974468422
2021-06-07 17:00:00,8299.0,8749.62198327235,7640.507481319224,7646.333258564787,-1109.1145,5.82577724556284
2021-06-07 18:00:00,7928.0,8642.761504892365,7315.905059579865,7313.432142650514,-1326.8564,-2.47291692935096
2021-06-07 19:00:00,7941.0,8473.201807562084,7150.046656194896,7144.578699300193,-1323.1552,-5.467956894703231
2021-06-07 20:00:00,7733.0,8312.051383254453,6718.002555129453,6716.340166619499,-1594.0488,-1.6623885099544606
2021-06-07 21:00:00,7323.0,8223.144738681878,6460.745568760003,6454.428745675031,-1762.3992,-6.31682308497255
2021-06-07 22:00:00,8322.5,8219.873582398644,6747.996751343957,6756.16429324393,-1471.8768,8.16754189997322
2021-06-07 23:00:00,8322.5,8260.459156283205,7109.764820345705,7117.6577335575475,-1150.6943,7.892913211842375
2021-06-08 00:00:00,8322.5,8286.798012206635,7222.43448681601,7215.567517786357,-1064.3635,-6.866969029653315
2021-06-08 01:00:00,8322.5,8274.55571553483,7106.852712605143,7103.70605942713,-1167.703,-3.1466531780134717
2021-06-08 02:00:00,8322.5,8252.214174578794,6810.6376364928565,6795.444715047235,-1441.5765,-15.192921445621359
2021-06-08 03:00:00,7543.0,8273.872387599826,6213.027905177951,6224.117248090144,-2060.8445,11.08934291219296
2021-06-08 04:00:00,8124.0,8370.499601762058,6580.645841996433,6564.609322046268,-1789.8538,-16.03651995016478
2021-06-08 05:00:00,8402.0,8521.41902338442,7021.972856392233,7022.224794240271,-1499.4462,0.2519378480382489
2021-06-08 06:00:00,8529.0,8668.047113856022,7336.537592371647,7320.291053670962,-1331.5095,-16.246538700684777
2021-06-08 07:00:00,8631.0,8755.031662385656,7573.769577424719,7547.610801551859,-1181.2621,-26.15877587285929
2021-06-08 08:00:00,8760.0,8763.611023218144,7697.291321069706,7673.268259482237,-1066.3197,-24.02306158746905
2021-06-08 09:00:00,8772.0,8714.130440369381,7769.409615174069,7744.014938049172,-944.7208,-25.3946771248964
2021-06-08 10:00:00,8742.0,8644.07243488383,7664.887254219768,7639.316756034884,-979.1852,-25.570498184884233
2021-06-08 11:00:00,8584.0,8585.580596998765,7462.8890686784525,7453.418512704172,-1122.6915,-9.470555974280384
2021-06-08 12:00:00,8570.0,8558.254610725067,7230.383394904755,7206.219343211516,-1327.8712,-24.164051693238868
2021-06-08 13:00:00,8473.0,8572.05406570073,7199.14781570073,7194.589526650087,-1372.9062,-4.558289050642687
2021-06-08 14:00:00,8490.0,8625.773386131352,7158.490427146977,7163.704440342136,-1467.283,5.214013195158969
2021-06-08 15:00:00,8428.0,8697.971263551432,7399.060619020182,7381.952339522293,-1298.9106,-17.108279497888645
2021-06-08 16:00:00,8448.0,8744.383589731984,7695.061324106984,7686.287807189566,-1049.3223,-8.773516917418231
2021-06-08 17:00:00,8294.0,8716.427649210045,7751.049231241295,7756.510624550643,-965.3784,5.461393309348036
2021-06-08 18:00:00,8012.0,8595.076104505593,7390.256524427468,7387.577666450378,-1204.8196,-2.6788579770897747
2021-06-08 19:00:00,8014.0,8413.188551375393,7230.605055281643,7235.377274201154,-1182.5835,4.772218919511414
2021-06-08 20:00:00,7857.0,8241.83898578768,6782.985592232992,6790.783300863103,-1458.8534,7.797708630111538
2021-06-08 21:00:00,8286.0,8144.806478774915,6680.002889907728,6696.251661865733,-1464.8036,16.24877195800518
2021-06-08 22:00:00,8286.0,8135.403122587394,7177.75767581005,7187.611062470609,-957.64545,9.853386660558277
2021-06-08 23:00:00,8286.0,8171.747594232825,7156.016148920325,7128.648453877071,-1015.73145,-27.36769504325322
2021-06-09 00:00:00,8286.0,8195.617185808465,7206.001463152215,7199.41607980511,-989.6157,-6.585383347105946
2021-06-09 01:00:00,8286.0,8182.549137163777,7091.502628374715,7081.214289432171,-1091.0465,-10.288338942543492
2021-06-09 02:00:00,8286.0,8160.892207412553,6835.1816361234905,6838.883878347127,-1325.7106,3.7022422236364783
2021-06-09 03:00:00,7580.0,8184.606546401916,6336.812479019103,6407.320523219005,-1847.7941,70.50804419990178
2021-06-09 04:00:00,8077.0,8284.513596214034,6561.616623557784,6551.6381476299,-1722.897,-9.978475927883443
2021-06-09 05:00:00,8278.0,8439.778809272035,7011.279785834535,6988.151884889237,-1428.499,-23.127900945297593
2021-06-09 06:00:00,8464.0,8591.654654167687,7360.370962761437,7377.614695185689,-1231.2837,17.243732424251984
2021-06-09 07:00:00,8506.0,8684.625409005866,7535.8463562714915,7520.003249435209,-1148.779,-15.843106836282528
2021-06-09 08:00:00,8565.0,8699.772165669923,7708.998545064454,7708.858842215263,-990.7736,-0.13970284919104342
2021-06-09 09:00:00,8735.0,8657.291361110249,7696.691446559467,7707.811984810561,-960.5999,11.12053825109381
2021-06-09 10:00:00,8659.0,8594.52449881757,7689.434227821475,7676.665352552236,-905.0903,-12.76887526923972
2021-06-09 11:00:00,8589.0,8543.481065930844,7442.228868665219,7439.017151255976,-1101.2522,-3.2117174092428815
2021-06-09 12:00:00,8568.0,8523.634220553366,7291.296940279928,7288.962665035233,-1232.3373,-2.3342752446955037
2021-06-09 13:00:00,8632.0,8544.826209918898,7225.17057027046,7215.392192464155,-1319.6556,-9.778377806304443
2021-06-09 14:00:00,8619.0,8605.744208578828,7371.6046822116405,7370.6556997095695,-1234.1395,-0.9489825020711529
2021-06-09 15:00:00,8583.0,8684.849603836537,7526.6949407506,7521.766085952534,-1158.1547,-4.928854798065561
2021-06-09 16:00:00,8543.0,8737.791287731287,7808.665921520349,7779.852382405101,-929.12537,-28.81353911524805
2021-06-09 17:00:00,8445.0,8715.912345661176,7865.767631305707,7843.2980908153295,-850.1447,-22.469540490377963
2021-06-09 18:00:00,8102.0,8600.128033091676,7563.392803599489,7567.136404868644,-1036.7352,3.743601269155012
2021-06-09 19:00:00,8079.0,8423.259807498152,7369.504192263777,7356.200586522339,-1053.7556,-13.30360574143874
2021-06-09 20:00:00,7862.0,8256.361024245896,6941.483216628709,6922.874938342367,-1314.8778,-18.608278286341818
2021-06-09 21:00:00,8403.0,8163.202067527748,6952.014567527748,6993.127573931535,-1211.1875,41.11300640378693
2021-06-09 22:00:00,8403.0,8157.092815729596,7188.043255182721,7172.055814616211,-969.04956,-15.987440566509973
2021-06-09 23:00:00,8403.0,8196.154842743415,7213.955074677009,7188.633392143458,-982.19977,-25.3216825335509
2021-06-10 00:00:00,8403.0,8222.176795173584,7191.556922126709,7176.119889874026,-1030.6199,-15.437032252682465
2021-06-10 01:00:00,8403.0,8210.72018090422,7075.939297115157,7048.248263190615,-1134.7809,-27.69103392454263
2021-06-10 02:00:00,8403.0,8190.171791713834,6794.616493862271,6785.47633562298,-1395.5553,-9.140158239292232
2021-06-10 03:00:00,7551.0,8214.539141932763,6186.613482753075,6177.586775737271,-2027.9257,-9.026707015804075
2021-06-10 04:00:00,8005.0,8314.69344178498,6471.312338269356,6462.212168999058,-1843.3811,-9.100169270297663
2021-06-10 05:00:00,8361.0,8469.847593290819,6852.338804228319,6833.793962104273,-1617.5088,-18.544842124045438
2021-06-10 06:00:00,8527.0,8621.29917062839,7257.823340550265,7225.996017969222,-1363.4758,-31.827322581043237
2021-06-10 07:00:00,8589.0,8713.578247308144,7539.897949456581,7523.568217068501,-1173.6803,-16.329732388079588
2021-06-10 08:00:00,8684.0,8727.814581812476,7639.126593531226,7646.168158620409,-1088.688,7.041565089182499
2021-06-10 09:00:00,8730.0,8684.254921394107,7702.592506843326,7659.640781652855,-981.6624,-42.951725190470405
2021-06-10 10:00:00,8660.0,8620.288823828943,7588.674566016443,7549.147920310634,-1031.6143,-39.52664570580966
2021-06-10 11:00:00,8647.0,8567.967710232891,7354.4374367953915,7316.431151102513,-1213.5303,-38.00628569287931
2021-06-10 12:00:00,8599.0,8546.798511963267,7196.126148682017,7161.710377105792,-1350.6724,-34.41577157622497
2021-06-10 13:00:00,8599.0,8566.648314938313,7149.195922360188,7128.206368290996,-1417.4524,-20.989554069192646
2021-06-10 14:00:00,8603.0,8626.21908180182,7257.626186294008,7233.246022282395,-1368.5929,-24.38016401161363
2021-06-10 15:00:00,8510.0,8703.975146778796,7399.931323536608,7382.0674722164695,-1304.0438,-17.863851320138167
2021-06-10 16:00:00,8485.0,8755.55562659889,7623.259239880141,7608.833573385171,-1132.2964,-14.425666494969851
2021-06-10 17:00:00,8446.0,8732.282783874965,7739.774971374965,7720.849958101231,-992.5078,-18.925013273733914
2021-06-10 18:00:00,8141.0,8615.043602229225,7536.6312487136,7528.390990323185,-1078.4124,-8.240258390414864
2021-06-10 19:00:00,8160.0,8436.62633334663,7343.207998385693,7346.422200773853,-1093.4183,3.2142023881595168
2021-06-10 20:00:00,7916.0,8268.04488910222,6929.934415469408,6915.394584236196,-1338.1105,-14.539831233212132
2021-06-10 21:00:00,7512.0,8173.01931570933,6737.632230748392,6734.611975241362,-1435.3871,-3.0202555070303907
2021-06-10 22:00:00,8465.5,8164.794070382721,6837.650515695221,6797.802856379224,-1327.1436,-39.84765931599663
2021-06-10 23:00:00,6940.0,8201.410536872794,7120.526259529044,7081.24568512474,-1080.8843,-39.28057440430401
2021-06-11 00:00:00,8465.5,8224.567784004877,6689.7960554892525,6679.843797991749,-1534.7717,-9.952257497503807
2021-06-11 01:00:00,6849.0,8209.73517142889,7070.022647014828,7048.981970496981,-1139.7125,-21.040676517847174
2021-06-11 02:00:00,7095.0,8185.208275366131,6458.768456030193,6510.63957956914,-1726.4398,51.871123538946314
2021-06-11 03:00:00,7679.0,8204.902796997216,6218.944667114403,6246.481768415361,-1985.9581,27.537101300957765
2021-06-11 04:00:00,8240.0,8299.593716735111,6554.506314391361,6545.045196195869,-1745.0874,-9.461118195492498
2021-06-11 05:00:00,8544.0,8448.391836619001,6978.9549469705635,6987.630131230629,-1469.4369,8.675184260064965
2021-06-11 06:00:00,8823.0,8592.490113986552,7409.807252658427,7385.90451123835,-1182.6829,-23.902741420077405
2021-06-11 07:00:00,8886.0,8676.317960235481,7731.7342810362625,7720.858522118268,-944.5837,-10.875758917994162
2021-06-11 08:00:00,8938.0,8680.914052000906,7870.188221922781,7842.015985389251,-810.7258,-28.172236533529787
2021-06-11 09:00:00,9010.0,8626.445805726029,7845.562260804154,7828.977746913195,-780.88354,-16.58451389095933
2021-06-11 10:00:00,8913.0,8550.234599324374,7769.022380086093,7748.535019811656,-781.2122,-20.487360274437506
2021-06-11 11:00:00,8818.0,8484.274110686505,7529.189760100568,7515.167306270414,-955.08435,-14.022453830153857
2021-06-11 12:00:00,8728.0,8448.024874798622,7331.9704314392475,7311.459788183765,-1116.0544,-20.51064325548201
2021-06-11 13:00:00,8653.0,8451.320858518904,7217.744686643904,7210.535838961512,-1233.5762,-7.208847682391556
2021-06-11 14:00:00,8548.0,8492.845480555352,7268.3719698131645,7264.255134850846,-1224.4735,-4.116834962318809
2021-06-11 15:00:00,8440.0,8551.059398810236,7364.2229730289855,7338.977195371549,-1186.8364,-25.24577765743616
2021-06-11 16:00:00,8310.0,8581.613756597382,7644.182543218476,7643.40380307221,-937.4312,-0.7787401462657197
2021-06-11 17:00:00,8184.0,8535.861538916588,7589.313992529869,7588.816814013471,-946.54755,-0.4971785163984082
2021-06-11 18:00:00,7927.0,8394.743639945078,7359.262682913828,7375.7604578275805,-1035.481,16.497774913752025
2021-06-11 19:00:00,7896.0,8191.128374441114,7194.985124929395,7178.118439872773,-996.14325,-16.86668505662269
2021-06-11 20:00:00,7798.0,7996.134556133083,6742.36246140652,6729.708103101864,-1253.7721,-12.65435830465595
2021-06-11 21:00:00,7407.0,7873.606837155031,6416.819239498781,6401.833462043716,-1456.7876,-14.985777455064392
2021-06-11 22:00:00,7056.0,7836.92884854627,6335.71058682752,6353.32723137489,-1501.2183,17.616644547370335
2021-06-11 23:00:00,7911.5,7844.294616516582,6326.161926086895,6397.570593162535,-1518.1327,71.40866707564084
2021-06-12 00:00:00,7911.5,7837.572834012132,6846.040241238695,6860.075925880024,-991.5326,14.035684641329302
2021-06-12 01:00:00,7911.5,7792.4239770200775,6721.07351315289,6730.377047139024,-1071.3505,9.30353398613449
2021-06-12 02:00:00,7911.5,7737.357011577294,6533.528154155419,6548.080471550126,-1203.8289,14.55231739470802
2021-06-12 03:00:00,7911.5,7726.518663539141,6437.4772817032035,6410.137502574342,-1289.0414,-27.339779128861917
2021-06-12 04:00:00,7250.0,7790.925293309983,6201.041748388108,6187.724902982069,-1589.8835,-13.316845406039477
2021-06-12 05:00:00,7528.0,7909.934211470967,6035.47046635378,6025.970728118149,-1874.4637,-9.499738235630925
2021-06-12 06:00:00,7682.0,8024.989323753785,6524.402897972535,6487.292713721771,-1500.5864,-37.11018425076392
2021-06-12 07:00:00,7932.0,8080.777638985733,6785.766164376358,6767.428790578937,-1295.0115,-18.337373797420934
2021-06-12 08:00:00,8062.0,8058.6032743631795,7043.072451609273,7044.5995312809455,-1015.5308,1.5270796716721635
2021-06-12 09:00:00,8037.0,7978.90455508443,6997.256727935993,6999.846830384408,-981.6478,2.590102448415951
2021-06-12 10:00:00,8086.0,7879.27403260489,6883.361190808015,6878.310317931343,-995.91284,-5.050872876671732
2021-06-12 11:00:00,8080.0,7791.9715061171355,6806.5752658827605,6813.406278973296,-985.39624,6.831013090535882
2021-06-12 12:00:00,8119.0,7736.714946858628,6681.10422908519,6701.821993702037,-1055.6107,20.71776461684679
2021-06-12 13:00:00,8229.0,7723.584578719135,6703.13120957851,6714.229929714449,-1020.45337,11.098720135939365
2021-06-12 14:00:00,8300.0,7751.495948422776,6859.707069028244,6880.423419020768,-891.7889,20.71634999252353
2021-06-12 15:00:00,8438.0,7799.123991289341,7157.522184648716,7168.866114592106,-641.6018,11.343929943390368
2021-06-12 16:00:00,8237.0,7822.31338668419,7402.112184291612,7422.373147965392,-420.2012,20.260963673779358
2021-06-12 17:00:00,8093.0,7772.589520995237,7365.270032469846,7377.325389932518,-407.3195,12.055357462672324
2021-06-12 18:00:00,7802.0,7631.046048920913,7015.550626557631,7014.841040644041,-615.4954,-0.7095859135903148
2021-06-12 19:00:00,7814.0,7430.684802197859,6767.407458447859,6773.782017372561,-663.27734,6.3745589247022085
2021-06-12 20:00:00,7774.0,7242.735457569661,6418.594283253255,6417.749450560496,-824.1412,-0.8448326927581932
2021-06-12 21:00:00,7392.0,7131.124149026742,5934.073978128305,5928.502504840391,-1197.0502,-5.571473287913387
2021-06-12 22:00:00,7075.0,7109.280411284651,5791.360977690901,5779.3169617456015,-1317.9194,-12.044015945299554
2021-06-12 23:00:00,6878.0,7135.406989510462,6116.639655526087,6141.890449385067,-1018.76733,25.250793858979414
2021-06-13 00:00:00,6744.0,7151.347685088936,6240.761991729561,6271.153671241313,-910.5857,30.391679511751775
2021-06-13 01:00:00,6664.0,7132.709620489493,5770.935206426993,5807.200047207122,-1361.7744,36.264840780128885
2021-06-13 02:00:00,7756.5,7107.921943808636,5425.798164511761,5447.576946857426,-1682.1238,21.778782345665867
2021-06-13 03:00:00,7756.5,7131.022248866476,5635.952302577413,5580.558311208245,-1495.07,-55.39399136916848
2021-06-13 04:00:00,7756.5,7232.883519566977,5735.076146520102,5692.680005402763,-1497.8074,-42.39614111733916
2021-06-13 05:00:00,7756.5,7392.683108636515,5745.957156488077,5697.766726597011,-1646.726,-48.190429891065854
2021-06-13 06:00:00,7541.0,7551.651098748092,6172.23642589653,6163.763802713561,-1379.4147,-8.472623182968857
2021-06-13 07:00:00,7761.0,7654.232906397929,6448.099239405741,6470.607474769388,-1206.1337,22.508235363646996
2021-06-13 08:00:00,7895.0,7681.468812297427,6691.63672001227,6718.236952916138,-989.8321,26.600232903867777
2021-06-13 09:00:00,7826.0,7653.513416459426,6717.914966752394,6732.576115769294,-935.59845,14.661149016899932
2021-06-13 10:00:00,7779.0,7607.655533958884,6549.0792400135715,6553.356792184099,-1058.5763,4.277552170527379
2021-06-13 11:00:00,7704.0,7575.831277004679,6397.172341457804,6400.467092989167,-1178.6589,3.294751531363301
2021-06-13 12:00:00,7752.0,7577.416962785324,6191.799775285324,6228.995566355744,-1385.6172,37.19579107041979
2021-06-13 13:00:00,7768.0,7622.136494310992,6232.253193529742,6253.704441987647,-1389.8833,21.45124845790555
2021-06-13 14:00:00,7813.0,7708.537389354439,6407.903722362252,6427.826208211597,-1300.6337,19.922485849345758
2021-06-13 15:00:00,7834.0,7814.917082140791,6692.556608507978,6675.9853105854145,-1122.3605,-16.571297922563417
2021-06-13 16:00:00,7918.0,7896.73632809771,6989.970092746147,6982.330726965436,-906.76624,-7.639365780711583
2021-06-13 17:00:00,7903.0,7905.1356293171175,7142.721383711649,7157.832468425579,-762.41425,15.111084713929632
2021-06-13 18:00:00,7712.0,7820.829995301727,6823.0667506728205,6818.983721449385,-997.76324,-4.08302922343592
2021-06-13 19:00:00,7821.0,7676.4547394807605,6638.9461945588855,6665.888245040893,-1037.5085,26.942050482006834
2021-06-13 20:00:00,7793.0,7542.886949626977,6407.328844158227,6423.045245222062,-1135.5581,15.716401063833946
2021-06-13 21:00:00,7469.0,7483.712248258227,5798.85494845354,5805.5792726607715,-1684.8573,6.724324207231452
2021-06-13 22:00:00,7786.0,7512.030020590336,5832.781729574711,5855.631937940079,-1679.2483,22.85020836536845
2021-06-13 23:00:00,7803.0,7585.725653789753,6156.217108867878,6167.320570034741,-1429.5085,11.103461166862456
2021-06-14 00:00:00,7817.0,7646.345500083739,6227.905314536864,6227.667228972516,-1418.4402,-0.23808556434899705
2021-06-14 01:00:00,7827.5,7669.227299182311,6118.388798205749,6058.160497580193,-1550.8385,-60.228300625555384
2021-06-14 02:00:00,7868.5,7682.563319361717,5709.892787135154,5716.085377413124,-1972.6705,6.192590277969487
2021-06-14 03:00:00,7744.0,7740.18576783946,5556.171363542585,5538.062855849384,-2184.0144,-18.10850769320133
2021-06-14 04:00:00,8151.0,7872.790023039376,6091.569441984689,6098.354614818369,-1781.2206,6.785172833679708
2021-06-14 05:00:00,8445.0,8059.401857957137,6647.539553269637,6628.117916602213,-1411.8623,-19.421636667423684
2021-06-14 06:00:00,8570.0,8241.128453617586,7054.524937992586,7064.960559792725,-1186.6035,10.435621800138456
2021-06-14 07:00:00,8578.0,8362.326389375407,7296.4071999222815,7293.052771029238,-1065.9192,-3.3544288930437913
2021-06-14 08:00:00,8737.0,8403.98534934658,7469.495969463767,7435.538439924499,-934.4894,-33.95752953926894
2021-06-14 09:00:00,8707.0,8386.247958489914,7561.921115228195,7535.910018338391,-824.32684,-26.01109688980422
2021-06-14 10:00:00,8725.0,8346.426976868763,7397.511693665638,7385.315682250292,-948.9153,-12.196011415344984
2021-06-14 11:00:00,8589.0,8316.515286593929,7219.314358859554,7212.30344447678,-1097.2009,-7.010914382774005
2021-06-14 12:00:00,8525.0,8315.977085482866,6983.290806185991,6985.405519903451,-1332.6863,2.1147137174603694
2021-06-14 13:00:00,8467.0,8354.6543686617,6927.765086435138,6921.010352319795,-1426.8893,-6.754734115343118
2021-06-14 14:00:00,8502.0,8431.241261692547,6980.483815403484,6985.684670496738,-1450.7574,5.200855093254389
2021-06-14 15:00:00,8453.0,8524.207499802887,7186.7851365216375,7173.681037435821,-1337.4224,-13.104099085816332
2021-06-14 16:00:00,8472.0,8589.209475718888,7433.173220836075,7442.4162217236235,-1156.0363,9.243000887547675
2021-06-14 17:00:00,8320.0,8577.606433544528,7554.308154735934,7556.9600937738505,-1023.2983,2.6519390379159242
2021-06-14 18:00:00,8096.0,8470.356509899084,7269.242984508459,7279.374797588346,-1201.1135,10.131813079887241
2021-06-14 19:00:00,8139.0,8300.362339854468,7092.95132911228,7075.151090822462,-1207.411,-17.80023828981806
2021-06-14 20:00:00,8013.0,8138.7881589233975,6779.85957005621,6805.917475841735,-1358.9286,26.057905785524824
2021-06-14 21:00:00,7597.0,8049.518516341891,6363.015830795016,6348.31288095738,-1686.5027,-14.702949837635865
2021-06-14 22:00:00,8386.5,8045.955636024814,6831.237618446689,6825.0303213798115,-1214.718,-6.2072970668781515
2021-06-14 23:00:00,8386.5,8086.288044433084,6992.1726879877715,7011.689035916191,-1094.1154,19.51634792841944
2021-06-15 00:00:00,8386.5,8112.366786858613,7023.962489983613,7005.5191118485955,-1088.4043,-18.443378135017312
2021-06-15 01:00:00,8386.5,8099.8383831490055,6905.9177288521305,6896.133119562797,-1193.9207,-9.78460928933348
2021-06-15 02:00:00,8386.5,8077.207081431402,6684.0853773298395,6678.841995219392,-1393.1217,-5.243382110448124
2021-06-15 03:00:00,7859.0,8098.614291793326,6130.732333785513,6125.519787446885,-1967.882,-5.21254633862788
2021-06-15 04:00:00,8300.0,8195.053548705107,6414.275594603545,6435.508358342972,-1780.778,21.23276373942738
2021-06-15 05:00:00,8593.0,8345.831877553686,6739.232878530249,6752.546949881842,-1606.599,13.314071351593235
2021-06-15 06:00:00,8737.0,8492.319856981629,7215.903475145691,7246.830972051653,-1276.4164,30.927496905961778
2021-06-15 07:00:00,8742.0,8579.12192603648,7503.437233653667,7513.787512858174,-1075.6847,10.350279204506057
2021-06-15 08:00:00,8833.0,8587.461759751119,7570.266325180806,7554.888735452136,-1017.19543,-15.377589728670698
2021-06-15 09:00:00,8880.0,8537.700564906678,7591.416385219178,7580.770947179245,-946.2842,-10.645438039932746
2021-06-15 10:00:00,8810.0,8467.350252521666,7473.577425373229,7460.427018195185,-993.7728,-13.150407178044118
2021-06-15 11:00:00,8741.0,8408.579618829102,7315.719999688477,7307.336992128439,-1092.8596,-8.383007560038068
2021-06-15 12:00:00,8602.0,8381.003724613971,7133.124208012408,7140.489741155168,-1247.8795,7.365533142760112
2021-06-15 13:00:00,8580.0,8394.589982547215,7020.169694461278,7022.076803488295,-1374.4203,1.9071090270169522
2021-06-15 14:00:00,8565.0,8448.131891352565,7095.358942133815,7108.221520085083,-1352.773,12.862577951268689
2021-06-15 15:00:00,8498.0,8520.171361780136,7259.717382287949,7270.929561536434,-1260.454,11.212179248485771
2021-06-15 16:00:00,8492.0,8566.40962291389,7532.547684437328,7550.419158038356,-1033.8619,17.87147360102795
2021-06-15 17:00:00,8420.0,8538.22591335947,7614.8149636524395,7613.418465305377,-923.41095,-1.3964983470624222
2021-06-15 18:00:00,8166.0,8416.578007114384,7309.385013950321,7299.988069859913,-1107.193,-9.39694409040818
2021-06-15 19:00:00,8130.0,8234.351265139912,7110.450630374287,7103.853586319499,-1123.9006,-6.597044054788296
2021-06-15 20:00:00,7986.0,8062.675388990701,6777.236180006326,6764.572012332293,-1285.4392,-12.664167674034111
2021-06-15 21:00:00,7651.0,7965.379438458686,6522.871992169624,6495.359828104169,-1442.5074,-27.5121640654555
2021-06-15 22:00:00,8456.0,7955.785952833644,6978.670718458644,7008.985464505006,-977.11523,30.314746046362696
2021-06-15 23:00:00,8456.0,7991.980812235532,7053.214637919125,7064.6337923806395,-938.7662,11.419154461514115
2021-06-16 00:00:00,8456.0,8015.6957090353135,7161.745452687657,7156.309389848809,-853.95026,-5.4360628388489065
2021-06-16 01:00:00,8456.0,8002.4487343184055,7068.686100041062,7063.455054572833,-933.76263,-5.231045468228668
2021-06-16 02:00:00,8456.0,7980.610875332732,6715.906285488982,6722.574629080462,-1264.7046,6.668343591479835
2021-06-16 03:00:00,7828.0,8004.1845753498765,6139.2729542561265,6151.751714954368,-1864.9116,12.478760698241672
2021-06-16 04:00:00,8267.0,8104.015440323847,6422.028501847284,6440.195729887624,-1681.9869,18.167228040339637
2021-06-16 05:00:00,8502.0,8259.25261503999,6774.730276172802,6768.501305963441,-1484.5223,-6.228970209361607
2021-06-16 06:00:00,8661.0,8411.102557039998,7151.447771883748,7145.515450276778,-1259.6548,-5.932321606970107
2021-06-16 07:00:00,8726.0,8504.006066041658,7436.341515260408,7427.648748214701,-1067.6646,-8.692767045707011
2021-06-16 08:00:00,8786.0,8519.029428150096,7592.364572193064,7595.619483579185,-926.66486,3.2549113861202468
2021-06-16 09:00:00,8869.0,8476.38491968695,7557.0272536713255,7555.552480598826,-919.35767,-1.4747730724997716
2021-06-16 10:00:00,8787.0,8413.443315305136,7480.032243527792,7478.344404782496,-933.4111,-1.6878387452959844
2021-06-16 11:00:00,8591.0,8362.239195187372,7300.405332882685,7288.148779978387,-1061.8339,-12.256552904297909
2021-06-16 12:00:00,8621.0,8342.260988275475,7050.00879100985,7049.367992327032,-1292.2522,-0.6407986828177823
2021-06-16 13:00:00,8651.0,8363.358666916734,6976.881005783922,6949.673655280336,-1386.4777,-27.20735050358604
2021-06-16 14:00:00,8623.0,8424.218391127059,7098.709113783309,7090.87738034962,-1325.5093,-7.831733433689172
2021-06-16 15:00:00,8491.0,8503.284687916972,7277.848896901347,7267.723550400601,-1225.4358,-10.125346500745557
2021-06-16 16:00:00,8555.0,8556.1717171814,7531.533411517337,7527.064471466901,-1024.6383,-4.468940050437036
2021-06-16 17:00:00,8470.0,8534.184459316115,7678.179942714552,7677.943390498494,-856.0045,-0.23655221605770826
2021-06-16 18:00:00,8167.0,8418.223232734505,7322.647182929817,7330.612409922298,-1095.576,7.965226992480602
2021-06-16 19:00:00,8167.0,8241.135222117236,7151.918303171924,7138.072558827864,-1089.2169,-13.84574434406021
2021-06-16 20:00:00,7970.0,8074.029460727387,6814.948406039887,6809.38051508112,-1259.081,-5.567890958766807
2021-06-16 21:00:00,8480.5,7980.726303851507,6564.197739398382,6574.37654291752,-1416.5286,10.178803519138423
2021-06-16 22:00:00,8480.5,7974.54606869689,6938.47087338439,6929.591831417827,-1036.0752,-8.879041966562914
2021-06-16 23:00:00,8480.5,8013.577532879192,7056.864215008099,7038.404966405965,-956.7133,-18.45924860213416
2021-06-17 00:00:00,8480.5,8039.563751922933,7088.519196258871,7099.678556899781,-951.04456,11.159360640910887
2021-06-17 01:00:00,8480.5,8028.047100736887,7007.940899565012,6997.450444928897,-1020.1062,-10.490454636115127
2021-06-17 02:00:00,8480.5,8007.436621144035,6696.595800831535,6707.888692701066,-1310.8408,11.292891869531214
2021-06-17 03:00:00,8480.5,8031.782147860678,6048.314862704428,6057.250694988837,-1983.4673,8.935832284407844
2021-06-17 04:00:00,8350.0,8131.979085833094,6474.256551653407,6457.59037336368,-1657.7225,-16.666178289727156
2021-06-17 05:00:00,8542.0,8287.224062987969,6786.418765136406,6783.0288157232935,-1500.8053,-3.389949413112611
2021-06-17 06:00:00,8642.0,8438.768677464255,7118.964844456443,7108.3678744781055,-1319.8038,-10.596969978337391
2021-06-17 07:00:00,8598.0,8531.099559630622,7330.126903380622,7333.623093022516,-1200.9727,3.4961896418937664
2021-06-17 08:00:00,8594.0,8545.331696462292,7384.269074391979,7401.299021757449,-1161.0626,17.029947365469706
2021-06-17 09:00:00,8709.0,8501.727706692665,7368.872604153603,7404.397361682913,-1132.8551,35.52475752930982
2021-06-17 10:00:00,8693.0,8437.706448075134,7286.333889481384,7301.450779501138,-1151.3726,15.116890019754006
2021-06-17 11:00:00,8661.0,8385.344459243244,7086.005469985432,7101.203460778333,-1299.339,15.19799079290083
2021-06-17 12:00:00,8686.0,8364.163961550661,6883.1342984647235,6878.487608760076,-1481.0297,-4.646689704647931
2021-06-17 13:00:00,8706.0,8384.039779021128,6915.690413786753,6924.876429138175,-1468.3494,9.186015351422128
2021-06-17 14:00:00,8701.0,8443.672865833723,7006.332045521223,7016.762620712847,-1437.3408,10.430575191623383
2021-06-17 15:00:00,8616.0,8521.510694478859,7242.193433736671,7250.000757186174,-1279.3173,7.807323449503472
2021-06-17 16:00:00,8589.0,8573.157640113342,7443.921434058655,7442.074256462087,-1129.2362,-1.8471775965682136
2021-06-17 17:00:00,8533.0,8549.897842627284,7554.108719092128,7577.586479060961,-995.7891,23.477759968833215
2021-06-17 18:00:00,8320.0,8432.603322426672,7225.99236051261,7245.534754458063,-1206.611,19.542393945453018
2021-06-17 19:00:00,8292.0,8254.088023799697,7046.582408565322,7073.493911633378,-1207.5056,26.911503068055925
2021-06-17 20:00:00,8160.0,8085.421493699775,6766.422104051338,6797.968076742842,-1318.9994,31.54597269150398
2021-06-17 21:00:00,7854.0,7990.3736986313625,6549.3490404282375,6499.354831465705,-1441.0247,-49.99420896253304
2021-06-17 22:00:00,8561.0,7982.199476497627,6839.039686458565,6855.212906182017,-1143.1598,16.17321972345221
2021-06-17 23:00:00,8561.0,8018.907349860605,7040.528748786386,7014.473198995754,-978.3786,-26.055549790632128
2021-06-18 00:00:00,8561.0,8042.150725609998,7003.115081078748,7028.2770578946365,-1039.0356,25.161976815888497
2021-06-18 01:00:00,8561.0,8027.379754600841,6919.883416710216,6907.814812992494,-1107.4963,-12.06860371772191
2021-06-18 02:00:00,8561.0,8002.912183352597,6633.044263430722,6637.630499193003,-1369.8679,4.586235762280532
2021-06-18 03:00:00,7973.0,8022.705950965096,6040.674456824471,6040.092434440245,-1982.0315,-0.5820223842262178
2021-06-18 04:00:00,8321.0,8117.560148642217,6381.711759970342,6368.871731337225,-1735.8484,-12.840028633117212
2021-06-18 05:00:00,8625.0,8266.56922036606,6672.319098295748,6661.228889180139,-1594.2501,-11.090209115608651
2021-06-18 06:00:00,8833.0,8410.880064762021,7053.4651477698335,7030.103133758574,-1357.4149,-23.362014011260246
2021-06-18 07:00:00,8885.0,8494.878570226254,7354.357818273129,7365.446298451413,-1140.5208,11.088480178284266
2021-06-18 08:00:00,8919.0,8499.5885663366,7408.648624930351,7461.00081191753,-1090.94,52.35218698717927
2021-06-18 09:00:00,9002.0,8445.193271209595,7366.48990206897,7421.894990857794,-1078.7034,55.40508878882464
2021-06-18 10:00:00,8981.0,8369.043300159537,7293.3495745736,7338.235310670093,-1075.6937,44.885736096492664
2021-06-18 11:00:00,8930.0,8303.157394624877,7174.981369234252,7185.64986358301,-1128.176,10.66849434875815
2021-06-18 12:00:00,8915.0,8267.01133565086,7045.417341510234,7064.6964590769,-1221.594,19.27911756666656
2021-06-18 13:00:00,8908.0,8270.446795445518,6987.392107945518,6995.110838052111,-1283.0547,7.718730106592891
2021-06-18 14:00:00,8913.0,8312.146163895215,7091.840377762403,7100.1229750360635,-1220.3058,8.282597273661285
2021-06-18 15:00:00,8758.0,8370.553230228878,7339.0432204632525,7335.484636946907,-1031.51,-3.5585835163459985
2021-06-18 16:00:00,8680.0,8401.284403545018,7498.485392314549,7519.022190568189,-902.799,20.536798253640338
2021-06-18 17:00:00,8516.0,8355.654568465192,7552.165615828473,7542.553755283762,-803.48895,-9.611860544711313
2021-06-18 18:00:00,8231.0,8214.589693867929,7195.694613301523,7208.852981168687,-1018.8951,13.158367867164152
2021-06-18 19:00:00,8265.0,8010.983840975583,7036.726577791989,7048.843702018515,-974.25726,12.117124226525686
2021-06-18 20:00:00,8164.0,7816.011528507547,6692.258476749735,6692.128345376083,-1123.753,-0.1301313736514355
2021-06-18 21:00:00,7840.0,7693.567414919327,6209.324617067765,6215.468223746851,-1484.2428,6.143606679086452
2021-06-18 22:00:00,7449.0,7657.045613732624,6321.138143029499,6262.510735878974,-1335.9075,-58.627407150525315
2021-06-18 23:00:00,7218.0,7664.607407197094,6589.911484345532,6624.160757515017,-1074.6959,34.249273169486045
2021-06-19 00:00:00,8184.5,7658.075958229014,6399.657867408701,6376.797542377779,-1258.4181,-22.860325030922713
2021-06-19 01:00:00,8184.5,7613.09267981092,6632.224149537483,6611.811975632848,-980.8685,-20.41217390463521
2021-06-19 02:00:00,8184.5,7558.1888668815045,6355.8702633658795,6347.602275967874,-1202.3186,-8.267987398005083
2021-06-19 03:00:00,8184.5,7547.553653354368,6271.019351596556,6274.133793846624,-1276.5343,3.114442250068713
2021-06-19 04:00:00,7558.0,7612.227690711751,6078.577788368001,6107.392910030872,-1533.6499,28.81512166287099
2021-06-19 05:00:00,7802.0,7731.552120264475,5857.558956201975,5845.445197717947,-1873.9932,-12.113758484027768
2021-06-19 06:00:00,7992.0,7846.924984680156,6316.138119445781,6284.493788698209,-1530.7869,-31.644330747571853
2021-06-19 07:00:00,8156.0,7902.989970269012,6741.299906792449,6716.295809647324,-1161.6901,-25.004097145125137
2021-06-19 08:00:00,8250.0,7881.036550620094,6887.82176790525,6876.746516450998,-993.2148,-11.075251454253165
2021-06-19 09:00:00,8253.0,7801.519056900839,6900.26692067037,6930.964423319905,-901.25214,30.697502649534915
2021-06-19 10:00:00,8205.0,7702.059480942023,6804.870638168585,6828.832994143501,-897.18884,23.96235597491586
2021-06-19 11:00:00,8231.0,7614.942884976722,6612.030165250159,6625.793048498336,-1002.9127,13.76288324817696
2021-06-19 12:00:00,8294.0,7559.902680069979,6514.778046280917,6521.044476156312,-1045.1246,6.266429875395441
2021-06-19 13:00:00,8322.0,7547.026981317004,6527.119144402942,6525.014925429665,-1019.90784,-2.1042189732769376
2021-06-19 14:00:00,8327.0,7575.230482379108,6722.052686968952,6729.928382783921,-853.1778,7.875695814968832
2021-06-19 15:00:00,8297.0,7623.17141344832,6945.436244991289,6932.529447227111,-677.73517,-12.906797764177679
2021-06-19 16:00:00,8346.0,7646.659868964745,7149.852282294823,7140.852071924965,-496.8076,-9.000210369859348
2021-06-19 17:00:00,8242.0,7597.183268055186,7252.640787586436,7264.806911055013,-344.54248,12.166123468577066
2021-06-19 18:00:00,7990.0,7455.820455247074,6998.889882737309,7013.6069204839005,-456.93057,14.717037746591993
2021-06-19 19:00:00,8012.0,7255.599104250886,6869.143080080964,6879.091497864283,-386.45602,9.948417783319357
2021-06-19 20:00:00,8004.0,7067.804671210978,6468.147017402384,6468.558434414252,-599.65765,0.41141701186758267
2021-06-19 21:00:00,7743.0,6956.413348475077,6171.826007166484,6187.150983575888,-784.58734,15.324976409404051
2021-06-19 22:00:00,7400.0,6934.865181834692,5829.366768748754,5789.736645538034,-1105.4984,-39.630123210719994
2021-06-19 23:00:00,7251.0,6961.330176799916,5807.173560588979,5772.4070355313015,-1154.1566,-34.76652505767786
2021-06-20 00:00:00,7085.0,6977.606584141787,6183.075212071474,6184.176985180932,-794.5314,1.1017731094577579
2021-06-20 01:00:00,7997.0,6959.2824174876,6102.137092780568,6120.474313417116,-857.1453,18.337220636547645
2021-06-20 02:00:00,7044.0,6934.809082644524,5798.142334597649,5784.165243454277,-1136.6667,-13.977091143372627
2021-06-20 03:00:00,7136.0,6958.266485097712,5357.679204824274,5342.642278816128,-1600.5873,-15.036926008146173
2021-06-20 04:00:00,7333.0,7060.551778648295,5339.053121421733,5325.899831599431,-1721.4987,-13.153289822301296
2021-06-20 05:00:00,7585.0,7220.826001459512,5547.091016107949,5562.429616976163,-1673.735,15.338600868213275
2021-06-20 06:00:00,7811.0,7380.273204623391,5950.134166537454,5949.1490150981035,-1430.139,-0.9851514393500217
2021-06-20 07:00:00,7974.0,7483.295291625829,6300.595462524267,6299.0438715515575,-1182.6998,-1.551590972709603
2021-06-20 08:00:00,8126.0,7510.917688420472,6534.508142522034,6533.377749660883,-976.40955,-1.130392861151613
2021-06-20 09:00:00,8216.0,7483.31077084362,6532.836466644401,6546.014377296471,-950.4743,13.177910652070148
2021-06-20 10:00:00,8182.0,7437.792547047112,6443.495611011956,6460.317269206929,-994.29694,16.82165819497368
2021-06-20 11:00:00,8190.0,7406.324129818617,6313.256624935804,6325.813835976342,-1093.0675,12.557211040537466
2021-06-20 12:00:00,8148.0,7408.2970007564245,6185.411868920487,6205.486470177095,-1222.8851,20.074601256607508
2021-06-20 13:00:00,8112.0,7453.442668025781,6197.098185603906,6192.749074773058,-1256.3445,-4.349110830848371
2021-06-20 14:00:00,8176.0,7540.307502096637,6306.310920065387,6314.274229003732,-1233.9966,7.963308938344767
2021-06-20 15:00:00,8085.0,7647.1719322191975,6555.461360930135,6564.925224640909,-1091.7106,9.463863710773325
2021-06-20 16:00:00,8042.0,7729.461825992966,6801.950473453903,6789.050760672322,-927.51135,-12.899712781581183
2021-06-20 17:00:00,7994.0,7738.279415005087,6850.602413051962,6851.523870606862,-887.677,0.9214575549006684
2021-06-20 18:00:00,7784.0,7654.324597633223,6673.373914039473,6652.355773993001,-980.9507,-21.018140046471355
2021-06-20 19:00:00,7897.0,7510.258233305228,6405.344537016165,6432.294470812743,-1104.9137,26.94993379657833
2021-06-20 20:00:00,7769.0,7377.0129007763535,6156.9147562451035,6154.853369720335,-1220.0981,-2.0613865247690524
2021-06-20 21:00:00,7469.0,7318.224002611376,5663.539554369188,5674.902906757055,-1654.6844,11.363352387866156
2021-06-20 22:00:00,7163.0,7347.001169349035,5674.06830802091,5660.467232179302,-1672.9329,-13.601075841607635
2021-06-20 23:00:00,8063.5,7421.196797604478,5941.545918698228,5952.847188609004,-1479.6509,11.301269910776064
2021-06-21 00:00:00,8063.5,7482.3114551312065,6188.4674609905815,6188.340730339158,-1293.844,-0.12673065142410822
2021-06-21 01:00:00,8063.5,7505.663557971836,6180.496809924961,6199.925133205503,-1325.1667,19.42832328054196
2021-06-21 02:00:00,7060.0,7519.467438118811,5683.276276009436,5661.770133800823,-1836.1912,-21.5061422086126
2021-06-21 03:00:00,7622.0,7577.597442890593,5587.116119648405,5650.208203263333,-1990.4813,63.092083614927596
2021-06-21 04:00:00,8280.0,7710.772972848228,6128.436913277916,6123.516485375558,-1582.336,-4.920427902358232
2021-06-21 05:00:00,8632.0,7898.003363559523,6479.588568637648,6482.251863233971,-1418.4148,2.6632945963229444
2021-06-21 06:00:00,8791.0,8080.3496674178505,7087.4680756209755,7049.2434024981,-992.8816,-38.224673122874854
2021-06-21 07:00:00,8938.0,8202.124880095422,7253.142824431359,7243.702471185511,-948.98206,-9.440353245847989
2021-06-21 08:00:00,9119.0,8244.303787056751,7475.776504341908,7486.0703533703,-768.5273,10.293849028391987
2021-06-21 09:00:00,9180.0,8227.04477198453,7541.683504894687,7547.027896388934,-685.36127,5.344391494246871
2021-06-21 10:00:00,9152.0,8187.689797568476,7455.063027548945,7438.1500654942165,-732.6268,-16.912962054728702
2021-06-21 11:00:00,9191.0,8158.25678224397,7253.421638201001,7249.749386350379,-904.83514,-3.672251850622069
2021-06-21 12:00:00,9102.0,8158.2251494226375,7104.32683399295,7106.345088409639,-1053.8983,2.018254416688852
2021-06-21 13:00:00,8989.0,8197.444585100353,7096.071172014415,7102.179230736294,-1101.3734,6.108058721878517
2021-06-21 14:00:00,8935.0,8274.608176572297,7141.856589658235,7164.398177766819,-1132.7516,22.54158810858337
2021-06-21 15:00:00,8758.0,8368.168785001228,7166.258994962165,7174.77371347694,-1201.9098,8.514718514775705
2021-06-21 16:00:00,8569.0,8433.748066499018,7399.939961030268,7368.618081342489,-1033.8081,-31.32187968777895
2021-06-21 17:00:00,8600.0,8422.667164358305,7435.109241995024,7415.87677857659,-987.5579,-19.232463418433255
2021-06-21 18:00:00,8446.0,8315.869290269118,7160.079251206618,7129.311468993475,-1155.79,-30.767782213143192
2021-06-21 19:00:00,8427.0,8146.2828259100015,7008.560535870939,7007.301136422005,-1137.7223,-1.2593994489345757
2021-06-21 20:00:00,8239.0,7985.127710547604,6588.789331641354,6605.048465230131,-1396.3384,16.25913358877751
2021-06-21 21:00:00,7896.0,7896.338496137927,6328.076044966052,6321.931874075518,-1568.2625,-6.144170890534124
2021-06-21 22:00:00,7566.0,7893.327882064867,6614.743043197679,6627.294126250106,-1278.5848,12.551083052427007
2021-06-21 23:00:00,7315.0,7934.251639455443,6926.543997853881,6945.563239526245,-1007.70764,19.019241672364068
2021-06-22 00:00:00,8558.5,7960.915267036226,6626.131697700289,6611.612864952722,-1334.7836,-14.518832747567052
2021-06-22 01:00:00,8558.5,7948.9461991166945,6816.601838765132,6804.151802116327,-1132.3444,-12.450036648804389
2021-06-22 02:00:00,8558.5,7926.870983570638,6478.7700314222,6475.374816678165,-1448.101,-3.395214744035083
2021-06-22 03:00:00,7795.0,7948.873402190081,6010.918690276018,6010.8618336832305,-1937.9547,-0.05685659278806849
2021-06-22 04:00:00,8260.0,8045.971236594282,6273.26066530522,6261.531376651202,-1772.7106,-11.729288654017713
2021-06-22 05:00:00,8548.0,8197.455291043596,6600.785979520158,6638.507489664272,-1596.6693,37.72151014411317
2021-06-22 06:00:00,8776.0,8344.650221208909,6951.322340349534,6930.800098914629,-1393.3279,-20.52224143490497
2021-06-22 07:00:00,8846.0,8432.11707568418,7291.969004395118,7281.573489997833,-1140.1481,-10.395514397284291
2021-06-22 08:00:00,9010.0,8441.064810006992,7389.28392621793,7400.9297145080545,-1051.7809,11.64578829012527
2021-06-22 09:00:00,9062.0,8391.870553373186,7514.375192045061,7524.490928510645,-877.49536,10.115736465583838
2021-06-22 10:00:00,8993.0,8322.075566416677,7410.4379321393335,7409.727695740118,-911.63763,-0.7102363992154193
2021-06-22 11:00:00,9014.0,8263.873810950829,7085.494904700829,7078.943578469669,-1178.3789,-6.551326231159435
2021-06-22 12:00:00,8963.0,8236.89568414134,7011.295708555403,6992.6179662862,-1225.6,-18.677742269203115
2021-06-22 13:00:00,8881.0,8251.116381232445,6919.059130255882,6928.6105911100385,-1332.0573,9.551460854155913
2021-06-22 14:00:00,8823.0,8305.328434988747,6966.874699637185,6967.630932038846,-1338.4537,0.756232401661772
2021-06-22 15:00:00,8634.0,8378.056934902423,7126.87761361336,7133.33268108212,-1251.1793,6.455067468759517
2021-06-22 16:00:00,8562.0,8424.968406858878,7304.22634142919,7303.610862139541,-1120.7421,-0.6154792896497383
2021-06-22 17:00:00,8470.0,8397.404003012938,7402.545543540282,7410.217448371808,-994.85846,7.671904831526452
2021-06-22 18:00:00,8324.0,8276.30656828695,7103.076831958824,7080.07880015583,-1173.2297,-22.998031802993413
2021-06-22 19:00:00,8441.0,8094.58718832765,6983.459502780775,6985.496189039761,-1111.1277,2.0366862589854042
2021-06-22 20:00:00,8343.0,7923.431229686383,6596.768387889508,6579.055627341025,-1326.6628,-17.71276054848294
2021-06-22 21:00:00,8033.0,7826.717700363409,6352.760669113409,6335.510789723707,-1473.957,-17.24987938970169
2021-06-22 22:00:00,7701.0,7817.779546110394,6469.154668180707,6455.984659143627,-1348.6249,-13.170009037079428
2021-06-22 23:00:00,7524.0,7854.669809587246,6616.867441423184,6615.0225380987185,-1237.8024,-1.84490332446552
2021-06-23 00:00:00,7430.0,7879.074542840682,6706.151935418807,6698.11179249882,-1172.9226,-8.04014291998685
2021-06-23 01:00:00,7418.0,7866.492647628645,6473.484957198957,6464.757478255547,-1393.0077,-8.727478943410464
2021-06-23 02:00:00,7543.0,7845.317298754125,6266.844764574437,6259.63754077758,-1578.4725,-7.207223796856579
2021-06-23 03:00:00,8068.0,7869.593192330551,5765.154959908676,5766.627691647274,-2104.4382,1.4727317385990257
2021-06-23 04:00:00,8415.0,7970.190057617582,6191.01171289102,6170.49578042313,-1779.1783,-20.515932467889805
2021-06-23 05:00:00,8645.0,8126.240691197361,6503.586516392674,6488.727729391644,-1622.6542,-14.858787001029874
2021-06-23 06:00:00,8904.0,8278.90549902963,6946.545269537442,6936.896747492166,-1332.3602,-9.648522045276676
2021-06-23 07:00:00,8981.0,8372.581761868614,7323.177587063927,7309.769963438761,-1049.4042,-13.407623625165721
2021-06-23 08:00:00,9000.0,8388.320919551332,7420.313473262269,7409.756888775085,-968.00745,-10.55658448718446
2021-06-23 09:00:00,9141.0,8346.351047244161,7409.8000828886925,7399.843665929931,-936.55096,-9.956416958761034
2021-06-23 10:00:00,9097.0,8284.072150271728,7348.553534549072,7366.375693331348,-935.5186,17.822158782275938
2021-06-23 11:00:00,9030.0,8233.54386138805,7153.882118223988,7158.851151951895,-1079.6617,4.969033727907143
2021-06-23 12:00:00,8919.0,8214.269839925888,6942.591861410263,6923.093319680047,-1271.678,-19.498541730215862
2021-06-23 13:00:00,8785.0,8236.10774292193,6831.670120851617,6824.509825026773,-1404.4376,-7.160295824843841
2021-06-23 14:00:00,8760.0,8297.742675437958,6892.571532859833,6880.905320542705,-1405.1711,-11.666212317127453
2021-06-23 15:00:00,8461.0,8377.602263843588,7054.300506031088,7027.504659023165,-1323.3018,-26.795847007923353
2021-06-23 16:00:00,8132.0,8431.265895541705,7187.143947299517,7182.841943572844,-1244.122,-4.302003726673661
2021-06-23 17:00:00,8072.0,8410.000405604407,7158.35160189347,7140.260206828288,-1251.6488,-18.091395065182173
2021-06-23 18:00:00,8064.0,8294.691135116165,6981.72507066304,6982.4318849006295,-1312.9661,0.7068142375896321
2021-06-23 19:00:00,8035.0,8118.210955736595,6894.099261400657,6908.341554066989,-1224.1117,14.24229266633241
2021-06-23 20:00:00,7891.0,7951.724538414251,6542.109792320501,6521.612331832043,-1409.6147,-20.49746048845703
2021-06-23 21:00:00,7535.0,7859.1021693615,6127.9967006115,6097.952414541804,-1731.1055,-30.04428606969646
2021-06-23 22:00:00,7147.0,7853.674564496945,6507.563724653195,6482.9752251412865,-1346.1108,-24.588499511908598
2021-06-23 23:00:00,7077.0,7893.497665085516,6678.080184616766,6667.667502398829,-1215.4175,-10.412682217936664
2021-06-24 00:00:00,8049.5,7920.268895521885,6601.240086928135,6660.127039937209,-1319.0288,58.8869530090738
2021-06-24 01:00:00,8039.0,7909.511457767825,6635.280500736575,6633.596936792331,-1274.231,-1.6835639442442554
2021-06-24 02:00:00,8034.0,7889.656603772762,6240.699084241512,6194.796093438063,-1648.9575,-45.90299080344892
2021-06-24 03:00:00,8015.5,7914.796448728485,5946.272400876923,5931.242415294607,-1968.524,-15.029985582315549
2021-06-24 04:00:00,7616.0,8015.85055249912,6301.088955819432,6298.492935388263,-1714.7616,-2.5960204311692157
2021-06-24 05:00:00,7848.0,8171.999229137769,6491.018516247144,6502.085829657747,-1680.9807,11.06731341060287
2021-06-24 06:00:00,8033.0,8324.448061040675,6808.99664502505,6782.551354551219,-1515.4514,-26.445290473831253
2021-06-24 07:00:00,8260.0,8417.640195764761,7025.655210413199,7031.498688224889,-1391.985,5.843477811689979
2021-06-24 08:00:00,8246.0,8432.675809202532,7174.398221311907,7206.431952531644,-1258.2776,32.0337312197367
2021-06-24 09:00:00,8262.0,8389.833352040623,7169.030739735936,7182.365392623642,-1220.8026,13.334652887706104
2021-06-24 10:00:00,8224.0,8326.560942536124,6984.584868317374,6987.406178571531,-1341.9761,2.8213102541577717
2021-06-24 11:00:00,8097.0,8274.960197455326,6793.570671088139,6813.528386429131,-1481.3895,19.957715340992877
2021-06-24 12:00:00,8043.0,8254.568588835144,6613.489365202331,6617.763125626458,-1641.0792,4.273760424126675
2021-06-24 13:00:00,7998.0,8275.268639542466,6495.042321183091,6511.448889456407,-1780.2263,16.406568273315987
2021-06-24 14:00:00,7971.0,8335.760256104735,6570.96655493286,6549.244294961692,-1764.7937,-21.722259971168455
2021-06-24 15:00:00,7844.0,8414.474010201118,6703.057506294868,6702.378034938941,-1711.4165,-0.6794713559275725
2021-06-24 16:00:00,7778.0,8466.979496373613,6987.116459264238,6965.006899935227,-1479.863,-22.109559329010683
2021-06-24 17:00:00,7958.0,8444.522692850416,7110.731555155104,7102.73083623616,-1333.7911,-8.000718918943623
2021-06-24 18:00:00,8116.0,8327.960617954754,6891.814866001629,6881.793331678529,-1436.1458,-10.02153432309948
2021-06-24 19:00:00,8136.0,8150.132869816656,6897.123836613531,6898.810609643406,-1253.009,1.68677302987488
2021-06-24 20:00:00,7994.0,7982.16459174993,6561.4515790546175,6565.22397094448,-1420.713,3.772391889862993
2021-06-24 21:00:00,7645.0,7887.87563197087,6202.01918665837,6209.406002937454,-1685.8564,7.386816279084178
2021-06-24 22:00:00,7293.0,7880.531170543877,6276.577557262627,6242.596718135488,-1603.9536,-33.980839127139156
2021-06-24 23:00:00,7863.0,7918.106830415852,6224.297260103352,6196.922416156924,-1693.8096,-27.374843946427823
2021-06-25 00:00:00,7863.0,7942.210318213423,6580.253042822798,6561.2163219973945,-1361.9573,-19.036720825404146
2021-06-25 01:00:00,7863.0,7928.272537758924,6487.2174840479865,6463.841611223475,-1441.055,-23.375872824511134
2021-06-25 02:00:00,7863.0,7904.633367748815,6178.389715405065,6151.542288450783,-1726.2437,-26.847426954281026
2021-06-25 03:00:00,7080.0,7925.292947128187,5674.820779159437,5652.539708000476,-2250.4722,-22.281071158960728
2021-06-25 04:00:00,7291.0,8021.074440008238,5731.342018133238,5725.2487517548625,-2289.7324,-6.093266378375461
2021-06-25 05:00:00,7553.0,8171.055894429245,6069.55320888237,6086.933341966852,-2101.5027,17.38013308448207
2021-06-25 06:00:00,7728.0,8316.338112603442,6502.098610650317,6461.44368566346,-1814.2395,-40.654924986856834
2021-06-25 07:00:00,7882.0,8401.26342229337,6651.241693777745,6636.08877303114,-1750.0217,-15.152920746605519
2021-06-25 08:00:00,7957.0,8406.8407685177,6883.383615197388,6888.507939554984,-1523.4572,5.124324357595325
2021-06-25 09:00:00,7934.0,8353.269133658852,6936.72360143229,6918.47587192722,-1416.5455,-18.247729505068982
2021-06-25 10:00:00,7968.0,8277.928333131762,6748.1430548114495,6764.492384486615,-1529.7853,16.3493296751658
2021-06-25 11:00:00,8023.0,8212.862134775674,6582.649000010049,6589.549300159748,-1630.2131,6.900300149698674
2021-06-25 12:00:00,8047.0,8177.561528613127,6516.972539355314,6506.598252489311,-1660.589,-10.374286866004136
2021-06-25 13:00:00,8071.0,8181.875855270609,6468.341553512796,6457.129641330689,-1713.5343,-11.211912182106913
2021-06-25 14:00:00,8046.0,8224.48643898759,6561.554432151652,6546.6951899445785,-1662.932,-14.859242207073729
2021-06-25 15:00:00,8021.0,8283.820163646464,6705.541477123026,6704.471304178549,-1578.2787,-1.070172944477166
2021-06-25 16:00:00,7920.0,8315.458667524657,6878.31572318872,6875.90671382347,-1437.143,-2.4090093652492595
2021-06-25 17:00:00,7775.0,8270.67869844042,6970.763293166983,6991.457781374073,-1299.9154,20.694488207090576
2021-06-25 18:00:00,7594.0,8130.39126364883,6796.750272437893,6816.285128901334,-1333.641,19.534856463441024
2021-06-25 19:00:00,7721.0,7927.516134647568,6667.561300663193,6692.069405184517,-1259.9548,24.508104521323972
2021-06-25 20:00:00,7723.0,7733.2834990897,6371.660818425637,6397.950926072304,-1361.6227,26.290107646667085
2021-06-25 21:00:00,7441.0,7611.6379858235205,5834.303879378208,5840.134139244016,-1777.3341,5.83025986580804
2021-06-25 22:00:00,7138.0,7575.984155083035,5869.54201641116,5852.760267183261,-1706.4421,-16.781749227898807
2021-06-25 23:00:00,6915.0,7584.450509475494,6035.871896194244,6057.06846676538,-1548.5786,21.196570571135975
2021-06-26 00:00:00,7654.0,7578.814646396126,6028.095286044563,6071.104676059494,-1550.7194,43.009390014930226
2021-06-26 01:00:00,7654.0,7534.6988804443445,6203.7347691162195,6218.525377639312,-1330.9641,14.79060852309261
2021-06-26 02:00:00,7654.0,7480.656800240084,5903.255433052584,5908.535729203711,-1577.4014,5.280296151127389
2021-06-26 03:00:00,7654.0,7470.919912642431,5848.5054839314935,5835.484264387097,-1622.4144,-13.021219544396322
2021-06-26 04:00:00,6900.0,7536.553125305405,5743.873071594468,5689.4538005898075,-1792.68,-54.419271004659706
2021-06-26 05:00:00,7096.0,7656.881375462758,5458.086697728383,5461.486811086534,-2198.7947,3.4001133581507674
2021-06-26 06:00:00,7376.0,7773.256808064672,6049.928194783422,6079.985882027389,-1723.3286,30.0576872439665
2021-06-26 07:00:00,7568.0,7830.279752437346,6406.264859859221,6414.87691309121,-1424.0149,8.612053231988206
2021-06-26 08:00:00,7714.0,7809.225004222824,6519.435819652512,6530.909781159552,-1289.7892,11.473961507040155
2021-06-26 09:00:00,7807.0,7730.5628663599155,6498.341552883353,6487.718868838438,-1232.2213,-10.62268404491495
2021-06-26 10:00:00,7794.0,7631.944737035013,6411.865269261575,6403.787811523386,-1220.0795,-8.077457738188675
2021-06-26 11:00:00,7787.0,7545.680907678092,6340.575438928092,6347.220028994298,-1205.1055,6.644590066206635
2021-06-26 12:00:00,7840.0,7491.520195446326,6197.750053844764,6200.127168197905,-1293.7701,2.3771143531415593
2021-06-26 13:00:00,7893.0,7479.55857310763,6197.349954943567,6204.695705899538,-1282.2086,7.345750955969948
2021-06-26 14:00:00,7910.0,7508.70984788746,6336.617928942147,6335.941444243259,-1172.0919,-0.6764846988877926
2021-06-26 15:00:00,7924.0,7557.6155116324135,6514.5178553824135,6515.89598115959,-1043.0977,1.3781257771760063
2021-06-26 16:00:00,7915.0,7582.051040801255,6660.062881621568,6643.995470043047,-921.98816,-16.067411578520037
2021-06-26 17:00:00,7763.0,7533.465854390862,6693.5248753869555,6688.0166007402295,-839.941,-5.508274646725587
2021-06-26 18:00:00,7595.0,7392.923954059912,6332.636478473974,6330.286004743551,-1060.2875,-2.3504737304238965
2021-06-26 19:00:00,7688.0,7193.47882293598,6287.832399596136,6261.7752616753805,-905.6464,-26.057137920755448
2021-06-26 20:00:00,7568.0,7006.471664222929,5932.219100746366,5908.23979533446,-1074.2526,-23.979305411906118
2021-06-26 21:00:00,7359.0,6895.92869643442,5549.905869285983,5532.196889708016,-1346.0228,-17.70897957796673
2021-06-26 22:00:00,7055.0,6875.300444435752,5332.37698252169,5329.609374680392,-1542.9235,-2.767607841297849
2021-06-26 23:00:00,6878.0,6902.724142233728,5281.107198874353,5336.341209658013,-1621.617,55.23401078365959
2021-06-27 00:00:00,6717.0,6919.952458364746,5429.040471060059,5429.234930330591,-1490.912,0.19445927053186626
2021-06-27 01:00:00,7576.5,6902.554266137753,5109.022771997128,5115.121634046104,-1793.5315,6.098862048975967
2021-06-27 02:00:00,7556.0,6879.003197781223,5378.823388210911,5391.6328315213805,-1500.1798,12.809443310469957
2021-06-27 03:00:00,7556.0,6903.421439359469,5453.361380765719,5501.555514160294,-1450.06,48.19413339457393
2021-06-27 04:00:00,6877.0,7006.73028367137,5355.544858866682,5366.925852517653,-1651.1854,11.380993650970707
2021-06-27 05:00:00,7089.0,7168.074423586407,4918.820029055157,4939.577962482709,-2249.2544,20.757933427552853
2021-06-27 06:00:00,7339.0,7328.591848086807,5346.055471133682,5368.552031192954,-1982.5364,22.49656005927243
2021-06-27 07:00:00,7585.0,7432.640917329968,5931.048632173718,5923.389929448889,-1501.5923,-7.658702724829069
2021-06-27 08:00:00,7677.0,7461.232172353394,6147.994501454957,6172.231038900515,-1313.2377,24.236537445558348
2021-06-27 09:00:00,7781.0,7434.551734874838,6147.821876476401,6152.724966155792,-1286.7299,4.903089679391339
2021-06-27 10:00:00,7742.0,7389.94677636997,6050.490477541845,6048.226531296813,-1339.4563,-2.2639462450323524
2021-06-27 11:00:00,7819.0,7359.403380671994,5930.466857234494,5943.612665649369,-1428.9365,13.145808414875168
2021-06-27 12:00:00,7544.0,7362.328164414739,5826.810098008489,5834.012904257522,-1535.5181,7.202806249032425
2021-06-27 13:00:00,7537.0,7408.460211779962,5734.561408069025,5758.254072524063,-1673.8988,23.69266445503848
2021-06-27 14:00:00,7585.0,7496.344717007759,5745.324087124946,5760.97888892356,-1751.0206,15.654801798612983
2021-06-27 15:00:00,7566.0,7604.245075599865,6159.048908607678,6161.432576293962,-1445.1962,2.3836676862839488
2021-06-27 16:00:00,7616.0,7687.552238803891,6402.675651889828,6388.910239831117,-1284.8766,-13.765412058711549
2021-06-27 17:00:00,7606.0,7697.330139376165,6523.09454367304,6525.033583635735,-1174.2356,1.9390399626953174
2021-06-27 18:00:00,7474.0,7614.263536470747,6389.779649751997,6385.385407773114,-1224.4839,-4.394241978882334
2021-06-27 19:00:00,7602.0,7471.038807575179,6320.229969684554,6335.740848487817,-1150.8088,15.510878803263171
2021-06-27 20:00:00,7488.0,7338.643994752341,6062.605542603904,6044.337663177631,-1276.0385,-18.267879426272803
2021-06-27 21:00:00,7154.0,7280.76425313005,5521.486299028487,5511.178313746254,-1759.278,-10.30798528223254
2021-06-27 22:00:00,7575.5,7310.519431303176,5467.991721342239,5455.646322834235,-1842.5277,-12.345398508003303
2021-06-27 23:00:00,7575.5,7385.728908265992,5750.492824281617,5711.265316499776,-1635.2361,-39.22750778184071
2021-06-28 00:00:00,7575.5,7447.847440503683,5525.754789136496,5520.843787889807,-1922.0927,-4.911001246689227
2021-06-28 01:00:00,7593.5,7472.174093762155,5756.507589855905,5815.371612993257,-1715.6665,58.864023137351616
2021-06-28 02:00:00,7604.0,7486.945237349125,5535.094407271,5602.426943785662,-1951.8508,67.33253651466245
2021-06-28 03:00:00,7380.0,7546.07733252475,5210.938416509125,5247.7937945685935,-2335.139,36.855378059467974
2021-06-28 04:00:00,7798.0,7680.31377603278,5583.648492829655,5583.190712366018,-2096.6653,-0.4577804636375402
2021-06-28 05:00:00,8187.0,7868.6474403168695,5872.6320594574945,5852.538687067861,-1996.0154,-20.093372389633426
2021-06-28 06:00:00,8391.0,8052.093223610773,6359.703819313898,6339.68512906369,-1692.3894,-20.01869025020821
2021-06-28 07:00:00,8496.0,8174.920512676484,6686.951274395234,6714.880471116075,-1487.9692,27.929196720840757
2021-06-28 08:00:00,8571.0,8218.089169256287,6930.635800115662,6938.960739549216,-1287.4534,8.32493943355341
2021-06-28 09:00:00,8561.0,8201.773310968605,6954.74572307798,6988.913521733384,-1247.0276,34.167798655404084
2021-06-28 10:00:00,8570.0,8163.344078551345,6773.621422301345,6793.232939874386,-1389.7227,19.61151757304143
2021-06-28 11:00:00,8536.0,8134.844402426902,6672.075359458152,6688.652803115448,-1462.769,16.577443657295238
2021-06-28 12:00:00,8495.0,8135.76890748151,6568.328355723697,6555.456921317055,-1567.4406,-12.87143440664178
2021-06-28 13:00:00,8457.0,8175.974946720544,6496.623018009606,6497.974070311664,-1679.3519,1.3510523020580494
2021-06-28 14:00:00,8391.0,8254.154545542546,6526.960331675358,6548.634061441169,-1727.1942,21.673729765811345
2021-06-28 15:00:00,8304.0,8348.743667640532,6538.860855140532,6539.740175135628,-1809.8828,0.8793199950962856
2021-06-28 16:00:00,8329.0,8415.329209359896,6868.594346078646,6883.43411401243,-1546.7349,14.839767933784307
2021-06-28 17:00:00,8266.0,8405.194190262237,7033.208594559112,7060.300175591106,-1371.9856,27.091581031994888
2021-06-28 18:00:00,7890.0,8299.26687445411,6708.38552679786,6718.738279016841,-1590.8813,10.352752218981143
2021-06-28 19:00:00,7878.0,8130.501367755949,6537.883203693449,6592.169565393954,-1592.6182,54.28636170050539
2021-06-28 20:00:00,7759.0,7970.1732910383935,6120.988110374331,6139.206817537679,-1849.1852,18.218707163347844
2021-06-28 21:00:00,7469.0,7882.267177020059,5850.740565691934,5834.070971428918,-2031.5266,-16.669594263015544
2021-06-28 22:00:00,8236.0,7880.20617886526,6385.33215542776,6382.028375280647,-1494.874,-3.3037801471125134
2021-06-28 23:00:00,8236.0,7922.113290921271,6481.898691311896,6498.041288684193,-1440.2146,16.142597372297043
2021-06-29 00:00:00,8236.0,7949.748444160963,6533.032379707838,6515.923746774058,-1416.7161,-17.108632933780527
2021-06-29 01:00:00,8236.0,7938.719966408164,6345.148189064414,6352.519194540371,-1593.5718,7.371005475957766
2021-06-29 02:00:00,8236.0,7917.5766845769585,6073.1257568425835,6077.99783935387,-1844.4509,4.872082511286763
2021-06-29 03:00:00,7485.0,7940.544731745989,5473.386528620989,5445.715320468013,-2467.1582,-27.671208152976586
2021-06-29 04:00:00,7950.0,8038.666116486202,5881.960550079952,5885.981552965264,-2156.7056,4.021002885312577
2021-06-29 05:00:00,8206.0,8191.215402005418,6247.000314114793,6229.691532489792,-1944.2151,-17.308781625000528
2021-06-29 06:00:00,8356.0,8339.471301315538,6583.585437057725,6575.065165663657,-1755.8859,-8.520271394067624
2021-06-29 07:00:00,8422.0,8427.951453160735,6820.179968785735,6809.706230452465,-1607.7715,-10.473738333269488
2021-06-29 08:00:00,8580.0,8437.850074402078,6900.6767345583285,6925.047598241618,-1537.1733,24.370863683289777
2021-06-29 09:00:00,8661.0,8389.560197768214,7129.8565844869645,7146.8223961306385,-1259.7036,16.96581164367424
2021-06-29 10:00:00,8686.0,8320.652414846318,7028.904856252568,7037.554059222999,-1291.7476,8.649202970431178
2021-06-29 11:00:00,8632.0,8263.345834681915,6944.90320772879,6946.643475658071,-1318.4426,1.740267929280694
2021-06-29 12:00:00,8592.0,8237.28617268502,6849.090493974083,6828.873148080484,-1388.1957,-20.217345893599667
2021-06-29 13:00:00,8528.0,8252.456388823624,6814.845671050187,6812.477696541429,-1437.6107,-2.3679745087573103
2021-06-29 14:00:00,8610.0,8307.648032325971,6856.480185646284,6870.6445840829465,-1451.1678,14.164398436662815
2021-06-29 15:00:00,8540.0,8381.369354088625,7081.729217369875,7088.867022142399,-1299.6401,7.137804772524126
2021-06-29 16:00:00,8524.0,8429.252159759595,7321.563072845533,7339.15239414194,-1107.6891,17.589321296407046
2021-06-29 17:00:00,8327.0,8402.59949823911,7418.065684762547,7422.053948092202,-984.5338,3.9882633296545578
2021-06-29 18:00:00,8099.0,8282.339268868272,6902.7482044151475,6881.885476142174,-1379.5911,-20.8627282729727
2021-06-29 19:00:00,8104.0,8101.408265714809,6765.632753019497,6776.366505587773,-1335.7755,10.733752568276145
2021-06-29 20:00:00,7903.0,7931.047504360875,6374.878803189,6363.565604658588,-1556.1687,-11.313198530411311
2021-06-29 21:00:00,7503.0,7835.185925295825,6056.380261233325,6059.761022503346,-1778.8057,3.3807612700208987
2021-06-29 22:00:00,8319.5,7827.166865292645,6501.831538144207,6507.07232348236,-1325.3353,5.240785338152686
2021-06-29 23:00:00,8319.5,7865.010514405135,6681.719132569197,6686.226825825522,-1183.2914,4.507693256324228
2021-06-30 00:00:00,8319.5,7890.357269449568,6917.064239664412,6918.671381958597,-973.293,1.6071422941846882
2021-06-30 01:00:00,8319.5,7878.686828242412,6749.80340539085,6742.7713359608215,-1128.8834,-7.032069430028164
2021-06-30 02:00:00,8319.5,7858.414538804667,6362.16124290623,6377.23878775993,-1496.2533,15.077544853700932
2021-06-30 03:00:00,7535.0,7883.627336031066,5757.170793062316,5753.88003672222,-2126.4565,-3.2907563400963005
2021-06-30 04:00:00,8050.0,7985.219058689245,5923.566714939245,5906.09756814128,-2061.6523,-17.469146797964534
2021-06-30 05:00:00,8312.0,8142.306141664859,6268.126332094546,6247.167067524955,-1874.1798,-20.95926456959153
2021-06-30 06:00:00,8579.0,8296.002926087536,6674.268673157849,6672.593909754459,-1621.7343,-1.6747634033896328
2021-06-30 07:00:00,8606.0,8390.663160816192,7195.878614917754,7196.211347621776,-1194.7845,0.3327327040222787
2021-06-30 08:00:00,8560.0,8407.32342673068,7368.261292941617,7395.57986454827,-1039.0621,27.31857160665306
2021-06-30 09:00:00,8546.0,8366.227585468137,7372.929428729856,7401.470006552474,-993.29816,28.540577822617628
2021-06-30 10:00:00,8460.0,8304.804860916733,7192.579397049545,7216.122379532987,-1112.2255,23.54298248344205
2021-06-30 11:00:00,8557.0,8255.139926558812,6982.926791793187,7011.625302553443,-1272.2131,28.698510760256816
2021-06-30 12:00:00,8796.0,8236.751660600761,6971.622021928886,6974.559237145152,-1265.1296,2.9372152162657006
2021-06-30 13:00:00,8642.0,8259.505393496498,7028.406028262123,7014.158283379572,-1231.0994,-14.247744882551464
2021-06-30 14:00:00,8623.0,8322.085164389548,7037.484944662985,7034.960929260885,-1284.6002,-2.524015402100096
2021-06-30 15:00:00,8535.0,8402.901688304475,7149.00886603885,7142.539103645945,-1253.8928,-6.469762392904702
2021-06-30 16:00:00,8515.0,8457.499569763699,7426.687435974636,7422.804573282874,-1030.8121,-3.882862691762407
2021-06-30 17:00:00,8402.0,8437.107488397725,7540.098882440694,7537.037184451532,-897.0086,-3.0616979891622518
2021-06-30 18:00:00,8169.0,8322.595798143257,7059.106052049507,7044.359087281594,-1263.4897,-14.746964767912454
2021-06-30 19:00:00,8210.0,8146.863048063427,6944.429820524365,6952.239215560844,-1202.4332,7.809395036478846
2021-06-30 20:00:00,7959.0,7981.129537583495,6629.006612778808,6639.829820634852,-1352.1229,10.823207856043759
2021-06-30 21:00:00,7514.0,7889.31547485754,6204.95854126379,6177.619776121785,-1684.3569,-27.338765142004405
2021-06-30 22:00:00,8286.5,7884.761965833393,6522.605837903706,6546.282127807373,-1362.1561,23.676289903667605
2021-06-30 23:00:00,8286.5,7925.4921070594655,6842.702434207903,6871.794096189809,-1082.7897,29.091661981906547
2021-07-01 00:00:00,8286.5,7953.157683698187,6929.545562116155,6932.749305092706,-1023.6121,3.2037429765503487
2021-07-01 01:00:00,8286.5,7943.262716963916,6811.297995284229,6806.15028649806,-1131.9647,-5.147708786168971
2021-07-01 02:00:00,8286.5,7924.260661415736,6568.310221962611,6557.393175525783,-1355.9504,-10.917046436828242
2021-07-01 03:00:00,7512.0,7950.285905526067,5966.776139901067,5983.6905847390335,-1983.5098,16.91444483796614
2021-07-01 04:00:00,7992.0,8052.282157118772,6191.558768446897,6212.868878513437,-1860.7234,21.310110066539956
2021-07-01 05:00:00,8175.0,8209.413409763029,6682.308551364591,6693.198827056196,-1527.1049,10.890275691604629
2021-07-01 06:00:00,8363.0,8362.839223766116,7011.4925440786155,7019.903591918442,-1351.3467,8.4110478398258
2021-07-01 07:00:00,8482.0,8456.959257829634,7256.512602556197,7232.91034332277,-1200.4467,-23.6022592334263
2021-07-01 08:00:00,8650.0,8472.858871013548,7371.265731365111,7342.34044870096,-1101.5931,-28.92528266415043
2021-07-01 09:00:00,8701.0,8430.832340496303,7408.514652508022,7379.490145736438,-1022.3177,-29.024506771584402
2021-07-01 10:00:00,8640.0,8368.357039898077,7328.362410991827,7293.007901240143,-1039.9946,-35.35450975168399
2021-07-01 11:00:00,8627.0,8317.559659222263,7137.518643597263,7113.894698385425,-1180.041,-23.623945211837956
2021-07-01 12:00:00,8613.0,8297.992916642568,7041.695309220693,7027.936308488532,-1256.2976,-13.759000732161464
2021-07-01 13:00:00,8613.0,8319.547029590502,7002.054964160814,6979.282558727404,-1317.4921,-22.772405433410555
2021-07-01 14:00:00,8647.0,8380.920852970143,7093.403274845143,7067.7297304448175,-1287.5176,-25.67354440032547
2021-07-01 15:00:00,8527.0,8460.528053953645,7299.098976805208,7279.801724913779,-1161.4291,-19.297251891428022
2021-07-01 16:00:00,8521.0,8513.903443112611,7539.365967526674,7537.506371178418,-974.5375,-1.8595963482557931
2021-07-01 17:00:00,8488.0,8492.254833913283,7677.813976979689,7685.150417098634,-814.44086,7.336440118944373
2021-07-01 18:00:00,8270.0,8376.424239812379,7387.204879460816,7404.1194208176,-989.21936,16.914541356783747
2021-07-01 19:00:00,8298.0,8199.276910294426,7283.004754532707,7297.869224820859,-916.27216,14.864470288151674
2021-07-01 20:00:00,8084.0,8031.993582844368,6890.13432991468,6905.3402067268735,-1141.8593,15.205876812193516
2021-07-01 21:00:00,7744.0,7938.443985503189,6501.817520659439,6494.457786354659,-1436.6265,-7.359734304779858
2021-07-01 22:00:00,7416.0,7931.9036388868835,6770.2093029493835,6792.919587816696,-1161.6943,22.710284867312488
2021-07-01 23:00:00,7277.0,7970.315265060233,6856.864947677421,6869.402927879706,-1113.4503,12.537980202285707
2021-07-02 00:00:00,7150.0,7995.240869381008,6717.603662349758,6688.568039520919,-1277.6372,-29.03562282883884
2021-07-02 01:00:00,7114.0,7982.092107940603,6727.709905792165,6744.5483585202455,-1254.3822,16.83845272808019
2021-07-02 02:00:00,7295.0,7959.230991216237,6234.316196294362,6232.295848238807,-1724.9148,-2.020348055555537
2021-07-02 03:00:00,7862.0,7980.699857925971,5954.470976090033,5939.393447707784,-2026.2289,-15.077528382249483
2021-07-02 04:00:00,8270.0,8077.345945252876,6251.876218690376,6240.087455497145,-1825.4697,-11.78876319323118
2021-07-02 05:00:00,8571.0,8228.230905824104,6638.103464417854,6630.26852090445,-1590.1274,-7.834943513404387
2021-07-02 06:00:00,8847.0,8374.40944625086,7152.022849571173,7149.122347313318,-1222.3866,-2.9005022578548183
2021-07-02 07:00:00,8918.0,8460.180334757046,7589.766089151577,7570.867415227982,-870.41425,-18.898673923594934
2021-07-02 08:00:00,8996.0,8466.537633200107,7683.804723043857,7692.057613723678,-782.7329,8.252890679820815
2021-07-02 09:00:00,8989.0,8413.696089939835,7689.015853123428,7676.192507033732,-724.68024,-12.82334608969621
2021-07-02 10:00:00,8900.0,8339.06472250907,7502.889124364539,7494.9502478003915,-836.1756,-7.938876564148034
2021-07-02 11:00:00,8870.0,8274.712327430183,7333.724473426277,7312.325119064677,-940.98785,-21.39935436159953
2021-07-02 12:00:00,8796.0,8240.145106325575,7223.357447634169,7211.16032410362,-1016.78766,-12.197123530549314
2021-07-02 13:00:00,8676.0,8245.220071144482,7103.150857277295,7109.936439278575,-1142.0692,6.7855820012803
2021-07-02 14:00:00,8579.0,8288.61748368949,7149.843679978552,7141.199322274224,-1138.7738,-8.644357704328254
2021-07-02 15:00:00,8489.0,8348.747325986795,7209.802990049295,7196.734549668669,-1138.9443,-13.068440380625145
2021-07-02 16:00:00,8442.0,8381.156469318677,7479.181310627271,7447.661356396297,-901.97516,-31.519954230973845
2021-07-02 17:00:00,8301.0,8337.0835288031,7491.511690424193,7485.317777246333,-845.57184,-6.193913177859796
2021-07-02 18:00:00,8041.0,8197.424554470597,7255.97643435341,7249.652238231555,-941.4481,-6.324196121854646
2021-07-02 19:00:00,8098.0,7995.125032815556,7122.883638772587,7129.762237856525,-872.2414,6.878599083937549
2021-07-02 20:00:00,7995.0,7801.4708254171765,6715.408691628114,6735.3957908957955,-1086.0621,19.987099267681078
2021-07-02 21:00:00,7621.0,7680.456536838712,6281.594232151212,6284.944644220269,-1398.8623,3.35041206905668
2021-07-02 22:00:00,7242.0,7645.497179617562,6112.18358098475,6109.099046869352,-1533.3136,-3.0845341153982875
2021-07-02 23:00:00,8069.5,7654.688482639996,6386.588507054059,6441.515868303317,-1268.1,54.92736124925797
2021-07-03 00:00:00,8069.5,7649.762483975565,6992.385469815409,7003.6547165170305,-657.377,11.269246701620926
2021-07-03 01:00:00,8069.5,7606.322406348803,6854.750323829272,6858.260915976808,-751.5721,3.5105921475363746
2021-07-03 02:00:00,8069.5,7552.944138852108,6562.584214535702,6545.070433483272,-990.3599,-17.51378105243006
2021-07-03 03:00:00,8069.5,7543.901568421507,6456.356036194945,6491.417332526693,-1087.5455,35.061296331748494
2021-07-03 04:00:00,8069.5,7610.283866260086,6204.115775439774,6204.399410480802,-1406.1681,0.2836350410278381
2021-07-03 05:00:00,7669.0,7731.399773229334,6197.780876744959,6178.237070817126,-1533.6189,-19.54380592783277
2021-07-03 06:00:00,7930.0,7848.555544562676,6438.718874640801,6436.355668975526,-1409.8367,-2.363205665274593
2021-07-03 07:00:00,8153.0,7906.308160885666,6849.464655026291,6826.718144009562,-1056.8435,-22.746511016729283
2021-07-03 08:00:00,8198.0,7885.917748495041,7049.113183065354,7059.188689488771,-836.80457,10.075506423416842
2021-07-03 09:00:00,8207.0,7807.870590988594,7029.51908952375,7068.6678011803415,-778.3515,39.14871165659178
2021-07-03 10:00:00,8245.0,7709.847502097373,6889.238676413779,6915.472028419593,-820.6088,26.23335200581356
2021-07-03 11:00:00,8204.0,7624.1840119195695,6810.048147661757,6826.791136935712,-814.13586,16.742989273954308
2021-07-03 12:00:00,8203.0,7570.644353490909,6689.551396947941,6687.4494264954255,-881.09296,-2.1019704525155527
2021-07-03 13:00:00,8224.0,7559.33236732674,6691.468048479083,6708.826613158328,-867.8643,17.358564679244022
2021-07-03 14:00:00,8251.0,7589.160984578966,6805.816380086779,6801.939252416445,-783.3446,-3.877127670333478
2021-07-03 15:00:00,8247.0,7638.754969414835,7191.123072442178,7177.256744878708,-447.6319,-13.866327563470445
2021-07-03 16:00:00,8246.0,7663.855191283044,7423.447461180505,7415.747999924658,-240.40773,-7.699461255847665
2021-07-03 17:00:00,8189.0,7615.873080294324,7465.500338595105,7467.1067270150825,-150.37274,1.6063884199778147
2021-07-03 18:00:00,8012.0,7475.857806767322,7253.262210453845,7261.030569788107,-222.5956,7.768359334262074
2021-07-03 19:00:00,8068.0,7276.88867513592,7176.029673976252,7151.326764620707,-100.859,-24.70290935554505
2021-07-03 20:00:00,7967.0,7090.362647724741,6688.234718037241,6706.803375046691,-402.12793,18.5686570094506
2021-07-03 21:00:00,7616.0,6980.355981692718,6232.176233157562,6248.675498319736,-748.17975,16.499265162174
2021-07-03 22:00:00,7989.5,6960.329693679404,6051.270916823935,6046.152915473375,-909.0588,-5.1180013505596245
2021-07-03 23:00:00,7989.5,6988.3882591991405,6334.130873945234,6294.562939424922,-654.2574,-39.56793452031264
2021-07-04 00:00:00,7989.5,7006.238777842139,6623.797432627295,6632.087915590204,-382.44135,8.290482962908325
2021-07-04 01:00:00,7989.5,6989.43099619344,6518.929897560627,6499.572455360059,-470.5011,-19.357442200567426
2021-07-04 02:00:00,7989.5,6966.460786790588,6333.4775104234,6322.0509509186095,-632.9833,-11.426559504791205
2021-07-04 03:00:00,7989.5,6991.492630431347,6125.329422423534,6117.753848652022,-866.1632,-7.575573771512922
2021-07-04 04:00:00,7989.5,7095.47197337239,6119.437610579421,6124.946580814263,-976.03436,5.508970234842039
2021-07-04 05:00:00,7989.5,7257.527177929228,5823.502641796415,5821.858156147555,-1434.0245,-1.6444856488601631
2021-07-04 06:00:00,7693.0,7418.750186022659,6163.133608874222,6140.010173173541,-1255.6166,-23.123435700680414
2021-07-04 07:00:00,7937.0,7523.455829765209,6433.321430351147,6447.4902863619245,-1090.1344,14.16885601077763
2021-07-04 08:00:00,8112.0,7552.639780914676,6739.261240875613,6775.259261623249,-813.37854,35.9980207476352
2021-07-04 09:00:00,8170.0,7526.5039229428785,6768.6772627866285,6794.43381223201,-757.82666,25.756549445380728
2021-07-04 10:00:00,8144.0,7482.4246068258235,6621.209885146136,6640.530497110728,-861.2147,19.320611964592125
2021-07-04 11:00:00,8095.0,7452.412903899104,6503.352723235042,6523.493215818096,-949.0602,20.140492583054424
2021-07-04 12:00:00,8160.0,7455.8905825768825,6357.2040591393825,6365.971341641907,-1098.6865,8.767282502524544
2021-07-04 13:00:00,8190.0,7502.604320077951,6380.073680429514,6369.860158393009,-1122.5306,-10.213522036504664
2021-07-04 14:00:00,8171.0,7591.098151705583,6544.830939791521,6552.488451107823,-1046.2672,7.657511316301265
2021-07-04 15:00:00,8154.0,7699.618456814712,6834.289965603774,6845.58013935575,-865.3285,11.29017375197595
2021-07-04 16:00:00,8201.0,7783.521288161793,7175.79411531023,7151.410057470002,-607.7272,-24.384057840227886
2021-07-04 17:00:00,8140.0,7793.832297822527,7241.353721162371,7218.7231118336595,-552.4786,-22.630609328711422
2021-07-04 18:00:00,7973.0,7711.221124132784,7154.511590441378,7126.525539193851,-556.70953,-27.98605124752689
2021-07-04 19:00:00,8115.0,7568.399681374729,7102.944145486057,7087.248129495181,-465.45554,-15.696015990875503
2021-07-04 20:00:00,8025.0,7436.411493872413,6778.885126684913,6754.483037775246,-657.52637,-24.402088909667636
2021-07-04 21:00:00,7697.0,7378.991488574017,6251.096346972455,6224.187786389504,-1127.8951,-26.90856058295033
2021-07-04 22:00:00,8142.0,7409.269751672363,6256.102393273925,6233.954542884207,-1153.1674,-22.14785038971857
2021-07-04 23:00:00,8147.0,7485.032664348801,6557.504221965988,6534.660484076893,-927.52844,-22.843737889095312
2021-07-05 00:00:00,8157.0,7547.689191879872,6577.833112778309,6610.809387985228,-969.8561,32.9762752069178
2021-07-05 01:00:00,8162.5,7572.519070079125,6456.189968516625,6438.274298306946,-1116.3291,-17.915670209680187
2021-07-05 02:00:00,7253.0,7587.7807262082415,6197.0409801144915,6185.117370980789,-1390.7397,-11.92360913370217
2021-07-05 03:00:00,7818.0,7647.432756335343,5876.075944811905,5891.383312758135,-1771.3568,15.30736794622953
2021-07-05 04:00:00,8303.0,7782.242574579207,6349.9775599307695,6350.017829078985,-1432.265,0.0402691482157292
2021-07-05 05:00:00,8684.0,7971.186611665572,6761.990810884322,6796.195585750909,-1209.1958,34.20477486658733
2021-07-05 06:00:00,8873.0,8155.233633398615,7287.596975683771,7323.297946689406,-867.63666,35.70097100563469
2021-07-05 07:00:00,8998.0,8278.609439575157,7613.4599034423445,7616.310564275569,-665.14954,2.8506608332246315
2021-07-05 08:00:00,9037.0,8322.258990468239,7789.780596913552,7776.967928055404,-532.4784,-12.81266885814816
2021-07-05 09:00:00,9204.0,8306.372160131123,7790.120512181904,7765.921273210764,-516.25165,-24.199238971139845
2021-07-05 10:00:00,9207.0,8268.349290102818,7718.674546450475,7712.753693470099,-549.67474,-5.920852980375705
2021-07-05 11:00:00,9164.0,8240.258345829021,7565.604109989177,7561.288488293856,-674.65424,-4.315621695320987
2021-07-05 12:00:00,9094.0,8241.609176969423,7438.400314664736,7423.068358782792,-803.20886,-15.33195588194386
2021-07-05 13:00:00,9003.0,8282.26682708077,7324.952801201864,7298.8549734784065,-957.314,-26.09782772345733
2021-07-05 14:00:00,8931.0,8360.92228346551,7353.28409987176,7340.622726571105,-1007.6382,-12.66137330065535
2021-07-05 15:00:00,8802.0,8455.994636442949,7491.807746794511,7495.740949119255,-964.1869,3.9332023247437027
2021-07-05 16:00:00,8811.0,8523.036046900925,7698.65347854155,7707.665698192002,-824.38257,9.012219650452975
2021-07-05 17:00:00,8680.0,8513.291435257759,7878.589347855415,7846.391794636149,-634.7021,-32.19755321926607
2021-07-05 18:00:00,8476.0,8407.674142875567,7538.801584281817,7548.903199495741,-868.87256,10.101615213924582
2021-07-05 19:00:00,8451.0,8239.164024827296,7362.071800706202,7344.170646637813,-877.0922,-17.901154068389477
2021-07-05 20:00:00,8219.0,8079.092408919865,7058.427186751896,7036.307280312798,-1020.6652,-22.119906439098255
2021-07-05 21:00:00,7752.0,7991.493834233312,6690.121153569249,6722.408280677057,-1301.3727,32.28712710780783
2021-07-05 22:00:00,7466.0,7989.801933575806,7052.714042950806,6984.4257866082935,-937.0879,-68.28825634251287
2021-07-05 23:00:00,8634.0,8032.106950609126,7237.34907707397,7244.4251938360085,-794.7579,7.07611676203849
2021-07-06 00:00:00,8634.0,8060.123274896501,7271.042830560564,7241.863626168357,-789.08044,-29.17920439220671
2021-07-06 01:00:00,8634.0,8049.440154378769,7108.4082940272065,7091.95455502338,-941.03186,-16.453739003826893
2021-07-06 02:00:00,8634.0,8028.62872187018,6758.30401483893,6749.412095747819,-1270.3247,-8.891919091110822
2021-07-06 03:00:00,7863.0,8051.957488790473,6285.18734718891,6251.889689191966,-1766.7701,-33.297657996944686
2021-07-06 04:00:00,8311.0,8150.492718019975,6641.86356762935,6636.215861162515,-1508.6292,-5.64770646683494
2021-07-06 05:00:00,8588.0,8303.492759269287,6955.6026225505375,6953.079349620012,-1347.8901,-2.523272930525547
2021-07-06 06:00:00,8826.0,8452.190410744213,7291.758770119213,7291.680215907305,-1160.4316,-0.07855421190819331
2021-07-06 07:00:00,8962.0,8541.059929348043,7493.772819973043,7475.510699788146,-1047.2871,-18.26212018489718
2021-07-06 08:00:00,9043.0,8551.280821585344,7641.566832327531,7615.039514393273,-909.714,-26.52731793425853
2021-07-06 09:00:00,9057.0,8503.262052243275,7610.314237301869,7598.784903228846,-892.9478,-11.529334073023087
2021-07-06 10:00:00,8957.0,8434.603572630887,7483.3409993887,7468.991161676384,-951.2626,-14.349837712315743
2021-07-06 11:00:00,8936.0,8377.54966802596,7204.62486333846,7217.368937505073,-1172.9248,12.744074166612187
2021-07-06 12:00:00,8925.0,8351.761401318676,7096.154223584301,7092.728581139284,-1255.6072,-3.425642445016792
2021-07-06 13:00:00,8804.0,8367.229526670964,7022.695102842839,7025.34313602246,-1344.5344,2.6480331796209464
2021-07-06 14:00:00,8841.0,8422.744639456248,7046.6259871124985,7050.601507307099,-1376.1187,3.975520194600466
2021-07-06 15:00:00,8703.0,8496.798181933951,7299.704065723014,7290.967429406486,-1197.0941,-8.736636316527132
2021-07-06 16:00:00,8730.0,8544.987269634154,7574.565028423216,7591.092491409383,-970.42224,16.52746298616649
2021-07-06 17:00:00,8665.0,8518.57687860503,7685.152318058155,7682.838063494741,-833.42456,-2.314254563414343
2021-07-06 18:00:00,8358.0,8398.479993204639,7426.399854044483,7437.333281322966,-972.08014,10.933427278483698
2021-07-06 19:00:00,8451.0,8217.659146751876,7213.970731224532,7210.465815097808,-1003.6884,-3.5049161267233515
2021-07-06 20:00:00,8272.0,8047.41103491076,6852.894799559197,6838.309272384813,-1194.5162,-14.58552717438428
2021-07-06 21:00:00,7830.0,7951.714561926533,6678.04695938747,6692.866418401715,-1273.6676,14.81945901424477
2021-07-06 22:00:00,8594.0,7943.923487104437,6903.5422615185,6907.399310676771,-1040.3812,3.857049158270918
2021-07-06 23:00:00,8594.0,7982.025179568706,7129.43820447105,7149.21052415291,-852.587,19.77231968185993
2021-07-07 00:00:00,8594.0,8007.614412852231,7287.459871836606,7278.457604835984,-720.15454,-9.002267000621856
2021-07-07 01:00:00,8594.0,7996.151712963233,7190.512369701514,7180.386848372516,-805.63934,-10.125521328997849
2021-07-07 02:00:00,8594.0,7976.07463350002,6927.28801240627,6934.301643382153,-1048.7866,7.013630975882329
2021-07-07 03:00:00,7785.0,8001.512380680059,6459.650930484747,6466.553849209541,-1541.8615,6.902918724793964
2021-07-07 04:00:00,8219.0,8103.382935580218,6520.514771517718,6473.5353741276485,-1582.8682,-46.97939739006964
2021-07-07 05:00:00,8523.0,8260.786404356635,6882.31496880976,6889.40047866043,-1378.4714,7.085509850670113
2021-07-07 06:00:00,8758.0,8414.791096503079,7277.218708807766,7263.976517734737,-1137.5724,-13.242191073029295
2021-07-07 07:00:00,8864.0,8509.70726237726,7556.483873705385,7531.7839955723,-953.2234,-24.699878133085118
2021-07-07 08:00:00,8935.0,8526.556657500478,7649.518937773915,7632.968441487364,-877.0377,-16.550496286551635
2021-07-07 09:00:00,8950.0,8485.598963784661,7719.6321669096615,7752.053624331767,-765.9668,32.42145742210639
2021-07-07 10:00:00,8889.0,8424.292657668497,7580.105157668497,7611.77198847642,-844.1875,31.66683080792327
2021-07-07 11:00:00,8816.0,8374.747487588791,7390.97960428801,7413.027896182058,-983.7679,22.048291894047917
2021-07-07 12:00:00,8839.0,8356.497585004716,7241.971706098466,7264.576742953263,-1114.5259,22.60503685479788
2021-07-07 13:00:00,8856.0,8379.415988386289,7152.6759981519135,7148.337966109214,-1226.74,-4.338032042699481
2021-07-07 14:00:00,8910.0,8442.185705741094,7283.259680350469,7290.881557443477,-1158.926,7.621877093007203
2021-07-07 15:00:00,8820.0,8523.20057575052,7514.440932195832,7517.82763376599,-1008.75964,3.3867015701575838
2021-07-07 16:00:00,8717.0,8577.970455197801,7791.804805783739,7813.957713458719,-786.16565,22.15290767498066
2021-07-07 17:00:00,8672.0,8557.68590365118,7830.92906771368,7828.061996687542,-726.75684,-2.867071026137933
2021-07-07 18:00:00,8418.0,8443.202323432335,7533.381217475304,7537.175317465472,-909.8211,3.7940999901681702
2021-07-07 19:00:00,8512.0,8267.443976772189,7373.381965053439,7376.697983336846,-894.062,3.316018283407096
2021-07-07 20:00:00,8360.0,8101.686827460245,7018.16656378837,7018.002882753282,-1083.5203,-0.16368103508741805
2021-07-07 21:00:00,7955.0,8009.901041705042,6905.054117876917,6850.723278681936,-1104.8469,-54.33083919498144
2021-07-07 22:00:00,8684.0,8005.438151763206,7070.629191802269,7072.120204523247,-934.80896,1.4910127209780795
2021-07-07 23:00:00,8684.0,8046.288445913412,7318.378777944662,7307.585580782467,-727.90967,-10.793197162195153
2021-07-08 00:00:00,8684.0,8074.058106745819,7383.004334773163,7383.460835563445,-691.0538,0.45650079028186574
2021-07-08 01:00:00,8684.0,8064.2320115272405,7287.624955863178,7293.879828465143,-776.60706,6.254872601964626
2021-07-08 02:00:00,8684.0,8045.285854409122,6983.278530190372,7005.172434552173,-1062.0073,21.89390436180144
2021-07-08 03:00:00,7934.0,8071.396334303663,6567.140719069288,6579.609091349851,-1504.2556,12.468372280563448
2021-07-08 04:00:00,8437.0,8173.531344334297,6651.424532810859,6655.620464511728,-1522.1068,4.195931700868635
2021-07-08 05:00:00,8696.0,8330.838595068972,6994.377657568972,7018.07842820548,-1336.4609,23.700770636508242
2021-07-08 06:00:00,8865.0,8484.431662388222,7338.44032938041,7335.737123551883,-1145.9913,-2.7032058285264533
2021-07-08 07:00:00,8968.0,8578.666753980951,7593.331121656733,7586.7984564830085,-985.33563,-6.532665173724274
2021-07-08 08:00:00,9084.0,8594.61445004888,7738.897409033256,7719.130045861395,-855.71704,-19.767363171860346
2021-07-08 09:00:00,9198.0,8552.584892421226,7911.02965560482,7876.741106049106,-641.55524,-34.288549555714106
2021-07-08 10:00:00,9104.0,8490.08474838464,7722.121491548702,7714.954332994196,-767.96326,-7.167158554505622
2021-07-08 11:00:00,9081.0,8439.265819669776,7469.152782560401,7455.161751451504,-970.11304,-13.991031108896655
2021-07-08 12:00:00,9019.0,8419.696109180753,7358.887759571378,7337.26348926365,-1060.8083,-21.624270307728594
2021-07-08 13:00:00,8937.0,8441.273567706749,7260.581306964561,7234.744877415078,-1180.6923,-25.836429549482787
2021-07-08 14:00:00,8873.0,8502.696037465783,7317.43322008297,7318.542254988856,-1185.2628,1.1090349058859523
2021-07-08 15:00:00,8700.0,8582.360320191201,7554.3321219490135,7526.301938308641,-1028.0282,-28.030183640372524
2021-07-08 16:00:00,8762.0,8635.766481706096,7761.632570573283,7759.1041809211965,-874.1339,-2.52838965208695
2021-07-08 17:00:00,8648.0,8614.084210099663,7882.83134144732,7874.084947542813,-731.25287,-8.746393904506332
2021-07-08 18:00:00,8363.0,8498.140553482672,7629.221425064703,7625.508696556527,-868.9191,-3.7127285081758057
2021-07-08 19:00:00,8362.0,8320.826452336714,7566.8421383718705,7573.464207796501,-753.9843,6.62206942463009
2021-07-08 20:00:00,8145.0,8153.378278136324,7222.457318663668,7230.574641491638,-930.92096,8.117322827970009
2021-07-08 21:00:00,7741.0,8059.715678680779,6847.917582977654,6860.3339738667955,-1211.7981,12.416390889141072
2021-07-08 22:00:00,7357.0,8053.124555219492,7096.968549360117,7085.949782106383,-956.156,-11.018767253734428
2021-07-08 23:00:00,8495.0,8091.514769127306,6958.755735924181,6955.21177641649,-1132.759,-3.543959507691028
2021-07-09 00:00:00,8495.0,8116.402664857739,7334.269791322583,7355.409699821271,-782.1329,21.139908498687635
2021-07-09 01:00:00,8495.0,8103.180691239911,7222.395046708661,7268.196996858319,-880.78564,45.80195014965813
2021-07-09 02:00:00,8495.0,8080.233031126209,6787.930418821522,6817.860794646195,-1292.3026,29.930375824673575
2021-07-09 03:00:00,7696.0,8101.644263742787,6354.868384836537,6377.539192921896,-1746.7759,22.670808085358292
2021-07-09 04:00:00,8069.0,8198.285740208627,6731.3890116930015,6742.294590675932,-1466.8967,10.905578982931022
2021-07-09 05:00:00,8354.0,8349.202758708981,7023.572021404294,7001.938418560856,-1325.6307,-21.63360284343789
2021-07-09 06:00:00,8627.0,8495.403971328902,7313.66410316484,7296.265915230336,-1181.7399,-17.39818793450351
2021-07-09 07:00:00,8738.0,8581.144628029802,7594.485082131365,7620.269201163623,-986.65955,25.78411903225815
2021-07-09 08:00:00,8858.0,8587.403948792937,7757.931902894499,7787.120658529065,-829.47205,29.1887556345659
2021-07-09 09:00:00,8950.0,8534.41248942061,7736.241835123736,7766.869922420497,-798.17065,30.62808729676109
2021-07-09 10:00:00,8888.0,8459.608511123997,7689.044057998997,7702.078051772437,-770.56445,13.033993773439443
2021-07-09 11:00:00,8826.0,8395.08588079335,7429.256962336318,7447.856287206167,-965.8289,18.59932486984856
2021-07-09 12:00:00,8791.0,8360.366053416843,7257.1532848621555,7281.321292039054,-1103.2128,24.16800717689882
2021-07-09 13:00:00,8762.0,8365.313754160747,7242.824618418559,7250.668877637689,-1122.4891,7.844259219129075
2021-07-09 14:00:00,8733.0,8408.60822440008,7336.307076939143,7334.560755952788,-1072.3011,-1.7463209863554163
2021-07-09 15:00:00,8618.0,8468.642586385158,7569.717903767971,7582.020764744642,-898.9247,12.302860976671814
2021-07-09 16:00:00,8620.0,8500.928986606992,7789.08999734918,7785.6065833021385,-711.839,-3.4834140470411263
2021-07-09 17:00:00,8446.0,8456.66794977646,7807.05808649521,7801.733162456498,-649.60986,-5.3249240387123065
2021-07-09 18:00:00,8159.0,8316.740611108418,7566.5778303467,7552.9120818048505,-750.1628,-13.665748541848954
2021-07-09 19:00:00,8198.0,8114.118214551935,7446.75761884881,7428.2177372506785,-667.3606,-18.539881598131473
2021-07-09 20:00:00,8010.0,7920.142338226328,7039.186161468516,7045.868455273898,-880.9562,6.6822938053817
2021-07-09 21:00:00,7604.0,7798.857605058977,6561.092834551165,6576.907939685384,-1237.7648,15.815105134219483
2021-07-09 22:00:00,7278.0,7763.689522655736,6554.228096874486,6607.786649938834,-1209.4614,53.55855306434762
2021-07-09 23:00:00,7132.0,7772.70108901797,6643.785317533595,6615.717230112933,-1128.9158,-28.06808742066217
2021-07-10 00:00:00,8147.5,7767.578825843413,6518.483000648101,6505.450667814047,-1249.0958,-13.032332834053959
2021-07-10 01:00:00,8147.5,7723.906906978695,6734.558945552913,6744.3718196917325,-989.34796,9.812874138819081
2021-07-10 02:00:00,8147.5,7670.283565076136,6451.077632458949,6458.243230175072,-1219.2059,7.165597716123682
2021-07-10 03:00:00,7135.0,7661.025110324409,6332.029260715034,6327.722260654904,-1328.9958,-4.3070000601305445
2021-07-10 04:00:00,7347.0,7727.245020719947,5936.55373654026,5951.866106872528,-1790.6913,15.312370332267669
2021-07-10 05:00:00,7657.0,7848.235884074813,6042.473432902938,6043.9360389078665,-1805.7625,1.462606004928283
2021-07-10 06:00:00,7922.0,7965.258109280197,6540.071097561447,6554.652910887333,-1425.187,14.581813325886353
2021-07-10 07:00:00,8136.0,8022.825371751375,6922.265679368563,6911.087540990161,-1100.5597,-11.178138378402119
2021-07-10 08:00:00,8279.0,8002.1831719372085,7113.749456116896,7116.699450376864,-888.4337,2.9499942599675824
2021-07-10 09:00:00,8392.0,7923.833817702423,7137.08827326883,7142.493860125648,-786.74554,5.4055868568188234
2021-07-10 10:00:00,8363.0,7825.487581974979,7044.197726017947,7065.570620876049,-781.28986,21.372894858101635
2021-07-10 11:00:00,8368.0,7739.505277239704,6947.45553358736,6986.21350450738,-792.04974,38.75797092001991
2021-07-10 12:00:00,8367.0,7685.666596180378,6794.169464832722,6830.586714012861,-891.49713,36.41724918013953
2021-07-10 13:00:00,8419.0,7674.083290894688,6778.8200462657815,6796.240685115635,-895.26324,17.420638849853116
2021-07-10 14:00:00,8473.0,7703.667460353801,6925.98502627177,6931.842161795388,-777.68243,5.857135523618095
2021-07-10 15:00:00,8380.0,7753.027184979752,7141.419885175064,7145.975592612704,-611.6073,4.5557074376389055
2021-07-10 16:00:00,8288.0,7777.868771189002,7342.513546579627,7347.699593612098,-435.35522,5.186047032471666
2021-07-10 17:00:00,8215.0,7729.565704251681,7303.888458157931,7300.074547418204,-425.67725,-3.813910739727472
2021-07-10 18:00:00,7965.0,7589.152367238927,7102.810600881505,7090.429167911938,-486.34177,-12.381432969566859
2021-07-10 19:00:00,8024.0,7389.733929988389,6966.584576961045,6945.749818485432,-423.14935,-20.83475847561279
2021-07-10 20:00:00,7966.0,7202.763158162964,6536.948949178589,6539.418712438345,-665.8142,2.4697632597562267
2021-07-10 21:00:00,7683.0,7092.366391726882,6245.179868289382,6250.735212620083,-847.1865,5.555344330700434
2021-07-10 22:00:00,7378.0,7072.015183353318,5988.149338626756,6015.823008799597,-1083.8658,27.67367017284109
2021-07-10 23:00:00,7171.0,7099.781294348079,6079.105146887142,6097.701841660275,-1020.67615,18.59669477313339
2021-07-11 00:00:00,7041.0,7117.326299660952,6062.273565285952,6040.672433911983,-1055.0527,-21.60113137396908
2021-07-11 01:00:00,7965.5,7100.180863498291,5967.287064670166,5958.40110671037,-1132.8938,-8.885957959795588
2021-07-11 02:00:00,7965.5,7076.863143076903,6118.070784678465,6131.876898459064,-958.79236,13.806113780598833
2021-07-11 03:00:00,7965.5,7101.579958329634,5894.754152665571,5908.662771961253,-1206.8258,13.908619295682268
2021-07-11 04:00:00,7965.5,7205.3009533796,5939.785694590538,5945.612629085532,-1265.5153,5.826934494993728
2021-07-11 05:00:00,7490.0,7367.138204447463,6080.823751322463,6059.652863669159,-1286.3145,-21.170887653303836
2021-07-11 06:00:00,7767.0,7528.1376508398125,6188.7006391210625,6191.294970409417,-1339.437,2.5943312883549208
2021-07-11 07:00:00,7930.0,7632.570641120874,6580.975670417749,6582.870020963505,-1051.595,1.8943505457562602
2021-07-11 08:00:00,8108.0,7661.418022249538,6852.797905062038,6849.126158715648,-808.6201,-3.6717463463900675
2021-07-11 09:00:00,8136.0,7634.897483969057,6844.526573324526,6866.14697973305,-790.3709,21.620406408523905
2021-07-11 10:00:00,8116.0,7590.414601277737,6707.422596883206,6742.202710404029,-882.992,34.780113520823186
2021-07-11 11:00:00,8086.0,7560.005477524541,6558.220138169072,6574.649300102386,-1001.78534,16.429161933314134
2021-07-11 12:00:00,8141.0,7563.107077457955,6425.760275700142,6430.360633796002,-1137.3468,4.600358095859439
2021-07-11 13:00:00,8174.0,7609.473715865002,6410.914633833752,6412.780694573028,-1198.5591,1.866060739275977
2021-07-11 14:00:00,8134.0,7697.648313654088,6541.189573419713,6556.587351430113,-1156.4587,15.397778010399334
2021-07-11 15:00:00,8069.0,7805.860278569431,6831.668139897556,6822.348267174456,-974.19214,-9.319872723100527
2021-07-11 16:00:00,8071.0,7889.430809429924,7160.76973765258,7147.128904071517,-728.6611,-13.640833581062578
2021-07-11 17:00:00,8068.0,7899.347322146021,7171.586335817896,7150.134482154141,-727.761,-21.451853663755564
2021-07-11 18:00:00,7875.0,7816.264378778557,7030.799962274651,7008.110262934375,-785.4644,-22.689699340276196
2021-07-11 19:00:00,7961.0,7672.919474909127,6945.216227838814,6926.383202192278,-727.70325,-18.83302564653592
2021-07-11 20:00:00,7883.0,7540.4116616393585,6653.633036151077,6636.185152137801,-886.7786,-17.44788401327609
2021-07-11 21:00:00,7531.0,7482.52568223586,6120.81816270461,6115.873905349574,-1361.7075,-4.944257355035464
2021-07-11 22:00:00,8068.5,7512.401904950994,6068.988452802557,6108.433333976218,-1443.4135,39.44488117366146
2021-07-11 23:00:00,8068.5,7587.793757634098,6437.626765446598,6422.366811057727,-1150.167,-15.259954388870948
2021-07-12 00:00:00,8068.5,7650.064458786213,6672.065435348713,6719.103847448127,-977.999,47.03841209941403
2021-07-12 01:00:00,8068.5,7674.474458700397,6644.1496295988345,6618.5033575348925,-1030.3248,-25.646272063942426
2021-07-12 02:00:00,6978.0,7689.3042869876845,6169.3848533939345,6168.971903698113,-1519.9194,-0.4129496958213094
2021-07-12 03:00:00,7522.0,7748.55471890547,5980.652131014845,6014.280408817323,-1767.9026,33.62827780247913
2021-07-12 04:00:00,7912.0,7883.017230273065,6405.341082812128,6415.8585605823,-1477.6761,10.517477770172185
2021-07-12 05:00:00,8148.0,8071.65185441524,6849.62109269649,6875.843431182984,-1222.0308,26.222338486494078
2021-07-12 06:00:00,8417.0,8255.381268974905,7054.255292412405,7043.008993724571,-1201.126,-11.246298687833436
2021-07-12 07:00:00,8590.0,8378.387731019215,7297.408116761402,7296.938842061181,-1080.9796,-0.46927470022098305
2021-07-12 08:00:00,8701.0,8421.601343574679,7471.74422687546,7463.025347307057,-949.8571,-8.718879568402873
2021-07-12 09:00:00,8815.0,8405.227781267706,7528.5350932794245,7529.410337822221,-876.6927,0.8752445427962794
2021-07-12 10:00:00,8814.0,8366.696630582905,7484.157018766498,7485.262731758845,-882.5396,1.1057129923463773
2021-07-12 11:00:00,8777.0,8338.100936036552,7318.5169516615515,7327.249823260437,-1019.584,8.732871598885554
2021-07-12 12:00:00,8789.0,8338.965816112865,7150.567866894115,7134.692697294172,-1188.398,-15.875169599942462
2021-07-12 13:00:00,8718.0,8379.164048896097,7124.621934638284,7127.669013630008,-1254.5421,3.0470789917231724
2021-07-12 14:00:00,8671.0,8457.385627525853,7155.418220299291,7170.525100098214,-1301.9674,15.106879798923785
2021-07-12 15:00:00,8575.0,8552.032812811287,7273.852637030037,7283.277400350371,-1278.1802,9.424763320334026
2021-07-12 16:00:00,8498.0,8618.623074029681,7530.896877740619,7546.451993976798,-1087.7262,15.555116236179378
2021-07-12 17:00:00,8468.0,8608.363276209893,7632.386469569268,7645.438199546349,-975.9768,13.051729977080527
2021-07-12 18:00:00,8217.0,8502.151881670714,7415.136256670714,7426.903468492682,-1087.0156,11.767211821967654
2021-07-12 19:00:00,8230.0,8332.994538386269,7297.730378230019,7322.351059662411,-1035.2642,24.620681432391876
2021-07-12 20:00:00,8045.0,8172.278324681078,6917.978031712328,6928.142374344122,-1254.3003,10.164342631794153
2021-07-12 21:00:00,7637.0,8084.087829513125,6613.09832756,6654.282524775127,-1470.9895,41.18419721512727
2021-07-12 22:00:00,7351.0,8081.867208767951,7345.964803982794,7372.097050716834,-735.9024,26.13224673403921
2021-07-12 23:00:00,8343.5,8123.673998822361,7240.438891400486,7244.145349625059,-883.2351,3.7064582245730753
2021-07-13 00:00:00,8343.5,8151.177091115195,7150.262662404258,7140.5775007935335,-1000.9144,-9.68516161072376
2021-07-13 01:00:00,8343.5,8139.946696938654,7047.975261391779,7059.31847812871,-1091.9714,11.343216736930989
2021-07-13 02:00:00,8343.5,8118.576298152441,6710.891117488379,6742.510595269936,-1407.6852,31.619477781556864
2021-07-13 03:00:00,7424.0,8141.376827616469,6214.850338358657,6229.510692816676,-1926.5265,14.660354458019127
2021-07-13 04:00:00,7890.0,8239.438845476423,6455.842654070173,6424.178203591128,-1783.5962,-31.664450479044664
2021-07-13 05:00:00,8255.0,8392.004530889259,6823.892836553321,6767.008177619037,-1568.1117,-56.88465893428407
2021-07-13 06:00:00,8432.0,8540.26081004093,7200.700629376868,7190.05108916254,-1339.5602,-10.649540214327969
2021-07-13 07:00:00,8602.0,8628.638600760645,7380.623952323145,7385.246180519171,-1248.0146,4.622228196024962
2021-07-13 08:00:00,8708.0,8638.302741834117,7513.302131482555,7516.245137658919,-1125.0006,2.943006176364301
2021-07-13 09:00:00,8730.0,8589.678172653652,7581.273265427089,7570.216394654819,-1008.4049,-11.056870772270662
2021-07-13 10:00:00,8720.0,8520.394246732878,7490.25765005319,7488.251655146994,-1030.1366,-2.005994906196074
2021-07-13 11:00:00,8690.0,8462.720467915302,7282.285043110614,7273.108855699735,-1180.4354,-9.176187410879368
2021-07-13 12:00:00,8637.0,8436.333288860047,7172.093542766297,7172.528149697804,-1264.2397,0.4346069315071164
2021-07-13 13:00:00,8604.0,8451.231300081554,7075.136207308116,7083.570246994147,-1376.0951,8.434039686030616
2021-07-13 14:00:00,8576.0,8506.204185168683,7166.676841418683,7179.749488614023,-1339.5273,13.072647195340561
2021-07-13 15:00:00,8487.0,8579.726619685984,7336.701473201609,7344.931261645024,-1243.0251,8.229788443415833
2021-07-13 16:00:00,8502.0,8627.361070916133,7632.367235466914,7645.3238242277275,-994.99384,12.956588760812876
2021-07-13 17:00:00,8413.0,8600.33448379361,7707.3789784225155,7724.831929867238,-892.9555,17.45295144472213
2021-07-13 18:00:00,8134.0,8479.544969318707,7414.443773029645,7422.868534252462,-1065.1012,8.424761222817104
2021-07-13 19:00:00,8201.0,8297.980841595196,7242.819220501446,7265.309650791909,-1055.1616,22.49043029046321
2021-07-13 20:00:00,8019.0,8126.994517759551,6880.804698423613,6903.405944637594,-1246.1898,22.60124621398072
2021-07-13 21:00:00,7656.0,8030.6149071152195,6538.8285301620945,6550.573207005496,-1491.7864,11.744676843402278
2021-07-13 22:00:00,7356.0,8022.206232651699,6974.467341050136,7006.456380327942,-1047.7389,31.989039277804753
2021-07-13 23:00:00,8308.0,8059.723083625643,6997.006286750643,6971.273663376245,-1062.7168,-25.732623374397562
2021-07-14 00:00:00,8308.0,8084.714651203759,7089.222402668603,7072.286149485508,-995.49225,-16.936253183095065
2021-07-14 01:00:00,8308.0,8072.622330387553,6950.209000309428,6935.597322841475,-1122.4133,-14.611677467953053
2021-07-14 02:00:00,8308.0,8051.905921014918,6625.362219843043,6593.012982662046,-1426.5437,-32.3492371809975
2021-07-14 03:00:00,7502.0,8076.736941188443,6014.053835719693,6025.7820540597695,-2062.683,11.728218340076516
2021-07-14 04:00:00,7904.0,8178.057554687698,6325.4077744142605,6270.7647001459645,-1852.6498,-54.64307426829611
2021-07-14 05:00:00,8203.0,8334.951579216078,6755.870890739516,6707.350370433877,-1579.0807,-48.520520305638115
2021-07-14 06:00:00,8430.0,8488.441332785918,7065.335131614043,7051.266359700211,-1423.1062,-14.0687719138327
2021-07-14 07:00:00,8508.0,8582.793607240099,7334.017117982286,7332.258110617634,-1248.7765,-1.759007364652354
2021-07-14 08:00:00,8688.0,8599.01537262488,7450.704459538942,7452.047264470038,-1148.3109,1.3428049310963062
2021-07-14 09:00:00,8762.0,8557.382170829833,7518.123992118895,7526.86025658763,-1039.2582,8.736264468734147
2021-07-14 10:00:00,8773.0,8495.381770439279,7443.226374931466,7445.54235533447,-1052.1554,2.3159804030037607
2021-07-14 11:00:00,8778.0,8445.1490342678,7228.451036220926,7247.954595622387,-1216.698,19.503559401461843
2021-07-14 12:00:00,8753.0,8426.233386316118,7143.983264245806,7153.660091690994,-1282.2501,9.676827445188103
2021-07-14 13:00:00,8645.0,8448.515612206733,7101.210192284858,7110.0628609147725,-1347.3054,8.85266862991465
2021-07-14 14:00:00,8655.0,8510.677727801645,7134.341179950083,7128.461177788215,-1376.3365,-5.880002161868509
2021-07-14 15:00:00,8600.0,8591.096734252496,7325.003106322809,7296.246030330118,-1266.0936,-28.757075992691423
2021-07-14 16:00:00,8593.0,8645.247779296586,7643.985206054398,7669.060772276616,-1001.2626,25.075566222218512
2021-07-14 17:00:00,8452.0,8624.283340961187,7721.349442035405,7735.164005328699,-902.9339,13.814563293293977
2021-07-14 18:00:00,8220.0,8509.043908284442,7467.058556721942,7484.082060143869,-1041.9854,17.023503421926897
2021-07-14 19:00:00,8260.0,8332.479494894058,7308.700991476089,7349.130934604616,-1023.7785,40.42994312852744
2021-07-14 20:00:00,8162.0,8165.921766955767,6890.214247424517,6876.584626853032,-1275.7075,-13.629620571485436
2021-07-14 21:00:00,7701.0,8073.39088661209,6494.437883682403,6449.732318872464,-1578.953,-44.705564809938565
2021-07-14 22:00:00,7319.0,8068.248850132718,6762.372873570218,6763.326343720021,-1305.876,0.953470149803685
2021-07-14 23:00:00,8400.0,8108.453175056687,6910.842091072312,6958.537680128729,-1197.6111,47.695589056418086
2021-07-15 00:00:00,8400.0,8135.564478755105,7235.150050044167,7247.582324432355,-900.4144,12.432274388187892
2021-07-15 01:00:00,8400.0,8125.048531744292,7122.444283697417,7119.432532059498,-1002.60425,-3.011751637918516
2021-07-15 02:00:00,8400.0,8105.403304785761,6764.737533301386,6763.253585274136,-1340.6658,-1.483948027250712
2021-07-15 03:00:00,7527.0,8130.8478440630115,6085.294011055199,6110.75857739509,-2045.5538,25.46456633989063
2021-07-15 04:00:00,8008.0,8232.374264652504,6426.400631840004,6451.261665117509,-1805.9736,24.861033277504788
2021-07-15 05:00:00,8348.0,8389.114030620196,6838.1463792530085,6824.192851863949,-1550.9677,-13.953527389059811
2021-07-15 06:00:00,8636.0,8542.134769708131,7216.012455255006,7218.837481425474,-1326.1223,2.8250261704677757
2021-07-15 07:00:00,8785.0,8635.74927468479,7514.959479762914,7530.654749776611,-1120.7898,15.695270013696923
2021-07-15 08:00:00,8915.0,8651.01338284972,7653.852433142689,7676.3325707517715,-997.16095,22.48013760908242
2021-07-15 09:00:00,8913.0,8608.253136406303,7721.437523613335,7738.672414008688,-886.8156,17.234890395353204
2021-07-15 10:00:00,8876.0,8545.004531861434,7635.03144836534,7654.7650257427695,-909.9731,19.73357737742962
2021-07-15 11:00:00,8801.0,8493.444518028657,7418.225279747407,7433.133240795216,-1075.2192,14.907961047809367
2021-07-15 12:00:00,8791.0,8473.15641771893,7269.615524164243,7279.296533830681,-1203.5409,9.681009666438191
2021-07-15 13:00:00,8767.0,8494.045950039254,7240.084158047066,7246.9762598125035,-1253.9618,6.892101765437404
2021-07-15 14:00:00,8665.0,8554.809979290403,7312.797283977903,7308.625374318195,-1242.0127,-4.171909659708031
2021-07-15 15:00:00,8609.0,8633.82847635511,7461.729721472297,7478.100446509985,-1172.0988,16.370725037688505
2021-07-15 16:00:00,8587.0,8686.566796678135,7730.416283982822,7754.885664103501,-956.1505,24.46938012067844
2021-07-15 17:00:00,8493.0,8664.156537149422,7820.713727090828,7839.681517222123,-843.4428,18.96779013129543
2021-07-15 18:00:00,8247.0,8547.409814485032,7619.086267121751,7613.394179404833,-928.32355,-5.692087716917384
2021-07-15 19:00:00,8263.0,8369.243293962236,7471.492500505205,7481.658038820227,-897.7508,10.165538315023046
2021-07-15 20:00:00,8147.0,8200.9490145682,7102.084512615074,7112.604278916051,-1098.8645,10.519766300976539
2021-07-15 21:00:00,7678.0,8106.496577226984,6702.855463945734,6735.93991918057,-1403.6411,33.0844552348352
2021-07-15 22:00:00,7396.0,8099.182296954892,6858.714767658017,6872.98252268332,-1240.4675,14.26775502530313
2021-07-15 23:00:00,8425.0,8136.883207366785,7071.694364593348,7162.529640416021,-1065.1888,90.835275822673
2021-07-16 00:00:00,8425.0,8161.070024710367,7310.719743948648,7314.875112502627,-850.3503,4.155368553979653
2021-07-16 01:00:00,8425.0,8147.116023058598,7209.819758410161,7223.201422800397,-937.29626,13.381664390236613
2021-07-16 02:00:00,8425.0,8123.427589921977,6780.520119218852,6798.1195092514645,-1342.9075,17.599390032611797
2021-07-16 03:00:00,7654.0,8144.1315770880765,6126.273544861514,6108.238336911288,-2017.858,-18.0352079502267
2021-07-16 04:00:00,8123.0,8240.123481450624,6591.534736333437,6605.255387366384,-1648.5887,13.720651032946543
2021-07-16 05:00:00,8357.0,8390.432278362745,6978.240750042432,6974.50904037917,-1412.1915,-3.7317096632626905
2021-07-16 06:00:00,8612.0,8536.020596819337,7254.056241350587,7253.451190834513,-1281.9644,-0.6050505160735877
2021-07-16 07:00:00,8670.0,8621.100199607397,7541.96799745896,7544.558686784954,-1079.1322,2.590689325994237
2021-07-16 08:00:00,8817.0,8626.635495840614,7701.262265860145,7697.862381262915,-925.3732,-3.3998845972300775
2021-07-16 09:00:00,8796.0,8572.872879456005,7724.014114807567,7754.388371674653,-848.85876,30.374256867086263
2021-07-16 10:00:00,8627.0,8497.279885809321,7585.017312567134,7617.45941628192,-912.2626,32.44210371478691
2021-07-16 11:00:00,8604.0,8431.975482427926,7306.082416021676,7323.146530427117,-1125.8931,17.06411440544055
2021-07-16 12:00:00,8631.0,8396.496407681247,7191.578194790622,7200.9438444918615,-1204.9182,9.365649701240141
2021-07-16 13:00:00,8568.0,8400.715129730115,7124.54398715199,7114.70258316557,-1276.1711,-9.84140398641997
2021-07-16 14:00:00,8540.0,8443.309899055013,7181.559288703451,7175.423888889326,-1261.7506,-6.135399814124413
2021-07-16 15:00:00,8475.0,8502.657007466685,7390.21975160731,7376.520907629209,-1112.4373,-13.698843978100413
2021-07-16 16:00:00,8402.0,8534.233905710349,7657.616107858787,7656.631386740921,-876.6178,-0.9847211178657274
2021-07-16 17:00:00,8249.0,8489.203056927858,7692.687309857545,7695.423998580532,-796.51575,2.7366887229861283
2021-07-16 18:00:00,7940.0,8348.43071009135,7484.437851204631,7474.787315825354,-863.99286,-9.650535379276874
2021-07-16 19:00:00,8028.0,8144.9138949644985,7351.771683050436,7355.359399047973,-793.1422,3.587715997536774
2021-07-16 20:00:00,7888.0,7950.049934281413,6919.6904372111,6913.859422271297,-1030.3595,-5.831014939802694
2021-07-16 21:00:00,7488.0,7827.933497194261,6367.104883913011,6360.837455475522,-1460.8286,-6.267428437489023
2021-07-16 22:00:00,7120.0,7792.000613985592,6488.52978879028,6530.116923147417,-1303.4708,41.58713435713745
2021-07-16 23:00:00,7865.0,7800.281579117681,6503.751183609868,6503.659878378912,-1296.5304,-0.09130523095596377
2021-07-17 00:00:00,7865.0,7794.417425002107,6799.293157423982,6780.536984769432,-995.12427,-18.756172654549868
2021-07-17 01:00:00,7842.0,7749.9733034670035,6719.6969362795035,6698.330800001092,-1030.2764,-21.36613627841153
2021-07-17 02:00:00,7842.0,7695.569817331968,6363.792961863218,6369.315388928823,-1331.7769,5.522427065604988
2021-07-17 03:00:00,7842.0,7685.5657263469575,6196.7473669719575,6168.626824920061,-1488.8184,-28.12054205189641
2021-07-17 04:00:00,7150.0,7751.098841406227,6096.787684179664,6058.320264716058,-1654.3112,-38.467419463606596
2021-07-17 05:00:00,7358.0,7871.445623089269,6025.633123089269,6003.573334711539,-1845.8125,-22.05978837773008
2021-07-17 06:00:00,7583.0,7987.820659515854,6473.859355804916,6439.90669281238,-1513.9613,-33.95266299253566
2021-07-17 07:00:00,7719.0,8044.694346179164,6716.939951647914,6703.644239938459,-1327.7544,-13.295711709455732
2021-07-17 08:00:00,7842.0,8023.2975827379305,6857.1952878160555,6839.789207474927,-1166.1023,-17.406080341128657
2021-07-17 09:00:00,7894.0,7944.148726102169,6839.555708524044,6830.978442006145,-1104.593,-8.577266517899547
2021-07-17 10:00:00,7922.0,7844.987532897895,6768.936873718208,6748.0335156901965,-1076.0507,-20.903358028011084
2021-07-17 11:00:00,7900.0,7758.200122253634,6705.613940613009,6696.981509803267,-1052.5862,-8.632430809741853
2021-07-17 12:00:00,7842.0,7703.581670491545,6596.483525960295,6572.45351928444,-1107.0981,-24.030006675855702
2021-07-17 13:00:00,7938.0,7691.2518649958665,6545.840610113054,6556.2528011881905,-1145.4113,10.41219107513679
2021-07-17 14:00:00,7980.0,7720.121995987001,6745.058519424501,6766.833796190626,-975.0635,21.775276766124975
2021-07-17 15:00:00,7969.0,7768.78348335018,7020.913244092368,7023.098295427037,-747.87024,2.185051334669004
2021-07-17 16:00:00,7978.0,7792.908093339762,7358.927288896402,7353.478653946867,-433.9808,-5.448634949535086
2021-07-17 17:00:00,7854.0,7743.831389020653,7452.992491315575,7463.189643261808,-290.8389,10.197151946232845
2021-07-17 18:00:00,7649.0,7602.572988586438,7199.63448150636,7190.256231361287,-402.9385,-9.378250145073277
2021-07-17 19:00:00,7771.0,7402.263949315829,7070.235445897861,7079.265248879641,-332.0285,9.029802981780659
2021-07-17 20:00:00,7668.0,7214.41286205132,6720.124348867726,6715.483878869443,-494.2885,-4.640469998283507
2021-07-17 21:00:00,7269.0,7103.196171068257,6283.787967943257,6267.440074350928,-819.4082,-16.34789359232948
2021-07-17 22:00:00,6917.0,7082.095986329228,6012.757119141728,6001.482915453655,-1069.3389,-11.274203688073769
2021-07-17 23:00:00,7658.5,7109.151375880894,6198.3696986348,6199.347831888373,-910.7817,0.9781332535720014
2021-07-18 00:00:00,7658.5,7125.978410724408,6507.756547931439,6501.5600915746645,-618.22186,-6.196456356774639
2021-07-18 01:00:00,7658.5,7108.088693089168,6368.545113987606,6333.913166105795,-739.5436,-34.63194788181012
2021-07-18 02:00:00,7658.5,7084.022684986519,6056.137431080269,6081.454944087074,-1027.8853,25.317513006804464
2021-07-18 03:00:00,7658.5,7108.0295653039,5922.650048702338,5931.914782431544,-1185.3795,9.264733729206032
2021-07-18 04:00:00,7658.5,7211.103195606101,5897.866257129538,5889.205752647332,-1313.2369,-8.660504482205898
2021-07-18 05:00:00,7658.5,7372.3393852622385,5973.1548149497385,5961.489035947007,-1399.1846,-11.66577900273127
2021-07-18 06:00:00,7393.0,7532.738089941045,6348.789359472295,6330.567378476899,-1183.9487,-18.221980995395906
2021-07-18 07:00:00,7629.0,7636.527193343929,6512.1051962736165,6513.708246616443,-1124.422,1.6030503428265186
2021-07-18 08:00:00,7747.0,7664.672736025629,6715.752264834223,6727.27403023176,-948.9205,11.52176539753715
2021-07-18 09:00:00,7711.0,7637.408232111414,6712.792387384851,6726.843642478782,-924.61584,14.05125509393077
2021-07-18 10:00:00,7698.0,7592.168498418818,6583.5151170711615,6579.623144796073,-1008.6534,-3.8919722750893007
2021-07-18 11:00:00,7685.0,7561.014687858218,6467.727334342593,6458.645784917292,-1093.2874,-9.081549425300974
2021-07-18 12:00:00,7685.0,7563.398978720497,6334.765433798622,6338.464496498778,-1228.6335,3.6990627001559253
2021-07-18 13:00:00,7695.0,7609.083340300333,6359.718594206583,6367.257228507516,-1249.3647,7.538634300933354
2021-07-18 14:00:00,7793.0,7696.609595743505,6482.54001566538,6482.410793442191,-1214.0696,-0.12922222318941873
2021-07-18 15:00:00,7775.0,7804.190197549847,6767.714123331097,6753.094857614839,-1036.4761,-14.619265716257345
2021-07-18 16:00:00,7818.0,7887.1115066108505,7041.6964675483505,7027.352099296759,-845.41504,-14.344368251591694
2021-07-18 17:00:00,7792.0,7896.322718445137,7153.313685242012,7141.100032765007,-743.00903,-12.213652477004581
2021-07-18 18:00:00,7653.0,7812.463334278379,6930.795487598692,6905.348292233922,-881.66785,-25.44719536477018
2021-07-18 19:00:00,7727.0,7668.296446142897,6939.476988135085,6939.49221793101,-728.81946,0.015229795924773516
2021-07-18 20:00:00,7625.0,7534.976646767844,6538.083275185812,6517.075836769878,-996.8934,-21.00743841593396
2021-07-18 21:00:00,7696.0,7476.338510281213,6080.740487820275,6068.301858396987,-1395.598,-12.43862942328796
2021-07-18 22:00:00,7696.0,7505.532701261596,6180.952501066284,6160.3544449329975,-1324.5802,-20.598056133286047
2021-07-18 23:00:00,7696.0,7580.279708138877,6405.090499154502,6392.845984252617,-1175.1892,-12.244514901884724
2021-07-19 00:00:00,7712.0,7641.897016297672,6375.034345399235,6363.463129928417,-1266.8627,-11.571215470816801
2021-07-19 01:00:00,7751.0,7665.625803848804,6348.6400860753665,6350.591114923058,-1316.9857,1.9510288476909303
2021-07-19 02:00:00,7783.5,7679.768715783118,5914.350624962805,5919.145123255372,-1765.4181,4.794498292566148
2021-07-19 03:00:00,7336.0,7738.368719269322,5728.09955423026,5676.969367041492,-2010.2692,-51.130187188768204
2021-07-19 04:00:00,7697.0,7872.241364247533,6198.321686513158,6218.449515018462,-1673.9197,20.12782850530397
2021-07-19 05:00:00,7972.0,8060.330298750814,6527.749976485189,6501.337615027606,-1532.5803,-26.41236145758276
2021-07-19 06:00:00,8135.0,8243.512124061526,6943.671181678714,6911.0439078524005,-1299.841,-32.62727382631333
2021-07-19 07:00:00,8230.0,8365.925566052632,7182.009306287007,7168.438838273767,-1183.9163,-13.570468013240463
2021-07-19 08:00:00,8364.0,8408.485881637185,7412.442363570779,7377.444410375673,-996.0435,-34.99795319510572
2021-07-19 09:00:00,8405.0,8391.414556924641,7466.254339639485,7468.778817038607,-925.1602,2.5244773991219476
2021-07-19 10:00:00,8411.0,8352.170433903906,7288.234398747656,7251.83964573744,-1063.936,-36.394753010215595
2021-07-19 11:00:00,8415.0,8322.871646431413,7145.282290962663,7102.679785987716,-1177.5894,-42.60250497494694
2021-07-19 12:00:00,8346.0,8323.058591744595,7051.571775338345,7015.040961961157,-1271.4868,-36.53081337718789
2021-07-19 13:00:00,8295.0,8362.611792099366,6889.377539169678,6852.0152180661225,-1473.2343,-37.36232110355513
2021-07-19 14:00:00,8294.0,8440.220255806484,7007.571085884609,6966.350632382568,-1432.6492,-41.22045350204103
2021-07-19 15:00:00,8274.0,8534.269423156591,7190.684950500341,7180.717400685954,-1343.5845,-9.96754981438703
2021-07-19 16:00:00,8270.0,8600.242080510196,7511.526016057071,7517.509776860143,-1088.7161,5.983760803072507
2021-07-19 17:00:00,8212.0,8589.30704589736,7597.056191405172,7569.50204959146,-992.25085,-27.554141813713027
2021-07-19 18:00:00,7929.0,8482.34791066752,7365.93433644877,7358.100885272402,-1116.4136,-7.833451176368629
2021-07-19 19:00:00,7914.0,8312.396123428383,7235.211675186196,7225.012378569873,-1077.1844,-10.199296616322066
2021-07-19 20:00:00,7776.0,8150.894520475579,6820.497669889642,6818.483924778934,-1330.3969,-2.013745110707386
2021-07-19 21:00:00,7379.0,8061.977747764864,6620.8243053820515,6588.903180613314,-1441.1534,-31.921124768737577
2021-07-19 22:00:00,8125.0,8059.100491066066,6924.018093605128,6890.775689099203,-1135.0824,-33.24240450592554
2021-07-19 23:00:00,8125.0,8100.28758594196,7158.127307621648,7146.1437261447445,-942.1603,-11.983581476903021
2021-07-20 00:00:00,8125.0,8127.162431904488,6889.7602102248,6896.298303622749,-1237.4022,6.538093397949002
2021-07-20 01:00:00,8125.0,8115.276209440224,6803.276453580849,6805.31468799838,-1311.9998,2.038234417530499
2021-07-20 02:00:00,8125.0,8093.244754981977,6640.420292091352,6650.671725641389,-1452.8245,10.251433550036097
2021-07-20 03:00:00,7415.0,8115.421428055549,6207.682170243049,6172.545081515393,-1907.7393,-35.13708872765658
2021-07-20 04:00:00,7845.0,8212.921090983684,6236.295968913371,6261.565158897206,-1976.6251,25.26918998383502
2021-07-20 05:00:00,8038.0,8364.969756936312,6607.75918564725,6618.276401036614,-1757.2106,10.517215389363974
2021-07-20 06:00:00,8252.0,8512.70848434122,6982.977039028719,6994.266017003606,-1529.7314,11.2889779748869
2021-07-20 07:00:00,8403.0,8600.52485591329,7269.470656694541,7247.603467468686,-1331.0542,-21.867189225854432
2021-07-20 08:00:00,8462.0,8609.56904632649,7418.471878357739,7413.952949281784,-1191.0972,-4.518929075955161
2021-07-20 09:00:00,8444.0,8560.281972891175,7414.4260158599245,7393.060224873093,-1145.856,-21.365790986831374
2021-07-20 10:00:00,8416.0,8490.322394300023,7294.421759534398,7267.632673493318,-1195.9006,-26.78908604107968
2021-07-20 11:00:00,8326.0,8431.98503565268,7066.761524910493,7061.390738801187,-1365.2235,-5.370786109305965
2021-07-20 12:00:00,8278.0,8404.961741679685,6871.66169285156,6875.098452597801,-1533.3,3.4367597462413277
2021-07-20 13:00:00,8254.0,8419.2589412978,6794.713653211862,6776.456019407034,-1624.5453,-18.25763380482837
2021-07-20 14:00:00,8267.0,8473.66540801713,6895.952883603068,6879.8049355440435,-1577.7125,-16.14794805902381
2021-07-20 15:00:00,8207.0,8546.639052071308,7010.978285469746,6980.932743060981,-1535.6608,-30.045542408764945
2021-07-20 16:00:00,8253.0,8593.70769357481,7329.0349640826225,7316.317162925163,-1264.6727,-12.717801157459618
2021-07-20 17:00:00,8220.0,8566.060247069718,7420.390569335343,7410.6625685061545,-1145.6697,-9.728000829187836
2021-07-20 18:00:00,7942.0,8444.579950637759,7116.598993606509,7139.38007152501,-1327.981,22.78107791850133
2021-07-20 19:00:00,7981.0,8262.280899241574,7052.354385569699,7052.733392905571,-1209.9265,0.3790073358725734
2021-07-20 20:00:00,7858.0,8090.571231272157,6575.00055256122,6557.351969515076,-1515.5707,-17.64858304614318
2021-07-20 21:00:00,7482.0,7993.529860552618,6633.250319536993,6636.235828880673,-1360.2795,2.9855093436798286
2021-07-20 22:00:00,8061.5,7984.531472885456,6905.571389877644,6918.915703294592,-1078.9601,13.344313416947905
2021-07-20 23:00:00,8061.5,8021.497876463827,6918.367017088827,6893.599372731761,-1103.1309,-24.76764435706647
2021-07-21 00:00:00,8061.5,8149.283606255316,6968.7493044975035,6944.951363859648,-1180.5343,-23.797940637855348
2021-07-21 01:00:00,8061.5,8136.609548823067,6865.324514643379,6843.716612485235,-1271.285,-21.607902158144643
2021-07-21 02:00:00,8061.5,8115.30819601497,6661.762663788408,6636.636379588373,-1453.5455,-25.1262842000348
2021-07-21 03:00:00,8061.5,8139.593375350356,6011.100943709731,6014.352771633622,-2128.4924,3.2518279238911587
2021-07-21 04:00:00,7773.0,8240.431430513107,6330.7563816849815,6274.335580918532,-1909.675,-56.420800766449446
2021-07-21 05:00:00,8003.0,8396.889887641144,6639.7134960395815,6616.59635791391,-1757.1764,-23.117138125671946
2021-07-21 06:00:00,8120.0,8549.945069807345,7076.840211408908,7053.685233239724,-1473.1049,-23.154978169184062
2021-07-21 07:00:00,8293.0,8643.820306615904,7241.859857397154,7232.099944977731,-1401.9604,-9.75991241942258
2021-07-21 08:00:00,8382.0,8659.507778520387,7350.134731645387,7343.0861874108405,-1309.373,-7.048544234546521
2021-07-21 09:00:00,8318.0,8617.298883007403,7378.99114374959,7382.005775647815,-1238.3077,3.014631898225478
2021-07-21 10:00:00,8260.0,8554.71067607966,7170.725568657785,7182.897024046384,-1383.9851,12.171455388599616
2021-07-21 11:00:00,8294.0,8503.903129890305,6973.532646491867,6988.546307130519,-1530.3705,15.013660638652425
2021-07-21 12:00:00,8292.0,8484.440955607563,6852.9639048263125,6862.561761241533,-1631.477,9.597856415220027
2021-07-21 13:00:00,8371.0,8506.212680330571,6803.865878572758,6819.1591372199555,-1702.3468,15.293258647196605
2021-07-21 14:00:00,8366.0,8567.899321781124,6974.504058109249,6974.809473944164,-1593.3953,0.3054158349145986
2021-07-21 15:00:00,8391.0,8647.861037246688,7143.222365371688,7159.119000932485,-1504.6387,15.896635560796412
2021-07-21 16:00:00,8511.0,8701.538258780309,7458.668385733434,7462.16599641036,-1242.8699,3.49761067692663
2021-07-21 17:00:00,8453.0,8680.045375897898,7572.062465741648,7594.275701581046,-1107.9829,22.213235839397417
2021-07-21 18:00:00,8161.0,8564.207957107848,7294.917185623473,7269.162320381045,-1269.2908,-25.75486524242805
2021-07-21 19:00:00,8187.0,8387.00175978696,7115.413991232272,7096.7012009725,-1271.5878,-18.71279025977146
2021-07-21 20:00:00,7991.0,8219.81414460819,6792.9224209753775,6745.122881053922,-1426.8917,-47.79953992145518
2021-07-21 21:00:00,8216.5,8126.715261371783,6547.995656879595,6528.565181987557,-1578.7196,-19.430474892038315
2021-07-21 22:00:00,8216.5,8121.077561834614,6889.177537420552,6913.061078093044,-1231.9,23.8835406724918
2021-07-21 23:00:00,8216.5,8160.825783919737,7037.901101302549,7022.095754017041,-1122.9247,-15.80534728550802
2021-07-22 00:00:00,8216.5,8084.112529331413,6993.944682651725,7007.983157074971,-1090.1678,14.038474423246292
2021-07-22 01:00:00,8216.5,8073.108855128356,6900.045500636168,6919.651095134975,-1173.0634,19.605594498806344
2021-07-22 02:00:00,8216.5,8052.973037321924,6713.045180876611,6742.865284180499,-1339.9279,29.820103303887215
2021-07-22 03:00:00,7504.0,8077.966459250707,6176.0984172585195,6245.155820646928,-1901.868,69.05740338840819
2021-07-22 04:00:00,7865.0,8179.105447484853,6317.120706273916,6311.820896188127,-1861.9847,-5.299810085788526
2021-07-22 05:00:00,8043.0,8335.505208817538,6716.773763505038,6703.290088828137,-1618.7314,-13.483674676900883
2021-07-22 06:00:00,8246.0,8488.187411785471,7051.515902996409,7066.67049454159,-1436.6715,15.154591545181772
2021-07-22 07:00:00,8405.0,8581.42142284613,7295.84866893988,7282.427618305269,-1285.5728,-13.421050634610458
2021-07-22 08:00:00,8508.0,8596.248324690203,7423.168978987078,7408.1787909703335,-1173.0793,-14.990188016744245
2021-07-22 09:00:00,8487.0,8553.010047875707,7393.507362328832,7375.508650334169,-1159.5027,-17.99871199466242
2021-07-22 10:00:00,8410.0,8489.27190580807,7242.205377487757,7228.669985680427,-1247.0665,-13.535391807329672
2021-07-22 11:00:00,8411.0,8437.23598172356,7063.190693637622,7065.338360021297,-1374.0453,2.147666383675454
2021-07-22 12:00:00,8434.0,8416.500905407329,6934.580861462016,6963.793512076057,-1481.92,29.212650614039834
2021-07-22 13:00:00,8449.0,8436.980151017156,6857.450976212469,6882.196147685392,-1579.5292,24.74517147292354
2021-07-22 14:00:00,8359.0,8497.369591362665,7046.36251128454,7072.796217291379,-1451.0071,26.433706006839497
2021-07-22 15:00:00,8282.0,8576.032352591497,7099.614750052435,7118.702332085435,-1476.4176,19.087582033000245
2021-07-22 16:00:00,8287.0,8628.39906559135,7402.202044106974,7410.959910855951,-1226.197,8.75786674897741
2021-07-22 17:00:00,8257.0,8605.56322154062,7517.47093638437,7510.033470481018,-1088.0923,-7.437465903351564
2021-07-22 18:00:00,7999.0,8488.321990971588,7278.147674565338,7325.429446208108,-1210.1743,47.281771642769954
2021-07-22 19:00:00,8063.0,8309.617748829247,7117.789013477684,7165.884617977209,-1191.8287,48.095604499524704
2021-07-22 20:00:00,7984.0,8140.798186213225,6705.453337580412,6740.4606374469695,-1435.3448,35.00729986655696
2021-07-22 21:00:00,7539.0,8045.882841436996,6525.096952765121,6568.614176664127,-1520.7859,43.51722389900555
2021-07-22 22:00:00,8087.0,8038.178427256127,6649.765341318627,6676.098158278022,-1388.4131,26.332816959394695
2021-07-22 23:00:00,8087.0,8075.529133212356,6901.753742587356,6898.363596830878,-1173.7754,-3.3901457564783533
2021-07-23 00:00:00,8087.0,8099.360030696758,6818.567061946758,6825.189320153549,-1280.793,6.622258206789971
2021-07-23 01:00:00,8087.0,8085.025202095884,6729.023493111509,6727.897023502042,-1356.0017,-1.126469609466366
2021-07-23 02:00:00,8087.0,8060.953222343192,6396.460180351004,6425.679717764844,-1664.493,29.21953741383977
2021-07-23 03:00:00,7423.0,8081.313198252501,5645.105190440001,5614.265604507373,-2436.208,-30.839585932628335
2021-07-23 04:00:00,7738.0,8177.024754644542,6065.028172613292,6077.929400930898,-2111.9966,12.901228317606044
2021-07-23 05:00:00,7958.0,8327.10052592313,6454.836976118442,6475.601733692458,-1872.2635,20.764757574015285
2021-07-23 06:00:00,8111.0,8472.457099529756,6802.935004803194,6807.127131124601,-1669.5221,4.19212632140674
2021-07-23 07:00:00,8324.0,8557.262732379011,7048.671301714949,7053.5709394152655,-1508.5914,4.899637700316405
2021-07-23 08:00:00,8373.0,8562.467003666528,7161.360558354028,7172.010080573365,-1401.1064,10.649522219336172
2021-07-23 09:00:00,8422.0,8508.33212614811,7152.752658374673,7136.669647944469,-1355.5795,-16.083010430203647
2021-07-23 10:00:00,8348.0,8432.354889723552,6996.242829176677,6995.2405490149295,-1436.112,-1.002280161747641
2021-07-23 11:00:00,8294.0,8366.679342614932,6802.8561004274325,6801.109550650765,-1563.8232,-1.7465497766674811
2021-07-23 12:00:00,8270.0,8330.857486392399,6657.968448306461,6638.184679223346,-1672.889,-19.783769083114873
2021-07-23 13:00:00,8293.0,8334.769511707658,6583.651347645158,6574.670697867631,-1751.1182,-8.980649777527281
2021-07-23 14:00:00,8185.0,8377.092657368512,6685.235113423199,6705.108982144493,-1691.8575,19.873868721293224
2021-07-23 15:00:00,8127.0,8436.186363646335,6818.47371716196,6812.043467256711,-1617.7126,-6.43024990524884
2021-07-23 16:00:00,8151.0,8467.493364208687,7118.667192333687,7100.236602973862,-1348.8262,-18.43058935982467
2021-07-23 17:00:00,8152.0,8422.138038952537,7152.192360241599,7134.7175163277425,-1269.9457,-17.474843913856542
2021-07-23 18:00:00,7903.0,8280.97172868205,6822.975268721113,6841.865797925013,-1457.9965,18.890529203900165
2021-07-23 19:00:00,7988.0,8077.017226746535,6767.8108058480975,6753.577612041837,-1309.2064,-14.233193806260342
2021-07-23 20:00:00,7839.0,7881.727577988264,6414.667641464826,6445.766378141446,-1467.0599,31.098736676619367
2021-07-23 21:00:00,7439.0,7759.2474749909925,6051.188515030055,6068.649827644551,-1708.059,17.461312614495654
2021-07-23 22:00:00,7164.0,7723.023447623085,6158.677622427773,6182.771496358913,-1564.3458,24.093873931140447
2021-07-23 23:00:00,7819.0,7731.053063480825,6269.650597660512,6272.627845308114,-1461.4025,2.9772476476022685
2021-07-24 00:00:00,7802.0,7724.931842032176,6335.196368399364,6316.483543360686,-1389.7355,-18.712825038677888
2021-07-24 01:00:00,7796.0,7680.205889176341,6227.353228043528,6217.98403776345,-1452.8527,-9.369190280078387
2021-07-24 02:00:00,7796.0,7625.518153700761,6073.434413466386,6066.0841609681465,-1552.0837,-7.350252498239668
2021-07-24 03:00:00,7796.0,7615.269820468722,5757.996505039035,5765.7427425805245,-1857.2733,7.7462375414897355
2021-07-24 04:00:00,7796.0,7680.623008494356,5673.736655955294,5670.945731060294,-2006.8864,-2.7909248950000425
2021-07-24 05:00:00,7388.0,7800.838026124764,5788.702406007576,5794.576149600852,-2012.1356,5.873743593275446
2021-07-24 06:00:00,7597.0,7917.083615408909,6046.675290213597,6033.092346544195,-1870.4083,-13.582943669401658
2021-07-24 07:00:00,7728.0,7973.786866352515,6437.47607533689,6407.639527279813,-1536.3108,-29.83654805707752
2021-07-24 08:00:00,7808.0,7952.164051987927,6636.89659593324,6604.448547212392,-1315.2675,-32.44804872084796
2021-07-24 09:00:00,7837.0,7872.749552158821,6608.860514072883,6590.336948475331,-1263.889,-18.5235655975523
2021-07-24 10:00:00,7830.0,7773.312580835106,6465.650227319481,6440.931358257712,-1307.6624,-24.718869061768697
2021-07-24 11:00:00,7796.0,7686.264537118907,6359.523326181407,6338.030445173964,-1326.7412,-21.492881007443046
2021-07-24 12:00:00,7796.0,7631.416054079397,6316.513710329397,6289.734289708817,-1314.9023,-26.779420620579977
2021-07-24 13:00:00,7877.0,7618.894727213162,6292.986157877224,6264.857733145132,-1325.9086,-28.12842473209154
2021-07-24 14:00:00,7919.0,7647.611010560429,6407.773119935429,6424.5520641573685,-1239.8379,16.778944221939213
2021-07-24 15:00:00,7970.0,7696.13963574777,6684.8529536188635,6665.951273411983,-1011.2867,-18.901680206881043
2021-07-24 16:00:00,8006.0,7720.11780094644,6955.937197919096,6960.71887696932,-764.1806,4.781679050223426
2021-07-24 17:00:00,7956.0,7670.84311878864,6991.647867323796,6974.218767015305,-679.19525,-17.429100308490654
2021-07-24 18:00:00,7639.0,7529.320414080707,6657.896036639301,6639.653867127931,-871.4244,-18.242169511370122
2021-07-24 19:00:00,7745.0,7328.706602873632,6581.220763029882,6569.826917887662,-747.48584,-11.393845142220307
2021-07-24 20:00:00,7724.0,7140.566072159304,6146.386384659304,6131.293730095083,-994.1797,-15.092654564220403
2021-07-24 21:00:00,7325.0,7029.125341303268,5893.360448725143,5899.886648943352,-1135.7649,6.526200218208508
2021-07-24 22:00:00,7000.0,7007.877048041456,5657.1608615180185,5705.623124349154,-1350.7162,48.46226283113535
2021-07-24 23:00:00,7662.5,7034.82753745479,5766.176414407915,5773.916558221873,-1268.6511,7.740143813957824
2021-07-25 00:00:00,7662.5,7051.547346580477,6392.436201560946,6419.562424719663,-659.11115,27.126223158716805
2021-07-25 01:00:00,7662.5,7033.528985434307,6253.774285727276,6263.411568258914,-779.7547,9.637282531637664
2021-07-25 02:00:00,7662.5,7009.33519033909,6075.284531159403,6105.4895578747355,-934.05066,30.205026715332544
2021-07-25 03:00:00,7662.5,7033.257468414704,5752.774680328766,5772.904258629529,-1280.4828,20.129578300762233
2021-07-25 04:00:00,7662.5,7136.31386767795,5715.3875981467,5736.247403776723,-1420.9263,20.85980563002319
2021-07-25 05:00:00,7204.0,7297.583899432027,5620.419348650777,5606.023457514998,-1677.1646,-14.395891135778955
2021-07-25 06:00:00,7404.0,7458.0215042630225,5897.4790237942725,5913.523640298999,-1560.5425,16.044616504726992
2021-07-25 07:00:00,7556.0,7561.811069297482,6294.054843711545,6312.326424528423,-1267.7562,18.27158081687763
2021-07-25 08:00:00,7686.0,7589.903796769641,6419.549670793079,6452.658322480014,-1170.3541,33.10865168693505
2021-07-25 09:00:00,7765.0,7562.548993000525,6466.588909992713,6470.800413763118,-1095.9601,4.211503770405348
2021-07-25 10:00:00,7774.0,7517.210684239333,6337.634268223708,6349.175024680627,-1179.5764,11.540756456918674
2021-07-25 11:00:00,7731.0,7485.975040310291,6228.298404568103,6242.023329068431,-1257.6766,13.724924500327946
2021-07-25 12:00:00,7735.0,7488.309420183565,6072.95370729294,6084.255829037306,-1415.3557,11.302121744367001
2021-07-25 13:00:00,7783.0,7533.983414565123,6084.2459878073105,6094.438500564771,-1449.7374,10.192512757460397
2021-07-25 14:00:00,7857.0,7621.537715518807,6234.449580753182,6218.224365483462,-1387.0881,-16.225215269720103
2021-07-25 15:00:00,7866.0,7729.167786730946,6605.384339465321,6612.995415314561,-1123.7834,7.61107584923956
2021-07-25 16:00:00,7906.0,7812.125117410287,6876.05736838685,6888.903208094251,-936.06775,12.845839707401298
2021-07-25 17:00:00,7887.0,7821.320648678036,6988.165009029599,7001.394364280624,-833.15564,13.229355251025392
2021-07-25 18:00:00,7675.0,7737.378786699148,6823.937868730398,6815.093173194585,-913.4409,-8.844695535813106
2021-07-25 19:00:00,7860.0,7593.088185529324,6739.9853412910425,6752.887064933591,-853.10284,12.901723642549126
2021-07-25 20:00:00,7779.0,7459.658944850636,6434.912606960011,6429.304781357058,-1024.7463,-5.607825602952625
2021-07-25 21:00:00,7374.0,7400.975434799383,5911.878755111883,5915.3008514638805,-1489.0967,3.422096351997171
2021-07-25 22:00:00,7781.0,7430.198581172719,5875.907077266469,5892.188658340178,-1554.2915,16.28158107370957
2021-07-25 23:00:00,7809.0,7505.015897699327,6273.392362543077,6247.7553416037,-1231.6235,-25.63702093937734
2021-07-26 00:00:00,7846.0,7566.699101116878,6400.530399945003,6404.365262145254,-1166.1687,3.8348622002508272
2021-07-26 01:00:00,7858.5,7590.47006164015,6295.552337030775,6284.099220263588,-1294.9177,-11.453116767187066
2021-07-26 02:00:00,6869.0,7604.653503704543,6031.589660931106,6041.0604829670765,-1573.0638,9.470822035970418
2021-07-26 03:00:00,7344.0,7663.334550265266,5585.313310030891,5621.590621107397,-2078.0212,36.2773110765054
2021-07-26 04:00:00,7835.0,7797.352789036339,5977.511236301964,5973.843023326354,-1819.8416,-3.668212975610332
2021-07-26 05:00:00,8228.0,7985.635446214593,6368.167184495843,6373.551760385579,-1617.4683,5.384575889735696
2021-07-26 06:00:00,8553.0,8169.01301000303,6845.720285393655,6866.626993181983,-1323.2927,20.906707788328056
2021-07-26 07:00:00,8647.0,8291.58063808813,7311.973765529536,7304.414589180406,-979.6069,-7.559176349129084
2021-07-26 08:00:00,8838.0,8334.238704179606,7477.763667558513,7478.613783867534,-856.47504,0.8501163090211348
2021-07-26 09:00:00,8862.0,8317.22446851811,7518.093792248579,7516.5318057933455,-799.1307,-1.5619864552338973
2021-07-26 10:00:00,8801.0,8278.025991071912,7359.692739118787,7346.301311033709,-918.33325,-13.391428085078648
2021-07-26 11:00:00,8813.0,8248.786457318938,7190.508381147063,7186.669790970894,-1058.2781,-3.8385901761698036
2021-07-26 12:00:00,8700.0,8249.061505345759,7095.418438939509,7084.109037771077,-1153.6431,-11.30940116843123
2021-07-26 13:00:00,8688.0,8288.739363479657,6948.943709182782,6930.904486424359,-1339.7957,-18.03922275842358
2021-07-26 14:00:00,8624.0,8366.50801691061,7072.8742278481095,7048.679899934396,-1293.6338,-24.194327913713334
2021-07-26 15:00:00,8508.0,8460.73604696359,7140.214440518277,7108.045801706881,-1320.5216,-32.168638811396
2021-07-26 16:00:00,8516.0,8526.871518427126,7413.648129755251,7394.409686956996,-1113.2234,-19.238442798255072
2021-07-26 17:00:00,8439.0,8516.045163509318,7566.298581478068,7533.104995557378,-949.7466,-33.19358592068982
2021-07-26 18:00:00,8173.0,8409.125663564573,7281.482108877073,7279.793031013817,-1127.6436,-1.6890778632557113
2021-07-26 19:00:00,8211.0,8239.170228687377,7058.527772632689,7055.027757030263,-1180.6425,-3.500015602426547
2021-07-26 20:00:00,8015.0,8077.677413751417,6796.900070001417,6775.38307401326,-1280.7773,-21.516995988157227
2021-07-26 21:00:00,7501.0,7988.831882199524,6586.537448605774,6551.859803473465,-1402.2944,-34.677645132309
2021-07-26 22:00:00,8328.0,7986.098809981319,6982.847955489132,6985.579081560807,-1003.25085,2.73112607167549
2021-07-26 23:00:00,8328.0,8027.470291980433,6861.236771472621,6876.816853363754,-1166.2335,15.58008189113329
2021-07-27 00:00:00,8328.0,8054.52419573515,7303.9737806960875,7318.382452261202,-750.5504,14.40867156511435
2021-07-27 01:00:00,8328.0,8042.792630731548,7337.25436168858,7353.410630284445,-705.53827,16.156268595865118
2021-07-27 02:00:00,8328.0,8020.913747623156,6867.926687076281,6894.265178464777,-1152.987,26.33849138849528
2021-07-27 03:00:00,7386.0,8043.28329206433,6385.597501048705,6417.0907707290735,-1657.6858,31.49326968036829
2021-07-27 04:00:00,7860.0,8141.040387876579,6511.821882017204,6525.377388346216,-1629.2185,13.555506329012585
2021-07-27 05:00:00,8217.0,8293.394841398653,6930.853337492403,6941.673011573057,-1362.5415,10.819674080654467
2021-07-27 06:00:00,8470.0,8441.441802324487,7272.815215410425,7251.327953749998,-1168.6266,-21.487261660425983
2021-07-27 07:00:00,8588.0,8529.525477075906,7446.151209497781,7437.261970220422,-1083.3743,-8.889239277358648
2021-07-27 08:00:00,8633.0,8538.78133494819,7638.443993639596,7626.398202928007,-900.33734,-12.045790711588351
2021-07-27 09:00:00,8729.0,8489.666229707243,7745.808685761931,7749.198924275375,-743.85754,3.3902385134440545
2021-07-27 10:00:00,8712.0,8419.86828363564,7626.902158147359,7606.773954521876,-792.9661,-20.12820362548294
2021-07-27 11:00:00,8622.0,8361.707401344413,7530.466312477225,7518.994077547518,-831.2411,-11.47223492970692
2021-07-27 12:00:00,8626.0,8334.890777778322,7328.047027778322,7294.520234921256,-1006.84375,-33.526792857066624
2021-07-27 13:00:00,8667.0,8349.432638216551,7216.523336458738,7199.6336861668005,-1132.9093,-16.88965029193766
2021-07-27 14:00:00,8632.0,8404.120803922273,7308.649368375398,7294.88969568299,-1095.4714,-13.759672692407914
2021-07-27 15:00:00,8556.0,8477.396377537147,7447.845474216834,7428.0495965680575,-1029.5509,-19.79587764877683
2021-07-27 16:00:00,8524.0,8524.752489542752,7699.641832804471,7691.98748828894,-825.11066,-7.654344515531356
2021-07-27 17:00:00,8384.0,8497.339981548273,7819.740250102961,7824.0318744757005,-677.59973,4.291624372739853
2021-07-27 18:00:00,8103.0,8376.027176023863,7501.333267332457,7512.221845900009,-874.6939,10.888578567551608
2021-07-27 19:00:00,8167.0,8193.85390595367,7372.893822945858,7380.474903735788,-820.9601,7.581080789929966
2021-07-27 20:00:00,7983.0,8022.283988066985,6952.787772246673,6968.452818564151,-1069.4962,15.66504631747803
2021-07-27 21:00:00,7487.0,7925.4462976150735,6704.8886804275735,6706.549103905635,-1220.5576,1.6604234780620506
2021-07-27 22:00:00,8286.0,7916.72594003724,7039.667712498178,7019.458311458091,-877.0582,-20.209401040087155
2021-07-27 23:00:00,8286.0,7954.011899156209,7074.187314195272,7061.098345743999,-879.8246,-13.088968451272939
2021-07-28 00:00:00,8286.0,7978.762154973512,7164.0212492117935,7170.05304015086,-814.7409,6.031790939067044
2021-07-28 01:00:00,8286.0,7966.379793258223,7043.520113082442,7049.5256106190345,-922.8597,6.005497536593273
2021-07-28 02:00:00,8286.0,7945.369058370997,6789.335733175684,6814.156460740366,-1156.0333,24.820727564682002
2021-07-28 03:00:00,7503.0,7969.986043459266,6153.159139162391,6228.28275643876,-1816.8269,75.12361727636934
2021-07-28 04:00:00,7853.0,8071.221228253231,6372.054968487606,6359.959864191027,-1699.1663,-12.09510429657888
2021-07-28 05:00:00,8188.0,8228.125803342065,6863.64460217019,6809.095587009207,-1364.4812,-54.54901516098374
2021-07-28 06:00:00,8434.0,8381.630052779097,7165.516283247847,7186.610662014596,-1216.1138,21.094378766747997
2021-07-28 07:00:00,8581.0,8475.913799725178,7364.924175701741,7371.142181458794,-1110.9896,6.218005757052997
2021-07-28 08:00:00,8650.0,8491.954390772551,7535.78465200302,7549.635630119188,-956.16974,13.85097811616824
2021-07-28 09:00:00,8717.0,8450.059034618222,7573.62660053619,7589.885225908715,-876.43243,16.258625372525074
2021-07-28 10:00:00,8691.0,8387.774030192539,7484.292462809726,7497.399762010936,-903.48157,13.107299201209981
2021-07-28 11:00:00,8690.0,8337.284414421369,7358.747793327619,7360.38315715292,-978.5366,1.6353638253011065
2021-07-28 12:00:00,8627.0,8318.170140983406,7248.809911491218,7250.8310915712855,-1069.3602,2.021180080067546
2021-07-28 13:00:00,8645.0,8340.327433694143,7170.338420022268,7167.748860028353,-1169.989,-2.5895599939150533
2021-07-28 14:00:00,8626.0,8402.43626728143,7266.358752632992,7268.624587637092,-1136.0775,2.265835004099706
2021-07-28 15:00:00,8587.0,8482.839910273926,7401.997503047363,7419.657488308777,-1080.8424,17.659985261413706
2021-07-28 16:00:00,8579.0,8536.944034013022,7692.541446122397,7713.591527513328,-844.4026,21.05008139093125
2021-07-28 17:00:00,8554.0,8515.824894423478,7767.961124892228,7776.891835724692,-747.8638,8.930710832464142
2021-07-28 18:00:00,8272.0,8400.29309431268,7526.095950757992,7508.302825394443,-874.19714,-17.79312536354916
2021-07-28 19:00:00,8301.0,8223.350089585461,7355.03435472218,7357.361981604563,-868.31573,2.3276268823832527
2021-07-28 20:00:00,8094.0,8056.438890083565,6965.55046234919,6942.267327453971,-1090.8884,-23.28313489521881
2021-07-28 21:00:00,7662.0,7963.679587907149,6713.788718766524,6722.814494466619,-1249.8909,9.025775700095009
2021-07-28 22:00:00,8378.0,7958.455044835928,6878.561978429678,6832.91125590823,-1079.8931,-45.650722521448444
2021-07-28 23:00:00,8378.0,7998.657173651152,7183.076302069121,7157.984492853359,-815.5809,-25.091809215761565
2021-07-29 00:00:00,8378.0,8025.755397346593,7177.668239143468,7177.928511624484,-848.08716,0.2602724810160673
2021-07-29 01:00:00,8378.0,8015.177208280712,7067.4280627728995,7061.316186242935,-947.74915,-6.111876529964169
2021-07-29 02:00:00,8378.0,7995.465065089754,6829.881935206941,6835.1794905133065,-1165.5831,5.297555306365457
2021-07-29 03:00:00,8378.0,8020.922642465004,6112.848545785317,6117.792211049686,-1908.0741,4.943665264369066
2021-07-29 04:00:00,7976.0,8122.590432709701,6481.081765717514,6447.0894914770415,-1641.5087,-33.99227424047275
2021-07-29 05:00:00,8283.0,8279.567339432146,6800.134600174333,6777.289930253764,-1479.4327,-22.84466992056853
2021-07-29 06:00:00,8455.0,8432.829026055331,7132.821701836581,7101.266213686134,-1300.0073,-31.555488150447744
2021-07-29 07:00:00,8625.0,8526.601386761155,7314.404731487717,7298.450007164956,-1212.1967,-15.954724322760285
2021-07-29 08:00:00,8650.0,8541.910703605628,7462.960386222816,7457.964659548838,-1078.9503,-4.995726673977589
2021-07-29 09:00:00,8545.0,8499.114749458957,7433.797610787082,7458.684814869971,-1065.3171,24.88720408288884
2021-07-29 10:00:00,8635.0,8435.808108501611,7232.015383892236,7232.260059687122,-1203.7927,0.2446757948853505
2021-07-29 11:00:00,8600.0,8384.217952285482,7135.242854629232,7145.307401290443,-1248.9751,10.064546661210889
2021-07-29 12:00:00,8544.0,8363.958171371723,6948.387492660786,6957.858462174388,-1415.5707,9.470969513601334
2021-07-29 13:00:00,8525.0,8384.949948764555,6921.43310306143,6924.38756087905,-1463.5168,2.954457817620142
2021-07-29 14:00:00,8465.0,8445.88811953496,7022.607601956835,7026.736453744059,-1423.2805,4.1288517872233275
2021-07-29 15:00:00,8423.0,8525.118918842483,7160.045676654983,7148.982095129833,-1365.0732,-11.063581525149432
2021-07-29 16:00:00,8526.0,8578.038206691894,7461.253660793456,7449.539664114732,-1116.7845,-11.713996678724909
2021-07-29 17:00:00,8432.0,8555.701322239718,7626.140958470187,7620.93447536876,-929.56036,-5.206483101426726
2021-07-29 18:00:00,8121.0,8438.890443484095,7417.574037234095,7400.635150760776,-1021.3164,-16.93888647331872
2021-07-29 19:00:00,8208.0,8260.5736086683,7249.735473902674,7227.670264705018,-1010.83813,-22.06520919765602
2021-07-29 20:00:00,8028.0,8092.154114616909,6944.609925163784,6926.814247139645,-1147.5442,-17.795678024139146
2021-07-29 21:00:00,7666.0,7997.701390626406,6649.971898438906,6621.615602248718,-1347.7295,-28.35629619018843
2021-07-29 22:00:00,8328.5,7990.532500791798,6922.062285948048,6948.262712250895,-1068.4702,26.200426302846424
2021-07-29 23:00:00,8328.5,8028.45874412394,7054.606510237221,7014.920266053456,-973.85223,-39.68624418376559
2021-07-30 00:00:00,8328.5,8052.859500741803,7095.199039316021,7100.889920672754,-957.66046,5.690881356732709
2021-07-30 01:00:00,8328.5,8039.069614895065,7011.397861965377,7014.249745608881,-1027.6718,2.851883643503895
2021-07-30 02:00:00,8328.5,8015.539802495104,6704.644905034166,6719.857139332222,-1310.8949,15.212234298055613
2021-07-30 03:00:00,7584.0,8036.481378914672,6089.488336922484,6132.368272391187,-1946.993,42.879935468702385
2021-07-30 04:00:00,7985.0,8132.838050476057,6448.295081726057,6436.781424316688,-1684.543,-11.51365740936961
2021-07-30 05:00:00,8234.0,8283.606064171972,6794.090683312597,6787.275431922282,-1489.5154,-6.815251390315255
2021-07-30 06:00:00,8439.0,8429.655919446193,7178.865758313381,7184.392103235707,-1250.7902,5.526344922325861
2021-07-30 07:00:00,8615.0,8515.112320906821,7381.3082437583835,7395.90315849536,-1133.8041,14.594914736976632
2021-07-30 08:00:00,8703.0,8520.909971407482,7561.156004122326,7583.843228235522,-959.75397,22.6872241131959
2021-07-30 09:00:00,8782.0,8467.326856102323,7576.4143194812295,7602.5355127743205,-890.91254,26.121193293090556
2021-07-30 10:00:00,8693.0,8391.888973027844,7489.026424199719,7485.289757927425,-902.86255,-3.7366662722939563
2021-07-30 11:00:00,8605.0,8326.765404744188,7323.073937459032,7314.684816599314,-1003.69147,-8.389120859717677
2021-07-30 12:00:00,8570.0,8291.52336961925,7142.083672353625,7141.71236825596,-1149.4397,-0.37130409766407646
2021-07-30 13:00:00,8573.0,8296.050734477583,7073.457106547896,7077.288174865267,-1222.5936,3.831068317371012
2021-07-30 14:00:00,8538.0,8339.023680120232,7169.254637151482,7166.377009394305,-1169.769,-2.877627757176662
2021-07-30 15:00:00,8429.0,8398.784748994563,7289.091023408626,7267.935769362034,-1109.6937,-21.15525404659168
2021-07-30 16:00:00,8360.0,8430.741911406887,7565.194548125637,7567.282698593665,-865.54736,2.0881504680286254
2021-07-30 17:00:00,8320.0,8385.981417786705,7552.884188782798,7551.341570842046,-833.0972,-1.5426179407519383
2021-07-30 18:00:00,8048.0,8245.339654562353,7361.142938253759,7362.859904266371,-884.1967,1.7169660126117623
2021-07-30 19:00:00,8157.0,8041.86513249595,7258.81825749595,7262.749675448726,-783.0469,3.9314179527750825
2021-07-30 20:00:00,7963.0,7847.066572388065,6864.848676880252,6895.109453305314,-982.2179,30.26077642506194
2021-07-30 21:00:00,7540.0,7725.138644188257,6354.896944969507,6368.2282719110635,-1370.2417,13.331326941556224
2021-07-30 22:00:00,7236.0,7689.538331294547,6307.620850825797,6313.950950378434,-1381.9175,6.330099552636641
2021-07-30 23:00:00,7088.0,7698.230428408473,6594.193319033473,6636.915043233872,-1104.0371,42.721724200399066
2021-07-31 00:00:00,7953.0,7692.764896123213,6742.127933232588,6774.900175486579,-950.63696,32.772242253991905
2021-07-31 01:00:00,7953.0,7648.668748483188,6576.768968209751,6582.049306263545,-1071.8998,5.280338053794209
2021-07-31 02:00:00,7953.0,7594.607234374878,6290.945369140503,6289.553176492569,-1303.6619,-1.3921926479343905
2021-07-31 03:00:00,7953.0,7585.023917974609,6175.179191412109,6177.819212308951,-1409.8447,2.6400208968427803
2021-07-31 04:00:00,7953.0,7651.105180674177,6213.027543955427,6228.655769368704,-1438.0776,15.62822541327615
2021-07-31 05:00:00,7448.0,7772.0951328807505,6138.1681309276255,6123.634366043203,-1633.927,-14.533764884422254
2021-07-31 06:00:00,7661.0,7889.1166249379285,6407.3920155629285,6396.703368847104,-1481.7246,-10.688646715824495
2021-07-31 07:00:00,7818.0,7946.553395808354,6606.733571589604,6629.329413547586,-1339.8198,22.59584195798198
2021-07-31 08:00:00,7947.0,7925.607046378236,6805.849111807924,6816.890925755883,-1119.7579,11.04181394795873
2021-07-31 09:00:00,8002.0,7846.827933986363,6858.194083888707,6859.706039760357,-988.63385,1.5119558716504193
2021-07-31 10:00:00,7979.0,7748.014684571989,6715.101964845427,6720.869977912337,-1032.9127,5.7680130669105685
2021-07-31 11:00:00,7959.0,7661.603931930071,6605.933887984758,6603.343592622364,-1055.67,-2.59029536239445
2021-07-31 12:00:00,7992.0,7607.421720632019,6479.446989186707,6482.354084609604,-1127.9747,2.9070954228976613
2021-07-31 13:00:00,7999.0,7595.6035091490385,6517.0312435240385,6526.204449032889,-1078.5723,9.173205508850403
2021-07-31 14:00:00,8073.0,7625.058870278521,6626.983064614458,6630.954837076763,-998.0758,3.9717724623047923
2021-07-31 15:00:00,8165.0,7674.345802388773,6905.063575826273,6894.365648416209,-769.2822,-10.697927410064096
2021-07-31 16:00:00,8172.0,7699.066890656339,7243.9413413399325,7233.018087406848,-455.12555,-10.923253933084489
2021-07-31 17:00:00,8158.0,7650.481752463183,7246.909761496386,7245.930803203553,-403.572,-0.9789582928321378
2021-07-31 18:00:00,7841.0,7509.5803745198655,7065.2113254476,7058.4717971552145,-444.36905,-6.739528292385075
2021-07-31 19:00:00,7973.0,7309.545486963433,6895.647324121636,6905.011682897635,-413.89816,9.364358775999035
2021-07-31 20:00:00,7875.0,7121.997228420316,6588.422399318753,6580.483205231255,-533.5748,-7.939194087498429
2021-07-31 21:00:00,7476.0,7011.212148850414,6075.034231369946,6057.752849680838,-936.1779,-17.281381689107565
2021-07-31 22:00:00,7092.0,6990.693369443892,5807.40174346733,5782.478449809792,-1183.2916,-24.923293657537346
2021-07-31 23:00:00,6942.0,7018.414468014563,6102.951150143469,6111.837080058267,-915.4633,8.885929914797641
2021-08-01 00:00:00,7809.0,7035.90040350543,6280.40626288043,6314.24296573053,-755.49414,33.83670285009973
2021-08-01 01:00:00,7809.0,7018.6245496473075,6147.285560389495,6143.7265219927285,-871.339,-3.5590383967667187
2021-08-01 02:00:00,7809.0,6995.171873110969,6061.056699771125,6053.699156194804,-934.1152,-7.357543576320816
2021-08-01 03:00:00,7809.0,7019.876165415974,5795.175359751912,5771.875489671671,-1224.7008,-23.29987008024132
2021-08-01 04:00:00,7809.0,7123.779617283037,5831.129470798662,5805.534518764703,-1292.6501,-25.594952033958897
2021-08-01 05:00:00,7192.0,7285.945398351267,5752.190393468454,5768.047629090091,-1533.755,15.85723562163683
2021-08-01 06:00:00,7410.0,7447.281390573641,6030.069232370516,6088.425131772602,-1417.2122,58.35589940208563
2021-08-01 07:00:00,7663.0,7551.928441148925,6293.7983141958,6317.216678696594,-1258.1301,23.418364500793537
2021-08-01 08:00:00,7792.0,7580.822870680466,6587.140802809372,6627.549342358146,-993.68207,40.40853954877374
2021-08-01 09:00:00,7877.0,7554.229734549524,6540.532652029993,6552.022960613947,-1013.6971,11.490308583954317
2021-08-01 10:00:00,7834.0,7509.642225399702,6577.977735653608,6589.3997479004875,-931.6645,11.422012246879326
2021-08-01 11:00:00,7826.0,7479.171487065809,6387.398415776746,6405.203152440574,-1091.7731,17.804736663827946
2021-08-01 12:00:00,7891.0,7482.300016406668,6298.8431072269805,6323.052632794669,-1183.4569,24.209525567689028
2021-08-01 13:00:00,7836.0,7528.804982894188,6372.968312972313,6378.322149132885,-1155.8367,5.353836160572409
2021-08-01 14:00:00,7866.0,7617.225905001308,6371.010084688808,6363.9291781594,-1246.2158,-7.080906529408
2021-08-01 15:00:00,7916.0,7725.741215201611,6770.050358268018,6765.227417692701,-955.69086,-4.8229405753167764
2021-08-01 16:00:00,8028.0,7809.5674887753285,7101.853804693297,7087.238376520394,-707.7137,-14.615428172903622
2021-08-01 17:00:00,7930.0,7819.577370328711,7201.598427457618,7171.0891090300465,-617.97894,-30.509318427570648
2021-08-01 18:00:00,7702.0,7736.380129012122,6957.298341902747,6961.422918367357,-779.0818,4.1245764646097225
2021-08-01 19:00:00,7935.0,7592.789939043743,6921.7646094538995,6925.313867715976,-671.0253,3.5492582620764046
2021-08-01 20:00:00,7761.0,7460.072365407028,6577.930336598434,6569.026171777767,-882.142,-8.904164820667823
2021-08-01 21:00:00,7851.0,7402.161532680368,5971.984042445993,5956.143926790133,-1430.1775,-15.84011565585912
2021-08-01 22:00:00,7851.0,7432.228586496502,6129.84906989494,6076.466345563911,-1302.3795,-53.382724331028406
2021-08-01 23:00:00,7878.5,7507.928024633461,6253.727218969399,6248.4615887390755,-1254.2008,-5.265630230322996
2021-08-02 00:00:00,7903.5,7570.4857541154215,6571.195104701359,6599.161879236513,-999.29065,27.96677453515485
2021-08-02 01:00:00,7923.0,7595.104296311299,6527.124804123799,6550.3450714251985,-1067.9795,23.220267301400057
2021-08-02 02:00:00,7932.5,7610.1304143205225,6182.0322697892725,6139.527693317331,-1428.0981,-42.50457647194196
2021-08-02 03:00:00,7505.0,7669.691346271995,5852.866639240745,5824.399604814477,-1816.8247,-28.467034426267535
2021-08-02 04:00:00,8001.0,7804.65067719671,6178.47196625921,6186.795006670278,-1626.1787,8.323040411067867
2021-08-02 05:00:00,8315.0,7993.919171149168,6573.713604742918,6513.827628126036,-1420.2056,-59.8859766168813
2021-08-02 06:00:00,8494.0,8178.281163144334,6978.274937558396,6972.295242007879,-1200.0062,-5.979695550517554
2021-08-02 07:00:00,8574.0,8301.788202713118,7142.024774978743,7118.379845850387,-1159.7634,-23.644929128355844
2021-08-02 08:00:00,8678.0,8345.325740548653,7327.384334298653,7332.046534578638,-1017.9414,4.662200279985248
2021-08-02 09:00:00,8719.0,8329.146771417087,7437.697857842868,7438.618754038686,-891.4489,0.9208961958187498
2021-08-02 10:00:00,8650.0,8290.768533796718,7349.476541609218,7324.65190362328,-941.292,-24.824637985937475
2021-08-02 11:00:00,8580.0,8262.359225530481,7098.962863225794,7082.236924053802,-1163.3964,-16.72593917199134
2021-08-02 12:00:00,8499.0,8263.489686447061,6926.243958907999,6933.9412421872885,-1337.2457,7.697283279290071
2021-08-02 13:00:00,8506.0,8304.055812021517,6846.646388193392,6839.777611424544,-1457.4094,-6.868776768848374
2021-08-02 14:00:00,8450.0,8382.744525595395,6950.406634970395,6950.134533032512,-1432.3379,-0.27210193788340326
2021-08-02 15:00:00,8420.0,8477.907510954914,7127.0514318533515,7127.163097210582,-1350.8561,0.11166535723046087
2021-08-02 16:00:00,8460.0,8544.958072958845,7434.096134482283,7425.378039415042,-1110.8619,-8.718095067241359
2021-08-02 17:00:00,8414.0,8534.988819793502,7587.270985320845,7569.272751835876,-947.71783,-17.998233484969635
2021-08-02 18:00:00,8160.0,8428.853484837242,7370.798675266929,7340.026530853637,-1058.0548,-30.772144413291873
2021-08-02 19:00:00,8294.0,8259.635001847284,7201.179679581659,7200.483103400708,-1058.4553,-0.6965761809507568
2021-08-02 20:00:00,8022.0,8098.887606679869,6860.576571523619,6860.799158451975,-1238.311,0.2225869283554356
2021-08-02 21:00:00,8377.0,8010.84594282908,6565.17650923533,6538.547746006259,-1445.6694,-26.628763229070703
2021-08-02 22:00:00,8377.0,8008.985639202227,7086.792279827227,7074.3127377263245,-922.19336,-12.47954210090219
2021-08-02 23:00:00,8377.0,8051.26601299154,7047.901633108728,7042.505906810027,-1003.3644,-5.3957262987005565
2021-08-03 00:00:00,8377.0,8079.2193629223075,7123.6304957348075,7130.220435846238,-955.58887,6.5899401114306775
2021-08-03 01:00:00,8377.0,8068.358690861168,7013.29143011898,7010.22946145586,-1055.0673,-3.0619686631210263
2021-08-03 02:00:00,8377.0,8047.344425260187,6760.283634244562,6765.108639292402,-1287.0608,4.825005047839682
2021-08-03 03:00:00,7594.0,8070.614661693853,6405.604041576666,6444.224896301202,-1665.0106,38.62085472453563
2021-08-03 04:00:00,8052.0,8169.332749459761,6463.566514108198,6499.6809725619105,-1705.7662,36.11445845371193
2021-08-03 05:00:00,8340.0,8322.692252285997,6781.034415371934,6771.646584712633,-1541.6578,-9.387830659301297
2021-08-03 06:00:00,8498.0,8471.74237552679,7124.546940956478,7131.44097703756,-1347.1954,6.894036081081841
2021-08-03 07:00:00,8505.0,8560.783913952266,7313.788186413203,7300.819106908382,-1246.9957,-12.969079504820998
2021-08-03 08:00:00,8576.0,8570.937596303542,7414.155125600417,7417.939243492326,-1156.7825,3.784117891908473
2021-08-03 09:00:00,8745.0,8522.67617786941,7401.533965955348,7406.858841615894,-1121.1422,5.32487566054568
2021-08-03 10:00:00,8708.0,8453.717109798667,7385.906684993979,7395.530886144409,-1067.8104,9.624201150430233
2021-08-03 11:00:00,8656.0,8396.405441689685,7213.07267801781,7242.059345495837,-1183.3328,28.98666747802689
2021-08-03 12:00:00,8594.0,8370.463684434835,7044.97271763796,7027.466247868354,-1325.491,-17.506469769606426
2021-08-03 13:00:00,8547.0,8385.913825608623,6981.297858811748,6978.5475155955255,-1404.616,-2.7503432162224715
2021-08-03 14:00:00,8461.0,8441.542700397385,7023.0510011786355,7029.654700010443,-1418.4917,6.6036988318070104
2021-08-03 15:00:00,8365.0,8515.774570217645,7169.595248928583,7181.516412926334,-1346.1793,11.9211639977507
2021-08-03 16:00:00,8374.0,8564.067842569519,7516.398042764831,7526.020015880555,-1047.6698,9.621973115723652
2021-08-03 17:00:00,8353.0,8537.535252958103,7589.225804715916,7595.422181663152,-948.30945,6.196376947235839
2021-08-03 18:00:00,8056.0,8417.030175319102,7316.8426753191015,7306.438438534413,-1100.1875,-10.404236784688928
2021-08-03 19:00:00,8176.0,8235.618147998937,7202.032576709875,7184.55795804888,-1033.5856,-17.474618660994725
2021-08-03 20:00:00,7980.0,8064.818633593033,6836.057158983658,6832.773103493865,-1228.7615,-3.284055489792776
2021-08-03 21:00:00,7493.0,7968.810436579673,6890.076671931235,6907.861200553948,-1078.7338,17.78452862271273
2021-08-03 22:00:00,8359.0,7960.989050029134,7144.712682841634,7210.678131543059,-816.27637,65.9654487014248
2021-08-03 23:00:00,8359.0,7999.210601697266,7074.587188611328,7102.884337331829,-924.6234,28.297148720500697
2021-08-04 00:00:00,8359.0,8024.887412767277,7076.229026536808,7070.85752256348,-948.6584,-5.371503973328078
2021-08-04 01:00:00,8359.0,8013.403361383826,6989.207438532264,6987.322837519619,-1024.1959,-1.8846010126451893
2021-08-04 02:00:00,8359.0,7993.284861329237,6745.072336915175,6746.207881744723,-1248.2125,1.1355448295478194
2021-08-04 03:00:00,7659.0,8018.830240643812,6106.918619550062,6113.872666584774,-1911.9116,6.954047034712072
2021-08-04 04:00:00,8168.0,8121.054084569282,6422.234870702095,6449.162183314198,-1698.8192,26.927312612103385
2021-08-04 05:00:00,8405.0,8278.991217896011,6801.935187622574,6792.306466393781,-1477.056,-9.628721228792129
2021-08-04 06:00:00,8538.0,8433.525855646483,7146.465064630858,7158.327279337484,-1287.0608,11.862214706625124
2021-08-04 07:00:00,8583.0,8528.794284779706,7350.289768178143,7335.399925263562,-1178.5045,-14.88984291458131
2021-08-04 08:00:00,8668.0,8545.758988522892,7441.357133054142,7429.298148964919,-1104.4019,-12.05898408922268
2021-08-04 09:00:00,8685.0,8504.74295753346,7498.400306166273,7503.719387601744,-1006.34265,5.319081435469823
2021-08-04 10:00:00,8656.0,8443.32170469295,7391.928394146074,7377.970155773493,-1051.3933,-13.958238372581032
2021-08-04 11:00:00,8579.0,8393.705302941078,7195.522563683266,7177.824366050639,-1198.1827,-17.69819763262667
2021-08-04 12:00:00,8513.0,8375.488920015137,7042.447782319825,7042.254673279064,-1333.0411,-0.19310904076052723
2021-08-04 13:00:00,8429.0,8398.576448230808,6976.886018543308,6962.68746393208,-1421.6904,-14.198554611227548
2021-08-04 14:00:00,8379.0,8461.646791379515,6994.75348083264,6999.1793535997585,-1466.8933,4.4258727671182285
2021-08-04 15:00:00,8315.0,8543.026301526384,7180.0629226201345,7183.854227041578,-1362.9634,3.791304421443364
2021-08-04 16:00:00,8382.0,8598.085861912923,7477.501877537923,7482.830040436061,-1120.584,5.328162898137841
2021-08-04 17:00:00,8347.0,8577.863567703189,7631.899151199283,7634.69650081766,-945.9644,2.7973496183772886
2021-08-04 18:00:00,8071.0,8463.15502912698,7322.166503736355,7318.456195948837,-1140.9885,-3.7103077875175576
2021-08-04 19:00:00,8238.0,8286.987374004051,7243.878609355614,7268.562622719261,-1043.1088,24.684013363646883
2021-08-04 20:00:00,8037.0,8120.8592350045255,6928.9041568795255,6950.154488293607,-1191.9551,21.250331414081362
2021-08-04 21:00:00,7608.0,8028.940620462765,6690.815742533077,6726.593980780695,-1338.1249,35.7782382476176
2021-08-04 22:00:00,8281.0,8024.624776371594,6970.714498051281,6990.158321715301,-1053.9103,19.44382366402031
2021-08-04 23:00:00,8281.0,8065.770764881192,7105.267346912442,7101.4617542315,-960.5034,-3.80559268094186
2021-08-05 00:00:00,8281.0,8093.802363739322,7114.270381317447,7111.632466398994,-979.532,-2.6379149184519317
2021-08-05 01:00:00,8281.0,8084.127878446837,7022.471262235899,7003.398769547601,-1061.6566,-19.072492688298148
2021-08-05 02:00:00,8281.0,8065.311964044078,6760.018140801891,6751.872900330722,-1305.2938,-8.145240471169307
2021-08-05 03:00:00,7786.0,8091.7005621891185,6136.047608087556,6171.469777676466,-1955.653,35.42216958890994
2021-08-05 04:00:00,8119.0,8194.358306749959,6455.2823790155835,6460.304669277131,-1739.0759,5.022290261548074
2021-08-05 05:00:00,8247.0,8352.367774346065,6816.91342864294,6815.122523129076,-1535.4543,-1.7909055138633774
2021-08-05 06:00:00,8413.0,8506.658599717914,7122.027496202289,7132.135714861876,-1384.6311,10.10821865958788
2021-08-05 07:00:00,8545.0,8601.413181514472,7334.398655147284,7326.9274533699445,-1267.0145,-7.47120177733972
2021-08-05 08:00:00,8683.0,8617.642978150616,7423.278720338116,7419.577565351329,-1194.3643,-3.701154986786931
2021-08-05 09:00:00,8716.0,8575.721582116124,7480.800439537999,7487.367014794649,-1094.9211,6.566575256649469
2021-08-05 10:00:00,8688.0,8513.272825974536,7388.444456833911,7383.736828900492,-1124.8284,-4.707627933420058
2021-08-05 11:00:00,8612.0,8462.54894744724,7218.53918182224,7219.912660055373,-1244.0098,1.373478233133447
2021-08-05 12:00:00,8545.0,8443.179076062308,7074.7631825076205,7054.89870734903,-1368.4159,-19.864475158590647
2021-08-05 13:00:00,8488.0,8465.092082128278,6992.008830175153,6970.950585845076,-1473.0833,-21.058244330077255
2021-08-05 14:00:00,8473.0,8526.98174174171,7056.299612835461,7049.952567521415,-1470.6821,-6.347045314044994
2021-08-05 15:00:00,8450.0,8607.17737810961,7251.261850765861,7241.749493163121,-1355.9155,-9.512357602740275
2021-08-05 16:00:00,8464.0,8661.040059716468,7580.5226036617805,7580.81003571593,-1080.5175,0.28743205414936535
2021-08-05 17:00:00,8408.0,8639.58695334034,7685.450783906746,7680.406623422398,-954.13617,-5.044160484347996
2021-08-05 18:00:00,8162.0,8523.585224372895,7430.6402780838325,7434.795834312598,-1092.945,4.155556228766208
2021-08-05 19:00:00,8309.0,8346.028554612725,7319.737172776788,7324.760271187266,-1026.2914,5.023098410478484
2021-08-05 20:00:00,8135.0,8178.375827131729,6923.726290998917,6902.249324023253,-1254.6495,-21.4769669756632
2021-08-05 21:00:00,7683.0,8084.746343066224,6696.804936816224,6696.899737208326,-1387.9414,0.09480039210245675
2021-08-05 22:00:00,8389.5,8078.46749897552,6928.969696241145,7000.565791246588,-1149.4978,71.59609500544212
2021-08-05 23:00:00,8389.5,8117.317684795671,7127.30663743239,7114.133566486619,-990.01105,-13.173070945770851
2021-08-06 00:00:00,8389.5,8142.63057111652,7131.686967600895,7126.745330954955,-1010.9436,-4.94163664593986
2021-08-06 01:00:00,8389.5,8129.721746103793,7056.27289356473,7029.967003746624,-1073.4489,-26.305889818106216
2021-08-06 02:00:00,8389.5,8107.064048998431,6793.148399584368,6794.001846035445,-1313.9156,0.853446451076972
2021-08-06 03:00:00,7827.0,8128.910986410135,6184.47666023826,6188.945438634268,-1944.4343,4.468778396008032
2021-08-06 04:00:00,8204.0,8226.23032911867,6544.355695329608,6557.661809877771,-1681.8746,13.306114548162425
2021-08-06 05:00:00,8371.0,8378.001919982917,6950.966519592292,6971.832008385978,-1427.0354,20.86548879368652
2021-08-06 06:00:00,8588.0,8525.050154052624,7243.703352294811,7271.151423300629,-1281.3468,27.44807100581778
2021-08-06 07:00:00,8664.0,8611.456167506298,7444.627920435985,7452.5795022729135,-1166.8282,7.951581836928293
2021-08-06 08:00:00,8680.0,8618.13977108012,7562.375855064494,7583.392476989353,-1055.7639,21.01662192485848
2021-08-06 09:00:00,8740.0,8565.394706835306,7539.050956835306,7560.639238337422,-1026.3438,21.5882815021162
2021-08-06 10:00:00,8629.0,8490.77616578353,7444.594647228843,7443.781634023136,-1046.1815,-0.8130132057072633
2021-08-06 11:00:00,8578.0,8426.478249953052,7208.622048781177,7238.955817868576,-1217.8562,30.333769087398892
2021-08-06 12:00:00,8640.0,8392.083379989575,7050.143560653638,7071.043335488992,-1341.9398,20.899774835354137
2021-08-06 13:00:00,8630.0,8397.487084644468,7049.027123706968,7056.141903755396,-1348.46,7.114780048428056
2021-08-06 14:00:00,8546.0,8441.364472805126,7136.088960109813,7118.056358663907,-1305.2755,-18.03260144590574
2021-08-06 15:00:00,8479.0,8502.041175491888,7274.383460648138,7273.3060040442715,-1227.6577,-1.077456603865974
2021-08-06 16:00:00,8397.0,8534.890386387402,7552.970952793652,7545.87663530218,-981.91943,-7.094317491471741
2021-08-06 17:00:00,8324.0,8490.960213476228,7584.806343847322,7580.379907303552,-906.1539,-4.426436543770395
2021-08-06 18:00:00,8103.0,8351.07207615742,7376.911004380076,7361.414641940694,-974.1611,-15.496362439381095
2021-08-06 19:00:00,8197.0,8148.300190300972,7300.295185418159,7299.053880381265,-848.005,-1.2413050368944685
2021-08-06 20:00:00,7945.0,7954.208940652865,6927.219682840365,6930.162066957603,-1026.9893,2.9423841172381713
2021-08-06 21:00:00,7500.0,7833.042962833477,6423.967767520977,6370.4731393999045,-1409.0752,-53.49462812107275
2021-08-06 22:00:00,7940.0,7798.269682407994,6457.0041794783065,6462.862139490401,-1341.2655,5.8579600120943525
2021-08-06 23:00:00,7940.0,7807.821110142447,6745.816959751822,6725.387412121505,-1062.0042,-20.429547630316893
2021-08-07 00:00:00,7928.0,7803.201637018504,6830.278419245066,6822.284904634532,-972.9232,-7.993514610534713
2021-08-07 01:00:00,7928.0,7759.919174833167,6717.627548856604,6725.214892908824,-1042.2916,7.587344052220205
2021-08-07 02:00:00,7928.0,7706.661262500277,6559.661994922152,6552.200365426999,-1146.9993,-7.461629495152522
2021-08-07 03:00:00,7928.0,7697.913833742389,6318.734390383014,6296.568009750319,-1379.1794,-22.166380632694885
2021-08-07 04:00:00,7928.0,7764.887522900505,6294.75641938488,6316.865927753984,-1470.1311,22.109508369103075
2021-08-07 05:00:00,7461.0,7886.810233334004,6240.008963802754,6180.785700928453,-1646.8013,-59.223262874300964
2021-08-07 06:00:00,7688.0,8004.758914909197,6506.599491081072,6470.959223249538,-1498.1594,-35.64026783153478
2021-08-07 07:00:00,7840.0,8063.073947060583,6755.875338662146,6752.28075717411,-1307.1986,-3.5945814880358644
2021-08-07 08:00:00,7935.0,8042.942250421584,6940.138905695021,6930.682478321329,-1102.8033,-9.456427373692094
2021-08-07 09:00:00,7976.0,7964.930152015244,6969.534277991806,6949.574607723612,-995.3959,-19.959670268194287
2021-08-07 10:00:00,7949.0,7866.865682269344,6866.076253558406,6850.762736414994,-1000.7894,-15.313517143412605
2021-08-07 11:00:00,7921.0,7781.210702518067,6716.744027713379,6706.845766552411,-1064.4667,-9.8982611609679
2021-08-07 12:00:00,7990.0,7727.8066620181025,6613.7571014712275,6603.577637249302,-1114.0496,-10.179464221925183
2021-08-07 13:00:00,8082.0,7716.79687570876,6654.290772193135,6644.314676080897,-1062.5061,-9.976096112237956
2021-08-07 14:00:00,8171.0,7747.090028972369,6834.240907878619,6832.986828446836,-912.8491,-1.2540794317831154
2021-08-07 15:00:00,8289.0,7797.227381087429,7102.853174544461,7097.281321644007,-694.3742,-5.571852900453177
2021-08-07 16:00:00,8285.0,7822.776898720231,7405.426526405778,7409.12287982694,-417.35037,3.6963534211629283
2021-08-07 17:00:00,8136.0,7774.960198823912,7410.492425386412,7411.525390731489,-364.46777,1.03296534507692
2021-08-07 18:00:00,7884.0,7634.75242513889,7197.561110441625,7184.5147283665,-437.1913,-13.04638207512463
2021-08-07 19:00:00,8042.0,7435.362117402811,7122.1978717973425,7133.906749669029,-313.16425,11.708877871686399
2021-08-07 20:00:00,7785.0,7248.465161632743,6712.886121105399,6745.619181250488,-535.57904,32.73306014508878
2021-08-07 21:00:00,7350.0,7138.38813456805,6130.701733200863,6111.229031903307,-1007.6864,-19.472701297555187
2021-08-07 22:00:00,6975.0,7118.6446372859955,5964.7403404109955,5933.093362439358,-1153.9043,-31.646977971636893
2021-08-07 23:00:00,7834.5,7147.175477141869,6085.601502532494,6046.1194400786835,-1061.574,-39.482062453811004
2021-08-08 00:00:00,7811.5,7165.460032099808,6476.964853877152,6491.228574193516,-688.4952,14.26372031636395
2021-08-08 01:00:00,7811.5,7148.952537069404,6369.230979452216,6359.5899396385375,-779.72156,-9.641039813678939
2021-08-08 02:00:00,7811.5,7126.260186872636,6195.711602888261,6214.094828946541,-930.5486,18.383226058280407
2021-08-08 03:00:00,7811.5,7151.7590555148745,5893.546531100812,5874.942147708987,-1258.2125,-18.604383391824804
2021-08-08 04:00:00,7811.5,7256.5154749075855,5954.4922815482105,5970.7261247528595,-1302.0232,16.233843204648746
2021-08-08 05:00:00,7217.0,7419.576271772274,5920.051735639461,5936.016444555948,-1499.5245,15.964708916486796
2021-08-08 06:00:00,7497.0,7581.803268571628,6229.3353730638155,6229.794209056128,-1352.4679,0.4588359923128288
2021-08-08 07:00:00,7782.0,7687.293771990492,6545.849191912367,6569.595343842244,-1141.4446,23.74615192987709
2021-08-08 08:00:00,7920.0,7716.9692208104225,6736.666608505735,6736.9756179366,-980.3026,0.30900943086534816
2021-08-08 09:00:00,7916.0,7691.110419561578,6798.454718877984,6809.566498337837,-892.6557,11.111779459853318
2021-08-08 10:00:00,7899.0,7647.2397277152695,6697.6159484183945,6703.253783038233,-949.6238,5.637834619838855
2021-08-08 11:00:00,7838.0,7617.4932638942155,6521.675270730153,6534.573599607251,-1095.818,12.898328877097466
2021-08-08 12:00:00,7858.0,7621.368663953445,6367.747936414383,6379.095064006547,-1253.6207,11.347127592163904
2021-08-08 13:00:00,7862.0,7668.650677557852,6450.152264471914,6449.935649521807,-1218.4984,-0.21661495010743675
2021-08-08 14:00:00,7901.0,7757.877651335509,6569.196987273009,6586.7573833374945,-1188.6807,17.560396064485396
2021-08-08 15:00:00,8005.0,7867.210988678301,6854.435353912676,6844.566634489159,-1012.77563,-9.868719423517177
2021-08-08 16:00:00,8050.0,7951.832353339155,7250.699174628217,7235.821587158658,-701.1332,-14.877587469559378
2021-08-08 17:00:00,8000.0,7962.576096179149,7352.491379382274,7353.361700553828,-610.0847,0.8703211715536288
2021-08-08 18:00:00,7793.0,7880.036352407837,7126.03189684143,7129.952642478992,-754.00446,3.920745637561803
2021-08-08 19:00:00,8044.0,7737.052819844802,7101.450097676833,7108.345932717681,-635.6027,6.895835040847847
2021-08-08 20:00:00,7793.0,7604.946532507714,6722.000182410058,6727.5881419898815,-882.94635,5.587959579823526
2021-08-08 21:00:00,7315.0,7547.701373503046,6134.860797331171,6124.740739763867,-1412.8406,-10.120057567304206
2021-08-08 22:00:00,7880.5,7578.49871272102,6240.299127760082,6223.9471538884045,-1338.1996,-16.351973871677988
2021-08-08 23:00:00,7881.5,7654.960036722133,6576.239577737758,6568.369386508961,-1078.7205,-7.8701912287974425
2021-08-09 00:00:00,7950.5,7718.265447877096,6681.412176392721,6725.606531069566,-1036.8533,44.19435467684433
2021-08-09 01:00:00,8002.5,7743.598124120735,6629.03733310511,6632.21128885406,-1114.5608,3.1739557489499464
2021-08-09 02:00:00,8024.5,7759.326872957845,6365.243987215657,6353.117433204186,-1394.0829,-12.126554011470516
2021-08-09 03:00:00,7604.0,7819.621053723714,6035.768514661214,5995.006860254268,-1783.8525,-40.76165440694564
2021-08-09 04:00:00,8105.0,7955.368255173564,6539.477263962626,6508.6444669019775,-1415.891,-30.832797060648858
2021-08-09 05:00:00,8548.0,8145.462785944316,6894.940447077129,6890.552993833467,-1250.5223,-4.387453243662328
2021-08-09 06:00:00,8816.0,8330.642834874114,7220.828747960051,7234.376731863001,-1109.8141,13.547983902949234
2021-08-09 07:00:00,8874.0,8454.916350732768,7675.188872705425,7642.833710083104,-779.7275,-32.35516262232058
2021-08-09 08:00:00,8984.0,8499.153868902884,7776.022032965384,7764.826472680979,-723.13184,-11.19556028440474
2021-08-09 09:00:00,9049.0,8483.624126692961,7821.952007552336,7810.3659554715,-661.6721,-11.586052080836572
2021-08-09 10:00:00,8989.0,8445.873549451475,7754.9167623421,7737.834606092743,-690.9568,-17.082156249356416
2021-08-09 11:00:00,8936.0,8418.095356063526,7505.624713973682,7502.8515416343225,-912.47064,-2.7731723393601952
2021-08-09 12:00:00,8854.0,8419.875597105018,7417.925279722205,7431.832751368556,-1001.9503,13.907471646350702
2021-08-09 13:00:00,8831.0,8461.117844538527,7312.948288874464,7326.058858569289,-1148.1696,13.110569694825607
2021-08-09 14:00:00,8783.0,8540.507969498798,7371.230259537861,7364.8286324120945,-1169.2777,-6.40162712576646
2021-08-09 15:00:00,8673.0,8636.380768239625,7523.5274967552505,7514.3405098831245,-1112.8533,-9.186986872126427
2021-08-09 16:00:00,8650.0,8704.114795967236,7797.230640693799,7802.863477745443,-906.88416,5.6328370516439605
2021-08-09 17:00:00,8538.0,8694.76454749665,7853.950460582588,7845.709085349735,-840.8141,-8.241375232853217
2021-08-09 18:00:00,8295.0,8589.168819173492,7624.429500325836,7587.7418284914975,-964.7393,-36.68767183433799
2021-08-09 19:00:00,8409.0,8420.436279694924,7442.138550202737,7455.113487434831,-978.2977,12.974937232093792
2021-08-09 20:00:00,8057.0,8260.176857495919,7079.355446363106,7057.083230535293,-1180.8214,-22.272215827812758
2021-08-09 21:00:00,7588.0,8172.6751880389,6713.826799367025,6684.297954075625,-1458.8484,-29.528845291399755
2021-08-09 22:00:00,8498.0,8171.417365441507,7309.953559289163,7300.206627767998,-861.4638,-9.74693152116593
2021-08-09 23:00:00,8498.0,8214.329941739301,7354.168808926801,7340.854527520055,-860.16113,-13.31428140674639
2021-08-10 00:00:00,8498.0,8242.899659742763,7542.348878492763,7544.800413757327,-700.5508,2.451535264563954
2021-08-10 01:00:00,8498.0,8232.620426892057,7433.91547083737,7441.987355890837,-798.70496,8.071885053466675
2021-08-10 02:00:00,8498.0,8212.174962961664,7070.415319406977,7105.71763262137,-1141.7596,35.30231321439345
2021-08-10 03:00:00,8498.0,8236.043727254719,6429.373927450031,6426.252411249811,-1806.6698,-3.1215162002201033
2021-08-10 04:00:00,8160.0,8335.41430873081,6835.565797988622,6816.8904410511395,-1499.8485,-18.675356937482732
2021-08-10 05:00:00,8458.0,8489.464042952108,7173.867729475545,7192.194960112685,-1315.5963,18.32723063714036
2021-08-10 06:00:00,8590.0,8639.196205724782,7518.5474020138445,7506.854861135201,-1120.6488,-11.69254087864378
2021-08-10 07:00:00,8634.0,8728.868195263667,7694.12759467773,7699.671889717207,-1034.7406,5.544295039477428
2021-08-10 08:00:00,8770.0,8739.586015168,7801.913529816438,7817.695395047356,-937.6725,15.781865230918097
2021-08-10 09:00:00,8824.0,8691.838337979027,7874.877461514183,7887.40258020943,-816.9609,12.525118695246876
2021-08-10 10:00:00,8701.0,8623.37195973181,7755.136669204467,7779.263356610032,-868.2353,24.126687405565296
2021-08-10 11:00:00,8709.0,8566.557091391747,7523.72811189956,7533.460418960657,-1042.829,9.732307061097034
2021-08-10 12:00:00,8704.0,8541.131576438394,7379.491195579019,7387.641401615578,-1161.6404,8.150206036558478
2021-08-10 13:00:00,8653.0,8557.125181718297,7289.1256699995465,7265.236731511599,-1267.9995,-23.88893848794757
2021-08-10 14:00:00,8616.0,8613.323773614797,7312.490399591359,7314.4968418748,-1300.8334,2.006442283441313
2021-08-10 15:00:00,8506.0,8688.134789932292,7535.287499893229,7536.6268433794085,-1152.8473,1.3393434861786921
2021-08-10 16:00:00,8649.0,8736.981933052946,7783.320189888884,7785.016861562868,-953.66174,1.696671673984454
2021-08-10 17:00:00,8570.0,8710.939850606313,7912.0782783406885,7919.909220695408,-798.8616,7.830942354719938
2021-08-10 18:00:00,8328.0,8590.846986483179,7682.304994295679,7667.208757592833,-908.542,-15.096236702846221
2021-08-10 19:00:00,8388.0,8409.794603220234,7529.554246774922,7523.020510028222,-880.24036,-6.533736746700438
2021-08-10 20:00:00,8091.0,8239.357828393766,7112.052042260953,7092.444974960884,-1127.3058,-19.60706730006978
2021-08-10 21:00:00,8538.0,8143.765415118037,7255.670871661006,7268.012885864927,-888.09454,12.342014203921085
2021-08-10 22:00:00,8538.0,8136.423263853257,7361.333420103257,7365.351241610188,-775.08984,4.017821506930649
2021-08-10 23:00:00,8538.0,8175.154666259164,7397.762942626351,7400.876522127887,-777.3917,3.1135795015358942
2021-08-11 00:00:00,8538.0,8201.326305068595,7377.470958388907,7383.987395799653,-823.85535,6.516437410745918
2021-08-11 01:00:00,8538.0,8190.302871401271,7269.132095034083,7257.52856785654,-921.1708,-11.603527177543873
2021-08-11 02:00:00,8538.0,8170.632969394191,6956.693638339503,6945.040988613748,-1213.9393,-11.652649725755447
2021-08-11 03:00:00,7816.0,8196.657183189134,6479.860186118822,6497.979236717568,-1716.797,18.119050598746426
2021-08-11 04:00:00,8386.0,8299.41422505603,6626.137613727906,6609.219768730691,-1673.2766,-16.91784499721513
2021-08-11 05:00:00,8748.0,8457.922575810246,7061.419524052433,7058.640855555237,-1396.503,-2.7786684971957003
2021-08-11 06:00:00,8936.0,8613.020403519597,7495.542864457097,7484.959304489745,-1117.4775,-10.583559967352342
2021-08-11 07:00:00,8983.0,8708.800481362698,7767.37482218301,7788.958405119904,-941.42566,21.583582936893677
2021-08-11 08:00:00,9023.0,8726.21045187103,7869.598025113217,7876.672673392594,-856.6124,7.074648279377769
2021-08-11 09:00:00,9041.0,8685.589110643294,7835.258666307356,7839.934462342888,-850.33044,4.6757960355319454
2021-08-11 10:00:00,9006.0,8624.541207775717,7650.361459240561,7655.400494401615,-974.17975,5.039035161053665
2021-08-11 11:00:00,8922.0,8575.301875796104,7504.327510561729,7510.423772031804,-1070.9744,6.0962614700759685
2021-08-11 12:00:00,8852.0,8557.481520314053,7355.934645314053,7395.335820221718,-1201.5469,39.40117490766434
2021-08-11 13:00:00,8767.0,8580.991726285567,7293.314724332442,7291.224002205241,-1287.677,-2.0907221272005123
2021-08-11 14:00:00,8702.0,8644.510350986411,7361.242040439536,7367.40182128133,-1283.2683,6.159780841793617
2021-08-11 15:00:00,8657.0,8726.346854705196,7500.280570525509,7495.643374399188,-1226.0663,-4.637196126320265
2021-08-11 16:00:00,8720.0,8781.837357552522,7800.1026163415845,7790.058317639475,-981.73474,-10.04429870210975
2021-08-11 17:00:00,8660.0,8761.981819202816,7941.56378941766,7971.928209569024,-820.418,30.36442015136402
2021-08-11 18:00:00,8422.0,8647.560882847514,7679.9669497420455,7691.227404415588,-967.59393,11.260454673542753
2021-08-11 19:00:00,8501.0,8471.627374019878,7588.240411129253,7637.1780394461475,-883.38696,48.93762831689519
2021-08-11 20:00:00,8186.0,8305.735574329277,7153.52085264959,7152.502036685506,-1152.2147,-1.018815964083887
2021-08-11 21:00:00,8658.5,8214.105434707952,7193.988186172795,7269.448154091105,-1020.11725,75.45996791830919
2021-08-11 22:00:00,8658.5,8210.140612009583,7253.252794626771,7266.114528651233,-956.8878,12.861734024461636
2021-08-11 23:00:00,8658.5,8251.667344650337,7422.933824142525,7422.654381543522,-828.7335,-0.27944259900356827
2021-08-12 00:00:00,8658.5,8280.06379234754,7594.596629261603,7637.129397198448,-685.46716,42.53276793684476
2021-08-12 01:00:00,8658.5,8270.719101190414,7511.0914766786955,7523.613395143586,-759.6276,12.521918464890463
2021-08-12 02:00:00,8658.5,8252.2201503385,7204.352352486938,7190.2360898276065,-1047.8678,-14.116262659331301
2021-08-12 03:00:00,8658.5,8278.955176429223,6670.840064124535,6706.179116677459,-1608.1151,35.33905255292407
2021-08-12 04:00:00,8417.0,8382.012983157954,6925.029340579829,6902.187361267605,-1456.9836,-22.841979312223533
2021-08-12 05:00:00,8715.0,8540.459848673583,7277.731210978271,7302.391980542738,-1262.7286,24.660769564467014
2021-08-12 06:00:00,8857.0,8695.17940781997,7610.606287702782,7667.007742675243,-1084.5731,56.40145497246185
2021-08-12 07:00:00,8873.0,8790.310592767946,7838.2554780218525,7862.4694755384135,-952.0551,24.213997516560966
2021-08-12 08:00:00,8985.0,8806.85006760868,7949.260956280556,7956.009589959587,-857.5891,6.748633679031322
2021-08-12 09:00:00,9019.0,8765.187274021453,7985.762103123016,8001.460275514296,-779.4252,15.69817239128049
2021-08-12 10:00:00,8960.0,8702.975322765094,7876.0551567494695,7880.4098936947075,-826.92017,4.354736945237807
2021-08-12 11:00:00,8892.0,8652.49154784576,7601.555268548886,7641.601043036248,-1050.9363,40.04577448736175
2021-08-12 12:00:00,8851.0,8633.380348065271,7459.634498455896,7488.659693500495,-1173.7458,29.025195044599364
2021-08-12 13:00:00,8795.0,8655.578311641393,7411.679630000768,7413.069543621223,-1243.8987,1.3899136204547395
2021-08-12 14:00:00,8770.0,8717.778186554924,7462.732410187737,7477.183745671017,-1255.0458,14.4513354832804
2021-08-12 15:00:00,8612.0,8798.292415132712,7712.446834078024,7713.035817480341,-1085.8456,0.5889834023177764
2021-08-12 16:00:00,8633.0,8852.447305687901,7921.2778720941515,7936.4076926898915,-931.16943,15.129820595740226
2021-08-12 17:00:00,8616.0,8831.22188420378,8053.178610277999,8048.358046240762,-778.0433,-4.8205640372371725
2021-08-12 18:00:00,8522.0,8715.368335319,7818.71178014322,7853.506308129817,-896.65656,34.7945279865971
2021-08-12 19:00:00,8650.0,8537.906016429992,7682.943003734679,7701.339526583629,-854.963,18.396522848949726
2021-08-12 20:00:00,8342.0,8370.349429209464,7261.989199717276,7255.307836469582,-1108.3602,-6.681363247694242
2021-08-12 21:00:00,7959.0,8276.867779174456,7337.9004329830495,7345.249109663406,-938.96735,7.3486766803566566
2021-08-12 22:00:00,7674.0,8270.798828151797,7450.262268093204,7481.431466254327,-820.53656,31.169198161122548
2021-08-12 23:00:00,7524.0,8309.888090033595,7298.498319525783,7317.348594619623,-1011.3898,18.85027509384064
2021-08-13 00:00:00,7560.0,8335.42355916503,7089.408666586905,7068.591668707965,-1246.0149,-20.816997878940146
2021-08-13 01:00:00,7629.0,8322.701601122422,6806.488466356797,6778.109561498604,-1516.2131,-28.378904858193064
2021-08-13 02:00:00,7787.0,8300.217212207628,6578.915698535753,6599.3839988877335,-1721.3015,20.468300351979995
2021-08-13 03:00:00,8250.0,8322.266124244838,6534.898936744838,6504.596656728927,-1787.3672,-30.302280015911037
2021-08-13 04:00:00,8786.0,8419.840206663688,6815.052486937126,6854.570378045024,-1604.7877,39.517891107897974
2021-08-13 05:00:00,9039.0,8571.902932617644,7286.893899414519,7287.238315745832,-1285.009,0.3444163313126181
2021-08-13 06:00:00,9025.0,8719.23262738854,7718.865073677602,7716.456733790685,-1000.36755,-2.408339886916779
2021-08-13 07:00:00,9053.0,8805.86689363664,7862.091441976483,7851.764244209856,-943.77545,-10.327197766626801
2021-08-13 08:00:00,9096.0,8812.710685035227,7984.40154196882,7989.879258232915,-828.30914,5.47771626409515
2021-08-13 09:00:00,9094.0,8760.07353588604,7916.832874264946,7911.6757373018245,-843.24066,-5.157136963121581
2021-08-13 10:00:00,9159.0,8685.539865703578,7750.6223852348285,7720.788202585612,-934.9175,-29.834182649215652
2021-08-13 11:00:00,8852.0,8621.328831736673,7577.729344431986,7585.159393866403,-1043.5995,7.430049434416964
2021-08-13 12:00:00,8753.0,8587.038092858296,7345.467902428609,7350.227541657694,-1241.5702,4.759639229084797
2021-08-13 13:00:00,8732.0,8592.570875930252,7205.778517531815,7208.112247219117,-1386.7924,2.3337296873021742
2021-08-13 14:00:00,8654.0,8636.601254318213,7301.670224044776,7307.810031379785,-1334.931,6.139807335009228
2021-08-13 15:00:00,8592.0,8697.437984218232,7492.627925624482,7472.106544243874,-1204.81,-20.52138138060782
2021-08-13 16:00:00,8547.0,8730.419519463718,7792.121728936374,7780.66824472863,-938.2978,-11.453484207743466
2021-08-13 17:00:00,8445.0,8686.555862618896,7813.411880685302,7796.619343714794,-873.144,-16.792536970507914
2021-08-13 18:00:00,8211.0,8546.653503288679,7545.817443718366,7546.026901957675,-1000.83606,0.20945823930883994
2021-08-13 19:00:00,8337.0,8343.812399807723,7402.200522366316,7420.98534342194,-941.6119,18.78482105562371
2021-08-13 20:00:00,7954.0,8149.652638541902,6967.525441276277,6975.473444640779,-1182.1272,7.948003364502036
2021-08-13 21:00:00,7492.0,8028.468858562182,6583.577501140307,6587.272359347988,-1444.8914,3.694858207680912
2021-08-13 22:00:00,8125.0,7993.738965615456,6615.840772256081,6660.1715406954145,-1377.8982,44.33076843933316
2021-08-13 23:00:00,8114.0,8003.362224733603,6842.049724733603,6858.603848542982,-1161.3125,16.55412380937795
2021-08-14 00:00:00,8090.5,7998.797495681831,7078.380198318549,7047.863805408473,-920.4173,-30.516392910076018
2021-08-14 01:00:00,8090.5,7955.533626593653,6940.3364830389655,6914.064693731184,-1015.19714,-26.27178930778158
2021-08-14 02:00:00,8090.5,7902.280485187138,6705.828825030888,6702.523808001816,-1196.4517,-3.3050170290718612
2021-08-14 03:00:00,8090.5,7893.566413687994,6608.530647086432,6598.097845180208,-1285.0358,-10.43280190622285
2021-08-14 04:00:00,7237.0,7960.626338520913,6502.048335591226,6505.686700515804,-1458.578,3.6383649245778935
2021-08-14 05:00:00,7548.0,8082.671995334755,6262.446409397255,6281.987853189374,-1820.2256,19.541443792118724
2021-08-14 06:00:00,7785.0,8200.734473021135,6765.28696325551,6778.805698468949,-1435.4475,13.518735213439168
2021-08-14 07:00:00,8064.0,8259.110831181153,7002.806754032716,7038.721478806763,-1256.3041,35.91472477404715
2021-08-14 08:00:00,8186.0,8238.97335004549,7323.6586527798645,7332.8939584667705,-915.3147,9.235305686906283
2021-08-14 09:00:00,8242.0,8160.904366362515,7301.1668785695465,7338.459267523944,-859.7375,37.29238895439751
2021-08-14 10:00:00,8164.0,8062.761355263566,7189.017214638566,7199.439848487406,-873.74414,10.422633848840816
2021-08-14 11:00:00,8117.0,7977.031445982082,7002.8145270367695,6996.026531435213,-974.2169,-6.787995601556771
2021-08-14 12:00:00,8159.0,7923.571533027211,6889.804809394399,6863.197269950374,-1033.7667,-26.607539444024855
2021-08-14 13:00:00,8259.0,7912.53282851584,6907.570548242403,6904.672878739214,-1004.9623,-2.8976695031890296
2021-08-14 14:00:00,8335.0,7942.823171291829,7036.463491116047,7042.3708316449665,-906.3597,5.907340528918748
2021-08-14 15:00:00,8259.0,7992.967122581671,7387.805806663702,7360.647596512218,-605.1613,-27.15821015148369
2021-08-14 16:00:00,8240.0,8018.498071753542,7615.927240454714,7594.50496770964,-402.57083,-21.42227274507347
2021-08-14 17:00:00,8066.0,7970.599676675786,7640.953070230474,7615.145335076505,-329.6466,-25.807735153968704
2021-08-14 18:00:00,7736.0,7830.232279651134,7440.3973492312125,7440.026107257883,-389.83493,-0.371241973329459
2021-08-14 19:00:00,7922.0,7630.630271668314,7200.716392273783,7168.900418983221,-429.91388,-31.815973290561416
2021-08-14 20:00:00,7612.0,7443.525327976705,6923.877928074361,6918.703289060576,-519.6474,-5.174639013785272
2021-08-14 21:00:00,7102.0,7333.294094049107,6420.060573541295,6399.958144400357,-913.2335,-20.102429140937225
2021-08-14 22:00:00,6887.0,7313.460692969573,6166.86877402426,6144.745126081515,-1146.5919,-22.12364794274532
2021-08-14 23:00:00,6795.0,7341.933203912522,6009.342627740647,6037.361794866869,-1332.5906,28.019167126222182
2021-08-15 00:00:00,6792.0,7319.018711014423,5876.900669022236,5888.423976030298,-1442.118,11.523307008062092
2021-08-15 01:00:00,6682.0,7302.405673033761,5840.675082213448,5854.55071547459,-1461.7306,13.875633261141646
2021-08-15 02:00:00,6569.0,7279.5969907522685,5606.2268735647685,5578.468755262813,-1673.3701,-27.758118301955825
2021-08-15 03:00:00,7674.0,7305.011063510817,5577.245804721754,5598.806272217885,-1727.7653,21.560467496130563
2021-08-15 04:00:00,7674.0,7409.738407333619,5924.356205185181,5909.972521801883,-1485.3822,-14.383683383298793
2021-08-15 05:00:00,7674.0,7572.809549141754,6130.576761055817,6168.429596402519,-1442.2328,37.85283534670163
2021-08-15 06:00:00,7096.0,7735.040295124756,6405.186047077881,6409.282671822598,-1329.8542,4.0966247447165625
2021-08-15 07:00:00,7584.0,7840.484454809458,6605.593585668833,6651.3325617280925,-1234.8909,45.7389760592598
2021-08-15 08:00:00,7852.0,7870.048628616689,6789.303145218251,6776.7820010775995,-1080.7455,-12.52114414065192
2021-08-15 09:00:00,7954.0,7844.029413839882,6895.87353005082,6876.82755512985,-948.1559,-19.045974920969016
2021-08-15 10:00:00,7977.0,7799.978380513264,6817.43010170467,6805.0369972369035,-982.5483,-12.393104467766346
2021-08-15 11:00:00,7993.0,7770.056665852619,6659.319971516681,6635.833175987925,-1110.7367,-23.48679552875674
2021-08-15 12:00:00,7971.0,7773.777088701403,6530.6568494435905,6500.022166619978,-1243.1202,-30.634682823613165
2021-08-15 13:00:00,7996.0,7820.932022981569,6548.423478059694,6529.586790077038,-1272.5085,-18.836687982656684
2021-08-15 14:00:00,8058.0,7910.058687674357,6687.65646599467,6672.332785449182,-1222.4022,-15.323680545488335
2021-08-15 15:00:00,8112.0,8019.30150135675,6970.881945692688,6960.926393268041,-1048.4196,-9.955552424647145
2021-08-15 16:00:00,8224.0,8103.807260697544,7300.3434545452,7302.5933805484865,-803.4638,2.2499260032862343
2021-08-15 17:00:00,8179.0,8114.372067302208,7331.968808024864,7318.091721494674,-782.40326,-13.877086530190553
2021-08-15 18:00:00,7974.0,8031.574967065039,7119.673844018164,7118.310620551481,-911.9011,-1.3632234666825565
2021-08-15 19:00:00,8157.0,7888.28122612357,7033.032019580602,7053.944682276695,-855.2492,20.912662696093424
2021-08-15 20:00:00,7978.0,7755.86739234649,6569.441244885553,6524.508130833149,-1186.4261,-44.93311405240367
2021-08-15 21:00:00,7563.0,7698.367152288566,6228.740077093254,6222.160829658037,-1469.6271,-6.579247435216866
2021-08-15 22:00:00,7994.5,7728.972145086748,6119.602638250811,6064.574276277937,-1609.3695,-55.02836197287375
2021-08-15 23:00:00,8027.0,7805.270891217816,6483.287126569378,6422.15208506031,-1321.9838,-61.13504150906792
2021-08-16 00:00:00,8085.0,7909.529057735815,6672.561162228002,6617.833964621959,-1236.9679,-54.72719760604241
2021-08-16 01:00:00,8134.5,7934.648066465941,6509.566157286254,6471.553935703145,-1425.0819,-38.012221583109074
2021-08-16 02:00:00,8168.0,7950.14994847431,6191.134201403997,6166.196091696081,-1759.0157,-24.938109707916663
2021-08-16 03:00:00,7834.0,8010.246229772426,6432.846327428676,6433.119501091043,-1577.3999,0.273173662367418
2021-08-16 04:00:00,8462.0,8145.848548342843,6827.639563967843,6828.318575879487,-1318.209,0.6790119116440825
2021-08-16 05:00:00,8714.0,8335.834803031503,7221.596033500253,7214.930760197862,-1114.2388,-6.665273302391263
2021-08-16 06:00:00,8786.0,8520.897082181818,7590.98967251385,7556.518353846409,-929.9074,-34.47131866744107
2021-08-16 07:00:00,8909.0,8644.999779563095,7769.307030539658,7768.506102932344,-875.69275,-0.8009276073136831
2021-08-16 08:00:00,8970.0,8688.998561076067,7964.453517130754,7978.838275365235,-724.54504,14.384758234480563
2021-08-16 09:00:00,8940.0,8673.177952478847,7990.798924158535,7992.731497243743,-682.379,1.9325730852087275
2021-08-16 10:00:00,8992.0,8635.113611970384,7853.843836579759,7891.801961973247,-781.2698,37.958125393487485
2021-08-16 11:00:00,8941.0,8607.023825487076,7656.291525682389,7676.090643424798,-950.7323,19.799117742409354
2021-08-16 12:00:00,8846.0,8608.509900467283,7471.632092850095,7494.970091616787,-1136.8778,23.337998766691143
2021-08-16 13:00:00,8736.0,8649.483131511195,7361.471534831508,7364.194619261094,-1288.0116,2.7230844295859904
2021-08-16 14:00:00,8663.0,8728.628383766712,7401.289760719837,7412.395830125852,-1327.3386,11.106069406013868
2021-08-16 15:00:00,8649.0,8824.263612209033,7548.756287990283,7562.6046445440725,-1275.5073,13.848356553788825
2021-08-16 16:00:00,8734.0,8891.73266875144,7854.290408009252,7880.803099391464,-1037.4423,26.512691382211486
2021-08-16 17:00:00,8680.0,8882.051981185441,7968.78312132216,7994.141059389666,-913.26886,25.35793806750689
2021-08-16 18:00:00,8490.0,8776.04545524808,7721.0352013418305,7691.966256167223,-1055.0103,-29.068945174607737
2021-08-16 19:00:00,8532.0,8606.847541067915,7617.905768606977,7631.305187487762,-988.9418,13.399418880784468
2021-08-16 20:00:00,8185.0,8446.123906136218,7210.265385628405,7225.776096839345,-1235.8585,15.510711210940366
2021-08-16 21:00:00,8656.0,8358.20922447709,6992.669795766153,6962.591273613031,-1365.5394,-30.07852215312141
2021-08-16 22:00:00,8656.0,8356.600101991347,7317.47913031166,7334.263100378745,-1039.121,16.783970067084706
2021-08-16 23:00:00,8656.0,8399.190372201323,7414.995242806792,7434.215248992152,-984.1951,19.220006185360447
2021-08-17 00:00:00,8656.0,8427.421268663491,7513.059757433022,7516.341553404253,-914.3615,3.281795971231056
2021-08-17 01:00:00,8656.0,8416.767651090708,7410.316784391489,7393.218347080359,-1006.45087,-17.09843731112921
2021-08-17 02:00:00,8656.0,8395.934577302864,7174.4946358966135,7174.166821635272,-1221.44,-0.32781426134168223
2021-08-17 03:00:00,7986.0,8419.444917106895,6650.67318859127,6643.531446890761,-1768.7717,-7.141741700509808
2021-08-17 04:00:00,8538.0,8518.510545885907,6950.50920311247,6933.166136908095,-1568.0013,-17.343066204374484
2021-08-17 05:00:00,8783.0,8672.29261784498,7223.991958665292,7188.922507421894,-1448.3007,-35.06945124339874
2021-08-17 06:00:00,8976.0,8821.748526073523,7565.563223339148,7559.596524143044,-1256.1853,-5.966699196103878
2021-08-17 07:00:00,9088.0,8911.092319061168,7841.789218475231,7848.72838264132,-1069.3031,6.939164166089409
2021-08-17 08:00:00,9165.0,8921.415322137163,8010.019265008257,7972.353552314273,-911.39606,-37.66571269398402
2021-08-17 09:00:00,9219.0,8873.222171951256,8041.046451736413,8026.9184089774,-832.1757,-14.128042759012647
2021-08-17 10:00:00,9092.0,8804.289056322588,7879.395989916338,7886.454653578694,-924.89307,7.058663662356016
2021-08-17 11:00:00,9022.0,8747.011394462208,7680.496135673146,7676.180839100937,-1066.5153,-4.315296572208311
2021-08-17 12:00:00,8914.0,8721.142409337386,7548.669875157699,7523.121614725401,-1172.4725,-25.548260432297642
2021-08-17 13:00:00,8876.0,8736.71969396716,7421.898404904659,7390.617129944634,-1314.8213,-31.281274960025083
2021-08-17 14:00:00,8985.0,8792.52819284029,7496.572626434039,7494.558975769307,-1295.9556,-2.013650664732523
2021-08-17 15:00:00,8906.0,8866.958567031717,7772.60566175828,7753.7926931741695,-1094.3529,-18.812968584110223
2021-08-17 16:00:00,8952.0,8915.399860721573,8055.264179569229,8042.27828810953,-860.1357,-12.985891459699083
2021-08-17 17:00:00,8827.0,8888.88868054864,8181.945870490046,8168.317760007747,-706.9428,-13.628110482299228
2021-08-17 18:00:00,8640.0,8768.248587244974,7859.266653651224,7858.572604243302,-908.98193,-0.6940494079222753
2021-08-17 19:00:00,8559.0,8586.596614412443,7752.120906404631,7770.598855196808,-834.4757,18.477948792177134
2021-08-17 20:00:00,8191.0,8415.563601465034,7322.431887597846,7342.236492189883,-1093.1317,19.804604592036927
2021-08-17 21:00:00,8851.5,8319.428296991848,7472.489210077785,7541.928625132207,-846.9391,69.43941505442213
2021-08-17 22:00:00,8851.5,8311.60705567887,7566.269775405433,7587.838970689547,-745.3373,21.569195284113416
2021-08-17 23:00:00,8851.5,8349.890379907329,7635.45074367686,7622.537729908513,-714.43964,-12.913013768347255
2021-08-18 00:00:00,8851.5,8375.599360724693,7856.344416877037,7851.897559338955,-519.25494,-4.446857538081941
2021-08-18 01:00:00,8851.5,8364.079549003813,7748.232991386625,7748.594922576582,-615.84656,0.36193118995619944
2021-08-18 02:00:00,8857.0,8343.901785963777,7480.269278639558,7490.499854261241,-863.6325,10.230575621682675
2021-08-18 03:00:00,8857.0,8369.448958552994,6682.089949763931,6718.912777478018,-1687.359,36.82282771408726
2021-08-18 04:00:00,8601.0,8471.783952751497,7098.102678337435,7076.569248045304,-1373.6813,-21.533430292129857
2021-08-18 05:00:00,8887.0,8629.908952009928,7449.115983259928,7474.358606335068,-1180.793,25.242623075140145
2021-08-18 06:00:00,8984.0,8784.616124085496,7779.3102769175275,7793.753551918517,-1005.30585,14.443275000989534
2021-08-18 07:00:00,9029.0,8879.9547748974,7966.221681635681,7975.39850223052,-913.7331,9.176820594838478
2021-08-18 08:00:00,9109.0,8896.85775283932,8063.218348542445,8084.090760959349,-833.6394,20.872412416903934
2021-08-18 09:00:00,9152.0,8855.67970491228,8091.54054475603,8118.780585854839,-764.13916,27.240041098809616
2021-08-18 10:00:00,9142.0,8794.054664863932,8045.327125801432,8033.948735144038,-748.72754,-11.37839065739385
2021-08-18 11:00:00,9112.0,8744.242871190685,7785.8013428703725,7784.94235138439,-958.4415,-0.8589914859817416
2021-08-18 12:00:00,9126.0,8725.87001372137,7675.546649463557,7669.701184982275,-1050.3234,-5.845464481281927
2021-08-18 13:00:00,9153.0,8748.855416325796,7610.401680974233,7602.4547546627155,-1138.4537,-7.946926311517939
2021-08-18 14:00:00,9148.0,8811.875935982047,7791.716084907828,7797.365317186118,-1020.15985,5.6492322782899285
2021-08-18 15:00:00,9087.0,8893.224187382693,7996.426457890506,7975.83691683128,-896.7977,-20.58954105922522
2021-08-18 16:00:00,9172.0,8948.20157361262,8358.92502331965,8360.278794159223,-589.27655,1.3537708395721244
2021-08-18 17:00:00,9022.0,8927.769964906856,8476.7933413717,8477.49327892145,-450.97662,0.6999375497513374
2021-08-18 18:00:00,8713.0,8812.695083382216,8197.339980843153,8222.781976651735,-615.3551,25.441995808582316
2021-08-18 19:00:00,8617.0,8636.055498235228,7982.795610539915,7995.721333557598,-653.2599,12.925723017682865
2021-08-18 20:00:00,8960.5,8469.461185824635,7407.068485629323,7410.62422282239,-1062.3927,3.5557371930670545
2021-08-18 21:00:00,8960.5,8377.18208547443,7489.616350611148,7505.880313035571,-887.56573,16.26396242442287
2021-08-18 22:00:00,8960.5,8372.63231059507,7616.218431200539,7600.186111606428,-756.4139,-16.03231959411078
2021-08-18 23:00:00,8960.5,8413.605321497016,7734.478429407172,7729.539167120848,-679.1269,-4.939262286324071
2021-08-19 00:00:00,8960.5,8441.433705401349,7756.951893877911,7719.947274370093,-684.4818,-37.00461950781814
2021-08-19 01:00:00,8944.5,8431.487494456998,7658.149176585905,7618.228084511704,-773.3383,-39.9210920742011
2021-08-19 02:00:00,8887.0,8412.375837335074,7286.588727960074,7253.389555015961,-1125.7871,-33.199172944112526
2021-08-19 03:00:00,8887.0,8438.529310935071,6837.294325583509,6864.090234696143,-1601.235,26.79590911263399
2021-08-19 04:00:00,8700.0,8541.060933992943,7122.820089266381,7088.523087216488,-1418.2408,-34.29700204989225
2021-08-19 05:00:00,8899.0,8699.020731296556,7439.243509616868,7461.868976792148,-1259.7772,22.625467175279418
2021-08-19 06:00:00,9080.0,8853.246382855801,7720.333052777676,7731.70500018811,-1132.9133,11.371947410434123
2021-08-19 07:00:00,9112.0,8947.833399243838,7992.109400220401,7956.020853655261,-955.724,-36.088546565139545
2021-08-19 08:00:00,9177.0,8963.763695100282,8067.940086701845,8038.513261493394,-895.8236,-29.426825208451195
2021-08-19 09:00:00,9154.0,8921.442606011335,8091.701334038678,8055.611868028797,-829.7413,-36.089466009881235
2021-08-19 10:00:00,9086.0,8858.552565582564,7953.335890777877,7909.297857396313,-905.2167,-44.038033381563594
2021-08-19 11:00:00,9037.0,8807.396048619134,7680.287894322259,7656.8323992236865,-1127.1082,-23.455495098572452
2021-08-19 12:00:00,8990.0,8787.632767639707,7538.469925842832,7538.855240110423,-1249.1628,0.3853142675916833
2021-08-19 13:00:00,8875.0,8809.207073082529,7490.008220543466,7491.032274634501,-1319.1989,1.0240540910346538
2021-08-19 14:00:00,8983.0,8870.81072899711,7557.525938958048,7547.997663674902,-1313.2848,-9.528275283146288
2021-08-19 15:00:00,8926.0,8950.739340963624,7852.031699362062,7838.803276407627,-1098.7076,-13.22842295443491
2021-08-19 16:00:00,8950.0,9004.284501078788,8135.941727641288,8119.871715682768,-868.3428,-16.07001195852028
2021-08-19 17:00:00,8919.0,8982.38713840401,8240.566947974323,8216.507075471376,-741.8202,-24.05987250294733
2021-08-19 18:00:00,8708.0,8865.784500556956,8059.031631904612,8044.204499363454,-806.75287,-14.827132541158463
2021-08-19 19:00:00,8634.0,8687.521664174032,7814.664852650594,7833.647338083359,-872.8568,18.982485432764292
2021-08-19 20:00:00,8255.0,8519.16879301046,7406.860931682335,7366.795061968173,-1112.3079,-40.06586971416187
2021-08-19 21:00:00,8897.0,8424.945040338505,7472.041170709599,7490.530117922455,-952.9039,18.488947212856594
2021-08-19 22:00:00,8897.0,8418.198576509034,7635.5282884230965,7646.37653167278,-782.6703,10.848243249683811
2021-08-19 23:00:00,8897.0,8456.642082478034,7718.621696735847,7698.881158476231,-738.0204,-19.740538259615768
2021-08-20 00:00:00,8897.0,8476.719231902312,7811.819390593719,7837.198911877849,-664.89984,25.379521284130952
2021-08-20 01:00:00,8897.0,8463.304563257945,7680.305906031383,7686.02369915679,-782.99866,5.717793125407632
2021-08-20 02:00:00,8922.5,8440.116607414668,7309.709624992793,7272.936030432528,-1130.407,-36.77359456026433
2021-08-20 03:00:00,8193.0,8461.493363956495,6777.158891300245,6722.973710993183,-1684.3345,-54.18518030706227
2021-08-20 04:00:00,8726.0,8558.450843413175,7137.031409819425,7162.441229877889,-1421.4194,25.409820058464202
2021-08-20 05:00:00,9000.0,8709.936191515571,7499.251743273384,7548.3271438684815,-1210.6844,49.0754005950974
2021-08-20 06:00:00,9016.0,8856.68170592686,7805.760075067485,7861.100846076818,-1050.9216,55.34077100933346
2021-08-20 07:00:00,9128.0,8942.68149776403,7981.78208370153,8024.880681414084,-960.8994,43.09859771255449
2021-08-20 08:00:00,9197.0,8948.825705502222,8120.002402279566,8137.496857460269,-828.8233,17.49445518070295
2021-08-20 09:00:00,9206.0,8895.439697375286,8094.671508898724,8108.316893653853,-800.7682,13.645384755129554
2021-08-20 10:00:00,9119.0,8820.137162929685,7954.939225917966,7973.80672378865,-865.19794,18.86749787068444
2021-08-20 11:00:00,9031.0,8755.162356027748,7751.992434152748,7738.682957986523,-1003.1699,-13.309476166223766
2021-08-20 12:00:00,9059.0,8720.128214998826,7581.817423983201,7570.744181862604,-1138.3108,-11.073242120596207
2021-08-20 13:00:00,8991.0,8724.945705876846,7520.117458806533,7517.396095006409,-1204.8282,-2.7213638001238447
2021-08-20 14:00:00,8946.0,8768.287907396036,7634.391300950723,7633.283792838807,-1133.8966,-1.1075081119160917
2021-08-20 15:00:00,8925.0,8828.446741688378,7855.602015125878,7860.711986687706,-972.8447,5.109971561827348
2021-08-20 16:00:00,8908.0,8860.725963302633,8111.696788497946,8120.282217101548,-749.0292,8.585428603601551
2021-08-20 17:00:00,8841.0,8816.097509792315,8172.897131374346,8194.919533334994,-643.2004,22.022401960648484
2021-08-20 18:00:00,8656.0,8675.352981182938,7954.142287823563,7952.392617167465,-721.2107,-1.7496706560976767
2021-08-20 19:00:00,8634.0,8471.61811837676,7817.561416716604,7822.112669682538,-654.0567,4.551252965933258
2021-08-20 20:00:00,8311.0,8276.568749210068,7285.535790225693,7336.770385588257,-991.03296,51.234595362564725
2021-08-20 21:00:00,7840.0,8154.549555928004,6977.466914326442,6912.367082613633,-1177.0826,-65.0998317128087
2021-08-20 22:00:00,8404.0,8119.048963991132,7075.585829225507,7122.2056119919935,-1043.4631,46.6197827664864
2021-08-20 23:00:00,8398.5,8127.933532053789,7206.874999338946,7218.729874281908,-921.05853,11.854874942962843
2021-08-21 00:00:00,8352.5,8127.415848051742,7389.581436430648,7386.960852410313,-737.8344,-2.6205840203349284
2021-08-21 01:00:00,8352.5,8083.367317198962,7241.775703429431,7262.161419917867,-841.5916,20.385716488435303
2021-08-21 02:00:00,8352.5,8029.319372832728,6978.16470974679,7003.410332845263,-1051.1547,25.245623098472265
2021-08-21 03:00:00,8352.5,8019.842804290005,6688.3092349540675,6716.041812510136,-1331.5336,27.732577556068108
2021-08-21 04:00:00,8352.5,8086.196868522393,6686.634856803643,6682.885886962993,-1399.562,-3.748969840649533
2021-08-21 05:00:00,7929.0,8207.577171678351,6806.137474412726,6788.914466238401,-1401.4397,-17.223008174325845
2021-08-21 06:00:00,8136.0,8324.96897970994,7119.7005470927525,7126.00093398959,-1205.2684,6.300386896836931
2021-08-21 07:00:00,8334.0,8382.626070224402,7394.569978915808,7430.110956296705,-988.0561,35.54097738089682
2021-08-21 08:00:00,8481.0,8361.706120689352,7577.8497364120085,7552.869368369194,-783.8564,-24.98036804281532
2021-08-21 09:00:00,8474.0,8282.807515024006,7583.731282113849,7556.727972133563,-699.07623,-27.00330998028676
2021-08-21 10:00:00,8463.0,8183.817210281024,7450.3002425075865,7463.015347071922,-733.51697,12.715104564336302
2021-08-21 11:00:00,8371.0,8097.247640660313,7262.057943394688,7317.6550598077665,-835.1897,55.59711641307918
2021-08-21 12:00:00,8429.0,8042.971182728367,7206.6409214978985,7231.652782327881,-836.33026,25.011860829982414
2021-08-21 13:00:00,8508.0,8031.146982407996,7231.688974595496,7250.216983575346,-799.458,18.528008979849943
2021-08-21 14:00:00,8608.0,8060.68206841231,7370.006226127154,7413.019718745007,-690.67584,43.01349261785294
2021-08-21 15:00:00,8708.0,8110.08434013486,7779.14326957822,7797.146413611509,-330.94107,18.003144033289935
2021-08-21 16:00:00,8740.0,8134.852645608762,8071.692344400266,8061.252936932612,-63.1603,-10.439407467653993
2021-08-21 17:00:00,8628.0,8086.1327194057185,8130.57044065816,8098.286621483028,44.43772,-32.283819175131725
2021-08-21 18:00:00,8510.0,7944.870137945473,7941.716547266305,7965.393900373821,-3.1535907,23.677353107516637
2021-08-21 19:00:00,8561.0,7744.325178806131,7811.289305393045,7857.613317663886,66.96413,46.3240122708411
2021-08-21 20:00:00,8294.0,7556.285341587903,7288.951784458996,7250.575399303159,-267.33356,-38.376385155837184
2021-08-21 21:00:00,7794.0,7445.177375390688,6924.0089793945945,6916.409473452094,-521.1684,-7.599505942500172
2021-08-21 22:00:00,7417.0,7424.5359599932435,6474.1892803057435,6450.486697806419,-950.3467,-23.702582499323974
2021-08-21 23:00:00,8289.5,7452.236480812604,6466.5847474141665,6443.886974076269,-985.65173,-22.69777333789675
2021-08-22 00:00:00,8266.0,7469.66727288666,6971.692449888613,6937.09598103701,-497.97482,-34.596468851603504
2021-08-22 01:00:00,8236.0,7452.244412568227,6853.503628876821,6797.355207747385,-598.7408,-56.148421129435604
2021-08-22 02:00:00,8218.5,7428.619670111758,6599.274455268008,6583.141213473334,-829.3452,-16.133241794674376
2021-08-22 03:00:00,8218.5,7453.253803711708,6388.918476563271,6368.5034848583255,-1064.3353,-20.41499170494526
2021-08-22 04:00:00,8218.5,7557.261546818495,6367.93171283412,6338.600079608849,-1189.3298,-29.33163322527066
2021-08-22 05:00:00,7610.0,7719.657159597105,6449.008233815855,6397.383859337817,-1270.6489,-51.6243744780385
2021-08-22 06:00:00,7891.0,7881.21046478038,6628.466446225692,6627.071947657258,-1252.744,-1.394498568435098
2021-08-22 07:00:00,8116.0,7985.93180734901,6967.05143625526,6964.107488589783,-1018.8804,-2.9439476654769607
2021-08-22 08:00:00,8285.0,8014.712981675582,7224.951934312301,7248.381137146239,-789.76105,23.429202833938
2021-08-22 09:00:00,8362.0,7987.866409927108,7192.766190200546,7200.782816436908,-795.1002,8.016626236362608
2021-08-22 10:00:00,8338.0,7942.972904551093,7099.780277597968,7108.797201655715,-843.1926,9.016924057747215
2021-08-22 11:00:00,8247.0,7912.218652993105,6948.542810707949,6969.582928513433,-963.67584,21.040117805484098
2021-08-22 12:00:00,8225.0,7915.1316884104035,6768.8819325510285,6773.156768447216,-1146.2498,4.274835896187545
2021-08-22 13:00:00,8212.0,7961.512040113931,6744.957596754556,6751.94825165335,-1216.5544,6.990654898793819
2021-08-22 14:00:00,8284.0,8049.895830310218,6860.060503161781,6856.457187703536,-1189.8353,-3.60331545824501
2021-08-22 15:00:00,8349.0,8158.410523369617,7169.682862236805,7163.903855777495,-988.72766,-5.7790064593101
2021-08-22 16:00:00,8434.0,8242.168079225079,7556.192981568829,7508.304897344898,-685.9751,-47.888084223931386
2021-08-22 17:00:00,8454.0,8251.92638034474,7680.059009739271,7649.78041239008,-571.8674,-30.278597349190857
2021-08-22 18:00:00,8384.0,8168.249413156951,7602.494957590545,7581.262960625863,-565.75446,-21.231996964681365
2021-08-22 19:00:00,8511.0,8024.028041693317,7586.8598593202705,7584.598369222569,-437.16818,-2.2614900977014987
2021-08-22 20:00:00,8138.0,7890.69435701868,7167.196188073368,7179.883014917988,-723.49817,12.686826844619537
2021-08-22 21:00:00,8311.0,7832.331878201913,6675.846526639413,6646.37620598332,-1156.4854,-29.470320656093605
2021-08-22 22:00:00,8311.0,7862.142542441545,6751.401697714982,6752.712327371141,-1110.7408,1.3106296561588218
2021-08-22 23:00:00,8316.5,7937.681932651681,7016.562730991524,7028.188640094716,-921.1192,11.625909103191612
2021-08-23 00:00:00,8366.5,8000.038660547668,6978.333277246887,6967.344429878102,-1021.7054,-10.98884736878435
2021-08-23 01:00:00,8409.0,8024.35733576541,6986.879430491973,6993.919412779194,-1037.4779,7.03998228722097
2021-08-23 02:00:00,8444.0,8039.050973081116,6764.108468198304,6719.71796697662,-1274.9425,-44.390501221683756
2021-08-23 03:00:00,7893.0,8098.373292663529,6380.004640319779,6350.22382541103,-1718.3687,-29.780814908749534
2021-08-23 04:00:00,8477.0,8233.260008935695,6891.29931557632,6897.168036790062,-1341.9607,5.868721213741841
2021-08-23 05:00:00,8726.0,8422.572637870699,7310.598394706636,7350.057366473425,-1111.9742,39.458971766788586
2021-08-23 06:00:00,8737.0,8606.957193980043,7548.536417612855,7559.224036998209,-1058.4208,10.68761938535392
2021-08-23 07:00:00,8706.0,8730.334542431161,7687.117257274911,7710.813050525467,-1043.2173,23.695793250555347
2021-08-23 08:00:00,8762.0,8773.545505739346,7748.775364137784,7776.886767328384,-1024.7701,28.111403190599766
2021-08-23 09:00:00,8784.0,8756.890423936953,7748.433758897891,7749.496444306881,-1008.45667,1.0626854089902313
2021-08-23 10:00:00,8715.0,8717.974213625666,7598.203705813166,7609.954716508772,-1119.7705,11.751010695605883
2021-08-23 11:00:00,8646.0,8689.040253084706,7444.523773592518,7447.34008103517,-1244.5165,2.8163074426522794
2021-08-23 12:00:00,8554.0,8689.705131577615,7252.13311009324,7281.904411645128,-1437.572,29.771301551887902
2021-08-23 13:00:00,8551.0,8729.887891065255,7176.964429151192,7141.34704746354,-1552.9235,-35.6173816876525
2021-08-23 14:00:00,8571.0,8808.272415138747,7261.218582130934,7248.885047432996,-1547.0538,-12.333534697938427
2021-08-23 15:00:00,8667.0,8903.159841628958,7470.1450711211455,7439.700589287567,-1433.0148,-30.444481833578905
2021-08-23 16:00:00,8777.0,8969.859342993279,7813.421354712029,7810.17178256554,-1156.438,-3.249572146489549
2021-08-23 17:00:00,8752.0,8959.349303579353,8012.447203969978,7976.850636507089,-946.9021,-35.59656746288858
2021-08-23 18:00:00,8566.0,8852.438761808882,7852.508219816695,7857.539850521717,-999.93054,5.031630705022766
2021-08-23 19:00:00,8562.0,8682.287972186363,7744.070381854332,7710.755081589741,-938.2176,-33.315300264590526
2021-08-23 20:00:00,8383.0,8520.618364007827,7221.9495407656395,7184.167176470383,-1298.6688,-37.782364295255874
2021-08-23 21:00:00,8428.5,8431.81467222461,7310.860692732422,7297.547740220333,-1120.954,-13.31295251208853
2021-08-23 22:00:00,8428.5,8429.384036641493,7254.673587422743,7227.148525438472,-1174.7104,-27.52506198427185
2021-08-23 23:00:00,8428.5,8471.187594087942,7374.609347017629,7360.302154874922,-1096.5782,-14.307192142706874
2021-08-24 00:00:00,8428.5,8498.62109039084,7458.0695767189645,7437.539225666228,-1040.5515,-20.53035105273643
2021-08-24 01:00:00,8428.5,8487.14035875833,7326.4769066098925,7312.381105395611,-1160.6635,-14.09580121428208
2021-08-24 02:00:00,8428.5,8465.472815972007,6960.735999565757,6971.400459010183,-1504.7368,10.664459444426027
2021-08-24 03:00:00,8428.5,8488.183762985578,6552.965379196516,6517.459189203288,-1935.2184,-35.506189993227736
2021-08-24 04:00:00,8253.0,8586.509381930244,6870.507550875556,6819.542783665664,-1716.0018,-50.96476720989246
2021-08-24 05:00:00,8384.0,8739.594665686078,7162.462829748578,7215.070454515915,-1577.1318,52.60762476733708
2021-08-24 06:00:00,8453.0,8888.351144339,7309.818185354625,7292.103510919335,-1578.533,-17.71467443528906
2021-08-24 07:00:00,8382.0,8976.949536105614,7482.861889621239,7470.841075487962,-1494.0876,-12.020814133277048
2021-08-24 08:00:00,8404.0,8986.466507137815,7509.286941708127,7520.4238147424,-1477.1796,11.136873034272533
2021-08-24 09:00:00,8632.0,8937.42267702629,7501.725167260665,7507.929662452569,-1435.6975,6.204495191903695
2021-08-24 10:00:00,8558.0,8867.623643882082,7428.4056263039565,7438.629238936369,-1439.218,10.223612632412594
2021-08-24 11:00:00,8505.0,8809.490053370857,7258.205385402107,7274.747247432194,-1551.2847,16.541862030087387
2021-08-24 12:00:00,8527.0,8782.79052583248,7124.351927199668,7149.42448112436,-1658.4386,25.072553924691274
2021-08-24 13:00:00,8530.0,8797.570498057583,7102.852358409145,7137.612635304773,-1694.7181,34.76027689562738
2021-08-24 14:00:00,8608.0,8852.614009928053,7168.60070426399,7184.5333449126665,-1684.0133,15.932640648676495
2021-08-24 15:00:00,8563.0,8926.294962748034,7387.479777201159,7415.163260540038,-1538.8152,27.683483338879117
2021-08-24 16:00:00,8697.0,8973.967759159867,7670.361313847367,7664.700221200196,-1303.6064,-5.661092647170573
2021-08-24 17:00:00,8675.0,8946.630981155095,7833.13366670197,7837.975702505477,-1113.4973,4.842035803507263
2021-08-24 18:00:00,8581.0,8825.093322362785,7692.10967978466,7729.270427369981,-1132.9836,37.160747585320884
2021-08-24 19:00:00,8532.0,8642.497603140411,7607.157881460724,7616.740557433396,-1035.3397,9.582675972672396
2021-08-24 20:00:00,8294.0,8470.530390173828,7144.8869575566405,7141.948402227074,-1325.6434,-2.938555329566305
2021-08-24 21:00:00,8545.0,8373.520442625959,6894.871150633771,6932.539323533104,-1478.6493,37.668172899332724
2021-08-24 22:00:00,8545.0,8364.894584168595,7134.041434754532,7124.791961032351,-1230.8531,-9.24947372218177
2021-08-24 23:00:00,8547.5,8402.410542372834,7214.168110732209,7243.057131133213,-1188.2424,28.889020401004032
2021-08-25 00:00:00,8572.0,8427.343830756525,7377.561237983087,7403.365159343502,-1049.7826,25.803921360414236
2021-08-25 01:00:00,8594.5,8415.020873766869,7267.518676501244,7263.60322331616,-1147.5022,-3.915453185083811
2021-08-25 02:00:00,8641.5,8394.034763211039,6913.528293484476,6911.332615485502,-1480.5065,-2.195677998973745
2021-08-25 03:00:00,8255.0,8418.810702040897,6566.7844569237095,6554.384342265729,-1852.0262,-12.40011465798009
2021-08-25 04:00:00,8751.0,8520.435762823412,6829.4715294249745,6799.766911821494,-1690.9642,-29.704617603480333
2021-08-25 05:00:00,8885.0,8677.895844193778,7217.214569779715,7200.295837114339,-1460.6813,-16.918732665376147
2021-08-25 06:00:00,9044.0,8831.937125820285,7659.07897152341,7664.575013417681,-1172.8582,5.496041894270551
2021-08-25 07:00:00,9344.0,8926.565458284857,7816.0412883629815,7789.957039986032,-1110.5242,-26.084248376949226
2021-08-25 08:00:00,9433.0,8942.698907426486,8056.315301469454,8027.127339400164,-886.3836,-29.187962069290716
2021-08-25 09:00:00,9431.0,8900.707982914731,8090.9708613327,8101.8060107515685,-809.7371,10.835149418868674
2021-08-25 10:00:00,9285.0,8838.256013095282,7961.016816317939,7959.564929184961,-877.2392,-1.4518871329777205
2021-08-25 11:00:00,9209.0,8787.628353037404,7653.694271006154,7634.0361358520695,-1133.9341,-19.658135154084
2021-08-25 12:00:00,9201.0,8768.465987098078,7539.040938269953,7530.311272390368,-1229.425,-8.72966587958463
2021-08-25 13:00:00,9169.0,8790.695988026711,7508.341129628274,7490.0552916157285,-1282.3549,-18.28583801254579
2021-08-25 14:00:00,9113.0,8852.994222148547,7610.435628398547,7610.119597336089,-1242.5586,-0.3160310624580615
2021-08-25 15:00:00,9190.0,8933.636467875818,7808.145867289881,7809.800043869947,-1125.4906,1.6541765800669586
2021-08-25 16:00:00,9264.0,8987.889420273425,8202.170548203112,8201.883168596727,-785.7189,-0.28737960638415416
2021-08-25 17:00:00,9113.0,8966.676868787776,8326.693104139338,8295.836140415082,-639.98376,-30.85696372425696
2021-08-25 18:00:00,8901.0,8850.749622817724,8126.719471450537,8120.508764366845,-724.03015,-6.210707083691894
2021-08-25 19:00:00,8727.0,8673.212003219369,7893.800382125619,7862.3857743513545,-779.4116,-31.41460777426449
2021-08-25 20:00:00,8337.0,8505.729688804793,7247.044508140731,7230.63400551409,-1258.6852,-16.410502626641083
2021-08-25 21:00:00,9067.0,8412.622614632071,7171.209040413321,7197.106780841646,-1241.4136,25.897740428324077
2021-08-25 22:00:00,9067.0,8407.315357698215,7500.863087190402,7477.1420657691515,-906.4523,-23.72102142125127
2021-08-25 23:00:00,9067.0,8447.5686069233,7650.115237782675,7634.624584560592,-797.45337,-15.490653222083433
2021-08-26 00:00:00,9067.0,8474.669383389346,7497.7561753815335,7461.536650565729,-976.9132,-36.21952481580402
2021-08-26 01:00:00,9067.0,8463.968611352906,7393.200056665406,7353.940894848135,-1070.7686,-39.25916181727109
2021-08-26 02:00:00,9060.5,8444.09771470931,7149.707211779623,7114.491925746478,-1294.3905,-35.215286033145325
2021-08-26 03:00:00,8191.0,8469.529616006694,6684.179396280131,6673.713778018777,-1785.3502,-10.465618261354248
2021-08-26 04:00:00,8619.0,8571.401554062108,7036.533756210545,7043.503645583826,-1534.8678,6.969889373281398
2021-08-26 05:00:00,9021.0,8728.747305048435,7266.123769892185,7241.553955047255,-1462.6235,-24.569814844929653
2021-08-26 06:00:00,9179.0,8882.358598499466,7661.018510608841,7680.856322761156,-1221.3401,19.837812152315063
2021-08-26 07:00:00,9266.0,8976.287527487104,7844.222341940229,7841.91389151402,-1132.0652,-2.3084504262085526
2021-08-26 08:00:00,9361.0,8991.501260910678,7898.2526036841155,7889.9487328235045,-1093.2487,-8.303870860610878
2021-08-26 09:00:00,9460.0,8948.421031669723,7966.450145439254,7975.546355184775,-981.9709,9.09620974552106
2021-08-26 10:00:00,9357.0,8884.758599292276,7789.027031909463,7789.473487047496,-1095.7316,0.4464551380320256
2021-08-26 11:00:00,9204.0,8832.841582098836,7558.851469794148,7555.231834147246,-1273.9901,-3.6196356469017665
2021-08-26 12:00:00,9150.0,8812.345008752744,7406.322669885556,7411.032622180461,-1406.0223,4.709952294904982
2021-08-26 13:00:00,9100.0,8833.220993978863,7364.899826986675,7349.392020981949,-1468.3212,-15.507806004726064
2021-08-26 14:00:00,9064.0,8894.16031964543,7485.764079411056,7491.522742718415,-1408.3962,5.758663307360162
2021-08-26 15:00:00,8998.0,8973.441755976903,7724.148787226903,7722.74585466074,-1249.293,-1.4029325661623226
2021-08-26 16:00:00,9112.0,9026.322179962603,7983.197424103228,7993.979507567718,-1043.1248,10.782083464490816
2021-08-26 17:00:00,9036.0,9003.704424470054,8207.460466950522,8209.199502702344,-796.24396,1.7390357518212847
2021-08-26 18:00:00,8834.0,8886.310800521507,7991.45838352932,7964.514240824246,-894.8524,-26.944142705073446
2021-08-26 19:00:00,8746.0,8707.2121040768,7725.130378002581,7736.487787766453,-982.0817,11.357409763871992
2021-08-26 20:00:00,8356.0,8538.034160727244,7250.812236899119,7239.855878891275,-1287.2219,-10.95635800784399
2021-08-26 21:00:00,9017.0,8443.046070925868,7220.677174441493,7203.519476787302,-1222.3689,-17.15769765419119
2021-08-26 22:00:00,9017.0,8435.606412621459,7361.785489769896,7319.330520626367,-1073.8209,-42.45496914352956
2021-08-26 23:00:00,9017.0,8473.395032621669,7472.1819588912,7438.863560618063,-1001.2131,-33.318398273136815
2021-08-27 00:00:00,9017.0,8497.608657134359,7563.596511138265,7534.95668554732,-934.01215,-28.639825590944785
2021-08-27 01:00:00,8997.5,8483.505290373598,7472.2996629321915,7444.294491890441,-1011.2056,-28.005171041749882
2021-08-27 02:00:00,8997.5,8459.624325969171,7128.783993937921,7075.327592489162,-1330.8403,-53.456401448758875
2021-08-27 03:00:00,8997.5,8480.346028719894,6550.467610751144,6512.2804830670575,-1929.8784,-38.187127684086256
2021-08-27 04:00:00,8772.0,8576.71054733215,6961.207007293087,6925.04257028385,-1615.5035,-36.16443700923748
2021-08-27 05:00:00,9112.0,8727.64869690402,7364.772598271207,7377.694982610598,-1362.8761,12.922384339391117
2021-08-27 06:00:00,9322.0,8873.846743919707,7707.814273216582,7707.393264235823,-1166.0325,-0.4210089807581849
2021-08-27 07:00:00,9302.0,8959.2553040661,7858.721978870788,7826.247951029476,-1100.5333,-32.474027841311774
2021-08-27 08:00:00,9251.0,8964.749696404995,7909.047670037808,7888.373451556099,-1055.702,-20.674218481708916
2021-08-27 09:00:00,9236.0,8910.671118549366,7876.496069721241,7890.034166567905,-1034.175,13.538096846664304
2021-08-27 10:00:00,9168.0,8834.662525217915,7706.269947092915,7700.6920662716575,-1128.3926,-5.57788082125689
2021-08-27 11:00:00,9063.0,8768.993261651665,7536.18784172979,7527.834930475195,-1232.8054,-8.352911254595604
2021-08-27 12:00:00,8997.0,8733.2915401302,7404.563756927075,7396.451093936917,-1328.7278,-8.112662990158208
2021-08-27 13:00:00,9007.0,8737.476059987575,7291.393540456325,7275.451649864955,-1446.0825,-15.941890591370885
2021-08-27 14:00:00,9000.0,8780.218899144238,7359.854397191113,7332.607206784264,-1420.3645,-27.247190406848418
2021-08-27 15:00:00,9056.0,8839.795139124193,7586.635104944506,7546.815294483114,-1253.16,-39.8198104613918
2021-08-27 16:00:00,9095.0,8871.473828379512,7962.281201426387,7928.179634716839,-909.1926,-34.10156670954793
2021-08-27 17:00:00,8981.0,8826.188832266593,8056.898793204093,8026.821702076225,-769.29004,-30.077091127868034
2021-08-27 18:00:00,8846.0,8684.716853716505,7815.145564654005,7789.090737105878,-869.5713,-26.05482754812726
2021-08-27 19:00:00,8770.0,8480.209408395192,7617.328732125661,7621.791150568561,-862.8807,4.462418442899397
2021-08-27 20:00:00,8495.0,8284.398057453525,7126.7991805004,7111.895296956628,-1157.5989,-14.903883543772361
2021-08-27 21:00:00,8048.0,8161.677517825484,6860.169461184859,6843.857879799296,-1301.508,-16.31158138556288
2021-08-27 22:00:00,8484.5,8125.5467258876615,6818.350803036099,6854.973911080045,-1307.1959,36.62310804394584
2021-08-27 23:00:00,8468.0,8133.839524802088,7063.696458395838,7046.744592046393,-1070.1431,-16.95186634944445
2021-08-28 00:00:00,8434.0,8127.923780766517,7352.247145024329,7332.532857570814,-775.67664,-19.714287453515666
2021-08-28 01:00:00,8371.0,8083.250282798201,7206.362587485701,7178.472194848087,-876.8877,-27.89039263761298
2021-08-28 02:00:00,8331.0,8028.573623714419,6941.601333675357,6967.283348477131,-1086.9723,25.682014801774503
2021-08-28 03:00:00,8331.0,8018.507029550773,6477.8635969335855,6447.253514131636,-1540.6434,-30.610082801949456
2021-08-28 04:00:00,8331.0,8084.334077025922,6499.186371947797,6485.883693918629,-1585.1477,-13.30267802916759
2021-08-28 05:00:00,8095.0,8205.234231753999,6494.907815738374,6502.282479489124,-1710.3264,7.374663750750329
2021-08-28 06:00:00,8323.0,8322.146925352285,6932.931471250722,6931.828947282927,-1389.2155,-1.102523967795106
2021-08-28 07:00:00,8474.0,8379.282641728068,7219.091357548381,7224.83551688562,-1160.1913,5.744159337239003
2021-08-28 08:00:00,8553.0,8357.784443580409,7413.60066672494,7392.80709394724,-944.1838,-20.79357277770071
2021-08-28 09:00:00,8462.0,8278.266749644872,7358.30031898081,7359.120381317648,-919.96643,0.8200623368384599
2021-08-28 10:00:00,8406.0,8178.645986256509,7199.155873951821,7219.88743829299,-979.4901,20.731564341168735
2021-08-28 11:00:00,8336.0,8091.45987959456,7084.788309770342,7092.39748101142,-1006.6716,7.6091712410777825
2021-08-28 12:00:00,8315.0,8036.596274998131,6938.694541599693,6950.485085712502,-1097.9017,11.790544112808522
2021-08-28 13:00:00,8326.0,8024.222238588157,6942.676218080344,6946.219544956119,-1081.546,3.5433268757746785
2021-08-28 14:00:00,8384.0,8053.243975032401,7109.138140071464,7122.031424286208,-944.10583,12.893284214744183
2021-08-28 15:00:00,8456.0,8102.152707642332,7601.548581665769,7612.797184057716,-500.60413,11.24860239194673
2021-08-28 16:00:00,8508.0,8126.412728581459,7747.378854069741,7743.752999776064,-379.03387,-3.625854293676698
2021-08-28 17:00:00,8444.0,8077.131834266076,7858.504316565881,7831.04537865414,-218.62752,-27.458937911740396
2021-08-28 18:00:00,8374.0,7935.240820041775,7708.878133884548,7721.731978027587,-226.36269,12.85384414303859
2021-08-28 19:00:00,8344.0,7734.025834611674,7583.269731096049,7600.38866637997,-150.7561,17.11893528392088
2021-08-28 20:00:00,8117.0,7545.330186112876,7021.074326737876,7032.481993304612,-524.25586,11.407666566735859
2021-08-28 21:00:00,7653.0,7433.6307111890155,6519.315220466359,6536.301276008885,-914.3155,16.986055542525403
2021-08-28 22:00:00,7797.0,7412.472629884396,6273.954075196896,6280.095229516772,-1138.5186,6.141154319875762
2021-08-28 23:00:00,7768.5,7439.698617149804,6396.946786095116,6355.014790325564,-1042.7518,-41.931995769552444
2021-08-29 00:00:00,7751.0,7456.651486644784,6652.377499828378,6662.809596148022,-804.274,10.432096319644169
2021-08-29 01:00:00,7734.5,7438.72823510925,6568.532983644406,6550.127420815127,-870.19525,-18.405562829278733
2021-08-29 02:00:00,7708.0,7414.602919754157,6211.963515457282,6217.718884220244,-1202.6394,5.755368762962573
2021-08-29 03:00:00,7684.5,7438.7786396924985,5946.959914106561,5931.470176941535,-1491.8187,-15.489737165025687
2021-08-29 04:00:00,7684.5,7542.394327550242,6014.354776768992,6012.271451259295,-1528.0396,-2.0833255096975334
2021-08-29 05:00:00,7562.0,7704.447958177381,6266.694784349256,6260.79072819059,-1437.7532,-5.904056158666298
2021-08-29 06:00:00,7728.0,7865.663352056349,6621.843527837599,6644.866985438494,-1243.8198,23.023457600895153
2021-08-29 07:00:00,7776.0,7970.007370396575,6877.558517857513,6908.275289954941,-1092.4489,30.716772097428674
2021-08-29 08:00:00,7818.0,7998.35698213357,7046.906725785914,7055.388973029916,-951.45026,8.482247244001547
2021-08-29 09:00:00,7761.0,7971.040414543455,7034.6884858325175,7035.92406454412,-936.3519,1.2355787116024373
2021-08-29 10:00:00,7741.0,7925.667702435915,6822.614845990603,6840.509707992984,-1103.0529,17.89486200238115
2021-08-29 11:00:00,7688.0,7894.450063161433,6661.297841481745,6691.074910413859,-1233.1522,29.777068932113455
2021-08-29 12:00:00,7681.0,7896.930723565244,6492.264463799619,6515.053298932817,-1404.6663,22.78883513319776
2021-08-29 13:00:00,7651.0,7942.917347415732,6511.631824954795,6542.77192351804,-1431.2855,31.140098563245786
2021-08-29 14:00:00,7650.0,8030.944938914713,6704.4765551256505,6734.938215258161,-1326.4684,30.461660132510143
2021-08-29 15:00:00,7724.0,8139.123986731492,7008.551599036179,7004.316902921998,-1130.5724,-4.234696114180988
2021-08-29 16:00:00,7861.0,8222.53159225907,7371.9831913801645,7396.298522300833,-850.5484,24.31533092066815
2021-08-29 17:00:00,7827.0,8231.887396742328,7610.988837172015,7635.367370373369,-620.89856,24.37853320135444
2021-08-29 18:00:00,7771.0,8147.740304752827,7513.818124577046,7545.937419648824,-633.9222,32.119295071778346
2021-08-29 19:00:00,7899.0,8003.006755579223,7480.906352747192,7533.492662480294,-522.1004,52.58630973310247
2021-08-29 20:00:00,7772.0,7869.174360507982,7085.173567050951,7103.963895050869,-784.0008,18.79032799991844
2021-08-29 21:00:00,7524.0,7810.376447901938,6803.521955714438,6779.768654068548,-1006.8545,-23.753301645890016
2021-08-29 22:00:00,7756.0,7839.8252295020875,6907.6557959083375,6942.6384402152635,-932.16943,34.982644306926225
2021-08-29 23:00:00,7771.5,7915.0433268667375,7000.183768761269,7010.916003384104,-914.85956,10.732234622835664
2021-08-30 00:00:00,7799.5,8035.308570707872,6787.765724028184,6756.878205982814,-1247.5428,-30.887518045370353
2021-08-30 01:00:00,7844.0,8059.276596756572,6621.107895584697,6588.917222211757,-1438.1687,-32.19067337294063
2021-08-30 02:00:00,7501.0,8073.617217805766,6410.955108430766,6391.967157808335,-1662.6621,-18.987950622430855
2021-08-30 03:00:00,7878.0,8132.626323265857,6581.626811547107,6609.1529613877665,-1550.9995,27.526149840660143
2021-08-30 04:00:00,8279.0,8267.263678812978,6805.195929789541,6799.532573659081,-1462.0677,-5.66335613045996
2021-08-30 05:00:00,8450.0,8456.374392086964,7141.779665524464,7141.894104799718,-1314.5947,0.11443927525439704
2021-08-30 06:00:00,8553.0,8640.558378039526,7421.811918078589,7368.842931608586,-1218.7465,-52.96898647000336
2021-08-30 07:00:00,8522.0,8763.69294720298,7594.531814390481,7575.050911484122,-1169.1611,-19.480902906358597
2021-08-30 08:00:00,8654.0,8806.6040524622,7713.806567110638,7675.424493500303,-1092.7975,-38.38207361033504
2021-08-30 09:00:00,8984.0,8789.607821567912,7750.699618442912,7760.665376472181,-1038.9082,9.965758029269686
2021-08-30 10:00:00,8911.0,8750.33840271419,7857.3138055462205,7814.831331356612,-893.0246,-42.482474189608446
2021-08-30 11:00:00,8839.0,8721.064239441526,7639.867095886839,7641.854059993543,-1081.1971,1.9869641067045185
2021-08-30 12:00:00,8749.0,8721.417175513454,7459.567566138454,7434.829436078779,-1261.8496,-24.738130059675232
2021-08-30 13:00:00,8763.0,8761.323972634767,7330.080686501955,7291.560627761963,-1431.2433,-38.52005873999189
2021-08-30 14:00:00,8714.0,8839.46750496254,7423.021093829728,7377.39281782735,-1416.4464,-45.62827600237798
2021-08-30 15:00:00,8672.0,8934.132065091771,7595.752182279271,7568.649657097494,-1338.3799,-27.10252518177755
2021-08-30 16:00:00,8789.0,9000.592117614195,7940.865188903257,7943.765627455882,-1059.7269,2.90043855262521
2021-08-30 17:00:00,8817.0,8989.787974803361,8060.401317088517,8030.224179679935,-929.38666,-30.177137408582006
2021-08-30 18:00:00,8697.0,8882.513778869812,7917.596664612,7890.914225600688,-964.9171,-26.682439011311576
2021-08-30 19:00:00,8568.0,8711.955559536807,7724.408867642276,7734.019753609347,-987.5467,9.610885967071493
2021-08-30 20:00:00,8172.0,8549.890478506619,7257.700170889431,7230.160750465888,-1292.1903,-27.539420423543397
2021-08-30 21:00:00,8705.5,8460.753302009958,7031.097540291208,7026.8375704204045,-1429.6558,-4.259969870803413
2021-08-30 22:00:00,8705.5,8458.061673861972,7435.480313998691,7445.589454740171,-1022.58136,10.109140741480727
2021-08-30 23:00:00,8705.5,8499.644004035505,7522.376731086286,7555.648213054924,-977.2673,33.27148196863802
2021-08-31 00:00:00,8694.5,8468.60908720464,7543.954424118703,7550.041197361218,-924.65466,6.086773242515189
2021-08-31 01:00:00,8682.0,8456.876296384127,7392.214187009127,7387.991952356709,-1064.6621,-4.222234652418776
2021-08-31 02:00:00,8667.5,8434.954212529992,7186.070423467492,7200.860565952316,-1248.8838,14.790142484824559
2021-08-31 03:00:00,8149.0,8457.450536593877,6655.571630343877,6626.726221648619,-1801.8789,-28.845408695257913
2021-08-31 04:00:00,8663.0,8555.625726114296,6962.656487833046,6953.52339794456,-1592.9692,-9.133089888485799
2021-08-31 05:00:00,8811.0,8708.608581038256,7239.616271467943,7208.119966317,-1468.9923,-31.496305150942973
2021-08-31 06:00:00,8947.0,8857.264736617813,7649.7796291959385,7609.678183438783,-1207.4851,-40.10144575715583
2021-08-31 07:00:00,8957.0,8945.721548710897,7819.8198153124595,7806.383590738469,-1125.9017,-13.436224573990222
2021-08-31 08:00:00,8960.0,8955.040992003247,7915.47666094856,7882.8400997966555,-1039.5643,-32.63656115190388
2021-08-31 09:00:00,8959.0,8905.759636490793,7942.650566666574,7915.104689222946,-963.1091,-27.545877443628687
2021-08-31 10:00:00,8851.0,8835.712457800302,7802.632013464365,7769.1581365095235,-1033.0804,-33.473876954841586
2021-08-31 11:00:00,8692.0,8777.34529506938,7565.048786280318,7563.310353179243,-1212.2965,-1.73843310107571
2021-08-31 12:00:00,8622.0,8750.44213280094,7362.583124011877,7360.837288521402,-1387.859,-1.745835490474299
2021-08-31 13:00:00,8619.0,8765.056218106896,7319.981266935021,7307.7775017645945,-1445.075,-12.203765170426765
2021-08-31 14:00:00,8656.0,8819.970652584745,7392.49970531912,7358.310610485697,-1427.471,-34.18909483342336
2021-08-31 15:00:00,8624.0,8893.542543914431,7585.9921288753685,7561.422943421641,-1307.5504,-24.569185453727584
2021-08-31 16:00:00,8747.0,8941.091619074885,7905.215032160822,7887.035122676219,-1035.8766,-18.179909484603684
2021-08-31 17:00:00,8754.0,8913.578401097835,8080.1283278556475,8058.585414595843,-833.4501,-21.54291325980506
2021-08-31 18:00:00,8523.0,8791.796681966362,7898.239980306205,7858.537677456868,-893.5567,-39.70230284933737
2021-08-31 19:00:00,8329.0,8608.9150340627,7687.3225658009815,7688.448165664076,-921.59247,1.1255998630954007
2021-08-31 20:00:00,8007.0,8436.675716367376,7234.268978086126,7217.289842679413,-1202.4067,-16.97913540671302
2021-08-31 21:00:00,8620.5,8339.457463449524,7279.393864816711,7303.038308033799,-1060.0636,23.644443217087616
2021-08-31 22:00:00,8620.5,8330.697532603155,7299.78469080628,7283.998649239324,-1030.9128,-15.786041566956172
2021-08-31 23:00:00,8620.5,8368.120840993828,7405.205313650078,7388.847749385881,-962.9155,-16.35756426419686
2021-09-01 00:00:00,8620.5,8392.957288819704,7428.280164796266,7440.660276935678,-964.6771,12.380112139412013
2021-09-01 01:00:00,8607.5,8380.514138117525,7276.926369562838,7269.428539963471,-1103.5878,-7.497829599366663
2021-09-01 02:00:00,8573.5,8359.406695104719,6950.818560339094,6978.260768940609,-1408.5881,27.4422086015151
2021-09-01 03:00:00,7896.0,8384.102442327021,6433.6228280692085,6421.729518693641,-1950.4796,-11.893309375567595
2021-09-01 04:00:00,8486.0,8485.712602363905,6851.97700666078,6885.7920879798585,-1633.7356,33.8150813190787
2021-09-01 05:00:00,8799.0,8643.206752259946,7145.308558900571,7158.15129083987,-1497.8982,12.842731939298568
2021-09-01 06:00:00,8949.0,8797.285046609139,7497.199353249764,7498.052715332907,-1300.0857,0.8533620831429204
2021-09-01 07:00:00,8951.0,8891.90984352638,7724.086357198255,7710.878050836507,-1167.8235,-13.20830636174871
2021-09-01 08:00:00,8959.0,8907.984388905403,7683.85926683509,7671.902053009332,-1224.1251,-11.957213825758535
2021-09-01 09:00:00,8916.0,8865.895017571434,7699.847410149559,7694.337208902708,-1166.0476,-5.510201246851692
2021-09-01 10:00:00,8818.0,8803.334314726517,7614.595178984329,7591.713461162756,-1188.7391,-22.88171782157276
2021-09-01 11:00:00,8708.0,8752.612714135006,7403.643964135006,7401.487595209768,-1348.9688,-2.156368925237893
2021-09-01 12:00:00,8596.0,8733.386456576352,7008.715558138852,7002.46078243544,-1724.6709,-6.254775703412431
2021-09-01 13:00:00,8551.0,8755.590325420582,6938.739861553395,6952.147078824078,-1816.8505,13.407217270683072
2021-09-01 14:00:00,8546.0,8817.899157893426,7107.078967463738,7124.60720323372,-1710.8202,17.52823576998117
2021-09-01 15:00:00,8563.0,8898.571857532637,7313.35420616545,7326.078734168086,-1585.2177,12.724528002636534
2021-09-01 16:00:00,8789.0,8952.840372565015,7767.65848779939,7778.518994816094,-1185.1819,10.860507016704185
2021-09-01 17:00:00,8756.0,8931.590372708006,8147.335978176756,8147.830749908486,-784.2544,0.4947717317298422
2021-09-01 18:00:00,8735.0,8815.557715510711,7723.538672541961,7721.37342222106,-1092.019,-2.165250320901571
2021-09-01 19:00:00,8688.0,8637.872434195127,7407.16747814044,7409.291919853575,-1230.705,2.124441713134782
2021-09-01 20:00:00,8492.0,8470.255870566887,6961.020519004387,6996.913064200105,-1509.2354,35.89254519571777
2021-09-01 21:00:00,8605.0,8377.077915797212,7120.6498152112745,7122.240896293168,-1256.4281,1.5910810818934908
2021-09-01 22:00:00,8605.0,8371.773570703084,7169.450572656209,7177.722883510952,-1202.323,8.272310854742942
2021-09-01 23:00:00,8605.0,8412.07071285031,7244.626498983123,7250.076023484942,-1167.4442,5.449524501818385
2021-09-02 00:00:00,8605.0,8439.210757103714,7443.871767845902,7453.326147679098,-995.339,9.454379833196038
2021-09-02 01:00:00,8651.0,8428.525479574626,7336.327359457438,7357.684978398623,-1092.1981,21.357618941184224
2021-09-02 02:00:00,8711.5,8408.66853898835,7005.196737230537,7006.250850960641,-1403.4718,1.0541137301045087
2021-09-02 03:00:00,8520.0,8434.155162968265,6550.436901249515,6607.11342376789,-1883.7183,56.676522518374505
2021-09-02 04:00:00,8614.0,8536.146769747538,6860.460124239726,6793.327407722021,-1675.6866,-67.13271651770401
2021-09-02 05:00:00,8935.0,8693.660846018953,7286.19685676114,7316.955614658782,-1407.464,30.758757897641814
2021-09-02 06:00:00,9030.0,8847.443129860656,7610.1129296653435,7580.506979934708,-1237.3302,-29.605949730634947
2021-09-02 07:00:00,8981.0,8941.502255714882,7854.905087746132,7821.074715806576,-1086.5972,-33.83037193955581
2021-09-02 08:00:00,8997.0,8956.790605472224,7861.363847659724,7870.727005778211,-1095.4268,9.363158118486503
2021-09-02 09:00:00,9006.0,8913.745267953285,7684.85879334391,7704.210436008332,-1228.8865,19.351642664421703
2021-09-02 10:00:00,8930.0,8850.107287044333,7711.693590755271,7686.805294294767,-1138.4137,-24.888296460503863
2021-09-02 11:00:00,8877.0,8798.229382951482,7447.376111467107,7446.264334045956,-1350.8533,-1.1117774211506575
2021-09-02 12:00:00,8854.0,8777.801858644714,7361.173074465027,7334.852316626221,-1416.6288,-26.320757838805957
2021-09-02 13:00:00,8856.0,8798.784551227607,7322.204839313545,7312.769905868945,-1476.5797,-9.434933444599876
2021-09-02 14:00:00,9033.0,8859.867218328576,7376.537384344201,7384.673746107418,-1483.3298,8.13636176321716
2021-09-02 15:00:00,9063.0,8939.311752637404,7808.215317090529,7795.664570989848,-1131.0964,-12.550746100682286
2021-09-02 16:00:00,9168.0,8992.340273741229,8194.289858702166,8197.703723754666,-798.0504,3.41386505250076
2021-09-02 17:00:00,9234.0,8969.817475891972,8432.153230286503,8472.387811148183,-537.66425,40.23458086167927
2021-09-02 18:00:00,8946.0,8852.45069098892,8143.784736399077,8162.4073588254905,-708.66595,18.622622426414168
2021-09-02 19:00:00,8718.0,8673.336391659588,7825.505336972088,7845.078020700736,-847.83105,19.572683728647046
2021-09-02 20:00:00,8463.0,8504.156022553132,7270.236100678132,7289.358199924902,-1233.9199,19.122099246769732
2021-09-02 21:00:00,7938.0,8409.2285884604,7239.846020101026,7282.266888395959,-1169.3826,42.42086829493272
2021-09-02 22:00:00,8903.5,8401.923031942071,7164.453427449884,7209.771909742314,-1237.4696,45.31848229243024
2021-09-02 23:00:00,8911.5,8439.886322550625,7452.624420695156,7433.316336289372,-987.2619,-19.308084405783635
2021-09-03 00:00:00,8980.0,8464.269508470625,7330.519386400312,7375.700852435138,-1133.7501,45.181466034825405
2021-09-03 01:00:00,8980.0,8450.311368981544,7327.340787926856,7351.837447040062,-1122.9706,24.496659113205705
2021-09-03 02:00:00,7964.0,8426.57345186236,7011.562465534234,6965.207943482208,-1415.011,-46.35452205202676
2021-09-03 03:00:00,8526.0,8447.478243647962,6266.494601069837,6235.71489973053,-2180.9836,-30.77970133930685
2021-09-03 04:00:00,9075.0,8544.089987650628,6730.648459330316,6751.556891765335,-1813.4415,20.908432435019332
2021-09-03 05:00:00,9312.0,8695.323124654034,7393.3199508259095,7407.0877417558095,-1302.0032,13.767790929900395
2021-09-03 06:00:00,9459.0,8841.817846198432,7638.493627448432,7648.948600045507,-1203.3242,10.45497259707527
2021-09-03 07:00:00,9352.0,8927.481228711707,7814.417508008582,7848.433074656217,-1113.0637,34.015566647635126
2021-09-03 08:00:00,9339.0,8933.173727887423,7854.8077610905475,7862.235753127738,-1078.366,7.427992037189888
2021-09-03 09:00:00,9320.0,8879.25232671465,7820.4344556209,7841.154210711677,-1058.8179,20.71975509077651
2021-09-03 10:00:00,9140.0,8803.38920098056,7687.372355277435,7680.342957452517,-1116.0168,-7.029397824918757
2021-09-03 11:00:00,9014.0,8737.878743151758,7427.412434558008,7405.0098817154185,-1310.4663,-22.402552842589284
2021-09-03 12:00:00,8906.0,8702.364395177428,7337.225845372741,7345.331484116557,-1365.1385,8.105638743815296
2021-09-03 13:00:00,8847.0,8706.772545382557,7141.140953585682,7147.647468558406,-1565.6316,6.506514972724485
2021-09-03 14:00:00,8846.0,8749.774226489519,7247.162288012956,7244.643038072001,-1502.6119,-2.5192499409548024
2021-09-03 15:00:00,8905.0,8809.627634941004,7485.415842948816,7504.673043410545,-1324.2118,19.257200461728925
2021-09-03 16:00:00,8974.0,8841.567068554967,7895.592703320592,7893.251802494487,-945.97437,-2.3409008261053947
2021-09-03 17:00:00,8979.0,8796.488275902804,8149.184320824679,8138.897803134857,-647.30396,-10.28651768982222
2021-09-03 18:00:00,8810.0,8655.153018189556,7855.577456666118,7853.839316953932,-799.57556,-1.738139712186342
2021-09-03 19:00:00,8664.0,8450.738541091949,7477.078140701324,7488.846344895339,-973.6604,11.76820419401475
2021-09-03 20:00:00,8361.0,8255.032094332135,6856.458730074322,6860.143793111741,-1398.5734,3.685063037418498
2021-09-03 21:00:00,7905.0,8132.478384687239,6371.914053632551,6392.303464339592,-1760.5643,20.3894107070413
2021-09-03 22:00:00,8377.5,8096.586814591811,6597.262717912124,6609.198335771665,-1499.3241,11.93561785954167
2021-09-03 23:00:00,8377.5,8105.158466760646,6755.214008752833,6764.034387898988,-1349.9445,8.820379146154895
2021-09-04 00:00:00,8369.0,8099.515660931931,6805.750524213181,6802.300073061994,-1293.7651,-3.4504511511869573
2021-09-04 01:00:00,8369.0,8055.090106642498,6623.953387892498,6612.106575450853,-1431.1367,-11.846812441644985
2021-09-04 02:00:00,8369.0,8000.658709142827,6434.934099767827,6438.161815411597,-1565.7246,3.227715643769
2021-09-04 03:00:00,8369.0,7990.877086074252,6163.743785293002,6177.8930773174425,-1827.1333,14.14929202444107
2021-09-04 04:00:00,8369.0,8057.053088786611,6164.702136638173,6147.694789744646,-1892.351,-17.007346893527032
2021-09-04 05:00:00,8022.0,8178.349997153825,6389.155783286637,6338.690373805425,-1789.1942,-50.465409481212006
2021-09-04 06:00:00,8177.0,8295.661363263516,6546.119249005704,6586.071660925636,-1749.5421,39.95241191993238
2021-09-04 07:00:00,8290.0,8353.154332102193,6842.754429758443,6881.372554522326,-1510.3999,38.6181247638833
2021-09-04 08:00:00,8394.0,8331.9573062909,6999.632721329963,6977.143566411157,-1332.3246,-22.48915491880588
2021-09-04 09:00:00,8460.0,8252.700694110163,6994.75135328985,7011.749714963817,-1257.9493,16.998361673966706
2021-09-04 10:00:00,8446.0,8153.330345849958,6872.686180810895,6894.630278645332,-1280.6442,21.944097834436413
2021-09-04 11:00:00,8377.0,8066.40923433114,6761.531548784265,6743.8959445652545,-1304.8777,-17.6356042190105
2021-09-04 12:00:00,8491.0,8011.840628290351,6709.415091180976,6686.414282347887,-1302.4255,-23.00080883308831
2021-09-04 13:00:00,8456.0,7999.799468681245,6693.549956962495,6665.399682951931,-1306.2495,-28.150274010564253
2021-09-04 14:00:00,8589.0,8029.191090740747,6909.327199139185,6893.53561383353,-1119.8639,-15.79158530565472
2021-09-04 15:00:00,8734.0,8078.48999627897,7256.245977724282,7241.114602208744,-822.244,-15.131375515538322
2021-09-04 16:00:00,8766.0,8103.125876183277,7713.661368126636,7715.20039569896,-389.4645,1.5390275723239735
2021-09-04 17:00:00,8649.0,8054.168543286534,7802.264139600011,7784.522579824253,-251.9044,-17.741559775757988
2021-09-04 18:00:00,8607.0,7912.533966461555,7521.297211090461,7524.513220596546,-391.23676,3.2160095060840903
2021-09-04 19:00:00,8637.0,7711.534120069556,7182.559266553931,7168.44127184588,-528.97485,-14.117994708050887
2021-09-04 20:00:00,8471.0,7523.0680753943625,6797.905599808425,6787.073745023222,-725.1625,-10.831854785203197
2021-09-04 21:00:00,8287.0,7411.662711178376,6338.921256100251,6322.814482413775,-1072.7415,-16.10677368647656
2021-09-04 22:00:00,8092.0,7390.873742316601,6334.022423957226,6340.6829848763755,-1056.8513,6.660560919149066
2021-09-04 23:00:00,8008.0,7418.5110878773485,6348.6590370960985,6326.591541512451,-1069.852,-22.067495583647712
2021-09-05 00:00:00,8004.0,7435.871994751181,6798.429672973837,6798.26469596943,-637.4423,-0.1649770044064864
2021-09-05 01:00:00,8085.0,7418.334334666796,6739.828963573046,6748.466686537222,-678.5054,8.63772296417559
2021-09-05 02:00:00,8213.0,7394.594406407274,6547.815964024461,6524.588741116913,-846.77844,-23.227222907548178
2021-09-05 03:00:00,8187.0,7419.197604656888,6345.948337078763,6335.848988399455,-1073.2493,-10.09934867930766
2021-09-05 04:00:00,8200.0,7523.307015873254,6419.601083256067,6434.58134801894,-1103.7059,14.980264762873329
2021-09-05 05:00:00,8307.0,7685.904284287658,6324.079943467345,6287.177852767951,-1361.8243,-36.90209069939505
2021-09-05 06:00:00,8280.0,7847.667182787828,6825.221015795641,6769.797866587664,-1022.44617,-55.423149207976046
2021-09-05 07:00:00,8216.0,7952.519043610022,7073.979675934241,7049.187571110784,-878.53937,-24.792104823456615
2021-09-05 08:00:00,8145.0,7981.321964968148,7130.027348268929,7124.524544586853,-851.2946,-5.50280368207585
2021-09-05 09:00:00,8136.0,7954.419934054531,7082.155224581875,7081.364020322398,-872.2647,-0.7912042594772711
2021-09-05 10:00:00,8207.0,7909.452162874586,6960.65034402693,6959.872257354438,-948.8018,-0.7780866724913879
2021-09-05 11:00:00,8286.0,7878.6548535331585,6823.645698259721,6832.794843039023,-1055.0092,9.149144779302105
2021-09-05 12:00:00,8338.0,7881.586381464132,6754.610185175069,6757.123846803183,-1126.9762,2.513661628114652
2021-09-05 13:00:00,8369.0,7928.061999833437,6784.489612138124,6765.674031875277,-1143.5724,-18.815580262846687
2021-09-05 14:00:00,8418.0,8016.615549836449,7023.718943391136,7008.546828946675,-992.8966,-15.172114444460657
2021-09-05 15:00:00,8408.0,8125.340499447488,7415.792464779519,7432.790500647158,-709.54803,16.998035867639594
2021-09-05 16:00:00,8484.0,8209.279046612042,7695.75646360423,7715.589986331667,-513.5226,19.833522727437177
2021-09-05 17:00:00,8578.0,8219.112546474324,7858.536405116902,7863.287786756059,-360.57614,4.751381639157709
2021-09-05 18:00:00,8464.0,8135.374776930446,7830.313345045681,7822.191005860919,-305.06143,-8.122339184761454
2021-09-05 19:00:00,8549.0,7991.007707751926,7617.747331775364,7616.309674191367,-373.26038,-1.4376575839972083
2021-09-05 20:00:00,8580.0,7857.554425749647,7198.3082709644905,7214.611074406854,-659.24615,16.302803442363317
2021-09-05 21:00:00,8336.0,7799.198023924327,7011.037623533702,7012.6962798393,-788.1604,1.658656305597647
2021-09-05 22:00:00,8100.0,7829.16094396811,6832.458368284516,6849.961299179208,-996.7026,17.50293089469209
2021-09-05 23:00:00,8474.0,7904.932801576089,6803.800355287027,6800.795913021929,-1101.1324,-3.004442265098258
2021-09-06 00:00:00,8516.5,7967.510653466451,6791.649813622701,6809.736946166219,-1175.8608,18.087132543518297
2021-09-06 01:00:00,8095.0,7992.000475894641,6867.556139957141,6905.515847103018,-1124.4443,37.95970714587713
2021-09-06 02:00:00,8336.0,8006.859425070431,6453.582081320431,6492.733113925071,-1553.2773,39.151032604640214
2021-09-06 03:00:00,8654.0,8066.425515394071,6564.979836683134,6610.114107883634,-1501.4457,45.13427120049997
2021-09-06 04:00:00,8858.0,8201.682519623366,6934.776513763991,6944.406996369847,-1266.906,9.630482605855898
2021-09-06 05:00:00,9012.0,8391.459092989902,7342.948350802402,7342.987902548548,-1048.5107,0.039551746145239854
2021-09-06 06:00:00,9053.0,8576.30900686845,7690.7223369465755,7682.508934407461,-885.5867,-8.213402539114263
2021-09-06 07:00:00,8980.0,8700.06597324477,7891.324945412738,7897.994432478805,-808.741,6.669487066066557
2021-09-06 08:00:00,8956.0,8743.541031518002,7857.251785912533,7864.109433248561,-886.28925,6.8576473360283705
2021-09-06 09:00:00,8932.0,8727.066053418257,7794.480848340132,7782.286703007794,-932.5852,-12.194145332338284
2021-09-06 10:00:00,8832.0,8688.304375071979,7643.077812571979,7645.459567112402,-1045.2266,2.381754540423072
2021-09-06 11:00:00,8868.0,8659.549461693747,7467.458397240622,7450.4919942341885,-1192.0911,-16.96640300643362
2021-09-06 12:00:00,8845.0,8660.4483680893,7355.874881761176,7372.730946736393,-1304.5735,16.85606497521674
2021-09-06 13:00:00,8826.0,8700.935532324382,7307.034897558757,7293.381693256475,-1393.9006,-13.653204302281962
2021-09-06 14:00:00,8847.0,8779.692775849015,7418.097072724015,7403.56332143057,-1361.5957,-14.53375129344495
2021-09-06 15:00:00,8748.0,8874.98750281885,7679.258743053226,7659.829487277583,-1195.7288,-19.42925577564267
2021-09-06 16:00:00,8818.0,8942.059426919008,7957.66452945807,7953.3582927049565,-984.3949,-4.3062367531134385
2021-09-06 17:00:00,9009.0,8931.810745366227,8268.504348881852,8258.194895136248,-663.3064,-10.309453745603614
2021-09-06 18:00:00,8813.0,8825.020661278333,7987.704804344739,8022.1087075563555,-837.31586,34.40390321161654
2021-09-06 19:00:00,8653.0,8654.900936890068,7663.492672729912,7630.453917751516,-991.40826,-33.038754978395644
2021-09-06 20:00:00,8352.0,8493.284423649819,7176.513671696694,7171.048620803884,-1316.7708,-5.465050892809453
2021-09-06 21:00:00,8822.0,8404.655876547457,7358.1485523287065,7395.389791383776,-1046.5073,37.24123905506972
2021-09-06 22:00:00,8822.0,8402.543400980472,7459.727055765628,7491.784073623996,-942.81635,32.05701785836717
2021-09-06 23:00:00,8822.0,8444.742637820947,7505.538353152979,7476.018643259774,-939.2043,-29.519709893205043
2021-09-07 00:00:00,8822.0,8472.558254459755,7732.377102116005,7748.735943912509,-740.18115,16.358841796504517
2021-09-07 01:00:00,8822.0,8461.407927790224,7706.201873102724,7727.6435930092,-755.20605,21.44171990647662
2021-09-07 02:00:00,8825.0,8440.063688858108,7289.182463272171,7259.375237355542,-1150.8812,-29.80722591662894
2021-09-07 03:00:00,8427.0,8463.175596844012,6866.2943712580745,6859.859377848272,-1596.8812,-6.43499340980305
2021-09-07 04:00:00,8832.0,8562.02834300713,7074.34963206963,7039.905890295856,-1487.6787,-34.44374177377405
2021-09-07 05:00:00,9085.0,8715.73449285937,7478.530757507808,7459.449335106409,-1237.2037,-19.08142240139803
2021-09-07 06:00:00,9175.0,8865.113745424602,7790.565283510539,7791.732362665249,-1074.5485,1.1670791547092438
2021-09-07 07:00:00,9143.0,8954.250052950789,7951.489676974226,7940.395118819703,-1002.7604,-11.094558154522549
2021-09-07 08:00:00,9164.0,8964.190657544666,8046.2482747321665,8048.54211389513,-917.9424,2.2938391629627577
2021-09-07 09:00:00,9218.0,8915.488038633308,7991.492921445808,7980.461924509659,-923.9951,-11.030996936149219
2021-09-07 10:00:00,9196.0,8846.006508549268,7854.647988041455,7840.273873492306,-991.3585,-14.374114549149166
2021-09-07 11:00:00,9232.0,8788.217059189326,7683.782733017451,7683.582080963584,-1104.4343,-0.20065205386693355
2021-09-07 12:00:00,8992.0,8761.918998708343,7575.251518239593,7559.609228101998,-1186.6675,-15.642290137594138
2021-09-07 13:00:00,8935.0,8777.173344149129,7467.349003328816,7423.596763615332,-1309.8243,-43.75223971348485
2021-09-07 14:00:00,8922.0,8832.76221859829,7593.589733246727,7553.3878422700445,-1239.1725,-40.201890976681646
2021-09-07 15:00:00,8860.0,8907.02589601146,7798.880876480211,7750.15994451062,-1108.145,-48.720931969590325
2021-09-07 16:00:00,8962.0,8955.249387813326,8188.51104552817,8158.962326607523,-766.73834,-29.548718920646564
2021-09-07 17:00:00,9064.0,8928.355118292588,8416.444321173447,8387.646691060216,-511.9108,-28.797630113231715
2021-09-07 18:00:00,8756.0,8807.121938189031,8156.40581270075,8179.0420612385515,-650.7161,22.636248537801443
2021-09-07 19:00:00,8613.0,8624.74413246854,7691.882926413853,7675.447978081255,-932.8612,-16.43494833259761
2021-09-07 20:00:00,8308.0,8453.019613130917,7262.317708834042,7267.001458822681,-1190.7019,4.683749988639373
2021-09-07 21:00:00,8891.0,8356.37705104822,7189.814917259158,7162.728300554885,-1166.5621,-27.08661670427284
2021-09-07 22:00:00,8891.0,8348.264098173831,7546.556578642581,7477.999458629026,-801.7075,-68.55712001355542
2021-09-07 23:00:00,8891.0,8386.372822533884,7657.518940697946,7617.989557479723,-728.8539,-39.529383218222854
2021-09-08 00:00:00,8891.0,8411.887472384919,7686.9014494357,7685.953241829357,-724.986,-0.9482076063435243
2021-09-08 01:00:00,8856.5,8400.096108938473,7628.460916067379,7605.839556493468,-771.6352,-22.621359573910766
2021-09-08 02:00:00,7689.0,8379.636214573631,7319.004256565819,7284.062801999589,-1060.632,-34.94145456622956
2021-09-08 03:00:00,8258.0,8405.017513379846,6466.697322950158,6473.326278362214,-1938.3202,6.628955412055378
2021-09-08 04:00:00,8704.0,8507.375340041972,6938.583591995097,6944.515733052642,-1568.7917,5.932141057544943
2021-09-08 05:00:00,8983.0,8665.662912320566,7326.763254117441,7356.802391282767,-1338.8997,30.039137165325474
2021-09-08 06:00:00,9210.0,8820.534322240272,7651.332295873084,7677.977369713647,-1169.202,26.645073840563253
2021-09-08 07:00:00,9262.0,8915.908398076783,7878.949535772095,7878.922482592144,-1036.9589,-0.027053179951777
2021-09-08 08:00:00,9298.0,8932.673528668876,7971.204595563408,7993.92856331597,-961.46893,22.723967752562306
2021-09-08 09:00:00,9267.0,8891.231837035531,7966.732447387094,7972.574109981871,-924.4994,5.841662594776673
2021-09-08 10:00:00,9124.0,8829.305128493683,7816.73274079837,7821.756277113955,-1012.5724,5.023536315584643
2021-09-08 11:00:00,8954.0,8779.228878911988,7614.980954107301,7629.269640344621,-1164.2479,14.2886862373198
2021-09-08 12:00:00,8853.0,8760.674549147374,7420.486805006749,7412.823207951649,-1340.1877,-7.6635970550994355
2021-09-08 13:00:00,8780.0,8783.584597013618,7371.403200529243,7368.854430375091,-1412.1814,-2.5487701541516676
2021-09-08 14:00:00,8797.0,8846.632794686098,7482.158917732973,7481.222473217059,-1364.4739,-0.9364445159148918
2021-09-08 15:00:00,8760.0,8928.06113503564,7756.330178004389,7755.490716855829,-1171.731,-0.839461148560025
2021-09-08 16:00:00,8896.0,8983.0667839114,8112.135387427024,8135.274426672359,-870.9314,23.13903924533513
2021-09-08 17:00:00,9002.0,8962.497255945225,8309.81976571085,8312.730716327089,-652.6775,2.9109506162389014
2021-09-08 18:00:00,8642.0,8847.07342167936,8009.178707323892,8016.523647128483,-837.8947,7.344939804591295
2021-09-08 19:00:00,8486.0,8669.950991781076,7616.673525960763,7614.874412487361,-1053.2775,-1.7991134734019196
2021-09-08 20:00:00,8171.0,8502.906936309513,7209.376784942326,7222.634821937272,-1293.5302,13.258036994946705
2021-09-08 21:00:00,8770.0,8410.361068051387,7178.988997738887,7186.930138183077,-1231.3721,7.941140444191068
2021-09-08 22:00:00,8770.0,8405.75877733419,7376.874011709189,7337.091279819895,-1028.8848,-39.78273188929445
2021-09-08 23:00:00,8770.0,8446.795096300646,7504.998526476427,7497.166185851084,-941.7966,-7.832340625342758
2021-09-09 00:00:00,8770.0,8474.66579973696,7524.24587786196,7514.046527655139,-950.4199,-10.199350206821256
2021-09-09 01:00:00,8770.0,8464.683481968706,7427.912119664019,7416.894821219065,-1036.7714,-11.01729844495379
2021-09-09 02:00:00,8778.5,8445.52400312817,7048.759110550045,7078.950666347429,-1396.7649,30.19155579738449
2021-09-09 03:00:00,8227.0,8471.744862742067,6778.513417429567,6773.5601630134215,-1693.2314,-4.953254416145476
2021-09-09 04:00:00,8685.0,8574.531625473357,6970.46973582492,6983.602622295582,-1604.0619,13.132886470662076
2021-09-09 05:00:00,8974.0,8732.885455801084,7334.210284902647,7341.993267841817,-1398.6752,7.782982939170457
2021-09-09 06:00:00,9077.0,8887.506067846856,7661.118982885919,7644.0296619293285,-1226.3871,-17.089320956590488
2021-09-09 07:00:00,9105.0,8982.358605132562,7892.152428374749,7865.644500979658,-1090.2062,-26.507927395090988
2021-09-09 08:00:00,9194.0,8998.380630509755,7965.508071916005,7962.971671890069,-1032.8726,-2.536400025936317
2021-09-09 09:00:00,9202.0,8956.025056893173,7969.468721443955,7952.142410223087,-986.55634,-17.326311220867627
2021-09-09 10:00:00,9043.0,8893.062180972378,7838.272630191128,7846.340756037826,-1054.7896,8.0681258466983
2021-09-09 11:00:00,9071.0,8841.869793484393,7580.121014187518,7545.607721684325,-1261.7488,-34.51329250319303
2021-09-09 12:00:00,8992.0,8822.153440626134,7504.238645704259,7486.112112917184,-1317.9148,-18.126532787075526
2021-09-09 13:00:00,8940.0,8843.88065101131,7340.114781870685,7344.852260546102,-1503.7659,4.737478675417524
2021-09-09 14:00:00,8924.0,8905.740127422076,7477.995498515826,7464.903671758263,-1427.7446,-13.09182675756254
2021-09-09 15:00:00,8824.0,8985.976854649482,7726.7070792588565,7727.079479355742,-1259.2698,0.3724000968848411
2021-09-09 16:00:00,8912.0,9039.778164742642,8137.012173531704,8133.921495041811,-902.766,-3.0906784898932305
2021-09-09 17:00:00,9050.0,9017.970583482906,8378.957277818843,8389.403662991865,-639.0133,10.446385173021662
2021-09-09 18:00:00,8738.0,8901.246434001505,8054.568028239786,8085.654229932164,-846.6784,31.086201692377163
2021-09-09 19:00:00,8586.0,8722.727836230246,7615.456351855246,7620.526517529521,-1107.2715,5.0701656742753505
2021-09-09 20:00:00,8317.0,8554.15182476671,7133.302947813585,7157.271724207298,-1420.8489,23.968776393712673
2021-09-09 21:00:00,8876.5,8459.887279851988,7187.9108394223,7199.12568797304,-1271.9764,11.214848550739502
2021-09-09 22:00:00,8876.5,8453.31348005028,7449.579105050279,7441.238937761294,-1003.7344,-8.340167288984741
2021-09-09 23:00:00,8832.5,8492.044489316244,7527.387751034994,7510.280527751012,-964.65674,-17.1072232839812
2021-09-10 00:00:00,8820.5,8517.18564969208,7626.148662387392,7657.686500589852,-891.037,31.53783820246041
2021-09-10 01:00:00,8777.5,8503.95648769866,7530.853826565848,7572.755844883532,-973.10266,41.90201831768375
2021-09-10 02:00:00,7964.0,8480.940677693683,7302.9176064046205,7296.1191253857505,-1178.0231,-6.798481018870076
2021-09-10 03:00:00,8416.0,8502.60290062473,6783.02624046848,6804.002189938913,-1719.5767,20.975949470433083
2021-09-10 04:00:00,8841.0,8600.031467364464,7202.631565020714,7201.839622562508,-1397.3999,-0.7919424582057115
2021-09-10 05:00:00,8976.0,8752.124417592195,7547.59780626407,7544.820604910038,-1204.5266,-2.777201354031478
2021-09-10 06:00:00,9066.0,8899.475841412133,7773.766979107446,7740.950196848388,-1125.7089,-32.81678225905756
2021-09-10 07:00:00,9025.0,8985.949249707237,8003.370941601768,8006.190372802417,-982.5783,2.8194312006487645
2021-09-10 08:00:00,9019.0,8992.390208864519,8013.85584607155,8019.095857221606,-978.53436,5.240011150055679
2021-09-10 09:00:00,8989.0,8939.171461517322,7999.495985443104,8007.661498530452,-939.6755,8.16551308734875
2021-09-10 10:00:00,8817.0,8863.994379094796,7778.492425969796,7799.1860952453735,-1085.502,20.693669275577292
2021-09-10 11:00:00,8702.0,8799.178376125436,7635.1195382348105,7661.22796407233,-1164.0588,26.108425837519146
2021-09-10 12:00:00,8635.0,8764.382099353947,7395.796772205509,7414.024710407267,-1368.5853,18.22793820175782
2021-09-10 13:00:00,8633.0,8769.539601482918,7374.684132732918,7410.330593236549,-1394.8555,35.64646050363068
2021-09-10 14:00:00,8656.0,8813.320845695303,7478.026290031241,7503.355468121297,-1335.2946,25.32917809005643
2021-09-10 15:00:00,8611.0,8873.96711931598,7747.545854667542,7759.507800597357,-1126.4213,11.961945929815535
2021-09-10 16:00:00,8698.0,8906.677945753054,7948.3439003428975,7961.0790311125165,-958.33405,12.735130769619387
2021-09-10 17:00:00,8862.0,8862.310933307912,8179.098347858693,8201.94281772099,-683.2126,22.844469862297323
2021-09-10 18:00:00,8536.0,8721.612878237825,7976.573632632357,7984.875267533995,-745.03925,8.301634901637938
2021-09-10 19:00:00,8394.0,8517.786733338744,7636.851674744994,7646.239846211647,-880.93506,9.388171466652725
2021-09-10 20:00:00,8139.0,8322.675414228986,7284.1080314164865,7270.849111647373,-1038.5674,-13.258919769113135
2021-09-10 21:00:00,8243.5,8200.773595218727,6926.318272953102,6911.497155781226,-1274.4553,-14.821117171876026
2021-09-10 22:00:00,8240.5,8165.601122711547,7120.848193024047,7165.497267498185,-1044.7529,44.64907447413799
2021-09-10 23:00:00,8205.5,8174.926297213043,7117.79287436148,7154.267220198534,-1057.1334,36.47434583705364
2021-09-11 00:00:00,8173.0,8170.025870509953,7135.278067775578,7151.372385670336,-1034.7478,16.09431789475861
2021-09-11 01:00:00,8144.0,8126.312451468896,6974.124219047021,6947.376721904801,-1152.1882,-26.747497142220094
2021-09-11 02:00:00,8144.0,8072.5852368868145,6878.0845044649395,6883.15552625242,-1194.5007,5.07102178748047
2021-09-11 03:00:00,8144.0,8063.542215382273,6746.907938038523,6734.279407057108,-1316.6343,-12.62853098141482
2021-09-11 04:00:00,8144.0,8130.515492637452,6640.997670371827,6625.314332768789,-1489.5178,-15.683337603037137
2021-09-11 05:00:00,7804.0,8252.65214277527,6736.0579044940205,6727.987170682766,-1516.5942,-8.070733811254227
2021-09-11 06:00:00,8021.0,8370.799818629184,7042.784926051059,7065.5484626176785,-1328.0149,22.763536566619663
2021-09-11 07:00:00,8197.0,8429.082306823984,7370.225251159922,7370.580926597219,-1058.857,0.3556754372972766
2021-09-11 08:00:00,8290.0,8408.613330814424,7501.951892826142,7514.94461710381,-906.66144,12.99272427766791
2021-09-11 09:00:00,8284.0,8330.039269581514,7476.37087358542,7479.759640329483,-853.6684,3.388766744062734
2021-09-11 10:00:00,8214.0,8231.335378840282,7370.329031184032,7377.194820011917,-861.00635,6.865788827884928
2021-09-11 11:00:00,8149.0,8145.089859843296,7199.803727030796,7209.575494567018,-945.28613,9.771767536221436
2021-09-11 12:00:00,8136.0,8091.221386809928,7074.400463958365,7094.998331100674,-1016.8209,20.597867142307848
2021-09-11 13:00:00,8272.0,8079.912757903376,7083.973548919001,7101.600571468756,-995.9392,17.627022549755907
2021-09-11 14:00:00,8356.0,8110.068421603049,7271.128419161642,7265.45260307525,-838.94,-5.67581608639215
2021-09-11 15:00:00,8484.0,8160.146141248794,7651.094841199966,7648.275743465341,-509.0513,-2.819097734624719
2021-09-11 16:00:00,8565.0,8185.540989728574,7880.137364240292,7865.659872797938,-305.40363,-14.477491442354063
2021-09-11 17:00:00,8632.0,8137.284779905277,8044.51894128223,8036.17526911787,-92.76584,-8.343672164359788
2021-09-11 18:00:00,8264.0,7996.278638086849,7745.281583033138,7744.934597939608,-250.99706,-0.34698509353080065
2021-09-11 19:00:00,8155.0,7795.860348537241,7468.591854884898,7464.964119098326,-327.2685,-3.6277357865716344
2021-09-11 20:00:00,7866.0,7607.984730203319,6960.116749246287,6982.418677013349,-647.868,22.301927767061443
2021-09-11 21:00:00,7488.0,7497.22868877373,6668.703725394824,6616.345862619605,-828.52496,-52.357862775218464
2021-09-11 22:00:00,7140.0,7477.158419160674,6370.663424043487,6345.494297210597,-1106.495,-25.16912683289001
2021-09-11 23:00:00,7030.0,7505.551070012705,6160.82865790333,6114.037836415733,-1344.7224,-46.79082148759691
2021-09-12 00:00:00,8085.0,7523.658307224144,6078.909772067894,6042.006233676172,-1444.7485,-36.903538391721334
2021-09-12 01:00:00,7052.0,7506.838863615031,6360.178219083781,6371.198447851733,-1146.6606,11.02022876795255
2021-09-12 02:00:00,7132.0,7483.811265964236,5793.305528659548,5822.294475314403,-1690.5057,28.988946654854516
2021-09-12 03:00:00,7232.0,7509.163191221833,5830.248762510895,5870.35923552555,-1678.9144,40.110473014654644
2021-09-12 04:00:00,7240.0,7614.081866739033,5908.773761270283,5888.681188928283,-1705.3081,-20.092572342000455
2021-09-12 05:00:00,7502.0,7777.532593478758,6142.023560275633,6149.571509700709,-1635.509,7.547949425075892
2021-09-12 06:00:00,7827.0,7940.147084413685,6561.478627382435,6571.311493200755,-1378.6685,9.832865818319984
2021-09-12 07:00:00,8034.0,8045.805130780807,6906.30622941362,6924.674218864171,-1139.4989,18.36798945055098
2021-09-12 08:00:00,8254.0,8075.3539483999775,7137.253057286696,7151.7090754969895,-938.1009,14.45601821029311
2021-09-12 09:00:00,8486.0,8049.153273003972,7186.389173882878,7192.732073530905,-862.7641,6.342899648026933
2021-09-12 10:00:00,8384.0,8004.871482734465,7047.91616046884,7058.259755190539,-956.9553,10.34359472169979
2021-09-12 11:00:00,8147.0,7974.769753730398,6876.636819160086,6876.709621690992,-1098.1329,0.07280253090671118
2021-09-12 12:00:00,8237.0,7978.421599598867,6613.160613270742,6595.336467027144,-1365.261,-17.824146243597934
2021-09-12 13:00:00,8216.0,8025.649852815657,6671.66218191722,6675.365947457785,-1353.9877,3.7037655405658687
2021-09-12 14:00:00,8268.0,8114.987181782949,6757.465819478261,6747.657158166317,-1357.5214,-9.808661311944931
2021-09-12 15:00:00,8324.0,8224.510024374418,7164.591811483793,7172.046730271127,-1059.9182,7.454918787333933
2021-09-12 16:00:00,8446.0,8309.225665930693,7484.977191809599,7476.81105183967,-824.2485,-8.16613996992962
2021-09-12 17:00:00,8517.0,8319.777166705075,7684.841986041012,7668.903666163375,-634.9352,-15.93831987763658
2021-09-12 18:00:00,8181.0,8236.68316944863,7469.3583403470675,7455.148792414756,-767.3248,-14.209547932311464
2021-09-12 19:00:00,8205.0,8092.911166269196,7194.809115487946,7208.546432562333,-898.10205,13.737317074387706
2021-09-12 20:00:00,7996.0,7960.059711649083,6794.998310281895,6800.495676501324,-1165.0614,5.497366219428588
2021-09-12 21:00:00,7580.0,7902.361655747929,6576.397300279179,6588.674026005199,-1325.9644,12.276725726020436
2021-09-12 22:00:00,8226.5,7933.049663042866,6564.993266558491,6579.593661324718,-1368.0564,14.600394766226346
2021-09-12 23:00:00,8226.5,8009.580336489324,6848.292250551824,6839.821507374038,-1161.2881,-8.470743177785529
2021-09-13 00:00:00,8252.5,8072.904926559746,6974.499408981621,6998.161537281322,-1098.4055,23.66212829970076
2021-09-13 01:00:00,8296.0,8098.110064428128,6778.865923803128,6801.857770142178,-1319.2441,22.99184633905005
2021-09-13 02:00:00,8385.0,8113.674948997719,6495.758933372719,6512.674150388176,-1617.916,16.91521701545669
2021-09-13 03:00:00,8184.0,8173.9797141021745,6594.6825949615495,6586.8871694365935,-1579.2971,-7.7954255249561655
2021-09-13 04:00:00,8558.0,8310.032134387984,7094.333525989547,7095.465948264685,-1215.6986,1.132422275138083
2021-09-13 05:00:00,8751.0,8500.644407772885,7203.067625546322,7173.386783689622,-1297.5768,-29.680841856700457
2021-09-13 06:00:00,8958.0,8686.32415749691,7561.065002223473,7632.445577844035,-1125.2592,71.38057562056167
2021-09-13 07:00:00,8978.0,8810.861492766964,7881.448406829464,7894.3712432646125,-929.4131,12.922836435148232
2021-09-13 08:00:00,9027.0,8855.05253559159,7901.438949165809,7900.827097778222,-953.6136,-0.611851387587574
2021-09-13 09:00:00,9008.0,8839.244898107914,7948.786157873539,7950.531988074678,-890.45874,1.7458302011395659
2021-09-13 10:00:00,8892.0,8801.13110111017,7796.611203649232,7789.870620967449,-1004.5199,-6.7405826817826
2021-09-13 11:00:00,8821.0,8773.029628597951,7467.459194027639,7467.936717376014,-1305.5704,0.47752334837499805
2021-09-13 12:00:00,8807.0,8774.602743808653,7317.028769199278,7302.380090432795,-1457.574,-14.648678766482702
2021-09-13 13:00:00,8752.0,8815.792558914478,7266.272539383228,7239.150773014262,-1549.52,-27.121766368965506
2021-09-13 14:00:00,8828.0,8895.279840722184,7296.7058661128085,7302.431969981595,-1598.574,5.7261038687864065
2021-09-13 15:00:00,8830.0,8991.315103366718,7650.666421726093,7652.2053278058565,-1340.6487,1.5389060797632452
2021-09-13 16:00:00,9033.0,9059.10330832741,8072.257300026629,8075.559710395599,-986.846,3.302410368969371
2021-09-13 17:00:00,9264.0,9049.508536831432,8408.150199429088,8381.905349336766,-641.35834,-26.244850092321034
2021-09-13 18:00:00,8949.0,8943.295052306225,8059.115547911693,8096.255363210236,-884.1795,37.13981529854313
2021-09-13 19:00:00,8867.0,8773.700349197377,7694.708527908315,7701.626136773595,-1078.9918,6.917608865280419
2021-09-13 20:00:00,8605.0,8612.612968751528,7350.548271485903,7342.001275657026,-1262.0647,-8.546995828876815
2021-09-13 21:00:00,8829.0,8524.56765508525,7240.2485632883745,7199.043038804004,-1284.3191,-41.205524484370464
2021-09-13 22:00:00,8829.0,8523.102975912847,7580.525949545659,7532.279517752915,-942.577,-48.2464317927444
2021-09-13 23:00:00,8829.0,8565.981803995594,7705.158866983875,7649.146146221551,-860.82294,-56.012720762324044
2021-09-14 00:00:00,8848.5,8594.463247811478,7753.531485116166,7743.75808513847,-840.93176,-9.773399977695956
2021-09-14 01:00:00,8908.0,8583.945886756934,7620.494836952246,7586.581101334393,-963.45105,-33.913735617853575
2021-09-14 02:00:00,8991.0,8563.224040078387,7379.821208047137,7349.9806625774445,-1183.4028,-29.840545469692366
2021-09-14 03:00:00,8782.0,8586.990127532797,6873.559341399985,6799.018051925244,-1713.4308,-74.54128947474045
2021-09-14 04:00:00,9164.0,8686.553076787393,7076.149268193643,7025.945548105674,-1610.4038,-50.203720087969764
2021-09-14 05:00:00,9328.0,8841.009221938195,7577.62665357882,7546.875984873224,-1263.3826,-30.750668705595277
2021-09-14 06:00:00,9410.0,8991.132329096527,7815.5903369090265,7800.118276625929,-1175.542,-15.472060283097159
2021-09-14 07:00:00,9359.0,9080.962950591142,7980.661070708329,7970.729141012016,-1100.3019,-9.931929696313532
2021-09-14 08:00:00,9397.0,9091.53359992967,8052.463653640607,8008.716167339509,-1039.07,-43.74748630109765
2021-09-14 09:00:00,9416.0,9043.412670298794,8030.850414439419,8023.185187116659,-1012.56226,-7.665227322760239
2021-09-14 10:00:00,9281.0,8974.493815383108,7871.105143508108,7841.319903719828,-1103.3887,-29.785239788279675
2021-09-14 11:00:00,9198.0,8917.273184839676,7630.726676050614,7643.659314284996,-1286.5465,12.932638234382708
2021-09-14 12:00:00,9132.0,8891.565415751462,7573.491807353024,7597.495439607583,-1318.0736,24.00363225455845
2021-09-14 13:00:00,9127.0,8907.439300740058,7493.164398396308,7498.741307936302,-1414.2749,5.576909539994895
2021-09-14 14:00:00,9159.0,8963.67599034961,7616.527430779297,7631.58064736666,-1347.1486,15.05321658736326
2021-09-14 15:00:00,9170.0,9038.598931090051,7899.261162535364,7924.105604994687,-1139.3378,24.84444245932323
2021-09-14 16:00:00,9268.0,9087.458425435709,8297.490041646646,8297.80191589989,-789.9684,0.31187425324396945
2021-09-14 17:00:00,9485.0,9061.138805883456,8553.495159643222,8582.17607463638,-507.64365,28.680914993157916
2021-09-14 18:00:00,9064.0,8940.403989194572,8245.22320306176,8247.103181782993,-695.1808,1.879978721233362
2021-09-14 19:00:00,8923.0,8758.473980491204,7939.670940940423,7938.868773557035,-818.80304,-0.8021673833879677
2021-09-14 20:00:00,8615.0,8587.202352721448,7469.09895916676,7451.163794248076,-1118.1034,-17.935164918684976
2021-09-14 21:00:00,9129.5,8491.067721290978,7372.22067539254,7364.9046761053005,-1118.847,-7.315999287239801
2021-09-14 22:00:00,9129.5,8483.528141381636,7659.739628198042,7655.386454935074,-823.7885,-4.353173262968005
2021-09-14 23:00:00,9129.5,8522.242840738318,7710.193890543005,7720.408438425597,-812.04895,10.214547882591416
2021-09-15 00:00:00,9127.0,8548.350424916775,7665.069052846462,7649.994449047962,-883.2814,-15.074603798500005
2021-09-15 01:00:00,9127.0,8537.119763814771,7525.32600160774,7521.48815980398,-1011.79376,-3.8378418037600754
2021-09-15 02:00:00,9131.5,8517.210525817227,7395.504104918789,7402.308654632611,-1121.7064,6.804549713821439
2021-09-15 03:00:00,8767.0,8543.174686737471,6954.433842010909,6982.455237969612,-1588.7408,28.0213959587038
2021-09-15 04:00:00,9127.0,8646.171703861886,7188.865185307199,7192.866207990351,-1457.3065,4.001022683151638
2021-09-15 05:00:00,9375.0,8805.138446468649,7431.954486507711,7420.864667313643,-1373.184,-11.089819194068916
2021-09-15 06:00:00,9532.0,8960.68295514463,7816.878023504005,7826.2181861767585,-1143.8049,9.340162672753976
2021-09-15 07:00:00,9443.0,9056.680539791956,7971.286618893519,7957.831657798589,-1085.3939,-13.454961094929788
2021-09-15 08:00:00,9411.0,9074.004743945556,8045.320295703368,8033.819644546166,-1028.6844,-11.500651157202276
2021-09-15 09:00:00,9221.0,9033.073490913433,7993.459355171246,8049.377059313456,-1039.6141,55.917704142210304
2021-09-15 10:00:00,9183.0,8971.637818512507,7811.802979645319,7805.887878345139,-1159.8348,-5.915101300179839
2021-09-15 11:00:00,9060.0,8922.058257466959,7652.157988912271,7655.238269789354,-1269.9003,3.0802808770819556
2021-09-15 12:00:00,9136.0,8904.021501713785,7466.067522221598,7472.194668136102,-1437.954,6.127145914504786
2021-09-15 13:00:00,9169.0,8927.477696875761,7469.3375601570115,7438.66972029827,-1458.1401,-30.667839858742184
2021-09-15 14:00:00,9211.0,8991.099563739335,7600.32441725496,7587.747185056902,-1390.7751,-12.577232198058347
2021-09-15 15:00:00,9250.0,9073.112198483099,7868.410782467474,7868.088422236972,-1204.7014,-0.32236023050168405
2021-09-15 16:00:00,9492.0,9128.67799886821,8272.975240079148,8256.564106180911,-855.70276,-16.411133898236493
2021-09-15 17:00:00,9693.0,9108.606339038428,8626.101395190772,8663.035055981863,-482.50494,36.93366079109257
2021-09-15 18:00:00,9277.0,8993.603117457633,8321.36617898107,8349.613411085738,-672.23694,28.2472321046684
2021-09-15 19:00:00,9085.0,8816.849737427237,7938.489385864737,7963.687128980656,-878.36035,25.197743115918044
2021-09-15 20:00:00,8793.0,8650.178812824604,7445.293070637104,7423.588086697094,-1204.8857,-21.704983940010372
2021-09-15 21:00:00,9176.0,8558.060093875529,7370.391270633341,7354.879830165458,-1187.6688,-15.511440467883205
2021-09-15 22:00:00,9176.0,8553.94937656864,7593.125035748328,7560.326800807576,-960.82434,-32.798234940752344
2021-09-15 23:00:00,9190.0,8595.508864074529,7714.143629699529,7691.223672389854,-881.36523,-22.919957309675162
2021-09-16 00:00:00,9227.0,8623.888707872284,7801.972631212127,7786.415757631131,-821.9161,-15.55687358099627
2021-09-16 01:00:00,9246.5,8614.382337560824,7726.030652990512,7742.52945231135,-888.3517,16.49879932083767
2021-09-16 02:00:00,9254.5,8595.68783203942,7407.213955086296,7405.150819183032,-1188.4739,-2.063135903264039
2021-09-16 03:00:00,8834.0,8622.404980422954,6922.707714797954,6891.293304873918,-1699.6973,-31.414409924036857
2021-09-16 04:00:00,9243.0,8725.743511775196,7284.624737361133,7283.644575659843,-1441.1188,-0.9801617012895749
2021-09-16 05:00:00,9406.0,8884.688286641356,7632.197197774169,7676.751964431539,-1252.4911,44.55476665737036
2021-09-16 06:00:00,9475.0,9039.893013746336,7886.695381910398,7935.515393717241,-1153.1976,48.82001180684218
2021-09-16 07:00:00,9445.0,9135.279364597007,8065.362006198569,8113.12370033723,-1069.9174,47.761694138660154
2021-09-16 08:00:00,9418.0,9151.770102149727,8093.553549415352,8118.595029767182,-1058.2166,25.04148035182944
2021-09-16 09:00:00,9326.0,9109.833982900254,8069.880369619004,8088.525945020411,-1039.9536,18.645575401407154
2021-09-16 10:00:00,9259.0,9047.270576104334,7924.456122979334,7923.6937495787115,-1122.8145,-0.7623734006226763
2021-09-16 11:00:00,9287.0,8996.482763095413,7690.325170321976,7689.539152359628,-1306.1576,-0.7860179623480075
2021-09-16 12:00:00,9277.0,8977.19135364171,7661.244698368273,7721.851148157468,-1315.9467,60.60644978919465
2021-09-16 13:00:00,9288.0,8999.371588526217,7634.736578760592,7664.853440112093,-1364.635,30.116861351501246
2021-09-16 14:00:00,9359.0,9061.71113662425,7779.23164443675,7804.2185296305215,-1282.4795,24.98688519377191
2021-09-16 15:00:00,9361.0,9142.438096065991,8060.4606790738035,8091.724828918411,-1081.9774,31.264149844607754
2021-09-16 16:00:00,9548.0,9196.705032868495,8424.115982575526,8447.530757166302,-772.58905,23.414774590775863
2021-09-16 17:00:00,9758.0,9175.300326153176,8723.733950420754,8727.424708250126,-451.56638,3.6907578293718113
2021-09-16 18:00:00,9273.0,9058.90131239383,8363.688971085236,8386.367081735529,-695.21234,22.67811065029299
2021-09-16 19:00:00,9084.0,8880.655781186444,7983.360554135663,8011.122676691355,-897.2952,27.762122555692187
2021-09-16 20:00:00,8798.0,8712.356379765126,7563.271907108876,7561.917872054805,-1149.0845,-1.354035054070771
2021-09-16 21:00:00,9282.0,8618.421886756461,7470.814342811149,7454.575514275215,-1147.6075,-16.238828535933468
2021-09-16 22:00:00,9282.0,8612.24193996774,7652.115841334928,7642.958215833069,-960.1261,-9.157625501859455
2021-09-16 23:00:00,9287.5,8651.397721260642,7748.487748116111,7744.8459252155035,-902.91,-3.6418229006076035
2021-09-17 00:00:00,9315.0,8676.94889033612,7955.00308955487,7984.9940160764545,-721.9458,29.99092652158425
2021-09-17 01:00:00,9315.0,8664.095745025637,7800.713970123294,7829.122481311468,-863.3818,28.408511188173645
2021-09-17 02:00:00,9309.5,8641.444110608485,7392.14747974911,7463.220398459778,-1249.2966,71.07291871066789
2021-09-17 03:00:00,8987.0,8663.500887079445,7074.104524774757,7078.259706709395,-1589.3964,4.155181934638167
2021-09-17 04:00:00,9342.0,8761.378477756374,7372.195616428249,7393.031816802526,-1389.1829,20.836200374276757
2021-09-17 05:00:00,9612.0,8913.958546402595,7801.904469254157,7857.80345726842,-1112.0541,55.89898801426265
2021-09-17 06:00:00,9658.0,9061.789107110426,8074.85984685652,8085.507448517543,-986.92926,10.647601661022982
2021-09-17 07:00:00,9598.0,9148.690130950343,8212.454596282374,8247.499107029607,-936.23553,35.04451074723319
2021-09-17 08:00:00,9557.0,9155.492320965432,8259.004466961525,8298.91543824274,-896.48785,39.910971281214515
2021-09-17 09:00:00,9407.0,9102.58420570215,8201.778297499024,8183.563219350023,-900.8059,-18.21507814900111
2021-09-17 10:00:00,9384.0,9027.696378743643,8035.443082845206,8037.467247814677,-992.2533,2.0241649694706108
2021-09-17 11:00:00,9345.0,8963.173303448173,7811.273279034111,7816.430150909123,-1151.9,5.156871875011893
2021-09-17 12:00:00,9257.0,8928.68885841575,7687.846329118875,7680.60309843399,-1240.8425,-7.2432306848844155
2021-09-17 13:00:00,9277.0,8934.184788026005,7624.296604432255,7606.3966050383915,-1309.8882,-17.899999393862956
2021-09-17 14:00:00,9342.0,8978.330013490026,7820.757137513463,7805.7137591855335,-1157.5729,-15.04337832792976
2021-09-17 15:00:00,9336.0,9039.348940835112,8132.83270548355,8146.408230288966,-906.51624,13.575524805415627
2021-09-17 16:00:00,9453.0,9072.406347155944,8521.800634265319,8572.07696482342,-550.6057,50.276330558101115
2021-09-17 17:00:00,9571.0,9028.32172880529,8734.03574858068,8751.519145411829,-294.28598,17.48339683114828
2021-09-17 18:00:00,9136.0,8887.826945698735,8312.361003315922,8319.381690530814,-575.46594,7.020687214891528
2021-09-17 19:00:00,9017.0,8684.150686583262,7952.334768614512,7930.297851121264,-731.8159,-22.03691749324765
2021-09-17 20:00:00,8678.0,8489.19156208742,7446.781527907733,7455.929523014882,-1042.41,9.14799510714864
2021-09-17 21:00:00,8667.5,8367.494243383182,7306.8788869378695,7308.20618998296,-1060.6154,1.3273030450898786
2021-09-17 22:00:00,8667.5,8332.589050437566,7311.867797996159,7322.05610933638,-1020.72125,10.188311340221265
2021-09-17 23:00:00,8667.5,8342.211531402145,7365.851057769332,7357.472627112274,-976.3605,-8.378430657058697
2021-09-18 00:00:00,8650.5,8337.592900182004,7442.327885533567,7390.717407533221,-895.265,-51.61047800034563
2021-09-18 01:00:00,8639.5,8294.12669531059,7314.660508787152,7275.399759240446,-979.4662,-39.26074954670627
2021-09-18 02:00:00,8639.5,8240.63443569471,6960.756872218148,6903.380056754927,-1279.8776,-57.376815463220304
2021-09-18 03:00:00,8639.5,8231.85651175638,6565.527532264192,6512.9011240730215,-1666.329,-52.62640819117059
2021-09-18 04:00:00,8165.0,8299.149314530227,6646.050315506789,6584.689571763021,-1653.099,-61.36074374376792
2021-09-18 05:00:00,8324.0,8421.643743689241,6519.513128454866,6501.950265508572,-1902.1306,-17.562862946294317
2021-09-18 06:00:00,8520.0,8540.141584322277,7016.972028658214,7004.8769267965135,-1523.1696,-12.09510186170054
2021-09-18 07:00:00,8644.0,8598.723296463637,7457.037993729262,7466.085788128634,-1141.6853,9.047794399371984
2021-09-18 08:00:00,8657.0,8578.487956361469,7592.340251283344,7576.0113545626655,-986.1477,-16.32889672067848
2021-09-18 09:00:00,8719.0,8500.097945915113,7549.431808219801,7552.8446101858635,-950.66614,3.412801966063021
2021-09-18 10:00:00,8695.0,8401.557958729907,7444.780920155688,7443.751375153592,-956.77704,-1.0295450020963928
2021-09-18 11:00:00,8635.0,8315.481457103395,7331.664440501832,7337.877084972449,-983.817,6.21264447061682
2021-09-18 12:00:00,8615.0,8261.80255367768,7145.939150357368,7090.558140239187,-1115.8634,-55.381010118180846
2021-09-18 13:00:00,8713.0,8250.711936922224,7235.423240633161,7222.808926860404,-1015.2887,-12.614313772756626
2021-09-18 14:00:00,8827.0,8281.113201901393,7564.984844967799,7556.993060803014,-716.12836,-7.991784164785455
2021-09-18 15:00:00,8976.0,8331.447407011825,7921.9280283497155,7955.976623191752,-409.51938,34.048594842036
2021-09-18 16:00:00,9135.0,8357.075040941638,8197.963377123278,8203.474951637476,-159.11166,5.511574514197534
2021-09-18 17:00:00,9266.0,8308.989950554158,8449.944815056111,8418.858779278195,140.95486,-31.08603577791723
2021-09-18 18:00:00,8803.0,8168.078453793555,8071.648697629004,8064.017200582814,-96.429756,-7.6314970461895
2021-09-18 19:00:00,8750.0,7967.704179237176,7711.036241004754,7691.278804406565,-256.66794,-19.75743659818953
2021-09-18 20:00:00,8547.0,7779.877728115622,7263.5304991117155,7262.216957164393,-516.3472,-1.313541947322545
2021-09-18 21:00:00,8155.0,7669.226067892604,6894.504571310573,6861.31455777371,-774.7215,-33.190013536863255
2021-09-18 22:00:00,7825.0,7649.325908518743,6595.003398753118,6599.422368895697,-1054.3225,4.418970142579761
2021-09-18 23:00:00,7661.0,7677.921663484447,6443.003694734447,6506.765695140422,-1234.918,63.76200040597529
2021-09-19 00:00:00,8374.5,7696.219453109366,6307.932343734366,6274.189580514123,-1388.2871,-33.74276322024387
2021-09-19 01:00:00,7653.0,7679.558906949861,6834.8285602701735,6805.761350991706,-844.73035,-29.067209278466812
2021-09-19 02:00:00,7701.0,7656.680815612642,6218.157011901704,6216.908950034952,-1438.5238,-1.2480618667522079
2021-09-19 03:00:00,7828.0,7682.215174369805,6133.6068980026175,6107.5824839997695,-1548.6083,-26.024414002847866
2021-09-19 04:00:00,7838.0,7787.373387664804,6254.392552703866,6244.507004990035,-1532.9808,-9.885547713831704
2021-09-19 05:00:00,8018.0,7951.10444963109,6491.440265060777,6508.367561728117,-1459.6642,16.927296667339323
2021-09-19 06:00:00,8263.0,8113.994049934442,6987.061066536005,7001.231577023538,-1126.933,14.170510487533326
2021-09-19 07:00:00,8404.0,8219.878475612208,7195.881954616114,7198.670200033011,-1023.9965,2.788245416896604
2021-09-19 08:00:00,8416.0,8249.59009707692,7414.758371002701,7432.970962991561,-834.8317,18.212591988859383
2021-09-19 09:00:00,8417.0,8223.504435769228,7376.816508523134,7373.246330311109,-846.6879,-3.5701782120252026
2021-09-19 10:00:00,8345.0,8179.319073333478,7242.178692474103,7240.005542841934,-937.1404,-2.1731496321689456
2021-09-19 11:00:00,8318.0,8149.320197449886,7026.443000184261,7008.401935379929,-1122.8772,-18.041064804332624
2021-09-19 12:00:00,8315.0,8153.096497630612,6896.981019114987,6862.944511633018,-1256.1155,-34.036507481969174
2021-09-19 13:00:00,8379.0,8200.478423543718,6927.531768270281,6894.717606927529,-1272.9467,-32.81416134275147
2021-09-19 14:00:00,8479.0,8289.997508866027,7250.051219803527,7249.4612097553645,-1039.9463,-0.5900100481622448
2021-09-19 15:00:00,8643.0,8399.713199577685,7535.696720085498,7537.529150983673,-864.0165,1.8324308981752533
2021-09-19 16:00:00,8914.0,8484.59790686145,7839.078314576294,7875.20498218204,-645.5196,36.126667605745375
2021-09-19 17:00:00,8391.5,8495.256434620398,7791.176600636023,7800.58557587929,-704.07983,9.408975243267482
2021-09-19 18:00:00,8623.0,8412.19232920267,7847.335334573763,7866.619298688456,-564.857,19.28396411469279
2021-09-19 19:00:00,8633.0,8268.398643955266,7659.850609287298,7680.839539289007,-608.54803,20.98893000170943
2021-09-19 20:00:00,8468.0,8135.529440112425,7197.804342456175,7164.141575952419,-937.7251,-33.66276650375563
2021-09-19 21:00:00,8149.0,8077.867364193702,6889.98345306089,6915.083097989095,-1187.8839,25.099644928205514
2021-09-19 22:00:00,7792.0,8108.6553428375255,6743.122505923463,6757.052861074604,-1365.5328,13.930355151140946
2021-09-19 23:00:00,8628.0,8185.317005804704,6582.688221625017,6553.402633406342,-1602.6288,-29.285588218674583
2021-09-20 00:00:00,8638.0,8248.757837010104,7046.550317478854,7045.344845827447,-1202.2075,-1.2054716514062966
2021-09-20 01:00:00,7768.0,8274.045162383889,6956.551754180764,6906.937977171907,-1317.4934,-49.6137770088573
2021-09-20 02:00:00,8067.0,8289.680263503426,6592.298305495613,6586.648380792604,-1697.382,-5.649924703008774
2021-09-20 03:00:00,8760.0,8350.085433784403,6696.777084175028,6720.442897712638,-1653.3083,23.66581353761038
2021-09-20 04:00:00,9138.0,8486.29249002487,7295.416757602996,7304.107329020313,-1190.8757,8.69057141731692
2021-09-20 05:00:00,9415.0,8677.097213249532,7791.1801600268755,7795.31916341738,-885.91705,4.139003390504221
2021-09-20 06:00:00,9554.0,8862.961119136355,8056.892088374636,8087.80499691979,-806.06903,30.91290854515446
2021-09-20 07:00:00,9547.0,8987.630754793872,8201.702287996997,8219.822151177455,-785.92847,18.11986318045771
2021-09-20 08:00:00,9538.0,9031.887365689949,8292.634863248542,8314.562313840102,-739.2525,21.92745059155945
2021-09-20 09:00:00,9467.0,9016.094345318435,8253.97465537703,8208.009558229689,-762.1197,-45.965097147340636
2021-09-20 10:00:00,9323.0,8977.973440254369,8044.564626777807,8051.729491001197,-933.4088,7.164864223390107
2021-09-20 11:00:00,9219.0,8949.86819449664,7843.809722816952,7853.670477142146,-1106.0585,9.860754325194717
2021-09-20 12:00:00,9168.0,8951.456121070372,7704.569036109435,7722.840325573726,-1246.8871,18.27128946429113
2021-09-20 13:00:00,9088.0,8992.687047730175,7637.880773316112,7622.753118023918,-1354.8063,-15.127655292193987
2021-09-20 14:00:00,9120.0,9072.24072824226,7716.762334687572,7715.48807925104,-1355.4784,-1.2742554365317342
2021-09-20 15:00:00,9140.0,9168.350828426781,8009.105955379906,8017.358580561852,-1159.2449,8.252625181945872
2021-09-20 16:00:00,9411.0,9236.187599406721,8502.189857707503,8509.095230286655,-733.99774,6.905372579153357
2021-09-20 17:00:00,9602.0,9226.577048372797,8711.390830111079,8745.444934770583,-515.1862,34.05410465950451
2021-09-20 18:00:00,9185.0,9120.268541105846,8366.154954680065,8363.602420754389,-754.1136,-2.5525339256766357
2021-09-20 19:00:00,9005.0,8950.525346457178,7978.506669699365,7999.661301975114,-972.0187,21.154632275748472
2021-09-20 20:00:00,8757.0,8789.291737741398,7548.959096139835,7530.2007058570325,-1240.3326,-18.758390282802733
2021-09-20 21:00:00,8319.0,8701.152490589471,7363.359033558221,7385.618745275012,-1337.7935,22.259711716790793
2021-09-20 22:00:00,9176.5,8699.656677528304,7738.0883181533045,7832.181518088169,-961.56836,94.09319993486372
2021-09-20 23:00:00,9176.5,8742.534445808373,7928.309958503685,7925.586887655592,-814.2245,-2.7230708480928114
2021-09-21 00:00:00,9176.5,8770.999387673808,7854.996335915996,7832.937371049341,-916.00305,-22.058964866654286
2021-09-21 01:00:00,9194.0,8760.431027819066,7760.77569334641,7752.651784616122,-999.65533,-8.123908730287384
2021-09-21 02:00:00,8478.0,8739.646016573952,7377.818379855202,7391.195404238469,-1361.8276,13.37702438326731
2021-09-21 03:00:00,9235.0,8763.379177243674,7070.329006345237,7112.079257978781,-1693.0502,41.750251633544174
2021-09-21 04:00:00,9533.0,8862.963716981194,7477.7936730358815,7435.434177735554,-1385.17,-42.35949530032748
2021-09-21 05:00:00,9740.0,9017.479781584867,7831.468795256742,7816.999720707547,-1186.011,-14.469074549195394
2021-09-21 06:00:00,9734.0,9167.655247530161,8146.531651338755,8168.946060715608,-1021.1236,22.414409376852387
2021-09-21 07:00:00,9630.0,9257.487310503462,8250.131902788618,8261.932707184953,-1007.3554,11.800804396333787
2021-09-21 08:00:00,9509.0,9267.99379885411,8236.590722682235,8243.62921743695,-1031.4031,7.03849475471489
2021-09-21 09:00:00,9499.0,9219.759062976878,8115.937285633128,8126.1232976666615,-1103.8218,10.18601203353286
2021-09-21 10:00:00,9395.0,9150.706141467022,7974.49459361546,7947.8840767752345,-1176.2115,-26.610516840225277
2021-09-21 11:00:00,9307.0,9093.35638536233,7814.055359971704,7814.63923166563,-1279.301,0.5838716939261771
2021-09-21 12:00:00,9203.0,9067.539804380955,7695.086801451267,7685.753347304161,-1372.453,-9.333454147105678
2021-09-21 13:00:00,9200.0,9083.333010477585,7649.68139914946,7641.023428379789,-1433.6516,-8.657970769670923
2021-09-21 14:00:00,9274.0,9139.516225475048,7772.315175670361,7780.21854662027,-1367.201,7.903370949908764
2021-09-21 15:00:00,9304.0,9214.396112341405,8011.507440466405,8001.7593555825415,-1202.8887,-9.748084883863113
2021-09-21 16:00:00,9650.0,9263.188308549317,8411.390518021974,8449.912244127801,-851.7978,38.52172610582837
2021-09-21 17:00:00,9811.0,9236.739098818825,8643.145531924294,8621.470288918403,-593.59357,-21.675243005890522
2021-09-21 18:00:00,9396.0,9115.797509984019,8411.090600804331,8401.016443455874,-704.7069,-10.074157348456932
2021-09-21 19:00:00,9292.0,8933.609311474725,8004.094113720819,7997.322931259995,-929.5152,-6.771182460824441
2021-09-21 20:00:00,9016.0,8762.083781328876,7563.034831133564,7557.317336626033,-1199.049,-5.717494507531435
2021-09-21 21:00:00,8605.0,8665.749523723236,7370.663220012299,7354.217300027279,-1295.0863,-16.445919985019582
2021-09-21 22:00:00,9305.5,8658.075041331565,7746.729460276878,7761.511482166395,-911.3456,14.782021889516589
2021-09-21 23:00:00,9305.5,8696.686765935043,7786.323545720199,7743.694515599079,-910.3632,-42.629030121120145
2021-09-22 00:00:00,9298.0,8722.677704723388,7814.018647106201,7783.267768933614,-908.65906,-30.750878172586113
2021-09-22 01:00:00,9298.0,8711.29758068656,7747.045200315466,7702.972880216992,-964.2524,-44.072320098473675
2021-09-22 02:00:00,8702.0,8691.228292645459,7367.224752606397,7322.376049505417,-1324.0035,-44.848703100979634
2021-09-22 03:00:00,9384.0,8717.06411259334,7144.362574507402,7143.432641201263,-1572.7015,-0.9299333061392621
2021-09-22 04:00:00,9664.0,8819.988664914255,7579.129900265818,7626.056156734982,-1240.8588,46.926256469164365
2021-09-22 05:00:00,9769.0,8978.922514928092,7820.655180943717,7804.443309004055,-1158.2673,-16.21187193966201
2021-09-22 06:00:00,9653.0,9134.427696336972,8085.437095751035,8088.571376959119,-1048.9906,3.134281208084605
2021-09-22 07:00:00,9491.0,9230.33604522452,8198.065171201082,8194.06284447573,-1032.2709,-4.002326725352872
2021-09-22 08:00:00,9496.0,9247.506304450299,8135.225542731549,8086.163981007661,-1112.2808,-49.061561723887024
2021-09-22 09:00:00,9468.0,9206.372242199506,8106.697925793256,8059.233532915206,-1099.6743,-47.464392878050745
2021-09-22 10:00:00,9349.0,9144.714173442211,7990.530945903149,7967.663168938715,-1154.1832,-22.867776964433972
2021-09-22 11:00:00,9162.0,9094.917728388094,7789.986209833407,7761.612183388416,-1304.9315,-28.37402644499061
2021-09-22 12:00:00,9156.0,9076.684878728383,7673.605288884633,7675.00310984195,-1403.0796,1.3978209573165792
2021-09-22 13:00:00,9175.0,9099.973502557297,7632.829215447922,7630.779247400037,-1467.1443,-2.049968047885391
2021-09-22 14:00:00,9210.0,9163.455313932913,7789.331778776663,7769.117913380739,-1374.1235,-20.213865395923747
2021-09-22 15:00:00,9160.0,9245.338557052075,8053.5618236536375,8075.875670023106,-1191.7767,22.313846369468536
2021-09-22 16:00:00,9571.0,9300.750906247878,8417.706533689285,8418.775077129776,-883.0444,1.0685434404912477
2021-09-22 17:00:00,9708.0,9280.463639867698,8731.587236059104,8738.670313009363,-548.8764,7.083076950258181
2021-09-22 18:00:00,9176.0,9165.167728967352,8442.388493127508,8431.280790257406,-722.77924,-11.107702870102113
2021-09-22 19:00:00,8993.0,8988.070314175206,8081.543885952549,8068.0901187157315,-906.5264,-13.453767236817892
2021-09-22 20:00:00,8729.0,8821.059697836472,7594.338750570847,7600.420076348826,-1226.721,6.081325777979468
2021-09-22 21:00:00,9168.5,8728.65561227389,7413.308932586389,7375.242331639141,-1315.3467,-38.06660094724766
2021-09-22 22:00:00,9168.5,8724.324303791693,7801.85494344013,7784.014696343437,-922.46936,-17.840247096692583
2021-09-22 23:00:00,9168.5,8765.695191210782,7890.32183916,7847.819795353958,-875.37335,-42.502043806041975
2021-09-23 00:00:00,9175.5,8793.872847305298,7927.274275527954,7897.631892780508,-866.5986,-29.64238274744678
2021-09-23 01:00:00,9193.0,8784.131581545847,7816.859059573191,7776.388271879967,-967.2725,-40.47078769322428
2021-09-23 02:00:00,9279.5,8765.191736182462,7331.323694190274,7321.595016235492,-1433.868,-9.728677954782013
2021-09-23 03:00:00,9066.0,8791.695434430083,7177.2612303285205,7209.283374565178,-1614.4342,32.02214423665769
2021-09-23 04:00:00,9349.0,8894.876614292318,7533.943875034505,7530.052858509175,-1360.9327,-3.891016525330203
2021-09-23 05:00:00,9515.0,9053.703876857526,7845.769794826276,7860.284239228253,-1207.9341,14.514444401977196
2021-09-23 06:00:00,9607.0,9208.784969916569,8064.509823432194,8039.806154571314,-1144.2751,-24.703668860879425
2021-09-23 07:00:00,9676.0,9303.998137362438,8136.659026034313,8099.1336142621,-1167.3391,-37.52541177221262
2021-09-23 08:00:00,9697.0,9320.251386652484,8231.057905207172,8180.421981008199,-1089.1935,-50.63592419897284
2021-09-23 09:00:00,9730.0,9278.029362205587,8249.166447166524,8198.849799612746,-1028.8629,-50.31664755377799
2021-09-23 10:00:00,9656.0,9215.160950129119,8117.536194269744,8102.781567193496,-1097.6248,-14.754627076247415
2021-09-23 11:00:00,9635.0,9164.07416661821,7856.771310172897,7835.948138440011,-1307.3029,-20.823171732886454
2021-09-23 12:00:00,9547.0,9144.505129223717,7753.744631176842,7722.677524593712,-1390.7605,-31.067106583129757
2021-09-23 13:00:00,9513.0,9166.43683504817,7719.518378016921,7702.210929940013,-1446.9185,-17.307448076908127
2021-09-23 14:00:00,9570.0,9228.555963159097,7820.878717065347,7791.391357481657,-1407.6772,-29.487359583689837
2021-09-23 15:00:00,9691.0,9309.073769087172,8162.204872602797,8140.066866108816,-1146.8689,-22.138006493980978
2021-09-23 16:00:00,9958.0,9363.1080968087,8707.614871711045,8706.719528109632,-655.4932,-0.8953436014125915
2021-09-23 17:00:00,9874.0,9341.409222723569,8905.826214911069,8892.40451960917,-435.583,-13.421695301898525
2021-09-23 18:00:00,9326.0,9224.639540500732,8484.646925754638,8485.585980565742,-739.9926,0.939054811103708
2021-09-23 19:00:00,9176.0,9045.972553240485,8066.098896013922,8066.660708220558,-979.87366,0.5618122066366135
2021-09-23 20:00:00,8929.0,8877.256564532208,7570.462008868146,7559.910325505631,-1306.7946,-10.551683362515016
2021-09-23 21:00:00,9530.0,8782.96029506415,7592.678068501649,7603.038153954424,-1190.2822,10.360085452774545
2021-09-23 22:00:00,9530.0,8776.483785493763,7775.454183442982,7762.995935958678,-1001.0296,-12.458247484303717
2021-09-23 23:00:00,9530.0,8815.375379108893,7930.303662800299,7915.449856326085,-885.0717,-14.85380647421429
2021-09-24 00:00:00,9530.0,8840.64909672194,7984.403796428971,7965.363896834847,-856.2453,-19.03989959412378
2021-09-24 01:00:00,9541.5,8827.486050843934,7876.561368226747,7858.342895549884,-950.9247,-18.21847267686255
2021-09-24 02:00:00,9579.5,8804.514260976679,7497.743997304804,7445.494925833413,-1306.7703,-52.249071471391694
2021-09-24 03:00:00,9145.0,8826.28288934186,7315.844412779359,7260.786180448877,-1510.4385,-55.05823233048208
2021-09-24 04:00:00,9420.0,8923.928474843322,7594.5418781636345,7571.681199314965,-1329.3866,-22.860678848669266
2021-09-24 05:00:00,9589.0,9076.31634836789,7822.169863992891,7825.452242559396,-1254.1465,3.282378566504773
2021-09-24 06:00:00,9688.0,9223.948490914414,8082.479130562851,8051.040628259334,-1141.4694,-31.43850230351728
2021-09-24 07:00:00,9718.0,9310.601376596069,8266.160824838256,8224.946449829295,-1044.4406,-41.21437500896263
2021-09-24 08:00:00,9710.0,9317.090887864586,8327.289496263023,8311.341420757235,-989.8014,-15.948075505788395
2021-09-24 09:00:00,9775.0,9263.821381830041,8310.297578119103,8286.69917774503,-953.5238,-23.5984003740742
2021-09-24 10:00:00,9756.0,9188.552716772701,8171.417584936764,8176.623488404419,-1017.13513,5.20590346765503
2021-09-24 11:00:00,9671.0,9123.654447351448,7977.55984285926,7934.869172220049,-1146.0946,-42.690670639211305
2021-09-24 12:00:00,9675.0,9088.815726347113,7847.1071081830505,7813.685134762254,-1241.7086,-33.42197342079612
2021-09-24 13:00:00,9597.0,9093.986032057737,7793.187203932737,7753.808191124828,-1300.7988,-39.37901280790863
2021-09-24 14:00:00,9589.0,9137.83328584237,7926.924228225182,7876.924050823053,-1210.909,-50.00017740212829
2021-09-24 15:00:00,9600.0,9198.565054466953,8258.435904076328,8201.88369144876,-940.12915,-56.55221262756873
2021-09-24 16:00:00,9793.0,9231.311410578479,8708.203744562854,8700.549893153811,-523.10767,-7.653851409042721
2021-09-24 17:00:00,9686.0,9186.853780386176,8775.007283804145,8733.221821334795,-411.8465,-41.78546246934912
2021-09-24 18:00:00,9255.0,9045.909129116002,8405.311900112096,8380.427470489914,-640.5972,-24.884429622180907
2021-09-24 19:00:00,9092.0,8841.731923008198,8008.591298008198,7996.549035021526,-833.1406,-12.042262986671345
2021-09-24 20:00:00,8833.0,8646.276509111607,7519.416157549107,7435.809400539409,-1126.8604,-83.60675700969828
2021-09-24 21:00:00,8418.0,8524.137596756631,7414.1367422644435,7407.518530457385,-1110.0009,-6.618211807058495
2021-09-24 22:00:00,8871.0,8488.856020646972,7335.2831446704095,7393.600862886071,-1153.5729,58.317718215661806
2021-09-24 23:00:00,8850.5,8498.13461758272,7428.992649809283,7430.3009717447785,-1069.142,1.3083219354962135
2021-09-25 00:00:00,8809.0,8493.15910449824,7626.142930181833,7590.705386601541,-867.0162,-35.437543580292235
2021-09-25 01:00:00,8772.5,8449.30399035164,7418.590245234453,7396.66391016148,-1030.7137,-21.926335072972176
2021-09-25 02:00:00,8772.5,8395.413156787996,7065.954050342683,7058.592139198313,-1329.4591,-7.361911144370474
2021-09-25 03:00:00,8255.0,8386.269436490336,6784.414822232524,6734.5816459554,-1601.8546,-49.83317627712374
2021-09-25 04:00:00,8232.0,8453.253546217906,6483.531622389781,6437.095964366906,-1969.7219,-46.43565802287547
2021-09-25 05:00:00,8481.0,8575.480251370449,6597.535427151699,6598.6527714808535,-1977.9448,1.1173443291548641
2021-09-25 06:00:00,8712.0,8693.705509340636,7373.386051332824,7343.37658726915,-1320.3195,-30.00946406367366
2021-09-25 07:00:00,8874.0,8751.966493462603,7642.4232805719785,7614.33559653299,-1109.5432,-28.087684038988517
2021-09-25 08:00:00,8958.0,8731.347672533697,7680.017594408697,7658.551663703657,-1051.3301,-21.4659307050394
2021-09-25 09:00:00,8868.0,8652.527470968524,7665.569768331805,7631.381662553248,-986.9577,-34.1881057785568
2021-09-25 10:00:00,8785.0,8553.540059669196,7514.291402442634,7473.3826945074225,-1039.2487,-40.90870793521088
2021-09-25 11:00:00,8719.0,8467.024201311826,7399.220612444638,7405.976585935166,-1067.8036,6.755973490528431
2021-09-25 12:00:00,8760.0,8412.929486019411,7350.457928402224,7373.921907733173,-1062.4716,23.463979330949172
2021-09-25 13:00:00,8820.0,8401.454531546286,7328.606142874411,7317.507797980815,-1072.8484,-11.098344893596153
2021-09-25 14:00:00,8992.0,8431.50211833334,7591.8469059309955,7573.644482065485,-839.6552,-18.20242386551035
2021-09-25 15:00:00,9011.0,8481.49663845239,8010.806422387937,8017.887751899418,-470.69022,7.081329511480087
2021-09-25 16:00:00,9337.0,8506.764034834378,8305.636791792385,8315.361441436089,-201.12724,9.724649643704632
2021-09-25 17:00:00,9306.0,8458.260226634136,8647.76927509605,8648.638207561266,189.50905,0.8689324652147055
2021-09-25 18:00:00,8811.0,8316.856761540734,8203.839107121788,8202.073391832802,-113.017654,-1.7657152889858987
2021-09-25 19:00:00,8759.0,8115.943150356995,7782.929936245667,7766.185868621046,-333.0132,-16.74406762462067
2021-09-25 20:00:00,8592.0,7927.585814367273,7402.595152746179,7405.718624604477,-524.99066,3.123471858297158
2021-09-25 21:00:00,8142.0,7816.461820377575,6844.12954498695,6852.422547711522,-972.3323,8.293002724571602
2021-09-25 22:00:00,7814.0,7796.15843076935,6600.484236433413,6614.971208234623,-1195.6742,14.486971801210325
2021-09-25 23:00:00,8418.0,7824.3873610618275,6483.49978781964,6515.95354589042,-1340.8876,32.45375807078036
2021-09-26 00:00:00,8383.0,7842.309223044083,6822.322223532365,6809.34283921627,-1019.987,-12.979384316094738
2021-09-26 01:00:00,7678.0,7825.244579825738,6605.97419408355,6574.444820479203,-1219.2704,-31.529373604346823
2021-09-26 02:00:00,7806.0,7801.9565224714415,6039.4780068464415,6034.775003578684,-1762.4785,-4.703003267757625
2021-09-26 03:00:00,8042.0,7827.117401028585,6101.41452016921,6092.055277870426,-1725.7029,-9.359242298783792
2021-09-26 04:00:00,8005.0,7931.96283329144,6286.045719033627,6305.874677617766,-1645.9171,19.828958584138938
2021-09-26 05:00:00,8238.0,8095.425542606372,6588.465215457934,6593.846964410762,-1506.9603,5.3817489528276194
2021-09-26 06:00:00,8385.0,8258.045231181748,7008.870670634873,7025.948926273497,-1249.1746,17.078255638623716
2021-09-26 07:00:00,8470.0,8363.614717526178,7295.310762448053,7298.311061109144,-1068.304,3.00029866109194
2021-09-26 08:00:00,8451.0,8392.951562076007,7432.002648501788,7416.789550959551,-960.9489,-15.213097542236584
2021-09-26 09:00:00,8381.0,8366.447107230359,7405.733484183484,7392.442631231736,-960.7136,-13.29085295174708
2021-09-26 10:00:00,8243.0,8321.828173167509,7237.592333323759,7242.256672583206,-1084.2358,4.664339259446705
2021-09-26 11:00:00,8168.0,8291.405993953616,7010.001819148929,7007.858702171304,-1281.4042,-2.1431169776248757
2021-09-26 12:00:00,8184.0,8294.784469598719,6931.291671747156,6927.800794889571,-1363.4928,-3.4908768575848796
2021-09-26 13:00:00,8222.0,8341.801701373288,6952.530094927975,6959.62690849538,-1389.2716,7.09681356740431
2021-09-26 14:00:00,8380.0,8430.988122418692,7093.966882184317,7101.963020255755,-1337.0212,7.996138071437597
2021-09-26 15:00:00,8516.0,8540.386220810338,7569.5615748142445,7597.0455250910145,-970.82465,27.483950276770138
2021-09-26 16:00:00,8979.0,8624.933567278895,7910.369480364832,7965.8363751047855,-714.5641,55.46689473995333
2021-09-26 17:00:00,9007.0,8635.19674293757,8030.943752214915,8024.881453196363,-604.253,-6.062299018551801
2021-09-26 18:00:00,8681.0,8551.664231049444,8038.396164643194,8016.624918081429,-513.26807,-21.771246561765217
2021-09-26 19:00:00,8762.0,8407.354679226048,7837.545414089329,7821.682634675477,-569.80927,-15.862779413852016
2021-09-26 20:00:00,8650.0,8273.977688361694,7429.72970252185,7405.086762778779,-844.248,-24.64293974307146
2021-09-26 21:00:00,8294.0,8215.86573394076,6884.5614126516975,6868.018193677746,-1331.3043,-16.543218973951006
2021-09-26 22:00:00,8000.0,8246.272037154678,6775.157046920303,6788.051114257915,-1471.115,12.89406733761212
2021-09-26 23:00:00,7846.0,8322.587286736285,6917.5258853690975,6935.4319503693305,-1405.0614,17.906065000233333
2021-09-27 00:00:00,7906.0,8385.671231973443,6858.024747598443,6834.223574657093,-1527.6465,-23.801172941349844
2021-09-27 01:00:00,8081.0,8410.571925234153,6887.939478945091,6885.69541978869,-1522.6324,-2.2440591564010717
2021-09-27 02:00:00,8394.0,8425.812762217078,6690.477068857703,6734.523871143246,-1735.3357,44.04680228554281
2021-09-27 03:00:00,9226.0,8485.858227142573,6943.7677730410105,6959.180362140336,-1542.0905,15.41258909932551
2021-09-27 04:00:00,9568.0,8621.764209926021,7591.139209926021,7590.216134827909,-1030.625,-0.9230750981125144
2021-09-27 05:00:00,9805.0,8812.31010542956,7896.209702597529,7886.475996996891,-916.1004,-9.733705600638476
2021-09-27 06:00:00,9772.0,8997.91135223124,8216.741735532021,8214.064170240568,-781.1696,-2.677565291452579
2021-09-27 07:00:00,9609.0,9122.27096560882,8351.688690218194,8364.430661832563,-770.5823,12.741971614369312
2021-09-27 08:00:00,9547.0,9166.155344439512,8323.406626177793,8325.62656209045,-842.7487,2.2199359126572187
2021-09-27 09:00:00,9446.0,9149.943693325473,8265.002409145785,8250.239999385365,-884.9413,-14.76240976041936
2021-09-27 10:00:00,9306.0,9111.387014099224,8092.8214623414115,8083.749727027694,-1018.56555,-9.071735313717527
2021-09-27 11:00:00,9194.0,9082.853939987019,7812.140439010456,7841.290377035189,-1270.7135,29.14993802473271
2021-09-27 12:00:00,9117.0,9084.037262764852,7683.920075264852,7702.646803874667,-1400.1172,18.726728609815076
2021-09-27 13:00:00,9148.0,9124.894554489752,7666.813499802252,7650.44554424004,-1458.081,-16.36795556221185
2021-09-27 14:00:00,9187.0,9204.10458435101,7794.140961304134,7795.243546463401,-1409.9636,1.1025851592664155
2021-09-27 15:00:00,9151.0,9299.884198026666,8052.898358182916,8060.930026145656,-1246.9858,8.031667962739345
2021-09-27 16:00:00,9517.0,9367.368964220954,8538.696417834235,8551.89227242473,-828.67255,13.195854590494053
2021-09-27 17:00:00,9635.0,9357.346843748206,8781.134929685706,8820.722509799181,-576.2119,39.58758011347514
2021-09-27 18:00:00,9157.0,9250.55233216293,8433.451441049649,8394.73377879494,-817.1009,-38.71766225470851
2021-09-27 19:00:00,9070.0,9080.274499816544,8144.0840701290435,8131.612238047335,-936.1904,-12.471832081708236
2021-09-27 20:00:00,8872.0,8918.513378983545,7727.959668046045,7693.872306552582,-1190.5537,-34.08736149346329
2021-09-27 21:00:00,8592.0,8829.90380340111,7440.079462580798,7397.047866647632,-1389.8243,-43.03159593316544
2021-09-27 22:00:00,8326.0,8828.005376711844,7825.467229739188,7847.297313707194,-1002.53815,21.830083968005592
2021-09-27 23:00:00,8251.0,8870.515546703331,7720.5998972892685,7759.075218361046,-1149.9156,38.475321071777415
2021-09-28 00:00:00,8322.0,8898.60241516524,7574.146116337115,7600.4768740392365,-1324.4563,26.330757702121197
2021-09-28 01:00:00,8436.0,8887.62647757932,7502.875501016821,7536.62898665653,-1384.751,33.7534856397101
2021-09-28 02:00:00,8738.0,8866.426740558449,7336.250959308449,7375.653344774854,-1530.1758,39.40238546640585
2021-09-28 03:00:00,9289.0,8889.78045590671,7295.995177586397,7264.071971595728,-1593.7853,-31.923205990669018
2021-09-28 04:00:00,9360.0,8989.045134903652,7714.012542130215,7724.978284565786,-1275.0326,10.965742435571695
2021-09-28 05:00:00,9486.0,9143.284759429136,7895.214202788511,7888.77350531184,-1248.0706,-6.440697476671009
2021-09-28 06:00:00,9596.0,9293.181340393709,8037.223698792146,8057.580054505454,-1255.9576,20.356355713308446
2021-09-28 07:00:00,9587.0,9382.688740657657,8193.013203548282,8206.522907618417,-1189.6755,13.509704070134807
2021-09-28 08:00:00,9449.0,9392.810126896826,8341.39826166245,8356.381391310246,-1051.4119,14.983129647794168
2021-09-28 09:00:00,9268.0,9344.145829957291,8199.455766480729,8187.478038725457,-1144.6901,-11.977727755272317
2021-09-28 10:00:00,9130.0,9274.648296275385,8026.671611705073,8020.514541674498,-1247.9767,-6.157070030574314
2021-09-28 11:00:00,9021.0,9216.86410089276,7828.251918275573,7847.306011956403,-1388.6122,19.054093680829812
2021-09-28 12:00:00,8969.0,9190.638648525464,7693.073096767652,7709.405735802086,-1497.5656,16.332639034434603
2021-09-28 13:00:00,8998.0,9206.05639250864,7670.462642508641,7673.155559205316,-1535.5938,2.692916696675946
2021-09-28 14:00:00,9116.0,9261.89664769989,7764.687907465515,7775.169229901119,-1497.2087,10.481322435603762
2021-09-28 15:00:00,9213.0,9336.449314980346,8068.379246620971,8084.089089570292,-1268.0701,15.709842949321391
2021-09-28 16:00:00,9599.0,9384.89538799518,8440.580263483462,8451.876764658744,-944.3151,11.296501175282613
2021-09-28 17:00:00,9595.0,9358.043124532755,8765.64932570463,8761.425546907816,-592.3938,-4.223778796814234
2021-09-28 18:00:00,9050.0,9236.626682074155,8359.413242132749,8377.455845972532,-877.21344,18.042603839783744
2021-09-28 19:00:00,8903.0,9053.917614600865,8025.559704444615,8029.173626112589,-1028.3579,3.613921667973815
2021-09-28 20:00:00,8703.0,8881.880925210487,7602.524357827675,7539.11332953056,-1279.3566,-63.41102829711492
2021-09-28 21:00:00,9035.5,8785.095226488227,7441.514171800727,7404.426923419135,-1343.581,-37.08724838159211
2021-09-28 22:00:00,9035.5,8777.039487941182,7611.197813136494,7557.2600029963005,-1165.8417,-53.937810140193164
2021-09-28 23:00:00,9035.5,8815.307364439715,7717.143424010028,7674.319030639957,-1098.164,-42.82439337007031
2021-09-29 00:00:00,9083.0,8840.946283522591,7872.091669264779,7794.878787788715,-968.8546,-77.21288147606373
2021-09-29 01:00:00,9164.5,8829.18683969207,7927.666209809258,7872.2992132860545,-901.5206,-55.36699652320421
2021-09-29 02:00:00,9223.5,8808.733180316107,7579.446559222357,7559.73549459047,-1229.2866,-19.711064631887243
2021-09-29 03:00:00,8898.0,8834.22189136488,7320.418668708629,7310.364128955888,-1513.8032,-10.054539752741054
2021-09-29 04:00:00,9234.0,8936.860781793117,7440.3718901915545,7468.230540501006,-1496.4889,27.85865030945083
2021-09-29 05:00:00,9466.0,9095.55413014754,7814.3148723350405,7835.619319439805,-1281.2393,21.30444710476458
2021-09-29 06:00:00,9596.0,9250.817980080717,8103.7991812525925,8118.893088678155,-1147.0188,15.093907425562893
2021-09-29 07:00:00,9655.0,9346.440710414148,8303.935705531336,8319.45411779121,-1042.505,15.518412259874019
2021-09-29 08:00:00,9586.0,9363.266279531876,8327.803510977188,8337.040090492535,-1035.4628,9.236579515347925
2021-09-29 09:00:00,9502.0,9321.744316417331,8302.291008311862,8299.070495199212,-1019.4533,-3.220513112650081
2021-09-29 10:00:00,9435.0,9259.68442877203,8139.692363342343,8108.983968898898,-1119.9921,-30.708394443445727
2021-09-29 11:00:00,9350.0,9209.49736153838,7892.468675014943,7855.523942345382,-1317.0287,-36.94473266956108
2021-09-29 12:00:00,9342.0,9190.900379119728,7812.673328338478,7803.529118980308,-1378.227,-9.144209358170034
2021-09-29 13:00:00,9385.0,9213.859106693482,7756.781225834107,7712.7200525553135,-1457.0779,-44.06117327879379
2021-09-29 14:00:00,9429.0,9277.044265891085,7944.02790846921,7915.573352768409,-1333.0164,-28.454555700801254
2021-09-29 15:00:00,9442.0,9358.647262871587,8279.984176934087,8255.32061446691,-1078.6631,-24.663562467178686
2021-09-29 16:00:00,9839.0,9413.761062232545,8652.974746314576,8648.532843457948,-760.7863,-4.441902856627569
2021-09-29 17:00:00,9671.0,9393.118859806575,8991.529443302668,9004.60512367284,-401.58942,13.07568037017203
2021-09-29 18:00:00,9113.0,9277.396712247306,8505.629012051993,8492.125874004849,-771.7677,-13.503138047145491
2021-09-29 19:00:00,8968.0,9099.827510184841,8148.649714774685,8119.713850817212,-951.1778,-28.935863957472893
2021-09-29 20:00:00,8716.0,8932.355256735253,7638.632844625878,7625.899413116526,-1293.7224,-12.73343150935109
2021-09-29 21:00:00,9346.0,8839.549678360196,7641.804683243008,7601.297174670153,-1197.745,-40.50750857285499
2021-09-29 22:00:00,9346.0,8834.887483331002,7927.040193291939,7903.74784007622,-907.8473,-23.292353215718872
2021-09-29 23:00:00,9346.0,8875.965317488331,7990.930954695363,7990.8557943448495,-885.03436,-0.07516035051350231
2021-09-30 00:00:00,9363.5,8903.842185896618,7991.924705427868,7999.503506881054,-911.9175,7.578801453186664
2021-09-30 01:00:00,9407.0,8893.773288583463,7932.598483895963,7914.659339055031,-961.1748,-17.939144840932652
2021-09-30 02:00:00,9431.5,8874.501241490456,7564.524312779518,7549.276708671395,-1309.9769,-15.247604108123697
2021-09-30 03:00:00,8874.0,8900.710511968142,7315.231263921267,7327.891691760954,-1585.4792,12.660427839687499
2021-09-30 04:00:00,9201.0,9003.65925660534,7424.601273206903,7395.392254039644,-1579.058,-29.209019167258656
2021-09-30 05:00:00,9434.0,9162.299826397708,7745.68813206177,7735.622274274271,-1416.6117,-10.065857787499004
2021-09-30 06:00:00,9527.0,9317.19401720114,8016.104905873015,8016.86903258636,-1301.0891,0.7641267133447279
2021-09-30 07:00:00,9572.0,9412.17665396468,8184.16395865218,8209.920967947806,-1228.0127,25.75700929562728
2021-09-30 08:00:00,9742.0,9428.140996980395,8216.216558503833,8230.434738351101,-1211.9244,14.218179847268267
2021-09-30 09:00:00,9671.0,9385.587586574227,8277.529969386727,8271.650667075372,-1108.0576,-5.8793023113550955
2021-09-30 10:00:00,9644.0,9322.3746333819,8054.614745686587,8044.480426940639,-1267.7599,-10.134318745948837
2021-09-30 11:00:00,9602.0,9270.955295741433,7833.396824061745,7843.203927646663,-1437.5585,9.807103584917815
2021-09-30 12:00:00,9536.0,9251.081005988033,7699.615551886471,7704.904180058558,-1551.4655,5.288628172087341
2021-09-30 13:00:00,9474.0,9272.742524169895,7671.46542456052,7694.4913665946115,-1601.2771,23.025942034091475
2021-09-30 14:00:00,9564.0,9334.625545845804,7788.664242134866,7789.239811752209,-1545.9613,0.5755696173428116
2021-09-30 15:00:00,9568.0,9414.924489878662,8180.522390269287,8177.168276422462,-1234.4021,-3.3541138468242147
2021-09-30 16:00:00,9917.0,9468.722483841135,8678.757212845041,8712.463640767253,-789.9653,33.706427922213116
2021-09-30 17:00:00,9752.0,9446.731706657554,8909.547990837242,8898.430096012613,-537.1837,-11.117894824628246
2021-09-30 18:00:00,9227.0,9329.599614133922,8525.984807005016,8539.683157014659,-803.6148,13.69835000964331
2021-09-30 19:00:00,9114.0,9150.52542744093,8083.326208690931,8075.932786453768,-1067.1992,-7.3934222371622855
2021-09-30 20:00:00,8882.0,8981.41311077293,7569.143457452617,7574.067931400843,-1412.2697,4.924473948225391
2021-09-30 21:00:00,9507.5,8886.78133075067,7588.233235047544,7661.815100665433,-1298.5481,73.58186561788928
2021-09-30 22:00:00,9507.5,8880.040534440282,7858.400214616064,7864.425882090457,-1021.6403,6.025667474393379
2021-09-30 23:00:00,9507.5,8918.70622977468,7972.37175711843,7969.288051698739,-946.3345,-3.0837054196905638
2021-10-01 00:00:00,9507.5,8943.746801514751,7761.9037839366265,7709.857559921569,-1181.843,-52.04622401505746
2021-10-01 01:00:00,9497.0,8930.324179369769,7640.611288744769,7580.573230151855,-1289.7129,-60.038058592914645
2021-10-01 02:00:00,9522.5,8907.08857922278,7327.70918469153,7268.457562197975,-1579.3794,-59.2516224935552
2021-10-01 03:00:00,9052.0,8928.631427356864,7035.472247669364,6995.821060028986,-1893.1592,-39.65118764037852
2021-10-01 04:00:00,9479.0,9026.113399727614,7271.853878243239,7201.022161859464,-1754.2595,-70.83171638377505
2021-10-01 05:00:00,9605.0,9178.383495443424,7572.247387044987,7506.829014554169,-1606.1361,-65.41837249081783
2021-10-01 06:00:00,9808.0,9325.897663229056,7910.358600729056,7917.642741000155,-1415.5391,7.284140271099264
2021-10-01 07:00:00,9775.0,9412.388880643764,8190.686121854702,8236.674114769365,-1221.7028,45.98799291466254
2021-10-01 08:00:00,9745.0,9418.658209648438,8216.664801445313,8207.346800292673,-1201.9934,-9.318001152639779
2021-10-01 09:00:00,9763.0,9365.125835636567,8151.2536432537545,8150.18651007519,-1213.8722,-1.067133178564706
2021-10-01 10:00:00,9640.0,9289.580880985335,8020.030465946273,8031.602718061323,-1269.5504,11.572252115050109
2021-10-01 11:00:00,9548.0,9224.417990684175,7667.91872310605,7663.1726122699665,-1556.4993,-4.746110836083297
2021-10-01 12:00:00,9515.0,9189.341590389095,7496.439124568782,7499.2038567363315,-1692.9025,2.764732167549395
2021-10-01 13:00:00,9530.0,9194.308890659553,7517.811454136116,7496.742212108847,-1676.4974,-21.069242027268988
2021-10-01 14:00:00,9502.0,9237.986811004068,7704.509638152505,7691.008828284466,-1533.4772,-13.500809868038838
2021-10-01 15:00:00,9487.0,9298.566076549605,8062.279943737105,8046.521863237696,-1236.2861,-15.758080499408877
2021-10-01 16:00:00,9790.0,9331.142052814044,8358.385216876544,8444.638169633155,-972.75684,86.25295275661172
2021-10-01 17:00:00,9602.0,9286.458092802024,8524.509850614524,8552.594213499944,-761.94824,28.084362885420408
2021-10-01 18:00:00,9122.0,9145.216263649383,8084.773148415008,8078.561413454398,-1060.4431,-6.211734960610992
2021-10-01 19:00:00,8993.0,8940.69680535025,7654.968167654937,7624.0729714994395,-1285.7286,-30.895196155497942
2021-10-01 20:00:00,8725.0,8744.909797263816,7156.170173240378,7159.5563259380015,-1588.7396,3.386152697623831
2021-10-01 21:00:00,8225.0,8622.4999824424,7093.379376973649,7107.352828484136,-1529.1206,13.973451510486935
2021-10-01 22:00:00,8645.0,8587.018705517752,7137.44973579119,7238.706111168669,-1449.569,101.25637537747905
2021-10-01 23:00:00,8628.5,8596.136086807788,7154.858376846851,7167.366913923394,-1441.2777,12.508537076543307
2021-10-02 00:00:00,8589.0,8565.598378092212,7259.244862467212,7273.965781911342,-1306.3535,14.720919444129642
2021-10-02 01:00:00,8573.5,8521.548861367017,7090.865633827954,7115.9963947201795,-1430.6832,25.130760892224988
2021-10-02 02:00:00,8573.5,8467.459929055934,6798.3273606965595,6811.576780444688,-1669.1326,13.249419748128142
2021-10-02 03:00:00,8104.0,8458.156849584308,6535.854359349933,6514.249140229986,-1922.3025,-21.605219119947122
2021-10-02 04:00:00,8148.0,8525.044658534038,6308.002178065288,6280.365923169152,-2217.0425,-27.63625489613572
2021-10-02 05:00:00,8286.0,8647.221979789976,6587.724421196226,6592.382564425016,-2059.4976,4.658143228790573
2021-10-02 06:00:00,8493.0,8765.398935518444,6984.252207002819,6987.742063963894,-1781.1467,3.4898569610747416
2021-10-02 07:00:00,8630.0,8823.569404373646,7308.930000076771,7299.132816224604,-1514.6394,-9.797183852166668
2021-10-02 08:00:00,8660.0,8802.803239455594,7403.842301955594,7416.49959811732,-1398.9609,12.657296161725608
2021-10-02 09:00:00,8627.0,8723.794899059883,7358.530860973946,7343.649516667611,-1365.264,-14.881344306334562
2021-10-02 10:00:00,8551.0,8624.60802243589,7245.31749509214,7264.674604533671,-1379.2905,19.357109441531257
2021-10-02 11:00:00,8509.0,8537.906663306676,7120.898606666051,7118.499508298936,-1417.008,-2.3990983671143806
2021-10-02 12:00:00,8596.0,8483.655879636764,7057.933467527389,7047.4023946970665,-1425.7224,-10.531072830323376
2021-10-02 13:00:00,8664.0,8472.06220845066,7076.116529739722,7061.17422688085,-1395.9457,-14.94230285887153
2021-10-02 14:00:00,8822.0,8502.027605208325,7295.6955739583245,7250.930206889854,-1206.332,-44.76536706846999
2021-10-02 15:00:00,9003.0,8551.959784976465,7780.2584910311525,7777.2915350944095,-771.7013,-2.9669559367431217
2021-10-02 16:00:00,8530.0,8577.150133887197,7947.251086035634,7938.760317308724,-629.89905,-8.490768726910243
2021-10-02 17:00:00,9222.0,8528.516632005032,8119.055480881985,8146.172008866217,-409.46115,27.11652798423136
2021-10-02 18:00:00,8786.0,8386.916045022243,7988.626066994899,8006.31877058076,-398.28998,17.692703585861672
2021-10-02 19:00:00,8702.0,8185.763753933287,7629.8770962184435,7626.456717538991,-555.88666,-3.4203786794523565
2021-10-02 20:00:00,8500.0,7997.181987627829,7161.131084307516,7160.324631540736,-836.0509,-0.8064527667802724
2021-10-02 21:00:00,8097.0,7885.897899520671,6584.560497176921,6576.734137499724,-1301.3374,-7.82635967719647
2021-10-02 22:00:00,7796.0,7865.509291324045,6310.752333316233,6307.569553992084,-1554.757,-3.1827793241478153
2021-10-02 23:00:00,7640.0,7893.695167152985,6331.825049965485,6400.604339765134,-1561.8701,68.77928979964895
2021-10-03 00:00:00,7619.0,7936.967385308338,6463.744118706775,6458.67636278638,-1473.2233,-5.067755920395118
2021-10-03 01:00:00,7655.0,7919.834007604096,6364.126243932221,6382.287507680145,-1555.7078,18.161263747923854
2021-10-03 02:00:00,7676.0,7896.477063023274,6260.146984898274,6273.89208821876,-1636.3301,13.745103320486333
2021-10-03 03:00:00,7879.0,7921.6112415806365,5982.3165638462615,5993.665595154569,-1939.2947,11.349031308307552
2021-10-03 04:00:00,7850.0,8026.496359291583,6228.054586830645,6239.577371083475,-1798.4418,11.52278425282944
2021-10-03 05:00:00,7988.0,8190.048853239307,6546.36684640337,6567.485318077257,-1643.682,21.11847167388746
2021-10-03 06:00:00,8226.0,8352.762422385198,6878.604829611761,6919.481350779562,-1474.1576,40.876521167801435
2021-10-03 07:00:00,8299.0,8458.386400530646,7066.355272600958,7111.497018665019,-1392.0311,45.14174606406015
2021-10-03 08:00:00,8371.0,8487.723521689804,7211.517344931992,7220.216701949832,-1276.2062,8.699357017840041
2021-10-03 09:00:00,8347.0,8461.18093238631,7217.663110120686,7220.34357674322,-1243.5178,2.6804666225339235
2021-10-03 10:00:00,8242.0,8416.514674187476,7057.859644890601,7025.423065348079,-1358.655,-32.43657954252232
2021-10-03 11:00:00,8147.0,8386.061010059851,6872.0488030286015,6855.91049825166,-1514.0122,-16.138304776941798
2021-10-03 12:00:00,8171.0,8389.439032704346,6771.011420399658,6772.847186905885,-1618.4276,1.8357665062269515
2021-10-03 13:00:00,8257.0,8436.494476843574,6767.673920202949,6753.156798736293,-1668.8206,-14.51712146665634
2021-10-03 14:00:00,8319.0,8525.75665660082,7049.810245468008,7038.763587791341,-1475.9464,-11.046657676667342
2021-10-03 15:00:00,8628.0,8635.251083327423,7363.674423171173,7384.911026362924,-1271.5767,21.236603191751048
2021-10-03 16:00:00,8249.5,8719.880468184123,7575.57077580131,7591.2405438585665,-1144.3097,15.669768057256194
2021-10-03 17:00:00,8278.0,8730.173150018885,7556.35064025326,7571.719642176877,-1173.8225,15.369001923616032
2021-10-03 18:00:00,8411.0,8646.602529200702,7728.250417384295,7748.119097679626,-918.3521,19.868680295331103
2021-10-03 19:00:00,8476.0,8502.212827532378,7526.090268938628,7545.810349135461,-976.12256,19.720080196833592
2021-10-03 20:00:00,8342.0,8368.769165064661,7111.837280299036,7112.466498919877,-1256.9319,0.6292186208406808
2021-10-03 21:00:00,7983.0,8310.653825499332,6758.6102463977695,6777.380345633313,-1552.0436,18.770099235543384
2021-10-03 22:00:00,7684.0,8341.13030348638,6573.680474384817,6612.311397894555,-1767.4498,38.630923509738224
2021-10-03 23:00:00,8443.5,8417.55632530865,6598.119191519587,6579.531432823865,-1819.4371,-18.587758695722112
2021-10-04 00:00:00,8552.0,8480.745883874877,7071.16788094519,7034.330459347045,-1409.578,-36.83742159814493
2021-10-04 01:00:00,8672.0,8505.727735936174,7003.681593358049,6978.375352331511,-1502.0461,-25.306241026538384
2021-10-04 02:00:00,7957.0,8521.047368944242,6920.276006639555,6888.30939553752,-1600.7714,-31.966611102034694
2021-10-04 03:00:00,8716.0,8581.211435191826,6933.266244762139,6890.494793864311,-1647.9452,-42.77145089782755
2021-10-04 04:00:00,9204.0,8717.299874711927,7259.546700883802,7236.1235686109985,-1457.7532,-23.423132272804114
2021-10-04 05:00:00,9285.0,8908.075672861596,7607.145985361596,7594.309380558569,-1300.9297,-12.836604803027821
2021-10-04 06:00:00,9406.0,9093.90816747111,7925.965174307048,7942.289422599012,-1167.943,16.324248291964302
2021-10-04 07:00:00,9387.0,9218.456818001796,8099.627716439296,8134.173465000475,-1118.8291,34.54574856117901
2021-10-04 08:00:00,9394.0,9262.473152473282,8181.5424884107815,8190.689179737541,-1080.9307,9.146691326759706
2021-10-04 09:00:00,9319.0,9246.352162005125,8109.847645403563,8108.354192337474,-1136.5045,-1.4934530660882597
2021-10-04 10:00:00,9295.0,9207.87407876691,7925.65288736066,7920.9760969069785,-1282.2212,-4.676790453682121
2021-10-04 11:00:00,9172.0,9179.432600008862,7742.735944735425,7762.434359280258,-1436.6967,19.69841454483351
2021-10-04 12:00:00,9099.0,9180.735770730345,7604.91423752722,7619.779811061926,-1575.8215,14.865573534705687
2021-10-04 13:00:00,9019.0,9221.748881454252,7561.023783798002,7557.822017633098,-1660.7251,-3.201766164904025
2021-10-04 14:00:00,9019.0,9301.149690638573,7671.55435372451,7651.754152028218,-1629.5953,-19.8002016962918
2021-10-04 15:00:00,9219.0,9397.138197405375,7954.007826311625,7932.107697703916,-1443.1304,-21.900128607708897
2021-10-04 16:00:00,9646.0,9464.815261269014,8303.102614784639,8327.743388776526,-1161.7126,24.64077399188603
2021-10-04 17:00:00,9454.0,9454.930769618722,8647.11717098591,8670.587334343105,-807.8136,23.470163357194888
2021-10-04 18:00:00,8980.0,9348.204320424982,8245.830541128107,8277.476331056589,-1102.3738,31.645789928482294
2021-10-04 19:00:00,8877.0,9177.950757902041,7856.9682139567285,7856.63319785317,-1320.9825,-0.335016103558959
2021-10-04 20:00:00,8630.0,9016.225845312576,7378.230483984451,7384.512673257124,-1637.9954,6.282189272673218
2021-10-04 21:00:00,9059.0,8927.714446251723,7305.990081017348,7303.87712502365,-1621.7244,-2.112955993698391
2021-10-04 22:00:00,9059.0,8925.986666940446,7578.2110321748205,7618.968933712031,-1347.7756,40.757901537210195
2021-10-04 23:00:00,9059.0,8968.707226854553,7820.683056932678,7791.049296496949,-1148.0242,-29.6337604357284
2021-10-05 00:00:00,9059.0,8996.99870818605,7826.127858576676,7824.363272325068,-1170.8708,-1.76458625160832
2021-10-05 01:00:00,9119.0,8986.202547781286,7756.829256765661,7732.626862341718,-1229.3733,-24.202394423942366
2021-10-05 02:00:00,9233.0,8965.180078837671,7508.441919657984,7510.610450379555,-1456.7382,2.1685307215711376
2021-10-05 03:00:00,8776.0,8988.750951609009,7138.563329538696,7139.6612788799175,-1850.1876,1.0979493412210402
2021-10-05 04:00:00,9247.0,9088.296951236698,7503.440505924198,7503.700727257374,-1584.8564,0.2602213331755582
2021-10-05 05:00:00,9269.0,9242.865865089565,7728.3122762223775,7749.7426770124,-1514.5536,21.43040079002274
2021-10-05 06:00:00,9404.0,9393.093807638877,7914.059994162315,7929.7550274506075,-1479.0338,15.69503328829289
2021-10-05 07:00:00,9390.0,9482.891277793507,8085.7931332622575,8087.33382880313,-1397.0981,1.5406955408729042
2021-10-05 08:00:00,9525.0,9493.246749096688,8175.529341870126,8191.272332194743,-1317.7174,15.742990324617816
2021-10-05 09:00:00,9520.0,9444.776501147247,8186.860363451935,8182.273535123759,-1257.9161,-4.586828328176013
2021-10-05 10:00:00,9411.0,9375.462356211163,8050.291091562725,8054.805825413565,-1325.1713,4.514733850839709
2021-10-05 11:00:00,9365.0,9317.876081094113,7799.9701973050505,7820.2412569315575,-1517.9059,20.271059626507217
2021-10-05 12:00:00,9333.0,9291.878442945273,7704.958643140586,7720.485164778845,-1586.9198,15.526521638258588
2021-10-05 13:00:00,9327.0,9307.56170366644,7673.697201713316,7688.217858739414,-1633.8645,14.52065702609801
2021-10-05 14:00:00,9428.0,9363.70423805244,7802.279311294627,7809.301133828414,-1561.4249,7.02182253378684
2021-10-05 15:00:00,9578.0,9438.579151557682,8164.577686713932,8172.007574357849,-1274.0015,7.42988764391716
2021-10-05 16:00:00,9863.0,9487.332760337515,8500.677486900015,8479.247814434624,-986.6553,-21.429672465389903
2021-10-05 17:00:00,9650.0,9460.735261369282,8775.655732560688,8751.190404787505,-685.0795,-24.4653277731829
2021-10-05 18:00:00,9092.0,9339.505908610896,8358.078540446833,8362.226555739262,-981.42737,4.148015292428925
2021-10-05 19:00:00,9015.0,9156.942006166752,7923.2081194480015,7915.311071733852,-1233.7339,-7.897047714148908
2021-10-05 20:00:00,8688.0,8985.064247500877,7534.455116641502,7517.405697314734,-1450.6091,-17.049419326767595
2021-10-05 21:00:00,9240.0,8888.501218653366,7697.744504786178,7689.923238723632,-1190.7567,-7.8212660625467825
2021-10-05 22:00:00,9240.0,8880.74232077097,7703.718272919408,7676.091639489923,-1177.024,-27.626633429484883
2021-10-05 23:00:00,9206.0,8919.348396314388,7716.530525220638,7690.969892258889,-1202.8179,-25.56063296174936
2021-10-06 00:00:00,9185.5,8945.321257466758,7823.65145766207,7789.200956705607,-1121.6698,-34.45050095646399
2021-10-06 01:00:00,9159.5,8933.872334260199,7804.989277619574,7766.848901558914,-1128.883,-38.1403760606601
2021-10-06 02:00:00,9159.5,8913.72798638423,7505.4413652904805,7502.271807995551,-1408.2866,-3.1695572949294273
2021-10-06 03:00:00,8797.0,8939.567077286743,7082.500671036743,7066.401128552746,-1857.0664,-16.099542483997748
2021-10-06 04:00:00,9226.0,9042.621563790573,7471.245221017136,7452.970334139169,-1571.3763,-18.27488687796731
2021-10-06 05:00:00,9186.0,9201.779400678486,7621.967633100361,7621.364978200309,-1579.8118,-0.6026549000517876
2021-10-06 06:00:00,9254.0,9357.51060433707,7872.826400235508,7866.812441573774,-1484.6842,-6.01395866173465
2021-10-06 07:00:00,9300.0,9453.560058862093,8029.064087182405,8026.857045343991,-1424.496,-2.207041838414475
2021-10-06 08:00:00,9283.0,9470.756900459552,8099.874454170489,8105.915805911881,-1370.8824,6.041351741391402
2021-10-06 09:00:00,9273.0,9429.566580970326,8069.833426673451,8053.7067344859015,-1359.7332,-16.126692187549274
2021-10-06 10:00:00,9185.0,9367.827962632378,7927.814046616753,7931.968869454886,-1440.0139,4.154822838132679
2021-10-06 11:00:00,9134.0,9317.976866735062,7656.759215367874,7642.665416279983,-1661.2177,-14.093799087891094
2021-10-06 12:00:00,9122.0,9299.745811715939,7541.290611520626,7561.672028344136,-1758.4552,20.381416823510197
2021-10-06 13:00:00,9192.0,9323.108130970304,7537.338477649992,7548.3683370944955,-1785.7697,11.029859444503602
2021-10-06 14:00:00,9253.0,9386.733514590396,7730.113275332584,7721.1667708403775,-1656.6202,-8.946504492206632
2021-10-06 15:00:00,9394.0,9468.796491369185,8072.931379064497,8080.019741430475,-1395.8651,7.0883623659773995
2021-10-06 16:00:00,9159.5,9524.355276578186,8526.433279507874,8523.588022978429,-997.922,-2.8452565294445504
2021-10-06 17:00:00,9526.0,9504.10494377815,8640.160180594556,8640.241541904385,-863.94476,0.08136130982899542
2021-10-06 18:00:00,8962.0,9388.706595208403,8246.038748528716,8235.144136437519,-1142.6678,-10.894612091196807
2021-10-06 19:00:00,8845.0,9211.418831245337,7845.914436714087,7837.1484404202865,-1365.5044,-8.765996293800738
2021-10-06 20:00:00,8515.0,9044.241315381772,7466.996442334897,7408.373322276693,-1577.2449,-58.62312005820396
2021-10-06 21:00:00,9062.5,8951.793727520775,7669.960597637963,7703.646592628099,-1281.8331,33.6859949901362
2021-10-06 22:00:00,9062.5,8947.563197038824,7440.4871472341365,7417.807494659391,-1507.076,-22.67965257474567
2021-10-06 23:00:00,9062.5,8989.113555702883,7634.06802347632,7616.882319606715,-1355.0455,-17.185703869604822
2021-10-07 00:00:00,9062.5,9017.458199590743,7898.254830450118,7881.016564710459,-1119.2034,-17.238265739659035
2021-10-07 01:00:00,9077.0,9007.833177777187,7816.717821331875,7832.087160297018,-1191.1154,15.369338965143042
2021-10-07 02:00:00,9077.0,8989.00333817925,7577.784344038624,7576.381062900531,-1411.219,-1.403281138093281
2021-10-07 03:00:00,8532.0,9015.695450384896,7121.364639838021,7100.871623278596,-1894.3308,-20.493016559424134
2021-10-07 04:00:00,8872.0,9119.191847466996,7440.0736834044965,7431.784699117478,-1679.1182,-8.288984287018499
2021-10-07 05:00:00,9003.0,9278.428588007215,7633.761107538465,7615.77360056472,-1644.6675,-17.987506973744175
2021-10-07 06:00:00,9295.0,9433.921473419965,7885.0505017402775,7861.996803700037,-1548.871,-23.05369804024028
2021-10-07 07:00:00,9338.0,9529.46186702795,8137.501784020138,8143.422184198202,-1391.9601,5.920400178063225
2021-10-07 08:00:00,9378.0,9545.928239049557,8232.890641393307,8238.414491401814,-1313.0376,5.5238500085061295
2021-10-07 09:00:00,9367.0,9503.836982645751,8206.562324442626,8219.804953845243,-1297.2747,13.242629402616883
2021-10-07 10:00:00,9346.0,9441.075589703343,8113.436063336156,8103.934528849459,-1327.6395,-9.50153448669671
2021-10-07 11:00:00,9259.0,9390.122317273775,7898.077761609713,7885.659494634995,-1492.0446,-12.418266974717742
2021-10-07 12:00:00,9151.0,9370.74386880438,7731.943209624693,7727.7715663815325,-1638.8007,-4.171643243160156
2021-10-07 13:00:00,9273.0,9392.938723489207,7696.742800637645,7680.773449898712,-1696.1959,-15.969350738932764
2021-10-07 14:00:00,9329.0,9455.391549386008,7837.372994698508,7821.974798477058,-1618.0186,-15.398196221449776
2021-10-07 15:00:00,9444.0,9536.279884509575,8199.268043689262,8212.292943045659,-1337.0118,13.024899356396366
2021-10-07 16:00:00,9653.0,9590.652095673095,8613.729366180907,8594.875448821673,-976.9227,-18.85391735923512
2021-10-07 17:00:00,9446.0,9569.182219816452,8808.89694149614,8772.589720035854,-760.2853,-36.307221460285675
2021-10-07 18:00:00,8936.0,9452.502730194923,8488.459761444923,8456.895702718019,-964.04297,-31.56405872690514
2021-10-07 19:00:00,8768.0,9273.838521175167,7989.6944782064165,7980.503970485481,-1284.144,-9.190507720936193
2021-10-07 20:00:00,8596.0,9105.149172543333,7631.981692074583,7649.465965905957,-1473.1675,17.48427383137392
2021-10-07 21:00:00,9266.0,9011.003251685606,7505.361405982481,7545.835685019354,-1505.6418,40.47427903687259
2021-10-07 22:00:00,9266.0,9004.82156671311,7774.718173158422,7757.437751574894,-1230.1034,-17.280421583528764
2021-10-07 23:00:00,9266.0,9044.086744683429,7865.887525933429,7841.6836748105625,-1178.1992,-24.20385112286655
2021-10-08 00:00:00,9297.5,9069.721488686784,7900.174979897722,7877.259779041075,-1169.5465,-22.915200856646955
2021-10-08 01:00:00,9325.5,9056.86849979071,7897.897430454772,7874.7224365834445,-1158.9711,-23.1749938713273
2021-10-08 02:00:00,9325.5,9034.200144293083,7592.846506597771,7592.786392255592,-1441.3536,-0.0601143421790919
2021-10-08 03:00:00,8875.0,9056.350066435407,7127.310149443219,7114.909062638791,-1929.0399,-12.401086804429108
2021-10-08 04:00:00,9322.0,9154.50303296708,7445.477886482706,7435.197996604437,-1709.0251,-10.279889878268259
2021-10-08 05:00:00,9344.0,9307.491664816438,7796.452968527376,7785.4003858305405,-1511.0387,-11.05258269683509
2021-10-08 06:00:00,9387.0,9455.725831869166,8128.759401205103,8115.712502178041,-1326.9664,-13.04689902706184
2021-10-08 07:00:00,9454.0,9542.894968485814,8263.277292704564,8278.640456330239,-1279.6177,15.363163625673671
2021-10-08 08:00:00,9494.0,9549.785269274775,8308.693472399775,8344.182829148309,-1241.0918,35.48935674853361
2021-10-08 09:00:00,9516.0,9496.832700983146,8274.626646295646,8291.676646277234,-1222.206,17.049999981587575
2021-10-08 10:00:00,9426.0,9421.855602992468,8129.434582484655,8144.294106884237,-1292.421,14.85952439958193
2021-10-08 11:00:00,9369.0,9357.273663413605,7925.76121224173,7920.518173030182,-1431.5125,-5.243039211548259
2021-10-08 12:00:00,9330.0,9322.806533418847,7828.784926973534,7817.134971264343,-1494.0216,-11.649955709191323
2021-10-08 13:00:00,9269.0,9328.419108370252,7791.152384737439,7794.430372968314,-1537.2667,3.2779882308748114
2021-10-08 14:00:00,9303.0,9372.777258342196,7896.104284709383,7923.7768449116975,-1476.673,27.67256020231407
2021-10-08 15:00:00,9469.0,9434.054819110834,8232.921884540521,8277.92359728976,-1201.1329,45.00171274923868
2021-10-08 16:00:00,9691.0,9467.312401238349,8648.090782586005,8672.628614938003,-819.2216,24.537832351998595
2021-10-08 17:00:00,9452.0,9423.255236583385,8723.720568614635,8723.0760126761,-699.53467,-0.6445559385354516
2021-10-08 18:00:00,8975.0,9282.570446152053,8369.540844101271,8410.149664324506,-913.0296,40.60882022323525
2021-10-08 19:00:00,8869.0,9078.563995501605,7891.110870501605,7919.910982928819,-1187.4531,28.80011242721391
2021-10-08 20:00:00,8604.0,8883.301648064225,7557.7457398611,7571.413874665801,-1325.5559,13.668134804700284
2021-10-08 21:00:00,8134.0,8761.478132223925,7564.337385153613,7626.42417648831,-1197.1407,62.086791334697
2021-10-08 22:00:00,8567.0,8726.655254070009,7463.865337077821,7542.327114097942,-1262.7899,78.46177702012136
2021-10-08 23:00:00,8556.0,8736.470368858774,7502.346345421274,7507.568727790657,-1234.124,5.22238236938335
2021-10-09 00:00:00,8537.0,8732.018139932708,7517.746167276458,7533.190079683571,-1214.272,15.44391240711243
2021-10-09 01:00:00,8537.0,8688.63495664477,7328.99530820727,7341.671924463053,-1359.6396,12.67661625578332
2021-10-09 02:00:00,8537.0,8635.20936486292,7022.412856073857,7020.084900983417,-1612.7965,-2.3279550904403186
2021-10-09 03:00:00,8537.0,8626.609019820124,6660.792003218561,6616.402451092192,-1965.817,-44.389552126368976
2021-10-09 04:00:00,8077.0,8694.263226883768,6803.036908524393,6769.55995483458,-1891.2263,-33.476953689812575
2021-10-09 05:00:00,8122.0,8817.254419320248,6808.842309945248,6803.946200227674,-2008.4121,-4.896109717574611
2021-10-09 06:00:00,8300.0,8936.246834824462,7203.9642420510245,7223.147203660244,-1732.2826,19.182961609218744
2021-10-09 07:00:00,8464.0,8995.191008153623,7406.83395248956,7431.998398171536,-1588.357,25.164445681975913
2021-10-09 08:00:00,8540.0,8975.14212732085,7664.112830445851,7663.135534085359,-1311.0293,-0.9772963604920607
2021-10-09 09:00:00,8594.0,8896.8106350794,7567.4212307825255,7568.172804317146,-1329.3894,0.7515735346205779
2021-10-09 10:00:00,8572.0,8798.2895895322,7469.30863250095,7496.279190140247,-1328.981,26.97055763929703
2021-10-09 11:00:00,8534.0,8712.268285877562,7367.968847401,7382.7181807702045,-1344.2994,14.749333369204411
2021-10-09 12:00:00,8591.0,8658.72720029612,7279.915066507057,7271.416217856158,-1378.8121,-8.498848650898896
2021-10-09 13:00:00,8609.0,8647.88073937117,7327.46325890242,7364.627799888908,-1320.4175,37.164540986487545
2021-10-09 14:00:00,8784.0,8678.629983848261,7493.3600863873235,7497.604276545915,-1185.2699,4.244190158592078
2021-10-09 15:00:00,9165.0,8729.365921951328,7919.272171951328,7923.6773160818675,-810.09375,4.40514413053947
2021-10-09 16:00:00,9354.0,8755.345333157837,8171.820064603149,8160.805240548326,-583.52527,-11.014824054823379
2021-10-09 17:00:00,9067.0,8707.44820850863,8430.505520520348,8413.465057118772,-276.9427,-17.040463401576027
2021-10-09 18:00:00,8604.0,8566.516481739063,8176.3444236335945,8136.2462470338205,-390.17206,-40.09817659977387
2021-10-09 19:00:00,8599.0,8365.99135399742,7682.79262352867,7682.598545659979,-683.1987,-0.1940778686914459
2021-10-09 20:00:00,8401.0,8178.050811733531,7373.768890346812,7377.688381655893,-804.2819,3.9194913090805277
2021-10-09 21:00:00,7957.0,8067.472044845614,6872.495726486239,6956.119590772735,-1194.9763,83.62386428649634
2021-10-09 22:00:00,7640.0,8047.863344231537,6584.027162590912,6616.86082776643,-1463.8362,32.83366517551764
2021-10-09 23:00:00,7489.0,8076.870952433591,6635.784404582028,6656.7977889218055,-1441.0865,21.013384339777385
2021-10-10 00:00:00,7415.0,8095.564386370061,6493.421442034123,6475.525493267511,-1602.143,-17.89594876661286
2021-10-10 01:00:00,7381.0,8079.225997792671,6393.088424550483,6410.166056342825,-1686.1376,17.07763179234191
2021-10-10 02:00:00,7440.0,8056.663399507435,6231.80426864806,6221.369768438159,-1824.8591,-10.434500209902
2021-10-10 03:00:00,7629.0,8082.633571196812,6017.702418853062,5986.6127475424655,-2064.9312,-31.089671310596714
2021-10-10 04:00:00,7769.0,8188.420476757023,6130.677556835148,6102.8155557214795,-2057.743,-27.86200111366788
2021-10-10 05:00:00,7862.0,8352.924216675583,6469.4175028083955,6447.819295333126,-1883.5067,-21.598207475268833
2021-10-10 06:00:00,8058.0,8516.592436284773,6915.19338843321,6894.106215843316,-1601.399,-21.08717258989443
2021-10-10 07:00:00,8304.0,8623.13093431231,7174.871534898248,7163.181204486757,-1448.2594,-11.690330411490663
2021-10-10 08:00:00,8427.0,8653.327567938182,7349.56572711787,7335.499642397668,-1303.7618,-14.066084720201946
2021-10-10 09:00:00,8538.0,8627.605237419915,7385.136487419915,7360.291725477378,-1242.4688,-24.84476194253711
2021-10-10 10:00:00,8506.0,8583.749155301539,7201.495615262476,7149.854078701303,-1382.2535,-51.64153656117403
2021-10-10 11:00:00,8469.0,8554.12056301683,7037.391192899642,7006.707649497049,-1516.7294,-30.68354340259313
2021-10-10 12:00:00,8534.0,8558.353695556489,6920.265927001801,6890.015241956316,-1638.0878,-30.25068504548521
2021-10-10 13:00:00,8545.0,8606.301870669737,6928.779775943174,6894.412783499399,-1677.5221,-34.36699244377504
2021-10-10 14:00:00,8668.0,8696.49323304833,7208.942818009267,7202.882546781041,-1487.5504,-6.060271228226098
2021-10-10 15:00:00,8992.0,8806.93626690701,7545.398913391386,7551.96744760588,-1261.5374,6.568534214494196
2021-10-10 16:00:00,9259.0,8892.498773450408,7846.367181653533,7860.268873811124,-1046.1316,13.901692157589885
2021-10-10 17:00:00,9012.0,8903.670798861676,7979.226951205426,7946.711373150918,-924.44385,-32.515578054508225
2021-10-10 18:00:00,8572.0,8820.910610237703,7727.742275276765,7708.933771092521,-1093.1683,-18.808504184243766
2021-10-10 19:00:00,8560.0,8677.287953223387,7409.188587989012,7387.699623031869,-1268.0994,-21.488964957143583
2021-10-10 20:00:00,8369.0,8544.623416697998,7129.5150182604975,7110.592361192757,-1415.1084,-18.922657067740108
2021-10-10 21:00:00,8016.0,8487.349042253036,6835.393353776473,6845.834336149192,-1651.9557,10.440982372718379
2021-10-10 22:00:00,8566.0,8518.738547702653,6717.189353366715,6710.1878633901515,-1801.5492,-7.001489976564027
2021-10-10 23:00:00,8620.0,8596.116646634091,6911.910836087216,6919.140171565016,-1684.2058,7.22933547780002
2021-10-11 00:00:00,8686.0,8660.25152533025,7189.955260681812,7186.486738835791,-1470.2963,-3.468521846021928
2021-10-11 01:00:00,8848.0,8686.152594743748,7244.50769728281,7234.967394188665,-1441.6449,-9.540303094145552
2021-10-11 02:00:00,9002.0,8702.387383896672,6942.632256943547,6956.718671577483,-1759.7551,14.086414633936585
2021-10-11 03:00:00,8704.0,8763.504663057833,7203.803735323458,7197.580708892459,-1559.7009,-6.22302643099843
2021-10-11 04:00:00,9276.0,8900.608372256547,7379.320164248735,7398.205017109925,-1521.2882,18.88485286119097
2021-10-11 05:00:00,9425.0,9092.445037352112,7797.16220043805,7780.986165710597,-1295.2828,-16.17603472745282
2021-10-11 06:00:00,9467.0,9279.337845406855,8036.106522164668,8023.191407723072,-1243.2313,-12.91511444159553
2021-10-11 07:00:00,9448.0,9404.902650131147,8197.183900131147,8213.968987577628,-1207.7188,16.785087446479444
2021-10-11 08:00:00,9456.0,9449.876058802374,8278.108480677374,8231.329809808334,-1171.7676,-46.77867086903984
2021-10-11 09:00:00,9451.0,9434.668799208652,8271.48166541959,8270.120703614564,-1163.1871,-1.3609618050244767
2021-10-11 10:00:00,9429.0,9397.090284101932,8111.140088789432,8099.990676995834,-1285.9502,-11.149411793598487
2021-10-11 11:00:00,9303.0,9369.559225007393,7905.332784577706,7906.59354386647,-1464.2264,1.2607592887641574
2021-10-11 12:00:00,9298.0,9371.798870521556,7771.650310951243,7785.049270593464,-1600.1486,13.398959642220236
2021-10-11 13:00:00,9238.0,9413.782180035685,7763.069655621623,7773.553787923037,-1650.7125,10.484132301414224
2021-10-11 14:00:00,9179.0,9494.185851761957,7896.007873246332,7909.939622528122,-1598.178,13.93174928178977
2021-10-11 15:00:00,9309.0,9591.19298879827,8245.333857938895,8244.88559031472,-1345.8591,-0.4482676241750704
2021-10-11 16:00:00,9579.0,9659.869692121028,8649.596620831966,8704.105530600851,-1010.2731,54.50890976888573
2021-10-11 17:00:00,9473.0,9650.927726379932,8920.932120911182,8914.327973606032,-729.9956,-6.604147305150048
2021-10-11 18:00:00,8975.0,9545.07174274443,8498.183315010056,8493.631077211636,-1046.8884,-4.552237798420257
2021-10-11 19:00:00,8878.0,9375.642310154915,8005.894873631478,7988.466589823147,-1369.7474,-17.428283808331063
2021-10-11 20:00:00,8896.0,9214.750873809679,7601.1449167784285,7591.586642498706,-1613.606,-9.558274279722317
2021-10-11 21:00:00,9235.5,9127.13227819666,7857.160964720097,7826.701304631041,-1269.9713,-30.459660089055127
2021-10-11 22:00:00,9235.5,9126.367083226058,7910.02296701512,7901.226773856544,-1216.3441,-8.796193158575653
2021-10-11 23:00:00,9235.5,9170.087231303536,8095.467114116036,8075.0476532703,-1074.6201,-20.41946084573659
2021-10-12 00:00:00,9235.5,9199.369736315944,8105.5347753784445,8137.061453120617,-1093.835,31.52667774217276
2021-10-12 01:00:00,9233.5,9189.536927888937,8019.994325349875,8029.7384067008925,-1169.5426,9.744081351017181
2021-10-12 02:00:00,9233.5,9169.472417304627,7717.249028632752,7741.742228988507,-1452.2234,24.493200355754908
2021-10-12 03:00:00,9115.0,9194.038204913035,7318.37878108491,7358.338402147544,-1875.6594,39.95962106263394
2021-10-12 04:00:00,9330.0,9294.640301394968,7714.4186217074675,7689.855900362334,-1580.2217,-24.562721345133486
2021-10-12 05:00:00,9233.0,9450.31025144976,7967.6798803560105,7983.4573073145575,-1482.6304,15.777426958547485
2021-10-12 06:00:00,9459.0,9601.638225080527,8151.00748777584,8176.864448300552,-1450.6307,25.856960524711937
2021-10-12 07:00:00,9433.0,9692.491309241837,8351.185645179337,8386.517821142634,-1341.3057,35.33217596329554
2021-10-12 08:00:00,9508.0,9703.843236549217,8405.105199439842,8403.354354854331,-1298.738,-1.7508445855110073
2021-10-12 09:00:00,9480.0,9656.326187633907,8378.563370251095,8375.212732639817,-1277.7628,-3.3506376112783207
2021-10-12 10:00:00,9377.0,9587.951313005899,8222.978534685586,8234.231108124217,-1364.9728,11.25257343863089
2021-10-12 11:00:00,9264.0,9531.315523753037,8049.688936838975,8055.395677031934,-1481.6266,5.7067401929593755
2021-10-12 12:00:00,9234.0,9506.294902135494,7885.225322057369,7878.98861159183,-1621.0696,-6.236710465539358
2021-10-12 13:00:00,9342.0,9522.989471402912,7879.348602262287,7847.4938955433345,-1643.6409,-31.854706718952706
2021-10-12 14:00:00,9396.0,9580.176619226471,8032.108503992096,8046.785479140381,-1548.0681,14.676975148284516
2021-10-12 15:00:00,9675.0,9656.112608663401,8333.981383077464,8336.817733448694,-1322.1312,2.8363503712293636
2021-10-12 16:00:00,9914.0,9705.909031595182,8871.174168313932,8899.824483035905,-834.73486,28.650314721973867
2021-10-12 17:00:00,9769.0,9680.297977519278,9080.21509177709,9088.805294584236,-600.0829,8.590202807145376
2021-10-12 18:00:00,9239.0,9559.983750339601,8592.556748386476,8607.77258265874,-967.427,15.215834272262997
2021-10-12 19:00:00,9165.0,9378.289357919673,8075.796193857173,8086.997482448485,-1302.4932,11.201288591311688
2021-10-12 20:00:00,8921.0,9207.291137846154,7778.652954252404,7789.559686705185,-1428.6382,10.906732452781288
2021-10-12 21:00:00,8480.0,9111.667603547967,7875.020752962029,7884.556062393118,-1236.6469,9.5353094310881
2021-10-12 22:00:00,9303.0,9104.918541869849,7877.273156127661,7906.701020628408,-1227.6454,29.427864500746352
2021-10-12 23:00:00,9303.0,9144.571937103789,7940.973182220976,7911.125680359028,-1203.5988,-29.84750186194805
2021-10-13 00:00:00,9369.0,9171.583940459841,8062.1570605770285,8016.185469541993,-1109.4269,-45.971591035034635
2021-10-13 01:00:00,9394.5,9161.146772050073,8001.481000565698,7993.012405883134,-1159.6658,-8.468594682563669
2021-10-13 02:00:00,8456.0,9142.00895858677,7792.325608977395,7778.4138855884485,-1349.6833,-13.911723388946136
2021-10-13 03:00:00,9176.0,9168.891595889763,7407.839471866326,7440.397311362932,-1761.0521,32.55783949660634
2021-10-13 04:00:00,9650.0,9273.050743677872,7737.287926295059,7740.294376498238,-1535.7628,3.006450203179559
2021-10-13 05:00:00,9724.0,9433.357988184509,8022.750322168884,8007.7891828614165,-1410.6077,-14.961139307467263
2021-10-13 06:00:00,9752.0,9590.237273932125,8349.406829596188,8336.865281932878,-1240.8304,-12.541547663310554
2021-10-13 07:00:00,9784.0,9687.389945836876,8544.960380407188,8537.33712759582,-1142.4296,-7.623252811368515
2021-10-13 08:00:00,9742.0,9705.630273686369,8543.490381108244,8521.90908901767,-1162.1399,-21.581292090573967
2021-10-13 09:00:00,9642.0,9665.439488082462,8559.679478316837,8556.473669256544,-1105.76,-3.2058090602938325
2021-10-13 10:00:00,9510.0,9604.685661921401,8312.322014460464,8328.884947345474,-1292.3636,16.562932885009634
2021-10-13 11:00:00,9432.0,9555.829649116371,8081.128965522621,8097.731065949448,-1474.7007,16.602100426826823
2021-10-13 12:00:00,9393.0,9538.619178630432,7945.557655192932,7942.728752164221,-1593.0615,-2.828903028710911
2021-10-13 13:00:00,9370.0,9563.03524873747,7915.591889362469,7914.2341924725015,-1647.4434,-1.357696889967942
2021-10-13 14:00:00,9443.0,9627.746474849799,8069.956069576361,8078.758654300062,-1557.7904,8.802584723700603
2021-10-13 15:00:00,9790.0,9710.910465469982,8437.715641251232,8441.2194950033,-1273.1948,3.5038537520695066
2021-10-13 16:00:00,10139.0,9767.55064378125,9111.080673078124,9118.165753588319,-656.47,7.085080510194501
2021-10-13 17:00:00,10010.0,9748.323918537273,9093.567082599773,9084.360354411863,-654.75684,-9.206728187910493
2021-10-13 18:00:00,9478.0,9633.876395208767,8677.723563177517,8691.329011265896,-956.15283,13.605448088378814
2021-10-13 19:00:00,9360.0,9457.492341802877,8180.751008795065,8199.117939671363,-1276.7413,18.366930876297534
2021-10-13 20:00:00,9187.0,9291.227040237729,7775.226796097104,7776.8869292307945,-1516.0002,1.660133133690713
2021-10-13 21:00:00,8803.0,9199.750082152987,7597.902303832674,7612.470047176301,-1601.8478,14.567743343627143
2021-10-13 22:00:00,9460.5,9196.558976521543,7965.85377632623,7960.611374737625,-1230.7052,-5.242401588605145
2021-10-13 23:00:00,9460.5,9239.184699738118,8138.352180206868,8112.291633406049,-1100.8325,-26.06054680081922
2021-10-14 00:00:00,9509.5,9268.594997817961,8093.6323513335865,8078.851244020171,-1174.9626,-14.78110731341539
2021-10-14 01:00:00,9646.5,9260.00672802721,8050.252943847523,8019.644331782569,-1209.7538,-30.608612064954123
2021-10-14 02:00:00,9764.0,9242.206929639644,7760.108540967769,7717.492254507114,-1482.0984,-42.61628646065478
2021-10-14 03:00:00,9541.0,9269.964634048341,7542.962436782716,7531.626064884718,-1727.0022,-11.336371897997843
2021-10-14 04:00:00,10022.0,9374.586310632745,7759.33948446087,7758.382141894393,-1615.2468,-0.957342566477857
2021-10-14 05:00:00,10104.0,9534.991685601019,8292.497056694769,8292.89360616092,-1242.4946,0.3965494661520313
2021-10-14 06:00:00,10156.0,9691.65052621599,8637.911878755052,8632.630691968961,-1053.7386,-5.28118678609082
2021-10-14 07:00:00,10053.0,9788.31069465183,8687.984644847142,8677.256753836546,-1100.326,-10.727891010596647
2021-10-14 08:00:00,9962.0,9805.835831826573,8730.042985146885,8709.246941951249,-1075.7928,-20.796043195635512
2021-10-14 09:00:00,9877.0,9764.758144700398,8634.604214036335,8621.497327980607,-1130.1539,-13.106886055727822
2021-10-14 10:00:00,9825.0,9702.9943676355,8457.95872310425,8417.820740926833,-1245.0356,-40.13798217741787
2021-10-14 11:00:00,9752.0,9653.047817853452,8249.196987775327,8212.399480066351,-1403.8508,-36.797507708976596
2021-10-14 12:00:00,9776.0,9634.70043163815,8170.4587324194,8153.114492981189,-1464.2417,-17.344239438211137
2021-10-14 13:00:00,9816.0,9657.958369267768,8147.938593877143,8126.372930602491,-1510.0198,-21.565663274651953
2021-10-14 14:00:00,9874.0,9721.50523349894,8315.394637795815,8296.389891954506,-1406.1106,-19.004745841308285
2021-10-14 15:00:00,10140.0,9803.5016439613,8726.595516031612,8706.071853690426,-1076.9061,-20.523662341184895
2021-10-14 16:00:00,10322.0,9858.961169411288,9300.70201413785,9330.156398964004,-558.25916,29.45438482615321
2021-10-14 17:00:00,10125.0,9838.519667770088,9522.923720504463,9491.177344815836,-315.59595,-31.746375688627158
2021-10-14 18:00:00,9667.0,9722.794592943757,8813.859534350007,8771.603451548257,-908.93506,-42.25608280175015
2021-10-14 19:00:00,9555.0,9545.03647600728,8360.450294366656,8379.522199784626,-1184.5862,19.071905417970775
2021-10-14 20:00:00,9264.0,9377.26047604538,8001.96555417038,8035.844237458964,-1375.2949,33.87868328858476
2021-10-14 21:00:00,9796.0,9284.085025232429,7741.4193758183665,7774.692870140518,-1542.6656,33.27349432215129
2021-10-14 22:00:00,9796.0,9278.941256991107,8223.527926912982,8263.035891426367,-1055.4133,39.50796451338468
2021-10-14 23:00:00,9796.0,9319.278882049086,8399.863476775648,8388.301043143549,-919.4154,-11.562433632100372
2021-10-15 00:00:00,9800.0,9521.00996348512,8800.097060653088,8780.563023118542,-720.9129,-19.534037534546073
2021-10-15 01:00:00,9801.5,9509.188589847015,8768.18688086264,8758.762743478455,-741.0017,-9.424137384185833
2021-10-15 02:00:00,9785.5,9487.543515317446,8456.193295590883,8399.82737832746,-1031.3502,-56.365917263422844
2021-10-15 03:00:00,9403.0,9510.750567702924,8120.881305007611,8147.885929627452,-1389.8693,27.004624619840943
2021-10-15 04:00:00,9959.0,9610.018570469718,8436.76673941503,8491.345216779313,-1173.2518,54.57847736428243
2021-10-15 05:00:00,9994.0,9764.163732557696,8831.725439100665,8844.990069988235,-932.4383,13.26463088756921
2021-10-15 06:00:00,10014.0,9913.54981148282,9152.731818318758,9171.252506288589,-760.818,18.520687969830192
2021-10-15 07:00:00,10065.0,10001.822665163227,9150.737521120258,9165.21665771714,-851.08514,14.479136596881665
2021-10-15 08:00:00,10081.0,10009.753587913812,9193.793749046625,9197.738203665347,-815.95984,3.944454618721821
2021-10-15 09:00:00,10044.0,9957.794295150497,9062.868941146591,9062.207466366388,-894.92535,-0.6614747802028299
2021-10-15 10:00:00,9897.0,9883.79231088343,8882.695570160773,8881.597527415493,-1001.09674,-1.0980427452790806
2021-10-15 11:00:00,9784.0,9820.192334247946,8623.06025416982,8610.644364507392,-1197.1321,-12.415889662428231
2021-10-15 12:00:00,9787.0,9786.729210172207,8475.035850797207,8471.518191894247,-1311.6934,-3.5176589029601817
2021-10-15 13:00:00,9773.0,9793.375487309771,8515.441527348834,8510.236423734848,-1277.934,-5.205103613984866
2021-10-15 14:00:00,9819.0,9838.795955090767,8663.22234669233,8664.951806896739,-1175.5736,1.7294602044097898
2021-10-15 15:00:00,9980.0,9901.147529069827,9227.710700456546,9235.512713006685,-673.4368,7.802012550138759
2021-10-15 16:00:00,10089.0,9935.456034237099,9575.54780059452,9590.21707588093,-359.90823,14.669275286409889
2021-10-15 17:00:00,9902.0,9892.388551021708,9702.268510128153,9719.714218627525,-190.12004,17.44570849937132
2021-10-15 18:00:00,9417.0,9752.617224305004,9142.511145203442,9147.17813580251,-610.1061,4.666990599066782
2021-10-15 19:00:00,9424.0,9549.473715545493,8733.590719940024,8747.534823538714,-815.883,13.944103598689717
2021-10-15 20:00:00,9194.0,9355.079442861874,8256.633031729061,8242.596456189318,-1098.4464,-14.036575539743984
2021-10-15 21:00:00,9320.5,9234.179090912181,8054.251600677806,8083.80371891999,-1179.9275,29.55211824218429
2021-10-15 22:00:00,9320.5,9200.344898508318,8292.087879465349,8323.39816346058,-908.257,31.310283995231288
2021-10-15 23:00:00,9263.0,9211.18142740456,8387.523956701434,8375.437864697979,-823.6575,-12.086092003455557
2021-10-16 00:00:00,9207.0,9032.68337043373,8140.890523754042,8123.329006961099,-891.79285,-17.561516792943014
2021-10-16 01:00:00,9207.0,8990.275982723297,7754.990582332672,7750.487176838635,-1235.2854,-4.503405494037361
2021-10-16 02:00:00,9207.0,8937.816503861037,7523.213354446974,7489.794116691441,-1414.6031,-33.41923775553408
2021-10-16 03:00:00,8649.0,8930.2149487005,7145.322858856751,7097.8602241556755,-1784.8921,-47.462634701075245
2021-10-16 04:00:00,8852.0,8998.92486558205,7070.81646714455,7077.502428556731,-1928.1084,6.6859614121804425
2021-10-16 05:00:00,8956.0,9123.012470639549,7365.040180600487,7371.0652623606065,-1757.9723,6.025081760119955
2021-10-16 06:00:00,9202.0,9243.0960909136,7858.829733491724,7841.296063444177,-1384.2664,-17.533670047547158
2021-10-16 07:00:00,9327.0,9303.08289139569,8093.83582108319,8091.0282281624695,-1209.2471,-2.8075929207211456
2021-10-16 08:00:00,9314.0,9284.013369493667,8220.377505235854,8204.00675734709,-1063.6359,-16.37074788876415
2021-10-16 09:00:00,9332.0,9206.613927240825,8102.52335106895,8085.952703865151,-1104.0906,-16.570647203799513
2021-10-16 10:00:00,9212.0,9109.007016706937,7980.606870222562,7985.133365678927,-1128.4001,4.526495456364334
2021-10-16 11:00:00,9176.0,9023.907150061537,7822.202438147475,7801.028176369355,-1201.7047,-21.17426177811992
2021-10-16 12:00:00,9299.0,8971.310197478488,7740.505509978488,7746.359505985645,-1230.8047,5.853996007157295
2021-10-16 13:00:00,9388.0,8961.438411278714,7830.091365380276,7823.1119902021155,-1131.347,-6.979375178160434
2021-10-16 14:00:00,9596.0,8993.191973947938,8071.426104807313,8075.777350486258,-921.76587,4.3512456789450225
2021-10-16 15:00:00,9994.0,9044.945123725702,8444.140680366327,8448.21565582635,-600.80444,4.074975460022893
2021-10-16 16:00:00,9228.5,9071.9200105708,8855.396603588379,8842.620372417363,-216.5234,-12.776231171014876
2021-10-16 17:00:00,9759.0,9024.95861402821,8805.83654371571,8822.355634027992,-219.12207,16.519090312282888
2021-10-16 18:00:00,9284.0,8884.888013725687,8635.998548393656,8636.27379340984,-248.88947,0.27524501618395536
2021-10-16 19:00:00,9368.0,8685.17520918118,8215.52140058743,8222.999199697313,-469.6538,7.477799109883487
2021-10-16 20:00:00,9245.0,8498.053922915351,7842.243437075507,7861.0868930322595,-655.8105,18.843455956751892
2021-10-16 21:00:00,8845.0,8388.351360247416,7464.86057655601,7482.231243752151,-923.4908,17.370667196142016
2021-10-16 22:00:00,8535.0,8369.686280510496,7150.480958244871,7110.832452078693,-1219.2053,-39.648506166177654
2021-10-16 23:00:00,8378.0,8399.672144248962,7275.012964561462,7285.910848415292,-1124.6592,10.89788385383058
2021-10-17 00:00:00,8294.0,8419.332875803744,7078.428090647494,7038.465518074388,-1340.9048,-39.96257257310647
2021-10-17 01:00:00,8327.0,8403.93167642922,6803.845983069845,6808.95789250716,-1600.0857,5.111909437314924
2021-10-17 02:00:00,8425.0,8382.2983753341,6672.6138050216,6662.414075402658,-1709.6846,-10.199729618940697
2021-10-17 03:00:00,8613.0,8409.232222869292,6596.566451384917,6571.696568512724,-1812.6658,-24.86988287219294
2021-10-17 04:00:00,8725.0,8516.041312222915,6804.084403043227,6791.638190653702,-1711.9569,-12.446212389525295
2021-10-17 05:00:00,8762.0,8681.609389009429,7074.467055025054,7060.169418215083,-1607.1423,-14.297636809970975
2021-10-17 06:00:00,8992.0,8846.338027038382,7442.773085632132,7440.189443648442,-1403.565,-2.5836419836908067
2021-10-17 07:00:00,9123.0,8953.889472428333,7756.560370865833,7759.0402852072475,-1197.3291,2.4799143414146125
2021-10-17 08:00:00,9180.0,8985.03668835291,7966.706060911503,7941.425369629255,-1018.3306,-25.28069128224765
2021-10-17 09:00:00,9168.0,8960.218311999355,7919.291676257168,7892.697460695589,-1040.9266,-26.59421556157884
2021-10-17 10:00:00,9073.0,8917.248710431619,7749.105399884744,7739.776140270584,-1168.1433,-9.329259614159923
2021-10-17 11:00:00,9012.0,8888.51408750285,7584.297534768475,7578.578614017638,-1304.2166,-5.718920750837017
2021-10-17 12:00:00,9017.0,8893.66380476781,7426.71360945531,7439.693674019013,-1466.9502,12.980064563703356
2021-10-17 13:00:00,9116.0,8942.558747670808,7456.96804942862,7459.414512046026,-1485.5907,2.446462617406212
2021-10-17 14:00:00,9219.0,9033.72587649807,7782.940354037133,7763.657109407009,-1250.7855,-19.28324463012476
2021-10-17 15:00:00,9714.0,9145.156633758872,8185.917864227622,8228.660224969555,-959.2388,42.742360741933325
2021-10-17 16:00:00,9094.5,9231.683896444945,8372.365170859008,8375.76763166662,-859.3187,3.402460807612554
2021-10-17 17:00:00,9119.5,9243.759404248629,8590.20258051816,8615.513549623656,-653.5568,25.310969105495538
2021-10-17 18:00:00,9302.0,9161.826277517808,8316.129927420152,8323.097873546652,-845.69635,6.967946126500225
2021-10-17 19:00:00,9401.0,9018.979772633325,8121.163000172388,8149.762174504728,-897.8168,28.59917433234014
2021-10-17 20:00:00,9283.0,8887.095934587174,7791.119127946549,7788.64565688427,-1095.9768,-2.473471062279482
2021-10-17 21:00:00,8974.0,8830.656550504065,7477.72759542594,7519.9661787200275,-1352.929,42.23858329408737
2021-10-17 22:00:00,8734.0,8862.945549428789,7277.558098256914,7307.693260999841,-1585.3875,30.13516274292729
2021-10-17 23:00:00,9351.5,8941.254620625221,7306.056256367408,7319.380811424058,-1635.1984,13.324555056649723
2021-10-18 00:00:00,9500.0,9006.306132586084,7852.058207781396,7847.2687742102535,-1154.2479,-4.789433571142781
2021-10-18 01:00:00,9640.5,9033.090139609678,7851.742971640928,7886.029629194296,-1181.3472,34.2866575533681
2021-10-18 02:00:00,9698.0,9050.196201860332,7576.752476274394,7527.675547887981,-1473.4437,-49.07692838641258
2021-10-18 03:00:00,9599.0,9112.215197522577,7718.7458371710145,7705.377773864752,-1393.4694,-13.368063306262478
2021-10-18 04:00:00,10086.0,9250.275056969538,7833.926302086726,7863.696218169608,-1416.3488,29.76991608288286
2021-10-18 05:00:00,10169.0,9443.105837227176,8393.490358711551,8397.91199780916,-1049.6155,4.421639097608368
2021-10-18 06:00:00,10264.0,9630.98456571131,8643.959846473028,8638.611998407536,-987.0247,-5.347848065492036
2021-10-18 07:00:00,10316.0,9757.483481869842,8776.56178997531,8746.912075916935,-980.9217,-29.64971405837564
2021-10-18 08:00:00,10328.0,9803.324264099678,8904.868026306709,8946.505926710792,-898.45624,41.637900404083254
2021-10-18 09:00:00,10251.0,9788.933369112785,8859.481403780754,8889.890185428423,-929.45197,30.40878164766933
2021-10-18 10:00:00,10149.0,9752.149382885382,8684.20492487757,8679.108285009639,-1067.9445,-5.096639867929842
2021-10-18 11:00:00,10050.0,9725.416024274764,8375.376961774764,8359.898947871843,-1350.0391,-15.47801390292012
2021-10-18 12:00:00,10025.0,9728.471738867991,8249.570005469554,8237.83535417294,-1478.9017,-11.734651296613631
2021-10-18 13:00:00,9986.0,9771.297148756721,8251.460356764534,8266.422133811318,-1519.8368,14.961777046784961
2021-10-18 14:00:00,10026.0,9852.56788612002,8449.046157604394,8473.05837722293,-1403.5217,24.012219618535095
2021-10-18 15:00:00,10278.0,9950.450152623658,8891.68367313147,8932.503021242039,-1058.7665,40.81934811056886
2021-10-18 16:00:00,10441.0,10019.975285689636,9350.128422896667,9375.727896834704,-669.84686,25.599473938035878
2021-10-18 17:00:00,10253.0,10011.816922624186,9525.25729127653,9533.876613505512,-486.55963,8.619322228981869
2021-10-18 18:00:00,9843.0,9906.664763576448,9048.960906154573,9062.049175144299,-857.70386,13.088268989726458
2021-10-18 19:00:00,9812.0,9737.885098366354,8449.52352610073,8452.118717185627,-1288.3616,2.595191084897467
2021-10-18 20:00:00,9692.0,9577.645050712492,8216.421539970304,8201.172225239847,-1361.2235,-15.249314730457309
2021-10-18 21:00:00,9334.0,9490.72944295561,8014.822582604047,7945.36625500152,-1475.9069,-69.45632760252765
2021-10-18 22:00:00,9038.0,9490.729286055546,8277.338661055546,8290.151750299017,-1213.3906,12.813089243470547
2021-10-18 23:00:00,10038.0,9535.243743082428,8279.182097574616,8300.44680743698,-1256.0616,21.264709862363212
2021-10-19 00:00:00,10056.0,9685.843354772212,8704.566072057369,8744.832390072608,-981.2773,40.26631801523974
2021-10-19 01:00:00,9092.0,9676.753702080374,8472.739663994436,8457.493474143126,-1204.014,-15.246189851310975
2021-10-19 02:00:00,9415.0,9657.419216322622,7856.123806166372,7870.632663118712,-1801.2954,14.508856952340663
2021-10-19 03:00:00,10211.0,9682.744247292569,7574.974471901944,7556.747569081516,-2107.7698,-18.22690282042743
2021-10-19 04:00:00,10708.0,9784.159030964625,8306.572483113063,8286.657124647756,-1477.5865,-19.91535846530596
2021-10-19 05:00:00,10773.0,9940.678869504856,8834.602331418919,8796.574215199944,-1106.0765,-38.028116218974766
2021-10-19 06:00:00,10795.0,10092.847988957039,9115.563565128914,9114.424352987951,-977.2844,-1.1392121409629152
2021-10-19 07:00:00,10642.0,10184.49006530604,9259.10316345057,9267.413152231158,-925.3869,8.309988780587393
2021-10-19 08:00:00,10486.0,10196.564091551976,9254.334904540257,9257.698583719113,-942.2292,3.3636791788554965
2021-10-19 09:00:00,10380.0,10149.718151096477,9212.773509983195,9226.681071702254,-936.94464,13.907561719059851
2021-10-19 10:00:00,10229.0,10081.992724840335,9054.663257066897,9059.41389015739,-1027.3295,4.7506330904920695
2021-10-19 11:00:00,10086.0,10026.009870699343,8695.75877206653,8654.941847173943,-1330.2511,-40.81692489258726
2021-10-19 12:00:00,10070.0,10001.660988956795,8554.602761417733,8563.69280956389,-1447.0582,9.09004814615701
2021-10-19 13:00:00,10085.0,10019.0538675677,8500.619907606762,8499.647187477229,-1518.434,-0.9727201295343959
2021-10-19 14:00:00,10218.0,10076.964910817886,8661.514105153823,8646.880455392304,-1415.4508,-14.633649761518429
2021-10-19 15:00:00,10661.0,10153.633543505954,9111.798094287204,9108.338806059215,-1041.8354,-3.459288227987967
2021-10-19 16:00:00,10812.0,10204.136637780935,9580.919230554373,9609.675490609334,-623.2174,28.756260054960208
2021-10-19 17:00:00,10598.0,10179.168180604174,9713.372923035815,9688.710721781645,-465.79526,-24.662201254170665
2021-10-19 18:00:00,10103.0,10059.417531181576,9287.819142509701,9257.648078415665,-771.5984,-30.171064094036915
2021-10-19 19:00:00,10036.0,9878.233406852254,8781.365731071004,8767.46705614017,-1096.8677,-13.89867493083258
2021-10-19 20:00:00,9766.0,9707.747795503446,8506.445915620634,8531.078119124093,-1201.3019,24.632203503458566
2021-10-19 21:00:00,9327.0,9612.689144484995,8239.319881789683,8217.996801629131,-1373.3693,-21.323080160552212
2021-10-19 22:00:00,10094.5,9606.567633292483,8282.158697745608,8280.834811770357,-1324.4089,-1.323885975251041
2021-10-19 23:00:00,10094.5,9646.878395395895,8738.998085337302,8665.263544265772,-907.8803,-73.73454107153012
2021-10-20 00:00:00,10160.5,9553.97953670978,8708.973555264467,8693.950137716776,-845.006,-15.023417547691228
2021-10-20 01:00:00,10221.5,9544.148305781007,8584.643422968507,8574.253177492998,-959.5049,-10.390245475509296
2021-10-20 02:00:00,10221.5,9525.603566773276,8331.20293200765,8323.372636394406,-1194.4006,-7.830295613245171
2021-10-20 03:00:00,9878.0,9553.108656839702,8185.928969339702,8157.070938905393,-1367.1797,-28.858030434309264
2021-10-20 04:00:00,10368.0,9657.94374794965,8263.020530176213,8243.83983833179,-1394.9232,-19.180691844421442
2021-10-20 05:00:00,10454.0,9818.964067548575,8727.300615400138,8733.574349637736,-1091.6635,6.273734237598454
2021-10-20 06:00:00,10479.0,9976.54749843348,9035.52015468348,9026.388545097005,-941.02734,-9.131609586474971
2021-10-20 07:00:00,10497.0,10074.351856935256,9136.898609864944,9148.281774648412,-937.45325,11.38316478346887
2021-10-20 08:00:00,10628.0,10093.176557344263,9200.882612031763,9209.876763398655,-892.29395,8.994151366892423
2021-10-20 09:00:00,10556.0,10053.518620402634,9215.324101359665,9238.184513084007,-838.1945,22.860411724340604
2021-10-20 10:00:00,10434.0,9993.275341417504,9091.195507433129,9100.661849927179,-902.07983,9.466342494050487
2021-10-20 11:00:00,10251.0,9944.932619086943,8758.386232368193,8765.564504126787,-1186.5464,7.178271758593562
2021-10-20 12:00:00,10225.0,9928.253405445677,8557.585314625365,8534.637111209757,-1370.6681,-22.948203415608578
2021-10-20 13:00:00,10140.0,9953.22637660777,8525.406430318708,8473.155743236111,-1427.82,-52.25068708259651
2021-10-20 14:00:00,10222.0,10018.519086674314,8753.109418705564,8764.135313174831,-1265.4097,11.025894469267541
2021-10-20 15:00:00,10503.0,10102.2722375791,9166.205953399412,9170.43971307704,-936.0663,4.233759677626954
2021-10-20 16:00:00,10466.0,10159.474474588555,9609.17033640496,9664.140482578005,-550.30414,54.97014617304285
2021-10-20 17:00:00,10304.0,10140.744556190895,9691.520099403786,9706.41222869777,-449.22446,14.892129293985027
2021-10-20 18:00:00,9677.0,10026.713606032088,9272.43687263365,9285.826842529155,-754.27673,13.389969895503846
2021-10-20 19:00:00,9562.0,9850.69157508308,8637.171677622142,8696.45758474386,-1213.5199,59.28590712171684
2021-10-20 20:00:00,9353.0,9684.789379440803,8360.05634721424,8395.136453724477,-1324.733,35.0801065102368
2021-10-20 21:00:00,9750.0,9593.726538600842,8134.156714382092,8106.969582124094,-1459.5698,-27.187132257998336
2021-10-20 22:00:00,9750.0,9591.010957659853,8506.038545550478,8483.4748238538,-1084.9724,-22.56372169667796
2021-10-20 23:00:00,9727.0,9634.140774566496,8697.932644683684,8716.12912806531,-936.2081,18.19648338162641
2021-10-21 00:00:00,9706.5,9664.038102585208,8575.689347702395,8574.298279733603,-1088.3488,-1.3910679687928245
2021-10-21 01:00:00,9688.0,9655.90062489049,8412.876943249865,8409.329324970444,-1243.0237,-3.54761827942108
2021-10-21 02:00:00,9676.5,9638.537590195596,8053.615593125283,8064.147652607568,-1584.922,10.532059482284602
2021-10-21 03:00:00,9261.0,9666.76031021667,7774.93120865417,7818.128006964379,-1891.8291,43.19679831020891
2021-10-21 04:00:00,9699.0,9771.899409505293,8061.533442708418,8073.57651824953,-1710.366,12.043075541112094
2021-10-21 05:00:00,9740.0,9932.858301188897,8307.40139200921,8345.013253079233,-1625.4569,37.61186107002242
2021-10-21 06:00:00,9760.0,10090.060738032598,8497.751045649786,8546.824234629712,-1592.3097,49.07318897992597
2021-10-21 07:00:00,9801.0,10187.211101132074,8613.767009335199,8617.43221599076,-1573.4441,3.665206655561613
2021-10-21 08:00:00,9841.0,10205.15822253641,8669.067524294223,8670.798531673061,-1536.0907,1.73100737883788
2021-10-21 09:00:00,9843.0,10164.450143848368,8736.133493457743,8741.129708473985,-1428.3167,4.996215016243593
2021-10-21 10:00:00,9714.0,10103.032863130498,8591.24050473206,8617.213405520437,-1511.7924,25.97290078837613
2021-10-21 11:00:00,9676.0,10053.434779364221,8346.112635809533,8368.88190560093,-1707.3221,22.76926979139745
2021-10-21 12:00:00,9625.0,10035.453083680039,8230.037800476914,8251.236193875504,-1805.4153,21.198393398591158
2021-10-21 13:00:00,9572.0,10059.101639816341,8292.960526535091,8316.576036075825,-1766.1411,23.615509540733555
2021-10-21 14:00:00,9781.0,10123.063007989376,8371.118672051876,8373.65390386822,-1751.9443,2.5352318163441474
2021-10-21 15:00:00,10110.0,10205.480912586485,8771.023270984922,8815.65148309807,-1434.4576,44.628212113148216
2021-10-21 16:00:00,10178.0,10261.334147848336,9176.680827535836,9154.1627819923,-1084.6533,-22.518045543535795
2021-10-21 17:00:00,9980.0,10241.220416572316,9303.71840241216,9264.079834781394,-937.502,-39.63856763076594
2021-10-21 18:00:00,9478.0,10125.742177623451,8846.959706920326,8840.848776101013,-1278.7825,-6.11093081931398
2021-10-21 19:00:00,9420.0,9948.175623439665,8491.80037929904,8454.948587983143,-1456.3752,-36.85179131589825
2021-10-21 20:00:00,9254.0,9780.591517470988,8120.258753799113,8070.268655933568,-1660.3328,-49.99009786554526
2021-10-21 21:00:00,9650.5,9687.658182095127,7991.678811977939,7962.742676323751,-1695.9794,-28.93613565418863
2021-10-21 22:00:00,9650.5,9682.817101850156,8177.300134076719,8169.061865339857,-1505.517,-8.238268736861569
2021-10-21 23:00:00,9650.5,9723.48509733224,8387.24388639474,8365.761346453082,-1336.2412,-21.482539941655954
2021-10-22 00:00:00,9703.0,9750.493464401336,8587.965998581023,8600.48100462514,-1162.5275,12.515006044117236
2021-10-22 01:00:00,9855.5,9738.94640397889,8459.94445085389,8437.749102063352,-1279.002,-22.195348790539985
2021-10-22 02:00:00,9955.0,9717.56054121396,8123.681757034272,8138.923256271041,-1593.8788,15.241499236769553
2021-10-22 03:00:00,9466.0,9741.053915180377,8037.917684711627,8058.296118818498,-1703.1362,20.37843410687117
2021-10-22 04:00:00,9930.0,9840.659434070776,8092.057505359839,8115.524253801447,-1748.6019,23.466748441608733
2021-10-22 05:00:00,10130.0,9995.176923269566,8511.813275808629,8516.809398244919,-1483.3636,4.9961224362898085
2021-10-22 06:00:00,10217.0,10144.924056707261,8901.109603582261,8882.957772376249,-1243.8145,-18.15183120601214
2021-10-22 07:00:00,10340.0,10233.503144992883,9056.104341281945,9055.758154525742,-1177.3988,-0.3461867562029017
2021-10-22 08:00:00,10510.0,10241.670611669379,9239.263995458441,9243.231772819401,-1002.4066,3.9677773609601346
2021-10-22 09:00:00,10505.0,10189.893950709531,9289.303557643125,9290.526330522145,-900.5904,1.222772879019746
2021-10-22 10:00:00,10458.0,10116.04990099832,9119.34628771707,9167.004384651655,-996.7036,47.658096934585295
2021-10-22 11:00:00,10401.0,10052.608203292852,8924.996997238164,8926.09366097834,-1127.6112,1.0966637401767148
2021-10-22 12:00:00,10339.0,10019.318927243095,8717.93098778997,8738.103299358949,-1301.388,20.172311568977662
2021-10-22 13:00:00,10340.0,10026.162306119191,8736.996778775441,8743.018115738569,-1289.1655,6.021336963127258
2021-10-22 14:00:00,10401.0,10071.802080409876,8938.281328456751,8965.81819574447,-1133.5208,27.53686728771961
2021-10-22 15:00:00,10736.0,10134.378277455051,9225.124310169895,9232.199939182528,-909.25397,7.075629012634257
2021-10-22 16:00:00,10734.0,10168.8819691077,9839.673106803013,9861.770449729313,-329.20886,22.097342926299504
2021-10-22 17:00:00,10451.0,10125.942117097466,9781.906014802544,9789.935033291971,-344.0361,8.029018489428374
2021-10-22 18:00:00,9972.0,9986.215923292566,9440.971843702722,9435.742906604717,-545.2441,-5.228937098005251
2021-10-22 19:00:00,9981.0,9783.060778508823,8958.21055878226,8958.872556876899,-824.8502,0.6619980946373113
2021-10-22 20:00:00,9801.0,9588.653789358103,8609.276592092478,8614.679567666968,-979.3772,5.402975574489715
2021-10-22 21:00:00,9404.0,9467.789630932684,8387.043415112372,8410.98289891221,-1080.7462,23.939483799839394
2021-10-22 22:00:00,9084.0,9434.051009251172,8343.293929173047,8350.698732366207,-1090.7571,7.404803193159194
2021-10-22 23:00:00,9898.0,9445.009727444974,8248.968711819974,8277.117352185316,-1196.041,28.148640365341688
2021-10-23 00:00:00,9898.0,9441.669325528477,8499.512098965977,8482.474949407542,-942.1572,-17.0371495584357
2021-10-23 01:00:00,9898.0,9399.328004436686,8382.598390178873,8389.85565542485,-1016.7296,7.257265245976158
2021-10-23 02:00:00,9898.0,9346.91890633971,8089.993979581897,8085.233409350464,-1256.9249,-4.760570231432806
2021-10-23 03:00:00,9210.0,9339.394441944352,7793.072420459977,7758.532434095988,-1546.322,-34.53998636398917
2021-10-23 04:00:00,9370.0,9408.232439091,7679.753313114437,7688.840502266403,-1728.4791,9.087189151965577
2021-10-23 05:00:00,9527.0,9532.482933686664,7893.692040131977,7888.240232617805,-1638.7909,-5.451807514171244
2021-10-23 06:00:00,9730.0,9652.7183793508,8269.07140669455,8269.639307519432,-1383.647,0.5679008248832044
2021-10-23 07:00:00,9881.0,9712.8026088628,8624.543697729987,8608.22805354804,-1088.2589,-16.31564418194568
2021-10-23 08:00:00,9915.0,9693.761466921478,8790.925895632416,8779.704004297037,-902.8356,-11.22189133537862
2021-10-23 09:00:00,9955.0,9616.337353049023,8729.498668966991,8710.39089860701,-886.8387,-19.10777035998292
2021-10-23 10:00:00,9960.0,9518.68215185561,8673.576805175922,8681.311772613655,-845.10535,7.73496743773224
2021-10-23 11:00:00,9976.0,9433.535631320878,8707.57579245369,8719.985289419072,-725.95984,12.409496965381628
2021-10-23 12:00:00,9996.0,9380.909094854715,8605.934485479715,8624.00482620829,-774.9746,18.070340728574607
2021-10-23 13:00:00,10054.0,9371.032680016328,8640.762599449921,8654.161608075767,-730.2701,13.399008625844626
2021-10-23 14:00:00,10275.0,9402.80571089095,8872.952561476888,8851.121485547917,-529.85315,-21.83107592897084
2021-10-23 15:00:00,9935.0,9454.5857158736,9181.4294658736,9158.233636663439,-273.15625,-23.19582921015997
2021-10-23 16:00:00,9935.0,9481.560255922752,9202.110121645408,9118.187569927437,-279.45013,-83.92255171797102
2021-10-23 17:00:00,10594.0,9434.533339872543,9344.05064333934,9330.68723933942,-90.4827,-13.36340399992004
2021-10-23 18:00:00,10086.0,9294.317234361459,9427.927509630013,9404.287993379345,133.61028,-23.639516250667903
2021-10-23 19:00:00,10195.0,9094.404778671147,8901.851632308842,8883.232304045778,-192.55315,-18.619328263064546
2021-10-23 20:00:00,10059.0,8907.085473195995,8664.390633718456,8656.696701201316,-242.69484,-7.693932517141089
2021-10-23 21:00:00,9689.0,8797.236580677149,8229.698189563867,8232.80763160951,-567.5384,3.109442045643484
2021-10-23 22:00:00,9521.0,8778.487371236055,8014.746587544649,8029.3044899013685,-763.7408,14.557902356719936
2021-10-23 23:00:00,9373.0,8808.41856609682,8062.204454768695,8065.407543876362,-746.2141,3.203089107667644
2021-10-24 00:00:00,9299.0,8828.008539972145,8111.93993645652,8115.245025134315,-716.0686,3.305088677795424
2021-10-24 01:00:00,9332.0,8812.501386884149,7904.26682877868,7909.110144653281,-908.23456,4.843315874600962
2021-10-24 02:00:00,9450.0,8790.749196000867,7673.5016374071165,7610.295503542961,-1117.2476,-63.20613386415553
2021-10-24 03:00:00,9601.0,8817.593532217239,7429.976832998489,7422.611900488153,-1387.6167,-7.36493251033632
2021-10-24 04:00:00,9652.0,8924.366662150309,7628.597008829996,7652.509756291735,-1295.7697,23.912747461738643
2021-10-24 05:00:00,9749.0,9089.936020991145,7848.487778803645,7854.587130926121,-1241.4482,6.099352122476414
2021-10-24 06:00:00,9898.0,9254.65715577652,8327.317373061676,8301.259139355989,-927.3398,-26.05823370568777
2021-10-24 07:00:00,10061.0,9362.148805027336,8568.494202976555,8585.534838950793,-793.6546,17.040635974236533
2021-10-24 08:00:00,10136.0,9393.169083243496,8757.884476309902,8756.608383486424,-635.2846,-1.276092823477621
2021-10-24 09:00:00,10084.0,9368.172410124105,8746.963364713949,8744.52456047769,-621.20905,-2.438804236259055
2021-10-24 10:00:00,9919.0,9325.002353151207,8551.634005983238,8554.52975864307,-773.36835,2.8957526598307743
2021-10-24 11:00:00,9867.0,9296.070124749216,8410.791621331247,8419.58003518371,-885.2785,8.78841385246142
2021-10-24 12:00:00,9878.0,9301.04025948546,8323.707617883898,8333.76623613099,-977.33264,10.058618247092074
2021-10-24 13:00:00,9890.0,9349.781257217714,8348.818000381776,8343.739081501142,-1000.96326,-5.078918880633614
2021-10-24 14:00:00,10087.0,9440.818940829533,8636.14889688422,8655.858312695067,-804.67004,19.709415810845872
2021-10-24 15:00:00,10451.0,9552.127758365088,8892.97913775962,8907.87270127884,-659.1486,14.893563519221647
2021-10-24 16:00:00,10409.0,9638.505710162099,9271.12613252538,9241.204364264478,-367.37958,-29.9217682609023
2021-10-24 17:00:00,10155.0,9650.366277218362,9504.94637060215,9507.445260820143,-145.4199,2.4988902179915806
2021-10-24 18:00:00,9772.0,9568.137481199614,9169.57748364102,9171.457723513126,-398.56,1.8802398721052502
2021-10-24 19:00:00,9900.0,9424.940137566386,8952.216535271464,8991.9556204689,-472.7236,39.73908519743623
2021-10-24 20:00:00,9743.0,9292.705796000297,8632.908249613578,8690.324144656248,-659.79755,57.415895042669156
2021-10-24 21:00:00,9344.0,9235.966038039294,8259.022617629138,8256.018933424579,-976.9434,-3.003684204559335
2021-10-24 22:00:00,9895.0,9268.015053039657,7942.994789367782,7968.487863509279,-1325.0203,25.493074141496983
2021-10-24 23:00:00,9895.0,9346.111555327194,8183.367658842819,8236.944144757956,-1162.7439,53.576485915137276
2021-10-25 00:00:00,9993.5,9410.932145208992,8627.48866376368,8636.69859095177,-783.4435,9.209927188089775
2021-10-25 01:00:00,10033.0,9437.447570204886,8549.433410048636,8540.325495024907,-888.01416,-9.107915023729438
2021-10-25 02:00:00,10033.0,9454.26947173469,8315.865785211252,8275.240573464698,-1138.4037,-40.625211746553255
2021-10-25 03:00:00,9792.0,9516.030886249864,8116.587771015489,8117.902780876901,-1399.4431,1.315009861411052
2021-10-25 04:00:00,10283.0,9653.883785078171,8480.523555585984,8478.821947953911,-1173.3602,-1.7016076320725135
2021-10-25 05:00:00,10464.0,9846.541807248259,8850.290769650603,8784.283560843309,-996.25104,-66.00720880729334
2021-10-25 06:00:00,10364.0,10034.235871629582,9233.026398973332,9189.170687149868,-801.2095,-43.85571182346434
2021-10-25 07:00:00,10333.0,10160.494654693804,9252.827540435992,9263.86320805272,-907.6671,11.035667616727652
2021-10-25 08:00:00,10336.0,10206.024957529147,9299.195367685397,9329.362713954744,-906.8296,30.167346269346762
2021-10-25 09:00:00,10303.0,10191.269017546369,9301.360509245587,9314.224035158428,-889.9085,12.863525912841324
2021-10-25 10:00:00,10178.0,10154.094645955593,9140.356059529811,9115.917195251048,-1013.7386,-24.438864278763788
2021-10-25 11:00:00,10098.0,10126.970621176713,8894.51981551265,8883.417620914206,-1232.4508,-11.102194598445276
2021-10-25 12:00:00,9979.0,10129.650638260631,8697.004398026256,8656.272629164323,-1432.6462,-40.73176886193396
2021-10-25 13:00:00,9948.0,10172.123034667477,8623.653186034664,8599.399530816429,-1548.4698,-24.25365521823472
2021-10-25 14:00:00,10121.0,10253.062429438072,8796.509695063072,8761.93564674677,-1456.5527,-34.57404831630224
2021-10-25 15:00:00,10320.0,10350.618175930138,9275.775280422326,9305.423585595383,-1074.8429,29.648305173057036
2021-10-25 16:00:00,10312.0,10419.786901336363,9655.346959930113,9678.897123762663,-764.43994,23.550163832549845
2021-10-25 17:00:00,10125.0,10411.204169163087,9762.5382756084,9778.213500120506,-648.6659,15.675224512106935
2021-10-25 18:00:00,9620.0,10305.544782267298,9320.671674357141,9311.92452952005,-984.8731,-8.747144837090788
2021-10-25 19:00:00,9650.0,10136.200805339,8981.247924479625,9019.6564398064,-1154.9529,38.40851532677567
2021-10-25 20:00:00,9396.0,9975.39509473689,8780.62605176814,8778.14465247294,-1194.769,-2.4813992951998127
2021-10-25 21:00:00,9944.0,9887.962505033058,8733.059673001808,8784.14138014808,-1154.9028,51.081707146272294
2021-10-25 22:00:00,9944.0,9887.504552788352,9135.065099663352,9115.461216119988,-752.43945,-19.603883543364862
2021-10-25 23:00:00,9944.0,9931.587676495372,8951.824309796153,8953.086551643093,-979.76337,1.262241846940303
2021-10-26 00:00:00,9922.5,9961.197804720325,8991.848012239856,9015.312717474168,-969.3498,23.464705234311726
2021-10-26 01:00:00,9898.0,9951.619104861293,9040.389673708949,9063.53529111844,-911.22943,23.145617409490498
2021-10-26 02:00:00,9884.5,9931.779797578256,8754.358044648568,8770.802702499266,-1177.4218,16.444657850696874
2021-10-26 03:00:00,9370.0,9956.626637606556,8379.499440340931,8407.958026599745,-1577.1272,28.45858625881461
2021-10-26 04:00:00,9839.0,10057.61414190667,8533.32117315667,8575.918909407033,-1524.293,42.5977362503642
2021-10-26 05:00:00,10021.0,10213.741425979002,8812.75058125244,8805.556777147229,-1400.9908,-7.193804105210011
2021-10-26 06:00:00,9940.0,10365.506827971225,9102.80394711185,9105.673222725492,-1262.7029,2.8692756136430475
2021-10-26 07:00:00,9954.0,10456.690669090143,9142.30089858233,9125.831519619576,-1314.3898,-16.469378962754977
2021-10-26 08:00:00,10030.0,10468.237259146706,9205.008987662331,9211.163422856098,-1263.2283,6.154435193766963
2021-10-26 09:00:00,10058.0,10420.810640854459,9214.118868393522,9214.87919721628,-1206.6918,0.7603288227574784
2021-10-26 10:00:00,9956.0,10352.480682242001,9141.010101187314,9157.515795020903,-1211.4706,16.505693833589067
2021-10-26 11:00:00,9905.0,10295.894644939704,8877.541495525642,8906.75217614601,-1418.3531,29.21068062036808
2021-10-26 12:00:00,9891.0,10270.959304321237,8771.744948852487,8785.780379042259,-1499.2144,14.035430189771175
2021-10-26 13:00:00,9878.0,10287.790270249394,8774.597765366581,8777.019361627208,-1513.1925,2.421596260627503
2021-10-26 14:00:00,10086.0,10345.163020977516,8964.597591290016,8975.327389992774,-1380.5654,10.729798702757213
2021-10-26 15:00:00,10319.0,10421.300200595057,9230.738555087244,9258.022551650452,-1190.5616,27.283996563207587
2021-10-26 16:00:00,10378.0,10471.244019167329,9646.591248171235,9674.189313602576,-824.6528,27.598065431341094
2021-10-26 17:00:00,10113.0,10445.6504189382,9823.560453117887,9814.818263941914,-622.08997,-8.742189175973268
2021-10-26 18:00:00,9661.0,10325.193872373597,9261.411401670472,9250.794730727452,-1063.7825,-10.61667094302021
2021-10-26 19:00:00,9661.0,10143.248864417108,8859.645715003046,8884.645998444712,-1283.6031,25.00028344166685
2021-10-26 20:00:00,9368.0,9972.003091445544,8640.871865859606,8624.738340614387,-1331.1312,-16.133525245219083
2021-10-26 21:00:00,9898.0,9876.234993141668,8659.539192360418,8645.695092322207,-1216.6958,-13.844100038212368
2021-10-26 22:00:00,9898.0,9869.465200162726,8782.668447233038,8757.58936255721,-1086.7968,-25.079084675828177
2021-10-26 23:00:00,9898.0,9909.156053787263,9039.967821365388,8982.712596494275,-869.18823,-57.25522487111305
2021-10-27 00:00:00,9963.0,9936.172457570092,9082.087313527123,9089.480400949271,-854.08514,7.393087422147598
2021-10-27 01:00:00,9956.5,9925.668286962042,8960.174146337042,8940.97056649033,-965.49414,-19.203579846711637
2021-10-27 02:00:00,9999.0,9906.436478852112,8690.929154633362,8667.051893751432,-1215.5073,-23.87726088193001
2021-10-27 03:00:00,9660.0,9933.282670834336,8329.643510678086,8285.978682365365,-1603.6392,-43.66482831272079
2021-10-27 04:00:00,10075.0,10037.511206392372,8567.71469760331,8620.680746895203,-1469.7965,52.966049291894215
2021-10-27 05:00:00,10146.0,10197.961013539863,8780.185622914863,8749.075100830592,-1417.7754,-31.110522084271782
2021-10-27 06:00:00,10080.0,10354.96397282095,9090.6578204772,9064.541394791571,-1264.3062,-26.11642568562801
2021-10-27 07:00:00,10106.0,10452.13443153965,9261.69595497715,9271.92605917741,-1190.4385,10.230104200258776
2021-10-27 08:00:00,10229.0,10470.257008188748,9231.81767713406,9273.794128185573,-1238.4393,41.97645105151323
2021-10-27 09:00:00,10308.0,10429.844573428607,9347.397674014544,9365.948516399609,-1082.4469,18.55084238506422
2021-10-27 10:00:00,10203.0,10368.823704846587,9283.133031018462,9268.42856523234,-1085.6907,-14.704465786122144
2021-10-27 11:00:00,10035.0,10319.705405907853,9037.55489321254,9041.643421312765,-1282.1505,4.088528100224442
2021-10-27 12:00:00,9718.0,10302.267911793075,8824.044767261825,8817.836684908874,-1478.2231,-6.208082352950546
2021-10-27 13:00:00,9963.0,10326.507636606771,8735.790595591146,8744.78145116977,-1590.717,8.990855578623284
2021-10-27 14:00:00,10086.0,10391.091133366968,8988.77631403103,9009.558224344744,-1402.3148,20.78191031371274
2021-10-27 15:00:00,10242.0,10474.142257796157,9402.337082014907,9441.231194044316,-1071.8052,38.894112029409335
2021-10-27 16:00:00,10323.0,10530.614937628694,9742.753243292756,9745.060505079553,-787.8617,2.307261786797228
2021-10-27 17:00:00,10045.0,10511.089841574516,9837.606321066703,9828.76599306484,-673.4835,-8.840328001863154
2021-10-27 18:00:00,9707.0,10396.183172021312,9376.944707665843,9380.366324643699,-1019.23846,3.421616977855452
2021-10-27 19:00:00,9630.0,10219.230623538338,9120.611116702401,9137.328610594108,-1098.6195,16.717493891706496
2021-10-27 20:00:00,9430.0,10052.398807088608,8689.140018026108,8690.749748522188,-1363.2588,1.6097304960795396
2021-10-27 21:00:00,9999.0,9960.45723078904,8714.346757156227,8691.037549096061,-1246.1105,-23.30920806016485
2021-10-27 22:00:00,9999.0,9956.924256702883,8903.672425648196,8880.966761825697,-1053.2518,-22.705663822498963
2021-10-27 23:00:00,9999.0,9999.265245204359,9047.870164637952,8989.634794426638,-951.3951,-58.23537021131341
2021-10-28 00:00:00,10004.0,10028.356737757686,9230.88969674206,9257.490402342786,-797.46704,26.60070560072628
2021-10-28 01:00:00,10065.5,10019.377304437621,9124.301193597777,9140.85252644667,-895.0761,16.55133284889256
2021-10-28 02:00:00,10096.5,10001.15846446429,8764.985490831477,8803.62755225839,-1236.173,38.642061426911184
2021-10-28 03:00:00,9589.0,10028.553870936144,8428.943153162707,8431.122557047192,-1599.6107,2.1794038844851316
2021-10-28 04:00:00,10107.0,10132.91836474576,8457.99453662076,8475.187744787481,-1674.9238,17.193208166722712
2021-10-28 05:00:00,10243.0,10293.139107124305,8933.20966376493,8890.344828127527,-1359.9294,-42.86483563740257
2021-10-28 06:00:00,10258.0,10449.593897540019,9263.251856524394,9243.99621488323,-1186.342,-19.25564164116518
2021-10-28 07:00:00,10320.0,10545.943697272836,9378.277803718149,9364.215571254266,-1167.6659,-14.062232463883321
2021-10-28 08:00:00,10335.0,10563.022590790437,9521.354011688874,9513.96520456884,-1041.6686,-7.388807120034262
2021-10-28 09:00:00,10344.0,10521.394515659087,9489.753402377837,9473.465575520699,-1031.6411,-16.28782685713916
2021-10-28 10:00:00,10241.0,10459.034794964607,9422.844609417732,9380.13517545758,-1036.1902,-42.70943396015195
2021-10-28 11:00:00,10254.0,10408.49697084595,9100.250999166263,9047.75979840398,-1308.246,-52.49120076228192
2021-10-28 12:00:00,10210.0,10389.593550643047,8947.301802596172,8908.013342302394,-1442.2917,-39.28846029377764
2021-10-28 13:00:00,10217.0,10412.346162963748,8984.59726159656,8992.563333097922,-1427.7489,7.966071501362297
2021-10-28 14:00:00,10290.0,10475.436386893964,9110.484482597089,9101.6297020713,-1364.9519,-8.854780525789703
2021-10-28 15:00:00,10406.0,10556.991113028782,9496.15944798972,9485.667353484909,-1060.8317,-10.492094504810936
2021-10-28 16:00:00,10377.0,10611.954422499504,9815.954056288567,9782.871262635446,-796.00037,-33.08279365312036
2021-10-28 17:00:00,10174.0,10590.885924437564,9833.567809203189,9787.374868272227,-757.3181,-46.1929409309621
2021-10-28 18:00:00,9719.0,10474.373144102467,9383.805028868092,9396.698221920033,-1090.5681,12.89319305194027
2021-10-28 19:00:00,9593.0,10295.717996736455,9234.54538931458,9277.21056633841,-1061.1726,42.66517702382915
2021-10-28 20:00:00,10067.5,10127.046911590727,8922.44400631729,8948.90264092913,-1204.6029,26.45863461184029
2021-10-28 21:00:00,10011.5,10033.078162670117,8866.61246442793,8872.763517111065,-1166.4657,6.151052683135169
2021-10-28 22:00:00,10011.5,10027.263647062868,8963.361669523805,8953.138165533706,-1063.902,-10.223503990099402
2021-10-28 23:00:00,10004.5,10066.987356608111,9086.507315104205,9052.825325695465,-980.48004,-33.681989408741074
2021-10-29 00:00:00,9997.0,10093.034958227112,9275.746933324768,9271.121354562223,-817.288,-4.6255787625442855
2021-10-29 01:00:00,9958.0,10080.491477596188,9173.18056451025,9177.147453904186,-907.3109,3.9668893939362433
2021-10-29 02:00:00,9936.5,10058.095744289802,8895.920207180427,8935.462651704704,-1162.1755,39.54244452427772
2021-10-29 03:00:00,9510.0,10080.608069937185,8514.824012319998,8544.406394604339,-1565.784,29.582382284341325
2021-10-29 04:00:00,10018.0,10179.285508779685,8652.373033193748,8701.290067329894,-1526.9125,48.91703413614581
2021-10-29 05:00:00,10158.0,10332.911563874186,9056.547672272623,9045.265055650008,-1276.3639,-11.282616622614375
2021-10-29 06:00:00,10117.0,10481.757886821526,9312.335523540276,9283.248652369824,-1169.4224,-29.08687117045237
2021-10-29 07:00:00,9990.0,10569.383302068907,9438.542847967345,9429.38424923786,-1130.8405,-9.158598729483352
2021-10-29 08:00:00,10005.0,10576.529423539196,9455.651371781383,9467.448391493901,-1120.878,11.797019712518166
2021-10-29 09:00:00,10048.0,10523.67958485887,9417.305439351057,9436.29330355559,-1106.3741,18.987864204532933
2021-10-29 10:00:00,10004.0,10448.739800820566,9314.064629922128,9300.451144583374,-1134.6752,-13.61348533875459
2021-10-29 11:00:00,9882.0,10384.204914827613,9051.1725661948,9031.707159334223,-1333.0323,-19.465406860578085
2021-10-29 12:00:00,9926.0,10349.840282166724,9001.794749940162,8995.129077897102,-1348.0455,-6.6656720430598
2021-10-29 13:00:00,9947.0,10355.633881629163,8984.770844519788,8982.22151059601,-1370.863,-2.549333923778353
2021-10-29 14:00:00,10026.0,10400.248465565774,9192.692557362649,9220.830998603129,-1207.5559,28.138441240479594
2021-10-29 15:00:00,10208.0,10461.807233886308,9473.044050292558,9481.252600677344,-988.7632,8.20855038478641
2021-10-29 16:00:00,10235.0,10495.2665659809,9839.774500551213,9825.658420423284,-655.49207,-14.116080127928532
2021-10-29 17:00:00,9969.0,10451.217365519115,9886.69740702302,9860.807551243115,-564.51996,-25.889855779905197
2021-10-29 18:00:00,9488.0,10310.301951909536,9380.163585210317,9362.002584634565,-930.13837,-18.161000575751224
2021-10-29 19:00:00,9494.0,10105.90350578611,9113.496157153297,9124.943719990688,-992.40735,11.447562837390509
2021-10-29 20:00:00,9288.0,9910.254882668882,8860.985839700132,8844.972627670371,-1049.269,-16.01321202976012
2021-10-29 21:00:00,8870.0,9788.200808393527,8543.878054487277,8552.408043500147,-1244.3228,8.529989012869965
2021-10-29 22:00:00,9335.5,9753.334516423873,8452.99455060356,8466.701084904114,-1300.34,13.706534300553576
2021-10-29 23:00:00,9335.5,9763.19511139273,8572.33036529898,8620.895110480364,-1190.8647,48.56474518138466
2021-10-30 00:00:00,9335.5,9758.740649311987,8729.379077046362,8732.095125496606,-1029.3616,2.716048450244563
2021-10-30 01:00:00,9335.5,9715.25031462518,8592.855417164243,8550.507932974382,-1122.3949,-42.34748418986114
2021-10-30 02:00:00,9335.5,9661.67962543796,8283.678770945773,8236.038780601599,-1378.0009,-47.639990344173874
2021-10-30 03:00:00,8701.0,9653.023448089716,7915.448008636591,7927.784227692274,-1737.5754,12.336219055683065
2021-10-30 04:00:00,8839.0,9720.783949580977,7702.952528682539,7721.012147137838,-2017.8314,18.05961845529854
2021-10-30 05:00:00,9063.0,9843.995045132604,7994.7837414216665,8020.603014299081,-1849.2113,25.819272877414978
2021-10-30 06:00:00,9104.0,9963.18337437616,8548.565454454285,8555.197531926555,-1414.6179,6.6320774722693505
2021-10-30 07:00:00,9310.0,10022.16949722713,8774.60064957088,8768.931777316138,-1247.5688,-5.668872254743094
2021-10-30 08:00:00,9372.0,10001.964664870202,8875.118717604577,8902.57550700851,-1126.846,27.456789403934028
2021-10-30 09:00:00,9361.0,9923.327333418018,8775.86700626958,8773.919285681377,-1147.4603,-1.947720588202454
2021-10-30 10:00:00,9383.0,9824.438878986073,8638.067052814198,8669.19008422913,-1186.3718,31.12303141493252
2021-10-30 11:00:00,9369.0,9738.06438423453,8555.410453570468,8578.915648272421,-1182.6539,23.505194701952064
2021-10-30 12:00:00,9399.0,9684.23064449674,8408.905082973302,8457.455946363718,-1275.3256,48.55086339041571
2021-10-30 13:00:00,9475.0,9673.175741175028,8511.985067346903,8527.443973328847,-1161.1907,15.458905981944735
2021-10-30 14:00:00,9775.0,9703.79819840807,8742.678325361196,8754.091459655372,-961.1199,11.413134294176187
2021-10-30 15:00:00,10078.0,9754.438893078712,9337.261463879493,9345.710675233835,-417.17743,8.449211354341246
2021-10-30 16:00:00,9998.0,9780.250855294247,9535.283173409482,9490.002048379309,-244.96768,-45.28112503017238
2021-10-30 17:00:00,9656.0,9732.00018122647,9555.325986890533,9532.09941446689,-176.6742,-23.22657242364335
2021-10-30 18:00:00,9159.0,9590.48438241763,9173.610908296536,9178.254476582137,-416.87347,4.643568285600276
2021-10-30 19:00:00,9192.0,9389.22219565468,8839.131436377336,8885.10976629955,-550.09076,45.97832992221358
2021-10-30 20:00:00,8981.0,9200.558956783992,8476.992306393367,8509.100467808332,-723.56665,32.108161414963526
2021-10-30 21:00:00,8580.0,9089.422043406235,8041.966599070298,8031.564846581993,-1047.4554,-10.401752488304684
2021-10-30 22:00:00,8259.0,9069.451293709744,7547.076659920682,7571.831395887071,-1522.3746,24.754735966389056
2021-10-30 23:00:00,8133.0,9098.19474669825,7547.660078729499,7590.653324662813,-1550.5347,42.99324593331395
2021-10-31 00:00:00,8005.0,9116.585284428038,7476.255206303038,7479.128043585671,-1640.3301,2.872837282632335
2021-10-31 01:00:00,8069.0,9099.847950465022,7305.61784792596,7328.528665633584,-1794.2301,22.910817707623842
2021-10-31 02:00:00,8072.0,9076.857150532409,6976.285129048034,6994.988405677233,-2100.572,18.703276629198584
2021-10-31 03:00:00,8063.0,9102.496820530878,6942.305902562128,6965.925153394681,-2160.191,23.61925083255343
2021-10-31 04:00:00,8313.0,9208.123456764348,6905.876630592473,6902.211689395388,-2302.2468,-3.6649411970849757
2021-10-31 05:00:00,8463.0,9372.588240090108,7170.163679543233,7150.80070905078,-2202.4246,-19.362970492453226
2021-10-31 06:00:00,8563.0,9536.200746659171,7484.397768143546,7450.03575161239,-2051.803,-34.3620165311561
2021-10-31 07:00:00,8827.0,9642.536263148566,7843.968514125128,7840.771520892613,-1798.5677,-3.196993232515268
2021-10-31 08:00:00,8972.0,9672.338110880768,8078.0540532635805,8087.677889243577,-1594.284,9.623835979996034
2021-10-31 09:00:00,9118.0,9646.076547430206,8160.611581609894,8160.372435400889,-1485.465,-0.2391462090044747
2021-10-31 10:00:00,9152.0,9601.624395840643,8189.155889981268,8197.564431875406,-1412.4685,8.408541894137102
2021-10-31 11:00:00,9058.0,9571.417932066794,8044.327477965231,8058.976680181022,-1527.0905,14.649202215790984
2021-10-31 12:00:00,8976.0,9575.136918424381,7901.924760221256,7910.686831572159,-1673.2122,8.762071350902445
2021-10-31 13:00:00,9219.0,9622.657523745262,7943.975272768699,7935.037167113024,-1678.6823,-8.93810565567524
2021-10-31 14:00:00,9473.0,9712.504487865885,8233.890840404947,8233.99478692119,-1478.6136,0.10394651624294912
2021-10-31 15:00:00,9591.0,9822.6353184924,8656.8335606799,8651.840974667812,-1165.8018,-4.992586012086951
2021-10-31 16:00:00,9649.0,9907.813193240047,8891.615317263484,8848.767650832922,-1016.1979,-42.847666430562555
2021-10-31 17:00:00,9601.0,9918.413388123861,8856.192318787924,8846.812841298672,-1062.2211,-9.37947748925237
2021-10-31 18:00:00,9369.0,9834.848879640085,8654.56738549946,8671.090066328545,-1180.2815,16.52268082908414
2021-10-31 19:00:00,8932.0,9690.266095579156,8452.339581907281,8409.770329145753,-1237.9265,-42.56925276152861
2021-10-31 20:00:00,9096.0,9556.652143399098,8092.755536953786,8124.962000409462,-1463.8966,32.20646345567675
2021-10-31 21:00:00,9030.0,9498.588451868012,8069.9496579227,8063.831824196367,-1428.6388,-6.117833726332564
2021-10-31 22:00:00,8726.0,9529.379523261776,7809.145880683651,7843.610862530828,-1720.2336,34.46498184717674
2021-10-31 23:00:00,8496.0,9606.251149339776,7788.105641527276,7858.191331276795,-1818.1455,70.0856897495184
2021-11-01 00:00:00,9355.5,9669.834214373173,7604.951890154423,7614.395526911431,-2064.8823,9.443636757008
2021-11-01 01:00:00,9421.0,9695.080211002942,7932.418467838879,7920.358680215685,-1762.6617,-12.059787623193673
2021-11-01 02:00:00,9532.0,9710.622913565847,7706.333728995534,7694.412748209372,-2004.2892,-11.920980786162884
2021-11-01 03:00:00,9596.0,9771.137568213871,7545.672236182621,7476.873921662973,-2225.4653,-68.79831451964895
2021-11-01 04:00:00,9342.0,9907.800238403013,7656.087347778013,7588.136768024528,-2251.713,-67.95057975348588
2021-11-01 05:00:00,9878.0,10099.308196109452,8094.620207828202,8064.504294141163,-2004.688,-30.115913687038898
2021-11-01 06:00:00,9951.0,10285.846302312993,8663.376087469243,8712.497530282686,-1622.4702,49.12144281344261
2021-11-01 07:00:00,9966.0,10410.899720990337,8671.475282513775,8666.937247216732,-1739.4244,-4.538035297042286
2021-11-01 08:00:00,9976.0,10455.160426054263,8765.334376249575,8784.776992670504,-1689.826,19.442616420928545
2021-11-01 09:00:00,10040.0,10439.086485549466,8790.535704299466,8806.009464983625,-1648.5508,15.47376068415874
2021-11-01 10:00:00,9957.0,10400.57498557878,8628.668369367842,8624.115675132287,-1771.9066,-4.552694235555903
2021-11-01 11:00:00,9928.0,10372.119813513498,8498.485414099436,8506.28101327301,-1873.6344,7.795599173573696
2021-11-01 12:00:00,9917.0,10373.489963003947,8354.024020621135,8357.999965484258,-2019.466,3.975944863122121
2021-11-01 13:00:00,9928.0,10414.681535739059,8359.862688082809,8397.351852299822,-2054.8188,37.48916421701389
2021-11-01 14:00:00,10027.0,10494.36818621007,8580.80910417882,8612.128368024565,-1913.5591,31.319263845745606
2021-11-01 15:00:00,10260.0,10590.682467778852,8917.70529492729,8970.222121737228,-1672.9772,52.516826809938806
2021-11-01 16:00:00,10240.0,10658.58634546039,9304.39786889789,9331.060512156198,-1354.1885,26.662643258309352
2021-11-01 17:00:00,10194.0,10648.677356704442,9406.158313735692,9422.759368826763,-1242.519,16.601055091069956
2021-11-01 18:00:00,9875.0,10541.615454575713,8859.029639146025,8866.239960363733,-1682.5858,7.210321217708867
2021-11-01 19:00:00,9401.0,10370.818525809857,8478.733320731732,8494.867727240868,-1892.0852,16.13440650913582
2021-11-01 20:00:00,9432.0,10208.565206334908,8032.512227819283,8044.392476884426,-2176.053,11.880249065143335
2021-11-01 21:00:00,9198.0,10119.740429553885,7813.984570178885,7788.051451318283,-2305.7559,-25.933118860601677
2021-11-01 22:00:00,9922.5,10117.95626395966,7941.453334272161,7961.660259004306,-2176.503,20.206924732144998
2021-11-01 23:00:00,9922.5,10160.746469514499,8340.027841584812,8342.663145753137,-1820.7186,2.6353041683248533
2021-11-02 00:00:00,9922.5,10189.051505311336,8235.254752381648,8263.732098875966,-1953.7968,28.477346494317615
2021-11-02 01:00:00,9945.0,10178.136530648244,8145.002619515431,8169.960178147315,-2033.1339,24.957558631883707
2021-11-02 02:00:00,9987.5,10156.95214367525,7950.343745237749,7962.090806549965,-2206.6084,11.747061312216308
2021-11-02 03:00:00,9987.5,10180.487548904244,7714.928222732369,7696.920423096137,-2465.5593,-18.007799636232207
2021-11-02 04:00:00,9535.0,10280.221588792296,7580.413971604796,7589.707487735715,-2699.8076,9.293516130919665
2021-11-02 05:00:00,10029.0,10435.137236407783,7890.866972735908,7867.806799920765,-2544.2703,-23.060172815142963
2021-11-02 06:00:00,10163.0,10585.686985889028,8418.579075732778,8381.303470908308,-2167.108,-37.27560482447058
2021-11-02 07:00:00,10189.0,10675.60784726931,8515.67718320681,8471.611164263853,-2159.9307,-44.066018942956035
2021-11-02 08:00:00,10156.0,10685.829490426839,8625.980613473714,8619.170276745686,-2059.8489,-6.810336728027963
2021-11-02 09:00:00,10243.0,10637.031960357093,8570.713356841468,8553.151882118493,-2066.3186,-17.561474722974875
2021-11-02 10:00:00,10174.0,10567.314554846871,8530.768290198434,8541.585177124316,-2036.5463,10.816886925882613
2021-11-02 11:00:00,10054.0,10509.349781538145,8308.317554975645,8309.921389229094,-2201.0322,1.6038342534488226
2021-11-02 12:00:00,9962.0,10483.059832885476,8176.586688354226,8184.533910768204,-2306.4731,7.947222413978359
2021-11-02 13:00:00,10013.0,10498.56818231886,8175.585272162611,8209.45506327998,-2322.983,33.869791117370205
2021-11-02 14:00:00,10200.0,10554.649423386236,8425.377450729986,8450.802197750041,-2129.272,25.42474702005502
2021-11-02 15:00:00,10432.0,10629.509460432686,8934.044372542061,8941.678999366784,-1695.4651,7.63462682472282
2021-11-02 16:00:00,10416.0,10678.155882142139,9185.621946595264,9167.892366838334,-1492.5339,-17.729579756929986
2021-11-02 17:00:00,10348.0,10651.206626324249,9228.162314800811,9240.976360936045,-1423.0443,12.814046135233841
2021-11-02 18:00:00,10044.0,10529.321318696217,8922.60024936028,8919.66065507429,-1606.7211,-2.939594285988785
2021-11-02 19:00:00,9620.0,10345.900251430205,8284.80772213333,8279.784436501986,-2061.0925,-5.023285631343643
2021-11-02 20:00:00,9590.0,10173.186868721488,7904.020120674613,7908.796007755055,-2269.1667,4.775887080441794
2021-11-02 21:00:00,9286.0,10076.0096415024,7778.169553611775,7787.894961036836,-2297.84,9.725407425061048
2021-11-02 22:00:00,8959.0,10067.899690181313,7862.893098384438,7866.013632732106,-2205.0066,3.120534347668085
2021-11-02 23:00:00,10028.5,10106.286602124881,8048.967510328006,8077.641633110073,-2057.319,28.674122782066615
2021-11-03 00:00:00,10028.5,10131.989724309886,8299.850686223948,8297.53872490511,-1832.139,-2.3119613188392307
2021-11-03 01:00:00,10062.0,10120.143826853457,8176.410916697207,8179.264915803264,-1943.7329,2.8539991060572345
2021-11-03 02:00:00,10102.5,10099.564118421753,8015.859528578003,8016.510836918599,-2083.7046,0.6513083405959839
2021-11-03 03:00:00,10102.5,10125.098573888266,7759.485780919516,7759.9133249426195,-2365.6128,0.427544023102878
2021-11-03 04:00:00,9598.0,10228.075744688087,7555.486877500587,7521.668564484666,-2672.5889,-33.81831301592112
2021-11-03 05:00:00,10080.0,10387.318295514748,7887.875424420998,7878.578160236361,-2499.4429,-9.297264184636715
2021-11-03 06:00:00,10125.0,10543.112140391559,8436.296222422809,8384.56816362318,-2106.816,-51.728058799628194
2021-11-03 07:00:00,10195.0,10639.028192959251,8521.258417568626,8530.223836805315,-2117.7698,8.965419236689543
2021-11-03 08:00:00,10220.0,10655.836310906545,8597.419318719045,8589.543807763128,-2058.417,-7.875510955916605
2021-11-03 09:00:00,10303.0,10614.065249434569,8604.916323653319,8611.877300289834,-2009.1489,6.960976636515088
2021-11-03 10:00:00,10317.0,10551.67090267458,8547.43262142458,8564.856946824328,-2004.2383,17.424325399748177
2021-11-03 11:00:00,10233.0,10501.189412706624,8371.934041612874,8382.871733048576,-2129.2554,10.937691435700835
2021-11-03 12:00:00,10141.0,10482.41433137315,8224.26687043565,8180.6440125027975,-2258.1475,-43.62285793285186
2021-11-03 13:00:00,10170.0,10505.349843880562,8169.708242318062,8147.441271567875,-2335.6416,-22.266970750186186
2021-11-03 14:00:00,10360.0,10568.66153490574,8421.362950921364,8429.439076436525,-2147.2986,8.07612551516054
2021-11-03 15:00:00,10514.0,10650.456446288656,8848.33706152303,8886.798945364593,-1802.1194,38.46188384156288
2021-11-03 16:00:00,10539.0,10705.653820229458,9083.92737979977,9095.373099075685,-1621.7264,11.445719275914554
2021-11-03 17:00:00,10523.0,10684.796267220045,9277.393435188795,9273.561373523407,-1407.4028,-3.832061665386534
2021-11-03 18:00:00,10246.0,10568.485099584692,8952.58995798313,8925.913707157553,-1615.8951,-26.676250825575163
2021-11-03 19:00:00,9676.0,10390.081786290471,8302.824217931096,8235.87060014783,-2087.2576,-66.95361778326645
2021-11-03 20:00:00,9645.0,10221.808663581362,7922.7732631907365,7905.569015414785,-2299.0354,-17.204247775951444
2021-11-03 21:00:00,9394.0,10128.485258187184,7806.976713265309,7788.899948906019,-2321.5085,-18.076764359289534
2021-11-03 22:00:00,9652.5,10123.640418761684,7902.5083386835595,7964.835614590326,-2221.132,62.32727590676698
2021-11-03 23:00:00,9652.5,10164.706757342134,8289.017548357759,8286.773191764934,-1875.6892,-2.2443565928240856
2021-11-04 00:00:00,9652.5,9898.103406114407,8009.958264512845,8030.230509324474,-1888.1451,20.272244811628756
2021-11-04 01:00:00,9652.5,9887.812232377857,7853.223365190357,7885.996616676387,-2034.5889,32.773251486030034
2021-11-04 02:00:00,9652.5,9868.276538241029,7615.019702303529,7684.751413020156,-2253.2568,69.73171071662689
2021-11-04 03:00:00,9652.5,9894.392345806971,7513.701671978846,7551.299159099621,-2380.6907,37.597487120774694
2021-11-04 04:00:00,9401.0,9997.538739509504,7087.632489509504,7089.712886949312,-2909.9062,2.080397439807756
2021-11-04 05:00:00,9892.0,10156.586655448771,7596.495835136271,7612.36020728433,-2560.0908,15.864372148058107
2021-11-04 06:00:00,9635.0,10311.86796621536,8144.702927152861,8165.076733433034,-2167.165,20.373806280173003
2021-11-04 07:00:00,9470.0,10407.000239223253,8038.609858363878,8057.674364785996,-2368.3904,19.0645064221181
2021-11-04 08:00:00,9532.0,10422.802836933737,8075.108256855612,8104.41550801791,-2347.6946,29.307251162297796
2021-11-04 09:00:00,9660.0,10379.855618004958,8052.092922692458,8077.8786355269685,-2327.7627,25.78571283451004
2021-11-04 10:00:00,9697.0,10316.163255290583,8067.269700603083,8090.408734033478,-2248.8936,23.13903343039497
2021-11-04 11:00:00,9708.0,10264.304458383755,7896.5036771337545,7872.335184610065,-2367.8008,-24.168492523689615
2021-11-04 12:00:00,9933.0,10244.107074731217,7758.184223168717,7756.78475272545,-2485.9229,-1.399470443267206
2021-11-04 13:00:00,9999.0,10265.600521277975,7968.834407996725,7951.747253400168,-2296.766,-17.0871545965565
2021-11-04 14:00:00,10198.0,10327.465419036524,8205.120692474024,8208.629017180376,-2122.3447,3.508324706352636
2021-11-04 15:00:00,10320.0,10407.811847413064,8525.591754639627,8519.191641089237,-1882.2201,-6.40011355039005
2021-11-04 16:00:00,10337.0,10461.549196646894,8845.247316764082,8834.361112732982,-1616.3019,-10.886204031100164
2021-11-04 17:00:00,10304.0,10439.199003973936,8951.694121161436,8981.605301577345,-1487.5049,29.911180415908586
2021-11-04 18:00:00,10061.0,10321.33388238182,8711.435811092757,8701.951196579648,-1609.8981,-9.484614513109491
2021-11-04 19:00:00,9576.0,10141.281490847816,8037.088375613441,8045.238690387903,-2104.193,8.150314774462672
2021-11-04 20:00:00,9565.0,9971.223944892023,7530.729071845148,7513.757376740872,-2440.4949,-16.97169510427537
2021-11-04 21:00:00,9388.0,9875.92949021531,7362.342332012186,7307.045462447988,-2513.5872,-55.29686956419793
2021-11-04 22:00:00,8898.0,9868.860456058785,7499.61460644941,7468.549156089563,-2369.2458,-31.065450359846057
2021-11-04 23:00:00,9966.0,9907.368024700681,7349.573102825681,7320.4655163812195,-2557.795,-29.107586444462253
2021-11-05 00:00:00,10030.0,10226.636534720466,8240.233214407966,8272.96541733126,-1986.4033,32.73220292329202
2021-11-05 01:00:00,10091.5,10212.844641805106,8232.680213094169,8237.079664525167,-1980.1644,4.399451430997529
2021-11-05 02:00:00,10125.5,10189.196329024277,8003.104532149277,8048.294402506996,-2186.0918,45.18987035771977
2021-11-05 03:00:00,10125.5,10210.494198011529,7971.078182386529,7982.033824493674,-2239.416,10.955642107144758
2021-11-05 04:00:00,9658.0,10308.019466034659,7659.431087128409,7683.569501865193,-2648.5884,24.138414736784142
2021-11-05 05:00:00,10148.0,10460.53933038213,8143.845726866504,8178.3994736783625,-2316.6936,34.55374681185802
2021-11-05 06:00:00,10258.0,10608.279436416036,8564.220720595724,8571.195390101633,-2044.0587,6.974669505909101
2021-11-05 07:00:00,10190.0,10694.755138097351,8739.266490636413,8729.748769415131,-1955.4886,-9.517721221281395
2021-11-05 08:00:00,10281.0,10700.6932549569,8737.648088941274,8765.388823917496,-1963.0452,27.740734976220665
2021-11-05 09:00:00,10271.0,10646.592975022415,8741.033282639602,8749.13709397212,-1905.5597,8.103811332518122
2021-11-05 10:00:00,10240.0,10570.389603336856,8636.238846500919,8634.40522483699,-1934.1508,-1.833621663929095
2021-11-05 11:00:00,10122.0,10504.60309980835,8495.755565628662,8518.174573260683,-2008.8475,22.419007632020804
2021-11-05 12:00:00,10129.0,10469.014118802,8355.707722317626,8357.87318641258,-2113.3064,2.1654640949551744
2021-11-05 13:00:00,10190.0,10473.61839758971,8398.472645636584,8414.602162271001,-2075.1458,16.129516634416238
2021-11-05 14:00:00,10477.0,10517.077712919194,8660.805984403569,8698.53971397648,-1856.2717,37.73372957290988
2021-11-05 15:00:00,10610.0,10577.498449332865,9161.872106559427,9155.81928625334,-1415.6263,-6.052820306086846
2021-11-05 16:00:00,10606.0,10609.802305378631,9478.932188191131,9508.349185631518,-1130.8701,29.416997440386176
2021-11-05 17:00:00,10498.0,10564.542137828881,9441.429100719506,9470.981633789106,-1123.113,29.55253306960032
2021-11-05 18:00:00,10179.0,10422.345394326834,9279.78997440496,9339.89800311218,-1142.5554,60.10802870721942
2021-11-05 19:00:00,9699.0,10216.621055605412,8465.318809511662,8491.08021021422,-1751.3022,25.761400702558053
2021-11-05 20:00:00,9712.0,10019.657735858,8086.858541522062,8079.019061760939,-1932.7992,-7.839479761123223
2021-11-05 21:00:00,9481.0,9896.350221012604,7758.069459293854,7748.1544990881885,-2138.2808,-9.914960205666336
2021-11-05 22:00:00,8962.0,9860.30228085396,7680.048618744586,7701.094111668962,-2180.2537,21.045492924376187
2021-11-05 23:00:00,8626.0,9869.020329932786,7736.203679542161,7694.81448050416,-2132.8167,-41.389199038000264
2021-11-06 00:00:00,9480.5,9863.416948216189,7221.506303684939,7203.828840754309,-2641.9106,-17.67746293063001
2021-11-06 01:00:00,9480.5,9818.75231115636,7752.6922525626105,7737.985417379685,-2066.06,-14.706835182926095
2021-11-06 02:00:00,8445.0,9764.004319840125,7554.6368881995,7548.273946786751,-2209.3674,-6.36294141274892
2021-11-06 03:00:00,8524.0,9754.210302795353,6840.569921935978,6805.9146750470345,-2913.6404,-34.65524688894312
2021-11-06 04:00:00,8739.0,9820.896772300137,6521.517621909512,6493.3854384079,-3299.3792,-28.13218350161155
2021-11-06 05:00:00,8906.0,9943.081528531988,7007.602036344488,7008.937915663077,-2935.4795,1.3358793185889881
2021-11-06 06:00:00,8987.0,10061.245402333534,7462.707560536659,7449.575636053446,-2598.5378,-13.1319244832128
2021-11-06 07:00:00,9186.0,10119.165685442937,7712.724035052312,7689.412929966699,-2406.4417,-23.311105085612525
2021-11-06 08:00:00,9355.0,10097.839039814779,8002.5150652054035,8008.94903570133,-2095.324,6.433970495926533
2021-11-06 09:00:00,9480.0,10018.039981920656,8006.329776842531,8002.600775556245,-2011.7102,-3.729001286286229
2021-11-06 10:00:00,9513.0,9917.979382705213,7864.454480361463,7895.433348200581,-2053.525,30.97886783911907
2021-11-06 11:00:00,9484.0,9830.447642358098,7843.246958764348,7828.518048724326,-1987.2007,-14.72891004002172
2021-11-06 12:00:00,9490.0,9775.487050534217,7756.112050534217,7751.655552889024,-2019.375,-4.456497645193254
2021-11-06 13:00:00,9637.0,9763.34363438475,7798.565924423812,7793.029444289831,-1964.7777,-5.536480133980616
2021-11-06 14:00:00,10038.0,9792.915119551742,8046.21870841893,8071.4875292503675,-1746.6964,25.268820831437644
2021-11-06 15:00:00,10392.0,9842.525732379998,8642.42331538781,8641.382054338965,-1200.1024,-1.0412610488451495
2021-11-06 16:00:00,10513.0,9867.293972648458,8956.569546378927,8963.16588815016,-910.7244,6.596341771234414
2021-11-06 17:00:00,10407.0,9817.94802390854,9200.266749494478,9155.473339833014,-617.6813,-44.793409661463826
2021-11-06 18:00:00,10164.0,9675.270642153204,8799.830395571173,8755.48882206249,-875.44025,-44.34157350868109
2021-11-06 19:00:00,9768.0,9472.806460815656,8088.7337069094065,8048.535352055044,-1384.0728,-40.198354854362115
2021-11-06 20:00:00,9858.0,9282.956649785821,7831.254135137384,7798.67598481644,-1451.7025,-32.57815032094403
2021-11-06 21:00:00,9760.0,9170.698699708499,7561.743621583499,7517.8494050146755,-1608.9551,-43.89421656882284
2021-11-06 22:00:00,9339.0,9149.68301451146,7197.1094061130225,7138.750962292175,-1952.5736,-58.35844382084712
2021-11-06 23:00:00,9022.0,9177.424948209873,7165.769186491123,7131.940400199638,-2011.6558,-33.82878629148513
2021-11-07 00:00:00,8863.0,9194.81188693186,7019.2239963068605,7008.261434037078,-2175.588,-10.962562269782357
2021-11-07 01:00:00,8747.0,9177.049820066077,6841.526382566077,6809.299529172106,-2335.5234,-32.22685339397054
2021-11-07 02:00:00,8793.0,9153.035465714485,6760.94342469886,6713.324331445101,-2392.092,-47.61909325375966
2021-11-07 03:00:00,8868.0,9177.6951260752,6614.514462012699,6584.411995616043,-2563.1807,-30.10246639665644
2021-11-07 04:00:00,9087.0,9282.409522012023,6574.493994668273,6544.615552238869,-2707.9155,-29.878442429404707
2021-11-07 05:00:00,9255.0,9446.013574451601,7047.783349842226,7010.657997605521,-2398.2302,-37.12535223670538
2021-11-07 06:00:00,9312.0,9608.770882553903,7369.886361069528,7340.996785908462,-2238.8845,-28.88957516106618
2021-11-07 07:00:00,9562.0,9714.213274582076,7625.824114425826,7622.996944528026,-2088.3892,-2.8271698978006445
2021-11-07 08:00:00,9769.0,9743.069271669234,7834.339657411421,7852.679631805267,-1908.7296,18.339974393845644
2021-11-07 09:00:00,9853.0,9715.824961752784,7962.916270346534,7981.878721631791,-1752.9087,18.96245128525765
2021-11-07 10:00:00,9875.0,9670.382415451963,7855.8271176004,7859.8953885876645,-1814.5553,4.068270987264428
2021-11-07 11:00:00,9799.0,9639.202963807475,7759.048300721537,7729.7749799625635,-1880.1547,-29.27332075897357
2021-11-07 12:00:00,9854.0,9641.981587972488,7742.606343831863,7673.9659103808945,-1899.3752,-68.64043345096856
2021-11-07 13:00:00,9994.0,9688.602116349773,7820.814396623211,7802.506238001458,-1867.7877,-18.308158621753282
2021-11-07 14:00:00,10340.0,9777.58819584518,8187.008850142054,8200.003025437394,-1590.5793,12.994175295340842
2021-11-07 15:00:00,10503.0,9886.880383523214,8706.377453835714,8688.691438683418,-1180.5029,-17.68601515229683
2021-11-07 16:00:00,10557.0,9971.20702343957,9222.36785107629,9226.791411795532,-748.8392,4.423560719242848
2021-11-07 17:00:00,10527.0,9980.905175354063,9419.060692932188,9403.768170889483,-561.8445,-15.292522042704968
2021-11-07 18:00:00,10337.0,9896.372758832425,9157.281755414457,9137.789245320379,-739.091,-19.492510094079005
2021-11-07 19:00:00,9963.0,9750.781801786517,8276.03680666933,8242.401676306908,-1474.745,-33.63513036242165
2021-11-07 20:00:00,10184.0,9616.174956739049,7944.806060254674,7933.495599213333,-1671.3689,-11.310461041340991
2021-11-07 21:00:00,10067.0,9557.183486522732,7908.238174022732,7940.3698391870785,-1648.9453,32.13166516434616
2021-11-07 22:00:00,9641.0,9587.122192709456,7476.728393881331,7492.736978880844,-2110.3938,16.008584999513424
2021-11-07 23:00:00,10260.5,9663.183930377441,7436.952973346191,7420.067101907797,-2226.231,-16.88587143839369
2021-11-08 00:00:00,10338.5,9725.953853173842,8172.726558251967,8149.974142688186,-1553.2273,-22.75241556378096
2021-11-08 01:00:00,10384.0,9750.364183825899,8221.722093982149,8218.894465228923,-1528.6421,-2.827628753226922
2021-11-08 02:00:00,10465.5,9765.070814079458,8012.98206896227,7997.537347305867,-1752.0887,-15.444721656403518
2021-11-08 03:00:00,10515.0,9824.791183786732,7862.36918671642,7836.621766470067,-1962.422,-25.74742024635249
2021-11-08 04:00:00,10428.0,9960.72543209243,7897.849699670554,7904.874400061682,-2062.8757,7.024700391127064
2021-11-08 05:00:00,10957.0,10151.554447000335,8323.071414773773,8268.895612511858,-1828.483,-54.17580226191386
2021-11-08 06:00:00,11025.0,10337.417014219609,8912.524436094609,8822.967678287772,-1424.8926,-89.55675780683602
2021-11-08 07:00:00,11094.0,10461.754767349292,9090.474005630542,9043.970949193395,-1371.2808,-46.50305643714696
2021-11-08 08:00:00,11021.0,10505.244834834195,9323.649253779507,9291.660981175182,-1181.5956,-31.988272604325932
2021-11-08 09:00:00,11007.0,10488.361096570017,9211.954846570017,9203.436155809433,-1276.4062,-8.518690760584812
2021-11-08 10:00:00,10916.0,10449.029894280604,9020.677965569666,9032.638154383421,-1428.3519,11.960188813754808
2021-11-08 11:00:00,10898.0,10419.770204598219,8872.432558113844,8868.880905218786,-1547.3376,-3.551652895057326
2021-11-08 12:00:00,10858.0,10420.366299581696,8817.44759840982,8841.257036434048,-1602.9187,23.80943802422809
2021-11-08 13:00:00,10939.0,10460.822024504778,8698.430789153215,8672.814611807096,-1762.3912,-25.61617734611893
2021-11-08 14:00:00,11175.0,10539.810048212814,8958.275014033126,8927.81062686987,-1581.535,-30.464387163255562
2021-11-08 15:00:00,11312.0,10635.44610251658,9535.577328102518,9508.0164241755,-1099.8688,-27.560903927019293
2021-11-08 16:00:00,11247.0,10702.657468201603,9738.122006775822,9728.103523056137,-964.53546,-10.018483719684268
2021-11-08 17:00:00,11316.0,10692.003634194192,9905.348788002786,9911.999426906172,-786.65485,6.650638903385809
2021-11-08 18:00:00,11191.0,10584.129680809983,9716.64780825139,9704.2148044814,-867.4819,-12.433003769989732
2021-11-08 19:00:00,10775.0,10412.479293428623,9237.628219209873,9219.567001571906,-1174.8511,-18.06121763796659
2021-11-08 20:00:00,10800.0,10249.386863683623,8866.10353848831,8846.889508355218,-1383.2833,-19.214030133092567
2021-11-08 21:00:00,10600.0,10159.78737948842,8627.970240816545,8594.524359647468,-1531.8171,-33.44588116907611
2021-11-08 22:00:00,10187.0,10157.303436504439,8984.029632793501,8979.00403620858,-1173.2738,-5.025596584920183
2021-11-08 23:00:00,10986.0,10199.43609090662,9068.56353231287,9111.78771005179,-1130.8726,43.22417773892048
2021-11-09 00:00:00,11104.0,10227.080306647773,9284.272933600898,9286.761534662784,-942.8074,2.48860106188654
2021-11-09 01:00:00,11183.0,10215.482208781234,9397.291229777327,9367.936484589976,-818.191,-29.354745187350996
2021-11-09 02:00:00,11219.0,10193.614746360672,9378.695068626297,9410.246014314389,-814.9197,31.550945688091307
2021-11-09 03:00:00,11279.5,10216.509546607018,9134.300440161705,9150.462739256094,-1082.2091,16.16229909438903
2021-11-09 04:00:00,11033.0,10315.66975001469,8775.294383803752,8791.126392908665,-1540.3754,15.832009104913595
2021-11-09 05:00:00,11457.0,10470.06215925095,9333.772364329076,9379.979525171759,-1136.2898,46.207160842683166
2021-11-09 06:00:00,11512.0,10620.093396061193,10102.561779850255,10108.075395233054,-517.5316,5.513615382798965
2021-11-09 07:00:00,11550.0,10709.457130463512,10333.039466889293,10319.197070615382,-376.41766,-13.842396273911572
2021-11-09 08:00:00,11521.0,10719.068363116818,10323.332950519161,10314.706495058132,-395.7354,-8.626455461030437
2021-11-09 09:00:00,11586.0,10669.62311157077,10183.248630369599,10168.694006164593,-486.37448,-14.554624205006222
2021-11-09 10:00:00,11560.0,10599.250073176454,10014.005383235048,10004.976159669479,-585.2447,-9.029223565569053
2021-11-09 11:00:00,11458.0,10540.64697099502,9872.466367967676,9865.121053934286,-668.1806,-7.345314033389536
2021-11-09 12:00:00,11401.0,10513.751383488598,9735.581278508129,9695.288378146173,-778.1701,-40.29290036195496
2021-11-09 13:00:00,11438.0,10528.694616149334,9778.937108825116,9773.48055701128,-749.7575,-5.45655181383552
2021-11-09 14:00:00,11603.0,10584.25034587636,10063.233011891985,10082.072332143283,-521.01733,18.839320251298194
2021-11-09 15:00:00,11637.0,10658.607704916705,10341.494454184283,10326.651171111791,-317.11325,-14.843283072492996
2021-11-09 16:00:00,11533.0,10706.739627712714,10555.96625124787,10547.73158312713,-150.77338,-8.2346681207395
2021-11-09 17:00:00,11527.0,10679.226014423903,10717.269910145338,10707.816840628166,38.043896,-9.453069517172166
2021-11-09 18:00:00,11217.0,10556.711610331005,10509.69057990498,10522.572222923194,-47.02103,12.881643018213547
2021-11-09 19:00:00,10649.0,10372.62248068533,9593.314070040798,9606.878552742957,-779.3084,13.564482702159292
2021-11-09 20:00:00,10613.0,10199.257782981467,9153.734345481467,9186.370999257755,-1045.5234,32.636653776288576
2021-11-09 21:00:00,10293.0,10101.49598440888,8833.095837924506,8878.579256588228,-1268.4001,45.48341866372207
2021-11-09 22:00:00,10559.0,10092.878659722293,8668.350461480106,8713.032128478815,-1424.5282,44.681666998709446
2021-11-09 23:00:00,10550.0,10130.802606523946,9314.865472734884,9323.700501065297,-815.93713,8.835028330413865
2021-11-10 00:00:00,10522.5,10156.041578972663,9160.49574157032,9159.981413367079,-995.54584,-0.5143282032399841
2021-11-10 01:00:00,10480.0,10143.711205150908,9034.384544994658,9044.482099927864,-1109.3267,10.097554933204638
2021-11-10 02:00:00,10456.5,10122.648928383167,8785.393801430042,8815.943029424749,-1337.2551,30.549227994707003
2021-11-10 03:00:00,10456.5,10147.745023301539,8542.458035996851,8573.592650007937,-1605.287,31.13461401108623
2021-11-10 04:00:00,10129.0,10250.352211345185,8437.410927165498,8450.779546901433,-1812.9413,13.368619735934077
2021-11-10 05:00:00,10563.0,10409.276855506449,8793.516357459574,8792.362093720245,-1615.7605,-1.1542637393293382
2021-11-10 06:00:00,10555.0,10564.75886449647,9330.705275629283,9362.69792627001,-1234.0536,31.99265064072705
2021-11-10 07:00:00,10545.0,10660.325679108642,9478.712397858642,9504.123296368005,-1181.6133,25.410898509361843
2021-11-10 08:00:00,10453.0,10676.732356593518,9549.896907374768,9554.762006681833,-1126.8354,4.86509930706361
2021-11-10 09:00:00,10500.0,10634.523496667738,9379.773496667738,9407.131537850064,-1254.75,27.358041182325277
2021-11-10 10:00:00,10460.0,10571.684269564064,9285.792057650002,9278.357104298722,-1285.8922,-7.434953351279675
2021-11-10 11:00:00,10411.0,10520.775915148726,8987.238195422164,8989.491161995284,-1533.5377,2.2529665731200765
2021-11-10 12:00:00,10349.0,10501.607260643992,8863.870932518992,8882.115069237332,-1637.7363,18.244136718340023
2021-11-10 13:00:00,10405.0,10524.190220710576,8867.76810156995,8855.04182139363,-1656.4221,-12.72628017632031
2021-11-10 14:00:00,10582.0,10587.189369628593,8995.952675292656,9038.641463102105,-1591.2367,42.6887878094495
2021-11-10 15:00:00,10653.0,10668.694892882533,9436.638252257533,9477.998090947853,-1232.0566,41.3598386903194
2021-11-10 16:00:00,10672.0,10723.591304264057,9538.671382389057,9556.670611380514,-1184.9199,17.999228991456967
2021-11-10 17:00:00,10674.0,10702.383112795625,9841.14232910422,9888.078549084019,-861.2408,46.936219979799255
2021-11-10 18:00:00,10446.0,10585.656697080087,9379.580769345712,9448.789163296471,-1206.0759,69.2083939507585
2021-11-10 19:00:00,9938.0,10406.799256410086,8543.097230042898,8575.258838032298,-1863.702,32.16160798939888
2021-11-10 20:00:00,9972.0,10238.088807872178,8431.858827403428,8482.041925548183,-1806.23,50.18309814475464
2021-11-10 21:00:00,9692.0,10144.394851990091,8173.964065857279,8181.054987159935,-1970.4308,7.090921302656539
2021-11-10 22:00:00,10408.0,10139.256678762244,8221.390101613806,8239.81654540012,-1917.8666,18.426443786312824
2021-11-10 23:00:00,10408.0,10180.07410626015,8547.224252744525,8532.71031917992,-1632.8499,-14.513933564604587
2021-11-11 00:00:00,10377.0,10207.632543979646,8498.085791049958,8498.334989133718,-1709.5468,0.24919808376074937
2021-11-11 01:00:00,10372.5,10197.072346237916,8404.101276901978,8409.787202011174,-1792.9711,5.685925109195497
2021-11-11 02:00:00,10380.5,10177.269582514416,8262.760549311291,8281.4636034991,-1914.509,18.703054187808068
2021-11-11 03:00:00,10380.5,10203.16259679268,7944.497313589554,7990.262257456569,-2258.6653,45.76494386701488
2021-11-11 04:00:00,9916.0,10306.154669514812,7624.658575764812,7636.756299030299,-2681.496,12.097723265486941
2021-11-11 05:00:00,10499.0,10465.100463768113,8274.342407127488,8301.489215871994,-2190.758,27.146808744505563
2021-11-11 06:00:00,10586.0,10620.285876980224,8626.405627956787,8632.926990186274,-1993.8802,6.52136222948594
2021-11-11 07:00:00,10572.0,10715.285034091914,8794.975219638789,8813.919728025157,-1920.3098,18.944508386369048
2021-11-11 08:00:00,10590.0,10730.902526519081,8846.020446440956,8825.558900111231,-1884.8821,-20.461546329724193
2021-11-11 09:00:00,10568.0,10687.734084657772,8861.36970477496,8875.86661609401,-1826.3644,14.496911319051073
2021-11-11 10:00:00,10532.0,10623.813681393103,8769.918295650916,8758.009070406419,-1853.8954,-11.909225244496787
2021-11-11 11:00:00,10317.0,10571.745143662105,8609.377956162105,8603.173828658106,-1962.3672,-6.20412750399964
2021-11-11 12:00:00,10340.0,10551.371608557725,8400.051784338975,8423.866589065547,-2151.3198,23.814804726570696
2021-11-11 13:00:00,10421.0,10572.730230552512,8520.293218833762,8524.763350002308,-2052.437,4.470131168545258
2021-11-11 14:00:00,10698.0,10634.50062141543,8736.859141923242,8772.005673505519,-1897.6415,35.146531582277476
2021-11-11 15:00:00,10823.0,10714.775997829705,9120.44518728283,9109.179008247676,-1594.3308,-11.26617903515451
2021-11-11 16:00:00,10748.0,10768.431007266698,9421.215186954198,9382.88715544068,-1347.2158,-38.32803151351825
2021-11-11 17:00:00,10714.0,10745.949062836393,9600.511684906705,9582.297019065094,-1145.4374,-18.214665841611513
2021-11-11 18:00:00,10527.0,10627.88781269889,9269.37658223014,9286.633642520632,-1358.5112,17.25706029049204
2021-11-11 19:00:00,10063.0,10447.600606614971,8690.870382005596,8690.557452591798,-1756.7302,-0.3129294137971581
2021-11-11 20:00:00,10097.0,10277.325193148077,8283.421750765265,8268.557741072615,-1993.9034,-14.864009692650967
2021-11-11 21:00:00,9791.0,10181.879736077895,8025.252782952895,8057.294202869289,-2156.627,32.04141991639366
2021-11-11 22:00:00,10380.5,10174.736942865857,8217.48852977992,8193.396242715506,-1957.2484,-24.09228706441429
2021-11-11 23:00:00,10380.5,10213.215131953448,8421.747358515948,8390.751464933652,-1791.4678,-30.99589358229564
2021-11-12 00:00:00,10474.0,10238.00869528296,8899.504544892336,8901.928606436135,-1338.5042,2.4240615437997928
2021-11-12 01:00:00,10537.5,10224.164289720791,8846.940290697354,8881.950232560974,-1377.224,35.009941863620355
2021-11-12 02:00:00,10557.0,10200.46513415706,8672.721115602373,8714.50793069359,-1527.744,41.786815091217214
2021-11-12 03:00:00,10557.0,10221.756064654644,8471.780356646832,8538.225778247248,-1749.9757,66.44542160041661
2021-11-12 04:00:00,10082.0,10319.342405594596,7984.261106766471,7957.753644747097,-2335.0813,-26.507462019374483
2021-11-12 05:00:00,10595.0,10471.974992274156,8547.946549891343,8573.149012374366,-1924.0284,25.202462483022526
2021-11-12 06:00:00,10666.0,10619.83340724651,9053.55704005901,9122.316401531047,-1566.2764,68.75936147203731
2021-11-12 07:00:00,10746.0,10706.389477162975,9153.880199819225,9165.895824562624,-1552.5093,12.015624743398
2021-11-12 08:00:00,10710.0,10712.355169946492,9254.227484399617,9272.75823295808,-1458.1277,18.530748558462868
2021-11-12 09:00:00,10720.0,10658.24547057004,9204.683825062228,9229.334725515104,-1453.5616,24.650900452876826
2021-11-12 10:00:00,10658.0,10582.024916525608,9031.905531759983,9069.40069186269,-1550.1194,37.49516010270684
2021-11-12 11:00:00,10576.0,10516.238526131066,8785.188355232629,8815.84622648574,-1731.0502,30.657871253112244
2021-11-12 12:00:00,10548.0,10480.682194426814,8710.257633879939,8744.253608987636,-1770.4246,33.995975107695855
2021-11-12 13:00:00,10566.0,10485.359358467169,8762.108259834356,8800.079166154672,-1723.2511,37.97090632031557
2021-11-12 14:00:00,10758.0,10528.930760411444,9043.718846348944,9072.289856878231,-1485.2119,28.571010529286866
2021-11-12 15:00:00,10846.0,10589.485910129093,9275.57319040253,9298.352916033004,-1313.9127,22.77972563047263
2021-11-12 16:00:00,10861.0,10621.911765756875,9569.646629038125,9578.592720313707,-1052.2651,8.946091275581347
2021-11-12 17:00:00,10747.0,10576.723077292707,9631.644830222394,9641.380697218943,-945.07825,9.735866996548298
2021-11-12 18:00:00,10501.0,10434.532360462848,9317.722546009723,9334.903132103189,-1116.8098,17.18058609346539
2021-11-12 19:00:00,9944.0,10228.774335659655,8793.27457980028,8746.932048208468,-1435.4998,-46.3425315918115
2021-11-12 20:00:00,9989.0,10031.793315004303,8365.892558168365,8326.481527193757,-1665.9008,-39.41103097460923
2021-11-12 21:00:00,9860.0,9908.534083551374,8109.107936090437,8135.097988322906,-1799.4261,25.99005223246862
2021-11-12 22:00:00,9484.0,9872.610886113765,8039.651779668453,8000.9514112424495,-1832.9591,-38.70036842600385
2021-11-12 23:00:00,9991.5,9881.497385634098,7976.8577371965985,8009.084375651954,-1904.6396,32.22663845535619
2021-11-13 00:00:00,9991.5,9876.06062419478,8356.95515544478,8296.003373648931,-1519.1055,-60.95178179584958
2021-11-13 01:00:00,9991.5,9831.541706181762,8163.476398564575,8136.264321897943,-1668.0653,-27.212076666631777
2021-11-13 02:00:00,9991.5,9776.940853316455,7958.50945683208,7859.151384836032,-1818.4314,-99.3580719960486
2021-11-13 03:00:00,9991.5,9767.3377937114,7653.636865977025,7607.604125285702,-2113.701,-46.032740691322644
2021-11-13 04:00:00,9455.0,9834.283322041689,7520.482784932314,7484.168334974372,-2313.8005,-36.31444995794197
2021-11-13 05:00:00,9729.0,9956.779060336754,7707.573493930504,7695.260450829585,-2249.2056,-12.313043100918355
2021-11-13 06:00:00,9824.0,10075.25996726028,8211.79658835403,8163.3910516013575,-1863.4634,-48.40553675267173
2021-11-13 07:00:00,9994.0,10133.460002763142,8410.43253694283,8383.714064408568,-1723.0275,-26.718472534262006
2021-11-13 08:00:00,10218.0,10112.361175684142,8553.353363184142,8551.937638666517,-1559.0078,-1.4157245176249535
2021-11-13 09:00:00,10285.0,10032.753998749815,8683.86264132794,8657.047789793665,-1348.8914,-26.81485153427401
2021-11-13 10:00:00,10238.0,9932.878773381399,8529.985951115774,8528.94340097548,-1402.8928,-1.042550140293294
2021-11-13 11:00:00,10167.0,9845.551152684053,8411.47241733249,8389.235760341842,-1434.0787,-22.236656990648456
2021-11-13 12:00:00,10212.0,9790.828855826436,8215.272337271748,8215.406112633033,-1575.5565,0.13377536128499642
2021-11-13 13:00:00,10382.0,9778.965790642525,8330.910126580025,8337.274216125314,-1448.0557,6.364089545287474
2021-11-13 14:00:00,10774.0,9808.85881898816,8711.404351214722,8695.088090825455,-1097.4545,-16.316260389266322
2021-11-13 15:00:00,10968.0,9858.815451147782,9026.037252905595,9019.806222826117,-832.7782,-6.231030079478232
2021-11-13 16:00:00,11059.0,9883.9195908468,9408.930912868283,9417.291434368433,-474.98868,8.360521500150629
2021-11-13 17:00:00,10931.0,9834.861443039028,9408.024040695278,9391.360587937774,-426.8374,-16.663452757504196
2021-11-13 18:00:00,10600.0,9692.408942018568,9129.347967897475,9097.56364940346,-563.061,-31.784318494014286
2021-11-13 19:00:00,10131.0,9490.132551452347,8540.466718932816,8484.037837399352,-949.66583,-56.42888153346403
2021-11-13 20:00:00,10311.0,9300.48920870448,8327.104321009167,8287.068201942695,-973.3849,-40.0361190664719
2021-11-13 21:00:00,10076.0,9188.506450608053,8158.326885178365,8150.89047171132,-1030.1796,-7.436413467045402
2021-11-13 22:00:00,9675.0,9167.845179857653,7709.624598802966,7715.866275042025,-1458.2206,6.241676239059384
2021-11-13 23:00:00,9335.0,9195.98799826417,7541.884360568858,7528.900513887635,-1654.1036,-12.983846681223456
2021-11-14 00:00:00,9142.0,9213.776728603607,7313.252070400482,7305.14355917269,-1900.5247,-8.108511227791919
2021-11-14 01:00:00,9066.0,9196.398238485028,7174.041182820965,7164.033815470026,-2022.357,-10.007367350939264
2021-11-14 02:00:00,9051.0,9172.771490586281,6937.217047226906,6922.63976601652,-2235.5544,-14.577281210385575
2021-11-14 03:00:00,9190.0,9197.865085436459,6839.921726061459,6845.349541631925,-2357.9434,5.4278155704656585
2021-11-14 04:00:00,9375.0,9303.083900264928,7011.800697139928,7044.743892499484,-2291.2832,32.94319535955585
2021-11-14 05:00:00,9492.0,9467.246527706147,7259.193060909272,7281.006764108134,-2208.0535,21.813703198861795
2021-11-14 06:00:00,9680.0,9630.570521413418,7727.112269460293,7717.311081694009,-1903.4583,-9.801187766284116
2021-11-14 07:00:00,9890.0,9736.544182517779,7925.799553611529,7868.467820271091,-1810.7446,-57.331733340437246
2021-11-14 08:00:00,10079.0,9765.88116307647,8313.703062490533,8316.638656578993,-1452.1781,2.935594088459214
2021-11-14 09:00:00,10086.0,9739.08331233714,8427.754576985577,8419.788891728838,-1311.3287,-7.965685256739288
2021-11-14 10:00:00,10036.0,9694.081879288295,8306.87851014767,8304.290233594193,-1387.2034,-2.5882765534766903
2021-11-14 11:00:00,9968.0,9663.363180646806,8106.370260724931,8107.3831809380645,-1556.9929,1.0129202131335624
2021-11-14 12:00:00,9959.0,9666.637346879383,7925.057512895008,7930.021094343691,-1741.5798,4.963581448683694
2021-11-14 13:00:00,10030.0,9713.795796254748,8002.821675160998,8027.2070498064195,-1710.9741,24.38537464542171
2021-11-14 14:00:00,10353.0,9803.36101290223,8412.19304415223,8439.997928387562,-1391.168,27.80488423533184
2021-11-14 15:00:00,10588.0,9913.25653321465,8818.976503917775,8868.090663065102,-1094.28,49.11415914732764
2021-11-14 16:00:00,10618.0,9998.175797574988,9448.0870524578,9427.403839984207,-550.08875,-20.68321247359417
2021-11-14 17:00:00,10610.0,10008.417579168638,9347.735145086606,9354.367558093794,-660.68243,6.632413007187164
2021-11-14 18:00:00,10503.0,9924.364670204674,9189.676376747642,9215.891416394628,-734.6883,26.215039646986433
2021-11-14 19:00:00,10163.0,9779.214628144171,8515.179227753546,8489.859032241822,-1264.0354,-25.320195511724346
2021-11-14 20:00:00,10415.0,9645.065579869313,8371.420926549,8382.748609451091,-1273.6447,11.327682902090924
2021-11-14 21:00:00,10398.0,9586.598551448347,8266.427164729597,8251.927270979608,-1320.1714,-14.499893749989974
2021-11-14 22:00:00,10110.0,9617.138572766476,7835.3014145633515,7814.328453282847,-1781.8372,-20.97296128050535
2021-11-14 23:00:00,9812.0,9693.845491163014,7824.812898389577,7839.749592617509,-1869.0326,14.936694227931685
2021-11-15 00:00:00,9652.0,9757.258658440975,8155.797110589412,8183.580628693483,-1601.4615,27.783518104070563
2021-11-15 01:00:00,9657.0,9782.290956093055,8067.247376991492,8097.521968654551,-1715.0436,30.274591663058402
2021-11-15 02:00:00,9734.0,9797.620321838303,7788.150595275803,7808.673201884482,-2009.4697,20.522606608678885
2021-11-15 03:00:00,10078.0,9858.006317691497,7679.231903628997,7715.296199110386,-2178.7744,36.06429548138853
2021-11-15 04:00:00,10886.0,9994.67308681117,7858.589834858045,7858.281928592052,-2136.0833,-0.30790626599225185
2021-11-15 05:00:00,11449.0,10186.285061472574,8824.968411081949,8782.565990234789,-1361.3167,-42.40242084716087
2021-11-15 06:00:00,11602.0,10372.93488030078,9380.583500906248,9391.589588215831,-992.3514,11.00608730958183
2021-11-15 07:00:00,11599.0,10498.020574521232,9565.015935849357,9552.340874941827,-933.00464,-12.675060907529362
2021-11-15 08:00:00,11537.0,10542.204355078107,9523.168954687482,9507.47305872721,-1019.0354,-15.695895960273194
2021-11-15 09:00:00,11531.0,10525.97584157718,9545.549327905304,9541.861860264724,-980.4265,-3.6874676405798117
2021-11-15 10:00:00,11409.0,10487.290559164503,9393.625275961378,9377.617585444477,-1093.6653,-16.007690516900432
2021-11-15 11:00:00,11261.0,10458.692501391648,9268.290523852585,9242.067070081974,-1190.402,-26.22345377061127
2021-11-15 12:00:00,11153.0,10459.981146371023,9102.63190320696,9100.278758229211,-1357.3492,-2.3531449777493916
2021-11-15 13:00:00,11192.0,10501.168010499418,9036.865031983793,9029.122410967962,-1464.303,-7.742621015829561
2021-11-15 14:00:00,11272.0,10580.924704432924,9297.128317714174,9323.09344784502,-1283.7964,25.965130130846582
2021-11-15 15:00:00,11213.0,10677.350065825854,9517.968107818042,9539.02903761553,-1159.382,21.060929797487294
2021-11-15 16:00:00,11104.0,10745.336618580772,9706.644968190147,9703.388630100811,-1038.6917,-3.2563380893350127
2021-11-15 17:00:00,11075.0,10735.405730371669,9872.466826563075,9851.959947669962,-862.9389,-20.50687889311301
2021-11-15 18:00:00,10819.0,10628.18753596557,9567.775792801507,9583.596686125586,-1060.4117,15.820893324079137
2021-11-15 19:00:00,10342.0,10457.15144656073,9001.745074490418,9013.96481384452,-1455.4064,12.219739354102614
2021-11-15 20:00:00,10498.0,10294.687536582813,8742.548864707813,8744.456255952724,-1552.1387,1.9073912449119006
2021-11-15 21:00:00,10120.0,10205.780775533078,8551.541273579953,8537.01137404262,-1654.2395,-14.529899537332867
2021-11-15 22:00:00,10536.0,10204.064213239113,8771.2926067938,8772.910852652783,-1432.7716,1.6182458589835789
2021-11-15 23:00:00,10534.0,10247.006129070684,9204.210596844121,9184.07401218082,-1042.7955,-20.136584663302006
2021-11-16 00:00:00,10514.0,10275.455918772517,9184.106675608455,9207.864511576778,-1091.3492,23.757835968322247
2021-11-16 01:00:00,10495.5,10264.640600052424,8931.876195755549,8949.155977740269,-1332.7644,17.279781984720795
2021-11-16 02:00:00,10495.5,10243.555399732599,8783.095805006036,8820.01408110811,-1460.4596,36.91827610207205
2021-11-16 03:00:00,10495.5,10267.27429460495,8456.912600269012,8508.847402542575,-1810.3617,51.93480227356226
2021-11-16 04:00:00,10495.5,10367.324649999877,8552.78619785144,8585.78838004827,-1814.5385,33.002182196831114
2021-11-16 05:00:00,10493.0,10522.657024989514,9161.325726161389,9185.25325661007,-1361.3313,23.927530448681264
2021-11-16 06:00:00,10542.0,10673.63209571646,9285.583633802398,9307.442280382918,-1388.0485,21.858646580520713
2021-11-16 07:00:00,10559.0,10763.900118939966,9463.739352338403,9479.333591242614,-1300.1608,15.59423890420968
2021-11-16 08:00:00,10552.0,10774.361352875509,9489.301782563009,9471.314917306363,-1285.0596,-17.98686525664482
2021-11-16 09:00:00,10530.0,10725.727714366138,9475.461967295825,9455.345326819412,-1250.2657,-20.116640476413856
2021-11-16 10:00:00,10538.0,10656.15722709563,9234.580322798754,9228.101726416231,-1421.5769,-6.478596382523557
2021-11-16 11:00:00,10485.0,10598.372756284209,9047.259719174834,9041.911571144543,-1551.113,-5.3481480302900035
2021-11-16 12:00:00,10480.0,10572.327193166284,8868.495650197534,8834.140007940985,-1703.8315,-34.35564225654908
2021-11-16 13:00:00,10579.0,10588.159602061496,8944.895808116184,8956.132393501442,-1643.2638,11.236585385258852
2021-11-16 14:00:00,10839.0,10644.64267000407,9273.112274496258,9253.431846878679,-1371.5304,-19.680427617578882
2021-11-16 15:00:00,10813.0,10719.948683920695,9614.621413412882,9597.441544998259,-1105.3273,-17.179868414623478
2021-11-16 16:00:00,10762.0,10769.015850840742,9648.045147715742,9610.658706666733,-1120.9707,-37.3864410490087
2021-11-16 17:00:00,10677.0,10742.385960106083,9824.631016258427,9814.327312781008,-917.75494,-10.303703477418837
2021-11-16 18:00:00,10555.0,10620.688803401647,9301.967367854772,9318.778581346189,-1318.7214,16.811213491417806
2021-11-16 19:00:00,10100.0,10437.376145994542,8623.697435057042,8583.417993505182,-1813.6787,-40.279441551860394
2021-11-16 20:00:00,10153.0,10264.802785557209,8385.379567783772,8425.143137242094,-1879.4232,39.76356945832157
2021-11-16 21:00:00,9936.0,10167.89711251855,8256.716814666988,8284.106898784858,-1911.1803,27.390084117868806
2021-11-16 22:00:00,10482.5,10160.211082974718,8454.191917935656,8519.367668479981,-1706.0192,65.17575054432481
2021-11-16 23:00:00,10482.5,10199.108631809939,8822.278431614626,8813.369783614327,-1376.8302,-8.908648000298795
2021-11-17 00:00:00,10462.0,10225.317847449856,8721.812354285794,8709.892947850964,-1503.5055,-11.919406434831128
2021-11-17 01:00:00,10417.0,10213.935143092604,8605.696007350416,8588.718525608938,-1608.2391,-16.97748174147841
2021-11-17 02:00:00,10417.0,10193.820123927873,8391.008112209123,8388.79338185408,-1802.812,-2.214730355041881
2021-11-17 03:00:00,10417.0,10219.905291584504,8102.926287678254,8083.661606417254,-2116.979,-19.26468126100013
2021-11-17 04:00:00,9836.0,10323.567464829468,7933.197103501343,7942.323303210366,-2390.3704,9.126199709023298
2021-11-17 05:00:00,10373.0,10483.596632330871,8326.222608893371,8313.02487099097,-2157.374,-13.197737902401887
2021-11-17 06:00:00,10567.0,10640.186624958378,8775.68821187244,8771.770194724171,-1864.4984,-3.9180171482703012
2021-11-17 07:00:00,10530.0,10736.821338144258,9048.839282480196,9038.692866491598,-1687.982,-10.14641598859814
2021-11-17 08:00:00,10493.0,10754.240956336314,9037.021595984752,9033.71196127002,-1717.2194,-3.309634714731793
2021-11-17 09:00:00,10500.0,10713.0058514252,8962.9648358002,8963.332304357267,-1750.041,0.367468557068095
2021-11-17 10:00:00,10524.0,10651.13039751035,8875.095119190037,8891.060997237675,-1776.0353,15.965878047639052
2021-11-17 11:00:00,10444.0,10601.200860087794,8757.600762431544,8782.239183098489,-1843.6001,24.638420666945205
2021-11-17 12:00:00,10390.0,10583.04126970861,8543.61109392736,8539.74836323068,-2039.4302,-3.8627306966808086
2021-11-17 13:00:00,10539.0,10606.67119851109,8618.908381128278,8637.976084538457,-1987.7628,19.06770341017822
2021-11-17 14:00:00,10757.0,10670.75413849757,8915.52708771632,8925.627188094499,-1755.227,10.10010037817872
2021-11-17 15:00:00,10817.0,10753.36334703828,9171.238224967967,9156.730542064168,-1582.1251,-14.507682903798964
2021-11-17 16:00:00,10817.0,10809.348537844498,9357.833156985123,9341.819264867638,-1451.5154,-16.013892117485014
2021-11-17 17:00:00,10853.0,10789.176046912933,9576.161154334808,9549.877441721135,-1213.0149,-26.28371261367224
2021-11-17 18:00:00,10558.0,10673.41724765951,9295.980846292323,9301.127144958327,-1377.4364,5.146298666003736
2021-11-17 19:00:00,10081.0,10495.484998401766,8696.941663440828,8672.713830515084,-1798.5433,-24.22783292574436
2021-11-17 20:00:00,10051.0,10327.712925819425,8353.929844764738,8331.04544350173,-1973.7831,-22.884401263008947
2021-11-17 21:00:00,9805.0,10235.020433153733,8193.980516161546,8153.372193331117,-2041.0399,-40.60832283042853
2021-11-17 22:00:00,10260.0,10230.957180774856,8278.451931751419,8302.976634910669,-1952.5052,24.524703159249498
2021-11-17 23:00:00,10260.0,10272.890121955548,8589.163803596173,8595.31026713671,-1683.7263,6.146463540537384
2021-11-18 00:00:00,10220.5,10301.559006498162,8699.950241849725,8678.509399365383,-1601.6088,-21.440842484343108
2021-11-18 01:00:00,10220.5,10292.084987082932,8600.378322043869,8573.97666574677,-1691.7067,-26.401656297098405
2021-11-18 02:00:00,10220.5,10273.366314509296,8339.375835993671,8347.446831179,-1933.9905,8.070995185330348
2021-11-18 03:00:00,10220.5,10300.383584333826,8126.554726911951,8151.134883229048,-2173.8289,24.580156317097188
2021-11-18 04:00:00,9719.0,10404.564202872167,7898.064447012792,7845.419193933876,-2506.4998,-52.64525307891542
2021-11-18 05:00:00,10203.0,10564.746490201815,8276.568755826815,8286.533986418575,-2288.1777,9.965230591760424
2021-11-18 06:00:00,10341.0,10721.170298745632,8704.234385659694,8691.185373273815,-2016.9359,-13.049012385879854
2021-11-18 07:00:00,10290.0,10817.366241292599,8900.029083089474,8884.787445063761,-1917.3372,-15.241638025713437
2021-11-18 08:00:00,10238.0,10834.124068689272,8881.804976892397,8852.773070323447,-1952.3191,-29.031906568951353
2021-11-18 09:00:00,10282.0,10792.055313706429,8838.001358628304,8800.11888833187,-1954.054,-37.88247029643348
2021-11-18 10:00:00,10289.0,10729.223180052144,8769.646275755269,8756.911330598123,-1959.5769,-12.734945157146475
2021-11-18 11:00:00,10185.0,10678.256543009096,8644.452832071596,8641.814308433177,-2033.8037,-2.6385236384189072
2021-11-18 12:00:00,10247.0,10659.01376046223,8472.216641321605,8435.787559111392,-2186.797,-36.429082210213394
2021-11-18 13:00:00,10410.0,10681.539655734186,8550.715925265436,8512.943535795384,-2130.8237,-37.77238947005143
2021-11-18 14:00:00,10676.0,10744.512762849032,8876.89887124747,8866.161455344825,-1867.6139,-10.737415902644244
2021-11-18 15:00:00,10730.0,10826.009367486118,9213.831022759556,9209.181969760033,-1612.1783,-4.649052999523244
2021-11-18 16:00:00,10729.0,10880.869306211773,9464.929364805523,9427.607903001266,-1415.94,-37.32146180425681
2021-11-18 17:00:00,10675.0,10859.537800086464,9590.730671180214,9571.722183282269,-1268.8071,-19.00848789794509
2021-11-18 18:00:00,10550.0,10742.557464704752,9385.883636579752,9388.550094820961,-1356.6738,2.6664582412090523
2021-11-18 19:00:00,10271.0,10563.307273093098,8690.26198500716,8686.21277010003,-1873.0453,-4.0492149071299695
2021-11-18 20:00:00,10255.0,10394.08053950638,8464.39352778763,8427.613072924822,-1929.687,-36.78045486280881
2021-11-18 21:00:00,10046.0,10299.745278675751,8352.471352894501,8359.059337605491,-1947.2739,6.587984710990383
2021-11-18 22:00:00,9628.0,10293.784509373681,8447.207971287744,8457.589676118196,-1846.5765,10.381704830451365
2021-11-18 23:00:00,10340.5,10333.483619487764,8399.85886362839,8480.653101908636,-1933.6248,80.79423828024734
2021-11-19 00:00:00,10480.0,10534.200665628667,9083.298688089604,9062.072023275667,-1450.902,-21.226664813937475
2021-11-19 01:00:00,10576.5,10521.545034781091,9033.513784781091,9021.523398858293,-1488.0312,-11.990385922797815
2021-11-19 02:00:00,10639.0,10499.030642596117,8969.657595721117,8926.774507127413,-1529.373,-42.88308859370408
2021-11-19 03:00:00,10639.0,10521.54449370631,8719.303404839122,8719.829191066821,-1802.2411,0.5257862276991789
2021-11-19 04:00:00,10227.0,10620.41595402352,8219.034362226645,8191.1912472418735,-2401.3816,-27.843114984770747
2021-11-19 05:00:00,10692.0,10774.379431474174,8757.010290849174,8740.447881670741,-2017.3691,-16.56240917843268
2021-11-19 06:00:00,10949.0,10923.568380678027,9375.07485040459,9375.121013519318,-1548.4935,0.04616311472770002
2021-11-19 07:00:00,10924.0,11011.411036056887,9526.317286056887,9491.63392470758,-1485.0938,-34.683361349307724
2021-11-19 08:00:00,10936.0,11018.60444928819,9551.96333600694,9561.717819956346,-1466.6411,9.754483949405671
2021-11-19 09:00:00,10946.0,10965.679337872143,9557.093644512768,9569.479155414534,-1408.5857,12.385510901766501
2021-11-19 10:00:00,10852.0,10890.62940757572,9474.641492536657,9477.77947316597,-1415.9879,3.1379806293127768
2021-11-19 11:00:00,10697.0,10826.024671227764,9252.619153649639,9279.123121573837,-1573.4055,26.50396792419819
2021-11-19 12:00:00,10603.0,10791.676200868082,9130.723686219644,9143.97155069189,-1660.9525,13.247864472244371
2021-11-19 13:00:00,10744.0,10797.595069948116,9147.479469362179,9157.015848970093,-1650.1156,9.536379607913881
2021-11-19 14:00:00,10987.0,10842.440922876927,9398.595097681615,9399.001432526351,-1443.8458,0.4063348447358296
2021-11-19 15:00:00,10894.0,10904.286332001928,9685.654740205053,9681.008207632394,-1218.6316,-4.646532572659063
2021-11-19 16:00:00,10934.0,10937.98345241343,9960.680901143898,9961.501859100628,-977.30255,0.8209579567293086
2021-11-19 17:00:00,10897.0,10894.008865006992,10009.280166276523,10006.999142855351,-884.7287,-2.2810234211725584
2021-11-19 18:00:00,10569.0,10752.960091527866,9785.480843480991,9800.600689721852,-967.47925,15.11984624086172
2021-11-19 19:00:00,10096.0,10548.297530224614,9170.162276318364,9099.492873044825,-1378.1353,-70.66940327354028
2021-11-19 20:00:00,10151.0,10352.421129674409,8843.914415807221,8819.708773311002,-1508.5067,-24.205642496218932
2021-11-19 21:00:00,9929.0,10230.32561278933,8517.62102294558,8545.208866114494,-1712.7046,27.587843168915093
2021-11-19 22:00:00,9497.0,10195.635638505726,8246.193621904164,8247.931527806737,-1949.442,1.73790590257357
2021-11-19 23:00:00,10065.0,10205.792057469265,8253.78302426614,8318.237827147641,-1952.009,64.45480288150092
2021-11-20 00:00:00,10065.0,10026.887713311506,8502.641253350568,8492.785080561638,-1524.2465,-9.856172788929621
2021-11-20 01:00:00,10065.0,9983.60097958087,8445.36416317462,8467.165527549938,-1538.2368,21.801364375319196
2021-11-20 02:00:00,10065.0,9930.226538814693,8156.741553463131,8138.41204280351,-1773.485,-18.329510659620812
2021-11-20 03:00:00,10065.0,9921.886459226773,7898.997421140835,7913.294238862258,-2022.889,14.296817721422359
2021-11-20 04:00:00,9356.0,9990.15575876392,7742.36816110767,7691.021839146983,-2247.7876,-51.34632196068613
2021-11-20 05:00:00,9514.0,10114.019822437063,7779.725388843313,7830.625269666085,-2334.2944,50.89988082277192
2021-11-20 06:00:00,9731.0,10233.867678199524,8201.715090308899,8179.3018444440595,-2032.1526,-22.41324586483949
2021-11-20 07:00:00,9842.0,10293.38989599033,8515.753787591893,8497.180247783892,-1777.6361,-18.57353980800082
2021-11-20 08:00:00,10034.0,10273.553773624666,8648.925843937166,8671.292778221828,-1624.6279,22.366934284663312
2021-11-20 09:00:00,10122.0,10195.165762502062,8695.932608205187,8719.845104035376,-1499.2332,23.912495830189854
2021-11-20 10:00:00,10165.0,10096.495537235802,8625.25029797799,8646.70553648648,-1471.2452,21.45523850849064
2021-11-20 11:00:00,10134.0,10010.383946943544,8479.719762373232,8489.462350891943,-1530.6642,9.742588518711493
2021-11-20 12:00:00,10106.0,9956.904083668425,8370.166290699675,8387.703123730229,-1586.7378,17.53683303055311
2021-11-20 13:00:00,10400.0,9946.317679658652,8523.081595674277,8552.389122368104,-1423.2361,29.307526693827498
2021-11-20 14:00:00,10736.0,9977.520677031709,8979.36815017624,8977.629444422972,-998.1525,-1.7387057532681596
2021-11-20 15:00:00,10873.0,10028.803814434765,9381.913677716015,9377.83603573089,-646.89014,-4.077641985123647
2021-11-20 16:00:00,10933.0,10055.216344243438,9633.241399175078,9677.688174047986,-421.97495,44.44677487290681
2021-11-20 17:00:00,10836.0,10007.410437908788,9703.025245037694,9755.58438425189,-304.3852,52.5591392141956
2021-11-20 18:00:00,10458.0,9866.139153447044,9495.647637333763,9504.016829447683,-370.49152,8.369192113920446
2021-11-20 19:00:00,10039.0,9664.998730533167,8841.345166080042,8839.130127790258,-823.65356,-2.21503828978429
2021-11-20 20:00:00,10195.0,9476.5018201216,8549.613026176288,8580.92332454594,-926.8888,31.3102983696514
2021-11-20 21:00:00,9958.0,9365.725951741104,8359.31732137001,8391.641344953776,-1006.4086,32.32402358376653
2021-11-20 22:00:00,9596.0,9346.34247367811,7756.461003951548,7757.456645142936,-1589.8815,0.995641191388362
2021-11-20 23:00:00,9341.0,9375.801182717862,7569.301793069424,7608.486794318674,-1806.4994,39.18500124924988
2021-11-21 00:00:00,9149.0,9394.89828587607,7549.05502415732,7520.688610878533,-1845.8433,-28.366413278786965
2021-11-21 01:00:00,9053.0,9378.801476896188,7331.1557249430625,7322.645006984068,-2047.6458,-8.51071795899533
2021-11-21 02:00:00,9066.0,9356.451911331264,7087.678473831264,7088.466584471907,-2268.7734,0.7881106406427223
2021-11-21 03:00:00,9146.0,9382.860436703499,7005.915124203499,6982.280842519643,-2376.9453,-23.63428168385572
2021-11-21 04:00:00,9341.0,9489.456035670364,7067.132549342239,7037.802824564773,-2422.3235,-29.32972477746669
2021-11-21 05:00:00,9410.0,9655.040921973925,7342.012113380175,7327.978700800735,-2313.0288,-14.033412579439538
2021-11-21 06:00:00,9543.0,9819.786553561293,7660.955254733168,7621.833282536675,-2158.8313,-39.121972196492386
2021-11-21 07:00:00,9750.0,9927.137654625709,7957.799153649146,7937.747627305547,-1969.3385,-20.05152634359903
2021-11-21 08:00:00,10002.0,9957.792958710783,8296.063466523283,8281.642054296824,-1661.7295,-14.42141222645884
2021-11-21 09:00:00,10068.0,9932.270027320083,8438.40955368727,8438.957621528327,-1493.8605,0.5480678410569825
2021-11-21 10:00:00,10179.0,9888.529239155227,8347.355777241164,8354.888099550435,-1541.1735,7.532322309271296
2021-11-21 11:00:00,10149.0,9859.08184836557,8269.62139914682,8282.962867204933,-1589.4604,13.341468058113428
2021-11-21 12:00:00,10174.0,9863.653086836488,8150.3241073443005,8148.883220400922,-1713.329,-1.4408869433778848
2021-11-21 13:00:00,10356.0,9912.141915244842,8253.442452354217,8280.98879274234,-1658.6995,27.54634038812401
2021-11-21 14:00:00,10673.0,10003.069607882262,8754.305936007262,8780.36758129402,-1248.7637,26.06164528675747
2021-11-21 15:00:00,10816.0,10114.342633796714,9231.756696296714,9231.696304503786,-882.58594,-0.06039179292737372
2021-11-21 16:00:00,10899.0,10200.61948342611,9559.517798855797,9550.928218247158,-641.1017,-8.589580608639963
2021-11-21 17:00:00,10976.0,10212.16059754284,9705.280562142449,9704.974869164573,-506.88004,-0.30569297787566996
2021-11-21 18:00:00,10772.0,10129.333595557988,9478.066993995488,9516.962420997623,-651.2666,38.895427002134454
2021-11-21 19:00:00,10391.0,9985.361519435775,8867.559273342025,8841.36533943801,-1117.8022,-26.1939339040138
2021-11-21 20:00:00,10648.0,9852.39792581696,8646.209327184148,8632.102255088941,-1206.1886,-14.107072095206394
2021-11-21 21:00:00,10596.0,9795.173559808114,8706.330298089364,8708.860755541396,-1088.8433,2.530457452032515
2021-11-21 22:00:00,10289.0,9827.023635835454,8353.72212216358,8352.43131562663,-1473.3015,-1.2908065369484403
2021-11-21 23:00:00,10013.0,9905.074950129414,8117.3692616528515,8104.247183184614,-1787.7057,-13.122078468237623
2021-11-22 00:00:00,10722.5,9969.821009738087,8628.090418917775,8590.176652920989,-1341.7306,-37.913765996785386
2021-11-22 01:00:00,10794.0,9996.155312408813,9042.426735748657,9042.294343387455,-953.7286,-0.13239236120184666
2021-11-22 02:00:00,10857.5,10012.777799752474,8752.672697213411,8740.843365576884,-1260.1051,-11.829331636526486
2021-11-22 03:00:00,10340.0,10074.490114319386,8428.22278033501,8411.219848561372,-1646.2673,-17.002931773639425
2021-11-22 04:00:00,11156.0,10212.540362081072,8504.907793721697,8527.058870063942,-1707.6326,22.151076342244114
2021-11-22 05:00:00,11639.0,10405.576478816325,9487.843019343669,9492.229781146314,-917.73346,4.386761802645243
2021-11-22 06:00:00,11740.0,10593.644915693725,9907.700640791381,9881.05163460227,-685.9443,-26.649006189111255
2021-11-22 07:00:00,11759.0,10720.100061732857,9904.562280971139,9891.737600262199,-815.5378,-12.824680708940532
2021-11-22 08:00:00,11757.0,10765.589170898013,9973.730528319888,9927.387451473116,-791.85864,-46.34307684677073
2021-11-22 09:00:00,11710.0,10750.617563515023,9996.63111331971,9998.71546531112,-753.98645,2.0843519914078894
2021-11-22 10:00:00,11654.0,10713.169909587297,9859.655322184954,9857.846732411068,-853.5146,-1.8085897738856878
2021-11-22 11:00:00,11585.0,10685.815181507847,9728.582942738316,9728.483321631988,-957.23224,-0.09962110632893398
2021-11-22 12:00:00,11555.0,10688.368025754362,9726.27152917233,9727.686605536719,-962.0965,1.4150763643886886
2021-11-22 13:00:00,11691.0,10730.847592665177,9672.810483290177,9677.871692483834,-1058.0371,5.061209193657138
2021-11-22 14:00:00,11894.0,10811.924397974028,9782.638143091215,9789.517270327922,-1029.2863,6.879127236707102
2021-11-22 15:00:00,11979.0,10909.680348883472,10349.641774664722,10345.16324424022,-560.0386,-4.478530424501058
2021-11-22 16:00:00,11925.0,10978.973176592232,10528.03766023481,10555.896677555778,-450.93552,27.859017320968263
2021-11-22 17:00:00,11908.0,10970.286092153829,10711.286000601094,10747.998217462036,-259.0001,36.7122168609413
2021-11-22 18:00:00,11658.0,10864.234249910416,10543.33492740065,10566.904658074467,-320.89932,23.56973067381629
2021-11-22 19:00:00,11231.0,10694.31275241036,9657.051155730673,9655.643472458089,-1037.2616,-1.4076832725834394
2021-11-22 20:00:00,11256.0,10532.967322944747,9474.75064814006,9501.387420261924,-1058.2167,26.636772121864436
2021-11-22 21:00:00,10989.0,10445.232879088848,9187.807952331035,9188.304514783984,-1257.4249,0.49656245294835416
2021-11-22 22:00:00,11571.0,10444.752891819715,9212.519615452527,9202.451992918253,-1232.2333,-10.067622534274223
2021-11-22 23:00:00,11559.0,10488.962831151235,9709.576966893423,9681.06507850095,-779.38586,-28.511888392472954
2021-11-23 00:00:00,11543.5,10518.666492558026,9735.06779871037,9722.837944323743,-783.5987,-12.229854386626739
2021-11-23 01:00:00,11534.0,10509.071754802999,9737.836647381124,9725.348500416896,-771.2351,-12.488146964228356
2021-11-23 02:00:00,11534.0,10489.196091351643,9595.322678265706,9584.906291071225,-893.8734,-10.41638719447966
2021-11-23 03:00:00,11534.0,10514.15579794682,9205.985754001507,9201.17271791479,-1308.17,-4.813036086717666
2021-11-23 04:00:00,11218.0,10615.502434600272,9264.644524444022,9228.040901442424,-1350.8579,-36.60362300159842
2021-11-23 05:00:00,11690.0,10772.170287125902,9808.470335954027,9810.855102898118,-963.69995,2.384766944091284
2021-11-23 06:00:00,11701.0,10924.474056870364,10158.592220932864,10172.933779109153,-765.88184,14.341558176289029
2021-11-23 07:00:00,11579.0,11016.020558673577,10237.687489825921,10262.467727167481,-778.33307,24.78023734156034
2021-11-23 08:00:00,11619.0,11027.695280074824,10270.269987106074,10267.587665071585,-757.4253,-2.682322034488612
2021-11-23 09:00:00,11563.0,10980.226009519003,10299.52782836666,10294.731818919907,-680.6982,-4.796009446752497
2021-11-23 10:00:00,11532.0,10911.800069802737,10131.606039041018,10124.07253129695,-780.19403,-7.533507744067934
2021-11-23 11:00:00,11483.0,10855.165441589928,9903.827245789147,9896.612476583217,-951.3382,-7.2147692059291275
2021-11-23 12:00:00,11536.0,10830.290302649264,9817.494709387545,9780.100426030485,-1012.7956,-37.39428335706018
2021-11-23 13:00:00,11708.0,10847.321450411106,9852.735390840793,9846.407028075906,-994.58606,-6.3283627648870855
2021-11-23 14:00:00,11961.0,10905.030556826594,10202.885720400813,10184.535214365016,-702.14484,-18.350506035796855
2021-11-23 15:00:00,11868.0,10981.573038765322,10556.452982612978,10582.66279989736,-425.12006,26.209817284380904
2021-11-23 16:00:00,11680.0,11031.852351625877,10774.164027651268,10775.642672240207,-257.68832,1.478644588937972
2021-11-23 17:00:00,11837.0,11006.372150216068,10796.552966866459,10812.588168543569,-209.81918,16.03520167710976
2021-11-23 18:00:00,11653.0,10885.747249413927,10667.653026391466,10666.09676041446,-218.09422,-1.5562659770064615
2021-11-23 19:00:00,11107.0,10703.455091783642,9931.055433580517,9950.423351223797,-772.39966,19.36791764328007
2021-11-23 20:00:00,11132.0,10531.9060930028,9717.089930893426,9736.157457186255,-814.81616,19.067526292828624
2021-11-23 21:00:00,10858.0,10436.078545038863,9367.584648554488,9351.53768338551,-1068.4939,-16.046965168978677
2021-11-23 22:00:00,11122.5,10429.534764162388,9313.192723146763,9318.041201280608,-1116.342,4.848478133844529
2021-11-23 23:00:00,11111.0,10469.605801872605,9712.191434196824,9682.479535991097,-757.41437,-29.711898205728033
2021-11-24 00:00:00,11108.0,10496.974060717506,9957.650025072975,9940.025633451382,-539.32404,-17.624391621593787
2021-11-24 01:00:00,11100.0,10486.716719381917,9692.14359926473,9617.141349740124,-794.5731,-75.00224952460562
2021-11-24 02:00:00,11100.0,10467.715525792564,9520.222361730064,9496.62621816841,-947.49316,-23.596143561652827
2021-11-24 03:00:00,11100.0,10494.945189996288,9271.577880425975,9266.465329164948,-1223.3673,-5.11255126102699
2021-11-24 04:00:00,11100.0,10599.806609986777,8909.247283814902,8916.206121332405,-1690.5593,6.958837517503346
2021-11-24 05:00:00,10990.0,10761.073382588635,9593.103045674572,9573.846265768543,-1167.9703,-19.25677990602843
2021-11-24 06:00:00,11164.0,10918.893243754857,9747.085870707982,9757.615257765186,-1171.8074,10.529387057204932
2021-11-24 07:00:00,11093.0,11016.706527069136,9952.989608123824,9941.616852908783,-1063.7169,-11.372755215041053
2021-11-24 08:00:00,11113.0,11035.23852816909,10029.34009066909,10041.948060300969,-1005.89844,12.607969631880211
2021-11-24 09:00:00,11142.0,10995.065375671138,9966.9761422727,9973.012582151321,-1028.0892,6.03643987862022
2021-11-24 10:00:00,11109.0,10934.230632603429,9874.279949009679,9865.495956943865,-1059.9507,-8.783992065812527
2021-11-24 11:00:00,11075.0,10885.345575665831,9659.189447736144,9665.446416330504,-1226.1561,6.256968594360176
2021-11-24 12:00:00,11093.0,10868.249424872087,9561.485630926774,9537.4377477201,-1306.7638,-24.04788320667428
2021-11-24 13:00:00,11228.0,10892.969396480685,9709.156286129122,9706.005198457473,-1183.8131,-3.151087671648763
2021-11-24 14:00:00,11399.0,10958.167887394031,10029.357767765125,10072.238460750279,-928.8101,42.8806929851545
2021-11-24 15:00:00,11562.0,11041.901214573132,10442.562408420788,10459.117162753664,-599.3388,16.554754332876538
2021-11-24 16:00:00,11577.0,11098.984279902777,10741.249080928168,10764.267088163828,-357.7352,23.01800723566056
2021-11-24 17:00:00,11579.0,11079.845235113125,10959.246434453946,10991.837397235358,-120.5988,32.59096278141274
2021-11-24 18:00:00,11279.0,10965.040437756417,10641.356691418527,10632.35360239551,-323.68375,-9.003089023017917
2021-11-24 19:00:00,10890.0,10788.00839500319,9716.418795393814,9728.040793013575,-1071.5896,11.621997619761242
2021-11-24 20:00:00,11004.0,10621.138333522706,9464.37783547583,9474.957402098642,-1156.7605,10.579566622812207
2021-11-24 21:00:00,10745.0,10529.399550176317,9092.240370488817,9118.014225598252,-1437.1592,25.773855109434773
2021-11-24 22:00:00,10317.0,10526.352067159585,9400.108292745523,9438.754478690853,-1126.2438,38.64618594533077
2021-11-24 23:00:00,11160.5,10569.329964952978,9380.743539171728,9439.796415365541,-1188.5864,59.0528761938136
2021-11-25 00:00:00,11217.0,10599.027326181338,9928.128888681338,9908.473309934088,-670.89844,-19.655578747250622
2021-11-25 01:00:00,11246.0,10590.546094963498,9891.254774162717,9866.4034295074,-699.2913,-24.851344655317824
2021-11-25 02:00:00,11271.5,10572.80669702762,9694.78228296512,9689.021111588205,-878.0244,-5.761171376914462
2021-11-25 03:00:00,11271.5,10600.831973664403,9290.34015237534,9321.74837809716,-1310.4918,31.408225721818923
2021-11-25 04:00:00,10870.0,10706.073451737675,9050.673427323612,9071.124678669878,-1655.4,20.45125134626496
2021-11-25 05:00:00,11290.0,10867.353103557869,9344.205764690681,9347.058070750776,-1523.1473,2.852306060093907
2021-11-25 06:00:00,11503.0,11024.864732353024,10061.878221122555,10052.934746659652,-962.9865,-8.9434744629033
2021-11-25 07:00:00,11361.0,11122.095435031782,10334.65732468022,10374.196282159828,-787.4381,39.538957479607774
2021-11-25 08:00:00,11312.0,11139.820118764099,10230.984303334411,10232.713372080787,-908.8358,1.7290687463749033
2021-11-25 09:00:00,11303.0,11098.666116101223,10120.353371960598,10131.268157243421,-978.31274,10.914785282823356
2021-11-25 10:00:00,11332.0,11036.725859546366,9984.022978686991,9982.380293773398,-1052.7029,-1.6426849135936141
2021-11-25 11:00:00,11206.0,10986.653271198034,9827.73847627616,9834.559520378869,-1158.9148,6.821044102709425
2021-11-25 12:00:00,11264.0,10968.32192880307,9645.70815927182,9611.266207097136,-1322.6138,-34.44195217468404
2021-11-25 13:00:00,11418.0,10991.78432411796,9729.10854286796,9750.040495570829,-1262.6758,20.9319527028691
2021-11-25 14:00:00,11581.0,11055.717913577884,10188.346148441165,10201.4671204044,-867.37177,13.120971963235316
2021-11-25 15:00:00,11575.0,11138.18205251627,10469.76145925455,10461.585957027562,-668.4206,-8.175502226988785
2021-11-25 16:00:00,11494.0,11193.981767858837,10642.909258093212,10611.234945907952,-551.0725,-31.674312185258724
2021-11-25 17:00:00,11532.0,11173.524090383673,10857.753338430548,10846.090418201378,-315.77075,-11.662920229169474
2021-11-25 18:00:00,11309.0,11057.336605453658,10700.75518455522,10720.118805039863,-356.58142,19.363620484642617
2021-11-25 19:00:00,10869.0,10878.823912239955,9702.326719857143,9759.537880180207,-1176.4972,57.21116032306341
2021-11-25 20:00:00,10972.0,10710.334894116608,9551.312677319733,9590.636757067521,-1159.0222,39.32407974778777
2021-11-25 21:00:00,10726.0,10616.787420746401,9170.027410980776,9227.08944875768,-1446.76,57.062037776904894
2021-11-25 22:00:00,11286.5,10611.67482672041,8967.984763243847,8953.700376637024,-1643.6901,-14.284386606822702
2021-11-25 23:00:00,11286.5,10652.249574476109,9760.982240491734,9754.135322403521,-891.26733,-6.846918088212954
2021-11-26 00:00:00,11363.5,10679.114598979579,10002.69595884286,9994.509307335562,-676.41864,-8.186651507297158
2021-11-26 01:00:00,11456.0,10667.278006986448,9930.297477201291,9882.141186745692,-736.9805,-48.156290455599795
2021-11-26 02:00:00,11513.0,10645.567226065605,9819.194057120292,9775.901980007566,-826.37317,-43.2920771127272
2021-11-26 03:00:00,11513.0,10668.911436713797,9561.366026557547,9572.744798985352,-1107.5454,11.37877242780527
2021-11-26 04:00:00,11140.0,10768.664054166837,9193.872306119962,9184.224066770972,-1574.7917,-9.648239348988687
2021-11-26 05:00:00,11578.0,10923.54306736931,9678.404273423997,9667.862755555083,-1245.1388,-10.54151786891408
2021-11-26 06:00:00,11721.0,11073.635811920994,10263.194832917088,10237.709549997704,-810.441,-25.485282919383817
2021-11-26 07:00:00,11547.0,11162.326939485149,10395.318516633586,10386.012735008117,-767.0084,-9.30578162547025
2021-11-26 08:00:00,11667.0,11170.298595513095,10431.245067681064,10428.282859336583,-739.0535,-2.9622083444819007
2021-11-26 09:00:00,11728.0,11118.0972405989,10413.837719114525,10422.164290644041,-704.2595,8.32657152951662
2021-11-26 10:00:00,11701.0,11043.745759915591,10341.099214505435,10328.32852938968,-702.64655,-12.770685115754711
2021-11-26 11:00:00,11590.0,10979.839172439866,10082.952941971116,10078.765141698348,-896.8862,-4.18780027276856
2021-11-26 12:00:00,11544.0,10946.203739458946,10003.775577837852,9980.382079234729,-942.42816,-23.39349860312346
2021-11-26 13:00:00,11621.0,10952.858183567287,10039.474577610255,10053.906567376785,-913.3836,14.431989766530874
2021-11-26 14:00:00,11773.0,10998.461064736613,10262.224736611613,10253.96378967047,-736.2363,-8.260946941144166
2021-11-26 15:00:00,11793.0,11061.068031657356,10497.1363299972,10468.528624810855,-563.9317,-28.607705186345125
2021-11-26 16:00:00,11825.0,11095.496450787776,10654.790579205745,10657.395275154911,-440.70587,2.604695949167222
2021-11-26 17:00:00,12004.0,11052.18474886774,10815.29200289606,10805.41542589429,-236.89275,-9.876577001768407
2021-11-26 18:00:00,11933.0,10911.715469169429,10680.158706474116,10685.864141681654,-231.55676,5.705435207538209
2021-11-26 19:00:00,11529.0,10707.574703828204,9994.703121796954,10034.059474968071,-712.8716,39.35635317111699
2021-11-26 20:00:00,11612.0,10512.218054499883,9992.84195586707,10076.24878784408,-519.3761,83.40683197701124
2021-11-26 21:00:00,11461.0,10390.69019908963,9540.931837273223,9574.370981556902,-849.75836,33.43914428367792
2021-11-26 22:00:00,11064.0,10356.626228327543,9562.677314753324,9578.852907330658,-793.9489,16.175592577333987
2021-11-26 23:00:00,11562.5,10367.434198824247,9260.917963472684,9254.49632251288,-1106.5162,-6.4216409598041375
2021-11-27 00:00:00,11562.5,10363.889974994578,10062.04405824653,10061.752868722748,-301.84592,-0.29118952378283514
2021-11-27 01:00:00,11596.5,10321.196418278405,9961.18543195028,9941.071558230462,-360.011,-20.11387371981798
2021-11-27 02:00:00,11596.5,10268.398292009168,9794.867896501355,9802.83682635533,-473.5304,7.9689298539733615
2021-11-27 03:00:00,10778.0,10260.660024927063,9401.10930471222,9437.134490549728,-859.5507,36.025185837508864
2021-11-27 04:00:00,11049.0,10329.580879183293,8857.132759066106,8855.432243511772,-1472.4481,-1.7005155543330301
2021-11-27 05:00:00,11214.0,10454.130024266618,9551.4828685049,9548.006110316404,-902.64716,-3.476758188495358
2021-11-27 06:00:00,11522.0,10574.650579461659,9925.235723504627,9870.713214168492,-649.41486,-54.52250933613424
2021-11-27 07:00:00,11581.0,10634.789747255641,10257.037305849391,10246.92423888487,-377.75244,-10.113066964521517
2021-11-27 08:00:00,11749.0,10615.500137571029,10331.7379000222,10331.409492999073,-283.76224,-0.3284070231283955
2021-11-27 09:00:00,11760.0,10537.604164111519,10260.324501025581,10251.330683704353,-277.27966,-8.993817321228565
2021-11-27 10:00:00,11751.0,10439.400898892814,10140.225605924064,10135.126006138904,-299.1753,-5.0995997851608745
2021-11-27 11:00:00,11717.0,10353.756411754282,10006.729037486704,9993.941923975257,-347.02737,-12.787113511446831
2021-11-27 12:00:00,11707.0,10300.759192894602,9894.287146996165,9879.462081502377,-406.47205,-14.825065493787367
2021-11-27 13:00:00,12001.0,10290.678824769522,10025.754325257803,10034.35002264293,-264.9245,8.595697385125938
2021-11-27 14:00:00,12377.0,10322.41035610285,10412.30138546076,10383.939289841112,89.89103,-28.36209561964756
2021-11-27 15:00:00,12530.0,10374.22778075275,10679.220761709781,10650.807962620645,304.99298,-28.412799089136467
2021-11-27 16:00:00,12508.0,10401.14572716591,10761.717748650284,10766.489651969436,360.57202,4.771903319152439
2021-11-27 17:00:00,12442.0,10353.77836122674,10947.425272847833,10926.697839817023,593.6469,-20.727433030810033
2021-11-27 18:00:00,12070.0,10212.863893122643,10748.379701228112,10745.870287254045,535.5158,-2.509413974066874
2021-11-27 19:00:00,11586.0,10012.024367554217,10332.454695923358,10337.427471846899,320.43033,4.972775923540308
2021-11-27 20:00:00,11728.0,9823.828178572472,10274.705833601769,10245.232623490736,450.87766,-29.47321011103252
2021-11-27 21:00:00,11636.0,9713.402878473238,9958.503342340426,9965.793221269623,245.10046,7.289878929197033
2021-11-27 22:00:00,11303.0,9694.430291701006,9799.937936354327,9786.979375643548,105.507645,-12.95856071077783
2021-11-27 23:00:00,11009.0,9724.327441137677,9697.451304357892,9736.841187211145,-26.876137,39.38988285325298
2021-11-28 00:00:00,10849.0,9743.84494965512,9236.032052926605,9232.25544049058,-507.8129,-3.7766124360244513
2021-11-28 01:00:00,10756.0,9728.131369298902,9066.13222379109,9068.766862449575,-661.99915,2.6346386584842354
2021-11-28 02:00:00,10729.0,9706.150081172424,8894.00414611383,8889.570387139896,-812.14594,-4.433758973933722
2021-11-28 03:00:00,10825.0,9732.95421299409,8740.64220127534,8784.783936359367,-992.312,44.14173508402708
2021-11-28 04:00:00,10972.0,9839.996886562287,8963.4247430076,8965.140873632714,-876.57214,1.7161306251154012
2021-11-28 05:00:00,11070.0,10006.063970969893,9130.392218040206,9092.541873886754,-875.67175,-37.85034415345244
2021-11-28 06:00:00,11315.0,10171.280863226284,9714.434397161831,9694.232586098104,-456.84647,-20.201811063727593
2021-11-28 07:00:00,11448.0,10279.048745841808,10101.73784801466,10102.448793789457,-177.3109,0.7109457747974942
2021-11-28 08:00:00,11716.0,10310.05146964876,10380.279046858233,10363.511002283427,70.22758,-16.768044574807277
2021-11-28 09:00:00,11834.0,10284.822344703909,10377.113551063772,10382.14006701311,92.29121,5.026515949337645
2021-11-28 10:00:00,11792.0,10241.350916241347,10227.962592457472,10232.308235526505,-13.388324,4.345643069033155
2021-11-28 11:00:00,11775.0,10212.17341315684,9923.44114386973,9939.12166238131,-288.73227,15.680518511581253
2021-11-28 12:00:00,11748.0,10217.03020661011,9846.865106512454,9847.296123598535,-370.1651,0.43101708608015826
2021-11-28 13:00:00,11948.0,10265.827838021107,9946.885668831654,9936.427426095566,-318.94217,-10.458242736087952
2021-11-28 14:00:00,12244.0,10357.086410684637,10226.215942544988,10223.717874642753,-130.87047,-2.4980679022351064
2021-11-28 15:00:00,12247.0,10468.69536567334,10550.140296703614,10504.33906194013,81.44493,-45.801234763483684
2021-11-28 16:00:00,12352.0,10555.27828333517,10612.682202555141,10591.286182978194,57.40392,-21.396019576947033
2021-11-28 17:00:00,12345.0,10567.057312393876,10842.510834122391,10819.312060556193,275.45352,-23.198773566198117
2021-11-28 18:00:00,12089.0,10484.384940312475,10669.44979016599,10626.38127867079,185.06485,-43.06851149520171
2021-11-28 19:00:00,11691.0,10340.509734948251,10167.371475060556,10144.90454338741,-173.13826,-22.466931673144288
2021-11-28 20:00:00,11931.0,10207.640724535406,10267.975380297125,10248.407690680819,60.334656,-19.5676896163067
2021-11-28 21:00:00,11848.0,10150.55841557829,10095.22457234709,10100.797492299263,-55.333843,5.572919952173977
2021-11-28 22:00:00,11510.0,10182.608249895708,9787.686802141801,9783.112553841383,-394.92145,-4.57424830041771
2021-11-28 23:00:00,12018.5,10260.884015951055,9769.348188314336,9757.605571661717,-491.53583,-11.742616652617766
2021-11-29 00:00:00,12145.5,10325.833419863127,10184.706359926604,10204.976053878838,-141.12706,20.26969395223452
2021-11-29 01:00:00,12223.0,10352.330619963199,10049.174858244449,10019.641453844877,-303.15576,-29.533404399572614
2021-11-29 02:00:00,12245.5,10369.097606567204,9905.79590978986,9884.38778468136,-463.3017,-21.408125108501725
2021-11-29 03:00:00,12296.0,10430.978148044387,9770.716429294387,9724.376980558669,-660.2617,-46.33944873571891
2021-11-29 04:00:00,12202.0,10569.244358960399,10054.865330640087,10044.704762497722,-514.379,-10.160568142364376
2021-11-29 05:00:00,12646.0,10762.527724853268,10467.731155029049,10493.933339059578,-294.79657,26.20218403052976
2021-11-29 06:00:00,12836.0,10950.828556192399,10754.777988565445,10768.037781829522,-196.05057,13.259793264077137
2021-11-29 07:00:00,12768.0,11077.457646974512,10955.285642274805,10971.353421802658,-122.172005,16.067779527852725
2021-11-29 08:00:00,12701.0,11123.047341914411,11058.836618037458,11079.928460951618,-64.210724,21.09184291415963
2021-11-29 09:00:00,12676.0,11108.118710201725,11013.66150347565,11038.924393975538,-94.45721,25.262890499887092
2021-11-29 10:00:00,12733.0,11070.685615347089,10930.595222280683,10971.024140425505,-140.0904,40.42891814482159
2021-11-29 11:00:00,12701.0,11043.342057692704,10759.584550368485,10817.570477410378,-283.7575,57.98592704189259
2021-11-29 12:00:00,12631.0,11045.917901664181,10676.94899907629,10716.754714724584,-368.9689,39.805715648293194
2021-11-29 13:00:00,12812.0,11088.439981585861,10737.357187396408,10764.36410575183,-351.0828,27.006918355423235
2021-11-29 14:00:00,12821.0,11169.57776876552,10922.30451437099,10957.115162548524,-247.27325,34.810648177534844
2021-11-29 15:00:00,12717.0,11267.39629094393,11045.618062184165,11030.25292262869,-221.77823,-15.365139555474844
2021-11-29 16:00:00,12629.0,11336.718538047897,11172.539170982467,11162.314568246291,-164.17937,-10.224602736175902
2021-11-29 17:00:00,12636.0,11327.989616390974,11412.09280395201,11423.238986451723,84.10319,11.146182499713447
2021-11-29 18:00:00,12391.0,11221.809752231215,11234.694570308302,11254.434003230901,12.884818,19.73943292259909
2021-11-29 19:00:00,12630.0,11051.699792297237,10638.915032775752,10644.56382429105,-412.78476,5.648791515298105
2021-11-29 20:00:00,12255.0,10890.161161948032,10722.633406210727,10755.146581520868,-167.52776,32.51317531014195
2021-11-29 21:00:00,12071.0,10802.278780566709,10408.99783574249,10403.458784496393,-393.28094,-5.539051246095609
2021-11-29 22:00:00,12630.0,10801.706594427415,10414.729635198899,10411.459324336201,-386.97696,-3.270310862697657
2021-11-29 23:00:00,12630.0,10845.847318773836,10584.30804265079,10598.756121467311,-261.53928,14.448078816521498
2021-11-30 00:00:00,12630.0,10875.459203839731,11057.828146100474,11053.168414648708,182.36894,-4.659731451766244
2021-11-30 01:00:00,12632.5,10865.731044924853,10874.249427950976,10863.7704721438,8.518383,-10.478955807174774
2021-11-30 02:00:00,12632.5,10845.702618066643,10726.572285119866,10737.635625405383,-119.13033,11.06334028551557
2021-11-30 03:00:00,12632.5,10870.532594277885,10467.92443998101,10462.049392530382,-402.60815,-5.8750474506292845
2021-11-30 04:00:00,12581.0,10971.7967850576,10387.144807518538,10378.07891828306,-584.652,-9.065889235479345
2021-11-30 05:00:00,12854.0,11128.413260168365,10922.255118078521,10887.007788585162,-206.15814,-35.247329493359324
2021-11-30 06:00:00,13083.0,11280.65080380779,11258.203568700368,11233.452035133652,-22.447235,-24.751533566715295
2021-11-30 07:00:00,13057.0,11372.07284694962,11375.546277344747,11372.260492614823,3.4734304,-3.2857847299236305
2021-11-30 08:00:00,13046.0,11383.550164966,11253.339975146664,11261.814145279275,-130.21019,8.474170132610562
2021-11-30 09:00:00,13037.0,11335.826476815424,11234.74760413476,11230.790180325359,-101.07887,-3.957423809400531
2021-11-30 10:00:00,13107.0,11267.118463727693,11159.564012738923,11161.247560420308,-107.55445,1.6835476813853378
2021-11-30 11:00:00,12960.0,11210.199281567042,11042.954301708643,11049.937396203908,-167.24498,6.983094495263845
2021-11-30 12:00:00,12895.0,11185.052454807292,10876.367213108073,10874.129667800444,-308.68524,-2.237545307628383
2021-11-30 13:00:00,13073.0,11201.832574555043,10865.415429779652,10885.059778280318,-336.41714,19.644348500666553
2021-11-30 14:00:00,13144.0,11259.310358646671,11237.654322269718,11257.996121485017,-21.656036,20.341799215298902
2021-11-30 15:00:00,13114.0,11335.624415312319,11387.032820616274,11353.51787468178,51.408405,-33.514945934494
2021-11-30 16:00:00,13001.0,11385.643510089734,11556.417100177625,11556.229324960323,170.77359,-0.18777521730181357
2021-11-30 17:00:00,13108.0,11359.833225447559,11681.366031844043,11675.361014781292,321.5328,-6.005017062751437
2021-11-30 18:00:00,12905.0,11238.793462056645,11518.003972310551,11524.14226650456,279.2105,6.138294194008395
2021-11-30 19:00:00,12414.0,11056.027402764728,10902.389570123127,10891.168445395235,-153.63783,-11.221124727891754
2021-11-30 20:00:00,12448.0,10884.001144631251,10785.876701577052,10785.19921272872,-98.12444,-0.6774888483319689
2021-11-30 21:00:00,12802.0,10787.742944909673,10608.713754846196,10599.627930613122,-179.02919,-9.085824233074955
2021-11-30 22:00:00,12797.5,10780.825544237332,10700.51829326077,10670.831588200583,-80.30725,-29.68670506018606
2021-11-30 23:00:00,12790.0,10820.547175249376,10695.989191850938,10652.347795657675,-124.55798,-43.64139619326336
2021-12-01 00:00:00,12777.0,10847.544619543107,10569.658053380997,10583.198949343114,-277.88657,13.540895962116432
2021-12-01 01:00:00,12761.5,10836.87588659044,10442.428834588487,10460.889326204351,-394.44705,18.460491615863987
2021-12-01 02:00:00,12761.5,10817.44493274643,10357.599778937836,10388.997682965284,-459.84515,31.397904027447368
2021-12-01 03:00:00,12761.5,10844.268742501625,10078.785344064125,10144.450327279828,-765.4834,65.66498321570297
2021-12-01 04:00:00,12308.0,10948.772359533788,9848.9629112916,9881.777617787038,-1099.8094,32.814706495438166
2021-12-01 05:00:00,12767.0,11109.713055577564,10306.901715245533,10302.805005942759,-802.81134,-4.096709302773605
2021-12-01 06:00:00,12917.0,11267.19253884953,10855.12042581242,10871.954540458115,-412.0721,16.834114645695184
2021-12-01 07:00:00,12802.0,11364.607648591234,11118.77242825432,11142.0166272297,-245.83522,23.244198975378843
2021-12-01 08:00:00,12802.0,11382.668859519117,11002.794775046461,11024.649345269516,-379.87408,21.854570223055166
2021-12-01 09:00:00,12793.0,11341.968125197402,11026.138108107558,11055.642940907119,-315.83002,29.504832799560806
2021-12-01 10:00:00,12787.0,11280.578266157985,10922.285358443141,10954.444537243424,-358.2929,32.159178800281836
2021-12-01 11:00:00,12730.0,11231.135639266851,10689.54842002857,10714.520851744344,-541.5872,24.97243171577373
2021-12-01 12:00:00,12756.0,11213.494723264153,10595.772250119622,10595.764437218379,-617.7225,-0.007812901243029583
2021-12-01 13:00:00,12844.0,11237.690448160463,10626.478045816713,10646.25284530664,-611.2124,19.774799489926966
2021-12-01 14:00:00,13029.0,11302.384185721523,10868.29684441293,10890.622572147538,-434.08734,22.325727734608844
2021-12-01 15:00:00,13083.0,11385.6153828266,11156.592540419373,11151.54762795479,-229.02284,-5.044912464584475
2021-12-01 16:00:00,13132.0,11442.164200145722,11301.066345531464,11309.78501129958,-141.09785,8.718665768115969
2021-12-01 17:00:00,13204.0,11422.420676134147,11510.768378160514,11526.213504342635,88.3477,15.445126182121973
2021-12-01 18:00:00,12979.0,11306.926223778853,11237.860801720748,11253.292788843668,-69.06542,15.431987122919411
2021-12-01 19:00:00,12515.0,11129.145070731633,10640.901662528508,10622.23361890697,-488.2434,-18.668043621538235
2021-12-01 20:00:00,12521.0,10961.522115601707,10442.060201539207,10431.712421211645,-519.4619,-10.347780327562585
2021-12-01 21:00:00,12216.0,10869.076621138025,10339.835715376306,10315.468909197845,-529.2409,-24.366806178461225
2021-12-01 22:00:00,12771.5,10865.379043963638,10200.131973651138,10185.29926777923,-665.2471,-14.832705871907697
2021-12-01 23:00:00,12800.0,10907.730664640358,10370.550061613014,10362.594292468353,-537.1806,-7.955769144660189
2021-12-02 00:00:00,12853.0,10936.779971843729,10630.772708660135,10615.950340183366,-306.00726,-14.822368476769588
2021-12-02 01:00:00,12854.5,10927.609774642817,10403.45785813891,10379.686420688253,-524.1519,-23.771437450657164
2021-12-02 02:00:00,12870.5,10909.162747521652,10304.72445406462,10289.978350392854,-604.4383,-14.746103671766404
2021-12-02 03:00:00,12870.5,10936.50405160019,10085.295616541596,10086.187131959457,-851.20844,0.8915154178617848
2021-12-02 04:00:00,12500.0,11041.109408741959,9853.362948781021,9820.753566229687,-1187.7465,-32.6093825513347
2021-12-02 05:00:00,12962.0,11201.784518188937,10443.696322388156,10436.211739461793,-758.0882,-7.484582926363627
2021-12-02 06:00:00,13149.0,11358.677208952397,10879.255791716068,10894.86732343504,-479.42142,15.611531718972397
2021-12-02 07:00:00,13061.0,11455.231137378361,10840.855954272893,10857.02929081814,-614.3752,16.173336545247942
2021-12-02 08:00:00,12975.0,11472.206442521363,10827.400290177613,10826.027635946963,-644.80615,-1.3726542306509857
2021-12-02 09:00:00,12892.0,11430.24633257172,10764.445368216251,10762.167395624525,-665.80096,-2.277972591726748
2021-12-02 10:00:00,12879.0,11367.472544939516,10702.295604021547,10695.983445385004,-665.17694,-6.3121586365427405
2021-12-02 11:00:00,12862.0,11316.564124978348,10558.828468240066,10559.858097273673,-757.73566,1.0296290336067817
2021-12-02 12:00:00,12847.0,11297.409946931988,10509.78751040855,10506.366363512676,-787.62244,-3.4211468958742737
2021-12-02 13:00:00,12998.0,11320.070247957481,10707.717220613731,10699.404238311548,-612.353,-8.312982302182089
2021-12-02 14:00:00,12976.0,11383.221484089387,10765.1815670972,10767.803317888382,-618.0399,2.621750791182609
2021-12-02 15:00:00,12942.0,11464.90615779431,11015.32461482556,10990.238257914012,-449.58154,-25.086356911548123
2021-12-02 16:00:00,12878.0,11519.894564062672,11293.20822373064,11304.694155507137,-226.68634,11.485931776497262
2021-12-02 17:00:00,12890.0,11498.555621380461,11569.897219891203,11595.56736919319,71.3416,25.670149301987184
2021-12-02 18:00:00,12937.0,11381.401963100598,11333.098690853283,11331.835270144404,-48.303272,-1.263420708879156
2021-12-02 19:00:00,12550.0,11201.86389299366,10701.503816089364,10685.768943588904,-500.36008,-15.734872500460012
2021-12-02 20:00:00,12654.0,11032.345942283957,10558.313044334738,10552.318086185544,-474.0329,-5.994958149195369
2021-12-02 21:00:00,12457.0,10937.815914512898,10422.991573692585,10359.444489987376,-514.82434,-63.5470837052082
2021-12-02 22:00:00,12870.0,10931.777539284503,10294.129345925128,10295.57933725604,-637.6482,1.4499913309125922
2021-12-02 23:00:00,12870.0,10971.450432984559,10618.714959351746,10620.979347240669,-352.73547,2.2643878889236517
2021-12-03 00:00:00,12884.0,10997.391884572802,10717.398018606005,10712.290229212304,-279.99387,-5.10778939370251
2021-12-03 01:00:00,12913.5,10984.590808697938,10516.609515973329,10494.156475851634,-467.9813,-22.453040121693462
2021-12-03 02:00:00,12913.5,10961.896820716549,10505.423279456783,10512.965318055034,-456.47354,7.542038598250466
2021-12-03 03:00:00,12913.5,10984.281357309466,10260.766403696185,10275.733965010035,-723.51495,14.967561313850123
2021-12-03 04:00:00,12777.0,11083.12196357312,10004.040664744995,10010.299822915316,-1079.0813,6.259158170321884
2021-12-03 05:00:00,13230.0,11237.120290198138,10530.586965002825,10510.56765949589,-706.5333,-20.01930550693634
2021-12-03 06:00:00,13404.0,11386.317634708497,11049.24012006006,11082.835910080654,-337.0775,33.59579002059421
2021-12-03 07:00:00,13223.0,11474.055147179048,10956.78329659311,10979.218913142942,-517.27185,22.43561654983237
2021-12-03 08:00:00,13200.0,11481.000148164952,11013.186824190343,11039.362588139516,-467.81332,26.17576394917304
2021-12-03 09:00:00,13111.0,11427.71492290565,10982.619097710338,11002.91275391777,-445.09583,20.2936562074322
2021-12-03 10:00:00,13083.0,11352.251617715867,10888.987549112351,10908.69604280618,-463.26407,19.708493693828625
2021-12-03 11:00:00,12991.0,11287.23033966664,10771.072197576796,10808.14351492818,-516.15814,37.071317351384735
2021-12-03 12:00:00,12954.0,11252.492621378517,10708.64392753086,10705.247523612574,-543.8487,-3.3964039182865147
2021-12-03 13:00:00,13106.0,11258.064916895057,10796.305334375525,10795.907099867227,-461.75958,-0.3982345082990621
2021-12-03 14:00:00,13247.0,11302.60478424106,10869.517687073092,10889.04253509086,-433.0871,19.524848017768257
2021-12-03 15:00:00,13173.0,11364.151031065883,11128.451766539516,11139.52618107505,-235.69926,11.074414535535396
2021-12-03 16:00:00,13076.0,11397.486318023144,11242.014485747753,11249.878594124644,-155.47183,7.86410837689027
2021-12-03 17:00:00,13041.0,11353.011000688746,11323.441931780055,11350.196460897681,-29.569069,26.754529117625992
2021-12-03 18:00:00,12809.0,11211.292727001115,11170.514502056047,11192.80526854236,-40.778225,22.29076648631487
2021-12-03 19:00:00,12336.0,11005.843366296427,10687.648603112833,10720.96729234004,-318.19476,33.31868922720578
2021-12-03 20:00:00,12388.0,10809.17425675627,10491.402345135177,10489.476300520193,-317.7719,-1.9260446149834922
2021-12-03 21:00:00,12140.0,10686.380114906377,10151.995654457158,10148.768807809229,-534.38446,-3.2268466479284843
2021-12-03 22:00:00,12281.5,10651.106547017682,9908.98386635362,9877.395504351998,-742.1227,-31.58836200162138
2021-12-03 23:00:00,12281.5,10660.728899571086,10053.099199864055,10016.708778937966,-607.6297,-36.390420926089156
2021-12-04 00:00:00,12281.5,10655.977541586968,10114.341250083062,10097.042890571565,-541.6363,-17.298359511496457
2021-12-04 01:00:00,12281.5,10612.036306870992,9914.25621653896,9894.494706479589,-697.7801,-19.761510059372583
2021-12-04 02:00:00,12281.5,10557.972323781933,9798.689425832714,9763.642525659141,-759.2829,-35.046900173572
2021-12-04 03:00:00,12281.5,10548.99246605748,9392.689975823105,9361.068651126148,-1156.3025,-31.621324696956513
2021-12-04 04:00:00,11489.0,10616.720324611217,9149.011218165904,9115.39410742014,-1467.7091,-33.61711074576441
2021-12-04 05:00:00,11643.0,10740.108938104711,9434.396535760961,9442.572494792772,-1305.7124,8.175959031810974
2021-12-04 06:00:00,11972.0,10859.455601938309,9952.482457407059,9974.378499030794,-906.97314,21.896041623734593
2021-12-04 07:00:00,12157.0,10918.364236099815,10011.953469498252,10043.91027999486,-906.41077,31.9568104966071
2021-12-04 08:00:00,12246.0,10897.772847612028,10135.110249955778,10144.882233927749,-762.6626,9.77198397196962
2021-12-04 09:00:00,12317.0,10818.519897644894,10094.334228699581,10094.874064178426,-724.18567,0.539835478845206
2021-12-04 10:00:00,12374.0,10718.933940843437,10019.950786546562,10026.81655339032,-698.98315,6.865766843757957
2021-12-04 11:00:00,12333.0,10631.906353111499,9910.073955650561,9904.93453907399,-721.8324,-5.139416576570281
2021-12-04 12:00:00,12386.0,10577.541108209947,9887.817475397447,9873.310665132507,-689.72363,-14.506810264939435
2021-12-04 13:00:00,12751.0,10566.115724336578,9942.922059785797,9965.242198842523,-623.19366,22.320139056727264
2021-12-04 14:00:00,13129.0,10596.524442429924,10319.879453416252,10292.331444102932,-276.645,-27.5480093133195
2021-12-04 15:00:00,13313.0,10647.024597236343,10498.969039985366,10437.670727891234,-148.05556,-61.2983120941308
2021-12-04 16:00:00,13409.0,10672.596279042957,10655.521638768909,10639.799964218093,-17.07464,-15.721674550816447
2021-12-04 17:00:00,13324.0,10623.815734001897,10759.080214592717,10737.19958562256,135.26448,-21.880628970156113
2021-12-04 18:00:00,13054.0,10481.406410404736,10614.345329472118,10604.484159125139,132.93892,-9.861170346979051
2021-12-04 19:00:00,12674.0,10279.016243914553,10121.702691058108,10139.644558398319,-157.31355,17.941867340210425
2021-12-04 20:00:00,12925.0,10089.269457758652,10278.696673334824,10249.629331460823,189.42722,-29.06734187400117
2021-12-04 21:00:00,12713.0,9977.343713077564,10007.905362400073,9989.498361250071,30.56165,-18.407001150003
2021-12-04 22:00:00,12343.0,9956.931396631862,9801.265609888698,9820.28143331469,-155.66579,19.015823425992277
2021-12-04 23:00:00,12078.0,9985.4168435999,9580.112949556931,9588.367114325649,-405.3039,8.254164768717283
2021-12-05 00:00:00,11901.0,10003.505178974365,9340.861624286865,9339.305683180082,-662.64355,-1.5559411067817708
2021-12-05 01:00:00,11842.0,9986.325899388215,9245.61587741556,9227.73431930621,-740.71,-17.881558109349378
2021-12-05 02:00:00,11872.0,9962.864697822142,9067.54328668933,9074.4106192381,-895.3214,6.867332548771016
2021-12-05 03:00:00,12112.0,9988.217068565255,8856.744290244942,8846.178677376522,-1131.4728,-10.565612868420736
2021-12-05 04:00:00,12311.0,10093.86035895795,8922.4565503642,8921.385889262054,-1171.4038,-1.0706611021473627
2021-12-05 05:00:00,12322.0,10258.564179873421,9187.924897646859,9172.867101327405,-1070.6393,-15.057796319454384
2021-12-05 06:00:00,12693.0,10422.4079538172,9693.514154989076,9688.983587513576,-728.8938,-4.530567475499183
2021-12-05 07:00:00,12852.0,10528.749408109183,10119.569201810355,10136.30324828469,-409.1802,16.734046474336076
2021-12-05 08:00:00,13168.0,10558.25759732811,10230.823149085922,10246.25580850369,-327.43445,15.432659417769102
2021-12-05 09:00:00,13241.0,10531.48166659757,10091.868446382727,10110.191856477328,-439.61322,18.32341009460023
2021-12-05 10:00:00,13178.0,10486.44041417749,9950.447799431397,9961.519815861058,-535.9926,11.072016429661362
2021-12-05 11:00:00,13135.0,10455.695130223516,9806.978455418828,9836.440275734418,-648.7167,29.461820315589495
2021-12-05 12:00:00,13170.0,10459.001411665731,9839.934639204794,9845.093331267839,-619.0668,5.15869206304512
2021-12-05 13:00:00,13345.0,10506.273467163177,9992.225493530364,9991.328548388801,-514.048,-0.896945141563305
2021-12-05 14:00:00,13633.0,10596.030315521286,10288.833416107223,10292.3881959066,-307.1969,3.554779799377323
2021-12-05 15:00:00,13651.0,10706.144456296319,10615.95904675042,10597.34033912229,-90.18541,-18.618707628131247
2021-12-05 16:00:00,13685.0,10791.204646225744,10742.452101822668,10714.495841147773,-48.752544,-27.956260674894942
2021-12-05 17:00:00,13600.0,10801.394828411829,10973.053626629602,10950.899311628671,171.6588,-22.15431500093075
2021-12-05 18:00:00,13409.0,10717.05244479161,10806.03714022618,10803.203099690207,88.984695,-2.8340405359740926
2021-12-05 19:00:00,13093.0,10571.451675492732,10186.582504350154,10203.422302962692,-384.86917,16.839798612538008
2021-12-05 20:00:00,13253.0,10436.857106707666,10396.902200244043,10378.494402553537,-39.954906,-18.407797690505582
2021-12-05 21:00:00,13206.0,10378.099092651513,10264.383829284814,10246.319894175318,-113.71526,-18.063935109495937
2021-12-05 22:00:00,12927.0,10408.5333888055,10154.1681544305,10187.066196037938,-254.36523,32.89804160743943
2021-12-05 23:00:00,12612.0,10485.220862117723,10091.235663143114,10100.370221411,-393.9852,9.134558267885339
2021-12-06 00:00:00,12432.0,10548.563503940182,9938.676113803464,9980.925582981157,-609.8874,42.24946917769335
2021-12-06 01:00:00,12352.0,10573.416219323502,9848.301534264909,9876.019383087752,-725.1147,27.717848822844353
2021-12-06 02:00:00,12357.0,10588.523133363558,9693.957398500277,9724.927916140448,-894.56573,30.970517640170428
2021-12-06 03:00:00,12489.0,10648.770226263834,9594.494469427897,9604.173877247487,-1054.2758,9.679407819590581
2021-12-06 04:00:00,12657.0,10785.45370712009,10081.408907315403,10116.132024732191,-704.0448,34.723117416787716
2021-12-06 05:00:00,12558.0,10977.18869712401,10378.726355815415,10411.517294130012,-598.46234,32.79093831459619
2021-12-06 06:00:00,12554.0,11163.929451834621,10638.779427420559,10650.855475625549,-525.15,12.076048204990753
2021-12-06 07:00:00,12683.0,11288.943255972323,10631.291339468416,10656.526911403915,-657.6519,25.235571935497372
2021-12-06 08:00:00,12848.0,11332.84763063322,10773.276097430095,10792.43948257305,-559.57153,19.163385142955537
2021-12-06 09:00:00,12925.0,11316.179479446724,10802.584569778755,10822.376568281847,-513.5949,19.79199850309037
2021-12-06 10:00:00,12898.0,11276.981944906622,10732.976085531622,10764.2311085853,-544.00586,31.25502305367855
2021-12-06 11:00:00,12855.0,11247.874140662958,10506.020014686395,10539.469303811518,-741.8541,33.44928912512227
2021-12-06 12:00:00,12799.0,11248.701234406011,10498.301637238043,10527.832676391048,-750.3996,29.53103915300614
2021-12-06 13:00:00,13004.0,11289.497829612992,10568.77828615596,10586.638565308742,-720.71954,17.86027915278161
2021-12-06 14:00:00,13255.0,11368.932438254616,10780.999943137429,10762.58493037588,-587.9325,-18.41501276154804
2021-12-06 15:00:00,13303.0,11465.053293564206,10996.994821884518,10980.114910358421,-468.05847,-16.879911526097718
2021-12-06 16:00:00,13292.0,11532.648729065071,11298.426332214485,11290.103950424826,-234.2224,-8.322381789659476
2021-12-06 17:00:00,13206.0,11522.125831070101,11521.159514072096,11524.843663477322,-0.966317,3.6841494052257655
2021-12-06 18:00:00,12986.0,11414.06998238553,11323.691602563753,11328.403210135355,-90.37838,4.711607571601315
2021-12-06 19:00:00,12681.0,11242.027858377296,10789.934444070655,10826.15494362362,-452.0934,36.22049955296514
2021-12-06 20:00:00,12969.0,11078.556670897833,10779.493926757208,10802.49630202267,-299.06274,23.002375265462184
2021-12-06 21:00:00,12870.0,10988.79142533435,10614.431287394897,10625.91524031718,-374.36014,11.483952922282752
2021-12-06 22:00:00,12550.0,10986.396627350894,10641.902425690738,10651.237259068264,-344.4942,9.334833377527302
2021-12-06 23:00:00,12995.0,11028.742321412754,10482.206921022129,10487.696036097079,-546.5354,5.489115074949849
2021-12-07 00:00:00,13105.0,11056.541296298154,10706.344946200497,10710.975362370156,-350.19635,4.630416169659743
2021-12-07 01:00:00,13230.5,11044.963347516948,10647.095030866558,10666.620904316811,-397.86832,19.525873450252654
2021-12-07 02:00:00,13273.5,11023.070637187087,10488.9447826949,10533.290588719656,-534.12585,44.3458060247565
2021-12-07 03:00:00,12714.0,11046.064294968091,10204.239465866529,10203.032618712734,-841.8248,-1.206847153795436
2021-12-07 04:00:00,13461.0,11145.544467011045,9797.242831268857,9791.01943614563,-1348.3016,-6.223395123227174
2021-12-07 05:00:00,13568.0,11300.413090081318,10686.331425042255,10695.654467117947,-614.08167,9.323042075691014
2021-12-07 06:00:00,13778.0,11450.893114087481,11136.589708325762,11127.981227663497,-314.3034,-8.608480662265595
2021-12-07 07:00:00,13634.0,11540.50466882918,11199.745788213946,11208.275259675349,-340.75888,8.52947146140342
2021-12-07 08:00:00,13565.0,11550.10390002892,11248.87343127892,11236.787418414517,-301.23047,-12.08601286440426
2021-12-07 09:00:00,13582.0,11500.450539491416,11244.62316217208,11240.273794204535,-255.82738,-4.349367967545451
2021-12-07 10:00:00,13527.0,11429.790709052097,11130.13946393491,11124.066613993748,-299.65125,-6.072849941162202
2021-12-07 11:00:00,13452.0,11370.922821712053,11029.93310613588,11033.910613883523,-340.98972,3.977507747643299
2021-12-07 12:00:00,13498.0,11343.845830446886,10600.878240114855,10600.573845688552,-742.9676,-0.3043944263023573
2021-12-07 13:00:00,13744.0,11358.722201613311,11016.891543654327,11027.894930713728,-341.83066,11.003387059402174
2021-12-07 14:00:00,13873.0,11414.32178031992,11155.558413620702,11175.95660843755,-258.76337,20.398194816847138
2021-12-07 15:00:00,13875.0,11488.766447313697,11486.801497825058,11474.103926473805,-1.9649495,-12.69757135125294
2021-12-07 16:00:00,13842.0,11536.890359273648,11683.416329732632,11681.569171249941,146.52597,-1.8471584826906944
2021-12-07 17:00:00,13777.0,11509.12110707002,11879.708356825879,11891.32232959361,370.58725,11.613972767731429
2021-12-07 18:00:00,13625.0,11386.043757718206,11525.107249539495,11561.04179528782,139.06349,35.93454574832558
2021-12-07 19:00:00,13360.0,11201.187314677345,10878.481290507423,10899.418437173697,-322.70602,20.93714666627374
2021-12-07 20:00:00,13581.0,11027.073636489069,10826.446942763483,10835.709148000298,-200.6267,9.262205236815312
2021-12-07 21:00:00,13391.0,10928.781025596645,10640.263111778286,10648.362984954745,-288.5179,8.099873176459099
2021-12-07 22:00:00,13029.0,10919.892726614487,10614.957179739487,10590.884915696977,-304.93555,-24.07226404250975
2021-12-07 23:00:00,13603.0,10957.674232766283,10561.148536965502,10516.747784306279,-396.5257,-44.40075265922374
2021-12-08 00:00:00,13653.0,10982.716783866565,10831.461412772815,10853.0967599751,-151.25537,21.635347202286532
2021-12-08 01:00:00,13712.5,10970.05929910816,10728.682071324956,10734.977749608386,-241.37723,6.295678283429995
2021-12-08 02:00:00,13729.0,10948.628021969824,10576.367371335058,10600.31901863658,-372.26065,23.951647301520953
2021-12-08 03:00:00,13729.0,10973.482289841042,10241.966115524636,10243.765659980389,-731.5162,1.7995444557520008
2021-12-08 04:00:00,13479.0,11076.071370271724,10200.873921541255,10195.240660365045,-875.19745,-5.633261176209656
2021-12-08 05:00:00,13681.0,11235.136287836272,10602.812313226897,10596.532781545477,-632.324,-6.279531681420244
2021-12-08 06:00:00,14038.0,11390.732800709115,10985.885968433724,10983.537473649845,-404.84683,-2.348494783877879
2021-12-08 07:00:00,14004.0,11486.214331194842,11217.228888079608,11225.135247983251,-268.98544,7.9063599036426275
2021-12-08 08:00:00,13933.0,11502.2766102285,11246.08456310936,11263.772147745978,-256.19205,17.687584636618368
2021-12-08 09:00:00,13930.0,11459.52749320664,11430.091280666968,11419.633959561079,-29.436213,-10.4573211058885
2021-12-08 10:00:00,13889.0,11396.069134774381,11331.965527596647,11314.527993423191,-64.10361,-17.43753417345591
2021-12-08 11:00:00,13827.0,11344.563048277587,11125.993758116454,11108.117187724125,-218.56929,-17.876570392328496
2021-12-08 12:00:00,13896.0,11324.879047227676,11225.014171434219,11182.181330425276,-99.864876,-42.832841008943184
2021-12-08 13:00:00,14009.0,11347.059851144972,11302.640230631056,11263.811294207235,-44.41962,-38.82893642382117
2021-12-08 14:00:00,14135.0,11409.765882131722,11380.709094640877,11357.630919186919,-29.056787,-23.078175453959098
2021-12-08 15:00:00,14175.0,11491.019792143155,11577.261796537687,11541.19160276597,86.242004,-36.070193771717506
2021-12-08 16:00:00,14162.0,11545.567075531024,11760.25514010622,11746.681219130485,214.68806,-13.573920975734787
2021-12-08 17:00:00,14154.0,11523.759732052702,11982.048611447233,11988.425749745136,458.28888,6.377138297902647
2021-12-08 18:00:00,13927.0,11406.124304393144,11812.958960154863,11831.51204947891,406.83466,18.55308932404593
2021-12-08 19:00:00,13616.0,11226.150814670333,11243.834631580123,11227.022516018002,17.683817,-16.81211556212179
2021-12-08 20:00:00,13581.0,11056.339907073938,11097.01166763302,11046.843845304827,40.67176,-50.167822328191626
2021-12-08 21:00:00,13441.0,10961.76088360099,11014.82175091056,10962.452446389889,53.060867,-52.369304520671484
2021-12-08 22:00:00,13034.0,10955.994708312124,11146.384875548452,11122.692918267769,190.39017,-23.691957280684207
2021-12-08 23:00:00,13616.0,10996.30993456649,11009.547869632714,10970.422242917153,13.237935,-39.1256267155599
2021-12-09 00:00:00,13598.5,11023.309529466453,11758.776631517234,11753.395549508497,735.4671,-5.381082008736814
2021-12-09 01:00:00,13559.5,11012.05723908244,11648.703357246502,11630.807507621494,636.6461,-17.89584962500932
2021-12-09 02:00:00,13559.5,10991.518058367721,11359.586295672409,11354.16686699513,368.06824,-5.419428677278394
2021-12-09 03:00:00,12852.0,11016.79953967629,11148.576791873556,11162.111461857488,131.77725,13.534669983931986
2021-12-09 04:00:00,13458.0,11119.401670897536,10437.789427245192,10442.385165250485,-681.61224,4.595738005292503
2021-12-09 05:00:00,13616.0,11278.113948912669,11022.34260186677,11047.90799569974,-255.77135,25.565393832968205
2021-12-09 06:00:00,13820.0,11433.038298884729,11806.468016902307,11828.297356183084,373.42972,21.829339280776466
2021-12-09 07:00:00,13763.0,11527.575006592324,11967.341119873574,11978.113037524818,439.7661,10.771917651243864
2021-12-09 08:00:00,13648.0,11542.469512649044,11881.78729219006,11898.811323872047,339.31778,17.02403168198668
2021-12-09 09:00:00,13538.0,11498.380970165004,11851.21388642477,11874.46408578686,352.83292,23.250199362089173
2021-12-09 10:00:00,13528.0,11433.460490418662,11837.762065125693,11870.00930377601,404.30157,32.24723865031835
2021-12-09 11:00:00,13378.0,11380.412310580145,11700.661120394598,11728.762931611,320.2488,28.101811216401778
2021-12-09 12:00:00,13400.0,11359.140669625405,10973.743666451577,10958.398286764035,-385.397,-15.345379687542781
2021-12-09 13:00:00,13607.0,11379.71361793954,11094.508814472743,11084.515884694321,-285.2048,-9.992929778421637
2021-12-09 14:00:00,13591.0,11440.806678636272,11748.668891771038,11763.006832944842,307.8622,14.337941173804598
2021-12-09 15:00:00,13490.0,11520.44556841133,11973.996013967972,11953.959627546306,453.55045,-20.036386421666013
2021-12-09 16:00:00,13373.0,11573.365917039551,12087.738353562989,12079.647711663192,514.37244,-8.090641899796605
2021-12-09 17:00:00,13397.0,11549.898597050027,11841.863745975808,11854.588248895167,291.96515,12.724502919359107
2021-12-09 18:00:00,13130.0,11430.541355722535,11475.941807382691,11523.90497186042,45.40045,47.96316447772879
2021-12-09 19:00:00,12726.0,11248.750267032685,11034.232566837372,11019.932138293123,-214.5177,-14.3004285442499
2021-12-09 20:00:00,12763.0,11076.985575155537,10977.52930684499,11002.808990726893,-99.45627,25.279683881902663
2021-12-09 21:00:00,12541.0,10980.26508233823,10757.846518495457,10748.10074648466,-222.41856,-9.745772010796648
2021-12-09 22:00:00,13087.5,10972.102977558361,10824.97375087379,10814.543788730156,-147.12923,-10.429962143635644
2021-12-09 23:00:00,13026.5,11009.686095129624,11132.04367722191,11109.80756558848,122.35758,-22.236111633428543
2021-12-10 00:00:00,12990.0,11033.52614156129,11141.246768392344,11145.66311623074,107.72063,4.41634783839698
2021-12-10 01:00:00,12957.5,11018.592902568374,11002.06330623964,10997.835755136863,-16.529596,-4.227551102776063
2021-12-10 02:00:00,12957.5,10993.758244052395,10789.702381625637,10825.258998759758,-204.05586,35.55661713412135
2021-12-10 03:00:00,12957.5,11014.035921204559,10515.755678284637,10523.758061463199,-498.28024,8.00238317856256
2021-12-10 04:00:00,12839.0,11110.82767090649,10537.808444832272,10586.237404114267,-573.0192,48.42895928199469
2021-12-10 05:00:00,13173.0,11262.818867091328,10999.740894679218,11022.948544153734,-263.07797,23.207649474515595
2021-12-10 06:00:00,13345.0,11410.004830304113,11383.507113400427,11414.368636248859,-26.497717,30.86152284843219
2021-12-10 07:00:00,13187.0,11495.683269643774,11431.30760588645,11440.208280602088,-64.37566,8.900674715638068
2021-12-10 08:00:00,13008.0,11500.5067410319,11439.790630802408,11463.664008576474,-60.71611,23.873377774065016
2021-12-10 09:00:00,13045.0,11445.053414120463,11341.207451596048,11369.892304134082,-103.84596,28.684852538033564
2021-12-10 10:00:00,12972.0,11367.40475572628,11308.273442402306,11343.300972755113,-59.131313,35.02753035280707
2021-12-10 11:00:00,12943.0,11300.206019927715,11242.58729129002,11275.988763523148,-57.61873,33.40147223312873
2021-12-10 12:00:00,12940.0,11263.314069165343,11042.251187695616,11070.990019943456,-221.06288,28.738832247839667
2021-12-10 13:00:00,13028.0,11266.76314695843,11164.137475571712,11196.351540591086,-102.62567,32.21406501937486
2021-12-10 14:00:00,13049.0,11309.209866960724,11257.99119325467,11281.719930139714,-51.218674,23.728736885044192
2021-12-10 15:00:00,13001.0,11368.676252926774,11338.972149456926,11372.724470483448,-29.704103,33.7523210265222
2021-12-10 16:00:00,12904.0,11399.910316386166,11362.091892161312,11375.145532230828,-37.818424,13.053640069516543
2021-12-10 17:00:00,12789.0,11353.274397975338,11248.475180751217,11300.419304815405,-104.79922,51.94412406418874
2021-12-10 18:00:00,12556.0,11209.32130606586,11031.127366856876,11057.576010426419,-178.19394,26.448643569543943
2021-12-10 19:00:00,12147.0,11001.588742527003,10441.09155014419,10496.557154955806,-560.4972,55.46560481161492
2021-12-10 20:00:00,12208.0,10802.643836882999,10542.003303435733,10503.857717381214,-260.64053,-38.14558605452013
2021-12-10 21:00:00,11946.0,10677.63139866607,10320.390431869195,10324.43247875696,-357.24097,4.042046887765402
2021-12-10 22:00:00,11445.0,10640.207603608775,10033.865440522837,10041.046890847596,-606.34216,7.181450324758505
2021-12-10 23:00:00,11545.5,10647.715141491639,10114.380729870545,10145.624359484944,-533.3344,31.243629614399257
2021-12-11 00:00:00,11538.0,10640.838938897732,10086.68989104617,10117.860108662155,-554.14905,31.1702176159845
2021-12-11 01:00:00,11538.0,10594.74385447903,9881.331195787623,9911.146254366033,-713.41266,29.815058578410227
2021-12-11 02:00:00,11538.0,10538.519433667141,9809.097070385891,9848.381500326883,-729.42236,39.28442994099128
2021-12-11 03:00:00,11538.0,10527.415046665283,9434.535407993408,9489.48786775703,-1092.8796,54.95245976362266
2021-12-11 04:00:00,11068.0,10593.078664210416,9342.319875147916,9354.056611234408,-1250.7588,11.736736086492472
2021-12-11 05:00:00,11145.0,10714.447244698244,9481.844949776369,9470.283270964781,-1232.6023,-11.561678811587182
2021-12-11 06:00:00,11441.0,10831.7723096989,9902.836335577806,9903.973824318073,-928.936,1.1374887402680394
2021-12-11 07:00:00,11469.0,10888.614546254028,10144.064985707153,10137.610473617702,-744.54956,-6.454512089451035
2021-12-11 08:00:00,11428.0,10865.897407577413,10304.980720565694,10328.339972231419,-560.9167,23.35925166572393
2021-12-11 09:00:00,11530.0,10784.475450872407,10224.514513372407,10256.310256460873,-559.96094,31.795743088465105
2021-12-11 10:00:00,11561.0,10682.706761476848,10016.911168215129,10052.898937192565,-665.7956,35.987768977435785
2021-12-11 11:00:00,11546.0,10593.508068937528,9969.056652921903,10031.680741449369,-624.4514,62.62408852746585
2021-12-11 12:00:00,11579.0,10536.998877654407,9858.25388253722,9907.248124401189,-678.745,48.99424186397021
2021-12-11 13:00:00,11848.0,10523.464688113787,9970.85964660988,10023.52949155719,-552.60504,52.669844947308775
2021-12-11 14:00:00,11990.0,10551.79897950625,10266.394255385156,10325.551638939103,-285.40472,59.157383553947554
2021-12-11 15:00:00,12063.0,10600.242473027743,10417.094691655673,10435.340318984487,-183.14778,18.245627328812716
2021-12-11 16:00:00,12071.0,10623.740765807439,10461.879193541814,10494.312527984992,-161.86157,32.43333444317847
2021-12-11 17:00:00,11813.0,10572.832228773861,10439.197737807064,10466.866038143484,-133.63449,27.668300336420348
2021-12-11 18:00:00,11630.0,10428.225592300194,10401.598387405174,10411.025334733957,-26.627205,9.426947328781463
2021-12-11 19:00:00,11244.0,10223.594726494695,9990.964309624578,10004.591261211684,-232.63042,13.62695158710608
2021-12-11 20:00:00,11374.0,10031.619726680148,9820.667456172336,9854.250335974317,-210.95227,33.5828798019819
2021-12-11 21:00:00,11223.0,9917.528405256366,9699.292367048358,9769.292113123493,-218.23604,69.99974607513404
2021-12-11 22:00:00,10851.0,9895.023753195423,9255.352854757923,9298.006663134813,-639.6709,42.65380837689
2021-12-11 23:00:00,10538.0,9921.457459319481,9062.786194671044,9080.131900917188,-858.67126,17.34570624614476
2021-12-12 00:00:00,10288.0,9937.489191553439,8728.437922022189,8721.575797919157,-1209.0513,-6.862124103033167
2021-12-12 01:00:00,10118.0,9918.229431411766,8444.281189224266,8413.26505278523,-1473.9482,-31.01613643903659
2021-12-12 02:00:00,10084.0,9892.686223514129,8332.356877811004,8359.11566708625,-1560.3293,26.75878927524591
2021-12-12 03:00:00,10127.0,9915.997467906489,7998.8435372424265,8036.309947382017,-1917.1539,37.466410139590586
2021-12-12 04:00:00,10302.0,10019.664776155736,8110.5069392416735,8122.253142611492,-1909.1578,11.746203369818756
2021-12-12 05:00:00,10355.0,10182.441539025107,8369.15162203292,8379.26078640114,-1813.2899,10.109164368221002
2021-12-12 06:00:00,10671.0,10344.361242137144,8993.037023387144,8995.272993951368,-1351.3242,2.2359705642239565
2021-12-12 07:00:00,10735.0,10448.738194603373,9306.308140892435,9298.767814252233,-1142.43,-7.540326640201828
2021-12-12 08:00:00,10819.0,10476.22669126183,9418.977301613393,9435.580391401367,-1057.2494,16.603089787974046
2021-12-12 09:00:00,10909.0,10447.39174823547,9485.31655292297,9508.034584146058,-962.0752,22.71803122308895
2021-12-12 10:00:00,11009.0,10400.281452171996,9476.062824242308,9494.59130825384,-924.2186,18.528484011532058
2021-12-12 11:00:00,10951.0,10367.482189328715,9336.613414914653,9373.581084761541,-1030.8688,36.967669846888185
2021-12-12 12:00:00,10978.0,10368.764816671883,9242.491012960945,9269.640225092342,-1126.2738,27.149212131397075
2021-12-12 13:00:00,11215.0,10414.051243815473,9376.294041667035,9422.787012975325,-1037.7572,46.49297130828917
2021-12-12 14:00:00,11331.0,10501.859438198664,9646.64563204632,9699.903978930372,-855.2138,53.25834688405119
2021-12-12 15:00:00,11403.0,10610.044990486644,9906.85608667805,9930.363925184174,-703.1889,23.507838506124415
2021-12-12 16:00:00,11374.0,10693.16186579251,10059.165222726104,10064.667340180527,-633.99664,5.50211745442425
2021-12-12 17:00:00,11374.0,10701.35583307423,10229.304380437512,10245.570183914506,-472.05145,16.265803476993
2021-12-12 18:00:00,11098.0,10614.949319628724,10156.437112597474,10130.540293853137,-458.5122,-25.89681874433657
2021-12-12 19:00:00,10780.0,10467.242148173234,9489.756491434953,9486.618498394935,-977.48566,-3.137993040017164
2021-12-12 20:00:00,11037.0,10330.554492608533,9468.042468682752,9476.865483004392,-862.512,8.823014321640718
2021-12-12 21:00:00,10944.0,10269.766584031378,9486.80497514466,9496.92723763846,-782.9616,10.122262493800665
2021-12-12 22:00:00,10568.0,10298.244520208402,9033.003919622464,9035.907287738883,-1265.2406,2.903368116418537
2021-12-12 23:00:00,11156.5,10373.016274566846,9053.579262848096,9122.893462064327,-1319.437,69.31419921623103
2021-12-13 00:00:00,11252.0,10434.438151165004,9211.32364921188,9194.513119984678,-1223.1145,-16.81052922720049
2021-12-13 01:00:00,11310.0,10457.34582863678,9272.04211769928,9255.44166419092,-1185.3037,-16.60045350836159
2021-12-13 02:00:00,11352.5,10470.505593153284,9175.672097059534,9196.723714646909,-1294.8335,21.051617587374434
2021-12-13 03:00:00,11374.0,10528.845662440655,8856.244710292218,8868.225226917273,-1672.601,11.980516625056028
2021-12-13 04:00:00,11289.0,10663.68636527756,9071.087976605684,9094.016849104426,-1592.5984,22.928872498742432
2021-12-13 05:00:00,11748.0,10853.626483031963,9482.994647094463,9552.563844103395,-1370.6318,69.56919700893111
2021-12-13 06:00:00,11892.0,11038.574240310709,9945.145163162271,9970.696395266978,-1093.4291,25.55123210470544
2021-12-13 07:00:00,11888.0,11161.753435923209,10000.909807993521,10041.61648331866,-1160.8436,40.70667532513839
2021-12-13 08:00:00,11800.0,11203.766790121646,10064.476506918521,10090.655175878595,-1139.2903,26.178668960074724
2021-12-13 09:00:00,11742.0,11185.167063171664,10047.02668231229,10073.850018726482,-1138.1404,26.823336414193317
2021-12-13 10:00:00,11740.0,11144.026698124637,9903.967982304324,9934.756632365803,-1240.0587,30.78865006147872
2021-12-13 11:00:00,11701.0,11112.98994297558,9769.626051374018,9781.019307413571,-1343.3639,11.39325603955318
2021-12-13 12:00:00,11752.0,11111.91728905518,9748.342948234867,9730.843138899403,-1363.5743,-17.49980933546454
2021-12-13 13:00:00,11875.0,11150.851128817983,9901.540215732046,9933.193910429924,-1249.3109,31.653694697876926
2021-12-13 14:00:00,11863.0,11228.459034104004,10066.049366135254,10086.964430220258,-1162.4097,20.91506408500343
2021-12-13 15:00:00,11761.0,11322.772462287106,10292.710328498044,10307.720823525215,-1030.0621,15.010495027170936
2021-12-13 16:00:00,11656.0,11388.545108471351,10412.437686596351,10459.579240050354,-976.1074,47.14155345400238
2021-12-13 17:00:00,11612.0,11376.14605640603,10529.79223560525,10542.82606498654,-846.3538,13.03382938129032
2021-12-13 18:00:00,11479.0,11266.145862251875,10364.293445259687,10413.464281626926,-901.8524,49.17083636723914
2021-12-13 19:00:00,11109.0,11092.117046254194,9815.116435902632,9811.44476731885,-1277.0006,-3.6716685837823246
2021-12-13 20:00:00,11187.0,10926.672622343043,9752.94984402273,9814.078487791025,-1173.7228,61.12864376829395
2021-12-13 21:00:00,10936.0,10834.99769693164,9539.231827791014,9579.813639796237,-1295.7659,40.58181200522278
2021-12-13 22:00:00,11290.0,10830.76734948216,9377.48072838841,9392.407200458145,-1453.2866,14.92647206973644
2021-12-13 23:00:00,11282.0,10871.318967449592,9674.688474285529,9683.173212502665,-1196.6305,8.484738217135712
2021-12-14 00:00:00,11253.5,10897.319891381549,9765.875433373736,9767.143687681617,-1131.4445,1.2682543078809427
2021-12-14 01:00:00,11241.5,10883.920929564125,9578.843536986,9581.597101470546,-1305.0774,2.753564484545841
2021-12-14 02:00:00,11241.5,10860.206642161918,9366.965919505668,9370.591107006276,-1493.2407,3.625187500606813
2021-12-14 03:00:00,11241.5,10881.420628849663,8999.976292912163,8979.56686821463,-1881.4443,-20.409424697533524
2021-12-14 04:00:00,10812.0,10979.187381192974,8919.9532503336,8907.74801508123,-2059.2341,-12.205235252370134
2021-12-14 05:00:00,11222.0,11132.392713086676,9356.363660352301,9351.604132269737,-1776.029,-4.759528082563846
2021-12-14 06:00:00,11458.0,11281.213749677432,9862.720829755557,9857.344023792142,-1418.4929,-5.376805963414096
2021-12-14 07:00:00,11387.0,11369.127328522203,10033.530282623766,10011.34636001626,-1335.597,-22.183922607506137
2021-12-14 08:00:00,11289.0,11376.974973980241,9952.385252300553,9950.41980488092,-1424.5897,-1.9654474196337093
2021-12-14 09:00:00,11291.0,11325.532438394579,9821.387052652392,9828.412474340817,-1504.1454,7.025421688426451
2021-12-14 10:00:00,11275.0,11253.07529127286,9712.898655530673,9707.059669939967,-1540.1766,-5.838985590706881
2021-12-14 11:00:00,11232.0,11192.427209231802,9549.706506106802,9564.645191257885,-1642.7207,14.938685151082003
2021-12-14 12:00:00,11251.0,11163.602579558705,9543.590494597767,9559.219989142051,-1620.0121,15.629494544284924
2021-12-14 13:00:00,11493.0,11176.771749098734,9675.616597731547,9700.236954701586,-1501.1552,24.62035697003986
2021-12-14 14:00:00,11437.0,11230.703694847038,9908.857503440788,9895.716241307342,-1321.8462,-13.141262133445563
2021-12-14 15:00:00,11443.0,11303.503574047405,9999.029330883342,9957.835351949972,-1304.4742,-41.19397893337022
2021-12-14 16:00:00,11373.0,11349.9709378815,10104.311147842438,10069.254561104286,-1245.6598,-35.05658673815265
2021-12-14 17:00:00,11488.0,11320.495388385905,10231.663479206218,10207.585627639613,-1088.8319,-24.07785156660369
2021-12-14 18:00:00,11390.0,11195.647161051993,10147.495427653555,10129.741919932625,-1048.1517,-17.7535077209296
2021-12-14 19:00:00,10990.0,11008.981081446931,9516.209597071931,9506.99788519325,-1492.7715,-9.211711878681351
2021-12-14 20:00:00,11042.0,10833.07477050026,9331.113588859635,9356.560172032237,-1501.9612,25.44658317260348
2021-12-14 21:00:00,10728.0,10733.056576116041,9085.145199162916,9101.780251564318,-1647.9114,16.635052401401015
2021-12-14 22:00:00,11256.0,10722.520246540733,9098.966047321983,9142.001423125623,-1623.5542,43.03537580364026
2021-12-14 23:00:00,11256.0,10758.698534596791,9170.091234792104,9146.27784476732,-1588.6073,-23.813390024782656
2021-12-15 00:00:00,11303.0,10782.137136746262,9518.681692410324,9525.717794278939,-1263.4554,7.03610186861356
2021-12-15 01:00:00,11350.5,10767.855879683291,9439.437910933291,9468.534989156222,-1328.418,29.097078222930122
2021-12-15 02:00:00,11350.5,10744.80329116847,9198.966743316907,9206.864698359832,-1545.8365,7.897955042924682
2021-12-15 03:00:00,11350.5,10768.08105804107,8873.626590267633,8904.756181345832,-1894.4545,31.129591078198466
2021-12-15 04:00:00,10898.0,10869.162667638255,8495.850655919505,8461.359244140334,-2373.312,-34.491411779170384
2021-12-15 05:00:00,11261.0,11026.772892683433,9042.812077253746,9004.7487189902,-1983.9608,-38.063358263545105
2021-12-15 06:00:00,11514.0,11180.92153595404,9591.22866486029,9606.736365333189,-1589.6929,15.507700472899183
2021-12-15 07:00:00,11501.0,11274.918596930598,9858.31666821966,9886.07992741571,-1416.6019,27.763259196049415
2021-12-15 08:00:00,11391.0,11289.4450561492,9853.642199703887,9879.330361686092,-1435.8029,25.688161982204406
2021-12-15 09:00:00,11345.0,11245.124663663379,9703.558379483691,9726.811177809195,-1541.5663,23.252798325503214
2021-12-15 10:00:00,11404.0,11180.088900422725,9565.96414456335,9575.984173986762,-1614.1248,10.020029423412781
2021-12-15 11:00:00,11356.0,11127.024427806582,9435.49598542377,9463.618049578265,-1691.5284,28.122064154495934
2021-12-15 12:00:00,11390.0,11105.816385043061,9377.600686800874,9383.33514614984,-1728.2157,5.734459348966101
2021-12-15 13:00:00,11617.0,11126.51527148467,9585.470227539357,9596.933338244025,-1541.045,11.463110704668495
2021-12-15 14:00:00,11614.0,11187.780549276362,9830.150666463862,9852.20577585534,-1357.6299,22.05510939147867
2021-12-15 15:00:00,11666.0,11267.6180645129,9910.971335997276,9926.470441726242,-1356.6467,15.499105728966121
2021-12-15 16:00:00,11684.0,11320.738633685702,10006.275498920077,9994.776821357513,-1314.4631,-11.498677562564279
2021-12-15 17:00:00,11537.0,11297.456205683047,10177.755033808047,10186.013654300477,-1119.7012,8.258620492429323
2021-12-15 18:00:00,11300.0,11178.282440117287,9985.133270195412,10019.89198477065,-1193.1492,34.75871457523626
2021-12-15 19:00:00,10849.0,10996.733140127884,9289.98924364351,9327.124031572384,-1706.7439,37.13478792887511
2021-12-15 20:00:00,10910.0,10825.364681490279,9141.556942232466,9141.029698779663,-1683.8077,-0.5272434528025508
2021-12-15 21:00:00,10676.0,10729.29639077895,8915.26807046645,8892.88895537499,-1814.0283,-22.379115091459486
2021-12-15 22:00:00,11308.5,10722.119724226091,9074.084934187029,9027.400490902259,-1648.0348,-46.68444328476945
2021-12-15 23:00:00,11288.5,10761.070492093368,9344.785702054305,9325.938830060217,-1416.2848,-18.84687199408768
2021-12-16 00:00:00,11285.5,10786.706123411359,9618.782661497296,9671.03424537919,-1167.9235,52.25158388189405
2021-12-16 01:00:00,11284.0,10774.071284117013,9527.974482359201,9572.165962956553,-1246.0968,44.19148059735216
2021-12-16 02:00:00,11284.0,10752.153271875373,9331.03303261756,9389.982938110177,-1421.1202,58.94990549261628
2021-12-16 03:00:00,11284.0,10776.102011923636,8914.586997275199,8982.416049260397,-1861.515,67.82905198519794
2021-12-16 04:00:00,10743.0,10877.441739189668,8577.336514580293,8613.941625417256,-2300.1052,36.60511083696336
2021-12-16 05:00:00,11202.0,11034.945728600576,9139.408985436514,9101.65788237319,-1895.5367,-37.751103063322404
2021-12-16 06:00:00,11497.0,11188.669981236924,9636.286680455674,9628.42092163544,-1552.3833,-7.865758820235348
2021-12-16 07:00:00,11428.0,11281.971391510213,9866.142289947713,9881.51988910924,-1415.8291,15.37759916152725
2021-12-16 08:00:00,11338.0,11295.580680114888,9817.973746521138,9850.329970030829,-1477.6069,32.356223509690324
2021-12-16 09:00:00,11317.0,11250.172923042903,9739.134837105403,9788.126788176365,-1511.0381,48.99195107096218
2021-12-16 10:00:00,11277.0,11183.92858276018,9609.439691158617,9661.871083125976,-1574.4889,52.431391967358984
2021-12-16 11:00:00,11294.0,11129.577064970283,9428.273109892158,9466.850338767415,-1701.304,38.57722887525746
2021-12-16 12:00:00,11291.0,11107.037949473068,9413.474472910568,9449.65085588604,-1693.5635,36.17638297547192
2021-12-16 13:00:00,11451.0,11126.387075379213,9575.747549012025,9622.886842650889,-1550.6395,47.139293638864594
2021-12-16 14:00:00,11568.0,11186.299007766502,9690.009945266502,9734.999698596637,-1496.2891,44.98975333013594
2021-12-16 15:00:00,11630.0,11264.78265181596,9837.652524862835,9842.44115703283,-1427.1301,4.788632169994909
2021-12-16 16:00:00,11572.0,11316.538945765531,10041.770146937406,10067.090802191784,-1274.7688,25.320655254378607
2021-12-16 17:00:00,11576.0,11291.860689221345,10151.936739026032,10163.018443187646,-1139.924,11.081704161613537
2021-12-16 18:00:00,11509.0,11171.230715852887,10029.65124807945,10049.826440246601,-1141.5795,20.17519216715174
2021-12-16 19:00:00,11074.0,10988.130841653012,9357.551495949887,9406.098526384536,-1630.5793,48.547030434648605
2021-12-16 20:00:00,11148.0,10815.076995033993,9178.455168862118,9215.733097929819,-1636.6218,37.27792906770059
2021-12-16 21:00:00,10886.0,10717.136947531972,8889.046249289784,8885.914202109563,-1828.0907,-3.1320471802206056
2021-12-16 22:00:00,10492.0,10707.835317535943,9003.859853668755,8976.44190381926,-1703.9755,-27.417949849496612
2021-12-16 23:00:00,11372.5,10744.326126730475,9139.433182394538,9147.65212727564,-1604.893,8.218944881102312
2021-12-17 00:00:00,11420.5,10767.075467981758,9730.874662317696,9736.67144122057,-1036.2008,5.796778902873514
2021-12-17 01:00:00,11420.5,10751.033966301002,9650.075958488502,9632.287018909734,-1100.958,-17.788939578767717
2021-12-17 02:00:00,11441.0,10725.09570576126,9424.696535839385,9421.703673454134,-1300.3992,-2.992862385251064
2021-12-17 03:00:00,11441.0,10744.316727096804,9110.597122604617,9139.908762101199,-1633.7196,29.31163949658175
2021-12-17 04:00:00,10992.0,10840.12292539512,8725.243286723246,8709.513917659602,-2114.8796,-15.729369063643519
2021-12-17 05:00:00,11492.0,10991.18336368452,9201.782240637645,9195.116752966736,-1789.4011,-6.665487670909563
2021-12-17 06:00:00,11800.0,11137.447350757579,9880.554040210704,9898.966866637627,-1256.8933,18.412826426924426
2021-12-17 07:00:00,11760.0,11222.169119406604,10039.722952414417,10047.79462678009,-1182.4462,8.071674365674358
2021-12-17 08:00:00,11631.0,11225.986424958282,9970.363500153595,9958.362919275085,-1255.6229,-12.000580878509613
2021-12-17 09:00:00,11611.0,11169.493284964467,9885.752196097279,9888.966136575616,-1283.7411,3.2139404783379573
2021-12-17 10:00:00,11527.0,11090.800449622824,9813.708286536887,9833.093310108157,-1277.0922,19.38502357127156
2021-12-17 11:00:00,11390.0,11022.578282299708,9603.239903393458,9635.921552623482,-1419.3384,32.68164923002474
2021-12-17 12:00:00,11371.0,10984.698936975701,9491.035362756951,9512.262582968457,-1493.6636,21.227220211505994
2021-12-17 13:00:00,11651.0,10987.204407765192,9658.676575733942,9690.649415141841,-1328.5278,31.97283940789982
2021-12-17 14:00:00,11730.0,11028.750324488115,9797.170734644365,9802.021633706678,-1231.5796,4.850899062311642
2021-12-17 15:00:00,11666.0,11087.341886966706,9997.829191654206,9963.462965135564,-1089.5127,-34.36622651864149
2021-12-17 16:00:00,11638.0,11117.692416995498,10098.896396487686,10098.312915028675,-1018.796,-0.5834814590102264
2021-12-17 17:00:00,11665.0,11070.12619905803,10170.58664827678,10191.80835306224,-899.53955,21.22170478546093
2021-12-17 18:00:00,11565.0,10925.181160193963,10028.988838416619,10053.029837551177,-896.1923,24.0409991345594
2021-12-17 19:00:00,11132.0,10716.420792441802,9407.80641255899,9402.315218824775,-1308.6144,-5.491193734214363
2021-12-17 20:00:00,11204.0,10516.46797377012,9145.97041517637,9148.423370196582,-1370.4976,2.452955020211944
2021-12-17 21:00:00,10965.0,10390.517563178237,8880.776718451674,8886.540558209426,-1509.7408,5.763839757752791
2021-12-17 22:00:00,10459.0,10352.236261823882,8482.675714948882,8470.4444083919,-1869.5605,-12.231306556980975
2021-12-17 23:00:00,10124.0,10358.934058161585,8331.370459528773,8248.678542533089,-2027.5636,-82.69191699568357
2021-12-18 00:00:00,10709.5,10351.250391106534,8536.364526848722,8529.867196685176,-1814.8859,-6.497330163545172
2021-12-18 01:00:00,10709.5,10304.331098413342,8713.58390603053,8691.24599127048,-1590.7472,-22.337914760050293
2021-12-18 02:00:00,10709.5,10247.288096236138,8574.128306197075,8546.30408031644,-1673.1598,-27.824225880634433
2021-12-18 03:00:00,10709.5,10235.413204381497,8063.458126256497,7987.128588842823,-2171.955,-76.3295374136742
2021-12-18 04:00:00,10144.0,10300.378725938323,7852.5000638289475,7804.4741104418645,-2447.8787,-48.02595338708304
2021-12-18 05:00:00,10247.0,10421.105491020979,7930.140158989729,7879.948113217449,-2490.9653,-50.19204577227958
2021-12-18 06:00:00,10498.0,10537.79919881985,8569.892094327663,8517.92043520191,-1967.9071,-51.97165912575219
2021-12-18 07:00:00,10635.0,10593.977254303954,8886.372395905517,8875.1944822859,-1707.6049,-11.177913619617067
2021-12-18 08:00:00,10711.0,10570.548507218251,8869.647628312001,8877.868919690678,-1700.9009,8.221291378676751
2021-12-18 09:00:00,10701.0,10488.383560563681,8875.619522477744,8892.994614992953,-1612.764,17.375092515208255
2021-12-18 10:00:00,10708.0,10385.869979626525,8771.853011853087,8776.83246643308,-1614.017,4.979454579992475
2021-12-18 11:00:00,10722.0,10295.949796249997,8706.179044296872,8731.037464953917,-1589.7708,24.858420657045265
2021-12-18 12:00:00,10772.0,10238.757993637679,8608.353208481429,8631.405445911607,-1630.4048,23.05223743017866
2021-12-18 13:00:00,11075.0,10224.588002158187,8864.27904219725,8926.501498484291,-1360.309,62.22245628704198
2021-12-18 14:00:00,11276.0,10252.33248632007,9205.220914054446,9188.896739055157,-1047.1116,-16.324174999287994
2021-12-18 15:00:00,11439.0,10300.21550027098,9606.299057399887,9596.18177244179,-693.91644,-10.117284958096848
2021-12-18 16:00:00,11531.0,10323.14809399577,9824.061454591472,9799.412216166706,-499.08664,-24.649238424767628
2021-12-18 17:00:00,11414.0,10271.63070863777,9951.748750629957,9909.796167331646,-319.88196,-41.95258329831086
2021-12-18 18:00:00,11061.0,10126.35730157679,9633.18152032679,9583.255001318726,-493.17578,-49.926519008064766
2021-12-18 19:00:00,10596.0,9921.027621760099,9038.412875666349,9013.198824334615,-882.61475,-25.2140513317343
2021-12-18 20:00:00,10755.0,9728.377580473398,8901.328447172617,8901.369352572998,-827.04913,0.04090540038156386
2021-12-18 21:00:00,10566.0,9613.685084719324,8768.494288820886,8783.671936352073,-845.1908,15.177647531187397
2021-12-18 22:00:00,10259.0,9590.663672487455,8128.057593385893,8118.442894447072,-1462.6061,-9.614698938820933
2021-12-18 23:00:00,9920.0,9616.632328569121,8020.964237748809,8016.342155574552,-1595.6681,-4.62208217425756
2021-12-19 00:00:00,9684.0,9632.205205587486,7713.800054220299,7699.484351258918,-1918.4052,-14.31570296138133
2021-12-19 01:00:00,9584.0,9612.473711209741,7574.702348905053,7554.261931268347,-2037.7714,-20.440417636705785
2021-12-19 02:00:00,9573.0,9586.468182443632,7308.848309396757,7285.210110377996,-2277.6199,-23.638199018760595
2021-12-19 03:00:00,9644.0,9609.36886535792,7148.709929811044,7136.5982684531145,-2460.659,-12.111661357929405
2021-12-19 04:00:00,9845.0,9712.701575452402,7094.033850843027,7077.499588918256,-2618.6677,-16.53426192477008
2021-12-19 05:00:00,10012.0,9875.203422641534,7507.738334750909,7540.951802048132,-2367.465,33.213467297222
2021-12-19 06:00:00,10319.0,10036.861894355392,8054.243730292892,8053.446904292784,-1982.6182,-0.7968260001083604
2021-12-19 07:00:00,10467.0,10140.947819758328,8539.218327570828,8537.56263429651,-1601.7295,-1.655693274319448
2021-12-19 08:00:00,10602.0,10168.100671665872,8766.598962681497,8774.219445852345,-1401.5017,7.620483170847174
2021-12-19 09:00:00,10741.0,10138.901274429572,8829.251494156135,8831.531973203164,-1309.6498,2.2804790470293317
2021-12-19 10:00:00,10807.0,10091.426939849212,8717.714171294525,8725.307396760536,-1373.7128,7.593225466010666
2021-12-19 11:00:00,10837.0,10058.289086503572,8689.791527909822,8678.778903821956,-1368.4976,-11.01262408786608
2021-12-19 12:00:00,10893.0,10059.273767176588,8608.36031502815,8599.158595470411,-1450.9135,-9.20171955773994
2021-12-19 13:00:00,11102.0,10104.310527710611,8846.928447632486,8835.209234842208,-1257.3821,-11.719212790278483
2021-12-19 14:00:00,11263.0,10191.91621898519,9169.765889395347,9199.665711910528,-1022.1503,29.899822515181338
2021-12-19 15:00:00,11445.0,10299.929457071696,9504.526991251383,9532.178822192309,-795.40247,27.651830940925272
2021-12-19 16:00:00,11604.0,10382.86934931548,9817.41280634673,9802.936533137707,-565.45654,-14.476273209023427
2021-12-19 17:00:00,11581.0,10390.843423896004,10022.288583808113,10029.857715051034,-368.55484,7.569131242921058
2021-12-19 18:00:00,11512.0,10304.159026353978,9837.777098863744,9831.817783971515,-466.38193,-5.959314892227686
2021-12-19 19:00:00,11253.0,10156.141554434558,9323.37653978612,9312.407733702297,-832.765,-10.968806083823138
2021-12-19 20:00:00,11480.0,10019.166701693719,9302.195571322625,9338.07528424187,-716.9711,35.87971291924484
2021-12-19 21:00:00,11392.0,9958.164507622318,9421.631060356693,9402.850849194732,-536.53345,-18.780211161960548
2021-12-19 22:00:00,11069.0,9986.511343292737,8932.468252472425,8930.484157690096,-1054.0431,-1.9840947823292976
2021-12-19 23:00:00,10789.0,10061.20221920373,8848.733835414667,8850.657803444461,-1212.4684,1.923968029793998
2021-12-20 00:00:00,11462.5,10122.547682240927,8741.875074819052,8726.019636926198,-1380.6726,-15.85543789285448
2021-12-20 01:00:00,11496.0,10145.36411429664,9256.36704398414,9234.835795191599,-888.9971,-21.531248792541273
2021-12-20 02:00:00,10816.0,10158.439891836257,9200.469493887038,9190.542173717717,-957.9704,-9.927320169322085
2021-12-20 03:00:00,11252.0,10216.745398904048,8136.811072732173,8145.210989654006,-2079.9343,8.3999169218335
2021-12-20 04:00:00,12061.0,10351.62501228257,8747.79102790757,8743.3594055793,-1603.834,-4.431622328268665
2021-12-20 05:00:00,12583.0,10541.661101412285,9601.15188510369,9605.591343925507,-940.5092,4.439458821815803
2021-12-20 06:00:00,12925.0,10726.71578742664,9890.556729809452,9875.437157506036,-836.15906,-15.119572303416358
2021-12-20 07:00:00,12900.0,10849.9693102324,10360.192973562478,10357.18301249428,-489.77634,-3.009961068197749
2021-12-20 08:00:00,12822.0,10892.009515856364,10409.965417955973,10394.963150705378,-482.0441,-15.002267250593873
2021-12-20 09:00:00,12887.0,10873.404947341782,10420.930032791,10397.387611238944,-452.4749,-23.542421552055238
2021-12-20 10:00:00,12797.0,10832.257274064648,10321.215526017773,10296.156068434522,-511.04175,-25.059457583251124
2021-12-20 11:00:00,12746.0,10801.235803673579,10221.957422325922,10188.585091258927,-579.2784,-33.37233106699514
2021-12-20 12:00:00,12714.0,10800.21627605553,10046.122220879748,10019.46277901376,-754.09406,-26.659441865988377
2021-12-20 13:00:00,12921.0,10839.248797128103,10130.34926099529,10112.247363318209,-708.89954,-18.10189767708182
2021-12-20 14:00:00,13011.0,10916.999922687906,10496.553847248453,10507.328978377678,-420.44608,10.775131129224397
2021-12-20 15:00:00,12989.0,11011.484257898192,10633.077244958738,10606.61030636827,-378.407,-26.466938590468306
2021-12-20 16:00:00,12922.0,11077.42078272966,10722.020270034347,10720.21039225446,-355.4005,-1.8098777798880248
2021-12-20 17:00:00,12900.0,11065.140501232167,10957.15469953539,10935.98806195072,-107.9858,-21.166637584669107
2021-12-20 18:00:00,12767.0,10955.199065359402,10665.322692068386,10660.350115010764,-289.87637,-4.972577057621624
2021-12-20 19:00:00,12341.0,10781.194762334038,10102.97485266607,10098.742921316027,-678.2199,-4.23193135004234
2021-12-20 20:00:00,12402.0,10615.79632981785,9938.744510970193,9902.483196500885,-677.0518,-36.26131446930785
2021-12-20 21:00:00,12188.0,10524.238896550725,9702.021977605413,9668.698307702996,-822.2169,-33.323669902416256
2021-12-20 22:00:00,12756.5,10520.208036683025,9864.471769593181,9812.048374019443,-655.73627,-52.42339557373789
2021-12-20 23:00:00,12756.5,10561.00840119054,9898.905984198353,9898.43139879253,-662.1024,-0.47458540582108977
2021-12-21 00:00:00,12794.5,10587.2618025156,9964.501609644507,9926.006449705656,-622.7602,-38.49515993885058
2021-12-21 01:00:00,12861.0,10574.09998149125,9969.633611862344,9942.870950310928,-604.4664,-26.762661551416677
2021-12-21 02:00:00,12861.0,10550.629815727303,9712.663812309334,9697.510887387054,-837.966,-15.152924922280873
2021-12-21 03:00:00,12861.0,10572.137293927339,9551.418665997651,9511.038175696414,-1020.7186,-40.380490301237025
2021-12-21 04:00:00,12342.0,10670.271171724486,9394.70207992761,9366.025731350339,-1275.5691,-28.676348577272073
2021-12-21 05:00:00,12822.0,10823.901058457346,10026.756649277659,10000.553658390667,-797.1444,-26.202990886990968
2021-12-21 06:00:00,13077.0,10973.158172441359,10280.149139238234,10276.467748307738,-693.00903,-3.6813909304962156
2021-12-21 07:00:00,12998.0,11061.475976551284,10405.232751453628,10408.464265347153,-656.2432,3.231513893524256
2021-12-21 08:00:00,12989.0,11069.681291042496,10374.771317897965,10350.242325208459,-694.91,-24.528992689505998
2021-12-21 09:00:00,12992.0,11018.56580566457,10388.967722168476,10362.953537105095,-629.5981,-26.014185063381415
2021-12-21 10:00:00,13013.0,10946.434454138749,10415.97626322078,10389.520307666326,-530.4582,-26.455955554455297
2021-12-21 11:00:00,12986.0,10886.13609289015,10312.286849726088,10294.413022844328,-573.84924,-17.873826881759776
2021-12-21 12:00:00,12966.0,10857.700459391473,10173.291951090692,10124.338712237788,-684.4085,-48.953238852904256
2021-12-21 13:00:00,13084.0,10871.305696493338,10286.660371786307,10287.512147762965,-584.6453,0.8517759766579744
2021-12-21 14:00:00,13196.0,10925.71982826665,10469.777811665088,10440.396226427261,-455.94202,-29.381585237826826
2021-12-21 15:00:00,13204.0,10999.03120333336,10881.474639002305,10876.465979658104,-117.556564,-5.00865934420144
2021-12-21 16:00:00,13175.0,11046.004681920911,10931.154034948255,10933.864066949329,-114.85065,2.7100320010738637
2021-12-21 17:00:00,13215.0,11016.991791462116,11041.050204013996,11066.882655470892,24.058413,25.832451456894933
2021-12-21 18:00:00,13030.0,10892.547849823228,10811.436781097642,10811.473969677563,-81.11107,0.03718857992189662
2021-12-21 19:00:00,12631.0,10706.253418309454,10263.333465916876,10252.72901722455,-442.91995,-10.60444869232528
2021-12-21 20:00:00,12674.0,10530.74179350049,10118.98691068799,10093.60712149721,-411.75488,-25.37978919077947
2021-12-21 21:00:00,12463.0,10431.191281762709,9978.304196801771,9982.70001396673,-452.8871,4.395817164959246
2021-12-21 22:00:00,12985.5,10421.206047659014,9961.185722951983,9987.225837344879,-460.02032,26.04011439289589
2021-12-21 23:00:00,12985.5,10457.986016005178,10225.31443092217,10219.567910168797,-232.67159,-5.746520753373498
2021-12-22 00:00:00,12975.5,10482.03125199312,10322.25340470308,10355.053727567587,-159.77785,32.8003228645061
2021-12-22 01:00:00,12971.0,10468.342401637477,10242.610330714626,10256.811026950825,-225.73207,14.200696236199404
2021-12-22 02:00:00,12971.0,10445.890188503767,10071.34554128697,10105.809555750018,-374.54465,34.46401446304909
2021-12-22 03:00:00,12971.0,10469.818560116884,9788.156267636416,9825.22828875455,-681.6623,37.07202111813424
2021-12-22 04:00:00,12583.0,10571.625134560534,9701.40205106444,9718.290588761969,-870.2231,16.888537697529344
2021-12-22 05:00:00,12985.0,10730.018343394844,9910.17141956672,9925.176737320719,-819.8469,15.005317753999863
2021-12-22 06:00:00,13242.0,10884.961944433859,10617.137481543234,10664.751375148899,-267.82446,47.61389360566528
2021-12-22 07:00:00,13170.0,10979.722424433412,10698.61454479474,10741.376469312389,-281.10788,42.76192451764796
2021-12-22 08:00:00,13120.0,10994.965923475833,10740.901302504153,10751.388160546623,-254.06462,10.486858042470192
2021-12-22 09:00:00,13105.0,10951.331995876359,10708.23755923085,10738.165346942644,-243.09444,29.927787711793343
2021-12-22 10:00:00,13061.0,10886.98135824907,10616.979344088913,10632.60116910804,-270.002,15.62182501912719
2021-12-22 11:00:00,12957.0,10834.625729152178,10442.269131251787,10466.75899046489,-392.3566,24.489859213102232
2021-12-22 12:00:00,12907.0,10814.165482398364,10390.11689841399,10399.104997974722,-424.04858,8.988099560732003
2021-12-22 13:00:00,13028.0,10835.658805797628,10466.829032848409,10466.560899877826,-368.82977,-0.26813297058231944
2021-12-22 14:00:00,13119.0,10897.764109926204,10494.593516664485,10481.600087530791,-403.1706,-12.993429133694065
2021-12-22 15:00:00,13090.0,10978.470343194991,10756.414663873702,10755.332895327501,-222.05568,-1.0817685462003959
2021-12-22 16:00:00,13052.0,11032.453552142539,10889.336974994101,10884.238020121169,-143.11658,-5.098954872931889
2021-12-22 17:00:00,13024.0,11009.989542491381,11090.68951655144,11127.79275154918,80.699974,37.103234997739776
2021-12-22 18:00:00,12775.0,10891.57499825036,10934.551431050653,10961.413135208799,42.976433,26.861704158145965
2021-12-22 19:00:00,12456.0,10710.751410853563,10222.43488253325,10231.586147289448,-488.31653,9.151264756198373
2021-12-22 20:00:00,12407.0,10540.130794683047,10242.718135991641,10244.166030350818,-297.41266,1.4478943591759634
2021-12-22 21:00:00,12098.0,10444.882407722034,9928.696494636097,9884.018252492251,-516.1859,-44.67824214384611
2021-12-22 22:00:00,12134.0,10438.608105005029,9932.699291528466,9949.255415458798,-505.9088,16.556123930331687
2021-12-22 23:00:00,12094.5,10478.510860105776,10054.259059568667,10029.166032070712,-424.2518,-25.093027497955273
2021-12-23 00:00:00,12046.5,10505.102470194937,10021.02626780236,10031.471386498266,-484.0762,10.445118695906814
2021-12-23 01:00:00,11941.5,10493.408427104436,9894.604594096623,9903.099759604575,-598.80383,8.495165507951643
2021-12-23 02:00:00,11890.5,10472.438237058757,9599.844364988445,9625.502269660929,-872.5939,25.657904672482967
2021-12-23 03:00:00,11890.5,10497.384103788603,9340.97870828079,9380.554191197507,-1156.4054,39.57548291671587
2021-12-23 04:00:00,11457.0,10599.794414746326,9335.489238965076,9362.146133802984,-1264.3052,26.6568948379088
2021-12-23 05:00:00,11755.0,10758.426128176963,9492.8220022004,9524.330583956487,-1265.6041,31.50858175608637
2021-12-23 06:00:00,12091.0,10913.289226195137,9988.353740355293,10049.134658281271,-924.9355,60.780917925978976
2021-12-23 07:00:00,12170.0,11007.697116764159,10169.23550787744,10205.049832842396,-838.4616,35.814324964956924
2021-12-23 08:00:00,12002.0,11022.365705444436,10218.884382202248,10248.907842535546,-803.4813,30.023460333298146
2021-12-23 09:00:00,11880.0,10977.985895716278,10057.571405970184,10089.09743984627,-920.4145,31.526033876085695
2021-12-23 10:00:00,11881.0,10912.767405666184,9980.529246486496,9999.3124489555,-932.23816,18.783202469004003
2021-12-23 11:00:00,11816.0,10859.46471383798,9787.00768258798,9820.427092898657,-1072.457,33.41941031067651
2021-12-23 12:00:00,11725.0,10838.012645003037,9681.590770003037,9708.119372730274,-1156.4219,26.528602727236876
2021-12-23 13:00:00,11900.0,10858.494730990164,9784.385600130789,9821.530529193156,-1074.1091,37.144929062367744
2021-12-23 14:00:00,11968.0,10919.584482679844,9903.433603773594,9944.544036941694,-1016.1509,41.11043316809938
2021-12-23 15:00:00,11952.0,10999.273897503337,9932.08554301115,9930.494618084895,-1067.1884,-1.5909249262549976
2021-12-23 16:00:00,11949.0,11052.229125697257,10261.742187220694,10291.116785446857,-790.48694,29.3745982261618
2021-12-23 17:00:00,11942.0,11028.704797425673,10398.26619879286,10434.954581493348,-630.4386,36.688382700487516
2021-12-23 18:00:00,11806.0,10909.168736085361,10290.80124340958,10303.960730476578,-618.3675,13.159487066997388
2021-12-23 19:00:00,11435.0,10727.128402863797,9725.263412629422,9739.149067414151,-1001.865,13.885654784729086
2021-12-23 20:00:00,11588.0,10555.155313535452,9716.563943906545,9745.893563997703,-838.5914,29.32962009115717
2021-12-23 21:00:00,11348.0,10458.36711189222,9537.250046462532,9533.386084810765,-921.11707,-3.863961651766246
2021-12-23 22:00:00,11656.5,10450.298748627414,9527.004315033664,9580.510387895467,-923.29443,53.50607286180274
2021-12-23 23:00:00,11656.5,10488.071335526156,9749.430100174593,9770.905669609878,-738.64124,21.47556943528523
2021-12-24 00:00:00,11656.5,10512.105254511847,9645.131621699347,9690.960553634599,-866.97363,45.8289319352509
2021-12-24 01:00:00,11695.5,10497.331872455547,9514.534142963359,9524.492941872471,-982.7977,9.958798909112955
2021-12-24 02:00:00,11695.5,10472.667394089109,9415.390660690671,9440.867067141846,-1057.2767,25.476406451175237
2021-12-24 03:00:00,11695.5,10493.21004806558,9201.871058807768,9248.640881557905,-1291.339,46.76982275013691
2021-12-24 04:00:00,11695.5,10590.40979001749,8755.33410642374,8776.739556066865,-1835.0757,21.405449643124744
2021-12-24 05:00:00,11043.0,10742.919274285221,9513.662072136784,9530.13738807063,-1229.2572,16.475315933846968
2021-12-24 06:00:00,11554.0,10890.641700071976,9545.426856321976,9567.996612591836,-1345.2148,22.56975626986027
2021-12-24 07:00:00,11807.0,10976.787725952907,9798.59204724197,9826.360366519451,-1178.1957,27.768319277481904
2021-12-24 08:00:00,11965.0,10981.980208685856,9876.272200873356,9883.175901637927,-1105.708,6.903700764571476
2021-12-24 09:00:00,12006.0,10926.828915682001,9877.897641267939,9892.141377093725,-1048.9313,14.243735825787114
2021-12-24 10:00:00,11925.0,10849.473782412933,9809.261135928558,9825.102164761087,-1040.2126,15.841028832528567
2021-12-24 11:00:00,11803.0,10782.61018340623,9684.175246882793,9696.695016366097,-1098.4349,12.519769483304563
2021-12-24 12:00:00,11835.0,10746.12546597499,9558.165871248428,9563.656958131744,-1187.9596,5.4910868833160205
2021-12-24 13:00:00,12032.0,10750.069276588676,9660.578553932426,9694.97062635952,-1089.4907,34.39207242709445
2021-12-24 14:00:00,12138.0,10793.096162947752,9760.400850447752,9782.808928697543,-1032.6953,22.408078249791615
2021-12-24 15:00:00,12022.0,10853.194402645817,10087.726201962223,10090.338633084299,-765.4682,2.612431122075164
2021-12-24 16:00:00,11902.0,10885.042529362512,10218.36351324923,10218.453852220015,-666.679,0.09033897078301278
2021-12-24 17:00:00,11798.0,10838.926673074238,10306.17386545705,10338.546584929756,-532.7528,32.37271947270538
2021-12-24 18:00:00,11705.0,10695.369781084395,10139.250152178145,10132.824398382538,-556.1196,-6.425753795606695
2021-12-24 19:00:00,11534.0,10487.961037184514,9415.214211012639,9402.106656572769,-1072.7468,-13.107554439869965
2021-12-24 20:00:00,11876.0,10289.37896934602,9391.616945420239,9380.766518498276,-897.762,-10.850426921963223
2021-12-24 21:00:00,11856.0,10164.868387620756,9273.82389299185,9256.26501481422,-891.0445,-17.558878177629648
2021-12-24 22:00:00,11574.0,10128.106420132359,9162.667394253453,9175.757907005327,-965.439,13.090512751874359
2021-12-24 23:00:00,11355.0,10136.370255535167,9208.643937175792,9182.154449867121,-927.7263,-26.489487308671183
2021-12-25 00:00:00,11073.0,8836.858926249255,7911.663064432849,7919.789287178317,-925.19586,8.126222745468194
2021-12-25 01:00:00,11624.5,8791.48289104643,7756.255596124554,7788.697038897753,-1035.2273,32.4414427731994
2021-12-25 02:00:00,11624.5,8735.98741842887,7827.2172157921505,7840.954226711003,-908.7702,13.737010918852533
2021-12-25 03:00:00,11041.0,8725.706679393892,7526.333388378267,7574.438908694128,-1199.3733,48.10552031586109
2021-12-25 04:00:00,11071.0,8792.33721099979,6953.593680726353,6902.394392347141,-1838.7435,-51.19928837921235
2021-12-25 05:00:00,11112.0,8914.783616705407,7301.547166510094,7296.348056188534,-1613.2365,-5.199110321559813
2021-12-25 06:00:00,11363.0,9033.205674983425,7833.96763787405,7802.243630356395,-1199.238,-31.724007517653877
2021-12-25 07:00:00,11491.0,9091.077410447544,8005.8304622053565,7961.52239106799,-1085.247,-44.30807113736705
2021-12-25 08:00:00,11622.0,9069.292971072418,8181.158937869293,8168.569976499702,-888.13403,-12.588961369591663
2021-12-25 09:00:00,11734.0,8988.738907458091,8144.491470934654,8154.288345112949,-844.24744,9.796874178295136
2021-12-25 10:00:00,11730.0,8887.832166654893,8008.736219389268,8002.239240816823,-879.09595,-6.496978572444471
2021-12-25 11:00:00,11627.0,8799.539984674158,7927.822089166346,7938.7487460337925,-871.7179,10.926656867446498
2021-12-25 12:00:00,11688.0,8744.012725441307,7881.457244484276,7877.508398004899,-862.5555,-3.9488464793763276
2021-12-25 13:00:00,11870.0,8731.551651201766,7968.970962725203,7969.4133414559865,-762.5807,0.44237873078361106
2021-12-25 14:00:00,12090.0,8761.048513834692,8304.632620280005,8295.439051197343,-456.4159,-9.193569082660847
2021-12-25 15:00:00,12130.0,8810.710602552525,8755.399742872349,8732.089259825543,-55.31086,-23.310483046805277
2021-12-25 16:00:00,12153.0,8835.41432237531,8919.460136889471,8912.601746403796,84.045815,-6.858390485675747
2021-12-25 17:00:00,12116.0,8785.622086938001,8959.469010766126,8961.3329829002,173.84692,1.8639721340725586
2021-12-25 18:00:00,11936.0,8642.01298297171,8802.579496033233,8772.675649039309,160.56651,-29.903846993924322
2021-12-25 19:00:00,11659.0,8438.312540675483,8028.87833657392,8018.112966183368,-409.4342,-10.76537039055137
2021-12-25 20:00:00,11964.0,8247.312389833152,8228.608498079002,8225.380231960658,-18.703892,-3.228266118342984
2021-12-25 21:00:00,11875.0,8134.340434661686,7967.072414031803,7954.8314365229735,-167.26802,-12.240977508830113
2021-12-25 22:00:00,11558.0,8113.1206628797045,7609.061733436345,7574.351475111558,-504.05893,-34.710258324787155
2021-12-25 23:00:00,11252.0,8140.93925804019,7465.8698000323775,7440.608429276664,-675.06946,-25.261370755713994
2021-12-26 00:00:00,11151.0,9451.901192072051,8500.283821466583,8494.307829903024,-951.6174,-5.975991563558196
2021-12-26 01:00:00,11165.0,9434.011738954387,8444.338643251262,8442.932315374455,-989.6731,-1.4063278768056442
2021-12-26 02:00:00,11206.0,9409.853962411396,8372.488239755146,8401.760983479913,-1037.3657,29.27274372476624
2021-12-26 03:00:00,11296.0,9434.650357805594,8265.943204485282,8241.940388587924,-1168.7072,-24.002815897358037
2021-12-26 04:00:00,11477.0,9539.950847963517,8216.512737611954,8199.297330828993,-1323.4381,-17.215406782962344
2021-12-26 05:00:00,11516.0,9704.476165450049,8396.805999434424,8378.888132862367,-1307.6702,-17.91786657205711
2021-12-26 06:00:00,11860.0,9868.167703146644,8947.211282248207,8898.750452574986,-920.9564,-48.460829673220296
2021-12-26 07:00:00,12015.0,9974.252714067676,9235.68234053252,9199.864545504692,-738.5704,-35.81779502782737
2021-12-26 08:00:00,12119.0,10003.355752909682,9351.305704081557,9383.618542899221,-652.05005,32.31283881766388
2021-12-26 09:00:00,12226.0,9976.073356323182,9393.620170288026,9407.077597301884,-582.4532,13.457427013857634
2021-12-26 10:00:00,12205.0,9930.511965469432,9347.1117579499,9362.911811372898,-583.4002,15.80005342299743
2021-12-26 11:00:00,12050.0,9899.307935634015,9170.728712001202,9194.195172288244,-728.5792,23.466460287040967
2021-12-26 12:00:00,12072.0,9902.262419915894,9095.817046380738,9115.073596549788,-806.4454,19.256550169050332
2021-12-26 13:00:00,12212.0,9949.312505082935,9213.59595234856,9225.485767776774,-735.71655,11.88981542821428
2021-12-26 14:00:00,12495.0,10038.973830314806,9479.705947014025,9495.044479429316,-559.2679,15.33853241529094
2021-12-26 15:00:00,12550.0,10149.067942088137,9829.287516062746,9833.630866672094,-319.78043,4.343350609348024
2021-12-26 16:00:00,12622.0,10234.078995202794,9979.485245202794,9990.84101323495,-254.59375,11.355768032157867
2021-12-26 17:00:00,12574.0,10244.07618240731,10182.750079196861,10190.947276557632,-61.326103,8.197197360769842
2021-12-26 18:00:00,12384.0,10159.351673059335,9971.676013879647,9975.816937239326,-187.67566,4.1409233596784425
2021-12-26 19:00:00,12044.0,10013.25634565242,9408.339963816483,9398.237120184154,-604.9164,-10.102843632328845
2021-12-26 20:00:00,12250.0,9878.221319342318,9716.175802374544,9721.990976476758,-162.04552,5.815174102214645
2021-12-26 21:00:00,12150.0,9819.226348139531,9515.277739741094,9508.342941195931,-303.9486,-6.9347985451616285
2021-12-26 22:00:00,11775.0,9849.657982745748,8975.040978351217,9010.842028019577,-874.617,35.80104966835932
2021-12-26 23:00:00,12231.0,9926.478177254676,9044.684903328895,9067.62355790842,-881.7933,22.938654579526222
2021-12-27 00:00:00,12317.0,9989.951628129553,9212.968290727209,9226.943902693465,-776.98334,13.975611966255439
2021-12-27 01:00:00,12429.5,10014.87532745569,9164.938865053346,9144.654194135202,-849.93646,-20.284670918142876
2021-12-27 02:00:00,12485.0,10030.059649145698,9284.49824777851,9280.512127598231,-745.5614,-3.9861201802803716
2021-12-27 03:00:00,12512.5,10090.51705096205,9123.584494809706,9154.52806038409,-966.93256,30.94356557438356
2021-12-27 04:00:00,12180.0,10227.615865288437,9280.846334038437,9324.386805083439,-946.76953,43.540471045001425
2021-12-27 05:00:00,12475.0,10419.921957479995,9524.72884224562,9532.732490174083,-895.1931,8.003647928463538
2021-12-27 06:00:00,12795.0,10607.251253231894,9962.59311114205,9998.69830341354,-644.65814,36.10519227148862
2021-12-27 07:00:00,12908.0,10732.740341887727,9968.746628508821,9982.85089793583,-763.9937,14.104269427008283
2021-12-27 08:00:00,12921.0,10776.962103751743,10087.979376700961,10136.2986966643,-688.9827,48.319319963338266
2021-12-27 09:00:00,12944.0,10760.50077345335,10138.182536148663,10157.720992590974,-622.31824,19.538456442311986
2021-12-27 10:00:00,12909.0,10721.487155717692,10045.462009233317,10073.136827472967,-676.02515,27.674818239650406
2021-12-27 11:00:00,12841.0,10692.61552713473,9859.20146463473,9853.422105775098,-833.41406,-5.779358859632723
2021-12-27 12:00:00,12876.0,10693.776785674172,9754.454092803078,9735.907105416614,-939.3227,-18.546987386464817
2021-12-27 13:00:00,13058.0,10735.028660527196,9920.43533777329,9931.42109595146,-814.5933,10.985758178170023
2021-12-27 14:00:00,13170.0,10815.036601515872,10129.746074172122,10200.655163342328,-685.2905,70.90908917020488
2021-12-27 15:00:00,13199.0,10911.79827191334,10417.837639589121,10441.050292984344,-493.96063,23.212653395222652
2021-12-27 16:00:00,13223.0,10979.997847164364,10583.005537594052,10589.249976714158,-396.9923,6.244439120106321
2021-12-27 17:00:00,13216.0,10969.928162490864,10861.653908645649,10870.753228513786,-108.274254,9.09931986813693
2021-12-27 18:00:00,13018.0,10862.129876828874,10636.42290661403,10654.86971238775,-225.70697,18.446805773719802
2021-12-27 19:00:00,12628.0,10690.226955773212,10095.016628624775,10088.400652921639,-595.2103,-6.615975703137216
2021-12-27 20:00:00,12787.0,10526.943772497663,10002.66990775157,9997.23756519886,-524.27386,-5.432342552708258
2021-12-27 21:00:00,12646.0,10437.565390042922,9744.072409085891,9741.423063757185,-693.493,-2.6493453287050293
2021-12-27 22:00:00,12127.0,10435.787789601893,9921.655709523768,9919.936072043774,-514.1321,-1.7196374799938516
2021-12-27 23:00:00,12763.0,10478.882798271808,9864.589585381183,9852.247459148237,-614.2932,-12.342126232945773
2021-12-28 00:00:00,12734.5,10507.42661331312,9859.522621613902,9861.432649176824,-647.904,1.9100275629221293
2021-12-28 01:00:00,12677.0,10496.531821339444,9879.252158253506,9842.666480106174,-617.27966,-36.58567814733198
2021-12-28 02:00:00,12637.0,10475.327530929073,9624.32887370251,9582.373503548893,-850.99866,-41.955370153616954
2021-12-28 03:00:00,12637.0,10499.142033684791,9227.304753411354,9224.744783654643,-1271.8373,-2.5599697567100836
2021-12-28 04:00:00,12389.0,10599.648263468189,9109.847848429126,9058.01704780343,-1489.8004,-51.83080062569627
2021-12-28 05:00:00,12594.0,10755.699539551164,9779.423355469133,9747.54707969775,-976.2762,-31.876275771382183
2021-12-28 06:00:00,12869.0,10907.38108824539,10120.547531116485,10121.850539730658,-786.83356,1.303008614174042
2021-12-28 07:00:00,12843.0,10998.082912899588,10265.294338680838,10268.76463737413,-732.7886,3.4702986932913373
2021-12-28 08:00:00,12761.0,11008.617045135737,10293.702555389644,10290.327275178035,-714.9145,-3.3752802116088647
2021-12-28 09:00:00,12765.0,10959.791027941432,10245.0792969844,10271.736474685666,-714.71173,26.657177701265713
2021-12-28 10:00:00,12708.0,10889.939075416949,10124.093067116168,10158.816521639172,-765.846,34.72345452300463
2021-12-28 11:00:00,12620.0,10831.935140285907,10015.543111477313,10020.80553650065,-816.392,5.262425023336014
2021-12-28 12:00:00,12541.0,10805.824227079715,9916.26197122034,9940.467954895443,-889.56226,24.20598367510404
2021-12-28 13:00:00,12597.0,10821.792191858076,10019.346269006513,10029.103914577452,-802.4459,9.75764557093936
2021-12-28 14:00:00,12726.0,10878.606023330325,10138.162847060794,10164.703778471967,-740.4432,26.540931411173563
2021-12-28 15:00:00,12726.0,10954.337179419474,10321.066915747599,10305.195156146141,-633.27026,-15.871759601458198
2021-12-28 16:00:00,12652.0,11003.71574769824,10534.343402727536,10520.01043504242,-469.37234,-14.332967685116008
2021-12-28 17:00:00,12578.0,10977.055099633837,10714.372970727587,10709.579724138403,-262.68213,-4.7932465891841725
2021-12-28 18:00:00,12309.0,10854.895554507677,10377.089005435411,10409.546621201605,-477.80655,32.45761576619364
2021-12-28 19:00:00,11789.0,10670.843328747613,9862.232061657769,9874.28903573654,-808.61127,12.056974078771303
2021-12-28 20:00:00,11852.0,10497.587314374658,9856.70364738247,9943.533886351895,-640.88367,86.83023896942593
2021-12-28 21:00:00,11658.0,10400.35569636789,9703.50071589914,9760.508562575282,-696.855,57.007846676142584
2021-12-28 22:00:00,11935.5,10392.7629761448,9874.73972175027,9904.02613885753,-518.02325,29.286417107261826
2021-12-28 23:00:00,11935.5,10431.976171466215,9823.835241290433,9885.762955302695,-608.1409,61.92771401226103
2021-12-29 00:00:00,11935.5,10458.449637559715,9680.933219102684,9730.716061309475,-777.5164,49.782842206790185
2021-12-29 01:00:00,11935.5,10447.164761484124,9551.69704908178,9583.010613179362,-895.4677,31.313564097582322
2021-12-29 02:00:00,11935.5,10427.114384729464,9358.454350549777,9383.20147141545,-1068.66,24.747120865673352
2021-12-29 03:00:00,11935.5,10453.484638030433,9073.273944671058,9067.351732620918,-1380.2107,-5.922212050139943
2021-12-29 04:00:00,11466.0,10557.797193132374,9013.238477312061,9004.264101915114,-1544.5587,-8.974375396946176
2021-12-29 05:00:00,11747.0,10718.744063769038,9355.931075487788,9389.63408805864,-1362.813,33.703012570852444
2021-12-29 06:00:00,11961.0,10876.242886566562,9675.704800629062,9705.694921566757,-1200.5381,29.990120937695558
2021-12-29 07:00:00,11949.0,10973.516559693306,9719.936359497993,9720.182113368863,-1253.5802,0.24575387086906034
2021-12-29 08:00:00,11922.0,10991.216307358842,9825.48425169478,9836.89421433157,-1165.732,11.40996263679168
2021-12-29 09:00:00,11978.0,10949.997413157582,9821.39572858727,9859.775072855886,-1128.6017,38.379344268617274
2021-12-29 10:00:00,12074.0,10888.04975481286,9733.287669851923,9744.31047348629,-1154.7621,11.022803634367264
2021-12-29 11:00:00,12063.0,10838.110033895402,9686.15971651259,9746.823365861941,-1151.9503,60.66364934935179
2021-12-29 12:00:00,12006.0,10820.093785119212,9632.511387658275,9671.611141309158,-1187.5824,39.0997536508831
2021-12-29 13:00:00,12194.0,10844.066811480328,9646.55374995689,9640.25027353939,-1197.5131,-6.303476417501395
2021-12-29 14:00:00,12250.0,10908.686399152692,9861.233274152692,9916.19487031386,-1047.4531,54.96159616116844
2021-12-29 15:00:00,12200.0,10991.924526465233,10094.417934668358,10092.322053802985,-897.5066,-2.095880865372017
2021-12-29 16:00:00,12134.0,11048.422398087603,10266.958469864947,10284.919246943646,-781.4639,17.960777078698584
2021-12-29 17:00:00,12080.0,11028.417605070346,10386.343264250034,10434.148795605728,-642.07434,47.80553135569464
2021-12-29 18:00:00,11779.0,10912.391784779365,10237.799133412178,10258.303836864427,-674.59265,20.504703452248915
2021-12-29 19:00:00,11473.0,10733.912046360025,9470.867002414712,9471.322847998465,-1263.045,0.45584558375279205
2021-12-29 20:00:00,11553.0,10565.645972674769,9530.334693377894,9513.77872790089,-1035.3113,-16.555965477003607
2021-12-29 21:00:00,11345.0,10472.812683455724,9337.873230330724,9358.478153802173,-1134.9395,20.604923471448775
2021-12-29 22:00:00,10833.0,10469.02436332442,9421.579783246296,9407.306673427283,-1047.4446,-14.273109819012753
2021-12-29 23:00:00,11499.5,10511.451080462937,9368.512359759812,9352.424049721245,-1142.9387,-16.088310038566817
2021-12-30 00:00:00,11499.5,10540.558931899242,9580.571688246899,9572.073121442434,-959.98724,-8.49856680446528
2021-12-30 01:00:00,11499.5,10531.354167580079,9433.481364845704,9405.104228783328,-1097.8728,-28.377136062376632
2021-12-30 02:00:00,11499.5,10512.86843497336,9293.769435949922,9283.548572857673,-1219.099,-10.220863092249429
2021-12-30 03:00:00,11499.5,10540.336149497562,9000.025480552249,8988.169337632653,-1540.3107,-11.856142919596074
2021-12-30 04:00:00,10946.0,10645.329784749329,8833.430614827454,8783.93102324957,-1811.8992,-49.49959157788414
2021-12-30 05:00:00,11129.0,10806.58991645303,9130.199413523342,9070.593983916175,-1676.3905,-59.60542960716675
2021-12-30 06:00:00,11435.0,10964.080442379292,9391.701047848042,9375.898164883392,-1572.3794,-15.802882964649442
2021-12-30 07:00:00,11491.0,11061.071219163943,9640.39189787488,9628.236909441139,-1420.6793,-12.15498843374127
2021-12-30 08:00:00,11512.0,11078.26327284846,9721.17782362971,9709.164140899551,-1357.0854,-12.01368273015888
2021-12-30 09:00:00,11508.0,11036.363270507512,9717.951893554387,9712.15999113743,-1318.4114,-5.791902416957414
2021-12-30 10:00:00,11572.0,10973.610122485095,9611.141860766345,9590.09799608877,-1362.4683,-21.04386467757382
2021-12-30 11:00:00,11579.0,10922.78331724496,9478.178947127772,9470.012258511031,-1444.6044,-8.166688616740357
2021-12-30 12:00:00,11571.0,10903.83286217843,9482.51938561593,9459.824234798514,-1421.3135,-22.69515081741608
2021-12-30 13:00:00,11675.0,10926.849919956887,9536.554876011574,9515.547067747131,-1390.295,-21.007808264443693
2021-12-30 14:00:00,11776.0,10990.506885916688,9652.171070487,9643.725361423934,-1338.3358,-8.44570906306624
2021-12-30 15:00:00,11805.0,11072.778788861497,9944.973124798997,9906.715639882868,-1127.8057,-38.25748491612908
2021-12-30 16:00:00,11763.0,11128.296930744327,10007.491266681827,9993.600942587094,-1120.8057,-13.890324094733087
2021-12-30 17:00:00,11747.0,11107.277712464362,10211.365175843268,10237.33594916125,-895.91254,25.97077331798221
2021-12-30 18:00:00,11581.0,10990.173887842098,10052.52703725616,10034.896895218904,-937.64685,-17.63014203725694
2021-12-30 19:00:00,11077.0,10810.518504547414,9435.452098297414,9392.077188787525,-1375.0664,-43.37490950988753
2021-12-30 20:00:00,11186.0,10640.93860745062,9113.376717802183,9117.85421955287,-1527.5619,4.477501750688088
2021-12-30 21:00:00,11006.0,10546.60165491614,8971.48886194739,8942.571489712886,-1575.1128,-28.917372234504242
2021-12-30 22:00:00,10544.0,10541.052872749193,8959.454362007005,8992.579566901606,-1581.5985,33.12520489460024
2021-12-30 23:00:00,11041.5,10581.380406248629,9246.258702147066,9318.571406212592,-1335.1217,72.31270406552588
2021-12-31 00:00:00,11041.5,10607.95887026943,9446.691658355367,9462.389878572512,-1161.2672,15.698220217146165
2021-12-31 01:00:00,11041.5,10595.70031800316,9263.175781870348,9279.505401727976,-1332.5245,16.32961985762774
2021-12-31 02:00:00,11041.5,10573.543019817702,9156.00676493489,9188.84777271262,-1417.5363,32.84100777772905
2021-12-31 03:00:00,11041.5,10596.627337845259,8901.247332962446,8953.260038451648,-1695.38,52.012705489201146
2021-12-31 04:00:00,10480.0,10696.42723432963,8705.384631790568,8707.525029866643,-1991.0426,2.1403980760747747
2021-12-31 05:00:00,10681.0,10851.578901560499,9084.309736521436,9029.432998370668,-1767.2692,-54.87673815076814
2021-12-31 06:00:00,10972.0,11001.939376351434,9485.133590218622,9466.242728855252,-1516.8058,-18.890861363369527
2021-12-31 07:00:00,10998.0,11090.675690786748,9508.37600816956,9526.249399176018,-1582.2997,17.873391006458593
2021-12-31 08:00:00,10972.0,11098.395751370566,9500.522216214316,9518.864010566424,-1597.8735,18.341794352106806
2021-12-31 09:00:00,11113.0,11045.725024225425,9426.632372858237,9404.891387350024,-1619.0927,-21.74098550821301
2021-12-31 10:00:00,11151.0,10970.832579531127,9569.631651796752,9515.475580055852,-1401.2009,-54.156071740899655
2021-12-31 11:00:00,11102.0,10906.438752955552,9421.099763697739,9369.01368549605,-1485.339,-52.08607820168902
2021-12-31 12:00:00,11103.0,10872.44603569856,9333.462271050123,9293.629043002431,-1538.9838,-39.83322804769182
2021-12-31 13:00:00,11314.0,10878.911677710827,9473.278010718639,9472.960956114855,-1405.6337,-0.3170546037842361
2021-12-31 14:00:00,11552.0,10924.48909627388,9610.932821859817,9610.44842401135,-1313.5563,-0.4843978484661801
2021-12-31 15:00:00,11575.0,10987.149599001243,9894.034120485618,9863.205738514685,-1093.1155,-30.828381970933
2021-12-31 16:00:00,11447.0,11021.53688432084,10070.731891645059,10047.209633098897,-950.805,-23.522258546161396
2021-12-31 17:00:00,11237.0,10977.898881119012,10187.70393482995,10175.990370611913,-790.19495,-11.71356421803683
2021-12-31 18:00:00,10914.0,10836.743510954908,9916.319438689283,9911.145609888341,-920.4241,-5.173828800941871
2021-12-31 19:00:00,10599.0,10631.685603970072,9256.539729946635,9254.465014541227,-1375.1459,-2.074715405407008
2021-12-31 20:00:00,10812.0,10435.459293289448,9243.956119461323,9252.95320548981,-1191.5032,8.997086028487482
