timestamp,actual_consumption,predicted_consumption
2021-01-01 00:00:00,9206.0,9697.629
2021-01-01 01:00:00,9042.0,9424.048
2021-01-01 02:00:00,9010.0,9334.712
2021-01-01 03:00:00,9057.0,9379.057
2021-01-01 04:00:00,9219.0,9426.839
2021-01-01 05:00:00,9198.0,9626.866
2021-01-01 06:00:00,9392.0,9492.354
2021-01-01 07:00:00,9486.0,9526.675
2021-01-01 08:00:00,9496.0,9586.106
2021-01-01 09:00:00,9629.0,9617.8
2021-01-01 10:00:00,9731.0,9701.16
2021-01-01 11:00:00,9763.0,9802.533
2021-01-01 12:00:00,9908.0,9778.286
2021-01-01 13:00:00,10160.0,9994.656
2021-01-01 14:00:00,10428.0,10257.386
2021-01-01 15:00:00,10485.0,10501.111
2021-01-01 16:00:00,10498.0,10427.783
2021-01-01 17:00:00,10523.0,10410.501
2021-01-01 18:00:00,10340.0,10189.267
2021-01-01 19:00:00,10021.0,9943.459
2021-01-01 20:00:00,10182.0,9941.158
2021-01-01 21:00:00,10012.0,9891.114
2021-01-01 22:00:00,9631.0,9552.187
2021-01-01 23:00:00,9292.0,9370.003
2021-01-02 00:00:00,9054.0,9315.7
2021-01-02 01:00:00,8975.0,9172.861
2021-01-02 02:00:00,8972.0,8904.473
2021-01-02 03:00:00,9065.0,8931.457
2021-01-02 04:00:00,9264.0,8970.16
2021-01-02 05:00:00,9309.0,9159.45
2021-01-02 06:00:00,9616.0,9381.066
2021-01-02 07:00:00,9742.0,9600.472
2021-01-02 08:00:00,9861.0,9734.569
2021-01-02 09:00:00,9975.0,9846.482
2021-01-02 10:00:00,10040.0,9965.038
2021-01-02 11:00:00,10061.0,10005.954
2021-01-02 12:00:00,10197.0,10083.172
2021-01-02 13:00:00,10500.0,10318.0625
2021-01-02 14:00:00,10806.0,10696.365
2021-01-02 15:00:00,10937.0,10874.815
2021-01-02 16:00:00,11018.0,10897.451
2021-01-02 17:00:00,10940.0,10870.489
2021-01-02 18:00:00,10669.0,10698.204
2021-01-02 19:00:00,10238.0,10249.402
2021-01-02 20:00:00,10490.0,10277.959
2021-01-02 21:00:00,10318.0,10242.159
2021-01-02 22:00:00,9914.0,9913.013
2021-01-02 23:00:00,9535.0,9649.247
2021-01-03 00:00:00,9296.0,9272.638
2021-01-03 01:00:00,9137.0,9360.666
2021-01-03 02:00:00,9142.0,9314.461
2021-01-03 03:00:00,9197.0,9259.667
2021-01-03 04:00:00,9375.0,9218.909
2021-01-03 05:00:00,9369.0,9287.694
2021-01-03 06:00:00,9641.0,9492.926
2021-01-03 07:00:00,9753.0,9635.276
2021-01-03 08:00:00,9938.0,9801.761
2021-01-03 09:00:00,10129.0,9955.954
2021-01-03 10:00:00,10203.0,10090.235
2021-01-03 11:00:00,10272.0,10176.785
2021-01-03 12:00:00,10233.0,10236.551
2021-01-03 13:00:00,10446.0,10394.952
2021-01-03 14:00:00,10736.0,10659.933
2021-01-03 15:00:00,10807.0,10894.647
2021-01-03 16:00:00,10826.0,10907.714
2021-01-03 17:00:00,10891.0,10846.786
2021-01-03 18:00:00,10679.0,10613.274
2021-01-03 19:00:00,10253.0,10287.5
2021-01-03 20:00:00,10483.0,10428.321
2021-01-03 21:00:00,10388.0,10329.187
2021-01-03 22:00:00,10008.0,9957.046
2021-01-03 23:00:00,9638.0,9701.537
2021-01-04 00:00:00,10609.0,10028.659
2021-01-04 01:00:00,10707.5,10591.719
2021-01-04 02:00:00,10771.5,10603.503
2021-01-04 03:00:00,10816.5,10471.255
2021-01-04 04:00:00,10539.0,10715.708
2021-01-04 05:00:00,10923.0,10903.229
2021-01-04 06:00:00,11376.0,11082.76
2021-01-04 07:00:00,11442.0,11300.558
2021-01-04 08:00:00,11409.0,11327.152
2021-01-04 09:00:00,11447.0,11326.902
2021-01-04 10:00:00,11450.0,11352.635
2021-01-04 11:00:00,11441.0,11309.28
2021-01-04 12:00:00,11476.0,11376.696
2021-01-04 13:00:00,11583.0,11573.003
2021-01-04 14:00:00,11818.0,11705.956
2021-01-04 15:00:00,11722.0,11847.776
2021-01-04 16:00:00,11714.0,11716.335
2021-01-04 17:00:00,11667.0,11676.896
2021-01-04 18:00:00,11523.0,11460.075
2021-01-04 19:00:00,11172.0,11049.997
2021-01-04 20:00:00,11325.0,11205.888
2021-01-04 21:00:00,11123.0,11128.705
2021-01-04 22:00:00,10685.0,10893.807
2021-01-04 23:00:00,11499.5,11205.289
2021-01-05 00:00:00,11543.0,11453.335
2021-01-05 01:00:00,11573.0,11535.218
2021-01-05 02:00:00,11615.0,11554.151
2021-01-05 03:00:00,11615.0,11511.658
2021-01-05 04:00:00,11181.0,11320.513
2021-01-05 05:00:00,11563.0,11552.355
2021-01-05 06:00:00,11825.0,11668.011
2021-01-05 07:00:00,11799.0,11752.33
2021-01-05 08:00:00,11815.0,11734.317
2021-01-05 09:00:00,11935.0,11736.607
2021-01-05 10:00:00,11955.0,11825.67
2021-01-05 11:00:00,11842.0,11834.033
2021-01-05 12:00:00,11904.0,11832.404
2021-01-05 13:00:00,12010.0,11937.594
2021-01-05 14:00:00,12148.0,12144.816
2021-01-05 15:00:00,12143.0,12199.384
2021-01-05 16:00:00,12167.0,12140.97
2021-01-05 17:00:00,12145.0,12213.969
2021-01-05 18:00:00,11904.0,11987.264
2021-01-05 19:00:00,11542.0,11553.828
2021-01-05 20:00:00,11602.0,11737.516
2021-01-05 21:00:00,11405.0,11524.653
2021-01-05 22:00:00,10952.0,11450.582
2021-01-05 23:00:00,10605.0,11379.598
2021-01-06 00:00:00,11418.0,11339.875
2021-01-06 01:00:00,11418.0,11643.1
2021-01-06 02:00:00,11418.0,11587.662
2021-01-06 03:00:00,10460.0,11595.557
2021-01-06 04:00:00,10824.0,11307.594
2021-01-06 05:00:00,10949.0,11561.199
2021-01-06 06:00:00,11156.0,11583.685
2021-01-06 07:00:00,11230.0,11515.809
2021-01-06 08:00:00,11322.0,11555.371
2021-01-06 09:00:00,11431.0,11635.517
2021-01-06 10:00:00,11475.0,11608.881
2021-01-06 11:00:00,11463.0,11615.543
2021-01-06 12:00:00,11471.0,11624.166
2021-01-06 13:00:00,11679.0,11736.225
2021-01-06 14:00:00,11947.0,12001.471
2021-01-06 15:00:00,12006.0,12071.015
2021-01-06 16:00:00,11954.0,12058.096
2021-01-06 17:00:00,11996.0,12029.78
2021-01-06 18:00:00,11708.0,11877.608
2021-01-06 19:00:00,11216.0,11228.386
2021-01-06 20:00:00,11316.0,11363.743
2021-01-06 21:00:00,11175.0,11080.199
2021-01-06 22:00:00,10772.0,11161.032
2021-01-06 23:00:00,10449.0,10989.841
2021-01-07 00:00:00,11686.5,10935.601
2021-01-07 01:00:00,11687.5,11611.078
2021-01-07 02:00:00,11700.0,11576.176
2021-01-07 03:00:00,11700.0,11490.33
2021-01-07 04:00:00,11280.0,11546.799
2021-01-07 05:00:00,11694.0,11615.126
2021-01-07 06:00:00,11911.0,11830.158
2021-01-07 07:00:00,11811.0,11815.923
2021-01-07 08:00:00,11772.0,11767.403
2021-01-07 09:00:00,11706.0,11765.114
2021-01-07 10:00:00,11745.0,11700.613
2021-01-07 11:00:00,11715.0,11720.942
2021-01-07 12:00:00,11681.0,11699.532
2021-01-07 13:00:00,11844.0,11825.503
2021-01-07 14:00:00,11957.0,12047.274
2021-01-07 15:00:00,11915.0,12066.849
2021-01-07 16:00:00,11778.0,11965.87
2021-01-07 17:00:00,11748.0,11834.465
2021-01-07 18:00:00,11587.0,11673.503
2021-01-07 19:00:00,11164.0,11200.434
2021-01-07 20:00:00,11234.0,11282.995
2021-01-07 21:00:00,10972.0,11107.386
2021-01-07 22:00:00,11620.5,10875.342
2021-01-07 23:00:00,11620.5,11615.906
2021-01-08 00:00:00,11602.5,11605.012
2021-01-08 01:00:00,11580.0,11593.651
2021-01-08 02:00:00,11580.0,11544.209
2021-01-08 03:00:00,11580.0,11442.702
2021-01-08 04:00:00,11110.0,11286.52
2021-01-08 05:00:00,11533.0,11450.75
2021-01-08 06:00:00,11870.0,11677.285
2021-01-08 07:00:00,11719.0,11779.149
2021-01-08 08:00:00,11654.0,11651.501
2021-01-08 09:00:00,11732.0,11600.963
2021-01-08 10:00:00,11699.0,11616.267
2021-01-08 11:00:00,11618.0,11584.55
2021-01-08 12:00:00,11573.0,11535.741
2021-01-08 13:00:00,11689.0,11633.331
2021-01-08 14:00:00,11900.0,11834.503
2021-01-08 15:00:00,11911.0,11985.4
2021-01-08 16:00:00,11847.0,11890.59
2021-01-08 17:00:00,11874.0,11782.766
2021-01-08 18:00:00,11684.0,11587.286
2021-01-08 19:00:00,11338.0,11153.97
2021-01-08 20:00:00,11399.0,11233.4
2021-01-08 21:00:00,11156.0,11125.266
2021-01-08 22:00:00,10704.0,10842.6875
2021-01-08 23:00:00,10405.0,10639.766
2021-01-09 00:00:00,11189.5,10538.117
2021-01-09 01:00:00,11189.5,11143.455
2021-01-09 02:00:00,11189.5,11104.88
2021-01-09 03:00:00,10326.0,10938.472
2021-01-09 04:00:00,10584.0,10355.349
2021-01-09 05:00:00,10657.0,10575.152
2021-01-09 06:00:00,10887.0,10820.395
2021-01-09 07:00:00,10964.0,10920.394
2021-01-09 08:00:00,11067.0,11006.903
2021-01-09 09:00:00,11223.0,11039.976
2021-01-09 10:00:00,11253.0,11199.912
2021-01-09 11:00:00,11251.0,11128.375
2021-01-09 12:00:00,11301.0,11163.559
2021-01-09 13:00:00,11585.0,11415.414
2021-01-09 14:00:00,12030.0,11822.689
2021-01-09 15:00:00,12320.0,12143.029
2021-01-09 16:00:00,12366.0,12227.22
2021-01-09 17:00:00,12270.0,12222.56
2021-01-09 18:00:00,11992.0,11943.393
2021-01-09 19:00:00,11570.0,11457.565
2021-01-09 20:00:00,11684.0,11633.776
2021-01-09 21:00:00,11515.0,11511.859
2021-01-09 22:00:00,11103.0,11034.482
2021-01-09 23:00:00,10745.0,10683.082
2021-01-10 00:00:00,10538.0,10491.501
2021-01-10 01:00:00,10464.0,10339.514
2021-01-10 02:00:00,10462.0,10348.498
2021-01-10 03:00:00,10499.0,10430.709
2021-01-10 04:00:00,10671.0,10483.938
2021-01-10 05:00:00,10646.0,10532.449
2021-01-10 06:00:00,10846.0,10764.567
2021-01-10 07:00:00,10906.0,10957.824
2021-01-10 08:00:00,11067.0,11008.994
2021-01-10 09:00:00,11185.0,11081.712
2021-01-10 10:00:00,11200.0,11135.117
2021-01-10 11:00:00,11228.0,11094.152
2021-01-10 12:00:00,11154.0,11147.473
2021-01-10 13:00:00,11221.0,11251.04
2021-01-10 14:00:00,11521.0,11523.603
2021-01-10 15:00:00,11589.0,11649.141
2021-01-10 16:00:00,11612.0,11608.857
2021-01-10 17:00:00,11636.0,11533.829
2021-01-10 18:00:00,11330.0,11405.556
2021-01-10 19:00:00,10930.0,10957.158
2021-01-10 20:00:00,11164.0,11144.237
2021-01-10 21:00:00,10991.0,11069.028
2021-01-10 22:00:00,10685.0,10709.814
2021-01-10 23:00:00,10381.0,10578.034
2021-01-11 00:00:00,11375.0,10802.809
2021-01-11 01:00:00,11470.5,11329.311
2021-01-11 02:00:00,11555.0,11360.961
2021-01-11 03:00:00,10647.0,11479.48
2021-01-11 04:00:00,11420.0,11020.3
2021-01-11 05:00:00,11908.0,11904.385
2021-01-11 06:00:00,12211.0,12101.667
2021-01-11 07:00:00,12136.0,12175.681
2021-01-11 08:00:00,12073.0,12072.636
2021-01-11 09:00:00,12050.0,11973.258
2021-01-11 10:00:00,11968.0,11973.406
2021-01-11 11:00:00,11862.0,11858.77
2021-01-11 12:00:00,11713.0,11764.748
2021-01-11 13:00:00,11770.0,11732.028
2021-01-11 14:00:00,11946.0,11912.619
2021-01-11 15:00:00,11941.0,12054.858
2021-01-11 16:00:00,11861.0,11963.765
2021-01-11 17:00:00,11826.0,11878.006
2021-01-11 18:00:00,11623.0,11663.631
2021-01-11 19:00:00,11266.0,11240.526
2021-01-11 20:00:00,11443.0,11385.861
2021-01-11 21:00:00,11179.0,11319.349
2021-01-11 22:00:00,11741.5,11129.314
2021-01-11 23:00:00,11741.5,11589.186
2021-01-12 00:00:00,11741.5,11623.917
2021-01-12 01:00:00,11798.0,11606.344
2021-01-12 02:00:00,11843.5,11661.304
2021-01-12 03:00:00,11843.5,11544.205
2021-01-12 04:00:00,11468.0,11434.095
2021-01-12 05:00:00,11941.0,11803.732
2021-01-12 06:00:00,12160.0,12009.648
2021-01-12 07:00:00,12120.0,12064.224
2021-01-12 08:00:00,12022.0,12066.791
2021-01-12 09:00:00,12059.0,12015.093
2021-01-12 10:00:00,12078.0,12026.409
2021-01-12 11:00:00,11991.0,11965.294
2021-01-12 12:00:00,11957.0,11902.652
2021-01-12 13:00:00,12042.0,11951.365
2021-01-12 14:00:00,12228.0,12226.976
2021-01-12 15:00:00,12232.0,12339.595
2021-01-12 16:00:00,12251.0,12265.511
2021-01-12 17:00:00,12298.0,12284.934
2021-01-12 18:00:00,12100.0,12087.702
2021-01-12 19:00:00,11665.0,11555.204
2021-01-12 20:00:00,11746.0,11628.401
2021-01-12 21:00:00,11462.0,11519.919
2021-01-12 22:00:00,12016.5,11639.553
2021-01-12 23:00:00,12016.5,12092.017
2021-01-13 00:00:00,12071.0,12001.123
2021-01-13 01:00:00,12164.0,11993.304
2021-01-13 02:00:00,12230.0,12056.168
2021-01-13 03:00:00,12241.5,12007.651
2021-01-13 04:00:00,11959.0,11879.87
2021-01-13 05:00:00,12444.0,12168.252
2021-01-13 06:00:00,12773.0,12526.488
2021-01-13 07:00:00,12701.0,12516.962
2021-01-13 08:00:00,12694.0,12541.569
2021-01-13 09:00:00,12725.0,12557.642
2021-01-13 10:00:00,12738.0,12558.079
2021-01-13 11:00:00,12710.0,12520.736
2021-01-13 12:00:00,12691.0,12520.259
2021-01-13 13:00:00,12780.0,12602.671
2021-01-13 14:00:00,13007.0,12824.335
2021-01-13 15:00:00,13090.0,13036.212
2021-01-13 16:00:00,13137.0,12974.14
2021-01-13 17:00:00,13159.0,13125.832
2021-01-13 18:00:00,12955.0,12852.566
2021-01-13 19:00:00,12453.0,12455.547
2021-01-13 20:00:00,12505.0,12409.084
2021-01-13 21:00:00,12292.0,12215.265
2021-01-13 22:00:00,12757.0,12144.021
2021-01-13 23:00:00,12778.0,12450.333
2021-01-14 00:00:00,12867.5,12569.986
2021-01-14 01:00:00,12981.0,12651.125
2021-01-14 02:00:00,13029.5,12810.742
2021-01-14 03:00:00,13071.0,12764.398
2021-01-14 04:00:00,12776.0,12696.87
2021-01-14 05:00:00,13052.0,13018.661
2021-01-14 06:00:00,13332.0,13211.838
2021-01-14 07:00:00,13304.0,13242.779
2021-01-14 08:00:00,13334.0,13240.916
2021-01-14 09:00:00,13397.0,13277.86
2021-01-14 10:00:00,13458.0,13259.18
2021-01-14 11:00:00,13350.0,13224.419
2021-01-14 12:00:00,13353.0,13242.824
2021-01-14 13:00:00,13435.0,13324.38
2021-01-14 14:00:00,13646.0,13519.161
2021-01-14 15:00:00,13733.0,13632.906
2021-01-14 16:00:00,13787.0,13651.615
2021-01-14 17:00:00,13351.0,13640.285
2021-01-14 18:00:00,13725.0,13240.463
2021-01-14 19:00:00,13352.0,13113.669
2021-01-14 20:00:00,13459.0,13247.433
2021-01-14 21:00:00,13334.0,13077.227
2021-01-14 22:00:00,12870.0,13217.855
2021-01-14 23:00:00,12676.0,12860.607
2021-01-15 00:00:00,12527.0,12702.735
2021-01-15 01:00:00,12485.0,12597.285
2021-01-15 02:00:00,12620.0,12498.744
2021-01-15 03:00:00,12937.0,12526.054
2021-01-15 04:00:00,13660.0,13033.268
2021-01-15 05:00:00,13998.0,13775.183
2021-01-15 06:00:00,14239.0,14072.599
2021-01-15 07:00:00,14150.0,13858.199
2021-01-15 08:00:00,14115.0,13903.249
2021-01-15 09:00:00,14074.0,13892.884
2021-01-15 10:00:00,14025.0,13845.4795
2021-01-15 11:00:00,13876.0,13778.682
2021-01-15 12:00:00,13729.0,13730.692
2021-01-15 13:00:00,13631.0,13542.979
2021-01-15 14:00:00,13773.0,13686.68
2021-01-15 15:00:00,13773.0,13655.911
2021-01-15 16:00:00,13745.0,13604.398
2021-01-15 17:00:00,13621.0,13582.325
2021-01-15 18:00:00,13276.0,13332.416
2021-01-15 19:00:00,12728.0,12867.767
2021-01-15 20:00:00,12682.0,12799.455
2021-01-15 21:00:00,12357.0,12625.238
2021-01-15 22:00:00,11929.0,12238.499
2021-01-15 23:00:00,12338.5,11944.164
2021-01-16 00:00:00,12319.5,12477.993
2021-01-16 01:00:00,12264.5,12268.656
2021-01-16 02:00:00,12254.0,12271.246
2021-01-16 03:00:00,12254.0,12255.891
2021-01-16 04:00:00,12254.0,12282.371
2021-01-16 05:00:00,11661.0,12240.204
2021-01-16 06:00:00,12041.0,11928.849
2021-01-16 07:00:00,12145.0,12131.39
2021-01-16 08:00:00,12319.0,12274.89
2021-01-16 09:00:00,12364.0,12356.241
2021-01-16 10:00:00,12320.0,12413.1
2021-01-16 11:00:00,12210.0,12288.793
2021-01-16 12:00:00,12162.0,12271.932
2021-01-16 13:00:00,12298.0,12322.283
2021-01-16 14:00:00,12757.0,12604.191
2021-01-16 15:00:00,12236.0,12793.606
2021-01-16 16:00:00,12236.0,12413.094
2021-01-16 17:00:00,12236.0,12519.991
2021-01-16 18:00:00,12764.0,12218.436
2021-01-16 19:00:00,12262.0,12298.608
2021-01-16 20:00:00,12422.0,12450.298
2021-01-16 21:00:00,12317.0,12327.73
2021-01-16 22:00:00,11840.0,11835.176
2021-01-16 23:00:00,11589.0,11611.658
2021-01-17 00:00:00,11333.0,11470.28
2021-01-17 01:00:00,11161.0,11409.089
2021-01-17 02:00:00,11175.0,11414.759
2021-01-17 03:00:00,11233.0,11412.31
2021-01-17 04:00:00,11359.0,11422.082
2021-01-17 05:00:00,11299.0,11424.406
2021-01-17 06:00:00,11521.0,11625.531
2021-01-17 07:00:00,11544.0,11676.614
2021-01-17 08:00:00,11747.0,11704.343
2021-01-17 09:00:00,11819.0,11872.059
2021-01-17 10:00:00,11810.0,11857.813
2021-01-17 11:00:00,11704.0,11826.656
2021-01-17 12:00:00,11592.0,11740.443
2021-01-17 13:00:00,11642.0,11765.183
2021-01-17 14:00:00,11869.0,11997.361
2021-01-17 15:00:00,12093.0,12053.179
2021-01-17 16:00:00,12100.0,12138.008
2021-01-17 17:00:00,12077.0,12063.359
2021-01-17 18:00:00,11834.0,11880.881
2021-01-17 19:00:00,11407.0,11497.571
2021-01-17 20:00:00,11603.0,11691.208
2021-01-17 21:00:00,11497.0,11607.366
2021-01-17 22:00:00,11173.0,11377.538
2021-01-17 23:00:00,10905.0,11260.046
2021-01-18 00:00:00,11851.5,11149.429
2021-01-18 01:00:00,11920.5,11772.817
2021-01-18 02:00:00,12024.5,11904.556
2021-01-18 03:00:00,11144.0,12118.56
2021-01-18 04:00:00,11972.0,11511.723
2021-01-18 05:00:00,12362.0,12426.696
2021-01-18 06:00:00,12625.0,12581.385
2021-01-18 07:00:00,12502.0,12569.399
2021-01-18 08:00:00,12459.0,12438.969
2021-01-18 09:00:00,12481.0,12480.489
2021-01-18 10:00:00,12425.0,12462.519
2021-01-18 11:00:00,12375.0,12406.984
2021-01-18 12:00:00,12313.0,12442.354
2021-01-18 13:00:00,12198.0,12401.345
2021-01-18 14:00:00,12232.0,12470.484
2021-01-18 15:00:00,12258.0,12482.121
2021-01-18 16:00:00,12140.0,12425.404
2021-01-18 17:00:00,12119.0,12334.928
2021-01-18 18:00:00,11786.0,12074.512
2021-01-18 19:00:00,11486.0,11499.703
2021-01-18 20:00:00,11582.0,11656.506
2021-01-18 21:00:00,11353.0,11515.96
2021-01-18 22:00:00,11773.5,11632.97
2021-01-18 23:00:00,11759.0,11952.365
2021-01-19 00:00:00,11732.0,11784.662
2021-01-19 01:00:00,11692.5,11690.105
2021-01-19 02:00:00,11648.0,11690.603
2021-01-19 03:00:00,11648.0,11603.914
2021-01-19 04:00:00,11414.0,11691.475
2021-01-19 05:00:00,11771.0,11923.448
2021-01-19 06:00:00,11957.0,12005.612
2021-01-19 07:00:00,11776.0,11895.789
2021-01-19 08:00:00,11747.0,11808.26
2021-01-19 09:00:00,11780.0,11764.944
2021-01-19 10:00:00,11717.0,11770.97
2021-01-19 11:00:00,11668.0,11713.427
2021-01-19 12:00:00,11623.0,11701.776
2021-01-19 13:00:00,11628.0,11685.957
2021-01-19 14:00:00,11806.0,11783.218
2021-01-19 15:00:00,11801.0,11908.965
2021-01-19 16:00:00,11787.0,11843.81
2021-01-19 17:00:00,11770.0,11765.521
2021-01-19 18:00:00,11608.0,11569.363
2021-01-19 19:00:00,11218.0,11035.945
2021-01-19 20:00:00,11296.0,11264.124
2021-01-19 21:00:00,11101.0,10978.796
2021-01-19 22:00:00,11625.5,11254.977
2021-01-19 23:00:00,11625.5,11587.616
2021-01-20 00:00:00,11625.5,11544.804
2021-01-20 01:00:00,11679.0,11518.555
2021-01-20 02:00:00,11750.0,11553.376
2021-01-20 03:00:00,11750.0,11490.232
2021-01-20 04:00:00,11348.0,11325.644
2021-01-20 05:00:00,11730.0,11742.437
2021-01-20 06:00:00,11993.0,11858.115
2021-01-20 07:00:00,11871.0,11827.279
2021-01-20 08:00:00,11903.0,11758.769
2021-01-20 09:00:00,11925.0,11847.143
2021-01-20 10:00:00,11940.0,11846.583
2021-01-20 11:00:00,11835.0,11814.406
2021-01-20 12:00:00,11840.0,11749.096
2021-01-20 13:00:00,11833.0,11835.063
2021-01-20 14:00:00,12092.0,11966.019
2021-01-20 15:00:00,12189.0,12170.225
2021-01-20 16:00:00,12166.0,12170.281
2021-01-20 17:00:00,12197.0,12103.034
2021-01-20 18:00:00,11974.0,11926.444
2021-01-20 19:00:00,11533.0,11407.169
2021-01-20 20:00:00,11609.0,11447.078
2021-01-20 21:00:00,11404.0,11344.732
2021-01-20 22:00:00,11006.0,11533.995
2021-01-20 23:00:00,11837.5,11584.849
2021-01-21 00:00:00,11907.0,11792.747
2021-01-21 01:00:00,12033.0,11836.101
2021-01-21 02:00:00,12100.0,11984.417
2021-01-21 03:00:00,12137.0,11803.737
2021-01-21 04:00:00,11704.0,11884.242
2021-01-21 05:00:00,12108.0,12008.845
2021-01-21 06:00:00,12291.0,12228.864
2021-01-21 07:00:00,12310.0,12149.62
2021-01-21 08:00:00,12321.0,12181.475
2021-01-21 09:00:00,12458.0,12186.04
2021-01-21 10:00:00,12487.0,12263.525
2021-01-21 11:00:00,12430.0,12279.29
2021-01-21 12:00:00,12404.0,12267.623
2021-01-21 13:00:00,12502.0,12296.069
2021-01-21 14:00:00,12650.0,12587.117
2021-01-21 15:00:00,12716.0,12673.761
2021-01-21 16:00:00,12684.0,12672.143
2021-01-21 17:00:00,12643.0,12671.072
2021-01-21 18:00:00,12483.0,12343.438
2021-01-21 19:00:00,12025.0,11804.388
2021-01-21 20:00:00,12008.0,12009.705
2021-01-21 21:00:00,11719.0,11728.732
2021-01-21 22:00:00,12186.5,11607.64
2021-01-21 23:00:00,12186.5,12150.322
2021-01-22 00:00:00,12119.5,12218.531
2021-01-22 01:00:00,12054.5,12197.282
2021-01-22 02:00:00,12038.0,12100.474
2021-01-22 03:00:00,12038.0,12008.553
2021-01-22 04:00:00,11662.0,11809.045
2021-01-22 05:00:00,12051.0,12151.756
2021-01-22 06:00:00,12278.0,12325.76
2021-01-22 07:00:00,12181.0,12278.179
2021-01-22 08:00:00,12192.0,12234.588
2021-01-22 09:00:00,12241.0,12242.869
2021-01-22 10:00:00,12193.0,12225.823
2021-01-22 11:00:00,12058.0,12233.768
2021-01-22 12:00:00,11981.0,12079.385
2021-01-22 13:00:00,11980.0,12059.692
2021-01-22 14:00:00,12261.0,12196.323
2021-01-22 15:00:00,12412.0,12410.083
2021-01-22 16:00:00,12372.0,12446.783
2021-01-22 17:00:00,12291.0,12361.4375
2021-01-22 18:00:00,11972.0,12016.466
2021-01-22 19:00:00,11436.0,11541.706
2021-01-22 20:00:00,11432.0,11606.581
2021-01-22 21:00:00,11129.0,11397.745
2021-01-22 22:00:00,10644.0,11085.308
2021-01-22 23:00:00,10262.0,11074.05
2021-01-23 00:00:00,10052.0,10474.357
2021-01-23 01:00:00,10760.5,10272.123
2021-01-23 02:00:00,10735.5,10810.285
2021-01-23 03:00:00,9917.0,10764.506
2021-01-23 04:00:00,10169.0,10216.5625
2021-01-23 05:00:00,10262.0,10360.998
2021-01-23 06:00:00,10548.0,10496.695
2021-01-23 07:00:00,10625.0,10703.24
2021-01-23 08:00:00,10745.0,10765.678
2021-01-23 09:00:00,10880.0,10864.679
2021-01-23 10:00:00,10844.0,10931.31
2021-01-23 11:00:00,10776.0,10841.226
2021-01-23 12:00:00,10645.0,10826.181
2021-01-23 13:00:00,10726.0,10871.141
2021-01-23 14:00:00,11089.0,11207.888
2021-01-23 15:00:00,11485.0,11279.041
2021-01-23 16:00:00,11623.0,11377.229
2021-01-23 17:00:00,11410.0,11391.287
2021-01-23 18:00:00,10925.0,11276.215
2021-01-23 19:00:00,10487.0,10667.919
2021-01-23 20:00:00,10619.0,10761.095
2021-01-23 21:00:00,10484.0,10732.472
2021-01-23 22:00:00,9962.0,10230.421
2021-01-23 23:00:00,9577.0,9950.96
2021-01-24 00:00:00,9440.0,9615.3
2021-01-24 01:00:00,9281.0,9619.091
2021-01-24 02:00:00,9246.0,9560.192
2021-01-24 03:00:00,9336.0,9594.93
2021-01-24 04:00:00,9555.0,9639.377
2021-01-24 05:00:00,9609.0,9755.197
2021-01-24 06:00:00,9837.0,9865.836
2021-01-24 07:00:00,9893.0,10089.109
2021-01-24 08:00:00,10041.0,10146.972
2021-01-24 09:00:00,10204.0,10170.819
2021-01-24 10:00:00,10223.0,10272.947
2021-01-24 11:00:00,10090.0,10248.112
2021-01-24 12:00:00,10062.0,10166.48
2021-01-24 13:00:00,10125.0,10225.708
2021-01-24 14:00:00,10432.0,10418.301
2021-01-24 15:00:00,10678.0,10690.089
2021-01-24 16:00:00,10750.0,10815.489
2021-01-24 17:00:00,10754.0,10824.706
2021-01-24 18:00:00,10493.0,10625.148
2021-01-24 19:00:00,10090.0,10226.231
2021-01-24 20:00:00,10365.0,10365.318
2021-01-24 21:00:00,10275.0,10310.459
2021-01-24 22:00:00,9938.0,10000.792
2021-01-24 23:00:00,9675.0,9953.025
2021-01-25 00:00:00,10462.5,10457.9375
2021-01-25 01:00:00,10556.0,10512.772
2021-01-25 02:00:00,10648.5,10482.203
2021-01-25 03:00:00,10714.0,10383.245
2021-01-25 04:00:00,10619.0,10701.055
2021-01-25 05:00:00,11168.0,11100.509
2021-01-25 06:00:00,11430.0,11483.248
2021-01-25 07:00:00,11314.0,11469.32
2021-01-25 08:00:00,11356.0,11299.942
2021-01-25 09:00:00,11363.0,11315.818
2021-01-25 10:00:00,11322.0,11329.825
2021-01-25 11:00:00,11190.0,11256.793
2021-01-25 12:00:00,11152.0,11161.603
2021-01-25 13:00:00,11099.0,11183.556
2021-01-25 14:00:00,11274.0,11277.738
2021-01-25 15:00:00,11398.0,11392.89
2021-01-25 16:00:00,11315.0,11416.965
2021-01-25 17:00:00,11288.0,11342.165
2021-01-25 18:00:00,11040.0,11102.567
2021-01-25 19:00:00,10616.0,10639.786
2021-01-25 20:00:00,10708.0,10713.564
2021-01-25 21:00:00,10457.0,10565.68
2021-01-25 22:00:00,11098.0,10662.4375
2021-01-25 23:00:00,11098.0,11144.684
2021-01-26 00:00:00,11092.5,11023.413
2021-01-26 01:00:00,11078.0,11045.154
2021-01-26 02:00:00,11073.0,11059.048
2021-01-26 03:00:00,11073.0,10981.641
2021-01-26 04:00:00,10599.0,10690.7295
2021-01-26 05:00:00,11097.0,11017.013
2021-01-26 06:00:00,11296.0,11269.268
2021-01-26 07:00:00,11166.0,11248.908
2021-01-26 08:00:00,11122.0,11125.213
2021-01-26 09:00:00,11161.0,11092.624
2021-01-26 10:00:00,11136.0,11124.552
2021-01-26 11:00:00,11088.0,11036.614
2021-01-26 12:00:00,11068.0,11026.346
2021-01-26 13:00:00,11078.0,11126.008
2021-01-26 14:00:00,11212.0,11213.839
2021-01-26 15:00:00,11418.0,11348.062
2021-01-26 16:00:00,11426.0,11478.788
2021-01-26 17:00:00,11421.0,11453.504
2021-01-26 18:00:00,11219.0,11283.903
2021-01-26 19:00:00,10734.0,10718.649
2021-01-26 20:00:00,10785.0,10742.629
2021-01-26 21:00:00,10547.0,10495.197
2021-01-26 22:00:00,10142.0,10935.041
2021-01-26 23:00:00,11083.0,10991.67
2021-01-27 00:00:00,11145.0,11084.537
2021-01-27 01:00:00,11215.5,11165.912
2021-01-27 02:00:00,11268.5,11221.424
2021-01-27 03:00:00,11320.5,11106.1045
2021-01-27 04:00:00,10828.0,10804.821
2021-01-27 05:00:00,11318.0,11163.298
2021-01-27 06:00:00,11546.0,11493.744
2021-01-27 07:00:00,11440.0,11521.645
2021-01-27 08:00:00,11374.0,11420.242
2021-01-27 09:00:00,11491.0,11375.694
2021-01-27 10:00:00,11450.0,11429.534
2021-01-27 11:00:00,11409.0,11363.844
2021-01-27 12:00:00,11369.0,11408.427
2021-01-27 13:00:00,11323.0,11426.515
2021-01-27 14:00:00,11516.0,11525.966
2021-01-27 15:00:00,11693.0,11673.674
2021-01-27 16:00:00,11756.0,11713.167
2021-01-27 17:00:00,11738.0,11738.997
2021-01-27 18:00:00,11589.0,11567.13
2021-01-27 19:00:00,11106.0,11051.884
2021-01-27 20:00:00,11126.0,11015.853
2021-01-27 21:00:00,10910.0,10782.712
2021-01-27 22:00:00,11389.0,10987.489
2021-01-27 23:00:00,11389.0,11329.468
2021-01-28 00:00:00,11442.5,11404.614
2021-01-28 01:00:00,11508.5,11476.119
2021-01-28 02:00:00,11511.5,11486.527
2021-01-28 03:00:00,11533.5,11407.176
2021-01-28 04:00:00,11121.0,11153.66
2021-01-28 05:00:00,11560.0,11550.261
2021-01-28 06:00:00,11784.0,11788.713
2021-01-28 07:00:00,11710.0,11733.338
2021-01-28 08:00:00,11761.0,11689.023
2021-01-28 09:00:00,11765.0,11744.433
2021-01-28 10:00:00,11703.0,11753.168
2021-01-28 11:00:00,11602.0,11676.662
2021-01-28 12:00:00,11501.0,11597.369
2021-01-28 13:00:00,11507.0,11605.873
2021-01-28 14:00:00,11684.0,11716.225
2021-01-28 15:00:00,11959.0,11890.518
2021-01-28 16:00:00,11948.0,11956.931
2021-01-28 17:00:00,11955.0,11921.576
2021-01-28 18:00:00,11824.0,11796.441
2021-01-28 19:00:00,11384.0,11438.437
2021-01-28 20:00:00,11470.0,11428.622
2021-01-28 21:00:00,11193.0,11228.837
2021-01-28 22:00:00,11589.5,11207.107
2021-01-28 23:00:00,11589.5,11598.236
2021-01-29 00:00:00,11630.5,11734.195
2021-01-29 01:00:00,11754.0,11719.701
2021-01-29 02:00:00,11854.0,11779.672
2021-01-29 03:00:00,11891.5,11745.122
2021-01-29 04:00:00,11577.0,11570.053
2021-01-29 05:00:00,12066.0,11991.224
2021-01-29 06:00:00,12278.0,12224.691
2021-01-29 07:00:00,12143.0,12235.087
2021-01-29 08:00:00,12162.0,12133.096
2021-01-29 09:00:00,12151.0,12132.934
2021-01-29 10:00:00,12099.0,12112.216
2021-01-29 11:00:00,12027.0,11992.515
2021-01-29 12:00:00,11884.0,11993.7
2021-01-29 13:00:00,11899.0,11954.878
2021-01-29 14:00:00,12041.0,12090.093
2021-01-29 15:00:00,12322.0,12203.26
2021-01-29 16:00:00,12333.0,12338.694
2021-01-29 17:00:00,12261.0,12378.222
2021-01-29 18:00:00,11980.0,12081.618
2021-01-29 19:00:00,11522.0,11519.526
2021-01-29 20:00:00,11614.0,11522.379
2021-01-29 21:00:00,11391.0,11390.612
2021-01-29 22:00:00,10900.0,11063.792
2021-01-29 23:00:00,10642.0,10920.968
2021-01-30 00:00:00,10496.0,10768.145
2021-01-30 01:00:00,11339.0,10739.06
2021-01-30 02:00:00,11339.0,11293.045
2021-01-30 03:00:00,10484.0,11184.111
2021-01-30 04:00:00,10751.0,10542.403
2021-01-30 05:00:00,10851.0,10753.447
2021-01-30 06:00:00,10989.0,11097.533
2021-01-30 07:00:00,11062.0,11118.794
2021-01-30 08:00:00,11316.0,11126.1045
2021-01-30 09:00:00,11446.0,11336.597
2021-01-30 10:00:00,11408.0,11369.955
2021-01-30 11:00:00,11342.0,11326.317
2021-01-30 12:00:00,11336.0,11281.443
2021-01-30 13:00:00,11419.0,11470.202
2021-01-30 14:00:00,11653.0,11577.472
2021-01-30 15:00:00,12223.0,11748.835
2021-01-30 16:00:00,11339.0,12109.694
2021-01-30 17:00:00,12255.0,11425.296
2021-01-30 18:00:00,11841.0,11891.443
2021-01-30 19:00:00,11346.0,11292.68
2021-01-30 20:00:00,11501.0,11375.896
2021-01-30 21:00:00,11406.0,11264.411
2021-01-30 22:00:00,11032.0,10999.893
2021-01-30 23:00:00,10693.0,10582.1
2021-01-31 00:00:00,10488.0,10495.885
2021-01-31 01:00:00,10374.0,10435.143
2021-01-31 02:00:00,10415.0,10395.902
2021-01-31 03:00:00,10447.0,10461.95
2021-01-31 04:00:00,10639.0,10508.612
2021-01-31 05:00:00,10659.0,10658.307
2021-01-31 06:00:00,10812.0,10872.016
2021-01-31 07:00:00,10962.0,10957.673
2021-01-31 08:00:00,11180.0,11073.942
2021-01-31 09:00:00,11287.0,11183.697
2021-01-31 10:00:00,11297.0,11208.222
2021-01-31 11:00:00,11139.0,11203.703
2021-01-31 12:00:00,11079.0,11099.166
2021-01-31 13:00:00,11109.0,11208.916
2021-01-31 14:00:00,11352.0,11306.441
2021-01-31 15:00:00,11862.0,11483.52
2021-01-31 16:00:00,11959.0,11826.059
2021-01-31 17:00:00,11947.0,11791.363
2021-01-31 18:00:00,11672.0,11662.453
2021-01-31 19:00:00,11308.0,11197.876
2021-01-31 20:00:00,11598.0,11341.041
2021-01-31 21:00:00,11492.0,11414.877
2021-01-31 22:00:00,11166.0,11186.027
2021-01-31 23:00:00,10969.0,10940.266
2021-02-01 00:00:00,11635.0,11016.431
2021-02-01 01:00:00,11767.0,11495.067
2021-02-01 02:00:00,11904.5,11586.109
2021-02-01 03:00:00,11358.0,11688.118
2021-02-01 04:00:00,12140.0,11625.6
2021-02-01 05:00:00,12497.0,12445.536
2021-02-01 06:00:00,12644.0,12547.496
2021-02-01 07:00:00,12495.0,12524.946
2021-02-01 08:00:00,12560.0,12312.791
2021-02-01 09:00:00,12593.0,12407.58
2021-02-01 10:00:00,12573.0,12500.14
2021-02-01 11:00:00,12423.0,12379.847
2021-02-01 12:00:00,12362.0,12327.879
2021-02-01 13:00:00,12300.0,12299.78
2021-02-01 14:00:00,12354.0,12353.053
2021-02-01 15:00:00,12660.0,12592.498
2021-02-01 16:00:00,12650.0,12773.08
2021-02-01 17:00:00,12645.0,12689.851
2021-02-01 18:00:00,12416.0,12481.484
2021-02-01 19:00:00,12051.0,11968.408
2021-02-01 20:00:00,12237.0,12096.952
2021-02-01 21:00:00,11990.0,12055.012
2021-02-01 22:00:00,11629.0,11896.469
2021-02-01 23:00:00,12362.0,11871.058
2021-02-02 00:00:00,12362.0,12293.066
2021-02-02 01:00:00,12389.0,12298.247
2021-02-02 02:00:00,12476.5,12329.862
2021-02-02 03:00:00,12563.0,12247.254
2021-02-02 04:00:00,12362.0,12401.935
2021-02-02 05:00:00,12769.0,12692.136
2021-02-02 06:00:00,12867.0,12757.09
2021-02-02 07:00:00,12831.0,12658.234
2021-02-02 08:00:00,12898.0,12710.017
2021-02-02 09:00:00,12903.0,12706.847
2021-02-02 10:00:00,12794.0,12691.551
2021-02-02 11:00:00,12662.0,12672.341
2021-02-02 12:00:00,12589.0,12556.026
2021-02-02 13:00:00,12537.0,12602.815
2021-02-02 14:00:00,12597.0,12642.822
2021-02-02 15:00:00,13025.0,12791.2295
2021-02-02 16:00:00,13016.0,13071.602
2021-02-02 17:00:00,13034.0,13026.594
2021-02-02 18:00:00,12842.0,12826.545
2021-02-02 19:00:00,12315.0,12310.4375
2021-02-02 20:00:00,12436.0,12233.186
2021-02-02 21:00:00,12199.0,12068.882
2021-02-02 22:00:00,11778.0,11888.08
2021-02-02 23:00:00,12593.0,12097.249
2021-02-03 00:00:00,12593.0,12529.654
2021-02-03 01:00:00,12601.5,12539.004
2021-02-03 02:00:00,12601.5,12551.794
2021-02-03 03:00:00,11711.0,12485.606
2021-02-03 04:00:00,12531.0,12200.515
2021-02-03 05:00:00,12928.0,12792.321
2021-02-03 06:00:00,12990.0,13047.841
2021-02-03 07:00:00,12967.0,12860.981
2021-02-03 08:00:00,12982.0,12843.761
2021-02-03 09:00:00,12887.0,12825.465
2021-02-03 10:00:00,12834.0,12648.911
2021-02-03 11:00:00,12713.0,12608.531
2021-02-03 12:00:00,12606.0,12553.467
2021-02-03 13:00:00,12587.0,12522.994
2021-02-03 14:00:00,12664.0,12588.896
2021-02-03 15:00:00,13140.0,12866.226
2021-02-03 16:00:00,13275.0,13289.627
2021-02-03 17:00:00,13365.0,13376.376
2021-02-03 18:00:00,13089.0,13177.842
2021-02-03 19:00:00,12568.0,12515.379
2021-02-03 20:00:00,12673.0,12566.747
2021-02-03 21:00:00,12384.0,12340.982
2021-02-03 22:00:00,12014.0,12085.56
2021-02-03 23:00:00,11775.0,12064.949
2021-02-04 00:00:00,11656.0,12201.916
2021-02-04 01:00:00,11646.0,11964.425
2021-02-04 02:00:00,11779.0,11936.879
2021-02-04 03:00:00,12134.0,11886.395
2021-02-04 04:00:00,12921.0,12617.617
2021-02-04 05:00:00,13177.0,13163.098
2021-02-04 06:00:00,13145.0,13258.348
2021-02-04 07:00:00,13077.0,13061.296
2021-02-04 08:00:00,12936.0,12923.139
2021-02-04 09:00:00,12851.0,12865.956
2021-02-04 10:00:00,12846.0,12705.545
2021-02-04 11:00:00,12698.0,12630.818
2021-02-04 12:00:00,12664.0,12552.895
2021-02-04 13:00:00,12579.0,12531.6875
2021-02-04 14:00:00,12610.0,12573.486
2021-02-04 15:00:00,12967.0,12876.874
2021-02-04 16:00:00,13021.0,13156.776
2021-02-04 17:00:00,13095.0,13068.197
2021-02-04 18:00:00,12990.0,12861.665
2021-02-04 19:00:00,12569.0,12520.9
2021-02-04 20:00:00,12665.0,12565.713
2021-02-04 21:00:00,12402.0,12421.777
2021-02-04 22:00:00,12059.0,12084.144
2021-02-04 23:00:00,11837.0,12105.126
2021-02-05 00:00:00,11744.0,11924.741
2021-02-05 01:00:00,12978.5,11917.222
2021-02-05 02:00:00,11986.0,12692.705
2021-02-05 03:00:00,12397.0,12136.054
2021-02-05 04:00:00,13173.0,12715.216
2021-02-05 05:00:00,13561.0,13364.398
2021-02-05 06:00:00,13629.0,13582.752
2021-02-05 07:00:00,13563.0,13531.106
2021-02-05 08:00:00,13642.0,13456.429
2021-02-05 09:00:00,13544.0,13415.305
2021-02-05 10:00:00,13430.0,13435.241
2021-02-05 11:00:00,13223.0,13198.946
2021-02-05 12:00:00,13062.0,13030.277
2021-02-05 13:00:00,12972.0,12948.692
2021-02-05 14:00:00,12941.0,13122.087
2021-02-05 15:00:00,13417.0,13303.132
2021-02-05 16:00:00,13608.0,13562.504
2021-02-05 17:00:00,13571.0,13650.783
2021-02-05 18:00:00,13233.0,13436.889
2021-02-05 19:00:00,12823.0,12776.483
2021-02-05 20:00:00,12894.0,12909.753
2021-02-05 21:00:00,12602.0,12649.548
2021-02-05 22:00:00,12203.0,12206.717
2021-02-05 23:00:00,11896.0,11857.792
2021-02-06 00:00:00,11669.0,11716.442
2021-02-06 01:00:00,11608.0,11779.565
2021-02-06 02:00:00,11606.0,11563.74
2021-02-06 03:00:00,11698.0,11668.74
2021-02-06 04:00:00,11984.0,12025.069
2021-02-06 05:00:00,12064.0,12040.819
2021-02-06 06:00:00,12156.0,12299.888
2021-02-06 07:00:00,12342.0,12325.976
2021-02-06 08:00:00,12519.0,12501.97
2021-02-06 09:00:00,12514.0,12526.762
2021-02-06 10:00:00,12332.0,12499.079
2021-02-06 11:00:00,12211.0,12337.79
2021-02-06 12:00:00,12152.0,12249.754
2021-02-06 13:00:00,12162.0,12266.196
2021-02-06 14:00:00,12333.0,12431.055
2021-02-06 15:00:00,12258.0,12705.939
2021-02-06 16:00:00,12258.0,12534.558
2021-02-06 17:00:00,12258.0,12516.225
2021-02-06 18:00:00,12771.0,12177.65
2021-02-06 19:00:00,12314.0,12256.795
2021-02-06 20:00:00,12414.0,12334.414
2021-02-06 21:00:00,12305.0,12216.685
2021-02-06 22:00:00,11861.0,11789.255
2021-02-06 23:00:00,11512.0,11445.456
2021-02-07 00:00:00,11286.0,11392.105
2021-02-07 01:00:00,11085.0,11359.527
2021-02-07 02:00:00,11079.0,11386.773
2021-02-07 03:00:00,11097.0,11206.746
2021-02-07 04:00:00,11237.0,11214.894
2021-02-07 05:00:00,11263.0,11420.996
2021-02-07 06:00:00,11300.0,11543.001
2021-02-07 07:00:00,11459.0,11543.475
2021-02-07 08:00:00,11709.0,11649.303
2021-02-07 09:00:00,11784.0,11819.515
2021-02-07 10:00:00,11765.0,11767.328
2021-02-07 11:00:00,11621.0,11680.865
2021-02-07 12:00:00,11545.0,11549.833
2021-02-07 13:00:00,11506.0,11627.973
2021-02-07 14:00:00,11529.0,11673.137
2021-02-07 15:00:00,12025.0,11848.715
2021-02-07 16:00:00,12221.0,12135.676
2021-02-07 17:00:00,12207.0,12212.72
2021-02-07 18:00:00,11954.0,12007.237
2021-02-07 19:00:00,11550.0,11593.114
2021-02-07 20:00:00,11801.0,11772.817
2021-02-07 21:00:00,11684.0,11798.5
2021-02-07 22:00:00,11341.0,11382.712
2021-02-07 23:00:00,11056.0,11194.038
2021-02-08 00:00:00,10900.0,11284.677
2021-02-08 01:00:00,11989.5,11230.47
2021-02-08 02:00:00,12116.0,11929.5625
2021-02-08 03:00:00,11432.0,12128.092
2021-02-08 04:00:00,12265.0,11771.724
2021-02-08 05:00:00,12659.0,12635.411
2021-02-08 06:00:00,12681.0,12733.626
2021-02-08 07:00:00,12792.0,12601.808
2021-02-08 08:00:00,12814.0,12741.502
2021-02-08 09:00:00,12784.0,12745.799
2021-02-08 10:00:00,12611.0,12715.257
2021-02-08 11:00:00,12538.0,12557.588
2021-02-08 12:00:00,12520.0,12446.984
2021-02-08 13:00:00,12406.0,12469.01
2021-02-08 14:00:00,12386.0,12517.445
2021-02-08 15:00:00,12772.0,12650.312
2021-02-08 16:00:00,12872.0,12942.774
2021-02-08 17:00:00,12969.0,12914.227
2021-02-08 18:00:00,12742.0,12850.858
2021-02-08 19:00:00,12391.0,12331.94
2021-02-08 20:00:00,12469.0,12422.897
2021-02-08 21:00:00,12325.0,12173.645
2021-02-08 22:00:00,12061.0,12013.648
2021-02-08 23:00:00,11795.0,11975.782
2021-02-09 00:00:00,11612.0,11705.285
2021-02-09 01:00:00,12757.0,11688.694
2021-02-09 02:00:00,11757.0,12524.692
2021-02-09 03:00:00,12150.0,11619.878
2021-02-09 04:00:00,12891.0,12514.771
2021-02-09 05:00:00,13343.0,13037.644
2021-02-09 06:00:00,13360.0,13370.238
2021-02-09 07:00:00,13383.0,13215.874
2021-02-09 08:00:00,13349.0,13243.854
2021-02-09 09:00:00,13234.0,13180.248
2021-02-09 10:00:00,13061.0,12949.27
2021-02-09 11:00:00,12910.0,12849.987
2021-02-09 12:00:00,12869.0,12891.559
2021-02-09 13:00:00,12847.0,12763.054
2021-02-09 14:00:00,12853.0,12912.913
2021-02-09 15:00:00,13366.0,13078.555
2021-02-09 16:00:00,13478.0,13491.408
2021-02-09 17:00:00,13554.0,13440.233
2021-02-09 18:00:00,13323.0,13382.059
2021-02-09 19:00:00,12882.0,12924.153
2021-02-09 20:00:00,12948.0,12890.844
2021-02-09 21:00:00,12742.0,12783.075
2021-02-09 22:00:00,12359.0,12573.918
2021-02-09 23:00:00,12128.0,12262.482
2021-02-10 00:00:00,11978.0,12241.663
2021-02-10 01:00:00,11964.0,12238.666
2021-02-10 02:00:00,12130.0,12076.845
2021-02-10 03:00:00,12490.0,12361.784
2021-02-10 04:00:00,13216.0,12914.861
2021-02-10 05:00:00,13614.0,13343.538
2021-02-10 06:00:00,13632.0,13591.291
2021-02-10 07:00:00,13570.0,13511.916
2021-02-10 08:00:00,13499.0,13517.923
2021-02-10 09:00:00,13394.0,13466.542
2021-02-10 10:00:00,13377.0,13242.001
2021-02-10 11:00:00,13268.0,13172.742
2021-02-10 12:00:00,13104.0,12998.273
2021-02-10 13:00:00,13045.0,13038.907
2021-02-10 14:00:00,13061.0,13049.979
2021-02-10 15:00:00,13543.0,13307.222
2021-02-10 16:00:00,13781.0,13739.155
2021-02-10 17:00:00,13847.0,13740.422
2021-02-10 18:00:00,13651.0,13729.3545
2021-02-10 19:00:00,13161.0,13116.387
2021-02-10 20:00:00,13168.0,13145.978
2021-02-10 21:00:00,13020.0,12909.816
2021-02-10 22:00:00,12671.0,12693.654
2021-02-10 23:00:00,12419.0,12347.194
2021-02-11 00:00:00,12301.0,12268.548
2021-02-11 01:00:00,13517.0,12220.345
2021-02-11 02:00:00,12473.0,13270.686
2021-02-11 03:00:00,12848.0,12513.084
2021-02-11 04:00:00,13603.0,13184.336
2021-02-11 05:00:00,13921.0,13722.322
2021-02-11 06:00:00,13960.0,13933.035
2021-02-11 07:00:00,13917.0,13892.365
2021-02-11 08:00:00,13987.0,13840.342
2021-02-11 09:00:00,13915.0,13845.218
2021-02-11 10:00:00,13772.0,13791.956
2021-02-11 11:00:00,13614.0,13447.061
2021-02-11 12:00:00,13491.0,13460.773
2021-02-11 13:00:00,13380.0,13491.915
2021-02-11 14:00:00,13337.0,13390.038
2021-02-11 15:00:00,13725.0,13502.753
2021-02-11 16:00:00,13863.0,13711.266
2021-02-11 17:00:00,13860.0,13942.101
2021-02-11 18:00:00,13680.0,13738.7295
2021-02-11 19:00:00,13168.0,13210.5
2021-02-11 20:00:00,13256.0,13119.261
2021-02-11 21:00:00,13108.0,13003.576
2021-02-11 22:00:00,12743.0,12860.412
2021-02-11 23:00:00,12510.0,12571.553
2021-02-12 00:00:00,12383.0,12536.759
2021-02-12 01:00:00,12336.0,12551.61
2021-02-12 02:00:00,12435.0,12465.969
2021-02-12 03:00:00,12775.0,12586.305
2021-02-12 04:00:00,13442.0,13216.448
2021-02-12 05:00:00,13684.0,13613.147
2021-02-12 06:00:00,13648.0,13759.474
2021-02-12 07:00:00,13633.0,13683.338
2021-02-12 08:00:00,13563.0,13651.656
2021-02-12 09:00:00,13478.0,13561.72
2021-02-12 10:00:00,13204.0,13312.364
2021-02-12 11:00:00,13099.0,13114.579
2021-02-12 12:00:00,12948.0,13092.535
2021-02-12 13:00:00,12916.0,13003.437
2021-02-12 14:00:00,12872.0,13136.903
2021-02-12 15:00:00,13202.0,13254.79
2021-02-12 16:00:00,13345.0,13412.528
2021-02-12 17:00:00,13267.0,13474.498
2021-02-12 18:00:00,12967.0,13100.678
2021-02-12 19:00:00,12463.0,12702.897
2021-02-12 20:00:00,12569.0,12685.553
2021-02-12 21:00:00,12290.0,12485.716
2021-02-12 22:00:00,11795.0,12076.789
2021-02-12 23:00:00,11492.0,11815.919
2021-02-13 00:00:00,11245.0,11670.587
2021-02-13 01:00:00,11140.0,11391.679
2021-02-13 02:00:00,11096.0,11355.327
2021-02-13 03:00:00,11173.0,11204.233
2021-02-13 04:00:00,11384.0,11504.556
2021-02-13 05:00:00,11468.0,11505.067
2021-02-13 06:00:00,11537.0,11657.2295
2021-02-13 07:00:00,11747.0,11676.117
2021-02-13 08:00:00,11876.0,11863.179
2021-02-13 09:00:00,11744.0,11916.408
2021-02-13 10:00:00,11660.0,11750.142
2021-02-13 11:00:00,11533.0,11601.648
2021-02-13 12:00:00,11493.0,11489.618
2021-02-13 13:00:00,11532.0,11558.543
2021-02-13 14:00:00,11722.0,11749.398
2021-02-13 15:00:00,11532.5,11961.361
2021-02-13 16:00:00,11532.5,11735.3125
2021-02-13 17:00:00,11532.5,11620.827
2021-02-13 18:00:00,11942.0,11558.278
2021-02-13 19:00:00,11504.0,11408.858
2021-02-13 20:00:00,11614.0,11616.462
2021-02-13 21:00:00,11506.0,11489.657
2021-02-13 22:00:00,11237.0,11174.573
2021-02-13 23:00:00,10902.0,10930.868
2021-02-14 00:00:00,10658.0,10708.369
2021-02-14 01:00:00,10596.0,10532.352
2021-02-14 02:00:00,10641.0,10628.047
2021-02-14 03:00:00,10766.0,10588.98
2021-02-14 04:00:00,10927.0,10750.779
2021-02-14 05:00:00,10943.0,10959.06
2021-02-14 06:00:00,11084.0,11115.677
2021-02-14 07:00:00,11357.0,11202.902
2021-02-14 08:00:00,11561.0,11399.228
2021-02-14 09:00:00,11527.0,11485.394
2021-02-14 10:00:00,11505.0,11383.259
2021-02-14 11:00:00,11455.0,11351.179
2021-02-14 12:00:00,11330.0,11385.969
2021-02-14 13:00:00,11409.0,11380.115
2021-02-14 14:00:00,11511.0,11602.772
2021-02-14 15:00:00,11982.0,11648.271
2021-02-14 16:00:00,12333.0,12072.21
2021-02-14 17:00:00,12371.0,12163.247
2021-02-14 18:00:00,12163.0,11952.735
2021-02-14 19:00:00,11823.0,11668.707
2021-02-14 20:00:00,12120.0,11915.652
2021-02-14 21:00:00,12055.0,11948.768
2021-02-14 22:00:00,11720.0,11680.271
2021-02-14 23:00:00,11491.0,11582.466
2021-02-15 00:00:00,11374.0,11590.983
2021-02-15 01:00:00,11369.0,11633.146
2021-02-15 02:00:00,11556.0,11526.915
2021-02-15 03:00:00,11946.0,11628.272
2021-02-15 04:00:00,12756.0,12198.464
2021-02-15 05:00:00,13122.0,12977.509
2021-02-15 06:00:00,13156.0,13192.77
2021-02-15 07:00:00,13199.0,13094.829
2021-02-15 08:00:00,13058.0,13055.5205
2021-02-15 09:00:00,12886.0,12950.86
2021-02-15 10:00:00,12697.0,12723.219
2021-02-15 11:00:00,12582.0,12669.922
2021-02-15 12:00:00,12475.0,12486.999
2021-02-15 13:00:00,12373.0,12446.276
2021-02-15 14:00:00,12285.0,12464.223
2021-02-15 15:00:00,12479.0,12569.033
2021-02-15 16:00:00,12672.0,12742.91
2021-02-15 17:00:00,12571.0,12770.997
2021-02-15 18:00:00,12326.0,12486.808
2021-02-15 19:00:00,11922.0,11857.815
2021-02-15 20:00:00,11922.0,12082.426
2021-02-15 21:00:00,11769.0,11881.363
2021-02-15 22:00:00,12349.5,11681.863
2021-02-15 23:00:00,12349.5,12161.694
2021-02-16 00:00:00,12305.5,12150.728
2021-02-16 01:00:00,12264.0,12028.391
2021-02-16 02:00:00,12221.0,12153.569
2021-02-16 03:00:00,11262.0,12140.51
2021-02-16 04:00:00,12140.0,12146.677
2021-02-16 05:00:00,12535.0,12617.286
2021-02-16 06:00:00,12459.0,12702.519
2021-02-16 07:00:00,12522.0,12476.973
2021-02-16 08:00:00,12556.0,12549.368
2021-02-16 09:00:00,12539.0,12493.539
2021-02-16 10:00:00,12391.0,12443.832
2021-02-16 11:00:00,12243.0,12279.774
2021-02-16 12:00:00,12199.0,12174.116
2021-02-16 13:00:00,12163.0,12196.644
2021-02-16 14:00:00,12160.0,12302.1
2021-02-16 15:00:00,12575.0,12330.646
2021-02-16 16:00:00,12878.0,12585.612
2021-02-16 17:00:00,12965.0,12730.648
2021-02-16 18:00:00,12865.0,12706.74
2021-02-16 19:00:00,12418.0,12136.44
2021-02-16 20:00:00,12541.0,12255.572
2021-02-16 21:00:00,12414.0,12075.581
2021-02-16 22:00:00,12174.0,12247.241
2021-02-16 23:00:00,12019.0,12069.394
2021-02-17 00:00:00,11941.0,12130.493
2021-02-17 01:00:00,11976.0,11987.715
2021-02-17 02:00:00,12194.0,11925.636
2021-02-17 03:00:00,12613.0,11948.528
2021-02-17 04:00:00,13377.0,12417.626
2021-02-17 05:00:00,13612.0,13283.506
2021-02-17 06:00:00,13813.0,13445.256
2021-02-17 07:00:00,13859.0,13358.857
2021-02-17 08:00:00,13718.0,13712.875
2021-02-17 09:00:00,13549.0,13427.491
2021-02-17 10:00:00,13410.0,13438.999
2021-02-17 11:00:00,13190.0,13171.264
2021-02-17 12:00:00,13058.0,13020.147
2021-02-17 13:00:00,13053.0,12945.685
2021-02-17 14:00:00,13104.0,13088.187
2021-02-17 15:00:00,13417.0,13392.539
2021-02-17 16:00:00,13924.0,13576.956
2021-02-17 17:00:00,14093.0,13988.962
2021-02-17 18:00:00,13905.0,13791.473
2021-02-17 19:00:00,13459.0,13462.034
2021-02-17 20:00:00,13468.0,13298.261
2021-02-17 21:00:00,13314.0,13189.501
2021-02-17 22:00:00,13001.0,13040.289
2021-02-17 23:00:00,12723.0,12764.324
2021-02-18 00:00:00,12594.0,12559.224
2021-02-18 01:00:00,12610.0,12540.578
2021-02-18 02:00:00,12812.0,12553.249
2021-02-18 03:00:00,13201.0,12840.88
2021-02-18 04:00:00,13914.0,13602.0625
2021-02-18 05:00:00,14187.0,14101.241
2021-02-18 06:00:00,14201.0,14042.107
2021-02-18 07:00:00,14267.0,14038.006
2021-02-18 08:00:00,14160.0,13991.256
2021-02-18 09:00:00,14018.0,13869.802
2021-02-18 10:00:00,13771.0,13828.674
2021-02-18 11:00:00,13532.0,13475.809
2021-02-18 12:00:00,13359.0,13475.168
2021-02-18 13:00:00,13272.0,13327.6875
2021-02-18 14:00:00,13199.0,13430.403
2021-02-18 15:00:00,13368.0,13420.424
2021-02-18 16:00:00,13560.0,13499.225
2021-02-18 17:00:00,13555.0,13669.565
2021-02-18 18:00:00,13225.0,13434.101
2021-02-18 19:00:00,12764.0,12832.421
2021-02-18 20:00:00,12782.0,12932.165
2021-02-18 21:00:00,12522.0,12770.59
2021-02-18 22:00:00,12125.0,12558.493
2021-02-18 23:00:00,12914.0,12182.141
2021-02-19 00:00:00,12902.5,13041.894
2021-02-19 01:00:00,12854.5,12840.0205
2021-02-19 02:00:00,12799.5,12874.36
2021-02-19 03:00:00,12018.0,12872.651
2021-02-19 04:00:00,12658.0,12698.594
2021-02-19 05:00:00,12892.0,13048.725
2021-02-19 06:00:00,12915.0,13060.607
2021-02-19 07:00:00,13036.0,13037.311
2021-02-19 08:00:00,12984.0,13021.958
2021-02-19 09:00:00,12937.0,13028.598
2021-02-19 10:00:00,12913.0,12932.4795
2021-02-19 11:00:00,12817.0,12855.569
2021-02-19 12:00:00,12709.0,12671.704
2021-02-19 13:00:00,12659.0,12604.19
2021-02-19 14:00:00,12603.0,12683.943
2021-02-19 15:00:00,12827.0,12934.345
2021-02-19 16:00:00,13077.0,13066.321
2021-02-19 17:00:00,12998.0,13144.471
2021-02-19 18:00:00,12688.0,12806.492
2021-02-19 19:00:00,12222.0,12364.635
2021-02-19 20:00:00,12207.0,12340.097
2021-02-19 21:00:00,12009.0,12141.829
2021-02-19 22:00:00,11619.0,11666.187
2021-02-19 23:00:00,11941.5,11643.764
2021-02-20 00:00:00,11921.5,11912.585
2021-02-20 01:00:00,11901.0,11873.463
2021-02-20 02:00:00,11898.0,11873.124
2021-02-20 03:00:00,11898.0,11667.767
2021-02-20 04:00:00,11311.0,11993.211
2021-02-20 05:00:00,11322.0,11509.362
2021-02-20 06:00:00,11422.0,11728.983
2021-02-20 07:00:00,11705.0,11697.425
2021-02-20 08:00:00,11882.0,11839.635
2021-02-20 09:00:00,11960.0,11896.061
2021-02-20 10:00:00,11923.0,11881.113
2021-02-20 11:00:00,11920.0,11810.153
2021-02-20 12:00:00,11861.0,11827.688
2021-02-20 13:00:00,11914.0,11888.005
2021-02-20 14:00:00,12032.0,12067.854
2021-02-20 15:00:00,12448.0,12264.655
2021-02-20 16:00:00,12807.0,12428.727
2021-02-20 17:00:00,12662.0,12569.971
2021-02-20 18:00:00,12195.0,12400.286
2021-02-20 19:00:00,11599.0,11689.51
2021-02-20 20:00:00,11685.0,11721.587
2021-02-20 21:00:00,11466.0,11616.891
2021-02-20 22:00:00,10994.0,11290.181
2021-02-20 23:00:00,10628.0,10913.045
2021-02-21 00:00:00,10404.0,10471.981
2021-02-21 01:00:00,10289.0,10321.941
2021-02-21 02:00:00,10247.0,10292.39
2021-02-21 03:00:00,10275.0,10422.011
2021-02-21 04:00:00,10435.0,10406.893
2021-02-21 05:00:00,10390.0,10585.447
2021-02-21 06:00:00,10536.0,10585.658
2021-02-21 07:00:00,10797.0,10746.7705
2021-02-21 08:00:00,10976.0,10953.939
2021-02-21 09:00:00,11093.0,11086.195
2021-02-21 10:00:00,11086.0,11113.791
2021-02-21 11:00:00,11130.0,11019.663
2021-02-21 12:00:00,11078.0,11082.944
2021-02-21 13:00:00,11163.0,11155.183
2021-02-21 14:00:00,11327.0,11317.867
2021-02-21 15:00:00,11707.0,11609.179
2021-02-21 16:00:00,12075.0,11772.412
2021-02-21 17:00:00,12059.0,11877.544
2021-02-21 18:00:00,11823.0,11751.513
2021-02-21 19:00:00,11383.0,11376.296
2021-02-21 20:00:00,11588.0,11528.835
2021-02-21 21:00:00,11525.0,11450.027
2021-02-21 22:00:00,11157.0,11171.827
2021-02-21 23:00:00,10883.0,10895.19
2021-02-22 00:00:00,11647.5,11028.119
2021-02-22 01:00:00,11765.0,11528.275
2021-02-22 02:00:00,11934.0,11649.963
2021-02-22 03:00:00,12052.0,11639.594
2021-02-22 04:00:00,12045.0,12157.443
2021-02-22 05:00:00,12394.0,12374.425
2021-02-22 06:00:00,12525.0,12573.141
2021-02-22 07:00:00,12740.0,12447.785
2021-02-22 08:00:00,12797.0,12558.486
2021-02-22 09:00:00,12813.0,12608.069
2021-02-22 10:00:00,12796.0,12600.301
2021-02-22 11:00:00,12734.0,12585.605
2021-02-22 12:00:00,12651.0,12584.432
2021-02-22 13:00:00,12607.0,12497.075
2021-02-22 14:00:00,12548.0,12579.211
2021-02-22 15:00:00,12693.0,12685.193
2021-02-22 16:00:00,13031.0,12849.352
2021-02-22 17:00:00,13012.0,12973.956
2021-02-22 18:00:00,12784.0,12783.3125
2021-02-22 19:00:00,12328.0,12297.909
2021-02-22 20:00:00,12461.0,12229.714
2021-02-22 21:00:00,12244.0,12161.26
2021-02-22 22:00:00,11838.0,12120.064
2021-02-22 23:00:00,11594.0,11924.406
2021-02-23 00:00:00,12629.0,11594.203
2021-02-23 01:00:00,12650.0,12381.337
2021-02-23 02:00:00,12638.5,12392.573
2021-02-23 03:00:00,11851.0,12387.343
2021-02-23 04:00:00,12521.0,11955.994
2021-02-23 05:00:00,12768.0,12836.928
2021-02-23 06:00:00,12809.0,12771.994
2021-02-23 07:00:00,12930.0,12816.152
2021-02-23 08:00:00,12996.0,12897.393
2021-02-23 09:00:00,13050.0,12918.022
2021-02-23 10:00:00,12995.0,12881.195
2021-02-23 11:00:00,12877.0,12842.054
2021-02-23 12:00:00,12757.0,12679.634
2021-02-23 13:00:00,12584.0,12639.127
2021-02-23 14:00:00,12555.0,12619.629
2021-02-23 15:00:00,12667.0,12727.671
2021-02-23 16:00:00,12921.0,12868.829
2021-02-23 17:00:00,12921.0,13036.715
2021-02-23 18:00:00,12628.0,12795.357
2021-02-23 19:00:00,12094.0,12208.993
2021-02-23 20:00:00,12049.0,12302.024
2021-02-23 21:00:00,11782.0,12101.54
2021-02-23 22:00:00,11380.0,11750.782
2021-02-23 23:00:00,12215.5,11451.604
2021-02-24 00:00:00,12184.5,12187.624
2021-02-24 01:00:00,12124.0,12237.113
2021-02-24 02:00:00,12090.0,12172.436
2021-02-24 03:00:00,11322.0,11985.481
2021-02-24 04:00:00,11979.0,12018.37
2021-02-24 05:00:00,12086.0,12437.349
2021-02-24 06:00:00,12154.0,12427.016
2021-02-24 07:00:00,12277.0,12286.447
2021-02-24 08:00:00,12315.0,12358.599
2021-02-24 09:00:00,12484.0,12347.923
2021-02-24 10:00:00,12417.0,12409.813
2021-02-24 11:00:00,12215.0,12359.773
2021-02-24 12:00:00,12068.0,12171.089
2021-02-24 13:00:00,12007.0,12071.6
2021-02-24 14:00:00,11868.0,12075.94
2021-02-24 15:00:00,11984.0,12153.168
2021-02-24 16:00:00,12209.0,12260.394
2021-02-24 17:00:00,12121.0,12376.221
2021-02-24 18:00:00,11828.0,12050.56
2021-02-24 19:00:00,11232.0,11454.936
2021-02-24 20:00:00,11188.0,11604.388
2021-02-24 21:00:00,10897.0,11243.391
2021-02-24 22:00:00,11146.0,11197.159
2021-02-24 23:00:00,11112.0,11491.175
2021-02-25 00:00:00,11105.5,11450.402
2021-02-25 01:00:00,11067.0,11456.152
2021-02-25 02:00:00,11020.5,11261.896
2021-02-25 03:00:00,11005.5,11288.034
2021-02-25 04:00:00,10837.0,11395.475
2021-02-25 05:00:00,11002.0,11393.839
2021-02-25 06:00:00,11032.0,11396.012
2021-02-25 07:00:00,11115.0,11280.239
2021-02-25 08:00:00,11109.0,11294.471
2021-02-25 09:00:00,11177.0,11275.91
2021-02-25 10:00:00,11102.0,11314.574
2021-02-25 11:00:00,11009.0,11199.637
2021-02-25 12:00:00,10916.0,11096.332
2021-02-25 13:00:00,10907.0,11177.865
2021-02-25 14:00:00,10861.0,11250.546
2021-02-25 15:00:00,11010.0,11360.776
2021-02-25 16:00:00,11318.0,11416.003
2021-02-25 17:00:00,11372.0,11509.166
2021-02-25 18:00:00,10981.0,11394.486
2021-02-25 19:00:00,10512.0,10717.907
2021-02-25 20:00:00,10614.0,10956.924
2021-02-25 21:00:00,10375.0,10685.257
2021-02-25 22:00:00,9941.0,10735.472
2021-02-25 23:00:00,10822.0,10702.62
2021-02-26 00:00:00,10743.0,11001.772
2021-02-26 01:00:00,10666.0,10998.193
2021-02-26 02:00:00,10632.5,10935.564
2021-02-26 03:00:00,9854.0,10659.572
2021-02-26 04:00:00,10540.0,10554.319
2021-02-26 05:00:00,10681.0,11104.455
2021-02-26 06:00:00,10805.0,11068.822
2021-02-26 07:00:00,10918.0,11011.725
2021-02-26 08:00:00,10920.0,10984.401
2021-02-26 09:00:00,10863.0,10981.885
2021-02-26 10:00:00,10839.0,10911.245
2021-02-26 11:00:00,10651.0,10890.118
2021-02-26 12:00:00,10584.0,10801.689
2021-02-26 13:00:00,10543.0,10838.698
2021-02-26 14:00:00,10557.0,10906.264
2021-02-26 15:00:00,10692.0,11068.93
2021-02-26 16:00:00,11171.0,11210.354
2021-02-26 17:00:00,11212.0,11233.993
2021-02-26 18:00:00,10912.0,11107.481
2021-02-26 19:00:00,10491.0,10586.993
2021-02-26 20:00:00,10569.0,10643.896
2021-02-26 21:00:00,10327.0,10378.511
2021-02-26 22:00:00,9855.0,10121.783
2021-02-26 23:00:00,10158.0,10061.803
2021-02-27 00:00:00,10126.0,10301.843
2021-02-27 01:00:00,10076.5,10280.969
2021-02-27 02:00:00,10016.5,10127.033
2021-02-27 03:00:00,10016.5,9965.561
2021-02-27 04:00:00,9724.0,10100.642
2021-02-27 05:00:00,9641.0,9929.518
2021-02-27 06:00:00,9874.0,9879.616
2021-02-27 07:00:00,10124.0,10043.852
2021-02-27 08:00:00,10188.0,10205.863
2021-02-27 09:00:00,10128.0,10208.801
2021-02-27 10:00:00,10029.0,10091.1
2021-02-27 11:00:00,10004.0,9931.998
2021-02-27 12:00:00,9914.0,10020.954
2021-02-27 13:00:00,9906.0,10016.579
2021-02-27 14:00:00,10115.0,10117.285
2021-02-27 15:00:00,10458.0,10498.943
2021-02-27 16:00:00,10016.5,10748.361
2021-02-27 17:00:00,10016.5,10435.326
2021-02-27 18:00:00,10657.0,10347.825
2021-02-27 19:00:00,10215.0,10342.516
2021-02-27 20:00:00,10356.0,10351.691
2021-02-27 21:00:00,10212.0,10180.839
2021-02-27 22:00:00,9802.0,9792.967
2021-02-27 23:00:00,9424.0,9505.204
2021-02-28 00:00:00,9269.0,9225.144
2021-02-28 01:00:00,9157.0,9249.008
2021-02-28 02:00:00,9151.0,9201.565
2021-02-28 03:00:00,9201.0,9201.786
2021-02-28 04:00:00,9388.0,9205.154
2021-02-28 05:00:00,9233.0,9366.398
2021-02-28 06:00:00,9414.0,9423.388
2021-02-28 07:00:00,9619.0,9557.173
2021-02-28 08:00:00,9611.0,9708.207
2021-02-28 09:00:00,9637.0,9644.662
2021-02-28 10:00:00,9565.0,9579.894
2021-02-28 11:00:00,9428.0,9482.745
2021-02-28 12:00:00,9333.0,9414.328
2021-02-28 13:00:00,9319.0,9432.624
2021-02-28 14:00:00,9398.0,9561.291
2021-02-28 15:00:00,9648.0,9689.166
2021-02-28 16:00:00,9556.5,9876.721
2021-02-28 17:00:00,9565.0,9775.387
2021-02-28 18:00:00,9588.0,9678.707
2021-02-28 19:00:00,9739.0,9523.559
2021-02-28 20:00:00,9957.0,9961.699
2021-02-28 21:00:00,9845.0,9828.927
2021-02-28 22:00:00,9565.0,9512.476
2021-02-28 23:00:00,9269.0,9157.947
2021-03-01 00:00:00,9117.0,9215.558
2021-03-01 01:00:00,9037.0,9506.066
2021-03-01 02:00:00,9137.0,9434.644
2021-03-01 03:00:00,9548.0,9490.061
2021-03-01 04:00:00,10305.0,9799.587
2021-03-01 05:00:00,10563.0,10547.926
2021-03-01 06:00:00,10795.0,10626.896
2021-03-01 07:00:00,10915.0,10879.298
2021-03-01 08:00:00,10849.0,10955.7295
2021-03-01 09:00:00,10755.0,10934.943
2021-03-01 10:00:00,10762.0,10726.158
2021-03-01 11:00:00,10629.0,10691.359
2021-03-01 12:00:00,10518.0,10512.192
2021-03-01 13:00:00,10408.0,10510.163
2021-03-01 14:00:00,10299.0,10475.809
2021-03-01 15:00:00,10366.0,10504.333
2021-03-01 16:00:00,10819.0,10705.231
2021-03-01 17:00:00,10907.0,11005.384
2021-03-01 18:00:00,10696.0,10887.539
2021-03-01 19:00:00,10239.0,10433.979
2021-03-01 20:00:00,10263.0,10381.195
2021-03-01 21:00:00,10105.0,10142.527
2021-03-01 22:00:00,9687.0,10114.425
2021-03-01 23:00:00,10387.0,9847.116
2021-03-02 00:00:00,10377.0,10457.067
2021-03-02 01:00:00,10339.0,10409.166
2021-03-02 02:00:00,10305.5,10523.284
2021-03-02 03:00:00,9524.0,10219.24
2021-03-02 04:00:00,10312.0,10493.661
2021-03-02 05:00:00,10536.0,10714.929
2021-03-02 06:00:00,10707.0,10839.385
2021-03-02 07:00:00,10646.0,10878.561
2021-03-02 08:00:00,10605.0,10856.586
2021-03-02 09:00:00,10626.0,10792.5625
2021-03-02 10:00:00,10504.0,10728.171
2021-03-02 11:00:00,10388.0,10538.031
2021-03-02 12:00:00,10266.0,10471.556
2021-03-02 13:00:00,10203.0,10390.94
2021-03-02 14:00:00,10190.0,10402.233
2021-03-02 15:00:00,10250.0,10493.449
2021-03-02 16:00:00,10769.0,10657.76
2021-03-02 17:00:00,10944.0,10936.658
2021-03-02 18:00:00,10772.0,10924.938
2021-03-02 19:00:00,10276.0,10455.215
2021-03-02 20:00:00,10354.0,10344.283
2021-03-02 21:00:00,10130.0,10134.206
2021-03-02 22:00:00,10315.0,9899.778
2021-03-02 23:00:00,10315.0,10366.444
2021-03-03 00:00:00,10315.0,10509.302
2021-03-03 01:00:00,10408.0,10452.586
2021-03-03 02:00:00,10501.5,10479.874
2021-03-03 03:00:00,10546.0,10365.612
2021-03-03 04:00:00,10462.0,10512.672
2021-03-03 05:00:00,10661.0,10708.019
2021-03-03 06:00:00,10763.0,10783.892
2021-03-03 07:00:00,10758.0,10750.808
2021-03-03 08:00:00,10752.0,10758.263
2021-03-03 09:00:00,10765.0,10859.458
2021-03-03 10:00:00,10679.0,10772.334
2021-03-03 11:00:00,10631.0,10625.82
2021-03-03 12:00:00,10568.0,10608.504
2021-03-03 13:00:00,10541.0,10596.624
2021-03-03 14:00:00,10551.0,10590.468
2021-03-03 15:00:00,10683.0,10634.577
2021-03-03 16:00:00,11098.0,10908.503
2021-03-03 17:00:00,10599.5,11167.629
2021-03-03 18:00:00,11014.0,10623.629
2021-03-03 19:00:00,10506.0,10622.336
2021-03-03 20:00:00,10524.0,10491.466
2021-03-03 21:00:00,10371.0,10290.039
2021-03-03 22:00:00,10002.0,10248.551
2021-03-03 23:00:00,10599.5,10429.689
2021-03-04 00:00:00,10625.5,10577.058
2021-03-04 01:00:00,10756.0,10578.838
2021-03-04 02:00:00,10833.5,10655.221
2021-03-04 03:00:00,10223.0,10611.489
2021-03-04 04:00:00,10829.0,10334.054
2021-03-04 05:00:00,10979.0,10981.643
2021-03-04 06:00:00,11123.0,11072.166
2021-03-04 07:00:00,11244.0,11098.493
2021-03-04 08:00:00,11185.0,11157.865
2021-03-04 09:00:00,11166.0,11120.489
2021-03-04 10:00:00,11030.0,11087.139
2021-03-04 11:00:00,10937.0,10922.225
2021-03-04 12:00:00,10875.0,10862.17
2021-03-04 13:00:00,10838.0,10839.885
2021-03-04 14:00:00,10866.0,10847.861
2021-03-04 15:00:00,11107.0,10957.19
2021-03-04 16:00:00,11518.0,11287.932
2021-03-04 17:00:00,11718.0,11467.009
2021-03-04 18:00:00,11527.0,11463.634
2021-03-04 19:00:00,11062.0,11058.898
2021-03-04 20:00:00,11228.0,11026.363
2021-03-04 21:00:00,11098.0,10967.089
2021-03-04 22:00:00,10688.0,10804.737
2021-03-04 23:00:00,10507.0,10798.962
2021-03-05 00:00:00,10383.0,10650.389
2021-03-05 01:00:00,10348.0,10480.785
2021-03-05 02:00:00,10498.0,10487.592
2021-03-05 03:00:00,10844.0,10345.632
2021-03-05 04:00:00,11432.0,10838.651
2021-03-05 05:00:00,11632.0,11576.527
2021-03-05 06:00:00,11810.0,11619.332
2021-03-05 07:00:00,11789.0,11621.582
2021-03-05 08:00:00,11641.0,11595.127
2021-03-05 09:00:00,11586.0,11519.694
2021-03-05 10:00:00,11433.0,11437.31
2021-03-05 11:00:00,11224.0,11272.811
2021-03-05 12:00:00,11081.0,11110.273
2021-03-05 13:00:00,10953.0,11034.262
2021-03-05 14:00:00,11036.0,11023.034
2021-03-05 15:00:00,11219.0,11164.12
2021-03-05 16:00:00,11696.0,11455.568
2021-03-05 17:00:00,11902.0,11660.927
2021-03-05 18:00:00,11707.0,11698.112
2021-03-05 19:00:00,11289.0,11216.762
2021-03-05 20:00:00,11364.0,11247.237
2021-03-05 21:00:00,11175.0,11065.736
2021-03-05 22:00:00,10816.0,10638.641
2021-03-05 23:00:00,10562.0,10507.94
2021-03-06 00:00:00,10414.0,10466.969
2021-03-06 01:00:00,10369.0,10318.164
2021-03-06 02:00:00,10378.0,10337.411
2021-03-06 03:00:00,10480.0,10333.587
2021-03-06 04:00:00,10726.0,10365.604
2021-03-06 05:00:00,10581.0,10628.8
2021-03-06 06:00:00,10816.0,10753.1
2021-03-06 07:00:00,10979.0,10892.684
2021-03-06 08:00:00,11116.0,11059.431
2021-03-06 09:00:00,11154.0,11130.117
2021-03-06 10:00:00,11068.0,11065.633
2021-03-06 11:00:00,10987.0,10943.108
2021-03-06 12:00:00,10868.0,10940.565
2021-03-06 13:00:00,10865.0,10936.285
2021-03-06 14:00:00,10953.0,11026.657
2021-03-06 15:00:00,11224.0,11141.428
2021-03-06 16:00:00,10866.5,11353.978
2021-03-06 17:00:00,11654.0,11006.21
2021-03-06 18:00:00,11209.0,11497.452
2021-03-06 19:00:00,10735.0,11005.643
2021-03-06 20:00:00,10873.0,11037.2
2021-03-06 21:00:00,10766.0,10929.713
2021-03-06 22:00:00,10497.0,10453.452
2021-03-06 23:00:00,10277.0,10243.297
2021-03-07 00:00:00,10092.0,10005.031
2021-03-07 01:00:00,10006.0,9976.456
2021-03-07 02:00:00,10046.0,9980.27
2021-03-07 03:00:00,10161.0,9932.588
2021-03-07 04:00:00,10321.0,10150.176
2021-03-07 05:00:00,10173.0,10276.396
2021-03-07 06:00:00,10382.0,10360.6
2021-03-07 07:00:00,10609.0,10524.098
2021-03-07 08:00:00,10837.0,10669.438
2021-03-07 09:00:00,10962.0,10825.916
2021-03-07 10:00:00,10882.0,10856.977
2021-03-07 11:00:00,10831.0,10734.348
2021-03-07 12:00:00,10718.0,10708.391
2021-03-07 13:00:00,10674.0,10706.751
2021-03-07 14:00:00,10754.0,10736.63
2021-03-07 15:00:00,10934.0,10892.336
2021-03-07 16:00:00,11473.0,11003.075
2021-03-07 17:00:00,10834.0,11374.844
2021-03-07 18:00:00,11369.0,10820.786
2021-03-07 19:00:00,11003.0,10950.884
2021-03-07 20:00:00,11154.0,11096.15
2021-03-07 21:00:00,11072.0,10965.168
2021-03-07 22:00:00,10731.0,10580.421
2021-03-07 23:00:00,10550.0,10406.933
2021-03-08 00:00:00,10536.0,10457.051
2021-03-08 01:00:00,10544.0,10498.279
2021-03-08 02:00:00,10668.0,10498.288
2021-03-08 03:00:00,11025.0,10630.424
2021-03-08 04:00:00,11712.0,11238.22
2021-03-08 05:00:00,11924.0,11957.129
2021-03-08 06:00:00,12186.0,12038.424
2021-03-08 07:00:00,12188.0,12128.596
2021-03-08 08:00:00,11932.0,12122.775
2021-03-08 09:00:00,11836.0,11884.544
2021-03-08 10:00:00,11667.0,11759.975
2021-03-08 11:00:00,11441.0,11528.266
2021-03-08 12:00:00,11283.0,11364.662
2021-03-08 13:00:00,11224.0,11274.325
2021-03-08 14:00:00,11226.0,11309.595
2021-03-08 15:00:00,11343.0,11387.002
2021-03-08 16:00:00,11833.0,11572.511
2021-03-08 17:00:00,12086.0,11865.419
2021-03-08 18:00:00,12013.0,11911.488
2021-03-08 19:00:00,11705.0,11582.906
2021-03-08 20:00:00,11902.0,11657.595
2021-03-08 21:00:00,11716.0,11645.952
2021-03-08 22:00:00,11378.0,11497.716
2021-03-08 23:00:00,11092.0,11281.152
2021-03-09 00:00:00,10971.0,11312.689
2021-03-09 01:00:00,10943.0,11175.622
2021-03-09 02:00:00,10997.0,11105.143
2021-03-09 03:00:00,11342.0,11143.5
2021-03-09 04:00:00,12020.0,11525.409
2021-03-09 05:00:00,12090.0,12209.119
2021-03-09 06:00:00,12253.0,12112.221
2021-03-09 07:00:00,12282.0,12139.6
2021-03-09 08:00:00,12233.0,12165.537
2021-03-09 09:00:00,12203.0,12078.232
2021-03-09 10:00:00,12092.0,12052.218
2021-03-09 11:00:00,11934.0,11884.231
2021-03-09 12:00:00,11882.0,11780.761
2021-03-09 13:00:00,11838.0,11779.437
2021-03-09 14:00:00,11828.0,11797.194
2021-03-09 15:00:00,11950.0,11837.417
2021-03-09 16:00:00,12353.0,12078.127
2021-03-09 17:00:00,12777.0,12469.707
2021-03-09 18:00:00,12702.0,12541.409
2021-03-09 19:00:00,12352.0,12349.527
2021-03-09 20:00:00,12457.0,12359.563
2021-03-09 21:00:00,12405.0,12205.875
2021-03-09 22:00:00,12073.0,12192.223
2021-03-09 23:00:00,11919.0,12042.85
2021-03-10 00:00:00,11801.0,11887.269
2021-03-10 01:00:00,11878.0,11792.359
2021-03-10 02:00:00,12046.0,11809.759
2021-03-10 03:00:00,12345.0,11951.744
2021-03-10 04:00:00,12975.0,12410.659
2021-03-10 05:00:00,13123.0,13109.551
2021-03-10 06:00:00,12428.0,13237.443
2021-03-10 07:00:00,13242.0,12477.254
2021-03-10 08:00:00,13066.0,13011.321
2021-03-10 09:00:00,12912.0,12883.366
2021-03-10 10:00:00,12655.0,12790.102
2021-03-10 11:00:00,12451.0,12478.067
2021-03-10 12:00:00,12224.0,12367.891
2021-03-10 13:00:00,12208.0,12179.268
2021-03-10 14:00:00,12192.0,12227.65
2021-03-10 15:00:00,12229.0,12341.657
2021-03-10 16:00:00,12706.0,12520.956
2021-03-10 17:00:00,13145.0,12823.485
2021-03-10 18:00:00,12949.0,12953.605
2021-03-10 19:00:00,12467.0,12375.675
2021-03-10 20:00:00,12517.0,12323.843
2021-03-10 21:00:00,12330.0,12142.939
2021-03-10 22:00:00,12030.0,12076.32
2021-03-10 23:00:00,11731.0,11878.901
2021-03-11 00:00:00,11608.0,11657.438
2021-03-11 01:00:00,11631.0,11571.778
2021-03-11 02:00:00,11705.0,11591.954
2021-03-11 03:00:00,12075.0,11846.925
2021-03-11 04:00:00,12650.0,12475.597
2021-03-11 05:00:00,12724.0,12827.768
2021-03-11 06:00:00,12872.0,12753.949
2021-03-11 07:00:00,12877.0,12735.451
2021-03-11 08:00:00,12777.0,12721.733
2021-03-11 09:00:00,12796.0,12599.675
2021-03-11 10:00:00,12652.0,12543.473
2021-03-11 11:00:00,12419.0,12393.2295
2021-03-11 12:00:00,12236.0,12242.942
2021-03-11 13:00:00,12123.0,12092.211
2021-03-11 14:00:00,12059.0,12132.606
2021-03-11 15:00:00,12016.0,12138.704
2021-03-11 16:00:00,12209.0,12307.067
2021-03-11 17:00:00,12557.0,12422.064
2021-03-11 18:00:00,12350.0,12425.783
2021-03-11 19:00:00,11819.0,11866.635
2021-03-11 20:00:00,11916.0,11896.588
2021-03-11 21:00:00,11636.0,11710.63
2021-03-11 22:00:00,11247.0,11502.186
2021-03-11 23:00:00,11976.5,11497.735
2021-03-12 00:00:00,11952.0,11843.975
2021-03-12 01:00:00,11941.5,11755.17
2021-03-12 02:00:00,11926.0,11776.94
2021-03-12 03:00:00,11895.5,11831.311
2021-03-12 04:00:00,11778.0,12221.936
2021-03-12 05:00:00,11936.0,12169.997
2021-03-12 06:00:00,12006.0,12201.021
2021-03-12 07:00:00,12090.0,12087.796
2021-03-12 08:00:00,11947.0,12125.37
2021-03-12 09:00:00,12102.0,11962.378
2021-03-12 10:00:00,12111.0,11980.693
2021-03-12 11:00:00,11957.0,12014.734
2021-03-12 12:00:00,11875.0,11779.021
2021-03-12 13:00:00,11816.0,11763.747
2021-03-12 14:00:00,11799.0,11746.036
2021-03-12 15:00:00,11816.0,11856.977
2021-03-12 16:00:00,11999.0,12027.16
2021-03-12 17:00:00,12237.0,12094.947
2021-03-12 18:00:00,11978.0,12058.793
2021-03-12 19:00:00,11488.0,11571.088
2021-03-12 20:00:00,11495.0,11543.98
2021-03-12 21:00:00,11171.0,11302.292
2021-03-12 22:00:00,10743.0,10822.762
2021-03-12 23:00:00,10500.0,10917.281
2021-03-13 00:00:00,10285.0,10549.011
2021-03-13 01:00:00,10739.0,10323.101
2021-03-13 02:00:00,10691.0,10664.74
2021-03-13 03:00:00,10207.0,10657.486
2021-03-13 04:00:00,10295.0,10337.473
2021-03-13 05:00:00,10202.0,10321.449
2021-03-13 06:00:00,10449.0,10531.611
2021-03-13 07:00:00,10647.0,10634.192
2021-03-13 08:00:00,10770.0,10793.085
2021-03-13 09:00:00,10771.0,10825.884
2021-03-13 10:00:00,10735.0,10722.982
2021-03-13 11:00:00,10634.0,10678.416
2021-03-13 12:00:00,10546.0,10637.256
2021-03-13 13:00:00,10550.0,10680.801
2021-03-13 14:00:00,10716.0,10817.934
2021-03-13 15:00:00,10991.0,10990.362
2021-03-13 16:00:00,10592.0,11070.197
2021-03-13 17:00:00,10592.0,10789.9375
2021-03-13 18:00:00,11151.0,10829.439
2021-03-13 19:00:00,10637.0,10731.969
2021-03-13 20:00:00,10709.0,10780.037
2021-03-13 21:00:00,10516.0,10695.438
2021-03-13 22:00:00,10154.0,10282.323
2021-03-13 23:00:00,9825.0,9949.741
2021-03-14 00:00:00,9602.0,9665.529
2021-03-14 01:00:00,9566.0,9468.058
2021-03-14 02:00:00,9555.0,9545.166
2021-03-14 03:00:00,9654.0,9608.246
2021-03-14 04:00:00,9693.0,9736.948
2021-03-14 05:00:00,9602.0,9711.772
2021-03-14 06:00:00,9802.0,9735.1875
2021-03-14 07:00:00,10048.0,9910.084
2021-03-14 08:00:00,10178.0,10108.349
2021-03-14 09:00:00,10273.0,10184.288
2021-03-14 10:00:00,10258.0,10132.194
2021-03-14 11:00:00,10154.0,10116.912
2021-03-14 12:00:00,10091.0,10030.165
2021-03-14 13:00:00,10096.0,10057.614
2021-03-14 14:00:00,10133.0,10193.258
2021-03-14 15:00:00,10274.0,10336.551
2021-03-14 16:00:00,10595.0,10419.708
2021-03-14 17:00:00,10143.5,10465.335
2021-03-14 18:00:00,10605.0,10517.852
2021-03-14 19:00:00,10167.0,10362.311
2021-03-14 20:00:00,10405.0,10404.006
2021-03-14 21:00:00,10321.0,10282.694
2021-03-14 22:00:00,9982.0,9940.058
2021-03-14 23:00:00,9759.0,9870.772
2021-03-15 00:00:00,9650.0,9846.098
2021-03-15 01:00:00,10481.5,10070.345
2021-03-15 02:00:00,10576.5,10327.547
2021-03-15 03:00:00,9999.0,10340.174
2021-03-15 04:00:00,10558.0,10626.832
2021-03-15 05:00:00,10825.0,10864.794
2021-03-15 06:00:00,11066.0,11017.242
2021-03-15 07:00:00,11134.0,11060.093
2021-03-15 08:00:00,11187.0,11041.649
2021-03-15 09:00:00,11116.0,11122.874
2021-03-15 10:00:00,11128.0,10991.913
2021-03-15 11:00:00,10988.0,10915.276
2021-03-15 12:00:00,10950.0,10893.198
2021-03-15 13:00:00,10876.0,10915.862
2021-03-15 14:00:00,10826.0,10865.9795
2021-03-15 15:00:00,10826.0,10896.793
2021-03-15 16:00:00,10932.0,11057.121
2021-03-15 17:00:00,11262.0,11126.734
2021-03-15 18:00:00,11092.0,11133.471
2021-03-15 19:00:00,10707.0,10682.003
2021-03-15 20:00:00,10783.0,10735.936
2021-03-15 21:00:00,10611.0,10519.844
2021-03-15 22:00:00,10234.0,10511.803
2021-03-15 23:00:00,10851.0,10544.942
2021-03-16 00:00:00,10851.0,10615.452
2021-03-16 01:00:00,10826.0,10802.656
2021-03-16 02:00:00,10804.5,10811.935
2021-03-16 03:00:00,10110.0,10739.476
2021-03-16 04:00:00,10642.0,10650.777
2021-03-16 05:00:00,10958.0,10954.998
2021-03-16 06:00:00,11127.0,11139.204
2021-03-16 07:00:00,11177.0,11105.883
2021-03-16 08:00:00,11164.0,11145.253
2021-03-16 09:00:00,11165.0,11123.348
2021-03-16 10:00:00,11040.0,11092.507
2021-03-16 11:00:00,10899.0,10917.959
2021-03-16 12:00:00,10779.0,10811.644
2021-03-16 13:00:00,10685.0,10755.961
2021-03-16 14:00:00,10692.0,10774.334
2021-03-16 15:00:00,10777.0,10875.246
2021-03-16 16:00:00,10952.0,10971.3125
2021-03-16 17:00:00,11394.0,11185.709
2021-03-16 18:00:00,11226.0,11337.445
2021-03-16 19:00:00,10747.0,10856.816
2021-03-16 20:00:00,10770.0,10902.603
2021-03-16 21:00:00,10601.0,10614.079
2021-03-16 22:00:00,10222.0,10538.072
2021-03-16 23:00:00,10773.5,10584.149
2021-03-17 00:00:00,10773.5,10725.783
2021-03-17 01:00:00,10773.5,10734.699
2021-03-17 02:00:00,10779.0,10754.381
2021-03-17 03:00:00,10795.0,10814.403
2021-03-17 04:00:00,10690.0,10945.807
2021-03-17 05:00:00,10924.0,11092.239
2021-03-17 06:00:00,11027.0,11053.799
2021-03-17 07:00:00,11048.0,11190.148
2021-03-17 08:00:00,11074.0,11182.993
2021-03-17 09:00:00,11075.0,11144.037
2021-03-17 10:00:00,11039.0,11078.703
2021-03-17 11:00:00,10865.0,10986.351
2021-03-17 12:00:00,10809.0,10790.591
2021-03-17 13:00:00,10781.0,10758.352
2021-03-17 14:00:00,10848.0,10782.483
2021-03-17 15:00:00,10906.0,10873.352
2021-03-17 16:00:00,11215.0,11161.609
2021-03-17 17:00:00,10885.5,11469.989
2021-03-17 18:00:00,11336.0,11112.612
2021-03-17 19:00:00,10861.0,10917.798
2021-03-17 20:00:00,10940.0,10864.705
2021-03-17 21:00:00,10768.0,10678.137
2021-03-17 22:00:00,10421.0,10653.979
2021-03-17 23:00:00,10227.0,10578.691
2021-03-18 00:00:00,10175.0,10533.066
2021-03-18 01:00:00,10091.0,10459.168
2021-03-18 02:00:00,10226.0,10396.373
2021-03-18 03:00:00,10499.0,10354.069
2021-03-18 04:00:00,10933.0,11006.549
2021-03-18 05:00:00,11183.0,11353.675
2021-03-18 06:00:00,11289.0,11483.013
2021-03-18 07:00:00,11427.0,11460.843
2021-03-18 08:00:00,11379.0,11480.508
2021-03-18 09:00:00,11256.0,11441.624
2021-03-18 10:00:00,11109.0,11321.201
2021-03-18 11:00:00,11006.0,11010.782
2021-03-18 12:00:00,10843.0,10925.671
2021-03-18 13:00:00,10801.0,10845.669
2021-03-18 14:00:00,10843.0,10898.82
2021-03-18 15:00:00,10970.0,10962.433
2021-03-18 16:00:00,11201.0,11189.087
2021-03-18 17:00:00,11724.0,11383.434
2021-03-18 18:00:00,11619.0,11494.572
2021-03-18 19:00:00,11180.0,11152.597
2021-03-18 20:00:00,11207.0,11157.528
2021-03-18 21:00:00,11072.0,10937.535
2021-03-18 22:00:00,10702.0,10707.71
2021-03-18 23:00:00,10480.0,10802.366
2021-03-19 00:00:00,10439.0,10622.9
2021-03-19 01:00:00,10486.0,10585.25
2021-03-19 02:00:00,10633.0,10589.507
2021-03-19 03:00:00,10992.0,10523.411
2021-03-19 04:00:00,11522.0,11019.62
2021-03-19 05:00:00,11829.0,11701.939
2021-03-19 06:00:00,11951.0,11838.793
2021-03-19 07:00:00,11830.0,11777.88
2021-03-19 08:00:00,11615.0,11705.536
2021-03-19 09:00:00,11496.0,11565.438
2021-03-19 10:00:00,11308.0,11447.808
2021-03-19 11:00:00,11188.0,11251.112
2021-03-19 12:00:00,11079.0,11109.068
2021-03-19 13:00:00,11094.0,11074.361
2021-03-19 14:00:00,11185.0,11136.29
2021-03-19 15:00:00,11290.0,11253.951
2021-03-19 16:00:00,11437.0,11499.582
2021-03-19 17:00:00,11944.0,11624.816
2021-03-19 18:00:00,11736.0,11775.747
2021-03-19 19:00:00,11367.0,11287.288
2021-03-19 20:00:00,11461.0,11302.455
2021-03-19 21:00:00,11273.0,11195.098
2021-03-19 22:00:00,10910.0,10745.849
2021-03-19 23:00:00,10637.0,10575.828
2021-03-20 00:00:00,10430.0,10424.997
2021-03-20 01:00:00,10352.0,10403.749
2021-03-20 02:00:00,10853.5,10343.237
2021-03-20 03:00:00,10373.0,10577.012
2021-03-20 04:00:00,10348.0,10158.742
2021-03-20 05:00:00,10385.0,10260.586
2021-03-20 06:00:00,10657.0,10463.505
2021-03-20 07:00:00,10829.0,10714.754
2021-03-20 08:00:00,10926.0,10853.094
2021-03-20 09:00:00,10946.0,10862.486
2021-03-20 10:00:00,10878.0,10840.242
2021-03-20 11:00:00,10805.0,10714.692
2021-03-20 12:00:00,10735.0,10692.9375
2021-03-20 13:00:00,10705.0,10760.408
2021-03-20 14:00:00,10811.0,10873.378
2021-03-20 15:00:00,11053.0,10958.6875
2021-03-20 16:00:00,11336.0,10988.558
2021-03-20 17:00:00,10681.0,11198.06
2021-03-20 18:00:00,11081.0,10951.852
2021-03-20 19:00:00,10490.0,10831.032
2021-03-20 20:00:00,10590.0,10717.381
2021-03-20 21:00:00,10334.0,10615.041
2021-03-20 22:00:00,9886.0,10087.604
2021-03-20 23:00:00,9587.0,9772.109
2021-03-21 00:00:00,9398.0,9431.233
2021-03-21 01:00:00,9326.0,9394.126
2021-03-21 02:00:00,9329.0,9376.001
2021-03-21 03:00:00,9389.0,9386.539
2021-03-21 04:00:00,9344.0,9512.163
2021-03-21 05:00:00,9405.0,9494.795
2021-03-21 06:00:00,9576.0,9611.478
2021-03-21 07:00:00,9793.0,9766.207
2021-03-21 08:00:00,9969.0,9912.966
2021-03-21 09:00:00,10009.0,10010.751
2021-03-21 10:00:00,10009.0,9947.194
2021-03-21 11:00:00,9886.0,9918.845
2021-03-21 12:00:00,9853.0,9844.8125
2021-03-21 13:00:00,9912.0,9894.167
2021-03-21 14:00:00,10053.0,10018.243
2021-03-21 15:00:00,10205.0,10215.225
2021-03-21 16:00:00,10442.0,10418.035
2021-03-21 17:00:00,10009.0,10409.147
2021-03-21 18:00:00,10807.0,10095.805
2021-03-21 19:00:00,10418.0,10342.494
2021-03-21 20:00:00,10644.0,10456.195
2021-03-21 21:00:00,10544.0,10344.056
2021-03-21 22:00:00,10175.0,10086.2705
2021-03-21 23:00:00,9958.0,9870.457
2021-03-22 00:00:00,9819.0,9972.3125
2021-03-22 01:00:00,9793.0,10074.6
2021-03-22 02:00:00,9959.0,10058.941
2021-03-22 03:00:00,10335.0,10049.111
2021-03-22 04:00:00,10857.0,10749.768
2021-03-22 05:00:00,11188.0,11200.23
2021-03-22 06:00:00,11305.0,11298.872
2021-03-22 07:00:00,11175.0,11313.479
2021-03-22 08:00:00,10937.0,11144.785
2021-03-22 09:00:00,10850.0,10949.111
2021-03-22 10:00:00,10692.0,10848.357
2021-03-22 11:00:00,10435.0,10698.025
2021-03-22 12:00:00,10342.0,10489.015
2021-03-22 13:00:00,10314.0,10513.676
2021-03-22 14:00:00,10248.0,10489.636
2021-03-22 15:00:00,10305.0,10464.168
2021-03-22 16:00:00,10520.0,10598.356
2021-03-22 17:00:00,11014.0,10836.502
2021-03-22 18:00:00,11005.0,11003.737
2021-03-22 19:00:00,10613.0,10628.0
2021-03-22 20:00:00,10765.0,10637.1
2021-03-22 21:00:00,10606.0,10552.088
2021-03-22 22:00:00,10226.0,10449.935
2021-03-22 23:00:00,9985.0,10406.264
2021-03-23 00:00:00,9841.0,10076.744
2021-03-23 01:00:00,9734.0,9861.337
2021-03-23 02:00:00,9774.0,9944.652
2021-03-23 03:00:00,10038.0,10042.436
2021-03-23 04:00:00,10488.0,10349.573
2021-03-23 05:00:00,10699.0,10738.851
2021-03-23 06:00:00,10880.0,10847.73
2021-03-23 07:00:00,10797.0,10839.408
2021-03-23 08:00:00,10696.0,10720.146
2021-03-23 09:00:00,10570.0,10617.9
2021-03-23 10:00:00,10402.0,10455.096
2021-03-23 11:00:00,10209.0,10227.043
2021-03-23 12:00:00,10065.0,10078.63
2021-03-23 13:00:00,10034.0,10014.56
2021-03-23 14:00:00,9989.0,10000.32
2021-03-23 15:00:00,9996.0,10058.436
2021-03-23 16:00:00,10084.0,10223.77
2021-03-23 17:00:00,10650.0,10380.546
2021-03-23 18:00:00,10516.0,10698.563
2021-03-23 19:00:00,10039.0,10259.246
2021-03-23 20:00:00,10053.0,10146.541
2021-03-23 21:00:00,9854.0,9990.442
2021-03-23 22:00:00,10046.0,9871.979
2021-03-23 23:00:00,10046.0,9844.131
2021-03-24 00:00:00,10046.0,9951.181
2021-03-24 01:00:00,10046.0,9943.664
2021-03-24 02:00:00,10068.5,9938.979
2021-03-24 03:00:00,10119.0,9973.47
2021-03-24 04:00:00,10156.5,10407.465
2021-03-24 05:00:00,10186.0,10439.176
2021-03-24 06:00:00,10250.0,10387.155
2021-03-24 07:00:00,10214.0,10293.944
2021-03-24 08:00:00,10208.0,10260.577
2021-03-24 09:00:00,10264.0,10225.127
2021-03-24 10:00:00,10238.0,10190.749
2021-03-24 11:00:00,10154.0,10120.004
2021-03-24 12:00:00,10159.0,10021.818
2021-03-24 13:00:00,10233.0,10024.982
2021-03-24 14:00:00,10251.0,10180.257
2021-03-24 15:00:00,10363.0,10207.07
2021-03-24 16:00:00,10477.0,10434.431
2021-03-24 17:00:00,10211.0,10502.218
2021-03-24 18:00:00,10222.0,10379.581
2021-03-24 19:00:00,10230.0,10071.808
2021-03-24 20:00:00,10278.0,10139.371
2021-03-24 21:00:00,10009.0,9967.267
2021-03-24 22:00:00,9601.0,9751.482
2021-03-24 23:00:00,9310.0,9690.769
2021-03-25 00:00:00,10231.5,9594.21
2021-03-25 01:00:00,10231.5,10072.133
2021-03-25 02:00:00,10195.5,10076.483
2021-03-25 03:00:00,9496.0,10026.549
2021-03-25 04:00:00,10013.0,10038.346
2021-03-25 05:00:00,10384.0,10281.384
2021-03-25 06:00:00,10563.0,10494.967
2021-03-25 07:00:00,10551.0,10511.327
2021-03-25 08:00:00,10392.0,10482.307
2021-03-25 09:00:00,10292.0,10352.596
2021-03-25 10:00:00,10161.0,10259.649
2021-03-25 11:00:00,9958.0,10068.683
2021-03-25 12:00:00,9870.0,9924.103
2021-03-25 13:00:00,9816.0,9946.731
2021-03-25 14:00:00,9828.0,9971.628
2021-03-25 15:00:00,9911.0,10014.6455
2021-03-25 16:00:00,10025.0,10212.724
2021-03-25 17:00:00,10534.0,10225.985
2021-03-25 18:00:00,10555.0,10461.631
2021-03-25 19:00:00,10144.0,10386.232
2021-03-25 20:00:00,10249.0,10269.122
2021-03-25 21:00:00,10071.0,10096.383
2021-03-25 22:00:00,9626.0,9835.431
2021-03-25 23:00:00,9326.0,9603.618
2021-03-26 00:00:00,9151.0,9540.406
2021-03-26 01:00:00,9206.0,9496.867
2021-03-26 02:00:00,9335.0,9532.77
2021-03-26 03:00:00,9647.0,9653.639
2021-03-26 04:00:00,10144.0,10145.39
2021-03-26 05:00:00,10508.0,10437.738
2021-03-26 06:00:00,10682.0,10695.259
2021-03-26 07:00:00,10705.0,10651.54
2021-03-26 08:00:00,10560.0,10600.8125
2021-03-26 09:00:00,10462.0,10481.989
2021-03-26 10:00:00,10246.0,10308.783
2021-03-26 11:00:00,10007.0,10066.664
2021-03-26 12:00:00,9867.0,9942.864
2021-03-26 13:00:00,9817.0,9888.435
2021-03-26 14:00:00,9893.0,9922.405
2021-03-26 15:00:00,9971.0,10047.703
2021-03-26 16:00:00,10138.0,10122.108
2021-03-26 17:00:00,10586.0,10391.741
2021-03-26 18:00:00,10444.0,10488.828
2021-03-26 19:00:00,9997.0,10218.846
2021-03-26 20:00:00,10011.0,10160.802
2021-03-26 21:00:00,9773.0,9883.97
2021-03-26 22:00:00,9322.0,9516.278
2021-03-26 23:00:00,9592.0,9348.814
2021-03-27 00:00:00,9578.0,9547.786
2021-03-27 01:00:00,9531.0,9548.45
2021-03-27 02:00:00,9462.5,9494.7
2021-03-27 03:00:00,9462.5,9404.533
2021-03-27 04:00:00,9011.0,9610.689
2021-03-27 05:00:00,9146.0,9197.77
2021-03-27 06:00:00,9426.0,9384.896
2021-03-27 07:00:00,9578.0,9521.4795
2021-03-27 08:00:00,9606.0,9616.579
2021-03-27 09:00:00,9578.0,9584.392
2021-03-27 10:00:00,9484.0,9490.084
2021-03-27 11:00:00,9441.0,9374.538
2021-03-27 12:00:00,9374.0,9430.047
2021-03-27 13:00:00,9352.0,9451.392
2021-03-27 14:00:00,9501.0,9500.879
2021-03-27 15:00:00,9775.0,9706.603
2021-03-27 16:00:00,10087.0,9941.563
2021-03-27 17:00:00,9462.5,9996.677
2021-03-27 18:00:00,10098.0,9644.672
2021-03-27 19:00:00,9563.0,9921.865
2021-03-27 20:00:00,9635.0,9610.303
2021-03-27 21:00:00,9506.0,9482.595
2021-03-27 22:00:00,9090.0,9125.92
2021-03-27 23:00:00,8764.0,8967.386
2021-03-28 00:00:00,9348.0,8789.364
2021-03-28 01:00:00,9305.0,9174.904
2021-03-28 02:00:00,8581.0,9206.112
2021-03-28 03:00:00,8676.0,8731.757
2021-03-28 04:00:00,9246.5,8747.301
2021-03-28 05:00:00,8751.0,9276.157
2021-03-28 06:00:00,9030.0,8999.885
2021-03-28 07:00:00,9227.0,9194.92
2021-03-28 08:00:00,9344.0,9372.278
2021-03-28 09:00:00,9379.0,9355.166
2021-03-28 10:00:00,9395.0,9290.007
2021-03-28 11:00:00,9266.0,9280.243
2021-03-28 12:00:00,9156.0,9217.51
2021-03-28 13:00:00,9184.0,9187.768
2021-03-28 14:00:00,9323.0,9343.253
2021-03-28 15:00:00,9462.0,9557.878
2021-03-28 16:00:00,9651.0,9617.802
2021-03-28 17:00:00,9953.0,9702.8545
2021-03-28 18:00:00,9735.0,9907.386
2021-03-28 19:00:00,9853.0,9812.879
2021-03-28 20:00:00,9708.0,9821.563
2021-03-28 21:00:00,9373.0,9425.993
2021-03-28 22:00:00,9052.0,9121.4795
2021-03-28 23:00:00,8948.0,8836.752
2021-03-29 00:00:00,8843.0,9109.534
2021-03-29 01:00:00,8908.0,9127.323
2021-03-29 02:00:00,9218.0,9207.661
2021-03-29 03:00:00,9973.0,9512.322
2021-03-29 04:00:00,10277.0,10214.761
2021-03-29 05:00:00,10620.0,10361.718
2021-03-29 06:00:00,10732.0,10655.792
2021-03-29 07:00:00,10810.0,10669.628
2021-03-29 08:00:00,10878.0,10715.664
2021-03-29 09:00:00,10831.0,10784.611
2021-03-29 10:00:00,10695.0,10646.492
2021-03-29 11:00:00,10574.0,10520.89
2021-03-29 12:00:00,10511.0,10445.73
2021-03-29 13:00:00,10435.0,10409.261
2021-03-29 14:00:00,10452.0,10398.971
2021-03-29 15:00:00,10455.0,10482.632
2021-03-29 16:00:00,10513.0,10518.33
2021-03-29 17:00:00,10674.0,10601.18
2021-03-29 18:00:00,10268.0,10502.995
2021-03-29 19:00:00,10279.0,10171.02
2021-03-29 20:00:00,10113.0,10137.149
2021-03-29 21:00:00,9659.0,9930.323
2021-03-29 22:00:00,10392.5,10039.667
2021-03-29 23:00:00,10314.5,10260.403
2021-03-30 00:00:00,10273.5,10296.068
2021-03-30 01:00:00,10237.0,10260.766
2021-03-30 02:00:00,10183.5,10063.367
2021-03-30 03:00:00,9916.0,10122.476
2021-03-30 04:00:00,10206.0,10230.9
2021-03-30 05:00:00,10465.0,10442.666
2021-03-30 06:00:00,10509.0,10589.885
2021-03-30 07:00:00,10463.0,10529.212
2021-03-30 08:00:00,10440.0,10425.421
2021-03-30 09:00:00,10350.0,10426.608
2021-03-30 10:00:00,10161.0,10355.974
2021-03-30 11:00:00,10021.0,10189.891
2021-03-30 12:00:00,9934.0,10019.407
2021-03-30 13:00:00,9901.0,9984.558
2021-03-30 14:00:00,9936.0,9987.662
2021-03-30 15:00:00,9987.0,10014.286
2021-03-30 16:00:00,10093.0,10165.91
2021-03-30 17:00:00,10352.0,10250.466
2021-03-30 18:00:00,10144.0,10241.136
2021-03-30 19:00:00,10107.0,10116.61
2021-03-30 20:00:00,9894.0,9961.883
2021-03-30 21:00:00,9443.0,9559.908
2021-03-30 22:00:00,10004.0,9743.59
2021-03-30 23:00:00,9966.5,9981.4375
2021-03-31 00:00:00,9941.0,9995.322
2021-03-31 01:00:00,9941.0,9945.116
2021-03-31 02:00:00,9270.0,9890.573
2021-03-31 03:00:00,9946.0,9704.851
2021-03-31 04:00:00,10230.0,10203.248
2021-03-31 05:00:00,10372.0,10415.396
2021-03-31 06:00:00,10473.0,10438.648
2021-03-31 07:00:00,10332.0,10419.626
2021-03-31 08:00:00,10179.0,10326.051
2021-03-31 09:00:00,10031.0,10191.408
2021-03-31 10:00:00,9837.0,9963.794
2021-03-31 11:00:00,9690.0,9786.511
2021-03-31 12:00:00,9659.0,9702.672
2021-03-31 13:00:00,9682.0,9692.202
2021-03-31 14:00:00,9760.0,9797.215
2021-03-31 15:00:00,9873.0,9857.076
2021-03-31 16:00:00,10076.0,10045.162
2021-03-31 17:00:00,10318.0,10201.744
2021-03-31 18:00:00,10123.0,10192.451
2021-03-31 19:00:00,10108.0,10095.0625
2021-03-31 20:00:00,9869.0,9935.055
2021-03-31 21:00:00,9476.0,9509.27
2021-03-31 22:00:00,9871.0,9752.348
2021-03-31 23:00:00,9883.5,9947.424
2021-04-01 00:00:00,9883.5,9852.212
2021-04-01 01:00:00,9883.5,9845.099
2021-04-01 02:00:00,9433.0,9659.96
2021-04-01 03:00:00,10003.0,9763.41
2021-04-01 04:00:00,10233.0,10267.842
2021-04-01 05:00:00,10472.0,10405.506
2021-04-01 06:00:00,10498.0,10548.315
2021-04-01 07:00:00,10334.0,10462.793
2021-04-01 08:00:00,10087.0,10319.682
2021-04-01 09:00:00,10052.0,10051.007
2021-04-01 10:00:00,9894.0,9945.597
2021-04-01 11:00:00,9781.0,9798.753
2021-04-01 12:00:00,9724.0,9734.635
2021-04-01 13:00:00,9708.0,9756.325
2021-04-01 14:00:00,9766.0,9788.982
2021-04-01 15:00:00,9862.0,9860.706
2021-04-01 16:00:00,9983.0,9994.229
2021-04-01 17:00:00,10224.0,10143.797
2021-04-01 18:00:00,10049.0,10129.051
2021-04-01 19:00:00,10077.0,10060.021
2021-04-01 20:00:00,9934.0,9990.811
2021-04-01 21:00:00,9478.0,9546.649
2021-04-01 22:00:00,9097.0,9581.049
2021-04-01 23:00:00,9638.0,9343.008
2021-04-02 00:00:00,9569.5,9675.315
2021-04-02 01:00:00,9518.0,9641.28
2021-04-02 02:00:00,9048.0,9560.486
2021-04-02 03:00:00,9187.0,9400.342
2021-04-02 04:00:00,9189.0,9786.908
2021-04-02 05:00:00,9424.0,9675.438
2021-04-02 06:00:00,9588.0,9670.981
2021-04-02 07:00:00,9692.0,9693.489
2021-04-02 08:00:00,9688.0,9748.067
2021-04-02 09:00:00,9551.0,9669.009
2021-04-02 10:00:00,9359.0,9479.385
2021-04-02 11:00:00,9367.0,9316.557
2021-04-02 12:00:00,9485.0,9339.446
2021-04-02 13:00:00,9501.0,9396.2705
2021-04-02 14:00:00,9549.0,9559.5
2021-04-02 15:00:00,9644.0,9590.901
2021-04-02 16:00:00,9797.0,9693.554
2021-04-02 17:00:00,9963.0,9803.511
2021-04-02 18:00:00,9892.0,9786.312
2021-04-02 19:00:00,9989.0,9787.832
2021-04-02 20:00:00,9824.0,9812.06
2021-04-02 21:00:00,9453.0,9269.425
2021-04-02 22:00:00,9132.0,9019.722
2021-04-02 23:00:00,8930.0,9007.515
2021-04-03 00:00:00,8888.0,8964.988
2021-04-03 01:00:00,8961.0,8958.544
2021-04-03 02:00:00,9058.0,8961.082
2021-04-03 03:00:00,9142.0,9066.245
2021-04-03 04:00:00,9174.0,9089.247
2021-04-03 05:00:00,9410.0,9159.462
2021-04-03 06:00:00,9563.0,9485.654
2021-04-03 07:00:00,9588.0,9531.36
2021-04-03 08:00:00,9519.0,9545.939
2021-04-03 09:00:00,9377.0,9449.855
2021-04-03 10:00:00,9264.0,9238.651
2021-04-03 11:00:00,9256.0,9167.177
2021-04-03 12:00:00,9254.0,9230.066
2021-04-03 13:00:00,9392.0,9273.37
2021-04-03 14:00:00,9605.0,9489.623
2021-04-03 15:00:00,9843.0,9628.309
2021-04-03 16:00:00,9968.0,9848.071
2021-04-03 17:00:00,10026.0,9904.856
2021-04-03 18:00:00,9899.0,9786.177
2021-04-03 19:00:00,9928.0,9853.77
2021-04-03 20:00:00,9741.0,9750.774
2021-04-03 21:00:00,9371.0,9403.8
2021-04-03 22:00:00,9030.0,9043.86
2021-04-03 23:00:00,8834.0,8808.612
2021-04-04 00:00:00,8741.0,8729.844
2021-04-04 01:00:00,8733.0,8739.785
2021-04-04 02:00:00,8791.0,8613.293
2021-04-04 03:00:00,8810.0,8694.535
2021-04-04 04:00:00,8765.0,8914.473
2021-04-04 05:00:00,8960.0,8785.968
2021-04-04 06:00:00,9136.0,9099.032
2021-04-04 07:00:00,9177.0,9196.278
2021-04-04 08:00:00,9183.0,9220.157
2021-04-04 09:00:00,9122.0,9174.842
2021-04-04 10:00:00,9010.0,9065.44
2021-04-04 11:00:00,8929.0,8885.3
2021-04-04 12:00:00,8849.0,8897.742
2021-04-04 13:00:00,8876.0,8906.316
2021-04-04 14:00:00,9036.0,8996.588
2021-04-04 15:00:00,9139.0,9158.222
2021-04-04 16:00:00,9262.0,9327.578
2021-04-04 17:00:00,9458.0,9301.145
2021-04-04 18:00:00,9409.0,9466.303
2021-04-04 19:00:00,9538.0,9562.68
2021-04-04 20:00:00,9472.0,9576.898
2021-04-04 21:00:00,9094.0,9180.424
2021-04-04 22:00:00,8789.0,8831.518
2021-04-04 23:00:00,8589.0,8674.696
2021-04-05 00:00:00,8498.0,8706.695
2021-04-05 01:00:00,8594.0,8716.347
2021-04-05 02:00:00,8807.0,8808.391
2021-04-05 03:00:00,8919.0,9159.111
2021-04-05 04:00:00,8928.0,9320.298
2021-04-05 05:00:00,9172.0,9257.7295
2021-04-05 06:00:00,9418.0,9440.418
2021-04-05 07:00:00,9616.0,9481.5
2021-04-05 08:00:00,9724.0,9599.923
2021-04-05 09:00:00,9761.0,9701.117
2021-04-05 10:00:00,9702.0,9597.623
2021-04-05 11:00:00,9683.0,9599.857
2021-04-05 12:00:00,9680.0,9577.84
2021-04-05 13:00:00,9793.0,9589.181
2021-04-05 14:00:00,9904.0,9717.283
2021-04-05 15:00:00,9998.0,9852.209
2021-04-05 16:00:00,10158.0,10034.963
2021-04-05 17:00:00,10181.0,10058.821
2021-04-05 18:00:00,9975.0,9949.41
2021-04-05 19:00:00,10091.0,9790.137
2021-04-05 20:00:00,10014.0,9818.709
2021-04-05 21:00:00,9623.0,9612.204
2021-04-05 22:00:00,9409.0,9502.556
2021-04-05 23:00:00,9228.0,9372.138
2021-04-06 00:00:00,9169.0,9287.006
2021-04-06 01:00:00,9328.0,9246.102
2021-04-06 02:00:00,9603.0,9343.931
2021-04-06 03:00:00,10099.0,9491.674
2021-04-06 04:00:00,10429.0,10118.616
2021-04-06 05:00:00,10827.0,10475.002
2021-04-06 06:00:00,10880.0,10704.403
2021-04-06 07:00:00,10753.0,10676.278
2021-04-06 08:00:00,10711.0,10548.688
2021-04-06 09:00:00,10680.0,10561.601
2021-04-06 10:00:00,10459.0,10463.219
2021-04-06 11:00:00,10374.0,10243.617
2021-04-06 12:00:00,10335.0,10224.09
2021-04-06 13:00:00,10442.0,10284.857
2021-04-06 14:00:00,10456.0,10414.197
2021-04-06 15:00:00,10469.0,10483.849
2021-04-06 16:00:00,10536.0,10551.09
2021-04-06 17:00:00,10606.0,10557.113
2021-04-06 18:00:00,10425.0,10413.185
2021-04-06 19:00:00,10361.0,10317.114
2021-04-06 20:00:00,10140.0,10237.963
2021-04-06 21:00:00,9787.0,9895.362
2021-04-06 22:00:00,10399.5,9810.21
2021-04-06 23:00:00,10371.0,10263.305
2021-04-07 00:00:00,10364.5,10311.452
2021-04-07 01:00:00,10364.5,10274.425
2021-04-07 02:00:00,10295.0,10183.188
2021-04-07 03:00:00,10042.0,10162.223
2021-04-07 04:00:00,10368.0,10268.808
2021-04-07 05:00:00,10609.0,10568.289
2021-04-07 06:00:00,10678.0,10711.756
2021-04-07 07:00:00,10581.0,10612.717
2021-04-07 08:00:00,10507.0,10563.201
2021-04-07 09:00:00,10444.0,10492.838
2021-04-07 10:00:00,10229.0,10334.058
2021-04-07 11:00:00,10045.0,10141.877
2021-04-07 12:00:00,9958.0,10032.907
2021-04-07 13:00:00,9944.0,9998.136
2021-04-07 14:00:00,10049.0,10053.241
2021-04-07 15:00:00,10113.0,10139.967
2021-04-07 16:00:00,10138.0,10283.364
2021-04-07 17:00:00,10210.0,10287.559
2021-04-07 18:00:00,10155.0,10185.855
2021-04-07 19:00:00,10145.0,10165.987
2021-04-07 20:00:00,10022.0,9974.2705
2021-04-07 21:00:00,9686.0,9624.367
2021-04-07 22:00:00,10106.0,9769.511
2021-04-07 23:00:00,10074.0,9997.594
2021-04-08 00:00:00,10074.0,10064.725
2021-04-08 01:00:00,10074.0,10078.304
2021-04-08 02:00:00,10074.0,10008.187
2021-04-08 03:00:00,10099.0,9950.363
2021-04-08 04:00:00,10418.0,10292.005
2021-04-08 05:00:00,9977.5,10571.788
2021-04-08 06:00:00,10473.0,10146.151
2021-04-08 07:00:00,10303.0,10415.107
2021-04-08 08:00:00,10192.0,10296.209
2021-04-08 09:00:00,10120.0,10215.946
2021-04-08 10:00:00,9972.0,10033.511
2021-04-08 11:00:00,9874.0,9897.41
2021-04-08 12:00:00,9800.0,9831.391
2021-04-08 13:00:00,9767.0,9803.675
2021-04-08 14:00:00,9802.0,9862.625
2021-04-08 15:00:00,9871.0,9896.291
2021-04-08 16:00:00,9983.0,10050.545
2021-04-08 17:00:00,10122.0,10099.864
2021-04-08 18:00:00,10150.0,10035.343
2021-04-08 19:00:00,10127.0,10083.066
2021-04-08 20:00:00,9941.0,10022.289
2021-04-08 21:00:00,9610.0,9551.8
2021-04-08 22:00:00,9956.5,9554.861
2021-04-08 23:00:00,9962.0,9925.29
2021-04-09 00:00:00,10052.5,9972.43
2021-04-09 01:00:00,10124.5,10012.539
2021-04-09 02:00:00,9631.0,10024.886
2021-04-09 03:00:00,10127.0,9832.462
2021-04-09 04:00:00,10416.0,10320.621
2021-04-09 05:00:00,10680.0,10584.07
2021-04-09 06:00:00,10801.0,10654.239
2021-04-09 07:00:00,10901.0,10696.962
2021-04-09 08:00:00,10976.0,10761.727
2021-04-09 09:00:00,10946.0,10815.917
2021-04-09 10:00:00,10904.0,10737.717
2021-04-09 11:00:00,10767.0,10690.463
2021-04-09 12:00:00,10721.0,10584.263
2021-04-09 13:00:00,10726.0,10617.945
2021-04-09 14:00:00,10845.0,10701.142
2021-04-09 15:00:00,10853.0,10812.477
2021-04-09 16:00:00,10837.0,10865.693
2021-04-09 17:00:00,10745.0,10784.732
2021-04-09 18:00:00,10434.0,10526.25
2021-04-09 19:00:00,10360.0,10345.095
2021-04-09 20:00:00,10035.0,10258.909
2021-04-09 21:00:00,9599.0,9859.921
2021-04-09 22:00:00,9798.0,9663.518
2021-04-09 23:00:00,9783.5,9744.33
2021-04-10 00:00:00,9724.0,9722.581
2021-04-10 01:00:00,9672.5,9664.236
2021-04-10 02:00:00,9672.5,9488.695
2021-04-10 03:00:00,9672.5,9510.988
2021-04-10 04:00:00,9672.5,9608.231
2021-04-10 05:00:00,9522.0,9626.804
2021-04-10 06:00:00,9676.0,9689.137
2021-04-10 07:00:00,9772.0,9756.256
2021-04-10 08:00:00,9795.0,9827.438
2021-04-10 09:00:00,9801.0,9804.109
2021-04-10 10:00:00,9636.0,9724.934
2021-04-10 11:00:00,9605.0,9592.295
2021-04-10 12:00:00,9669.0,9587.281
2021-04-10 13:00:00,9686.0,9690.375
2021-04-10 14:00:00,9870.0,9781.517
2021-04-10 15:00:00,10115.0,9908.479
2021-04-10 16:00:00,9672.5,10068.69
2021-04-10 17:00:00,9672.5,9842.6455
2021-04-10 18:00:00,9672.5,9803.874
2021-04-10 19:00:00,9652.5,9915.449
2021-04-10 20:00:00,9860.0,9700.405
2021-04-10 21:00:00,9423.0,9524.715
2021-04-10 22:00:00,9008.0,9226.494
2021-04-10 23:00:00,8778.0,8860.343
2021-04-11 00:00:00,8712.0,8741.3
2021-04-11 01:00:00,8758.0,8722.099
2021-04-11 02:00:00,8905.0,8769.494
2021-04-11 03:00:00,8839.0,8851.97
2021-04-11 04:00:00,8861.0,8887.41
2021-04-11 05:00:00,8991.0,8950.811
2021-04-11 06:00:00,9068.0,9145.355
2021-04-11 07:00:00,9073.0,9202.562
2021-04-11 08:00:00,9008.0,9190.497
2021-04-11 09:00:00,8954.0,9072.458
2021-04-11 10:00:00,8834.0,8975.137
2021-04-11 11:00:00,8756.0,8860.43
2021-04-11 12:00:00,8730.0,8817.956
2021-04-11 13:00:00,8715.0,8815.61
2021-04-11 14:00:00,8816.0,8898.149
2021-04-11 15:00:00,9017.0,9023.312
2021-04-11 16:00:00,9168.0,9111.925
2021-04-11 17:00:00,9264.0,9267.79
2021-04-11 18:00:00,9260.0,9280.132
2021-04-11 19:00:00,9371.0,9409.273
2021-04-11 20:00:00,9242.0,9487.769
2021-04-11 21:00:00,8909.0,8997.838
2021-04-11 22:00:00,8571.0,8756.2705
2021-04-11 23:00:00,8414.0,8427.938
2021-04-12 00:00:00,8414.0,8534.999
2021-04-12 01:00:00,8552.0,8615.599
2021-04-12 02:00:00,8895.0,8709.672
2021-04-12 03:00:00,9409.0,9233.22
2021-04-12 04:00:00,9857.0,9711.785
2021-04-12 05:00:00,10060.0,9909.866
2021-04-12 06:00:00,10047.0,10068.025
2021-04-12 07:00:00,10001.0,9956.936
2021-04-12 08:00:00,9986.0,9975.294
2021-04-12 09:00:00,9936.0,9981.686
2021-04-12 10:00:00,9723.0,9838.781
2021-04-12 11:00:00,9637.0,9656.954
2021-04-12 12:00:00,9581.0,9582.176
2021-04-12 13:00:00,9514.0,9578.875
2021-04-12 14:00:00,9480.0,9626.141
2021-04-12 15:00:00,9471.0,9598.867
2021-04-12 16:00:00,9491.0,9624.464
2021-04-12 17:00:00,9485.0,9605.998
2021-04-12 18:00:00,9418.0,9501.089
2021-04-12 19:00:00,9423.0,9558.644
2021-04-12 20:00:00,9265.0,9343.245
2021-04-12 21:00:00,8851.0,9108.397
2021-04-12 22:00:00,9482.5,9035.014
2021-04-12 23:00:00,9482.5,9358.298
2021-04-13 00:00:00,9475.5,9382.3125
2021-04-13 01:00:00,9468.5,9367.536
2021-04-13 02:00:00,9444.5,9412.728
2021-04-13 03:00:00,9172.0,9498.555
2021-04-13 04:00:00,9562.0,9590.142
2021-04-13 05:00:00,9854.0,9714.791
2021-04-13 06:00:00,9942.0,9899.711
2021-04-13 07:00:00,9936.0,9852.081
2021-04-13 08:00:00,9880.0,9830.878
2021-04-13 09:00:00,9809.0,9789.534
2021-04-13 10:00:00,9611.0,9684.468
2021-04-13 11:00:00,9466.0,9449.828
2021-04-13 12:00:00,9397.0,9344.46
2021-04-13 13:00:00,9379.0,9312.224
2021-04-13 14:00:00,9397.0,9385.438
2021-04-13 15:00:00,9471.0,9405.828
2021-04-13 16:00:00,9632.0,9489.421
2021-04-13 17:00:00,9625.0,9614.281
2021-04-13 18:00:00,9600.0,9481.096
2021-04-13 19:00:00,9574.0,9497.013
2021-04-13 20:00:00,9376.0,9331.566
2021-04-13 21:00:00,9001.0,9121.622
2021-04-13 22:00:00,9468.5,9064.749
2021-04-13 23:00:00,9468.5,9359.08
2021-04-14 00:00:00,9442.5,9399.354
2021-04-14 01:00:00,9442.5,9369.04
2021-04-14 02:00:00,8905.0,9349.037
2021-04-14 03:00:00,9414.0,9123.367
2021-04-14 04:00:00,9811.0,9653.236
2021-04-14 05:00:00,10050.0,9930.564
2021-04-14 06:00:00,9396.0,10034.188
2021-04-14 07:00:00,10019.0,9546.892
2021-04-14 08:00:00,9788.0,9881.396
2021-04-14 09:00:00,9702.0,9716.846
2021-04-14 10:00:00,9508.0,9574.249
2021-04-14 11:00:00,9378.0,9405.381
2021-04-14 12:00:00,9278.0,9288.149
2021-04-14 13:00:00,9258.0,9208.141
2021-04-14 14:00:00,9272.0,9277.677
2021-04-14 15:00:00,9372.0,9321.122
2021-04-14 16:00:00,9499.0,9485.042
2021-04-14 17:00:00,9526.0,9558.567
2021-04-14 18:00:00,9495.0,9463.55
2021-04-14 19:00:00,9551.0,9465.005
2021-04-14 20:00:00,9451.0,9326.017
2021-04-14 21:00:00,9077.0,9056.801
2021-04-14 22:00:00,9471.5,9112.669
2021-04-14 23:00:00,9414.5,9312.98
2021-04-15 00:00:00,9411.5,9348.307
2021-04-15 01:00:00,9411.5,9354.063
2021-04-15 02:00:00,9100.0,9296.565
2021-04-15 03:00:00,9565.0,9289.864
2021-04-15 04:00:00,9900.0,9745.333
2021-04-15 05:00:00,9332.5,10037.463
2021-04-15 06:00:00,9775.0,9500.15
2021-04-15 07:00:00,9663.0,9780.099
2021-04-15 08:00:00,9575.0,9673.479
2021-04-15 09:00:00,9492.0,9538.08
2021-04-15 10:00:00,9363.0,9370.047
2021-04-15 11:00:00,9289.0,9263.496
2021-04-15 12:00:00,9182.0,9262.939
2021-04-15 13:00:00,9108.0,9155.152
2021-04-15 14:00:00,9125.0,9199.138
2021-04-15 15:00:00,9145.0,9225.473
2021-04-15 16:00:00,9302.0,9320.837
2021-04-15 17:00:00,9340.0,9370.514
2021-04-15 18:00:00,9391.0,9332.577
2021-04-15 19:00:00,9508.0,9449.528
2021-04-15 20:00:00,9369.0,9372.365
2021-04-15 21:00:00,9009.0,9079.4
2021-04-15 22:00:00,8710.0,8832.478
2021-04-15 23:00:00,8576.0,8838.321
2021-04-16 00:00:00,8618.0,8704.441
2021-04-16 01:00:00,8792.0,8726.311
2021-04-16 02:00:00,9042.0,8818.063
2021-04-16 03:00:00,9555.0,9145.067
2021-04-16 04:00:00,9834.0,9751.238
2021-04-16 05:00:00,9956.0,9863.212
2021-04-16 06:00:00,9801.0,9941.963
2021-04-16 07:00:00,9680.0,9713.783
2021-04-16 08:00:00,9688.0,9646.981
2021-04-16 09:00:00,9562.0,9594.938
2021-04-16 10:00:00,9318.0,9408.389
2021-04-16 11:00:00,9103.0,9241.351
2021-04-16 12:00:00,9059.0,9109.524
2021-04-16 13:00:00,9017.0,9039.437
2021-04-16 14:00:00,8999.0,9050.374
2021-04-16 15:00:00,9105.0,9065.035
2021-04-16 16:00:00,9203.0,9270.945
2021-04-16 17:00:00,9155.0,9238.682
2021-04-16 18:00:00,9125.0,9144.106
2021-04-16 19:00:00,9234.0,9303.029
2021-04-16 20:00:00,9041.0,9168.753
2021-04-16 21:00:00,8698.0,8812.966
2021-04-16 22:00:00,8698.5,8701.272
2021-04-16 23:00:00,8690.0,8705.541
2021-04-17 00:00:00,8669.0,8694.555
2021-04-17 01:00:00,8374.0,8653.807
2021-04-17 02:00:00,8394.0,8491.498
2021-04-17 03:00:00,8510.0,8550.551
2021-04-17 04:00:00,8560.0,8595.811
2021-04-17 05:00:00,8682.0,8613.291
2021-04-17 06:00:00,8656.0,8768.828
2021-04-17 07:00:00,8699.0,8716.803
2021-04-17 08:00:00,8641.0,8759.776
2021-04-17 09:00:00,8565.0,8659.891
2021-04-17 10:00:00,8460.0,8522.975
2021-04-17 11:00:00,8378.0,8460.701
2021-04-17 12:00:00,8349.0,8466.52
2021-04-17 13:00:00,8420.0,8466.054
2021-04-17 14:00:00,8544.0,8557.289
2021-04-17 15:00:00,8735.0,8625.523
2021-04-17 16:00:00,8932.0,8796.285
2021-04-17 17:00:00,8770.0,8866.201
2021-04-17 18:00:00,8780.0,8702.441
2021-04-17 19:00:00,8879.0,8995.978
2021-04-17 20:00:00,8811.0,8892.625
2021-04-17 21:00:00,8360.0,8486.725
2021-04-17 22:00:00,8122.0,8160.947
2021-04-17 23:00:00,7962.0,7977.094
2021-04-18 00:00:00,7923.0,7969.782
2021-04-18 01:00:00,7998.0,7880.6704
2021-04-18 02:00:00,7975.0,8034.27
2021-04-18 03:00:00,7998.0,8039.67
2021-04-18 04:00:00,8121.0,8035.5376
2021-04-18 05:00:00,8187.0,8169.7427
2021-04-18 06:00:00,8266.0,8292.519
2021-04-18 07:00:00,8302.0,8373.982
2021-04-18 08:00:00,8271.0,8376.024
2021-04-18 09:00:00,8177.0,8305.6875
2021-04-18 10:00:00,8065.0,8162.118
2021-04-18 11:00:00,7974.0,8053.8843
2021-04-18 12:00:00,7944.0,8029.976
2021-04-18 13:00:00,7930.0,8039.1313
2021-04-18 14:00:00,8033.0,8046.549
2021-04-18 15:00:00,8194.0,8214.219
2021-04-18 16:00:00,8330.0,8361.031
2021-04-18 17:00:00,8387.0,8427.449
2021-04-18 18:00:00,8447.0,8470.917
2021-04-18 19:00:00,8634.0,8763.412
2021-04-18 20:00:00,8508.0,8638.31
2021-04-18 21:00:00,8232.0,8189.9907
2021-04-18 22:00:00,8010.0,8012.2285
2021-04-18 23:00:00,7940.0,7860.441
2021-04-19 00:00:00,7934.0,7850.8604
2021-04-19 01:00:00,8044.0,7831.746
2021-04-19 02:00:00,8284.0,8084.552
2021-04-19 03:00:00,8843.0,8580.011
2021-04-19 04:00:00,9252.0,9314.16
2021-04-19 05:00:00,9439.0,9523.421
2021-04-19 06:00:00,9380.0,9502.564
2021-04-19 07:00:00,9314.0,9393.021
2021-04-19 08:00:00,9236.0,9352.533
2021-04-19 09:00:00,9154.0,9254.15
2021-04-19 10:00:00,8980.0,9041.624
2021-04-19 11:00:00,8887.0,8832.667
2021-04-19 12:00:00,8790.0,8773.349
2021-04-19 13:00:00,8703.0,8704.025
2021-04-19 14:00:00,8729.0,8678.358
2021-04-19 15:00:00,8687.0,8718.463
2021-04-19 16:00:00,8808.0,8780.418
2021-04-19 17:00:00,8756.0,8822.319
2021-04-19 18:00:00,8774.0,8650.913
2021-04-19 19:00:00,9030.0,8864.643
2021-04-19 20:00:00,8822.0,8770.599
2021-04-19 21:00:00,8401.0,8502.077
2021-04-19 22:00:00,8130.0,8582.314
2021-04-19 23:00:00,8012.0,8593.952
2021-04-20 00:00:00,7994.0,8320.616
2021-04-20 01:00:00,8114.0,8405.072
2021-04-20 02:00:00,8334.0,8417.875
2021-04-20 03:00:00,8940.0,8613.823
2021-04-20 04:00:00,9393.0,9264.258
2021-04-20 05:00:00,9477.0,9539.67
2021-04-20 06:00:00,9397.0,9452.661
2021-04-20 07:00:00,9259.0,9346.64
2021-04-20 08:00:00,9156.0,9255.839
2021-04-20 09:00:00,9098.0,9115.357
2021-04-20 10:00:00,8926.0,9005.905
2021-04-20 11:00:00,8754.0,8841.437
2021-04-20 12:00:00,8716.0,8744.979
2021-04-20 13:00:00,8679.0,8686.614
2021-04-20 14:00:00,8728.0,8639.876
2021-04-20 15:00:00,8700.0,8701.698
2021-04-20 16:00:00,8822.0,8771.512
2021-04-20 17:00:00,8799.0,8785.674
2021-04-20 18:00:00,8782.0,8667.989
2021-04-20 19:00:00,8918.0,8901.069
2021-04-20 20:00:00,8713.0,8784.807
2021-04-20 21:00:00,8258.0,8347.364
2021-04-20 22:00:00,8768.0,8406.247
2021-04-20 23:00:00,8768.0,8606.472
2021-04-21 00:00:00,8769.0,8718.813
2021-04-21 01:00:00,8769.0,8760.446
2021-04-21 02:00:00,8769.0,8718.741
2021-04-21 03:00:00,8783.0,8629.525
2021-04-21 04:00:00,9173.0,9072.374
2021-04-21 05:00:00,9291.0,9380.718
2021-04-21 06:00:00,9244.0,9383.833
2021-04-21 07:00:00,9100.0,9279.182
2021-04-21 08:00:00,9049.0,9160.047
2021-04-21 09:00:00,8965.0,9073.922
2021-04-21 10:00:00,8827.0,8894.562
2021-04-21 11:00:00,8756.0,8798.592
2021-04-21 12:00:00,8744.0,8734.515
2021-04-21 13:00:00,8736.0,8718.287
2021-04-21 14:00:00,8739.0,8742.619
2021-04-21 15:00:00,8844.0,8750.171
2021-04-21 16:00:00,9033.0,8911.357
2021-04-21 17:00:00,9039.0,8958.988
2021-04-21 18:00:00,8918.0,8881.3545
2021-04-21 19:00:00,9077.0,8970.861
2021-04-21 20:00:00,8874.0,8938.922
2021-04-21 21:00:00,8519.0,8537.048
2021-04-21 22:00:00,8844.0,8670.428
2021-04-21 23:00:00,8859.0,8727.237
2021-04-22 00:00:00,8896.0,8819.695
2021-04-22 01:00:00,8975.5,8853.073
2021-04-22 02:00:00,9036.0,8872.778
2021-04-22 03:00:00,8844.0,8919.614
2021-04-22 04:00:00,9157.0,9091.723
2021-04-22 05:00:00,9391.0,9319.917
2021-04-22 06:00:00,9395.0,9460.268
2021-04-22 07:00:00,9306.0,9368.392
2021-04-22 08:00:00,9254.0,9298.588
2021-04-22 09:00:00,9286.0,9236.608
2021-04-22 10:00:00,9157.0,9129.664
2021-04-22 11:00:00,9115.0,9006.067
2021-04-22 12:00:00,9059.0,9000.092
2021-04-22 13:00:00,9066.0,8960.258
2021-04-22 14:00:00,9124.0,9008.826
2021-04-22 15:00:00,9150.0,9076.365
2021-04-22 16:00:00,9213.0,9185.4
2021-04-22 17:00:00,9208.0,9171.24
2021-04-22 18:00:00,9099.0,9041.836
2021-04-22 19:00:00,9255.0,9185.009
2021-04-22 20:00:00,9144.0,9093.862
2021-04-22 21:00:00,9147.0,8774.203
2021-04-22 22:00:00,9147.0,8925.161
2021-04-22 23:00:00,9147.0,8910.93
2021-04-23 00:00:00,9179.0,9017.395
2021-04-23 01:00:00,9210.5,9070.862
2021-04-23 02:00:00,8629.0,9134.436
2021-04-23 03:00:00,9277.0,8861.8955
2021-04-23 04:00:00,9776.0,9503.131
2021-04-23 05:00:00,10066.0,9861.966
2021-04-23 06:00:00,10216.0,10094.2295
2021-04-23 07:00:00,10308.0,10107.113
2021-04-23 08:00:00,10325.0,10140.1
2021-04-23 09:00:00,10310.0,10196.322
2021-04-23 10:00:00,10198.0,10113.4795
2021-04-23 11:00:00,10066.0,10011.499
2021-04-23 12:00:00,9920.0,9913.069
2021-04-23 13:00:00,10019.0,9815.162
2021-04-23 14:00:00,10120.0,9993.004
2021-04-23 15:00:00,10046.0,10066.382
2021-04-23 16:00:00,10102.0,10069.005
2021-04-23 17:00:00,9896.0,9980.218
2021-04-23 18:00:00,9642.0,9721.819
2021-04-23 19:00:00,9730.0,9592.14
2021-04-23 20:00:00,9506.0,9563.424
2021-04-23 21:00:00,9097.0,9285.914
2021-04-23 22:00:00,9436.0,9368.045
2021-04-23 23:00:00,9401.0,9395.22
2021-04-24 00:00:00,9332.0,9265.582
2021-04-24 01:00:00,9289.5,9166.893
2021-04-24 02:00:00,9289.5,9095.644
2021-04-24 03:00:00,9289.5,9102.42
2021-04-24 04:00:00,9289.5,9210.4
2021-04-24 05:00:00,9045.0,9290.289
2021-04-24 06:00:00,9292.0,9257.051
2021-04-24 07:00:00,9430.0,9453.574
2021-04-24 08:00:00,9442.0,9492.231
2021-04-24 09:00:00,9372.0,9453.613
2021-04-24 10:00:00,9287.0,9230.3125
2021-04-24 11:00:00,9187.0,9177.117
2021-04-24 12:00:00,9250.0,9134.793
2021-04-24 13:00:00,9384.0,9229.248
2021-04-24 14:00:00,9588.0,9463.394
2021-04-24 15:00:00,9749.0,9607.749
2021-04-24 16:00:00,9768.0,9742.564
2021-04-24 17:00:00,9543.0,9691.868
2021-04-24 18:00:00,9281.0,9374.32
2021-04-24 19:00:00,9429.0,9373.073
2021-04-24 20:00:00,9262.0,9312.29
2021-04-24 21:00:00,8872.0,8918.295
2021-04-24 22:00:00,8512.0,8662.12
2021-04-24 23:00:00,8306.0,8424.094
2021-04-25 00:00:00,8222.0,8323.084
2021-04-25 01:00:00,8224.0,8260.349
2021-04-25 02:00:00,8958.0,8280.99
2021-04-25 03:00:00,8958.0,8661.738
2021-04-25 04:00:00,8274.0,8888.893
2021-04-25 05:00:00,8560.0,8420.698
2021-04-25 06:00:00,8853.0,8691.318
2021-04-25 07:00:00,8918.0,8908.464
2021-04-25 08:00:00,9045.0,8957.603
2021-04-25 09:00:00,9021.0,8943.339
2021-04-25 10:00:00,8992.0,8826.47
2021-04-25 11:00:00,8954.0,8845.798
2021-04-25 12:00:00,8962.0,8773.412
2021-04-25 13:00:00,9080.0,8814.385
2021-04-25 14:00:00,9189.0,9096.271
2021-04-25 15:00:00,9350.0,9226.243
2021-04-25 16:00:00,9448.0,9256.01
2021-04-25 17:00:00,9390.0,9302.106
2021-04-25 18:00:00,9265.0,9194.042
2021-04-25 19:00:00,9554.0,9298.272
2021-04-25 20:00:00,9432.0,9351.274
2021-04-25 21:00:00,9102.0,9020.386
2021-04-25 22:00:00,8752.0,8696.137
2021-04-25 23:00:00,8548.0,8587.442
2021-04-26 00:00:00,8521.0,8543.904
2021-04-26 01:00:00,8615.0,8564.795
2021-04-26 02:00:00,8801.0,8722.844
2021-04-26 03:00:00,9466.0,9090.917
2021-04-26 04:00:00,9937.0,9790.34
2021-04-26 05:00:00,10264.0,10135.722
2021-04-26 06:00:00,10368.0,10335.132
2021-04-26 07:00:00,10389.0,10300.707
2021-04-26 08:00:00,10368.0,10311.569
2021-04-26 09:00:00,10282.0,10302.652
2021-04-26 10:00:00,10154.0,10176.582
2021-04-26 11:00:00,10083.0,9968.61
2021-04-26 12:00:00,10054.0,9944.159
2021-04-26 13:00:00,9900.0,9915.405
2021-04-26 14:00:00,9860.0,9879.314
2021-04-26 15:00:00,9786.0,9843.381
2021-04-26 16:00:00,9904.0,9870.473
2021-04-26 17:00:00,9748.0,9936.536
2021-04-26 18:00:00,9635.0,9657.562
2021-04-26 19:00:00,9730.0,9701.965
2021-04-26 20:00:00,9522.0,9647.391
2021-04-26 21:00:00,9767.0,9420.429
2021-04-26 22:00:00,9767.0,9786.604
2021-04-26 23:00:00,9761.0,9898.067
2021-04-27 00:00:00,9744.0,9900.064
2021-04-27 01:00:00,9744.0,9847.169
2021-04-27 02:00:00,9744.0,9723.453
2021-04-27 03:00:00,9744.0,9737.524
2021-04-27 04:00:00,9728.0,10069.758
2021-04-27 05:00:00,9925.0,10057.276
2021-04-27 06:00:00,9956.0,10088.154
2021-04-27 07:00:00,9900.0,9989.828
2021-04-27 08:00:00,9896.0,9987.161
2021-04-27 09:00:00,9854.0,9970.3955
2021-04-27 10:00:00,9774.0,9848.081
2021-04-27 11:00:00,9740.0,9817.424
2021-04-27 12:00:00,9752.0,9784.596
2021-04-27 13:00:00,9772.0,9813.3955
2021-04-27 14:00:00,9820.0,9812.953
2021-04-27 15:00:00,9860.0,9871.425
2021-04-27 16:00:00,9975.0,9939.364
2021-04-27 17:00:00,9920.0,9929.117
2021-04-27 18:00:00,9666.0,9744.541
2021-04-27 19:00:00,9871.0,9688.062
2021-04-27 20:00:00,9637.0,9661.496
2021-04-27 21:00:00,9773.0,9429.644
2021-04-27 22:00:00,9773.0,9624.937
2021-04-27 23:00:00,9762.0,9643.877
2021-04-28 00:00:00,9762.0,9732.396
2021-04-28 01:00:00,9740.0,9692.674
2021-04-28 02:00:00,9688.0,9735.255
2021-04-28 03:00:00,9536.0,9682.136
2021-04-28 04:00:00,9839.0,9814.756
2021-04-28 05:00:00,9995.0,10027.226
2021-04-28 06:00:00,9981.0,10105.853
2021-04-28 07:00:00,9916.0,10011.5
2021-04-28 08:00:00,9867.0,9916.449
2021-04-28 09:00:00,9851.0,9904.219
2021-04-28 10:00:00,9708.0,9772.309
2021-04-28 11:00:00,9668.0,9684.257
2021-04-28 12:00:00,9534.0,9695.276
2021-04-28 13:00:00,9464.0,9596.121
2021-04-28 14:00:00,9563.0,9558.168
2021-04-28 15:00:00,9587.0,9612.842
2021-04-28 16:00:00,9768.0,9685.476
2021-04-28 17:00:00,9718.0,9792.027
2021-04-28 18:00:00,9487.0,9556.891
2021-04-28 19:00:00,9757.0,9562.185
2021-04-28 20:00:00,9598.0,9559.176
2021-04-28 21:00:00,9172.0,9369.248
2021-04-28 22:00:00,9633.0,9252.201
2021-04-28 23:00:00,9633.0,9548.95
2021-04-29 00:00:00,9604.5,9567.677
2021-04-29 01:00:00,9604.5,9547.616
2021-04-29 02:00:00,9020.0,9481.992
2021-04-29 03:00:00,9705.0,9232.943
2021-04-29 04:00:00,10020.0,9891.641
2021-04-29 05:00:00,10150.0,10117.202
2021-04-29 06:00:00,10144.0,10153.424
2021-04-29 07:00:00,9996.0,10004.868
2021-04-29 08:00:00,9922.0,9921.091
2021-04-29 09:00:00,9833.0,9803.894
2021-04-29 10:00:00,9683.0,9659.719
2021-04-29 11:00:00,9611.0,9535.12
2021-04-29 12:00:00,9546.0,9496.219
2021-04-29 13:00:00,9484.0,9460.21
2021-04-29 14:00:00,9470.0,9478.587
2021-04-29 15:00:00,9479.0,9470.81
2021-04-29 16:00:00,9551.0,9569.484
2021-04-29 17:00:00,9585.0,9557.305
2021-04-29 18:00:00,9535.0,9405.872
2021-04-29 19:00:00,9848.0,9572.559
2021-04-29 20:00:00,9725.0,9579.385
2021-04-29 21:00:00,9318.0,9365.772
2021-04-29 22:00:00,8989.0,9245.823
2021-04-29 23:00:00,8892.0,8968.929
2021-04-30 00:00:00,8880.0,9004.964
2021-04-30 01:00:00,9015.0,9018.478
2021-04-30 02:00:00,9128.0,8929.41
2021-04-30 03:00:00,9758.0,9288.047
2021-04-30 04:00:00,10012.0,9988.641
2021-04-30 05:00:00,10169.0,10099.675
2021-04-30 06:00:00,10118.0,10148.475
2021-04-30 07:00:00,9994.0,10011.4795
2021-04-30 08:00:00,9916.0,9906.794
2021-04-30 09:00:00,9817.0,9820.205
2021-04-30 10:00:00,9656.0,9676.438
2021-04-30 11:00:00,9420.0,9521.58
2021-04-30 12:00:00,9364.0,9341.678
2021-04-30 13:00:00,9331.0,9326.955
2021-04-30 14:00:00,9340.0,9370.992
2021-04-30 15:00:00,9344.0,9401.94
2021-04-30 16:00:00,9333.0,9478.037
2021-04-30 17:00:00,9265.0,9425.284
2021-04-30 18:00:00,9091.0,9216.755
2021-04-30 19:00:00,9540.0,9376.911
2021-04-30 20:00:00,9441.0,9441.9375
2021-04-30 21:00:00,9102.0,9094.647
2021-04-30 22:00:00,8772.0,8955.901
2021-04-30 23:00:00,8588.0,8860.884
2021-05-01 00:00:00,8534.0,8568.248
2021-05-01 01:00:00,8553.0,8510.373
2021-05-01 02:00:00,8438.0,8483.577
2021-05-01 03:00:00,8528.0,8476.886
2021-05-01 04:00:00,8545.0,8557.055
2021-05-01 05:00:00,8660.0,8599.508
2021-05-01 06:00:00,8735.0,8765.548
2021-05-01 07:00:00,8866.0,8761.743
2021-05-01 08:00:00,8972.0,8831.149
2021-05-01 09:00:00,8961.0,8879.105
2021-05-01 10:00:00,8735.0,8833.467
2021-05-01 11:00:00,8683.0,8635.185
2021-05-01 12:00:00,8710.0,8634.392
2021-05-01 13:00:00,8792.0,8719.397
2021-05-01 14:00:00,9034.0,8916.618
2021-05-01 15:00:00,9243.0,9061.96
2021-05-01 16:00:00,8763.5,9254.42
2021-05-01 17:00:00,9251.0,8808.026
2021-05-01 18:00:00,8997.0,9036.288
2021-05-01 19:00:00,8763.5,9121.944
2021-05-01 20:00:00,8722.5,8850.308
2021-05-01 21:00:00,9006.0,8517.383
2021-05-01 22:00:00,8655.0,8475.974
2021-05-01 23:00:00,8518.0,8205.205
2021-05-02 00:00:00,8546.0,8334.957
2021-05-02 01:00:00,8537.0,8376.393
2021-05-02 02:00:00,8443.0,8474.041
2021-05-02 03:00:00,8487.0,8479.5205
2021-05-02 04:00:00,8512.0,8486.664
2021-05-02 05:00:00,8574.0,8486.344
2021-05-02 06:00:00,8677.0,8630.567
2021-05-02 07:00:00,8671.0,8715.6455
2021-05-02 08:00:00,8685.0,8702.217
2021-05-02 09:00:00,8708.0,8687.214
2021-05-02 10:00:00,8620.0,8652.858
2021-05-02 11:00:00,8550.0,8565.302
2021-05-02 12:00:00,8552.0,8547.657
2021-05-02 13:00:00,8561.0,8580.694
2021-05-02 14:00:00,8658.0,8637.299
2021-05-02 15:00:00,8783.0,8734.479
2021-05-02 16:00:00,8926.0,8875.8125
2021-05-02 17:00:00,8914.0,8921.111
2021-05-02 18:00:00,8741.0,8839.385
2021-05-02 19:00:00,9172.0,8998.471
2021-05-02 20:00:00,9155.0,9074.358
2021-05-02 21:00:00,8863.0,8884.114
2021-05-02 22:00:00,8562.0,8552.24
2021-05-02 23:00:00,8447.0,8407.6875
2021-05-03 00:00:00,8490.0,8421.304
2021-05-03 01:00:00,8554.0,8448.991
2021-05-03 02:00:00,8668.0,8617.743
2021-05-03 03:00:00,9284.0,8853.353
2021-05-03 04:00:00,9721.0,9718.457
2021-05-03 05:00:00,9910.0,9976.232
2021-05-03 06:00:00,9866.0,9968.207
2021-05-03 07:00:00,9754.0,9795.998
2021-05-03 08:00:00,9704.0,9680.966
2021-05-03 09:00:00,9691.0,9666.685
2021-05-03 10:00:00,9598.0,9566.497
2021-05-03 11:00:00,9528.0,9439.92
2021-05-03 12:00:00,9399.0,9460.07
2021-05-03 13:00:00,9349.0,9378.529
2021-05-03 14:00:00,9319.0,9410.908
2021-05-03 15:00:00,9146.0,9402.36
2021-05-03 16:00:00,9238.0,9368.565
2021-05-03 17:00:00,9204.0,9354.252
2021-05-03 18:00:00,8926.0,9144.454
2021-05-03 19:00:00,9241.0,9193.766
2021-05-03 20:00:00,9091.0,9159.769
2021-05-03 21:00:00,8679.0,8974.431
2021-05-03 22:00:00,8458.0,8945.142
2021-05-03 23:00:00,9233.5,9046.544
2021-05-04 00:00:00,9216.5,9144.232
2021-05-04 01:00:00,9175.0,9086.88
2021-05-04 02:00:00,9132.5,8985.476
2021-05-04 03:00:00,8953.0,9105.864
2021-05-04 04:00:00,9388.0,9293.908
2021-05-04 05:00:00,9568.0,9634.058
2021-05-04 06:00:00,9497.0,9525.873
2021-05-04 07:00:00,9374.0,9497.995
2021-05-04 08:00:00,9408.0,9402.172
2021-05-04 09:00:00,9353.0,9414.322
2021-05-04 10:00:00,9229.0,9302.958
2021-05-04 11:00:00,9053.0,9243.4375
2021-05-04 12:00:00,9119.0,9091.354
2021-05-04 13:00:00,9081.0,9154.396
2021-05-04 14:00:00,9171.0,9151.596
2021-05-04 15:00:00,9112.0,9180.182
2021-05-04 16:00:00,9204.0,9230.931
2021-05-04 17:00:00,9148.0,9232.7705
2021-05-04 18:00:00,8965.0,8982.099
2021-05-04 19:00:00,9198.0,9106.033
2021-05-04 20:00:00,9034.0,9073.508
2021-05-04 21:00:00,9115.5,8685.042
2021-05-04 22:00:00,9115.5,8935.549
2021-05-04 23:00:00,9115.5,9123.64
2021-05-05 00:00:00,9133.5,9122.65
2021-05-05 01:00:00,9159.5,9111.941
2021-05-05 02:00:00,9184.5,9067.565
2021-05-05 03:00:00,8988.0,9109.754
2021-05-05 04:00:00,9447.0,9283.415
2021-05-05 05:00:00,9667.0,9632.335
2021-05-05 06:00:00,9573.0,9672.284
2021-05-05 07:00:00,9568.0,9524.245
2021-05-05 08:00:00,9654.0,9523.52
2021-05-05 09:00:00,9805.0,9570.346
2021-05-05 10:00:00,9631.0,9633.152
2021-05-05 11:00:00,9635.0,9478.421
2021-05-05 12:00:00,9661.0,9512.296
2021-05-05 13:00:00,9660.0,9560.05
2021-05-05 14:00:00,9773.0,9603.799
2021-05-05 15:00:00,9891.0,9711.154
2021-05-05 16:00:00,9893.0,9914.122
2021-05-05 17:00:00,9764.0,9832.202
2021-05-05 18:00:00,9467.0,9498.501
2021-05-05 19:00:00,9595.0,9476.118
2021-05-05 20:00:00,9372.0,9380.725
2021-05-05 21:00:00,8953.0,9162.376
2021-05-05 22:00:00,9647.5,9073.874
2021-05-05 23:00:00,9660.5,9531.142
2021-05-06 00:00:00,9686.5,9602.0205
2021-05-06 01:00:00,9738.0,9630.44
2021-05-06 02:00:00,9768.0,9590.594
2021-05-06 03:00:00,9250.0,9520.57
2021-05-06 04:00:00,9712.0,9612.303
2021-05-06 05:00:00,9993.0,9907.859
2021-05-06 06:00:00,10108.0,10053.328
2021-05-06 07:00:00,10171.0,10045.543
2021-05-06 08:00:00,10073.0,10062.479
2021-05-06 09:00:00,9917.0,10041.884
2021-05-06 10:00:00,9886.0,9815.725
2021-05-06 11:00:00,9825.0,9775.11
2021-05-06 12:00:00,9797.0,9755.997
2021-05-06 13:00:00,9772.0,9752.079
2021-05-06 14:00:00,9761.0,9827.437
2021-05-06 15:00:00,9709.0,9846.046
2021-05-06 16:00:00,9799.0,9842.157
2021-05-06 17:00:00,9695.0,9824.857
2021-05-06 18:00:00,9388.0,9492.922
2021-05-06 19:00:00,9579.0,9568.119
2021-05-06 20:00:00,9439.0,9396.102
2021-05-06 21:00:00,9735.0,9149.218
2021-05-06 22:00:00,9735.0,9611.992
2021-05-06 23:00:00,9735.0,9688.8125
2021-05-07 00:00:00,9735.0,9678.548
2021-05-07 01:00:00,9735.0,9683.035
2021-05-07 02:00:00,9735.0,9625.941
2021-05-07 03:00:00,9405.0,9496.685
2021-05-07 04:00:00,9792.0,9740.899
2021-05-07 05:00:00,10012.0,10006.209
2021-05-07 06:00:00,9974.0,10124.995
2021-05-07 07:00:00,9973.0,10004.007
2021-05-07 08:00:00,10060.0,9967.1045
2021-05-07 09:00:00,10077.0,10038.896
2021-05-07 10:00:00,9993.0,9965.143
2021-05-07 11:00:00,9964.0,9884.43
2021-05-07 12:00:00,9969.0,9864.769
2021-05-07 13:00:00,9895.0,9882.983
2021-05-07 14:00:00,9918.0,9900.823
2021-05-07 15:00:00,9911.0,9919.603
2021-05-07 16:00:00,9835.0,9987.587
2021-05-07 17:00:00,9710.0,9832.68
2021-05-07 18:00:00,9493.0,9414.993
2021-05-07 19:00:00,9751.0,9570.186
2021-05-07 20:00:00,9562.0,9543.899
2021-05-07 21:00:00,9066.0,9288.154
2021-05-07 22:00:00,8701.0,9122.879
2021-05-07 23:00:00,9037.5,8764.07
2021-05-08 00:00:00,9021.5,8986.7
2021-05-08 01:00:00,8970.0,8909.141
2021-05-08 02:00:00,8931.5,8854.882
2021-05-08 03:00:00,8931.5,8759.301
2021-05-08 04:00:00,8608.0,8848.65
2021-05-08 05:00:00,8755.0,8656.464
2021-05-08 06:00:00,8933.0,8898.9795
2021-05-08 07:00:00,9036.0,9014.635
2021-05-08 08:00:00,9039.0,9081.908
2021-05-08 09:00:00,9007.0,9032.118
2021-05-08 10:00:00,8913.0,8935.86
2021-05-08 11:00:00,8885.0,8889.128
2021-05-08 12:00:00,8888.0,8876.132
2021-05-08 13:00:00,8930.0,8936.034
2021-05-08 14:00:00,9096.0,9063.202
2021-05-08 15:00:00,9280.0,9257.837
2021-05-08 16:00:00,9360.0,9295.039
2021-05-08 17:00:00,9170.0,9332.091
2021-05-08 18:00:00,8868.0,9036.5205
2021-05-08 19:00:00,9180.0,9057.986
2021-05-08 20:00:00,9151.0,9091.078
2021-05-08 21:00:00,8742.0,8767.052
2021-05-08 22:00:00,8428.0,8389.284
2021-05-08 23:00:00,8241.0,8310.67
2021-05-09 00:00:00,8150.0,8310.344
2021-05-09 01:00:00,8131.0,8261.332
2021-05-09 02:00:00,8051.0,8214.64
2021-05-09 03:00:00,8104.0,8160.856
2021-05-09 04:00:00,8168.0,8235.854
2021-05-09 05:00:00,8332.0,8309.888
2021-05-09 06:00:00,8460.0,8570.065
2021-05-09 07:00:00,8457.0,8635.642
2021-05-09 08:00:00,8473.0,8595.328
2021-05-09 09:00:00,8438.0,8541.642
2021-05-09 10:00:00,8302.0,8487.323
2021-05-09 11:00:00,8276.0,8370.216
2021-05-09 12:00:00,8252.0,8375.438
2021-05-09 13:00:00,8246.0,8388.261
2021-05-09 14:00:00,8316.0,8401.398
2021-05-09 15:00:00,8472.0,8501.59
2021-05-09 16:00:00,8580.0,8685.778
2021-05-09 17:00:00,8614.0,8644.875
2021-05-09 18:00:00,8447.0,8547.422
2021-05-09 19:00:00,8777.0,8867.229
2021-05-09 20:00:00,8787.0,8852.745
2021-05-09 21:00:00,8387.0,8444.02
2021-05-09 22:00:00,8083.0,8149.5454
2021-05-09 23:00:00,7976.0,7988.743
2021-05-10 00:00:00,7946.0,8021.9707
2021-05-10 01:00:00,7958.0,8065.062
2021-05-10 02:00:00,8085.0,8167.941
2021-05-10 03:00:00,8767.0,8590.191
2021-05-10 04:00:00,9284.0,9224.493
2021-05-10 05:00:00,9620.0,9542.206
2021-05-10 06:00:00,9769.0,9616.296
2021-05-10 07:00:00,9769.0,9636.596
2021-05-10 08:00:00,9841.0,9673.975
2021-05-10 09:00:00,9848.0,9697.615
2021-05-10 10:00:00,9677.0,9679.687
2021-05-10 11:00:00,9626.0,9463.738
2021-05-10 12:00:00,9558.0,9452.772
2021-05-10 13:00:00,9428.0,9378.43
2021-05-10 14:00:00,9360.0,9344.396
2021-05-10 15:00:00,9216.0,9286.538
2021-05-10 16:00:00,9205.0,9269.914
2021-05-10 17:00:00,9108.0,9199.747
2021-05-10 18:00:00,8797.0,8943.323
2021-05-10 19:00:00,8987.0,9033.347
2021-05-10 20:00:00,8813.0,8898.46
2021-05-10 21:00:00,8334.0,8557.041
2021-05-10 22:00:00,8956.0,8841.644
2021-05-10 23:00:00,8940.5,8918.489
2021-05-11 00:00:00,8877.0,8985.212
2021-05-11 01:00:00,8820.5,8979.883
2021-05-11 02:00:00,8808.5,8980.116
2021-05-11 03:00:00,8393.0,8860.694
2021-05-11 04:00:00,8828.0,9097.245
2021-05-11 05:00:00,9045.0,9140.784
2021-05-11 06:00:00,9048.0,9227.793
2021-05-11 07:00:00,8957.0,9127.288
2021-05-11 08:00:00,8955.0,9018.579
2021-05-11 09:00:00,8926.0,8968.981
2021-05-11 10:00:00,8804.0,8888.99
2021-05-11 11:00:00,8768.0,8834.338
2021-05-11 12:00:00,8668.0,8815.182
2021-05-11 13:00:00,8704.0,8702.751
2021-05-11 14:00:00,8792.0,8753.324
2021-05-11 15:00:00,8760.0,8848.62
2021-05-11 16:00:00,8824.0,8884.5205
2021-05-11 17:00:00,8771.0,8905.149
2021-05-11 18:00:00,8432.0,8642.381
2021-05-11 19:00:00,8611.0,8847.607
2021-05-11 20:00:00,8491.0,8627.819
2021-05-11 21:00:00,8686.0,8399.506
2021-05-11 22:00:00,8686.0,8734.444
2021-05-11 23:00:00,8686.0,8722.353
2021-05-12 00:00:00,8686.0,8726.586
2021-05-12 01:00:00,8721.0,8728.946
2021-05-12 02:00:00,8728.5,8713.658
2021-05-12 03:00:00,8219.0,8434.374
2021-05-12 04:00:00,8591.0,8740.417
2021-05-12 05:00:00,8738.0,8880.954
2021-05-12 06:00:00,8771.0,8856.454
2021-05-12 07:00:00,8827.0,8828.839
2021-05-12 08:00:00,8861.0,8898.5
2021-05-12 09:00:00,8840.0,8900.151
2021-05-12 10:00:00,8781.0,8763.847
2021-05-12 11:00:00,8804.0,8711.319
2021-05-12 12:00:00,8777.0,8734.696
2021-05-12 13:00:00,8719.0,8716.664
2021-05-12 14:00:00,8653.0,8740.898
2021-05-12 15:00:00,8598.0,8655.83
2021-05-12 16:00:00,8658.0,8702.299
2021-05-12 17:00:00,8571.0,8658.85
2021-05-12 18:00:00,8315.0,8401.401
2021-05-12 19:00:00,8524.0,8639.004
2021-05-12 20:00:00,8297.0,8438.8955
2021-05-12 21:00:00,7842.0,8189.806
2021-05-12 22:00:00,8340.0,8354.697
2021-05-12 23:00:00,8327.0,8423.131
2021-05-13 00:00:00,8318.5,8342.379
2021-05-13 01:00:00,8309.0,8288.848
2021-05-13 02:00:00,8304.5,8283.26
2021-05-13 03:00:00,8304.5,8239.607
2021-05-13 04:00:00,8304.5,8527.054
2021-05-13 05:00:00,8026.0,8507.61
2021-05-13 06:00:00,8244.0,8223.205
2021-05-13 07:00:00,8365.0,8393.65
2021-05-13 08:00:00,8424.0,8432.607
2021-05-13 09:00:00,8426.0,8480.299
2021-05-13 10:00:00,8339.0,8427.288
2021-05-13 11:00:00,8322.0,8340.571
2021-05-13 12:00:00,8303.0,8332.387
2021-05-13 13:00:00,8306.0,8320.6045
2021-05-13 14:00:00,8346.0,8344.31
2021-05-13 15:00:00,8319.0,8365.976
2021-05-13 16:00:00,8301.0,8416.485
2021-05-13 17:00:00,8241.0,8284.844
2021-05-13 18:00:00,7934.0,8053.683
2021-05-13 19:00:00,8106.0,8199.817
2021-05-13 20:00:00,7977.0,8108.9683
2021-05-13 21:00:00,8271.0,7743.476
2021-05-13 22:00:00,8271.0,8124.5645
2021-05-13 23:00:00,8271.0,8126.773
2021-05-14 00:00:00,8271.0,8208.822
2021-05-14 01:00:00,8271.0,8233.634
2021-05-14 02:00:00,8271.0,8205.489
2021-05-14 03:00:00,8271.0,8093.6577
2021-05-14 04:00:00,8112.0,8477.129
2021-05-14 05:00:00,8351.0,8330.421
2021-05-14 06:00:00,8524.0,8427.267
2021-05-14 07:00:00,8534.0,8555.544
2021-05-14 08:00:00,8636.0,8581.098
2021-05-14 09:00:00,8585.0,8615.614
2021-05-14 10:00:00,8474.0,8460.249
2021-05-14 11:00:00,8398.0,8424.57
2021-05-14 12:00:00,8434.0,8405.494
2021-05-14 13:00:00,8393.0,8410.797
2021-05-14 14:00:00,8414.0,8425.585
2021-05-14 15:00:00,8478.0,8428.596
2021-05-14 16:00:00,8509.0,8507.155
2021-05-14 17:00:00,8394.0,8426.671
2021-05-14 18:00:00,8127.0,8114.7476
2021-05-14 19:00:00,8310.0,8361.204
2021-05-14 20:00:00,8073.0,8199.762
2021-05-14 21:00:00,7624.0,7841.6836
2021-05-14 22:00:00,8068.0,7745.72
2021-05-14 23:00:00,8036.0,7964.2495
2021-05-15 00:00:00,7998.5,8018.836
2021-05-15 01:00:00,7959.5,8008.217
2021-05-15 02:00:00,7959.5,7995.744
2021-05-15 03:00:00,7959.5,7988.5586
2021-05-15 04:00:00,7351.0,7940.3623
2021-05-15 05:00:00,7634.0,7597.157
2021-05-15 06:00:00,7821.0,7824.3604
2021-05-15 07:00:00,7988.0,7982.511
2021-05-15 08:00:00,8086.0,8112.349
2021-05-15 09:00:00,8063.0,8134.543
2021-05-15 10:00:00,8009.0,8061.854
2021-05-15 11:00:00,7892.0,8019.646
2021-05-15 12:00:00,7931.0,7989.302
2021-05-15 13:00:00,8096.0,8035.9785
2021-05-15 14:00:00,8187.0,8203.863
2021-05-15 15:00:00,8321.0,8262.714
2021-05-15 16:00:00,8377.0,8384.169
2021-05-15 17:00:00,8159.0,8291.958
2021-05-15 18:00:00,7890.0,7965.9146
2021-05-15 19:00:00,8119.0,8078.3105
2021-05-15 20:00:00,8048.0,8072.115
2021-05-15 21:00:00,7581.0,7668.1597
2021-05-15 22:00:00,7240.0,7566.7705
2021-05-15 23:00:00,7854.5,7419.571
2021-05-16 00:00:00,7814.0,7745.656
2021-05-16 01:00:00,7763.0,7650.88
2021-05-16 02:00:00,7740.0,7621.384
2021-05-16 03:00:00,7740.0,7640.195
2021-05-16 04:00:00,7156.0,7666.288
2021-05-16 05:00:00,7417.0,7330.853
2021-05-16 06:00:00,7631.0,7581.7793
2021-05-16 07:00:00,7825.0,7759.643
2021-05-16 08:00:00,7920.0,7902.7197
2021-05-16 09:00:00,7884.0,7925.5996
2021-05-16 10:00:00,7803.0,7850.055
2021-05-16 11:00:00,7723.0,7717.5474
2021-05-16 12:00:00,7672.0,7708.69
2021-05-16 13:00:00,7757.0,7771.9897
2021-05-16 14:00:00,7924.0,7859.128
2021-05-16 15:00:00,7980.0,8031.0903
2021-05-16 16:00:00,8076.0,8107.117
2021-05-16 17:00:00,8057.0,8072.618
2021-05-16 18:00:00,7804.0,7818.1177
2021-05-16 19:00:00,8084.0,8013.9146
2021-05-16 20:00:00,8109.0,8055.989
2021-05-16 21:00:00,7724.0,7741.4272
2021-05-16 22:00:00,7483.0,7567.6484
2021-05-16 23:00:00,8018.5,7533.416
2021-05-17 00:00:00,8066.5,7838.718
2021-05-17 01:00:00,8080.0,7823.331
2021-05-17 02:00:00,8087.0,7811.4604
2021-05-17 03:00:00,8090.0,8170.814
2021-05-17 04:00:00,8595.0,8408.869
2021-05-17 05:00:00,8867.0,8846.339
2021-05-17 06:00:00,8900.0,8950.792
2021-05-17 07:00:00,8932.0,8960.386
2021-05-17 08:00:00,9021.0,8979.132
2021-05-17 09:00:00,9009.0,9001.967
2021-05-17 10:00:00,8828.0,8882.679
2021-05-17 11:00:00,8741.0,8714.312
2021-05-17 12:00:00,8913.0,8638.497
2021-05-17 13:00:00,8931.0,8811.071
2021-05-17 14:00:00,8876.0,8861.967
2021-05-17 15:00:00,8802.0,8843.086
2021-05-17 16:00:00,8847.0,8836.498
2021-05-17 17:00:00,8720.0,8816.805
2021-05-17 18:00:00,8410.0,8466.952
2021-05-17 19:00:00,8436.0,8541.339
2021-05-17 20:00:00,8323.0,8429.611
2021-05-17 21:00:00,8730.5,8181.67
2021-05-17 22:00:00,8730.5,8748.639
2021-05-17 23:00:00,8730.5,8697.52
2021-05-18 00:00:00,8706.0,8659.111
2021-05-18 01:00:00,8706.0,8741.638
2021-05-18 02:00:00,8706.0,8738.637
2021-05-18 03:00:00,8068.0,8340.068
2021-05-18 04:00:00,8556.0,8670.889
2021-05-18 05:00:00,8845.0,8800.189
2021-05-18 06:00:00,8920.0,8876.616
2021-05-18 07:00:00,8985.0,8914.518
2021-05-18 08:00:00,8968.0,9005.553
2021-05-18 09:00:00,8961.0,8959.611
2021-05-18 10:00:00,8763.0,8843.344
2021-05-18 11:00:00,8692.0,8676.881
2021-05-18 12:00:00,8785.0,8673.92
2021-05-18 13:00:00,8750.0,8744.16
2021-05-18 14:00:00,8732.0,8754.236
2021-05-18 15:00:00,8695.0,8702.892
2021-05-18 16:00:00,8745.0,8756.089
2021-05-18 17:00:00,8669.0,8708.381
2021-05-18 18:00:00,8357.0,8321.705
2021-05-18 19:00:00,8460.0,8443.65
2021-05-18 20:00:00,8278.0,8340.529
2021-05-18 21:00:00,8680.5,8353.82
2021-05-18 22:00:00,8680.5,8646.23
2021-05-18 23:00:00,8680.5,8645.284
2021-05-19 00:00:00,8682.0,8666.816
2021-05-19 01:00:00,8682.0,8704.166
2021-05-19 02:00:00,8682.0,8676.223
2021-05-19 03:00:00,8682.0,8180.2627
2021-05-19 04:00:00,8513.0,8701.51
2021-05-19 05:00:00,8852.0,8752.774
2021-05-19 06:00:00,8982.0,8931.8125
2021-05-19 07:00:00,9027.0,9023.223
2021-05-19 08:00:00,9115.0,9026.957
2021-05-19 09:00:00,9159.0,9091.658
2021-05-19 10:00:00,8970.0,9005.424
2021-05-19 11:00:00,8890.0,8839.283
2021-05-19 12:00:00,8870.0,8812.595
2021-05-19 13:00:00,8866.0,8819.234
2021-05-19 14:00:00,8881.0,8804.119
2021-05-19 15:00:00,8926.0,8822.021
2021-05-19 16:00:00,8903.0,8937.898
2021-05-19 17:00:00,8815.0,8853.871
2021-05-19 18:00:00,8412.0,8467.298
2021-05-19 19:00:00,8478.0,8516.608
2021-05-19 20:00:00,8369.0,8352.839
2021-05-19 21:00:00,7929.0,8503.152
2021-05-19 22:00:00,8803.5,8700.062
2021-05-19 23:00:00,8801.0,8738.346
2021-05-20 00:00:00,8746.0,8750.603
2021-05-20 01:00:00,8662.0,8714.776
2021-05-20 02:00:00,8627.5,8622.115
2021-05-20 03:00:00,8016.0,8410.717
2021-05-20 04:00:00,8515.0,8635.926
2021-05-20 05:00:00,8792.0,8702.784
2021-05-20 06:00:00,8883.0,8875.3955
2021-05-20 07:00:00,8934.0,8948.214
2021-05-20 08:00:00,8916.0,8966.046
2021-05-20 09:00:00,8904.0,8941.129
2021-05-20 10:00:00,8810.0,8859.679
2021-05-20 11:00:00,8700.0,8788.506
2021-05-20 12:00:00,8624.0,8709.513
2021-05-20 13:00:00,8631.0,8656.515
2021-05-20 14:00:00,8686.0,8662.355
2021-05-20 15:00:00,8648.0,8715.039
2021-05-20 16:00:00,8734.0,8718.069
2021-05-20 17:00:00,8731.0,8704.66
2021-05-20 18:00:00,8412.0,8399.066
2021-05-20 19:00:00,8490.0,8498.91
2021-05-20 20:00:00,8473.0,8357.395
2021-05-20 21:00:00,8639.5,8068.5464
2021-05-20 22:00:00,8639.5,8632.604
2021-05-20 23:00:00,8639.5,8636.584
2021-05-21 00:00:00,8639.5,8579.529
2021-05-21 01:00:00,8667.0,8562.226
2021-05-21 02:00:00,8708.5,8487.505
2021-05-21 03:00:00,8314.0,8244.149
2021-05-21 04:00:00,8848.0,8523.172
2021-05-21 05:00:00,9256.0,8987.4375
2021-05-21 06:00:00,9383.0,9295.847
2021-05-21 07:00:00,9419.0,9348.443
2021-05-21 08:00:00,9493.0,9404.637
2021-05-21 09:00:00,9509.0,9415.583
2021-05-21 10:00:00,9376.0,9344.827
2021-05-21 11:00:00,9339.0,9172.274
2021-05-21 12:00:00,9341.0,9151.692
2021-05-21 13:00:00,9323.0,9163.506
2021-05-21 14:00:00,9406.0,9190.514
2021-05-21 15:00:00,9396.0,9306.348
2021-05-21 16:00:00,9472.0,9341.801
2021-05-21 17:00:00,9350.0,9267.377
2021-05-21 18:00:00,8915.0,8809.974
2021-05-21 19:00:00,8911.0,8843.802
2021-05-21 20:00:00,8787.0,8641.744
2021-05-21 21:00:00,8280.0,8527.617
2021-05-21 22:00:00,8696.0,8296.237
2021-05-21 23:00:00,8662.0,8543.008
2021-05-22 00:00:00,8624.0,8499.968
2021-05-22 01:00:00,8579.5,8518.991
2021-05-22 02:00:00,8555.0,8464.821
2021-05-22 03:00:00,8555.0,8325.52
2021-05-22 04:00:00,8155.0,8384.174
2021-05-22 05:00:00,8362.0,8014.2817
2021-05-22 06:00:00,8493.0,8306.928
2021-05-22 07:00:00,8557.0,8508.113
2021-05-22 08:00:00,8678.0,8586.622
2021-05-22 09:00:00,8714.0,8582.953
2021-05-22 10:00:00,8646.0,8605.45
2021-05-22 11:00:00,8602.0,8465.465
2021-05-22 12:00:00,8553.0,8498.594
2021-05-22 13:00:00,8531.0,8579.46
2021-05-22 14:00:00,8610.0,8588.607
2021-05-22 15:00:00,8833.0,8711.388
2021-05-22 16:00:00,8926.0,8904.573
2021-05-22 17:00:00,8727.0,8830.684
2021-05-22 18:00:00,8394.0,8480.884
2021-05-22 19:00:00,8474.0,8540.646
2021-05-22 20:00:00,8510.0,8441.752
2021-05-22 21:00:00,8206.0,8047.632
2021-05-22 22:00:00,7860.0,7985.58
2021-05-22 23:00:00,8202.0,7932.8354
2021-05-23 00:00:00,8167.0,8087.2812
2021-05-23 01:00:00,8118.0,8036.596
2021-05-23 02:00:00,8118.0,8038.5396
2021-05-23 03:00:00,8118.0,8023.433
2021-05-23 04:00:00,8118.0,8068.592
2021-05-23 05:00:00,7795.0,7984.537
2021-05-23 06:00:00,8007.0,7928.9595
2021-05-23 07:00:00,8136.0,8120.3374
2021-05-23 08:00:00,8247.0,8184.351
2021-05-23 09:00:00,8198.0,8253.537
2021-05-23 10:00:00,8100.0,8157.052
2021-05-23 11:00:00,8051.0,8090.0986
2021-05-23 12:00:00,8098.0,8083.8716
2021-05-23 13:00:00,8152.0,8130.9214
2021-05-23 14:00:00,8255.0,8221.789
2021-05-23 15:00:00,8267.0,8347.022
2021-05-23 16:00:00,8387.0,8362.307
2021-05-23 17:00:00,8378.0,8382.066
2021-05-23 18:00:00,8119.0,8180.581
2021-05-23 19:00:00,8359.0,8341.101
2021-05-23 20:00:00,8398.0,8338.79
2021-05-23 21:00:00,7924.0,8055.851
2021-05-23 22:00:00,7698.0,7700.7324
2021-05-23 23:00:00,7574.0,7726.894
2021-05-24 00:00:00,7483.0,7874.989
2021-05-24 01:00:00,7464.0,7872.876
2021-05-24 02:00:00,7655.0,7863.542
2021-05-24 03:00:00,8384.0,8073.457
2021-05-24 04:00:00,8988.0,8739.974
2021-05-24 05:00:00,9262.0,9213.738
2021-05-24 06:00:00,9333.0,9341.642
2021-05-24 07:00:00,9332.0,9302.698
2021-05-24 08:00:00,9348.0,9301.732
2021-05-24 09:00:00,9314.0,9294.669
2021-05-24 10:00:00,9157.0,9163.467
2021-05-24 11:00:00,9099.0,9051.684
2021-05-24 12:00:00,9024.0,9042.628
2021-05-24 13:00:00,8971.0,8938.305
2021-05-24 14:00:00,8900.0,8920.385
2021-05-24 15:00:00,8772.0,8895.926
2021-05-24 16:00:00,8810.0,8852.892
2021-05-24 17:00:00,8789.0,8870.835
2021-05-24 18:00:00,8552.0,8560.878
2021-05-24 19:00:00,8635.0,8663.004
2021-05-24 20:00:00,8626.0,8519.737
2021-05-24 21:00:00,8182.0,8335.863
2021-05-24 22:00:00,8780.5,8546.679
2021-05-24 23:00:00,8780.5,8731.836
2021-05-25 00:00:00,8780.5,8754.925
2021-05-25 01:00:00,8774.0,8783.128
2021-05-25 02:00:00,8763.5,8653.417
2021-05-25 03:00:00,8371.0,8488.485
2021-05-25 04:00:00,8755.0,8769.692
2021-05-25 05:00:00,8938.0,8969.442
2021-05-25 06:00:00,8986.0,9019.844
2021-05-25 07:00:00,8966.0,8994.648
2021-05-25 08:00:00,9001.0,8979.711
2021-05-25 09:00:00,9041.0,8989.403
2021-05-25 10:00:00,8910.0,8949.047
2021-05-25 11:00:00,8869.0,8842.063
2021-05-25 12:00:00,8776.0,8806.041
2021-05-25 13:00:00,8754.0,8746.686
2021-05-25 14:00:00,8760.0,8761.382
2021-05-25 15:00:00,8743.0,8733.681
2021-05-25 16:00:00,8781.0,8775.288
2021-05-25 17:00:00,8665.0,8740.639
2021-05-25 18:00:00,8337.0,8415.612
2021-05-25 19:00:00,8465.0,8572.634
2021-05-25 20:00:00,8370.0,8485.308
2021-05-25 21:00:00,8747.5,8256.536
2021-05-25 22:00:00,8747.5,8723.41
2021-05-25 23:00:00,8747.5,8726.13
2021-05-26 00:00:00,8747.5,8736.677
2021-05-26 01:00:00,8747.5,8740.203
2021-05-26 02:00:00,8747.5,8730.046
2021-05-26 03:00:00,8145.0,8399.454
2021-05-26 04:00:00,8752.0,8601.628
2021-05-26 05:00:00,8991.0,8894.708
2021-05-26 06:00:00,9073.0,9038.393
2021-05-26 07:00:00,9258.0,9054.279
2021-05-26 08:00:00,9373.0,9205.938
2021-05-26 09:00:00,9360.0,9274.285
2021-05-26 10:00:00,9272.0,9143.575
2021-05-26 11:00:00,9248.0,9112.308
2021-05-26 12:00:00,9227.0,9088.693
2021-05-26 13:00:00,9304.0,9066.908
2021-05-26 14:00:00,9415.0,9168.946
2021-05-26 15:00:00,9470.0,9262.825
2021-05-26 16:00:00,9489.0,9372.1875
2021-05-26 17:00:00,9246.0,9293.639
2021-05-26 18:00:00,8760.0,8791.842
2021-05-26 19:00:00,8795.0,8707.449
2021-05-26 20:00:00,8631.0,8489.528
2021-05-26 21:00:00,8139.0,8475.763
2021-05-26 22:00:00,9213.0,8650.164
2021-05-26 23:00:00,9213.0,8933.392
2021-05-27 00:00:00,9195.5,9078.732
2021-05-27 01:00:00,9166.5,9049.67
2021-05-27 02:00:00,9138.5,8925.837
2021-05-27 03:00:00,8438.0,8741.785
2021-05-27 04:00:00,9010.0,8814.721
2021-05-27 05:00:00,9199.0,9173.66
2021-05-27 06:00:00,9384.0,9228.452
2021-05-27 07:00:00,9411.0,9404.577
2021-05-27 08:00:00,9452.0,9403.975
2021-05-27 09:00:00,9335.0,9403.805
2021-05-27 10:00:00,9304.0,9246.523
2021-05-27 11:00:00,9192.0,9199.714
2021-05-27 12:00:00,9141.0,9116.302
2021-05-27 13:00:00,9136.0,9112.59
2021-05-27 14:00:00,9123.0,9134.7
2021-05-27 15:00:00,9089.0,9170.844
2021-05-27 16:00:00,9091.0,9247.977
2021-05-27 17:00:00,8988.0,9139.757
2021-05-27 18:00:00,8622.0,8747.6875
2021-05-27 19:00:00,8669.0,8811.352
2021-05-27 20:00:00,8616.0,8532.858
2021-05-27 21:00:00,8247.0,8298.872
2021-05-27 22:00:00,7936.0,8673.462
2021-05-27 23:00:00,9012.0,8703.559
2021-05-28 00:00:00,8999.0,8943.98
2021-05-28 01:00:00,8972.5,8936.923
2021-05-28 02:00:00,7775.0,8839.294
2021-05-28 03:00:00,8480.0,8234.12
2021-05-28 04:00:00,9014.0,8821.534
2021-05-28 05:00:00,9148.0,9158.026
2021-05-28 06:00:00,9231.0,9212.175
2021-05-28 07:00:00,9244.0,9252.536
2021-05-28 08:00:00,9223.0,9266.239
2021-05-28 09:00:00,9151.0,9204.946
2021-05-28 10:00:00,9010.0,9070.591
2021-05-28 11:00:00,8946.0,8921.224
2021-05-28 12:00:00,8957.0,8895.923
2021-05-28 13:00:00,8869.0,8921.423
2021-05-28 14:00:00,8891.0,8870.545
2021-05-28 15:00:00,8798.0,8906.862
2021-05-28 16:00:00,8751.0,8908.167
2021-05-28 17:00:00,8679.0,8799.489
2021-05-28 18:00:00,8397.0,8418.732
2021-05-28 19:00:00,8513.0,8597.385
2021-05-28 20:00:00,8475.0,8463.551
2021-05-28 21:00:00,8153.0,8064.4375
2021-05-28 22:00:00,8392.5,8030.3887
2021-05-28 23:00:00,8378.0,8384.426
2021-05-29 00:00:00,8325.5,8361.206
2021-05-29 01:00:00,8260.0,8346.358
2021-05-29 02:00:00,8239.0,8251.404
2021-05-29 03:00:00,8239.0,8278.232
2021-05-29 04:00:00,7830.0,8182.8857
2021-05-29 05:00:00,8053.0,7867.545
2021-05-29 06:00:00,8283.0,8192.971
2021-05-29 07:00:00,8388.0,8331.039
2021-05-29 08:00:00,8406.0,8397.23
2021-05-29 09:00:00,8368.0,8377.204
2021-05-29 10:00:00,8237.0,8326.532
2021-05-29 11:00:00,8226.0,8234.118
2021-05-29 12:00:00,8187.0,8255.669
2021-05-29 13:00:00,8241.0,8238.081
2021-05-29 14:00:00,8310.0,8354.288
2021-05-29 15:00:00,8449.0,8412.116
2021-05-29 16:00:00,8573.0,8533.992
2021-05-29 17:00:00,8378.0,8486.119
2021-05-29 18:00:00,8060.0,8167.2954
2021-05-29 19:00:00,8152.0,8272.482
2021-05-29 20:00:00,8238.0,8166.81
2021-05-29 21:00:00,7974.0,7866.129
2021-05-29 22:00:00,7718.0,7701.5825
2021-05-29 23:00:00,7525.0,7676.1704
2021-05-30 00:00:00,7912.0,7599.5776
2021-05-30 01:00:00,7887.0,7841.6787
2021-05-30 02:00:00,7843.0,7904.7803
2021-05-30 03:00:00,7843.0,7769.785
2021-05-30 04:00:00,7843.0,7759.5215
2021-05-30 05:00:00,7568.0,7730.0483
2021-05-30 06:00:00,7730.0,7733.067
2021-05-30 07:00:00,7918.0,7909.258
2021-05-30 08:00:00,7906.0,8051.5186
2021-05-30 09:00:00,7967.0,7999.576
2021-05-30 10:00:00,7868.0,7947.8936
2021-05-30 11:00:00,7815.0,7862.3423
2021-05-30 12:00:00,7812.0,7829.383
2021-05-30 13:00:00,7818.0,7899.897
2021-05-30 14:00:00,7869.0,7951.5884
2021-05-30 15:00:00,7921.0,8018.9487
2021-05-30 16:00:00,8100.0,8057.227
2021-05-30 17:00:00,8045.0,8126.8013
2021-05-30 18:00:00,7843.0,7898.472
2021-05-30 19:00:00,8034.0,8071.429
2021-05-30 20:00:00,8091.0,8123.4966
2021-05-30 21:00:00,7708.0,7777.959
2021-05-30 22:00:00,7412.0,7493.0757
2021-05-30 23:00:00,7240.0,7581.406
2021-05-31 00:00:00,8021.5,7295.9604
2021-05-31 01:00:00,8039.5,7613.917
2021-05-31 02:00:00,7323.0,7695.8926
2021-05-31 03:00:00,8009.0,8027.5356
2021-05-31 04:00:00,8605.0,8550.064
2021-05-31 05:00:00,8970.0,8870.664
2021-05-31 06:00:00,9012.0,9108.774
2021-05-31 07:00:00,8997.0,9041.715
2021-05-31 08:00:00,9032.0,9029.776
2021-05-31 09:00:00,9076.0,9007.236
2021-05-31 10:00:00,9019.0,8963.721
2021-05-31 11:00:00,8815.0,8873.117
2021-05-31 12:00:00,8790.0,8738.386
2021-05-31 13:00:00,8689.0,8682.622
2021-05-31 14:00:00,8652.0,8617.056
2021-05-31 15:00:00,8606.0,8549.4795
2021-05-31 16:00:00,8621.0,8604.021
2021-05-31 17:00:00,8555.0,8546.536
2021-05-31 18:00:00,8208.0,8316.77
2021-05-31 19:00:00,8245.0,8272.79
2021-05-31 20:00:00,8186.0,8186.6494
2021-05-31 21:00:00,7724.0,7910.802
2021-05-31 22:00:00,8580.5,8472.491
2021-05-31 23:00:00,8580.5,8513.588
2021-06-01 00:00:00,8580.5,8465.262
2021-06-01 01:00:00,8571.0,8444.779
2021-06-01 02:00:00,8546.0,8453.08
2021-06-01 03:00:00,8088.0,8127.4287
2021-06-01 04:00:00,8537.0,8431.903
2021-06-01 05:00:00,8711.0,8757.99
2021-06-01 06:00:00,8800.0,8817.275
2021-06-01 07:00:00,8809.0,8824.307
2021-06-01 08:00:00,8880.0,8849.787
2021-06-01 09:00:00,8883.0,8875.789
2021-06-01 10:00:00,8746.0,8808.407
2021-06-01 11:00:00,8636.0,8662.827
2021-06-01 12:00:00,8587.0,8564.624
2021-06-01 13:00:00,8532.0,8527.061
2021-06-01 14:00:00,8545.0,8492.937
2021-06-01 15:00:00,8493.0,8492.118
2021-06-01 16:00:00,8497.0,8527.088
2021-06-01 17:00:00,8445.0,8449.857
2021-06-01 18:00:00,8122.0,8109.7754
2021-06-01 19:00:00,8102.0,8148.963
2021-06-01 20:00:00,7970.0,8073.3486
2021-06-01 21:00:00,7625.0,8035.498
2021-06-01 22:00:00,8469.0,8160.2197
2021-06-01 23:00:00,8469.0,8462.538
2021-06-02 00:00:00,8469.0,8471.607
2021-06-02 01:00:00,8469.0,8453.274
2021-06-02 02:00:00,8469.0,8418.921
2021-06-02 03:00:00,7915.0,8066.177
2021-06-02 04:00:00,8366.0,8355.344
2021-06-02 05:00:00,8652.0,8582.761
2021-06-02 06:00:00,8726.0,8770.42
2021-06-02 07:00:00,8723.0,8755.4
2021-06-02 08:00:00,8741.0,8762.371
2021-06-02 09:00:00,8794.0,8742.578
2021-06-02 10:00:00,8681.0,8735.289
2021-06-02 11:00:00,8588.0,8625.3
2021-06-02 12:00:00,8557.0,8537.043
2021-06-02 13:00:00,8528.0,8526.821
2021-06-02 14:00:00,8476.0,8493.281
2021-06-02 15:00:00,8371.0,8472.623
2021-06-02 16:00:00,8405.0,8458.435
2021-06-02 17:00:00,8347.0,8428.841
2021-06-02 18:00:00,7961.0,8079.858
2021-06-02 19:00:00,7957.0,8116.886
2021-06-02 20:00:00,7820.0,7954.11
2021-06-02 21:00:00,7445.0,7749.826
2021-06-02 22:00:00,8334.0,8020.5156
2021-06-02 23:00:00,8334.0,8337.779
2021-06-03 00:00:00,8334.0,8343.982
2021-06-03 01:00:00,8334.0,8348.64
2021-06-03 02:00:00,8334.0,8329.2
2021-06-03 03:00:00,7660.0,7906.729
2021-06-03 04:00:00,8148.0,8237.0205
2021-06-03 05:00:00,8321.0,8417.371
2021-06-03 06:00:00,8463.0,8501.069
2021-06-03 07:00:00,8483.0,8605.677
2021-06-03 08:00:00,8595.0,8603.655
2021-06-03 09:00:00,8567.0,8659.681
2021-06-03 10:00:00,8517.0,8542.388
2021-06-03 11:00:00,8491.0,8453.39
2021-06-03 12:00:00,8471.0,8469.939
2021-06-03 13:00:00,8450.0,8440.324
2021-06-03 14:00:00,8402.0,8441.968
2021-06-03 15:00:00,8370.0,8385.231
2021-06-03 16:00:00,8324.0,8407.627
2021-06-03 17:00:00,8196.0,8278.024
2021-06-03 18:00:00,7834.0,7969.2407
2021-06-03 19:00:00,7883.0,7963.8125
2021-06-03 20:00:00,7794.0,7865.685
2021-06-03 21:00:00,7438.0,7640.2163
2021-06-03 22:00:00,7110.0,7950.086
2021-06-03 23:00:00,8313.5,7825.214
2021-06-04 00:00:00,8313.5,8248.5
2021-06-04 01:00:00,8313.5,8242.416
2021-06-04 02:00:00,7094.0,8101.989
2021-06-04 03:00:00,7732.0,7586.0566
2021-06-04 04:00:00,8303.0,8120.763
2021-06-04 05:00:00,8575.0,8457.023
2021-06-04 06:00:00,8769.0,8709.711
2021-06-04 07:00:00,8801.0,8773.388
2021-06-04 08:00:00,8880.0,8803.496
2021-06-04 09:00:00,8856.0,8854.744
2021-06-04 10:00:00,8760.0,8748.915
2021-06-04 11:00:00,8676.0,8676.562
2021-06-04 12:00:00,8602.0,8565.78
2021-06-04 13:00:00,8572.0,8554.21
2021-06-04 14:00:00,8477.0,8531.435
2021-06-04 15:00:00,8396.0,8445.662
2021-06-04 16:00:00,8446.0,8424.6455
2021-06-04 17:00:00,8350.0,8369.843
2021-06-04 18:00:00,8048.0,7963.8223
2021-06-04 19:00:00,8021.0,7994.1523
2021-06-04 20:00:00,7848.0,7891.633
2021-06-04 21:00:00,7464.0,7601.7993
2021-06-04 22:00:00,7837.5,7670.7666
2021-06-04 23:00:00,7821.5,7872.6123
2021-06-05 00:00:00,7807.5,7804.4736
2021-06-05 01:00:00,7797.5,7790.873
2021-06-05 02:00:00,7797.5,7820.7686
2021-06-05 03:00:00,7797.5,7711.3857
2021-06-05 04:00:00,7184.0,7710.8604
2021-06-05 05:00:00,7477.0,7515.723
2021-06-05 06:00:00,7609.0,7761.016
2021-06-05 07:00:00,7816.0,7777.6655
2021-06-05 08:00:00,7827.0,7876.8066
2021-06-05 09:00:00,7858.0,7847.654
2021-06-05 10:00:00,7799.0,7897.4136
2021-06-05 11:00:00,7772.0,7804.058
2021-06-05 12:00:00,7796.0,7842.6963
2021-06-05 13:00:00,7915.0,7876.2188
2021-06-05 14:00:00,7962.0,7986.4985
2021-06-05 15:00:00,7952.0,8035.129
2021-06-05 16:00:00,7895.0,8004.7896
2021-06-05 17:00:00,7760.0,7886.4683
2021-06-05 18:00:00,7538.0,7626.6797
2021-06-05 19:00:00,7612.0,7707.538
2021-06-05 20:00:00,7585.0,7596.9854
2021-06-05 21:00:00,7261.0,7391.777
2021-06-05 22:00:00,6894.0,7304.932
2021-06-05 23:00:00,6761.0,7174.6274
2021-06-06 00:00:00,7598.5,6760.623
2021-06-06 01:00:00,7598.5,7412.2173
2021-06-06 02:00:00,7598.5,7453.4023
2021-06-06 03:00:00,7598.5,7509.7275
2021-06-06 04:00:00,7598.5,7460.6787
2021-06-06 05:00:00,7026.0,7376.5127
2021-06-06 06:00:00,7343.0,7301.035
2021-06-06 07:00:00,7642.0,7572.1406
2021-06-06 08:00:00,7739.0,7743.2783
2021-06-06 09:00:00,7795.0,7774.8047
2021-06-06 10:00:00,7741.0,7747.5303
2021-06-06 11:00:00,7724.0,7720.3345
2021-06-06 12:00:00,7716.0,7737.208
2021-06-06 13:00:00,7687.0,7745.7544
2021-06-06 14:00:00,7738.0,7784.0444
2021-06-06 15:00:00,7864.0,7826.389
2021-06-06 16:00:00,7889.0,7933.1367
2021-06-06 17:00:00,7763.0,7811.3228
2021-06-06 18:00:00,7403.0,7567.577
2021-06-06 19:00:00,7529.0,7575.2905
2021-06-06 20:00:00,7562.0,7549.4517
2021-06-06 21:00:00,7196.0,7287.957
2021-06-06 22:00:00,6811.0,7256.798
2021-06-06 23:00:00,7720.0,7163.0386
2021-06-07 00:00:00,7727.0,7701.3677
2021-06-07 01:00:00,7750.5,7738.2544
2021-06-07 02:00:00,7813.5,7364.9795
2021-06-07 03:00:00,7505.0,7820.6436
2021-06-07 04:00:00,8057.0,8088.306
2021-06-07 05:00:00,8401.0,8347.889
2021-06-07 06:00:00,8621.0,8577.242
2021-06-07 07:00:00,8648.0,8726.611
2021-06-07 08:00:00,8722.0,8723.813
2021-06-07 09:00:00,8804.0,8753.697
2021-06-07 10:00:00,8751.0,8748.546
2021-06-07 11:00:00,8679.0,8685.669
2021-06-07 12:00:00,8610.0,8561.407
2021-06-07 13:00:00,8427.0,8514.392
2021-06-07 14:00:00,8373.0,8368.305
2021-06-07 15:00:00,8346.0,8325.96
2021-06-07 16:00:00,8363.0,8346.461
2021-06-07 17:00:00,8299.0,8264.593
2021-06-07 18:00:00,7928.0,8013.725
2021-06-07 19:00:00,7941.0,8016.9966
2021-06-07 20:00:00,7733.0,7895.5356
2021-06-07 21:00:00,7323.0,7801.565
2021-06-07 22:00:00,8322.5,8021.2915
2021-06-07 23:00:00,8322.5,8328.154
2021-06-08 00:00:00,8322.5,8291.065
2021-06-08 01:00:00,8322.5,8292.128
2021-06-08 02:00:00,8322.5,8270.407
2021-06-08 03:00:00,7543.0,7934.8887
2021-06-08 04:00:00,8124.0,8125.633
2021-06-08 05:00:00,8402.0,8358.093
2021-06-08 06:00:00,8529.0,8514.946
2021-06-08 07:00:00,8631.0,8563.16
2021-06-08 08:00:00,8760.0,8701.41
2021-06-08 09:00:00,8772.0,8762.486
2021-06-08 10:00:00,8742.0,8690.232
2021-06-08 11:00:00,8584.0,8664.147
2021-06-08 12:00:00,8570.0,8528.539
2021-06-08 13:00:00,8473.0,8524.759
2021-06-08 14:00:00,8490.0,8436.743
2021-06-08 15:00:00,8428.0,8433.071
2021-06-08 16:00:00,8448.0,8439.755
2021-06-08 17:00:00,8294.0,8378.129
2021-06-08 18:00:00,8012.0,7986.158
2021-06-08 19:00:00,8014.0,8020.47
2021-06-08 20:00:00,7857.0,7840.503
2021-06-08 21:00:00,8286.0,7720.4116
2021-06-08 22:00:00,8286.0,8376.156
2021-06-08 23:00:00,8286.0,8347.565
2021-06-09 00:00:00,8286.0,8327.545
2021-06-09 01:00:00,8286.0,8325.337
2021-06-09 02:00:00,8286.0,8299.627
2021-06-09 03:00:00,7580.0,7905.6055
2021-06-09 04:00:00,8077.0,8149.6147
2021-06-09 05:00:00,8278.0,8368.476
2021-06-09 06:00:00,8464.0,8421.49
2021-06-09 07:00:00,8506.0,8556.3545
2021-06-09 08:00:00,8565.0,8590.433
2021-06-09 09:00:00,8735.0,8614.145
2021-06-09 10:00:00,8659.0,8683.493
2021-06-09 11:00:00,8589.0,8591.78
2021-06-09 12:00:00,8568.0,8548.398
2021-06-09 13:00:00,8632.0,8530.61
2021-06-09 14:00:00,8619.0,8583.06
2021-06-09 15:00:00,8583.0,8577.077
2021-06-09 16:00:00,8543.0,8589.658
2021-06-09 17:00:00,8445.0,8441.423
2021-06-09 18:00:00,8102.0,8176.2603
2021-06-09 19:00:00,8079.0,8119.864
2021-06-09 20:00:00,7862.0,7890.6196
2021-06-09 21:00:00,8403.0,8106.7656
2021-06-09 22:00:00,8403.0,8423.616
2021-06-09 23:00:00,8403.0,8396.271
2021-06-10 00:00:00,8403.0,8390.057
2021-06-10 01:00:00,8403.0,8397.829
2021-06-10 02:00:00,8403.0,8371.148
2021-06-10 03:00:00,7551.0,7834.5767
2021-06-10 04:00:00,8005.0,8126.4814
2021-06-10 05:00:00,8361.0,8344.518
2021-06-10 06:00:00,8527.0,8458.6455
2021-06-10 07:00:00,8589.0,8558.19
2021-06-10 08:00:00,8684.0,8659.37
2021-06-10 09:00:00,8730.0,8715.596
2021-06-10 10:00:00,8660.0,8670.148
2021-06-10 11:00:00,8647.0,8589.891
2021-06-10 12:00:00,8599.0,8571.889
2021-06-10 13:00:00,8599.0,8563.4
2021-06-10 14:00:00,8603.0,8568.386
2021-06-10 15:00:00,8510.0,8559.404
2021-06-10 16:00:00,8485.0,8522.393
2021-06-10 17:00:00,8446.0,8455.024
2021-06-10 18:00:00,8141.0,8149.1353
2021-06-10 19:00:00,8160.0,8195.07
2021-06-10 20:00:00,7916.0,7955.2954
2021-06-10 21:00:00,7512.0,7934.816
2021-06-10 22:00:00,8465.5,8024.9155
2021-06-10 23:00:00,6940.0,8440.464
2021-06-11 00:00:00,8465.5,8029.7124
2021-06-11 01:00:00,6849.0,8357.921
2021-06-11 02:00:00,7095.0,7827.25
2021-06-11 03:00:00,7679.0,7535.064
2021-06-11 04:00:00,8240.0,8013.9434
2021-06-11 05:00:00,8544.0,8440.476
2021-06-11 06:00:00,8823.0,8640.58
2021-06-11 07:00:00,8886.0,8797.476
2021-06-11 08:00:00,8938.0,8898.452
2021-06-11 09:00:00,9010.0,8876.607
2021-06-11 10:00:00,8913.0,8866.941
2021-06-11 11:00:00,8818.0,8811.532
2021-06-11 12:00:00,8728.0,8718.418
2021-06-11 13:00:00,8653.0,8641.374
2021-06-11 14:00:00,8548.0,8592.286
2021-06-11 15:00:00,8440.0,8539.047
2021-06-11 16:00:00,8310.0,8491.543
2021-06-11 17:00:00,8184.0,8296.2705
2021-06-11 18:00:00,7927.0,7973.0884
2021-06-11 19:00:00,7896.0,8017.394
2021-06-11 20:00:00,7798.0,7831.3623
2021-06-11 21:00:00,7407.0,7419.1416
2021-06-11 22:00:00,7056.0,7437.989
2021-06-11 23:00:00,7911.5,7757.9883
2021-06-12 00:00:00,7911.5,7755.495
2021-06-12 01:00:00,7911.5,7704.6123
2021-06-12 02:00:00,7911.5,7699.91
2021-06-12 03:00:00,7911.5,7677.642
2021-06-12 04:00:00,7250.0,7624.287
2021-06-12 05:00:00,7528.0,7462.437
2021-06-12 06:00:00,7682.0,7652.4995
2021-06-12 07:00:00,7932.0,7730.8364
2021-06-12 08:00:00,8062.0,7882.0522
2021-06-12 09:00:00,8037.0,7978.695
2021-06-12 10:00:00,8086.0,7896.9116
2021-06-12 11:00:00,8080.0,7938.1323
2021-06-12 12:00:00,8119.0,7977.3096
2021-06-12 13:00:00,8229.0,8071.265
2021-06-12 14:00:00,8300.0,8182.369
2021-06-12 15:00:00,8438.0,8235.348
2021-06-12 16:00:00,8237.0,8292.937
2021-06-12 17:00:00,8093.0,8030.999
2021-06-12 18:00:00,7802.0,7733.9546
2021-06-12 19:00:00,7814.0,7771.8975
2021-06-12 20:00:00,7774.0,7653.4937
2021-06-12 21:00:00,7392.0,7340.49
2021-06-12 22:00:00,7075.0,7135.906
2021-06-12 23:00:00,6878.0,7278.4175
2021-06-13 00:00:00,6744.0,7348.277
2021-06-13 01:00:00,6664.0,7172.2007
2021-06-13 02:00:00,7756.5,7117.8345
2021-06-13 03:00:00,7756.5,7538.8076
2021-06-13 04:00:00,7756.5,7445.3516
2021-06-13 05:00:00,7756.5,7433.489
2021-06-13 06:00:00,7541.0,7568.542
2021-06-13 07:00:00,7761.0,7678.467
2021-06-13 08:00:00,7895.0,7856.597
2021-06-13 09:00:00,7826.0,7873.4175
2021-06-13 10:00:00,7779.0,7818.155
2021-06-13 11:00:00,7704.0,7775.2075
2021-06-13 12:00:00,7752.0,7724.0903
2021-06-13 13:00:00,7768.0,7799.9307
2021-06-13 14:00:00,7813.0,7842.272
2021-06-13 15:00:00,7834.0,7900.889
2021-06-13 16:00:00,7918.0,7888.2036
2021-06-13 17:00:00,7903.0,7856.9014
2021-06-13 18:00:00,7712.0,7656.039
2021-06-13 19:00:00,7821.0,7771.044
2021-06-13 20:00:00,7793.0,7716.4556
2021-06-13 21:00:00,7469.0,7303.2837
2021-06-13 22:00:00,7786.0,7170.734
2021-06-13 23:00:00,7803.0,7613.6978
2021-06-14 00:00:00,7817.0,7606.5176
2021-06-14 01:00:00,7827.5,7564.185
2021-06-14 02:00:00,7868.5,7547.382
2021-06-14 03:00:00,7744.0,7408.224
2021-06-14 04:00:00,8151.0,8001.6284
2021-06-14 05:00:00,8445.0,8376.88
2021-06-14 06:00:00,8570.0,8594.945
2021-06-14 07:00:00,8578.0,8645.962
2021-06-14 08:00:00,8737.0,8660.203
2021-06-14 09:00:00,8707.0,8759.742
2021-06-14 10:00:00,8725.0,8694.652
2021-06-14 11:00:00,8589.0,8653.909
2021-06-14 12:00:00,8525.0,8533.585
2021-06-14 13:00:00,8467.0,8416.6
2021-06-14 14:00:00,8502.0,8407.091
2021-06-14 15:00:00,8453.0,8409.319
2021-06-14 16:00:00,8472.0,8423.501
2021-06-14 17:00:00,8320.0,8387.673
2021-06-14 18:00:00,8096.0,8055.8804
2021-06-14 19:00:00,8139.0,8080.999
2021-06-14 20:00:00,8013.0,7974.39
2021-06-14 21:00:00,7597.0,7661.7886
2021-06-14 22:00:00,8386.5,8361.229
2021-06-14 23:00:00,8386.5,8351.396
2021-06-15 00:00:00,8386.5,8367.263
2021-06-15 01:00:00,8386.5,8366.199
2021-06-15 02:00:00,8386.5,8332.457
2021-06-15 03:00:00,7859.0,7947.9404
2021-06-15 04:00:00,8300.0,8240.363
2021-06-15 05:00:00,8593.0,8458.201
2021-06-15 06:00:00,8737.0,8693.602
2021-06-15 07:00:00,8742.0,8732.194
2021-06-15 08:00:00,8833.0,8758.211
2021-06-15 09:00:00,8880.0,8819.834
2021-06-15 10:00:00,8810.0,8818.258
2021-06-15 11:00:00,8741.0,8758.768
2021-06-15 12:00:00,8602.0,8662.121
2021-06-15 13:00:00,8580.0,8576.58
2021-06-15 14:00:00,8565.0,8565.99
2021-06-15 15:00:00,8498.0,8554.232
2021-06-15 16:00:00,8492.0,8540.043
2021-06-15 17:00:00,8420.0,8441.198
2021-06-15 18:00:00,8166.0,8133.152
2021-06-15 19:00:00,8130.0,8231.008
2021-06-15 20:00:00,7986.0,8076.6987
2021-06-15 21:00:00,7651.0,7823.576
2021-06-15 22:00:00,8456.0,8480.924
2021-06-15 23:00:00,8456.0,8487.919
2021-06-16 00:00:00,8456.0,8476.13
2021-06-16 01:00:00,8456.0,8479.155
2021-06-16 02:00:00,8456.0,8414.282
2021-06-16 03:00:00,7828.0,7863.8555
2021-06-16 04:00:00,8267.0,8244.108
2021-06-16 05:00:00,8502.0,8472.829
2021-06-16 06:00:00,8661.0,8644.14
2021-06-16 07:00:00,8726.0,8712.784
2021-06-16 08:00:00,8786.0,8755.3545
2021-06-16 09:00:00,8869.0,8797.765
2021-06-16 10:00:00,8787.0,8790.744
2021-06-16 11:00:00,8591.0,8716.48
2021-06-16 12:00:00,8621.0,8552.233
2021-06-16 13:00:00,8651.0,8580.548
2021-06-16 14:00:00,8623.0,8580.413
2021-06-16 15:00:00,8491.0,8560.954
2021-06-16 16:00:00,8555.0,8510.675
2021-06-16 17:00:00,8470.0,8509.614
2021-06-16 18:00:00,8167.0,8161.188
2021-06-16 19:00:00,8167.0,8197.714
2021-06-16 20:00:00,7970.0,8060.4883
2021-06-16 21:00:00,8480.5,7884.366
2021-06-16 22:00:00,8480.5,8483.374
2021-06-16 23:00:00,8480.5,8481.026
2021-06-17 00:00:00,8480.5,8481.828
2021-06-17 01:00:00,8480.5,8486.998
2021-06-17 02:00:00,8480.5,8429.388
2021-06-17 03:00:00,8480.5,7928.7856
2021-06-17 04:00:00,8350.0,8414.931
2021-06-17 05:00:00,8542.0,8519.526
2021-06-17 06:00:00,8642.0,8655.261
2021-06-17 07:00:00,8598.0,8698.472
2021-06-17 08:00:00,8594.0,8680.523
2021-06-17 09:00:00,8709.0,8650.277
2021-06-17 10:00:00,8693.0,8671.609
2021-06-17 11:00:00,8661.0,8619.791
2021-06-17 12:00:00,8686.0,8595.858
2021-06-17 13:00:00,8706.0,8649.217
2021-06-17 14:00:00,8701.0,8668.999
2021-06-17 15:00:00,8616.0,8639.216
2021-06-17 16:00:00,8589.0,8622.974
2021-06-17 17:00:00,8533.0,8546.605
2021-06-17 18:00:00,8320.0,8166.5127
2021-06-17 19:00:00,8292.0,8263.425
2021-06-17 20:00:00,8160.0,8118.7554
2021-06-17 21:00:00,7854.0,8074.2456
2021-06-17 22:00:00,8561.0,8387.767
2021-06-17 23:00:00,8561.0,8515.424
2021-06-18 00:00:00,8561.0,8540.401
2021-06-18 01:00:00,8561.0,8422.34
2021-06-18 02:00:00,8561.0,8415.827
2021-06-18 03:00:00,7973.0,8105.3716
2021-06-18 04:00:00,8321.0,8393.964
2021-06-18 05:00:00,8625.0,8503.491
2021-06-18 06:00:00,8833.0,8719.7
2021-06-18 07:00:00,8885.0,8809.568
2021-06-18 08:00:00,8919.0,8877.629
2021-06-18 09:00:00,9002.0,8912.198
2021-06-18 10:00:00,8981.0,8901.992
2021-06-18 11:00:00,8930.0,8868.22
2021-06-18 12:00:00,8915.0,8854.847
2021-06-18 13:00:00,8908.0,8858.238
2021-06-18 14:00:00,8913.0,8874.843
2021-06-18 15:00:00,8758.0,8844.013
2021-06-18 16:00:00,8680.0,8755.585
2021-06-18 17:00:00,8516.0,8533.313
2021-06-18 18:00:00,8231.0,8207.36
2021-06-18 19:00:00,8265.0,8228.116
2021-06-18 20:00:00,8164.0,8026.0786
2021-06-18 21:00:00,7840.0,7685.2183
2021-06-18 22:00:00,7449.0,7793.1914
2021-06-18 23:00:00,7218.0,7941.825
2021-06-19 00:00:00,8184.5,7688.9653
2021-06-19 01:00:00,8184.5,8059.178
2021-06-19 02:00:00,8184.5,8048.344
2021-06-19 03:00:00,8184.5,8029.1274
2021-06-19 04:00:00,7558.0,7884.3877
2021-06-19 05:00:00,7802.0,7538.477
2021-06-19 06:00:00,7992.0,7843.879
2021-06-19 07:00:00,8156.0,8044.834
2021-06-19 08:00:00,8250.0,8184.6
2021-06-19 09:00:00,8253.0,8233.398
2021-06-19 10:00:00,8205.0,8222.888
2021-06-19 11:00:00,8231.0,8168.197
2021-06-19 12:00:00,8294.0,8200.942
2021-06-19 13:00:00,8322.0,8293.169
2021-06-19 14:00:00,8327.0,8374.183
2021-06-19 15:00:00,8297.0,8348.996
2021-06-19 16:00:00,8346.0,8319.347
2021-06-19 17:00:00,8242.0,8236.346
2021-06-19 18:00:00,7990.0,7987.982
2021-06-19 19:00:00,8012.0,8062.0547
2021-06-19 20:00:00,8004.0,7958.191
2021-06-19 21:00:00,7743.0,7608.371
2021-06-19 22:00:00,7400.0,7428.5566
2021-06-19 23:00:00,7251.0,7337.1963
2021-06-20 00:00:00,7085.0,7365.062
2021-06-20 01:00:00,7997.0,7448.157
2021-06-20 02:00:00,7044.0,7833.9487
2021-06-20 03:00:00,7136.0,7434.658
2021-06-20 04:00:00,7333.0,7395.815
2021-06-20 05:00:00,7585.0,7468.313
2021-06-20 06:00:00,7811.0,7644.368
2021-06-20 07:00:00,7974.0,7873.06
2021-06-20 08:00:00,8126.0,8036.8545
2021-06-20 09:00:00,8216.0,8086.6553
2021-06-20 10:00:00,8182.0,8100.48
2021-06-20 11:00:00,8190.0,8053.205
2021-06-20 12:00:00,8148.0,8095.814
2021-06-20 13:00:00,8112.0,8083.4077
2021-06-20 14:00:00,8176.0,8138.717
2021-06-20 15:00:00,8085.0,8139.1577
2021-06-20 16:00:00,8042.0,8110.132
2021-06-20 17:00:00,7994.0,8009.0664
2021-06-20 18:00:00,7784.0,7829.348
2021-06-20 19:00:00,7897.0,7940.1113
2021-06-20 20:00:00,7769.0,7914.6807
2021-06-20 21:00:00,7469.0,7490.844
2021-06-20 22:00:00,7163.0,7313.1177
2021-06-20 23:00:00,8063.5,7619.427
2021-06-21 00:00:00,8063.5,7926.997
2021-06-21 01:00:00,8063.5,7925.4688
2021-06-21 02:00:00,7060.0,7765.111
2021-06-21 03:00:00,7622.0,7869.815
2021-06-21 04:00:00,8280.0,8305.832
2021-06-21 05:00:00,8632.0,8536.719
2021-06-21 06:00:00,8791.0,8792.31
2021-06-21 07:00:00,8938.0,8831.212
2021-06-21 08:00:00,9119.0,8961.359
2021-06-21 09:00:00,9180.0,9088.6045
2021-06-21 10:00:00,9152.0,9060.092
2021-06-21 11:00:00,9191.0,9041.556
2021-06-21 12:00:00,9102.0,9049.807
2021-06-21 13:00:00,8989.0,8999.78
2021-06-21 14:00:00,8935.0,8922.299
2021-06-21 15:00:00,8758.0,8838.876
2021-06-21 16:00:00,8569.0,8752.466
2021-06-21 17:00:00,8600.0,8534.56
2021-06-21 18:00:00,8446.0,8327.04
2021-06-21 19:00:00,8427.0,8397.985
2021-06-21 20:00:00,8239.0,8232.079
2021-06-21 21:00:00,7896.0,8105.2686
2021-06-21 22:00:00,7566.0,8234.105
2021-06-21 23:00:00,7315.0,8518.063
2021-06-22 00:00:00,8558.5,8234.728
2021-06-22 01:00:00,8558.5,8519.935
2021-06-22 02:00:00,8558.5,8476.504
2021-06-22 03:00:00,7795.0,8116.3667
2021-06-22 04:00:00,8260.0,8401.493
2021-06-22 05:00:00,8548.0,8525.647
2021-06-22 06:00:00,8776.0,8710.922
2021-06-22 07:00:00,8846.0,8793.219
2021-06-22 08:00:00,9010.0,8890.477
2021-06-22 09:00:00,9062.0,8997.973
2021-06-22 10:00:00,8993.0,8955.5625
2021-06-22 11:00:00,9014.0,8895.491
2021-06-22 12:00:00,8963.0,8926.409
2021-06-22 13:00:00,8881.0,8884.458
2021-06-22 14:00:00,8823.0,8845.693
2021-06-22 15:00:00,8634.0,8775.023
2021-06-22 16:00:00,8562.0,8638.508
2021-06-22 17:00:00,8470.0,8561.96
2021-06-22 18:00:00,8324.0,8222.082
2021-06-22 19:00:00,8441.0,8325.507
2021-06-22 20:00:00,8343.0,8209.557
2021-06-22 21:00:00,8033.0,7974.7964
2021-06-22 22:00:00,7701.0,8034.4014
2021-06-22 23:00:00,7524.0,8068.89
2021-06-23 00:00:00,7430.0,8244.874
2021-06-23 01:00:00,7418.0,8232.98
2021-06-23 02:00:00,7543.0,7992.312
2021-06-23 03:00:00,8068.0,7948.4175
2021-06-23 04:00:00,8415.0,8284.556
2021-06-23 05:00:00,8645.0,8556.677
2021-06-23 06:00:00,8904.0,8704.153
2021-06-23 07:00:00,8981.0,8901.281
2021-06-23 08:00:00,9000.0,8980.004
2021-06-23 09:00:00,9141.0,8950.053
2021-06-23 10:00:00,9097.0,8969.299
2021-06-23 11:00:00,9030.0,8970.844
2021-06-23 12:00:00,8919.0,8896.247
2021-06-23 13:00:00,8785.0,8831.58
2021-06-23 14:00:00,8760.0,8752.275
2021-06-23 15:00:00,8461.0,8677.177
2021-06-23 16:00:00,8132.0,8503.338
2021-06-23 17:00:00,8072.0,8179.2314
2021-06-23 18:00:00,8064.0,7987.541
2021-06-23 19:00:00,8035.0,8141.7935
2021-06-23 20:00:00,7891.0,8016.802
2021-06-23 21:00:00,7535.0,7673.9
2021-06-23 22:00:00,7147.0,7869.363
2021-06-23 23:00:00,7077.0,7982.3525
2021-06-24 00:00:00,8049.5,8064.107
2021-06-24 01:00:00,8039.0,7926.9834
2021-06-24 02:00:00,8034.0,7718.745
2021-06-24 03:00:00,8015.5,7886.2065
2021-06-24 04:00:00,7616.0,8385.78
2021-06-24 05:00:00,7848.0,8090.904
2021-06-24 06:00:00,8033.0,8112.834
2021-06-24 07:00:00,8260.0,8195.39
2021-06-24 08:00:00,8246.0,8353.599
2021-06-24 09:00:00,8262.0,8316.683
2021-06-24 10:00:00,8224.0,8284.717
2021-06-24 11:00:00,8097.0,8227.625
2021-06-24 12:00:00,8043.0,8145.353
2021-06-24 13:00:00,7998.0,8092.5376
2021-06-24 14:00:00,7971.0,8059.24
2021-06-24 15:00:00,7844.0,8012.439
2021-06-24 16:00:00,7778.0,7880.469
2021-06-24 17:00:00,7958.0,7774.737
2021-06-24 18:00:00,8116.0,7800.528
2021-06-24 19:00:00,8136.0,8043.22
2021-06-24 20:00:00,7994.0,7877.64
2021-06-24 21:00:00,7645.0,7538.379
2021-06-24 22:00:00,7293.0,7501.2324
2021-06-24 23:00:00,7863.0,7476.783
2021-06-25 00:00:00,7863.0,7828.8345
2021-06-25 01:00:00,7863.0,7834.6133
2021-06-25 02:00:00,7863.0,7801.2065
2021-06-25 03:00:00,7080.0,7759.24
2021-06-25 04:00:00,7291.0,7579.524
2021-06-25 05:00:00,7553.0,7667.445
2021-06-25 06:00:00,7728.0,7710.219
2021-06-25 07:00:00,7882.0,7821.877
2021-06-25 08:00:00,7957.0,8007.7134
2021-06-25 09:00:00,7934.0,8036.5986
2021-06-25 10:00:00,7968.0,7945.1045
2021-06-25 11:00:00,8023.0,7960.387
2021-06-25 12:00:00,8047.0,7954.836
2021-06-25 13:00:00,8071.0,7988.3916
2021-06-25 14:00:00,8046.0,7979.0093
2021-06-25 15:00:00,8021.0,7926.2695
2021-06-25 16:00:00,7920.0,7904.232
2021-06-25 17:00:00,7775.0,7807.5615
2021-06-25 18:00:00,7594.0,7697.9023
2021-06-25 19:00:00,7721.0,7749.5303
2021-06-25 20:00:00,7723.0,7695.8115
2021-06-25 21:00:00,7441.0,7420.4033
2021-06-25 22:00:00,7138.0,7132.584
2021-06-25 23:00:00,6915.0,7271.8965
2021-06-26 00:00:00,7654.0,7165.975
2021-06-26 01:00:00,7654.0,7491.06
2021-06-26 02:00:00,7654.0,7425.376
2021-06-26 03:00:00,7654.0,7350.108
2021-06-26 04:00:00,6900.0,7355.4907
2021-06-26 05:00:00,7096.0,7082.939
2021-06-26 06:00:00,7376.0,7351.213
2021-06-26 07:00:00,7568.0,7472.3457
2021-06-26 08:00:00,7714.0,7553.5405
2021-06-26 09:00:00,7807.0,7602.6045
2021-06-26 10:00:00,7794.0,7649.6567
2021-06-26 11:00:00,7787.0,7679.6646
2021-06-26 12:00:00,7840.0,7715.9434
2021-06-26 13:00:00,7893.0,7759.7974
2021-06-26 14:00:00,7910.0,7866.2783
2021-06-26 15:00:00,7924.0,7866.648
2021-06-26 16:00:00,7915.0,7830.2046
2021-06-26 17:00:00,7763.0,7681.773
2021-06-26 18:00:00,7595.0,7549.3237
2021-06-26 19:00:00,7688.0,7691.4863
2021-06-26 20:00:00,7568.0,7623.998
2021-06-26 21:00:00,7359.0,7221.8394
2021-06-26 22:00:00,7055.0,7018.9443
2021-06-26 23:00:00,6878.0,6977.6025
2021-06-27 00:00:00,6717.0,6857.2627
2021-06-27 01:00:00,7576.5,6795.239
2021-06-27 02:00:00,7556.0,7362.498
2021-06-27 03:00:00,7556.0,7264.2354
2021-06-27 04:00:00,6877.0,7108.3423
2021-06-27 05:00:00,7089.0,6894.0303
2021-06-27 06:00:00,7339.0,7158.987
2021-06-27 07:00:00,7585.0,7403.1216
2021-06-27 08:00:00,7677.0,7602.3164
2021-06-27 09:00:00,7781.0,7607.04
2021-06-27 10:00:00,7742.0,7631.908
2021-06-27 11:00:00,7819.0,7589.5205
2021-06-27 12:00:00,7544.0,7668.531
2021-06-27 13:00:00,7537.0,7585.062
2021-06-27 14:00:00,7585.0,7618.497
2021-06-27 15:00:00,7566.0,7701.5723
2021-06-27 16:00:00,7616.0,7676.4526
2021-06-27 17:00:00,7606.0,7685.205
2021-06-27 18:00:00,7474.0,7481.0957
2021-06-27 19:00:00,7602.0,7632.0903
2021-06-27 20:00:00,7488.0,7562.6816
2021-06-27 21:00:00,7154.0,7193.9775
2021-06-27 22:00:00,7575.5,7029.323
2021-06-27 23:00:00,7575.5,7333.3125
2021-06-28 00:00:00,7575.5,7537.3823
2021-06-28 01:00:00,7593.5,7603.336
2021-06-28 02:00:00,7604.0,7419.986
2021-06-28 03:00:00,7380.0,7569.1685
2021-06-28 04:00:00,7798.0,7816.113
2021-06-28 05:00:00,8187.0,7994.744
2021-06-28 06:00:00,8391.0,8217.061
2021-06-28 07:00:00,8496.0,8341.928
2021-06-28 08:00:00,8571.0,8440.285
2021-06-28 09:00:00,8561.0,8562.443
2021-06-28 10:00:00,8570.0,8493.508
2021-06-28 11:00:00,8536.0,8479.483
2021-06-28 12:00:00,8495.0,8442.265
2021-06-28 13:00:00,8457.0,8394.065
2021-06-28 14:00:00,8391.0,8358.528
2021-06-28 15:00:00,8304.0,8313.969
2021-06-28 16:00:00,8329.0,8271.951
2021-06-28 17:00:00,8266.0,8226.266
2021-06-28 18:00:00,7890.0,7971.257
2021-06-28 19:00:00,7878.0,7890.9517
2021-06-28 20:00:00,7759.0,7825.0674
2021-06-28 21:00:00,7469.0,7655.025
2021-06-28 22:00:00,8236.0,7901.445
2021-06-28 23:00:00,8236.0,8186.704
2021-06-29 00:00:00,8236.0,8183.0933
2021-06-29 01:00:00,8236.0,8183.616
2021-06-29 02:00:00,8236.0,8136.4067
2021-06-29 03:00:00,7485.0,7721.872
2021-06-29 04:00:00,7950.0,8004.0107
2021-06-29 05:00:00,8206.0,8204.226
2021-06-29 06:00:00,8356.0,8340.618
2021-06-29 07:00:00,8422.0,8356.806
2021-06-29 08:00:00,8580.0,8490.354
2021-06-29 09:00:00,8661.0,8584.009
2021-06-29 10:00:00,8686.0,8556.478
2021-06-29 11:00:00,8632.0,8592.505
2021-06-29 12:00:00,8592.0,8552.114
2021-06-29 13:00:00,8528.0,8545.169
2021-06-29 14:00:00,8610.0,8450.348
2021-06-29 15:00:00,8540.0,8530.496
2021-06-29 16:00:00,8524.0,8508.748
2021-06-29 17:00:00,8327.0,8437.717
2021-06-29 18:00:00,8099.0,7984.8823
2021-06-29 19:00:00,8104.0,8036.2744
2021-06-29 20:00:00,7903.0,7875.9014
2021-06-29 21:00:00,7503.0,7696.5845
2021-06-29 22:00:00,8319.5,8286.788
2021-06-29 23:00:00,8319.5,8284.536
2021-06-30 00:00:00,8319.5,8266.001
2021-06-30 01:00:00,8319.5,8262.729
2021-06-30 02:00:00,8319.5,8192.008
2021-06-30 03:00:00,7535.0,7851.439
2021-06-30 04:00:00,8050.0,8150.2793
2021-06-30 05:00:00,8312.0,8285.121
2021-06-30 06:00:00,8579.0,8430.578
2021-06-30 07:00:00,8606.0,8658.058
2021-06-30 08:00:00,8560.0,8684.948
2021-06-30 09:00:00,8546.0,8635.409
2021-06-30 10:00:00,8460.0,8534.733
2021-06-30 11:00:00,8557.0,8482.042
2021-06-30 12:00:00,8796.0,8534.46
2021-06-30 13:00:00,8642.0,8723.793
2021-06-30 14:00:00,8623.0,8594.434
2021-06-30 15:00:00,8535.0,8568.605
2021-06-30 16:00:00,8515.0,8507.95
2021-06-30 17:00:00,8402.0,8402.247
2021-06-30 18:00:00,8169.0,8123.2314
2021-06-30 19:00:00,8210.0,8153.9126
2021-06-30 20:00:00,7959.0,7986.7305
2021-06-30 21:00:00,7514.0,7778.7456
2021-06-30 22:00:00,8286.5,8134.1177
2021-06-30 23:00:00,8286.5,8318.548
2021-07-01 00:00:00,8286.5,8225.619
2021-07-01 01:00:00,8286.5,8265.679
2021-07-01 02:00:00,8286.5,8211.091
2021-07-01 03:00:00,7512.0,7889.7446
2021-07-01 04:00:00,7992.0,8025.623
2021-07-01 05:00:00,8175.0,8246.756
2021-07-01 06:00:00,8363.0,8333.362
2021-07-01 07:00:00,8482.0,8423.935
2021-07-01 08:00:00,8650.0,8546.52
2021-07-01 09:00:00,8701.0,8638.817
2021-07-01 10:00:00,8640.0,8630.595
2021-07-01 11:00:00,8627.0,8542.069
2021-07-01 12:00:00,8613.0,8606.787
2021-07-01 13:00:00,8613.0,8584.192
2021-07-01 14:00:00,8647.0,8579.487
2021-07-01 15:00:00,8527.0,8568.703
2021-07-01 16:00:00,8521.0,8466.11
2021-07-01 17:00:00,8488.0,8424.206
2021-07-01 18:00:00,8270.0,8197.84
2021-07-01 19:00:00,8298.0,8251.363
2021-07-01 20:00:00,8084.0,8067.1284
2021-07-01 21:00:00,7744.0,7763.333
2021-07-01 22:00:00,7416.0,8074.004
2021-07-01 23:00:00,7277.0,7847.727
2021-07-02 00:00:00,7150.0,7683.547
2021-07-02 01:00:00,7114.0,7854.261
2021-07-02 02:00:00,7295.0,7625.704
2021-07-02 03:00:00,7862.0,7405.768
2021-07-02 04:00:00,8270.0,7944.6807
2021-07-02 05:00:00,8571.0,8186.5674
2021-07-02 06:00:00,8847.0,8586.674
2021-07-02 07:00:00,8918.0,8785.858
2021-07-02 08:00:00,8996.0,8902.183
2021-07-02 09:00:00,8989.0,8943.845
2021-07-02 10:00:00,8900.0,8863.686
2021-07-02 11:00:00,8870.0,8778.516
2021-07-02 12:00:00,8796.0,8750.714
2021-07-02 13:00:00,8676.0,8685.183
2021-07-02 14:00:00,8579.0,8587.231
2021-07-02 15:00:00,8489.0,8516.818
2021-07-02 16:00:00,8442.0,8424.622
2021-07-02 17:00:00,8301.0,8326.686
2021-07-02 18:00:00,8041.0,8002.657
2021-07-02 19:00:00,8098.0,8084.0728
2021-07-02 20:00:00,7995.0,7936.173
2021-07-02 21:00:00,7621.0,7461.981
2021-07-02 22:00:00,7242.0,7227.9053
2021-07-02 23:00:00,8069.5,7439.4717
2021-07-03 00:00:00,8069.5,7933.428
2021-07-03 01:00:00,8069.5,7911.7246
2021-07-03 02:00:00,8069.5,7911.0093
2021-07-03 03:00:00,8069.5,7908.289
2021-07-03 04:00:00,8069.5,7779.144
2021-07-03 05:00:00,7669.0,7697.599
2021-07-03 06:00:00,7930.0,7731.238
2021-07-03 07:00:00,8153.0,7944.886
2021-07-03 08:00:00,8198.0,8147.7983
2021-07-03 09:00:00,8207.0,8103.67
2021-07-03 10:00:00,8245.0,8125.7095
2021-07-03 11:00:00,8204.0,8160.5557
2021-07-03 12:00:00,8203.0,8184.214
2021-07-03 13:00:00,8224.0,8205.236
2021-07-03 14:00:00,8251.0,8243.934
2021-07-03 15:00:00,8247.0,8276.488
2021-07-03 16:00:00,8246.0,8237.885
2021-07-03 17:00:00,8189.0,8099.527
2021-07-03 18:00:00,8012.0,7894.896
2021-07-03 19:00:00,8068.0,8069.7173
2021-07-03 20:00:00,7967.0,7922.071
2021-07-03 21:00:00,7616.0,7541.327
2021-07-03 22:00:00,7989.5,7329.4014
2021-07-03 23:00:00,7989.5,7765.497
2021-07-04 00:00:00,7989.5,7826.0454
2021-07-04 01:00:00,7989.5,7852.2905
2021-07-04 02:00:00,7989.5,7868.7393
2021-07-04 03:00:00,7989.5,7815.6255
2021-07-04 04:00:00,7989.5,7801.5703
2021-07-04 05:00:00,7989.5,7549.613
2021-07-04 06:00:00,7693.0,7711.305
2021-07-04 07:00:00,7937.0,7778.465
2021-07-04 08:00:00,8112.0,7921.2417
2021-07-04 09:00:00,8170.0,8023.664
2021-07-04 10:00:00,8144.0,8032.482
2021-07-04 11:00:00,8095.0,8028.8525
2021-07-04 12:00:00,8160.0,7972.1353
2021-07-04 13:00:00,8190.0,8058.1387
2021-07-04 14:00:00,8171.0,8109.77
2021-07-04 15:00:00,8154.0,8108.3394
2021-07-04 16:00:00,8201.0,8125.98
2021-07-04 17:00:00,8140.0,8082.4067
2021-07-04 18:00:00,7973.0,7982.991
2021-07-04 19:00:00,8115.0,8078.1523
2021-07-04 20:00:00,8025.0,8025.388
2021-07-04 21:00:00,7697.0,7616.122
2021-07-04 22:00:00,8142.0,7794.69
2021-07-04 23:00:00,8147.0,8009.8315
2021-07-05 00:00:00,8157.0,7973.28
2021-07-05 01:00:00,8162.5,7948.107
2021-07-05 02:00:00,7253.0,7836.198
2021-07-05 03:00:00,7818.0,7766.5063
2021-07-05 04:00:00,8303.0,8147.1353
2021-07-05 05:00:00,8684.0,8536.747
2021-07-05 06:00:00,8873.0,8819.664
2021-07-05 07:00:00,8998.0,8932.071
2021-07-05 08:00:00,9037.0,9016.487
2021-07-05 09:00:00,9204.0,9027.237
2021-07-05 10:00:00,9207.0,9095.458
2021-07-05 11:00:00,9164.0,9085.109
2021-07-05 12:00:00,9094.0,9057.314
2021-07-05 13:00:00,9003.0,9002.033
2021-07-05 14:00:00,8931.0,8926.806
2021-07-05 15:00:00,8802.0,8876.183
2021-07-05 16:00:00,8811.0,8806.742
2021-07-05 17:00:00,8680.0,8722.599
2021-07-05 18:00:00,8476.0,8327.934
2021-07-05 19:00:00,8451.0,8343.159
2021-07-05 20:00:00,8219.0,8238.141
2021-07-05 21:00:00,7752.0,7910.482
2021-07-05 22:00:00,7466.0,8360.714
2021-07-05 23:00:00,8634.0,8556.667
2021-07-06 00:00:00,8634.0,8559.51
2021-07-06 01:00:00,8634.0,8562.418
2021-07-06 02:00:00,8634.0,8514.007
2021-07-06 03:00:00,7863.0,8147.727
2021-07-06 04:00:00,8311.0,8421.546
2021-07-06 05:00:00,8588.0,8560.455
2021-07-06 06:00:00,8826.0,8823.515
2021-07-06 07:00:00,8962.0,8873.935
2021-07-06 08:00:00,9043.0,8997.165
2021-07-06 09:00:00,9057.0,9054.665
2021-07-06 10:00:00,8957.0,9017.571
2021-07-06 11:00:00,8936.0,8914.769
2021-07-06 12:00:00,8925.0,8898.129
2021-07-06 13:00:00,8804.0,8894.009
2021-07-06 14:00:00,8841.0,8818.684
2021-07-06 15:00:00,8703.0,8807.333
2021-07-06 16:00:00,8730.0,8779.02
2021-07-06 17:00:00,8665.0,8679.005
2021-07-06 18:00:00,8358.0,8333.298
2021-07-06 19:00:00,8451.0,8371.919
2021-07-06 20:00:00,8272.0,8175.2734
2021-07-06 21:00:00,7830.0,7978.239
2021-07-06 22:00:00,8594.0,8325.124
2021-07-06 23:00:00,8594.0,8600.331
2021-07-07 00:00:00,8594.0,8625.817
2021-07-07 01:00:00,8594.0,8623.538
2021-07-07 02:00:00,8594.0,8605.607
2021-07-07 03:00:00,7785.0,8082.4478
2021-07-07 04:00:00,8219.0,8282.065
2021-07-07 05:00:00,8523.0,8489.545
2021-07-07 06:00:00,8758.0,8662.773
2021-07-07 07:00:00,8864.0,8799.259
2021-07-07 08:00:00,8935.0,8876.076
2021-07-07 09:00:00,8950.0,8948.622
2021-07-07 10:00:00,8889.0,8883.435
2021-07-07 11:00:00,8816.0,8827.659
2021-07-07 12:00:00,8839.0,8824.946
2021-07-07 13:00:00,8856.0,8802.554
2021-07-07 14:00:00,8910.0,8834.9
2021-07-07 15:00:00,8820.0,8840.013
2021-07-07 16:00:00,8717.0,8831.38
2021-07-07 17:00:00,8672.0,8666.238
2021-07-07 18:00:00,8418.0,8270.327
2021-07-07 19:00:00,8512.0,8366.58
2021-07-07 20:00:00,8360.0,8243.954
2021-07-07 21:00:00,7955.0,8088.5405
2021-07-07 22:00:00,8684.0,8484.0205
2021-07-07 23:00:00,8684.0,8662.16
2021-07-08 00:00:00,8684.0,8635.658
2021-07-08 01:00:00,8684.0,8628.879
2021-07-08 02:00:00,8684.0,8613.002
2021-07-08 03:00:00,7934.0,8282.925
2021-07-08 04:00:00,8437.0,8445.853
2021-07-08 05:00:00,8696.0,8611.963
2021-07-08 06:00:00,8865.0,8827.327
2021-07-08 07:00:00,8968.0,8940.926
2021-07-08 08:00:00,9084.0,9048.765
2021-07-08 09:00:00,9198.0,9107.254
2021-07-08 10:00:00,9104.0,9104.938
2021-07-08 11:00:00,9081.0,9036.627
2021-07-08 12:00:00,9019.0,9033.113
2021-07-08 13:00:00,8937.0,8945.767
2021-07-08 14:00:00,8873.0,8918.441
2021-07-08 15:00:00,8700.0,8871.713
2021-07-08 16:00:00,8762.0,8778.946
2021-07-08 17:00:00,8648.0,8757.131
2021-07-08 18:00:00,8363.0,8395.207
2021-07-08 19:00:00,8362.0,8500.798
2021-07-08 20:00:00,8145.0,8332.027
2021-07-08 21:00:00,7741.0,7984.3105
2021-07-08 22:00:00,7357.0,8268.928
2021-07-08 23:00:00,8495.0,8086.2705
2021-07-09 00:00:00,8495.0,8449.92
2021-07-09 01:00:00,8495.0,8439.138
2021-07-09 02:00:00,8495.0,8247.241
2021-07-09 03:00:00,7696.0,8060.4243
2021-07-09 04:00:00,8069.0,8218.221
2021-07-09 05:00:00,8354.0,8394.786
2021-07-09 06:00:00,8627.0,8485.733
2021-07-09 07:00:00,8738.0,8742.917
2021-07-09 08:00:00,8858.0,8815.055
2021-07-09 09:00:00,8950.0,8878.541
2021-07-09 10:00:00,8888.0,8846.243
2021-07-09 11:00:00,8826.0,8806.69
2021-07-09 12:00:00,8791.0,8780.788
2021-07-09 13:00:00,8762.0,8763.081
2021-07-09 14:00:00,8733.0,8762.636
2021-07-09 15:00:00,8618.0,8684.3
2021-07-09 16:00:00,8620.0,8649.897
2021-07-09 17:00:00,8446.0,8551.009
2021-07-09 18:00:00,8159.0,8167.589
2021-07-09 19:00:00,8198.0,8231.861
2021-07-09 20:00:00,8010.0,8049.439
2021-07-09 21:00:00,7604.0,7620.244
2021-07-09 22:00:00,7278.0,7610.8457
2021-07-09 23:00:00,7132.0,7679.7876
2021-07-10 00:00:00,8147.5,7505.282
2021-07-10 01:00:00,8147.5,8077.6597
2021-07-10 02:00:00,8147.5,8051.064
2021-07-10 03:00:00,7135.0,7968.412
2021-07-10 04:00:00,7347.0,7642.7593
2021-07-10 05:00:00,7657.0,7450.877
2021-07-10 06:00:00,7922.0,7816.795
2021-07-10 07:00:00,8136.0,8019.929
2021-07-10 08:00:00,8279.0,8172.0527
2021-07-10 09:00:00,8392.0,8241.307
2021-07-10 10:00:00,8363.0,8323.605
2021-07-10 11:00:00,8368.0,8262.806
2021-07-10 12:00:00,8367.0,8314.069
2021-07-10 13:00:00,8419.0,8365.633
2021-07-10 14:00:00,8473.0,8442.976
2021-07-10 15:00:00,8380.0,8477.102
2021-07-10 16:00:00,8288.0,8380.055
2021-07-10 17:00:00,8215.0,8175.598
2021-07-10 18:00:00,7965.0,7950.764
2021-07-10 19:00:00,8024.0,8044.859
2021-07-10 20:00:00,7966.0,7921.669
2021-07-10 21:00:00,7683.0,7483.6455
2021-07-10 22:00:00,7378.0,7484.4326
2021-07-10 23:00:00,7171.0,7561.0977
2021-07-11 00:00:00,7041.0,7225.9155
2021-07-11 01:00:00,7965.5,7407.964
2021-07-11 02:00:00,7965.5,7892.3125
2021-07-11 03:00:00,7965.5,7773.021
2021-07-11 04:00:00,7965.5,7766.132
2021-07-11 05:00:00,7490.0,7750.0874
2021-07-11 06:00:00,7767.0,7632.086
2021-07-11 07:00:00,7930.0,7908.217
2021-07-11 08:00:00,8108.0,8006.731
2021-07-11 09:00:00,8136.0,8154.9424
2021-07-11 10:00:00,8116.0,8112.6323
2021-07-11 11:00:00,8086.0,8072.3755
2021-07-11 12:00:00,8141.0,8078.323
2021-07-11 13:00:00,8174.0,8162.8516
2021-07-11 14:00:00,8134.0,8238.029
2021-07-11 15:00:00,8069.0,8212.799
2021-07-11 16:00:00,8071.0,8150.639
2021-07-11 17:00:00,8068.0,8070.641
2021-07-11 18:00:00,7875.0,7865.8247
2021-07-11 19:00:00,7961.0,7988.8447
2021-07-11 20:00:00,7883.0,7935.19
2021-07-11 21:00:00,7531.0,7485.488
2021-07-11 22:00:00,8068.5,7505.6055
2021-07-11 23:00:00,8068.5,7938.2417
2021-07-12 00:00:00,8068.5,8150.7217
2021-07-12 01:00:00,8068.5,8029.629
2021-07-12 02:00:00,6978.0,7699.635
2021-07-12 03:00:00,7522.0,7794.2373
2021-07-12 04:00:00,7912.0,8150.135
2021-07-12 05:00:00,8148.0,8340.287
2021-07-12 06:00:00,8417.0,8442.403
2021-07-12 07:00:00,8590.0,8530.106
2021-07-12 08:00:00,8701.0,8713.173
2021-07-12 09:00:00,8815.0,8768.949
2021-07-12 10:00:00,8814.0,8766.525
2021-07-12 11:00:00,8777.0,8764.914
2021-07-12 12:00:00,8789.0,8703.134
2021-07-12 13:00:00,8718.0,8712.646
2021-07-12 14:00:00,8671.0,8668.54
2021-07-12 15:00:00,8575.0,8585.391
2021-07-12 16:00:00,8498.0,8582.52
2021-07-12 17:00:00,8468.0,8455.619
2021-07-12 18:00:00,8217.0,8248.281
2021-07-12 19:00:00,8230.0,8240.15
2021-07-12 20:00:00,8045.0,8051.8125
2021-07-12 21:00:00,7637.0,7791.095
2021-07-12 22:00:00,7351.0,8320.485
2021-07-12 23:00:00,8343.5,8411.032
2021-07-13 00:00:00,8343.5,8345.794
2021-07-13 01:00:00,8343.5,8340.624
2021-07-13 02:00:00,8343.5,8310.095
2021-07-13 03:00:00,7424.0,7909.948
2021-07-13 04:00:00,7890.0,8121.6157
2021-07-13 05:00:00,8255.0,8180.1704
2021-07-13 06:00:00,8432.0,8374.744
2021-07-13 07:00:00,8602.0,8520.447
2021-07-13 08:00:00,8708.0,8675.588
2021-07-13 09:00:00,8730.0,8711.182
2021-07-13 10:00:00,8720.0,8653.667
2021-07-13 11:00:00,8690.0,8642.51
2021-07-13 12:00:00,8637.0,8630.936
2021-07-13 13:00:00,8604.0,8579.432
2021-07-13 14:00:00,8576.0,8558.569
2021-07-13 15:00:00,8487.0,8524.671
2021-07-13 16:00:00,8502.0,8497.407
2021-07-13 17:00:00,8413.0,8458.115
2021-07-13 18:00:00,8134.0,8136.014
2021-07-13 19:00:00,8201.0,8152.2354
2021-07-13 20:00:00,8019.0,7987.095
2021-07-13 21:00:00,7656.0,7601.3955
2021-07-13 22:00:00,7356.0,7994.116
2021-07-13 23:00:00,8308.0,8212.411
2021-07-14 00:00:00,8308.0,8320.295
2021-07-14 01:00:00,8308.0,8317.089
2021-07-14 02:00:00,8308.0,8298.816
2021-07-14 03:00:00,7502.0,7929.029
2021-07-14 04:00:00,7904.0,8039.693
2021-07-14 05:00:00,8203.0,8195.583
2021-07-14 06:00:00,8430.0,8368.803
2021-07-14 07:00:00,8508.0,8485.557
2021-07-14 08:00:00,8688.0,8605.886
2021-07-14 09:00:00,8762.0,8712.57
2021-07-14 10:00:00,8773.0,8716.286
2021-07-14 11:00:00,8778.0,8693.709
2021-07-14 12:00:00,8753.0,8703.348
2021-07-14 13:00:00,8645.0,8697.17
2021-07-14 14:00:00,8655.0,8601.402
2021-07-14 15:00:00,8600.0,8582.057
2021-07-14 16:00:00,8593.0,8605.849
2021-07-14 17:00:00,8452.0,8548.794
2021-07-14 18:00:00,8220.0,8182.2104
2021-07-14 19:00:00,8260.0,8230.902
2021-07-14 20:00:00,8162.0,8058.5723
2021-07-14 21:00:00,7701.0,7798.7915
2021-07-14 22:00:00,7319.0,7910.6855
2021-07-14 23:00:00,8400.0,8032.665
2021-07-15 00:00:00,8400.0,8419.005
2021-07-15 01:00:00,8400.0,8420.806
2021-07-15 02:00:00,8400.0,8369.686
2021-07-15 03:00:00,7527.0,7839.72
2021-07-15 04:00:00,8008.0,8050.581
2021-07-15 05:00:00,8348.0,8290.631
2021-07-15 06:00:00,8636.0,8441.014
2021-07-15 07:00:00,8785.0,8697.697
2021-07-15 08:00:00,8915.0,8810.22
2021-07-15 09:00:00,8913.0,8907.515
2021-07-15 10:00:00,8876.0,8843.45
2021-07-15 11:00:00,8801.0,8811.899
2021-07-15 12:00:00,8791.0,8751.237
2021-07-15 13:00:00,8767.0,8733.541
2021-07-15 14:00:00,8665.0,8726.712
2021-07-15 15:00:00,8609.0,8614.643
2021-07-15 16:00:00,8587.0,8622.642
2021-07-15 17:00:00,8493.0,8564.705
2021-07-15 18:00:00,8247.0,8244.889
2021-07-15 19:00:00,8263.0,8305.742
2021-07-15 20:00:00,8147.0,8121.23
2021-07-15 21:00:00,7678.0,7757.282
2021-07-15 22:00:00,7396.0,7966.7935
2021-07-15 23:00:00,8425.0,8172.6494
2021-07-16 00:00:00,8425.0,8404.533
2021-07-16 01:00:00,8425.0,8403.457
2021-07-16 02:00:00,8425.0,8332.802
2021-07-16 03:00:00,7654.0,7818.0337
2021-07-16 04:00:00,8123.0,8018.077
2021-07-16 05:00:00,8357.0,8373.8955
2021-07-16 06:00:00,8612.0,8465.599
2021-07-16 07:00:00,8670.0,8669.259
2021-07-16 08:00:00,8817.0,8706.429
2021-07-16 09:00:00,8796.0,8827.718
2021-07-16 10:00:00,8627.0,8750.981
2021-07-16 11:00:00,8604.0,8586.47
2021-07-16 12:00:00,8631.0,8565.692
2021-07-16 13:00:00,8568.0,8590.571
2021-07-16 14:00:00,8540.0,8559.581
2021-07-16 15:00:00,8475.0,8513.029
2021-07-16 16:00:00,8402.0,8530.873
2021-07-16 17:00:00,8249.0,8363.398
2021-07-16 18:00:00,7940.0,8047.44
2021-07-16 19:00:00,8028.0,8058.475
2021-07-16 20:00:00,7888.0,7978.906
2021-07-16 21:00:00,7488.0,7391.252
2021-07-16 22:00:00,7120.0,7378.441
2021-07-16 23:00:00,7865.0,7667.8643
2021-07-17 00:00:00,7865.0,7888.488
2021-07-17 01:00:00,7842.0,7891.628
2021-07-17 02:00:00,7842.0,7806.1636
2021-07-17 03:00:00,7842.0,7615.3345
2021-07-17 04:00:00,7150.0,7534.8823
2021-07-17 05:00:00,7358.0,7404.8823
2021-07-17 06:00:00,7583.0,7606.194
2021-07-17 07:00:00,7719.0,7763.613
2021-07-17 08:00:00,7842.0,7859.413
2021-07-17 09:00:00,7894.0,7884.2188
2021-07-17 10:00:00,7922.0,7917.9077
2021-07-17 11:00:00,7900.0,7900.7437
2021-07-17 12:00:00,7842.0,7936.126
2021-07-17 13:00:00,7938.0,7904.1646
2021-07-17 14:00:00,7980.0,8023.7153
2021-07-17 15:00:00,7969.0,8063.273
2021-07-17 16:00:00,7978.0,8061.035
2021-07-17 17:00:00,7854.0,7978.7134
2021-07-17 18:00:00,7649.0,7724.566
2021-07-17 19:00:00,7771.0,7824.5786
2021-07-17 20:00:00,7668.0,7775.2363
2021-07-17 21:00:00,7269.0,7387.467
2021-07-17 22:00:00,6917.0,7217.734
2021-07-17 23:00:00,7658.5,7097.863
2021-07-18 00:00:00,7658.5,7465.851
2021-07-18 01:00:00,7658.5,7605.4756
2021-07-18 02:00:00,7658.5,7625.029
2021-07-18 03:00:00,7658.5,7607.7695
2021-07-18 04:00:00,7658.5,7564.6523
2021-07-18 05:00:00,7658.5,7415.7803
2021-07-18 06:00:00,7393.0,7577.6973
2021-07-18 07:00:00,7629.0,7599.701
2021-07-18 08:00:00,7747.0,7749.864
2021-07-18 09:00:00,7711.0,7800.342
2021-07-18 10:00:00,7698.0,7736.281
2021-07-18 11:00:00,7685.0,7730.994
2021-07-18 12:00:00,7685.0,7641.1533
2021-07-18 13:00:00,7695.0,7719.7456
2021-07-18 14:00:00,7793.0,7797.7627
2021-07-18 15:00:00,7775.0,7874.3755
2021-07-18 16:00:00,7818.0,7889.582
2021-07-18 17:00:00,7792.0,7811.438
2021-07-18 18:00:00,7653.0,7653.7554
2021-07-18 19:00:00,7727.0,7865.486
2021-07-18 20:00:00,7625.0,7759.309
2021-07-18 21:00:00,7696.0,7361.8047
2021-07-18 22:00:00,7696.0,7505.5244
2021-07-18 23:00:00,7696.0,7731.1006
2021-07-19 00:00:00,7712.0,7696.7134
2021-07-19 01:00:00,7751.0,7708.2275
2021-07-19 02:00:00,7783.5,7379.1553
2021-07-19 03:00:00,7336.0,7272.7773
2021-07-19 04:00:00,7697.0,7731.8027
2021-07-19 05:00:00,7972.0,8035.3726
2021-07-19 06:00:00,8135.0,8177.1523
2021-07-19 07:00:00,8230.0,8312.374
2021-07-19 08:00:00,8364.0,8406.136
2021-07-19 09:00:00,8405.0,8433.073
2021-07-19 10:00:00,8411.0,8416.104
2021-07-19 11:00:00,8415.0,8411.062
2021-07-19 12:00:00,8346.0,8411.524
2021-07-19 13:00:00,8295.0,8325.1045
2021-07-19 14:00:00,8294.0,8314.472
2021-07-19 15:00:00,8274.0,8283.129
2021-07-19 16:00:00,8270.0,8288.737
2021-07-19 17:00:00,8212.0,8204.485
2021-07-19 18:00:00,7929.0,7965.3574
2021-07-19 19:00:00,7914.0,7961.78
2021-07-19 20:00:00,7776.0,7783.627
2021-07-19 21:00:00,7379.0,7637.992
2021-07-19 22:00:00,8125.0,7698.296
2021-07-19 23:00:00,8125.0,8141.061
2021-07-20 00:00:00,8125.0,8070.6997
2021-07-20 01:00:00,8125.0,8074.9463
2021-07-20 02:00:00,8125.0,8063.4146
2021-07-20 03:00:00,7415.0,7600.0605
2021-07-20 04:00:00,7845.0,7957.446
2021-07-20 05:00:00,8038.0,8042.8574
2021-07-20 06:00:00,8252.0,8177.935
2021-07-20 07:00:00,8403.0,8282.109
2021-07-20 08:00:00,8462.0,8409.404
2021-07-20 09:00:00,8444.0,8454.018
2021-07-20 10:00:00,8416.0,8385.854
2021-07-20 11:00:00,8326.0,8337.339
2021-07-20 12:00:00,8278.0,8272.773
2021-07-20 13:00:00,8254.0,8232.365
2021-07-20 14:00:00,8267.0,8237.345
2021-07-20 15:00:00,8207.0,8217.803
2021-07-20 16:00:00,8253.0,8216.983
2021-07-20 17:00:00,8220.0,8169.727
2021-07-20 18:00:00,7942.0,7915.8584
2021-07-20 19:00:00,7981.0,7916.303
2021-07-20 20:00:00,7858.0,7851.324
2021-07-20 21:00:00,7482.0,7631.04
2021-07-20 22:00:00,8061.5,8011.1655
2021-07-20 23:00:00,8061.5,8080.5254
2021-07-21 00:00:00,8061.5,8076.8193
2021-07-21 01:00:00,8061.5,8076.119
2021-07-21 02:00:00,8061.5,8036.2266
2021-07-21 03:00:00,8061.5,7482.2373
2021-07-21 04:00:00,7773.0,7881.0386
2021-07-21 05:00:00,8003.0,8003.537
2021-07-21 06:00:00,8120.0,8184.32
2021-07-21 07:00:00,8293.0,8245.094
2021-07-21 08:00:00,8382.0,8351.492
2021-07-21 09:00:00,8318.0,8418.297
2021-07-21 10:00:00,8260.0,8298.117
2021-07-21 11:00:00,8294.0,8221.188
2021-07-21 12:00:00,8292.0,8233.576
2021-07-21 13:00:00,8371.0,8242.668
2021-07-21 14:00:00,8366.0,8320.397
2021-07-21 15:00:00,8391.0,8286.418
2021-07-21 16:00:00,8511.0,8384.746
2021-07-21 17:00:00,8453.0,8348.562
2021-07-21 18:00:00,8161.0,8103.654
2021-07-21 19:00:00,8187.0,8066.2715
2021-07-21 20:00:00,7991.0,7893.4697
2021-07-21 21:00:00,8216.5,7695.709
2021-07-21 22:00:00,8216.5,8185.1206
2021-07-21 23:00:00,8216.5,8130.0654
2021-07-22 00:00:00,8216.5,8128.5576
2021-07-22 01:00:00,8216.5,8123.3125
2021-07-22 02:00:00,8216.5,8125.9536
2021-07-22 03:00:00,7504.0,7905.0083
2021-07-22 04:00:00,7865.0,7970.603
2021-07-22 05:00:00,8043.0,8157.8306
2021-07-22 06:00:00,8246.0,8222.649
2021-07-22 07:00:00,8405.0,8346.962
2021-07-22 08:00:00,8508.0,8457.463
2021-07-22 09:00:00,8487.0,8477.764
2021-07-22 10:00:00,8410.0,8406.089
2021-07-22 11:00:00,8411.0,8343.382
2021-07-22 12:00:00,8434.0,8361.918
2021-07-22 13:00:00,8449.0,8393.054
2021-07-22 14:00:00,8359.0,8435.146
2021-07-22 15:00:00,8282.0,8330.932
2021-07-22 16:00:00,8287.0,8337.148
2021-07-22 17:00:00,8257.0,8295.482
2021-07-22 18:00:00,7999.0,8053.992
2021-07-22 19:00:00,8063.0,8103.041
2021-07-22 20:00:00,7984.0,7982.9004
2021-07-22 21:00:00,7539.0,7939.5796
2021-07-22 22:00:00,8087.0,8024.598
2021-07-22 23:00:00,8087.0,8126.44
2021-07-23 00:00:00,8087.0,8141.7153
2021-07-23 01:00:00,8087.0,8136.599
2021-07-23 02:00:00,8087.0,8117.533
2021-07-23 03:00:00,7423.0,7635.1514
2021-07-23 04:00:00,7738.0,7811.349
2021-07-23 05:00:00,7958.0,8052.7026
2021-07-23 06:00:00,8111.0,8248.176
2021-07-23 07:00:00,8324.0,8296.107
2021-07-23 08:00:00,8373.0,8395.231
2021-07-23 09:00:00,8422.0,8390.747
2021-07-23 10:00:00,8348.0,8394.477
2021-07-23 11:00:00,8294.0,8297.688
2021-07-23 12:00:00,8270.0,8269.532
2021-07-23 13:00:00,8293.0,8265.683
2021-07-23 14:00:00,8185.0,8282.396
2021-07-23 15:00:00,8127.0,8194.897
2021-07-23 16:00:00,8151.0,8200.79
2021-07-23 17:00:00,8152.0,8123.1646
2021-07-23 18:00:00,7903.0,7907.8174
2021-07-23 19:00:00,7988.0,7973.3745
2021-07-23 20:00:00,7839.0,7906.121
2021-07-23 21:00:00,7439.0,7447.5654
2021-07-23 22:00:00,7164.0,7465.4897
2021-07-23 23:00:00,7819.0,7613.002
2021-07-24 00:00:00,7802.0,7792.6895
2021-07-24 01:00:00,7796.0,7756.5776
2021-07-24 02:00:00,7796.0,7727.3594
2021-07-24 03:00:00,7796.0,7534.466
2021-07-24 04:00:00,7796.0,7426.722
2021-07-24 05:00:00,7388.0,7457.1597
2021-07-24 06:00:00,7597.0,7563.22
2021-07-24 07:00:00,7728.0,7711.993
2021-07-24 08:00:00,7808.0,7796.7817
2021-07-24 09:00:00,7837.0,7816.183
2021-07-24 10:00:00,7830.0,7810.636
2021-07-24 11:00:00,7796.0,7801.5786
2021-07-24 12:00:00,7796.0,7824.9614
2021-07-24 13:00:00,7877.0,7857.297
2021-07-24 14:00:00,7919.0,7925.6714
2021-07-24 15:00:00,7970.0,7927.971
2021-07-24 16:00:00,8006.0,7987.7393
2021-07-24 17:00:00,7956.0,7917.1255
2021-07-24 18:00:00,7639.0,7675.5723
2021-07-24 19:00:00,7745.0,7786.2173
2021-07-24 20:00:00,7724.0,7675.273
2021-07-24 21:00:00,7325.0,7337.649
2021-07-24 22:00:00,7000.0,7191.997
2021-07-24 23:00:00,7662.5,7224.6978
2021-07-25 00:00:00,7662.5,7670.922
2021-07-25 01:00:00,7662.5,7655.2827
2021-07-25 02:00:00,7662.5,7660.333
2021-07-25 03:00:00,7662.5,7601.108
2021-07-25 04:00:00,7662.5,7661.626
2021-07-25 05:00:00,7204.0,7494.087
2021-07-25 06:00:00,7404.0,7365.9253
2021-07-25 07:00:00,7556.0,7583.1533
2021-07-25 08:00:00,7686.0,7650.648
2021-07-25 09:00:00,7765.0,7735.7266
2021-07-25 10:00:00,7774.0,7747.203
2021-07-25 11:00:00,7731.0,7718.56
2021-07-25 12:00:00,7735.0,7715.777
2021-07-25 13:00:00,7783.0,7750.31
2021-07-25 14:00:00,7857.0,7807.6343
2021-07-25 15:00:00,7866.0,7903.7314
2021-07-25 16:00:00,7906.0,7946.7236
2021-07-25 17:00:00,7887.0,7869.5894
2021-07-25 18:00:00,7675.0,7632.544
2021-07-25 19:00:00,7860.0,7846.282
2021-07-25 20:00:00,7779.0,7778.015
2021-07-25 21:00:00,7374.0,7499.545
2021-07-25 22:00:00,7781.0,7349.297
2021-07-25 23:00:00,7809.0,7726.32
2021-07-26 00:00:00,7846.0,7846.0273
2021-07-26 01:00:00,7858.5,7857.3926
2021-07-26 02:00:00,6869.0,7801.362
2021-07-26 03:00:00,7344.0,7418.544
2021-07-26 04:00:00,7835.0,7838.525
2021-07-26 05:00:00,8228.0,8039.4014
2021-07-26 06:00:00,8553.0,8268.304
2021-07-26 07:00:00,8647.0,8671.973
2021-07-26 08:00:00,8838.0,8705.877
2021-07-26 09:00:00,8862.0,8826.47
2021-07-26 10:00:00,8801.0,8783.445
2021-07-26 11:00:00,8813.0,8723.193
2021-07-26 12:00:00,8700.0,8717.35
2021-07-26 13:00:00,8688.0,8593.426
2021-07-26 14:00:00,8624.0,8582.614
2021-07-26 15:00:00,8508.0,8537.897
2021-07-26 16:00:00,8516.0,8460.354
2021-07-26 17:00:00,8439.0,8403.919
2021-07-26 18:00:00,8173.0,8150.9243
2021-07-26 19:00:00,8211.0,8124.8384
2021-07-26 20:00:00,8015.0,8000.239
2021-07-26 21:00:00,7501.0,7714.8623
2021-07-26 22:00:00,8328.0,8209.662
2021-07-26 23:00:00,8328.0,8267.25
2021-07-27 00:00:00,8328.0,8328.787
2021-07-27 01:00:00,8328.0,8336.012
2021-07-27 02:00:00,8328.0,8250.396
2021-07-27 03:00:00,7386.0,7945.7026
2021-07-27 04:00:00,7860.0,8068.7607
2021-07-27 05:00:00,8217.0,8197.78
2021-07-27 06:00:00,8470.0,8373.117
2021-07-27 07:00:00,8588.0,8550.545
2021-07-27 08:00:00,8633.0,8647.602
2021-07-27 09:00:00,8729.0,8629.213
2021-07-27 10:00:00,8712.0,8642.06
2021-07-27 11:00:00,8622.0,8652.488
2021-07-27 12:00:00,8626.0,8580.576
2021-07-27 13:00:00,8667.0,8589.477
2021-07-27 14:00:00,8632.0,8593.554
2021-07-27 15:00:00,8556.0,8557.826
2021-07-27 16:00:00,8524.0,8568.264
2021-07-27 17:00:00,8384.0,8457.394
2021-07-27 18:00:00,8103.0,8090.2227
2021-07-27 19:00:00,8167.0,8133.756
2021-07-27 20:00:00,7983.0,7988.962
2021-07-27 21:00:00,7487.0,7685.776
2021-07-27 22:00:00,8286.0,8222.02
2021-07-27 23:00:00,8286.0,8218.39
2021-07-28 00:00:00,8286.0,8280.919
2021-07-28 01:00:00,8286.0,8275.637
2021-07-28 02:00:00,8286.0,8257.365
2021-07-28 03:00:00,7503.0,8052.9897
2021-07-28 04:00:00,7853.0,8028.759
2021-07-28 05:00:00,8188.0,8210.214
2021-07-28 06:00:00,8434.0,8321.913
2021-07-28 07:00:00,8581.0,8477.558
2021-07-28 08:00:00,8650.0,8625.937
2021-07-28 09:00:00,8717.0,8664.616
2021-07-28 10:00:00,8691.0,8657.779
2021-07-28 11:00:00,8690.0,8640.008
2021-07-28 12:00:00,8627.0,8647.174
2021-07-28 13:00:00,8645.0,8600.056
2021-07-28 14:00:00,8626.0,8610.105
2021-07-28 15:00:00,8587.0,8578.116
2021-07-28 16:00:00,8579.0,8584.978
2021-07-28 17:00:00,8554.0,8511.911
2021-07-28 18:00:00,8272.0,8261.588
2021-07-28 19:00:00,8301.0,8217.407
2021-07-28 20:00:00,8094.0,8097.526
2021-07-28 21:00:00,7662.0,7873.563
2021-07-28 22:00:00,8378.0,8162.356
2021-07-28 23:00:00,8378.0,8361.277
2021-07-29 00:00:00,8378.0,8390.233
2021-07-29 01:00:00,8378.0,8389.317
2021-07-29 02:00:00,8378.0,8340.052
2021-07-29 03:00:00,8378.0,7896.9033
2021-07-29 04:00:00,7976.0,8171.8667
2021-07-29 05:00:00,8283.0,8314.272
2021-07-29 06:00:00,8455.0,8407.485
2021-07-29 07:00:00,8625.0,8554.943
2021-07-29 08:00:00,8650.0,8689.107
2021-07-29 09:00:00,8545.0,8670.096
2021-07-29 10:00:00,8635.0,8527.946
2021-07-29 11:00:00,8600.0,8603.151
2021-07-29 12:00:00,8544.0,8561.042
2021-07-29 13:00:00,8525.0,8517.02
2021-07-29 14:00:00,8465.0,8515.1875
2021-07-29 15:00:00,8423.0,8498.926
2021-07-29 16:00:00,8526.0,8504.082
2021-07-29 17:00:00,8432.0,8492.23
2021-07-29 18:00:00,8121.0,8192.372
2021-07-29 19:00:00,8208.0,8268.336
2021-07-29 20:00:00,8028.0,8054.075
2021-07-29 21:00:00,7666.0,7739.4316
2021-07-29 22:00:00,8328.5,8166.3574
2021-07-29 23:00:00,8328.5,8314.205
2021-07-30 00:00:00,8328.5,8292.89
2021-07-30 01:00:00,8328.5,8284.888
2021-07-30 02:00:00,8328.5,8251.834
2021-07-30 03:00:00,7584.0,7931.8022
2021-07-30 04:00:00,7985.0,7928.0835
2021-07-30 05:00:00,8234.0,8226.308
2021-07-30 06:00:00,8439.0,8362.956
2021-07-30 07:00:00,8615.0,8521.364
2021-07-30 08:00:00,8703.0,8656.929
2021-07-30 09:00:00,8782.0,8706.923
2021-07-30 10:00:00,8693.0,8712.057
2021-07-30 11:00:00,8605.0,8625.827
2021-07-30 12:00:00,8570.0,8555.668
2021-07-30 13:00:00,8573.0,8543.73
2021-07-30 14:00:00,8538.0,8562.185
2021-07-30 15:00:00,8429.0,8473.147
2021-07-30 16:00:00,8360.0,8450.251
2021-07-30 17:00:00,8320.0,8316.273
2021-07-30 18:00:00,8048.0,7979.5513
2021-07-30 19:00:00,8157.0,8116.2993
2021-07-30 20:00:00,7963.0,7964.9346
2021-07-30 21:00:00,7540.0,7520.1597
2021-07-30 22:00:00,7236.0,7462.133
2021-07-30 23:00:00,7088.0,7780.2305
2021-07-31 00:00:00,7953.0,7763.253
2021-07-31 01:00:00,7953.0,7840.7397
2021-07-31 02:00:00,7953.0,7816.5283
2021-07-31 03:00:00,7953.0,7764.9233
2021-07-31 04:00:00,7953.0,7787.1245
2021-07-31 05:00:00,7448.0,7575.8794
2021-07-31 06:00:00,7661.0,7630.5186
2021-07-31 07:00:00,7818.0,7752.831
2021-07-31 08:00:00,7947.0,7838.773
2021-07-31 09:00:00,8002.0,7908.9097
2021-07-31 10:00:00,7979.0,7914.483
2021-07-31 11:00:00,7959.0,7896.0996
2021-07-31 12:00:00,7992.0,7925.673
2021-07-31 13:00:00,7999.0,7986.3677
2021-07-31 14:00:00,8073.0,8013.7046
2021-07-31 15:00:00,8165.0,8080.084
2021-07-31 16:00:00,8172.0,8153.194
2021-07-31 17:00:00,8158.0,8072.3022
2021-07-31 18:00:00,7841.0,7847.2188
2021-07-31 19:00:00,7973.0,7924.973
2021-07-31 20:00:00,7875.0,7843.956
2021-07-31 21:00:00,7476.0,7420.4336
2021-07-31 22:00:00,7092.0,7103.865
2021-07-31 23:00:00,6942.0,7506.4263
2021-08-01 00:00:00,7809.0,7371.745
2021-08-01 01:00:00,7809.0,7640.8438
2021-08-01 02:00:00,7809.0,7650.7446
2021-08-01 03:00:00,7809.0,7633.489
2021-08-01 04:00:00,7809.0,7638.093
2021-08-01 05:00:00,7192.0,7402.896
2021-08-01 06:00:00,7410.0,7436.0864
2021-08-01 07:00:00,7663.0,7593.745
2021-08-01 08:00:00,7792.0,7748.845
2021-08-01 09:00:00,7877.0,7810.706
2021-08-01 10:00:00,7834.0,7829.81
2021-08-01 11:00:00,7826.0,7773.5312
2021-08-01 12:00:00,7891.0,7803.16
2021-08-01 13:00:00,7836.0,7879.2075
2021-08-01 14:00:00,7866.0,7904.409
2021-08-01 15:00:00,7916.0,7959.4927
2021-08-01 16:00:00,8028.0,8007.315
2021-08-01 17:00:00,7930.0,8035.8804
2021-08-01 18:00:00,7702.0,7787.7803
2021-08-01 19:00:00,7935.0,7946.863
2021-08-01 20:00:00,7761.0,7855.772
2021-08-01 21:00:00,7851.0,7432.8857
2021-08-01 22:00:00,7851.0,7543.824
2021-08-01 23:00:00,7878.5,7765.567
2021-08-02 00:00:00,7903.5,7909.085
2021-08-02 01:00:00,7923.0,7928.685
2021-08-02 02:00:00,7932.5,7744.6353
2021-08-02 03:00:00,7505.0,7641.908
2021-08-02 04:00:00,8001.0,8040.393
2021-08-02 05:00:00,8315.0,8296.129
2021-08-02 06:00:00,8494.0,8518.644
2021-08-02 07:00:00,8574.0,8558.602
2021-08-02 08:00:00,8678.0,8679.744
2021-08-02 09:00:00,8719.0,8695.744
2021-08-02 10:00:00,8650.0,8698.084
2021-08-02 11:00:00,8580.0,8620.929
2021-08-02 12:00:00,8499.0,8556.714
2021-08-02 13:00:00,8506.0,8489.591
2021-08-02 14:00:00,8450.0,8467.359
2021-08-02 15:00:00,8420.0,8446.319
2021-08-02 16:00:00,8460.0,8482.112
2021-08-02 17:00:00,8414.0,8432.083
2021-08-02 18:00:00,8160.0,8198.526
2021-08-02 19:00:00,8294.0,8226.919
2021-08-02 20:00:00,8022.0,8094.5586
2021-08-02 21:00:00,8377.0,7887.3545
2021-08-02 22:00:00,8377.0,8434.295
2021-08-02 23:00:00,8377.0,8450.633
2021-08-03 00:00:00,8377.0,8401.998
2021-08-03 01:00:00,8377.0,8405.719
2021-08-03 02:00:00,8377.0,8375.542
2021-08-03 03:00:00,7594.0,8060.6265
2021-08-03 04:00:00,8052.0,8221.541
2021-08-03 05:00:00,8340.0,8347.44
2021-08-03 06:00:00,8498.0,8456.418
2021-08-03 07:00:00,8505.0,8550.314
2021-08-03 08:00:00,8576.0,8574.367
2021-08-03 09:00:00,8745.0,8613.891
2021-08-03 10:00:00,8708.0,8700.514
2021-08-03 11:00:00,8656.0,8645.313
2021-08-03 12:00:00,8594.0,8570.024
2021-08-03 13:00:00,8547.0,8555.359
2021-08-03 14:00:00,8461.0,8503.434
2021-08-03 15:00:00,8365.0,8462.227
2021-08-03 16:00:00,8374.0,8467.523
2021-08-03 17:00:00,8353.0,8382.665
2021-08-03 18:00:00,8056.0,8115.212
2021-08-03 19:00:00,8176.0,8214.483
2021-08-03 20:00:00,7980.0,8036.4287
2021-08-03 21:00:00,7493.0,8110.097
2021-08-03 22:00:00,8359.0,8427.404
2021-08-03 23:00:00,8359.0,8394.723
2021-08-04 00:00:00,8359.0,8365.69
2021-08-04 01:00:00,8359.0,8368.706
2021-08-04 02:00:00,8359.0,8335.549
2021-08-04 03:00:00,7659.0,7880.5264
2021-08-04 04:00:00,8168.0,8146.382
2021-08-04 05:00:00,8405.0,8392.187
2021-08-04 06:00:00,8538.0,8500.177
2021-08-04 07:00:00,8583.0,8579.744
2021-08-04 08:00:00,8668.0,8640.621
2021-08-04 09:00:00,8685.0,8675.826
2021-08-04 10:00:00,8656.0,8657.12
2021-08-04 11:00:00,8579.0,8596.407
2021-08-04 12:00:00,8513.0,8545.48
2021-08-04 13:00:00,8429.0,8489.67
2021-08-04 14:00:00,8379.0,8446.287
2021-08-04 15:00:00,8315.0,8403.37
2021-08-04 16:00:00,8382.0,8379.551
2021-08-04 17:00:00,8347.0,8399.422
2021-08-04 18:00:00,8071.0,8078.1704
2021-08-04 19:00:00,8238.0,8182.511
2021-08-04 20:00:00,8037.0,8070.151
2021-08-04 21:00:00,7608.0,7918.796
2021-08-04 22:00:00,8281.0,8265.678
2021-08-04 23:00:00,8281.0,8332.7
2021-08-05 00:00:00,8281.0,8305.987
2021-08-05 01:00:00,8281.0,8310.359
2021-08-05 02:00:00,8281.0,8279.917
2021-08-05 03:00:00,7786.0,7853.079
2021-08-05 04:00:00,8119.0,8246.067
2021-08-05 05:00:00,8247.0,8396.05
2021-08-05 06:00:00,8413.0,8406.84
2021-08-05 07:00:00,8545.0,8496.889
2021-08-05 08:00:00,8683.0,8594.258
2021-08-05 09:00:00,8716.0,8694.601
2021-08-05 10:00:00,8688.0,8654.188
2021-08-05 11:00:00,8612.0,8633.927
2021-08-05 12:00:00,8545.0,8552.513
2021-08-05 13:00:00,8488.0,8504.971
2021-08-05 14:00:00,8473.0,8456.113
2021-08-05 15:00:00,8450.0,8422.148
2021-08-05 16:00:00,8464.0,8487.407
2021-08-05 17:00:00,8408.0,8422.896
2021-08-05 18:00:00,8162.0,8121.2114
2021-08-05 19:00:00,8309.0,8276.253
2021-08-05 20:00:00,8135.0,8086.6387
2021-08-05 21:00:00,7683.0,7926.47
2021-08-05 22:00:00,8389.5,8236.882
2021-08-05 23:00:00,8389.5,8400.159
2021-08-06 00:00:00,8389.5,8399.287
2021-08-06 01:00:00,8389.5,8404.806
2021-08-06 02:00:00,8389.5,8365.886
2021-08-06 03:00:00,7827.0,7859.0537
2021-08-06 04:00:00,8204.0,8212.78
2021-08-06 05:00:00,8371.0,8429.485
2021-08-06 06:00:00,8588.0,8494.153
2021-08-06 07:00:00,8664.0,8663.859
2021-08-06 08:00:00,8680.0,8702.337
2021-08-06 09:00:00,8740.0,8683.981
2021-08-06 10:00:00,8629.0,8683.371
2021-08-06 11:00:00,8578.0,8581.259
2021-08-06 12:00:00,8640.0,8543.394
2021-08-06 13:00:00,8630.0,8585.324
2021-08-06 14:00:00,8546.0,8600.494
2021-08-06 15:00:00,8479.0,8511.534
2021-08-06 16:00:00,8397.0,8511.923
2021-08-06 17:00:00,8324.0,8379.321
2021-08-06 18:00:00,8103.0,8062.68
2021-08-06 19:00:00,8197.0,8276.969
2021-08-06 20:00:00,7945.0,8037.811
2021-08-06 21:00:00,7500.0,7537.8306
2021-08-06 22:00:00,7940.0,7520.899
2021-08-06 23:00:00,7940.0,7817.3066
2021-08-07 00:00:00,7928.0,7931.8096
2021-08-07 01:00:00,7928.0,7926.0786
2021-08-07 02:00:00,7928.0,7944.0327
2021-08-07 03:00:00,7928.0,7889.8477
2021-08-07 04:00:00,7928.0,7887.328
2021-08-07 05:00:00,7461.0,7649.472
2021-08-07 06:00:00,7688.0,7693.2637
2021-08-07 07:00:00,7840.0,7832.9062
2021-08-07 08:00:00,7935.0,7937.188
2021-08-07 09:00:00,7976.0,7949.2485
2021-08-07 10:00:00,7949.0,7979.751
2021-08-07 11:00:00,7921.0,7948.7114
2021-08-07 12:00:00,7990.0,7961.0415
2021-08-07 13:00:00,8082.0,8037.7383
2021-08-07 14:00:00,8171.0,8155.3516
2021-08-07 15:00:00,8289.0,8235.715
2021-08-07 16:00:00,8285.0,8295.473
2021-08-07 17:00:00,8136.0,8186.0195
2021-08-07 18:00:00,7884.0,7905.673
2021-08-07 19:00:00,8042.0,8016.34
2021-08-07 20:00:00,7785.0,7903.264
2021-08-07 21:00:00,7350.0,7467.8022
2021-08-07 22:00:00,6975.0,7224.587
2021-08-07 23:00:00,7834.5,7180.005
2021-08-08 00:00:00,7811.5,7710.725
2021-08-08 01:00:00,7811.5,7701.161
2021-08-08 02:00:00,7811.5,7721.1904
2021-08-08 03:00:00,7811.5,7661.4976
2021-08-08 04:00:00,7811.5,7713.01
2021-08-08 05:00:00,7217.0,7471.854
2021-08-08 06:00:00,7497.0,7447.603
2021-08-08 07:00:00,7782.0,7623.883
2021-08-08 08:00:00,7920.0,7824.922
2021-08-08 09:00:00,7916.0,7927.551
2021-08-08 10:00:00,7899.0,7885.363
2021-08-08 11:00:00,7838.0,7826.679
2021-08-08 12:00:00,7858.0,7863.491
2021-08-08 13:00:00,7862.0,7933.9707
2021-08-08 14:00:00,7901.0,7974.6865
2021-08-08 15:00:00,8005.0,7992.5234
2021-08-08 16:00:00,8050.0,8109.707
2021-08-08 17:00:00,8000.0,8081.5796
2021-08-08 18:00:00,7793.0,7821.4956
2021-08-08 19:00:00,8044.0,8003.438
2021-08-08 20:00:00,7793.0,7868.9517
2021-08-08 21:00:00,7315.0,7617.1377
2021-08-08 22:00:00,7880.5,7543.1973
2021-08-08 23:00:00,7881.5,7919.9507
2021-08-09 00:00:00,7950.5,7942.7793
2021-08-09 01:00:00,8002.5,8000.1567
2021-08-09 02:00:00,8024.5,7933.545
2021-08-09 03:00:00,7604.0,7709.8047
2021-08-09 04:00:00,8105.0,8107.323
2021-08-09 05:00:00,8548.0,8427.42
2021-08-09 06:00:00,8816.0,8761.706
2021-08-09 07:00:00,8874.0,8854.898
2021-08-09 08:00:00,8984.0,8929.493
2021-08-09 09:00:00,9049.0,9000.402
2021-08-09 10:00:00,8989.0,8956.3
2021-08-09 11:00:00,8936.0,8909.791
2021-08-09 12:00:00,8854.0,8846.578
2021-08-09 13:00:00,8831.0,8773.667
2021-08-09 14:00:00,8783.0,8755.908
2021-08-09 15:00:00,8673.0,8727.038
2021-08-09 16:00:00,8650.0,8653.983
2021-08-09 17:00:00,8538.0,8589.005
2021-08-09 18:00:00,8295.0,8296.791
2021-08-09 19:00:00,8409.0,8340.969
2021-08-09 20:00:00,8057.0,8190.9194
2021-08-09 21:00:00,7588.0,8078.929
2021-08-09 22:00:00,8498.0,8561.795
2021-08-09 23:00:00,8498.0,8488.118
2021-08-10 00:00:00,8498.0,8466.515
2021-08-10 01:00:00,8498.0,8479.9
2021-08-10 02:00:00,8498.0,8396.682
2021-08-10 03:00:00,8498.0,7864.3447
2021-08-10 04:00:00,8160.0,8395.735
2021-08-10 05:00:00,8458.0,8483.029
2021-08-10 06:00:00,8590.0,8645.49
2021-08-10 07:00:00,8634.0,8690.963
2021-08-10 08:00:00,8770.0,8699.624
2021-08-10 09:00:00,8824.0,8787.643
2021-08-10 10:00:00,8701.0,8780.443
2021-08-10 11:00:00,8709.0,8666.068
2021-08-10 12:00:00,8704.0,8652.716
2021-08-10 13:00:00,8653.0,8662.94
2021-08-10 14:00:00,8616.0,8617.336
2021-08-10 15:00:00,8506.0,8583.29
2021-08-10 16:00:00,8649.0,8547.299
2021-08-10 17:00:00,8570.0,8554.354
2021-08-10 18:00:00,8328.0,8277.543
2021-08-10 19:00:00,8388.0,8318.822
2021-08-10 20:00:00,8091.0,8143.6685
2021-08-10 21:00:00,8538.0,8289.41
2021-08-10 22:00:00,8538.0,8543.591
2021-08-10 23:00:00,8538.0,8514.244
2021-08-11 00:00:00,8538.0,8505.759
2021-08-11 01:00:00,8538.0,8502.337
2021-08-11 02:00:00,8538.0,8469.079
2021-08-11 03:00:00,7816.0,8170.5864
2021-08-11 04:00:00,8386.0,8356.737
2021-08-11 05:00:00,8748.0,8556.876
2021-08-11 06:00:00,8936.0,8803.936
2021-08-11 07:00:00,8983.0,8915.527
2021-08-11 08:00:00,9023.0,9015.02
2021-08-11 09:00:00,9041.0,9014.823
2021-08-11 10:00:00,9006.0,8949.237
2021-08-11 11:00:00,8922.0,8906.126
2021-08-11 12:00:00,8852.0,8852.9795
2021-08-11 13:00:00,8767.0,8783.513
2021-08-11 14:00:00,8702.0,8742.135
2021-08-11 15:00:00,8657.0,8637.759
2021-08-11 16:00:00,8720.0,8689.65
2021-08-11 17:00:00,8660.0,8661.143
2021-08-11 18:00:00,8422.0,8365.314
2021-08-11 19:00:00,8501.0,8424.247
2021-08-11 20:00:00,8186.0,8282.013
2021-08-11 21:00:00,8658.5,8367.8125
2021-08-11 22:00:00,8658.5,8612.75
2021-08-11 23:00:00,8658.5,8611.383
2021-08-12 00:00:00,8658.5,8586.149
2021-08-12 01:00:00,8658.5,8588.091
2021-08-12 02:00:00,8658.5,8554.079
2021-08-12 03:00:00,8658.5,8198.645
2021-08-12 04:00:00,8417.0,8583.831
2021-08-12 05:00:00,8715.0,8654.63
2021-08-12 06:00:00,8857.0,8841.78
2021-08-12 07:00:00,8873.0,8894.976
2021-08-12 08:00:00,8985.0,8948.46
2021-08-12 09:00:00,9019.0,9016.313
2021-08-12 10:00:00,8960.0,8946.567
2021-08-12 11:00:00,8892.0,8893.825
2021-08-12 12:00:00,8851.0,8849.625
2021-08-12 13:00:00,8795.0,8801.723
2021-08-12 14:00:00,8770.0,8778.17
2021-08-12 15:00:00,8612.0,8741.115
2021-08-12 16:00:00,8633.0,8680.171
2021-08-12 17:00:00,8616.0,8634.591
2021-08-12 18:00:00,8522.0,8382.951
2021-08-12 19:00:00,8650.0,8560.667
2021-08-12 20:00:00,8342.0,8335.2295
2021-08-12 21:00:00,7959.0,8396.126
2021-08-12 22:00:00,7674.0,8658.547
2021-08-12 23:00:00,7524.0,8295.304
2021-08-13 00:00:00,7560.0,8013.0137
2021-08-13 01:00:00,7629.0,7934.402
2021-08-13 02:00:00,7787.0,7894.9326
2021-08-13 03:00:00,8250.0,7957.251
2021-08-13 04:00:00,8786.0,8475.404
2021-08-13 05:00:00,9039.0,8885.797
2021-08-13 06:00:00,9025.0,9054.207
2021-08-13 07:00:00,9053.0,8980.83
2021-08-13 08:00:00,9096.0,9015.247
2021-08-13 09:00:00,9094.0,9045.862
2021-08-13 10:00:00,9159.0,8996.677
2021-08-13 11:00:00,8852.0,9007.53
2021-08-13 12:00:00,8753.0,8761.092
2021-08-13 13:00:00,8732.0,8697.78
2021-08-13 14:00:00,8654.0,8688.28
2021-08-13 15:00:00,8592.0,8574.095
2021-08-13 16:00:00,8547.0,8613.276
2021-08-13 17:00:00,8445.0,8499.608
2021-08-13 18:00:00,8211.0,8228.014
2021-08-13 19:00:00,8337.0,8280.287
2021-08-13 20:00:00,7954.0,8076.887
2021-08-13 21:00:00,7492.0,7615.0034
2021-08-13 22:00:00,8125.0,7604.0757
2021-08-13 23:00:00,8114.0,7883.435
2021-08-14 00:00:00,8090.5,7985.16
2021-08-14 01:00:00,8090.5,8006.5425
2021-08-14 02:00:00,8090.5,8016.7583
2021-08-14 03:00:00,8090.5,7987.6895
2021-08-14 04:00:00,7237.0,7938.7847
2021-08-14 05:00:00,7548.0,7484.8716
2021-08-14 06:00:00,7785.0,7751.978
2021-08-14 07:00:00,8064.0,7939.63
2021-08-14 08:00:00,8186.0,8148.8164
2021-08-14 09:00:00,8242.0,8168.959
2021-08-14 10:00:00,8164.0,8206.301
2021-08-14 11:00:00,8117.0,8095.138
2021-08-14 12:00:00,8159.0,8133.4907
2021-08-14 13:00:00,8259.0,8195.458
2021-08-14 14:00:00,8335.0,8313.376
2021-08-14 15:00:00,8259.0,8363.736
2021-08-14 16:00:00,8240.0,8286.682
2021-08-14 17:00:00,8066.0,8185.8423
2021-08-14 18:00:00,7736.0,7924.8887
2021-08-14 19:00:00,7922.0,7947.672
2021-08-14 20:00:00,7612.0,7825.1665
2021-08-14 21:00:00,7102.0,7328.274
2021-08-14 22:00:00,6887.0,7185.8184
2021-08-14 23:00:00,6795.0,7319.2295
2021-08-15 00:00:00,6792.0,7177.4766
2021-08-15 01:00:00,6682.0,7171.953
2021-08-15 02:00:00,6569.0,7065.4775
2021-08-15 03:00:00,7674.0,7084.9785
2021-08-15 04:00:00,7674.0,7500.746
2021-08-15 05:00:00,7674.0,7493.3345
2021-08-15 06:00:00,7096.0,7636.0835
2021-08-15 07:00:00,7584.0,7543.861
2021-08-15 08:00:00,7852.0,7758.2056
2021-08-15 09:00:00,7954.0,7881.59
2021-08-15 10:00:00,7977.0,7893.301
2021-08-15 11:00:00,7993.0,7904.005
2021-08-15 12:00:00,7971.0,7926.0356
2021-08-15 13:00:00,7996.0,7951.8804
2021-08-15 14:00:00,8058.0,8008.693
2021-08-15 15:00:00,8112.0,8084.976
2021-08-15 16:00:00,8224.0,8134.8765
2021-08-15 17:00:00,8179.0,8036.7
2021-08-15 18:00:00,7974.0,7789.3926
2021-08-15 19:00:00,8157.0,7982.73
2021-08-15 20:00:00,7978.0,7765.7505
2021-08-15 21:00:00,7563.0,7441.5254
2021-08-15 22:00:00,7994.5,7315.7793
2021-08-15 23:00:00,8027.0,7857.254
2021-08-16 00:00:00,8085.0,7928.0
2021-08-16 01:00:00,8134.5,7944.3345
2021-08-16 02:00:00,8168.0,7840.1846
2021-08-16 03:00:00,7834.0,7898.558
2021-08-16 04:00:00,8462.0,8290.445
2021-08-16 05:00:00,8714.0,8724.716
2021-08-16 06:00:00,8786.0,8863.032
2021-08-16 07:00:00,8909.0,8913.704
2021-08-16 08:00:00,8970.0,9008.942
2021-08-16 09:00:00,8940.0,9027.132
2021-08-16 10:00:00,8992.0,8953.998
2021-08-16 11:00:00,8941.0,8952.389
2021-08-16 12:00:00,8846.0,8863.185
2021-08-16 13:00:00,8736.0,8780.791
2021-08-16 14:00:00,8663.0,8694.828
2021-08-16 15:00:00,8649.0,8629.859
2021-08-16 16:00:00,8734.0,8683.69
2021-08-16 17:00:00,8680.0,8682.638
2021-08-16 18:00:00,8490.0,8424.036
2021-08-16 19:00:00,8532.0,8473.44
2021-08-16 20:00:00,8185.0,8289.458
2021-08-16 21:00:00,8656.0,8064.9946
2021-08-16 22:00:00,8656.0,8641.353
2021-08-16 23:00:00,8656.0,8650.5
2021-08-17 00:00:00,8656.0,8653.044
2021-08-17 01:00:00,8656.0,8646.039
2021-08-17 02:00:00,8656.0,8615.992
2021-08-17 03:00:00,7986.0,8388.941
2021-08-17 04:00:00,8538.0,8606.706
2021-08-17 05:00:00,8783.0,8759.191
2021-08-17 06:00:00,8976.0,8840.365
2021-08-17 07:00:00,9088.0,9008.132
2021-08-17 08:00:00,9165.0,9095.02
2021-08-17 09:00:00,9219.0,9133.21
2021-08-17 10:00:00,9092.0,9103.681
2021-08-17 11:00:00,9022.0,9017.879
2021-08-17 12:00:00,8914.0,8938.109
2021-08-17 13:00:00,8876.0,8861.132
2021-08-17 14:00:00,8985.0,8838.21
2021-08-17 15:00:00,8906.0,8918.468
2021-08-17 16:00:00,8952.0,8938.951
2021-08-17 17:00:00,8827.0,8891.551
2021-08-17 18:00:00,8640.0,8566.074
2021-08-17 19:00:00,8559.0,8573.641
2021-08-17 20:00:00,8191.0,8390.827
2021-08-17 21:00:00,8851.5,8660.971
2021-08-17 22:00:00,8851.5,8816.98
2021-08-17 23:00:00,8851.5,8821.248
2021-08-18 00:00:00,8851.5,8804.276
2021-08-18 01:00:00,8851.5,8805.373
2021-08-18 02:00:00,8857.0,8769.411
2021-08-18 03:00:00,8857.0,8244.987
2021-08-18 04:00:00,8601.0,8742.081
2021-08-18 05:00:00,8887.0,8886.673
2021-08-18 06:00:00,8984.0,9007.699
2021-08-18 07:00:00,9029.0,9050.074
2021-08-18 08:00:00,9109.0,9075.353
2021-08-18 09:00:00,9152.0,9154.884
2021-08-18 10:00:00,9142.0,9080.488
2021-08-18 11:00:00,9112.0,9055.001
2021-08-18 12:00:00,9126.0,9040.109
2021-08-18 13:00:00,9153.0,9043.221
2021-08-18 14:00:00,9148.0,9078.265
2021-08-18 15:00:00,9087.0,9060.609
2021-08-18 16:00:00,9172.0,9138.34
2021-08-18 17:00:00,9022.0,9087.307
2021-08-18 18:00:00,8713.0,8716.753
2021-08-18 19:00:00,8617.0,8634.251
2021-08-18 20:00:00,8960.5,8387.604
2021-08-18 21:00:00,8960.5,8843.269
2021-08-18 22:00:00,8960.5,8892.409
2021-08-18 23:00:00,8960.5,8887.838
2021-08-19 00:00:00,8960.5,8933.477
2021-08-19 01:00:00,8944.5,8932.011
2021-08-19 02:00:00,8887.0,8854.256
2021-08-19 03:00:00,8887.0,8617.828
2021-08-19 04:00:00,8700.0,8861.607
2021-08-19 05:00:00,8899.0,8975.252
2021-08-19 06:00:00,9080.0,9053.415
2021-08-19 07:00:00,9112.0,9124.054
2021-08-19 08:00:00,9177.0,9165.91
2021-08-19 09:00:00,9154.0,9181.296
2021-08-19 10:00:00,9086.0,9112.986
2021-08-19 11:00:00,9037.0,9073.517
2021-08-19 12:00:00,8990.0,9021.011
2021-08-19 13:00:00,8875.0,8976.259
2021-08-19 14:00:00,8983.0,8952.143
2021-08-19 15:00:00,8926.0,8970.532
2021-08-19 16:00:00,8950.0,9005.162
2021-08-19 17:00:00,8919.0,8919.92
2021-08-19 18:00:00,8708.0,8736.5
2021-08-19 19:00:00,8634.0,8670.3
2021-08-19 20:00:00,8255.0,8543.232
2021-08-19 21:00:00,8897.0,8628.725
2021-08-19 22:00:00,8897.0,8932.897
2021-08-19 23:00:00,8897.0,8928.878
2021-08-20 00:00:00,8897.0,8833.455
2021-08-20 01:00:00,8897.0,8839.149
2021-08-20 02:00:00,8922.5,8656.796
2021-08-20 03:00:00,8193.0,8484.266
2021-08-20 04:00:00,8726.0,8680.268
2021-08-20 05:00:00,9000.0,8975.543
2021-08-20 06:00:00,9016.0,9133.209
2021-08-20 07:00:00,9128.0,9091.642
2021-08-20 08:00:00,9197.0,9190.231
2021-08-20 09:00:00,9206.0,9218.365
2021-08-20 10:00:00,9119.0,9140.483
2021-08-20 11:00:00,9031.0,9058.833
2021-08-20 12:00:00,9059.0,8966.191
2021-08-20 13:00:00,8991.0,9012.376
2021-08-20 14:00:00,8946.0,8955.605
2021-08-20 15:00:00,8925.0,8912.396
2021-08-20 16:00:00,8908.0,8952.314
2021-08-20 17:00:00,8841.0,8844.405
2021-08-20 18:00:00,8656.0,8577.738
2021-08-20 19:00:00,8634.0,8622.98
2021-08-20 20:00:00,8311.0,8346.382
2021-08-20 21:00:00,7840.0,8051.0703
2021-08-20 22:00:00,8404.0,8144.751
2021-08-20 23:00:00,8398.5,8330.928
2021-08-21 00:00:00,8352.5,8366.888
2021-08-21 01:00:00,8352.5,8323.343
2021-08-21 02:00:00,8352.5,8312.272
2021-08-21 03:00:00,8352.5,8218.993
2021-08-21 04:00:00,8352.5,8021.702
2021-08-21 05:00:00,7929.0,8056.5146
2021-08-21 06:00:00,8136.0,8049.8555
2021-08-21 07:00:00,8334.0,8259.747
2021-08-21 08:00:00,8481.0,8363.278
2021-08-21 09:00:00,8474.0,8465.131
2021-08-21 10:00:00,8463.0,8430.242
2021-08-21 11:00:00,8371.0,8415.362
2021-08-21 12:00:00,8429.0,8385.243
2021-08-21 13:00:00,8508.0,8475.866
2021-08-21 14:00:00,8608.0,8583.206
2021-08-21 15:00:00,8708.0,8648.294
2021-08-21 16:00:00,8740.0,8728.004
2021-08-21 17:00:00,8628.0,8647.596
2021-08-21 18:00:00,8510.0,8408.187
2021-08-21 19:00:00,8561.0,8516.454
2021-08-21 20:00:00,8294.0,8345.582
2021-08-21 21:00:00,7794.0,7855.0615
2021-08-21 22:00:00,7417.0,7519.7896
2021-08-21 23:00:00,8289.5,7526.3257
2021-08-22 00:00:00,8266.0,8087.0957
2021-08-22 01:00:00,8236.0,8095.5303
2021-08-22 02:00:00,8218.5,8090.8647
2021-08-22 03:00:00,8218.5,8160.2173
2021-08-22 04:00:00,8218.5,8143.811
2021-08-22 05:00:00,7610.0,7996.9243
2021-08-22 06:00:00,7891.0,7863.648
2021-08-22 07:00:00,8116.0,8030.115
2021-08-22 08:00:00,8285.0,8231.413
2021-08-22 09:00:00,8362.0,8315.087
2021-08-22 10:00:00,8338.0,8336.914
2021-08-22 11:00:00,8247.0,8310.16
2021-08-22 12:00:00,8225.0,8307.9
2021-08-22 13:00:00,8212.0,8295.414
2021-08-22 14:00:00,8284.0,8354.706
2021-08-22 15:00:00,8349.0,8402.987
2021-08-22 16:00:00,8434.0,8475.089
2021-08-22 17:00:00,8454.0,8448.936
2021-08-22 18:00:00,8384.0,8397.167
2021-08-22 19:00:00,8511.0,8527.798
2021-08-22 20:00:00,8138.0,8356.98
2021-08-22 21:00:00,8311.0,7924.883
2021-08-22 22:00:00,8311.0,8170.6587
2021-08-22 23:00:00,8316.5,8249.619
2021-08-23 00:00:00,8366.5,8298.95
2021-08-23 01:00:00,8409.0,8283.035
2021-08-23 02:00:00,8444.0,8360.022
2021-08-23 03:00:00,7893.0,8188.451
2021-08-23 04:00:00,8477.0,8539.162
2021-08-23 05:00:00,8726.0,8881.577
2021-08-23 06:00:00,8737.0,8879.058
2021-08-23 07:00:00,8706.0,8871.865
2021-08-23 08:00:00,8762.0,8886.855
2021-08-23 09:00:00,8784.0,8907.272
2021-08-23 10:00:00,8715.0,8853.8
2021-08-23 11:00:00,8646.0,8791.015
2021-08-23 12:00:00,8554.0,8663.003
2021-08-23 13:00:00,8551.0,8627.738
2021-08-23 14:00:00,8571.0,8621.855
2021-08-23 15:00:00,8667.0,8606.612
2021-08-23 16:00:00,8777.0,8722.895
2021-08-23 17:00:00,8752.0,8742.547
2021-08-23 18:00:00,8566.0,8556.092
2021-08-23 19:00:00,8562.0,8604.117
2021-08-23 20:00:00,8383.0,8376.768
2021-08-23 21:00:00,8428.5,8458.677
2021-08-23 22:00:00,8428.5,8563.24
2021-08-23 23:00:00,8428.5,8543.754
2021-08-24 00:00:00,8428.5,8421.864
2021-08-24 01:00:00,8428.5,8405.792
2021-08-24 02:00:00,8428.5,8396.779
2021-08-24 03:00:00,8428.5,8265.694
2021-08-24 04:00:00,8253.0,8456.027
2021-08-24 05:00:00,8384.0,8512.065
2021-08-24 06:00:00,8453.0,8536.89
2021-08-24 07:00:00,8382.0,8558.753
2021-08-24 08:00:00,8404.0,8501.737
2021-08-24 09:00:00,8632.0,8493.15
2021-08-24 10:00:00,8558.0,8528.585
2021-08-24 11:00:00,8505.0,8449.447
2021-08-24 12:00:00,8527.0,8446.181
2021-08-24 13:00:00,8530.0,8461.87
2021-08-24 14:00:00,8608.0,8472.352
2021-08-24 15:00:00,8563.0,8521.075
2021-08-24 16:00:00,8697.0,8586.392
2021-08-24 17:00:00,8675.0,8616.664
2021-08-24 18:00:00,8581.0,8401.636
2021-08-24 19:00:00,8532.0,8510.934
2021-08-24 20:00:00,8294.0,8240.516
2021-08-24 21:00:00,8545.0,8242.387
2021-08-24 22:00:00,8545.0,8490.073
2021-08-24 23:00:00,8547.5,8495.489
2021-08-25 00:00:00,8572.0,8470.186
2021-08-25 01:00:00,8594.5,8530.238
2021-08-25 02:00:00,8641.5,8468.184
2021-08-25 03:00:00,8255.0,8170.978
2021-08-25 04:00:00,8751.0,8393.629
2021-08-25 05:00:00,8885.0,8836.222
2021-08-25 06:00:00,9044.0,8936.716
2021-08-25 07:00:00,9344.0,9019.775
2021-08-25 08:00:00,9433.0,9258.836
2021-08-25 09:00:00,9431.0,9332.015
2021-08-25 10:00:00,9285.0,9276.169
2021-08-25 11:00:00,9209.0,9133.393
2021-08-25 12:00:00,9201.0,9104.501
2021-08-25 13:00:00,9169.0,9103.909
2021-08-25 14:00:00,9113.0,9110.564
2021-08-25 15:00:00,9190.0,9083.837
2021-08-25 16:00:00,9264.0,9194.49
2021-08-25 17:00:00,9113.0,9168.485
2021-08-25 18:00:00,8901.0,8927.623
2021-08-25 19:00:00,8727.0,8792.864
2021-08-25 20:00:00,8337.0,8602.869
2021-08-25 21:00:00,9067.0,8604.278
2021-08-25 22:00:00,9067.0,8981.629
2021-08-25 23:00:00,9067.0,8995.764
2021-08-26 00:00:00,9067.0,8994.954
2021-08-26 01:00:00,9067.0,8969.791
2021-08-26 02:00:00,9060.5,8935.692
2021-08-26 03:00:00,8191.0,8660.409
2021-08-26 04:00:00,8619.0,8801.4375
2021-08-26 05:00:00,9021.0,8912.425
2021-08-26 06:00:00,9179.0,9096.805
2021-08-26 07:00:00,9266.0,9215.427
2021-08-26 08:00:00,9361.0,9284.8545
2021-08-26 09:00:00,9460.0,9307.762
2021-08-26 10:00:00,9357.0,9346.06
2021-08-26 11:00:00,9204.0,9248.732
2021-08-26 12:00:00,9150.0,9136.557
2021-08-26 13:00:00,9100.0,9099.177
2021-08-26 14:00:00,9064.0,9099.659
2021-08-26 15:00:00,8998.0,9048.368
2021-08-26 16:00:00,9112.0,9070.987
2021-08-26 17:00:00,9036.0,9112.033
2021-08-26 18:00:00,8834.0,8888.653
2021-08-26 19:00:00,8746.0,8779.665
2021-08-26 20:00:00,8356.0,8482.197
2021-08-26 21:00:00,9017.0,8533.07
2021-08-26 22:00:00,9017.0,8924.757
2021-08-26 23:00:00,9017.0,8937.187
2021-08-27 00:00:00,9017.0,9004.143
2021-08-27 01:00:00,8997.5,9011.558
2021-08-27 02:00:00,8997.5,8891.359
2021-08-27 03:00:00,8997.5,8597.508
2021-08-27 04:00:00,8772.0,9030.244
2021-08-27 05:00:00,9112.0,9007.8
2021-08-27 06:00:00,9322.0,9215.816
2021-08-27 07:00:00,9302.0,9344.165
2021-08-27 08:00:00,9251.0,9323.338
2021-08-27 09:00:00,9236.0,9279.019
2021-08-27 10:00:00,9168.0,9211.267
2021-08-27 11:00:00,9063.0,9127.797
2021-08-27 12:00:00,8997.0,9045.415
2021-08-27 13:00:00,9007.0,8988.87
2021-08-27 14:00:00,9000.0,8990.318
2021-08-27 15:00:00,9056.0,8991.388
2021-08-27 16:00:00,9095.0,9101.167
2021-08-27 17:00:00,8981.0,9068.188
2021-08-27 18:00:00,8846.0,8781.143
2021-08-27 19:00:00,8770.0,8752.087
2021-08-27 20:00:00,8495.0,8446.659
2021-08-27 21:00:00,8048.0,8328.353
2021-08-27 22:00:00,8484.5,8307.28
2021-08-27 23:00:00,8468.0,8449.427
2021-08-28 00:00:00,8434.0,8465.032
2021-08-28 01:00:00,8371.0,8418.13
2021-08-28 02:00:00,8331.0,8387.155
2021-08-28 03:00:00,8331.0,8320.9
2021-08-28 04:00:00,8331.0,8305.351
2021-08-28 05:00:00,8095.0,8204.184
2021-08-28 06:00:00,8323.0,8253.049
2021-08-28 07:00:00,8474.0,8421.383
2021-08-28 08:00:00,8553.0,8547.655
2021-08-28 09:00:00,8462.0,8584.058
2021-08-28 10:00:00,8406.0,8473.761
2021-08-28 11:00:00,8336.0,8412.92
2021-08-28 12:00:00,8315.0,8388.412
2021-08-28 13:00:00,8326.0,8417.6
2021-08-28 14:00:00,8384.0,8460.28
2021-08-28 15:00:00,8456.0,8556.194
2021-08-28 16:00:00,8508.0,8591.073
2021-08-28 17:00:00,8444.0,8497.89
2021-08-28 18:00:00,8374.0,8409.128
2021-08-28 19:00:00,8344.0,8528.794
2021-08-28 20:00:00,8117.0,8204.855
2021-08-28 21:00:00,7653.0,7669.502
2021-08-28 22:00:00,7797.0,7557.3096
2021-08-28 23:00:00,7768.5,7747.7295
2021-08-29 00:00:00,7751.0,7848.6196
2021-08-29 01:00:00,7734.5,7827.702
2021-08-29 02:00:00,7708.0,7777.6265
2021-08-29 03:00:00,7684.5,7792.1177
2021-08-29 04:00:00,7684.5,7814.169
2021-08-29 05:00:00,7562.0,7760.625
2021-08-29 06:00:00,7728.0,7784.2495
2021-08-29 07:00:00,7776.0,7946.282
2021-08-29 08:00:00,7818.0,8019.782
2021-08-29 09:00:00,7761.0,7982.9297
2021-08-29 10:00:00,7741.0,7922.631
2021-08-29 11:00:00,7688.0,7875.1436
2021-08-29 12:00:00,7681.0,7851.7217
2021-08-29 13:00:00,7651.0,7868.8125
2021-08-29 14:00:00,7650.0,7927.1816
2021-08-29 15:00:00,7724.0,7932.7725
2021-08-29 16:00:00,7861.0,8000.854
2021-08-29 17:00:00,7827.0,8048.4253
2021-08-29 18:00:00,7771.0,7970.715
2021-08-29 19:00:00,7899.0,8065.585
2021-08-29 20:00:00,7772.0,7978.0127
2021-08-29 21:00:00,7524.0,7589.2935
2021-08-29 22:00:00,7756.0,7626.2856
2021-08-29 23:00:00,7771.5,7723.303
2021-08-30 00:00:00,7799.5,7664.8457
2021-08-30 01:00:00,7844.0,7672.3403
2021-08-30 02:00:00,7501.0,7740.793
2021-08-30 03:00:00,7878.0,7996.138
2021-08-30 04:00:00,8279.0,8335.698
2021-08-30 05:00:00,8450.0,8578.713
2021-08-30 06:00:00,8553.0,8647.927
2021-08-30 07:00:00,8522.0,8663.062
2021-08-30 08:00:00,8654.0,8610.313
2021-08-30 09:00:00,8984.0,8689.228
2021-08-30 10:00:00,8911.0,8871.344
2021-08-30 11:00:00,8839.0,8808.71
2021-08-30 12:00:00,8749.0,8744.336
2021-08-30 13:00:00,8763.0,8687.604
2021-08-30 14:00:00,8714.0,8717.988
2021-08-30 15:00:00,8672.0,8683.102
2021-08-30 16:00:00,8789.0,8699.999
2021-08-30 17:00:00,8817.0,8774.49
2021-08-30 18:00:00,8697.0,8552.46
2021-08-30 19:00:00,8568.0,8585.981
2021-08-30 20:00:00,8172.0,8372.883
2021-08-30 21:00:00,8705.5,8091.8643
2021-08-30 22:00:00,8705.5,8736.314
2021-08-30 23:00:00,8705.5,8701.163
2021-08-31 00:00:00,8694.5,8629.85
2021-08-31 01:00:00,8682.0,8633.066
2021-08-31 02:00:00,8667.5,8652.177
2021-08-31 03:00:00,8149.0,8433.896
2021-08-31 04:00:00,8663.0,8454.969
2021-08-31 05:00:00,8811.0,8732.987
2021-08-31 06:00:00,8947.0,8822.631
2021-08-31 07:00:00,8957.0,8877.48
2021-08-31 08:00:00,8960.0,8893.658
2021-08-31 09:00:00,8959.0,8991.076
2021-08-31 10:00:00,8851.0,8883.861
2021-08-31 11:00:00,8692.0,8784.431
2021-08-31 12:00:00,8622.0,8671.912
2021-08-31 13:00:00,8619.0,8638.147
2021-08-31 14:00:00,8656.0,8618.085
2021-08-31 15:00:00,8624.0,8626.053
2021-08-31 16:00:00,8747.0,8697.149
2021-08-31 17:00:00,8754.0,8756.559
2021-08-31 18:00:00,8523.0,8577.789
2021-08-31 19:00:00,8329.0,8552.554
2021-08-31 20:00:00,8007.0,8181.9927
2021-08-31 21:00:00,8620.5,8495.1455
2021-08-31 22:00:00,8620.5,8662.875
2021-08-31 23:00:00,8620.5,8647.302
2021-09-01 00:00:00,8620.5,8613.219
2021-09-01 01:00:00,8607.5,8610.295
2021-09-01 02:00:00,8573.5,8578.021
2021-09-01 03:00:00,7896.0,8186.9443
2021-09-01 04:00:00,8486.0,8581.391
2021-09-01 05:00:00,8799.0,8735.214
2021-09-01 06:00:00,8949.0,8893.606
2021-09-01 07:00:00,8951.0,8989.161
2021-09-01 08:00:00,8959.0,8976.082
2021-09-01 09:00:00,8916.0,9003.922
2021-09-01 10:00:00,8818.0,8871.944
2021-09-01 11:00:00,8708.0,8767.888
2021-09-01 12:00:00,8596.0,8681.573
2021-09-01 13:00:00,8551.0,8608.418
2021-09-01 14:00:00,8546.0,8621.312
2021-09-01 15:00:00,8563.0,8611.91
2021-09-01 16:00:00,8789.0,8770.662
2021-09-01 17:00:00,8756.0,8860.681
2021-09-01 18:00:00,8735.0,8534.268
2021-09-01 19:00:00,8688.0,8432.573
2021-09-01 20:00:00,8492.0,8263.489
2021-09-01 21:00:00,8605.0,8567.478
2021-09-01 22:00:00,8605.0,8646.577
2021-09-01 23:00:00,8605.0,8654.949
2021-09-02 00:00:00,8605.0,8688.436
2021-09-02 01:00:00,8651.0,8684.339
2021-09-02 02:00:00,8711.5,8618.371
2021-09-02 03:00:00,8520.0,8264.22
2021-09-02 04:00:00,8614.0,8641.333
2021-09-02 05:00:00,8935.0,8908.019
2021-09-02 06:00:00,9030.0,9058.38
2021-09-02 07:00:00,8981.0,9074.613
2021-09-02 08:00:00,8997.0,9062.226
2021-09-02 09:00:00,9006.0,9037.015
2021-09-02 10:00:00,8930.0,8962.505
2021-09-02 11:00:00,8877.0,8881.529
2021-09-02 12:00:00,8854.0,8854.948
2021-09-02 13:00:00,8856.0,8812.441
2021-09-02 14:00:00,9033.0,8838.594
2021-09-02 15:00:00,9063.0,8996.491
2021-09-02 16:00:00,9168.0,9162.279
2021-09-02 17:00:00,9234.0,9186.479
2021-09-02 18:00:00,8946.0,8887.495
2021-09-02 19:00:00,8718.0,8725.972
2021-09-02 20:00:00,8463.0,8429.407
2021-09-02 21:00:00,7938.0,8714.847
2021-09-02 22:00:00,8903.5,8845.16
2021-09-02 23:00:00,8911.5,8896.941
2021-09-03 00:00:00,8980.0,8889.308
2021-09-03 01:00:00,8980.0,8948.148
2021-09-03 02:00:00,7964.0,8870.164
2021-09-03 03:00:00,8526.0,8386.966
2021-09-03 04:00:00,9075.0,8820.045
2021-09-03 05:00:00,9312.0,9257.313
2021-09-03 06:00:00,9459.0,9406.724
2021-09-03 07:00:00,9352.0,9413.799
2021-09-03 08:00:00,9339.0,9340.792
2021-09-03 09:00:00,9320.0,9317.838
2021-09-03 10:00:00,9140.0,9206.404
2021-09-03 11:00:00,9014.0,9026.203
2021-09-03 12:00:00,8906.0,8918.695
2021-09-03 13:00:00,8847.0,8877.315
2021-09-03 14:00:00,8846.0,8884.248
2021-09-03 15:00:00,8905.0,8917.905
2021-09-03 16:00:00,8974.0,9101.176
2021-09-03 17:00:00,8979.0,9075.253
2021-09-03 18:00:00,8810.0,8822.224
2021-09-03 19:00:00,8664.0,8626.333
2021-09-03 20:00:00,8361.0,8395.671
2021-09-03 21:00:00,7905.0,7892.9717
2021-09-03 22:00:00,8377.5,8302.75
2021-09-03 23:00:00,8377.5,8389.4
2021-09-04 00:00:00,8369.0,8329.085
2021-09-04 01:00:00,8369.0,8339.193
2021-09-04 02:00:00,8369.0,8270.679
2021-09-04 03:00:00,8369.0,8233.649
2021-09-04 04:00:00,8369.0,8257.121
2021-09-04 05:00:00,8022.0,8210.649
2021-09-04 06:00:00,8177.0,8241.645
2021-09-04 07:00:00,8290.0,8307.989
2021-09-04 08:00:00,8394.0,8366.864
2021-09-04 09:00:00,8460.0,8376.345
2021-09-04 10:00:00,8446.0,8398.619
2021-09-04 11:00:00,8377.0,8393.103
2021-09-04 12:00:00,8491.0,8385.029
2021-09-04 13:00:00,8456.0,8501.381
2021-09-04 14:00:00,8589.0,8552.25
2021-09-04 15:00:00,8734.0,8665.796
2021-09-04 16:00:00,8766.0,8787.38
2021-09-04 17:00:00,8649.0,8783.892
2021-09-04 18:00:00,8607.0,8479.981
2021-09-04 19:00:00,8637.0,8494.045
2021-09-04 20:00:00,8471.0,8350.953
2021-09-04 21:00:00,8287.0,8113.701
2021-09-04 22:00:00,8092.0,7928.425
2021-09-04 23:00:00,8008.0,7814.8887
2021-09-05 00:00:00,8004.0,7964.137
2021-09-05 01:00:00,8085.0,7969.8315
2021-09-05 02:00:00,8213.0,7994.391
2021-09-05 03:00:00,8187.0,8121.215
2021-09-05 04:00:00,8200.0,8093.2075
2021-09-05 05:00:00,8307.0,7976.846
2021-09-05 06:00:00,8280.0,8186.102
2021-09-05 07:00:00,8216.0,8252.868
2021-09-05 08:00:00,8145.0,8281.657
2021-09-05 09:00:00,8136.0,8187.7334
2021-09-05 10:00:00,8207.0,8156.4473
2021-09-05 11:00:00,8286.0,8205.904
2021-09-05 12:00:00,8338.0,8283.938
2021-09-05 13:00:00,8369.0,8322.778
2021-09-05 14:00:00,8418.0,8426.029
2021-09-05 15:00:00,8408.0,8483.0
2021-09-05 16:00:00,8484.0,8507.618
2021-09-05 17:00:00,8578.0,8523.065
2021-09-05 18:00:00,8464.0,8518.215
2021-09-05 19:00:00,8549.0,8453.717
2021-09-05 20:00:00,8580.0,8462.037
2021-09-05 21:00:00,8336.0,8281.728
2021-09-05 22:00:00,8100.0,8123.472
2021-09-05 23:00:00,8474.0,8024.975
2021-09-06 00:00:00,8516.5,8358.538
2021-09-06 01:00:00,8095.0,8463.522
2021-09-06 02:00:00,8336.0,8208.398
2021-09-06 03:00:00,8654.0,8303.359
2021-09-06 04:00:00,8858.0,8857.498
2021-09-06 05:00:00,9012.0,9077.799
2021-09-06 06:00:00,9053.0,9115.349
2021-09-06 07:00:00,8980.0,9098.354
2021-09-06 08:00:00,8956.0,9073.583
2021-09-06 09:00:00,8932.0,9030.619
2021-09-06 10:00:00,8832.0,8931.849
2021-09-06 11:00:00,8868.0,8843.566
2021-09-06 12:00:00,8845.0,8872.725
2021-09-06 13:00:00,8826.0,8837.667
2021-09-06 14:00:00,8847.0,8860.611
2021-09-06 15:00:00,8748.0,8886.425
2021-09-06 16:00:00,8818.0,8945.393
2021-09-06 17:00:00,9009.0,8976.058
2021-09-06 18:00:00,8813.0,8773.676
2021-09-06 19:00:00,8653.0,8648.697
2021-09-06 20:00:00,8352.0,8507.959
2021-09-06 21:00:00,8822.0,8588.862
2021-09-06 22:00:00,8822.0,8872.491
2021-09-06 23:00:00,8822.0,8834.743
2021-09-07 00:00:00,8822.0,8788.151
2021-09-07 01:00:00,8822.0,8867.46
2021-09-07 02:00:00,8825.0,8717.593
2021-09-07 03:00:00,8427.0,8507.109
2021-09-07 04:00:00,8832.0,8807.123
2021-09-07 05:00:00,9085.0,8986.501
2021-09-07 06:00:00,9175.0,9155.39
2021-09-07 07:00:00,9143.0,9125.504
2021-09-07 08:00:00,9164.0,9111.142
2021-09-07 09:00:00,9218.0,9096.802
2021-09-07 10:00:00,9196.0,9067.59
2021-09-07 11:00:00,9232.0,9063.173
2021-09-07 12:00:00,8992.0,9100.642
2021-09-07 13:00:00,8935.0,8905.092
2021-09-07 14:00:00,8922.0,8901.949
2021-09-07 15:00:00,8860.0,8905.012
2021-09-07 16:00:00,8962.0,8954.036
2021-09-07 17:00:00,9064.0,9050.591
2021-09-07 18:00:00,8756.0,8845.551
2021-09-07 19:00:00,8613.0,8599.041
2021-09-07 20:00:00,8308.0,8476.301
2021-09-07 21:00:00,8891.0,8575.776
2021-09-07 22:00:00,8891.0,8804.065
2021-09-07 23:00:00,8891.0,8812.981
2021-09-08 00:00:00,8891.0,8876.798
2021-09-08 01:00:00,8856.5,8885.216
2021-09-08 02:00:00,7689.0,8796.429
2021-09-08 03:00:00,8258.0,8309.665
2021-09-08 04:00:00,8704.0,8672.475
2021-09-08 05:00:00,8983.0,8948.42
2021-09-08 06:00:00,9210.0,9110.025
2021-09-08 07:00:00,9262.0,9204.285
2021-09-08 08:00:00,9298.0,9249.032
2021-09-08 09:00:00,9267.0,9276.225
2021-09-08 10:00:00,9124.0,9183.158
2021-09-08 11:00:00,8954.0,9089.5205
2021-09-08 12:00:00,8853.0,8914.036
2021-09-08 13:00:00,8780.0,8835.235
2021-09-08 14:00:00,8797.0,8833.161
2021-09-08 15:00:00,8760.0,8841.457
2021-09-08 16:00:00,8896.0,8937.529
2021-09-08 17:00:00,9002.0,9019.12
2021-09-08 18:00:00,8642.0,8769.46
2021-09-08 19:00:00,8486.0,8501.3545
2021-09-08 20:00:00,8171.0,8338.986
2021-09-08 21:00:00,8770.0,8569.62
2021-09-08 22:00:00,8770.0,8770.316
2021-09-08 23:00:00,8770.0,8783.34
2021-09-09 00:00:00,8770.0,8771.485
2021-09-09 01:00:00,8770.0,8780.22
2021-09-09 02:00:00,8778.5,8655.403
2021-09-09 03:00:00,8227.0,8460.423
2021-09-09 04:00:00,8685.0,8626.971
2021-09-09 05:00:00,8974.0,8963.544
2021-09-09 06:00:00,9077.0,9118.662
2021-09-09 07:00:00,9105.0,9148.781
2021-09-09 08:00:00,9194.0,9174.448
2021-09-09 09:00:00,9202.0,9188.181
2021-09-09 10:00:00,9043.0,9110.9795
2021-09-09 11:00:00,9071.0,8964.973
2021-09-09 12:00:00,8992.0,8975.912
2021-09-09 13:00:00,8940.0,8899.58
2021-09-09 14:00:00,8924.0,8929.07
2021-09-09 15:00:00,8824.0,8916.718
2021-09-09 16:00:00,8912.0,9007.332
2021-09-09 17:00:00,9050.0,9077.501
2021-09-09 18:00:00,8738.0,8779.901
2021-09-09 19:00:00,8586.0,8524.5625
2021-09-09 20:00:00,8317.0,8342.191
2021-09-09 21:00:00,8876.5,8426.843
2021-09-09 22:00:00,8876.5,8807.618
2021-09-09 23:00:00,8832.5,8822.292
2021-09-10 00:00:00,8820.5,8846.277
2021-09-10 01:00:00,8777.5,8842.735
2021-09-10 02:00:00,7964.0,8639.82
2021-09-10 03:00:00,8416.0,8408.151
2021-09-10 04:00:00,8841.0,8771.374
2021-09-10 05:00:00,8976.0,9108.222
2021-09-10 06:00:00,9066.0,9158.971
2021-09-10 07:00:00,9025.0,9161.11
2021-09-10 08:00:00,9019.0,9101.116
2021-09-10 09:00:00,8989.0,9084.753
2021-09-10 10:00:00,8817.0,8972.355
2021-09-10 11:00:00,8702.0,8872.48
2021-09-10 12:00:00,8635.0,8752.557
2021-09-10 13:00:00,8633.0,8700.683
2021-09-10 14:00:00,8656.0,8720.987
2021-09-10 15:00:00,8611.0,8712.162
2021-09-10 16:00:00,8698.0,8806.041
2021-09-10 17:00:00,8862.0,8847.93
2021-09-10 18:00:00,8536.0,8631.095
2021-09-10 19:00:00,8394.0,8485.11
2021-09-10 20:00:00,8139.0,8218.8
2021-09-10 21:00:00,8243.5,7927.6416
2021-09-10 22:00:00,8240.5,8172.1416
2021-09-10 23:00:00,8205.5,8161.966
2021-09-11 00:00:00,8173.0,8204.324
2021-09-11 01:00:00,8144.0,8157.828
2021-09-11 02:00:00,8144.0,8141.0874
2021-09-11 03:00:00,8144.0,8151.4326
2021-09-11 04:00:00,8144.0,8082.879
2021-09-11 05:00:00,7804.0,8032.05
2021-09-11 06:00:00,8021.0,7991.904
2021-09-11 07:00:00,8197.0,8166.0635
2021-09-11 08:00:00,8290.0,8261.63
2021-09-11 09:00:00,8284.0,8335.22
2021-09-11 10:00:00,8214.0,8281.941
2021-09-11 11:00:00,8149.0,8210.577
2021-09-11 12:00:00,8136.0,8191.669
2021-09-11 13:00:00,8272.0,8219.94
2021-09-11 14:00:00,8356.0,8378.265
2021-09-11 15:00:00,8484.0,8447.567
2021-09-11 16:00:00,8565.0,8605.415
2021-09-11 17:00:00,8632.0,8606.093
2021-09-11 18:00:00,8264.0,8375.523
2021-09-11 19:00:00,8155.0,8268.332
2021-09-11 20:00:00,7866.0,8095.2383
2021-09-11 21:00:00,7488.0,7726.39
2021-09-11 22:00:00,7140.0,7441.6665
2021-09-11 23:00:00,7030.0,7104.5444
2021-09-12 00:00:00,8085.0,7112.4595
2021-09-12 01:00:00,7052.0,7994.971
2021-09-12 02:00:00,7132.0,7431.7783
2021-09-12 03:00:00,7232.0,7491.861
2021-09-12 04:00:00,7240.0,7518.04
2021-09-12 05:00:00,7502.0,7571.145
2021-09-12 06:00:00,7827.0,7796.3267
2021-09-12 07:00:00,8034.0,7984.061
2021-09-12 08:00:00,8254.0,8162.398
2021-09-12 09:00:00,8486.0,8219.542
2021-09-12 10:00:00,8384.0,8315.737
2021-09-12 11:00:00,8147.0,8252.053
2021-09-12 12:00:00,8237.0,8090.692
2021-09-12 13:00:00,8216.0,8217.258
2021-09-12 14:00:00,8268.0,8295.3
2021-09-12 15:00:00,8324.0,8343.584
2021-09-12 16:00:00,8446.0,8419.277
2021-09-12 17:00:00,8517.0,8471.846
2021-09-12 18:00:00,8181.0,8329.637
2021-09-12 19:00:00,8205.0,8152.5327
2021-09-12 20:00:00,7996.0,8062.1606
2021-09-12 21:00:00,7580.0,7922.288
2021-09-12 22:00:00,8226.5,7697.183
2021-09-12 23:00:00,8226.5,8182.3438
2021-09-13 00:00:00,8252.5,8327.372
2021-09-13 01:00:00,8296.0,8188.5776
2021-09-13 02:00:00,8385.0,8266.449
2021-09-13 03:00:00,8184.0,8495.352
2021-09-13 04:00:00,8558.0,8754.953
2021-09-13 05:00:00,8751.0,8920.216
2021-09-13 06:00:00,8958.0,8981.142
2021-09-13 07:00:00,8978.0,9049.723
2021-09-13 08:00:00,9027.0,9053.462
2021-09-13 09:00:00,9008.0,9042.814
2021-09-13 10:00:00,8892.0,8906.253
2021-09-13 11:00:00,8821.0,8826.226
2021-09-13 12:00:00,8807.0,8777.461
2021-09-13 13:00:00,8752.0,8756.756
2021-09-13 14:00:00,8828.0,8762.675
2021-09-13 15:00:00,8830.0,8821.133
2021-09-13 16:00:00,9033.0,8920.909
2021-09-13 17:00:00,9264.0,9090.743
2021-09-13 18:00:00,8949.0,8889.214
2021-09-13 19:00:00,8867.0,8606.469
2021-09-13 20:00:00,8605.0,8500.732
2021-09-13 21:00:00,8829.0,8556.731
2021-09-13 22:00:00,8829.0,8841.911
2021-09-13 23:00:00,8829.0,8822.321
2021-09-14 00:00:00,8848.5,8784.48
2021-09-14 01:00:00,8908.0,8809.747
2021-09-14 02:00:00,8991.0,8868.831
2021-09-14 03:00:00,8782.0,8579.072
2021-09-14 04:00:00,9164.0,8804.878
2021-09-14 05:00:00,9328.0,9207.549
2021-09-14 06:00:00,9410.0,9323.518
2021-09-14 07:00:00,9359.0,9333.438
2021-09-14 08:00:00,9397.0,9296.303
2021-09-14 09:00:00,9416.0,9338.478
2021-09-14 10:00:00,9281.0,9250.739
2021-09-14 11:00:00,9198.0,9166.474
2021-09-14 12:00:00,9132.0,9071.052
2021-09-14 13:00:00,9127.0,9012.247
2021-09-14 14:00:00,9159.0,9064.745
2021-09-14 15:00:00,9170.0,9101.791
2021-09-14 16:00:00,9268.0,9260.346
2021-09-14 17:00:00,9485.0,9333.015
2021-09-14 18:00:00,9064.0,9117.603
2021-09-14 19:00:00,8923.0,8836.996
2021-09-14 20:00:00,8615.0,8647.895
2021-09-14 21:00:00,9129.5,8814.052
2021-09-14 22:00:00,9129.5,9026.563
2021-09-14 23:00:00,9129.5,9033.671
2021-09-15 00:00:00,9127.0,9086.3545
2021-09-15 01:00:00,9127.0,9145.43
2021-09-15 02:00:00,9131.5,9095.104
2021-09-15 03:00:00,8767.0,8832.133
2021-09-15 04:00:00,9127.0,8993.683
2021-09-15 05:00:00,9375.0,9262.658
2021-09-15 06:00:00,9532.0,9463.02
2021-09-15 07:00:00,9443.0,9489.482
2021-09-15 08:00:00,9411.0,9466.056
2021-09-15 09:00:00,9221.0,9433.163
2021-09-15 10:00:00,9183.0,9202.817
2021-09-15 11:00:00,9060.0,9143.206
2021-09-15 12:00:00,9136.0,9037.598
2021-09-15 13:00:00,9169.0,9085.431
2021-09-15 14:00:00,9211.0,9162.906
2021-09-15 15:00:00,9250.0,9214.237
2021-09-15 16:00:00,9492.0,9404.544
2021-09-15 17:00:00,9693.0,9559.817
2021-09-15 18:00:00,9277.0,9277.349
2021-09-15 19:00:00,9085.0,8994.619
2021-09-15 20:00:00,8793.0,8782.914
2021-09-15 21:00:00,9176.0,8867.734
2021-09-15 22:00:00,9176.0,9105.916
2021-09-15 23:00:00,9190.0,9143.742
2021-09-16 00:00:00,9227.0,9204.829
2021-09-16 01:00:00,9246.5,9225.655
2021-09-16 02:00:00,9254.5,9208.767
2021-09-16 03:00:00,8834.0,8939.814
2021-09-16 04:00:00,9243.0,9080.561
2021-09-16 05:00:00,9406.0,9458.687
2021-09-16 06:00:00,9475.0,9517.859
2021-09-16 07:00:00,9445.0,9521.593
2021-09-16 08:00:00,9418.0,9484.9375
2021-09-16 09:00:00,9326.0,9458.616
2021-09-16 10:00:00,9259.0,9327.092
2021-09-16 11:00:00,9287.0,9228.169
2021-09-16 12:00:00,9277.0,9324.28
2021-09-16 13:00:00,9288.0,9275.996
2021-09-16 14:00:00,9359.0,9360.32
2021-09-16 15:00:00,9361.0,9411.542
2021-09-16 16:00:00,9548.0,9504.36
2021-09-16 17:00:00,9758.0,9680.907
2021-09-16 18:00:00,9273.0,9415.553
2021-09-16 19:00:00,9084.0,9085.931
2021-09-16 20:00:00,8798.0,8887.554
2021-09-16 21:00:00,9282.0,8973.96
2021-09-16 22:00:00,9282.0,9217.829
2021-09-16 23:00:00,9287.5,9240.825
2021-09-17 00:00:00,9315.0,9314.264
2021-09-17 01:00:00,9315.0,9316.937
2021-09-17 02:00:00,9309.5,9170.767
2021-09-17 03:00:00,8987.0,8988.507
2021-09-17 04:00:00,9342.0,9261.011
2021-09-17 05:00:00,9612.0,9573.285
2021-09-17 06:00:00,9658.0,9666.016
2021-09-17 07:00:00,9598.0,9640.509
2021-09-17 08:00:00,9557.0,9610.762
2021-09-17 09:00:00,9407.0,9533.882
2021-09-17 10:00:00,9384.0,9347.7705
2021-09-17 11:00:00,9345.0,9330.109
2021-09-17 12:00:00,9257.0,9287.712
2021-09-17 13:00:00,9277.0,9246.799
2021-09-17 14:00:00,9342.0,9314.094
2021-09-17 15:00:00,9336.0,9383.358
2021-09-17 16:00:00,9453.0,9520.82
2021-09-17 17:00:00,9571.0,9598.954
2021-09-17 18:00:00,9136.0,9187.791
2021-09-17 19:00:00,9017.0,8907.439
2021-09-17 20:00:00,8678.0,8677.214
2021-09-17 21:00:00,8667.5,8597.346
2021-09-17 22:00:00,8667.5,8590.609
2021-09-17 23:00:00,8667.5,8564.67
2021-09-18 00:00:00,8650.5,8614.495
2021-09-18 01:00:00,8639.5,8594.618
2021-09-18 02:00:00,8639.5,8518.399
2021-09-18 03:00:00,8639.5,8395.282
2021-09-18 04:00:00,8165.0,8527.24
2021-09-18 05:00:00,8324.0,8098.0596
2021-09-18 06:00:00,8520.0,8496.185
2021-09-18 07:00:00,8644.0,8526.338
2021-09-18 08:00:00,8657.0,8614.491
2021-09-18 09:00:00,8719.0,8572.004
2021-09-18 10:00:00,8695.0,8627.109
2021-09-18 11:00:00,8635.0,8617.116
2021-09-18 12:00:00,8615.0,8591.8955
2021-09-18 13:00:00,8713.0,8627.402
2021-09-18 14:00:00,8827.0,8816.144
2021-09-18 15:00:00,8976.0,8960.873
2021-09-18 16:00:00,9135.0,9056.063
2021-09-18 17:00:00,9266.0,9231.545
2021-09-18 18:00:00,8803.0,8831.544
2021-09-18 19:00:00,8750.0,8612.507
2021-09-18 20:00:00,8547.0,8447.115
2021-09-18 21:00:00,8155.0,8201.13
2021-09-18 22:00:00,7825.0,7953.244
2021-09-18 23:00:00,7661.0,7959.3926
2021-09-19 00:00:00,8374.5,7686.1963
2021-09-19 01:00:00,7653.0,8159.077
2021-09-19 02:00:00,7701.0,7722.3047
2021-09-19 03:00:00,7828.0,7725.1523
2021-09-19 04:00:00,7838.0,7814.41
2021-09-19 05:00:00,8018.0,7892.171
2021-09-19 06:00:00,8263.0,8155.801
2021-09-19 07:00:00,8404.0,8389.133
2021-09-19 08:00:00,8416.0,8445.412
2021-09-19 09:00:00,8417.0,8429.3125
2021-09-19 10:00:00,8345.0,8366.02
2021-09-19 11:00:00,8318.0,8287.517
2021-09-19 12:00:00,8315.0,8300.812
2021-09-19 13:00:00,8379.0,8342.713
2021-09-19 14:00:00,8479.0,8489.549
2021-09-19 15:00:00,8643.0,8563.312
2021-09-19 16:00:00,8914.0,8739.473
2021-09-19 17:00:00,8391.5,8734.71
2021-09-19 18:00:00,8623.0,8445.504
2021-09-19 19:00:00,8633.0,8548.6875
2021-09-19 20:00:00,8468.0,8437.553
2021-09-19 21:00:00,8149.0,8090.397
2021-09-19 22:00:00,7792.0,7947.281
2021-09-19 23:00:00,8628.0,7848.595
2021-09-20 00:00:00,8638.0,8515.907
2021-09-20 01:00:00,7768.0,8528.64
2021-09-20 02:00:00,8067.0,8204.096
2021-09-20 03:00:00,8760.0,8593.204
2021-09-20 04:00:00,9138.0,9068.461
2021-09-20 05:00:00,9415.0,9305.153
2021-09-20 06:00:00,9554.0,9478.158
2021-09-20 07:00:00,9547.0,9448.45
2021-09-20 08:00:00,9538.0,9487.754
2021-09-20 09:00:00,9467.0,9447.46
2021-09-20 10:00:00,9323.0,9324.002
2021-09-20 11:00:00,9219.0,9188.842
2021-09-20 12:00:00,9168.0,9123.512
2021-09-20 13:00:00,9088.0,9090.908
2021-09-20 14:00:00,9120.0,9109.066
2021-09-20 15:00:00,9140.0,9147.08
2021-09-20 16:00:00,9411.0,9316.281
2021-09-20 17:00:00,9602.0,9488.343
2021-09-20 18:00:00,9185.0,9226.374
2021-09-20 19:00:00,9005.0,8959.629
2021-09-20 20:00:00,8757.0,8742.666
2021-09-20 21:00:00,8319.0,8688.332
2021-09-20 22:00:00,9176.5,9105.192
2021-09-20 23:00:00,9176.5,9108.056
2021-09-21 00:00:00,9176.5,9077.749
2021-09-21 01:00:00,9194.0,9147.148
2021-09-21 02:00:00,8478.0,8970.14
2021-09-21 03:00:00,9235.0,8926.791
2021-09-21 04:00:00,9533.0,9446.622
2021-09-21 05:00:00,9740.0,9654.713
2021-09-21 06:00:00,9734.0,9768.431
2021-09-21 07:00:00,9630.0,9680.913
2021-09-21 08:00:00,9509.0,9596.002
2021-09-21 09:00:00,9499.0,9502.597
2021-09-21 10:00:00,9395.0,9432.787
2021-09-21 11:00:00,9307.0,9340.212
2021-09-21 12:00:00,9203.0,9283.079
2021-09-21 13:00:00,9200.0,9191.8545
2021-09-21 14:00:00,9274.0,9271.767
2021-09-21 15:00:00,9304.0,9358.93
2021-09-21 16:00:00,9650.0,9488.914
2021-09-21 17:00:00,9811.0,9740.325
2021-09-21 18:00:00,9396.0,9425.097
2021-09-21 19:00:00,9292.0,9135.935
2021-09-21 20:00:00,9016.0,8954.972
2021-09-21 21:00:00,8605.0,8950.609
2021-09-21 22:00:00,9305.5,9257.653
2021-09-21 23:00:00,9305.5,9278.225
2021-09-22 00:00:00,9298.0,9281.509
2021-09-22 01:00:00,9298.0,9307.557
2021-09-22 02:00:00,8702.0,9133.98
2021-09-22 03:00:00,9384.0,8853.789
2021-09-22 04:00:00,9664.0,9571.081
2021-09-22 05:00:00,9769.0,9815.702
2021-09-22 06:00:00,9653.0,9832.802
2021-09-22 07:00:00,9491.0,9642.106
2021-09-22 08:00:00,9496.0,9486.652
2021-09-22 09:00:00,9468.0,9485.999
2021-09-22 10:00:00,9349.0,9383.116
2021-09-22 11:00:00,9162.0,9308.262
2021-09-22 12:00:00,9156.0,9194.037
2021-09-22 13:00:00,9175.0,9182.2295
2021-09-22 14:00:00,9210.0,9262.447
2021-09-22 15:00:00,9160.0,9307.532
2021-09-22 16:00:00,9571.0,9535.628
2021-09-22 17:00:00,9708.0,9710.614
2021-09-22 18:00:00,9176.0,9354.309
2021-09-22 19:00:00,8993.0,9117.146
2021-09-22 20:00:00,8729.0,8810.376
2021-09-22 21:00:00,9168.5,8894.11
2021-09-22 22:00:00,9168.5,9228.965
2021-09-22 23:00:00,9168.5,9223.429
2021-09-23 00:00:00,9175.5,9254.948
2021-09-23 01:00:00,9193.0,9268.066
2021-09-23 02:00:00,9279.5,8976.885
2021-09-23 03:00:00,9066.0,9157.372
2021-09-23 04:00:00,9349.0,9463.806
2021-09-23 05:00:00,9515.0,9635.829
2021-09-23 06:00:00,9607.0,9622.687
2021-09-23 07:00:00,9676.0,9567.965
2021-09-23 08:00:00,9697.0,9621.736
2021-09-23 09:00:00,9730.0,9604.2295
2021-09-23 10:00:00,9656.0,9581.936
2021-09-23 11:00:00,9635.0,9494.98
2021-09-23 12:00:00,9547.0,9511.8125
2021-09-23 13:00:00,9513.0,9466.965
2021-09-23 14:00:00,9570.0,9549.797
2021-09-23 15:00:00,9691.0,9589.868
2021-09-23 16:00:00,9958.0,9887.305
2021-09-23 17:00:00,9874.0,9939.655
2021-09-23 18:00:00,9326.0,9506.271
2021-09-23 19:00:00,9176.0,9107.152
2021-09-23 20:00:00,8929.0,8825.837
2021-09-23 21:00:00,9530.0,9013.417
2021-09-23 22:00:00,9530.0,9452.441
2021-09-23 23:00:00,9530.0,9463.714
2021-09-24 00:00:00,9530.0,9519.862
2021-09-24 01:00:00,9541.5,9522.273
2021-09-24 02:00:00,9579.5,9390.894
2021-09-24 03:00:00,9145.0,9432.271
2021-09-24 04:00:00,9420.0,9503.896
2021-09-24 05:00:00,9589.0,9679.93
2021-09-24 06:00:00,9688.0,9702.086
2021-09-24 07:00:00,9718.0,9745.122
2021-09-24 08:00:00,9710.0,9741.93
2021-09-24 09:00:00,9775.0,9708.662
2021-09-24 10:00:00,9756.0,9700.241
2021-09-24 11:00:00,9671.0,9646.016
2021-09-24 12:00:00,9675.0,9563.213
2021-09-24 13:00:00,9597.0,9593.152
2021-09-24 14:00:00,9589.0,9656.444
2021-09-24 15:00:00,9600.0,9687.812
2021-09-24 16:00:00,9793.0,9888.482
2021-09-24 17:00:00,9686.0,9885.085
2021-09-24 18:00:00,9255.0,9309.123
2021-09-24 19:00:00,9092.0,9068.358
2021-09-24 20:00:00,8833.0,8864.839
2021-09-24 21:00:00,8418.0,8879.668
2021-09-24 22:00:00,8871.0,8897.603
2021-09-24 23:00:00,8850.5,8883.309
2021-09-25 00:00:00,8809.0,8829.688
2021-09-25 01:00:00,8772.5,8816.181
2021-09-25 02:00:00,8772.5,8729.245
2021-09-25 03:00:00,8255.0,8654.39
2021-09-25 04:00:00,8232.0,8360.661
2021-09-25 05:00:00,8481.0,8343.04
2021-09-25 06:00:00,8712.0,8704.476
2021-09-25 07:00:00,8874.0,8836.778
2021-09-25 08:00:00,8958.0,8956.224
2021-09-25 09:00:00,8868.0,8969.366
2021-09-25 10:00:00,8785.0,8861.291
2021-09-25 11:00:00,8719.0,8805.455
2021-09-25 12:00:00,8760.0,8775.475
2021-09-25 13:00:00,8820.0,8888.733
2021-09-25 14:00:00,8992.0,8998.943
2021-09-25 15:00:00,9011.0,9150.643
2021-09-25 16:00:00,9337.0,9256.634
2021-09-25 17:00:00,9306.0,9444.201
2021-09-25 18:00:00,8811.0,9013.5205
2021-09-25 19:00:00,8759.0,8790.117
2021-09-25 20:00:00,8592.0,8634.643
2021-09-25 21:00:00,8142.0,8202.801
2021-09-25 22:00:00,7814.0,7883.1787
2021-09-25 23:00:00,8418.0,7776.904
2021-09-26 00:00:00,8383.0,8203.184
2021-09-26 01:00:00,7678.0,8106.675
2021-09-26 02:00:00,7806.0,7702.189
2021-09-26 03:00:00,8042.0,7865.1606
2021-09-26 04:00:00,8005.0,8042.4136
2021-09-26 05:00:00,8238.0,8064.045
2021-09-26 06:00:00,8385.0,8366.628
2021-09-26 07:00:00,8470.0,8468.371
2021-09-26 08:00:00,8451.0,8516.347
2021-09-26 09:00:00,8381.0,8455.872
2021-09-26 10:00:00,8243.0,8364.389
2021-09-26 11:00:00,8168.0,8263.467
2021-09-26 12:00:00,8184.0,8238.379
2021-09-26 13:00:00,8222.0,8263.8125
2021-09-26 14:00:00,8380.0,8410.172
2021-09-26 15:00:00,8516.0,8579.278
2021-09-26 16:00:00,8979.0,8802.364
2021-09-26 17:00:00,9007.0,8864.994
2021-09-26 18:00:00,8681.0,8803.379
2021-09-26 19:00:00,8762.0,8709.15
2021-09-26 20:00:00,8650.0,8654.554
2021-09-26 21:00:00,8294.0,8236.158
2021-09-26 22:00:00,8000.0,7930.0747
2021-09-26 23:00:00,7846.0,8034.248
2021-09-27 00:00:00,7906.0,8107.9937
2021-09-27 01:00:00,8081.0,8010.9014
2021-09-27 02:00:00,8394.0,8305.425
2021-09-27 03:00:00,9226.0,8806.978
2021-09-27 04:00:00,9568.0,9530.345
2021-09-27 05:00:00,9805.0,9724.995
2021-09-27 06:00:00,9772.0,9836.607
2021-09-27 07:00:00,9609.0,9748.307
2021-09-27 08:00:00,9547.0,9602.601
2021-09-27 09:00:00,9446.0,9545.556
2021-09-27 10:00:00,9306.0,9403.759
2021-09-27 11:00:00,9194.0,9274.607
2021-09-27 12:00:00,9117.0,9188.264
2021-09-27 13:00:00,9148.0,9115.244
2021-09-27 14:00:00,9187.0,9187.414
2021-09-27 15:00:00,9151.0,9252.732
2021-09-27 16:00:00,9517.0,9428.605
2021-09-27 17:00:00,9635.0,9635.829
2021-09-27 18:00:00,9157.0,9278.0205
2021-09-27 19:00:00,9070.0,8957.893
2021-09-27 20:00:00,8872.0,8889.112
2021-09-27 21:00:00,8592.0,8681.876
2021-09-27 22:00:00,8326.0,9090.355
2021-09-27 23:00:00,8251.0,8991.114
2021-09-28 00:00:00,8322.0,8706.67
2021-09-28 01:00:00,8436.0,8913.393
2021-09-28 02:00:00,8738.0,8686.941
2021-09-28 03:00:00,9289.0,8886.203
2021-09-28 04:00:00,9360.0,9626.169
2021-09-28 05:00:00,9486.0,9627.136
2021-09-28 06:00:00,9596.0,9587.887
2021-09-28 07:00:00,9587.0,9503.6875
2021-09-28 08:00:00,9449.0,9519.61
2021-09-28 09:00:00,9268.0,9380.721
2021-09-28 10:00:00,9130.0,9216.837
2021-09-28 11:00:00,9021.0,9087.708
2021-09-28 12:00:00,8969.0,8986.876
2021-09-28 13:00:00,8998.0,8989.196
2021-09-28 14:00:00,9116.0,9032.222
2021-09-28 15:00:00,9213.0,9169.382
2021-09-28 16:00:00,9599.0,9438.026
2021-09-28 17:00:00,9595.0,9626.958
2021-09-28 18:00:00,9050.0,9238.931
2021-09-28 19:00:00,8903.0,8925.737
2021-09-28 20:00:00,8703.0,8789.309
2021-09-28 21:00:00,9035.5,8621.3
2021-09-28 22:00:00,9035.5,8953.111
2021-09-28 23:00:00,9035.5,8900.234
2021-09-29 00:00:00,9083.0,8983.78
2021-09-29 01:00:00,9164.5,9150.797
2021-09-29 02:00:00,9223.5,8967.755
2021-09-29 03:00:00,8898.0,9113.143
2021-09-29 04:00:00,9234.0,9228.371
2021-09-29 05:00:00,9466.0,9499.0
2021-09-29 06:00:00,9596.0,9561.569
2021-09-29 07:00:00,9655.0,9570.694
2021-09-29 08:00:00,9586.0,9601.242
2021-09-29 09:00:00,9502.0,9522.354
2021-09-29 10:00:00,9435.0,9418.368
2021-09-29 11:00:00,9350.0,9324.539
2021-09-29 12:00:00,9342.0,9231.235
2021-09-29 13:00:00,9385.0,9238.514
2021-09-29 14:00:00,9429.0,9398.904
2021-09-29 15:00:00,9442.0,9471.629
2021-09-29 16:00:00,9839.0,9658.714
2021-09-29 17:00:00,9671.0,9861.141
2021-09-29 18:00:00,9113.0,9302.013
2021-09-29 19:00:00,8968.0,8991.55
2021-09-29 20:00:00,8716.0,8758.222
2021-09-29 21:00:00,9346.0,8990.6455
2021-09-29 22:00:00,9346.0,9212.329
2021-09-29 23:00:00,9346.0,9210.033
2021-09-30 00:00:00,9363.5,9236.109
2021-09-30 01:00:00,9407.0,9278.152
2021-09-30 02:00:00,9431.5,9222.367
2021-09-30 03:00:00,8874.0,9261.911
2021-09-30 04:00:00,9201.0,9276.712
2021-09-30 05:00:00,9434.0,9466.255
2021-09-30 06:00:00,9527.0,9565.824
2021-09-30 07:00:00,9572.0,9573.526
2021-09-30 08:00:00,9742.0,9549.827
2021-09-30 09:00:00,9671.0,9658.637
2021-09-30 10:00:00,9644.0,9525.755
2021-09-30 11:00:00,9602.0,9496.603
2021-09-30 12:00:00,9536.0,9466.375
2021-09-30 13:00:00,9474.0,9458.865
2021-09-30 14:00:00,9564.0,9504.122
2021-09-30 15:00:00,9568.0,9614.764
2021-09-30 16:00:00,9917.0,9720.209
2021-09-30 17:00:00,9752.0,9905.998
2021-09-30 18:00:00,9227.0,9393.53
2021-09-30 19:00:00,9114.0,9039.467
2021-09-30 20:00:00,8882.0,8836.654
2021-09-30 21:00:00,9507.5,9088.041
2021-09-30 22:00:00,9507.5,9451.982
2021-09-30 23:00:00,9507.5,9466.828
2021-10-01 00:00:00,9507.5,9507.87
2021-10-01 01:00:00,9497.0,9499.938
2021-10-01 02:00:00,9522.5,9449.443
2021-10-01 03:00:00,9052.0,9265.262
2021-10-01 04:00:00,9479.0,9419.428
2021-10-01 05:00:00,9605.0,9652.455
2021-10-01 06:00:00,9808.0,9675.332
2021-10-01 07:00:00,9775.0,9797.342
2021-10-01 08:00:00,9745.0,9757.271
2021-10-01 09:00:00,9763.0,9720.38
2021-10-01 10:00:00,9640.0,9681.079
2021-10-01 11:00:00,9548.0,9584.13
2021-10-01 12:00:00,9515.0,9520.799
2021-10-01 13:00:00,9530.0,9510.169
2021-10-01 14:00:00,9502.0,9664.618
2021-10-01 15:00:00,9487.0,9722.58
2021-10-01 16:00:00,9790.0,9772.515
2021-10-01 17:00:00,9602.0,9850.244
2021-10-01 18:00:00,9122.0,9260.036
2021-10-01 19:00:00,8993.0,9083.887
2021-10-01 20:00:00,8725.0,8768.3125
2021-10-01 21:00:00,8225.0,8870.638
2021-10-01 22:00:00,8645.0,8773.796
2021-10-01 23:00:00,8628.5,8930.702
2021-10-02 00:00:00,8589.0,8798.701
2021-10-02 01:00:00,8573.5,8762.463
2021-10-02 02:00:00,8573.5,8681.303
2021-10-02 03:00:00,8104.0,8479.664
2021-10-02 04:00:00,8148.0,8189.4595
2021-10-02 05:00:00,8286.0,8313.992
2021-10-02 06:00:00,8493.0,8575.294
2021-10-02 07:00:00,8630.0,8668.282
2021-10-02 08:00:00,8660.0,8732.118
2021-10-02 09:00:00,8627.0,8683.396
2021-10-02 10:00:00,8551.0,8661.565
2021-10-02 11:00:00,8509.0,8603.74
2021-10-02 12:00:00,8596.0,8605.231
2021-10-02 13:00:00,8664.0,8752.943
2021-10-02 14:00:00,8822.0,8840.1
2021-10-02 15:00:00,9003.0,9074.269
2021-10-02 16:00:00,8530.0,9271.129
2021-10-02 17:00:00,9222.0,8945.709
2021-10-02 18:00:00,8786.0,8888.3
2021-10-02 19:00:00,8702.0,8737.949
2021-10-02 20:00:00,8500.0,8601.904
2021-10-02 21:00:00,8097.0,8129.933
2021-10-02 22:00:00,7796.0,7842.434
2021-10-02 23:00:00,7640.0,7897.5654
2021-10-03 00:00:00,7619.0,7685.8457
2021-10-03 01:00:00,7655.0,7625.8843
2021-10-03 02:00:00,7676.0,7714.1187
2021-10-03 03:00:00,7879.0,7799.364
2021-10-03 04:00:00,7850.0,7962.0938
2021-10-03 05:00:00,7988.0,7986.46
2021-10-03 06:00:00,8226.0,8189.582
2021-10-03 07:00:00,8299.0,8378.754
2021-10-03 08:00:00,8371.0,8398.465
2021-10-03 09:00:00,8347.0,8392.264
2021-10-03 10:00:00,8242.0,8305.582
2021-10-03 11:00:00,8147.0,8244.1
2021-10-03 12:00:00,8171.0,8198.784
2021-10-03 13:00:00,8257.0,8239.877
2021-10-03 14:00:00,8319.0,8417.55
2021-10-03 15:00:00,8628.0,8541.491
2021-10-03 16:00:00,8249.5,8676.657
2021-10-03 17:00:00,8278.0,8419.705
2021-10-03 18:00:00,8411.0,8498.904
2021-10-03 19:00:00,8476.0,8585.536
2021-10-03 20:00:00,8342.0,8484.967
2021-10-03 21:00:00,7983.0,8122.8975
2021-10-03 22:00:00,7684.0,7867.5513
2021-10-03 23:00:00,8443.5,7730.458
2021-10-04 00:00:00,8552.0,8415.981
2021-10-04 01:00:00,8672.0,8447.428
2021-10-04 02:00:00,7957.0,8543.374
2021-10-04 03:00:00,8716.0,8853.656
2021-10-04 04:00:00,9204.0,9191.904
2021-10-04 05:00:00,9285.0,9425.644
2021-10-04 06:00:00,9406.0,9425.696
2021-10-04 07:00:00,9387.0,9448.967
2021-10-04 08:00:00,9394.0,9441.71
2021-10-04 09:00:00,9319.0,9429.025
2021-10-04 10:00:00,9295.0,9266.9
2021-10-04 11:00:00,9172.0,9225.977
2021-10-04 12:00:00,9099.0,9116.772
2021-10-04 13:00:00,9019.0,9118.538
2021-10-04 14:00:00,9019.0,9107.961
2021-10-04 15:00:00,9219.0,9154.835
2021-10-04 16:00:00,9646.0,9509.749
2021-10-04 17:00:00,9454.0,9674.355
2021-10-04 18:00:00,8980.0,9147.127
2021-10-04 19:00:00,8877.0,8837.74
2021-10-04 20:00:00,8630.0,8734.966
2021-10-04 21:00:00,9059.0,8651.324
2021-10-04 22:00:00,9059.0,9026.445
2021-10-04 23:00:00,9059.0,9045.385
2021-10-05 00:00:00,9059.0,9019.369
2021-10-05 01:00:00,9119.0,9041.59
2021-10-05 02:00:00,9233.0,9126.482
2021-10-05 03:00:00,8776.0,9005.96
2021-10-05 04:00:00,9247.0,9202.485
2021-10-05 05:00:00,9269.0,9459.895
2021-10-05 06:00:00,9404.0,9429.927
2021-10-05 07:00:00,9390.0,9430.7295
2021-10-05 08:00:00,9525.0,9420.332
2021-10-05 09:00:00,9520.0,9459.849
2021-10-05 10:00:00,9411.0,9431.784
2021-10-05 11:00:00,9365.0,9307.916
2021-10-05 12:00:00,9333.0,9325.496
2021-10-05 13:00:00,9327.0,9249.863
2021-10-05 14:00:00,9428.0,9313.722
2021-10-05 15:00:00,9578.0,9528.291
2021-10-05 16:00:00,9863.0,9688.3545
2021-10-05 17:00:00,9650.0,9789.665
2021-10-05 18:00:00,9092.0,9266.975
2021-10-05 19:00:00,9015.0,9000.461
2021-10-05 20:00:00,8688.0,8835.88
2021-10-05 21:00:00,9240.0,9067.799
2021-10-05 22:00:00,9240.0,9157.237
2021-10-05 23:00:00,9206.0,9162.352
2021-10-06 00:00:00,9185.5,9170.698
2021-10-06 01:00:00,9159.5,9229.026
2021-10-06 02:00:00,9159.5,9214.585
2021-10-06 03:00:00,8797.0,8789.927
2021-10-06 04:00:00,9226.0,9287.7
2021-10-06 05:00:00,9186.0,9415.148
2021-10-06 06:00:00,9254.0,9388.659
2021-10-06 07:00:00,9300.0,9384.998
2021-10-06 08:00:00,9283.0,9420.099
2021-10-06 09:00:00,9273.0,9404.869
2021-10-06 10:00:00,9185.0,9310.257
2021-10-06 11:00:00,9134.0,9218.396
2021-10-06 12:00:00,9122.0,9185.3
2021-10-06 13:00:00,9192.0,9212.484
2021-10-06 14:00:00,9253.0,9363.392
2021-10-06 15:00:00,9394.0,9489.355
2021-10-06 16:00:00,9159.5,9688.155
2021-10-06 17:00:00,9526.0,9518.009
2021-10-06 18:00:00,8962.0,9231.032
2021-10-06 19:00:00,8845.0,8925.357
2021-10-06 20:00:00,8515.0,8695.938
2021-10-06 21:00:00,9062.5,9145.691
2021-10-06 22:00:00,9062.5,9107.116
2021-10-06 23:00:00,9062.5,9142.875
2021-10-07 00:00:00,9062.5,9180.501
2021-10-07 01:00:00,9077.0,9171.369
2021-10-07 02:00:00,9077.0,9174.24
2021-10-07 03:00:00,8532.0,8894.884
2021-10-07 04:00:00,8872.0,9130.7705
2021-10-07 05:00:00,9003.0,9194.752
2021-10-07 06:00:00,9295.0,9192.16
2021-10-07 07:00:00,9338.0,9356.46
2021-10-07 08:00:00,9378.0,9384.32
2021-10-07 09:00:00,9367.0,9408.716
2021-10-07 10:00:00,9346.0,9325.3545
2021-10-07 11:00:00,9259.0,9285.447
2021-10-07 12:00:00,9151.0,9262.325
2021-10-07 13:00:00,9273.0,9195.78
2021-10-07 14:00:00,9329.0,9347.827
2021-10-07 15:00:00,9444.0,9466.959
2021-10-07 16:00:00,9653.0,9549.362
2021-10-07 17:00:00,9446.0,9708.2295
2021-10-07 18:00:00,8936.0,9171.46
2021-10-07 19:00:00,8768.0,8910.76
2021-10-07 20:00:00,8596.0,8672.404
2021-10-07 21:00:00,9266.0,8969.851
2021-10-07 22:00:00,9266.0,9219.499
2021-10-07 23:00:00,9266.0,9241.482
2021-10-08 00:00:00,9297.5,9281.846
2021-10-08 01:00:00,9325.5,9326.988
2021-10-08 02:00:00,9325.5,9283.884
2021-10-08 03:00:00,8875.0,9008.836
2021-10-08 04:00:00,9322.0,9213.8125
2021-10-08 05:00:00,9344.0,9516.378
2021-10-08 06:00:00,9387.0,9500.655
2021-10-08 07:00:00,9454.0,9480.83
2021-10-08 08:00:00,9494.0,9489.133
2021-10-08 09:00:00,9516.0,9486.609
2021-10-08 10:00:00,9426.0,9467.396
2021-10-08 11:00:00,9369.0,9390.978
2021-10-08 12:00:00,9330.0,9371.7295
2021-10-08 13:00:00,9269.0,9381.179
2021-10-08 14:00:00,9303.0,9401.221
2021-10-08 15:00:00,9469.0,9503.094
2021-10-08 16:00:00,9691.0,9681.595
2021-10-08 17:00:00,9452.0,9718.787
2021-10-08 18:00:00,8975.0,9126.335
2021-10-08 19:00:00,8869.0,8849.323
2021-10-08 20:00:00,8604.0,8609.793
2021-10-08 21:00:00,8134.0,8625.998
2021-10-08 22:00:00,8567.0,8517.185
2021-10-08 23:00:00,8556.0,8674.252
2021-10-09 00:00:00,8537.0,8628.436
2021-10-09 01:00:00,8537.0,8567.6045
2021-10-09 02:00:00,8537.0,8475.079
2021-10-09 03:00:00,8537.0,8350.954
2021-10-09 04:00:00,8077.0,8435.224
2021-10-09 05:00:00,8122.0,8170.6294
2021-10-09 06:00:00,8300.0,8387.582
2021-10-09 07:00:00,8464.0,8486.222
2021-10-09 08:00:00,8540.0,8616.013
2021-10-09 09:00:00,8594.0,8604.981
2021-10-09 10:00:00,8572.0,8592.645
2021-10-09 11:00:00,8534.0,8560.248
2021-10-09 12:00:00,8591.0,8569.055
2021-10-09 13:00:00,8609.0,8729.978
2021-10-09 14:00:00,8784.0,8779.119
2021-10-09 15:00:00,9165.0,9025.856
2021-10-09 16:00:00,9354.0,9130.766
2021-10-09 17:00:00,9067.0,9360.804
2021-10-09 18:00:00,8604.0,8843.568
2021-10-09 19:00:00,8599.0,8615.842
2021-10-09 20:00:00,8401.0,8486.279
2021-10-09 21:00:00,7957.0,8090.5684
2021-10-09 22:00:00,7640.0,7815.5244
2021-10-09 23:00:00,7489.0,7581.7896
2021-10-10 00:00:00,7415.0,7525.0293
2021-10-10 01:00:00,7381.0,7497.341
2021-10-10 02:00:00,7440.0,7524.128
2021-10-10 03:00:00,7629.0,7509.716
2021-10-10 04:00:00,7769.0,7729.409
2021-10-10 05:00:00,7862.0,7854.636
2021-10-10 06:00:00,8058.0,8069.6763
2021-10-10 07:00:00,8304.0,8207.581
2021-10-10 08:00:00,8427.0,8329.584
2021-10-10 09:00:00,8538.0,8420.054
2021-10-10 10:00:00,8506.0,8425.785
2021-10-10 11:00:00,8469.0,8381.959
2021-10-10 12:00:00,8534.0,8417.01
2021-10-10 13:00:00,8545.0,8479.995
2021-10-10 14:00:00,8668.0,8591.036
2021-10-10 15:00:00,8992.0,8789.394
2021-10-10 16:00:00,9259.0,9002.919
2021-10-10 17:00:00,9012.0,8992.135
2021-10-10 18:00:00,8572.0,8656.551
2021-10-10 19:00:00,8560.0,8395.432
2021-10-10 20:00:00,8369.0,8404.791
2021-10-10 21:00:00,8016.0,8097.2583
2021-10-10 22:00:00,8566.0,7771.6416
2021-10-10 23:00:00,8620.0,8476.173
2021-10-11 00:00:00,8686.0,8648.473
2021-10-11 01:00:00,8848.0,8684.082
2021-10-11 02:00:00,9002.0,8690.013
2021-10-11 03:00:00,8704.0,9003.613
2021-10-11 04:00:00,9276.0,9129.125
2021-10-11 05:00:00,9425.0,9508.099
2021-10-11 06:00:00,9467.0,9497.611
2021-10-11 07:00:00,9448.0,9441.238
2021-10-11 08:00:00,9456.0,9429.514
2021-10-11 09:00:00,9451.0,9430.89
2021-10-11 10:00:00,9429.0,9365.649
2021-10-11 11:00:00,9303.0,9326.884
2021-10-11 12:00:00,9298.0,9201.958
2021-10-11 13:00:00,9238.0,9191.088
2021-10-11 14:00:00,9179.0,9235.856
2021-10-11 15:00:00,9309.0,9342.836
2021-10-11 16:00:00,9579.0,9530.747
2021-10-11 17:00:00,9473.0,9670.618
2021-10-11 18:00:00,8975.0,9135.29
2021-10-11 19:00:00,8878.0,8832.168
2021-10-11 20:00:00,8896.0,8712.873
2021-10-11 21:00:00,9235.5,8852.321
2021-10-11 22:00:00,9235.5,9176.933
2021-10-11 23:00:00,9235.5,9165.043
2021-10-12 00:00:00,9235.5,9159.26
2021-10-12 01:00:00,9233.5,9220.963
2021-10-12 02:00:00,9233.5,9227.697
2021-10-12 03:00:00,9115.0,8934.386
2021-10-12 04:00:00,9330.0,9283.877
2021-10-12 05:00:00,9233.0,9495.014
2021-10-12 06:00:00,9459.0,9423.347
2021-10-12 07:00:00,9433.0,9460.746
2021-10-12 08:00:00,9508.0,9441.723
2021-10-12 09:00:00,9480.0,9499.679
2021-10-12 10:00:00,9377.0,9406.192
2021-10-12 11:00:00,9264.0,9355.935
2021-10-12 12:00:00,9234.0,9275.079
2021-10-12 13:00:00,9342.0,9283.799
2021-10-12 14:00:00,9396.0,9397.517
2021-10-12 15:00:00,9675.0,9507.7295
2021-10-12 16:00:00,9914.0,9789.147
2021-10-12 17:00:00,9769.0,9866.939
2021-10-12 18:00:00,9239.0,9308.875
2021-10-12 19:00:00,9165.0,8994.164
2021-10-12 20:00:00,8921.0,8909.022
2021-10-12 21:00:00,8480.0,9121.156
2021-10-12 22:00:00,9303.0,9201.186
2021-10-12 23:00:00,9303.0,9244.0625
2021-10-13 00:00:00,9369.0,9307.15
2021-10-13 01:00:00,9394.5,9318.353
2021-10-13 02:00:00,8456.0,9313.524
2021-10-13 03:00:00,9176.0,8882.621
2021-10-13 04:00:00,9650.0,9428.936
2021-10-13 05:00:00,9724.0,9710.633
2021-10-13 06:00:00,9752.0,9730.357
2021-10-13 07:00:00,9784.0,9685.267
2021-10-13 08:00:00,9742.0,9695.659
2021-10-13 09:00:00,9642.0,9667.69
2021-10-13 10:00:00,9510.0,9550.901
2021-10-13 11:00:00,9432.0,9474.057
2021-10-13 12:00:00,9393.0,9407.828
2021-10-13 13:00:00,9370.0,9411.771
2021-10-13 14:00:00,9443.0,9466.717
2021-10-13 15:00:00,9790.0,9653.464
2021-10-13 16:00:00,10139.0,9990.477
2021-10-13 17:00:00,10010.0,10060.615
2021-10-13 18:00:00,9478.0,9586.35
2021-10-13 19:00:00,9360.0,9206.168
2021-10-13 20:00:00,9187.0,9055.185
2021-10-13 21:00:00,8803.0,8914.135
2021-10-13 22:00:00,9460.5,9314.611
2021-10-13 23:00:00,9460.5,9383.37
2021-10-14 00:00:00,9509.5,9402.046
2021-10-14 01:00:00,9646.5,9482.06
2021-10-14 02:00:00,9764.0,9417.925
2021-10-14 03:00:00,9541.0,9466.284
2021-10-14 04:00:00,10022.0,9715.414
2021-10-14 05:00:00,10104.0,10053.035
2021-10-14 06:00:00,10156.0,10101.344
2021-10-14 07:00:00,10053.0,10050.319
2021-10-14 08:00:00,9962.0,10000.745
2021-10-14 09:00:00,9877.0,9956.111
2021-10-14 10:00:00,9825.0,9794.451
2021-10-14 11:00:00,9752.0,9736.327
2021-10-14 12:00:00,9776.0,9665.923
2021-10-14 13:00:00,9816.0,9740.089
2021-10-14 14:00:00,9874.0,9902.994
2021-10-14 15:00:00,10140.0,10065.018
2021-10-14 16:00:00,10322.0,10305.391
2021-10-14 17:00:00,10125.0,10282.348
2021-10-14 18:00:00,9667.0,9787.202
2021-10-14 19:00:00,9555.0,9379.875
2021-10-14 20:00:00,9264.0,9316.121
2021-10-14 21:00:00,9796.0,9079.556
2021-10-14 22:00:00,9796.0,9670.96
2021-10-14 23:00:00,9796.0,9729.86
2021-10-15 00:00:00,9800.0,9796.784
2021-10-15 01:00:00,9801.5,9793.085
2021-10-15 02:00:00,9785.5,9718.108
2021-10-15 03:00:00,9403.0,9727.895
2021-10-15 04:00:00,9959.0,9825.427
2021-10-15 05:00:00,9994.0,10148.358
2021-10-15 06:00:00,10014.0,10184.495
2021-10-15 07:00:00,10065.0,10076.51
2021-10-15 08:00:00,10081.0,10085.199
2021-10-15 09:00:00,10044.0,10056.702
2021-10-15 10:00:00,9897.0,9973.795
2021-10-15 11:00:00,9784.0,9805.345
2021-10-15 12:00:00,9787.0,9766.231
2021-10-15 13:00:00,9773.0,9809.45
2021-10-15 14:00:00,9819.0,9927.675
2021-10-15 15:00:00,9980.0,10101.767
2021-10-15 16:00:00,10089.0,10280.033
2021-10-15 17:00:00,9902.0,10120.602
2021-10-15 18:00:00,9417.0,9592.943
2021-10-15 19:00:00,9424.0,9350.821
2021-10-15 20:00:00,9194.0,9221.351
2021-10-15 21:00:00,9320.5,9066.736
2021-10-15 22:00:00,9320.5,9256.244
2021-10-15 23:00:00,9263.0,9306.656
2021-10-16 00:00:00,9207.0,9218.379
2021-10-16 01:00:00,9207.0,9148.106
2021-10-16 02:00:00,9207.0,9085.899
2021-10-16 03:00:00,8649.0,9012.42
2021-10-16 04:00:00,8852.0,8834.688
2021-10-16 05:00:00,8956.0,8929.605
2021-10-16 06:00:00,9202.0,9074.976
2021-10-16 07:00:00,9327.0,9235.312
2021-10-16 08:00:00,9314.0,9328.381
2021-10-16 09:00:00,9332.0,9278.557
2021-10-16 10:00:00,9212.0,9225.094
2021-10-16 11:00:00,9176.0,9132.818
2021-10-16 12:00:00,9299.0,9158.226
2021-10-16 13:00:00,9388.0,9316.436
2021-10-16 14:00:00,9596.0,9504.736
2021-10-16 15:00:00,9994.0,9720.292
2021-10-16 16:00:00,9228.5,10049.908
2021-10-16 17:00:00,9759.0,9527.967
2021-10-16 18:00:00,9284.0,9321.203
2021-10-16 19:00:00,9368.0,9168.286
2021-10-16 20:00:00,9245.0,9099.536
2021-10-16 21:00:00,8845.0,8885.059
2021-10-16 22:00:00,8535.0,8634.019
2021-10-16 23:00:00,8378.0,8528.235
2021-10-17 00:00:00,8294.0,8289.387
2021-10-17 01:00:00,8327.0,8194.405
2021-10-17 02:00:00,8425.0,8301.855
2021-10-17 03:00:00,8613.0,8375.965
2021-10-17 04:00:00,8725.0,8678.705
2021-10-17 05:00:00,8762.0,8710.706
2021-10-17 06:00:00,8992.0,8880.825
2021-10-17 07:00:00,9123.0,9084.919
2021-10-17 08:00:00,9180.0,9155.352
2021-10-17 09:00:00,9168.0,9164.681
2021-10-17 10:00:00,9073.0,9104.919
2021-10-17 11:00:00,9012.0,9028.866
2021-10-17 12:00:00,9017.0,8977.582
2021-10-17 13:00:00,9116.0,9043.13
2021-10-17 14:00:00,9219.0,9317.34
2021-10-17 15:00:00,9714.0,9503.599
2021-10-17 16:00:00,9094.5,9633.523
2021-10-17 17:00:00,9119.5,9431.216
2021-10-17 18:00:00,9302.0,9071.731
2021-10-17 19:00:00,9401.0,9147.418
2021-10-17 20:00:00,9283.0,9164.372
2021-10-17 21:00:00,8974.0,8910.283
2021-10-17 22:00:00,8734.0,8744.768
2021-10-17 23:00:00,9351.5,8654.862
2021-10-18 00:00:00,9500.0,9317.098
2021-10-18 01:00:00,9640.5,9467.007
2021-10-18 02:00:00,9698.0,9580.835
2021-10-18 03:00:00,9599.0,9600.393
2021-10-18 04:00:00,10086.0,9906.996
2021-10-18 05:00:00,10169.0,10256.329
2021-10-18 06:00:00,10264.0,10259.211
2021-10-18 07:00:00,10316.0,10217.451
2021-10-18 08:00:00,10328.0,10257.179
2021-10-18 09:00:00,10251.0,10294.744
2021-10-18 10:00:00,10149.0,10137.348
2021-10-18 11:00:00,10050.0,10047.107
2021-10-18 12:00:00,10025.0,9992.206
2021-10-18 13:00:00,9986.0,10027.77
2021-10-18 14:00:00,10026.0,10112.172
2021-10-18 15:00:00,10278.0,10175.343
2021-10-18 16:00:00,10441.0,10338.1875
2021-10-18 17:00:00,10253.0,10313.359
2021-10-18 18:00:00,9843.0,9903.307
2021-10-18 19:00:00,9812.0,9590.139
2021-10-18 20:00:00,9692.0,9593.926
2021-10-18 21:00:00,9334.0,9453.916
2021-10-18 22:00:00,9038.0,9715.037
2021-10-18 23:00:00,10038.0,9797.7
2021-10-19 00:00:00,10056.0,9964.178
2021-10-19 01:00:00,9092.0,9960.344
2021-10-19 02:00:00,9415.0,9532.689
2021-10-19 03:00:00,10211.0,9471.442
2021-10-19 04:00:00,10708.0,10213.879
2021-10-19 05:00:00,10773.0,10536.076
2021-10-19 06:00:00,10795.0,10657.011
2021-10-19 07:00:00,10642.0,10652.099
2021-10-19 08:00:00,10486.0,10517.202
2021-10-19 09:00:00,10380.0,10406.839
2021-10-19 10:00:00,10229.0,10259.763
2021-10-19 11:00:00,10086.0,10127.868
2021-10-19 12:00:00,10070.0,10060.767
2021-10-19 13:00:00,10085.0,10075.072
2021-10-19 14:00:00,10218.0,10211.116
2021-10-19 15:00:00,10661.0,10368.3545
2021-10-19 16:00:00,10812.0,10671.917
2021-10-19 17:00:00,10598.0,10652.231
2021-10-19 18:00:00,10103.0,10173.796
2021-10-19 19:00:00,10036.0,9882.964
2021-10-19 20:00:00,9766.0,9783.63
2021-10-19 21:00:00,9327.0,9606.713
2021-10-19 22:00:00,10094.5,9546.335
2021-10-19 23:00:00,10094.5,10070.816
2021-10-20 00:00:00,10160.5,10043.672
2021-10-20 01:00:00,10221.5,9996.666
2021-10-20 02:00:00,10221.5,9854.447
2021-10-20 03:00:00,9878.0,9976.132
2021-10-20 04:00:00,10368.0,10171.126
2021-10-20 05:00:00,10454.0,10434.941
2021-10-20 06:00:00,10479.0,10497.739
2021-10-20 07:00:00,10497.0,10423.024
2021-10-20 08:00:00,10628.0,10468.646
2021-10-20 09:00:00,10556.0,10512.467
2021-10-20 10:00:00,10434.0,10463.061
2021-10-20 11:00:00,10251.0,10319.761
2021-10-20 12:00:00,10225.0,10176.032
2021-10-20 13:00:00,10140.0,10232.83
2021-10-20 14:00:00,10222.0,10275.411
2021-10-20 15:00:00,10503.0,10487.676
2021-10-20 16:00:00,10466.0,10669.421
2021-10-20 17:00:00,10304.0,10455.622
2021-10-20 18:00:00,9677.0,10020.58
2021-10-20 19:00:00,9562.0,9762.597
2021-10-20 20:00:00,9353.0,9628.725
2021-10-20 21:00:00,9750.0,9330.976
2021-10-20 22:00:00,9750.0,9878.454
2021-10-20 23:00:00,9727.0,9938.973
2021-10-21 00:00:00,9706.5,9917.817
2021-10-21 01:00:00,9688.0,9822.335
2021-10-21 02:00:00,9676.5,9784.844
2021-10-21 03:00:00,9261.0,9786.861
2021-10-21 04:00:00,9699.0,10059.296
2021-10-21 05:00:00,9740.0,10081.722
2021-10-21 06:00:00,9760.0,9978.233
2021-10-21 07:00:00,9801.0,9880.074
2021-10-21 08:00:00,9841.0,9829.782
2021-10-21 09:00:00,9843.0,9887.954
2021-10-21 10:00:00,9714.0,9802.503
2021-10-21 11:00:00,9676.0,9713.754
2021-10-21 12:00:00,9625.0,9700.632
2021-10-21 13:00:00,9572.0,9726.759
2021-10-21 14:00:00,9781.0,9773.295
2021-10-21 15:00:00,10110.0,10072.541
2021-10-21 16:00:00,10178.0,10206.971
2021-10-21 17:00:00,9980.0,10101.383
2021-10-21 18:00:00,9478.0,9588.546
2021-10-21 19:00:00,9420.0,9382.658
2021-10-21 20:00:00,9254.0,9245.823
2021-10-21 21:00:00,9650.5,9196.28
2021-10-21 22:00:00,9650.5,9533.849
2021-10-21 23:00:00,9650.5,9605.582
2021-10-22 00:00:00,9703.0,9678.649
2021-10-22 01:00:00,9855.5,9664.396
2021-10-22 02:00:00,9955.0,9682.646
2021-10-22 03:00:00,9466.0,9793.689
2021-10-22 04:00:00,9930.0,9874.997
2021-10-22 05:00:00,10130.0,10142.269
2021-10-22 06:00:00,10217.0,10201.567
2021-10-22 07:00:00,10340.0,10162.4795
2021-10-22 08:00:00,10510.0,10231.288
2021-10-22 09:00:00,10505.0,10358.079
2021-10-22 10:00:00,10458.0,10298.938
2021-10-22 11:00:00,10401.0,10238.038
2021-10-22 12:00:00,10339.0,10207.499
2021-10-22 13:00:00,10340.0,10238.288
2021-10-22 14:00:00,10401.0,10399.351
2021-10-22 15:00:00,10736.0,10514.17
2021-10-22 16:00:00,10734.0,10719.674
2021-10-22 17:00:00,10451.0,10593.329
2021-10-22 18:00:00,9972.0,10059.701
2021-10-22 19:00:00,9981.0,9777.56
2021-10-22 20:00:00,9801.0,9819.274
2021-10-22 21:00:00,9404.0,9558.974
2021-10-22 22:00:00,9084.0,9574.097
2021-10-22 23:00:00,9898.0,9407.199
2021-10-23 00:00:00,9898.0,9658.496
2021-10-23 01:00:00,9898.0,9686.51
2021-10-23 02:00:00,9898.0,9629.359
2021-10-23 03:00:00,9210.0,9434.5205
2021-10-23 04:00:00,9370.0,9254.251
2021-10-23 05:00:00,9527.0,9429.896
2021-10-23 06:00:00,9730.0,9635.72
2021-10-23 07:00:00,9881.0,9807.461
2021-10-23 08:00:00,9915.0,9904.925
2021-10-23 09:00:00,9955.0,9897.968
2021-10-23 10:00:00,9960.0,9893.822
2021-10-23 11:00:00,9976.0,9833.228
2021-10-23 12:00:00,9996.0,9896.682
2021-10-23 13:00:00,10054.0,10020.468
2021-10-23 14:00:00,10275.0,10149.373
2021-10-23 15:00:00,9935.0,10334.021
2021-10-23 16:00:00,9935.0,10026.63
2021-10-23 17:00:00,10594.0,10015.423
2021-10-23 18:00:00,10086.0,10021.426
2021-10-23 19:00:00,10195.0,9791.134
2021-10-23 20:00:00,10059.0,9831.583
2021-10-23 21:00:00,9689.0,9688.446
2021-10-23 22:00:00,9521.0,9226.783
2021-10-23 23:00:00,9373.0,9328.433
2021-10-24 00:00:00,9299.0,9294.387
2021-10-24 01:00:00,9332.0,9198.577
2021-10-24 02:00:00,9450.0,9236.992
2021-10-24 03:00:00,9601.0,9159.694
2021-10-24 04:00:00,9652.0,9487.34
2021-10-24 05:00:00,9749.0,9537.702
2021-10-24 06:00:00,9898.0,9721.6875
2021-10-24 07:00:00,10061.0,9876.785
2021-10-24 08:00:00,10136.0,10058.045
2021-10-24 09:00:00,10084.0,10062.971
2021-10-24 10:00:00,9919.0,9961.889
2021-10-24 11:00:00,9867.0,9855.77
2021-10-24 12:00:00,9878.0,9869.208
2021-10-24 13:00:00,9890.0,9924.887
2021-10-24 14:00:00,10087.0,10124.881
2021-10-24 15:00:00,10451.0,10194.896
2021-10-24 16:00:00,10409.0,10359.209
2021-10-24 17:00:00,10155.0,10320.948
2021-10-24 18:00:00,9772.0,10013.311
2021-10-24 19:00:00,9900.0,9892.14
2021-10-24 20:00:00,9743.0,9962.863
2021-10-24 21:00:00,9344.0,9584.904
2021-10-24 22:00:00,9895.0,9203.228
2021-10-24 23:00:00,9895.0,9673.076
2021-10-25 00:00:00,9993.5,9883.439
2021-10-25 01:00:00,10033.0,10008.2295
2021-10-25 02:00:00,10033.0,10003.95
2021-10-25 03:00:00,9792.0,10016.858
2021-10-25 04:00:00,10283.0,10250.495
2021-10-25 05:00:00,10464.0,10552.949
2021-10-25 06:00:00,10364.0,10627.516
2021-10-25 07:00:00,10333.0,10459.704
2021-10-25 08:00:00,10336.0,10439.712
2021-10-25 09:00:00,10303.0,10433.166
2021-10-25 10:00:00,10178.0,10343.564
2021-10-25 11:00:00,10098.0,10240.212
2021-10-25 12:00:00,9979.0,10185.128
2021-10-25 13:00:00,9948.0,10151.264
2021-10-25 14:00:00,10121.0,10258.617
2021-10-25 15:00:00,10320.0,10454.075
2021-10-25 16:00:00,10312.0,10517.043
2021-10-25 17:00:00,10125.0,10377.153
2021-10-25 18:00:00,9620.0,9891.948
2021-10-25 19:00:00,9650.0,9740.182
2021-10-25 20:00:00,9396.0,9693.323
2021-10-25 21:00:00,9944.0,9566.0
2021-10-25 22:00:00,9944.0,9890.819
2021-10-25 23:00:00,9944.0,10043.409
2021-10-26 00:00:00,9922.5,9964.575
2021-10-26 01:00:00,9898.0,9957.548
2021-10-26 02:00:00,9884.5,9936.238
2021-10-26 03:00:00,9370.0,9788.722
2021-10-26 04:00:00,9839.0,9963.092
2021-10-26 05:00:00,10021.0,10156.42
2021-10-26 06:00:00,9940.0,10136.243
2021-10-26 07:00:00,9954.0,10019.062
2021-10-26 08:00:00,10030.0,10014.444
2021-10-26 09:00:00,10058.0,10044.74
2021-10-26 10:00:00,9956.0,10017.879
2021-10-26 11:00:00,9905.0,9882.908
2021-10-26 12:00:00,9891.0,9827.738
2021-10-26 13:00:00,9878.0,9865.124
2021-10-26 14:00:00,10086.0,10055.266
2021-10-26 15:00:00,10319.0,10225.471
2021-10-26 16:00:00,10378.0,10393.892
2021-10-26 17:00:00,10113.0,10255.336
2021-10-26 18:00:00,9661.0,9749.266
2021-10-26 19:00:00,9661.0,9582.312
2021-10-26 20:00:00,9368.0,9425.508
2021-10-26 21:00:00,9898.0,9370.939
2021-10-26 22:00:00,9898.0,9728.78
2021-10-26 23:00:00,9898.0,9840.57
2021-10-27 00:00:00,9963.0,9869.649
2021-10-27 01:00:00,9956.5,9902.42
2021-10-27 02:00:00,9999.0,9830.724
2021-10-27 03:00:00,9660.0,9782.395
2021-10-27 04:00:00,10075.0,9918.614
2021-10-27 05:00:00,10146.0,10113.171
2021-10-27 06:00:00,10080.0,10108.022
2021-10-27 07:00:00,10106.0,10038.636
2021-10-27 08:00:00,10229.0,10055.418
2021-10-27 09:00:00,10308.0,10168.984
2021-10-27 10:00:00,10203.0,10140.107
2021-10-27 11:00:00,10035.0,10058.357
2021-10-27 12:00:00,9718.0,9943.696
2021-10-27 13:00:00,9963.0,9800.534
2021-10-27 14:00:00,10086.0,10165.4795
2021-10-27 15:00:00,10242.0,10342.109
2021-10-27 16:00:00,10323.0,10359.661
2021-10-27 17:00:00,10045.0,10314.6455
2021-10-27 18:00:00,9707.0,9756.979
2021-10-27 19:00:00,9630.0,9596.15
2021-10-27 20:00:00,9430.0,9446.344
2021-10-27 21:00:00,9999.0,9586.739
2021-10-27 22:00:00,9999.0,9947.2705
2021-10-27 23:00:00,9999.0,9953.611
2021-10-28 00:00:00,10004.0,10058.001
2021-10-28 01:00:00,10065.5,10054.305
2021-10-28 02:00:00,10096.5,10094.648
2021-10-28 03:00:00,9589.0,9875.998
2021-10-28 04:00:00,10107.0,9956.952
2021-10-28 05:00:00,10243.0,10209.778
2021-10-28 06:00:00,10258.0,10272.387
2021-10-28 07:00:00,10320.0,10216.972
2021-10-28 08:00:00,10335.0,10286.276
2021-10-28 09:00:00,10344.0,10280.651
2021-10-28 10:00:00,10241.0,10232.07
2021-10-28 11:00:00,10254.0,10121.5625
2021-10-28 12:00:00,10210.0,10090.157
2021-10-28 13:00:00,10217.0,10169.736
2021-10-28 14:00:00,10290.0,10300.582
2021-10-28 15:00:00,10406.0,10447.084
2021-10-28 16:00:00,10377.0,10463.034
2021-10-28 17:00:00,10174.0,10283.648
2021-10-28 18:00:00,9719.0,9901.627
2021-10-28 19:00:00,9593.0,9689.427
2021-10-28 20:00:00,10067.5,9560.406
2021-10-28 21:00:00,10011.5,9960.864
2021-10-28 22:00:00,10011.5,10035.023
2021-10-28 23:00:00,10004.5,10030.461
2021-10-29 00:00:00,9997.0,10070.399
2021-10-29 01:00:00,9958.0,10058.851
2021-10-29 02:00:00,9936.5,9953.43
2021-10-29 03:00:00,9510.0,9756.662
2021-10-29 04:00:00,10018.0,9994.702
2021-10-29 05:00:00,10158.0,10215.998
2021-10-29 06:00:00,10117.0,10250.576
2021-10-29 07:00:00,9990.0,10175.92
2021-10-29 08:00:00,10005.0,10114.874
2021-10-29 09:00:00,10048.0,10116.061
2021-10-29 10:00:00,10004.0,10058.285
2021-10-29 11:00:00,9882.0,10040.484
2021-10-29 12:00:00,9926.0,9953.381
2021-10-29 13:00:00,9947.0,10046.18
2021-10-29 14:00:00,10026.0,10174.482
2021-10-29 15:00:00,10208.0,10259.502
2021-10-29 16:00:00,10235.0,10321.25
2021-10-29 17:00:00,9969.0,10158.801
2021-10-29 18:00:00,9488.0,9595.023
2021-10-29 19:00:00,9494.0,9428.939
2021-10-29 20:00:00,9288.0,9455.119
2021-10-29 21:00:00,8870.0,9310.451
2021-10-29 22:00:00,9335.5,9102.329
2021-10-29 23:00:00,9335.5,9414.587
2021-10-30 00:00:00,9335.5,9318.379
2021-10-30 01:00:00,9335.5,9324.42
2021-10-30 02:00:00,9335.5,9324.984
2021-10-30 03:00:00,8701.0,9151.198
2021-10-30 04:00:00,8839.0,8937.031
2021-10-30 05:00:00,9063.0,8988.8955
2021-10-30 06:00:00,9104.0,9223.246
2021-10-30 07:00:00,9310.0,9246.463
2021-10-30 08:00:00,9372.0,9396.439
2021-10-30 09:00:00,9361.0,9419.272
2021-10-30 10:00:00,9383.0,9328.836
2021-10-30 11:00:00,9369.0,9373.413
2021-10-30 12:00:00,9399.0,9404.268
2021-10-30 13:00:00,9475.0,9495.304
2021-10-30 14:00:00,9775.0,9652.565
2021-10-30 15:00:00,10078.0,9891.82
2021-10-30 16:00:00,9998.0,9991.93
2021-10-30 17:00:00,9656.0,9939.768
2021-10-30 18:00:00,9159.0,9362.177
2021-10-30 19:00:00,9192.0,9110.601
2021-10-30 20:00:00,8981.0,9049.87
2021-10-30 21:00:00,8580.0,8855.765
2021-10-30 22:00:00,8259.0,8535.793
2021-10-30 23:00:00,8133.0,8465.781
2021-10-31 00:00:00,8005.0,8199.954
2021-10-31 01:00:00,8069.0,8144.3564
2021-10-31 02:00:00,8072.0,8206.592
2021-10-31 03:00:00,8063.0,8249.232
2021-10-31 04:00:00,8313.0,8240.478
2021-10-31 05:00:00,8463.0,8474.072
2021-10-31 06:00:00,8563.0,8705.639
2021-10-31 07:00:00,8827.0,8755.268
2021-10-31 08:00:00,8972.0,8995.303
2021-10-31 09:00:00,9118.0,9070.447
2021-10-31 10:00:00,9152.0,9148.568
2021-10-31 11:00:00,9058.0,9192.562
2021-10-31 12:00:00,8976.0,9140.852
2021-10-31 13:00:00,9219.0,9148.461
2021-10-31 14:00:00,9473.0,9484.921
2021-10-31 15:00:00,9591.0,9700.215
2021-10-31 16:00:00,9649.0,9668.649
2021-10-31 17:00:00,9601.0,9669.161
2021-10-31 18:00:00,9369.0,9301.341
2021-10-31 19:00:00,8932.0,9180.196
2021-10-31 20:00:00,9096.0,8970.81
2021-10-31 21:00:00,9030.0,9009.638
2021-10-31 22:00:00,8726.0,8945.93
2021-10-31 23:00:00,8496.0,8983.176
2021-11-01 00:00:00,9355.5,9278.42
2021-11-01 01:00:00,9421.0,9429.916
2021-11-01 02:00:00,9532.0,9365.567
2021-11-01 03:00:00,9596.0,9327.869
2021-11-01 04:00:00,9342.0,9620.096
2021-11-01 05:00:00,9878.0,9737.303
2021-11-01 06:00:00,9951.0,10047.66
2021-11-01 07:00:00,9966.0,9940.836
2021-11-01 08:00:00,9976.0,9963.636
2021-11-01 09:00:00,10040.0,9943.282
2021-11-01 10:00:00,9957.0,9978.022
2021-11-01 11:00:00,9928.0,9847.312
2021-11-01 12:00:00,9917.0,9839.472
2021-11-01 13:00:00,9928.0,9914.914
2021-11-01 14:00:00,10027.0,10043.794
2021-11-01 15:00:00,10260.0,10121.879
2021-11-01 16:00:00,10240.0,10248.91
2021-11-01 17:00:00,10194.0,10169.346
2021-11-01 18:00:00,9875.0,9855.325
2021-11-01 19:00:00,9401.0,9518.619
2021-11-01 20:00:00,9432.0,9325.921
2021-11-01 21:00:00,9198.0,9352.818
2021-11-01 22:00:00,9922.5,9644.068
2021-11-01 23:00:00,9922.5,9831.66
2021-11-02 00:00:00,9922.5,9761.607
2021-11-02 01:00:00,9945.0,9826.728
2021-11-02 02:00:00,9987.5,9847.997
2021-11-02 03:00:00,9987.5,9881.3545
2021-11-02 04:00:00,9535.0,9909.849
2021-11-02 05:00:00,10029.0,9814.032
2021-11-02 06:00:00,10163.0,10073.33
2021-11-02 07:00:00,10189.0,10048.761
2021-11-02 08:00:00,10156.0,10040.763
2021-11-02 09:00:00,10243.0,10041.269
2021-11-02 10:00:00,10174.0,10096.479
2021-11-02 11:00:00,10054.0,10046.593
2021-11-02 12:00:00,9962.0,9962.681
2021-11-02 13:00:00,10013.0,9987.449
2021-11-02 14:00:00,10200.0,10112.39
2021-11-02 15:00:00,10432.0,10338.535
2021-11-02 16:00:00,10416.0,10437.826
2021-11-02 17:00:00,10348.0,10365.632
2021-11-02 18:00:00,10044.0,10045.121
2021-11-02 19:00:00,9620.0,9690.109
2021-11-02 20:00:00,9590.0,9543.463
2021-11-02 21:00:00,9286.0,9494.037
2021-11-02 22:00:00,8959.0,9813.039
2021-11-02 23:00:00,10028.5,9585.637
2021-11-03 00:00:00,10028.5,10040.911
2021-11-03 01:00:00,10062.0,10018.886
2021-11-03 02:00:00,10102.5,10043.374
2021-11-03 03:00:00,10102.5,9980.151
2021-11-03 04:00:00,9598.0,9862.192
2021-11-03 05:00:00,10080.0,9889.625
2021-11-03 06:00:00,10125.0,10178.51
2021-11-03 07:00:00,10195.0,10129.657
2021-11-03 08:00:00,10220.0,10165.262
2021-11-03 09:00:00,10303.0,10213.027
2021-11-03 10:00:00,10317.0,10218.909
2021-11-03 11:00:00,10233.0,10146.433
2021-11-03 12:00:00,10141.0,10138.64
2021-11-03 13:00:00,10170.0,10127.686
2021-11-03 14:00:00,10360.0,10284.419
2021-11-03 15:00:00,10514.0,10543.291
2021-11-03 16:00:00,10539.0,10567.855
2021-11-03 17:00:00,10523.0,10481.259
2021-11-03 18:00:00,10246.0,10218.96
2021-11-03 19:00:00,9676.0,9819.574
2021-11-03 20:00:00,9645.0,9609.38
2021-11-03 21:00:00,9394.0,9729.625
2021-11-03 22:00:00,9652.5,9711.156
2021-11-03 23:00:00,9652.5,9893.623
2021-11-04 00:00:00,9652.5,9860.118
2021-11-04 01:00:00,9652.5,9822.927
2021-11-04 02:00:00,9652.5,9802.747
2021-11-04 03:00:00,9652.5,9794.529
2021-11-04 04:00:00,9401.0,9566.315
2021-11-04 05:00:00,9892.0,9846.992
2021-11-04 06:00:00,9635.0,10062.346
2021-11-04 07:00:00,9470.0,9822.445
2021-11-04 08:00:00,9532.0,9706.639
2021-11-04 09:00:00,9660.0,9729.331
2021-11-04 10:00:00,9697.0,9777.435
2021-11-04 11:00:00,9708.0,9738.96
2021-11-04 12:00:00,9933.0,9712.131
2021-11-04 13:00:00,9999.0,10010.715
2021-11-04 14:00:00,10198.0,10175.769
2021-11-04 15:00:00,10320.0,10291.527
2021-11-04 16:00:00,10337.0,10365.739
2021-11-04 17:00:00,10304.0,10309.852
2021-11-04 18:00:00,10061.0,9946.877
2021-11-04 19:00:00,9576.0,9610.482
2021-11-04 20:00:00,9565.0,9422.562
2021-11-04 21:00:00,9388.0,9340.993
2021-11-04 22:00:00,8898.0,9401.335
2021-11-04 23:00:00,9966.0,9171.105
2021-11-05 00:00:00,10030.0,9932.263
2021-11-05 01:00:00,10091.5,9940.315
2021-11-05 02:00:00,10125.5,9961.261
2021-11-05 03:00:00,10125.5,9914.687
2021-11-05 04:00:00,9658.0,9881.765
2021-11-05 05:00:00,10148.0,9953.855
2021-11-05 06:00:00,10258.0,10179.378
2021-11-05 07:00:00,10190.0,10195.2295
2021-11-05 08:00:00,10281.0,10140.453
2021-11-05 09:00:00,10271.0,10219.112
2021-11-05 10:00:00,10240.0,10171.811
2021-11-05 11:00:00,10122.0,10143.619
2021-11-05 12:00:00,10129.0,10084.621
2021-11-05 13:00:00,10190.0,10184.815
2021-11-05 14:00:00,10477.0,10379.86
2021-11-05 15:00:00,10610.0,10564.81
2021-11-05 16:00:00,10606.0,10615.775
2021-11-05 17:00:00,10498.0,10517.735
2021-11-05 18:00:00,10179.0,10218.195
2021-11-05 19:00:00,9699.0,9846.076
2021-11-05 20:00:00,9712.0,9672.93
2021-11-05 21:00:00,9481.0,9559.321
2021-11-05 22:00:00,8962.0,9554.212
2021-11-05 23:00:00,8626.0,9313.39
2021-11-06 00:00:00,9480.5,8778.14
2021-11-06 01:00:00,9480.5,9475.766
2021-11-06 02:00:00,8445.0,9377.024
2021-11-06 03:00:00,8524.0,8641.763
2021-11-06 04:00:00,8739.0,8610.868
2021-11-06 05:00:00,8906.0,8939.04
2021-11-06 06:00:00,8987.0,9137.162
2021-11-06 07:00:00,9186.0,9123.086
2021-11-06 08:00:00,9355.0,9316.6
2021-11-06 09:00:00,9480.0,9373.193
2021-11-06 10:00:00,9513.0,9445.559
2021-11-06 11:00:00,9484.0,9466.275
2021-11-06 12:00:00,9490.0,9478.176
2021-11-06 13:00:00,9637.0,9622.684
2021-11-06 14:00:00,10038.0,9859.941
2021-11-06 15:00:00,10392.0,10235.576
2021-11-06 16:00:00,10513.0,10339.415
2021-11-06 17:00:00,10407.0,10262.432
2021-11-06 18:00:00,10164.0,9930.139
2021-11-06 19:00:00,9768.0,9597.027
2021-11-06 20:00:00,9858.0,9435.837
2021-11-06 21:00:00,9760.0,9369.213
2021-11-06 22:00:00,9339.0,9092.897
2021-11-06 23:00:00,9022.0,8866.749
2021-11-07 00:00:00,8863.0,8694.02
2021-11-07 01:00:00,8747.0,8695.161
2021-11-07 02:00:00,8793.0,8714.604
2021-11-07 03:00:00,8868.0,8730.46
2021-11-07 04:00:00,9087.0,8817.218
2021-11-07 05:00:00,9255.0,9064.722
2021-11-07 06:00:00,9312.0,9286.857
2021-11-07 07:00:00,9562.0,9331.029
2021-11-07 08:00:00,9769.0,9529.044
2021-11-07 09:00:00,9853.0,9723.467
2021-11-07 10:00:00,9875.0,9723.109
2021-11-07 11:00:00,9799.0,9738.229
2021-11-07 12:00:00,9854.0,9709.888
2021-11-07 13:00:00,9994.0,9853.102
2021-11-07 14:00:00,10340.0,10246.219
2021-11-07 15:00:00,10503.0,10514.613
2021-11-07 16:00:00,10557.0,10556.108
2021-11-07 17:00:00,10527.0,10541.998
2021-11-07 18:00:00,10337.0,10267.44
2021-11-07 19:00:00,9963.0,9920.984
2021-11-07 20:00:00,10184.0,9831.365
2021-11-07 21:00:00,10067.0,10022.828
2021-11-07 22:00:00,9641.0,9730.921
2021-11-07 23:00:00,10260.5,9451.256
2021-11-08 00:00:00,10338.5,10277.434
2021-11-08 01:00:00,10384.0,10339.631
2021-11-08 02:00:00,10465.5,10347.306
2021-11-08 03:00:00,10515.0,10182.682
2021-11-08 04:00:00,10428.0,10491.143
2021-11-08 05:00:00,10957.0,10627.21
2021-11-08 06:00:00,11025.0,11024.554
2021-11-08 07:00:00,11094.0,10996.091
2021-11-08 08:00:00,11021.0,11035.904
2021-11-08 09:00:00,11007.0,10973.631
2021-11-08 10:00:00,10916.0,10931.535
2021-11-08 11:00:00,10898.0,10849.529
2021-11-08 12:00:00,10858.0,10901.309
2021-11-08 13:00:00,10939.0,10946.618
2021-11-08 14:00:00,11175.0,11112.792
2021-11-08 15:00:00,11312.0,11256.793
2021-11-08 16:00:00,11247.0,11266.042
2021-11-08 17:00:00,11316.0,11218.196
2021-11-08 18:00:00,11191.0,11098.164
2021-11-08 19:00:00,10775.0,10714.622
2021-11-08 20:00:00,10800.0,10620.356
2021-11-08 21:00:00,10600.0,10530.939
2021-11-08 22:00:00,10187.0,10502.791
2021-11-08 23:00:00,10986.0,10762.4795
2021-11-09 00:00:00,11104.0,10978.191
2021-11-09 01:00:00,11183.0,11032.0
2021-11-09 02:00:00,11219.0,11173.179
2021-11-09 03:00:00,11279.5,11201.928
2021-11-09 04:00:00,11033.0,10881.342
2021-11-09 05:00:00,11457.0,11231.819
2021-11-09 06:00:00,11512.0,11470.428
2021-11-09 07:00:00,11550.0,11404.791
2021-11-09 08:00:00,11521.0,11409.305
2021-11-09 09:00:00,11586.0,11359.635
2021-11-09 10:00:00,11560.0,11431.718
2021-11-09 11:00:00,11458.0,11348.64
2021-11-09 12:00:00,11401.0,11281.508
2021-11-09 13:00:00,11438.0,11383.771
2021-11-09 14:00:00,11603.0,11556.513
2021-11-09 15:00:00,11637.0,11636.57
2021-11-09 16:00:00,11533.0,11549.785
2021-11-09 17:00:00,11527.0,11534.609
2021-11-09 18:00:00,11217.0,11341.314
2021-11-09 19:00:00,10649.0,10800.146
2021-11-09 20:00:00,10613.0,10710.931
2021-11-09 21:00:00,10293.0,10536.034
2021-11-09 22:00:00,10559.0,10709.248
2021-11-09 23:00:00,10550.0,10936.176
2021-11-10 00:00:00,10522.5,10834.16
2021-11-10 01:00:00,10480.0,10882.294
2021-11-10 02:00:00,10456.5,10767.651
2021-11-10 03:00:00,10456.5,10719.8125
2021-11-10 04:00:00,10129.0,10641.538
2021-11-10 05:00:00,10563.0,10711.0205
2021-11-10 06:00:00,10555.0,10993.102
2021-11-10 07:00:00,10545.0,10794.38
2021-11-10 08:00:00,10453.0,10757.102
2021-11-10 09:00:00,10500.0,10681.777
2021-11-10 10:00:00,10460.0,10677.452
2021-11-10 11:00:00,10411.0,10608.33
2021-11-10 12:00:00,10349.0,10583.379
2021-11-10 13:00:00,10405.0,10695.0625
2021-11-10 14:00:00,10582.0,10798.555
2021-11-10 15:00:00,10653.0,10954.392
2021-11-10 16:00:00,10672.0,10811.752
2021-11-10 17:00:00,10674.0,10903.352
2021-11-10 18:00:00,10446.0,10568.728
2021-11-10 19:00:00,9938.0,10064.985
2021-11-10 20:00:00,9972.0,9993.922
2021-11-10 21:00:00,9692.0,9965.535
2021-11-10 22:00:00,10408.0,10226.882
2021-11-10 23:00:00,10408.0,10276.833
2021-11-11 00:00:00,10377.0,10421.559
2021-11-11 01:00:00,10372.5,10406.223
2021-11-11 02:00:00,10380.5,10378.002
2021-11-11 03:00:00,10380.5,10311.626
2021-11-11 04:00:00,9916.0,9983.932
2021-11-11 05:00:00,10499.0,10270.895
2021-11-11 06:00:00,10586.0,10648.996
2021-11-11 07:00:00,10572.0,10527.406
2021-11-11 08:00:00,10590.0,10508.098
2021-11-11 09:00:00,10568.0,10579.605
2021-11-11 10:00:00,10532.0,10536.254
2021-11-11 11:00:00,10317.0,10432.758
2021-11-11 12:00:00,10340.0,10279.389
2021-11-11 13:00:00,10421.0,10454.317
2021-11-11 14:00:00,10698.0,10686.585
2021-11-11 15:00:00,10823.0,10788.259
2021-11-11 16:00:00,10748.0,10832.104
2021-11-11 17:00:00,10714.0,10785.539
2021-11-11 18:00:00,10527.0,10479.956
2021-11-11 19:00:00,10063.0,10076.502
2021-11-11 20:00:00,10097.0,9999.349
2021-11-11 21:00:00,9791.0,9863.2295
2021-11-11 22:00:00,10380.5,9995.307
2021-11-11 23:00:00,10380.5,10298.304
2021-11-12 00:00:00,10474.0,10436.518
2021-11-12 01:00:00,10537.5,10535.667
2021-11-12 02:00:00,10557.0,10570.876
2021-11-12 03:00:00,10557.0,10526.264
2021-11-12 04:00:00,10082.0,10249.814
2021-11-12 05:00:00,10595.0,10428.147
2021-11-12 06:00:00,10666.0,10776.206
2021-11-12 07:00:00,10746.0,10682.541
2021-11-12 08:00:00,10710.0,10726.405
2021-11-12 09:00:00,10720.0,10752.902
2021-11-12 10:00:00,10658.0,10698.887
2021-11-12 11:00:00,10576.0,10538.817
2021-11-12 12:00:00,10548.0,10539.506
2021-11-12 13:00:00,10566.0,10597.718
2021-11-12 14:00:00,10758.0,10798.884
2021-11-12 15:00:00,10846.0,10869.687
2021-11-12 16:00:00,10861.0,10859.103
2021-11-12 17:00:00,10747.0,10819.346
2021-11-12 18:00:00,10501.0,10483.995
2021-11-12 19:00:00,9944.0,10098.301
2021-11-12 20:00:00,9989.0,9904.704
2021-11-12 21:00:00,9860.0,9781.964
2021-11-12 22:00:00,9484.0,9505.094
2021-11-12 23:00:00,9991.5,9464.485
2021-11-13 00:00:00,9991.5,9881.642
2021-11-13 01:00:00,9991.5,9913.286
2021-11-13 02:00:00,9991.5,9764.891
2021-11-13 03:00:00,9991.5,9728.673
2021-11-13 04:00:00,9455.0,9548.965
2021-11-13 05:00:00,9729.0,9525.405
2021-11-13 06:00:00,9824.0,9866.898
2021-11-13 07:00:00,9994.0,9934.531
2021-11-13 08:00:00,10218.0,10007.148
2021-11-13 09:00:00,10285.0,10154.618
2021-11-13 10:00:00,10238.0,10172.269
2021-11-13 11:00:00,10167.0,10132.173
2021-11-13 12:00:00,10212.0,10040.3545
2021-11-13 13:00:00,10382.0,10278.957
2021-11-13 14:00:00,10774.0,10558.102
2021-11-13 15:00:00,10968.0,10867.83
2021-11-13 16:00:00,11059.0,10954.047
2021-11-13 17:00:00,10931.0,10901.858
2021-11-13 18:00:00,10600.0,10568.222
2021-11-13 19:00:00,10131.0,9989.423
2021-11-13 20:00:00,10311.0,9953.843
2021-11-13 21:00:00,10076.0,9958.36
2021-11-13 22:00:00,9675.0,9591.693
2021-11-13 23:00:00,9335.0,9401.038
2021-11-14 00:00:00,9142.0,9067.393
2021-11-14 01:00:00,9066.0,8998.924
2021-11-14 02:00:00,9051.0,9006.227
2021-11-14 03:00:00,9190.0,9052.653
2021-11-14 04:00:00,9375.0,9262.676
2021-11-14 05:00:00,9492.0,9454.607
2021-11-14 06:00:00,9680.0,9638.925
2021-11-14 07:00:00,9890.0,9800.645
2021-11-14 08:00:00,10079.0,10017.033
2021-11-14 09:00:00,10086.0,10131.302
2021-11-14 10:00:00,10036.0,10107.882
2021-11-14 11:00:00,9968.0,10011.932
2021-11-14 12:00:00,9959.0,9964.546
2021-11-14 13:00:00,10030.0,10131.734
2021-11-14 14:00:00,10353.0,10367.263
2021-11-14 15:00:00,10588.0,10553.743
2021-11-14 16:00:00,10618.0,10625.159
2021-11-14 17:00:00,10610.0,10574.985
2021-11-14 18:00:00,10503.0,10349.641
2021-11-14 19:00:00,10163.0,10110.041
2021-11-14 20:00:00,10415.0,10200.421
2021-11-14 21:00:00,10398.0,10171.16
2021-11-14 22:00:00,10110.0,9827.966
2021-11-14 23:00:00,9812.0,9915.153
2021-11-15 00:00:00,9652.0,10097.878
2021-11-15 01:00:00,9657.0,10179.264
2021-11-15 02:00:00,9734.0,10168.857
2021-11-15 03:00:00,10078.0,10121.174
2021-11-15 04:00:00,10886.0,10322.918
2021-11-15 05:00:00,11449.0,11212.762
2021-11-15 06:00:00,11602.0,11501.459
2021-11-15 07:00:00,11599.0,11478.506
2021-11-15 08:00:00,11537.0,11462.014
2021-11-15 09:00:00,11531.0,11460.767
2021-11-15 10:00:00,11409.0,11457.62
2021-11-15 11:00:00,11261.0,11336.048
2021-11-15 12:00:00,11153.0,11225.888
2021-11-15 13:00:00,11192.0,11229.44
2021-11-15 14:00:00,11272.0,11327.48
2021-11-15 15:00:00,11213.0,11324.55
2021-11-15 16:00:00,11104.0,11261.234
2021-11-15 17:00:00,11075.0,11198.169
2021-11-15 18:00:00,10819.0,10999.473
2021-11-15 19:00:00,10342.0,10467.3955
2021-11-15 20:00:00,10498.0,10522.619
2021-11-15 21:00:00,10120.0,10521.514
2021-11-15 22:00:00,10536.0,10687.3125
2021-11-15 23:00:00,10534.0,10820.755
2021-11-16 00:00:00,10514.0,10701.919
2021-11-16 01:00:00,10495.5,10600.451
2021-11-16 02:00:00,10495.5,10610.431
2021-11-16 03:00:00,10495.5,10615.359
2021-11-16 04:00:00,10495.5,10729.096
2021-11-16 05:00:00,10493.0,10971.637
2021-11-16 06:00:00,10542.0,10846.043
2021-11-16 07:00:00,10559.0,10712.191
2021-11-16 08:00:00,10552.0,10724.2705
2021-11-16 09:00:00,10530.0,10693.653
2021-11-16 10:00:00,10538.0,10638.306
2021-11-16 11:00:00,10485.0,10608.285
2021-11-16 12:00:00,10480.0,10562.243
2021-11-16 13:00:00,10579.0,10704.657
2021-11-16 14:00:00,10839.0,10855.502
2021-11-16 15:00:00,10813.0,10958.957
2021-11-16 16:00:00,10762.0,10840.281
2021-11-16 17:00:00,10677.0,10810.668
2021-11-16 18:00:00,10555.0,10509.44
2021-11-16 19:00:00,10100.0,10250.13
2021-11-16 20:00:00,10153.0,10198.654
2021-11-16 21:00:00,9936.0,10088.904
2021-11-16 22:00:00,10482.5,10346.008
2021-11-16 23:00:00,10482.5,10484.111
2021-11-17 00:00:00,10462.0,10482.806
2021-11-17 01:00:00,10417.0,10478.55
2021-11-17 02:00:00,10417.0,10456.706
2021-11-17 03:00:00,10417.0,10410.735
2021-11-17 04:00:00,9836.0,10222.862
2021-11-17 05:00:00,10373.0,10298.098
2021-11-17 06:00:00,10567.0,10481.564
2021-11-17 07:00:00,10530.0,10563.889
2021-11-17 08:00:00,10493.0,10521.177
2021-11-17 09:00:00,10500.0,10492.303
2021-11-17 10:00:00,10524.0,10485.146
2021-11-17 11:00:00,10444.0,10457.523
2021-11-17 12:00:00,10390.0,10377.954
2021-11-17 13:00:00,10539.0,10468.45
2021-11-17 14:00:00,10757.0,10741.789
2021-11-17 15:00:00,10817.0,10815.833
2021-11-17 16:00:00,10817.0,10800.972
2021-11-17 17:00:00,10853.0,10801.787
2021-11-17 18:00:00,10558.0,10562.356
2021-11-17 19:00:00,10081.0,10105.86
2021-11-17 20:00:00,10051.0,9967.798
2021-11-17 21:00:00,9805.0,9838.665
2021-11-17 22:00:00,10260.0,10216.7705
2021-11-17 23:00:00,10260.0,10390.588
2021-11-18 00:00:00,10220.5,10280.639
2021-11-18 01:00:00,10220.5,10269.137
2021-11-18 02:00:00,10220.5,10231.8
2021-11-18 03:00:00,10220.5,10210.993
2021-11-18 04:00:00,9719.0,10021.613
2021-11-18 05:00:00,10203.0,10311.8545
2021-11-18 06:00:00,10341.0,10489.381
2021-11-18 07:00:00,10290.0,10422.177
2021-11-18 08:00:00,10238.0,10355.6
2021-11-18 09:00:00,10282.0,10304.023
2021-11-18 10:00:00,10289.0,10338.586
2021-11-18 11:00:00,10185.0,10281.968
2021-11-18 12:00:00,10247.0,10205.589
2021-11-18 13:00:00,10410.0,10402.122
2021-11-18 14:00:00,10676.0,10617.302
2021-11-18 15:00:00,10730.0,10753.438
2021-11-18 16:00:00,10729.0,10722.011
2021-11-18 17:00:00,10675.0,10716.55
2021-11-18 18:00:00,10550.0,10425.643
2021-11-18 19:00:00,10271.0,10091.164
2021-11-18 20:00:00,10255.0,10047.403
2021-11-18 21:00:00,10046.0,9889.593
2021-11-18 22:00:00,9628.0,10105.158
2021-11-18 23:00:00,10340.5,10150.894
2021-11-19 00:00:00,10480.0,10364.405
2021-11-19 01:00:00,10576.5,10456.494
2021-11-19 02:00:00,10639.0,10548.221
2021-11-19 03:00:00,10639.0,10510.725
2021-11-19 04:00:00,10227.0,10247.685
2021-11-19 05:00:00,10692.0,10449.342
2021-11-19 06:00:00,10949.0,10805.883
2021-11-19 07:00:00,10924.0,10907.921
2021-11-19 08:00:00,10936.0,10870.953
2021-11-19 09:00:00,10946.0,10901.107
2021-11-19 10:00:00,10852.0,10877.251
2021-11-19 11:00:00,10697.0,10768.458
2021-11-19 12:00:00,10603.0,10669.392
2021-11-19 13:00:00,10744.0,10691.28
2021-11-19 14:00:00,10987.0,10964.816
2021-11-19 15:00:00,10894.0,11108.846
2021-11-19 16:00:00,10934.0,10964.844
2021-11-19 17:00:00,10897.0,10966.216
2021-11-19 18:00:00,10569.0,10679.9375
2021-11-19 19:00:00,10096.0,10222.138
2021-11-19 20:00:00,10151.0,10128.836
2021-11-19 21:00:00,9929.0,9971.688
2021-11-19 22:00:00,9497.0,9655.848
2021-11-19 23:00:00,10065.0,9875.3955
2021-11-20 00:00:00,10065.0,9895.956
2021-11-20 01:00:00,10065.0,9938.657
2021-11-20 02:00:00,10065.0,9869.229
2021-11-20 03:00:00,10065.0,9912.338
2021-11-20 04:00:00,9356.0,9597.121
2021-11-20 05:00:00,9514.0,9538.268
2021-11-20 06:00:00,9731.0,9761.277
2021-11-20 07:00:00,9842.0,9946.263
2021-11-20 08:00:00,10034.0,10014.208
2021-11-20 09:00:00,10122.0,10115.552
2021-11-20 10:00:00,10165.0,10126.894
2021-11-20 11:00:00,10134.0,10080.109
2021-11-20 12:00:00,10106.0,10153.075
2021-11-20 13:00:00,10400.0,10307.367
2021-11-20 14:00:00,10736.0,10619.253
2021-11-20 15:00:00,10873.0,10856.84
2021-11-20 16:00:00,10933.0,10879.393
2021-11-20 17:00:00,10836.0,10842.944
2021-11-20 18:00:00,10458.0,10473.159
2021-11-20 19:00:00,10039.0,9930.52
2021-11-20 20:00:00,10195.0,10029.386
2021-11-20 21:00:00,9958.0,9992.53
2021-11-20 22:00:00,9596.0,9496.536
2021-11-20 23:00:00,9341.0,9360.222
2021-11-21 00:00:00,9149.0,9071.865
2021-11-21 01:00:00,9053.0,9023.619
2021-11-21 02:00:00,9066.0,9030.098
2021-11-21 03:00:00,9146.0,9147.059
2021-11-21 04:00:00,9341.0,9147.622
2021-11-21 05:00:00,9410.0,9396.556
2021-11-21 06:00:00,9543.0,9522.458
2021-11-21 07:00:00,9750.0,9636.366
2021-11-21 08:00:00,10002.0,9825.548
2021-11-21 09:00:00,10068.0,10072.16
2021-11-21 10:00:00,10179.0,10077.181
2021-11-21 11:00:00,10149.0,10120.984
2021-11-21 12:00:00,10174.0,10077.583
2021-11-21 13:00:00,10356.0,10347.248
2021-11-21 14:00:00,10673.0,10579.068
2021-11-21 15:00:00,10816.0,10733.198
2021-11-21 16:00:00,10899.0,10777.634
2021-11-21 17:00:00,10976.0,10757.214
2021-11-21 18:00:00,10772.0,10671.2705
2021-11-21 19:00:00,10391.0,10244.412
2021-11-21 20:00:00,10648.0,10395.136
2021-11-21 21:00:00,10596.0,10494.291
2021-11-21 22:00:00,10289.0,10206.489
2021-11-21 23:00:00,10013.0,10020.78
2021-11-22 00:00:00,10722.5,10169.049
2021-11-22 01:00:00,10794.0,10625.272
2021-11-22 02:00:00,10857.5,10708.821
2021-11-22 03:00:00,10340.0,10555.444
2021-11-22 04:00:00,11156.0,10591.6045
2021-11-22 05:00:00,11639.0,11604.865
2021-11-22 06:00:00,11740.0,11820.808
2021-11-22 07:00:00,11759.0,11710.565
2021-11-22 08:00:00,11757.0,11696.329
2021-11-22 09:00:00,11710.0,11705.078
2021-11-22 10:00:00,11654.0,11649.794
2021-11-22 11:00:00,11585.0,11553.793
2021-11-22 12:00:00,11555.0,11527.871
2021-11-22 13:00:00,11691.0,11617.583
2021-11-22 14:00:00,11894.0,11776.582
2021-11-22 15:00:00,11979.0,11865.146
2021-11-22 16:00:00,11925.0,11898.61
2021-11-22 17:00:00,11908.0,11904.691
2021-11-22 18:00:00,11658.0,11710.538
2021-11-22 19:00:00,11231.0,11100.055
2021-11-22 20:00:00,11256.0,11262.625
2021-11-22 21:00:00,10989.0,11106.302
2021-11-22 22:00:00,11571.0,11070.658
2021-11-22 23:00:00,11559.0,11515.812
2021-11-23 00:00:00,11543.5,11590.298
2021-11-23 01:00:00,11534.0,11603.237
2021-11-23 02:00:00,11534.0,11598.373
2021-11-23 03:00:00,11534.0,11406.414
2021-11-23 04:00:00,11218.0,11338.38
2021-11-23 05:00:00,11690.0,11779.905
2021-11-23 06:00:00,11701.0,11836.8
2021-11-23 07:00:00,11579.0,11753.687
2021-11-23 08:00:00,11619.0,11630.705
2021-11-23 09:00:00,11563.0,11614.77
2021-11-23 10:00:00,11532.0,11567.794
2021-11-23 11:00:00,11483.0,11524.07
2021-11-23 12:00:00,11536.0,11495.82
2021-11-23 13:00:00,11708.0,11681.459
2021-11-23 14:00:00,11961.0,11863.858
2021-11-23 15:00:00,11868.0,11987.712
2021-11-23 16:00:00,11680.0,11796.811
2021-11-23 17:00:00,11837.0,11709.258
2021-11-23 18:00:00,11653.0,11637.223
2021-11-23 19:00:00,11107.0,11124.94
2021-11-23 20:00:00,11132.0,11024.801
2021-11-23 21:00:00,10858.0,10951.734
2021-11-23 22:00:00,11122.5,11040.531
2021-11-23 23:00:00,11111.0,11203.531
2021-11-24 00:00:00,11108.0,11196.097
2021-11-24 01:00:00,11100.0,11038.202
2021-11-24 02:00:00,11100.0,11122.819
2021-11-24 03:00:00,11100.0,11042.537
2021-11-24 04:00:00,11100.0,10826.341
2021-11-24 05:00:00,10990.0,11421.095
2021-11-24 06:00:00,11164.0,11254.391
2021-11-24 07:00:00,11093.0,11273.558
2021-11-24 08:00:00,11113.0,11175.254
2021-11-24 09:00:00,11142.0,11158.79
2021-11-24 10:00:00,11109.0,11125.613
2021-11-24 11:00:00,11075.0,11065.821
2021-11-24 12:00:00,11093.0,11049.466
2021-11-24 13:00:00,11228.0,11269.037
2021-11-24 14:00:00,11399.0,11543.972
2021-11-24 15:00:00,11562.0,11594.707
2021-11-24 16:00:00,11577.0,11572.703
2021-11-24 17:00:00,11579.0,11595.4795
2021-11-24 18:00:00,11279.0,11370.37
2021-11-24 19:00:00,10890.0,10720.477
2021-11-24 20:00:00,11004.0,10789.039
2021-11-24 21:00:00,10745.0,10793.681
2021-11-24 22:00:00,10317.0,10812.349
2021-11-24 23:00:00,11160.5,10906.418
2021-11-25 00:00:00,11217.0,11200.96
2021-11-25 01:00:00,11246.0,11261.519
2021-11-25 02:00:00,11271.5,11271.373
2021-11-25 03:00:00,11271.5,11171.716
2021-11-25 04:00:00,10870.0,10950.624
2021-11-25 05:00:00,11290.0,11185.457
2021-11-25 06:00:00,11503.0,11460.591
2021-11-25 07:00:00,11361.0,11447.053
2021-11-25 08:00:00,11312.0,11268.928
2021-11-25 09:00:00,11303.0,11304.606
2021-11-25 10:00:00,11332.0,11284.845
2021-11-25 11:00:00,11206.0,11283.692
2021-11-25 12:00:00,11264.0,11219.257
2021-11-25 13:00:00,11418.0,11398.068
2021-11-25 14:00:00,11581.0,11627.348
2021-11-25 15:00:00,11575.0,11716.43
2021-11-25 16:00:00,11494.0,11598.206
2021-11-25 17:00:00,11532.0,11533.86
2021-11-25 18:00:00,11309.0,11400.654
2021-11-25 19:00:00,10869.0,10872.679
2021-11-25 20:00:00,10972.0,10930.929
2021-11-25 21:00:00,10726.0,10816.952
2021-11-25 22:00:00,11286.5,10641.958
2021-11-25 23:00:00,11286.5,11282.305
2021-11-26 00:00:00,11363.5,11310.322
2021-11-26 01:00:00,11456.0,11384.224
2021-11-26 02:00:00,11513.0,11495.054
2021-11-26 03:00:00,11513.0,11475.276
2021-11-26 04:00:00,11140.0,11202.825
2021-11-26 05:00:00,11578.0,11539.6455
2021-11-26 06:00:00,11721.0,11748.947
2021-11-26 07:00:00,11547.0,11657.87
2021-11-26 08:00:00,11667.0,11556.992
2021-11-26 09:00:00,11728.0,11624.732
2021-11-26 10:00:00,11701.0,11643.084
2021-11-26 11:00:00,11590.0,11604.674
2021-11-26 12:00:00,11544.0,11546.33
2021-11-26 13:00:00,11621.0,11658.104
2021-11-26 14:00:00,11773.0,11761.039
2021-11-26 15:00:00,11793.0,11846.211
2021-11-26 16:00:00,11825.0,11753.664
2021-11-26 17:00:00,12004.0,11738.336
2021-11-26 18:00:00,11933.0,11714.641
2021-11-26 19:00:00,11529.0,11380.24
2021-11-26 20:00:00,11612.0,11463.141
2021-11-26 21:00:00,11461.0,11311.574
2021-11-26 22:00:00,11064.0,10974.434
2021-11-26 23:00:00,11562.5,10730.26
2021-11-27 00:00:00,11562.5,11328.005
2021-11-27 01:00:00,11596.5,11329.033
2021-11-27 02:00:00,11596.5,11349.62
2021-11-27 03:00:00,10778.0,11268.576
2021-11-27 04:00:00,11049.0,10407.13
2021-11-27 05:00:00,11214.0,11010.097
2021-11-27 06:00:00,11522.0,11442.08
2021-11-27 07:00:00,11581.0,11485.352
2021-11-27 08:00:00,11749.0,11504.585
2021-11-27 09:00:00,11760.0,11675.645
2021-11-27 10:00:00,11751.0,11661.381
2021-11-27 11:00:00,11717.0,11618.669
2021-11-27 12:00:00,11707.0,11620.843
2021-11-27 13:00:00,12001.0,11819.399
2021-11-27 14:00:00,12377.0,12192.884
2021-11-27 15:00:00,12530.0,12447.35
2021-11-27 16:00:00,12508.0,12540.058
2021-11-27 17:00:00,12442.0,12454.018
2021-11-27 18:00:00,12070.0,12100.487
2021-11-27 19:00:00,11586.0,11494.3955
2021-11-27 20:00:00,11728.0,11635.089
2021-11-27 21:00:00,11636.0,11459.412
2021-11-27 22:00:00,11303.0,11179.711
2021-11-27 23:00:00,11009.0,11049.599
2021-11-28 00:00:00,10849.0,10793.352
2021-11-28 01:00:00,10756.0,10761.244
2021-11-28 02:00:00,10729.0,10781.205
2021-11-28 03:00:00,10825.0,10832.149
2021-11-28 04:00:00,10972.0,10748.358
2021-11-28 05:00:00,11070.0,10945.25
2021-11-28 06:00:00,11315.0,11263.818
2021-11-28 07:00:00,11448.0,11390.267
2021-11-28 08:00:00,11716.0,11467.921
2021-11-28 09:00:00,11834.0,11665.621
2021-11-28 10:00:00,11792.0,11697.37
2021-11-28 11:00:00,11775.0,11636.309
2021-11-28 12:00:00,11748.0,11654.636
2021-11-28 13:00:00,11948.0,11782.626
2021-11-28 14:00:00,12244.0,12127.986
2021-11-28 15:00:00,12247.0,12309.502
2021-11-28 16:00:00,12352.0,12203.626
2021-11-28 17:00:00,12345.0,12327.584
2021-11-28 18:00:00,12089.0,12100.664
2021-11-28 19:00:00,11691.0,11568.209
2021-11-28 20:00:00,11931.0,11778.371
2021-11-28 21:00:00,11848.0,11861.339
2021-11-28 22:00:00,11510.0,11486.844
2021-11-28 23:00:00,12018.5,11241.3545
2021-11-29 00:00:00,12145.5,12173.547
2021-11-29 01:00:00,12223.0,12158.907
2021-11-29 02:00:00,12245.5,12167.36
2021-11-29 03:00:00,12296.0,12232.337
2021-11-29 04:00:00,12202.0,12540.9
2021-11-29 05:00:00,12646.0,12690.453
2021-11-29 06:00:00,12836.0,12827.281
2021-11-29 07:00:00,12768.0,12820.078
2021-11-29 08:00:00,12701.0,12676.616
2021-11-29 09:00:00,12676.0,12654.782
2021-11-29 10:00:00,12733.0,12578.6875
2021-11-29 11:00:00,12701.0,12618.718
2021-11-29 12:00:00,12631.0,12638.286
2021-11-29 13:00:00,12812.0,12662.099
2021-11-29 14:00:00,12821.0,12898.476
2021-11-29 15:00:00,12717.0,12865.867
2021-11-29 16:00:00,12629.0,12764.151
2021-11-29 17:00:00,12636.0,12695.794
2021-11-29 18:00:00,12391.0,12519.325
2021-11-29 19:00:00,12630.0,11959.465
2021-11-29 20:00:00,12255.0,12549.68
2021-11-29 21:00:00,12071.0,12053.81
2021-11-29 22:00:00,12630.0,12114.762
2021-11-29 23:00:00,12630.0,12594.386
2021-11-30 00:00:00,12630.0,12498.143
2021-11-30 01:00:00,12632.5,12467.389
2021-11-30 02:00:00,12632.5,12470.932
2021-11-30 03:00:00,12632.5,12474.579
2021-11-30 04:00:00,12581.0,12414.5205
2021-11-30 05:00:00,12854.0,12746.295
2021-11-30 06:00:00,13083.0,12940.251
2021-11-30 07:00:00,13057.0,12838.509
2021-11-30 08:00:00,13046.0,12850.501
2021-11-30 09:00:00,13037.0,12844.401
2021-11-30 10:00:00,13107.0,12891.471
2021-11-30 11:00:00,12960.0,12980.894
2021-11-30 12:00:00,12895.0,12864.75
2021-11-30 13:00:00,13073.0,12888.538
2021-11-30 14:00:00,13144.0,13101.988
2021-11-30 15:00:00,13114.0,13144.603
2021-11-30 16:00:00,13001.0,13063.429
2021-11-30 17:00:00,13108.0,12985.302
2021-11-30 18:00:00,12905.0,12922.69
2021-11-30 19:00:00,12414.0,12403.12
2021-11-30 20:00:00,12448.0,12545.003
2021-11-30 21:00:00,12802.0,12264.696
2021-11-30 22:00:00,12797.5,12816.911
2021-11-30 23:00:00,12790.0,12782.658
2021-12-01 00:00:00,12777.0,12776.749
2021-12-01 01:00:00,12761.5,12617.552
2021-12-01 02:00:00,12761.5,12598.133
2021-12-01 03:00:00,12761.5,12596.416
2021-12-01 04:00:00,12308.0,12465.085
2021-12-01 05:00:00,12767.0,12701.725
2021-12-01 06:00:00,12917.0,12914.979
2021-12-01 07:00:00,12802.0,12999.636
2021-12-01 08:00:00,12802.0,12861.846
2021-12-01 09:00:00,12793.0,12873.313
2021-12-01 10:00:00,12787.0,12850.561
2021-12-01 11:00:00,12730.0,12733.929
2021-12-01 12:00:00,12756.0,12689.569
2021-12-01 13:00:00,12844.0,12877.491
2021-12-01 14:00:00,13029.0,12994.979
2021-12-01 15:00:00,13083.0,13102.285
2021-12-01 16:00:00,13132.0,13053.637
2021-12-01 17:00:00,13204.0,13160.109
2021-12-01 18:00:00,12979.0,12952.147
2021-12-01 19:00:00,12515.0,12562.852
2021-12-01 20:00:00,12521.0,12512.12
2021-12-01 21:00:00,12216.0,12379.316
2021-12-01 22:00:00,12771.5,12072.483
2021-12-01 23:00:00,12800.0,12580.85
2021-12-02 00:00:00,12853.0,12890.29
2021-12-02 01:00:00,12854.5,12816.185
2021-12-02 02:00:00,12870.5,12845.178
2021-12-02 03:00:00,12870.5,12794.173
2021-12-02 04:00:00,12500.0,12603.869
2021-12-02 05:00:00,12962.0,12844.504
2021-12-02 06:00:00,13149.0,13164.944
2021-12-02 07:00:00,13061.0,13088.689
2021-12-02 08:00:00,12975.0,12946.662
2021-12-02 09:00:00,12892.0,12933.107
2021-12-02 10:00:00,12879.0,12774.58
2021-12-02 11:00:00,12862.0,12753.831
2021-12-02 12:00:00,12847.0,12746.541
2021-12-02 13:00:00,12998.0,12897.118
2021-12-02 14:00:00,12976.0,13121.291
2021-12-02 15:00:00,12942.0,13114.376
2021-12-02 16:00:00,12878.0,13115.187
2021-12-02 17:00:00,12890.0,13002.716
2021-12-02 18:00:00,12937.0,12847.084
2021-12-02 19:00:00,12550.0,12565.465
2021-12-02 20:00:00,12654.0,12516.614
2021-12-02 21:00:00,12457.0,12302.107
2021-12-02 22:00:00,12870.0,12515.029
2021-12-02 23:00:00,12870.0,12822.672
2021-12-03 00:00:00,12884.0,12894.078
2021-12-03 01:00:00,12913.5,12821.634
2021-12-03 02:00:00,12913.5,12970.051
2021-12-03 03:00:00,12913.5,12938.056
2021-12-03 04:00:00,12777.0,12805.734
2021-12-03 05:00:00,13230.0,13041.141
2021-12-03 06:00:00,13404.0,13330.914
2021-12-03 07:00:00,13223.0,13310.62
2021-12-03 08:00:00,13200.0,13160.147
2021-12-03 09:00:00,13111.0,13121.457
2021-12-03 10:00:00,13083.0,13095.582
2021-12-03 11:00:00,12991.0,12949.451
2021-12-03 12:00:00,12954.0,12954.894
2021-12-03 13:00:00,13106.0,13111.42
2021-12-03 14:00:00,13247.0,13280.056
2021-12-03 15:00:00,13173.0,13264.714
2021-12-03 16:00:00,13076.0,13187.461
2021-12-03 17:00:00,13041.0,13062.075
2021-12-03 18:00:00,12809.0,12923.714
2021-12-03 19:00:00,12336.0,12532.0625
2021-12-03 20:00:00,12388.0,12508.362
2021-12-03 21:00:00,12140.0,12246.629
2021-12-03 22:00:00,12281.5,11857.767
2021-12-03 23:00:00,12281.5,12195.917
2021-12-04 00:00:00,12281.5,12295.323
2021-12-04 01:00:00,12281.5,12242.294
2021-12-04 02:00:00,12281.5,12201.867
2021-12-04 03:00:00,12281.5,12243.974
2021-12-04 04:00:00,11489.0,12288.022
2021-12-04 05:00:00,11643.0,11706.531
2021-12-04 06:00:00,11972.0,12027.489
2021-12-04 07:00:00,12157.0,12164.418
2021-12-04 08:00:00,12246.0,12299.033
2021-12-04 09:00:00,12317.0,12330.495
2021-12-04 10:00:00,12374.0,12302.003
2021-12-04 11:00:00,12333.0,12320.828
2021-12-04 12:00:00,12386.0,12352.045
2021-12-04 13:00:00,12751.0,12556.684
2021-12-04 14:00:00,13129.0,12788.312
2021-12-04 15:00:00,13313.0,12985.195
2021-12-04 16:00:00,13409.0,13082.377
2021-12-04 17:00:00,13324.0,13023.188
2021-12-04 18:00:00,13054.0,12912.43
2021-12-04 19:00:00,12674.0,12471.205
2021-12-04 20:00:00,12925.0,12667.296
2021-12-04 21:00:00,12713.0,12703.993
2021-12-04 22:00:00,12343.0,12341.703
2021-12-04 23:00:00,12078.0,12063.048
2021-12-05 00:00:00,11901.0,11895.108
2021-12-05 01:00:00,11842.0,11713.908
2021-12-05 02:00:00,11872.0,11677.223
2021-12-05 03:00:00,12112.0,11744.809
2021-12-05 04:00:00,12311.0,12147.225
2021-12-05 05:00:00,12322.0,12195.301
2021-12-05 06:00:00,12693.0,12432.533
2021-12-05 07:00:00,12852.0,12663.023
2021-12-05 08:00:00,13168.0,12699.377
2021-12-05 09:00:00,13241.0,12943.825
2021-12-05 10:00:00,13178.0,12903.19
2021-12-05 11:00:00,13135.0,12853.23
2021-12-05 12:00:00,13170.0,12931.613
2021-12-05 13:00:00,13345.0,13104.8
2021-12-05 14:00:00,13633.0,13387.217
2021-12-05 15:00:00,13651.0,13611.551
2021-12-05 16:00:00,13685.0,13542.166
2021-12-05 17:00:00,13600.0,13533.747
2021-12-05 18:00:00,13409.0,13386.525
2021-12-05 19:00:00,13093.0,12877.671
2021-12-05 20:00:00,13253.0,13116.803
2021-12-05 21:00:00,13206.0,13040.883
2021-12-05 22:00:00,12927.0,12804.687
2021-12-05 23:00:00,12612.0,12745.157
2021-12-06 00:00:00,12432.0,12543.376
2021-12-06 01:00:00,12352.0,12477.774
2021-12-06 02:00:00,12357.0,12507.767
2021-12-06 03:00:00,12489.0,12640.35
2021-12-06 04:00:00,12657.0,13066.787
2021-12-06 05:00:00,12558.0,13104.585
2021-12-06 06:00:00,12554.0,13002.646
2021-12-06 07:00:00,12683.0,12755.39
2021-12-06 08:00:00,12848.0,12876.509
2021-12-06 09:00:00,12925.0,12891.193
2021-12-06 10:00:00,12898.0,12955.423
2021-12-06 11:00:00,12855.0,12822.139
2021-12-06 12:00:00,12799.0,12832.921
2021-12-06 13:00:00,13004.0,12967.601
2021-12-06 14:00:00,13255.0,13090.53
2021-12-06 15:00:00,13303.0,13121.414
2021-12-06 16:00:00,13292.0,13240.469
2021-12-06 17:00:00,13206.0,13268.313
2021-12-06 18:00:00,12986.0,12979.133
2021-12-06 19:00:00,12681.0,12649.964
2021-12-06 20:00:00,12969.0,12734.249
2021-12-06 21:00:00,12870.0,12802.862
2021-12-06 22:00:00,12550.0,12870.073
2021-12-06 23:00:00,12995.0,12612.718
2021-12-07 00:00:00,13105.0,12990.679
2021-12-07 01:00:00,13230.5,13025.312
2021-12-07 02:00:00,13273.5,13037.485
2021-12-07 03:00:00,12714.0,13120.274
2021-12-07 04:00:00,13461.0,12527.0205
2021-12-07 05:00:00,13568.0,13433.346
2021-12-07 06:00:00,13778.0,13530.727
2021-12-07 07:00:00,13634.0,13447.657
2021-12-07 08:00:00,13565.0,13454.694
2021-12-07 09:00:00,13582.0,13455.425
2021-12-07 10:00:00,13527.0,13446.394
2021-12-07 11:00:00,13452.0,13431.117
2021-12-07 12:00:00,13498.0,13264.398
2021-12-07 13:00:00,13744.0,13580.842
2021-12-07 14:00:00,13873.0,13591.997
2021-12-07 15:00:00,13875.0,13852.07
2021-12-07 16:00:00,13842.0,13927.596
2021-12-07 17:00:00,13777.0,13869.806
2021-12-07 18:00:00,13625.0,13432.835
2021-12-07 19:00:00,13360.0,13174.455
2021-12-07 20:00:00,13581.0,13338.152
2021-12-07 21:00:00,13391.0,13438.312
2021-12-07 22:00:00,13029.0,13326.598
2021-12-07 23:00:00,13603.0,13039.65
2021-12-08 00:00:00,13653.0,13465.919
2021-12-08 01:00:00,13712.5,13389.433
2021-12-08 02:00:00,13729.0,13384.276
2021-12-08 03:00:00,13729.0,13395.642
2021-12-08 04:00:00,13479.0,13226.05
2021-12-08 05:00:00,13681.0,13496.123
2021-12-08 06:00:00,14038.0,13638.421
2021-12-08 07:00:00,14004.0,13720.842
2021-12-08 08:00:00,13933.0,13713.728
2021-12-08 09:00:00,13930.0,13829.306
2021-12-08 10:00:00,13889.0,13803.973
2021-12-08 11:00:00,13827.0,13762.391
2021-12-08 12:00:00,13896.0,13785.04
2021-12-08 13:00:00,14009.0,13951.908
2021-12-08 14:00:00,14135.0,13984.629
2021-12-08 15:00:00,14175.0,13933.457
2021-12-08 16:00:00,14162.0,13890.15
2021-12-08 17:00:00,14154.0,13956.37
2021-12-08 18:00:00,13927.0,13818.421
2021-12-08 19:00:00,13616.0,13444.015
2021-12-08 20:00:00,13581.0,13480.1875
2021-12-08 21:00:00,13441.0,13403.844
2021-12-08 22:00:00,13034.0,13360.711
2021-12-08 23:00:00,13616.0,13075.47
2021-12-09 00:00:00,13598.5,13616.447
2021-12-09 01:00:00,13559.5,13561.437
2021-12-09 02:00:00,13559.5,13545.138
2021-12-09 03:00:00,12852.0,13564.246
2021-12-09 04:00:00,13458.0,12980.997
2021-12-09 05:00:00,13616.0,13549.648
2021-12-09 06:00:00,13820.0,13661.006
2021-12-09 07:00:00,13763.0,13697.065
2021-12-09 08:00:00,13648.0,13650.78
2021-12-09 09:00:00,13538.0,13634.401
2021-12-09 10:00:00,13528.0,13548.008
2021-12-09 11:00:00,13378.0,13523.251
2021-12-09 12:00:00,13400.0,13267.772
2021-12-09 13:00:00,13607.0,13383.899
2021-12-09 14:00:00,13591.0,13609.714
2021-12-09 15:00:00,13490.0,13553.714
2021-12-09 16:00:00,13373.0,13496.509
2021-12-09 17:00:00,13397.0,13348.131
2021-12-09 18:00:00,13130.0,13208.452
2021-12-09 19:00:00,12726.0,12805.06
2021-12-09 20:00:00,12763.0,12818.725
2021-12-09 21:00:00,12541.0,12708.462
2021-12-09 22:00:00,13087.5,12817.463
2021-12-09 23:00:00,13026.5,13113.668
2021-12-10 00:00:00,12990.0,13029.502
2021-12-10 01:00:00,12957.5,12944.958
2021-12-10 02:00:00,12957.5,12887.106
2021-12-10 03:00:00,12957.5,12832.67
2021-12-10 04:00:00,12839.0,12952.399
2021-12-10 05:00:00,13173.0,13220.155
2021-12-10 06:00:00,13345.0,13325.556
2021-12-10 07:00:00,13187.0,13352.061
2021-12-10 08:00:00,13008.0,13168.906
2021-12-10 09:00:00,13045.0,13033.055
2021-12-10 10:00:00,12972.0,12967.422
2021-12-10 11:00:00,12943.0,13004.283
2021-12-10 12:00:00,12940.0,12989.348
2021-12-10 13:00:00,13028.0,13082.201
2021-12-10 14:00:00,13049.0,13164.536
2021-12-10 15:00:00,13001.0,13125.829
2021-12-10 16:00:00,12904.0,13072.638
2021-12-10 17:00:00,12789.0,12951.746
2021-12-10 18:00:00,12556.0,12767.313
2021-12-10 19:00:00,12147.0,12152.084
2021-12-10 20:00:00,12208.0,12328.374
2021-12-10 21:00:00,11946.0,12116.651
2021-12-10 22:00:00,11445.0,12068.2295
2021-12-10 23:00:00,11545.5,11651.12
2021-12-11 00:00:00,11538.0,11884.187
2021-12-11 01:00:00,11538.0,11665.976
2021-12-11 02:00:00,11538.0,11595.121
2021-12-11 03:00:00,11538.0,11603.85
2021-12-11 04:00:00,11068.0,11442.852
2021-12-11 05:00:00,11145.0,11201.074
2021-12-11 06:00:00,11441.0,11509.364
2021-12-11 07:00:00,11469.0,11652.665
2021-12-11 08:00:00,11428.0,11537.81
2021-12-11 09:00:00,11530.0,11554.34
2021-12-11 10:00:00,11561.0,11572.999
2021-12-11 11:00:00,11546.0,11557.63
2021-12-11 12:00:00,11579.0,11585.735
2021-12-11 13:00:00,11848.0,11871.792
2021-12-11 14:00:00,11990.0,12176.795
2021-12-11 15:00:00,12063.0,12125.446
2021-12-11 16:00:00,12071.0,12080.484
2021-12-11 17:00:00,11813.0,12030.004
2021-12-11 18:00:00,11630.0,11779.132
2021-12-11 19:00:00,11244.0,11298.193
2021-12-11 20:00:00,11374.0,11474.216
2021-12-11 21:00:00,11223.0,11338.176
2021-12-11 22:00:00,10851.0,10932.872
2021-12-11 23:00:00,10538.0,10710.401
2021-12-12 00:00:00,10288.0,10426.513
2021-12-12 01:00:00,10118.0,10231.001
2021-12-12 02:00:00,10084.0,10207.067
2021-12-12 03:00:00,10127.0,10150.965
2021-12-12 04:00:00,10302.0,10247.042
2021-12-12 05:00:00,10355.0,10435.7705
2021-12-12 06:00:00,10671.0,10619.077
2021-12-12 07:00:00,10735.0,10831.884
2021-12-12 08:00:00,10819.0,10930.993
2021-12-12 09:00:00,10909.0,11009.839
2021-12-12 10:00:00,11009.0,11016.371
2021-12-12 11:00:00,10951.0,11051.448
2021-12-12 12:00:00,10978.0,11052.979
2021-12-12 13:00:00,11215.0,11293.512
2021-12-12 14:00:00,11331.0,11554.058
2021-12-12 15:00:00,11403.0,11471.941
2021-12-12 16:00:00,11374.0,11436.733
2021-12-12 17:00:00,11374.0,11363.109
2021-12-12 18:00:00,11098.0,11166.093
2021-12-12 19:00:00,10780.0,10694.464
2021-12-12 20:00:00,11037.0,10988.352
2021-12-12 21:00:00,10944.0,10894.637
2021-12-12 22:00:00,10568.0,10717.455
2021-12-12 23:00:00,11156.5,10789.178
2021-12-13 00:00:00,11252.0,11178.307
2021-12-13 01:00:00,11310.0,11319.749
2021-12-13 02:00:00,11352.5,11336.671
2021-12-13 03:00:00,11374.0,11264.101
2021-12-13 04:00:00,11289.0,11352.038
2021-12-13 05:00:00,11748.0,11752.312
2021-12-13 06:00:00,11892.0,11927.945
2021-12-13 07:00:00,11888.0,11871.24
2021-12-13 08:00:00,11800.0,11844.6875
2021-12-13 09:00:00,11742.0,11716.117
2021-12-13 10:00:00,11740.0,11687.25
2021-12-13 11:00:00,11701.0,11622.432
2021-12-13 12:00:00,11752.0,11648.335
2021-12-13 13:00:00,11875.0,11802.89
2021-12-13 14:00:00,11863.0,11920.547
2021-12-13 15:00:00,11761.0,11866.702
2021-12-13 16:00:00,11656.0,11747.754
2021-12-13 17:00:00,11612.0,11698.418
2021-12-13 18:00:00,11479.0,11437.691
2021-12-13 19:00:00,11109.0,11073.495
2021-12-13 20:00:00,11187.0,11145.347
2021-12-13 21:00:00,10936.0,11016.508
2021-12-13 22:00:00,11290.0,10951.746
2021-12-13 23:00:00,11282.0,11421.184
2021-12-14 00:00:00,11253.5,11306.154
2021-12-14 01:00:00,11241.5,11307.508
2021-12-14 02:00:00,11241.5,11317.631
2021-12-14 03:00:00,11241.5,11101.068
2021-12-14 04:00:00,10812.0,11024.877
2021-12-14 05:00:00,11222.0,11420.195
2021-12-14 06:00:00,11458.0,11494.207
2021-12-14 07:00:00,11387.0,11460.581
2021-12-14 08:00:00,11289.0,11360.178
2021-12-14 09:00:00,11291.0,11326.589
2021-12-14 10:00:00,11275.0,11303.969
2021-12-14 11:00:00,11232.0,11269.607
2021-12-14 12:00:00,11251.0,11269.674
2021-12-14 13:00:00,11493.0,11466.831
2021-12-14 14:00:00,11437.0,11600.996
2021-12-14 15:00:00,11443.0,11492.331
2021-12-14 16:00:00,11373.0,11417.948
2021-12-14 17:00:00,11488.0,11400.811
2021-12-14 18:00:00,11390.0,11298.228
2021-12-14 19:00:00,10990.0,10865.437
2021-12-14 20:00:00,11042.0,10969.27
2021-12-14 21:00:00,10728.0,10845.646
2021-12-14 22:00:00,11256.0,11050.209
2021-12-14 23:00:00,11256.0,11298.634
2021-12-15 00:00:00,11303.0,11281.778
2021-12-15 01:00:00,11350.5,11310.877
2021-12-15 02:00:00,11350.5,11350.87
2021-12-15 03:00:00,11350.5,11245.348
2021-12-15 04:00:00,10898.0,10775.181
2021-12-15 05:00:00,11261.0,11260.855
2021-12-15 06:00:00,11514.0,11507.699
2021-12-15 07:00:00,11501.0,11540.289
2021-12-15 08:00:00,11391.0,11454.491
2021-12-15 09:00:00,11345.0,11388.845
2021-12-15 10:00:00,11404.0,11354.862
2021-12-15 11:00:00,11356.0,11373.572
2021-12-15 12:00:00,11390.0,11329.727
2021-12-15 13:00:00,11617.0,11511.593
2021-12-15 14:00:00,11614.0,11695.349
2021-12-15 15:00:00,11666.0,11629.932
2021-12-15 16:00:00,11684.0,11590.213
2021-12-15 17:00:00,11537.0,11636.842
2021-12-15 18:00:00,11300.0,11421.349
2021-12-15 19:00:00,10849.0,10893.626
2021-12-15 20:00:00,10910.0,11028.822
2021-12-15 21:00:00,10676.0,10730.18
2021-12-15 22:00:00,11308.5,10981.163
2021-12-15 23:00:00,11288.5,11351.51
2021-12-16 00:00:00,11285.5,11292.95
2021-12-16 01:00:00,11284.0,11327.338
2021-12-16 02:00:00,11284.0,11327.677
2021-12-16 03:00:00,11284.0,11195.649
2021-12-16 04:00:00,10743.0,10932.476
2021-12-16 05:00:00,11202.0,11265.432
2021-12-16 06:00:00,11497.0,11492.21
2021-12-16 07:00:00,11428.0,11529.897
2021-12-16 08:00:00,11338.0,11453.164
2021-12-16 09:00:00,11317.0,11383.023
2021-12-16 10:00:00,11277.0,11322.6045
2021-12-16 11:00:00,11294.0,11280.064
2021-12-16 12:00:00,11291.0,11327.311
2021-12-16 13:00:00,11451.0,11529.708
2021-12-16 14:00:00,11568.0,11625.703
2021-12-16 15:00:00,11630.0,11637.02
2021-12-16 16:00:00,11572.0,11620.473
2021-12-16 17:00:00,11576.0,11572.799
2021-12-16 18:00:00,11509.0,11450.974
2021-12-16 19:00:00,11074.0,10986.741
2021-12-16 20:00:00,11148.0,11046.526
2021-12-16 21:00:00,10886.0,10870.974
2021-12-16 22:00:00,10492.0,10895.547
2021-12-16 23:00:00,11372.5,11216.706
2021-12-17 00:00:00,11420.5,11469.384
2021-12-17 01:00:00,11420.5,11500.645
2021-12-17 02:00:00,11441.0,11523.673
2021-12-17 03:00:00,11441.0,11427.473
2021-12-17 04:00:00,10992.0,11079.766
2021-12-17 05:00:00,11492.0,11511.018
2021-12-17 06:00:00,11800.0,11715.135
2021-12-17 07:00:00,11760.0,11727.988
2021-12-17 08:00:00,11631.0,11719.289
2021-12-17 09:00:00,11611.0,11652.046
2021-12-17 10:00:00,11527.0,11634.568
2021-12-17 11:00:00,11390.0,11553.882
2021-12-17 12:00:00,11371.0,11460.552
2021-12-17 13:00:00,11651.0,11608.365
2021-12-17 14:00:00,11730.0,11801.57
2021-12-17 15:00:00,11666.0,11763.124
2021-12-17 16:00:00,11638.0,11667.697
2021-12-17 17:00:00,11665.0,11688.1455
2021-12-17 18:00:00,11565.0,11530.029
2021-12-17 19:00:00,11132.0,11133.885
2021-12-17 20:00:00,11204.0,11131.785
2021-12-17 21:00:00,10965.0,10937.393
2021-12-17 22:00:00,10459.0,10541.096
2021-12-17 23:00:00,10124.0,10212.419
2021-12-18 00:00:00,10709.5,10424.062
2021-12-18 01:00:00,10709.5,10702.523
2021-12-18 02:00:00,10709.5,10624.174
2021-12-18 03:00:00,10709.5,10523.078
2021-12-18 04:00:00,10144.0,10294.146
2021-12-18 05:00:00,10247.0,10392.946
2021-12-18 06:00:00,10498.0,10474.822
2021-12-18 07:00:00,10635.0,10692.965
2021-12-18 08:00:00,10711.0,10734.037
2021-12-18 09:00:00,10701.0,10800.927
2021-12-18 10:00:00,10708.0,10744.692
2021-12-18 11:00:00,10722.0,10723.246
2021-12-18 12:00:00,10772.0,10736.133
2021-12-18 13:00:00,11075.0,11040.157
2021-12-18 14:00:00,11276.0,11303.826
2021-12-18 15:00:00,11439.0,11384.299
2021-12-18 16:00:00,11531.0,11438.38
2021-12-18 17:00:00,11414.0,11445.089
2021-12-18 18:00:00,11061.0,11222.043
2021-12-18 19:00:00,10596.0,10724.621
2021-12-18 20:00:00,10755.0,10837.903
2021-12-18 21:00:00,10566.0,10788.287
2021-12-18 22:00:00,10259.0,10353.122
2021-12-18 23:00:00,9920.0,10126.947
2021-12-19 00:00:00,9684.0,9753.673
2021-12-19 01:00:00,9584.0,9593.175
2021-12-19 02:00:00,9573.0,9642.364
2021-12-19 03:00:00,9644.0,9638.063
2021-12-19 04:00:00,9845.0,9726.513
2021-12-19 05:00:00,10012.0,9947.988
2021-12-19 06:00:00,10319.0,10190.468
2021-12-19 07:00:00,10467.0,10433.356
2021-12-19 08:00:00,10602.0,10532.579
2021-12-19 09:00:00,10741.0,10644.771
2021-12-19 10:00:00,10807.0,10715.385
2021-12-19 11:00:00,10837.0,10763.963
2021-12-19 12:00:00,10893.0,10810.337
2021-12-19 13:00:00,11102.0,11102.084
2021-12-19 14:00:00,11263.0,11362.247
2021-12-19 15:00:00,11445.0,11356.582
2021-12-19 16:00:00,11604.0,11422.697
2021-12-19 17:00:00,11581.0,11578.488
2021-12-19 18:00:00,11512.0,11383.184
2021-12-19 19:00:00,11253.0,11016.625
2021-12-19 20:00:00,11480.0,11326.985
2021-12-19 21:00:00,11392.0,11317.776
2021-12-19 22:00:00,11069.0,11024.62
2021-12-19 23:00:00,10789.0,10924.569
2021-12-20 00:00:00,11462.5,10829.845
2021-12-20 01:00:00,11496.0,11351.645
2021-12-20 02:00:00,10816.0,11420.551
2021-12-20 03:00:00,11252.0,10621.821
2021-12-20 04:00:00,12061.0,11298.832
2021-12-20 05:00:00,12583.0,12385.144
2021-12-20 06:00:00,12925.0,12600.029
2021-12-20 07:00:00,12900.0,12842.435
2021-12-20 08:00:00,12822.0,12695.034
2021-12-20 09:00:00,12887.0,12676.408
2021-12-20 10:00:00,12797.0,12698.007
2021-12-20 11:00:00,12746.0,12658.1045
2021-12-20 12:00:00,12714.0,12660.944
2021-12-20 13:00:00,12921.0,12832.331
2021-12-20 14:00:00,13011.0,13046.07
2021-12-20 15:00:00,12989.0,12983.8545
2021-12-20 16:00:00,12922.0,12899.4795
2021-12-20 17:00:00,12900.0,12944.615
2021-12-20 18:00:00,12767.0,12695.368
2021-12-20 19:00:00,12341.0,12326.753
2021-12-20 20:00:00,12402.0,12394.052
2021-12-20 21:00:00,12188.0,12179.888
2021-12-20 22:00:00,12756.5,12172.671
2021-12-20 23:00:00,12756.5,12605.286
2021-12-21 00:00:00,12794.5,12643.042
2021-12-21 01:00:00,12861.0,12659.582
2021-12-21 02:00:00,12861.0,12561.839
2021-12-21 03:00:00,12861.0,12706.644
2021-12-21 04:00:00,12342.0,12633.088
2021-12-21 05:00:00,12822.0,12958.109
2021-12-21 06:00:00,13077.0,13009.548
2021-12-21 07:00:00,12998.0,12944.2705
2021-12-21 08:00:00,12989.0,12903.605
2021-12-21 09:00:00,12992.0,12912.918
2021-12-21 10:00:00,13013.0,12877.897
2021-12-21 11:00:00,12986.0,12863.243
2021-12-21 12:00:00,12966.0,12862.328
2021-12-21 13:00:00,13084.0,13019.413
2021-12-21 14:00:00,13196.0,13059.997
2021-12-21 15:00:00,13204.0,13155.126
2021-12-21 16:00:00,13175.0,13073.051
2021-12-21 17:00:00,13215.0,13136.022
2021-12-21 18:00:00,13030.0,12926.417
2021-12-21 19:00:00,12631.0,12574.673
2021-12-21 20:00:00,12674.0,12593.477
2021-12-21 21:00:00,12463.0,12354.007
2021-12-21 22:00:00,12985.5,12554.601
2021-12-21 23:00:00,12985.5,12796.382
2021-12-22 00:00:00,12975.5,12836.227
2021-12-22 01:00:00,12971.0,12844.744
2021-12-22 02:00:00,12971.0,12888.603
2021-12-22 03:00:00,12971.0,12861.247
2021-12-22 04:00:00,12583.0,12678.705
2021-12-22 05:00:00,12985.0,12807.969
2021-12-22 06:00:00,13242.0,13153.214
2021-12-22 07:00:00,13170.0,13084.642
2021-12-22 08:00:00,13120.0,13076.176
2021-12-22 09:00:00,13105.0,13098.701
2021-12-22 10:00:00,13061.0,13071.516
2021-12-22 11:00:00,12957.0,12945.02
2021-12-22 12:00:00,12907.0,12945.411
2021-12-22 13:00:00,13028.0,13050.889
2021-12-22 14:00:00,13119.0,13086.451
2021-12-22 15:00:00,13090.0,13159.752
2021-12-22 16:00:00,13052.0,12997.954
2021-12-22 17:00:00,13024.0,13017.933
2021-12-22 18:00:00,12775.0,12875.877
2021-12-22 19:00:00,12456.0,12290.252
2021-12-22 20:00:00,12407.0,12454.717
2021-12-22 21:00:00,12098.0,12244.148
2021-12-22 22:00:00,12134.0,12345.395
2021-12-22 23:00:00,12094.5,12319.731
2021-12-23 00:00:00,12046.5,12401.721
2021-12-23 01:00:00,11941.5,12383.449
2021-12-23 02:00:00,11890.5,12264.868
2021-12-23 03:00:00,11890.5,12127.27
2021-12-23 04:00:00,11457.0,12104.416
2021-12-23 05:00:00,11755.0,12075.434
2021-12-23 06:00:00,12091.0,12290.664
2021-12-23 07:00:00,12170.0,12274.997
2021-12-23 08:00:00,12002.0,12287.977
2021-12-23 09:00:00,11880.0,12154.772
2021-12-23 10:00:00,11881.0,12056.76
2021-12-23 11:00:00,11816.0,12047.487
2021-12-23 12:00:00,11725.0,11972.711
2021-12-23 13:00:00,11900.0,12048.868
2021-12-23 14:00:00,11968.0,12167.483
2021-12-23 15:00:00,11952.0,12117.728
2021-12-23 16:00:00,11949.0,12109.312
2021-12-23 17:00:00,11942.0,12095.681
2021-12-23 18:00:00,11806.0,11904.073
2021-12-23 19:00:00,11435.0,11581.125
2021-12-23 20:00:00,11588.0,11625.193
2021-12-23 21:00:00,11348.0,11562.974
2021-12-23 22:00:00,11656.5,11544.451
2021-12-23 23:00:00,11656.5,11838.565
2021-12-24 00:00:00,11656.5,11798.359
2021-12-24 01:00:00,11695.5,11736.454
2021-12-24 02:00:00,11695.5,11717.081
2021-12-24 03:00:00,11695.5,11654.101
2021-12-24 04:00:00,11695.5,11358.436
2021-12-24 05:00:00,11043.0,11992.037
2021-12-24 06:00:00,11554.0,11427.915
2021-12-24 07:00:00,11807.0,11682.628
2021-12-24 08:00:00,11965.0,11830.118
2021-12-24 09:00:00,12006.0,11951.463
2021-12-24 10:00:00,11925.0,11930.778
2021-12-24 11:00:00,11803.0,11868.586
2021-12-24 12:00:00,11835.0,11783.0205
2021-12-24 13:00:00,12032.0,11970.232
2021-12-24 14:00:00,12138.0,12119.0205
2021-12-24 15:00:00,12022.0,12109.797
2021-12-24 16:00:00,11902.0,11997.94
2021-12-24 17:00:00,11798.0,11894.871
2021-12-24 18:00:00,11705.0,11663.86
2021-12-24 19:00:00,11534.0,11211.075
2021-12-24 20:00:00,11876.0,11483.706
2021-12-24 21:00:00,11856.0,11465.585
2021-12-24 22:00:00,11574.0,11386.078
2021-12-24 23:00:00,11355.0,11331.163
2021-12-25 00:00:00,11073.0,11286.078
2021-12-25 01:00:00,11624.5,11111.802
2021-12-25 02:00:00,11624.5,11466.701
2021-12-25 03:00:00,11041.0,11386.373
2021-12-25 04:00:00,11071.0,10643.689
2021-12-25 05:00:00,11112.0,11019.153
2021-12-25 06:00:00,11363.0,11352.464
2021-12-25 07:00:00,11491.0,11469.338
2021-12-25 08:00:00,11622.0,11531.025
2021-12-25 09:00:00,11734.0,11622.227
2021-12-25 10:00:00,11730.0,11661.822
2021-12-25 11:00:00,11627.0,11675.942
2021-12-25 12:00:00,11688.0,11654.916
2021-12-25 13:00:00,11870.0,11861.924
2021-12-25 14:00:00,12090.0,12030.448
2021-12-25 15:00:00,12130.0,12121.717
2021-12-25 16:00:00,12153.0,12238.628
2021-12-25 17:00:00,12116.0,12172.789
2021-12-25 18:00:00,11936.0,11982.936
2021-12-25 19:00:00,11659.0,11479.46
2021-12-25 20:00:00,11964.0,11773.881
2021-12-25 21:00:00,11875.0,11810.592
2021-12-25 22:00:00,11558.0,11440.889
2021-12-25 23:00:00,11252.0,11136.474
2021-12-26 00:00:00,11151.0,10957.003
2021-12-26 01:00:00,11165.0,10903.704
2021-12-26 02:00:00,11206.0,11059.192
2021-12-26 03:00:00,11296.0,11081.323
2021-12-26 04:00:00,11477.0,10969.3125
2021-12-26 05:00:00,11516.0,11437.405
2021-12-26 06:00:00,11860.0,11645.245
2021-12-26 07:00:00,12015.0,11853.899
2021-12-26 08:00:00,12119.0,12013.201
2021-12-26 09:00:00,12226.0,12105.568
2021-12-26 10:00:00,12205.0,12143.751
2021-12-26 11:00:00,12050.0,12100.15
2021-12-26 12:00:00,12072.0,12016.012
2021-12-26 13:00:00,12212.0,12191.101
2021-12-26 14:00:00,12495.0,12365.546
2021-12-26 15:00:00,12550.0,12493.739
2021-12-26 16:00:00,12622.0,12552.185
2021-12-26 17:00:00,12574.0,12554.237
2021-12-26 18:00:00,12384.0,12290.335
2021-12-26 19:00:00,12044.0,11876.497
2021-12-26 20:00:00,12250.0,12229.304
2021-12-26 21:00:00,12150.0,12153.339
2021-12-26 22:00:00,11775.0,11849.35
2021-12-26 23:00:00,12231.0,11607.019
2021-12-27 00:00:00,12317.0,12225.593
2021-12-27 01:00:00,12429.5,12258.353
2021-12-27 02:00:00,12485.0,12380.025
2021-12-27 03:00:00,12512.5,12414.76
2021-12-27 04:00:00,12180.0,12592.551
2021-12-27 05:00:00,12475.0,12652.894
2021-12-27 06:00:00,12795.0,12674.354
2021-12-27 07:00:00,12908.0,12794.397
2021-12-27 08:00:00,12921.0,12862.153
2021-12-27 09:00:00,12944.0,12890.18
2021-12-27 10:00:00,12909.0,12895.555
2021-12-27 11:00:00,12841.0,12861.631
2021-12-27 12:00:00,12876.0,12756.427
2021-12-27 13:00:00,13058.0,12864.6455
2021-12-27 14:00:00,13170.0,13044.002
2021-12-27 15:00:00,13199.0,13101.556
2021-12-27 16:00:00,13223.0,13056.972
2021-12-27 17:00:00,13216.0,13138.728
2021-12-27 18:00:00,13018.0,12994.303
2021-12-27 19:00:00,12628.0,12572.918
2021-12-27 20:00:00,12787.0,12690.637
2021-12-27 21:00:00,12646.0,12661.774
2021-12-27 22:00:00,12127.0,12571.257
2021-12-27 23:00:00,12763.0,12373.21
2021-12-28 00:00:00,12734.5,12607.253
2021-12-28 01:00:00,12677.0,12719.567
2021-12-28 02:00:00,12637.0,12642.309
2021-12-28 03:00:00,12637.0,12479.574
2021-12-28 04:00:00,12389.0,12372.802
2021-12-28 05:00:00,12594.0,12787.869
2021-12-28 06:00:00,12869.0,12774.409
2021-12-28 07:00:00,12843.0,12781.776
2021-12-28 08:00:00,12761.0,12784.306
2021-12-28 09:00:00,12765.0,12750.132
2021-12-28 10:00:00,12708.0,12688.668
2021-12-28 11:00:00,12620.0,12676.246
2021-12-28 12:00:00,12541.0,12656.177
2021-12-28 13:00:00,12597.0,12736.158
2021-12-28 14:00:00,12726.0,12829.726
2021-12-28 15:00:00,12726.0,12864.101
2021-12-28 16:00:00,12652.0,12837.794
2021-12-28 17:00:00,12578.0,12775.518
2021-12-28 18:00:00,12309.0,12525.946
2021-12-28 19:00:00,11789.0,11891.078
2021-12-28 20:00:00,11852.0,12174.049
2021-12-28 21:00:00,11658.0,12108.117
2021-12-28 22:00:00,11935.5,11982.974
2021-12-28 23:00:00,11935.5,12085.968
2021-12-29 00:00:00,11935.5,12014.296
2021-12-29 01:00:00,11935.5,11906.409
2021-12-29 02:00:00,11935.5,11871.412
2021-12-29 03:00:00,11935.5,11719.887
2021-12-29 04:00:00,11466.0,11781.544
2021-12-29 05:00:00,11747.0,11904.744
2021-12-29 06:00:00,11961.0,12136.728
2021-12-29 07:00:00,11949.0,12027.8125
2021-12-29 08:00:00,11922.0,12001.01
2021-12-29 09:00:00,11978.0,12014.619
2021-12-29 10:00:00,12074.0,12049.391
2021-12-29 11:00:00,12063.0,12059.19
2021-12-29 12:00:00,12006.0,12065.1045
2021-12-29 13:00:00,12194.0,12148.553
2021-12-29 14:00:00,12250.0,12405.459
2021-12-29 15:00:00,12200.0,12315.244
2021-12-29 16:00:00,12134.0,12234.859
2021-12-29 17:00:00,12080.0,12246.648
2021-12-29 18:00:00,11779.0,12017.145
2021-12-29 19:00:00,11473.0,11460.081
2021-12-29 20:00:00,11553.0,11612.14
2021-12-29 21:00:00,11345.0,11507.575
2021-12-29 22:00:00,10833.0,11545.235
2021-12-29 23:00:00,11499.5,11437.119
2021-12-30 00:00:00,11499.5,11599.677
2021-12-30 01:00:00,11499.5,11571.153
2021-12-30 02:00:00,11499.5,11548.021
2021-12-30 03:00:00,11499.5,11532.343
2021-12-30 04:00:00,10946.0,11212.119
2021-12-30 05:00:00,11129.0,11451.095
2021-12-30 06:00:00,11435.0,11457.236
2021-12-30 07:00:00,11491.0,11523.948
2021-12-30 08:00:00,11512.0,11502.323
2021-12-30 09:00:00,11508.0,11562.534
2021-12-30 10:00:00,11572.0,11497.945
2021-12-30 11:00:00,11579.0,11539.975
2021-12-30 12:00:00,11571.0,11571.925
2021-12-30 13:00:00,11675.0,11738.692
2021-12-30 14:00:00,11776.0,11804.925
2021-12-30 15:00:00,11805.0,11820.332
2021-12-30 16:00:00,11763.0,11780.889
2021-12-30 17:00:00,11747.0,11713.901
2021-12-30 18:00:00,11581.0,11577.622
2021-12-30 19:00:00,11077.0,11090.581
2021-12-30 20:00:00,11186.0,11164.559
2021-12-30 21:00:00,11006.0,11048.432
2021-12-30 22:00:00,10544.0,10908.597
2021-12-30 23:00:00,11041.5,11229.1045
2021-12-31 00:00:00,11041.5,11157.247
2021-12-31 01:00:00,11041.5,11112.232
2021-12-31 02:00:00,11041.5,11104.715
2021-12-31 03:00:00,11041.5,11001.789
2021-12-31 04:00:00,10480.0,10732.228
2021-12-31 05:00:00,10681.0,10883.295
2021-12-31 06:00:00,10972.0,11008.371
2021-12-31 07:00:00,10998.0,11045.236
2021-12-31 08:00:00,10972.0,11046.397
2021-12-31 09:00:00,11113.0,11046.149
2021-12-31 10:00:00,11151.0,11109.663
2021-12-31 11:00:00,11102.0,11122.482
2021-12-31 12:00:00,11103.0,11112.25
2021-12-31 13:00:00,11314.0,11306.973
2021-12-31 14:00:00,11552.0,11483.098
2021-12-31 15:00:00,11575.0,11539.975
2021-12-31 16:00:00,11447.0,11534.198
2021-12-31 17:00:00,11237.0,11451.995
2021-12-31 18:00:00,10914.0,11178.032
2021-12-31 19:00:00,10599.0,10556.104
2021-12-31 20:00:00,10812.0,10729.272
