timestamp,actual_MWh,lgbm_MWh,xgb_MWh,final_ensemble_MWh
2021-01-01 00:00:00,9206.0,9745.807837304226,9688.547,9721.269103845589
2021-01-01 01:00:00,9042.0,9528.424421000564,9412.741,9478.849818542996
2021-01-01 02:00:00,9010.0,9315.232222312146,9324.171,9319.062721104765
2021-01-01 03:00:00,9057.0,9444.236908714116,9335.8125,9397.77294269357
2021-01-01 04:00:00,9219.0,9366.818648719389,9460.07,9406.780266842745
2021-01-01 05:00:00,9198.0,9583.961108464591,9582.251,9583.22835820612
2021-01-01 06:00:00,9392.0,9420.926270293226,9440.5205,9429.323104736195
2021-01-01 07:00:00,9486.0,9503.839329978287,9527.517,9513.985886599205
2021-01-01 08:00:00,9496.0,9532.941080122375,9586.314,9555.81349211797
2021-01-01 09:00:00,9629.0,9581.457033242166,9638.16,9605.756355330912
2021-01-01 10:00:00,9731.0,9663.909932598104,9703.334,9680.804365783657
2021-01-01 11:00:00,9763.0,9772.542429190018,9803.198,9785.679267877424
2021-01-01 12:00:00,9908.0,9795.308201389069,9827.216,9808.981553110134
2021-01-01 13:00:00,10160.0,9966.619488959703,9996.804,9979.55448247664
2021-01-01 14:00:00,10428.0,10263.690781638412,10278.319,10269.959491163521
2021-01-01 15:00:00,10485.0,10511.48254123532,10531.189,10519.92766147622
2021-01-01 16:00:00,10498.0,10487.784786423883,10518.955,10501.142098730938
2021-01-01 17:00:00,10523.0,10418.870629679413,10421.141,10419.843190705948
2021-01-01 18:00:00,10340.0,10222.933171860199,10232.429,10227.001994747796
2021-01-01 19:00:00,10021.0,9932.682901774684,9982.94,9954.220048233903
2021-01-01 20:00:00,10182.0,9965.719358516986,10013.496,9986.193411218344
2021-01-01 21:00:00,10012.0,9884.35358629665,9910.313,9895.478079876812
2021-01-01 22:00:00,9631.0,9521.16771505673,9508.909,9515.914302734333
2021-01-01 23:00:00,9292.0,9396.641467326695,9346.243,9375.043862352395
2021-01-02 00:00:00,9054.0,9247.64085751568,9329.755,9282.829554669323
2021-01-02 01:00:00,8975.0,9125.238169104585,9103.546,9115.94218188935
2021-01-02 02:00:00,8972.0,8903.84959583102,8895.929,8900.455043377184
2021-01-02 03:00:00,9065.0,8832.970911470095,8894.566,8859.366731745034
2021-01-02 04:00:00,9264.0,9017.84070353551,9025.128,9020.963484465985
2021-01-02 05:00:00,9309.0,9231.00010993917,9241.902,9235.672027861732
2021-01-02 06:00:00,9616.0,9411.933844824445,9421.834,9416.176206387043
2021-01-02 07:00:00,9742.0,9634.056234891174,9615.367,9626.047293921732
2021-01-02 08:00:00,9861.0,9755.630882401896,9752.567,9754.31816111641
2021-01-02 09:00:00,9975.0,9798.925159623755,9812.489,9804.737965355222
2021-01-02 10:00:00,10040.0,9885.143044467573,9904.837,9893.582546611371
2021-01-02 11:00:00,10061.0,9922.253993626628,9947.917,9933.251520238711
2021-01-02 12:00:00,10197.0,9996.887141300647,10020.784,10007.127704089993
2021-01-02 13:00:00,10500.0,10215.01520190626,10219.4,10216.894157189705
2021-01-02 14:00:00,10806.0,10669.74346633335,10650.136,10661.34063836577
2021-01-02 15:00:00,10937.0,10872.981304607352,10857.749,10866.453343671783
2021-01-02 16:00:00,11018.0,10923.474301423317,10920.709,10922.28919851978
2021-01-02 17:00:00,10940.0,10882.598997664769,10905.839,10892.557901337384
2021-01-02 18:00:00,10669.0,10675.069019508655,10672.635,10674.025598460765
2021-01-02 19:00:00,10238.0,10208.052130667123,10267.071,10233.343728013411
2021-01-02 20:00:00,10490.0,10200.10524470581,10249.117,10221.108526172722
2021-01-02 21:00:00,10318.0,10151.232193540081,10233.695,10186.570481227936
2021-01-02 22:00:00,9914.0,9874.747515049621,9923.588,9895.677526931318
2021-01-02 23:00:00,9535.0,9589.673506942814,9584.073,9587.273546375502
2021-01-03 00:00:00,9296.0,9230.233335858979,9316.876,9267.362750816472
2021-01-03 01:00:00,9137.0,9078.018880585843,9166.807,9116.06746342875
2021-01-03 02:00:00,9142.0,9089.926782947126,9219.678,9145.529619932306
2021-01-03 03:00:00,9197.0,9083.937270732842,9108.424,9094.430563602617
2021-01-03 04:00:00,9375.0,9237.220709533152,9199.665,9221.126530834666
2021-01-03 05:00:00,9369.0,9384.064036872367,9349.125,9369.091184916273
2021-01-03 06:00:00,9641.0,9518.562151779819,9533.502,9524.964381279104
2021-01-03 07:00:00,9753.0,9711.090310508633,9729.17,9718.838000600943
2021-01-03 08:00:00,9938.0,9862.814193704431,9847.306,9856.16812956596
2021-01-03 09:00:00,10129.0,9980.45991250115,9988.642,9983.965730597232
2021-01-03 10:00:00,10203.0,10103.006887072896,10081.974,10093.993418960068
2021-01-03 11:00:00,10272.0,10188.256343704092,10182.277,10185.693758659581
2021-01-03 12:00:00,10233.0,10252.050506050471,10248.171,10250.388066524894
2021-01-03 13:00:00,10446.0,10325.818737189775,10367.326,10343.605919763706
2021-01-03 14:00:00,10736.0,10673.776221832366,10680.817,10676.793647889255
2021-01-03 15:00:00,10807.0,10905.891069687257,10923.102,10913.266416387647
2021-01-03 16:00:00,10826.0,10911.935357244562,10901.989,10907.67314200662
2021-01-03 17:00:00,10891.0,10828.007045432669,10800.824,10816.358159263571
2021-01-03 18:00:00,10679.0,10617.033723447643,10622.34,10619.307330289217
2021-01-03 19:00:00,10253.0,10278.351089962445,10282.139,10279.974039025028
2021-01-03 20:00:00,10483.0,10395.338957890914,10392.343,10394.054882073648
2021-01-03 21:00:00,10388.0,10306.653634060684,10332.398,10317.685992021463
2021-01-03 22:00:00,10008.0,9977.094842071692,9995.689,9985.063223942161
2021-01-03 23:00:00,9638.0,9672.71216992527,9717.74,9692.008350061991
2021-01-04 00:00:00,10609.0,10029.63077672119,9979.419,10008.112929635614
2021-01-04 01:00:00,10707.5,10682.423210775334,10615.355,10653.681862622456
2021-01-04 02:00:00,10771.5,10775.067424643506,10661.935,10726.585574230761
2021-01-04 03:00:00,10816.5,10575.043411703176,10619.004,10593.88220626735
2021-01-04 04:00:00,10539.0,10675.10579548472,10753.008,10708.489485677508
2021-01-04 05:00:00,10923.0,11025.506996223512,10918.532,10979.664040055199
2021-01-04 06:00:00,11376.0,11174.324946326687,11101.303,11143.03226518842
2021-01-04 07:00:00,11442.0,11333.35898194758,11330.124,11331.972495636825
2021-01-04 08:00:00,11409.0,11344.538694879813,11370.938,11355.852014653407
2021-01-04 09:00:00,11447.0,11361.100657420087,11370.735,11365.229167136662
2021-01-04 10:00:00,11450.0,11381.962784301686,11365.562,11374.934311468729
2021-01-04 11:00:00,11441.0,11386.937242185864,11365.163,11377.606133467585
2021-01-04 12:00:00,11476.0,11404.034963316362,11408.045,11405.753319544576
2021-01-04 13:00:00,11583.0,11532.383668101695,11519.847,11527.011034953292
2021-01-04 14:00:00,11818.0,11691.042267409315,11707.33,11698.021873553162
2021-01-04 15:00:00,11722.0,11850.938997118916,11846.187,11848.902367692564
2021-01-04 16:00:00,11714.0,11746.064145252009,11722.196,11735.835954706406
2021-01-04 17:00:00,11667.0,11715.665122818124,11707.431,11712.13639036657
2021-01-04 18:00:00,11523.0,11432.34547598582,11448.0205,11439.062599725028
2021-01-04 19:00:00,11172.0,11053.575622273765,11060.396,11056.498665113293
2021-01-04 20:00:00,11325.0,11151.47249014458,11160.7705,11155.456810422653
2021-01-04 21:00:00,11123.0,11108.591573353082,11103.39,11106.3620937134
2021-01-04 22:00:00,10685.0,11011.472856997292,11057.747,11031.302735048987
2021-01-04 23:00:00,11499.5,11033.477115384665,11082.524,11054.495526630924
2021-01-05 00:00:00,11543.0,11458.205274369338,11447.512,11453.622753663036
2021-01-05 01:00:00,11573.0,11564.364777762688,11577.903,11570.166461994508
2021-01-05 02:00:00,11615.0,11523.341164293814,11552.285,11535.744454214891
2021-01-05 03:00:00,11615.0,11522.576210422209,11548.779,11533.804869695901
2021-01-05 04:00:00,11181.0,11396.831601273221,11393.826,11395.543600320849
2021-01-05 05:00:00,11563.0,11555.713147386457,11493.1455,11528.900594852239
2021-01-05 06:00:00,11825.0,11718.136827632425,11666.715,11696.10063692696
2021-01-05 07:00:00,11799.0,11733.62810840723,11748.078,11739.82052385054
2021-01-05 08:00:00,11815.0,11740.718763722132,11735.028,11738.280288433209
2021-01-05 09:00:00,11935.0,11742.313305441712,11752.468,11746.664655139499
2021-01-05 10:00:00,11955.0,11848.55491611369,11865.737,11855.917882428872
2021-01-05 11:00:00,11842.0,11856.327846227845,11858.16,11857.112756907212
2021-01-05 12:00:00,11904.0,11799.809269903497,11816.959,11807.158211154812
2021-01-05 13:00:00,12010.0,11887.599232285389,11896.487,11891.408013066772
2021-01-05 14:00:00,12148.0,12151.559050495815,12144.29,12148.443761543414
2021-01-05 15:00:00,12143.0,12225.291826380284,12219.504,12222.811275278029
2021-01-05 16:00:00,12167.0,12194.972186187866,12154.849,12177.777680449686
2021-01-05 17:00:00,12145.0,12236.498699172344,12208.513,12224.505631565722
2021-01-05 18:00:00,11904.0,11961.338101462188,11975.964,11967.605669050969
2021-01-05 19:00:00,11542.0,11520.289668836549,11477.416,11501.916651980784
2021-01-05 20:00:00,11602.0,11635.324898898147,11573.755,11608.939739494159
2021-01-05 21:00:00,11405.0,11454.83692373597,11396.428,11429.806263116603
2021-01-05 22:00:00,10952.0,11291.203460127228,11314.357,11301.125811671733
2021-01-05 23:00:00,10605.0,11360.043402122048,11385.005,11370.740218842482
2021-01-06 00:00:00,11418.0,11082.742242669034,11319.511,11184.205870900894
2021-01-06 01:00:00,11418.0,11519.050627492854,11643.095,11572.208096965183
2021-01-06 02:00:00,11418.0,11479.534529054605,11607.612,11534.420528014934
2021-01-06 03:00:00,10460.0,11458.699480663303,11590.535,11515.195701798024
2021-01-06 04:00:00,10824.0,10999.576766946799,11223.13,11095.37711400454
2021-01-06 05:00:00,10949.0,11350.344689208141,11439.036,11388.352056609641
2021-01-06 06:00:00,11156.0,11384.362588224383,11487.132,11428.40287945998
2021-01-06 07:00:00,11230.0,11372.427487864528,11417.297,11391.655649046668
2021-01-06 08:00:00,11322.0,11394.45489713237,11479.421,11430.865576758637
2021-01-06 09:00:00,11431.0,11443.127107515285,11549.263,11488.610137616557
2021-01-06 10:00:00,11475.0,11495.38388096163,11546.802,11517.41828165977
2021-01-06 11:00:00,11463.0,11490.431610123913,11547.015,11514.679548901368
2021-01-06 12:00:00,11471.0,11492.869873902702,11565.351,11523.930349197612
2021-01-06 13:00:00,11679.0,11571.328937700035,11672.33,11614.611556290693
2021-01-06 14:00:00,11947.0,11799.149165141029,11945.39,11861.818583122938
2021-01-06 15:00:00,12006.0,11983.690459917192,12097.295,12032.373851912298
2021-01-06 16:00:00,11954.0,11964.89696689657,12064.522,12007.590113857721
2021-01-06 17:00:00,11996.0,11909.841101601382,12034.288,11963.171160901791
2021-01-06 18:00:00,11708.0,11794.323026863358,11877.9375,11830.154860189105
2021-01-06 19:00:00,11216.0,11168.668101132826,11300.514,11225.16872602955
2021-01-06 20:00:00,11316.0,11270.676334722053,11406.454,11328.862108410314
2021-01-06 21:00:00,11175.0,11086.476814747566,11128.116,11104.320510773834
2021-01-06 22:00:00,10772.0,11068.828866695638,11091.392,11078.497562044382
2021-01-06 23:00:00,10449.0,10973.561070042364,10908.627,10945.73421742958
2021-01-07 00:00:00,11686.5,10776.530056351401,10846.052,10806.322293573037
2021-01-07 01:00:00,11687.5,11662.21630562919,11649.408,11656.72760340248
2021-01-07 02:00:00,11700.0,11624.148993137336,11613.019,11619.379290667814
2021-01-07 03:00:00,11700.0,11511.525850066111,11536.071,11522.044192812615
2021-01-07 04:00:00,11280.0,11501.268161603437,11530.092,11513.619799657306
2021-01-07 05:00:00,11694.0,11630.04284760686,11519.967,11582.870947725894
2021-01-07 06:00:00,11911.0,11878.239762321375,11803.97,11846.411957938777
2021-01-07 07:00:00,11811.0,11843.157787301383,11834.141,11839.293581979578
2021-01-07 08:00:00,11772.0,11764.736474338271,11792.477,11776.624182480213
2021-01-07 09:00:00,11706.0,11715.418794645679,11786.336,11745.809099403006
2021-01-07 10:00:00,11745.0,11670.951492373899,11701.331,11683.96993088566
2021-01-07 11:00:00,11715.0,11675.986080048413,11718.297,11694.117521106777
2021-01-07 12:00:00,11681.0,11677.747138242717,11696.483,11685.776245096618
2021-01-07 13:00:00,11844.0,11743.399310277584,11783.075,11760.40196633503
2021-01-07 14:00:00,11957.0,11977.302799491465,12009.769,11991.215237216344
2021-01-07 15:00:00,11915.0,12012.61619890101,12060.161,12032.990766079449
2021-01-07 16:00:00,11778.0,11955.404430684002,11964.859,11959.45600452495
2021-01-07 17:00:00,11748.0,11791.457311065216,11855.403,11818.860470317704
2021-01-07 18:00:00,11587.0,11621.841308685443,11645.357,11631.918443704233
2021-01-07 19:00:00,11164.0,11123.31927348101,11159.6875,11138.904411334364
2021-01-07 20:00:00,11234.0,11264.858012402132,11270.037,11267.077189427282
2021-01-07 21:00:00,10972.0,11085.529681122309,11088.299,11086.716270324978
2021-01-07 22:00:00,11620.5,10877.58483474459,10836.071,10859.794541708838
2021-01-07 23:00:00,11620.5,11590.597318027889,11574.284,11583.606616449611
2021-01-08 00:00:00,11602.5,11645.117519297199,11634.819,11640.70432032061
2021-01-08 01:00:00,11580.0,11651.919161242582,11612.767,11635.140525913404
2021-01-08 02:00:00,11580.0,11565.21330126043,11589.941,11575.810053493175
2021-01-08 03:00:00,11580.0,11426.033245780462,11507.324,11460.8694539178
2021-01-08 04:00:00,11110.0,11322.594023594982,11334.931,11327.880774917536
2021-01-08 05:00:00,11533.0,11517.145007004185,11453.074,11489.68795232655
2021-01-08 06:00:00,11870.0,11741.553049375474,11658.843,11706.108614619166
2021-01-08 07:00:00,11719.0,11774.708971251472,11791.664,11781.974466300788
2021-01-08 08:00:00,11654.0,11680.58392982464,11666.86,11674.70254333812
2021-01-08 09:00:00,11732.0,11641.398322630515,11614.923,11630.052568494748
2021-01-08 10:00:00,11699.0,11659.41297660172,11640.572,11651.338982472413
2021-01-08 11:00:00,11618.0,11644.309375641773,11625.358,11636.18780832872
2021-01-08 12:00:00,11573.0,11589.120926620955,11561.025,11577.080783943436
2021-01-08 13:00:00,11689.0,11628.708604851357,11634.693,11631.27302765375
2021-01-08 14:00:00,11900.0,11836.495730797089,11794.456,11818.480113102509
2021-01-08 15:00:00,11911.0,11981.203537509658,11960.079,11972.150909054888
2021-01-08 16:00:00,11847.0,11910.658748817115,11894.2,11903.605701486475
2021-01-08 17:00:00,11874.0,11810.13863249403,11801.143,11806.283231417085
2021-01-08 18:00:00,11684.0,11683.259673033563,11644.788,11666.773136459627
2021-01-08 19:00:00,11338.0,11192.119444858274,11199.471,11195.269528554218
2021-01-08 20:00:00,11399.0,11282.429184180817,11278.08,11280.565247704355
2021-01-08 21:00:00,11156.0,11100.825097309407,11094.654,11098.180673124887
2021-01-08 22:00:00,10704.0,10804.33931396259,10827.022,10814.059968601687
2021-01-08 23:00:00,10405.0,10610.930183561779,10528.894,10575.774458978993
2021-01-09 00:00:00,11189.5,10542.285210370854,10567.714,10553.182113868033
2021-01-09 01:00:00,11189.5,11172.721882092772,11213.857,11190.350059427417
2021-01-09 02:00:00,11189.5,11105.489048791831,11156.422,11127.315677090868
2021-01-09 03:00:00,10326.0,10853.6328676221,11026.653,10927.77825672237
2021-01-09 04:00:00,10584.0,10309.141677889515,10303.663,10306.79385307381
2021-01-09 05:00:00,10657.0,10600.261225529255,10562.079,10583.898731738056
2021-01-09 06:00:00,10887.0,10822.123798774022,10748.644,10790.63477121203
2021-01-09 07:00:00,10964.0,10927.399337459106,10883.553,10908.609361253946
2021-01-09 08:00:00,11067.0,11025.91175932694,10999.53,11014.60628483989
2021-01-09 09:00:00,11223.0,11047.25476506612,11019.284,11035.268362727817
2021-01-09 10:00:00,11253.0,11206.76469321156,11185.082,11197.472735819181
2021-01-09 11:00:00,11251.0,11164.822618143622,11169.242,11166.716290571998
2021-01-09 12:00:00,11301.0,11183.861841408308,11196.915,11189.455395864723
2021-01-09 13:00:00,11585.0,11390.472910850654,11398.802,11394.042165920357
2021-01-09 14:00:00,12030.0,11742.924224268854,11766.809,11753.159280680062
2021-01-09 15:00:00,12320.0,12152.428525838828,12137.663,12146.100791097811
2021-01-09 16:00:00,12366.0,12279.139790903864,12232.033,12258.952554851938
2021-01-09 17:00:00,12270.0,12240.538720237782,12303.903,12267.692773562987
2021-01-09 18:00:00,11992.0,11910.749373035866,11995.469,11947.054462563628
2021-01-09 19:00:00,11570.0,11419.567074122291,11436.131,11426.664996366344
2021-01-09 20:00:00,11684.0,11574.223521062953,11538.525,11558.92537260527
2021-01-09 21:00:00,11515.0,11464.630984736674,11434.97,11451.919811725369
2021-01-09 22:00:00,11103.0,11064.462491307539,11056.351,11060.986225195547
2021-01-09 23:00:00,10745.0,10655.67279612463,10680.709,10666.401816616408
2021-01-10 00:00:00,10538.0,10527.586222877168,10566.019,10544.055618528122
2021-01-10 01:00:00,10464.0,10490.029061078969,10444.923,10470.699033537478
2021-01-10 02:00:00,10462.0,10483.146401027196,10416.979,10454.790747815065
2021-01-10 03:00:00,10499.0,10450.38099069807,10378.39,10419.529895113184
2021-01-10 04:00:00,10671.0,10551.793614647513,10439.346,10503.60556465559
2021-01-10 05:00:00,10646.0,10708.23919552453,10581.085,10653.748716954859
2021-01-10 06:00:00,10846.0,10805.735620938955,10769.544,10790.226070946017
2021-01-10 07:00:00,10906.0,10913.790114229561,10900.429,10908.064122360092
2021-01-10 08:00:00,11067.0,10974.782807796702,10967.321,10971.5852278278
2021-01-10 09:00:00,11185.0,11059.615432518938,11064.336,11061.638183674913
2021-01-10 10:00:00,11200.0,11162.863161495412,11152.518,11158.429540696783
2021-01-10 11:00:00,11228.0,11138.267745433272,11128.413,11134.044571652226
2021-01-10 12:00:00,11154.0,11191.565909278012,11194.505,11192.82527356195
2021-01-10 13:00:00,11221.0,11231.577494771072,11262.967,11245.02880771134
2021-01-10 14:00:00,11521.0,11497.996026498337,11558.285,11523.831925572822
2021-01-10 15:00:00,11589.0,11687.565237585572,11710.144,11697.240933081004
2021-01-10 16:00:00,11612.0,11647.639789571685,11684.029,11663.234084282729
2021-01-10 17:00:00,11636.0,11611.907422392502,11606.087,11609.412978344848
2021-01-10 18:00:00,11330.0,11462.467496601519,11451.783,11457.88853564277
2021-01-10 19:00:00,10930.0,10978.067197168,11041.975,11005.453835245218
2021-01-10 20:00:00,11164.0,11157.071052558498,11105.326,11134.896418108036
2021-01-10 21:00:00,10991.0,11060.907301228046,11098.666,11077.088353375711
2021-01-10 22:00:00,10685.0,10689.406624830479,10734.239,10708.618916972817
2021-01-10 23:00:00,10381.0,10545.697120989656,10511.852,10531.192930944027
2021-01-11 00:00:00,11375.0,10774.609735309245,10714.709,10748.939744200406
2021-01-11 01:00:00,11470.5,11438.357477270614,11384.357,11415.216499922102
2021-01-11 02:00:00,11555.0,11434.329880869105,11448.286,11440.310383946333
2021-01-11 03:00:00,10647.0,11539.284912432462,11640.991,11582.869882316547
2021-01-11 04:00:00,11420.0,11088.06135642511,10967.384,11036.346623759964
2021-01-11 05:00:00,11908.0,11959.77014592778,11875.629,11923.712569594238
2021-01-11 06:00:00,12211.0,12120.432141362176,12042.837,12087.179799121555
2021-01-11 07:00:00,12136.0,12159.885785467062,12158.117,12159.127966770866
2021-01-11 08:00:00,12073.0,12081.866469607856,12087.102,12084.109680607551
2021-01-11 09:00:00,12050.0,11993.11111424345,12010.618,12000.613367755512
2021-01-11 10:00:00,11968.0,11980.240280911188,11981.501,11980.780618980021
2021-01-11 11:00:00,11862.0,11893.120912182785,11893.989,11893.492650054384
2021-01-11 12:00:00,11713.0,11803.130423858902,11790.73,11797.81638287264
2021-01-11 13:00:00,11770.0,11728.7758656785,11744.9,11735.68582849179
2021-01-11 14:00:00,11946.0,11879.237099663664,11871.22,11875.8012356289
2021-01-11 15:00:00,11941.0,12010.019884050098,12018.307,12013.571032104603
2021-01-11 16:00:00,11861.0,11947.868765279969,11965.02,11955.218495479752
2021-01-11 17:00:00,11826.0,11879.258350985578,11881.448,11880.196680762061
2021-01-11 18:00:00,11623.0,11702.119592413394,11696.637,11699.769639432394
2021-01-11 19:00:00,11266.0,11193.502789684771,11239.732,11213.313965692281
2021-01-11 20:00:00,11443.0,11343.677101969766,11358.673,11350.10329821442
2021-01-11 21:00:00,11179.0,11288.016303347684,11299.84,11293.082788649534
2021-01-11 22:00:00,11741.5,11282.240151526179,11320.177,11298.497261530138
2021-01-11 23:00:00,11741.5,11777.046005427545,11715.4795,11750.66253477523
2021-01-12 00:00:00,11741.5,11648.630581817095,11656.586,11652.039543564773
2021-01-12 01:00:00,11798.0,11669.173312697689,11655.001,11663.09976243992
2021-01-12 02:00:00,11843.5,11690.724150276408,11698.896,11694.226311735008
2021-01-12 03:00:00,11843.5,11662.393275712444,11624.932,11646.339477509078
2021-01-12 04:00:00,11468.0,11555.573491642484,11604.948,11576.732407804742
2021-01-12 05:00:00,11941.0,11845.113475063623,11805.174,11827.997611668288
2021-01-12 06:00:00,12160.0,12063.631184652257,12034.322,12051.07120754285
2021-01-12 07:00:00,12120.0,12056.14646054303,12075.543,12064.458512706347
2021-01-12 08:00:00,12022.0,12051.028047325459,12061.006,12055.30354660216
2021-01-12 09:00:00,12059.0,11977.612120120793,11993.188,11984.287022154971
2021-01-12 10:00:00,12078.0,11981.997693609177,12015.4,11996.311771421026
2021-01-12 11:00:00,11991.0,11971.179885100164,11977.973,11974.090727679817
2021-01-12 12:00:00,11957.0,11902.174577413285,11911.132,11906.01316773065
2021-01-12 13:00:00,12042.0,11920.261109557528,11946.921,11931.685872294625
2021-01-12 14:00:00,12228.0,12191.080311336724,12209.545,12198.993069680153
2021-01-12 15:00:00,12232.0,12324.975452466564,12321.809,12323.618124166525
2021-01-12 16:00:00,12251.0,12276.145390518124,12249.841,12264.872712390717
2021-01-12 17:00:00,12298.0,12257.261742097022,12283.089,12268.329446015203
2021-01-12 18:00:00,12100.0,12082.349759678682,12102.884,12091.149046770941
2021-01-12 19:00:00,11665.0,11561.982480699851,11572.689,11566.570691501034
2021-01-12 20:00:00,11746.0,11685.935810928071,11623.146,11659.028037160737
2021-01-12 21:00:00,11462.0,11538.050278128263,11528.363,11533.89870904381
2021-01-12 22:00:00,12016.5,11616.629267721422,11553.89,11589.74268761685
2021-01-12 23:00:00,12016.5,12048.084748945503,12050.925,12049.301735190069
2021-01-13 00:00:00,12071.0,12044.936186873092,12005.312,12027.95557231654
2021-01-13 01:00:00,12164.0,12047.00384899317,12044.679,12046.007282654708
2021-01-13 02:00:00,12230.0,12115.26558340726,12131.645,12122.284429438807
2021-01-13 03:00:00,12241.5,12088.778660725628,12127.521,12105.38103365853
2021-01-13 04:00:00,11959.0,11911.642575862808,12042.702,11967.80610619331
2021-01-13 05:00:00,12444.0,12187.613512452217,12160.751,12176.101764877447
2021-01-13 06:00:00,12773.0,12572.494315808362,12512.583,12546.819992704768
2021-01-13 07:00:00,12701.0,12594.94912927337,12588.896,12592.35522094452
2021-01-13 08:00:00,12694.0,12499.199747099341,12591.123,12538.592058472997
2021-01-13 09:00:00,12725.0,12536.975410725827,12594.688,12561.707298315967
2021-01-13 10:00:00,12738.0,12519.148644495885,12580.375,12545.38616545522
2021-01-13 11:00:00,12710.0,12598.415887493788,12554.589,12579.634197821688
2021-01-13 12:00:00,12691.0,12520.875606092024,12568.166,12541.141127144623
2021-01-13 13:00:00,12780.0,12608.0852820153,12641.0205,12622.198965042384
2021-01-13 14:00:00,13007.0,12879.586072918077,12848.082,12866.08511876631
2021-01-13 15:00:00,13090.0,13111.452856034819,13087.955,13101.382924229958
2021-01-13 16:00:00,13137.0,13067.507177228665,13034.059,13053.172899100498
2021-01-13 17:00:00,13159.0,13048.279905240932,13170.938,13100.843420695663
2021-01-13 18:00:00,12955.0,12907.745341368052,12921.14,12913.485214510065
2021-01-13 19:00:00,12453.0,12432.795411806332,12470.273,12448.855839426342
2021-01-13 20:00:00,12505.0,12363.33547943758,12323.111,12346.097579689633
2021-01-13 21:00:00,12292.0,12191.231423097825,12244.192,12213.927080765483
2021-01-13 22:00:00,12757.0,12174.090677520326,12159.277,12167.742612480777
2021-01-13 23:00:00,12778.0,12726.516582600343,12687.799,12709.924501191326
2021-01-14 00:00:00,12867.5,12672.754130634406,12620.918,12650.540096723767
2021-01-14 01:00:00,12981.0,12784.828037943336,12713.634,12754.31865068139
2021-01-14 02:00:00,13029.5,12916.532646837202,12873.657,12898.158693122337
2021-01-14 03:00:00,13071.0,12886.736224920485,12856.961,12873.976344463663
2021-01-14 04:00:00,12776.0,12806.479367880978,12833.606,12818.10419017796
2021-01-14 05:00:00,13052.0,13102.467079474533,12988.501,13053.628253222796
2021-01-14 06:00:00,13332.0,13268.597484299396,13209.393,13243.225849469636
2021-01-14 07:00:00,13304.0,13336.206664419948,13284.293,13313.959675225737
2021-01-14 08:00:00,13334.0,13183.06062194363,13268.402,13219.63275230294
2021-01-14 09:00:00,13397.0,13349.658588829367,13279.087,13319.416000169196
2021-01-14 10:00:00,13458.0,13301.689190438012,13256.586,13282.360668272453
2021-01-14 11:00:00,13350.0,13299.238896003615,13240.079,13273.886684303536
2021-01-14 12:00:00,13353.0,13317.344137882881,13258.867,13292.284436264377
2021-01-14 13:00:00,13435.0,13365.47408903682,13322.546,13347.077514276667
2021-01-14 14:00:00,13646.0,13516.898918931496,13502.41,13510.689870236223
2021-01-14 15:00:00,13733.0,13687.520422878135,13689.38,13688.317344001309
2021-01-14 16:00:00,13787.0,13671.804729212952,13697.601,13682.858861769977
2021-01-14 17:00:00,13351.0,13638.906055417121,13687.291,13659.64050622287
2021-01-14 18:00:00,13725.0,13233.61286453263,13264.709,13246.938499095946
2021-01-14 19:00:00,13352.0,13173.422142939407,13132.896,13156.055378730252
2021-01-14 20:00:00,13459.0,13288.441518704869,13294.376,13290.984445156726
2021-01-14 21:00:00,13334.0,13118.007570732427,13095.713,13108.453410572085
2021-01-14 22:00:00,12870.0,13227.234182933076,13222.051,13225.012554532703
2021-01-14 23:00:00,12676.0,12918.449891303333,12871.905,12898.503839813231
2021-01-15 00:00:00,12527.0,12729.733346069572,12688.8125,12712.197333977007
2021-01-15 01:00:00,12485.0,12588.115486231487,12590.803,12589.266938834971
2021-01-15 02:00:00,12620.0,12500.4443201291,12417.198,12464.770083238272
2021-01-15 03:00:00,12937.0,12562.777840197603,12559.388,12561.325000053934
2021-01-15 04:00:00,13660.0,13010.436116388213,13044.364,13024.975382594239
2021-01-15 05:00:00,13998.0,13732.06818145154,13741.017,13735.902685659934
2021-01-15 06:00:00,14239.0,14111.831361763523,14110.281,14111.16708253197
2021-01-15 07:00:00,14150.0,13959.72335732221,13964.964,13961.969004847824
2021-01-15 08:00:00,14115.0,13960.226171991284,13967.696,13963.42724344756
2021-01-15 09:00:00,14074.0,13970.454721626806,13975.021,13972.411644986933
2021-01-15 10:00:00,14025.0,13931.659329421344,13917.513,13925.596968401149
2021-01-15 11:00:00,13876.0,13906.932664428045,13872.283,13892.083772744627
2021-01-15 12:00:00,13729.0,13533.758294560259,13872.97,13679.122725591009
2021-01-15 13:00:00,13631.0,13572.260282095727,13561.994,13567.860552469578
2021-01-15 14:00:00,13773.0,13742.239285961285,13725.321,13734.989025039486
2021-01-15 15:00:00,13773.0,13727.645842560294,13695.688,13713.950676313081
2021-01-15 16:00:00,13745.0,13650.716737306024,13641.6455,13646.829331350735
2021-01-15 17:00:00,13621.0,13586.719595936245,13594.985,13590.261704191147
2021-01-15 18:00:00,13276.0,13414.529353098445,13372.498,13396.517050497147
2021-01-15 19:00:00,12728.0,12822.275274473268,12899.416,12855.332632252197
2021-01-15 20:00:00,12682.0,12920.974872765448,12815.875,12875.935543744752
2021-01-15 21:00:00,12357.0,12571.196981893096,12628.326,12595.678711557626
2021-01-15 22:00:00,11929.0,12080.624632606981,12110.451,12093.406363913793
2021-01-15 23:00:00,12338.5,11828.997487573615,11822.426,11826.180981650003
2021-01-16 00:00:00,12319.5,12360.041890236165,12413.289,12382.8599453751
2021-01-16 01:00:00,12264.5,12315.750040561608,12222.308,12275.706490807926
2021-01-16 02:00:00,12254.0,12188.781953236392,12237.643,12209.720169572307
2021-01-16 03:00:00,12254.0,12173.178248467973,12244.707,12203.830567705147
2021-01-16 04:00:00,12254.0,12157.133450391064,12284.336,12211.644463578348
2021-01-16 05:00:00,11661.0,12222.857960967367,12298.75,12255.380371299241
2021-01-16 06:00:00,12041.0,11923.530817102019,11961.311,11939.720894273407
2021-01-16 07:00:00,12145.0,12159.547381052062,12168.713,12163.47510838924
2021-01-16 08:00:00,12319.0,12257.201200234724,12276.673,12265.545336840165
2021-01-16 09:00:00,12364.0,12373.760055241197,12355.255,12365.829745189949
2021-01-16 10:00:00,12320.0,12344.245878086766,12429.87,12380.93906016634
2021-01-16 11:00:00,12210.0,12372.643827371618,12291.362,12337.811490762906
2021-01-16 12:00:00,12162.0,12305.483921006162,12279.713,12294.439877248231
2021-01-16 13:00:00,12298.0,12302.376975331419,12335.243,12316.46124662131
2021-01-16 14:00:00,12757.0,12516.949514113918,12552.413,12532.147021134359
2021-01-16 15:00:00,12236.0,12905.238532038298,12868.127,12889.334891380184
2021-01-16 16:00:00,12236.0,12418.751942891036,12374.725,12399.884222375875
2021-01-16 17:00:00,12236.0,12418.93309379223,12391.119,12407.013622385504
2021-01-16 18:00:00,12764.0,12171.793441801607,12170.914,12171.416642835404
2021-01-16 19:00:00,12262.0,12370.876453156294,12342.983,12358.923083179696
2021-01-16 20:00:00,12422.0,12280.916478512747,12290.653,12285.08896047961
2021-01-16 21:00:00,12317.0,12225.214262367004,12229.0,12226.836286223577
2021-01-16 22:00:00,11840.0,11904.792326887022,11799.707,11859.75911565091
2021-01-16 23:00:00,11589.0,11616.791826881717,11523.123,11576.651013908933
2021-01-17 00:00:00,11333.0,11448.417257398449,11457.961,11452.506799620878
2021-01-17 01:00:00,11161.0,11292.22875160276,11342.172,11313.631161781126
2021-01-17 02:00:00,11175.0,11301.317651680241,11289.565,11296.281189881578
2021-01-17 03:00:00,11233.0,11326.816536265782,11296.956,11314.019860431494
2021-01-17 04:00:00,11359.0,11435.382032489888,11331.166,11390.721708644689
2021-01-17 05:00:00,11299.0,11460.144703765485,11448.389,11455.106554791166
2021-01-17 06:00:00,11521.0,11590.160950958289,11535.763,11566.848947874845
2021-01-17 07:00:00,11544.0,11646.08936728346,11645.739,11645.939383340095
2021-01-17 08:00:00,11747.0,11679.56188580129,11683.538,11681.265455278673
2021-01-17 09:00:00,11819.0,11821.04352134318,11835.225,11827.120444632403
2021-01-17 10:00:00,11810.0,11837.538935204602,11830.325,11834.447359952523
2021-01-17 11:00:00,11704.0,11791.901491164166,11796.137,11793.716353752501
2021-01-17 12:00:00,11592.0,11694.144885216992,11708.153,11700.147933306362
2021-01-17 13:00:00,11642.0,11757.074639413531,11733.734,11747.072384676285
2021-01-17 14:00:00,11869.0,11944.275778387786,11938.47,11941.78730541619
2021-01-17 15:00:00,12093.0,12060.657037974073,12069.137,12064.29053698973
2021-01-17 16:00:00,12100.0,12154.362648633385,12131.006,12144.353044072544
2021-01-17 17:00:00,12077.0,12113.22392891263,12114.367,12113.713890099516
2021-01-17 18:00:00,11834.0,11935.47959303871,11978.493,11953.912463215363
2021-01-17 19:00:00,11407.0,11447.018821618061,11572.707,11500.880496368038
2021-01-17 20:00:00,11603.0,11722.812252574657,11678.465,11703.807627242379
2021-01-17 21:00:00,11497.0,11542.841626555419,11531.351,11537.917062571385
2021-01-17 22:00:00,11173.0,11204.35717865061,11303.147,11246.692144293153
2021-01-17 23:00:00,10905.0,11203.15887446184,11196.487,11200.299837819144
2021-01-18 00:00:00,11851.5,11223.043681102889,11162.394,11197.052924751382
2021-01-18 01:00:00,11920.5,11903.846338710871,11786.329,11853.485607909253
2021-01-18 02:00:00,12024.5,11951.303019992278,11913.713,11935.194229824085
2021-01-18 03:00:00,11144.0,12032.94869107102,12149.357,12082.83416154631
2021-01-18 04:00:00,11972.0,11652.974230911812,11572.258,11618.384084575791
2021-01-18 05:00:00,12362.0,12415.358937194043,12373.965,12397.620048613844
2021-01-18 06:00:00,12625.0,12582.089923341046,12564.97,12574.753237895862
2021-01-18 07:00:00,12502.0,12560.022135086183,12600.113,12577.202363978387
2021-01-18 08:00:00,12459.0,12481.771590893624,12479.504,12480.799497887601
2021-01-18 09:00:00,12481.0,12490.963123705638,12417.747,12459.587278398281
2021-01-18 10:00:00,12425.0,12471.885964890496,12391.543,12437.455888859527
2021-01-18 11:00:00,12375.0,12438.200243539502,12384.1045,12415.018233218954
2021-01-18 12:00:00,12313.0,12371.780141858011,12374.279,12372.8511292589
2021-01-18 13:00:00,12198.0,12394.06469979147,12301.676,12354.47265644986
2021-01-18 14:00:00,12232.0,12432.116681512443,12392.9795,12415.344923054377
2021-01-18 15:00:00,12258.0,12422.078158094113,12368.305,12399.034055942571
2021-01-18 16:00:00,12140.0,12367.502334652048,12353.537,12361.517359006368
2021-01-18 17:00:00,12119.0,12300.342119097624,12275.667,12289.767639114025
2021-01-18 18:00:00,11786.0,12045.613393672216,12042.535,12044.294231348313
2021-01-18 19:00:00,11486.0,11434.465463518181,11455.013,11443.270676963068
2021-01-18 20:00:00,11582.0,11624.486102042263,11671.266,11644.532873556644
2021-01-18 21:00:00,11353.0,11408.365839757329,11462.68,11431.641342701916
2021-01-18 22:00:00,11773.5,11608.783326907516,11668.208,11634.248765979673
2021-01-18 23:00:00,11759.0,11883.356011921633,11928.821,11902.839613396187
2021-01-19 00:00:00,11732.0,11815.534844738406,11796.072,11807.194117456384
2021-01-19 01:00:00,11692.5,11810.874510682632,11762.483,11790.136864310956
2021-01-19 02:00:00,11648.0,11742.224477928354,11750.16,11745.625123938653
2021-01-19 03:00:00,11648.0,11593.10909743976,11609.779,11600.252943861837
2021-01-19 04:00:00,11414.0,11774.940611027856,11733.894,11757.350492290378
2021-01-19 05:00:00,11771.0,11967.930222667002,11849.039,11916.980734966535
2021-01-19 06:00:00,11957.0,12036.64891788397,12044.484,12040.006322795745
2021-01-19 07:00:00,11776.0,11912.663938594435,11905.311,11909.512824450745
2021-01-19 08:00:00,11747.0,11771.433331366276,11825.745,11794.70753858163
2021-01-19 09:00:00,11780.0,11767.639905898593,11767.667,11767.651551309196
2021-01-19 10:00:00,11717.0,11814.511204058037,11800.797,11808.634046653448
2021-01-19 11:00:00,11668.0,11742.213467346597,11694.95,11721.959163825813
2021-01-19 12:00:00,11623.0,11673.74875054277,11651.273,11664.1172895737
2021-01-19 13:00:00,11628.0,11704.335557892962,11687.762,11697.232759863511
2021-01-19 14:00:00,11806.0,11808.712607272884,11732.108,11775.88481415337
2021-01-19 15:00:00,11801.0,11923.966833324554,11932.294,11927.535002976927
2021-01-19 16:00:00,11787.0,11864.356399167338,11855.8,11860.689550308976
2021-01-19 17:00:00,11770.0,11846.811844487096,11790.874,11822.84023788477
2021-01-19 18:00:00,11608.0,11572.377129187063,11548.513,11562.150012448941
2021-01-19 19:00:00,11218.0,11088.936981422452,11034.634,11065.66585902276
2021-01-19 20:00:00,11296.0,11314.188513050372,11270.793,11295.591982023434
2021-01-19 21:00:00,11101.0,11144.028264038316,11006.545,11085.111399336156
2021-01-19 22:00:00,11625.5,11370.081349801136,11214.982,11303.615698346654
2021-01-19 23:00:00,11625.5,11624.366788861038,11604.675,11615.928069350986
2021-01-20 00:00:00,11625.5,11610.240411792558,11593.109,11602.898819422151
2021-01-20 01:00:00,11679.0,11602.079651528082,11579.207,11592.277724377713
2021-01-20 02:00:00,11750.0,11591.130097574818,11603.033,11596.230904660497
2021-01-20 03:00:00,11750.0,11597.614946350322,11581.829,11590.849844094002
2021-01-20 04:00:00,11348.0,11434.729059835761,11472.63,11450.97062900769
2021-01-20 05:00:00,11730.0,11739.415969848102,11662.127,11706.29457852591
2021-01-20 06:00:00,11993.0,11904.43179402368,11791.533,11856.050642921757
2021-01-20 07:00:00,11871.0,11852.8845850083,11845.072,11849.536660830207
2021-01-20 08:00:00,11903.0,11792.29599088459,11723.188,11762.680565421066
2021-01-20 09:00:00,11925.0,11832.252918630596,11802.525,11819.513509201706
2021-01-20 10:00:00,11940.0,11822.365356090047,11805.979,11815.342621638443
2021-01-20 11:00:00,11835.0,11823.544675492152,11792.706,11810.32905947115
2021-01-20 12:00:00,11840.0,11729.214243969529,11669.037,11703.426091718418
2021-01-20 13:00:00,11833.0,11784.516444116312,11753.069,11771.040015236053
2021-01-20 14:00:00,12092.0,11917.188945402568,11907.387,11912.988348500752
2021-01-20 15:00:00,12189.0,12110.575044183803,12120.576,12114.860794052896
2021-01-20 16:00:00,12166.0,12203.86259494832,12194.452,12199.829903034393
2021-01-20 17:00:00,12197.0,12144.590875004886,12135.739,12140.797642036721
2021-01-20 18:00:00,11974.0,11972.012291347985,11947.788,11961.631358760627
2021-01-20 19:00:00,11533.0,11473.943580072551,11442.055,11460.277751595684
2021-01-20 20:00:00,11609.0,11575.486005853783,11450.982,11522.131699692034
2021-01-20 21:00:00,11404.0,11363.052866483164,11348.294,11356.728083876245
2021-01-20 22:00:00,11006.0,11532.34320462779,11460.145,11501.403438904128
2021-01-20 23:00:00,11837.5,11464.8899605016,11479.665,11471.221615480928
2021-01-21 00:00:00,11907.0,11769.460636838048,11764.282,11767.24134874297
2021-01-21 01:00:00,12033.0,11867.320208943569,11842.382,11856.633259013832
2021-01-21 02:00:00,12100.0,11951.163583501326,11964.057,11956.688765727908
2021-01-21 03:00:00,12137.0,11870.589854427799,11883.61,11876.1697103712
2021-01-21 04:00:00,11704.0,11869.162912111959,11992.612,11922.065202615215
2021-01-21 05:00:00,12108.0,12042.29806414462,11968.323,12010.596907608844
2021-01-21 06:00:00,12291.0,12318.179362708639,12209.836,12271.750032851705
2021-01-21 07:00:00,12310.0,12144.500678110518,12172.304,12156.415043128549
2021-01-21 08:00:00,12321.0,12221.479290041123,12180.169,12203.77610512394
2021-01-21 09:00:00,12458.0,12238.71156844601,12185.102,12215.7374904411
2021-01-21 10:00:00,12487.0,12295.014518882144,12303.415,12298.614224054316
2021-01-21 11:00:00,12430.0,12303.555258671624,12292.65,12298.882150976347
2021-01-21 12:00:00,12404.0,12302.505070336158,12311.276,12306.263940411123
2021-01-21 13:00:00,12502.0,12343.27930571279,12348.181,12345.379375247248
2021-01-21 14:00:00,12650.0,12534.683676662611,12579.197,12553.758984383905
2021-01-21 15:00:00,12716.0,12678.14600929048,12666.238,12673.042744557368
2021-01-21 16:00:00,12684.0,12620.17735086452,12687.306,12648.944100321665
2021-01-21 17:00:00,12643.0,12622.377963628005,12678.525,12646.438974581753
2021-01-21 18:00:00,12483.0,12402.204379790695,12367.694,12387.415200988755
2021-01-21 19:00:00,12025.0,11946.573699337532,11892.538,11923.41737758349
2021-01-21 20:00:00,12008.0,12032.520281155892,12020.39,12027.32176285006
2021-01-21 21:00:00,11719.0,11755.960992171975,11764.559,11759.645448733612
2021-01-21 22:00:00,12186.5,11672.815255856092,11626.009,11652.756683122316
2021-01-21 23:00:00,12186.5,12214.422191309532,12229.296,12220.795966118005
2021-01-22 00:00:00,12119.5,12218.80359454984,12212.971,12216.303683802566
2021-01-22 01:00:00,12054.5,12165.400325946668,12187.382,12174.819851967772
2021-01-22 02:00:00,12038.0,12046.819183552852,12078.911,12060.571674995976
2021-01-22 03:00:00,12038.0,11997.235841621272,12036.061,12013.8733303695
2021-01-22 04:00:00,11662.0,11908.697022299833,11903.482,11906.462185714245
2021-01-22 05:00:00,12051.0,12059.682561750758,12021.491,12043.31617906031
2021-01-22 06:00:00,12278.0,12266.303226787559,12248.645,12258.735581084127
2021-01-22 07:00:00,12181.0,12198.811276570497,12236.634,12215.019431516783
2021-01-22 08:00:00,12192.0,12202.284213695873,12192.814,12198.225767536762
2021-01-22 09:00:00,12241.0,12203.054230054899,12192.054,12198.340120081844
2021-01-22 10:00:00,12193.0,12219.017382957469,12173.374,12199.457594326414
2021-01-22 11:00:00,12058.0,12196.947952058354,12164.195,12182.91212935418
2021-01-22 12:00:00,11981.0,12025.835151276611,12044.134,12033.676749009503
2021-01-22 13:00:00,11980.0,11993.308070380921,12030.036,12009.047210034883
2021-01-22 14:00:00,12261.0,12155.741347138506,12196.837,12173.352345539413
2021-01-22 15:00:00,12412.0,12363.714454136974,12422.717,12388.999208439955
2021-01-22 16:00:00,12372.0,12477.756881754323,12495.035,12485.161000416296
2021-01-22 17:00:00,12291.0,12353.235190775065,12425.175,12384.063916003612
2021-01-22 18:00:00,11972.0,12050.879296881354,12074.079,12060.82108023548
2021-01-22 19:00:00,11436.0,11507.18748379063,11605.776,11549.436069176749
2021-01-22 20:00:00,11432.0,11550.191388732603,11555.922,11552.646967545697
2021-01-22 21:00:00,11129.0,11330.94155297684,11346.643,11337.669636826326
2021-01-22 22:00:00,10644.0,11048.349759376266,11083.277,11063.317451703557
2021-01-22 23:00:00,10262.0,11074.19201914522,10981.404,11034.429106403386
2021-01-23 00:00:00,10052.0,10625.486037427665,10450.957,10550.693670413217
2021-01-23 01:00:00,10760.5,10361.62552419039,10329.228,10347.741526559337
2021-01-23 02:00:00,10735.5,10799.576720383082,10778.142,10790.391055228578
2021-01-23 03:00:00,9917.0,10784.00918401663,10763.168,10775.077786340575
2021-01-23 04:00:00,10169.0,10094.333147238121,10103.32,10098.184155353496
2021-01-23 05:00:00,10262.0,10338.20359026654,10369.437,10351.587706440074
2021-01-23 06:00:00,10548.0,10586.596336729735,10574.672,10581.486232791576
2021-01-23 07:00:00,10625.0,10776.682315411412,10729.456,10756.443972016412
2021-01-23 08:00:00,10745.0,10807.301414019452,10793.374,10801.33277838956
2021-01-23 09:00:00,10880.0,10916.573711187633,10881.118,10901.379455416652
2021-01-23 10:00:00,10844.0,10898.265153609193,10889.25,10894.40164879492
2021-01-23 11:00:00,10776.0,10860.4928184847,10824.559,10845.093486850146
2021-01-23 12:00:00,10645.0,10824.554638872833,10804.021,10815.755352584638
2021-01-23 13:00:00,10726.0,10845.20832576785,10862.631,10852.674388913289
2021-01-23 14:00:00,11089.0,11188.838635322787,11175.318,11183.044568444315
2021-01-23 15:00:00,11485.0,11252.68955920005,11267.089,11258.86018063251
2021-01-23 16:00:00,11623.0,11472.765656238378,11465.23,11469.536251903923
2021-01-23 17:00:00,11410.0,11531.31236359722,11513.5,11523.679097114844
2021-01-23 18:00:00,10925.0,11289.932366719107,11320.529,11303.043959606823
2021-01-23 19:00:00,10487.0,10759.988870410994,10695.666,10732.423811030436
2021-01-23 20:00:00,10619.0,10848.543417002324,10827.369,10839.469431525496
2021-01-23 21:00:00,10484.0,10729.187456213836,10717.188,10724.045564071177
2021-01-23 22:00:00,9962.0,10244.287072027839,10207.794,10228.64832574621
2021-01-23 23:00:00,9577.0,9973.864979893238,9936.928,9958.035835411541
2021-01-24 00:00:00,9440.0,9563.006688593874,9594.8545,9576.654553843273
2021-01-24 01:00:00,9281.0,9534.102051611311,9524.178,9529.849015102998
2021-01-24 02:00:00,9246.0,9519.576006524612,9432.8125,9482.394592200253
2021-01-24 03:00:00,9336.0,9531.795277752532,9420.142,9483.947526400645
2021-01-24 04:00:00,9555.0,9555.252036931246,9532.023,9545.297517408453
2021-01-24 05:00:00,9609.0,9709.738637328775,9719.097,9713.748674367362
2021-01-24 06:00:00,9837.0,9831.344184687636,9877.948,9851.315520005699
2021-01-24 07:00:00,9893.0,10038.987209133997,10076.675,10055.137522351877
2021-01-24 08:00:00,10041.0,10099.292627519098,10105.69,10102.034429919593
2021-01-24 09:00:00,10204.0,10182.857919008737,10205.271,10192.462760629352
2021-01-24 10:00:00,10223.0,10264.140922995628,10287.474,10274.139582020272
2021-01-24 11:00:00,10090.0,10239.721326535702,10266.488,10251.192001499548
2021-01-24 12:00:00,10062.0,10132.937092100268,10176.12,10151.442649452698
2021-01-24 13:00:00,10125.0,10195.105420192192,10269.547,10227.006192449473
2021-01-24 14:00:00,10432.0,10410.323530855547,10448.836,10426.827489203733
2021-01-24 15:00:00,10678.0,10694.833235443291,10705.732,10699.503717534753
2021-01-24 16:00:00,10750.0,10820.956505417176,10837.2295,10827.930108167351
2021-01-24 17:00:00,10754.0,10843.967011194341,10860.205,10850.925472330135
2021-01-24 18:00:00,10493.0,10588.292096087866,10627.65,10605.158422138837
2021-01-24 19:00:00,10090.0,10246.71969424173,10254.343,10249.986234126047
2021-01-24 20:00:00,10365.0,10320.151772152241,10340.836,10329.015406078677
2021-01-24 21:00:00,10275.0,10293.881347495144,10294.837,10294.290906769042
2021-01-24 22:00:00,9938.0,10001.573852126394,9997.281,9999.734210280621
2021-01-24 23:00:00,9675.0,9843.141831262637,9868.844,9854.156075616731
2021-01-25 00:00:00,10462.5,10094.95155620318,10225.695,10150.979936233469
2021-01-25 01:00:00,10556.0,10554.716256243384,10461.34,10514.70104022236
2021-01-25 02:00:00,10648.5,10518.312196155577,10468.06,10496.776848114121
2021-01-25 03:00:00,10714.0,10488.151753669777,10591.01,10532.230225036488
2021-01-25 04:00:00,10619.0,10783.83973154227,10834.372,10805.494622334547
2021-01-25 05:00:00,11168.0,11123.064274949571,10970.0625,11057.497458547034
2021-01-25 06:00:00,11430.0,11447.849761387724,11454.937,11450.886598004057
2021-01-25 07:00:00,11314.0,11427.661944832636,11454.559,11439.187891069529
2021-01-25 08:00:00,11356.0,11323.442886696967,11339.925,11330.506005800085
2021-01-25 09:00:00,11363.0,11331.063712842702,11352.501,11340.250188901713
2021-01-25 10:00:00,11322.0,11299.443330145747,11317.312,11307.100220511087
2021-01-25 11:00:00,11190.0,11297.5556193661,11298.448,11297.937966865022
2021-01-25 12:00:00,11152.0,11223.154084152375,11197.451,11212.139453549433
2021-01-25 13:00:00,11099.0,11217.130593098398,11215.048,11216.23777643271
2021-01-25 14:00:00,11274.0,11297.277721013788,11232.182,11269.381697200271
2021-01-25 15:00:00,11398.0,11384.523977010705,11357.054,11372.751943176218
2021-01-25 16:00:00,11315.0,11438.851853255228,11448.567,11443.01513096658
2021-01-25 17:00:00,11288.0,11381.652096981563,11355.09,11370.26897207888
2021-01-25 18:00:00,11040.0,11193.184648118155,11115.213,11159.770831317408
2021-01-25 19:00:00,10616.0,10708.860114612444,10674.462,10694.119174465583
2021-01-25 20:00:00,10708.0,10686.342883920186,10741.352,10709.915952848427
2021-01-25 21:00:00,10457.0,10589.863585586365,10596.958,10592.903638782822
2021-01-25 22:00:00,11098.0,10663.153183325383,10743.297,10697.497384631104
2021-01-25 23:00:00,11098.0,11178.77242378603,11108.545,11148.677351243461
2021-01-26 00:00:00,11092.5,11107.279069531318,11032.131,11075.074936489207
2021-01-26 01:00:00,11078.0,11119.412562703754,11041.904,11086.197259876584
2021-01-26 02:00:00,11073.0,11019.0781255344,10987.006,11005.333925984753
2021-01-26 03:00:00,11073.0,10971.250573170753,10898.052,10939.882114833668
2021-01-26 04:00:00,10599.0,10726.401795316388,10793.697,10755.240282017627
2021-01-26 05:00:00,11097.0,11072.773266857508,11022.282,11051.13591957343
2021-01-26 06:00:00,11296.0,11309.938815046022,11256.327,11286.964216556064
2021-01-26 07:00:00,11166.0,11248.225680765798,11251.473,11249.616854833675
2021-01-26 08:00:00,11122.0,11128.84213860681,11144.335,11135.481424855338
2021-01-26 09:00:00,11161.0,11094.901339213555,11088.625,11092.21147802116
2021-01-26 10:00:00,11136.0,11102.470289696754,11120.14,11110.042227019667
2021-01-26 11:00:00,11088.0,11098.630030161989,11040.955,11073.91406563746
2021-01-26 12:00:00,11068.0,10999.539066860369,11009.4,11003.764749473827
2021-01-26 13:00:00,11078.0,11071.547421239562,11069.06,11070.481292150405
2021-01-26 14:00:00,11212.0,11176.418530456342,11173.365,11175.11001947413
2021-01-26 15:00:00,11418.0,11352.183110994049,11313.893,11335.77422933904
2021-01-26 16:00:00,11426.0,11432.637579535402,11451.804,11440.850619952096
2021-01-26 17:00:00,11421.0,11425.048202344176,11429.538,11426.972065025806
2021-01-26 18:00:00,11219.0,11312.157805121053,11268.059,11293.25963183893
2021-01-26 19:00:00,10734.0,10720.253508270356,10702.621,10712.697464344725
2021-01-26 20:00:00,10785.0,10692.88299920725,10711.802,10700.990303193543
2021-01-26 21:00:00,10547.0,10519.041171100474,10508.063,10514.336496994623
2021-01-26 22:00:00,10142.0,10789.89011381514,10842.25,10812.32817070393
2021-01-26 23:00:00,11083.0,10913.210829128775,10846.266,10884.522144647706
2021-01-27 00:00:00,11145.0,11065.630892901676,11082.196,11072.729607494737
2021-01-27 01:00:00,11215.5,11168.92854895037,11190.004,11177.9601405405
2021-01-27 02:00:00,11268.5,11205.657715324134,11238.214,11219.609181480555
2021-01-27 03:00:00,11320.5,11141.325041502489,11174.337,11155.471880129808
2021-01-27 04:00:00,10828.0,10903.001775147792,10964.78,10929.47613025441
2021-01-27 05:00:00,11318.0,11196.037742765166,11168.556,11184.260645382077
2021-01-27 06:00:00,11546.0,11538.735254038416,11499.896,11522.091417212907
2021-01-27 07:00:00,11440.0,11522.678834375984,11537.002,11528.81664052575
2021-01-27 08:00:00,11374.0,11403.867821138016,11412.323,11407.49130000683
2021-01-27 09:00:00,11491.0,11363.675543153728,11369.986,11366.379819218564
2021-01-27 10:00:00,11450.0,11395.561461812782,11431.116,11410.797742620842
2021-01-27 11:00:00,11409.0,11373.186052315497,11353.063,11364.562773652098
2021-01-27 12:00:00,11369.0,11355.3960162471,11373.5625,11363.181087764275
2021-01-27 13:00:00,11323.0,11399.620046882956,11389.196,11395.152719829202
2021-01-27 14:00:00,11516.0,11481.385534395375,11479.456,11480.558387878675
2021-01-27 15:00:00,11693.0,11654.986170675515,11626.437,11642.751607878738
2021-01-27 16:00:00,11756.0,11730.91677842722,11721.614,11726.930277786865
2021-01-27 17:00:00,11738.0,11746.811876771566,11758.576,11751.85309962591
2021-01-27 18:00:00,11589.0,11567.641291982178,11548.5,11559.438283894931
2021-01-27 19:00:00,11106.0,11051.95388435037,11116.022,11079.40930364788
2021-01-27 20:00:00,11126.0,11071.874070710008,11045.657,11060.63915176187
2021-01-27 21:00:00,10910.0,10813.656708149558,10829.79,10820.570064902091
2021-01-27 22:00:00,11389.0,11012.296242287926,10978.208,10997.687820358255
2021-01-27 23:00:00,11389.0,11407.889421744976,11336.069,11377.111763043176
2021-01-28 00:00:00,11442.5,11421.818808990636,11395.347,11410.474241286449
2021-01-28 01:00:00,11508.5,11486.539040941818,11481.395,11484.33448275338
2021-01-28 02:00:00,11511.5,11540.000747388793,11485.803,11516.774561237478
2021-01-28 03:00:00,11533.5,11483.818536603243,11410.243,11452.2886032549
2021-01-28 04:00:00,11121.0,11240.797684810002,11253.092,11246.065874933563
2021-01-28 05:00:00,11560.0,11554.412462699622,11542.618,11549.357984799404
2021-01-28 06:00:00,11784.0,11797.559371519535,11769.847,11785.683511812
2021-01-28 07:00:00,11710.0,11765.860118935958,11750.2295,11759.161812014401
2021-01-28 08:00:00,11761.0,11675.60386552306,11678.411,11676.806814352116
2021-01-28 09:00:00,11765.0,11704.92108319625,11732.867,11716.89695596676
2021-01-28 10:00:00,11703.0,11691.815673983387,11723.14,11705.239237700687
2021-01-28 11:00:00,11602.0,11651.219806806028,11656.79,11653.606593130742
2021-01-28 12:00:00,11501.0,11607.503395607151,11585.946,11598.265379008131
2021-01-28 13:00:00,11507.0,11539.399757313953,11570.02,11552.521449458854
2021-01-28 14:00:00,11684.0,11706.601772733304,11644.147,11679.837877213373
2021-01-28 15:00:00,11959.0,11857.895608897537,11865.565,11861.182503961321
2021-01-28 16:00:00,11948.0,11969.471151856818,11989.594,11978.094229701219
2021-01-28 17:00:00,11955.0,11933.606052345382,11976.708,11952.076666629491
2021-01-28 18:00:00,11824.0,11779.2984517046,11784.639,11781.586932333099
2021-01-28 19:00:00,11384.0,11376.554320740406,11376.216,11376.409002375658
2021-01-28 20:00:00,11470.0,11432.257594135273,11380.389,11410.029956592083
2021-01-28 21:00:00,11193.0,11211.478310446906,11209.884,11210.79481334965
2021-01-28 22:00:00,11589.5,11260.75967982991,11255.914,11258.682896415194
2021-01-28 23:00:00,11589.5,11608.645434136399,11603.1045,11606.270551250325
2021-01-29 00:00:00,11630.5,11614.139115528882,11649.542,11629.310379524384
2021-01-29 01:00:00,11754.0,11663.96211135747,11661.22,11662.78679085428
2021-01-29 02:00:00,11854.0,11714.418383638797,11739.572,11725.197362101173
2021-01-29 03:00:00,11891.5,11773.86526048039,11739.436,11759.110480567837
2021-01-29 04:00:00,11577.0,11633.490127359246,11674.815,11651.199340247196
2021-01-29 05:00:00,12066.0,11904.41135733929,11938.585,11919.056053949098
2021-01-29 06:00:00,12278.0,12211.64248913134,12216.373,12213.669382222955
2021-01-29 07:00:00,12143.0,12183.829176497806,12232.689,12204.767280522596
2021-01-29 08:00:00,12162.0,12112.241478384505,12123.947,12117.257924365793
2021-01-29 09:00:00,12151.0,12125.316148536425,12143.792,12133.233525603444
2021-01-29 10:00:00,12099.0,12106.377114936911,12126.433,12114.971596908812
2021-01-29 11:00:00,12027.0,11989.760405703875,12023.478,12004.209302769346
2021-01-29 12:00:00,11884.0,11989.129573235905,12023.764,12003.971363718856
2021-01-29 13:00:00,11899.0,11901.98222063317,11936.983,11916.981367878005
2021-01-29 14:00:00,12041.0,12085.95827391161,12066.5625,12077.64623904713
2021-01-29 15:00:00,12322.0,12202.448726312743,12221.783,12210.734331251464
2021-01-29 16:00:00,12333.0,12391.988205546057,12337.171,12368.496953563137
2021-01-29 17:00:00,12261.0,12361.808133600161,12416.888,12385.411769218206
2021-01-29 18:00:00,11980.0,12049.476844962377,12114.855,12077.493751437823
2021-01-29 19:00:00,11522.0,11527.725113432289,11511.244,11520.662318193234
2021-01-29 20:00:00,11614.0,11602.708089112057,11527.544,11570.497204995987
2021-01-29 21:00:00,11391.0,11387.76187598363,11328.832,11362.508045534189
2021-01-29 22:00:00,10900.0,11012.311826014136,11090.657,11045.885690730607
2021-01-29 23:00:00,10642.0,10896.502698009397,10890.488,10893.925231707784
2021-01-30 00:00:00,10496.0,10790.009040828998,10745.769,10771.050430010335
2021-01-30 01:00:00,11339.0,10683.386586490271,10728.896,10702.889134830519
2021-01-30 02:00:00,11339.0,11213.00396597339,11334.501,11265.069989901554
2021-01-30 03:00:00,10484.0,11129.824747586747,11216.665,11167.039043638466
2021-01-30 04:00:00,10751.0,10489.557281361784,10503.932,10495.717026369497
2021-01-30 05:00:00,10851.0,10795.062750288074,10781.991,10789.460900755781
2021-01-30 06:00:00,10989.0,11079.465046574875,11053.498,11068.336979646578
2021-01-30 07:00:00,11062.0,11082.75599446982,11104.569,11092.103866269983
2021-01-30 08:00:00,11316.0,11107.15575966001,11126.159,11115.29939129034
2021-01-30 09:00:00,11446.0,11337.487666300392,11377.557,11354.658547642051
2021-01-30 10:00:00,11408.0,11378.364536208592,11418.499,11395.563591384094
2021-01-30 11:00:00,11342.0,11352.192416890686,11385.772,11366.582769974288
2021-01-30 12:00:00,11336.0,11305.071971279542,11342.224,11320.992563957916
2021-01-30 13:00:00,11419.0,11412.733280848593,11482.321,11442.554167467317
2021-01-30 14:00:00,11653.0,11647.244827320808,11644.397,11646.024491107455
2021-01-30 15:00:00,12223.0,11812.36374178614,11804.884,11809.158315483328
2021-01-30 16:00:00,11339.0,12165.515794848117,12178.521,12171.088963214625
2021-01-30 17:00:00,12255.0,11394.940157300558,11435.49,11412.317201572994
2021-01-30 18:00:00,11841.0,11919.444276306283,11991.991,11950.533046860826
2021-01-30 19:00:00,11346.0,11333.391728320568,11313.29,11324.77734180179
2021-01-30 20:00:00,11501.0,11397.160942084882,11400.062,11398.40368152897
2021-01-30 21:00:00,11406.0,11229.794431122225,11212.503,11222.38436387917
2021-01-30 22:00:00,11032.0,10963.02205715427,10963.274,10963.13001470301
2021-01-30 23:00:00,10693.0,10575.101112374357,10628.039,10597.786762118256
2021-01-31 00:00:00,10488.0,10501.693605219025,10535.708,10516.269678327035
2021-01-31 01:00:00,10374.0,10454.818319297407,10514.118,10480.230216622796
2021-01-31 02:00:00,10415.0,10430.345367491745,10485.145,10453.828805632962
2021-01-31 03:00:00,10447.0,10468.3443493621,10437.974,10455.329476170806
2021-01-31 04:00:00,10639.0,10481.978036751638,10506.265,10492.385765748328
2021-01-31 05:00:00,10659.0,10663.296367952553,10679.813,10670.374619556063
2021-01-31 06:00:00,10812.0,10815.5039279488,10812.588,10814.254101311282
2021-01-31 07:00:00,10962.0,10919.191972827624,10912.545,10916.343469458665
2021-01-31 08:00:00,11180.0,11059.460563615845,11074.478,11065.895873176829
2021-01-31 09:00:00,11287.0,11233.744575662151,11218.434,11227.183230672323
2021-01-31 10:00:00,11297.0,11269.940710344206,11253.572,11262.92610102874
2021-01-31 11:00:00,11139.0,11261.363762419596,11256.611,11259.326935609002
2021-01-31 12:00:00,11079.0,11151.819834882646,11154.674,11153.042512246371
2021-01-31 13:00:00,11109.0,11171.019602618906,11194.603,11181.125804229137
2021-01-31 14:00:00,11352.0,11372.38944868145,11364.342,11368.940551672144
2021-01-31 15:00:00,11862.0,11551.06154583003,11587.842,11566.822941385264
2021-01-31 16:00:00,11959.0,11863.478872135174,11837.318,11852.268153884212
2021-01-31 17:00:00,11947.0,11874.643724878018,11876.969,11875.640157409478
2021-01-31 18:00:00,11672.0,11754.963401732113,11746.35,11751.272139688748
2021-01-31 19:00:00,11308.0,11136.795220246298,11232.796,11177.935011049118
2021-01-31 20:00:00,11598.0,11471.583964238545,11412.829,11446.405391812288
2021-01-31 21:00:00,11492.0,11477.739716340113,11411.394,11449.307944240936
2021-01-31 22:00:00,11166.0,11110.630478829631,11115.179,11112.57949958957
2021-01-31 23:00:00,10969.0,11008.801786135307,10932.82,10976.240671377578
2021-02-01 00:00:00,11635.0,11086.136519228527,11058.898,11074.463934976784
2021-02-01 01:00:00,11767.0,11580.559807197207,11570.816,11576.384218619549
2021-02-01 02:00:00,11904.5,11654.804204658063,11664.545,11658.978187372528
2021-02-01 03:00:00,11358.0,11777.156369929124,11818.215,11794.751482950815
2021-02-01 04:00:00,12140.0,11691.571097532382,11620.522,11661.123885281751
2021-02-01 05:00:00,12497.0,12454.535776794006,12500.291,12474.143431067112
2021-02-01 06:00:00,12644.0,12583.511647924559,12532.881,12561.814236565227
2021-02-01 07:00:00,12495.0,12573.114199570784,12507.255,12544.891030439905
2021-02-01 08:00:00,12560.0,12402.415343005141,12347.325,12378.807243111953
2021-02-01 09:00:00,12593.0,12497.603114000374,12456.623,12480.041457557505
2021-02-01 10:00:00,12573.0,12477.08539565232,12530.707,12500.063891803344
2021-02-01 11:00:00,12423.0,12462.886718086378,12430.061,12448.819496664013
2021-02-01 12:00:00,12362.0,12334.305059234086,12348.491,12340.384222946795
2021-02-01 13:00:00,12300.0,12270.054338601265,12331.27,12296.28691890352
2021-02-01 14:00:00,12354.0,12283.438510121403,12318.154,12298.315365396702
2021-02-01 15:00:00,12660.0,12527.149082916072,12515.111,12521.990349470454
2021-02-01 16:00:00,12650.0,12754.501064073793,12717.462,12738.628032894001
2021-02-01 17:00:00,12645.0,12693.164980513899,12676.935,12686.209520750883
2021-02-01 18:00:00,12416.0,12504.550303050246,12458.93,12484.999802831993
2021-02-01 19:00:00,12051.0,11997.280474187946,11985.897,11992.402254214943
2021-02-01 20:00:00,12237.0,12120.287565712868,12074.9,12100.837413809655
2021-02-01 21:00:00,11990.0,11993.360338161747,12002.593,11997.316825250491
2021-02-01 22:00:00,11629.0,11912.259563147963,11917.73,11914.604004322802
2021-02-01 23:00:00,12362.0,11729.862723781891,11744.345,11736.068646829699
2021-02-02 00:00:00,12362.0,12253.857099101495,12313.677,12279.491727432156
2021-02-02 01:00:00,12389.0,12312.011208797092,12328.148,12318.926330743005
2021-02-02 02:00:00,12476.5,12342.09064458148,12313.65,12329.902735677295
2021-02-02 03:00:00,12563.0,12307.524225448899,12282.28,12296.705934144826
2021-02-02 04:00:00,12362.0,12449.558230449113,12466.255,12456.713008188606
2021-02-02 05:00:00,12769.0,12625.743937887428,12619.944,12623.258501648788
2021-02-02 06:00:00,12867.0,12820.60642401415,12789.957,12807.471718792389
2021-02-02 07:00:00,12831.0,12726.086063764622,12676.907,12705.010994980468
2021-02-02 08:00:00,12898.0,12684.495859041788,12721.748,12700.459536994375
2021-02-02 09:00:00,12903.0,12774.871895443597,12730.462,12755.8405057777
2021-02-02 10:00:00,12794.0,12757.930708016847,12699.926,12733.073300321375
2021-02-02 11:00:00,12662.0,12663.520841304384,12693.26,12676.26507498659
2021-02-02 12:00:00,12589.0,12577.166794893546,12565.457,12572.14834644581
2021-02-02 13:00:00,12537.0,12544.344469415906,12618.547,12576.142566477949
2021-02-02 14:00:00,12597.0,12600.18165757921,12645.158,12619.45577073468
2021-02-02 15:00:00,13025.0,12799.894372566894,12823.561,12810.03593082288
2021-02-02 16:00:00,13016.0,13163.88010249437,13069.081,13123.255284229763
2021-02-02 17:00:00,13034.0,13107.428057283896,13055.723,13085.270399196505
2021-02-02 18:00:00,12842.0,12867.905383314657,12839.8545,12855.884153685945
2021-02-02 19:00:00,12315.0,12429.401270908593,12381.339,12408.804395844923
2021-02-02 20:00:00,12436.0,12356.838246330108,12253.581,12312.588750564122
2021-02-02 21:00:00,12199.0,12188.97198654267,12147.945,12171.390290082278
2021-02-02 22:00:00,11778.0,12014.01789622289,11994.656,12005.72049568376
2021-02-02 23:00:00,12593.0,11950.91688675963,12078.579,12005.62444773427
2021-02-03 00:00:00,12593.0,12596.769121021209,12619.133,12606.352799082366
2021-02-03 01:00:00,12601.5,12596.484676736172,12630.938,12611.24933162563
2021-02-03 02:00:00,12601.5,12582.706721862927,12617.237,12597.504153154061
2021-02-03 03:00:00,11711.0,12531.708180379534,12603.094,12562.299319924783
2021-02-03 04:00:00,12531.0,12113.920019355903,12181.229,12142.764024035849
2021-02-03 05:00:00,12928.0,12811.51572047726,12788.506,12801.655132737207
2021-02-03 06:00:00,12990.0,12975.785855338365,13138.792,13045.639848165189
2021-02-03 07:00:00,12967.0,12998.309024575152,12937.538,12972.266385317977
2021-02-03 08:00:00,12982.0,12800.316915972477,12899.619,12842.871637180102
2021-02-03 09:00:00,12887.0,12991.836702599096,12897.416,12951.373842772673
2021-02-03 10:00:00,12834.0,12745.099897486694,12702.41,12726.805415298511
2021-02-03 11:00:00,12713.0,12716.456338470744,12682.142,12701.75112383254
2021-02-03 12:00:00,12606.0,12572.922833118353,12620.371,12593.255792617001
2021-02-03 13:00:00,12587.0,12524.302524802184,12601.555,12557.40759110749
2021-02-03 14:00:00,12664.0,12625.179765965924,12613.431,12620.144594158424
2021-02-03 15:00:00,13140.0,12889.679430325532,12888.873,12889.333571494
2021-02-03 16:00:00,13275.0,13235.836300926405,13282.766,13255.946904505829
2021-02-03 17:00:00,13365.0,13269.050324937827,13403.0625,13326.47926021046
2021-02-03 18:00:00,13089.0,13212.298667749696,13173.775,13195.78995478357
2021-02-03 19:00:00,12568.0,12578.163269296889,12550.1,12566.136740372942
2021-02-03 20:00:00,12673.0,12612.282444392866,12539.732,12581.191727854994
2021-02-03 21:00:00,12384.0,12428.256733641658,12410.607,12420.693303478187
2021-02-03 22:00:00,12014.0,12126.433114877203,12104.418,12116.998784070973
2021-02-03 23:00:00,11775.0,12023.414458185685,12026.012,12024.527298311405
2021-02-04 00:00:00,11656.0,12067.291765853382,12197.012,12122.881357308834
2021-02-04 01:00:00,11646.0,11973.696450302963,12013.193,11990.622114214977
2021-02-04 02:00:00,11779.0,11905.7327690416,12004.189,11947.924961856923
2021-02-04 03:00:00,12134.0,11824.486685998558,11912.142,11862.050001151525
2021-02-04 04:00:00,12921.0,12693.968720976363,12509.308,12614.834356323063
2021-02-04 05:00:00,13177.0,13084.494661792556,13194.024,13131.431893705805
2021-02-04 06:00:00,13145.0,13269.327966716593,13302.216,13283.42161372158
2021-02-04 07:00:00,13077.0,13018.243318141383,13107.2,13056.364646746202
2021-02-04 08:00:00,12936.0,13000.172114377114,12949.051,12978.26466663356
2021-02-04 09:00:00,12851.0,12819.247607696167,12896.484,12852.346083954562
2021-02-04 10:00:00,12846.0,12763.627132572998,12735.872,12751.732895135763
2021-02-04 11:00:00,12698.0,12744.362914044437,12688.541,12720.440896886419
2021-02-04 12:00:00,12664.0,12597.254921197176,12631.627,12611.984419991386
2021-02-04 13:00:00,12579.0,12627.28063478307,12602.782,12616.782175438655
2021-02-04 14:00:00,12610.0,12650.37943243505,12637.141,12644.70592486073
2021-02-04 15:00:00,12967.0,12873.016083701767,12890.37,12880.452680940092
2021-02-04 16:00:00,13021.0,13091.006327001905,13136.999,13110.715571811306
2021-02-04 17:00:00,13095.0,13174.564877948644,13130.573,13155.712804453993
2021-02-04 18:00:00,12990.0,12933.022675160315,12895.761,12917.054308148368
2021-02-04 19:00:00,12569.0,12548.762933986605,12522.245,12537.399002417547
2021-02-04 20:00:00,12665.0,12614.460768946914,12541.583,12583.230017563692
2021-02-04 21:00:00,12402.0,12453.2676433549,12429.932,12443.267372078553
2021-02-04 22:00:00,12059.0,12119.093542482273,12132.215,12124.716108433906
2021-02-04 23:00:00,11837.0,12016.720022095535,12021.675,12018.843274906027
2021-02-05 00:00:00,11744.0,11912.813787241796,11899.602,11907.151680119101
2021-02-05 01:00:00,12978.5,11845.18753134208,11885.099,11862.2909086808
2021-02-05 02:00:00,11986.0,12809.049626655535,12795.548,12803.26342859101
2021-02-05 03:00:00,12397.0,12056.890620376531,12015.5,12039.153304038122
2021-02-05 04:00:00,13173.0,12830.110430576377,12719.92,12782.889726759764
2021-02-05 05:00:00,13561.0,13364.385189609824,13394.473,13377.278490334604
2021-02-05 06:00:00,13629.0,13611.774644999097,13670.61,13636.987949937724
2021-02-05 07:00:00,13563.0,13534.819522913189,13533.574,13534.2858193405
2021-02-05 08:00:00,13642.0,13497.074909556137,13476.231,13488.142425151455
2021-02-05 09:00:00,13544.0,13491.720745782073,13454.997,13475.983107334949
2021-02-05 10:00:00,13430.0,13488.374325861045,13459.592,13476.039989230914
2021-02-05 11:00:00,13223.0,13275.34386382144,13203.393,13244.509869143338
2021-02-05 12:00:00,13062.0,13111.234800616285,13037.725,13079.732922921954
2021-02-05 13:00:00,12972.0,13031.631817277574,12959.29,13000.630429594661
2021-02-05 14:00:00,12941.0,13123.814389338551,13085.617,13107.445134510383
2021-02-05 15:00:00,13417.0,13119.86671456007,13229.207,13166.722874407911
2021-02-05 16:00:00,13608.0,13553.556434681552,13484.659,13524.031363907325
2021-02-05 17:00:00,13571.0,13654.958847307178,13634.126,13646.030885552273
2021-02-05 18:00:00,13233.0,13487.696798123783,13438.306,13466.530736638502
2021-02-05 19:00:00,12823.0,12727.31555307877,12715.095,12722.07834917363
2021-02-05 20:00:00,12894.0,12861.99789187361,12864.669,12863.142516098245
2021-02-05 21:00:00,12602.0,12682.773739994656,12642.818,12665.651190300567
2021-02-05 22:00:00,12203.0,12153.831451665566,12160.331,12156.616378997642
2021-02-05 23:00:00,11896.0,11951.801053509313,11904.352,11931.467118983093
2021-02-06 00:00:00,11669.0,11796.842042565066,11748.093,11775.950830688365
2021-02-06 01:00:00,11608.0,11870.344313942622,11946.392,11902.933201573302
2021-02-06 02:00:00,11606.0,11572.196347324561,11706.274,11629.653635831404
2021-02-06 03:00:00,11698.0,11636.790536494716,11694.124,11661.359817216688
2021-02-06 04:00:00,11984.0,11922.023894205042,12024.672,11966.012086795476
2021-02-06 05:00:00,12064.0,12027.229484293994,12050.295,12037.113695964843
2021-02-06 06:00:00,12156.0,12279.63306059826,12311.065,12293.102604473335
2021-02-06 07:00:00,12342.0,12295.73586048174,12258.095,12279.605057632634
2021-02-06 08:00:00,12519.0,12449.610022438914,12483.172,12463.992117132073
2021-02-06 09:00:00,12514.0,12524.059698745916,12577.485,12546.95437178752
2021-02-06 10:00:00,12332.0,12481.670012761655,12541.918,12507.488520019102
2021-02-06 11:00:00,12211.0,12319.969742692409,12338.293,12327.821997544992
2021-02-06 12:00:00,12152.0,12247.510129174905,12215.987,12234.001385396969
2021-02-06 13:00:00,12162.0,12225.921195186122,12253.881,12237.902870086731
2021-02-06 14:00:00,12333.0,12340.607762984286,12391.045,12362.221827077661
2021-02-06 15:00:00,12258.0,12634.699046046131,12701.453,12663.305217100515
2021-02-06 16:00:00,12258.0,12429.216213233592,12447.579,12437.085360913443
2021-02-06 17:00:00,12258.0,12395.424527684116,12467.111,12426.144767803044
2021-02-06 18:00:00,12771.0,12172.675677787998,12227.102,12195.998933379993
2021-02-06 19:00:00,12314.0,12334.23159422022,12382.949,12355.108841945337
2021-02-06 20:00:00,12414.0,12436.30731254521,12334.166,12392.536101880216
2021-02-06 21:00:00,12305.0,12253.143043749988,12254.401,12253.682303771431
2021-02-06 22:00:00,11861.0,11824.866535794785,11802.121,11815.119122175125
2021-02-06 23:00:00,11512.0,11520.753172779014,11440.686,11486.441293127951
2021-02-07 00:00:00,11286.0,11322.548018653331,11313.733,11318.770500403822
2021-02-07 01:00:00,11085.0,11217.655882811167,11240.867,11227.60241338402
2021-02-07 02:00:00,11079.0,11143.438253080703,11220.695,11176.545714064547
2021-02-07 03:00:00,11097.0,11125.065513658623,11111.982,11119.45896424554
2021-02-07 04:00:00,11237.0,11268.039477422397,11180.875,11230.686295755077
2021-02-07 05:00:00,11263.0,11380.380208416394,11343.692,11364.6578570171
2021-02-07 06:00:00,11300.0,11484.580516682985,11458.92,11473.583910235786
2021-02-07 07:00:00,11459.0,11502.959349217379,11472.933,11490.091622514003
2021-02-07 08:00:00,11709.0,11577.924014143753,11586.429,11581.568389142027
2021-02-07 09:00:00,11784.0,11761.679144735237,11756.923,11759.640702495537
2021-02-07 10:00:00,11765.0,11757.347449501229,11747.5,11753.12721142797
2021-02-07 11:00:00,11621.0,11651.91168454195,11651.626,11651.78908528416
2021-02-07 12:00:00,11545.0,11565.10980812229,11563.517,11564.426692206307
2021-02-07 13:00:00,11506.0,11601.62294137691,11654.03,11624.08118438337
2021-02-07 14:00:00,11529.0,11722.340101809083,11654.462,11693.251677565087
2021-02-07 15:00:00,12025.0,11855.830657182085,11798.817,11831.39845580135
2021-02-07 16:00:00,12221.0,12123.955715213177,12126.8125,12125.1797206126
2021-02-07 17:00:00,12207.0,12261.58756898195,12236.557,12250.86057963001
2021-02-07 18:00:00,11954.0,12047.260223603158,12067.359,12055.873517914264
2021-02-07 19:00:00,11550.0,11565.483174276242,11647.794,11600.756268222132
2021-02-07 20:00:00,11801.0,11857.596343703253,11825.772,11843.958262210432
2021-02-07 21:00:00,11684.0,11792.679996421479,11806.363,11798.543565204454
2021-02-07 22:00:00,11341.0,11416.496956849303,11434.091,11424.036513384279
2021-02-07 23:00:00,11056.0,11221.700451121409,11174.778,11201.592446933848
2021-02-08 00:00:00,10900.0,11319.46650743583,11271.803,11299.040779637397
2021-02-08 01:00:00,11989.5,11238.048102028122,11174.909,11210.990682857551
2021-02-08 02:00:00,12116.0,11931.865680295008,11925.869,11929.295974950548
2021-02-08 03:00:00,11432.0,12115.300029156158,12148.803,12129.657141266096
2021-02-08 04:00:00,12265.0,11915.827598801752,11839.468,11883.104431761487
2021-02-08 05:00:00,12659.0,12600.565169862237,12636.888,12616.130500360307
2021-02-08 06:00:00,12681.0,12785.15289570719,12790.168,12787.30165827318
2021-02-08 07:00:00,12792.0,12644.131736139467,12610.974,12629.92221641242
2021-02-08 08:00:00,12814.0,12703.071128761645,12738.225,12718.135658271152
2021-02-08 09:00:00,12784.0,12710.848364004984,12735.11,12721.24559062935
2021-02-08 10:00:00,12611.0,12703.030001243833,12641.53,12676.675143682722
2021-02-08 11:00:00,12538.0,12483.240578019633,12519.317,12498.70049364974
2021-02-08 12:00:00,12520.0,12427.985731886158,12454.106,12439.17906090335
2021-02-08 13:00:00,12406.0,12424.36572074843,12482.77,12449.393560286022
2021-02-08 14:00:00,12386.0,12460.08495460031,12482.628,12469.745246946
2021-02-08 15:00:00,12772.0,12671.948978530774,12558.073,12623.14882945038
2021-02-08 16:00:00,12872.0,12924.600930909648,12827.188,12882.855847660992
2021-02-08 17:00:00,12969.0,12918.494385833632,12862.074,12894.315887900944
2021-02-08 18:00:00,12742.0,12737.411886592443,12829.566,12776.90320966824
2021-02-08 19:00:00,12391.0,12405.421065749346,12377.92,12393.635743386229
2021-02-08 20:00:00,12469.0,12454.613006811656,12373.16,12419.707096442797
2021-02-08 21:00:00,12325.0,12261.66754126691,12162.772,12219.287140236
2021-02-08 22:00:00,12061.0,12084.4469549034,12040.462,12065.597517008935
2021-02-08 23:00:00,11795.0,11974.647788781283,12065.473,12013.56957789581
2021-02-09 00:00:00,11612.0,11846.920914698987,11779.008,11817.817606577464
2021-02-09 01:00:00,12757.0,11791.628560025854,11733.304,11766.634114074823
2021-02-09 02:00:00,11757.0,12633.49235297185,12534.811,12591.203526842022
2021-02-09 03:00:00,12150.0,11757.17755409239,11683.386,11725.555024769867
2021-02-09 04:00:00,12891.0,12603.288847680957,12347.501,12493.67428713643
2021-02-09 05:00:00,13343.0,13072.26403644548,12984.688,13034.734531589162
2021-02-09 06:00:00,13360.0,13422.703535758426,13408.704,13416.703921417624
2021-02-09 07:00:00,13383.0,13319.98489337234,13235.435,13283.752027373523
2021-02-09 08:00:00,13349.0,13311.988921087906,13222.714,13273.730961997499
2021-02-09 09:00:00,13234.0,13313.687540349481,13222.173,13274.4702153623
2021-02-09 10:00:00,13061.0,13093.328433198201,12994.72,13051.070890742209
2021-02-09 11:00:00,12910.0,12985.096972435575,12840.79,12923.256220620013
2021-02-09 12:00:00,12869.0,12788.44595325909,12866.857,12822.047777831995
2021-02-09 13:00:00,12847.0,12816.389424677047,12761.163,12792.722990977902
2021-02-09 14:00:00,12853.0,12906.1266315892,12885.8545,12897.439087424573
2021-02-09 15:00:00,13366.0,13067.243920451945,12981.395,13030.454098122289
2021-02-09 16:00:00,13478.0,13534.64437114501,13415.343,13483.519222615603
2021-02-09 17:00:00,13554.0,13475.6303973068,13404.449,13445.12644157427
2021-02-09 18:00:00,13323.0,13464.1059921104,13365.942,13422.039201369376
2021-02-09 19:00:00,12882.0,12935.76944706914,12893.47,12917.64254235091
2021-02-09 20:00:00,12948.0,12868.164902270923,12853.44,12861.854724886703
2021-02-09 21:00:00,12742.0,12692.348382066348,12744.673,12714.771184967543
2021-02-09 22:00:00,12359.0,12541.535564649539,12539.158,12540.516384217375
2021-02-09 23:00:00,12128.0,12224.972278164534,12203.734,12215.870852679709
2021-02-10 00:00:00,11978.0,12252.813008825999,12228.29,12242.303759497296
2021-02-10 01:00:00,11964.0,12209.286978608912,12229.524,12217.959524724722
2021-02-10 02:00:00,12130.0,12007.627509392365,11972.692,11992.656514353599
2021-02-10 03:00:00,12490.0,12291.749199322989,12370.02,12325.290694023395
2021-02-10 04:00:00,13216.0,12988.129874006041,12875.682,12939.941561191521
2021-02-10 05:00:00,13614.0,13374.439064005923,13408.233,13388.920883874056
2021-02-10 06:00:00,13632.0,13603.42454618018,13668.437,13631.284533752289
2021-02-10 07:00:00,13570.0,13552.092606536984,13516.947,13537.031265532823
2021-02-10 08:00:00,13499.0,13521.843505405537,13498.674,13511.914446037306
2021-02-10 09:00:00,13394.0,13321.452123208765,13479.785,13389.303386096544
2021-02-10 10:00:00,13377.0,13273.842499119992,13236.295,13257.751991876772
2021-02-10 11:00:00,13268.0,13233.032314969932,13171.072,13206.479783164903
2021-02-10 12:00:00,13104.0,13074.622650339235,13003.919,13044.323603956664
2021-02-10 13:00:00,13045.0,12999.861602179195,13064.84,13027.706849194637
2021-02-10 14:00:00,13061.0,13081.16173580518,13039.902,13063.48037360924
2021-02-10 15:00:00,13543.0,13280.821032263466,13235.499,13261.398659308681
2021-02-10 16:00:00,13781.0,13760.9855349073,13695.694,13733.005530461262
2021-02-10 17:00:00,13847.0,13728.251827949893,13688.448,13711.194435699832
2021-02-10 18:00:00,13651.0,13475.838629073347,13790.408,13610.642899337563
2021-02-10 19:00:00,13161.0,13205.175247010031,13146.398,13179.987247211044
2021-02-10 20:00:00,13168.0,13138.752963267916,13172.086,13153.037158002036
2021-02-10 21:00:00,13020.0,12971.217614390773,12912.129,12945.89596504466
2021-02-10 22:00:00,12671.0,12710.062916349627,12742.877,12724.124861070008
2021-02-10 23:00:00,12419.0,12426.89331132461,12359.664,12398.083102886892
2021-02-11 00:00:00,12301.0,12341.705906100504,12273.507,12312.479746730713
2021-02-11 01:00:00,13517.0,12247.065410631785,12198.471,12226.240409104803
2021-02-11 02:00:00,12473.0,13180.412741777658,13315.622,13238.354937358437
2021-02-11 03:00:00,12848.0,12534.88950614921,12376.034,12466.814108394718
2021-02-11 04:00:00,13603.0,13250.248549573233,13143.13,13204.344109412235
2021-02-11 05:00:00,13921.0,13753.514720932879,13757.252,13755.116116788437
2021-02-11 06:00:00,13960.0,14005.848246856742,14001.682,14004.062552664647
2021-02-11 07:00:00,13917.0,13958.047729236567,13941.232,13950.841522910261
2021-02-11 08:00:00,13987.0,13920.129974599582,13905.858,13914.013735604196
2021-02-11 09:00:00,13915.0,13949.721194017517,13926.278,13939.675009958872
2021-02-11 10:00:00,13772.0,13887.688072835886,13863.71,13877.412365570384
2021-02-11 11:00:00,13614.0,13477.109934644128,13471.422,13474.67213827066
2021-02-11 12:00:00,13491.0,13484.685372043596,13500.273,13491.365481022909
2021-02-11 13:00:00,13380.0,13319.543004113326,13545.959,13416.570304632318
2021-02-11 14:00:00,13337.0,13394.528893170715,13415.859,13403.669551636149
2021-02-11 15:00:00,13725.0,13571.251503558691,13528.245,13552.821670149566
2021-02-11 16:00:00,13863.0,13728.023699682466,13706.963,13718.998150783964
2021-02-11 17:00:00,13860.0,13657.513722685426,13947.962,13781.981137605419
2021-02-11 18:00:00,13680.0,13482.874271301613,13780.3545,13610.35540564418
2021-02-11 19:00:00,13168.0,13204.620855417876,13153.238,13182.601585070592
2021-02-11 20:00:00,13256.0,13104.56809614216,13127.859,13114.54912211916
2021-02-11 21:00:00,13108.0,12996.991358431598,12958.44,12980.470906922259
2021-02-11 22:00:00,12743.0,12760.475030014992,12852.459,12799.893498066926
2021-02-11 23:00:00,12510.0,12630.46622364445,12558.56,12599.651450890564
2021-02-12 00:00:00,12383.0,12559.310932493903,12478.976,12524.884316658798
2021-02-12 01:00:00,12336.0,12707.117280221028,12725.157,12714.847787938963
2021-02-12 02:00:00,12435.0,12411.687165966114,12444.307,12425.665808844999
2021-02-12 03:00:00,12775.0,12587.144095312184,12484.381,12543.10635576251
2021-02-12 04:00:00,13442.0,13221.455009028696,13202.545,13213.351081653658
2021-02-12 05:00:00,13684.0,13598.9818368995,13582.748,13592.024985036667
2021-02-12 06:00:00,13648.0,13835.236232172836,13817.137,13827.479564165566
2021-02-12 07:00:00,13633.0,13669.019672647943,13705.714,13684.744354757775
2021-02-12 08:00:00,13563.0,13719.65721474105,13669.85,13698.312714279842
2021-02-12 09:00:00,13478.0,13618.15963089659,13627.196,13622.032243270027
2021-02-12 10:00:00,13204.0,13360.96602303756,13325.745,13345.872413465786
2021-02-12 11:00:00,13099.0,13148.69034033671,13108.0625,13131.279481493184
2021-02-12 12:00:00,12948.0,13037.685793129674,13102.248,13065.352750312919
2021-02-12 13:00:00,12916.0,12888.825904670237,13046.4375,12956.3682737893
2021-02-12 14:00:00,12872.0,13002.022599767432,13159.552,13069.529670770917
2021-02-12 15:00:00,13202.0,13191.068524011582,13206.442,13197.656728863185
2021-02-12 16:00:00,13345.0,13394.316626408974,13385.585,13390.574616145928
2021-02-12 17:00:00,13267.0,13440.646157933927,13440.7,13440.669386706753
2021-02-12 18:00:00,12967.0,13096.413182548746,13095.107,13095.853243233036
2021-02-12 19:00:00,12463.0,12607.835488179284,12635.74,12619.793521704058
2021-02-12 20:00:00,12569.0,12666.09312847539,12541.665,12612.771175678898
2021-02-12 21:00:00,12290.0,12476.741337026502,12421.713,12453.159267091136
2021-02-12 22:00:00,11795.0,11977.863500567477,12046.702,12007.363294058167
2021-02-12 23:00:00,11492.0,11726.546819144343,11764.759,11742.921775685965
2021-02-13 00:00:00,11245.0,11648.585572613569,11753.154,11693.397123235169
2021-02-13 01:00:00,11140.0,11467.275681274052,11386.905,11432.833990936517
2021-02-13 02:00:00,11096.0,11351.781251686962,11341.824,11347.514308030073
2021-02-13 03:00:00,11173.0,11330.539706824082,11272.93,11305.85161756583
2021-02-13 04:00:00,11384.0,11625.83700928112,11549.808,11593.255551145507
2021-02-13 05:00:00,11468.0,11631.924652220348,11509.112,11579.29496293313
2021-02-13 06:00:00,11537.0,11744.744401640386,11710.643,11730.130597707546
2021-02-13 07:00:00,11747.0,11774.490239037741,11667.094,11728.466656354123
2021-02-13 08:00:00,11876.0,11844.154804910942,11841.744,11843.121641797912
2021-02-13 09:00:00,11744.0,11925.208222519484,11906.155,11917.043239547242
2021-02-13 10:00:00,11660.0,11764.330103387565,11782.332,11772.044300119709
2021-02-13 11:00:00,11533.0,11656.609403497649,11650.951,11654.18459706151
2021-02-13 12:00:00,11493.0,11548.829029249335,11559.654,11553.46803838747
2021-02-13 13:00:00,11532.0,11557.664767347787,11629.547,11588.468510879258
2021-02-13 14:00:00,11722.0,11798.588785836566,11767.061,11785.077448443017
2021-02-13 15:00:00,11532.5,12074.15991187764,11995.819,12040.587989421258
2021-02-13 16:00:00,11532.5,11832.842463158906,11710.737,11780.515939644807
2021-02-13 17:00:00,11532.5,11740.815641640678,11621.864,11689.840533426934
2021-02-13 18:00:00,11942.0,11551.189961484848,11486.047,11523.2737676336
2021-02-13 19:00:00,11504.0,11470.717997557984,11592.049,11522.712769673688
2021-02-13 20:00:00,11614.0,11740.417051576178,11645.381,11699.690390526583
2021-02-13 21:00:00,11506.0,11516.47145342574,11516.153,11516.334779414057
2021-02-13 22:00:00,11237.0,11166.410120411538,11132.136,11151.72212277081
2021-02-13 23:00:00,10902.0,10948.325503641245,10914.799,10933.958035293876
2021-02-14 00:00:00,10658.0,10679.117374889709,10730.434,10701.108128214066
2021-02-14 01:00:00,10596.0,10530.775624767206,10582.597,10552.982737048716
2021-02-14 02:00:00,10641.0,10592.487556911692,10594.672,10593.423650075822
2021-02-14 03:00:00,10766.0,10648.460060640791,10619.52,10636.057834564726
2021-02-14 04:00:00,10927.0,10802.604913202978,10753.402,10781.519505702898
2021-02-14 05:00:00,10943.0,11025.902969874081,10962.661,10998.801457302092
2021-02-14 06:00:00,11084.0,11159.693021803443,11109.92,11138.363527472946
2021-02-14 07:00:00,11357.0,11221.20859034056,11169.659,11199.117518861174
2021-02-14 08:00:00,11561.0,11443.427666162394,11435.021,11439.82535290335
2021-02-14 09:00:00,11527.0,11571.79314508163,11570.455,11571.219607240053
2021-02-14 10:00:00,11505.0,11464.841309324873,11442.452,11455.246547490815
2021-02-14 11:00:00,11455.0,11410.989154632043,11347.321,11383.70492416994
2021-02-14 12:00:00,11330.0,11388.421553045748,11385.024,11386.965593213483
2021-02-14 13:00:00,11409.0,11385.017751099245,11373.332,11380.00970291539
2021-02-14 14:00:00,11511.0,11557.988203195968,11579.171,11567.065451992083
2021-02-14 15:00:00,11982.0,11739.843903611758,11586.51,11674.134341837791
2021-02-14 16:00:00,12333.0,12009.984569903623,11974.957,11994.973702926163
2021-02-14 17:00:00,12371.0,12230.947127004823,12260.74,12243.714459115869
2021-02-14 18:00:00,12163.0,12044.40658944304,12070.7,12055.67441116262
2021-02-14 19:00:00,11823.0,11640.981696813431,11628.15,11635.482939135056
2021-02-14 20:00:00,12120.0,11929.946167946182,11891.342,11913.402657247781
2021-02-14 21:00:00,12055.0,11947.062973219194,11930.572,11939.995807806801
2021-02-14 22:00:00,11720.0,11658.903292820038,11683.59,11669.482287176477
2021-02-14 23:00:00,11491.0,11580.884962201297,11484.828,11539.720911698245
2021-02-15 00:00:00,11374.0,11608.907405569298,11599.05,11604.68295363913
2021-02-15 01:00:00,11369.0,11596.35596439262,11615.63,11604.615245310542
2021-02-15 02:00:00,11556.0,11489.343240855158,11540.479,11511.256316206567
2021-02-15 03:00:00,11946.0,11665.76398847159,11692.85,11677.371185111353
2021-02-15 04:00:00,12756.0,12381.838143802272,12284.81,12340.257600290908
2021-02-15 05:00:00,13122.0,13033.114578151883,12981.525,13011.006581705587
2021-02-15 06:00:00,13156.0,13094.522443403728,13225.719,13150.744923049608
2021-02-15 07:00:00,13199.0,13121.037698542781,13045.279,13088.572224635063
2021-02-15 08:00:00,13058.0,13098.147158319638,13025.368,13066.95840467259
2021-02-15 09:00:00,12886.0,12982.756713736626,12877.772,12937.76699304263
2021-02-15 10:00:00,12697.0,12723.072782391728,12690.018,12708.907179133063
2021-02-15 11:00:00,12582.0,12551.798370410796,12587.688,12567.178565002596
2021-02-15 12:00:00,12475.0,12490.63299340154,12466.84,12480.436706961656
2021-02-15 13:00:00,12373.0,12428.821800311573,12424.501,12426.969831659488
2021-02-15 14:00:00,12285.0,12389.183964246304,12452.474,12416.305565209132
2021-02-15 15:00:00,12479.0,12479.620443906155,12482.053,12480.662481350024
2021-02-15 16:00:00,12672.0,12684.829534102077,12648.207,12669.135083348046
2021-02-15 17:00:00,12571.0,12790.228191283784,12743.175,12770.06382016271
2021-02-15 18:00:00,12326.0,12504.020130652463,12459.509,12484.94536388633
2021-02-15 19:00:00,11922.0,11956.062552101306,11832.031,11902.910221803973
2021-02-15 20:00:00,11922.0,12111.726344228395,12149.131,12127.755536255554
2021-02-15 21:00:00,11769.0,11845.959146565574,11894.212,11866.637131949596
2021-02-15 22:00:00,12349.5,11684.730688595111,11735.836,11706.630857804614
2021-02-15 23:00:00,12349.5,12140.654333494294,12218.315,12173.93477153272
2021-02-16 00:00:00,12305.5,12221.482813269784,12242.467,12230.474895863794
2021-02-16 01:00:00,12264.0,12095.23368394774,12175.4,12129.58790934971
2021-02-16 02:00:00,12221.0,12158.839443493778,12178.471,12167.252188635714
2021-02-16 03:00:00,11262.0,12182.378511892473,12154.094,12170.257126503508
2021-02-16 04:00:00,12140.0,12085.793911020995,11894.925,12003.999577301749
2021-02-16 05:00:00,12535.0,12621.242951037266,12537.605,12585.401196312265
2021-02-16 06:00:00,12459.0,12655.330216753086,12700.325,12674.612265158841
2021-02-16 07:00:00,12522.0,12493.714443406929,12505.362,12498.705943528854
2021-02-16 08:00:00,12556.0,12469.326412095095,12569.066,12512.068393521342
2021-02-16 09:00:00,12539.0,12531.208952258296,12487.743,12512.58190043699
2021-02-16 10:00:00,12391.0,12409.727335251428,12395.609,12403.677185048247
2021-02-16 11:00:00,12243.0,12357.0437545361,12233.029,12303.899062068589
2021-02-16 12:00:00,12199.0,12206.46039812899,12111.49,12165.76220628517
2021-02-16 13:00:00,12163.0,12218.91828029476,12160.725,12193.980062347906
2021-02-16 14:00:00,12160.0,12262.122649341602,12189.788,12231.124366264827
2021-02-16 15:00:00,12575.0,12362.585865376665,12272.939,12324.168714435462
2021-02-16 16:00:00,12878.0,12658.961057251749,12582.85,12626.3443840467
2021-02-16 17:00:00,12965.0,12850.818221012112,12780.039,12820.486653936045
2021-02-16 18:00:00,12865.0,12681.62210374626,12764.433,12717.109283313503
2021-02-16 19:00:00,12418.0,12344.90096846656,12220.9,12291.762150787223
2021-02-16 20:00:00,12541.0,12328.310239085476,12228.886,12285.7030317646
2021-02-16 21:00:00,12414.0,12133.993704700137,12162.074,12146.02690369594
2021-02-16 22:00:00,12174.0,12211.366134312117,12226.286,12217.759990724568
2021-02-16 23:00:00,12019.0,12087.48149289903,12023.558,12060.087503674975
2021-02-17 00:00:00,11941.0,12088.742652908184,12113.528,12099.363874478793
2021-02-17 01:00:00,11976.0,11977.60591166045,12037.354,12003.209743778589
2021-02-17 02:00:00,12194.0,11947.183464422264,11918.358,11934.830777396284
2021-02-17 03:00:00,12613.0,12071.887743306888,12102.745,12085.111305670089
2021-02-17 04:00:00,13377.0,12420.055401673766,12504.535,12456.258007566634
2021-02-17 05:00:00,13612.0,13445.962602710026,13444.148,13445.185079185298
2021-02-17 06:00:00,13813.0,13564.859742857381,13579.181,13570.996649796332
2021-02-17 07:00:00,13859.0,13476.626826467933,13437.829,13460.000551834637
2021-02-17 08:00:00,13718.0,13482.476324628064,13797.231,13617.36041557444
2021-02-17 09:00:00,13549.0,13521.400244570836,13441.173,13487.019537147098
2021-02-17 10:00:00,13410.0,13485.952088638285,13431.699,13462.70264439929
2021-02-17 11:00:00,13190.0,13238.953542777908,13153.112,13202.167258864309
2021-02-17 12:00:00,13058.0,13040.297733119558,13008.959,13026.867839263494
2021-02-17 13:00:00,13053.0,12971.463030488268,12932.516,12954.772539478303
2021-02-17 14:00:00,13104.0,13046.174992389486,13028.814,13038.735266679238
2021-02-17 15:00:00,13417.0,13287.720291845266,13329.126,13305.463891991862
2021-02-17 16:00:00,13924.0,13574.212864384157,13501.637,13543.111147337528
2021-02-17 17:00:00,14093.0,14026.827832722149,14007.667,14018.616558783979
2021-02-17 18:00:00,13905.0,13835.752613254443,13838.954,13837.124266410543
2021-02-17 19:00:00,13459.0,13519.116697570416,13534.083,13525.530003383983
2021-02-17 20:00:00,13468.0,13336.689911833606,13360.152,13346.74413419962
2021-02-17 21:00:00,13314.0,13172.902137368148,13129.464,13154.287023190975
2021-02-17 22:00:00,13001.0,12840.213730490055,13064.377,12936.275697203006
2021-02-17 23:00:00,12723.0,12729.803785293083,12723.877,12727.26395460013
2021-02-18 00:00:00,12594.0,12579.463834657001,12550.879,12567.213950203677
2021-02-18 01:00:00,12610.0,12539.548894610265,12602.689,12566.606661011157
2021-02-18 02:00:00,12812.0,12556.90589861248,12518.235,12540.334146656487
2021-02-18 03:00:00,13201.0,12848.419891828571,12772.121,12815.72303026669
2021-02-18 04:00:00,13914.0,13681.804574278436,13530.773,13617.082195932653
2021-02-18 05:00:00,14187.0,14151.334511602157,14111.897,14134.434068238175
2021-02-18 06:00:00,14201.0,14063.960605632214,14070.23,14066.647124979234
2021-02-18 07:00:00,14267.0,14015.610879496975,14013.471,14014.693785648065
2021-02-18 08:00:00,14160.0,13998.987698013301,13983.575,13992.38272300023
2021-02-18 09:00:00,14018.0,13987.925446152636,13962.657,13977.09669587024
2021-02-18 10:00:00,13771.0,13913.33620504055,13894.737,13905.365720198039
2021-02-18 11:00:00,13532.0,13516.922003035876,13501.614,13510.361753362416
2021-02-18 12:00:00,13359.0,13526.667822542793,13520.086,13523.84714778736
2021-02-18 13:00:00,13272.0,13365.122773934236,13339.759,13354.253215410085
2021-02-18 14:00:00,13199.0,13288.245337442213,13441.288,13353.829366002425
2021-02-18 15:00:00,13368.0,13419.459320535352,13378.528,13401.918818929094
2021-02-18 16:00:00,13560.0,13547.261268780872,13523.912,13537.255196287551
2021-02-18 17:00:00,13555.0,13725.891707382778,13703.742,13716.399424198702
2021-02-18 18:00:00,13225.0,13488.571571019032,13494.709,13491.201535737422
2021-02-18 19:00:00,12764.0,12829.68549489958,12810.858,12821.617106432186
2021-02-18 20:00:00,12782.0,12976.62791354189,12955.789,12967.697713735073
2021-02-18 21:00:00,12522.0,12719.761773098136,12761.941,12737.837324249052
2021-02-18 22:00:00,12125.0,12493.439241343807,12504.046,12497.984222507093
2021-02-18 23:00:00,12914.0,12253.933225788893,12256.55,12255.054274013772
2021-02-19 00:00:00,12902.5,12891.723618636332,13043.405,12956.724406472651
2021-02-19 01:00:00,12854.5,12881.010446383092,12840.793,12863.775560861908
2021-02-19 02:00:00,12799.5,12848.039747870362,12823.135,12837.367120046545
2021-02-19 03:00:00,12018.0,12803.464438221685,12776.464,12791.893475364013
2021-02-19 04:00:00,12658.0,12705.364232702483,12662.434,12686.96659097559
2021-02-19 05:00:00,12892.0,13089.171159787438,13012.809,13056.446626137753
2021-02-19 06:00:00,12915.0,13140.376521640901,13108.904,13126.889278537692
2021-02-19 07:00:00,13036.0,12993.0107099169,13111.549,13043.808416818816
2021-02-19 08:00:00,12984.0,13164.243176165066,13083.945,13129.832396437234
2021-02-19 09:00:00,12937.0,13175.180579983462,13068.074,13129.281452485007
2021-02-19 10:00:00,12913.0,12857.497751650135,12997.697,12917.578175046607
2021-02-19 11:00:00,12817.0,12782.32018722495,12934.877,12847.696052748559
2021-02-19 12:00:00,12709.0,12711.987041251063,12785.554,12743.513002177606
2021-02-19 13:00:00,12659.0,12602.865725616217,12677.336,12634.778679784198
2021-02-19 14:00:00,12603.0,12709.773964640914,12722.72,12715.321552160774
2021-02-19 15:00:00,12827.0,12877.902931558649,12931.214,12900.748265143035
2021-02-19 16:00:00,13077.0,12961.091502134912,13055.82,13001.685923027362
2021-02-19 17:00:00,12998.0,13137.883460366953,13121.969,13131.06321816803
2021-02-19 18:00:00,12688.0,12826.66670027581,12795.132,12813.152718088888
2021-02-19 19:00:00,12222.0,12284.419555680168,12387.436,12328.565450116908
2021-02-19 20:00:00,12207.0,12298.365724894626,12272.543,12287.299335046773
2021-02-19 21:00:00,12009.0,12051.519916990113,12037.988,12045.720862564101
2021-02-19 22:00:00,11619.0,11598.93688412451,11651.308,11621.37969716388
2021-02-19 23:00:00,11941.5,11517.268703537753,11493.554,11507.105808332484
2021-02-20 00:00:00,11921.5,12006.54907220589,11944.552,11979.980656698699
2021-02-20 01:00:00,11901.0,11983.748499973735,11932.745,11961.891394678256
2021-02-20 02:00:00,11898.0,11913.013144276552,11876.325,11897.290995985812
2021-02-20 03:00:00,11898.0,11743.197633566466,11737.783,11740.877047514514
2021-02-20 04:00:00,11311.0,11971.519220085493,11885.088,11934.479957692041
2021-02-20 05:00:00,11322.0,11449.417720727208,11420.0625,11436.837805103996
2021-02-20 06:00:00,11422.0,11651.914126740125,11640.619,11647.073684035944
2021-02-20 07:00:00,11705.0,11660.965212061816,11599.161,11634.479934420095
2021-02-20 08:00:00,11882.0,11776.260483882374,11802.728,11787.602309865564
2021-02-20 09:00:00,11960.0,11881.329439047908,11903.014,11890.621930931962
2021-02-20 10:00:00,11923.0,11865.023937587237,11886.712,11874.318094372484
2021-02-20 11:00:00,11920.0,11804.899219691504,11848.275,11823.487341139291
2021-02-20 12:00:00,11861.0,11816.976442599771,11861.906,11836.230340163464
2021-02-20 13:00:00,11914.0,11852.951202872613,11903.025,11874.409691436547
2021-02-20 14:00:00,12032.0,12046.877765449146,12074.886,12058.88005474725
2021-02-20 15:00:00,12448.0,12277.462888174106,12250.7705,12266.024051533212
2021-02-20 16:00:00,12807.0,12475.091841658545,12460.077,12468.65755888808
2021-02-20 17:00:00,12662.0,12671.706544975388,12698.209,12683.06351021153
2021-02-20 18:00:00,12195.0,12464.408690449573,12414.1875,12442.887002016785
2021-02-20 19:00:00,11599.0,11751.253230973414,11751.807,11751.490291932376
2021-02-20 20:00:00,11685.0,11750.497402710163,11702.465,11729.913344239234
2021-02-20 21:00:00,11466.0,11504.315470427939,11559.875,11528.124408602924
2021-02-20 22:00:00,10994.0,11130.742777059168,11102.256,11118.534855255239
2021-02-20 23:00:00,10628.0,10920.162105227357,10932.986,10925.6576302083
2021-02-21 00:00:00,10404.0,10493.566454197704,10488.301,10491.3098795775
2021-02-21 01:00:00,10289.0,10324.03136889301,10341.943,10331.707062857957
2021-02-21 02:00:00,10247.0,10298.312117336325,10340.433,10316.361991907404
2021-02-21 03:00:00,10275.0,10372.306700900703,10355.807,10365.235564451988
2021-02-21 04:00:00,10435.0,10393.376728973935,10461.479,10422.560493260897
2021-02-21 05:00:00,10390.0,10520.74563169646,10581.306,10546.697740811787
2021-02-21 06:00:00,10536.0,10630.80518114061,10647.458,10637.94137398529
2021-02-21 07:00:00,10797.0,10782.939048300073,10738.625,10763.948664859101
2021-02-21 08:00:00,10976.0,10939.138804185755,10903.132,10923.708173119376
2021-02-21 09:00:00,11093.0,11081.216330276882,11042.16,11064.47937568467
2021-02-21 10:00:00,11086.0,11109.108866549037,11093.416,11102.383782042063
2021-02-21 11:00:00,11130.0,11018.761592529416,11008.818,11014.50020693767
2021-02-21 12:00:00,11078.0,11082.886963210958,11088.598,11085.333983544866
2021-02-21 13:00:00,11163.0,11112.18630546879,11182.381,11142.266937358268
2021-02-21 14:00:00,11327.0,11332.486375862889,11388.77,11356.605669165758
2021-02-21 15:00:00,11707.0,11589.964169398994,11617.206,11601.638349891757
2021-02-21 16:00:00,12075.0,11825.206560574337,11794.607,11812.093707316977
2021-02-21 17:00:00,12059.0,12066.897914724246,11957.849,12020.16605144268
2021-02-21 18:00:00,11823.0,11785.272866267305,11852.036,11813.88341559553
2021-02-21 19:00:00,11383.0,11334.61686749548,11339.262,11336.607346768502
2021-02-21 20:00:00,11588.0,11551.197958685107,11572.216,11560.204607271813
2021-02-21 21:00:00,11525.0,11436.171678574365,11376.6,11410.64268901496
2021-02-21 22:00:00,11157.0,11151.677321664729,11092.211,11126.19349303845
2021-02-21 23:00:00,10883.0,10991.056273276612,10963.862,10979.402495279195
2021-02-22 00:00:00,11647.5,10961.889808652386,10986.297,10972.349187102787
2021-02-22 01:00:00,11765.0,11583.33806233984,11660.853,11616.55587402429
2021-02-22 02:00:00,11934.0,11654.6070562452,11737.957,11690.325485214815
2021-02-22 03:00:00,12052.0,11721.565342634123,11835.585,11770.426606861958
2021-02-22 04:00:00,12045.0,12282.914847036685,12252.415,12269.844236128727
2021-02-22 05:00:00,12394.0,12260.177623592072,12346.199,12297.040687338265
2021-02-22 06:00:00,12525.0,12531.736668818787,12541.791,12536.045092211614
2021-02-22 07:00:00,12740.0,12407.87471100419,12440.033,12421.655587538771
2021-02-22 08:00:00,12797.0,12584.684997132783,12603.45,12592.726461869606
2021-02-22 09:00:00,12813.0,12606.444738833461,12691.193,12642.762431279472
2021-02-22 10:00:00,12796.0,12587.919983973641,12665.944,12621.355900050792
2021-02-22 11:00:00,12734.0,12575.234760427222,12651.446,12607.893868905401
2021-02-22 12:00:00,12651.0,12581.822909216531,12585.496,12583.397035824793
2021-02-22 13:00:00,12607.0,12498.796349874885,12533.47,12513.654988769347
2021-02-22 14:00:00,12548.0,12514.456392353746,12597.045,12549.848269949036
2021-02-22 15:00:00,12693.0,12605.005710725853,12623.056,12612.74086068627
2021-02-22 16:00:00,13031.0,12762.240475481018,12792.123,12775.045940159323
2021-02-22 17:00:00,13012.0,13043.758382880293,12985.67,13018.865005067242
2021-02-22 18:00:00,12784.0,12826.00570665963,12800.035,12814.87605867218
2021-02-22 19:00:00,12328.0,12386.943074732077,12350.201,12371.197830511574
2021-02-22 20:00:00,12461.0,12343.777556555151,12228.488,12294.37162688097
2021-02-22 21:00:00,12244.0,12240.81370274579,12118.249,12188.289857398293
2021-02-22 22:00:00,11838.0,12064.703739205037,12168.301,12109.09868395686
2021-02-22 23:00:00,11594.0,11776.667365039717,11884.0205,11822.671741602971
2021-02-23 00:00:00,12629.0,11695.868968093786,11680.719,11689.376347569376
2021-02-23 01:00:00,12650.0,12423.69146330118,12499.249,12456.070258575792
2021-02-23 02:00:00,12638.5,12466.687768041973,12469.17,12467.751423083208
2021-02-23 03:00:00,11851.0,12420.083984628789,12385.165,12405.119556522011
2021-02-23 04:00:00,12521.0,12169.600653617812,11888.681,12049.215790817198
2021-02-23 05:00:00,12768.0,12765.86199726972,12653.602,12717.754179058342
2021-02-23 06:00:00,12809.0,12844.10732580863,12740.894,12799.876232562898
2021-02-23 07:00:00,12930.0,12789.91756116575,12747.666,12771.811111118011
2021-02-23 08:00:00,12996.0,12822.793238820952,12854.477,12836.370329119485
2021-02-23 09:00:00,13050.0,13037.561649544103,12922.635,12988.311103676895
2021-02-23 10:00:00,12995.0,13010.956592095767,12893.323,12960.546252892937
2021-02-23 11:00:00,12877.0,12995.488129764646,12853.943,12934.830616811443
2021-02-23 12:00:00,12757.0,12792.373115738554,12700.25,12752.895034657067
2021-02-23 13:00:00,12584.0,12732.994063295895,12697.179,12717.645675349577
2021-02-23 14:00:00,12555.0,12676.195263465333,12629.411,12656.146226504654
2021-02-23 15:00:00,12667.0,12751.777951701719,12718.22,12737.39706924992
2021-02-23 16:00:00,12921.0,12909.616995146336,12861.047,12888.802842949368
2021-02-23 17:00:00,12921.0,12988.169691150859,13081.683,13028.243123824792
2021-02-23 18:00:00,12628.0,12762.28839108418,12825.488,12789.371662014843
2021-02-23 19:00:00,12094.0,12185.227037196648,12164.795,12176.470891856148
2021-02-23 20:00:00,12049.0,12275.696209384061,12181.204,12235.202935891319
2021-02-23 21:00:00,11782.0,12012.017850622873,11958.714,11989.175199147106
2021-02-23 22:00:00,11380.0,11761.961415467918,11706.183,11738.057869252982
2021-02-23 23:00:00,12215.5,11620.750934198371,11471.617,11556.841721350629
2021-02-24 00:00:00,12184.5,12316.522067431466,12325.438,12320.342988380042
2021-02-24 01:00:00,12124.0,12302.631973954412,12313.962,12307.48734008596
2021-02-24 02:00:00,12090.0,12178.679987432444,12227.471,12199.588379492649
2021-02-24 03:00:00,11322.0,12027.219372069569,11961.657,11999.123542199057
2021-02-24 04:00:00,11979.0,11961.455581517275,11833.628,11906.676710848446
2021-02-24 05:00:00,12086.0,12353.368923745422,12265.283,12315.620808246724
2021-02-24 06:00:00,12154.0,12288.015528717719,12300.391,12293.318659153148
2021-02-24 07:00:00,12277.0,12223.103096361008,12190.675,12209.206004070918
2021-02-24 08:00:00,12315.0,12288.2111453909,12310.547,12297.7824976965
2021-02-24 09:00:00,12484.0,12357.19742896393,12298.28,12331.94928371782
2021-02-24 10:00:00,12417.0,12387.181144754035,12420.002,12401.24598818218
2021-02-24 11:00:00,12215.0,12350.84547662898,12365.659,12357.193399106292
2021-02-24 12:00:00,12068.0,12200.367497007745,12142.295,12175.481020107913
2021-02-24 13:00:00,12007.0,12052.049709032166,12048.822,12050.6666857129
2021-02-24 14:00:00,11868.0,12070.183359381364,12073.841,12071.750593948533
2021-02-24 15:00:00,11984.0,12159.849040046605,12113.76,12140.098179046781
2021-02-24 16:00:00,12209.0,12244.588726044818,12224.329,12235.906617568024
2021-02-24 17:00:00,12121.0,12386.704646098731,12351.458,12371.600151501449
2021-02-24 18:00:00,11828.0,12042.156988956078,12035.771,12039.42058518203
2021-02-24 19:00:00,11232.0,11422.430395355168,11469.134,11442.444345956425
2021-02-24 20:00:00,11188.0,11499.566430227384,11617.672,11550.178572520595
2021-02-24 21:00:00,10897.0,11263.400201832987,11384.59,11315.334436126675
2021-02-24 22:00:00,11146.0,11269.908912007297,11286.847,11277.167206787912
2021-02-24 23:00:00,11112.0,11453.78788768063,11495.472,11471.650625099755
2021-02-25 00:00:00,11105.5,11423.094297980779,11475.593,11445.591808390447
2021-02-25 01:00:00,11067.0,11385.727234858314,11462.403,11418.58555704727
2021-02-25 02:00:00,11020.5,11265.491136674338,11229.493,11250.06448503493
2021-02-25 03:00:00,11005.5,11192.830668139026,11191.202,11192.132509571511
2021-02-25 04:00:00,10837.0,11423.85595650729,11365.728,11398.945525365443
2021-02-25 05:00:00,11002.0,11348.607527553855,11390.882,11366.723590179445
2021-02-25 06:00:00,11032.0,11281.805351909843,11343.364,11308.185312916237
2021-02-25 07:00:00,11115.0,11208.864453888393,11193.289,11202.189761962818
2021-02-25 08:00:00,11109.0,11267.444338370795,11250.475,11260.171879184374
2021-02-25 09:00:00,11177.0,11266.195816991272,11240.646,11255.246969175609
2021-02-25 10:00:00,11102.0,11252.38092128387,11255.358,11253.656949901935
2021-02-25 11:00:00,11009.0,11183.78914838694,11133.638,11162.297155247446
2021-02-25 12:00:00,10916.0,11086.244513275868,11039.8,11066.341079305865
2021-02-25 13:00:00,10907.0,11105.790559652061,11080.178,11094.814151376324
2021-02-25 14:00:00,10861.0,11155.345597572139,11097.371,11130.501204109674
2021-02-25 15:00:00,11010.0,11259.326576239513,11194.092,11231.370766154025
2021-02-25 16:00:00,11318.0,11296.210406894976,11277.261,11288.089637377285
2021-02-25 17:00:00,11372.0,11471.419765368197,11452.596,11463.353062079728
2021-02-25 18:00:00,10981.0,11410.677239194512,11338.265,11379.645816549739
2021-02-25 19:00:00,10512.0,10789.421456647595,10742.912,10769.490526083671
2021-02-25 20:00:00,10614.0,10865.328419417428,10937.015,10896.04826187592
2021-02-25 21:00:00,10375.0,10688.18237389652,10693.9375,10690.648306322018
2021-02-25 22:00:00,9941.0,10726.619299103206,10679.677,10706.502761057065
2021-02-25 23:00:00,10822.0,10554.842469195963,10649.719,10595.500217082066
2021-02-26 00:00:00,10743.0,10967.197299538942,10935.326,10953.539450261493
2021-02-26 01:00:00,10666.0,10954.148236008214,10951.174,10952.873404144728
2021-02-26 02:00:00,10632.5,10861.977480881122,10864.574,10863.090354517546
2021-02-26 03:00:00,9854.0,10712.677117161707,10645.079,10683.70865470762
2021-02-26 04:00:00,10540.0,10368.363770499303,10437.28,10397.896874962204
2021-02-26 05:00:00,10681.0,11080.35053418581,11050.281,11067.464585406717
2021-02-26 06:00:00,10805.0,11057.90361710257,11079.561,11067.184357941102
2021-02-26 07:00:00,10918.0,10981.430658667603,10983.145,10982.164992768323
2021-02-26 08:00:00,10920.0,10996.980475628572,10978.019,10988.854366134012
2021-02-26 09:00:00,10863.0,10997.87747177557,10995.698,10996.943626725882
2021-02-26 10:00:00,10839.0,10932.836196679218,10902.978,10920.040545863234
2021-02-26 11:00:00,10651.0,10884.18762057834,10850.052,10869.559002850383
2021-02-26 12:00:00,10584.0,10799.365049627311,10779.903,10791.024975958935
2021-02-26 13:00:00,10543.0,10842.367856181414,10840.034,10841.367570858207
2021-02-26 14:00:00,10557.0,10861.79339250905,10845.593,10854.850877413424
2021-02-26 15:00:00,10692.0,11023.7212071414,10979.78,11004.890597331516
2021-02-26 16:00:00,11171.0,11078.67387953458,11134.364,11102.53915354328
2021-02-26 17:00:00,11212.0,11265.662229431398,11280.552,11272.042629371179
2021-02-26 18:00:00,10912.0,11225.604538230164,11139.83,11188.8469271862
2021-02-26 19:00:00,10491.0,10607.266400094357,10603.521,10605.661209703889
2021-02-26 20:00:00,10569.0,10593.048050356707,10620.788,10604.935357795386
2021-02-26 21:00:00,10327.0,10389.023116195931,10366.68,10379.448051338659
2021-02-26 22:00:00,9855.0,10065.704204525426,9982.054,10029.85696656935
2021-02-26 23:00:00,10158.0,9920.470179537891,9966.193,9940.064167088887
2021-02-27 00:00:00,10126.0,10223.99619572428,10247.47,10234.055274722381
2021-02-27 01:00:00,10076.5,10183.712032791405,10163.173,10174.910328021047
2021-02-27 02:00:00,10016.5,10051.929740250276,10057.427,10054.28516956546
2021-02-27 03:00:00,10016.5,9876.582959217085,9835.899,9859.148291029614
2021-02-27 04:00:00,9724.0,10007.486291031875,9999.48,10004.05533531924
2021-02-27 05:00:00,9641.0,9901.013856532049,9878.387,9891.317173324973
2021-02-27 06:00:00,9874.0,9870.886386539003,9858.175,9865.43880688147
2021-02-27 07:00:00,10124.0,10035.413735446977,9989.313,10015.65791305768
2021-02-27 08:00:00,10188.0,10188.519221223813,10151.655,10172.72142493756
2021-02-27 09:00:00,10128.0,10241.566406948092,10218.008,10231.470518452534
2021-02-27 10:00:00,10029.0,10102.606006404576,10090.253,10097.312181907304
2021-02-27 11:00:00,10004.0,9977.250527154622,9964.424,9971.75375476337
2021-02-27 12:00:00,9914.0,10009.699573688438,9998.711,10004.990555427798
2021-02-27 13:00:00,9906.0,10009.919358665486,10013.565,10011.48187714638
2021-02-27 14:00:00,10115.0,10076.094190989694,10074.268,10075.311064748195
2021-02-27 15:00:00,10458.0,10444.506581255582,10574.869,10500.371615800668
2021-02-27 16:00:00,10016.5,10696.486835279096,10763.688,10725.285115040813
2021-02-27 17:00:00,10016.5,10295.493056238283,10432.442,10354.180689269115
2021-02-27 18:00:00,10657.0,10173.817739268114,10210.049,10189.343992385246
2021-02-27 19:00:00,10215.0,10209.454375515406,10303.165,10249.612833009003
2021-02-27 20:00:00,10356.0,10264.201079963532,10294.073,10277.002084523516
2021-02-27 21:00:00,10212.0,10120.886249333755,10142.606,10130.194217900575
2021-02-27 22:00:00,9802.0,9771.874270433775,9849.168,9804.997146658174
2021-02-27 23:00:00,9424.0,9582.234610043877,9538.525,9563.503446360752
2021-02-28 00:00:00,9269.0,9283.025162916978,9349.054,9311.320652537124
2021-02-28 01:00:00,9157.0,9258.251011677778,9319.44,9284.472703043277
2021-02-28 02:00:00,9151.0,9173.494538467938,9245.771,9204.467659526857
2021-02-28 03:00:00,9201.0,9177.438339305245,9268.426,9216.42964917325
2021-02-28 04:00:00,9388.0,9251.427597958389,9286.438,9266.431038101147
2021-02-28 05:00:00,9233.0,9417.720916976205,9399.805,9410.043120559476
2021-02-28 06:00:00,9414.0,9320.04157181717,9487.851,9391.953666276353
2021-02-28 07:00:00,9619.0,9544.859634069893,9509.266,9529.606198503454
2021-02-28 08:00:00,9611.0,9694.509786546532,9695.032,9694.733444070134
2021-02-28 09:00:00,9637.0,9635.679781739316,9623.661,9630.529290683866
2021-02-28 10:00:00,9565.0,9555.206652942541,9596.614,9572.951025480974
2021-02-28 11:00:00,9428.0,9447.9186199026,9481.909,9462.48481591071
2021-02-28 12:00:00,9333.0,9398.566341058058,9424.658,9409.74761693574
2021-02-28 13:00:00,9319.0,9375.823524630743,9406.508,9388.972854382442
2021-02-28 14:00:00,9398.0,9482.300360155885,9527.9375,9501.857330229566
2021-02-28 15:00:00,9648.0,9636.671666947268,9683.697,9656.82365580396
2021-02-28 16:00:00,9556.5,9756.555099398276,9828.787,9787.508914926437
2021-02-28 17:00:00,9565.0,9584.146508331853,9674.878,9623.028155094195
2021-02-28 18:00:00,9588.0,9638.997246877801,9701.786,9665.904592659215
2021-02-28 19:00:00,9739.0,9501.55613754295,9619.318,9552.02121366017
2021-02-28 20:00:00,9957.0,9872.105606502095,9930.16,9896.984179235482
2021-02-28 21:00:00,9845.0,9770.160558057409,9871.966,9813.78784234997
2021-02-28 22:00:00,9565.0,9482.631525081782,9545.546,9509.592477289643
2021-02-28 23:00:00,9269.0,9225.338333264783,9234.485,9229.258063120535
2021-03-01 00:00:00,9117.0,9381.487716293712,9297.745,9345.600845685512
2021-03-01 01:00:00,9037.0,9443.640073860153,9364.902,9409.897937893322
2021-03-01 02:00:00,9137.0,9311.464882140232,9410.011,9353.695224607576
2021-03-01 03:00:00,9548.0,9489.871526943165,9517.803,9501.840957092783
2021-03-01 04:00:00,10305.0,9881.056117457103,9910.475,9893.66303317872
2021-03-01 05:00:00,10563.0,10600.764856752929,10614.403,10606.609390093829
2021-03-01 06:00:00,10795.0,10753.800659607792,10781.951,10765.864037767959
2021-03-01 07:00:00,10915.0,10843.975465341504,10890.685,10863.99182700301
2021-03-01 08:00:00,10849.0,10936.828087526752,11005.176,10966.117663673018
2021-03-01 09:00:00,10755.0,10883.489924546615,10932.005,10904.280412316575
2021-03-01 10:00:00,10762.0,10775.723368441928,10777.28,10776.390597861624
2021-03-01 11:00:00,10629.0,10754.853392152398,10733.528,10745.714659286747
2021-03-01 12:00:00,10518.0,10630.555411174399,10566.367,10603.048151318933
2021-03-01 13:00:00,10408.0,10615.684840634336,10523.608,10576.226434585391
2021-03-01 14:00:00,10299.0,10509.624997889727,10509.41,10509.532647413502
2021-03-01 15:00:00,10366.0,10540.889475752223,10473.877,10512.172100323929
2021-03-01 16:00:00,10819.0,10706.404700875148,10714.582,10709.90886656511
2021-03-01 17:00:00,10907.0,11044.210807227759,10997.874,11024.353559373012
2021-03-01 18:00:00,10696.0,10881.243168527417,10874.931,10878.537977470103
2021-03-01 19:00:00,10239.0,10480.70049763341,10477.434,10479.300230196237
2021-03-01 20:00:00,10263.0,10362.213964411374,10357.7,10360.27945874376
2021-03-01 21:00:00,10105.0,10203.96237903456,10101.037,10159.855217600216
2021-03-01 22:00:00,9687.0,10152.951635373896,10098.301,10129.531594867418
2021-03-01 23:00:00,10387.0,9804.049792971775,9807.578,9805.56152509858
2021-03-02 00:00:00,10377.0,10515.477312156247,10515.289,10515.396561861184
2021-03-02 01:00:00,10339.0,10548.533127064677,10554.897,10551.26038185961
2021-03-02 02:00:00,10305.5,10553.682772672124,10601.806,10574.305266442883
2021-03-02 03:00:00,9524.0,10281.629150929784,10265.282,10274.623697960182
2021-03-02 04:00:00,10312.0,10176.963500542208,10298.704,10229.133867205146
2021-03-02 05:00:00,10536.0,10726.952747369298,10747.004,10735.545365306163
2021-03-02 06:00:00,10707.0,10883.673010485214,10859.953,10873.50808609794
2021-03-02 07:00:00,10646.0,10910.152454181196,10863.412,10890.12253994317
2021-03-02 08:00:00,10605.0,10791.170339026985,10814.832,10801.310260791364
2021-03-02 09:00:00,10626.0,10776.997470516117,10805.151,10789.062548175216
2021-03-02 10:00:00,10504.0,10718.118341214182,10763.249,10737.458251627442
2021-03-02 11:00:00,10388.0,10624.822624108447,10553.125,10594.097268849871
2021-03-02 12:00:00,10266.0,10497.428505127255,10543.044,10516.976372849727
2021-03-02 13:00:00,10203.0,10440.668844165884,10395.662,10421.381614653405
2021-03-02 14:00:00,10190.0,10347.104163535752,10384.304,10363.045640012899
2021-03-02 15:00:00,10250.0,10443.856155690824,10474.275,10456.892011263177
2021-03-02 16:00:00,10769.0,10637.48767488373,10639.075,10638.167889183107
2021-03-02 17:00:00,10944.0,11031.954256475869,11028.597,11030.51540527482
2021-03-02 18:00:00,10772.0,10971.549141692658,10905.9,10943.416017055568
2021-03-02 19:00:00,10276.0,10461.717119915102,10467.556,10464.219015149807
2021-03-02 20:00:00,10354.0,10232.850068515552,10275.499,10251.126657401734
2021-03-02 21:00:00,10130.0,10114.24854154794,10128.106,10120.187143892825
2021-03-02 22:00:00,10315.0,9947.887903541043,9921.371,9936.524384067285
2021-03-02 23:00:00,10315.0,10369.20804267868,10333.157,10353.758740113175
2021-03-03 00:00:00,10315.0,10417.87571792095,10433.764,10424.684303054364
2021-03-03 01:00:00,10408.0,10376.474001518462,10422.029,10395.995930331635
2021-03-03 02:00:00,10501.5,10455.889859486098,10450.2295,10453.464144614893
2021-03-03 03:00:00,10546.0,10385.339472466838,10334.828,10363.69356983911
2021-03-03 04:00:00,10462.0,10574.85480812636,10508.084,10546.240734826639
2021-03-03 05:00:00,10661.0,10743.92053053107,10700.262,10725.211070031939
2021-03-03 06:00:00,10763.0,10840.17954282255,10779.995,10814.388026038507
2021-03-03 07:00:00,10758.0,10774.384081416245,10715.479,10749.140869392624
2021-03-03 08:00:00,10752.0,10749.448502953388,10733.421,10742.580064685762
2021-03-03 09:00:00,10765.0,10785.572268337397,10793.042,10788.773277858421
2021-03-03 10:00:00,10679.0,10738.66686052398,10731.087,10735.418262752815
2021-03-03 11:00:00,10631.0,10645.780628828683,10581.998,10618.447535885385
2021-03-03 12:00:00,10568.0,10549.715102763535,10551.375,10550.426072043598
2021-03-03 13:00:00,10541.0,10599.86328055759,10577.726,10590.376398890878
2021-03-03 14:00:00,10551.0,10620.0012199214,10551.99,10590.855684869142
2021-03-03 15:00:00,10683.0,10657.17584790783,10607.3545,10635.825208769638
2021-03-03 16:00:00,11098.0,10925.292215149617,10881.408,10906.486272738195
2021-03-03 17:00:00,10599.5,11192.355050180375,11184.701,11189.075066801652
2021-03-03 18:00:00,11014.0,10605.860582462223,10571.135,10590.978930180718
2021-03-03 19:00:00,10506.0,10620.72692337039,10637.715,10628.006725928339
2021-03-03 20:00:00,10524.0,10487.428181454188,10477.883,10483.33772611785
2021-03-03 21:00:00,10371.0,10361.624279288233,10328.599,10347.471283893363
2021-03-03 22:00:00,10002.0,10244.344902019518,10236.113,10240.817115655293
2021-03-03 23:00:00,10599.5,10320.092660637489,10379.259,10345.447446326109
2021-03-04 00:00:00,10625.5,10588.618846353935,10600.8545,10593.862237788808
2021-03-04 01:00:00,10756.0,10575.767163069406,10589.0625,10581.464748970266
2021-03-04 02:00:00,10833.5,10659.530457828016,10696.329,10675.299688325435
2021-03-04 03:00:00,10223.0,10639.275000086222,10646.608,10642.417307399559
2021-03-04 04:00:00,10829.0,10425.291671377308,10373.449,10403.075080794737
2021-03-04 05:00:00,10979.0,11022.716065889652,11024.127,11023.32059046179
2021-03-04 06:00:00,11123.0,11087.626635776916,11081.178,11084.862845273467
2021-03-04 07:00:00,11244.0,11102.887424868994,11065.851,11087.01546776967
2021-03-04 08:00:00,11185.0,11174.681350339608,11161.426,11169.000585462072
2021-03-04 09:00:00,11166.0,11139.49415534386,11111.742,11127.601377016574
2021-03-04 10:00:00,11030.0,11083.541014732886,11086.096,11084.635484402788
2021-03-04 11:00:00,10937.0,10906.128255900072,10883.764,10896.544049462456
2021-03-04 12:00:00,10875.0,10883.550524151848,10858.64,10872.875101364585
2021-03-04 13:00:00,10838.0,10860.078036549041,10848.111,10854.949715888635
2021-03-04 14:00:00,10866.0,10861.010852943256,10834.61,10849.697141751978
2021-03-04 15:00:00,11107.0,10953.453977580471,10930.859,10943.771094481905
2021-03-04 16:00:00,11518.0,11280.589582942512,11245.158,11265.405584554872
2021-03-04 17:00:00,11718.0,11486.353210424724,11491.658,11488.626236639706
2021-03-04 18:00:00,11527.0,11518.905749434165,11468.388,11497.256652118649
2021-03-04 19:00:00,11062.0,11017.065028892208,11072.186,11040.685956411882
2021-03-04 20:00:00,11228.0,10990.391299615332,10967.799,10980.709498912527
2021-03-04 21:00:00,11098.0,10916.49496334773,10921.446,10918.616680473659
2021-03-04 22:00:00,10688.0,10809.631810144681,10792.109,10802.122522211137
2021-03-04 23:00:00,10507.0,10731.073628540189,10722.042,10727.203032297548
2021-03-05 00:00:00,10383.0,10654.860629164916,10632.863,10645.433786703514
2021-03-05 01:00:00,10348.0,10551.547539447607,10465.986,10514.881445600317
2021-03-05 02:00:00,10498.0,10453.628432872612,10469.982,10460.636665905007
2021-03-05 03:00:00,10844.0,10364.604209418443,10286.465,10331.118540727432
2021-03-05 04:00:00,11432.0,10810.499701997673,10778.283,10796.693685921498
2021-03-05 05:00:00,11632.0,11558.645242562163,11537.315,11549.504402481041
2021-03-05 06:00:00,11810.0,11631.191279053048,11596.55,11616.346081879658
2021-03-05 07:00:00,11789.0,11667.36341043471,11674.441,11670.396524291784
2021-03-05 08:00:00,11641.0,11651.625348158734,11660.817,11655.564419375132
2021-03-05 09:00:00,11586.0,11528.321492063415,11544.36,11535.194532981968
2021-03-05 10:00:00,11433.0,11421.672207827996,11465.001,11440.240073467887
2021-03-05 11:00:00,11224.0,11314.528484328903,11288.645,11303.43616549766
2021-03-05 12:00:00,11081.0,11176.034279571413,11149.886,11164.828422452076
2021-03-05 13:00:00,10953.0,11045.399460152767,11021.884,11035.321893472115
2021-03-05 14:00:00,11036.0,11031.807758038734,11016.109,11025.080124285121
2021-03-05 15:00:00,11219.0,11119.800946530317,11135.888,11126.69459762962
2021-03-05 16:00:00,11696.0,11436.358994674634,11395.168,11418.706764553743
2021-03-05 17:00:00,11902.0,11737.62452603815,11678.704,11712.374837926185
2021-03-05 18:00:00,11707.0,11727.775788822046,11710.472,11720.360414957187
2021-03-05 19:00:00,11289.0,11194.772673648382,11275.635,11229.424911760212
2021-03-05 20:00:00,11364.0,11298.252129528617,11284.216,11292.236875811774
2021-03-05 21:00:00,11175.0,11084.619036319176,11096.239,11089.598702213658
2021-03-05 22:00:00,10816.0,10672.817626909191,10768.858,10713.974361634784
2021-03-05 23:00:00,10562.0,10493.999667915517,10551.848,10518.789378939744
2021-03-06 00:00:00,10414.0,10467.90790658354,10481.736,10473.833971362395
2021-03-06 01:00:00,10369.0,10342.896758315215,10348.528,10345.309719103287
2021-03-06 02:00:00,10378.0,10266.775274061181,10339.353,10297.87695073579
2021-03-06 03:00:00,10480.0,10251.204028259379,10299.064,10271.713905791381
2021-03-06 04:00:00,10726.0,10316.43543728295,10392.547,10349.05181310268
2021-03-06 05:00:00,10581.0,10600.836928879666,10653.728,10623.502139173823
2021-03-06 06:00:00,10816.0,10739.652622908405,10651.711,10701.966453122332
2021-03-06 07:00:00,10979.0,10857.765011645979,10814.866,10839.381324865364
2021-03-06 08:00:00,11116.0,10947.63468676766,10969.073,10956.82155954067
2021-03-06 09:00:00,11154.0,11037.599969041037,11024.919,11032.165551294249
2021-03-06 10:00:00,11068.0,11002.39226353435,11017.941,11009.05540309317
2021-03-06 11:00:00,10987.0,10882.958683342176,10893.325,10887.401143837064
2021-03-06 12:00:00,10868.0,10865.399226965867,10888.541,10875.316264858242
2021-03-06 13:00:00,10865.0,10847.03526049163,10847.865,10847.390778457522
2021-03-06 14:00:00,10953.0,10951.148700132264,10951.422,10951.265724595247
2021-03-06 15:00:00,11224.0,11061.19084263493,11082.103,11070.152242370661
2021-03-06 16:00:00,10866.5,11254.803746819383,11316.773,11281.359865307742
2021-03-06 17:00:00,11654.0,10897.606378266017,10911.897,10903.730260946215
2021-03-06 18:00:00,11209.0,11410.144498038231,11457.913,11430.614811996453
2021-03-06 19:00:00,10735.0,10881.337997094075,10909.895,10893.575566959304
2021-03-06 20:00:00,10873.0,10883.513009578513,10888.008,10885.439112379061
2021-03-06 21:00:00,10766.0,10719.879757814802,10776.418,10744.108391370864
2021-03-06 22:00:00,10497.0,10279.235146683908,10373.031,10319.429928646754
2021-03-06 23:00:00,10277.0,10113.006269192414,10151.893,10129.670590128584
2021-03-07 00:00:00,10092.0,10064.973174356974,10080.489,10071.622315078883
2021-03-07 01:00:00,10006.0,9954.768233108909,9923.868,9941.526064566024
2021-03-07 02:00:00,10046.0,9966.881862661037,9940.353,9955.51301318462
2021-03-07 03:00:00,10161.0,9931.985185155878,9959.271,9943.67826234158
2021-03-07 04:00:00,10321.0,10128.220118037741,10140.647,10133.545411430976
2021-03-07 05:00:00,10173.0,10300.50912325766,10367.536,10329.232734676843
2021-03-07 06:00:00,10382.0,10309.168786410002,10310.522,10309.74879772512
2021-03-07 07:00:00,10609.0,10538.717708758895,10507.275,10525.243515052189
2021-03-07 08:00:00,10837.0,10673.51089253809,10656.905,10666.394463324443
2021-03-07 09:00:00,10962.0,10818.611653265301,10802.813,10811.841575912407
2021-03-07 10:00:00,10882.0,10889.284444894349,10857.042,10875.467256688262
2021-03-07 11:00:00,10831.0,10754.094404891037,10710.311,10735.331218841919
2021-03-07 12:00:00,10718.0,10703.55471909647,10672.842,10690.3929993594
2021-03-07 13:00:00,10674.0,10704.636174639438,10679.694,10693.947535019455
2021-03-07 14:00:00,10754.0,10752.581231052169,10697.523,10728.987003242206
2021-03-07 15:00:00,10934.0,10900.07870999128,10883.242,10892.863322794503
2021-03-07 16:00:00,11473.0,11005.962454000279,11025.137,11014.179132240552
2021-03-07 17:00:00,10834.0,11396.633717213635,11431.699,11411.660497299235
2021-03-07 18:00:00,11369.0,10824.814064385257,10799.027,10813.763468041914
2021-03-07 19:00:00,11003.0,10906.612536381273,10918.228,10911.589840984092
2021-03-07 20:00:00,11154.0,11072.184185987027,11017.939,11048.937953312541
2021-03-07 21:00:00,11072.0,10934.40494538386,10936.261,10935.200211868943
2021-03-07 22:00:00,10731.0,10594.28173531935,10680.887,10631.395246366701
2021-03-07 23:00:00,10550.0,10438.89700234836,10477.761,10455.551200874212
2021-03-08 00:00:00,10536.0,10563.668902396781,10574.286,10568.218516697001
2021-03-08 01:00:00,10544.0,10601.333974433352,10584.759,10594.231006716722
2021-03-08 02:00:00,10668.0,10614.00967992387,10595.712,10606.168067391869
2021-03-08 03:00:00,11025.0,10756.052224806932,10697.502,10730.961271665828
2021-03-08 04:00:00,11712.0,11315.211014960574,11235.3,11280.96585518594
2021-03-08 05:00:00,11924.0,11987.853643182649,12050.22,12014.579618782198
2021-03-08 06:00:00,12186.0,12014.084537904113,12021.572,12017.29324693184
2021-03-08 07:00:00,12188.0,12144.020027815506,12134.843,12140.087146437822
2021-03-08 08:00:00,11932.0,12094.200315314069,12104.841,12098.760072346606
2021-03-08 09:00:00,11836.0,11840.789384442905,11855.732,11847.193056202366
2021-03-08 10:00:00,11667.0,11712.398837792352,11751.303,11729.070609388098
2021-03-08 11:00:00,11441.0,11567.379215328441,11575.989,11571.068790126272
2021-03-08 12:00:00,11283.0,11398.412294324442,11385.839,11393.024056926784
2021-03-08 13:00:00,11224.0,11283.285103974575,11279.151,11281.513358883973
2021-03-08 14:00:00,11226.0,11326.550478202396,11310.451,11319.651021120584
2021-03-08 15:00:00,11343.0,11364.80233337816,11389.523,11375.396297144442
2021-03-08 16:00:00,11833.0,11556.820406838644,11524.951,11543.163235876062
2021-03-08 17:00:00,12086.0,11874.546641719897,11881.91,11877.701865441355
2021-03-08 18:00:00,12013.0,11877.967727228819,11922.846,11897.199370943421
2021-03-08 19:00:00,11705.0,11544.719382341775,11590.481,11564.329974959746
2021-03-08 20:00:00,11902.0,11684.3032255811,11668.714,11677.62241819641
2021-03-08 21:00:00,11716.0,11644.137205291585,11623.525,11635.304263031227
2021-03-08 22:00:00,11378.0,11524.279952173943,11523.852,11524.096366782414
2021-03-08 23:00:00,11092.0,11296.118601260281,11291.387,11294.090884757952
2021-03-09 00:00:00,10971.0,11200.595804138726,11215.263,11206.881035467737
2021-03-09 01:00:00,10943.0,11106.742274373473,11140.942,11121.39806053505
2021-03-09 02:00:00,10997.0,11049.028595912772,11027.401,11039.760557695536
2021-03-09 03:00:00,11342.0,11113.69574681447,11001.687,11065.695445756119
2021-03-09 04:00:00,12020.0,11538.209881149978,11479.1875,11512.916674135999
2021-03-09 05:00:00,12090.0,12160.498434107009,12171.715,12165.304733179823
2021-03-09 06:00:00,12253.0,12080.156932016767,12119.513,12097.022390942435
2021-03-09 07:00:00,12282.0,12099.861445289398,12134.568,12114.734458538609
2021-03-09 08:00:00,12233.0,12094.819306589618,12115.6455,12103.74417427694
2021-03-09 09:00:00,12203.0,12096.28711401503,12056.745,12079.341761508407
2021-03-09 10:00:00,12092.0,12091.86455655508,12052.703,12075.082498351301
2021-03-09 11:00:00,11934.0,11912.22358861231,11903.935,11908.671336818643
2021-03-09 12:00:00,11882.0,11788.536225473112,11787.699,11788.177505043832
2021-03-09 13:00:00,11838.0,11757.22509893803,11787.81,11770.331706626044
2021-03-09 14:00:00,11828.0,11792.234699220196,11797.043,11794.294953542849
2021-03-09 15:00:00,11950.0,11824.51467520478,11827.353,11825.730546738716
2021-03-09 16:00:00,12353.0,12057.21699411937,12023.786,12042.890595925111
2021-03-09 17:00:00,12777.0,12370.011783460803,12393.193,12379.945557689298
2021-03-09 18:00:00,12702.0,12550.958863572638,12537.6455,12545.253505100796
2021-03-09 19:00:00,12352.0,12198.394728098123,12334.898,12256.891252606758
2021-03-09 20:00:00,12457.0,12196.597408556092,12265.566,12226.153212835163
2021-03-09 21:00:00,12405.0,12175.000306509572,12134.463,12157.628154779175
2021-03-09 22:00:00,12073.0,12122.45821433656,12179.999,12147.11643419287
2021-03-09 23:00:00,11919.0,11951.527276631998,12002.601,11973.41369287156
2021-03-10 00:00:00,11801.0,11925.990269626596,11874.943,11904.114662536596
2021-03-10 01:00:00,11878.0,11857.948896230044,11824.735,11843.715397125863
2021-03-10 02:00:00,12046.0,11773.51174833331,11806.49,11787.644301170818
2021-03-10 03:00:00,12345.0,12022.368106446957,11984.666,12006.211084908158
2021-03-10 04:00:00,12975.0,12303.401039881344,12434.875,12359.74226277517
2021-03-10 05:00:00,13123.0,13128.13195142064,13228.814,13171.277697436908
2021-03-10 06:00:00,12428.0,13128.980080432111,13265.204,13187.357098657374
2021-03-10 07:00:00,13242.0,12498.212025536304,12523.768,12509.163353973432
2021-03-10 08:00:00,13066.0,13063.707102593575,13026.794,13047.88850269749
2021-03-10 09:00:00,12912.0,12986.577243945436,12934.871,12964.419036087857
2021-03-10 10:00:00,12655.0,12741.8903540292,12879.765,12800.974208485024
2021-03-10 11:00:00,12451.0,12559.56712331718,12545.204,12553.412067984733
2021-03-10 12:00:00,12224.0,12385.627776621814,12435.437,12406.972553016376
2021-03-10 13:00:00,12208.0,12241.350888586188,12196.399,12222.087562081968
2021-03-10 14:00:00,12192.0,12273.335882935606,12271.31,12272.467377049048
2021-03-10 15:00:00,12229.0,12322.050247638308,12332.385,12326.478703337605
2021-03-10 16:00:00,12706.0,12497.544651567696,12425.75,12466.778067950312
2021-03-10 17:00:00,13145.0,12780.218054012526,12812.411,12794.01380360025
2021-03-10 18:00:00,12949.0,12902.250558965245,12980.282,12935.689874236443
2021-03-10 19:00:00,12467.0,12501.416300504541,12584.718,12537.114108632075
2021-03-10 20:00:00,12517.0,12463.33999899276,12402.076,12437.08585431434
2021-03-10 21:00:00,12330.0,12251.608387573504,12330.804,12285.546514927799
2021-03-10 22:00:00,12030.0,12123.756965387249,12168.213,12142.80784158724
2021-03-10 23:00:00,11731.0,11955.722972316755,11945.96,11951.538918304213
2021-03-11 00:00:00,11608.0,11699.87072328169,11751.841,11722.14171967579
2021-03-11 01:00:00,11631.0,11579.21915293021,11623.295,11598.106853353478
2021-03-11 02:00:00,11705.0,11638.32192807669,11652.732,11644.497158432909
2021-03-11 03:00:00,12075.0,11765.882724229596,11760.689,11763.657151986547
2021-03-11 04:00:00,12650.0,12472.528437788176,12477.064,12474.471964364137
2021-03-11 05:00:00,12724.0,12825.032065790467,12801.039,12814.749834367052
2021-03-11 06:00:00,12872.0,12736.317985266469,12747.786,12741.232186699162
2021-03-11 07:00:00,12877.0,12835.060846743028,12727.435,12788.938923079098
2021-03-11 08:00:00,12777.0,12755.266652054672,12761.513,12757.942979783209
2021-03-11 09:00:00,12796.0,12665.71390043263,12643.71,12656.284441214626
2021-03-11 10:00:00,12652.0,12603.95269999501,12646.371,12622.13031456924
2021-03-11 11:00:00,12419.0,12507.848982190013,12475.306,12493.902943516072
2021-03-11 12:00:00,12236.0,12315.732952585855,12324.757,12319.60004596832
2021-03-11 13:00:00,12123.0,12182.679483081258,12163.098,12174.288007230254
2021-03-11 14:00:00,12059.0,12186.164717416927,12191.224,12188.332425342895
2021-03-11 15:00:00,12016.0,12122.314218707006,12143.748,12131.49947799726
2021-03-11 16:00:00,12209.0,12313.717353852682,12239.926,12282.094689510872
2021-03-11 17:00:00,12557.0,12431.124848824224,12398.776,12417.262013728632
2021-03-11 18:00:00,12350.0,12506.018783043944,12491.43,12499.766719724097
2021-03-11 19:00:00,11819.0,11914.23056660697,11990.466,11946.89979418361
2021-03-11 20:00:00,11916.0,11937.23268228154,11954.044,11944.43675042889
2021-03-11 21:00:00,11636.0,11733.71109880763,11770.435,11749.448516230179
2021-03-11 22:00:00,11247.0,11453.091310486,11522.796,11482.962029409106
2021-03-11 23:00:00,11976.5,11487.944825290366,11493.422,11490.291645599951
2021-03-12 00:00:00,11952.0,11810.422024670623,11843.144,11824.444203101139
2021-03-12 01:00:00,11941.5,11776.48407918759,11801.153,11787.0557699846
2021-03-12 02:00:00,11926.0,11789.089176800975,11792.782,11790.671719126007
2021-03-12 03:00:00,11895.5,11843.030512807414,11839.054,11841.32631801911
2021-03-12 04:00:00,11778.0,12227.115143747826,12166.313,12201.059289041947
2021-03-12 05:00:00,11936.0,12108.986743222647,12105.857,12107.645521055158
2021-03-12 06:00:00,12006.0,12148.010831437194,12148.481,12148.212471062867
2021-03-12 07:00:00,12090.0,12042.287905672063,12026.8,12035.650672726446
2021-03-12 08:00:00,11947.0,12068.2147561646,12068.134,12068.179808550733
2021-03-12 09:00:00,12102.0,11949.862034937316,11940.721,11945.944490125914
2021-03-12 10:00:00,12111.0,12009.831783034539,11984.905,11999.149574421737
2021-03-12 11:00:00,11957.0,12062.805621221796,12029.145,12048.380678287718
2021-03-12 12:00:00,11875.0,11824.54251069415,11806.626,11816.86461776361
2021-03-12 13:00:00,11816.0,11790.33448215297,11790.637,11790.463931917862
2021-03-12 14:00:00,11799.0,11809.333924923212,11816.9,11812.576300209163
2021-03-12 15:00:00,11816.0,11850.610534486046,11868.543,11858.295229737701
2021-03-12 16:00:00,11999.0,12012.196040209254,11973.44,11995.58757484256
2021-03-12 17:00:00,12237.0,12074.843818829697,12078.149,12076.260067188716
2021-03-12 18:00:00,11978.0,12079.222640720152,12045.715,12064.862989413905
2021-03-12 19:00:00,11488.0,11561.33493073538,11560.0205,11560.771441201256
2021-03-12 20:00:00,11495.0,11570.473392428295,11536.414,11555.877526324186
2021-03-12 21:00:00,11171.0,11276.186573057388,11257.262,11268.07643743313
2021-03-12 22:00:00,10743.0,10813.07776922443,10855.356,10831.195765485161
2021-03-12 23:00:00,10500.0,10794.070614426955,10808.846,10800.402232240334
2021-03-13 00:00:00,10285.0,10495.461639518559,10556.689,10521.700037462528
2021-03-13 01:00:00,10739.0,10314.785135268672,10334.489,10323.228843149554
2021-03-13 02:00:00,10691.0,10660.446965147783,10716.482,10684.46015743148
2021-03-13 03:00:00,10207.0,10624.04425909965,10690.416,10652.486934419809
2021-03-13 04:00:00,10295.0,10281.785915420958,10386.144,10326.506740154906
2021-03-13 05:00:00,10202.0,10362.74141440287,10373.643,10367.412908340219
2021-03-13 06:00:00,10449.0,10501.574883475174,10562.194,10527.552419137419
2021-03-13 07:00:00,10647.0,10596.06409702105,10619.955,10606.301984374295
2021-03-13 08:00:00,10770.0,10706.86110345999,10728.054,10715.942633140314
2021-03-13 09:00:00,10771.0,10811.131409767178,10790.069,10802.1054650185
2021-03-13 10:00:00,10735.0,10752.10958788956,10743.649,10748.484078016414
2021-03-13 11:00:00,10634.0,10711.704303959503,10703.22,10708.068254946334
2021-03-13 12:00:00,10546.0,10610.486042429398,10629.173,10618.49379312466
2021-03-13 13:00:00,10550.0,10682.92529823023,10706.237,10692.915076270932
2021-03-13 14:00:00,10716.0,10803.771585494233,10803.711,10803.745298206344
2021-03-13 15:00:00,10991.0,10940.829574443418,10959.254,10948.725167628498
2021-03-13 16:00:00,10592.0,11046.114298957307,11076.409,11059.096608597545
2021-03-13 17:00:00,10592.0,10750.139211939546,10766.472,10757.138353785258
2021-03-13 18:00:00,11151.0,10803.649601412006,10756.927,10783.627248928617
2021-03-13 19:00:00,10637.0,10821.323084527408,10803.552,10813.707465792591
2021-03-13 20:00:00,10709.0,10823.323243181401,10851.183,10835.2621042792
2021-03-13 21:00:00,10516.0,10641.711859205925,10717.241,10674.078926078346
2021-03-13 22:00:00,10154.0,10232.334794899612,10264.618,10246.16911147031
2021-03-13 23:00:00,9825.0,9924.966603713261,9956.293,9938.391032992673
2021-03-14 00:00:00,9602.0,9716.982427902694,9683.092,9702.459036077787
2021-03-14 01:00:00,9566.0,9558.009972707585,9558.622,9558.272258305406
2021-03-14 02:00:00,9555.0,9617.931610326526,9622.197,9619.759419537968
2021-03-14 03:00:00,9654.0,9557.412907212538,9622.539,9585.321682249101
2021-03-14 04:00:00,9693.0,9692.835495539357,9746.805,9715.96317153643
2021-03-14 05:00:00,9602.0,9759.219846828299,9726.692,9745.280743894395
2021-03-14 06:00:00,9802.0,9785.88302878711,9799.919,9791.897658362888
2021-03-14 07:00:00,10048.0,9979.221611477997,9971.983,9976.119415053949
2021-03-14 08:00:00,10178.0,10157.439507054221,10147.117,10153.015682708618
2021-03-14 09:00:00,10273.0,10246.094705996247,10254.303,10249.6119863971
2021-03-14 10:00:00,10258.0,10217.540701707612,10229.284,10222.57322764561
2021-03-14 11:00:00,10154.0,10177.07139920356,10166.593,10172.58078124338
2021-03-14 12:00:00,10091.0,10066.061825953799,10082.913,10073.283013801334
2021-03-14 13:00:00,10096.0,10102.701419019068,10141.874,10119.488288752196
2021-03-14 14:00:00,10133.0,10219.912081462153,10241.001,10228.94938039111
2021-03-14 15:00:00,10274.0,10297.618539010236,10337.908,10314.884094335259
2021-03-14 16:00:00,10595.0,10446.267179363971,10447.338,10446.725877649515
2021-03-14 17:00:00,10143.5,10524.9219165405,10560.315,10540.089217410106
2021-03-14 18:00:00,10605.0,10440.159613660227,10455.117,10446.56912370061
2021-03-14 19:00:00,10167.0,10414.42708593884,10448.897,10429.198887783317
2021-03-14 20:00:00,10405.0,10339.819016571882,10402.248,10366.571898547001
2021-03-14 21:00:00,10321.0,10295.467514051288,10295.745,10295.586503001261
2021-03-14 22:00:00,9982.0,9935.598247350932,9994.558,9960.864577049004
2021-03-14 23:00:00,9759.0,9782.311154856367,9823.892,9800.129900770793
2021-03-15 00:00:00,9650.0,9871.418249456998,9923.703,9893.824290022501
2021-03-15 01:00:00,10481.5,9898.294312821632,9977.508,9932.24010450904
2021-03-15 02:00:00,10576.5,10443.055518984425,10340.519,10399.11465249888
2021-03-15 03:00:00,9999.0,10454.330750693949,10346.2705,10408.022878091004
2021-03-15 04:00:00,10558.0,10537.976371461104,10438.013,10495.138227321168
2021-03-15 05:00:00,10825.0,10916.294313913737,10785.971,10860.445864329382
2021-03-15 06:00:00,11066.0,11013.91361961578,10999.543,11007.755158653068
2021-03-15 07:00:00,11134.0,11073.194995465987,11039.763,11058.868132960208
2021-03-15 08:00:00,11187.0,11085.793066280425,11070.002,11079.02596498095
2021-03-15 09:00:00,11116.0,11114.585272872497,11120.619,11117.171062465815
2021-03-15 10:00:00,11128.0,11015.315783386583,11023.756,11018.932420440851
2021-03-15 11:00:00,10988.0,11046.204383735967,11017.5,11033.90345984195
2021-03-15 12:00:00,10950.0,10960.49894168374,10927.031,10946.156896648568
2021-03-15 13:00:00,10876.0,10977.662509437327,10958.122,10969.288489002045
2021-03-15 14:00:00,10826.0,10937.354408464242,10908.463,10924.973124306478
2021-03-15 15:00:00,10826.0,10910.423205906047,10883.649,10898.9496279159
2021-03-15 16:00:00,10932.0,11053.81434259388,10980.488,11022.39143268672
2021-03-15 17:00:00,11262.0,11104.610178441013,11050.591,11081.460895821207
2021-03-15 18:00:00,11092.0,11139.412872325991,11144.572,11141.623774405998
2021-03-15 19:00:00,10707.0,10741.655702793078,10736.421,10739.412409422752
2021-03-15 20:00:00,10783.0,10736.55800671672,10769.89,10750.841548030774
2021-03-15 21:00:00,10611.0,10573.532063161341,10561.409,10568.336885320521
2021-03-15 22:00:00,10234.0,10555.400202749874,10570.177,10561.732515593725
2021-03-15 23:00:00,10851.0,10525.689004701002,10479.124,10505.73412315951
2021-03-16 00:00:00,10851.0,10750.161686161438,10589.088,10681.135571979703
2021-03-16 01:00:00,10826.0,10791.675868965109,10809.823,10799.452668255384
2021-03-16 02:00:00,10804.5,10742.140034006898,10791.674,10763.366921342473
2021-03-16 03:00:00,10110.0,10653.00904305567,10643.163,10648.789735576867
2021-03-16 04:00:00,10642.0,10545.557228817075,10547.99,10546.599804098743
2021-03-16 05:00:00,10958.0,10908.632457464286,10887.865,10899.73292141237
2021-03-16 06:00:00,11127.0,11105.726474729523,11112.361,11108.569521378411
2021-03-16 07:00:00,11177.0,11099.232651533885,11078.487,11090.342426048835
2021-03-16 08:00:00,11164.0,11109.05308028711,11145.705,11124.75961708091
2021-03-16 09:00:00,11165.0,11102.307929094937,11127.087,11112.92649466523
2021-03-16 10:00:00,11040.0,11077.457100169126,11092.538,11083.919492307652
2021-03-16 11:00:00,10899.0,10917.718562012938,10895.303,10908.11230900176
2021-03-16 12:00:00,10779.0,10831.206904636456,10814.912,10824.223870943359
2021-03-16 13:00:00,10685.0,10789.48624133619,10786.758,10788.317098941
2021-03-16 14:00:00,10692.0,10784.233027769722,10761.415,10774.454728282219
2021-03-16 15:00:00,10777.0,10830.369288132724,10821.757,10826.67830926718
2021-03-16 16:00:00,10952.0,11026.011699849956,10949.093,10993.049139374869
2021-03-16 17:00:00,11394.0,11225.172156808787,11217.253,11221.778547982127
2021-03-16 18:00:00,11226.0,11361.582847869317,11262.39,11319.074545531596
2021-03-16 19:00:00,10747.0,10813.857722748131,10853.667,10830.917359255796
2021-03-16 20:00:00,10770.0,10830.952095690987,10871.3125,10848.247690559965
2021-03-16 21:00:00,10601.0,10641.555119806277,10605.426,10626.072363066258
2021-03-16 22:00:00,10222.0,10610.408707058425,10500.75,10563.415907387161
2021-03-16 23:00:00,10773.5,10625.578343985084,10604.496,10616.543783510284
2021-03-17 00:00:00,10773.5,10761.718567069216,10771.509,10765.913734145117
2021-03-17 01:00:00,10773.5,10751.531919158193,10759.34,10754.877594312435
2021-03-17 02:00:00,10779.0,10758.705952217493,10788.39,10771.426510127643
2021-03-17 03:00:00,10795.0,10796.576500652338,10669.001,10741.905543474886
2021-03-17 04:00:00,10690.0,10847.62703833061,10892.188,10866.723098437102
2021-03-17 05:00:00,10924.0,11105.605070124106,11224.144,11156.40297512545
2021-03-17 06:00:00,11027.0,11071.69257982181,11098.032,11082.979772305873
2021-03-17 07:00:00,11048.0,11121.796582454364,11155.302,11136.154854666758
2021-03-17 08:00:00,11074.0,11073.317046961907,11139.062,11101.490615293642
2021-03-17 09:00:00,11075.0,11071.346225781088,11131.79,11097.248640535643
2021-03-17 10:00:00,11039.0,11024.150426241593,11041.486,11031.579239697388
2021-03-17 11:00:00,10865.0,10916.443609636723,10938.012,10925.685966521714
2021-03-17 12:00:00,10809.0,10801.392196113255,10783.045,10793.529607315277
2021-03-17 13:00:00,10781.0,10794.432959781698,10775.418,10786.284104023169
2021-03-17 14:00:00,10848.0,10826.916850224638,10791.783,10811.86064092387
2021-03-17 15:00:00,10906.0,10887.177894798515,10885.906,10886.632581109152
2021-03-17 16:00:00,11215.0,11120.672054947176,11106.42,11114.564474488388
2021-03-17 17:00:00,10885.5,11385.261424104032,11467.05,11420.31057420416
2021-03-17 18:00:00,11336.0,11013.220618992646,11033.76,11022.022220123246
2021-03-17 19:00:00,10861.0,10865.850650289764,10887.631,10875.184100030736
2021-03-17 20:00:00,10940.0,10850.786674696557,10855.876,10852.967679707417
2021-03-17 21:00:00,10768.0,10698.950917995226,10719.584,10707.792857413842
2021-03-17 22:00:00,10421.0,10596.754741000626,10607.3955,10601.31433788741
2021-03-17 23:00:00,10227.0,10564.29093779401,10620.744,10588.483166825103
2021-03-18 00:00:00,10175.0,10445.156499797213,10449.359,10446.957375905517
2021-03-18 01:00:00,10091.0,10383.802365446792,10409.718,10394.907942928174
2021-03-18 02:00:00,10226.0,10285.0681229544,10337.529,10307.549393700674
2021-03-18 03:00:00,10499.0,10383.903171009799,10310.071,10352.263401176813
2021-03-18 04:00:00,10933.0,10902.63372393298,10913.692,10907.372736062836
2021-03-18 05:00:00,11183.0,11278.501155399086,11357.099,11312.182827850524
2021-03-18 06:00:00,11289.0,11390.005125134388,11412.208,11399.519960708827
2021-03-18 07:00:00,11427.0,11390.868361197201,11373.344,11383.35848333692
2021-03-18 08:00:00,11379.0,11442.275535994395,11481.307,11459.001425378077
2021-03-18 09:00:00,11256.0,11379.12094685094,11437.154,11403.989992979305
2021-03-18 10:00:00,11109.0,11303.44304592518,11261.468,11285.454759201526
2021-03-18 11:00:00,11006.0,11079.135525381429,10998.015,11044.372303169377
2021-03-18 12:00:00,10843.0,10948.154474169807,10895.618,10925.64057165429
2021-03-18 13:00:00,10801.0,10858.192886470706,10818.969,10841.383652152053
2021-03-18 14:00:00,10843.0,10843.221812653937,10872.482,10855.760849134167
2021-03-18 15:00:00,10970.0,10920.010873797042,10926.438,10922.765054642645
2021-03-18 16:00:00,11201.0,11182.77112299784,11154.234,11170.542051190247
2021-03-18 17:00:00,11724.0,11329.291328563648,11341.887,11334.68899637563
2021-03-18 18:00:00,11619.0,11545.429156404449,11507.852,11529.325428583252
2021-03-18 19:00:00,11180.0,11072.4540623254,11152.455,11106.737197283968
2021-03-18 20:00:00,11207.0,11137.13250378003,11132.297,11135.059885138162
2021-03-18 21:00:00,11072.0,10923.533390663051,10941.738,10931.334684605492
2021-03-18 22:00:00,10702.0,10730.757834968892,10756.866,10741.94590768473
2021-03-18 23:00:00,10480.0,10656.226539000298,10687.542,10669.645994757904
2021-03-19 00:00:00,10439.0,10556.179175619196,10564.878,10559.90667395631
2021-03-19 01:00:00,10486.0,10552.206681875812,10490.701,10525.849429943417
2021-03-19 02:00:00,10633.0,10501.231854088957,10493.764,10498.031195097934
2021-03-19 03:00:00,10992.0,10539.569881926505,10493.369,10519.771028140978
2021-03-19 04:00:00,11522.0,10974.041087993868,10980.686,10976.888412915408
2021-03-19 05:00:00,11829.0,11667.458336748852,11646.49,11658.472743858843
2021-03-19 06:00:00,11951.0,11789.590118644745,11785.131,11787.679180443443
2021-03-19 07:00:00,11830.0,11805.594006554486,11833.184,11817.417101220995
2021-03-19 08:00:00,11615.0,11701.199680683785,11706.9375,11703.658494362098
2021-03-19 09:00:00,11496.0,11566.090769181928,11548.372,11558.497529419608
2021-03-19 10:00:00,11308.0,11401.47835085077,11394.656,11398.554516215903
2021-03-19 11:00:00,11188.0,11285.498981765104,11236.197,11264.37128237104
2021-03-19 12:00:00,11079.0,11142.986386336013,11110.243,11128.954480962066
2021-03-19 13:00:00,11094.0,11045.09833222265,11040.398,11043.083891923437
2021-03-19 14:00:00,11185.0,11142.975830057076,11135.694,11139.855186716642
2021-03-19 15:00:00,11290.0,11244.948536252045,11241.153,11243.322211805671
2021-03-19 16:00:00,11437.0,11515.562830408162,11449.624,11487.305280741613
2021-03-19 17:00:00,11944.0,11585.2785479774,11586.578,11585.835200630692
2021-03-19 18:00:00,11736.0,11778.624973652302,11794.899,11785.599036956031
2021-03-19 19:00:00,11367.0,11281.26663018397,11289.283,11284.701671936535
2021-03-19 20:00:00,11461.0,11387.987532832094,11323.788,11360.475379062162
2021-03-19 21:00:00,11273.0,11214.964165471358,11163.378,11192.85765256944
2021-03-19 22:00:00,10910.0,10761.55290195842,10848.13,10798.654023541112
2021-03-19 23:00:00,10637.0,10544.889725380383,10589.351,10563.942471433107
2021-03-20 00:00:00,10430.0,10479.767323259643,10492.869,10485.381701323195
2021-03-20 01:00:00,10352.0,10409.105095802195,10443.942,10424.034030240631
2021-03-20 02:00:00,10853.5,10375.713258095298,10367.657,10372.260900367175
2021-03-20 03:00:00,10373.0,10507.920574770184,10585.437,10541.138710169002
2021-03-20 04:00:00,10348.0,10221.81843852922,10220.726,10221.34982876981
2021-03-20 05:00:00,10385.0,10258.607713105434,10338.071,10292.66066075169
2021-03-20 06:00:00,10657.0,10513.025280320488,10519.542,10515.81758112479
2021-03-20 07:00:00,10829.0,10720.065036517206,10667.766,10697.652747923908
2021-03-20 08:00:00,10926.0,10835.138154726901,10814.018,10826.087135563352
2021-03-20 09:00:00,10946.0,10884.023575764988,10860.352,10873.879319749507
2021-03-20 10:00:00,10878.0,10872.897958731504,10851.942,10863.917433307199
2021-03-20 11:00:00,10805.0,10752.435458897982,10720.619,10738.800672452853
2021-03-20 12:00:00,10735.0,10726.005511834512,10715.489,10721.498683807244
2021-03-20 13:00:00,10705.0,10788.13488000646,10784.428,10786.546310293339
2021-03-20 14:00:00,10811.0,10886.417826660469,10859.543,10874.900866732896
2021-03-20 15:00:00,11053.0,10991.666120491145,10953.673,10975.384301401162
2021-03-20 16:00:00,11336.0,11050.52842615013,11055.061,11052.47068307209
2021-03-20 17:00:00,10681.0,11234.600288387604,11275.496,11252.125364144991
2021-03-20 18:00:00,11081.0,10950.949033476003,10838.521,10902.76978647869
2021-03-20 19:00:00,10490.0,10808.855720496476,10789.776,10800.679503691292
2021-03-20 20:00:00,10590.0,10721.698509248441,10718.846,10720.475866183333
2021-03-20 21:00:00,10334.0,10590.026096159889,10564.771,10579.203538871847
2021-03-20 22:00:00,9886.0,10079.343382314773,10097.506,10087.126354646716
2021-03-20 23:00:00,9587.0,9686.468427340087,9706.275,9694.956461262227
2021-03-21 00:00:00,9398.0,9423.352961492004,9458.658,9438.482330789435
2021-03-21 01:00:00,9326.0,9392.009164262576,9366.393,9381.031436485504
2021-03-21 02:00:00,9329.0,9401.81124011475,9347.071,9378.352934428878
2021-03-21 03:00:00,9389.0,9366.416324679825,9356.567,9362.195617065569
2021-03-21 04:00:00,9344.0,9475.150949929326,9523.5625,9495.896948351809
2021-03-21 05:00:00,9405.0,9471.161705597857,9450.389,9462.259575350874
2021-03-21 06:00:00,9576.0,9635.768258259364,9649.512,9641.657488492394
2021-03-21 07:00:00,9793.0,9767.56440686297,9777.859,9771.976112055054
2021-03-21 08:00:00,9969.0,9929.22103536873,9900.8125,9917.046894193234
2021-03-21 09:00:00,10009.0,9999.459914344721,10023.504,10009.76347697221
2021-03-21 10:00:00,10009.0,9953.773787001874,9959.909,9956.403087548424
2021-03-21 11:00:00,9886.0,9947.304367801451,9935.051,9942.053219458048
2021-03-21 12:00:00,9853.0,9877.368982958988,9845.036,9863.513002145062
2021-03-21 13:00:00,9912.0,9920.279820484435,9886.41,9905.765442457589
2021-03-21 14:00:00,10053.0,10056.579712507642,10033.362,10046.629958353966
2021-03-21 15:00:00,10205.0,10203.791761793202,10220.558,10210.97646609752
2021-03-21 16:00:00,10442.0,10390.45689158632,10401.685,10395.26837800891
2021-03-21 17:00:00,10009.0,10364.392463667396,10441.289,10397.345192038236
2021-03-21 18:00:00,10807.0,10130.366660508862,10148.569,10138.16710134365
2021-03-21 19:00:00,10418.0,10366.34837149049,10438.909,10397.443390452412
2021-03-21 20:00:00,10644.0,10484.694143842491,10542.648,10509.529718318336
2021-03-21 21:00:00,10544.0,10400.566389061887,10394.119,10397.803397944219
2021-03-21 22:00:00,10175.0,10129.296497356454,10111.746,10121.775268871093
2021-03-21 23:00:00,9958.0,9872.025163058515,9913.988,9890.007544692104
2021-03-22 00:00:00,9819.0,9934.57647863939,9961.756,9946.22354475767
2021-03-22 01:00:00,9793.0,9968.902021777587,10023.473,9992.287577296593
2021-03-22 02:00:00,9959.0,9931.280291909454,9968.265,9947.129445581999
2021-03-22 03:00:00,10335.0,10088.517044808968,10118.403,10101.32433308171
2021-03-22 04:00:00,10857.0,10809.629253501476,10692.506,10759.43746743321
2021-03-22 05:00:00,11188.0,11187.542874117185,11186.398,11187.052135261876
2021-03-22 06:00:00,11305.0,11315.840337231986,11326.814,11320.542774964426
2021-03-22 07:00:00,11175.0,11299.262908095729,11295.149,11297.500045606952
2021-03-22 08:00:00,10937.0,11129.709369920854,11139.507,11133.90767984189
2021-03-22 09:00:00,10850.0,10947.526557107805,10947.531,10947.528322089003
2021-03-22 10:00:00,10692.0,10809.591907424243,10791.608,10801.885363799534
2021-03-22 11:00:00,10435.0,10676.908296314516,10671.195,10674.459978552739
2021-03-22 12:00:00,10342.0,10455.329312646769,10457.911,10456.435804819932
2021-03-22 13:00:00,10314.0,10440.21584427597,10431.069,10436.29608165619
2021-03-22 14:00:00,10248.0,10470.366440032345,10435.736,10455.526042532452
2021-03-22 15:00:00,10305.0,10426.116739949603,10387.27,10409.468940537807
2021-03-22 16:00:00,10520.0,10566.31110900573,10532.606,10551.867112849022
2021-03-22 17:00:00,11014.0,10753.82733110676,10724.458,10741.24158423998
2021-03-22 18:00:00,11005.0,10916.093509508217,10901.909,10910.014705718306
2021-03-22 19:00:00,10613.0,10638.944962910677,10677.561,10655.492863401241
2021-03-22 20:00:00,10765.0,10605.864936478785,10648.445,10624.11227771667
2021-03-22 21:00:00,10606.0,10517.857463546292,10544.094,10529.100481181267
2021-03-22 22:00:00,10226.0,10401.302696492612,10494.526,10441.252490977988
2021-03-22 23:00:00,9985.0,10393.426274482365,10410.143,10400.589783266312
2021-03-23 00:00:00,9841.0,10094.357400173441,10092.873,10093.72096423625
2021-03-23 01:00:00,9734.0,9987.942364931132,9988.999,9988.394998346022
2021-03-23 02:00:00,9774.0,9988.131852363826,10015.484,9999.853381127987
2021-03-23 03:00:00,10038.0,9966.550375572306,10039.425,9997.779635145285
2021-03-23 04:00:00,10488.0,10369.168255541033,10334.266,10354.211100877903
2021-03-23 05:00:00,10699.0,10725.260318038025,10779.934,10748.689532072252
2021-03-23 06:00:00,10880.0,10904.57156354344,10909.262,10906.581214624188
2021-03-23 07:00:00,10797.0,10852.3679188974,10851.02,10851.78975986892
2021-03-23 08:00:00,10696.0,10709.45751459218,10720.15,10714.039668230133
2021-03-23 09:00:00,10570.0,10636.512709259903,10656.623,10645.130751579221
2021-03-23 10:00:00,10402.0,10474.704737105849,10474.531,10474.630220371924
2021-03-23 11:00:00,10209.0,10283.120994389346,10245.519,10267.00699356083
2021-03-23 12:00:00,10065.0,10145.291407499626,10137.16,10141.806887308958
2021-03-23 13:00:00,10034.0,10060.310929771771,10070.095,10064.503423260881
2021-03-23 14:00:00,9989.0,10075.139842629995,10067.79,10071.990298999175
2021-03-23 15:00:00,9996.0,10091.779253753302,10091.706,10091.747648010221
2021-03-23 16:00:00,10084.0,10226.373672540903,10227.74,10226.959325777989
2021-03-23 17:00:00,10650.0,10404.110168623118,10328.2705,10371.609788133403
2021-03-23 18:00:00,10516.0,10656.128908712228,10665.116,10659.980339343809
2021-03-23 19:00:00,10039.0,10292.643586268645,10257.213,10277.460036418519
2021-03-23 20:00:00,10053.0,10163.504043447922,10162.683,10163.151753233255
2021-03-23 21:00:00,9854.0,10006.38973010881,10001.538,10004.31052686286
2021-03-23 22:00:00,10046.0,9858.55853343447,9925.982,9887.451995944728
2021-03-23 23:00:00,10046.0,9948.71218177483,9896.177,9926.198553879603
2021-03-24 00:00:00,10046.0,9944.655667718007,9931.9795,9939.22317814825
2021-03-24 01:00:00,10046.0,9910.22733056813,9922.934,9915.672179941368
2021-03-24 02:00:00,10068.5,9884.5118972358,9945.578,9910.680853466149
2021-03-24 03:00:00,10119.0,9985.409151110889,9991.887,9988.184664142183
2021-03-24 04:00:00,10156.5,10272.67828256258,10297.023,10283.111143675218
2021-03-24 05:00:00,10186.0,10334.612881150915,10370.245,10349.882427417366
2021-03-24 06:00:00,10250.0,10383.41725479483,10377.718,10380.974487393258
2021-03-24 07:00:00,10214.0,10287.282978829076,10251.697,10272.032876126998
2021-03-24 08:00:00,10208.0,10222.83935614111,10244.683,10232.199847345124
2021-03-24 09:00:00,10264.0,10197.89624721013,10208.504,10202.441868157868
2021-03-24 10:00:00,10238.0,10155.800638766546,10173.123,10163.22366077386
2021-03-24 11:00:00,10154.0,10124.429542773114,10103.592,10115.499842007668
2021-03-24 12:00:00,10159.0,10028.15256716592,10005.267,10018.344847186776
2021-03-24 13:00:00,10233.0,10014.77710346657,10021.98,10017.863857362903
2021-03-24 14:00:00,10251.0,10163.737929869652,10167.179,10165.2121685671
2021-03-24 15:00:00,10363.0,10192.279983335995,10184.214,10188.823199423981
2021-03-24 16:00:00,10477.0,10405.943043586265,10389.178,10398.758283244308
2021-03-24 17:00:00,10211.0,10499.24649292054,10513.471,10505.34194642596
2021-03-24 18:00:00,10222.0,10275.920919916158,10268.562,10272.766926500388
2021-03-24 19:00:00,10230.0,9979.940059922308,9989.955,9984.231642175015
2021-03-24 20:00:00,10278.0,10062.600964849677,10114.391,10084.794516285081
2021-03-24 21:00:00,10009.0,9974.60312463744,10006.66,9988.340470590152
2021-03-24 22:00:00,9601.0,9814.068816307316,9741.971,9783.171795502476
2021-03-24 23:00:00,9310.0,9693.195516620352,9749.518,9717.33150805072
2021-03-25 00:00:00,10231.5,9588.023540312077,9648.466,9613.925377456784
2021-03-25 01:00:00,10231.5,10137.915528495638,10126.146,10132.872116118695
2021-03-25 02:00:00,10195.5,10126.91956461132,10130.864,10128.609809982408
2021-03-25 03:00:00,9496.0,10095.109246372302,10059.931,10080.033917575478
2021-03-25 04:00:00,10013.0,9967.90094614754,9969.591,9968.625167218219
2021-03-25 05:00:00,10384.0,10261.185682353947,10279.859,10269.188074949374
2021-03-25 06:00:00,10563.0,10464.672119646753,10465.274,10464.930150174448
2021-03-25 07:00:00,10551.0,10524.967456276234,10541.661,10532.121101075683
2021-03-25 08:00:00,10392.0,10496.095544533882,10507.06,10500.793736267515
2021-03-25 09:00:00,10292.0,10344.88230645244,10331.347,10339.081594152336
2021-03-25 10:00:00,10161.0,10219.184185630496,10219.714,10219.41085599679
2021-03-25 11:00:00,9958.0,10054.233021693844,10048.24,10051.664887089844
2021-03-25 12:00:00,9870.0,9969.79443422216,9967.357,9968.750195032955
2021-03-25 13:00:00,9816.0,9942.759484265858,9970.159,9954.500906899004
2021-03-25 14:00:00,9828.0,9946.450458362333,9987.595,9964.082331341206
2021-03-25 15:00:00,9911.0,9957.78878671129,10004.493,9977.802981538654
2021-03-25 16:00:00,10025.0,10142.650584249237,10137.554,10140.466210601924
2021-03-25 17:00:00,10534.0,10152.442780374413,10172.648,10161.101642721398
2021-03-25 18:00:00,10555.0,10428.688292114079,10410.049,10420.70069541956
2021-03-25 19:00:00,10144.0,10341.536609911636,10377.8,10357.076389433598
2021-03-25 20:00:00,10249.0,10199.625291003746,10230.456,10212.837179903097
2021-03-25 21:00:00,10071.0,9999.566348231569,10042.578,10017.998128164225
2021-03-25 22:00:00,9626.0,9849.527516233054,9868.23,9857.54207703735
2021-03-25 23:00:00,9326.0,9566.009466521615,9584.137,9573.777757981577
2021-03-26 00:00:00,9151.0,9504.054696752128,9544.589,9521.424878789017
2021-03-26 01:00:00,9206.0,9475.874576287357,9430.061,9456.241382507742
2021-03-26 02:00:00,9335.0,9449.5577339885,9412.791,9433.801636513273
2021-03-26 03:00:00,9647.0,9580.142887185117,9515.963,9552.639402207544
2021-03-26 04:00:00,10144.0,10018.865033403948,10038.722,10027.374275962791
2021-03-26 05:00:00,10508.0,10403.907859005436,10379.706,10393.536167786222
2021-03-26 06:00:00,10682.0,10643.817548306703,10673.931,10656.722191661574
2021-03-26 07:00:00,10705.0,10618.569601785848,10644.152,10629.532684740998
2021-03-26 08:00:00,10560.0,10582.5176397752,10624.012,10600.299449878125
2021-03-26 09:00:00,10462.0,10497.490459227229,10515.429,10505.177304691857
2021-03-26 10:00:00,10246.0,10316.102030605816,10326.409,10320.518998245148
2021-03-26 11:00:00,10007.0,10094.940274406346,10113.622,10102.946145349899
2021-03-26 12:00:00,9867.0,9926.924966849525,9935.149,9930.449130622123
2021-03-26 13:00:00,9817.0,9865.90164828944,9880.151,9872.008180342926
2021-03-26 14:00:00,9893.0,9904.275065243033,9909.807,9906.64519009427
2021-03-26 15:00:00,9971.0,9979.804074070371,10008.666,9992.172485930118
2021-03-26 16:00:00,10138.0,10118.53346844141,10112.184,10115.81209216093
2021-03-26 17:00:00,10586.0,10331.398503019962,10340.838,10335.44347729637
2021-03-26 18:00:00,10444.0,10482.390139135854,10464.423,10474.690603100607
2021-03-26 19:00:00,9997.0,10265.461222542264,10231.199,10250.778362184376
2021-03-26 20:00:00,10011.0,10105.619078342515,10144.401,10122.238631976556
2021-03-26 21:00:00,9773.0,9890.63641070598,9855.72,9875.672976036421
2021-03-26 22:00:00,9322.0,9541.822759804072,9494.087,9521.366097447717
2021-03-26 23:00:00,9592.0,9298.939084708814,9292.339,9296.110432458667
2021-03-27 00:00:00,9578.0,9533.804912853935,9563.859,9546.684094001645
2021-03-27 01:00:00,9531.0,9488.17371043722,9532.029,9506.967396848413
2021-03-27 02:00:00,9462.5,9460.960671197887,9486.3125,9471.824833307444
2021-03-27 03:00:00,9462.5,9439.02604601887,9438.516,9438.807088459247
2021-03-27 04:00:00,9011.0,9557.909250114399,9539.121,9549.857765439727
2021-03-27 05:00:00,9146.0,9214.26328318891,9115.1,9171.76794493568
2021-03-27 06:00:00,9426.0,9408.25228420469,9359.809,9387.492251245665
2021-03-27 07:00:00,9578.0,9592.403947093839,9538.536,9569.319488592417
2021-03-27 08:00:00,9606.0,9648.92582977014,9619.1875,9636.181929663202
2021-03-27 09:00:00,9578.0,9634.923412590337,9590.086,9615.708869831846
2021-03-27 10:00:00,9484.0,9535.40837382256,9534.385,9534.969553825751
2021-03-27 11:00:00,9441.0,9447.38969043069,9413.913,9433.04363607977
2021-03-27 12:00:00,9374.0,9426.046975852118,9415.592,9421.566539032588
2021-03-27 13:00:00,9352.0,9473.925755236822,9427.888,9454.196550330702
2021-03-27 14:00:00,9501.0,9509.462457425856,9484.835,9498.90852644198
2021-03-27 15:00:00,9775.0,9657.019820796482,9674.556,9664.534399784206
2021-03-27 16:00:00,10087.0,9936.545352265364,9913.366,9926.612355778176
2021-03-27 17:00:00,9462.5,10069.258569817677,10076.13,10072.203097522244
2021-03-27 18:00:00,10098.0,9623.64478745837,9589.045,9608.817259710617
2021-03-27 19:00:00,9563.0,9973.929911089173,9916.84,9949.464542773698
2021-03-27 20:00:00,9635.0,9609.897142772841,9617.972,9613.357468807131
2021-03-27 21:00:00,9506.0,9488.925079746692,9470.2705,9480.930712428453
2021-03-27 22:00:00,9090.0,9139.95939827842,9140.863,9140.346524253371
2021-03-27 23:00:00,8764.0,8924.707705018218,8950.142,8935.60686635347
2021-03-28 00:00:00,9348.0,8774.090832863592,8751.333,8764.338064579479
2021-03-28 01:00:00,9305.0,9212.168967510894,9191.962,9203.509352675006
2021-03-28 02:00:00,8581.0,9229.31180524401,9210.519,9221.258004831252
2021-03-28 03:00:00,8676.0,8706.523772611077,8690.549,8699.677869331732
2021-03-28 04:00:00,9246.5,8772.254633364044,8756.0,8765.288743836569
2021-03-28 05:00:00,8751.0,9298.70042127142,9306.804,9302.17277551663
2021-03-28 06:00:00,9030.0,8995.424406522421,8999.902,8997.343333373665
2021-03-28 07:00:00,9227.0,9190.916232968144,9158.136,9176.86858803116
2021-03-28 08:00:00,9344.0,9333.804565080052,9324.776,9329.935656063859
2021-03-28 09:00:00,9379.0,9367.042470151624,9378.542,9371.97042845071
2021-03-28 10:00:00,9395.0,9334.75426987709,9332.171,9333.647078733817
2021-03-28 11:00:00,9266.0,9323.36854412133,9315.134,9319.839528201708
2021-03-28 12:00:00,9156.0,9227.42987794385,9226.801,9227.16009138808
2021-03-28 13:00:00,9184.0,9162.031326826742,9154.758,9158.91416849375
2021-03-28 14:00:00,9323.0,9345.987106232746,9323.109,9336.182932403153
2021-03-28 15:00:00,9462.0,9511.574974233406,9529.375,9519.202910606364
2021-03-28 16:00:00,9651.0,9629.907249041733,9615.412,9623.69534347995
2021-03-28 17:00:00,9953.0,9644.51636494928,9661.277,9651.698703157172
2021-03-28 18:00:00,9735.0,9953.129258642624,9946.6,9950.331149922831
2021-03-28 19:00:00,9853.0,9780.951114027219,9774.029,9777.98452320095
2021-03-28 20:00:00,9708.0,9799.367000276456,9792.97,9796.625226725948
2021-03-28 21:00:00,9373.0,9462.784113373833,9470.454,9466.070965269795
2021-03-28 22:00:00,9052.0,9150.927412639905,9127.24,9140.776452011318
2021-03-28 23:00:00,8948.0,8896.695153703951,8928.117,8910.16048712451
2021-03-29 00:00:00,8843.0,9090.614125050877,9129.858,9107.431688106855
2021-03-29 01:00:00,8908.0,9102.572322088983,9075.538,9090.987039300619
2021-03-29 02:00:00,9218.0,9151.246516687965,9121.403,9138.45758758095
2021-03-29 03:00:00,9973.0,9559.984545672312,9483.639,9527.267353632957
2021-03-29 04:00:00,10277.0,10270.91617379403,10268.066,10269.694983383182
2021-03-29 05:00:00,10620.0,10476.071022345848,10507.002,10489.326041393799
2021-03-29 06:00:00,10732.0,10651.116723117912,10690.474,10667.982269840802
2021-03-29 07:00:00,10810.0,10623.036344672988,10688.329,10651.016417000967
2021-03-29 08:00:00,10878.0,10684.113192380877,10723.625,10701.045086133287
2021-03-29 09:00:00,10831.0,10771.688347855503,10809.572,10787.922622048667
2021-03-29 10:00:00,10695.0,10647.208639808388,10676.215,10659.638591843615
2021-03-29 11:00:00,10574.0,10552.043533449216,10560.943,10555.857270813478
2021-03-29 12:00:00,10511.0,10453.035456020862,10465.832,10458.518992764806
2021-03-29 13:00:00,10435.0,10442.088271919542,10425.878,10435.141496081153
2021-03-29 14:00:00,10452.0,10433.721242966833,10415.582,10425.947936194509
2021-03-29 15:00:00,10455.0,10457.067213675495,10474.447,10464.514889088034
2021-03-29 16:00:00,10513.0,10560.18493274804,10511.594,10539.361833025356
2021-03-29 17:00:00,10674.0,10623.341888640532,10611.884,10618.431746840746
2021-03-29 18:00:00,10268.0,10538.153139965247,10503.991,10523.513169826436
2021-03-29 19:00:00,10279.0,10224.404706236735,10170.601,10201.34731726404
2021-03-29 20:00:00,10113.0,10220.462967111587,10193.471,10208.895539013742
2021-03-29 21:00:00,9659.0,9971.509464741946,9903.898,9942.535447924332
2021-03-29 22:00:00,10392.5,9955.302862682038,10019.255,9982.708538905357
2021-03-29 23:00:00,10314.5,10388.189468791392,10322.368,10359.982394576007
2021-03-30 00:00:00,10273.5,10243.55277896243,10268.12,10254.08075494217
2021-03-30 01:00:00,10237.0,10181.701295319777,10213.618,10195.378941002728
2021-03-30 02:00:00,10183.5,10120.64261742998,10139.545,10128.742979474526
2021-03-30 03:00:00,9916.0,10127.595405008822,10117.325,10123.194270196962
2021-03-30 04:00:00,10206.0,10236.573427577192,10273.66,10252.466334758821
2021-03-30 05:00:00,10465.0,10427.321561919282,10485.939,10452.44114355982
2021-03-30 06:00:00,10509.0,10598.229838430547,10610.81,10603.620680933127
2021-03-30 07:00:00,10463.0,10547.067667533465,10558.851,10552.116773082413
2021-03-30 08:00:00,10440.0,10461.070324723598,10454.892,10458.422149300128
2021-03-30 09:00:00,10350.0,10410.531214972278,10454.963,10429.571661348971
2021-03-30 10:00:00,10161.0,10326.696139720656,10348.412,10336.002342696798
2021-03-30 11:00:00,10021.0,10116.250592623383,10142.543,10127.517766172712
2021-03-30 12:00:00,9934.0,10016.02674864834,10032.101,10022.914897864732
2021-03-30 13:00:00,9901.0,10001.617664036437,10022.968,10010.767059682115
2021-03-30 14:00:00,9936.0,10031.723488290203,10002.636,10019.258056378636
2021-03-30 15:00:00,9987.0,10053.504530141778,10043.143,10049.064010544385
2021-03-30 16:00:00,10093.0,10168.551450367382,10175.254,10171.42336840196
2021-03-30 17:00:00,10352.0,10219.393117273012,10241.033,10228.66648324481
2021-03-30 18:00:00,10144.0,10207.940533363768,10173.856,10193.334153461778
2021-03-30 19:00:00,10107.0,10067.992895954592,10043.138,10057.341627685024
2021-03-30 20:00:00,9894.0,9986.931754005218,10004.655,9994.526943882898
2021-03-30 21:00:00,9443.0,9595.25259073851,9594.469,9594.916378212942
2021-03-30 22:00:00,10004.0,9715.743236936503,9734.067,9723.59561040216
2021-03-30 23:00:00,9966.5,10037.585863096563,10028.665,10033.762973962508
2021-03-31 00:00:00,9941.0,9993.200654259597,10009.95,10000.378433679329
2021-03-31 01:00:00,9941.0,9968.957342722699,9973.078,9970.722999783733
2021-03-31 02:00:00,9270.0,9945.162757965014,9939.8,9942.864524146635
2021-03-31 03:00:00,9946.0,9692.795981741567,9602.405,9654.060219754872
2021-03-31 04:00:00,10230.0,10198.600797376805,10167.981,10185.479258391191
2021-03-31 05:00:00,10372.0,10388.238120827416,10400.859,10393.646427900927
2021-03-31 06:00:00,10473.0,10450.398037071805,10457.856,10453.594323991263
2021-03-31 07:00:00,10332.0,10409.90764468562,10417.548,10413.181622369044
2021-03-31 08:00:00,10179.0,10313.579506459926,10297.298,10306.601882173574
2021-03-31 09:00:00,10031.0,10173.3984129736,10177.68,10175.232780739138
2021-03-31 10:00:00,9837.0,9956.79550885882,9954.274,9955.714851823239
2021-03-31 11:00:00,9690.0,9804.309372467103,9796.644,9801.024318395193
2021-03-31 12:00:00,9659.0,9695.663821053022,9721.658,9706.803088761335
2021-03-31 13:00:00,9682.0,9684.366583520752,9694.597,9688.750451710217
2021-03-31 14:00:00,9760.0,9751.960366053283,9817.641,9780.106825965118
2021-03-31 15:00:00,9873.0,9828.905815493625,9873.256,9847.91133915602
2021-03-31 16:00:00,10076.0,9990.73632393169,10013.496,10000.48969043024
2021-03-31 17:00:00,10318.0,10167.152821516731,10165.138,10166.28914231654
2021-03-31 18:00:00,10123.0,10154.998441890051,10118.952,10139.551367460761
2021-03-31 19:00:00,10108.0,10047.225120286066,10041.214,10044.648897708323
2021-03-31 20:00:00,9869.0,9952.641740931771,9966.177,9958.441711568048
2021-03-31 21:00:00,9476.0,9536.268227427157,9546.158,9540.506338815394
2021-03-31 22:00:00,9871.0,9649.835369277287,9693.014,9668.338905200859
2021-03-31 23:00:00,9883.5,9884.63898550577,9891.598,9887.620667256426
2021-04-01 00:00:00,9883.5,9839.851200185005,9858.67,9847.915737230314
2021-04-01 01:00:00,9883.5,9823.616465212079,9858.251,9838.458493469727
2021-04-01 02:00:00,9433.0,9698.860575483443,9698.859,9698.859897270639
2021-04-01 03:00:00,10003.0,9738.140208584331,9710.415,9726.25891697499
2021-04-01 04:00:00,10233.0,10275.675768620955,10240.02,10260.395874485303
2021-04-01 05:00:00,10472.0,10399.237578193402,10400.463,10399.76278121525
2021-04-01 06:00:00,10498.0,10538.285824156274,10535.626,10537.145634605586
2021-04-01 07:00:00,10334.0,10480.251261799762,10473.068,10477.17290290678
2021-04-01 08:00:00,10087.0,10321.71334449643,10305.107,10314.596752307301
2021-04-01 09:00:00,10052.0,10065.085257992532,10068.442,10066.523769114054
2021-04-01 10:00:00,9894.0,9931.522962764457,9943.924,9936.836970741382
2021-04-01 11:00:00,9781.0,9824.257075917134,9811.599,9818.832391518226
2021-04-01 12:00:00,9724.0,9733.075905230597,9729.6,9731.586044550613
2021-04-01 13:00:00,9708.0,9745.735582978481,9744.139,9745.051055333037
2021-04-01 14:00:00,9766.0,9761.179792208392,9786.868,9772.187890249475
2021-04-01 15:00:00,9862.0,9845.89275763195,9857.77,9850.982035503737
2021-04-01 16:00:00,9983.0,9963.137315059368,9971.68,9966.79794610317
2021-04-01 17:00:00,10224.0,10139.847227780649,10145.241,10142.15862867776
2021-04-01 18:00:00,10049.0,10133.575055337453,10088.631,10114.31454628905
2021-04-01 19:00:00,10077.0,10040.766283311696,10023.7,10033.452537909947
2021-04-01 20:00:00,9934.0,9996.447554490956,9998.445,9997.303742426726
2021-04-01 21:00:00,9478.0,9543.306030254604,9593.966,9565.015489981535
2021-04-01 22:00:00,9097.0,9546.1608288615,9570.93,9556.774832484356
2021-04-01 23:00:00,9638.0,9362.05193111214,9349.691,9356.754992832623
2021-04-02 00:00:00,9569.5,9690.113568861198,9675.953,9684.045385472982
2021-04-02 01:00:00,9518.0,9620.901616112582,9607.194,9615.02746981669
2021-04-02 02:00:00,9048.0,9535.784540632121,9480.87,9512.251658048026
2021-04-02 03:00:00,9187.0,9464.297722014739,9287.963,9388.731591452317
2021-04-02 04:00:00,9189.0,9706.462769575459,9669.387,9690.57438986742
2021-04-02 05:00:00,9424.0,9646.68862768023,9610.383,9631.130013131049
2021-04-02 06:00:00,9588.0,9694.504592335468,9693.946,9694.265143737555
2021-04-02 07:00:00,9692.0,9665.856784554542,9696.256,9678.88371722681
2021-04-02 08:00:00,9688.0,9742.164099183472,9756.266,9748.206860532971
2021-04-02 09:00:00,9551.0,9707.206650882545,9731.048,9717.423318906553
2021-04-02 10:00:00,9359.0,9518.109379549967,9515.429,9516.960521350027
2021-04-02 11:00:00,9367.0,9365.65574773135,9328.535,9349.748035750921
2021-04-02 12:00:00,9485.0,9363.21060954899,9361.568,9362.506734719263
2021-04-02 13:00:00,9501.0,9452.778185605823,9451.656,9452.297280065472
2021-04-02 14:00:00,9549.0,9555.240934496265,9587.672,9569.138584882987
2021-04-02 15:00:00,9644.0,9589.13252443957,9623.799,9603.988320475606
2021-04-02 16:00:00,9797.0,9718.996065020114,9738.722,9727.449111387446
2021-04-02 17:00:00,9963.0,9838.1803823155,9864.804,9849.589343998798
2021-04-02 18:00:00,9892.0,9838.130509109655,9820.456,9830.556448757563
2021-04-02 19:00:00,9989.0,9823.833482875247,9809.792,9817.81590955106
2021-04-02 20:00:00,9824.0,9795.974818256542,9834.857,9812.63740257144
2021-04-02 21:00:00,9453.0,9397.211941137406,9353.017,9378.272455125938
2021-04-02 22:00:00,9132.0,9117.711009734403,9050.691,9088.990539590246
2021-04-02 23:00:00,8930.0,9080.791545476837,9062.65,9073.017174209484
2021-04-03 00:00:00,8888.0,8948.047412538046,8948.004,8948.028638501535
2021-04-03 01:00:00,8961.0,8913.227637661055,8913.413,8913.30692648996
2021-04-03 02:00:00,9058.0,8893.690327685168,8919.184,8904.614969999086
2021-04-03 03:00:00,9142.0,8994.105300208634,9058.584,9021.736729239045
2021-04-03 04:00:00,9174.0,9127.821969076138,9103.459,9117.381375397263
2021-04-03 05:00:00,9410.0,9176.945633236166,9164.353,9171.548964611822
2021-04-03 06:00:00,9563.0,9504.34930609117,9510.23,9506.86960442046
2021-04-03 07:00:00,9588.0,9569.911441780074,9542.487,9558.158961076355
2021-04-03 08:00:00,9519.0,9548.741596202044,9561.143,9554.055798814123
2021-04-03 09:00:00,9377.0,9490.104186875331,9482.71,9486.935339501526
2021-04-03 10:00:00,9264.0,9295.659741256115,9286.618,9291.784991801991
2021-04-03 11:00:00,9256.0,9205.61269740538,9196.522,9201.71703020862
2021-04-03 12:00:00,9254.0,9231.391458130045,9243.659,9236.648598702868
2021-04-03 13:00:00,9392.0,9290.74243896991,9285.178,9288.357746195921
2021-04-03 14:00:00,9605.0,9471.897898989513,9492.67,9480.799423527993
2021-04-03 15:00:00,9843.0,9640.477318189949,9654.92,9646.666414815152
2021-04-03 16:00:00,9968.0,9852.664915307556,9842.169,9848.16701691654
2021-04-03 17:00:00,10026.0,9898.912127245347,9901.705,9900.108787817917
2021-04-03 18:00:00,9899.0,9794.576026720857,9783.118,9789.665681173734
2021-04-03 19:00:00,9928.0,9838.935056338098,9821.757,9831.573346929443
2021-04-03 20:00:00,9741.0,9751.516499135028,9767.491,9758.361961345363
2021-04-03 21:00:00,9371.0,9400.435446264035,9361.629,9383.805244037463
2021-04-03 22:00:00,9030.0,9046.703110163124,9051.051,9048.566179168061
2021-04-03 23:00:00,8834.0,8751.326426087235,8750.4,8750.929381901438
2021-04-04 00:00:00,8741.0,8721.325445381837,8678.551,8702.99488148301
2021-04-04 01:00:00,8733.0,8727.784854178686,8689.738,8711.480386416359
2021-04-04 02:00:00,8791.0,8663.690925859612,8642.922,8654.790554529887
2021-04-04 03:00:00,8810.0,8741.649730700063,8742.011,8741.804290159744
2021-04-04 04:00:00,8765.0,8905.322528468636,8914.814,8909.39003213591
2021-04-04 05:00:00,8960.0,8837.775466881192,8850.742,8843.332085705078
2021-04-04 06:00:00,9136.0,9101.589248375809,9095.388,9098.93159634572
2021-04-04 07:00:00,9177.0,9245.71615984682,9238.783,9242.74504132425
2021-04-04 08:00:00,9183.0,9283.8052134724,9248.337,9268.605534179707
2021-04-04 09:00:00,9122.0,9211.434063677474,9195.555,9204.62917698005
2021-04-04 10:00:00,9010.0,9101.474470625939,9070.033,9088.000526551046
2021-04-04 11:00:00,8929.0,8917.291892418109,8931.889,8923.546979654158
2021-04-04 12:00:00,8849.0,8883.602208082955,8890.863,8886.713748766448
2021-04-04 13:00:00,8876.0,8874.634609275427,8903.911,8887.180647319652
2021-04-04 14:00:00,9036.0,8990.128104165507,9012.484,8999.708536315373
2021-04-04 15:00:00,9139.0,9173.925339864787,9209.411,9189.13230377355
2021-04-04 16:00:00,9262.0,9277.576019588205,9284.543,9280.5614030879
2021-04-04 17:00:00,9458.0,9341.422410131503,9354.2295,9346.91055745432
2021-04-04 18:00:00,9409.0,9470.07078191986,9482.826,9475.53678720165
2021-04-04 19:00:00,9538.0,9560.438031835381,9593.174,9574.466445767463
2021-04-04 20:00:00,9472.0,9598.578726909936,9560.401,9582.218022084697
2021-04-04 21:00:00,9094.0,9214.27424610623,9143.232,9183.830118044414
2021-04-04 22:00:00,8789.0,8836.836819886992,8849.889,8842.429960679954
2021-04-04 23:00:00,8589.0,8649.61337025538,8658.655,8653.487934747995
2021-04-05 00:00:00,8498.0,8677.537355051945,8719.389,8695.472080363063
2021-04-05 01:00:00,8594.0,8651.195300844412,8661.2705,8655.512799733326
2021-04-05 02:00:00,8807.0,8764.933143694749,8771.917,8767.92582564285
2021-04-05 03:00:00,8919.0,9116.172188713454,9060.243,9092.204421471837
2021-04-05 04:00:00,8928.0,9294.596986122084,9314.235,9303.012627115535
2021-04-05 05:00:00,9172.0,9227.834247260656,9264.629,9243.602111138141
2021-04-05 06:00:00,9418.0,9377.258313710792,9394.978,9384.851621667322
2021-04-05 07:00:00,9616.0,9449.476692013157,9475.607,9460.674513446547
2021-04-05 08:00:00,9724.0,9618.785375476691,9575.378,9600.18335019896
2021-04-05 09:00:00,9761.0,9689.911102180633,9748.467,9715.004390213868
2021-04-05 10:00:00,9702.0,9686.144383046807,9701.1,9692.553020101568
2021-04-05 11:00:00,9683.0,9599.282962456718,9615.406,9606.192244243028
2021-04-05 12:00:00,9680.0,9611.87056860974,9614.268,9612.897807030655
2021-04-05 13:00:00,9793.0,9617.600658257432,9624.327,9620.482890211504
2021-04-05 14:00:00,9904.0,9755.989576976257,9774.941,9764.111032549506
2021-04-05 15:00:00,9998.0,9867.046513048243,9889.406,9876.628248921766
2021-04-05 16:00:00,10158.0,10010.98228539908,10029.869,10019.075628958199
2021-04-05 17:00:00,10181.0,10103.219921194559,10093.459,10099.03703515587
2021-04-05 18:00:00,9975.0,9956.674178723359,10007.115,9978.29004734588
2021-04-05 19:00:00,10091.0,9842.275609942315,9861.23,9850.39836655459
2021-04-05 20:00:00,10014.0,9890.866888678298,9900.371,9894.9394513788
2021-04-05 21:00:00,9623.0,9661.95892310538,9662.486,9662.18504080458
2021-04-05 22:00:00,9409.0,9540.942751732742,9534.14,9538.027267574966
2021-04-05 23:00:00,9228.0,9367.170961142407,9316.829,9345.597567282042
2021-04-06 00:00:00,9169.0,9266.480853195391,9298.759,9280.312962993019
2021-04-06 01:00:00,9328.0,9246.318232262567,9212.699,9231.911125136674
2021-04-06 02:00:00,9603.0,9319.46956808695,9316.148,9318.046220694236
2021-04-06 03:00:00,10099.0,9576.38672686519,9535.869,9559.02341177368
2021-04-06 04:00:00,10429.0,10162.592687961227,10096.3545,10134.207118836066
2021-04-06 05:00:00,10827.0,10442.931731757064,10447.337,10444.819303258517
2021-04-06 06:00:00,10880.0,10724.51110041826,10750.782,10735.769194150926
2021-04-06 07:00:00,10753.0,10694.278521167256,10712.632,10702.143261617286
2021-04-06 08:00:00,10711.0,10562.80439804649,10602.244,10579.705441164078
2021-04-06 09:00:00,10680.0,10568.832441754941,10591.077,10578.365091049793
2021-04-06 10:00:00,10459.0,10466.467566039762,10490.233,10476.651982791254
2021-04-06 11:00:00,10374.0,10300.192245532719,10292.992,10297.106826447436
2021-04-06 12:00:00,10335.0,10204.363773776897,10253.073,10225.237432021197
2021-04-06 13:00:00,10442.0,10241.825285867119,10274.664,10255.897755145459
2021-04-06 14:00:00,10456.0,10391.565354291619,10409.301,10399.165495710302
2021-04-06 15:00:00,10469.0,10435.155815767597,10487.631,10457.643230274325
2021-04-06 16:00:00,10536.0,10547.475281835537,10514.381,10533.293069097672
2021-04-06 17:00:00,10606.0,10579.427644726742,10538.81,10562.02142388187
2021-04-06 18:00:00,10425.0,10362.308233514048,10381.807,10370.66389648854
2021-04-06 19:00:00,10361.0,10270.896032323597,10242.108,10258.559449833236
2021-04-06 20:00:00,10140.0,10166.390951645166,10173.165,10169.293703003088
2021-04-06 21:00:00,9787.0,9876.775990199643,9879.521,9877.952448820504
2021-04-06 22:00:00,10399.5,9758.906077879501,9850.898,9798.327998935409
2021-04-06 23:00:00,10371.0,10252.668985207272,10248.716,10250.974903141878
2021-04-07 00:00:00,10364.5,10265.152574497382,10313.099,10285.699149103119
2021-04-07 01:00:00,10364.5,10255.138499292716,10285.952,10268.343171218487
2021-04-07 02:00:00,10295.0,10214.137062199185,10188.041,10202.953855956173
2021-04-07 03:00:00,10042.0,10182.149486513323,10166.46,10175.425593193635
2021-04-07 04:00:00,10368.0,10324.017122475007,10293.2,10310.81073795825
2021-04-07 05:00:00,10609.0,10584.591273219377,10622.926,10601.019123390499
2021-04-07 06:00:00,10678.0,10737.67157837247,10740.017,10738.676155622677
2021-04-07 07:00:00,10581.0,10643.106195389457,10641.026,10642.214605311774
2021-04-07 08:00:00,10507.0,10579.470786876918,10585.714,10582.146175696389
2021-04-07 09:00:00,10444.0,10509.0276324862,10534.387,10519.89488825174
2021-04-07 10:00:00,10229.0,10301.479762300216,10358.427,10325.883610735542
2021-04-07 11:00:00,10045.0,10147.128223249903,10158.23,10151.88585709158
2021-04-07 12:00:00,9958.0,10025.24694321686,10018.583,10022.3909325192
2021-04-07 13:00:00,9944.0,10011.042079150237,10014.965,10012.72308014638
2021-04-07 14:00:00,10049.0,10064.997314369017,10068.395,10066.453004742621
2021-04-07 15:00:00,10113.0,10134.036732912906,10137.831,10135.662850765633
2021-04-07 16:00:00,10138.0,10273.362966734656,10283.264,10277.605442939192
2021-04-07 17:00:00,10210.0,10264.029418859387,10255.732,10260.473810710231
2021-04-07 18:00:00,10155.0,10162.644909634237,10152.292,10158.208153015246
2021-04-07 19:00:00,10145.0,10125.49970030583,10106.028,10117.155343143779
2021-04-07 20:00:00,10022.0,9995.390986306968,9987.887,9992.175050074304
2021-04-07 21:00:00,9686.0,9711.719264554536,9653.562,9686.79654588954
2021-04-07 22:00:00,10106.0,9842.080304715733,9815.583,9830.725233335308
2021-04-07 23:00:00,10074.0,10096.084490060823,10082.795,10090.3890851769
2021-04-08 00:00:00,10074.0,10082.952792547785,10054.24,10070.648473016627
2021-04-08 01:00:00,10074.0,10090.438298125187,10079.798,10085.878313652312
2021-04-08 02:00:00,10074.0,10040.053775724213,10029.589,10035.569291708409
2021-04-08 03:00:00,10099.0,9971.869738910882,9967.868,9970.154905631609
2021-04-08 04:00:00,10418.0,10318.216490322675,10300.917,10310.803018101647
2021-04-08 05:00:00,9977.5,10576.246299473572,10581.049,10578.303987559084
2021-04-08 06:00:00,10473.0,10195.681741020615,10177.896,10188.060148063803
2021-04-08 07:00:00,10303.0,10457.7343292095,10455.784,10456.898562581493
2021-04-08 08:00:00,10192.0,10306.498257499596,10293.44,10300.902375790432
2021-04-08 09:00:00,10120.0,10202.839424054799,10199.521,10201.417591532409
2021-04-08 10:00:00,9972.0,10019.75171606135,10015.127,10017.769654491953
2021-04-08 11:00:00,9874.0,9881.818172105472,9879.64,9880.884652304096
2021-04-08 12:00:00,9800.0,9831.56523604466,9822.164,9827.536569320291
2021-04-08 13:00:00,9767.0,9794.051159103217,9787.129,9791.084488559325
2021-04-08 14:00:00,9802.0,9866.326988157694,9876.305,9870.602808994863
2021-04-08 15:00:00,9871.0,9888.261122620934,9928.675,9905.579746073223
2021-04-08 16:00:00,9983.0,10009.968162984691,10029.041,10018.141602964308
2021-04-08 17:00:00,10122.0,10085.61067411094,10084.928,10085.317745580707
2021-04-08 18:00:00,10150.0,10039.189211477367,10016.763,10029.578642884298
2021-04-08 19:00:00,10127.0,10060.476754532667,10045.672,10054.13236572407
2021-04-08 20:00:00,9941.0,9982.311927158555,9999.332,9989.605632092202
2021-04-08 21:00:00,9610.0,9587.541958876638,9618.829,9600.94948771592
2021-04-08 22:00:00,9956.5,9618.810803887705,9642.747,9629.068487073007
2021-04-08 23:00:00,9962.0,9876.8075855032,9919.024,9894.898727035212
2021-04-09 00:00:00,10052.5,9967.463524717397,9940.758,9956.019239865032
2021-04-09 01:00:00,10124.5,10010.092869216658,9989.603,10001.311989100885
2021-04-09 02:00:00,9631.0,10032.363109932503,10022.183,10028.000041557754
2021-04-09 03:00:00,10127.0,9816.514576748186,9756.983,9791.00305174145
2021-04-09 04:00:00,10416.0,10338.972565133206,10308.005,10325.701463810428
2021-04-09 05:00:00,10680.0,10478.619395901127,10545.273,10507.18273414332
2021-04-09 06:00:00,10801.0,10697.462272480467,10683.376,10691.425549477735
2021-04-09 07:00:00,10901.0,10677.43936038723,10732.551,10701.05643096421
2021-04-09 08:00:00,10976.0,10762.165872766838,10791.573,10774.7679857763
2021-04-09 09:00:00,10946.0,10826.798917950397,10849.911,10836.703403199714
2021-04-09 10:00:00,10904.0,10750.844551246551,10773.5,10760.55314810837
2021-04-09 11:00:00,10767.0,10674.588902949266,10699.589,10685.302010686642
2021-04-09 12:00:00,10721.0,10583.355299003493,10580.103,10581.961246907325
2021-04-09 13:00:00,10726.0,10595.858507404626,10589.858,10593.287036502998
2021-04-09 14:00:00,10845.0,10691.906316755434,10683.5205,10688.31253604786
2021-04-09 15:00:00,10853.0,10778.80570573432,10777.919,10778.425478199586
2021-04-09 16:00:00,10837.0,10875.767434116024,10822.223,10852.82139351948
2021-04-09 17:00:00,10745.0,10774.620390539178,10769.033,10772.226106711449
2021-04-09 18:00:00,10434.0,10509.588891503643,10495.759,10503.6619162804
2021-04-09 19:00:00,10360.0,10297.8971408459,10258.386,10280.964691796222
2021-04-09 20:00:00,10035.0,10207.618179653877,10246.554,10224.303260438839
2021-04-09 21:00:00,9599.0,9796.218600057342,9719.643,9763.402691501899
2021-04-09 22:00:00,9798.0,9578.786857646875,9650.739,9609.62107280287
2021-04-09 23:00:00,9783.5,9739.935214617233,9665.898,9708.207548723376
2021-04-10 00:00:00,9724.0,9752.688075565087,9690.022,9725.833232165718
2021-04-10 01:00:00,9672.5,9752.836769774922,9676.186,9719.989006240321
2021-04-10 02:00:00,9672.5,9554.56853428179,9545.433,9550.653258575749
2021-04-10 03:00:00,9672.5,9564.55865114797,9564.483,9564.526306866424
2021-04-10 04:00:00,9672.5,9563.990951205644,9647.721,9599.872297303913
2021-04-10 05:00:00,9522.0,9622.197447269416,9612.969,9618.242599223697
2021-04-10 06:00:00,9676.0,9703.80398621611,9710.246,9706.564758209854
2021-04-10 07:00:00,9772.0,9778.828595294237,9739.942,9762.164159630736
2021-04-10 08:00:00,9795.0,9823.79507016872,9806.317,9816.305188565319
2021-04-10 09:00:00,9801.0,9794.577008540065,9793.717,9794.20823443494
2021-04-10 10:00:00,9636.0,9732.274711464455,9740.054,9735.608172134584
2021-04-10 11:00:00,9605.0,9609.715613949193,9586.89,9599.933907516162
2021-04-10 12:00:00,9669.0,9596.285069798001,9567.55,9583.970757638244
2021-04-10 13:00:00,9686.0,9737.490141699973,9706.471,9724.196997878957
2021-04-10 14:00:00,9870.0,9803.236219681945,9805.838,9804.350992300799
2021-04-10 15:00:00,10115.0,9967.19353909309,9965.81,9966.600304534448
2021-04-10 16:00:00,9672.5,10144.449715108458,10135.055,10140.423547193683
2021-04-10 17:00:00,9672.5,9838.239607239164,9800.823,9822.205220122905
2021-04-10 18:00:00,9672.5,9785.383614358223,9720.982,9757.785112875848
2021-04-10 19:00:00,9652.5,9822.041882649257,9785.165,9806.238853002798
2021-04-10 20:00:00,9860.0,9705.272304508331,9639.278,9676.991250664236
2021-04-10 21:00:00,9423.0,9489.155785384739,9513.525,9499.59892920158
2021-04-10 22:00:00,9008.0,9208.35343179249,9207.251,9207.880915751193
2021-04-10 23:00:00,8778.0,8824.345894654565,8837.145,8829.830428746442
2021-04-11 00:00:00,8712.0,8746.69804997629,8747.356,8746.979991160042
2021-04-11 01:00:00,8758.0,8726.913910575398,8685.07,8708.982185773755
2021-04-11 02:00:00,8905.0,8771.913856168048,8787.207,8778.467537310036
2021-04-11 03:00:00,8839.0,8834.06817965754,8879.683,8853.61560648647
2021-04-11 04:00:00,8861.0,8878.6465033874,8886.719,8882.105622043471
2021-04-11 05:00:00,8991.0,8964.459078275178,8942.405,8955.008134289947
2021-04-11 06:00:00,9068.0,9141.258297894272,9136.923,9139.400321234787
2021-04-11 07:00:00,9073.0,9234.587038780208,9210.6045,9224.309472767884
2021-04-11 08:00:00,9008.0,9228.185730237872,9190.336,9211.965568438925
2021-04-11 09:00:00,8954.0,9062.36074083946,9056.062,9059.66115826284
2021-04-11 10:00:00,8834.0,8963.802779121974,8919.057,8944.627223993095
2021-04-11 11:00:00,8756.0,8842.319234173227,8843.448,8842.80294982495
2021-04-11 12:00:00,8730.0,8785.539506846728,8775.961,8781.43451740486
2021-04-11 13:00:00,8715.0,8785.030438101205,8773.536,8780.104540767057
2021-04-11 14:00:00,8816.0,8881.097407375857,8846.255,8866.165891850203
2021-04-11 15:00:00,9017.0,8981.825948673768,9001.972,8990.45903165684
2021-04-11 16:00:00,9168.0,9102.059426121741,9090.471,9097.093107967692
2021-04-11 17:00:00,9264.0,9295.204746542635,9256.532,9278.632156726817
2021-04-11 18:00:00,9260.0,9309.461266828173,9306.8125,9308.32611076752
2021-04-11 19:00:00,9371.0,9428.343146254228,9412.469,9421.54033738855
2021-04-11 20:00:00,9242.0,9443.924145713687,9513.157,9473.592989394096
2021-04-11 21:00:00,8909.0,9063.158067904002,9021.859,9045.460063188068
2021-04-11 22:00:00,8571.0,8718.352209509845,8694.849,8708.279916969135
2021-04-11 23:00:00,8414.0,8474.19191643561,8504.5205,8487.18875454408
2021-04-12 00:00:00,8414.0,8513.523992843564,8554.485,8531.077216333355
2021-04-12 01:00:00,8552.0,8568.125263255872,8581.524,8573.867244343277
2021-04-12 02:00:00,8895.0,8717.194904109474,8682.326,8702.252348394413
2021-04-12 03:00:00,9409.0,9207.195639825779,9150.157,9182.752483184133
2021-04-12 04:00:00,9857.0,9748.211203584126,9705.736,9730.009238843471
2021-04-12 05:00:00,10060.0,10000.184757843974,10067.683,10029.109827382885
2021-04-12 06:00:00,10047.0,10168.43653476237,10105.712,10141.556428812499
2021-04-12 07:00:00,10001.0,10024.654376872038,9968.697,10000.67437287492
2021-04-12 08:00:00,9986.0,9972.339581754883,9974.694,9973.348696572524
2021-04-12 09:00:00,9936.0,9953.510634539443,9972.832,9961.79030321326
2021-04-12 10:00:00,9723.0,9843.845606833494,9854.13,9848.252593509424
2021-04-12 11:00:00,9637.0,9714.97372908937,9701.009,9708.989360952997
2021-04-12 12:00:00,9581.0,9606.185806070087,9588.565,9598.634525068946
2021-04-12 13:00:00,9514.0,9547.590172259157,9558.604,9552.30991158938
2021-04-12 14:00:00,9480.0,9604.689902195596,9591.285,9598.945198152422
2021-04-12 15:00:00,9471.0,9529.437477815292,9542.782,9535.156038320096
2021-04-12 16:00:00,9491.0,9583.452810290471,9579.669,9581.830950827894
2021-04-12 17:00:00,9485.0,9602.367787892563,9563.3125,9585.630890213817
2021-04-12 18:00:00,9418.0,9441.701770008165,9433.163,9438.042465519316
2021-04-12 19:00:00,9423.0,9505.027111246407,9467.748,9489.051622968955
2021-04-12 20:00:00,9265.0,9394.880176951125,9390.875,9393.163814273215
2021-04-12 21:00:00,8851.0,9097.312429564197,9050.003,9077.038576471225
2021-04-12 22:00:00,9482.5,9062.346404505692,9000.656,9035.909801510817
2021-04-12 23:00:00,9482.5,9382.51096714219,9341.592,9364.97539097943
2021-04-13 00:00:00,9475.5,9374.91732502066,9346.102,9362.568519895472
2021-04-13 01:00:00,9468.5,9324.61768413594,9334.906,9329.02651048776
2021-04-13 02:00:00,9444.5,9421.701842238448,9436.124,9427.882038345251
2021-04-13 03:00:00,9172.0,9466.956473524251,9468.506,9467.620355299494
2021-04-13 04:00:00,9562.0,9619.080990004528,9551.365,9590.062244008972
2021-04-13 05:00:00,9854.0,9732.031832679173,9772.655,9749.440567213162
2021-04-13 06:00:00,9942.0,9895.84213457504,9932.288,9911.460356510468
2021-04-13 07:00:00,9936.0,9900.349599778792,9900.854,9900.565504613725
2021-04-13 08:00:00,9880.0,9884.344692782744,9871.812,9878.973485840688
2021-04-13 09:00:00,9809.0,9802.4326403156,9815.24,9807.9210730079
2021-04-13 10:00:00,9611.0,9714.332949086076,9713.061,9713.787729438009
2021-04-13 11:00:00,9466.0,9525.614499044881,9495.433,9512.680330386618
2021-04-13 12:00:00,9397.0,9433.866216113141,9426.019,9430.503210094495
2021-04-13 13:00:00,9379.0,9378.595731499034,9367.423,9373.807557326232
2021-04-13 14:00:00,9397.0,9430.66982532465,9420.613,9426.360183611981
2021-04-13 15:00:00,9471.0,9421.488089117092,9425.216,9423.08532572059
2021-04-13 16:00:00,9632.0,9537.744415648705,9506.259,9524.25153763044
2021-04-13 17:00:00,9625.0,9620.851874832271,9615.888,9618.724630434815
2021-04-13 18:00:00,9600.0,9482.168916092953,9477.407,9480.128162028814
2021-04-13 19:00:00,9574.0,9491.854457889936,9484.8545,9488.85450057587
2021-04-13 20:00:00,9376.0,9368.69914045563,9383.969,9375.242594288731
2021-04-13 21:00:00,9001.0,9128.558209151035,9150.127,9137.801133064644
2021-04-13 22:00:00,9468.5,9101.10892366548,9078.424,9091.38733298034
2021-04-13 23:00:00,9468.5,9414.548191963191,9344.228,9384.41312991938
2021-04-14 00:00:00,9442.5,9468.083326828923,9411.729,9443.933011851543
2021-04-14 01:00:00,9442.5,9438.158027151381,9395.352,9419.81373302413
2021-04-14 02:00:00,8905.0,9393.515453961427,9387.539,9390.954237582653
2021-04-14 03:00:00,9414.0,9177.375698865297,9081.91,9136.465141519217
2021-04-14 04:00:00,9811.0,9692.819686193747,9657.741,9677.787144887105
2021-04-14 05:00:00,10050.0,9932.146951480518,9914.617,9924.634475400884
2021-04-14 06:00:00,9396.0,10078.876772036596,10027.994,10057.071618029993
2021-04-14 07:00:00,10019.0,9514.800359020328,9501.372,9509.045611565505
2021-04-14 08:00:00,9788.0,9903.069552373308,9889.181,9897.117416466943
2021-04-14 09:00:00,9702.0,9715.120156507197,9707.234,9711.740519326513
2021-04-14 10:00:00,9508.0,9572.971599672324,9597.194,9583.351576855952
2021-04-14 11:00:00,9378.0,9412.23905323565,9417.87,9414.652135484292
2021-04-14 12:00:00,9278.0,9327.093015769655,9295.302,9313.469148001948
2021-04-14 13:00:00,9258.0,9275.786374679978,9219.317,9251.58727057273
2021-04-14 14:00:00,9272.0,9302.200869951896,9282.305,9293.674618538686
2021-04-14 15:00:00,9372.0,9329.079437176064,9321.817,9325.967352170468
2021-04-14 16:00:00,9499.0,9479.949194603909,9502.988,9489.822074863387
2021-04-14 17:00:00,9526.0,9557.102460133678,9550.293,9554.184312179586
2021-04-14 18:00:00,9495.0,9474.254797564172,9454.446,9465.765933622224
2021-04-14 19:00:00,9551.0,9528.934513610784,9474.038,9505.409384188213
2021-04-14 20:00:00,9451.0,9367.440052120506,9351.441,9360.583862448846
2021-04-14 21:00:00,9077.0,9139.866828505379,9100.807,9123.128096675717
2021-04-14 22:00:00,9471.5,9183.934905096714,9142.494,9166.175889920863
2021-04-14 23:00:00,9414.5,9406.935303267453,9346.482,9381.028951529628
2021-04-15 00:00:00,9411.5,9424.5717842102,9391.086,9410.221812070042
2021-04-15 01:00:00,9411.5,9422.40348145311,9403.29,9414.212442810523
2021-04-15 02:00:00,9100.0,9346.672562162968,9296.513,9325.177184417384
2021-04-15 03:00:00,9565.0,9272.970901718772,9220.913,9250.662168813815
2021-04-15 04:00:00,9900.0,9766.892550980438,9787.327,9775.649299938577
2021-04-15 05:00:00,9332.5,10005.35917448949,10016.165,10009.98966848815
2021-04-15 06:00:00,9775.0,9503.520011286613,9480.997,9493.86810493111
2021-04-15 07:00:00,9663.0,9806.197854993534,9819.538,9811.914552128774
2021-04-15 08:00:00,9575.0,9675.138607477718,9660.506,9668.867626478146
2021-04-15 09:00:00,9492.0,9538.981723635721,9523.528,9532.359248580575
2021-04-15 10:00:00,9363.0,9429.89064847297,9375.221,9406.462520009078
2021-04-15 11:00:00,9289.0,9298.018247991997,9263.517,9283.232889651445
2021-04-15 12:00:00,9182.0,9262.72414485451,9256.463,9260.04089766651
2021-04-15 13:00:00,9108.0,9195.43807410743,9155.748,9178.429217079898
2021-04-15 14:00:00,9125.0,9188.791756829783,9175.537,9183.111559000485
2021-04-15 15:00:00,9145.0,9202.140008134897,9195.643,9199.35556239113
2021-04-15 16:00:00,9302.0,9276.580234893652,9298.584,9286.009438460325
2021-04-15 17:00:00,9340.0,9387.44711106985,9391.442,9389.159009362062
2021-04-15 18:00:00,9391.0,9312.80654025453,9324.125,9317.656757285604
2021-04-15 19:00:00,9508.0,9481.904152800991,9443.876,9465.607474741713
2021-04-15 20:00:00,9369.0,9392.901306304431,9406.999,9398.94263016537
2021-04-15 21:00:00,9009.0,9105.99444740397,9075.613,9092.974885107506
2021-04-15 22:00:00,8710.0,8966.248794046482,8933.866,8952.371467457018
2021-04-15 23:00:00,8576.0,9004.628336951222,8984.845,8996.150161558764
2021-04-16 00:00:00,8618.0,8745.484874659194,8793.902,8766.233483256015
2021-04-16 01:00:00,8792.0,8736.647540497916,8803.562,8765.322430704044
2021-04-16 02:00:00,9042.0,8852.637065932922,8876.916,8863.041497827344
2021-04-16 03:00:00,9555.0,9158.532397379218,9120.339,9142.164902642042
2021-04-16 04:00:00,9834.0,9726.971185880735,9761.152,9741.618905469924
2021-04-16 05:00:00,9956.0,9909.020472102779,9910.907,9909.828695949187
2021-04-16 06:00:00,9801.0,9997.732880744132,9962.262,9982.531911634898
2021-04-16 07:00:00,9680.0,9749.449042233286,9763.765,9755.583805781956
2021-04-16 08:00:00,9688.0,9673.51592193826,9673.02,9673.303114109873
2021-04-16 09:00:00,9562.0,9634.963297368842,9627.3545,9631.70236564654
2021-04-16 10:00:00,9318.0,9455.290087528654,9438.8125,9448.228833738223
2021-04-16 11:00:00,9103.0,9281.906969757421,9249.749,9268.125982050109
2021-04-16 12:00:00,9059.0,9158.044546037936,9095.771,9131.358037301565
2021-04-16 13:00:00,9017.0,9070.426254849726,9043.24,9058.775919265569
2021-04-16 14:00:00,8999.0,9058.763277802278,9066.484,9062.071892668275
2021-04-16 15:00:00,9105.0,9059.246744702215,9072.451,9064.905305195523
2021-04-16 16:00:00,9203.0,9258.865226985015,9250.927,9255.463108885822
2021-04-16 17:00:00,9155.0,9267.427444827876,9246.94,9258.647850744113
2021-04-16 18:00:00,9125.0,9129.400262288544,9143.693,9135.52525550511
2021-04-16 19:00:00,9234.0,9308.239750932158,9305.062,9306.877570903205
2021-04-16 20:00:00,9041.0,9179.996843704028,9192.891,9185.522111797429
2021-04-16 21:00:00,8698.0,8798.495286221436,8771.646,8786.989393715896
2021-04-16 22:00:00,8698.5,8639.967929521186,8635.062,8637.865323036054
2021-04-16 23:00:00,8690.0,8632.39551019325,8638.6875,8635.091673751114
2021-04-17 00:00:00,8669.0,8671.35913884694,8672.464,8671.832569428545
2021-04-17 01:00:00,8374.0,8612.367297709823,8661.224,8633.303998915031
2021-04-17 02:00:00,8394.0,8430.679473122658,8442.649,8435.808827158202
2021-04-17 03:00:00,8510.0,8459.977518420528,8474.034,8466.001293712752
2021-04-17 04:00:00,8560.0,8536.037764558678,8544.769,8539.77919369367
2021-04-17 05:00:00,8682.0,8574.677077393613,8567.88,8571.764198121704
2021-04-17 06:00:00,8656.0,8742.082918714572,8798.368,8766.203208427241
2021-04-17 07:00:00,8699.0,8727.212003015642,8722.348,8725.127388198052
2021-04-17 08:00:00,8641.0,8791.506573744964,8771.725,8783.029047839984
2021-04-17 09:00:00,8565.0,8691.745904447966,8672.528,8683.510446969743
2021-04-17 10:00:00,8460.0,8567.542768781614,8556.262,8562.70819821653
2021-04-17 11:00:00,8378.0,8509.072112113772,8461.005,8488.47355928307
2021-04-17 12:00:00,8349.0,8474.483078781916,8443.025,8461.002115814208
2021-04-17 13:00:00,8420.0,8431.936674296303,8409.33,8422.248707116938
2021-04-17 14:00:00,8544.0,8583.339230576945,8540.529,8564.993598193967
2021-04-17 15:00:00,8735.0,8645.328101897372,8610.952,8630.596678064167
2021-04-17 16:00:00,8932.0,8813.491267356461,8808.372,8811.29732879116
2021-04-17 17:00:00,8770.0,8895.329301502128,8907.866,8900.701729974338
2021-04-17 18:00:00,8780.0,8720.584891606308,8737.758,8727.943996584378
2021-04-17 19:00:00,8879.0,8974.329968879481,8939.695,8959.487609686814
2021-04-17 20:00:00,8811.0,8848.47619155835,8890.307,8866.401991810246
2021-04-17 21:00:00,8360.0,8476.12535868828,8469.17,8473.144476035934
2021-04-17 22:00:00,8122.0,8155.755233602044,8121.919,8141.255116330167
2021-04-17 23:00:00,7962.0,7996.022094977564,8017.64,8005.2862237369545
2021-04-18 00:00:00,7923.0,7971.722342310553,7972.541,7972.073145178279
2021-04-18 01:00:00,7998.0,7907.375237278905,7925.999,7915.356063716592
2021-04-18 02:00:00,7975.0,7995.923062271732,7997.743,7996.703018845614
2021-04-18 03:00:00,7998.0,8007.265164059956,8069.7915,8034.059858628485
2021-04-18 04:00:00,8121.0,8003.888892282595,8078.051,8035.66999378221
2021-04-18 05:00:00,8187.0,8141.768581320663,8165.067,8151.75273548257
2021-04-18 06:00:00,8266.0,8265.33451823374,8281.065,8272.075614117728
2021-04-18 07:00:00,8302.0,8324.87207556545,8345.148,8333.56106097482
2021-04-18 08:00:00,8271.0,8354.963743966586,8345.015,8350.699973979552
2021-04-18 09:00:00,8177.0,8273.55877149886,8288.909,8280.136801679651
2021-04-18 10:00:00,8065.0,8162.035540468238,8161.879,8161.968349196732
2021-04-18 11:00:00,7974.0,8050.758984707961,8037.697,8045.1613215779835
2021-04-18 12:00:00,7944.0,8024.395406923151,8001.626,8014.637739059246
2021-04-18 13:00:00,7930.0,7998.493723118609,8008.908,8002.956725309514
2021-04-18 14:00:00,8033.0,8015.4363681428085,8005.9165,8011.35659966688
2021-04-18 15:00:00,8194.0,8184.435068435961,8149.688,8169.5444935658525
2021-04-18 16:00:00,8330.0,8358.683736979268,8308.242,8337.067512919228
2021-04-18 17:00:00,8387.0,8396.332769444234,8389.584,8393.440465817654
2021-04-18 18:00:00,8447.0,8478.664050944968,8452.816,8467.58718901237
2021-04-18 19:00:00,8634.0,8724.171333865323,8699.466,8713.58409311423
2021-04-18 20:00:00,8508.0,8688.249879186676,8680.963,8685.127098566572
2021-04-18 21:00:00,8232.0,8199.320246610683,8178.2183,8190.277145918061
2021-04-18 22:00:00,8010.0,7966.447802588881,7970.442,7968.15928076248
2021-04-18 23:00:00,7940.0,7878.459345674193,7874.6777,7876.838771106457
2021-04-19 00:00:00,7934.0,7944.843956279681,7904.166,7927.411862748078
2021-04-19 01:00:00,8044.0,7959.989881068749,7918.423,7942.176823018912
2021-04-19 02:00:00,8284.0,8137.688504893147,8133.293,8135.804666203972
2021-04-19 03:00:00,8843.0,8638.242544909412,8546.696,8599.011409019815
2021-04-19 04:00:00,9252.0,9267.776071755208,9267.78,9267.777742323273
2021-04-19 05:00:00,9439.0,9581.232057089443,9582.675,9581.850445951866
2021-04-19 06:00:00,9380.0,9538.269807683584,9529.476,9534.500998680087
2021-04-19 07:00:00,9314.0,9409.4829538111,9402.288,9406.399635401365
2021-04-19 08:00:00,9236.0,9317.47527440302,9335.407,9325.159728745022
2021-04-19 09:00:00,9154.0,9195.223597788909,9231.985,9210.977306018303
2021-04-19 10:00:00,8980.0,9038.229132048533,9018.253,9029.668435347345
2021-04-19 11:00:00,8887.0,8886.39686458916,8887.094,8886.695314058965
2021-04-19 12:00:00,8790.0,8803.42367244683,8799.805,8801.872680418392
2021-04-19 13:00:00,8703.0,8751.566412511876,8729.677,8742.185665975969
2021-04-19 14:00:00,8729.0,8699.382077922763,8697.651,8698.640353632665
2021-04-19 15:00:00,8687.0,8704.068635648391,8706.025,8704.907172722807
2021-04-19 16:00:00,8808.0,8765.667494709774,8768.673,8766.955343625472
2021-04-19 17:00:00,8756.0,8810.18201719133,8829.9,8818.632043637743
2021-04-19 18:00:00,8774.0,8616.118304960313,8650.436,8630.824515261625
2021-04-19 19:00:00,9030.0,8832.55458770816,8819.117,8826.796054295668
2021-04-19 20:00:00,8822.0,8831.524099787532,8822.222,8827.537490467654
2021-04-19 21:00:00,8401.0,8448.615097180125,8478.958,8461.61794952926
2021-04-19 22:00:00,8130.0,8546.949622293205,8550.125,8548.31033077792
2021-04-19 23:00:00,8012.0,8632.062837759539,8569.069,8605.067823408675
2021-04-20 00:00:00,7994.0,8278.42274373998,8285.8125,8281.589479321883
2021-04-20 01:00:00,8114.0,8331.187248232793,8254.753,8298.432157822523
2021-04-20 02:00:00,8334.0,8390.452435537101,8386.965,8388.957755968764
2021-04-20 03:00:00,8940.0,8571.30373060598,8497.961,8539.873563393649
2021-04-20 04:00:00,9393.0,9172.042495344704,9190.761,9180.063895469668
2021-04-20 05:00:00,9477.0,9506.983463030301,9543.242,9522.521657121713
2021-04-20 06:00:00,9397.0,9460.448797442383,9450.938,9456.373136521703
2021-04-20 07:00:00,9259.0,9327.195276702361,9328.038,9327.556394972304
2021-04-20 08:00:00,9156.0,9245.904891214092,9245.664,9245.801624855025
2021-04-20 09:00:00,9098.0,9131.81430091266,9094.745,9115.92871591922
2021-04-20 10:00:00,8926.0,9026.696002635666,8996.093,9013.581336525487
2021-04-20 11:00:00,8754.0,8858.512623499193,8821.316,8842.572503563042
2021-04-20 12:00:00,8716.0,8735.479437081502,8707.298,8723.40246099
2021-04-20 13:00:00,8679.0,8677.910875459029,8650.722,8666.25926406015
2021-04-20 14:00:00,8728.0,8641.950047456576,8634.355,8638.695296444173
2021-04-20 15:00:00,8700.0,8703.728260714533,8690.904,8698.23268044935
2021-04-20 16:00:00,8822.0,8772.379607403373,8782.495,8776.714409968366
2021-04-20 17:00:00,8799.0,8817.797064544942,8789.835,8805.81408648076
2021-04-20 18:00:00,8782.0,8670.85681815554,8682.472,8675.834085775201
2021-04-20 19:00:00,8918.0,8870.68731239792,8883.313,8876.098007470619
2021-04-20 20:00:00,8713.0,8795.291946501504,8789.77,8792.92515984552
2021-04-20 21:00:00,8258.0,8412.544260598692,8372.633,8395.440578931297
2021-04-20 22:00:00,8768.0,8438.13069625667,8433.159,8436.000033664714
2021-04-20 23:00:00,8768.0,8650.683040876382,8622.249,8638.497893960024
2021-04-21 00:00:00,8769.0,8690.634582313527,8687.349,8689.226441303108
2021-04-21 01:00:00,8769.0,8720.903688853758,8707.595,8715.200152141202
2021-04-21 02:00:00,8769.0,8696.272489361192,8659.5625,8680.540827927121
2021-04-21 03:00:00,8783.0,8654.86642319774,8645.466,8650.837762444107
2021-04-21 04:00:00,9173.0,9013.213478742264,9092.444,9047.166607129224
2021-04-21 05:00:00,9291.0,9377.748435703004,9394.936,9385.11364202349
2021-04-21 06:00:00,9244.0,9363.894658578354,9397.59,9378.334167116194
2021-04-21 07:00:00,9100.0,9272.72498483172,9276.573,9274.373931244161
2021-04-21 08:00:00,9049.0,9176.556966007027,9141.101,9161.362500060848
2021-04-21 09:00:00,8965.0,9056.284128791254,9049.092,9053.201780694057
2021-04-21 10:00:00,8827.0,8894.899115646858,8879.46,8888.282798815235
2021-04-21 11:00:00,8756.0,8766.99388680086,8743.318,8756.847849596144
2021-04-21 12:00:00,8744.0,8730.431360148306,8701.148,8717.88241605799
2021-04-21 13:00:00,8736.0,8709.712668597525,8687.806,8700.324669450083
2021-04-21 14:00:00,8739.0,8731.035135737295,8704.689,8719.74502981215
2021-04-21 15:00:00,8844.0,8739.723897857762,8711.747,8727.734753104638
2021-04-21 16:00:00,9033.0,8881.278110539733,8879.337,8880.446159041234
2021-04-21 17:00:00,9039.0,8977.406917119071,8969.741,8974.121705300407
2021-04-21 18:00:00,8918.0,8864.135291397464,8907.773,8882.835701102727
2021-04-21 19:00:00,9077.0,8962.674754707634,8965.103,8963.715021241649
2021-04-21 20:00:00,8874.0,8948.017763964715,8973.764,8959.050757928082
2021-04-21 21:00:00,8519.0,8507.193986430095,8524.846,8514.758189418191
2021-04-21 22:00:00,8844.0,8686.54466099396,8671.865,8680.253947201258
2021-04-21 23:00:00,8859.0,8774.874419386,8754.737,8766.244839944526
2021-04-22 00:00:00,8896.0,8853.473185634011,8815.159,8837.054221713774
2021-04-22 01:00:00,8975.5,8898.653922016752,8857.827,8881.158025281882
2021-04-22 02:00:00,9036.0,8869.638935018978,8873.239,8871.181759535077
2021-04-22 03:00:00,8844.0,8844.50899341811,8902.098,8869.18761779054
2021-04-22 04:00:00,9157.0,9116.716070568682,9122.446,9119.17148002642
2021-04-22 05:00:00,9391.0,9342.708283683458,9352.046,9346.709596064318
2021-04-22 06:00:00,9395.0,9451.762565407253,9456.18,9453.655366892792
2021-04-22 07:00:00,9306.0,9365.681886560309,9380.331,9371.959506337173
2021-04-22 08:00:00,9254.0,9279.058418348008,9291.94,9284.57870568553
2021-04-22 09:00:00,9286.0,9215.188297754432,9229.1045,9221.151781480377
2021-04-22 10:00:00,9157.0,9166.995643620881,9149.557,9159.522333903053
2021-04-22 11:00:00,9115.0,9026.286409881724,9015.801,9021.792825913091
2021-04-22 12:00:00,9059.0,9044.984863967244,9010.417,9030.171178479357
2021-04-22 13:00:00,9066.0,8980.105326920415,8962.389,8972.51286873657
2021-04-22 14:00:00,9124.0,8998.096228022676,9018.586,9006.87677327297
2021-04-22 15:00:00,9150.0,9074.846357721439,9072.983,9074.047939871674
2021-04-22 16:00:00,9213.0,9145.283135323698,9163.151,9152.940114465338
2021-04-22 17:00:00,9208.0,9158.553927686124,9185.55,9170.122518923654
2021-04-22 18:00:00,9099.0,9028.882615733648,9071.27,9047.046970255258
2021-04-22 19:00:00,9255.0,9150.769979348186,9183.801,9164.924765902833
2021-04-22 20:00:00,9144.0,9095.927816114281,9136.603,9113.358404595729
2021-04-22 21:00:00,9147.0,8810.916574875806,8768.102,8792.56866214626
2021-04-22 22:00:00,9147.0,8977.33939612192,8953.797,8967.250355852364
2021-04-22 23:00:00,9147.0,8972.007218523082,8967.293,8969.986903110763
2021-04-23 00:00:00,9179.0,9049.430493084174,9054.0,9051.388694602549
2021-04-23 01:00:00,9210.5,9099.537762155545,9122.279,9109.283172910425
2021-04-23 02:00:00,8629.0,9080.65661658726,9162.756,9115.838993073601
2021-04-23 03:00:00,9277.0,8699.212018598611,8839.797,8759.457721740462
2021-04-23 04:00:00,9776.0,9518.318382444313,9523.58,9520.573122909607
2021-04-23 05:00:00,10066.0,9833.37617913399,9890.997,9858.068527262556
2021-04-23 06:00:00,10216.0,10110.219135453986,10069.999,10092.983118744123
2021-04-23 07:00:00,10308.0,10102.800772578914,10125.099,10112.356100827976
2021-04-23 08:00:00,10325.0,10163.875873573374,10171.062,10166.955060840064
2021-04-23 09:00:00,10310.0,10200.460116933195,10201.999,10201.119428118309
2021-04-23 10:00:00,10198.0,10091.925220189138,10120.391,10104.123542949419
2021-04-23 11:00:00,10066.0,9977.92687436805,10035.967,10002.798953823409
2021-04-23 12:00:00,9920.0,9891.974162529214,9910.514,9899.918897505966
2021-04-23 13:00:00,10019.0,9801.060579502804,9795.319,9798.600369426515
2021-04-23 14:00:00,10120.0,9953.303825440407,9951.877,9952.692138921077
2021-04-23 15:00:00,10046.0,10067.517044229815,10056.346,10062.729363826387
2021-04-23 16:00:00,10102.0,10081.58036962557,10040.605,10064.020921877975
2021-04-23 17:00:00,9896.0,10057.749050536846,10017.384,10040.451024228987
2021-04-23 18:00:00,9642.0,9741.229967104253,9747.254,9743.81122186635
2021-04-23 19:00:00,9730.0,9617.9429335901,9574.5625,9599.35280443076
2021-04-23 20:00:00,9506.0,9624.356538578118,9582.706,9606.507690806058
2021-04-23 21:00:00,9097.0,9293.11836529367,9229.179,9265.717698311037
2021-04-23 22:00:00,9436.0,9193.138628000479,9241.581,9213.897882716132
2021-04-23 23:00:00,9401.0,9330.95029375447,9299.493,9317.469583632996
2021-04-24 00:00:00,9332.0,9190.773213059716,9222.168,9204.226798799427
2021-04-24 01:00:00,9289.5,9118.817164552574,9129.097,9123.222275918697
2021-04-24 02:00:00,9289.5,9010.902401317795,9062.222,9032.894495034247
2021-04-24 03:00:00,9289.5,8996.38567184721,9108.805,9044.561118321075
2021-04-24 04:00:00,9289.5,9204.834510924287,9285.351,9239.338487253724
2021-04-24 05:00:00,9045.0,9263.602687497802,9328.252,9291.307112757073
2021-04-24 06:00:00,9292.0,9205.32056150208,9273.789,9234.661657508212
2021-04-24 07:00:00,9430.0,9345.247238617145,9404.164,9370.495232588535
2021-04-24 08:00:00,9442.0,9409.947134370428,9473.317,9437.10337414778
2021-04-24 09:00:00,9372.0,9373.80437572706,9459.094,9410.353896866989
2021-04-24 10:00:00,9287.0,9241.437432271734,9281.522,9258.615334958235
2021-04-24 11:00:00,9187.0,9201.54297963425,9208.757,9204.634255522647
2021-04-24 12:00:00,9250.0,9113.001996322866,9126.843,9118.933055867044
2021-04-24 13:00:00,9384.0,9274.928679789151,9265.64,9270.947959443296
2021-04-24 14:00:00,9588.0,9439.50292942065,9472.514,9453.64918993037
2021-04-24 15:00:00,9749.0,9562.04756223816,9631.145,9591.658206082077
2021-04-24 16:00:00,9768.0,9782.890577224734,9804.777,9792.269613176573
2021-04-24 17:00:00,9543.0,9670.922064996315,9721.962,9692.794452708702
2021-04-24 18:00:00,9281.0,9397.19865115663,9401.33,9398.96896195132
2021-04-24 19:00:00,9429.0,9368.23295441166,9351.517,9361.06920362194
2021-04-24 20:00:00,9262.0,9283.422326448115,9319.471,9298.870370850918
2021-04-24 21:00:00,8872.0,8855.048845914096,8868.8955,8860.982485869135
2021-04-24 22:00:00,8512.0,8627.976542605284,8693.747,8656.161610511826
2021-04-24 23:00:00,8306.0,8369.342043945531,8449.565,8403.720600731634
2021-04-25 00:00:00,8222.0,8297.181318341532,8292.853,8295.326163169859
2021-04-25 01:00:00,8224.0,8180.919860494651,8200.256,8189.205847026326
2021-04-25 02:00:00,8958.0,8215.14516749005,8246.749,8228.688428360021
2021-04-25 03:00:00,8958.0,8677.323908047489,8748.383,8707.775152047994
2021-04-25 04:00:00,8274.0,8883.173029695385,8888.175,8885.316389431975
2021-04-25 05:00:00,8560.0,8329.901469829754,8328.987,8329.509638430394
2021-04-25 06:00:00,8853.0,8653.667781689508,8682.765,8666.136669454383
2021-04-25 07:00:00,8918.0,8919.838275021819,8924.983,8922.043159647797
2021-04-25 08:00:00,9045.0,8955.519967137589,8981.59,8966.69175195597
2021-04-25 09:00:00,9021.0,9003.991321963822,9024.778,9012.899167940548
2021-04-25 10:00:00,8992.0,8892.929390422018,8893.573,8893.205268715301
2021-04-25 11:00:00,8954.0,8857.63748812654,8868.949,8862.484749274692
2021-04-25 12:00:00,8962.0,8847.152247313206,8853.144,8849.719624928224
2021-04-25 13:00:00,9080.0,8877.53539591232,8911.41,8892.05196365617
2021-04-25 14:00:00,9189.0,9115.064134035067,9145.244,9127.997234208502
2021-04-25 15:00:00,9350.0,9215.116165083937,9267.912,9237.740931395594
2021-04-25 16:00:00,9448.0,9290.540199554553,9343.162,9313.09056245117
2021-04-25 17:00:00,9390.0,9339.674684793135,9386.988,9359.950126531307
2021-04-25 18:00:00,9265.0,9171.235948529757,9206.546,9186.367387810486
2021-04-25 19:00:00,9554.0,9262.66897159769,9291.272,9274.926604499691
2021-04-25 20:00:00,9432.0,9336.435887186188,9402.72,9364.840727433788
2021-04-25 21:00:00,9102.0,8936.288737058218,8964.621,8948.430080006146
2021-04-25 22:00:00,8752.0,8724.897729024136,8747.588,8734.621271647748
2021-04-25 23:00:00,8548.0,8460.813661239275,8467.931,8463.863396044453
2021-04-26 00:00:00,8521.0,8607.698426326628,8571.276,8592.090255671628
2021-04-26 01:00:00,8615.0,8581.806596884391,8532.268,8560.577226844554
2021-04-26 02:00:00,8801.0,8735.36244943649,8741.826,8738.132237696216
2021-04-26 03:00:00,9466.0,9095.578383109916,9062.351,9081.338892216827
2021-04-26 04:00:00,9937.0,9730.539741061622,9777.177,9750.525391518062
2021-04-26 05:00:00,10264.0,10096.868328928726,10140.645,10115.628035998152
2021-04-26 06:00:00,10368.0,10356.151828875549,10330.156,10345.01145944019
2021-04-26 07:00:00,10389.0,10247.458887721434,10291.027,10266.129359243574
2021-04-26 08:00:00,10368.0,10231.228074857274,10264.646,10245.548868543206
2021-04-26 09:00:00,10282.0,10211.53844759611,10262.924,10233.558686663471
2021-04-26 10:00:00,10154.0,10080.680472602828,10141.462,10106.727366823143
2021-04-26 11:00:00,10083.0,9950.720193495214,9983.423,9964.73424260595
2021-04-26 12:00:00,10054.0,9891.508668593044,9930.427,9908.186576181552
2021-04-26 13:00:00,9900.0,9846.019279447031,9903.942,9870.8414474608
2021-04-26 14:00:00,9860.0,9813.969174701659,9868.346,9837.271592256568
2021-04-26 15:00:00,9786.0,9767.259690588411,9825.241,9792.10666536774
2021-04-26 16:00:00,9904.0,9783.688785236724,9828.415,9802.855642624741
2021-04-26 17:00:00,9748.0,9908.517543434382,9902.046,9905.743927359264
2021-04-26 18:00:00,9635.0,9607.171995799976,9559.019,9586.536475275738
2021-04-26 19:00:00,9730.0,9649.978941857386,9582.626,9621.115775889204
2021-04-26 20:00:00,9522.0,9566.851968010129,9592.785,9577.965271403842
2021-04-26 21:00:00,9767.0,9400.10018489272,9326.528,9368.571906399531
2021-04-26 22:00:00,9767.0,9699.731795684309,9690.687,9695.855326291123
2021-04-26 23:00:00,9761.0,9703.899255196498,9684.329,9695.512755629366
2021-04-27 00:00:00,9744.0,9750.153691902387,9714.373,9734.820471627274
2021-04-27 01:00:00,9744.0,9713.862360321147,9677.9,9698.451422386861
2021-04-27 02:00:00,9744.0,9627.861167909958,9640.643,9633.338583073455
2021-04-27 03:00:00,9744.0,9712.56964935304,9704.134,9708.95438464715
2021-04-27 04:00:00,9728.0,10031.737401125156,10028.611,10030.397842991599
2021-04-27 05:00:00,9925.0,10037.526339787726,10030.517,10034.522415603456
2021-04-27 06:00:00,9956.0,10057.01719073683,10071.294,10063.135332228225
2021-04-27 07:00:00,9900.0,9968.058603186211,9978.08,9972.352957752391
2021-04-27 08:00:00,9896.0,9934.616412469904,9918.893,9927.87820141629
2021-04-27 09:00:00,9854.0,9913.332749418085,9958.23,9932.57278960636
2021-04-27 10:00:00,9774.0,9868.871138028091,9891.213,9878.445369313213
2021-04-27 11:00:00,9740.0,9801.144269344766,9816.698,9807.809816198882
2021-04-27 12:00:00,9752.0,9782.878461599492,9761.655,9773.783197353116
2021-04-27 13:00:00,9772.0,9707.656829638876,9768.042,9733.534095198029
2021-04-27 14:00:00,9820.0,9746.834629316545,9783.309,9762.464764581782
2021-04-27 15:00:00,9860.0,9854.670012819173,9831.523,9844.750844966842
2021-04-27 16:00:00,9975.0,9938.605207608813,9895.338,9920.063413423259
2021-04-27 17:00:00,9920.0,9956.016477106752,9914.194,9938.093882467572
2021-04-27 18:00:00,9666.0,9699.1777036092,9674.551,9688.62413218869
2021-04-27 19:00:00,9871.0,9645.051176320154,9562.043,9609.478937637254
2021-04-27 20:00:00,9637.0,9635.483466363812,9629.1045,9632.749623170232
2021-04-27 21:00:00,9773.0,9542.447800550177,9452.904,9504.075091975721
2021-04-27 22:00:00,9773.0,9643.546697778414,9564.794,9609.79838248754
2021-04-27 23:00:00,9762.0,9732.150407847019,9626.025,9686.67190279621
2021-04-28 00:00:00,9762.0,9801.814061190154,9744.896,9777.422558168748
2021-04-28 01:00:00,9740.0,9784.480477884117,9749.691,9769.571737843242
2021-04-28 02:00:00,9688.0,9719.868032753428,9676.746,9701.388815251588
2021-04-28 03:00:00,9536.0,9598.139639361707,9536.84,9571.870419949813
2021-04-28 04:00:00,9839.0,9760.869154109569,9699.158,9734.423457894049
2021-04-28 05:00:00,9995.0,9935.365774245767,9860.5205,9903.291785780046
2021-04-28 06:00:00,9981.0,10071.881070776144,10025.051,10051.812600585703
2021-04-28 07:00:00,9916.0,9968.051726828398,9959.814,9964.521391447073
2021-04-28 08:00:00,9867.0,9887.934055653059,9851.992,9872.531511158522
2021-04-28 09:00:00,9851.0,9839.977381127455,9825.086,9833.595755172406
2021-04-28 10:00:00,9708.0,9772.19598803751,9738.94,9757.94466835725
2021-04-28 11:00:00,9668.0,9648.238260019765,9617.138,9634.910590771948
2021-04-28 12:00:00,9534.0,9650.450762747765,9620.443,9637.591458929906
2021-04-28 13:00:00,9464.0,9516.396029490452,9519.449,9517.704304952003
2021-04-28 14:00:00,9563.0,9535.258514895786,9537.28,9536.12488173621
2021-04-28 15:00:00,9587.0,9586.255579814158,9577.171,9582.362318428299
2021-04-28 16:00:00,9768.0,9704.402725576776,9699.508,9702.304865037782
2021-04-28 17:00:00,9718.0,9845.049962949024,9787.671,9820.460858437858
2021-04-28 18:00:00,9487.0,9566.947046095562,9483.645,9531.248853093257
2021-04-28 19:00:00,9757.0,9599.743008960397,9534.559,9571.808903731222
2021-04-28 20:00:00,9598.0,9502.43262229487,9510.525,9505.900510553709
2021-04-28 21:00:00,9172.0,9424.790851599526,9372.029,9402.18049715103
2021-04-28 22:00:00,9633.0,9275.0191711164,9259.032,9268.168128952824
2021-04-28 23:00:00,9633.0,9540.140514525898,9531.238,9536.325410198924
2021-04-29 00:00:00,9604.5,9565.86283102946,9566.935,9566.321890857456
2021-04-29 01:00:00,9604.5,9535.371211729267,9500.978,9520.63215494153
2021-04-29 02:00:00,9020.0,9472.124223588233,9460.23,9467.027148416399
2021-04-29 03:00:00,9705.0,9170.932619746432,9096.796,9139.162308242332
2021-04-29 04:00:00,10020.0,9875.946447263172,9892.441,9883.01501651723
2021-04-29 05:00:00,10150.0,10102.050736455354,10093.471,10098.373771724218
2021-04-29 06:00:00,10144.0,10173.800650651978,10156.083,10166.207762023434
2021-04-29 07:00:00,9996.0,10052.08866342484,10022.194,10039.27784380616
2021-04-29 08:00:00,9922.0,9917.211628750358,9914.325,9915.974485631716
2021-04-29 09:00:00,9833.0,9830.040591153878,9820.452,9825.931403903414
2021-04-29 10:00:00,9683.0,9709.659482523924,9689.486,9701.014475452557
2021-04-29 11:00:00,9611.0,9589.82485826994,9583.048,9586.920584989042
2021-04-29 12:00:00,9546.0,9550.798247045774,9496.616,9527.579243955017
2021-04-29 13:00:00,9484.0,9480.569225866479,9458.246,9471.002816030079
2021-04-29 14:00:00,9470.0,9484.952996339809,9498.893,9490.926437282837
2021-04-29 15:00:00,9479.0,9481.586019121467,9489.541,9484.995008936523
2021-04-29 16:00:00,9551.0,9549.102299954757,9613.849,9576.84835357529
2021-04-29 17:00:00,9585.0,9553.495668908166,9561.632,9556.982049851513
2021-04-29 18:00:00,9535.0,9403.024171099205,9381.277,9393.704771455752
2021-04-29 19:00:00,9848.0,9535.562728937028,9524.041,9530.625144931208
2021-04-29 20:00:00,9725.0,9579.886313781228,9582.688,9581.08726232893
2021-04-29 21:00:00,9318.0,9395.364475221211,9374.073,9386.2403776793
2021-04-29 22:00:00,8989.0,9286.963478171529,9290.452,9288.458462452065
2021-04-29 23:00:00,8892.0,9077.397504669267,9087.549,9081.747526107181
2021-04-30 00:00:00,8880.0,8997.317410977303,8981.013,8990.330145364314
2021-04-30 01:00:00,9015.0,8982.798142165848,8978.376,8980.903032354616
2021-04-30 02:00:00,9128.0,8955.585578435272,8914.623,8938.031492502607
2021-04-30 03:00:00,9758.0,9308.845648760218,9255.554,9286.007999001744
2021-04-30 04:00:00,10012.0,9958.706371100774,9958.22,9958.497757556834
2021-04-30 05:00:00,10169.0,10117.811630834305,10093.772,10107.509939976242
2021-04-30 06:00:00,10118.0,10186.84034307553,10134.316,10164.331831802017
2021-04-30 07:00:00,9994.0,10024.963756857802,10020.371,10022.995703452327
2021-04-30 08:00:00,9916.0,9915.665138976745,9910.083,9913.27285228961
2021-04-30 09:00:00,9817.0,9827.150751800564,9815.292,9822.068540804023
2021-04-30 10:00:00,9656.0,9698.316404750733,9700.824,9699.391208789408
2021-04-30 11:00:00,9420.0,9552.791281035552,9535.654,9545.447437910172
2021-04-30 12:00:00,9364.0,9394.51184656305,9382.574,9389.395953903724
2021-04-30 13:00:00,9331.0,9346.832712472506,9337.93,9343.01723960826
2021-04-30 14:00:00,9340.0,9379.438120176314,9380.327,9379.818980890384
2021-04-30 15:00:00,9344.0,9375.637948556669,9403.256,9387.473005626756
2021-04-30 16:00:00,9333.0,9467.179040142653,9469.0205,9467.968002952326
2021-04-30 17:00:00,9265.0,9416.808851920749,9419.302,9417.877133404112
2021-04-30 18:00:00,9091.0,9275.900802981636,9257.757,9268.125318404927
2021-04-30 19:00:00,9540.0,9361.225602018692,9360.505,9360.916565091644
2021-04-30 20:00:00,9441.0,9469.531086081293,9468.824,9469.228126661605
2021-04-30 21:00:00,9102.0,9098.006471554994,9077.136,9089.062393307639
2021-04-30 22:00:00,8772.0,8933.552809790162,8926.415,8930.493795071627
2021-04-30 23:00:00,8588.0,8883.95086656055,8850.115,8869.450836109801
2021-05-01 00:00:00,8534.0,8621.039278272003,8623.865,8622.250196614892
2021-05-01 01:00:00,8553.0,8560.612872274354,8539.006,8551.353484996613
2021-05-01 02:00:00,8438.0,8562.98117308652,8587.606,8573.533786442473
2021-05-01 03:00:00,8528.0,8470.836331491275,8482.687,8475.914471230622
2021-05-01 04:00:00,8545.0,8540.456109333518,8565.19,8551.055580705575
2021-05-01 05:00:00,8660.0,8553.423393278676,8554.162,8553.739834191518
2021-05-01 06:00:00,8735.0,8768.591069165721,8817.32,8789.473227287597
2021-05-01 07:00:00,8866.0,8816.296490536713,8814.44,8815.5009970039
2021-05-01 08:00:00,8972.0,8921.858148958125,8889.804,8908.121515867833
2021-05-01 09:00:00,8961.0,8939.224975020155,8936.924,8938.238647663631
2021-05-01 10:00:00,8735.0,8855.051394177191,8855.995,8855.455621795636
2021-05-01 11:00:00,8683.0,8691.636436553694,8659.939,8678.053114688013
2021-05-01 12:00:00,8710.0,8608.283869773411,8653.08,8627.480479215636
2021-05-01 13:00:00,8792.0,8714.81298908103,8715.797,8715.234432938349
2021-05-01 14:00:00,9034.0,8863.22961940057,8878.003,8869.560330236742
2021-05-01 15:00:00,9243.0,9038.99461390086,9051.091,9044.178145806723
2021-05-01 16:00:00,8763.5,9258.555528228844,9280.981,9268.165766064682
2021-05-01 17:00:00,9251.0,8808.355035204158,8815.397,8811.372902474839
2021-05-01 18:00:00,8997.0,8974.274375034061,8974.551,8974.39260741902
2021-05-01 19:00:00,8763.5,9122.880304741584,9087.629,9107.773703866838
2021-05-01 20:00:00,8722.5,8863.589631018158,8897.032,8877.920848843041
2021-05-01 21:00:00,9006.0,8494.368816980115,8492.629,8493.623166737856
2021-05-01 22:00:00,8655.0,8515.041781760472,8535.735,8523.909664984214
2021-05-01 23:00:00,8518.0,8251.670267250418,8277.475,8262.728176925464
2021-05-02 00:00:00,8546.0,8332.208180063075,8314.174,8324.479694288751
2021-05-02 01:00:00,8537.0,8384.739230150752,8352.204,8370.796628165326
2021-05-02 02:00:00,8443.0,8475.839096088892,8464.281,8470.885916744788
2021-05-02 03:00:00,8487.0,8458.547926087387,8441.158,8451.095711022092
2021-05-02 04:00:00,8512.0,8446.741203850677,8451.239,8448.668670174766
2021-05-02 05:00:00,8574.0,8496.443441652142,8517.891,8505.634178185006
2021-05-02 06:00:00,8677.0,8633.151823030186,8686.455,8655.994093672865
2021-05-02 07:00:00,8671.0,8726.539612810044,8738.786,8731.787575423019
2021-05-02 08:00:00,8685.0,8696.80871507064,8722.901,8707.990327681133
2021-05-02 09:00:00,8708.0,8715.884280196728,8733.027,8723.230669766228
2021-05-02 10:00:00,8620.0,8679.19190416401,8679.021,8679.118766439477
2021-05-02 11:00:00,8550.0,8588.301861400623,8590.919,8589.423309898546
2021-05-02 12:00:00,8552.0,8559.119762327791,8554.916,8557.318098457543
2021-05-02 13:00:00,8561.0,8588.685427034916,8603.77,8595.149339543716
2021-05-02 14:00:00,8658.0,8631.543230564745,8656.96,8642.435193573827
2021-05-02 15:00:00,8783.0,8719.058603891262,8741.975,8728.878907978622
2021-05-02 16:00:00,8926.0,8866.881325326556,8844.53,8857.302908108137
2021-05-02 17:00:00,8914.0,8886.886708538465,8928.305,8904.635642320674
2021-05-02 18:00:00,8741.0,8795.774852542394,8841.056,8815.179150299873
2021-05-02 19:00:00,9172.0,8952.745481234282,8881.297,8922.126986861538
2021-05-02 20:00:00,9155.0,9074.616493703006,9099.134,9085.122879834573
2021-05-02 21:00:00,8863.0,8835.658500874968,8873.755,8851.98413359603
2021-05-02 22:00:00,8562.0,8588.692438504528,8568.287,8579.947779935475
2021-05-02 23:00:00,8447.0,8442.182320802622,8449.617,8445.36836717286
2021-05-03 00:00:00,8490.0,8437.935152302818,8497.27,8463.361920271542
2021-05-03 01:00:00,8554.0,8503.93110492844,8517.823,8509.884294835312
2021-05-03 02:00:00,8668.0,8617.71454152671,8619.567,8618.508434495154
2021-05-03 03:00:00,9284.0,8943.419494777765,8869.993,8911.95353312825
2021-05-03 04:00:00,9721.0,9677.607518504556,9688.609,9682.321975710103
2021-05-03 05:00:00,9910.0,9908.948367276394,9962.891,9932.064346151295
2021-05-03 06:00:00,9866.0,9935.7059419414,9957.635,9945.103366655701
2021-05-03 07:00:00,9754.0,9837.924170079803,9851.553,9843.7642171552
2021-05-03 08:00:00,9704.0,9716.416844257388,9718.798,9717.437095276491
2021-05-03 09:00:00,9691.0,9623.036791923041,9646.923,9633.272546911725
2021-05-03 10:00:00,9598.0,9550.811723580344,9579.56,9563.130890613298
2021-05-03 11:00:00,9528.0,9498.017910533712,9481.452,9490.918680144776
2021-05-03 12:00:00,9399.0,9478.140071506494,9463.013,9471.657367917325
2021-05-03 13:00:00,9349.0,9384.320774189846,9357.452,9372.806504402997
2021-05-03 14:00:00,9319.0,9398.36844685485,9367.79,9385.264410461166
2021-05-03 15:00:00,9146.0,9391.579269569742,9364.555,9379.998169761939
2021-05-03 16:00:00,9238.0,9292.318802305037,9253.749,9275.790074230856
2021-05-03 17:00:00,9204.0,9287.321622134243,9335.966,9308.167278996403
2021-05-03 18:00:00,8926.0,9095.144187604341,9082.391,9089.678656017597
2021-05-03 19:00:00,9241.0,9161.67806587001,9096.609,9133.793591627185
2021-05-03 20:00:00,9091.0,9243.266279686633,9165.574,9209.972221832242
2021-05-03 21:00:00,8679.0,8975.228959158863,8960.644,8968.978400477285
2021-05-03 22:00:00,8458.0,9015.507371361307,8979.732,9000.176457331236
2021-05-03 23:00:00,9233.5,8970.472415320039,8998.782,8982.604204074963
2021-05-04 00:00:00,9216.5,9132.69310373718,9186.169,9155.60938633445
2021-05-04 01:00:00,9175.0,9110.29387417297,9142.513,9124.100795304506
2021-05-04 02:00:00,9132.5,9069.66630789419,9050.659,9061.520836640677
2021-05-04 03:00:00,8953.0,9155.803272734847,9107.315,9135.02425320461
2021-05-04 04:00:00,9388.0,9287.648129464544,9296.049,9291.247908942483
2021-05-04 05:00:00,9568.0,9644.192363401078,9676.486,9658.03161454876
2021-05-04 06:00:00,9497.0,9588.247021774332,9648.836,9614.211292049986
2021-05-04 07:00:00,9374.0,9546.295317290042,9546.285,9546.290896678518
2021-05-04 08:00:00,9408.0,9466.752391445307,9457.456,9462.768378305638
2021-05-04 09:00:00,9353.0,9423.618495429395,9441.329,9431.208048315915
2021-05-04 10:00:00,9229.0,9320.201882259837,9308.92,9315.367055164948
2021-05-04 11:00:00,9053.0,9213.602176008868,9192.437,9204.531747965137
2021-05-04 12:00:00,9119.0,9062.349042389968,9054.951,9059.178642949415
2021-05-04 13:00:00,9081.0,9147.719203279654,9115.933,9134.097374773028
2021-05-04 14:00:00,9171.0,9163.46437667467,9158.695,9161.420603980565
2021-05-04 15:00:00,9112.0,9199.228957898069,9189.721,9195.154162033268
2021-05-04 16:00:00,9204.0,9239.297129710094,9218.798,9230.512347643971
2021-05-04 17:00:00,9148.0,9228.562712462466,9219.504,9224.680511687893
2021-05-04 18:00:00,8965.0,8952.937381924568,8975.103,8962.435869825556
2021-05-04 19:00:00,9198.0,9094.975034288535,9088.428,9092.169149297846
2021-05-04 20:00:00,9034.0,9036.1207938399,9060.398,9046.52463245853
2021-05-04 21:00:00,9115.5,8734.96695354365,8693.439,8717.170874720363
2021-05-04 22:00:00,9115.5,8948.876161431719,8960.051,8953.664835788439
2021-05-04 23:00:00,9115.5,9095.828595868095,9129.458,9110.239936281945
2021-05-05 00:00:00,9133.5,9165.60705694189,9152.281,9159.896287957079
2021-05-05 01:00:00,9159.5,9158.732780676113,9150.509,9155.20836943309
2021-05-05 02:00:00,9184.5,9104.84762047397,9137.541,9118.857845610335
2021-05-05 03:00:00,8988.0,9045.965612236325,9125.617,9080.099071825025
2021-05-05 04:00:00,9447.0,9279.747954180513,9340.517,9305.789400542566
2021-05-05 05:00:00,9667.0,9625.964815761323,9641.62,9632.673344326598
2021-05-05 06:00:00,9573.0,9705.38779098622,9695.687,9701.23009851788
2021-05-05 07:00:00,9568.0,9545.042704738777,9503.559,9527.265015902485
2021-05-05 08:00:00,9654.0,9534.02547704618,9505.324,9521.725909841289
2021-05-05 09:00:00,9805.0,9552.794307798202,9549.223,9551.263620719139
2021-05-05 10:00:00,9631.0,9669.37903397207,9646.743,9659.678780290147
2021-05-05 11:00:00,9635.0,9464.738659404293,9484.652,9473.27238937562
2021-05-05 12:00:00,9661.0,9501.849842813455,9509.286,9505.036467571439
2021-05-05 13:00:00,9660.0,9551.028081784612,9548.793,9550.070205228654
2021-05-05 14:00:00,9773.0,9595.471863695217,9608.752,9601.162778424405
2021-05-05 15:00:00,9891.0,9720.192132215294,9739.804,9728.596487157824
2021-05-05 16:00:00,9893.0,9885.217101568926,9886.014,9885.558461281635
2021-05-05 17:00:00,9764.0,9814.134894552622,9835.408,9823.251060705074
2021-05-05 18:00:00,9467.0,9446.203327101863,9445.846,9446.049999072879
2021-05-05 19:00:00,9595.0,9443.161650492282,9401.851,9425.458276700498
2021-05-05 20:00:00,9372.0,9386.816964906418,9385.285,9386.160476181347
2021-05-05 21:00:00,8953.0,9158.499786217091,9133.767,9147.90066108888
2021-05-05 22:00:00,9647.5,9075.61156392465,9075.965,9075.762815073309
2021-05-05 23:00:00,9660.5,9519.196978161273,9499.829,9510.89698551733
2021-05-06 00:00:00,9686.5,9585.050484455578,9566.777,9577.219549018295
2021-05-06 01:00:00,9738.0,9601.640134903018,9599.782,9600.843969438618
2021-05-06 02:00:00,9768.0,9595.257456334746,9610.221,9601.669647004184
2021-05-06 03:00:00,9250.0,9604.107877586799,9615.626,9609.043744755323
2021-05-06 04:00:00,9712.0,9612.345476831442,9606.435,9609.81226608685
2021-05-06 05:00:00,9993.0,9857.414067897565,9851.192,9854.747682850324
2021-05-06 06:00:00,10108.0,10034.649764828837,10020.099,10028.413714650775
2021-05-06 07:00:00,10171.0,10011.92240738313,10017.547,10014.332600792235
2021-05-06 08:00:00,10073.0,10034.905157652704,10040.051,10037.109955261782
2021-05-06 09:00:00,9917.0,9979.66637677493,9986.319,9982.517136814207
2021-05-06 10:00:00,9886.0,9812.91490033512,9800.651,9807.65934745553
2021-05-06 11:00:00,9825.0,9775.254739620234,9776.67,9775.861089857472
2021-05-06 12:00:00,9797.0,9750.768325273288,9751.604,9751.12630192476
2021-05-06 13:00:00,9772.0,9740.845558031604,9740.407,9740.65746413331
2021-05-06 14:00:00,9761.0,9802.273921408078,9803.04,9802.602343623334
2021-05-06 15:00:00,9709.0,9841.963497826337,9826.367,9835.27957622736
2021-05-06 16:00:00,9799.0,9805.505631693413,9817.049,9810.452077341826
2021-05-06 17:00:00,9695.0,9777.531695536218,9790.114,9782.923517213552
2021-05-06 18:00:00,9388.0,9439.18088048766,9450.657,9444.09869568564
2021-05-06 19:00:00,9579.0,9517.73307699074,9532.384,9524.01134736429
2021-05-06 20:00:00,9439.0,9381.614435942449,9411.499,9394.421064056634
2021-05-06 21:00:00,9735.0,9125.179791273487,9129.941,9127.220100394487
2021-05-06 22:00:00,9735.0,9573.273947337595,9586.1875,9578.807560594832
2021-05-06 23:00:00,9735.0,9593.637013315887,9627.145,9607.996064591774
2021-05-07 00:00:00,9735.0,9640.562922397761,9665.113,9651.083498546217
2021-05-07 01:00:00,9735.0,9685.238818976173,9682.313,9683.985230442735
2021-05-07 02:00:00,9735.0,9646.844000672327,9663.4375,9653.95464294753
2021-05-07 03:00:00,9405.0,9625.733087860868,9578.036,9605.29287344608
2021-05-07 04:00:00,9792.0,9733.715030849999,9730.0625,9732.149523614567
2021-05-07 05:00:00,10012.0,9958.734300125823,9993.649,9973.69682344019
2021-05-07 06:00:00,9974.0,10122.578948597116,10105.367,10115.203037422032
2021-05-07 07:00:00,9973.0,9983.80029017285,10004.345,9992.604126245891
2021-05-07 08:00:00,10060.0,9948.803884526651,9946.808,9947.948224267642
2021-05-07 09:00:00,10077.0,10016.085091846298,10017.163,10016.546871677401
2021-05-07 10:00:00,9993.0,9973.673826537652,9980.589,9976.637047490676
2021-05-07 11:00:00,9964.0,9886.39646300204,9897.991,9891.365235633524
2021-05-07 12:00:00,9969.0,9867.935391645371,9882.984,9874.384257350033
2021-05-07 13:00:00,9895.0,9901.692306343923,9905.18,9903.186816130492
2021-05-07 14:00:00,9918.0,9917.238345484318,9905.541,9912.225593110128
2021-05-07 15:00:00,9911.0,9903.275931074633,9924.497,9912.3696316776
2021-05-07 16:00:00,9835.0,9960.197044731978,9958.439,9959.443861205935
2021-05-07 17:00:00,9710.0,9800.16585206503,9822.297,9809.649612350098
2021-05-07 18:00:00,9493.0,9390.200792064814,9363.088,9378.581758260458
2021-05-07 19:00:00,9751.0,9572.1839316066,9521.707,9550.552576460306
2021-05-07 20:00:00,9562.0,9570.128949359221,9556.52,9564.296686423597
2021-05-07 21:00:00,9066.0,9330.992074680811,9290.241,9313.52861615171
2021-05-07 22:00:00,8701.0,9023.452320630411,9102.984,9057.53457586078
2021-05-07 23:00:00,9037.5,8934.593214521487,8871.531,8907.568817009265
2021-05-08 00:00:00,9021.5,8962.467270958428,9000.905,8978.939225317863
2021-05-08 01:00:00,8970.0,8942.6875624521,8946.162,8944.176373900487
2021-05-08 02:00:00,8931.5,8843.853838526118,8861.885,8851.580554756423
2021-05-08 03:00:00,8931.5,8724.697170465111,8798.855,8756.476630482062
2021-05-08 04:00:00,8608.0,8902.589431175269,8898.926,8901.019329271994
2021-05-08 05:00:00,8755.0,8662.479892322974,8692.034,8675.144879949925
2021-05-08 06:00:00,8933.0,8909.866829935134,8937.211,8921.584590188791
2021-05-08 07:00:00,9036.0,8992.927385870425,8984.08,8989.13585997388
2021-05-08 08:00:00,9039.0,9121.220258166315,9124.519,9122.63364181661
2021-05-08 09:00:00,9007.0,9092.460901318169,9084.316,9088.970695663163
2021-05-08 10:00:00,8913.0,8949.639340706675,8924.24,8938.754773377957
2021-05-08 11:00:00,8885.0,8886.205442918861,8851.649,8871.396714602946
2021-05-08 12:00:00,8888.0,8875.288330346175,8862.764,8869.920924180582
2021-05-08 13:00:00,8930.0,8910.64024854064,8903.627,8907.634724883716
2021-05-08 14:00:00,9096.0,9020.088877616194,9037.174,9027.410342963896
2021-05-08 15:00:00,9280.0,9214.822259301895,9270.804,9238.812232821203
2021-05-08 16:00:00,9360.0,9349.037907647884,9325.561,9338.97689075199
2021-05-08 17:00:00,9170.0,9356.184202111552,9348.57,9352.921331929154
2021-05-08 18:00:00,8868.0,9013.940621006966,8996.364,9006.408314168886
2021-05-08 19:00:00,9180.0,9021.72048536246,8970.096,8999.597385687111
2021-05-08 20:00:00,9151.0,9152.421696001853,9118.268,9137.785409504919
2021-05-08 21:00:00,8742.0,8824.314380508824,8798.092,8813.07682386358
2021-05-08 22:00:00,8428.0,8417.527594382509,8384.728,8403.47147708787
2021-05-08 23:00:00,8241.0,8319.426072353159,8322.862,8320.898576690252
2021-05-09 00:00:00,8150.0,8276.525789160156,8270.279,8273.848945135796
2021-05-09 01:00:00,8131.0,8198.19688133407,8199.06,8198.56658030251
2021-05-09 02:00:00,8051.0,8199.036652054932,8213.252,8205.12826561298
2021-05-09 03:00:00,8104.0,8152.870820467965,8200.395,8173.236418569398
2021-05-09 04:00:00,8168.0,8175.521418144406,8269.757,8215.904526406975
2021-05-09 05:00:00,8332.0,8258.093736541394,8339.209,8292.854520701014
2021-05-09 06:00:00,8460.0,8487.488695029948,8488.719,8488.015647853776
2021-05-09 07:00:00,8457.0,8623.544223562849,8603.573,8614.985880296079
2021-05-09 08:00:00,8473.0,8603.834910269621,8575.28,8591.598218101488
2021-05-09 09:00:00,8438.0,8547.910938102968,8533.982,8541.941962935016
2021-05-09 10:00:00,8302.0,8462.594896572198,8477.341,8468.914021623554
2021-05-09 11:00:00,8276.0,8364.28404802714,8310.221,8341.115785900478
2021-05-09 12:00:00,8252.0,8314.864956516252,8293.351,8305.645093434443
2021-05-09 13:00:00,8246.0,8345.182480132291,8319.929,8334.360095904425
2021-05-09 14:00:00,8316.0,8384.57615035214,8373.944,8380.019840285018
2021-05-09 15:00:00,8472.0,8463.53541306176,8471.869,8467.106521637412
2021-05-09 16:00:00,8580.0,8621.779591185008,8603.037,8613.747721213163
2021-05-09 17:00:00,8614.0,8592.193090600136,8615.195,8602.050325139327
2021-05-09 18:00:00,8447.0,8562.136280217072,8599.565,8578.175961121113
2021-05-09 19:00:00,8777.0,8771.913678946577,8721.948,8750.501615721958
2021-05-09 20:00:00,8787.0,8841.584056388683,8863.311,8850.894541405089
2021-05-09 21:00:00,8387.0,8489.80014020359,8516.412,8501.204229869558
2021-05-09 22:00:00,8083.0,8168.184067429439,8172.369,8169.977368425489
2021-05-09 23:00:00,7976.0,7980.040171651441,8026.1816,7999.813296320497
2021-05-10 00:00:00,7946.0,8078.20387982681,8063.7075,8071.9915580410625
2021-05-10 01:00:00,7958.0,8074.362569481403,8061.897,8069.020511002821
2021-05-10 02:00:00,8085.0,8121.198719426718,8151.8867,8134.349619649139
2021-05-10 03:00:00,8767.0,8553.559508310971,8433.03,8501.908195117632
2021-05-10 04:00:00,9284.0,9203.959149519042,9175.354,9191.700554967905
2021-05-10 05:00:00,9620.0,9567.94621194607,9599.782,9581.589126880715
2021-05-10 06:00:00,9769.0,9690.107524786352,9715.294,9700.900818224389
2021-05-10 07:00:00,9769.0,9695.936448890037,9719.5205,9706.042869957184
2021-05-10 08:00:00,9841.0,9666.521819456468,9699.968,9680.854580621512
2021-05-10 09:00:00,9848.0,9698.254916696587,9721.8955,9708.385855775392
2021-05-10 10:00:00,9677.0,9660.987377431004,9698.604,9677.107377107764
2021-05-10 11:00:00,9626.0,9531.89167373533,9530.497,9531.293872938872
2021-05-10 12:00:00,9558.0,9486.184157834941,9509.519,9496.183711909918
2021-05-10 13:00:00,9428.0,9419.212107850617,9428.69,9423.273699481622
2021-05-10 14:00:00,9360.0,9361.080590879008,9396.501,9376.259477787948
2021-05-10 15:00:00,9216.0,9315.078420546342,9289.96,9304.314184499046
2021-05-10 16:00:00,9205.0,9235.19424834083,9275.046,9252.271949301648
2021-05-10 17:00:00,9108.0,9198.970993594494,9211.712,9204.430817150193
2021-05-10 18:00:00,8797.0,8914.281051206559,8891.822,8904.656472332063
2021-05-10 19:00:00,8987.0,8952.733677152817,8939.215,8946.940309620812
2021-05-10 20:00:00,8813.0,8903.299701412909,8916.439,8908.93034964444
2021-05-10 21:00:00,8334.0,8548.139778064828,8589.493,8565.861066667554
2021-05-10 22:00:00,8956.0,8867.637500922623,8896.592,8880.045337492384
2021-05-10 23:00:00,8940.5,8926.424500930669,8990.22,8953.763001148953
2021-05-11 00:00:00,8877.0,8944.286209181764,8957.047,8949.75449271965
2021-05-11 01:00:00,8820.5,8947.458581569985,8965.348,8955.124516222599
2021-05-11 02:00:00,8808.5,8918.249875958774,8965.184,8938.362498557173
2021-05-11 03:00:00,8393.0,9011.3575212748,8853.049,8943.516395822131
2021-05-11 04:00:00,8828.0,8997.648798636845,9082.535,9034.025624786635
2021-05-11 05:00:00,9045.0,9163.977414699857,9195.908,9177.660807900651
2021-05-11 06:00:00,9048.0,9233.736299166709,9247.713,9239.7256499965
2021-05-11 07:00:00,8957.0,9149.866418004382,9144.719,9147.660366822762
2021-05-11 08:00:00,8955.0,9053.646603994333,9040.739,9048.115186197963
2021-05-11 09:00:00,8926.0,8997.733203754671,9000.81,8999.051398281703
2021-05-11 10:00:00,8804.0,8883.351950285458,8911.372,8895.35955396301
2021-05-11 11:00:00,8768.0,8806.596015485351,8837.26,8819.736339492812
2021-05-11 12:00:00,8668.0,8793.157770913855,8813.581,8801.909902388052
2021-05-11 13:00:00,8704.0,8683.20380718784,8671.906,8678.36234977172
2021-05-11 14:00:00,8792.0,8775.287333307697,8793.822,8783.230072701368
2021-05-11 15:00:00,8760.0,8824.818663414424,8865.889,8842.418469866074
2021-05-11 16:00:00,8824.0,8865.098194946251,8896.132,8878.397195672635
2021-05-11 17:00:00,8771.0,8871.385867698864,8902.199,8884.590467951555
2021-05-11 18:00:00,8432.0,8627.019498256457,8657.241,8639.970407619414
2021-05-11 19:00:00,8611.0,8727.592472331533,8724.877,8726.42855270757
2021-05-11 20:00:00,8491.0,8648.749491726674,8664.414,8655.462277396055
2021-05-11 21:00:00,8686.0,8337.496964842754,8335.725,8336.737392592695
2021-05-11 22:00:00,8686.0,8780.271014649172,8768.75,8775.333679240035
2021-05-11 23:00:00,8686.0,8778.423158526064,8770.594,8775.067980366939
2021-05-12 00:00:00,8686.0,8763.44921271237,8723.353,8746.266290014279
2021-05-12 01:00:00,8721.0,8749.163373700705,8728.919,8740.487710301968
2021-05-12 02:00:00,8728.5,8715.075929546958,8720.821,8717.538014094029
2021-05-12 03:00:00,8219.0,8523.64868831374,8475.499,8503.014720193913
2021-05-12 04:00:00,8591.0,8637.848349417543,8657.6,8646.31226378485
2021-05-12 05:00:00,8738.0,8857.949920711084,8853.536,8856.058312581714
2021-05-12 06:00:00,8771.0,8865.19450644693,8864.409,8864.857751744925
2021-05-12 07:00:00,8827.0,8847.204186813644,8847.282,8847.237587699867
2021-05-12 08:00:00,8861.0,8876.58115945698,8880.4,8878.217834122015
2021-05-12 09:00:00,8840.0,8880.47349306407,8882.018,8881.135031272517
2021-05-12 10:00:00,8781.0,8758.57220068989,8743.751,8752.220711395976
2021-05-12 11:00:00,8804.0,8702.980869803794,8700.131,8701.759431347182
2021-05-12 12:00:00,8777.0,8723.236745865295,8714.684,8719.571250546194
2021-05-12 13:00:00,8719.0,8719.034139063217,8699.768,8710.777524881938
2021-05-12 14:00:00,8653.0,8715.749901182238,8726.381,8720.305488410686
2021-05-12 15:00:00,8598.0,8657.104436401149,8665.219,8660.581548747909
2021-05-12 16:00:00,8658.0,8700.731711282493,8709.279,8704.394529808775
2021-05-12 17:00:00,8571.0,8672.939944545773,8689.165,8679.892924392836
2021-05-12 18:00:00,8315.0,8416.831654054493,8401.624,8410.314495343158
2021-05-12 19:00:00,8524.0,8581.737875401477,8574.462,8578.619742144128
2021-05-12 20:00:00,8297.0,8493.241974052979,8432.838,8467.356414553688
2021-05-12 21:00:00,7842.0,8299.525938789804,8265.227,8284.827404811556
2021-05-12 22:00:00,8340.0,8335.248656033933,8247.414,8297.60832819634
2021-05-12 23:00:00,8327.0,8361.090103904815,8390.078,8373.512487676167
2021-05-13 00:00:00,8318.5,8319.521865749915,8347.027,8331.308787857006
2021-05-13 01:00:00,8309.0,8294.146264319596,8323.448,8306.70306911369
2021-05-13 02:00:00,8304.5,8282.90474543169,8305.106,8292.418845492142
2021-05-13 03:00:00,8304.5,8256.451949607326,8222.889,8242.068643366769
2021-05-13 04:00:00,8304.5,8542.925437250808,8546.987,8544.665929893903
2021-05-13 05:00:00,8026.0,8530.092964244843,8510.293,8521.607788186397
2021-05-13 06:00:00,8244.0,8248.013572540152,8220.905,8236.396566505995
2021-05-13 07:00:00,8365.0,8343.590264719349,8338.135,8341.252205081524
2021-05-13 08:00:00,8424.0,8433.855894945142,8427.001,8430.91822531135
2021-05-13 09:00:00,8426.0,8471.024456072375,8470.18,8470.662358395955
2021-05-13 10:00:00,8339.0,8426.919325504805,8413.278,8421.073614770277
2021-05-13 11:00:00,8322.0,8321.303674904653,8313.89,8318.126342916752
2021-05-13 12:00:00,8303.0,8328.343764819083,8331.725,8329.792562788067
2021-05-13 13:00:00,8306.0,8299.73312861233,8328.669,8312.133062063891
2021-05-13 14:00:00,8346.0,8325.563862376663,8358.968,8339.878510933722
2021-05-13 15:00:00,8319.0,8346.297178260775,8339.933,8343.56961481235
2021-05-13 16:00:00,8301.0,8390.77545038821,8417.727,8402.324964309686
2021-05-13 17:00:00,8241.0,8301.560735561945,8276.553,8290.843732244935
2021-05-13 18:00:00,7934.0,8099.593643476846,8064.748,8084.660825112018
2021-05-13 19:00:00,8106.0,8155.531006491334,8103.155,8133.085718985564
2021-05-13 20:00:00,7977.0,8171.238036532621,8126.7773,8152.185002226365
2021-05-13 21:00:00,8271.0,7827.878736754782,7734.187,7787.728239776101
2021-05-13 22:00:00,8271.0,8133.6749581109125,8129.491,8131.8819208677705
2021-05-13 23:00:00,8271.0,8144.2987217203845,8120.7446,8134.2047215423045
2021-05-14 00:00:00,8271.0,8253.72457881941,8267.675,8259.702677834674
2021-05-14 01:00:00,8271.0,8248.080235178913,8268.175,8256.691497699292
2021-05-14 02:00:00,8271.0,8174.139021861277,8244.2,8204.16263327982
2021-05-14 03:00:00,8271.0,8144.792628177031,8185.912,8162.413728799999
2021-05-14 04:00:00,8112.0,8524.329782607712,8518.531,8521.844858599068
2021-05-14 05:00:00,8351.0,8270.039402466558,8257.319,8264.58825769782
2021-05-14 06:00:00,8524.0,8441.349451961087,8435.886,8439.007891658566
2021-05-14 07:00:00,8534.0,8542.103171765179,8554.945,8547.606435684043
2021-05-14 08:00:00,8636.0,8565.16803132083,8568.994,8566.807665727425
2021-05-14 09:00:00,8585.0,8627.796772611418,8632.717,8629.905069952645
2021-05-14 10:00:00,8474.0,8530.338233495644,8504.539,8519.282130265034
2021-05-14 11:00:00,8398.0,8422.583556318174,8415.997,8419.76092058804
2021-05-14 12:00:00,8434.0,8366.491387665978,8363.086,8365.031984792135
2021-05-14 13:00:00,8393.0,8405.243390324133,8390.469,8398.911709591255
2021-05-14 14:00:00,8414.0,8392.85462539427,8374.317,8384.910597590406
2021-05-14 15:00:00,8478.0,8392.162417584164,8388.99,8390.80286798356
2021-05-14 16:00:00,8509.0,8489.167999398644,8490.544,8489.757535339919
2021-05-14 17:00:00,8394.0,8434.367565025057,8403.737,8421.241387735206
2021-05-14 18:00:00,8127.0,8133.411214401133,8150.788,8140.857665843908
2021-05-14 19:00:00,8310.0,8272.900479126292,8259.638,8267.216910534082
2021-05-14 20:00:00,8073.0,8223.017995059188,8220.697,8222.023398386536
2021-05-14 21:00:00,7624.0,7933.332160489385,7900.7344,7919.362834216189
2021-05-14 22:00:00,8068.0,7720.807844493997,7720.6587,7720.743784221571
2021-05-14 23:00:00,8036.0,8028.592621698188,8005.899,8018.867348221341
2021-05-15 00:00:00,7998.5,8050.860091828373,7993.804,8026.4095302806345
2021-05-15 01:00:00,7959.5,8025.904131797436,7985.2505,8008.482341926191
2021-05-15 02:00:00,7959.5,8022.936336018266,8007.666,8016.3923123979375
2021-05-15 03:00:00,7959.5,8044.727843681705,7991.3774,8021.865136063618
2021-05-15 04:00:00,7351.0,7937.791035326228,7973.5713,7953.124052595542
2021-05-15 05:00:00,7634.0,7548.247492318317,7544.993,7546.852812147189
2021-05-15 06:00:00,7821.0,7842.80259329271,7823.5244,7834.54110086461
2021-05-15 07:00:00,7988.0,7972.443294281258,7940.783,7958.87576781671
2021-05-15 08:00:00,8086.0,8096.809063607219,8084.486,8091.528035826263
2021-05-15 09:00:00,8063.0,8129.5311232481845,8130.953,8130.140335901182
2021-05-15 10:00:00,8009.0,8085.420163921048,8068.473,8078.157636352954
2021-05-15 11:00:00,7892.0,8035.535752667044,8026.524,8031.673716248076
2021-05-15 12:00:00,7931.0,7955.999620193253,7966.673,7960.573292928433
2021-05-15 13:00:00,8096.0,7996.701113039306,7997.063,7996.8561424483305
2021-05-15 14:00:00,8187.0,8170.865705832601,8172.8916,8171.733703481402
2021-05-15 15:00:00,8321.0,8264.452759225474,8253.705,8259.84686763304
2021-05-15 16:00:00,8377.0,8368.894781290872,8368.362,8368.666422526057
2021-05-15 17:00:00,8159.0,8341.087428858125,8316.506,8330.553127252711
2021-05-15 18:00:00,7890.0,7965.0522358933595,7975.7866,7969.6522928677805
2021-05-15 19:00:00,8119.0,8125.235731754617,8082.151,8106.772102810003
2021-05-15 20:00:00,8048.0,8102.158114216857,8080.04,8092.679548844126
2021-05-15 21:00:00,7581.0,7634.647766077119,7665.0166,7647.661729408119
2021-05-15 22:00:00,7240.0,7509.166040731001,7510.699,7509.822905292259
2021-05-15 23:00:00,7854.5,7439.477062526009,7451.7446,7444.734047220223
2021-05-16 00:00:00,7814.0,7760.511368375743,7738.0938,7750.904573227501
2021-05-16 01:00:00,7763.0,7686.168511170203,7651.7217,7671.40668208761
2021-05-16 02:00:00,7740.0,7660.90436048995,7655.297,7658.501372114843
2021-05-16 03:00:00,7740.0,7662.307167013182,7683.225,7671.271286368341
2021-05-16 04:00:00,7156.0,7614.976619834562,7631.751,7622.165018909697
2021-05-16 05:00:00,7417.0,7318.502223859122,7326.059,7321.740519117677
2021-05-16 06:00:00,7631.0,7579.106641843176,7556.14,7569.264541012283
2021-05-16 07:00:00,7825.0,7750.343199283899,7731.745,7742.373133987987
2021-05-16 08:00:00,7920.0,7897.034940321307,7891.1064,7894.4943261141325
2021-05-16 09:00:00,7884.0,7914.698539414458,7919.593,7916.795701262126
2021-05-16 10:00:00,7803.0,7853.420494685746,7854.429,7853.852738997219
2021-05-16 11:00:00,7723.0,7733.6120642192345,7713.322,7724.916883729857
2021-05-16 12:00:00,7672.0,7717.140966630506,7693.917,7707.188581065604
2021-05-16 13:00:00,7757.0,7750.828268608128,7741.179,7746.693302085763
2021-05-16 14:00:00,7924.0,7880.813930190665,7846.5874,7866.1464880980875
2021-05-16 15:00:00,7980.0,8020.629409308233,8010.739,8016.390882831069
2021-05-16 16:00:00,8076.0,8107.715390385652,8085.2383,8098.083111781111
2021-05-16 17:00:00,8057.0,8075.695690840838,8030.5127,8056.333122269448
2021-05-16 18:00:00,7804.0,7869.517881150957,7872.8,7870.9241200706765
2021-05-16 19:00:00,8084.0,7984.954393523876,7985.082,7985.009045254828
2021-05-16 20:00:00,8109.0,8023.793348913303,8055.4165,8037.344954494891
2021-05-16 21:00:00,7724.0,7748.905234251993,7785.649,7764.651243169225
2021-05-16 22:00:00,7483.0,7562.592231260877,7550.039,7557.212658434022
2021-05-16 23:00:00,8018.5,7601.29846552343,7563.011,7584.890935303079
2021-05-17 00:00:00,8066.5,7868.149411425343,7901.578,7882.474853429679
2021-05-17 01:00:00,8080.0,7921.874448890326,7964.2207,7940.021226490036
2021-05-17 02:00:00,8087.0,7887.105462178601,7966.7925,7921.25407516361
2021-05-17 03:00:00,8090.0,8158.414559714238,8217.42,8183.700360885476
2021-05-17 04:00:00,8595.0,8455.003906726923,8402.469,8432.490599812056
2021-05-17 05:00:00,8867.0,8885.956210713486,8907.643,8895.249404715956
2021-05-17 06:00:00,8900.0,8971.0769132588,8951.27,8962.588568516177
2021-05-17 07:00:00,8932.0,8944.690796722505,8947.224,8945.775982879823
2021-05-17 08:00:00,9021.0,8941.230656576177,8952.961,8946.257379786413
2021-05-17 09:00:00,9009.0,8970.088628186892,9000.397,8983.077022460686
2021-05-17 10:00:00,8828.0,8870.60248362746,8907.006,8886.202607107965
2021-05-17 11:00:00,8741.0,8735.8482443408,8713.861,8726.425964967675
2021-05-17 12:00:00,8913.0,8657.744134140006,8648.837,8653.926848897798
2021-05-17 13:00:00,8931.0,8798.544322558691,8814.877,8805.54329509239
2021-05-17 14:00:00,8876.0,8827.939314935466,8866.174,8844.324122335152
2021-05-17 15:00:00,8802.0,8796.572277670639,8844.57,8817.141197202414
2021-05-17 16:00:00,8847.0,8804.221373994953,8830.209,8815.357834503517
2021-05-17 17:00:00,8720.0,8784.500069154321,8819.889,8799.665223875782
2021-05-17 18:00:00,8410.0,8444.733726053893,8478.525,8459.21458539432
2021-05-17 19:00:00,8436.0,8494.073320246842,8528.175,8508.686967196245
2021-05-17 20:00:00,8323.0,8360.058013621607,8407.212,8380.264971047267
2021-05-17 21:00:00,8730.5,8113.2415542305835,8101.8813,8108.37319203984
2021-05-17 22:00:00,8730.5,8695.496132051045,8737.664,8713.56640644828
2021-05-17 23:00:00,8730.5,8677.505750227509,8746.2,8706.943765457523
2021-05-18 00:00:00,8706.0,8675.683479155925,8682.107,8678.436339847789
2021-05-18 01:00:00,8706.0,8689.717709500637,8724.673,8704.697110987381
2021-05-18 02:00:00,8706.0,8650.1020450901,8660.57,8654.587995294176
2021-05-18 03:00:00,8068.0,8345.640479173195,8346.871,8346.167724014529
2021-05-18 04:00:00,8556.0,8651.855762186058,8628.358,8641.786225287136
2021-05-18 05:00:00,8845.0,8806.895456798693,8843.566,8822.610095951793
2021-05-18 06:00:00,8920.0,8961.147248448984,8951.915,8957.190740189115
2021-05-18 07:00:00,8985.0,8957.505217677499,8934.397,8947.602617095306
2021-05-18 08:00:00,8968.0,9005.13290969552,8996.427,9001.401885302832
2021-05-18 09:00:00,8961.0,8966.939313630863,8947.868,8958.766562382838
2021-05-18 10:00:00,8763.0,8870.054818593842,8848.357,8860.75657996491
2021-05-18 11:00:00,8692.0,8723.422232099887,8692.36,8710.111087024407
2021-05-18 12:00:00,8785.0,8705.62953631461,8676.454,8693.126806987078
2021-05-18 13:00:00,8750.0,8761.432051497697,8757.479,8759.73782385902
2021-05-18 14:00:00,8732.0,8770.02622344237,8766.523,8768.525054831454
2021-05-18 15:00:00,8695.0,8707.960851804579,8725.651,8715.541832051298
2021-05-18 16:00:00,8745.0,8752.92286366508,8766.919,8758.920544911898
2021-05-18 17:00:00,8669.0,8714.763424478462,8739.446,8725.340874208832
2021-05-18 18:00:00,8357.0,8375.089929855456,8377.081,8375.943051089991
2021-05-18 19:00:00,8460.0,8499.665884322654,8488.967,8495.080910723033
2021-05-18 20:00:00,8278.0,8387.31654704831,8373.104,8381.22552503709
2021-05-18 21:00:00,8680.5,8393.979131079945,8407.483,8399.766102017333
2021-05-18 22:00:00,8680.5,8690.6825280647,8703.761,8696.286799527736
2021-05-18 23:00:00,8680.5,8667.187126616256,8681.59,8673.359061815976
2021-05-19 00:00:00,8682.0,8674.852729578064,8689.384,8681.079760961919
2021-05-19 01:00:00,8682.0,8689.894855910055,8724.99,8704.934329998547
2021-05-19 02:00:00,8682.0,8645.820932252262,8699.976,8669.027970759758
2021-05-19 03:00:00,8682.0,8195.251900754229,8230.391,8210.310145465439
2021-05-19 04:00:00,8513.0,8723.585263661706,8767.867,8742.561675464156
2021-05-19 05:00:00,8852.0,8775.502814134645,8772.966,8774.41546795898
2021-05-19 06:00:00,8982.0,8964.586513549822,8941.11,8954.526027240057
2021-05-19 07:00:00,9027.0,9030.745212906199,9012.92,9023.106249348057
2021-05-19 08:00:00,9115.0,9042.465107857275,9023.695,9034.421415723276
2021-05-19 09:00:00,9159.0,9105.078360643825,9062.656,9086.8988848515
2021-05-19 10:00:00,8970.0,9022.68930570594,9004.303,9014.809966566541
2021-05-19 11:00:00,8890.0,8868.254249180725,8850.412,8860.608235745425
2021-05-19 12:00:00,8870.0,8820.342894295192,8805.979,8814.187147804525
2021-05-19 13:00:00,8866.0,8802.49969675189,8808.039,8804.873470753297
2021-05-19 14:00:00,8881.0,8804.21392786276,8792.912,8799.370669155514
2021-05-19 15:00:00,8926.0,8825.098013803237,8827.579,8826.161116191488
2021-05-19 16:00:00,8903.0,8916.207219480553,8913.096,8914.873662011592
2021-05-19 17:00:00,8815.0,8858.456646343691,8862.945,8860.380114278829
2021-05-19 18:00:00,8412.0,8457.82360214388,8467.738,8462.072411424742
2021-05-19 19:00:00,8478.0,8555.48661599568,8568.806,8561.194281010969
2021-05-19 20:00:00,8369.0,8384.243883295381,8363.147,8375.203252850655
2021-05-19 21:00:00,7929.0,8418.63999657024,8440.001,8427.79394176227
2021-05-19 22:00:00,8803.5,8650.999642512084,8608.241,8632.675890508297
2021-05-19 23:00:00,8801.0,8743.46804153699,8710.889,8729.506474124835
2021-05-20 00:00:00,8746.0,8758.136766902056,8735.551,8748.457716782548
2021-05-20 01:00:00,8662.0,8710.1494708919,8713.758,8711.695623849235
2021-05-20 02:00:00,8627.5,8591.152673907023,8612.909,8600.476028787838
2021-05-20 03:00:00,8016.0,8357.38742008498,8389.68,8371.225641087312
2021-05-20 04:00:00,8515.0,8554.63630723316,8567.547,8560.168809923887
2021-05-20 05:00:00,8792.0,8675.032443970185,8685.607,8679.564052949867
2021-05-20 06:00:00,8883.0,8894.144094244288,8909.051,8900.531995807161
2021-05-20 07:00:00,8934.0,8924.275911673061,8932.633,8927.856938447787
2021-05-20 08:00:00,8916.0,8971.907546065777,8978.316,8974.653820906142
2021-05-20 09:00:00,8904.0,8944.717443568987,8966.91,8954.227734013852
2021-05-20 10:00:00,8810.0,8858.001240651798,8847.945,8853.691888094549
2021-05-20 11:00:00,8700.0,8762.563054019723,8763.072,8762.781123021154
2021-05-20 12:00:00,8624.0,8706.309751005132,8705.983,8706.169821637339
2021-05-20 13:00:00,8631.0,8640.065306559336,8646.545,8642.841868883348
2021-05-20 14:00:00,8686.0,8640.38746692752,8658.183,8648.013276418584
2021-05-20 15:00:00,8648.0,8711.989076198079,8709.877,8711.083804948357
2021-05-20 16:00:00,8734.0,8686.310351861503,8705.945,8694.724540303716
2021-05-20 17:00:00,8731.0,8676.469762867493,8696.376,8685.000174135752
2021-05-20 18:00:00,8412.0,8360.541488434648,8394.21,8374.969481846567
2021-05-20 19:00:00,8490.0,8436.778593511071,8451.699,8443.172424840672
2021-05-20 20:00:00,8473.0,8325.48191391264,8308.275,8318.108291716926
2021-05-20 21:00:00,8639.5,8087.470978995483,8068.9185,8079.520520002995
2021-05-20 22:00:00,8639.5,8653.838345104705,8680.048,8665.0700776974
2021-05-20 23:00:00,8639.5,8628.391502252227,8658.995,8641.506166622576
2021-05-21 00:00:00,8639.5,8593.323869209635,8630.62,8609.306631109277
2021-05-21 01:00:00,8667.0,8575.14558023953,8606.077,8588.40082681843
2021-05-21 02:00:00,8708.5,8524.042394505479,8562.547,8540.542931514905
2021-05-21 03:00:00,8314.0,8219.685593835624,8284.7705,8247.57681684514
2021-05-21 04:00:00,8848.0,8603.673908577333,8545.828,8578.884873642186
2021-05-21 05:00:00,9256.0,9007.367193708244,8979.066,8995.23924363578
2021-05-21 06:00:00,9383.0,9291.677541822055,9278.905,9286.204134936204
2021-05-21 07:00:00,9419.0,9326.992586463555,9339.52,9332.360730942219
2021-05-21 08:00:00,9493.0,9362.58856957039,9395.33,9376.619279238701
2021-05-21 09:00:00,9509.0,9407.497602676067,9385.86,9398.225040900601
2021-05-21 10:00:00,9376.0,9343.515759951128,9384.378,9361.026507918556
2021-05-21 11:00:00,9339.0,9215.86928875596,9224.293,9219.478931170186
2021-05-21 12:00:00,9341.0,9173.1726838038,9181.31,9176.659463799659
2021-05-21 13:00:00,9323.0,9183.146158778034,9190.2295,9186.181449124406
2021-05-21 14:00:00,9406.0,9198.141150664302,9216.493,9206.005664583372
2021-05-21 15:00:00,9396.0,9274.935066691965,9309.2,9289.618845652389
2021-05-21 16:00:00,9472.0,9316.234199559623,9341.131,9326.903136658842
2021-05-21 17:00:00,9350.0,9308.991183317068,9322.63,9314.835795575422
2021-05-21 18:00:00,8915.0,8830.468283019418,8851.41,8839.442430646874
2021-05-21 19:00:00,8911.0,8806.365948433588,8761.894,8787.30774546085
2021-05-21 20:00:00,8787.0,8638.637576173076,8656.609,8646.33896155524
2021-05-21 21:00:00,8280.0,8488.311420709491,8582.293,8528.58590309447
2021-05-21 22:00:00,8696.0,8233.106242060461,8310.516,8266.278940469943
2021-05-21 23:00:00,8662.0,8549.873346795082,8554.844,8552.003349013921
2021-05-22 00:00:00,8624.0,8494.046565199218,8498.755,8496.064255791727
2021-05-22 01:00:00,8579.5,8503.035088182149,8487.106,8496.208924013188
2021-05-22 02:00:00,8555.0,8458.912861982251,8431.794,8447.291319063075
2021-05-22 03:00:00,8555.0,8248.862427856511,8248.307,8248.624087861219
2021-05-22 04:00:00,8155.0,8353.93880357087,8456.647,8397.953125280661
2021-05-22 05:00:00,8362.0,7989.157628853497,8022.843,8003.592925021423
2021-05-22 06:00:00,8493.0,8352.41527829326,8334.391,8344.690884837943
2021-05-22 07:00:00,8557.0,8481.080547221534,8522.704,8498.917590994191
2021-05-22 08:00:00,8678.0,8600.488558366882,8587.223,8594.803576367412
2021-05-22 09:00:00,8714.0,8615.201007241274,8601.286,8609.237813221353
2021-05-22 10:00:00,8646.0,8619.934680354447,8628.778,8623.724428123105
2021-05-22 11:00:00,8602.0,8501.777485001146,8525.576,8511.9760897126
2021-05-22 12:00:00,8553.0,8518.936230037749,8538.946,8527.511176060005
2021-05-22 13:00:00,8531.0,8534.108472704473,8548.071,8540.091957283736
2021-05-22 14:00:00,8610.0,8554.497954000226,8547.465,8551.48378908873
2021-05-22 15:00:00,8833.0,8666.68270181237,8667.164,8666.888916755059
2021-05-22 16:00:00,8926.0,8873.898260559698,8871.816,8873.005944755516
2021-05-22 17:00:00,8727.0,8823.127265787714,8874.764,8845.2553648854
2021-05-22 18:00:00,8394.0,8473.879577290756,8481.372,8477.090342290667
2021-05-22 19:00:00,8474.0,8516.790475839,8494.591,8507.276899506736
2021-05-22 20:00:00,8510.0,8428.894017590279,8426.34,8427.799246920971
2021-05-22 21:00:00,8206.0,7987.036831852134,8052.0913,8014.914902779628
2021-05-22 22:00:00,7860.0,7858.447652862631,7952.7163,7898.845204626377
2021-05-22 23:00:00,8202.0,7827.854650872401,7855.9214,7839.882200186107
2021-05-23 00:00:00,8167.0,8046.881154724438,8037.2183,8042.7402056857445
2021-05-23 01:00:00,8118.0,8045.833241509227,8028.5635,8038.432377299645
2021-05-23 02:00:00,8118.0,8042.350331014619,8022.4253,8033.811650458283
2021-05-23 03:00:00,8118.0,8025.690808723272,7988.996,8009.965660213995
2021-05-23 04:00:00,8118.0,8042.330112318586,8030.548,8037.280809104858
2021-05-23 05:00:00,7795.0,7981.472936388666,7985.169,7983.056629423867
2021-05-23 06:00:00,8007.0,7922.889938277234,7925.19,7923.875467252392
2021-05-23 07:00:00,8136.0,8094.842414757158,8074.462,8086.108513761808
2021-05-23 08:00:00,8247.0,8218.66136383294,8168.464,8197.149710047339
2021-05-23 09:00:00,8198.0,8251.747860772508,8224.011,8239.861385968119
2021-05-23 10:00:00,8100.0,8165.138140644133,8115.488,8143.861000436515
2021-05-23 11:00:00,8051.0,8081.832196948998,8065.9795,8075.038641161713
2021-05-23 12:00:00,8098.0,8073.357466289178,8070.53,8072.145594242093
2021-05-23 13:00:00,8152.0,8097.047103946354,8107.825,8101.665776143597
2021-05-23 14:00:00,8255.0,8207.016040367193,8194.572,8201.683310887729
2021-05-23 15:00:00,8267.0,8357.940293939351,8349.77,8354.43880503685
2021-05-23 16:00:00,8387.0,8362.51088748695,8345.797,8355.348339222719
2021-05-23 17:00:00,8378.0,8379.065071220712,8340.285,8362.44638819991
2021-05-23 18:00:00,8119.0,8205.678157469558,8189.315,8198.665830138965
2021-05-23 19:00:00,8359.0,8365.734045287929,8315.939,8344.395089806607
2021-05-23 20:00:00,8398.0,8375.986640004867,8315.865,8350.222333791593
2021-05-23 21:00:00,7924.0,8022.872420329562,7998.594,8012.468335751587
2021-05-23 22:00:00,7698.0,7699.5925456484065,7658.771,7682.099022082156
2021-05-23 23:00:00,7574.0,7729.976732895109,7725.0264,7727.855294202896
2021-05-24 00:00:00,7483.0,7830.120974800182,7846.776,7837.258131828569
2021-05-24 01:00:00,7464.0,7855.942366927634,7860.165,7857.751904404538
2021-05-24 02:00:00,7655.0,7722.227844220442,7807.413,7758.732752276439
2021-05-24 03:00:00,8384.0,7985.909966643903,8069.243,8021.621282393881
2021-05-24 04:00:00,8988.0,8792.478542681116,8775.173,8785.062275681026
2021-05-24 05:00:00,9262.0,9249.958425062765,9233.67,9242.978178365978
2021-05-24 06:00:00,9333.0,9359.74807044208,9324.143,9344.489690395269
2021-05-24 07:00:00,9332.0,9313.481838652262,9297.625,9306.686464407772
2021-05-24 08:00:00,9348.0,9319.831012761035,9295.254,9309.298671521072
2021-05-24 09:00:00,9314.0,9291.009512250741,9269.601,9281.834831682032
2021-05-24 10:00:00,9157.0,9171.131092326706,9173.062,9171.958345238207
2021-05-24 11:00:00,9099.0,9038.113279277615,9029.934,9034.607844967528
2021-05-24 12:00:00,9024.0,9052.44114736246,9018.437,9037.868694708508
2021-05-24 13:00:00,8971.0,8942.9921798837,8915.759,8931.32164300892
2021-05-24 14:00:00,8900.0,8918.539426851992,8921.439,8919.782116675273
2021-05-24 15:00:00,8772.0,8878.511767195921,8905.979,8890.282287355618
2021-05-24 16:00:00,8810.0,8820.801467332945,8834.158,8826.525133229676
2021-05-24 17:00:00,8789.0,8796.919555858423,8825.5,8809.167290682584
2021-05-24 18:00:00,8552.0,8534.290430070983,8529.362,8532.178361127499
2021-05-24 19:00:00,8635.0,8611.455547648244,8584.768,8600.018562860878
2021-05-24 20:00:00,8626.0,8534.500286543565,8503.976,8521.419136022643
2021-05-24 21:00:00,8182.0,8351.455989366556,8363.994,8356.828965657756
2021-05-24 22:00:00,8780.5,8612.333828281706,8539.663,8581.191610644299
2021-05-24 23:00:00,8780.5,8747.194554279366,8760.918,8753.075492757423
2021-05-25 00:00:00,8780.5,8740.937990806082,8727.304,8735.09506665129
2021-05-25 01:00:00,8774.0,8737.082919814473,8752.871,8743.848577782883
2021-05-25 02:00:00,8763.5,8632.035575072356,8618.326,8626.160398078622
2021-05-25 03:00:00,8371.0,8583.323141144647,8472.132,8535.673368516611
2021-05-25 04:00:00,8755.0,8749.80703203299,8792.154,8767.954170270274
2021-05-25 05:00:00,8938.0,9014.659840359145,9014.08,9014.411362694933
2021-05-25 06:00:00,8986.0,9050.656586965668,9043.492,9047.58618850847
2021-05-25 07:00:00,8966.0,9022.821422448735,9008.577,9016.717009413564
2021-05-25 08:00:00,9001.0,8992.276791404465,8995.625,8993.711578837414
2021-05-25 09:00:00,9041.0,8987.475117319455,8979.337,8983.987373402793
2021-05-25 10:00:00,8910.0,8975.412275745104,8935.944,8958.498686534076
2021-05-25 11:00:00,8869.0,8871.097059888869,8857.32,8865.19300299392
2021-05-25 12:00:00,8776.0,8818.107900076597,8789.506,8805.850848458691
2021-05-25 13:00:00,8754.0,8765.960768934345,8755.115,8761.312880506655
2021-05-25 14:00:00,8760.0,8769.967095838421,8761.438,8766.312066353248
2021-05-25 15:00:00,8743.0,8731.316556932343,8756.425,8742.07626187121
2021-05-25 16:00:00,8781.0,8770.39050900534,8779.621,8774.34602365346
2021-05-25 17:00:00,8665.0,8745.318374117873,8742.922,8744.291166327821
2021-05-25 18:00:00,8337.0,8414.057683122799,8381.568,8400.134790161137
2021-05-25 19:00:00,8465.0,8534.656447424491,8545.144,8539.150466088726
2021-05-25 20:00:00,8370.0,8480.087771854689,8456.724,8470.07535389965
2021-05-25 21:00:00,8747.5,8244.070554880489,8262.512,8251.973110354435
2021-05-25 22:00:00,8747.5,8726.686955584484,8723.512,8725.32612212368
2021-05-25 23:00:00,8747.5,8730.839826978492,8725.502,8728.552363324332
2021-05-26 00:00:00,8747.5,8758.805613190505,8748.395,8754.344088323141
2021-05-26 01:00:00,8747.5,8758.144979443172,8756.529,8757.452400183298
2021-05-26 02:00:00,8747.5,8723.567380241057,8720.931,8722.437442072556
2021-05-26 03:00:00,8145.0,8478.892008042827,8452.693,8467.66472376735
2021-05-26 04:00:00,8752.0,8609.631952095933,8576.035,8595.23450145268
2021-05-26 05:00:00,8991.0,8942.919172819722,8931.528,8938.037734646547
2021-05-26 06:00:00,9073.0,9060.37688513789,9062.107,9061.118277722515
2021-05-26 07:00:00,9258.0,9094.705110671119,9071.289,9084.67041541755
2021-05-26 08:00:00,9373.0,9214.148936169986,9208.636,9211.786095897336
2021-05-26 09:00:00,9360.0,9276.600693161827,9285.043,9280.218395236076
2021-05-26 10:00:00,9272.0,9194.532199055979,9158.947,9179.282636425673
2021-05-26 11:00:00,9248.0,9120.716638349988,9105.38,9114.144181385966
2021-05-26 12:00:00,9227.0,9116.896565979207,9092.319,9106.364226150272
2021-05-26 13:00:00,9304.0,9076.325166978548,9063.449,9070.807331825019
2021-05-26 14:00:00,9415.0,9177.077063534049,9188.726,9182.0686522901
2021-05-26 15:00:00,9470.0,9294.091681343107,9282.587,9289.161363946718
2021-05-26 16:00:00,9489.0,9389.204039003986,9393.611,9391.092716809533
2021-05-26 17:00:00,9246.0,9371.018142972936,9344.026,9359.451120049547
2021-05-26 18:00:00,8760.0,8834.126832972224,8804.256,8821.325882519486
2021-05-26 19:00:00,8795.0,8674.614623834766,8633.416,8656.959317252877
2021-05-26 20:00:00,8631.0,8561.762730524259,8513.457,8541.061856391429
2021-05-26 21:00:00,8139.0,8468.613689981781,8411.665,8444.20901030236
2021-05-26 22:00:00,9213.0,8675.584700663496,8602.749,8644.371834917594
2021-05-26 23:00:00,9213.0,8979.364478469777,8963.883,8972.729881848161
2021-05-27 00:00:00,9195.5,9070.517489938611,9041.277,9057.986992323247
2021-05-27 01:00:00,9166.5,9061.68801543927,9032.981,9049.386095342627
2021-05-27 02:00:00,9138.5,8978.069812484791,8979.331,8978.61014485668
2021-05-27 03:00:00,8438.0,8686.898692242445,8665.7705,8677.844446683212
2021-05-27 04:00:00,9010.0,8768.734457668952,8855.725,8806.01293223588
2021-05-27 05:00:00,9199.0,9170.32967603166,9178.64,9173.890746045687
2021-05-27 06:00:00,9384.0,9245.501183914976,9235.579,9241.249143580068
2021-05-27 07:00:00,9411.0,9357.404632522705,9367.773,9361.848011244263
2021-05-27 08:00:00,9452.0,9383.67411852548,9365.993,9376.097120631717
2021-05-27 09:00:00,9335.0,9367.989175153722,9370.104,9368.895224738386
2021-05-27 10:00:00,9304.0,9226.064463065371,9231.695,9228.477463058425
2021-05-27 11:00:00,9192.0,9192.88443084999,9202.364,9196.94671015428
2021-05-27 12:00:00,9141.0,9091.538565457204,9102.942,9096.425303962482
2021-05-27 13:00:00,9136.0,9073.463381229807,9080.003,9076.265676114119
2021-05-27 14:00:00,9123.0,9129.365113500748,9127.41,9128.527141916846
2021-05-27 15:00:00,9089.0,9140.988854195162,9160.986,9149.558355750847
2021-05-27 16:00:00,9091.0,9176.922550787105,9230.24,9199.771125400333
2021-05-27 17:00:00,8988.0,9102.772247381783,9132.123,9115.350068577856
2021-05-27 18:00:00,8622.0,8722.315656528102,8682.234,8705.13936415693
2021-05-27 19:00:00,8669.0,8778.312055548067,8717.898,8752.422457835388
2021-05-27 20:00:00,8616.0,8589.349301379603,8495.65,8549.195711597476
2021-05-27 21:00:00,8247.0,8347.620583692405,8286.299,8321.341761672815
2021-05-27 22:00:00,7936.0,8758.614921935683,8717.886,8741.160896507183
2021-05-27 23:00:00,9012.0,8659.264173642609,8680.179,8668.226648129054
2021-05-28 00:00:00,8999.0,8930.660891572468,8938.812,8934.153669758653
2021-05-28 01:00:00,8972.5,8934.157045414324,8933.05,8933.682355312783
2021-05-28 02:00:00,7775.0,8855.346109606828,8874.497,8863.552995944592
2021-05-28 03:00:00,8480.0,8204.698276889574,8204.098,8204.440825223952
2021-05-28 04:00:00,9014.0,8837.627807541698,8834.879,8836.449608099087
2021-05-28 05:00:00,9148.0,9193.42528604582,9206.154,9198.880056662027
2021-05-28 06:00:00,9231.0,9250.366298658568,9256.486,9252.98885107373
2021-05-28 07:00:00,9244.0,9228.555537166274,9286.566,9253.415180800244
2021-05-28 08:00:00,9223.0,9281.880458005879,9289.605,9285.190909680387
2021-05-28 09:00:00,9151.0,9175.525680006007,9193.167,9183.085413752877
2021-05-28 10:00:00,9010.0,9068.259133488644,9055.193,9062.659803255585
2021-05-28 11:00:00,8946.0,8925.50143134707,8918.235,8922.387600308917
2021-05-28 12:00:00,8957.0,8883.69313509097,8865.876,8876.057702407823
2021-05-28 13:00:00,8869.0,8912.779653516669,8901.541,8907.963273479436
2021-05-28 14:00:00,8891.0,8877.68203950834,8873.302,8875.804710411354
2021-05-28 15:00:00,8798.0,8890.83844808032,8906.222,8897.430537786497
2021-05-28 16:00:00,8751.0,8881.29230969204,8905.209,8891.541431539703
2021-05-28 17:00:00,8679.0,8804.227288284454,8803.724,8804.011360787665
2021-05-28 18:00:00,8397.0,8457.143809115016,8451.679,8454.801610394921
2021-05-28 19:00:00,8513.0,8632.789785759851,8595.031,8616.608735839607
2021-05-28 20:00:00,8475.0,8515.044459394723,8478.09,8499.20807015409
2021-05-28 21:00:00,8153.0,8069.543569841403,8045.735,8059.340603867012
2021-05-28 22:00:00,8392.5,7974.333485624487,8066.6255,8013.88392143586
2021-05-28 23:00:00,8378.0,8395.17414334572,8380.328,8388.812044856077
2021-05-29 00:00:00,8325.5,8384.513044424963,8385.399,8384.892713106463
2021-05-29 01:00:00,8260.0,8309.576224142724,8305.621,8307.881321563069
2021-05-29 02:00:00,8239.0,8180.144065414281,8185.5063,8182.441951919332
2021-05-29 03:00:00,8239.0,8256.340179917433,8238.496,8248.693247646293
2021-05-29 04:00:00,7830.0,8159.128973372006,8160.1353,8159.560038133226
2021-05-29 05:00:00,8053.0,7835.291103404238,7896.056,7861.331079115861
2021-05-29 06:00:00,8283.0,8164.296113003407,8248.495,8200.37834764465
2021-05-29 07:00:00,8388.0,8313.110765705818,8313.494,8313.274961871637
2021-05-29 08:00:00,8406.0,8423.713698604017,8435.803,8428.894304328584
2021-05-29 09:00:00,8368.0,8384.961761088356,8410.333,8395.83419683414
2021-05-29 10:00:00,8237.0,8345.491104269531,8359.873,8351.65413907334
2021-05-29 11:00:00,8226.0,8252.109220263952,8229.808,8242.552020538073
2021-05-29 12:00:00,8187.0,8224.331842312957,8229.648,8226.610151457902
2021-05-29 13:00:00,8241.0,8240.204547877478,8231.586,8236.511143440537
2021-05-29 14:00:00,8310.0,8344.651869525353,8348.435,8346.272691694532
2021-05-29 15:00:00,8449.0,8388.656267407623,8410.372,8397.96207340601
2021-05-29 16:00:00,8573.0,8515.556582787314,8524.618,8519.439694754532
2021-05-29 17:00:00,8378.0,8502.78117276243,8515.552,8508.253762059525
2021-05-29 18:00:00,8060.0,8183.278406213546,8182.0566,8182.754841371894
2021-05-29 19:00:00,8152.0,8253.18615217745,8208.232,8233.921842203363
2021-05-29 20:00:00,8238.0,8178.218426646361,8175.4395,8177.027555067499
2021-05-29 21:00:00,7974.0,7867.763977728742,7855.9395,7862.696730864712
2021-05-29 22:00:00,7718.0,7733.853671769726,7715.3896,7725.941184062168
2021-05-29 23:00:00,7525.0,7620.451868934355,7634.7773,7626.5907981787705
2021-05-30 00:00:00,7912.0,7586.159709308241,7541.4844,7567.014593093963
2021-05-30 01:00:00,7887.0,7865.4726917905255,7858.6074,7862.530655441545
2021-05-30 02:00:00,7843.0,7872.4920620128505,7898.4937,7883.634497658532
2021-05-30 03:00:00,7843.0,7835.16932715997,7816.5366,7827.1843400161615
2021-05-30 04:00:00,7843.0,7804.334654816536,7792.231,7799.147682947881
2021-05-30 05:00:00,7568.0,7777.548108258287,7701.952,7745.152408802273
2021-05-30 06:00:00,7730.0,7711.413079916251,7701.2397,7707.053243108634
2021-05-30 07:00:00,7918.0,7895.037802567271,7860.317,7880.1584549768
2021-05-30 08:00:00,7906.0,8038.968887367727,8034.2,8036.925177734297
2021-05-30 09:00:00,7967.0,7993.20192372794,7981.947,7988.378700750209
2021-05-30 10:00:00,7868.0,7967.406077199273,7978.1035,7971.990102719929
2021-05-30 11:00:00,7815.0,7872.288970190667,7880.888,7875.974004528885
2021-05-30 12:00:00,7812.0,7818.170665423022,7832.2056,7824.1850713471895
2021-05-30 13:00:00,7818.0,7857.587422688675,7871.045,7863.354347019266
2021-05-30 14:00:00,7869.0,7943.151667320407,7936.3765,7940.248248403499
2021-05-30 15:00:00,7921.0,8023.463608652467,8025.302,8024.251246578701
2021-05-30 16:00:00,8100.0,8035.089298454564,8039.451,8036.958378943834
2021-05-30 17:00:00,8045.0,8111.740993759575,8117.253,8114.103079049007
2021-05-30 18:00:00,7843.0,7921.5708480414505,7958.4204,7937.362134024513
2021-05-30 19:00:00,8034.0,8119.394531159981,8061.216,8094.462635121768
2021-05-30 20:00:00,8091.0,8133.908075117001,8115.6606,8126.088380883766
2021-05-30 21:00:00,7708.0,7790.294470167469,7777.7183,7784.904993516489
2021-05-30 22:00:00,7412.0,7511.976965610776,7514.96,7513.255173614262
2021-05-30 23:00:00,7240.0,7598.460698064549,7537.5566,7572.361052039897
2021-05-31 00:00:00,8021.5,7300.956057648804,7377.3726,7333.70327404432
2021-05-31 01:00:00,8039.5,7806.732360575352,7806.428,7806.601868321593
2021-05-31 02:00:00,7323.0,7773.052824968168,7873.7,7816.183860888235
2021-05-31 03:00:00,8009.0,7937.940402401615,7980.1836,7956.043150641282
2021-05-31 04:00:00,8605.0,8560.812011467855,8535.499,8549.964356062528
2021-05-31 05:00:00,8970.0,8903.025896002193,8899.659,8901.582961914613
2021-05-31 06:00:00,9012.0,9098.498745004761,9113.139,9104.772420486728
2021-05-31 07:00:00,8997.0,9041.770613831884,9042.899,9042.254274159404
2021-05-31 08:00:00,9032.0,9035.071571208924,9021.573,9029.286856570543
2021-05-31 09:00:00,9076.0,9023.718015074403,9003.85,9015.203500345277
2021-05-31 10:00:00,9019.0,8992.828426792552,8979.738,8987.218712783219
2021-05-31 11:00:00,8815.0,8887.005266127679,8902.097,8893.47243660818
2021-05-31 12:00:00,8790.0,8755.890705765047,8759.213,8757.31431184829
2021-05-31 13:00:00,8689.0,8728.6380950612,8725.725,8727.389369040095
2021-05-31 14:00:00,8652.0,8674.26225933359,8687.893,8680.103168693444
2021-05-31 15:00:00,8606.0,8575.911738883131,8588.546,8581.325718961103
2021-05-31 16:00:00,8621.0,8605.204826215042,8613.68,8608.836397141622
2021-05-31 17:00:00,8555.0,8577.580298121842,8587.653,8581.896915217869
2021-05-31 18:00:00,8208.0,8290.009755889356,8342.423,8312.470553747356
2021-05-31 19:00:00,8245.0,8318.762295970328,8324.126,8321.060756711853
2021-05-31 20:00:00,8186.0,8232.624147060878,8234.348,8233.362571699112
2021-05-31 21:00:00,7724.0,7947.045183166248,7943.5576,7945.55064264451
2021-05-31 22:00:00,8580.5,8441.30307730526,8338.644,8397.309515241745
2021-05-31 23:00:00,8580.5,8566.84411297312,8590.025,8576.777936158585
2021-06-01 00:00:00,8580.5,8533.073687506778,8548.824,8539.823369359938
2021-06-01 01:00:00,8571.0,8529.09877818781,8535.199,8531.712987121595
2021-06-01 02:00:00,8546.0,8471.400905032506,8550.049,8505.104291825695
2021-06-01 03:00:00,8088.0,8253.834400039703,8218.279,8238.59771202928
2021-06-01 04:00:00,8537.0,8475.60057607303,8385.983,8437.196144497277
2021-06-01 05:00:00,8711.0,8739.837264102824,8739.793,8739.8180924479
2021-06-01 06:00:00,8800.0,8827.742732992065,8835.607,8831.112906003358
2021-06-01 07:00:00,8809.0,8835.63629063941,8853.63,8843.347173681977
2021-06-01 08:00:00,8880.0,8829.24552952337,8861.182,8842.931171820732
2021-06-01 09:00:00,8883.0,8858.47536522912,8896.634,8874.827579014189
2021-06-01 10:00:00,8746.0,8810.422848382792,8802.915,8807.205460856187
2021-06-01 11:00:00,8636.0,8699.099547293457,8679.602,8690.743790306946
2021-06-01 12:00:00,8587.0,8622.766816887412,8613.174,8618.655878674672
2021-06-01 13:00:00,8532.0,8579.333468490466,8567.635,8574.319930432437
2021-06-01 14:00:00,8545.0,8536.791448885953,8504.852,8523.103939643446
2021-06-01 15:00:00,8493.0,8528.169234441295,8497.318,8514.948388487765
2021-06-01 16:00:00,8497.0,8546.38301319576,8534.2295,8541.17476685892
2021-06-01 17:00:00,8445.0,8470.511352458097,8471.36,8470.874997853482
2021-06-01 18:00:00,8122.0,8169.018363208622,8167.175,8168.228307819871
2021-06-01 19:00:00,8102.0,8169.877248863144,8215.014,8189.219861927134
2021-06-01 20:00:00,7970.0,8100.634470502123,8112.3657,8105.661625484556
2021-06-01 21:00:00,7625.0,7957.668807284324,8003.505,7977.311107745446
2021-06-01 22:00:00,8469.0,8205.25140954865,8235.342,8218.146080430271
2021-06-01 23:00:00,8469.0,8479.973448149414,8502.57,8489.656994746703
2021-06-02 00:00:00,8469.0,8503.258542364525,8504.622,8503.842723407564
2021-06-02 01:00:00,8469.0,8487.933733341026,8496.371,8491.549267819115
2021-06-02 02:00:00,8469.0,8469.939130891376,8451.212,8461.913716848285
2021-06-02 03:00:00,7915.0,8042.470118726199,8031.189,8037.635719981278
2021-06-02 04:00:00,8366.0,8325.660062709392,8345.288,8334.071181211977
2021-06-02 05:00:00,8652.0,8568.94400909936,8590.566,8578.209883456597
2021-06-02 06:00:00,8726.0,8759.28491574067,8768.124,8763.072582014564
2021-06-02 07:00:00,8723.0,8763.06583149895,8762.406,8762.78304154013
2021-06-02 08:00:00,8741.0,8770.181885734153,8750.892,8761.915279659606
2021-06-02 09:00:00,8794.0,8746.55318494915,8738.538,8743.118397510563
2021-06-02 10:00:00,8681.0,8715.698894466914,8713.701,8714.842746191563
2021-06-02 11:00:00,8588.0,8572.69837719793,8616.276,8591.37294540474
2021-06-02 12:00:00,8557.0,8549.824959232112,8533.466,8542.814320341287
2021-06-02 13:00:00,8528.0,8508.951624650956,8505.963,8507.670818393504
2021-06-02 14:00:00,8476.0,8482.645020363892,8452.999,8469.940536328944
2021-06-02 15:00:00,8371.0,8465.778576917211,8441.668,8455.446268928281
2021-06-02 16:00:00,8405.0,8451.967005541406,8430.351,8442.703364232075
2021-06-02 17:00:00,8347.0,8408.689962410237,8394.881,8402.772168410327
2021-06-02 18:00:00,7961.0,8099.590420116143,8119.4062,8108.082078782592
2021-06-02 19:00:00,7957.0,8080.4106770694,8121.2793,8097.92429267626
2021-06-02 20:00:00,7820.0,7990.326230792999,7973.4194,7983.081050716898
2021-06-02 21:00:00,7445.0,7775.19341113888,7813.2812,7791.515281759066
2021-06-02 22:00:00,8334.0,8155.125436105728,8159.112,8156.83368669681
2021-06-02 23:00:00,8334.0,8351.398347296412,8377.273,8362.486699154571
2021-06-03 00:00:00,8334.0,8360.090981854868,8359.066,8359.651731106625
2021-06-03 01:00:00,8334.0,8358.995699182417,8360.103,8359.469908983017
2021-06-03 02:00:00,8334.0,8313.7844450645,8327.709,8319.751497678555
2021-06-03 03:00:00,7660.0,7934.898466967065,7919.575,7928.331895594288
2021-06-03 04:00:00,8148.0,8179.258304715877,8164.5317,8172.947246740335
2021-06-03 05:00:00,8321.0,8396.624719921929,8381.945,8390.333867319745
2021-06-03 06:00:00,8463.0,8496.85928897365,8490.901,8494.305901725498
2021-06-03 07:00:00,8483.0,8598.54861539655,8608.758,8602.923485656702
2021-06-03 08:00:00,8595.0,8594.48469666238,8587.734,8591.591827642274
2021-06-03 09:00:00,8567.0,8654.218604244457,8649.701,8652.282499052078
2021-06-03 10:00:00,8517.0,8545.550773660616,8556.501,8550.243117767048
2021-06-03 11:00:00,8491.0,8481.340838182638,8462.631,8473.322929539307
2021-06-03 12:00:00,8471.0,8472.29249237295,8469.32,8471.018586482776
2021-06-03 13:00:00,8450.0,8465.221054586606,8443.273,8455.815653623002
2021-06-03 14:00:00,8402.0,8458.00660730383,8445.161,8452.501699200318
2021-06-03 15:00:00,8370.0,8390.08388791549,8369.581,8381.297681614516
2021-06-03 16:00:00,8324.0,8407.9339293448,8395.111,8402.438756023988
2021-06-03 17:00:00,8196.0,8317.284065206222,8301.6,8310.562681674191
2021-06-03 18:00:00,7834.0,7987.246620519324,7983.7427,7985.744994395226
2021-06-03 19:00:00,7883.0,8002.006576209426,7992.771,7998.0486648101305
2021-06-03 20:00:00,7794.0,7873.557568086442,7850.478,7863.66697932804
2021-06-03 21:00:00,7438.0,7618.7577691350325,7609.062,7614.60266267732
2021-06-03 22:00:00,7110.0,7959.177880627857,7930.383,7946.83803865605
2021-06-03 23:00:00,8313.5,7915.2376392918095,7829.265,7878.395280997797
2021-06-04 00:00:00,8313.5,8283.730092453181,8291.951,8287.253049905601
2021-06-04 01:00:00,8313.5,8290.89774521871,8292.781,8291.704813757293
2021-06-04 02:00:00,7094.0,8105.571092748674,8104.7876,8105.235165646407
2021-06-04 03:00:00,7732.0,7595.872754056827,7649.3896,7618.806697398385
2021-06-04 04:00:00,8303.0,8118.105360289437,8065.9956,8095.7742610431205
2021-06-04 05:00:00,8575.0,8518.146889269408,8494.176,8507.874305713594
2021-06-04 06:00:00,8769.0,8695.817383535825,8704.765,8699.651601230575
2021-06-04 07:00:00,8801.0,8773.94835638965,8783.336,8777.97124410377
2021-06-04 08:00:00,8880.0,8783.615792599538,8823.568,8800.736796517991
2021-06-04 09:00:00,8856.0,8817.272125246436,8868.97,8839.426212278362
2021-06-04 10:00:00,8760.0,8748.708128672975,8756.81,8752.179702884496
2021-06-04 11:00:00,8676.0,8687.507069703366,8700.829,8693.216037894836
2021-06-04 12:00:00,8602.0,8580.240659900646,8575.905,8578.382790681204
2021-06-04 13:00:00,8572.0,8560.345780397913,8562.653,8561.334640836918
2021-06-04 14:00:00,8477.0,8526.959634641084,8547.683,8535.840154329395
2021-06-04 15:00:00,8396.0,8452.111098126361,8448.946,8450.75470200602
2021-06-04 16:00:00,8446.0,8420.845307102203,8400.829,8412.267574843685
2021-06-04 17:00:00,8350.0,8386.642025922023,8371.011,8379.943332409577
2021-06-04 18:00:00,8048.0,7986.546149214733,8001.6147,7993.003392113399
2021-06-04 19:00:00,8021.0,8054.147383404073,8054.292,8054.209239560918
2021-06-04 20:00:00,7848.0,7904.7752725381215,7924.4814,7913.219888494653
2021-06-04 21:00:00,7464.0,7515.023154711842,7575.493,7540.936632913333
2021-06-04 22:00:00,7837.5,7640.77109026035,7648.2534,7643.9773910944705
2021-06-04 23:00:00,7821.5,7900.468101939164,7858.385,7882.433791263783
2021-06-05 00:00:00,7807.5,7842.617611558803,7827.6133,7836.187587846306
2021-06-05 01:00:00,7797.5,7819.67943942956,7811.473,7816.162758932042
2021-06-05 02:00:00,7797.5,7803.4872435293555,7781.968,7794.265225083677
2021-06-05 03:00:00,7797.5,7743.905636481937,7738.6616,7741.6581698809905
2021-06-05 04:00:00,7184.0,7746.5675533414915,7727.7544,7738.505285578502
2021-06-05 05:00:00,7477.0,7508.111569878264,7469.494,7491.562598987809
2021-06-05 06:00:00,7609.0,7682.687107671499,7728.9717,7702.5216797204475
2021-06-05 07:00:00,7816.0,7737.668238386531,7771.047,7751.972143351797
2021-06-05 08:00:00,7827.0,7857.827214328756,7884.781,7869.377609625305
2021-06-05 09:00:00,7858.0,7862.158819892799,7854.1226,7858.71477991852
2021-06-05 10:00:00,7799.0,7900.979227015533,7909.8438,7904.777882472454
2021-06-05 11:00:00,7772.0,7815.7003945590295,7799.9795,7808.963343455616
2021-06-05 12:00:00,7796.0,7826.124666647968,7828.376,7827.089378362869
2021-06-05 13:00:00,7915.0,7844.440876562799,7852.077,7847.713159577
2021-06-05 14:00:00,7962.0,7965.386680931504,7984.832,7973.719636657463
2021-06-05 15:00:00,7952.0,8013.133552706629,8052.1157,8029.838720714273
2021-06-05 16:00:00,7895.0,8034.145878357687,8000.348,8019.6621688435225
2021-06-05 17:00:00,7760.0,7879.809301906732,7879.429,7879.646354448799
2021-06-05 18:00:00,7538.0,7641.137031264379,7624.71,7634.097401643518
2021-06-05 19:00:00,7612.0,7670.73573834653,7657.1123,7664.897476408351
2021-06-05 20:00:00,7585.0,7657.010205169145,7622.4717,7642.209110484193
2021-06-05 21:00:00,7261.0,7292.066709915979,7315.702,7302.195358969908
2021-06-05 22:00:00,6894.0,7330.46094281133,7287.7803,7312.170680284978
2021-06-05 23:00:00,6761.0,7093.037632239557,7036.0303,7068.607923340578
2021-06-06 00:00:00,7598.5,6784.881353090585,6753.792,6771.558436542853
2021-06-06 01:00:00,7598.5,7517.736792313628,7443.1294,7485.764721135812
2021-06-06 02:00:00,7598.5,7489.44203488587,7508.632,7497.665372233158
2021-06-06 03:00:00,7598.5,7504.081646294361,7535.126,7517.38513358131
2021-06-06 04:00:00,7598.5,7444.6654687314785,7513.0405,7473.966609408978
2021-06-06 05:00:00,7026.0,7379.661766935674,7405.272,7390.636513982932
2021-06-06 06:00:00,7343.0,7290.718515824564,7326.53,7306.064808017285
2021-06-06 07:00:00,7642.0,7588.550814568315,7575.8687,7583.115885430711
2021-06-06 08:00:00,7739.0,7769.955866172064,7780.2114,7774.350585834076
2021-06-06 09:00:00,7795.0,7769.250660008922,7782.925,7775.110428144678
2021-06-06 10:00:00,7741.0,7777.196314367129,7739.9966,7761.254838278688
2021-06-06 11:00:00,7724.0,7694.16255109896,7703.3125,7698.083625615033
2021-06-06 12:00:00,7716.0,7729.838848260416,7715.4116,7723.656136857591
2021-06-06 13:00:00,7687.0,7747.714082483986,7739.0933,7744.0196158385215
2021-06-06 14:00:00,7738.0,7772.247142678985,7788.4077,7779.172417586353
2021-06-06 15:00:00,7864.0,7812.865315801525,7832.5713,7821.309996686768
2021-06-06 16:00:00,7889.0,7932.542016034294,7925.0166,7929.317057326621
2021-06-06 17:00:00,7763.0,7833.610711497155,7808.618,7822.900337719497
2021-06-06 18:00:00,7403.0,7629.520124088324,7633.925,7631.407495258658
2021-06-06 19:00:00,7529.0,7636.030480164173,7622.972,7630.434321726699
2021-06-06 20:00:00,7562.0,7566.4746227680935,7579.4395,7572.030424038686
2021-06-06 21:00:00,7196.0,7244.57080781858,7277.8604,7258.836394108131
2021-06-06 22:00:00,6811.0,7163.098748374809,7238.849,7195.560567652972
2021-06-06 23:00:00,7720.0,7152.226587426264,7166.469,7158.32994785883
2021-06-07 00:00:00,7727.0,7751.517176981913,7707.485,7732.647534857505
2021-06-07 01:00:00,7750.5,7771.072749787508,7736.0547,7756.066236480231
2021-06-07 02:00:00,7813.5,7478.869675413203,7367.872,7431.303099483315
2021-06-07 03:00:00,7505.0,7847.223118469858,7831.2134,7840.362190927802
2021-06-07 04:00:00,8057.0,8110.879785407383,8052.858,8086.0152269019945
2021-06-07 05:00:00,8401.0,8428.588615716548,8410.117,8420.672816641974
2021-06-07 06:00:00,8621.0,8561.205224327321,8568.184,8564.195654602825
2021-06-07 07:00:00,8648.0,8741.19508890607,8722.3545,8733.121139187002
2021-06-07 08:00:00,8722.0,8728.319307707985,8716.637,8723.312662496839
2021-06-07 09:00:00,8804.0,8771.652078844741,8759.608,8766.49079272275
2021-06-07 10:00:00,8751.0,8766.419408968743,8750.717,8759.69021085856
2021-06-07 11:00:00,8679.0,8697.703035495244,8676.8,8688.745051383183
2021-06-07 12:00:00,8610.0,8566.873595475901,8563.841,8565.573837063177
2021-06-07 13:00:00,8427.0,8537.70395266834,8536.069,8537.003331812055
2021-06-07 14:00:00,8373.0,8389.977611264445,8395.932,8392.528940589498
2021-06-07 15:00:00,8346.0,8353.92937419145,8341.403,8348.561506267026
2021-06-07 16:00:00,8363.0,8340.734177114267,8349.322,8344.414489244718
2021-06-07 17:00:00,8299.0,8313.929912057432,8302.866,8309.18863064193
2021-06-07 18:00:00,7928.0,8052.106924327237,8003.8105,8031.410135312227
2021-06-07 19:00:00,7941.0,8002.81255260364,7967.366,7987.622287901013
2021-06-07 20:00:00,7733.0,7938.147431080301,7836.486,7894.581625962065
2021-06-07 21:00:00,7323.0,7810.6974400334375,7736.8374,7779.045500342069
2021-06-07 22:00:00,8322.5,7994.445554600252,7953.8784,7977.061069919521
2021-06-07 23:00:00,8322.5,8306.231417360923,8315.935,8310.389564762128
2021-06-08 00:00:00,8322.5,8266.876869324944,8308.223,8284.594950713836
2021-06-08 01:00:00,8322.5,8280.730929905929,8316.41,8296.020583699792
2021-06-08 02:00:00,8322.5,8219.062347981073,8268.762,8240.360303110025
2021-06-08 03:00:00,7543.0,7937.787826475628,7959.8037,7947.222316511234
2021-06-08 04:00:00,8124.0,8156.046515354752,8221.694,8184.178897399179
2021-06-08 05:00:00,8402.0,8361.318300799929,8374.888,8367.133128216494
2021-06-08 06:00:00,8529.0,8534.691041846127,8533.439,8534.154610533289
2021-06-08 07:00:00,8631.0,8566.742082627377,8582.613,8573.54336002273
2021-06-08 08:00:00,8760.0,8684.924086872623,8688.698,8686.541227368583
2021-06-08 09:00:00,8772.0,8763.100672808427,8776.286,8768.750950118923
2021-06-08 10:00:00,8742.0,8703.755641730677,8680.405,8693.749060118818
2021-06-08 11:00:00,8584.0,8665.973678560513,8635.298,8652.827974223677
2021-06-08 12:00:00,8570.0,8548.675485755888,8521.362,8536.97067078366
2021-06-08 13:00:00,8473.0,8500.061610076722,8498.653,8499.457932399906
2021-06-08 14:00:00,8490.0,8445.494979652574,8416.153,8432.920854171021
2021-06-08 15:00:00,8428.0,8433.199188304798,8423.637,8429.101291134903
2021-06-08 16:00:00,8448.0,8445.526201420691,8418.067,8433.759008767658
2021-06-08 17:00:00,8294.0,8392.14681528125,8379.418,8386.691901057802
2021-06-08 18:00:00,8012.0,8011.426760658296,7984.496,7999.885812526257
2021-06-08 19:00:00,8014.0,8046.991016502031,8019.87,8035.368661494863
2021-06-08 20:00:00,7857.0,7863.6314324554505,7852.87,7859.019702953629
2021-06-08 21:00:00,8286.0,7665.242080192751,7761.117,7706.327876258111
2021-06-08 22:00:00,8286.0,8366.049049317038,8370.498,8367.955474162492
2021-06-08 23:00:00,8286.0,8340.592326423526,8330.345,8336.200858412432
2021-06-09 00:00:00,8286.0,8330.426779850648,8318.925,8325.49757800268
2021-06-09 01:00:00,8286.0,8330.8434515415,8319.209,8325.857516780674
2021-06-09 02:00:00,8286.0,8289.751803874853,8271.056,8281.73964752766
2021-06-09 03:00:00,7580.0,7879.513830866783,7810.4385,7849.912318027483
2021-06-09 04:00:00,8077.0,8167.3614573904215,8143.4263,8157.104200753492
2021-06-09 05:00:00,8278.0,8363.905527493935,8367.596,8365.486877626996
2021-06-09 06:00:00,8464.0,8412.308339422683,8413.67,8412.891696122426
2021-06-09 07:00:00,8506.0,8560.190634634577,8575.907,8566.925668217096
2021-06-09 08:00:00,8565.0,8572.22729465219,8609.725,8588.296121800951
2021-06-09 09:00:00,8735.0,8620.028387902003,8640.433,8628.77211917846
2021-06-09 10:00:00,8659.0,8681.887473216359,8675.275,8679.053960788537
2021-06-09 11:00:00,8589.0,8579.776915388486,8570.389,8575.753519869766
2021-06-09 12:00:00,8568.0,8552.18294102272,8537.863,8546.046342031874
2021-06-09 13:00:00,8632.0,8518.02267078038,8523.717,8520.462743226115
2021-06-09 14:00:00,8619.0,8577.943028255324,8578.202,8578.053909231407
2021-06-09 15:00:00,8583.0,8560.177523533686,8570.971,8564.802697187653
2021-06-09 16:00:00,8543.0,8588.173899909756,8577.333,8583.528163110142
2021-06-09 17:00:00,8445.0,8437.170247141941,8439.807,8438.300049135825
2021-06-09 18:00:00,8102.0,8105.1903858156065,8177.93,8136.361843863005
2021-06-09 19:00:00,8079.0,8106.384784889831,8105.392,8105.959194097743
2021-06-09 20:00:00,7862.0,7843.185946414605,7879.3564,7858.686198519857
2021-06-09 21:00:00,8403.0,8013.192724232225,8087.113,8044.870093667091
2021-06-09 22:00:00,8403.0,8435.940698291553,8431.93,8434.221674591758
2021-06-09 23:00:00,8403.0,8393.223476766036,8380.918,8387.949995917366
2021-06-10 00:00:00,8403.0,8392.78086411794,8388.752,8391.05423673893
2021-06-10 01:00:00,8403.0,8395.688188867043,8390.617,8393.51498272642
2021-06-10 02:00:00,8403.0,8349.908374548444,8338.544,8345.03831048769
2021-06-10 03:00:00,7551.0,7942.829602755091,7835.54,7896.852042100467
2021-06-10 04:00:00,8005.0,8136.919085365953,8109.01,8124.958721132668
2021-06-10 05:00:00,8361.0,8310.425609865888,8292.016,8302.536147979477
2021-06-10 06:00:00,8527.0,8496.655882120524,8465.986,8483.512660207834
2021-06-10 07:00:00,8589.0,8560.689383350149,8568.109,8563.869132101492
2021-06-10 08:00:00,8684.0,8649.001078435584,8644.6455,8647.134370295556
2021-06-10 09:00:00,8730.0,8684.00505926792,8728.028,8702.87052894953
2021-06-10 10:00:00,8660.0,8669.934976503535,8667.493,8668.88834173121
2021-06-10 11:00:00,8647.0,8581.208190619875,8584.747,8582.724517400122
2021-06-10 12:00:00,8599.0,8579.210401193744,8583.6,8581.091154715436
2021-06-10 13:00:00,8599.0,8578.97151145053,8581.274,8579.95830008854
2021-06-10 14:00:00,8603.0,8587.271908774797,8594.27,8590.270520721899
2021-06-10 15:00:00,8510.0,8562.54928940625,8579.895,8569.982293241708
2021-06-10 16:00:00,8485.0,8518.998888797536,8519.437,8519.18638754253
2021-06-10 17:00:00,8446.0,8435.388060725092,8455.748,8444.112893718979
2021-06-10 18:00:00,8141.0,8133.266790379894,8141.5195,8136.803208978769
2021-06-10 19:00:00,8160.0,8123.196014352143,8132.8857,8127.348422401038
2021-06-10 20:00:00,7916.0,7905.421066931555,7931.707,7916.685371878024
2021-06-10 21:00:00,7512.0,7973.548404015274,8035.3384,8000.027561214728
2021-06-10 22:00:00,8465.5,8017.333043218936,8039.6763,8026.907765142469
2021-06-10 23:00:00,6940.0,8462.960676399862,8466.331,8464.40478967559
2021-06-11 00:00:00,8465.5,7808.010686959874,8023.761,7900.4676389237775
2021-06-11 01:00:00,6849.0,8440.507855886543,8465.282,8451.124362444089
2021-06-11 02:00:00,7095.0,7684.822850632135,7724.961,7702.023428577281
2021-06-11 03:00:00,7679.0,7520.659302738772,7563.278,7538.92286588394
2021-06-11 04:00:00,8240.0,7973.754352051103,7955.424,7965.898915081459
2021-06-11 05:00:00,8544.0,8492.150724087363,8425.673,8463.662492677418
2021-06-11 06:00:00,8823.0,8640.363166625913,8644.301,8642.050415077108
2021-06-11 07:00:00,8886.0,8806.608815439735,8839.815,8820.838869041552
2021-06-11 08:00:00,8938.0,8879.278242744813,8903.3,8889.572350832428
2021-06-11 09:00:00,9010.0,8893.725254512414,8900.985,8896.836345416901
2021-06-11 10:00:00,8913.0,8883.619105647478,8904.196,8892.437028152388
2021-06-11 11:00:00,8818.0,8817.598597465616,8824.88,8820.718736222223
2021-06-11 12:00:00,8728.0,8747.055095931008,8740.622,8744.298287654914
2021-06-11 13:00:00,8653.0,8656.998564575622,8650.424,8654.18095898772
2021-06-11 14:00:00,8548.0,8594.143726017579,8611.769,8601.69653595746
2021-06-11 15:00:00,8440.0,8520.888503058219,8554.3125,8535.211789505145
2021-06-11 16:00:00,8310.0,8478.002673395213,8493.655,8484.710212535441
2021-06-11 17:00:00,8184.0,8311.63105448204,8297.507,8305.578286899263
2021-06-11 18:00:00,7927.0,7994.870161269816,7983.345,7989.93115848152
2021-06-11 19:00:00,7896.0,8021.284760938934,8020.2954,8020.860607122274
2021-06-11 20:00:00,7798.0,7828.089382421702,7812.339,7821.339582854397
2021-06-11 21:00:00,7407.0,7472.543950371099,7395.358,7439.466743824409
2021-06-11 22:00:00,7056.0,7542.844640652228,7524.6475,7535.046286218498
2021-06-11 23:00:00,7911.5,7532.950586721354,7524.4854,7529.322860938483
2021-06-12 00:00:00,7911.5,7870.039754833092,7846.8535,7860.103455276256
2021-06-12 01:00:00,7911.5,7720.319772919104,7673.0327,7700.055445369406
2021-06-12 02:00:00,7911.5,7692.426552108873,7620.2817,7661.5097786829565
2021-06-12 03:00:00,7911.5,7655.401673735727,7608.8887,7635.469092918971
2021-06-12 04:00:00,7250.0,7712.588432961631,7703.678,7708.770080329409
2021-06-12 05:00:00,7528.0,7377.805120706142,7360.75,7370.496407120425
2021-06-12 06:00:00,7682.0,7671.235661220859,7685.5957,7677.38946284396
2021-06-12 07:00:00,7932.0,7746.251982278537,7749.8,7747.772213902298
2021-06-12 08:00:00,8062.0,7888.908572901346,7911.5723,7898.620668523442
2021-06-12 09:00:00,8037.0,7976.687384186483,8006.655,7989.529381195263
2021-06-12 10:00:00,8086.0,7947.9159226492375,7943.688,7946.1039024210895
2021-06-12 11:00:00,8080.0,7943.957453688911,7993.2334,7965.073960167276
2021-06-12 12:00:00,8119.0,7974.391650720081,8032.8096,7999.4257055789285
2021-06-12 13:00:00,8229.0,8062.719734945445,8098.068,8077.8675458941525
2021-06-12 14:00:00,8300.0,8204.266068751158,8216.183,8209.372545044742
2021-06-12 15:00:00,8438.0,8272.198494727938,8264.162,8268.754472871478
2021-06-12 16:00:00,8237.0,8306.600570950823,8363.76,8331.095395561304
2021-06-12 17:00:00,8093.0,8038.254180338691,8073.0317,8053.157617991866
2021-06-12 18:00:00,7802.0,7732.605199648148,7761.3555,7744.9257260306385
2021-06-12 19:00:00,7814.0,7791.539810116965,7781.4375,7787.210409673299
2021-06-12 20:00:00,7774.0,7675.078850143496,7646.752,7662.939708420265
2021-06-12 21:00:00,7392.0,7291.379569731332,7302.547,7296.164988215978
2021-06-12 22:00:00,7075.0,7118.979385483392,7172.0396,7141.717597025632
2021-06-12 23:00:00,6878.0,7127.678723546134,7297.736,7200.554428534795
2021-06-13 00:00:00,6744.0,7285.997074564155,7385.9834,7328.844704655634
2021-06-13 01:00:00,6664.0,6976.599978409319,7119.6553,7037.904251632056
2021-06-13 02:00:00,7756.5,6909.217062690381,7029.1724,6960.622237457671
2021-06-13 03:00:00,7756.5,7560.442614214565,7549.301,7555.667824795516
2021-06-13 04:00:00,7756.5,7492.382349088376,7441.1533,7470.428661890914
2021-06-13 05:00:00,7756.5,7404.966456638283,7409.6445,7406.970996381161
2021-06-13 06:00:00,7541.0,7512.315442967346,7542.976,7525.454460398071
2021-06-13 07:00:00,7761.0,7639.805224057252,7631.5303,7636.258930038665
2021-06-13 08:00:00,7895.0,7813.945024865107,7827.117,7819.589608516588
2021-06-13 09:00:00,7826.0,7865.865198538305,7850.1934,7859.149245777382
2021-06-13 10:00:00,7779.0,7797.469650185542,7785.5493,7792.361303057868
2021-06-13 11:00:00,7704.0,7759.935708680971,7744.9985,7753.534589176832
2021-06-13 12:00:00,7752.0,7710.54613988627,7702.322,7707.021685830251
2021-06-13 13:00:00,7768.0,7779.950425784051,7770.1323,7775.74301869434
2021-06-13 14:00:00,7813.0,7823.9318814419175,7822.0854,7823.140481171333
2021-06-13 15:00:00,7834.0,7875.747021107855,7913.7495,7892.032429329383
2021-06-13 16:00:00,7918.0,7920.756640718839,7877.425,7902.187371712724
2021-06-13 17:00:00,7903.0,7883.287318753018,7862.0625,7874.191530843179
2021-06-13 18:00:00,7712.0,7680.376698436022,7662.8794,7672.878367439748
2021-06-13 19:00:00,7821.0,7756.206229734654,7764.138,7759.605232889236
2021-06-13 20:00:00,7793.0,7694.392711092402,7689.461,7692.279118462884
2021-06-13 21:00:00,7469.0,7305.118719278382,7307.5874,7306.176565084051
2021-06-13 22:00:00,7786.0,7150.6507225070945,7126.6763,7140.376664415979
2021-06-13 23:00:00,7803.0,7651.599439880962,7556.704,7610.933218460398
2021-06-14 00:00:00,7817.0,7652.525253836517,7502.8047,7588.364386827214
2021-06-14 01:00:00,7827.5,7683.411681190036,7556.2944,7628.937211784535
2021-06-14 02:00:00,7868.5,7643.715831054411,7583.427,7617.879684996503
2021-06-14 03:00:00,7744.0,7546.890405272177,7503.575,7528.328263181119
2021-06-14 04:00:00,8151.0,7989.052355940894,8031.657,8007.310109158653
2021-06-14 05:00:00,8445.0,8386.030894353853,8349.198,8370.246680998433
2021-06-14 06:00:00,8570.0,8636.38557028056,8635.386,8635.957051989128
2021-06-14 07:00:00,8578.0,8648.962685394474,8646.521,8647.916385157256
2021-06-14 08:00:00,8737.0,8676.484376919636,8655.683,8667.57004896865
2021-06-14 09:00:00,8707.0,8787.21532714478,8755.891,8773.791357231647
2021-06-14 10:00:00,8725.0,8684.964906539626,8677.74,8681.868753531555
2021-06-14 11:00:00,8589.0,8669.77073281992,8648.736,8660.756640686388
2021-06-14 12:00:00,8525.0,8554.169298050416,8530.009,8543.815505504066
2021-06-14 13:00:00,8467.0,8435.488542243957,8430.127,8433.190823038263
2021-06-14 14:00:00,8502.0,8424.730242260264,8418.556,8422.084108504743
2021-06-14 15:00:00,8453.0,8419.480658012902,8420.771,8420.033626321992
2021-06-14 16:00:00,8472.0,8431.70341543874,8435.507,8433.333181663023
2021-06-14 17:00:00,8320.0,8405.842080167526,8410.524,8407.848565465627
2021-06-14 18:00:00,8096.0,8033.816819914606,8069.2866,8049.016848608076
2021-06-14 19:00:00,8139.0,8050.140548410724,8054.1763,8051.869919609921
2021-06-14 20:00:00,8013.0,7944.232531029125,7970.3867,7955.440385305087
2021-06-14 21:00:00,7597.0,7724.029749159817,7684.9683,7707.290306965876
2021-06-14 22:00:00,8386.5,8319.365566579509,8242.925,8286.607896341677
2021-06-14 23:00:00,8386.5,8390.761235194548,8357.912,8376.684028347297
2021-06-15 00:00:00,8386.5,8348.342526070639,8344.669,8346.768241308488
2021-06-15 01:00:00,8386.5,8348.065761441225,8349.501,8348.680637102963
2021-06-15 02:00:00,8386.5,8313.214901399493,8297.236,8306.367430589828
2021-06-15 03:00:00,7859.0,7966.097370326086,7924.035,7948.072058672119
2021-06-15 04:00:00,8300.0,8301.29269413681,8258.717,8283.047245843572
2021-06-15 05:00:00,8593.0,8489.01703011716,8460.292,8476.707150598344
2021-06-15 06:00:00,8737.0,8701.971812362948,8673.184,8689.63494042511
2021-06-15 07:00:00,8742.0,8744.881175897113,8715.9795,8732.495669264994
2021-06-15 08:00:00,8833.0,8758.241397810434,8751.075,8755.170341544675
2021-06-15 09:00:00,8880.0,8810.677104338858,8805.224,8808.340016632646
2021-06-15 10:00:00,8810.0,8771.561015945306,8786.579,8777.996614940033
2021-06-15 11:00:00,8741.0,8729.109107773547,8719.225,8724.873135158534
2021-06-15 12:00:00,8602.0,8665.345375939505,8639.592,8654.30901018492
2021-06-15 13:00:00,8580.0,8561.128934535762,8562.229,8561.60005582878
2021-06-15 14:00:00,8565.0,8558.063939659252,8556.471,8557.380994249263
2021-06-15 15:00:00,8498.0,8528.852801554716,8551.609,8538.604647049891
2021-06-15 16:00:00,8492.0,8529.417324643091,8523.46,8526.864263031755
2021-06-15 17:00:00,8420.0,8446.34138071007,8436.553,8442.14648472597
2021-06-15 18:00:00,8166.0,8126.686023204981,8108.3525,8118.829406865947
2021-06-15 19:00:00,8130.0,8158.316219209554,8171.0703,8163.7816140617315
2021-06-15 20:00:00,7986.0,7998.851029386011,8016.821,8006.551537751046
2021-06-15 21:00:00,7651.0,7903.492787018488,7895.7065,7900.155940317876
2021-06-15 22:00:00,8456.0,8416.550526478664,8402.878,8410.691194748599
2021-06-15 23:00:00,8456.0,8494.928553615538,8492.322,8493.81144392159
2021-06-16 00:00:00,8456.0,8476.083636330928,8490.199,8482.132596127874
2021-06-16 01:00:00,8456.0,8476.083636330928,8492.816,8483.254178159124
2021-06-16 02:00:00,8456.0,8418.191359553053,8402.971,8411.668665658857
2021-06-16 03:00:00,7828.0,7939.778330256893,7916.7554,7929.912062591796
2021-06-16 04:00:00,8267.0,8304.764365366822,8270.368,8290.024342825729
2021-06-16 05:00:00,8502.0,8490.64771209126,8466.743,8480.403674042307
2021-06-16 06:00:00,8661.0,8642.129583966112,8637.277,8640.05009224749
2021-06-16 07:00:00,8726.0,8707.373245756407,8697.943,8703.332013284828
2021-06-16 08:00:00,8786.0,8761.786104440955,8758.0625,8760.19039628562
2021-06-16 09:00:00,8869.0,8795.773330211805,8809.588,8801.693172921838
2021-06-16 10:00:00,8787.0,8782.74766012368,8776.479,8780.061003112976
2021-06-16 11:00:00,8591.0,8702.583860979868,8714.162,8707.545494802267
2021-06-16 12:00:00,8621.0,8560.44611455551,8557.719,8559.277232038388
2021-06-16 13:00:00,8651.0,8574.998543185246,8567.621,8571.836820060013
2021-06-16 14:00:00,8623.0,8580.835957993968,8573.35,8577.627766888421
2021-06-16 15:00:00,8491.0,8571.287276519311,8569.85,8570.671045251554
2021-06-16 16:00:00,8555.0,8525.66344222988,8507.09,8517.703920041251
2021-06-16 17:00:00,8470.0,8497.770149654698,8519.644,8507.143563906262
2021-06-16 18:00:00,8167.0,8132.385504037353,8131.167,8131.863306823976
2021-06-16 19:00:00,8167.0,8163.914404803844,8188.279,8174.355283752253
2021-06-16 20:00:00,7970.0,7990.842760752566,8021.5854,8004.017097805802
2021-06-16 21:00:00,8480.5,7910.187433111602,7897.824,7904.889155997877
2021-06-16 22:00:00,8480.5,8513.46119120839,8487.738,8502.437811874657
2021-06-16 23:00:00,8480.5,8491.77840876711,8465.6,8480.559835533928
2021-06-17 00:00:00,8480.5,8495.916568522236,8490.313,8493.515218400062
2021-06-17 01:00:00,8480.5,8496.333240213087,8492.135,8494.533848584306
2021-06-17 02:00:00,8480.5,8434.845435966961,8431.114,8433.246407064955
2021-06-17 03:00:00,8480.5,7945.487656061265,7931.0723,7939.309987028141
2021-06-17 04:00:00,8350.0,8379.725158671798,8414.51,8394.631465323338
2021-06-17 05:00:00,8542.0,8529.63807997045,8523.669,8527.080016223113
2021-06-17 06:00:00,8642.0,8668.922102170138,8680.312,8673.802685219882
2021-06-17 07:00:00,8598.0,8702.071256969564,8718.29,8709.02160335891
2021-06-17 08:00:00,8594.0,8690.60565570838,8708.111,8698.107371745522
2021-06-17 09:00:00,8709.0,8672.463583468054,8674.478,8673.326512035781
2021-06-17 10:00:00,8693.0,8686.660339892818,8692.432,8689.133530016436
2021-06-17 11:00:00,8661.0,8633.229412554703,8618.3125,8626.836773087303
2021-06-17 12:00:00,8686.0,8598.097324448885,8598.108,8598.1018687105
2021-06-17 13:00:00,8706.0,8668.971722383912,8643.305,8657.97239877604
2021-06-17 14:00:00,8701.0,8672.376695821848,8671.21,8671.876712444817
2021-06-17 15:00:00,8616.0,8627.505197881961,8635.593,8630.970867551903
2021-06-17 16:00:00,8589.0,8633.762439883396,8608.611,8622.98415211514
2021-06-17 17:00:00,8533.0,8565.392719234742,8545.242,8556.75735570105
2021-06-17 18:00:00,8320.0,8192.205532078022,8162.8057,8179.606610889504
2021-06-17 19:00:00,8292.0,8267.359810480097,8249.331,8259.633629203454
2021-06-17 20:00:00,8160.0,8045.195906301043,8054.943,8049.372851077607
2021-06-17 21:00:00,7854.0,8146.602596765581,8037.602,8099.891663053895
2021-06-17 22:00:00,8561.0,8307.652960417037,8357.381,8328.963155007736
2021-06-17 23:00:00,8561.0,8491.60568144488,8485.08,8488.809028587944
2021-06-18 00:00:00,8561.0,8524.241497378085,8529.421,8526.460910731006
2021-06-18 01:00:00,8561.0,8493.227236332015,8488.06,8491.012543267338
2021-06-18 02:00:00,8561.0,8391.68520381016,8379.193,8386.331915607443
2021-06-18 03:00:00,7973.0,8099.270128197644,8105.195,8101.808955794773
2021-06-18 04:00:00,8321.0,8390.505511316826,8288.485,8346.785938394889
2021-06-18 05:00:00,8625.0,8558.601608420331,8492.968,8530.475117482538
2021-06-18 06:00:00,8833.0,8736.050121862474,8727.383,8732.335764169069
2021-06-18 07:00:00,8885.0,8823.522685529984,8829.395,8826.038949968992
2021-06-18 08:00:00,8919.0,8869.019429132139,8884.213,8875.530371335743
2021-06-18 09:00:00,9002.0,8905.547689599385,8898.801,8902.65639878562
2021-06-18 10:00:00,8981.0,8898.994930964614,8904.054,8901.162713855494
2021-06-18 11:00:00,8930.0,8887.892073519311,8897.314,8891.929898137134
2021-06-18 12:00:00,8915.0,8842.69898682992,8844.625,8843.524359086867
2021-06-18 13:00:00,8908.0,8850.962555060156,8843.585,8847.80088480476
2021-06-18 14:00:00,8913.0,8852.909406229572,8861.963,8856.788927204409
2021-06-18 15:00:00,8758.0,8822.827512422518,8851.338,8835.045248459592
2021-06-18 16:00:00,8680.0,8725.633533309838,8738.932,8731.332040043193
2021-06-18 17:00:00,8516.0,8493.12708099999,8508.907,8499.889390195633
2021-06-18 18:00:00,8231.0,8161.933736471256,8203.372,8179.691421942152
2021-06-18 19:00:00,8265.0,8197.27236807828,8205.857,8200.951340784832
2021-06-18 20:00:00,8164.0,8061.579391004355,8036.018,8050.625304937633
2021-06-18 21:00:00,7840.0,7694.055782074754,7747.179,7716.820950873044
2021-06-18 22:00:00,7449.0,7837.063295089427,7834.6416,7836.025462362856
2021-06-18 23:00:00,7218.0,7748.588434612669,7835.768,7785.947986984762
2021-06-19 00:00:00,8184.5,7564.372273710746,7579.5312,7570.868315214787
2021-06-19 01:00:00,8184.5,8063.137975121733,8064.92,8063.901476707236
2021-06-19 02:00:00,8184.5,8029.720392105945,8019.9937,8025.5521108954545
2021-06-19 03:00:00,8184.5,7950.051932434741,7955.8506,7952.536711961685
2021-06-19 04:00:00,7558.0,7930.317658179125,7955.372,7941.05421908531
2021-06-19 05:00:00,7802.0,7536.671575451606,7515.669,7527.6711935036465
2021-06-19 06:00:00,7992.0,7873.769462930127,7880.3057,7876.570296030717
2021-06-19 07:00:00,8156.0,8051.79403550675,8031.034,8042.897590579952
2021-06-19 08:00:00,8250.0,8198.160347497835,8187.3223,8193.515673256681
2021-06-19 09:00:00,8253.0,8233.253074323655,8245.052,8238.309138791506
2021-06-19 10:00:00,8205.0,8224.252860043742,8218.612,8221.835523797145
2021-06-19 11:00:00,8231.0,8168.375937532457,8159.4155,8164.535989769377
2021-06-19 12:00:00,8294.0,8189.390102831207,8188.9473,8189.200332939885
2021-06-19 13:00:00,8322.0,8287.741849269716,8289.93,8288.679411013856
2021-06-19 14:00:00,8327.0,8326.770062321038,8373.285,8346.703308058415
2021-06-19 15:00:00,8297.0,8327.58968168554,8361.63,8342.177061591368
2021-06-19 16:00:00,8346.0,8314.598320107105,8305.46,8310.682173620116
2021-06-19 17:00:00,8242.0,8214.716841084795,8233.469,8222.75273754285
2021-06-19 18:00:00,7990.0,7951.102131993545,7980.1953,7963.569479721886
2021-06-19 19:00:00,8012.0,8006.429354097543,8028.5063,8015.890085183861
2021-06-19 20:00:00,8004.0,7902.15127148424,7933.052,7915.393219587873
2021-06-19 21:00:00,7743.0,7597.571887590042,7627.3716,7610.342143088089
2021-06-19 22:00:00,7400.0,7436.257541421264,7412.246,7425.967695187498
2021-06-19 23:00:00,7251.0,7389.436263463775,7299.8804,7351.058218149871
2021-06-20 00:00:00,7085.0,7341.448725385172,7335.1846,7338.7642486020595
2021-06-20 01:00:00,7997.0,7275.113415900483,7313.5737,7291.595063166651
2021-06-20 02:00:00,7044.0,7821.605068969064,7830.755,7825.525880978923
2021-06-20 03:00:00,7136.0,7325.487744150298,7362.65,7341.41290796414
2021-06-20 04:00:00,7333.0,7338.012864162614,7332.9873,7335.8591293991
2021-06-20 05:00:00,7585.0,7405.048640753657,7407.554,7406.122209639072
2021-06-20 06:00:00,7811.0,7615.957995681977,7653.867,7632.203378315267
2021-06-20 07:00:00,7974.0,7853.270947785265,7866.4478,7858.9176690474005
2021-06-20 08:00:00,8126.0,8013.8027642057405,8021.335,8017.03047674063
2021-06-20 09:00:00,8216.0,8063.715931431535,8069.1885,8066.0611032673805
2021-06-20 10:00:00,8182.0,8059.729756188743,8064.4277,8061.742866950685
2021-06-20 11:00:00,8190.0,8038.927515083952,8060.373,8048.117599442961
2021-06-20 12:00:00,8148.0,8066.26923000314,8090.416,8076.616899545798
2021-06-20 13:00:00,8112.0,8047.7112968137335,8086.5312,8064.346925695406
2021-06-20 14:00:00,8176.0,8091.1574071736,8124.615,8105.4950985725245
2021-06-20 15:00:00,8085.0,8137.075954330921,8168.8623,8150.697535920964
2021-06-20 16:00:00,8042.0,8133.957388432405,8107.254,8122.51377843375
2021-06-20 17:00:00,7994.0,8014.827363065036,8002.3423,8009.476837295219
2021-06-20 18:00:00,7784.0,7825.968595583086,7867.989,7843.975775404615
2021-06-20 19:00:00,7897.0,7912.971066527118,7914.9893,7913.835857544782
2021-06-20 20:00:00,7769.0,7878.556836141782,7882.64,7880.30659271202
2021-06-20 21:00:00,7469.0,7440.127378355281,7453.077,7445.676723813528
2021-06-20 22:00:00,7163.0,7298.994050168588,7331.997,7313.1369902901915
2021-06-20 23:00:00,8063.5,7532.985362690231,7580.5103,7553.351523193143
2021-06-21 00:00:00,8063.5,7868.182139483861,7903.8994,7883.488185222345
2021-06-21 01:00:00,8063.5,7945.870680512424,8012.7686,7974.538881235104
2021-06-21 02:00:00,7060.0,7766.350322334183,7834.544,7795.5735968892095
2021-06-21 03:00:00,7622.0,7796.510962401288,7828.9385,7810.407198111694
2021-06-21 04:00:00,8280.0,8217.663303544065,8155.946,8191.215097344725
2021-06-21 05:00:00,8632.0,8594.007980762244,8517.199,8561.092595329705
2021-06-21 06:00:00,8791.0,8774.213097575514,8757.108,8766.883032039295
2021-06-21 07:00:00,8938.0,8828.423755570853,8822.496,8825.883433113413
2021-06-21 08:00:00,9119.0,8964.28233961715,8945.882,8956.396880715638
2021-06-21 09:00:00,9180.0,9120.540338337152,9076.149,9101.517065200065
2021-06-21 10:00:00,9152.0,9040.897232863888,9044.912,9042.617717761541
2021-06-21 11:00:00,9191.0,9025.013509526845,9028.818,9026.64402327556
2021-06-21 12:00:00,9102.0,9030.839558296117,9061.635,9044.036384985076
2021-06-21 13:00:00,8989.0,9013.008897279764,9024.075,9017.751112334086
2021-06-21 14:00:00,8935.0,8923.550773333793,8932.878,8927.54777306247
2021-06-21 15:00:00,8758.0,8841.897985342488,8850.686,8845.663784051074
2021-06-21 16:00:00,8569.0,8749.522128225233,8730.145,8741.218115994388
2021-06-21 17:00:00,8600.0,8524.334974807323,8531.965,8527.604661688423
2021-06-21 18:00:00,8446.0,8295.615241568805,8279.157,8288.562311184727
2021-06-21 19:00:00,8427.0,8356.962921077482,8354.856,8356.06020389399
2021-06-21 20:00:00,8239.0,8172.651710850787,8212.052,8189.53607819839
2021-06-21 21:00:00,7896.0,8155.735997159737,8151.1743,8153.78098864251
2021-06-21 22:00:00,7566.0,8431.303458584323,8367.499,8403.960822145436
2021-06-21 23:00:00,7315.0,8341.838027396663,8407.856,8370.129283615403
2021-06-22 00:00:00,8558.5,8135.712938821724,8178.1387,8153.893720149202
2021-06-22 01:00:00,8558.5,8538.47750156987,8508.439,8525.605054638258
2021-06-22 02:00:00,8558.5,8473.47027055879,8479.668,8476.126213879354
2021-06-22 03:00:00,7795.0,8104.501381159215,8148.3257,8123.281579506781
2021-06-22 04:00:00,8260.0,8210.718535696145,8279.226,8240.076250932823
2021-06-22 05:00:00,8548.0,8464.997763597461,8520.309,8488.700258034452
2021-06-22 06:00:00,8776.0,8712.84151377257,8733.64,8721.75404726099
2021-06-22 07:00:00,8846.0,8821.170126312727,8826.521,8823.463347392913
2021-06-22 08:00:00,9010.0,8859.996084026974,8891.46,8873.479328937796
2021-06-22 09:00:00,9062.0,8991.92547768188,8974.969,8984.658765134453
2021-06-22 10:00:00,8993.0,8966.123438528883,8967.362,8966.654323558741
2021-06-22 11:00:00,9014.0,8928.236603684474,8910.239,8920.523893281354
2021-06-22 12:00:00,8963.0,8948.187706635686,8932.804,8941.594895422892
2021-06-22 13:00:00,8881.0,8897.40409923055,8901.312,8899.078562973129
2021-06-22 14:00:00,8823.0,8850.414649535576,8864.52,8856.458968276802
2021-06-22 15:00:00,8634.0,8759.936046171502,8763.5625,8761.49008935719
2021-06-22 16:00:00,8562.0,8618.361797911102,8618.286,8618.329245540297
2021-06-22 17:00:00,8470.0,8528.21227419248,8558.468,8541.177818113136
2021-06-22 18:00:00,8324.0,8241.656403796556,8259.539,8249.31958567366
2021-06-22 19:00:00,8441.0,8313.65364548044,8359.878,8333.462395039493
2021-06-22 20:00:00,8343.0,8190.0606374875315,8210.6875,8198.899925180238
2021-06-22 21:00:00,8033.0,8063.131453376028,8014.4644,8042.275679455996
2021-06-22 22:00:00,7701.0,8091.693238760178,8201.052,8138.5571660685055
2021-06-22 23:00:00,7524.0,8103.240620136285,8113.9355,8107.823796083971
2021-06-23 00:00:00,7430.0,8149.754178176203,8177.726,8161.741016212345
2021-06-23 01:00:00,7418.0,8092.224437149224,8153.08,8118.303109299339
2021-06-23 02:00:00,7543.0,7967.6057054951,8092.806,8021.258479852404
2021-06-23 03:00:00,8068.0,8011.6412781620575,7938.3623,7980.238381889334
2021-06-23 04:00:00,8415.0,8228.927718103287,8266.25,8244.921584691125
2021-06-23 05:00:00,8645.0,8487.036020369254,8518.636,8500.577517510023
2021-06-23 06:00:00,8904.0,8660.705506480213,8715.416,8684.150902978512
2021-06-23 07:00:00,8981.0,8873.547636132671,8881.006,8876.743564022212
2021-06-23 08:00:00,9000.0,8934.941038638144,8964.88,8947.77075957716
2021-06-23 09:00:00,9141.0,8943.870063457864,8956.014,8949.074053731249
2021-06-23 10:00:00,9097.0,8981.18504640438,8980.494,8980.888922068132
2021-06-23 11:00:00,9030.0,8953.574027656974,8976.949,8963.59094930307
2021-06-23 12:00:00,8919.0,8895.803745055473,8899.616,8897.437456692716
2021-06-23 13:00:00,8785.0,8837.972458934506,8821.76,8831.024737571539
2021-06-23 14:00:00,8760.0,8722.860525989885,8769.192,8742.71538552998
2021-06-23 15:00:00,8461.0,8669.504259952004,8667.264,8668.54405847051
2021-06-23 16:00:00,8132.0,8506.544695007657,8490.768,8499.783627532735
2021-06-23 17:00:00,8072.0,8179.341054918647,8209.221,8192.14541435583
2021-06-23 18:00:00,8064.0,7968.513669493651,8043.5405,8000.665287466493
2021-06-23 19:00:00,8035.0,8102.59641280131,8190.88,8140.429043865115
2021-06-23 20:00:00,7891.0,7980.186616639848,8022.357,7998.258068250582
2021-06-23 21:00:00,7535.0,7720.133672059822,7783.777,7747.407103358825
2021-06-23 22:00:00,7147.0,7933.195253528753,7920.618,7927.805348857042
2021-06-23 23:00:00,7077.0,7985.774251375362,8063.9194,8019.262231949355
2021-06-24 00:00:00,8049.5,7862.7869505737,7875.0674,7868.049563668558
2021-06-24 01:00:00,8039.0,8010.794809255262,8021.906,8015.556169592247
2021-06-24 02:00:00,8034.0,7871.94445516884,7918.838,7892.039822128078
2021-06-24 03:00:00,8015.5,7958.80153142423,7922.752,7943.352949342872
2021-06-24 04:00:00,7616.0,8311.9851509572,8322.52,8316.499390062123
2021-06-24 05:00:00,7848.0,8062.392161161682,8086.9014,8072.895193227739
2021-06-24 06:00:00,8033.0,8106.260513388381,8140.6855,8121.012689206231
2021-06-24 07:00:00,8260.0,8186.385760899242,8195.093,8190.117006514841
2021-06-24 08:00:00,8246.0,8367.985522520317,8374.595,8370.817712887827
2021-06-24 09:00:00,8262.0,8334.539654751594,8324.171,8330.096226344735
2021-06-24 10:00:00,8224.0,8271.069177249092,8282.587,8276.004861259165
2021-06-24 11:00:00,8097.0,8227.89648708503,8222.475,8225.572996600666
2021-06-24 12:00:00,8043.0,8136.948782791723,8143.424,8139.723494857874
2021-06-24 13:00:00,7998.0,8094.8978977095,8110.1313,8101.425864767646
2021-06-24 14:00:00,7971.0,8081.612592924467,8077.5283,8079.862120116491
2021-06-24 15:00:00,7844.0,8053.952570060674,8061.0293,8056.985117903606
2021-06-24 16:00:00,7778.0,7955.875848492306,7908.216,7935.451780685848
2021-06-24 17:00:00,7958.0,7789.134003193483,7812.9097,7799.322639702649
2021-06-24 18:00:00,8116.0,7833.557077437368,7852.376,7841.621640944269
2021-06-24 19:00:00,8136.0,8060.007886866732,8056.924,8058.686232271674
2021-06-24 20:00:00,7994.0,7907.7852146983305,7893.652,7901.728534385593
2021-06-24 21:00:00,7645.0,7596.924399712035,7538.6343,7571.944783737202
2021-06-24 22:00:00,7293.0,7469.132631263034,7542.598,7500.615200322007
2021-06-24 23:00:00,7863.0,7208.418035634506,7361.508,7274.022600705681
2021-06-25 00:00:00,7863.0,7861.927735052436,7875.319,7867.666219492037
2021-06-25 01:00:00,7863.0,7852.293255675824,7872.2397,7860.840887419375
2021-06-25 02:00:00,7863.0,7756.333648897692,7785.36,7768.772286554028
2021-06-25 03:00:00,7080.0,7737.013149821924,7713.3086,7726.854864315102
2021-06-25 04:00:00,7291.0,7502.632324012179,7459.206,7484.022475166351
2021-06-25 05:00:00,7553.0,7599.417981025547,7599.7065,7599.541649102923
2021-06-25 06:00:00,7728.0,7696.487806793031,7698.2847,7697.257638899779
2021-06-25 07:00:00,7882.0,7861.735116001072,7860.9995,7861.4196701516075
2021-06-25 08:00:00,7957.0,8009.689750466844,8028.495,8017.748399448396
2021-06-25 09:00:00,7934.0,8050.536977606182,8079.4863,8062.942655777779
2021-06-25 10:00:00,7968.0,7964.631658013915,7961.433,7963.260824971112
2021-06-25 11:00:00,8023.0,7994.488456806662,7989.44,7992.324844771218
2021-06-25 12:00:00,8047.0,7994.519769420982,7982.3184,7989.290980970632
2021-06-25 13:00:00,8071.0,8002.5701652751395,8000.4053,8001.642219688512
2021-06-25 14:00:00,8046.0,8009.240791419757,8010.8135,8009.914687363569
2021-06-25 15:00:00,8021.0,7891.756883531141,7952.2134,7917.664633463166
2021-06-25 16:00:00,7920.0,7896.979064806745,7941.249,7915.950188273368
2021-06-25 17:00:00,7775.0,7850.758746210717,7833.103,7843.19248710342
2021-06-25 18:00:00,7594.0,7703.064564417246,7702.807,7702.954247357521
2021-06-25 19:00:00,7721.0,7734.559433476709,7734.224,7734.415545943268
2021-06-25 20:00:00,7723.0,7715.924242002338,7705.672,7711.530621032207
2021-06-25 21:00:00,7441.0,7435.706581467534,7413.394,7426.144785118308
2021-06-25 22:00:00,7138.0,7190.486023003012,7175.306,7183.980922991634
2021-06-25 23:00:00,6915.0,7268.919358125149,7244.988,7258.663784511312
2021-06-26 00:00:00,7654.0,7231.647714360381,7170.676,7205.518946600896
2021-06-26 01:00:00,7654.0,7625.050248491949,7600.465,7614.514502067006
2021-06-26 02:00:00,7654.0,7538.317660923344,7515.8027,7528.668999950937
2021-06-26 03:00:00,7654.0,7397.398008898981,7425.4185,7409.405671401123
2021-06-26 04:00:00,6900.0,7340.438362480075,7366.3213,7351.530124936245
2021-06-26 05:00:00,7096.0,7049.2606103769185,7110.0957,7075.330705256663
2021-06-26 06:00:00,7376.0,7329.612081420641,7426.6772,7371.20804803662
2021-06-26 07:00:00,7568.0,7514.064168185678,7518.1494,7515.814632637726
2021-06-26 08:00:00,7714.0,7611.59746486415,7570.9834,7594.192695877347
2021-06-26 09:00:00,7807.0,7699.784786684305,7679.6772,7691.167865166221
2021-06-26 10:00:00,7794.0,7760.816193321855,7722.149,7744.245761704125
2021-06-26 11:00:00,7787.0,7748.240989663939,7731.3403,7740.998458363071
2021-06-26 12:00:00,7840.0,7766.65097718338,7755.954,7762.066943323846
2021-06-26 13:00:00,7893.0,7844.305981691668,7794.3936,7822.916589678289
2021-06-26 14:00:00,7910.0,7872.918078506726,7901.216,7885.044698524099
2021-06-26 15:00:00,7924.0,7889.337377982827,7891.6675,7890.335929761538
2021-06-26 16:00:00,7915.0,7858.627205224981,7821.9683,7842.917294645247
2021-06-26 17:00:00,7763.0,7730.3504248420695,7709.0073,7721.20409936624
2021-06-26 18:00:00,7595.0,7549.91576036547,7547.6973,7548.964857623649
2021-06-26 19:00:00,7688.0,7682.928929940189,7676.081,7679.994344943842
2021-06-26 20:00:00,7568.0,7624.480349734951,7639.9355,7631.103376587467
2021-06-26 21:00:00,7359.0,7157.582234378385,7171.577,7163.579468726008
2021-06-26 22:00:00,7055.0,7067.917634824066,7091.8535,7078.1748842555435
2021-06-26 23:00:00,6878.0,6982.518068062726,6974.942,6979.271330475469
2021-06-27 00:00:00,6717.0,7022.1158315666735,6905.341,6972.073341456378
2021-06-27 01:00:00,7576.5,6849.488118094246,6727.6206,6797.263259634382
2021-06-27 02:00:00,7556.0,7259.325479452572,7314.298,7282.883138628556
2021-06-27 03:00:00,7556.0,7282.999910975103,7296.558,7288.809913984328
2021-06-27 04:00:00,6877.0,7184.878397968995,7174.6187,7180.481692991507
2021-06-27 05:00:00,7089.0,6956.300348729588,6945.084,6951.493698374436
2021-06-27 06:00:00,7339.0,7165.290204843099,7132.427,7151.206947707058
2021-06-27 07:00:00,7585.0,7359.8997309913,7452.7324,7399.681857490386
2021-06-27 08:00:00,7677.0,7603.675072674691,7646.497,7622.0256905486685
2021-06-27 09:00:00,7781.0,7712.900515049309,7663.493,7691.7274765434395
2021-06-27 10:00:00,7742.0,7717.694558302784,7701.9614,7710.952204049902
2021-06-27 11:00:00,7819.0,7666.443199507883,7673.7334,7669.567250458075
2021-06-27 12:00:00,7544.0,7779.379302224963,7735.8413,7760.7215741446535
2021-06-27 13:00:00,7537.0,7568.684007669423,7557.9697,7564.092567113552
2021-06-27 14:00:00,7585.0,7642.273438359138,7611.3735,7629.031484633464
2021-06-27 15:00:00,7566.0,7709.946578298358,7707.0664,7708.712261473323
2021-06-27 16:00:00,7616.0,7675.5951023398175,7627.257,7654.880235449525
2021-06-27 17:00:00,7606.0,7696.613985421399,7667.716,7684.22989184758
2021-06-27 18:00:00,7474.0,7498.612833395543,7525.8613,7510.289692521547
2021-06-27 19:00:00,7602.0,7650.048203756578,7670.346,7658.746450877716
2021-06-27 20:00:00,7488.0,7583.966798625454,7598.4062,7590.15449138457
2021-06-27 21:00:00,7154.0,7173.209015509887,7168.3867,7171.142414139244
2021-06-27 22:00:00,7575.5,7098.6612844338,7070.6885,7086.6739294631025
2021-06-27 23:00:00,7575.5,7402.355349158764,7413.5723,7407.162193726635
2021-06-28 00:00:00,7575.5,7521.554484601563,7503.858,7513.970806475729
2021-06-28 01:00:00,7593.5,7582.143083755969,7564.3755,7574.528809056605
2021-06-28 02:00:00,7604.0,7339.367816519074,7380.842,7357.140759249475
2021-06-28 03:00:00,7380.0,7733.617647580752,7607.143,7679.418609572662
2021-06-28 04:00:00,7798.0,7901.401034025068,7775.8877,7847.613900428188
2021-06-28 05:00:00,8187.0,8088.79840877441,8030.5767,8063.848189286753
2021-06-28 06:00:00,8391.0,8309.77656409593,8234.664,8277.588093662915
2021-06-28 07:00:00,8496.0,8433.872700621503,8395.817,8417.564547889699
2021-06-28 08:00:00,8571.0,8507.2100131091,8496.5,8502.620375421839
2021-06-28 09:00:00,8561.0,8587.334933328008,8569.365,8579.634173663839
2021-06-28 10:00:00,8570.0,8505.451694982703,8502.206,8504.060629389794
2021-06-28 11:00:00,8536.0,8499.866059172387,8498.201,8499.152578706666
2021-06-28 12:00:00,8495.0,8468.209259950927,8456.573,8463.222766403318
2021-06-28 13:00:00,8457.0,8446.021120285175,8442.881,8444.675381688718
2021-06-28 14:00:00,8391.0,8452.19085232995,8434.026,8444.406479783367
2021-06-28 15:00:00,8304.0,8349.622222972706,8345.898,8348.02639667374
2021-06-28 16:00:00,8329.0,8313.658378520382,8322.529,8317.45972870467
2021-06-28 17:00:00,8266.0,8270.564056276015,8284.702,8276.622697269311
2021-06-28 18:00:00,7890.0,8049.372023536803,8017.2983,8035.62726900331
2021-06-28 19:00:00,7878.0,7975.476841474177,7925.0674,7953.874465619049
2021-06-28 20:00:00,7759.0,7916.466196776563,7848.615,7887.389592918975
2021-06-28 21:00:00,7469.0,7693.974139510619,7661.5947,7680.098269748077
2021-06-28 22:00:00,8236.0,8004.4213258534155,7939.4224,7976.56678935855
2021-06-28 23:00:00,8236.0,8181.323748502375,8172.2305,8177.426888600882
2021-06-29 00:00:00,8236.0,8225.031308020585,8224.968,8225.004011109157
2021-06-29 01:00:00,8236.0,8203.888566463735,8218.169,8210.008134677046
2021-06-29 02:00:00,8236.0,8134.262301499244,8153.0195,8142.30032976814
2021-06-29 03:00:00,7485.0,7818.181380576423,7797.423,7809.285432946047
2021-06-29 04:00:00,7950.0,8083.390849924,8119.908,8099.039705796549
2021-06-29 05:00:00,8206.0,8238.29787777909,8236.147,8237.376141175904
2021-06-29 06:00:00,8356.0,8351.303681844098,8343.21,8347.835189207366
2021-06-29 07:00:00,8422.0,8431.309130699958,8402.779,8419.082960036092
2021-06-29 08:00:00,8580.0,8508.62787805078,8497.064,8503.6723325098
2021-06-29 09:00:00,8661.0,8615.823911083051,8586.986,8603.465850258695
2021-06-29 10:00:00,8686.0,8576.883488793903,8570.785,8574.269954449663
2021-06-29 11:00:00,8632.0,8633.80959148981,8618.565,8627.276722530756
2021-06-29 12:00:00,8592.0,8567.49804705952,8562.329,8565.28273904703
2021-06-29 13:00:00,8528.0,8552.901432289986,8553.262,8553.055810421565
2021-06-29 14:00:00,8610.0,8458.286198696895,8459.098,8458.633887547707
2021-06-29 15:00:00,8540.0,8539.870017256662,8532.299,8536.625435711996
2021-06-29 16:00:00,8524.0,8522.742067352583,8509.718,8517.160682029615
2021-06-29 17:00:00,8327.0,8435.266579013996,8410.196,8424.522963559195
2021-06-29 18:00:00,8099.0,8039.464554506125,8052.2,8044.922056391484
2021-06-29 19:00:00,8104.0,8048.800743862218,8067.2544,8056.708762583086
2021-06-29 20:00:00,7903.0,7945.7082871110515,7942.8364,7944.477573496296
2021-06-29 21:00:00,7503.0,7719.064503468828,7737.9253,7727.146942757303
2021-06-29 22:00:00,8319.5,8245.682305804845,8291.86,8265.471071256405
2021-06-29 23:00:00,8319.5,8380.59372845697,8303.502,8347.557020353357
2021-06-30 00:00:00,8319.5,8318.586161361194,8243.945,8286.599750673107
2021-06-30 01:00:00,8319.5,8316.91383264201,8244.299,8285.7954432651
2021-06-30 02:00:00,8319.5,8205.370541777236,8132.631,8174.198779275001
2021-06-30 03:00:00,7535.0,7916.694929849325,7848.9688,7887.671672677683
2021-06-30 04:00:00,8050.0,8167.077642600869,8185.803,8175.102167249112
2021-06-30 05:00:00,8312.0,8313.063474063872,8300.239,8307.567760649596
2021-06-30 06:00:00,8579.0,8456.34962664264,8444.192,8451.139756395161
2021-06-30 07:00:00,8606.0,8646.682007002211,8642.521,8644.898949682982
2021-06-30 08:00:00,8560.0,8669.90468372925,8643.071,8658.405454348638
2021-06-30 09:00:00,8546.0,8630.003370574319,8629.527,8629.799360628675
2021-06-30 10:00:00,8460.0,8571.76632557819,8549.773,8562.341532753868
2021-06-30 11:00:00,8557.0,8500.5331064953,8489.613,8495.853351891863
2021-06-30 12:00:00,8796.0,8540.899079323966,8552.557,8545.894659326448
2021-06-30 13:00:00,8642.0,8719.680357502937,8731.845,8724.893152935976
2021-06-30 14:00:00,8623.0,8608.553908278664,8610.113,8609.221954531371
2021-06-30 15:00:00,8535.0,8582.402085156215,8577.94,8580.490036341194
2021-06-30 16:00:00,8515.0,8510.971846707072,8503.712,8507.86070167626
2021-06-30 17:00:00,8402.0,8388.070860249923,8415.0625,8399.637544428011
2021-06-30 18:00:00,8169.0,8131.768556216432,8108.67,8121.869874606222
2021-06-30 19:00:00,8210.0,8182.11803455422,8158.1235,8171.8353838237645
2021-06-30 20:00:00,7959.0,7983.684090367845,7978.76,7981.5736408837865
2021-06-30 21:00:00,7514.0,7692.843521586635,7687.8013,7690.682631775886
2021-06-30 22:00:00,8286.5,8116.049465771957,8135.521,8124.393582099345
2021-06-30 23:00:00,8286.5,8326.04568952741,8297.369,8313.75664070126
2021-07-01 00:00:00,8286.5,8281.547896117085,8287.91,8284.274315193434
2021-07-01 01:00:00,8286.5,8280.016671597976,8296.45,8287.058944447519
2021-07-01 02:00:00,8286.5,8220.504880731158,8226.644,8223.135341321757
2021-07-01 03:00:00,7512.0,7888.4553418842,7835.93,7865.946380398609
2021-07-01 04:00:00,7992.0,8061.529327227577,8057.6733,8059.876724620218
2021-07-01 05:00:00,8175.0,8214.579106080362,8203.253,8209.725296565135
2021-07-01 06:00:00,8363.0,8338.344992186616,8351.297,8343.895348995095
2021-07-01 07:00:00,8482.0,8475.253959038884,8461.61,8469.407001107815
2021-07-01 08:00:00,8650.0,8543.06298973332,8547.803,8545.09414547328
2021-07-01 09:00:00,8701.0,8621.62019153903,8617.589,8619.89246999901
2021-07-01 10:00:00,8640.0,8640.573303923857,8622.515,8632.83431920366
2021-07-01 11:00:00,8627.0,8543.16824304331,8552.41,8547.12865911825
2021-07-01 12:00:00,8613.0,8606.034386287436,8635.601,8618.704503299949
2021-07-01 13:00:00,8613.0,8531.677618319467,8569.255,8547.780693918965
2021-07-01 14:00:00,8647.0,8537.524310887837,8586.622,8558.564491475236
2021-07-01 15:00:00,8527.0,8527.553597575285,8581.637,8550.730119495212
2021-07-01 16:00:00,8521.0,8451.338946346805,8489.946,8467.883513911962
2021-07-01 17:00:00,8488.0,8374.826567806733,8432.421,8399.507637218314
2021-07-01 18:00:00,8270.0,8143.610596655316,8163.7666,8152.2480067152965
2021-07-01 19:00:00,8298.0,8248.332227327219,8256.168,8251.689994167553
2021-07-01 20:00:00,8084.0,8065.135562932793,8078.729,8070.96074956692
2021-07-01 21:00:00,7744.0,7702.0477310317965,7709.744,7705.345820580487
2021-07-01 22:00:00,7416.0,8104.870550537293,8054.4673,8083.270866593947
2021-07-01 23:00:00,7277.0,7959.192742271927,7911.294,7938.666355759914
2021-07-02 00:00:00,7150.0,7632.495002190339,7664.605,7646.255234184323
2021-07-02 01:00:00,7114.0,7851.138673417451,7849.8823,7850.600275411164
2021-07-02 02:00:00,7295.0,7685.570373583008,7616.8877,7656.137133994923
2021-07-02 03:00:00,7862.0,7408.816756379921,7438.0376,7421.338782092512
2021-07-02 04:00:00,8270.0,7887.752547180577,7939.3726,7909.87361639498
2021-07-02 05:00:00,8571.0,8194.50923593917,8205.683,8199.297360825683
2021-07-02 06:00:00,8847.0,8557.863813943877,8579.746,8567.240994969114
2021-07-02 07:00:00,8918.0,8807.512211030913,8801.789,8805.059472228197
2021-07-02 08:00:00,8996.0,8917.634076508584,8893.416,8907.255708919343
2021-07-02 09:00:00,8989.0,8973.462488645815,8945.122,8961.317560108066
2021-07-02 10:00:00,8900.0,8868.621515256253,8881.026,8873.937255477413
2021-07-02 11:00:00,8870.0,8801.167242987722,8806.244,8803.342735133532
2021-07-02 12:00:00,8796.0,8747.931639483142,8772.612,8758.508184556871
2021-07-02 13:00:00,8676.0,8709.25559028571,8715.667,8712.00291906542
2021-07-02 14:00:00,8579.0,8582.964871384316,8609.316,8594.257448833543
2021-07-02 15:00:00,8489.0,8513.808506684207,8527.766,8519.789610257321
2021-07-02 16:00:00,8442.0,8461.509061427107,8471.675,8465.865283962587
2021-07-02 17:00:00,8301.0,8363.064516703495,8378.617,8369.729415302816
2021-07-02 18:00:00,8041.0,8062.83044581462,8017.1763,8043.265774037378
2021-07-02 19:00:00,8098.0,8090.119093454842,8113.3203,8100.0616524313355
2021-07-02 20:00:00,7995.0,7948.796714211449,7989.89,7966.406558936427
2021-07-02 21:00:00,7621.0,7478.293369776309,7499.6577,7487.448615441012
2021-07-02 22:00:00,7242.0,7473.342796979169,7342.688,7417.352454613092
2021-07-02 23:00:00,8069.5,7569.274187934645,7504.455,7541.496728044507
2021-07-03 00:00:00,8069.5,7939.483199176882,7917.6245,7930.115964585754
2021-07-03 01:00:00,8069.5,7916.094830210295,7909.519,7913.276735766129
2021-07-03 02:00:00,8069.5,7871.752343167907,7891.712,7880.305769579643
2021-07-03 03:00:00,8069.5,7861.092806535007,7806.9185,7837.877076714053
2021-07-03 04:00:00,8069.5,7853.687672984851,7856.5806,7854.927296606801
2021-07-03 05:00:00,7669.0,7806.992138065216,7824.8965,7814.664628280456
2021-07-03 06:00:00,7930.0,7754.881008932568,7756.7583,7755.685320095439
2021-07-03 07:00:00,8153.0,7939.402183041051,7936.8647,7938.314784019737
2021-07-03 08:00:00,8198.0,8138.544284840505,8151.779,8144.215588091497
2021-07-03 09:00:00,8207.0,8127.571506701868,8117.8926,8123.423563009433
2021-07-03 10:00:00,8245.0,8127.610193439115,8121.4727,8124.97985074994
2021-07-03 11:00:00,8204.0,8174.140356448131,8172.5337,8173.451726025438
2021-07-03 12:00:00,8203.0,8150.57723201793,8170.7773,8159.233578126332
2021-07-03 13:00:00,8224.0,8176.165389745096,8194.591,8184.061350943573
2021-07-03 14:00:00,8251.0,8219.6457563745,8228.574,8223.471775804968
2021-07-03 15:00:00,8247.0,8270.739097916343,8284.469,8276.622629497675
2021-07-03 16:00:00,8246.0,8228.714277794423,8236.773,8232.16777543672
2021-07-03 17:00:00,8189.0,8129.270599665095,8137.8477,8132.946046061749
2021-07-03 18:00:00,8012.0,7901.027204212893,7905.0303,7902.742555542424
2021-07-03 19:00:00,8068.0,8025.52216643378,8043.846,8033.374658417686
2021-07-03 20:00:00,7967.0,7918.926832698632,7946.677,7930.818705419225
2021-07-03 21:00:00,7616.0,7578.981814518391,7555.5005,7568.919036847473
2021-07-03 22:00:00,7989.5,7345.581181017751,7297.269,7324.877504583633
2021-07-03 23:00:00,7989.5,7745.036517696309,7730.959,7739.003645813991
2021-07-04 00:00:00,7989.5,7841.165983936887,7837.3965,7839.550418654771
2021-07-04 01:00:00,7989.5,7874.338972338397,7899.0254,7884.917966589847
2021-07-04 02:00:00,7989.5,7856.780146386716,7870.7534,7862.768018188105
2021-07-04 03:00:00,7989.5,7827.667758727851,7816.446,7822.85865012561
2021-07-04 04:00:00,7989.5,7808.635418391721,7834.8394,7819.8646891118915
2021-07-04 05:00:00,7989.5,7559.394843734079,7580.197,7568.309052586457
2021-07-04 06:00:00,7693.0,7780.047766922541,7808.3535,7792.177795979419
2021-07-04 07:00:00,7937.0,7816.815082637131,7777.0483,7799.773442557616
2021-07-04 08:00:00,8112.0,7962.777025862253,7954.886,7959.395550720945
2021-07-04 09:00:00,8170.0,8060.959220245282,8066.4946,8063.331202803801
2021-07-04 10:00:00,8144.0,8074.683989274194,8082.39,8077.986173060727
2021-07-04 11:00:00,8095.0,8040.639326207141,8051.0825,8045.114635614003
2021-07-04 12:00:00,8160.0,7994.403793881732,8017.272,8004.203464964459
2021-07-04 13:00:00,8190.0,8081.090638147675,8106.4253,8091.947387005786
2021-07-04 14:00:00,8171.0,8138.720655202176,8145.0566,8141.4357620573055
2021-07-04 15:00:00,8154.0,8135.845154634935,8153.557,8143.435341095713
2021-07-04 16:00:00,8201.0,8149.265821552953,8158.7026,8153.309838684237
2021-07-04 17:00:00,8140.0,8092.54539491862,8098.5215,8095.106153812176
2021-07-04 18:00:00,7973.0,7946.599973611107,7970.1235,7956.680499038213
2021-07-04 19:00:00,8115.0,8044.897420655904,8061.1426,8051.859015747993
2021-07-04 20:00:00,8025.0,8010.517992313946,8025.7363,8017.039580414262
2021-07-04 21:00:00,7697.0,7635.174526902227,7630.5625,7633.198105483736
2021-07-04 22:00:00,8142.0,7689.211553104202,7644.8076,7670.182778442877
2021-07-04 23:00:00,8147.0,8056.943330067187,8046.2803,8052.373671037092
2021-07-05 00:00:00,8157.0,7988.726630424569,8051.4204,8015.593207240618
2021-07-05 01:00:00,8162.5,8010.233340521474,8065.2017,8033.7892658590035
2021-07-05 02:00:00,7253.0,7877.039245362357,7932.5273,7900.817763148848
2021-07-05 03:00:00,7818.0,7696.4183286690495,7690.7153,7693.974282353576
2021-07-05 04:00:00,8303.0,8173.466727406797,8179.763,8176.164916238668
2021-07-05 05:00:00,8684.0,8619.232463704433,8539.957,8585.259904612187
2021-07-05 06:00:00,8873.0,8770.121265751617,8809.371,8786.941184435465
2021-07-05 07:00:00,8998.0,8903.97169421097,8913.261,8907.952308362499
2021-07-05 08:00:00,9037.0,9034.113536829138,9020.187,9028.145136739833
2021-07-05 09:00:00,9204.0,9035.474342520769,9043.685,9038.992611556814
2021-07-05 10:00:00,9207.0,9084.096406199998,9093.865,9088.282490020127
2021-07-05 11:00:00,9164.0,9051.07116488751,9095.755,9070.21958897731
2021-07-05 12:00:00,9094.0,9030.081607093594,9075.428,9049.513888172418
2021-07-05 13:00:00,9003.0,9003.257176375135,9034.235,9016.532365007803
2021-07-05 14:00:00,8931.0,8906.270954662243,8935.132,8918.638810068349
2021-07-05 15:00:00,8802.0,8858.099773451426,8870.918,8863.592678401557
2021-07-05 16:00:00,8811.0,8784.080955512414,8797.589,8789.869563440348
2021-07-05 17:00:00,8680.0,8734.653894409777,8758.249,8744.765166253976
2021-07-05 18:00:00,8476.0,8353.9230916856,8335.85,8346.177789091975
2021-07-05 19:00:00,8451.0,8380.127451898807,8360.518,8371.723909992268
2021-07-05 20:00:00,8219.0,8276.915340053976,8258.001,8268.809840450012
2021-07-05 21:00:00,7752.0,8105.8934292909735,8010.443,8064.989193389946
2021-07-05 22:00:00,7466.0,8500.927424787242,8492.959,8497.51252824007
2021-07-05 23:00:00,8634.0,8482.568590857316,8528.603,8502.295785447262
2021-07-06 00:00:00,8634.0,8608.803058509842,8581.202,8596.974930463735
2021-07-06 01:00:00,8634.0,8609.36496100715,8551.88,8584.730363326937
2021-07-06 02:00:00,8634.0,8524.073868361582,8537.667,8529.89880829559
2021-07-06 03:00:00,7863.0,8102.351707617752,8105.919,8103.880268270866
2021-07-06 04:00:00,8311.0,8404.281648323635,8413.6045,8408.276660053642
2021-07-06 05:00:00,8588.0,8590.506451341334,8572.471,8582.77739056346
2021-07-06 06:00:00,8826.0,8754.643160024716,8739.481,8748.14581875658
2021-07-06 07:00:00,8962.0,8867.996608599007,8870.9375,8869.256657888778
2021-07-06 08:00:00,9043.0,8978.935791593649,8983.433,8980.862832691344
2021-07-06 09:00:00,9057.0,9049.41670161636,9032.579,9042.201125783959
2021-07-06 10:00:00,8957.0,8995.459302313951,9006.693,9000.273431290081
2021-07-06 11:00:00,8936.0,8912.327073822482,8916.324,8914.03984584306
2021-07-06 12:00:00,8925.0,8895.498951728263,8906.211,8900.089206207012
2021-07-06 13:00:00,8804.0,8870.521963480624,8885.899,8877.111670918988
2021-07-06 14:00:00,8841.0,8795.200169215825,8819.647,8805.676667567237
2021-07-06 15:00:00,8703.0,8776.878819783184,8796.998,8785.50063290072
2021-07-06 16:00:00,8730.0,8730.158309296357,8762.893,8744.18609429648
2021-07-06 17:00:00,8665.0,8675.107000272834,8695.956,8684.041473598507
2021-07-06 18:00:00,8358.0,8373.7477652611,8354.871,8365.65823093029
2021-07-06 19:00:00,8451.0,8379.960576842124,8372.549,8376.784308729766
2021-07-06 20:00:00,8272.0,8213.283497756122,8169.2344,8194.406778873792
2021-07-06 21:00:00,7830.0,8033.5644599944035,8005.981,8021.743727909149
2021-07-06 22:00:00,8594.0,8210.57753748176,8275.835,8238.54255061892
2021-07-06 23:00:00,8594.0,8598.968402219225,8598.718,8598.860888212159
2021-07-07 00:00:00,8594.0,8608.682617821296,8618.973,8613.092138178952
2021-07-07 01:00:00,8594.0,8610.190343921291,8619.947,8614.371473017356
2021-07-07 02:00:00,8594.0,8581.06736756009,8573.799,8577.95239179003
2021-07-07 03:00:00,7785.0,8152.940030999027,8069.1533,8117.03427063355
2021-07-07 04:00:00,8219.0,8292.840982855245,8289.827,8291.549433733411
2021-07-07 05:00:00,8523.0,8462.112305070179,8469.918,8465.457330057268
2021-07-07 06:00:00,8758.0,8642.3593242186,8655.402,8647.948714369388
2021-07-07 07:00:00,8864.0,8805.199796370838,8807.65,8806.24997485831
2021-07-07 08:00:00,8935.0,8889.62829432257,8858.068,8876.103481202314
2021-07-07 09:00:00,8950.0,8932.991421771343,8942.685,8937.145150354656
2021-07-07 10:00:00,8889.0,8859.936414541673,8871.298,8864.80509329425
2021-07-07 11:00:00,8816.0,8812.056358033897,8822.749,8816.638463495216
2021-07-07 12:00:00,8839.0,8802.471002922492,8810.199,8805.782610390399
2021-07-07 13:00:00,8856.0,8775.122332355699,8780.73,8777.525429139783
2021-07-07 14:00:00,8910.0,8811.215514236512,8824.021,8816.703118085823
2021-07-07 15:00:00,8820.0,8836.686274656948,8852.196,8843.332699127615
2021-07-07 16:00:00,8717.0,8809.954416296821,8812.952,8811.239038611802
2021-07-07 17:00:00,8672.0,8668.83253622472,8666.485,8667.826452735291
2021-07-07 18:00:00,8418.0,8299.21532706853,8314.72,8305.859374248685
2021-07-07 19:00:00,8512.0,8401.01253530487,8396.507,8399.081577433906
2021-07-07 20:00:00,8360.0,8228.447458953304,8197.903,8215.358071681705
2021-07-07 21:00:00,7955.0,8112.220456343909,8049.512,8085.347533334717
2021-07-07 22:00:00,8684.0,8438.629304220382,8411.72,8427.097469848952
2021-07-07 23:00:00,8684.0,8585.003370757568,8611.105,8596.188978105307
2021-07-08 00:00:00,8684.0,8600.840197305468,8642.909,8618.868294669406
2021-07-08 01:00:00,8684.0,8603.249332821415,8643.184,8620.362458996204
2021-07-08 02:00:00,8684.0,8557.826222658041,8601.3,8576.45608519208
2021-07-08 03:00:00,7934.0,8182.428218739526,8239.58,8206.919869284246
2021-07-08 04:00:00,8437.0,8370.0113758267,8399.176,8382.509349380052
2021-07-08 05:00:00,8696.0,8573.521333723,8600.065,8584.896457565199
2021-07-08 06:00:00,8865.0,8806.197063504163,8818.794,8811.595267114084
2021-07-08 07:00:00,8968.0,8894.50423272946,8895.837,8895.075204101138
2021-07-08 08:00:00,9084.0,9009.000630123763,9009.201,9009.086511063977
2021-07-08 09:00:00,9198.0,9110.285238175593,9089.01,9101.16788163277
2021-07-08 10:00:00,9104.0,9076.519465040325,9085.098,9080.195465658388
2021-07-08 11:00:00,9081.0,9026.27264783566,9026.395,9026.324756329826
2021-07-08 12:00:00,9019.0,9025.86319258896,9033.898,9029.306587969659
2021-07-08 13:00:00,8937.0,8949.67635687832,8942.925,8946.783006842052
2021-07-08 14:00:00,8873.0,8915.636080574115,8937.22,8924.885411816458
2021-07-08 15:00:00,8700.0,8816.378920986219,8869.852,8839.293708454617
2021-07-08 16:00:00,8762.0,8742.522055769892,8754.304,8747.570858384863
2021-07-08 17:00:00,8648.0,8736.448610577057,8736.854,8736.622079620403
2021-07-08 18:00:00,8363.0,8388.283240116549,8401.365,8393.889282834778
2021-07-08 19:00:00,8362.0,8493.033581991962,8489.112,8491.353048781726
2021-07-08 20:00:00,8145.0,8303.070009588786,8307.835,8305.111744635571
2021-07-08 21:00:00,7741.0,8008.895503759088,7989.794,8000.709799756095
2021-07-08 22:00:00,7357.0,8273.433798464643,8330.827,8298.028763075365
2021-07-08 23:00:00,8495.0,8087.3815529388585,8117.629,8100.343439725351
2021-07-09 00:00:00,8495.0,8533.177990893724,8492.671,8515.819010080564
2021-07-09 01:00:00,8495.0,8534.793213937597,8492.496,8516.667343843506
2021-07-09 02:00:00,8495.0,8330.784412880143,8361.654,8344.013231473651
2021-07-09 03:00:00,7696.0,7993.065423485687,7937.124,7969.092443909464
2021-07-09 04:00:00,8069.0,8129.867178655289,8135.458,8132.263043317102
2021-07-09 05:00:00,8354.0,8418.99889322324,8341.202,8385.659926722781
2021-07-09 06:00:00,8627.0,8470.285188804704,8505.207,8485.250392283184
2021-07-09 07:00:00,8738.0,8718.614416907225,8734.458,8725.403879984247
2021-07-09 08:00:00,8858.0,8803.323534532386,8791.543,8798.274927925195
2021-07-09 09:00:00,8950.0,8877.967854807268,8881.251,8879.3747816648
2021-07-09 10:00:00,8888.0,8853.883105311392,8860.703,8856.805565635314
2021-07-09 11:00:00,8826.0,8827.690610866528,8816.788,8823.018422852536
2021-07-09 12:00:00,8791.0,8795.628132919072,8780.899,8789.316252675995
2021-07-09 13:00:00,8762.0,8772.07622671068,8769.834,8771.11525776716
2021-07-09 14:00:00,8733.0,8754.368286463774,8767.878,8760.157439758656
2021-07-09 15:00:00,8618.0,8678.47631711543,8681.774,8679.88952215749
2021-07-09 16:00:00,8620.0,8634.23365828954,8663.138,8646.619891248798
2021-07-09 17:00:00,8446.0,8557.523514841929,8557.397,8557.469378062062
2021-07-09 18:00:00,8159.0,8166.255798447887,8160.3,8163.703314206051
2021-07-09 19:00:00,8198.0,8218.189034810823,8219.883,8218.91470342484
2021-07-09 20:00:00,8010.0,8042.859054226232,8019.2573,8032.7447011204895
2021-07-09 21:00:00,7604.0,7604.174136583215,7547.224,7579.768895101163
2021-07-09 22:00:00,7278.0,7656.422797245008,7609.2764,7636.2186432196
2021-07-09 23:00:00,7132.0,7554.954020077742,7563.6543,7558.682417373565
2021-07-10 00:00:00,8147.5,7601.677447834113,7542.0444,7576.1224023873465
2021-07-10 01:00:00,8147.5,8081.600595003262,8072.0547,8077.509804759703
2021-07-10 02:00:00,8147.5,8055.304650248719,8037.502,8047.675506805581
2021-07-10 03:00:00,7135.0,7901.592126972156,7880.101,7892.382282734059
2021-07-10 04:00:00,7347.0,7619.392239812378,7678.6304,7644.777739424928
2021-07-10 05:00:00,7657.0,7487.8003978895495,7454.5522,7473.552188004718
2021-07-10 06:00:00,7922.0,7829.629652457484,7823.9106,7827.178775125448
2021-07-10 07:00:00,8136.0,8011.373224855988,7987.5137,8001.148431667203
2021-07-10 08:00:00,8279.0,8172.215684804485,8164.825,8169.048379896572
2021-07-10 09:00:00,8392.0,8251.287755849402,8252.483,8251.800113017238
2021-07-10 10:00:00,8363.0,8331.171887211776,8339.694,8334.824014327403
2021-07-10 11:00:00,8368.0,8295.573810502936,8270.489,8284.824035239077
2021-07-10 12:00:00,8367.0,8318.961007872349,8348.985,8331.827389455715
2021-07-10 13:00:00,8419.0,8346.339627671397,8386.618,8363.600464892217
2021-07-10 14:00:00,8473.0,8422.517832718864,8446.839,8432.940158833888
2021-07-10 15:00:00,8380.0,8450.819166250618,8497.251,8470.716849723427
2021-07-10 16:00:00,8288.0,8383.190184027275,8399.278,8390.084500759804
2021-07-10 17:00:00,8215.0,8195.574344098684,8195.534,8195.556910023748
2021-07-10 18:00:00,7965.0,7949.528226644262,7943.2734,7946.847784851434
2021-07-10 19:00:00,8024.0,8052.791240801986,8055.957,8054.147876794398
2021-07-10 20:00:00,7966.0,7923.100456433358,7935.006,7928.202313634814
2021-07-10 21:00:00,7683.0,7565.631907974316,7543.2417,7556.036880517152
2021-07-10 22:00:00,7378.0,7492.934101251194,7563.731,7523.273020772324
2021-07-10 23:00:00,7171.0,7509.036404798926,7512.1973,7510.390912950175
2021-07-11 00:00:00,7041.0,7253.766471106524,7274.3027,7262.56696472198
2021-07-11 01:00:00,7965.5,7297.046464524102,7405.558,7343.547698086823
2021-07-11 02:00:00,7965.5,7873.898150824238,7863.532,7869.455848166336
2021-07-11 03:00:00,7965.5,7794.888599874508,7742.871,7772.597020723956
2021-07-11 04:00:00,7965.5,7798.923993434301,7784.0977,7792.570336630653
2021-07-11 05:00:00,7490.0,7796.166221696133,7803.5127,7799.314439475507
2021-07-11 06:00:00,7767.0,7620.242482410207,7626.334,7622.852733248188
2021-07-11 07:00:00,7930.0,7889.742293819329,7892.7764,7891.042421983834
2021-07-11 08:00:00,8108.0,8005.542837419971,8004.162,8004.951100334216
2021-07-11 09:00:00,8136.0,8157.574642322787,8148.45,8153.6644706643865
2021-07-11 10:00:00,8116.0,8127.71624149826,8109.1396,8119.75529708056
2021-07-11 11:00:00,8086.0,8093.786957336537,8083.8184,8089.514879998082
2021-07-11 12:00:00,8141.0,8097.740872957396,8084.281,8091.972640107082
2021-07-11 13:00:00,8174.0,8158.436535482664,8161.087,8159.572294232026
2021-07-11 14:00:00,8134.0,8229.717999010632,8235.707,8232.284334089409
2021-07-11 15:00:00,8069.0,8197.251482278143,8202.226,8199.383008830853
2021-07-11 16:00:00,8071.0,8143.838214057669,8138.626,8141.604400081115
2021-07-11 17:00:00,8068.0,8069.452801563895,8062.7627,8066.585852262432
2021-07-11 18:00:00,7875.0,7923.915794059142,7926.628,7925.077917185956
2021-07-11 19:00:00,7961.0,8005.539500809493,8029.1543,8015.659154521068
2021-07-11 20:00:00,7883.0,7955.696564260187,7963.857,7959.193564596706
2021-07-11 21:00:00,7531.0,7514.923845912603,7525.497,7519.454832744725
2021-07-11 22:00:00,8068.5,7470.286067531694,7480.353,7474.600030485955
2021-07-11 23:00:00,8068.5,8042.997122289976,8083.846,8060.502312898152
2021-07-12 00:00:00,8068.5,8126.989257713694,8073.808,8104.198983340864
2021-07-12 01:00:00,8068.5,8075.393117298727,8067.875,8072.171198903353
2021-07-12 02:00:00,6978.0,7798.890552110335,7783.6436,7792.356646061039
2021-07-12 03:00:00,7522.0,7754.519168506883,7868.986,7803.572291548561
2021-07-12 04:00:00,7912.0,8087.752562204883,8093.1143,8090.050086834823
2021-07-12 05:00:00,8148.0,8399.146135588991,8329.438,8369.27378743628
2021-07-12 06:00:00,8417.0,8450.321113753564,8365.319,8413.894633311784
2021-07-12 07:00:00,8590.0,8555.363016377412,8527.264,8543.32140226358
2021-07-12 08:00:00,8701.0,8747.122639676272,8696.748,8725.535128618296
2021-07-12 09:00:00,8815.0,8783.69716811003,8785.62,8784.521092609712
2021-07-12 10:00:00,8814.0,8784.229348917646,8801.73,8791.729023038017
2021-07-12 11:00:00,8777.0,8769.057829060732,8769.108,8769.07931893611
2021-07-12 12:00:00,8789.0,8737.76446526366,8721.715,8730.886493537964
2021-07-12 13:00:00,8718.0,8750.954782015855,8736.717,8744.853231398964
2021-07-12 14:00:00,8671.0,8687.294053095948,8697.783,8691.788886785907
2021-07-12 15:00:00,8575.0,8564.581987348622,8588.567,8574.860458380139
2021-07-12 16:00:00,8498.0,8577.349564199547,8589.556,8582.58024478133
2021-07-12 17:00:00,8468.0,8459.191261111031,8479.435,8467.866185450106
2021-07-12 18:00:00,8217.0,8284.351868327281,8252.848,8270.851047819491
2021-07-12 19:00:00,8230.0,8217.2420366495,8228.782,8222.187249373033
2021-07-12 20:00:00,8045.0,8108.427498841472,8071.839,8092.747868174776
2021-07-12 21:00:00,7637.0,7886.693329665717,7861.5186,7875.9050311407755
2021-07-12 22:00:00,7351.0,8271.715656183835,8304.4795,8285.756136223441
2021-07-12 23:00:00,8343.5,8265.89157531908,8271.961,8268.492340505509
2021-07-13 00:00:00,8343.5,8310.701867596312,8347.268,8326.371509385799
2021-07-13 01:00:00,8343.5,8297.89313767561,8342.922,8317.18948480979
2021-07-13 02:00:00,8343.5,8291.33318403161,8312.04,8300.206824914236
2021-07-13 03:00:00,7424.0,7943.511605196834,7890.4297,7920.7639983069275
2021-07-13 04:00:00,7890.0,8123.651184860465,8147.262,8133.769180202148
2021-07-13 05:00:00,8255.0,8161.969919553816,8204.296,8180.1080953419805
2021-07-13 06:00:00,8432.0,8387.57850955335,8390.571,8388.860822714574
2021-07-13 07:00:00,8602.0,8530.708795463848,8495.494,8515.617916291438
2021-07-13 08:00:00,8708.0,8671.570331758066,8652.076,8663.216197893105
2021-07-13 09:00:00,8730.0,8720.432838978188,8726.881,8723.195971265515
2021-07-13 10:00:00,8720.0,8665.831995012404,8671.851,8668.411069766658
2021-07-13 11:00:00,8690.0,8657.997194461792,8665.17,8661.070975319319
2021-07-13 12:00:00,8637.0,8662.237974175705,8651.71,8657.72611501356
2021-07-13 13:00:00,8604.0,8582.733739723366,8599.879,8590.080931963308
2021-07-13 14:00:00,8576.0,8579.601231300627,8589.476,8583.832566209301
2021-07-13 15:00:00,8487.0,8535.211791947871,8530.689,8533.273733341337
2021-07-13 16:00:00,8502.0,8506.063333891607,8492.435,8500.22290275883
2021-07-13 17:00:00,8413.0,8472.217347285596,8462.481,8468.044979755872
2021-07-13 18:00:00,8134.0,8157.495370871661,8145.1104,8152.187773449885
2021-07-13 19:00:00,8201.0,8156.255899354289,8186.313,8169.136443308913
2021-07-13 20:00:00,8019.0,8028.528268621616,8022.2725,8025.847418498847
2021-07-13 21:00:00,7656.0,7687.522304857748,7673.6113,7681.560940816774
2021-07-13 22:00:00,7356.0,8063.543003391025,8103.3276,8080.592164040128
2021-07-13 23:00:00,8308.0,8179.005383827127,8174.325,8176.99973320281
2021-07-14 00:00:00,8308.0,8322.662395361198,8342.217,8331.041962035779
2021-07-14 01:00:00,8308.0,8323.542802774591,8328.376,8325.61393027414
2021-07-14 02:00:00,8308.0,8260.140463809683,8272.013,8265.228007772728
2021-07-14 03:00:00,7502.0,7830.575577798248,7768.2046,7803.847266490234
2021-07-14 04:00:00,7904.0,8053.610206176165,8090.1665,8069.275797611466
2021-07-14 05:00:00,8203.0,8170.4824273033,8168.237,8169.520044937465
2021-07-14 06:00:00,8430.0,8333.483416901836,8339.647,8336.124949328721
2021-07-14 07:00:00,8508.0,8525.879701444444,8492.002,8511.361683946994
2021-07-14 08:00:00,8688.0,8582.514530462222,8590.6455,8585.99887479215
2021-07-14 09:00:00,8762.0,8723.847842037947,8705.495,8715.98296962072
2021-07-14 10:00:00,8773.0,8701.851030480222,8704.53,8702.999023472852
2021-07-14 11:00:00,8778.0,8688.077252761503,8687.037,8687.631476232684
2021-07-14 12:00:00,8753.0,8689.76081287021,8686.6455,8688.425600405832
2021-07-14 13:00:00,8645.0,8697.734435825772,8691.254,8694.957087318571
2021-07-14 14:00:00,8655.0,8583.446877777178,8585.151,8584.177184937631
2021-07-14 15:00:00,8600.0,8563.739227238035,8576.728,8569.305121383584
2021-07-14 16:00:00,8593.0,8588.323555655536,8601.954,8594.164711276684
2021-07-14 17:00:00,8452.0,8540.418402292566,8553.504,8546.025975872482
2021-07-14 18:00:00,8220.0,8180.094367826498,8193.879,8186.001442193636
2021-07-14 19:00:00,8260.0,8248.382626716484,8245.037,8246.948776040834
2021-07-14 20:00:00,8162.0,8071.256001693433,8064.6387,8068.420026011846
2021-07-14 21:00:00,7701.0,7837.86242968671,7802.907,7822.8827732737
2021-07-14 22:00:00,7319.0,7947.349192412781,7979.58,7961.161140369333
2021-07-14 23:00:00,8400.0,7994.802096528463,8008.681,8000.7496838504585
2021-07-15 00:00:00,8400.0,8397.415245227976,8408.625,8402.218973179808
2021-07-15 01:00:00,8400.0,8400.900013606108,8409.267,8404.485292983538
2021-07-15 02:00:00,8400.0,8313.97579114015,8344.143,8326.903325419375
2021-07-15 03:00:00,7527.0,7860.276097965045,7837.736,7850.616656515414
2021-07-15 04:00:00,8008.0,8027.16197839402,8067.3813,8044.397444236118
2021-07-15 05:00:00,8348.0,8233.046146849152,8242.716,8237.189910758332
2021-07-15 06:00:00,8636.0,8459.465939411106,8457.823,8458.761923566723
2021-07-15 07:00:00,8785.0,8671.878200791722,8693.769,8681.258832985486
2021-07-15 08:00:00,8915.0,8790.81334780584,8810.864,8799.40584383158
2021-07-15 09:00:00,8913.0,8898.912574077594,8890.338,8895.237964364916
2021-07-15 10:00:00,8876.0,8828.689744398962,8829.155,8828.889195749525
2021-07-15 11:00:00,8801.0,8771.902930953822,8799.44,8783.703725590987
2021-07-15 12:00:00,8791.0,8743.946700801154,8756.987,8749.534893170625
2021-07-15 13:00:00,8767.0,8734.73492790701,8736.524,8735.501659475773
2021-07-15 14:00:00,8665.0,8716.718628365881,8726.027,8720.707713318308
2021-07-15 15:00:00,8609.0,8594.715533455772,8610.458,8601.461535381499
2021-07-15 16:00:00,8587.0,8619.80878809826,8620.21,8619.98061031089
2021-07-15 17:00:00,8493.0,8553.667501677604,8544.286,8549.647155463965
2021-07-15 18:00:00,8247.0,8256.981679370705,8251.356,8254.571071550588
2021-07-15 19:00:00,8263.0,8305.322525330399,8305.1,8305.226855718018
2021-07-15 20:00:00,8147.0,8122.492218488627,8127.481,8124.630066739959
2021-07-15 21:00:00,7678.0,7733.929353688852,7740.493,7736.742001865637
2021-07-15 22:00:00,7396.0,7799.736828987015,7811.5327,7804.791678307451
2021-07-15 23:00:00,8425.0,8073.237716357867,8147.4507,8105.040540449762
2021-07-16 00:00:00,8425.0,8407.368052390142,8420.541,8413.01308315402
2021-07-16 01:00:00,8425.0,8408.983275434015,8421.183,8414.211026291963
2021-07-16 02:00:00,8425.0,8326.577979957907,8347.39,8335.496372056274
2021-07-16 03:00:00,7654.0,7785.359133873995,7790.6104,7787.609287839085
2021-07-16 04:00:00,8123.0,7956.866564159447,8008.5557,7979.017205971842
2021-07-16 05:00:00,8357.0,8415.756709867386,8342.966,8384.562997090678
2021-07-16 06:00:00,8612.0,8524.348340512484,8480.265,8505.456782121131
2021-07-16 07:00:00,8670.0,8665.173855961246,8699.368,8679.827203738656
2021-07-16 08:00:00,8817.0,8695.584437968866,8717.006,8704.764086842013
2021-07-16 09:00:00,8796.0,8846.621744008578,8848.234,8847.312701959545
2021-07-16 10:00:00,8627.0,8764.2007492678,8762.31,8763.390101559882
2021-07-16 11:00:00,8604.0,8609.614592811351,8613.868,8611.437227741892
2021-07-16 12:00:00,8631.0,8584.203336982502,8597.574,8589.933204128552
2021-07-16 13:00:00,8568.0,8612.415555300258,8617.546,8614.614047063122
2021-07-16 14:00:00,8540.0,8558.540490783394,8585.195,8569.962896070261
2021-07-16 15:00:00,8475.0,8515.683311268014,8527.965,8520.946197469671
2021-07-16 16:00:00,8402.0,8528.547467210243,8527.586,8528.135237783266
2021-07-16 17:00:00,8249.0,8362.460054403704,8349.504,8356.907668884218
2021-07-16 18:00:00,7940.0,8056.630384709292,8057.3306,8056.93042993326
2021-07-16 19:00:00,8028.0,8092.436083665061,8066.7207,8081.416000888624
2021-07-16 20:00:00,7888.0,7989.279172375619,7967.007,7979.734648316442
2021-07-16 21:00:00,7488.0,7453.31169106726,7448.415,7451.213272773009
2021-07-16 22:00:00,7120.0,7377.010485222993,7338.019,7360.301091116605
2021-07-16 23:00:00,7865.0,7793.12392520805,7776.0923,7785.825146068397
2021-07-17 00:00:00,7865.0,7899.074829830875,7885.6274,7893.312147844747
2021-07-17 01:00:00,7842.0,7898.6975890496515,7886.129,7893.311412308887
2021-07-17 02:00:00,7842.0,7859.949297333077,7791.783,7830.7375191144265
2021-07-17 03:00:00,7842.0,7610.2393444654235,7539.0317,7579.724197013132
2021-07-17 04:00:00,7150.0,7643.4292224245955,7612.01,7629.964677961644
2021-07-17 05:00:00,7358.0,7446.71828416859,7383.224,7419.508614708629
2021-07-17 06:00:00,7583.0,7602.366596274781,7639.4697,7618.266469614141
2021-07-17 07:00:00,7719.0,7729.949096844643,7738.804,7733.74379808753
2021-07-17 08:00:00,7842.0,7818.15691186517,7814.271,7816.491664817752
2021-07-17 09:00:00,7894.0,7910.8611443920045,7869.2075,7893.010973718762
2021-07-17 10:00:00,7922.0,7903.842133757865,7912.373,7907.497913165123
2021-07-17 11:00:00,7900.0,7911.881280584276,7907.2803,7909.909373866392
2021-07-17 12:00:00,7842.0,7925.110183117396,7931.6455,7927.910613259435
2021-07-17 13:00:00,7938.0,7919.359457886919,7879.1685,7902.136003224031
2021-07-17 14:00:00,7980.0,8008.998981430279,7989.1294,8000.484021344793
2021-07-17 15:00:00,7969.0,8049.032414699633,8058.7227,8053.184903979167
2021-07-17 16:00:00,7978.0,8050.843803532384,8057.4116,8053.65827875684
2021-07-17 17:00:00,7854.0,7977.2943269834905,7953.716,7967.189947470896
2021-07-17 18:00:00,7649.0,7747.066207170859,7727.2217,7738.561976488907
2021-07-17 19:00:00,7771.0,7784.614263873101,7788.1914,7786.1470008289125
2021-07-17 20:00:00,7668.0,7776.599712754485,7740.8877,7761.295738251683
2021-07-17 21:00:00,7269.0,7383.331103897091,7367.3657,7376.489265001397
2021-07-17 22:00:00,6917.0,7197.493537449128,7165.1865,7183.648790848117
2021-07-17 23:00:00,7658.5,7111.013246579857,7049.8604,7084.806842052564
2021-07-18 00:00:00,7658.5,7577.0443140275875,7553.1084,7566.7869239555785
2021-07-18 01:00:00,7658.5,7670.062617816204,7601.7427,7640.785029482618
2021-07-18 02:00:00,7658.5,7635.961100585395,7586.2075,7614.63979102672
2021-07-18 03:00:00,7658.5,7646.742077973296,7606.884,7629.661320334684
2021-07-18 04:00:00,7658.5,7589.013102594273,7601.9736,7594.567077819893
2021-07-18 05:00:00,7658.5,7432.264132533758,7418.5547,7426.388977451611
2021-07-18 06:00:00,7393.0,7625.114455885264,7601.8257,7615.134202052481
2021-07-18 07:00:00,7629.0,7580.08993638709,7613.707,7594.49589141386
2021-07-18 08:00:00,7747.0,7784.948002993028,7750.672,7770.259351368445
2021-07-18 09:00:00,7711.0,7822.027843124225,7793.1523,7809.653467247951
2021-07-18 10:00:00,7698.0,7749.86916496918,7727.1724,7740.142768087617
2021-07-18 11:00:00,7685.0,7744.888162463314,7726.3496,7736.943524436609
2021-07-18 12:00:00,7685.0,7723.98331221325,7689.8467,7709.354346124054
2021-07-18 13:00:00,7695.0,7741.399859465961,7731.7256,7737.254042149363
2021-07-18 14:00:00,7793.0,7804.46246460312,7804.3237,7804.402850464718
2021-07-18 15:00:00,7775.0,7878.257577055865,7865.673,7872.864581014336
2021-07-18 16:00:00,7818.0,7889.866822494314,7875.127,7883.550108996851
2021-07-18 17:00:00,7792.0,7842.819670710714,7797.079,7823.218096311475
2021-07-18 18:00:00,7653.0,7684.12073892177,7678.717,7681.804814644902
2021-07-18 19:00:00,7727.0,7866.130589928607,7863.005,7864.790897468424
2021-07-18 20:00:00,7625.0,7756.27350191681,7747.3438,7752.446654992376
2021-07-18 21:00:00,7696.0,7360.242460484684,7346.029,7354.151396480227
2021-07-18 22:00:00,7696.0,7495.478159111952,7557.1587,7521.910450385535
2021-07-18 23:00:00,7696.0,7773.4117688255665,7774.064,7773.691230246206
2021-07-19 00:00:00,7712.0,7714.014514523525,7717.152,7715.358959477297
2021-07-19 01:00:00,7751.0,7727.397411940677,7719.79,7724.13716614855
2021-07-19 02:00:00,7783.5,7408.4164884843685,7300.406,7362.129819045061
2021-07-19 03:00:00,7336.0,7495.618343560916,7473.6963,7486.223959099815
2021-07-19 04:00:00,7697.0,7851.135911988802,7763.3374,7813.511050871483
2021-07-19 05:00:00,7972.0,8042.309628157932,8024.1055,8034.508360970003
2021-07-19 06:00:00,8135.0,8201.655106037228,8176.568,8190.904157149697
2021-07-19 07:00:00,8230.0,8282.994491957506,8262.125,8274.050942890563
2021-07-19 08:00:00,8364.0,8400.58431941494,8313.396,8363.221145084695
2021-07-19 09:00:00,8405.0,8448.611964581412,8414.212,8433.87006561386
2021-07-19 10:00:00,8411.0,8407.804457621434,8367.552,8390.554709083666
2021-07-19 11:00:00,8415.0,8397.814506203194,8367.443,8384.799186981054
2021-07-19 12:00:00,8346.0,8388.806740121901,8371.249,8381.282438049495
2021-07-19 13:00:00,8295.0,8313.418206022381,8319.272,8315.926971108533
2021-07-19 14:00:00,8294.0,8315.992101153213,8285.701,8303.011139128472
2021-07-19 15:00:00,8274.0,8307.054267598342,8282.361,8296.472342354962
2021-07-19 16:00:00,8270.0,8309.853134997067,8294.707,8303.362319877659
2021-07-19 17:00:00,8212.0,8249.748373309094,8219.488,8236.780763854837
2021-07-19 18:00:00,7929.0,8024.063050226897,7986.249,8007.8582097741955
2021-07-19 19:00:00,7914.0,7991.079926598275,7982.1357,7987.246867679057
2021-07-19 20:00:00,7776.0,7847.606481620566,7809.164,7831.132294314148
2021-07-19 21:00:00,7379.0,7764.353732180725,7656.324,7718.05908360742
2021-07-19 22:00:00,8125.0,7807.572863476618,7776.69,7794.338288452592
2021-07-19 23:00:00,8125.0,8148.537837681364,8123.2656,8137.707787415821
2021-07-20 00:00:00,8125.0,8096.333172567674,8082.5474,8090.4252709850525
2021-07-20 01:00:00,8125.0,8099.987611127408,8084.975,8093.554176081524
2021-07-20 02:00:00,8125.0,8050.084289953739,8045.282,8048.026246525342
2021-07-20 03:00:00,7415.0,7635.263352652901,7629.85,7632.943446224147
2021-07-20 04:00:00,7845.0,7965.377767109086,7942.171,7955.432560312643
2021-07-20 05:00:00,8038.0,8071.0796875297565,8052.6973,8063.202081426758
2021-07-20 06:00:00,8252.0,8179.611978578484,8141.2974,8163.192571286229
2021-07-20 07:00:00,8403.0,8305.890075096431,8283.355,8296.233074382151
2021-07-20 08:00:00,8462.0,8434.491739002384,8402.454,8420.762299785882
2021-07-20 09:00:00,8444.0,8470.892153429964,8430.559,8453.607748376613
2021-07-20 10:00:00,8416.0,8395.70626116551,8371.373,8385.27848421102
2021-07-20 11:00:00,8326.0,8365.06412430589,8324.882,8347.844529899252
2021-07-20 12:00:00,8278.0,8281.153201931204,8269.503,8276.160578332485
2021-07-20 13:00:00,8254.0,8244.786249007882,8233.889,8240.116234187415
2021-07-20 14:00:00,8267.0,8248.498133487225,8242.051,8245.73499877235
2021-07-20 15:00:00,8207.0,8231.300908653988,8222.717,8227.622258568415
2021-07-20 16:00:00,8253.0,8232.219888094869,8225.462,8229.323691182359
2021-07-20 17:00:00,8220.0,8200.91488901814,8182.8,8193.151804538786
2021-07-20 18:00:00,7942.0,7955.4433549194855,7927.538,7943.484899891333
2021-07-20 19:00:00,7981.0,7945.552215551279,7963.357,7953.182085489605
2021-07-20 20:00:00,7858.0,7860.392857349857,7829.01,7846.943878273108
2021-07-20 21:00:00,7482.0,7658.326714620283,7689.055,7671.494894669448
2021-07-20 22:00:00,8061.5,7997.5472291456,8027.4067,8010.343084773483
2021-07-20 23:00:00,8061.5,8089.76045798522,8096.342,8092.580582352555
2021-07-21 00:00:00,8061.5,8089.495925434424,8090.389,8089.8786304412015
2021-07-21 01:00:00,8061.5,8089.2753620002295,8089.188,8089.23793808163
2021-07-21 02:00:00,8061.5,8036.329268131935,8038.468,8037.24558946812
2021-07-21 03:00:00,8061.5,7564.32491415331,7513.785,7542.666690415903
2021-07-21 04:00:00,7773.0,7969.495163517715,7947.4414,7960.044290577564
2021-07-21 05:00:00,8003.0,8026.075086097352,8012.866,8020.414508701754
2021-07-21 06:00:00,8120.0,8167.8002778417695,8149.7637,8160.070790877292
2021-07-21 07:00:00,8293.0,8250.591650174047,8258.864,8254.136689126328
2021-07-21 08:00:00,8382.0,8372.691639002884,8361.725,8367.991705184755
2021-07-21 09:00:00,8318.0,8418.684569314044,8403.194,8412.046220093009
2021-07-21 10:00:00,8260.0,8289.458376022194,8290.684,8289.983341213025
2021-07-21 11:00:00,8294.0,8233.772442161635,8234.824,8234.22312598333
2021-07-21 12:00:00,8292.0,8266.745523097337,8244.8545,8257.364373578639
2021-07-21 13:00:00,8371.0,8236.79257914914,8231.134,8234.36748065707
2021-07-21 14:00:00,8366.0,8309.439997984153,8300.251,8305.501959632358
2021-07-21 15:00:00,8391.0,8288.825303124688,8283.23,8286.427715589136
2021-07-21 16:00:00,8511.0,8370.889092251628,8350.355,8362.089545442092
2021-07-21 17:00:00,8453.0,8369.333923034997,8360.936,8365.73475875691
2021-07-21 18:00:00,8161.0,8116.192865753027,8128.3994,8121.423772122418
2021-07-21 19:00:00,8187.0,8072.580221678998,8087.5835,8079.009532891292
2021-07-21 20:00:00,7991.0,7942.383842460971,7944.6846,7943.36976736077
2021-07-21 21:00:00,8216.5,7728.669445308104,7697.567,7715.340649115767
2021-07-21 22:00:00,8216.5,8156.454432696431,8123.031,8142.131001356096
2021-07-21 23:00:00,8216.5,8104.35312432111,8108.3037,8106.045977249098
2021-07-22 00:00:00,8216.5,8139.415776699832,8123.39,8132.54808641734
2021-07-22 01:00:00,8216.5,8146.070485650063,8125.3945,8137.209895498947
2021-07-22 02:00:00,8216.5,8116.223131559876,8108.0674,8112.727933156588
2021-07-22 03:00:00,7504.0,7922.037392452663,7844.9604,7889.006920891305
2021-07-22 04:00:00,7865.0,7992.190090160625,7997.849,7994.61517220169
2021-07-22 05:00:00,8043.0,8094.12373963068,8126.8257,8108.137514522064
2021-07-22 06:00:00,8246.0,8199.766061800643,8195.083,8197.759207888095
2021-07-22 07:00:00,8405.0,8350.120916712267,8348.706,8349.514506875734
2021-07-22 08:00:00,8508.0,8478.126240087833,8466.686,8473.223453326404
2021-07-22 09:00:00,8487.0,8516.951762494706,8493.347,8506.836109937194
2021-07-22 10:00:00,8410.0,8445.41463281049,8412.129,8431.150329519362
2021-07-22 11:00:00,8411.0,8366.415708582499,8339.839,8355.02633462476
2021-07-22 12:00:00,8434.0,8367.488518330923,8347.58,8358.957033045604
2021-07-22 13:00:00,8449.0,8415.197316426724,8392.097,8405.297767592676
2021-07-22 14:00:00,8359.0,8444.342440228605,8446.374,8445.212903708458
2021-07-22 15:00:00,8282.0,8366.906746821158,8360.091,8363.985655925955
2021-07-22 16:00:00,8287.0,8342.863753051886,8351.973,8346.767206061333
2021-07-22 17:00:00,8257.0,8297.841706644796,8322.28,8308.314390734911
2021-07-22 18:00:00,7999.0,8065.577844688482,8070.014,8067.478878246218
2021-07-22 19:00:00,8063.0,8104.386334292303,8129.5566,8115.172621546578
2021-07-22 20:00:00,7984.0,7985.862508445081,7985.899,7985.87809731881
2021-07-22 21:00:00,7539.0,7944.819482664684,7922.5015,7935.255298848724
2021-07-22 22:00:00,8087.0,7959.843164161209,8003.3306,7978.478966009505
2021-07-22 23:00:00,8087.0,8138.583836026333,8157.0854,8146.512360067074
2021-07-23 00:00:00,8087.0,8131.648778125983,8153.704,8141.1002539407245
2021-07-23 01:00:00,8087.0,8131.1247554698675,8154.262,8141.039807862746
2021-07-23 02:00:00,8087.0,8103.478686679846,8127.3223,8113.696414657425
2021-07-23 03:00:00,7423.0,7666.8472465080495,7638.7476,7654.805472734737
2021-07-23 04:00:00,7738.0,7837.945022032895,7768.115,7808.020303804938
2021-07-23 05:00:00,7958.0,7960.941269761249,8000.3555,7977.831590785934
2021-07-23 06:00:00,8111.0,8173.029466716232,8173.918,8173.410154961011
2021-07-23 07:00:00,8324.0,8259.711714415464,8283.377,8269.853110389113
2021-07-23 08:00:00,8373.0,8392.36454738482,8399.508,8395.425701978149
2021-07-23 09:00:00,8422.0,8416.941984321476,8393.37,8406.840435673676
2021-07-23 10:00:00,8348.0,8380.00931348223,8385.275,8382.266017355943
2021-07-23 11:00:00,8294.0,8296.482769530727,8314.308,8304.121304054048
2021-07-23 12:00:00,8270.0,8294.434204591347,8284.182,8290.040467992505
2021-07-23 13:00:00,8293.0,8263.795899157456,8279.108,8270.35772663767
2021-07-23 14:00:00,8185.0,8292.031704708514,8278.378,8286.18046678068
2021-07-23 15:00:00,8127.0,8198.423121845635,8195.378,8197.117987606936
2021-07-23 16:00:00,8151.0,8188.070335868877,8198.098,8192.367277050078
2021-07-23 17:00:00,8152.0,8121.622355570788,8111.1875,8117.1505500757485
2021-07-23 18:00:00,7903.0,7915.719397054301,7910.4873,7913.477228534363
2021-07-23 19:00:00,7988.0,7986.198895702615,7967.0054,7977.973650625093
2021-07-23 20:00:00,7839.0,7912.613171544487,7910.6035,7911.751939142814
2021-07-23 21:00:00,7439.0,7430.726024086955,7418.3296,7425.413569277594
2021-07-23 22:00:00,7164.0,7430.561406875967,7416.2803,7424.441322744313
2021-07-23 23:00:00,7819.0,7586.948395876057,7477.3735,7539.99142161999
2021-07-24 00:00:00,7802.0,7788.522623275838,7797.6274,7792.42418621263
2021-07-24 01:00:00,7796.0,7746.7617527817265,7769.765,7756.619437272022
2021-07-24 02:00:00,7796.0,7686.613394623719,7717.0156,7699.641873713776
2021-07-24 03:00:00,7796.0,7512.225180678055,7534.215,7521.648484275344
2021-07-24 04:00:00,7796.0,7422.664613103579,7472.9014,7444.192754566915
2021-07-24 05:00:00,7388.0,7507.562133859962,7542.5513,7522.556233620011
2021-07-24 06:00:00,7597.0,7533.589228307185,7546.0195,7538.91609269186
2021-07-24 07:00:00,7728.0,7672.177763628117,7689.568,7679.629988292304
2021-07-24 08:00:00,7808.0,7789.559028482347,7790.904,7790.135106162115
2021-07-24 09:00:00,7837.0,7805.344506355357,7805.283,7805.318037824102
2021-07-24 10:00:00,7830.0,7824.029708942976,7818.06,7821.471288347926
2021-07-24 11:00:00,7796.0,7815.679272624793,7811.832,7814.030374606524
2021-07-24 12:00:00,7796.0,7801.7674683592195,7818.013,7808.7292139234505
2021-07-24 13:00:00,7877.0,7820.396179628507,7841.4224,7829.406578212841
2021-07-24 14:00:00,7919.0,7897.75826980363,7932.1895,7912.513151163351
2021-07-24 15:00:00,7970.0,7917.714688764418,7934.9844,7925.115267381478
2021-07-24 16:00:00,8006.0,7999.1537136936395,7987.817,7994.295311524951
2021-07-24 17:00:00,7956.0,7907.405663244546,7910.4585,7908.713783072519
2021-07-24 18:00:00,7639.0,7724.367622095634,7726.0957,7725.108144829743
2021-07-24 19:00:00,7745.0,7756.882671870643,7758.5264,7757.587009631541
2021-07-24 20:00:00,7724.0,7700.123811241895,7702.3203,7701.06497442099
2021-07-24 21:00:00,7325.0,7309.2236286336,7314.3706,7311.429108674175
2021-07-24 22:00:00,7000.0,7177.10414947153,7170.393,7174.228203777279
2021-07-24 23:00:00,7662.5,7267.759626369059,7211.079,7243.469790300688
2021-07-25 00:00:00,7662.5,7662.374919110217,7685.617,7672.334906553378
2021-07-25 01:00:00,7662.5,7635.568429733981,7685.9946,7657.177845192918
2021-07-25 02:00:00,7662.5,7627.189864912378,7652.65,7638.100251573578
2021-07-25 03:00:00,7662.5,7607.399457501324,7592.4316,7600.9850947178675
2021-07-25 04:00:00,7662.5,7649.782548912146,7633.65,7642.869052929165
2021-07-25 05:00:00,7204.0,7482.049770932121,7492.2563,7486.423630222512
2021-07-25 06:00:00,7404.0,7387.431344543161,7368.1567,7379.171269501536
2021-07-25 07:00:00,7556.0,7599.378552498772,7600.162,7599.714185503751
2021-07-25 08:00:00,7686.0,7676.265065480049,7655.764,7667.479647573744
2021-07-25 09:00:00,7765.0,7735.638264219812,7729.9565,7733.203444907612
2021-07-25 10:00:00,7774.0,7756.235348858732,7737.83,7748.347947620587
2021-07-25 11:00:00,7731.0,7750.306521650735,7707.7666,7732.076539298732
2021-07-25 12:00:00,7735.0,7743.089502130724,7709.984,7728.90247235858
2021-07-25 13:00:00,7783.0,7759.529578851349,7734.4243,7748.771006717568
2021-07-25 14:00:00,7857.0,7818.71366593563,7807.659,7813.976333278005
2021-07-25 15:00:00,7866.0,7895.689779239434,7911.053,7902.273467399721
2021-07-25 16:00:00,7906.0,7940.99752018169,7935.159,7938.495503717523
2021-07-25 17:00:00,7887.0,7884.286718936828,7871.6284,7878.862016668533
2021-07-25 18:00:00,7675.0,7623.681722569592,7652.7036,7636.1186701085035
2021-07-25 19:00:00,7860.0,7830.568271119788,7801.7817,7818.232007006807
2021-07-25 20:00:00,7779.0,7761.7694822931535,7762.123,7761.920902520236
2021-07-25 21:00:00,7374.0,7506.637227581474,7501.1455,7504.283787082385
2021-07-25 22:00:00,7781.0,7311.500314703663,7316.295,7313.554858385698
2021-07-25 23:00:00,7809.0,7733.933491161938,7709.4404,7723.437237373675
2021-07-26 00:00:00,7846.0,7783.012636406051,7790.6416,7786.28177823691
2021-07-26 01:00:00,7858.5,7796.065884737845,7805.861,7800.26320409542
2021-07-26 02:00:00,6869.0,7697.385719897715,7732.333,7712.361827796248
2021-07-26 03:00:00,7344.0,7483.720094871065,7518.8433,7498.771469706435
2021-07-26 04:00:00,7835.0,7908.441082494563,7806.6294,7864.810858333989
2021-07-26 05:00:00,8228.0,8104.105751756154,8093.419,8099.525950781602
2021-07-26 06:00:00,8553.0,8335.618477424683,8279.506,8311.572108978613
2021-07-26 07:00:00,8647.0,8563.408161676856,8599.842,8579.021202981803
2021-07-26 08:00:00,8838.0,8640.624457466936,8645.849,8642.863063298215
2021-07-26 09:00:00,8862.0,8793.813510629918,8797.1045,8795.223598455823
2021-07-26 10:00:00,8801.0,8760.37533613024,8744.06,8753.383217318515
2021-07-26 11:00:00,8813.0,8716.686554189824,8714.607,8715.795341133013
2021-07-26 12:00:00,8700.0,8709.32122882881,8712.317,8710.60512635369
2021-07-26 13:00:00,8688.0,8615.77843485817,8631.359,8622.45524312162
2021-07-26 14:00:00,8624.0,8614.059701502465,8624.222,8618.414456226423
2021-07-26 15:00:00,8508.0,8514.077841980246,8530.557,8521.139570433505
2021-07-26 16:00:00,8516.0,8457.917718686596,8461.675,8459.527562768346
2021-07-26 17:00:00,8439.0,8421.658936998163,8408.264,8415.918569677298
2021-07-26 18:00:00,8173.0,8157.048478677778,8162.683,8159.462908511567
2021-07-26 19:00:00,8211.0,8072.292794630992,8069.681,8071.173403863546
2021-07-26 20:00:00,8015.0,8000.989222455627,8000.312,8000.698973864774
2021-07-26 21:00:00,7501.0,7761.123355335446,7738.9785,7751.633451744816
2021-07-26 22:00:00,8328.0,8247.135001360866,8233.427,8241.26046206128
2021-07-26 23:00:00,8328.0,8304.283342012797,8261.454,8285.929387242322
2021-07-27 00:00:00,8328.0,8342.929931141029,8303.951,8326.225922852274
2021-07-27 01:00:00,8328.0,8337.38846941945,8316.111,8328.270362136243
2021-07-27 02:00:00,8328.0,8289.134418580852,8267.464,8279.847771950692
2021-07-27 03:00:00,7386.0,7943.66974996623,7866.4604,7910.582643733213
2021-07-27 04:00:00,7860.0,8092.79280761948,8097.7207,8094.90452352837
2021-07-27 05:00:00,8217.0,8260.483019580033,8216.73,8241.733336158095
2021-07-27 06:00:00,8470.0,8366.05825802628,8373.8955,8369.416791289954
2021-07-27 07:00:00,8588.0,8557.784141707789,8549.03,8554.032623408191
2021-07-27 08:00:00,8633.0,8650.661422961764,8655.588,8652.77240534819
2021-07-27 09:00:00,8729.0,8639.892113492391,8653.637,8645.781957890697
2021-07-27 10:00:00,8712.0,8673.869952930252,8668.644,8671.630200659616
2021-07-27 11:00:00,8622.0,8669.706218979705,8668.596,8669.23027143711
2021-07-27 12:00:00,8626.0,8597.922720073517,8601.1,8599.284071128666
2021-07-27 13:00:00,8667.0,8597.174362153432,8600.152,8598.450406134834
2021-07-27 14:00:00,8632.0,8579.483772714459,8607.563,8591.516907774272
2021-07-27 15:00:00,8556.0,8538.835590050126,8549.898,8543.57629064828
2021-07-27 16:00:00,8524.0,8536.776358590107,8559.223,8546.395364920345
2021-07-27 17:00:00,8384.0,8467.346816431354,8456.645,8462.760429106525
2021-07-27 18:00:00,8103.0,8124.217299589747,8112.6606,8119.2648131703545
2021-07-27 19:00:00,8167.0,8143.392041847937,8162.225,8151.4627102592385
2021-07-27 20:00:00,7983.0,7982.078365719341,7995.0376,7987.6318581526875
2021-07-27 21:00:00,7487.0,7728.452118242103,7715.5234,7722.911523018925
2021-07-27 22:00:00,8286.0,8227.964644628202,8240.843,8233.48328403019
2021-07-27 23:00:00,8286.0,8283.853343038665,8279.947,8282.17944013104
2021-07-28 00:00:00,8286.0,8288.305002776735,8311.781,8298.365246283276
2021-07-28 01:00:00,8286.0,8287.665152217087,8314.06,8298.975913489405
2021-07-28 02:00:00,8286.0,8231.190171841396,8252.958,8240.518449193229
2021-07-28 03:00:00,7503.0,7945.585679625526,7873.8784,7914.8564824195455
2021-07-28 04:00:00,7853.0,8058.033076809144,8058.4688,8058.219565907363
2021-07-28 05:00:00,8188.0,8149.126129362656,8172.6357,8159.200712840251
2021-07-28 06:00:00,8434.0,8330.220565023359,8329.041,8329.714938861904
2021-07-28 07:00:00,8581.0,8510.551047854355,8482.753,8498.63854109521
2021-07-28 08:00:00,8650.0,8615.067919627058,8617.803,8616.239883525632
2021-07-28 09:00:00,8717.0,8657.741203162002,8665.972,8661.268191529372
2021-07-28 10:00:00,8691.0,8671.614949819423,8667.932,8670.036373214916
2021-07-28 11:00:00,8690.0,8645.3658833154,8644.517,8645.001813682284
2021-07-28 12:00:00,8627.0,8648.331582651106,8649.395,8648.786934232401
2021-07-28 13:00:00,8645.0,8592.622384364544,8601.383,8596.376461344938
2021-07-28 14:00:00,8626.0,8593.76771175589,8614.109,8602.484831410704
2021-07-28 15:00:00,8587.0,8571.795259614702,8578.081,8574.488926870705
2021-07-28 16:00:00,8579.0,8585.894642742827,8579.045,8582.95929372033
2021-07-28 17:00:00,8554.0,8522.369393682997,8521.073,8521.813923618236
2021-07-28 18:00:00,8272.0,8237.626118073751,8246.655,8241.495428943046
2021-07-28 19:00:00,8301.0,8234.357118787524,8228.31,8231.765499207913
2021-07-28 20:00:00,8094.0,8077.768333490287,8082.257,8079.691633875808
2021-07-28 21:00:00,7662.0,7813.727545446672,7814.5054,7814.060785980912
2021-07-28 22:00:00,8378.0,8219.109315861022,8161.0693,8194.236997048323
2021-07-28 23:00:00,8378.0,8383.782594090395,8352.935,8370.562933985442
2021-07-29 00:00:00,8378.0,8394.907154875196,8381.48,8389.153123070324
2021-07-29 01:00:00,8378.0,8395.027675683643,8382.144,8389.506175984447
2021-07-29 02:00:00,8378.0,8339.12482890394,8307.0625,8325.384942421415
2021-07-29 03:00:00,8378.0,7917.881542285353,7827.2676,7879.04997352459
2021-07-29 04:00:00,7976.0,8193.488634948515,8238.881,8212.940687250306
2021-07-29 05:00:00,8283.0,8275.809199875182,8278.733,8277.062243346805
2021-07-29 06:00:00,8455.0,8435.671997168361,8424.3,8430.798590494
2021-07-29 07:00:00,8625.0,8545.011659410337,8565.795,8553.917943880275
2021-07-29 08:00:00,8650.0,8674.017317673164,8677.987,8675.718564601953
2021-07-29 09:00:00,8545.0,8660.791784351462,8670.19,8664.819348246052
2021-07-29 10:00:00,8635.0,8528.843327163459,8545.606,8536.026723016766
2021-07-29 11:00:00,8600.0,8599.74830897271,8616.336,8606.856625177203
2021-07-29 12:00:00,8544.0,8572.196939566496,8579.684,8575.405239825317
2021-07-29 13:00:00,8525.0,8523.203885525292,8535.973,8528.675570758627
2021-07-29 14:00:00,8465.0,8511.51392429442,8530.018,8519.443428376602
2021-07-29 15:00:00,8423.0,8490.066937608754,8504.776,8496.370366687208
2021-07-29 16:00:00,8526.0,8481.79071319894,8494.174,8487.097106473233
2021-07-29 17:00:00,8432.0,8470.190009824426,8497.677,8481.968950201684
2021-07-29 18:00:00,8121.0,8167.792885003573,8167.2573,8167.563392312983
2021-07-29 19:00:00,8208.0,8230.019933813957,8250.743,8238.900482283438
2021-07-29 20:00:00,8028.0,8092.313973225126,8081.8276,8087.820096198969
2021-07-29 21:00:00,7666.0,7761.323475502203,7714.2163,7741.1362408228815
2021-07-29 22:00:00,8328.5,8164.171622510993,8135.7505,8151.992020342199
2021-07-29 23:00:00,8328.5,8334.318424503559,8338.036,8335.911451753607
2021-07-30 00:00:00,8328.5,8294.275185792276,8330.754,8309.907602387155
2021-07-30 01:00:00,8328.5,8294.275185792276,8331.38,8310.17591293403
2021-07-30 02:00:00,8328.5,8244.853797944465,8267.153,8254.40996288307
2021-07-30 03:00:00,7584.0,8006.422438812141,7925.3774,7971.691553273477
2021-07-30 04:00:00,7985.0,7958.691668128533,7925.196,7944.337285634963
2021-07-30 05:00:00,8234.0,8273.749982003557,8195.908,8240.391823431015
2021-07-30 06:00:00,8439.0,8364.706197298437,8375.169,8369.189792415022
2021-07-30 07:00:00,8615.0,8497.166803543418,8554.847,8521.884711207878
2021-07-30 08:00:00,8703.0,8650.63535012432,8659.05,8654.241148254921
2021-07-30 09:00:00,8782.0,8678.462128243304,8689.986,8683.400456705644
2021-07-30 10:00:00,8693.0,8692.129921068417,8718.506,8703.43277925886
2021-07-30 11:00:00,8605.0,8627.137064361406,8629.162,8628.004877497486
2021-07-30 12:00:00,8570.0,8529.36254221603,8549.907,8538.166697116078
2021-07-30 13:00:00,8573.0,8509.712749096745,8538.885,8522.213927426561
2021-07-30 14:00:00,8538.0,8503.25815399253,8534.228,8516.529513185948
2021-07-30 15:00:00,8429.0,8425.609165831669,8453.963,8437.75972096927
2021-07-30 16:00:00,8360.0,8448.75018284817,8435.323,8442.996171430168
2021-07-30 17:00:00,8320.0,8325.53159667804,8296.454,8313.070765628421
2021-07-30 18:00:00,8048.0,8018.3707592242035,8009.523,8014.579150962297
2021-07-30 19:00:00,8157.0,8144.261753380131,8140.683,8142.7280290839735
2021-07-30 20:00:00,7963.0,7978.814731927933,7987.8784,7982.69869577315
2021-07-30 21:00:00,7540.0,7575.550979673609,7554.7373,7566.631536129015
2021-07-30 22:00:00,7236.0,7527.901688163846,7540.6855,7533.37998319703
2021-07-30 23:00:00,7088.0,7677.046736498326,7632.6143,7658.005689626482
2021-07-31 00:00:00,7953.0,7580.233769145691,7616.4277,7595.744102190937
2021-07-31 01:00:00,7953.0,7903.828125301818,7850.788,7881.0985504238315
2021-07-31 02:00:00,7953.0,7875.88709623223,7801.273,7843.91203767804
2021-07-31 03:00:00,7953.0,7745.068218897119,7646.685,7702.907259935722
2021-07-31 04:00:00,7953.0,7821.610965732013,7770.1104,7799.540969512915
2021-07-31 05:00:00,7448.0,7709.699296660241,7686.0303,7699.556056498435
2021-07-31 06:00:00,7661.0,7622.027667489788,7635.3853,7627.751807369053
2021-07-31 07:00:00,7818.0,7767.373079778899,7764.392,7766.09556529908
2021-07-31 08:00:00,7947.0,7858.219621478127,7851.1206,7855.177295388051
2021-07-31 09:00:00,8002.0,7904.398542757751,7936.4233,7918.122277008309
2021-07-31 10:00:00,7979.0,7929.375982193409,7941.97,7934.772921696255
2021-07-31 11:00:00,7959.0,7916.626336063392,7922.383,7919.093167201403
2021-07-31 12:00:00,7992.0,7923.816419218301,7952.2383,7935.996225761366
2021-07-31 13:00:00,7999.0,7973.757525470964,7987.2773,7979.5511191996475
2021-07-31 14:00:00,8073.0,8019.905505653227,8007.312,8014.508692553823
2021-07-31 15:00:00,8165.0,8106.419205738958,8084.381,8096.974958101976
2021-07-31 16:00:00,8172.0,8158.028186532243,8162.4204,8159.91022682965
2021-07-31 17:00:00,8158.0,8091.566621079417,8083.4307,8088.080023546471
2021-07-31 18:00:00,7841.0,7855.891510568194,7857.78,7856.7006250614195
2021-07-31 19:00:00,7973.0,7923.467939177271,7889.678,7908.987756012972
2021-07-31 20:00:00,7875.0,7858.056605874533,7863.0586,7860.200104739719
2021-07-31 21:00:00,7476.0,7412.343727335416,7391.252,7403.30500037307
2021-07-31 22:00:00,7092.0,7181.188743573317,7169.3994,7176.1363742724625
2021-07-31 23:00:00,6942.0,7330.950132102148,7451.7754,7382.728066073971
2021-08-01 00:00:00,7809.0,7366.852407835195,7334.791,7353.112821259982
2021-08-01 01:00:00,7809.0,7727.3613895702265,7673.529,7704.29211779293
2021-08-01 02:00:00,7809.0,7710.973916728733,7675.126,7695.611603608043
2021-08-01 03:00:00,7809.0,7672.111000456336,7663.4614,7668.40433558557
2021-08-01 04:00:00,7809.0,7677.061922071532,7689.389,7682.34444575023
2021-08-01 05:00:00,7192.0,7425.969399298926,7467.9424,7443.956318803269
2021-08-01 06:00:00,7410.0,7412.855713747712,7435.133,7422.402269350541
2021-08-01 07:00:00,7663.0,7633.234216111912,7588.9434,7614.25383973363
2021-08-01 08:00:00,7792.0,7762.074368765046,7748.7104,7756.347331234713
2021-08-01 09:00:00,7877.0,7827.855489228498,7798.006,7815.063831619653
2021-08-01 10:00:00,7834.0,7855.658349619603,7852.2637,7854.203612590144
2021-08-01 11:00:00,7826.0,7811.488013319217,7778.83,7797.492889480166
2021-08-01 12:00:00,7891.0,7828.618013399431,7804.513,7818.2881604662225
2021-08-01 13:00:00,7836.0,7875.56474161781,7886.142,7880.097452731947
2021-08-01 14:00:00,7866.0,7933.194207879961,7894.1377,7916.456850916441
2021-08-01 15:00:00,7916.0,7978.711279340181,7977.5674,7978.220875237468
2021-08-01 16:00:00,8028.0,7999.7877357510715,7995.5317,7997.9637842464645
2021-08-01 17:00:00,7930.0,8038.666167072062,8000.461,8022.293688082049
2021-08-01 18:00:00,7702.0,7791.467076246095,7776.387,7785.004782430778
2021-08-01 19:00:00,7935.0,7911.966598476005,7906.342,7909.55603030643
2021-08-01 20:00:00,7761.0,7816.933188960127,7805.158,7811.887078572385
2021-08-01 21:00:00,7851.0,7446.537290983773,7408.6187,7430.287752093755
2021-08-01 22:00:00,7851.0,7573.41826733517,7616.521,7591.889331661738
2021-08-01 23:00:00,7878.5,7790.487643114114,7798.067,7793.735599622155
2021-08-02 00:00:00,7903.5,7927.797102410486,7902.7954,7917.082807947347
2021-08-02 01:00:00,7923.0,7937.395307788626,7911.532,7926.311971305694
2021-08-02 02:00:00,7932.5,7706.677876008263,7718.139,7711.58943505435
2021-08-02 03:00:00,7505.0,7676.789231173195,7672.96,7675.148085548395
2021-08-02 04:00:00,8001.0,8016.518551587495,8007.977,8012.858084499225
2021-08-02 05:00:00,8315.0,8355.728054076719,8322.206,8341.36257928432
2021-08-02 06:00:00,8494.0,8501.754373313415,8514.465,8507.201163479782
2021-08-02 07:00:00,8574.0,8589.235441655492,8598.895,8593.374541420892
2021-08-02 08:00:00,8678.0,8672.336518237338,8676.943,8674.310539536593
2021-08-02 09:00:00,8719.0,8737.757416014803,8686.878,8715.953510072373
2021-08-02 10:00:00,8650.0,8707.025080033216,8677.73,8694.471184095064
2021-08-02 11:00:00,8580.0,8602.620379285037,8617.526,8609.007917905034
2021-08-02 12:00:00,8499.0,8558.634214234771,8560.172,8559.293066917191
2021-08-02 13:00:00,8506.0,8493.21804058654,8503.906,8497.798303860694
2021-08-02 14:00:00,8450.0,8487.695278016983,8508.143,8496.457677071858
2021-08-02 15:00:00,8420.0,8437.978989840176,8457.893,8446.512704239984
2021-08-02 16:00:00,8460.0,8446.640531520614,8477.816,8460.000543923245
2021-08-02 17:00:00,8414.0,8446.902489853199,8437.791,8442.9978997632
2021-08-02 18:00:00,8160.0,8187.084158969171,8184.627,8186.031008003389
2021-08-02 19:00:00,8294.0,8192.329473688458,8231.09,8208.939646010389
2021-08-02 20:00:00,8022.0,8125.850203742875,8166.6196,8143.321249086346
2021-08-02 21:00:00,8377.0,7899.591932652819,7914.0215,7905.775377772263
2021-08-02 22:00:00,8377.0,8425.905997665877,8434.473,8429.577054565902
2021-08-02 23:00:00,8377.0,8437.78622697115,8424.522,8432.102010213028
2021-08-03 00:00:00,8377.0,8377.2737150399,8383.948,8380.133875411404
2021-08-03 01:00:00,8377.0,8375.785754411769,8383.982,8379.298208862914
2021-08-03 02:00:00,8377.0,8338.750521859245,8328.369,8334.301654892875
2021-08-03 03:00:00,7594.0,8020.738040842037,7972.4214,8000.0325516165585
2021-08-03 04:00:00,8052.0,8254.535739504205,8207.915,8234.556851448315
2021-08-03 05:00:00,8340.0,8345.033384741564,8319.281,8333.99754960089
2021-08-03 06:00:00,8498.0,8449.648419089724,8446.027,8448.09663873752
2021-08-03 07:00:00,8505.0,8550.12964678817,8553.619,8551.624912726404
2021-08-03 08:00:00,8576.0,8590.324361113317,8602.573,8595.573235012964
2021-08-03 09:00:00,8745.0,8637.515131453745,8629.539,8634.096939582576
2021-08-03 10:00:00,8708.0,8673.75789896019,8683.507,8677.935550686565
2021-08-03 11:00:00,8656.0,8639.571227539705,8620.703,8631.485546215354
2021-08-03 12:00:00,8594.0,8574.315974579735,8566.319,8570.888895780452
2021-08-03 13:00:00,8547.0,8558.4066649712,8552.859,8556.029241787066
2021-08-03 14:00:00,8461.0,8539.118071332183,8500.193,8522.437181242603
2021-08-03 15:00:00,8365.0,8453.930716281853,8456.241,8454.9207678214
2021-08-03 16:00:00,8374.0,8437.149688079122,8468.166,8450.441132415875
2021-08-03 17:00:00,8353.0,8388.657577440477,8390.8125,8389.58098610429
2021-08-03 18:00:00,8056.0,8121.270931803952,8111.669,8117.156023095903
2021-08-03 19:00:00,8176.0,8191.6297720604,8226.726,8206.669430836126
2021-08-03 20:00:00,7980.0,8014.147126814516,8037.18,8024.017550558587
2021-08-03 21:00:00,7493.0,8106.539991824546,8093.4795,8100.942908706015
2021-08-03 22:00:00,8359.0,8411.917012233664,8385.6,8400.639014236207
2021-08-03 23:00:00,8359.0,8425.473460948306,8401.053,8415.008098334492
2021-08-04 00:00:00,8359.0,8408.41034461157,8396.482,8403.298656379353
2021-08-04 01:00:00,8359.0,8409.051098830309,8399.471,8404.945341518789
2021-08-04 02:00:00,8359.0,8362.764109428652,8348.858,8356.804813863477
2021-08-04 03:00:00,7659.0,7932.254202862127,7802.614,7876.698481080563
2021-08-04 04:00:00,8168.0,8113.651956290708,8110.8853,8112.466120219195
2021-08-04 05:00:00,8405.0,8387.949617073895,8374.304,8382.101705660405
2021-08-04 06:00:00,8538.0,8505.473880664647,8490.588,8499.094547928606
2021-08-04 07:00:00,8583.0,8579.903490681478,8564.498,8573.30168309062
2021-08-04 08:00:00,8668.0,8639.128564607403,8615.971,8629.204504395086
2021-08-04 09:00:00,8685.0,8675.430003411064,8678.09,8676.569808058448
2021-08-04 10:00:00,8656.0,8671.32646654512,8659.09,8666.082453092538
2021-08-04 11:00:00,8579.0,8596.341479533816,8605.527,8600.277911028123
2021-08-04 12:00:00,8513.0,8550.12128196691,8539.869,8545.727798553133
2021-08-04 13:00:00,8429.0,8500.472654559782,8486.396,8494.440387856683
2021-08-04 14:00:00,8379.0,8463.827665710627,8456.14,8460.533054803635
2021-08-04 15:00:00,8315.0,8398.748406513507,8411.235,8404.099478356486
2021-08-04 16:00:00,8382.0,8388.032819766036,8408.169,8396.661704122622
2021-08-04 17:00:00,8347.0,8379.655546670116,8409.039,8392.247446333437
2021-08-04 18:00:00,8071.0,8089.525552176509,8099.268,8093.700492679522
2021-08-04 19:00:00,8238.0,8167.1866192632415,8182.4077,8173.709365294185
2021-08-04 20:00:00,8037.0,8041.940518094804,8073.4062,8055.424625357282
2021-08-04 21:00:00,7608.0,7878.7887050781555,7835.2827,7860.144663720646
2021-08-04 22:00:00,8281.0,8341.384420713415,8270.396,8310.963325733028
2021-08-04 23:00:00,8281.0,8340.362230116452,8328.248,8335.170685162133
2021-08-05 00:00:00,8281.0,8334.092855363173,8332.439,8333.384109753839
2021-08-05 01:00:00,8281.0,8334.509527054024,8333.246,8333.967925484958
2021-08-05 02:00:00,8281.0,8288.999243378987,8285.848,8287.64845396261
2021-08-05 03:00:00,7786.0,7936.38327867177,7869.659,7907.789541945277
2021-08-05 04:00:00,8119.0,8201.108147807448,8181.657,8192.772498762888
2021-08-05 05:00:00,8247.0,8379.632755424846,8368.756,8374.97148251862
2021-08-05 06:00:00,8413.0,8401.030330478003,8422.389,8410.183055317157
2021-08-05 07:00:00,8545.0,8503.157762193314,8531.979,8515.508519903779
2021-08-05 08:00:00,8683.0,8607.375971938507,8622.3545,8613.79465667727
2021-08-05 09:00:00,8716.0,8657.045551955527,8710.938,8680.140427741404
2021-08-05 10:00:00,8688.0,8659.239996280176,8656.537,8658.081483995935
2021-08-05 11:00:00,8612.0,8637.957105372028,8625.842,8632.76503882845
2021-08-05 12:00:00,8545.0,8550.731731588441,8551.251,8550.95408955363
2021-08-05 13:00:00,8488.0,8501.208265642259,8493.679,8497.98136810919
2021-08-05 14:00:00,8473.0,8461.048872736501,8455.202,8458.543220954149
2021-08-05 15:00:00,8450.0,8432.021590669337,8425.394,8429.181022775629
2021-08-05 16:00:00,8464.0,8471.462420878226,8488.858,8478.917033768452
2021-08-05 17:00:00,8408.0,8427.367991324423,8418.983,8423.774835067597
2021-08-05 18:00:00,8162.0,8134.3812997759305,8105.201,8121.876389564266
2021-08-05 19:00:00,8309.0,8258.074722091373,8274.106,8264.94472885819
2021-08-05 20:00:00,8135.0,8077.412826240248,8101.0005,8087.520945209915
2021-08-05 21:00:00,7683.0,7870.434438280515,7827.312,7851.954734828693
2021-08-05 22:00:00,8389.5,8190.457803075116,8204.073,8196.292418106717
2021-08-05 23:00:00,8389.5,8376.170035444165,8398.282,8385.645741081893
2021-08-06 00:00:00,8389.5,8390.478742150606,8400.324,8394.697886890863
2021-08-06 01:00:00,8389.5,8390.478742150606,8405.889,8397.082408375238
2021-08-06 02:00:00,8389.5,8345.25088597957,8347.466,8346.199968590026
2021-08-06 03:00:00,7827.0,7916.14711341947,7880.12,7900.708225032848
2021-08-06 04:00:00,8204.0,8216.159967026002,8136.9893,8182.232216304078
2021-08-06 05:00:00,8371.0,8421.084033573028,8376.498,8401.97724046327
2021-08-06 06:00:00,8588.0,8484.144534705641,8493.649,8488.21761985461
2021-08-06 07:00:00,8664.0,8640.605211908463,8653.762,8646.24317844788
2021-08-06 08:00:00,8680.0,8688.578386969943,8712.979,8699.034555291984
2021-08-06 09:00:00,8740.0,8674.886861125813,8684.116,8678.84194167226
2021-08-06 10:00:00,8629.0,8693.66028713379,8693.618,8693.642044195538
2021-08-06 11:00:00,8578.0,8577.773974469472,8592.034,8583.88479142063
2021-08-06 12:00:00,8640.0,8544.762198817143,8542.561,8543.818599181139
2021-08-06 13:00:00,8630.0,8576.34686895736,8581.306,8578.47184079458
2021-08-06 14:00:00,8546.0,8579.13427593966,8593.246,8585.181685124779
2021-08-06 15:00:00,8479.0,8517.97547952389,8503.369,8511.716048589431
2021-08-06 16:00:00,8397.0,8504.766840476525,8508.3,8506.280832395498
2021-08-06 17:00:00,8324.0,8368.08717871199,8373.589,8370.444653333338
2021-08-06 18:00:00,8103.0,8086.8199204902185,8071.111,8080.087917044443
2021-08-06 19:00:00,8197.0,8242.172105501137,8251.677,8246.245149679558
2021-08-06 20:00:00,7945.0,8038.752306366903,8052.5083,8044.647112751997
2021-08-06 21:00:00,7500.0,7574.274842415777,7532.6885,7556.4535399700335
2021-08-06 22:00:00,7940.0,7532.630403181015,7561.596,7545.043208087937
2021-08-06 23:00:00,7940.0,7868.903870107216,7838.4707,7855.862053613489
2021-08-07 00:00:00,7928.0,7946.782055109201,7915.21,7933.252081240504
2021-08-07 01:00:00,7928.0,7918.677853286068,7910.7046,7915.260895462815
2021-08-07 02:00:00,7928.0,7904.6618494527065,7895.1714,7900.594768622336
2021-08-07 03:00:00,7928.0,7853.424318779117,7782.5913,7823.069768076481
2021-08-07 04:00:00,7928.0,7872.833093798146,7854.9595,7865.173378970399
2021-08-07 05:00:00,7461.0,7733.263114926807,7732.217,7732.8146399621055
2021-08-07 06:00:00,7688.0,7653.23023588295,7664.767,7658.173996520248
2021-08-07 07:00:00,7840.0,7809.87143862531,7800.1104,7805.688461033123
2021-08-07 08:00:00,7935.0,7940.244962460126,7898.102,7922.185073456636
2021-08-07 09:00:00,7976.0,7944.818961661353,7937.6724,7941.756221817533
2021-08-07 10:00:00,7949.0,8000.602015158883,7978.7275,7991.2279432210535
2021-08-07 11:00:00,7921.0,7937.276619027458,7951.8584,7943.525395026973
2021-08-07 12:00:00,7990.0,7939.714445205837,7939.2593,7939.5193534537375
2021-08-07 13:00:00,8082.0,8029.024638183485,8030.7173,8029.749972002814
2021-08-07 14:00:00,8171.0,8147.35781226616,8136.3643,8142.646483231869
2021-08-07 15:00:00,8289.0,8220.376705818784,8233.306,8225.917074523906
2021-08-07 16:00:00,8285.0,8271.246722966072,8290.356,8279.435911975597
2021-08-07 17:00:00,8136.0,8191.11945465543,8190.408,8190.814570713322
2021-08-07 18:00:00,7884.0,7914.107913822862,7905.7363,7910.520192093464
2021-08-07 19:00:00,8042.0,7979.276550721093,7987.156,7982.653037981728
2021-08-07 20:00:00,7785.0,7882.641272653426,7878.3496,7880.80207549396
2021-08-07 21:00:00,7350.0,7422.260280292711,7406.399,7415.462913881784
2021-08-07 22:00:00,6975.0,7217.889938861822,7259.883,7235.885397558917
2021-08-07 23:00:00,7834.5,7107.190271289307,7304.213,7191.62166345145
2021-08-08 00:00:00,7811.5,7755.698153813506,7658.529,7714.057317754816
2021-08-08 01:00:00,7811.5,7706.8409899207545,7660.592,7687.021515866991
2021-08-08 02:00:00,7811.5,7700.193631946062,7694.218,7697.632706426718
2021-08-08 03:00:00,7811.5,7643.746892142345,7683.1543,7660.634251676552
2021-08-08 04:00:00,7811.5,7689.241866003303,7715.814,7700.628812091669
2021-08-08 05:00:00,7217.0,7392.76772750596,7471.33,7426.434439907697
2021-08-08 06:00:00,7497.0,7389.136330384171,7439.195,7410.588233398864
2021-08-08 07:00:00,7782.0,7620.772635084933,7628.0483,7623.890559360349
2021-08-08 08:00:00,7920.0,7814.419389254839,7827.0146,7819.816745073986
2021-08-08 09:00:00,7916.0,7922.913693175428,7921.706,7922.396122384549
2021-08-08 10:00:00,7899.0,7874.884082256222,7885.0254,7879.229965218465
2021-08-08 11:00:00,7838.0,7846.081381876629,7826.6406,7837.750257637232
2021-08-08 12:00:00,7858.0,7880.386825602428,7842.9375,7864.338204488957
2021-08-08 13:00:00,7862.0,7901.320226414354,7933.7285,7915.208346839136
2021-08-08 14:00:00,7901.0,7959.857138248424,7965.811,7962.408582547768
2021-08-08 15:00:00,8005.0,7988.25736153279,7992.6885,7990.156091948621
2021-08-08 16:00:00,8050.0,8084.7064683189,8098.924,8090.799101869558
2021-08-08 17:00:00,8000.0,8054.614987294988,8046.357,8051.07606742842
2021-08-08 18:00:00,7793.0,7863.7326030410295,7826.6753,7847.852176439923
2021-08-08 19:00:00,8044.0,7966.3045608754555,7986.049,7974.765655792942
2021-08-08 20:00:00,7793.0,7817.132005533086,7831.451,7823.268273084979
2021-08-08 21:00:00,7315.0,7600.244605221556,7567.0024,7585.9991419685775
2021-08-08 22:00:00,7880.5,7383.798707726004,7445.108,7410.071913145967
2021-08-08 23:00:00,7881.5,7948.348533118745,7918.3013,7935.471973064653
2021-08-09 00:00:00,7950.5,7924.865294984445,7911.7627,7919.2501608506855
2021-08-09 01:00:00,8002.5,7975.7388634426725,7988.9624,7981.405549230847
2021-08-09 02:00:00,8024.5,7914.836950829876,7951.999,7930.762249487067
2021-08-09 03:00:00,7604.0,7761.283228669339,7789.0396,7773.177694357385
2021-08-09 04:00:00,8105.0,8105.368869873376,8121.83,8112.423069478695
2021-08-09 05:00:00,8548.0,8467.690922564681,8450.73,8460.422649326909
2021-08-09 06:00:00,8816.0,8699.106250080868,8713.025,8705.071107032512
2021-08-09 07:00:00,8874.0,8858.543087684757,8821.443,8842.644356088378
2021-08-09 08:00:00,8984.0,8895.645306579661,8899.888,8897.463125845848
2021-08-09 09:00:00,9049.0,8994.194487261964,9001.196,8997.194922935065
2021-08-09 10:00:00,8989.0,8943.428793593484,8950.063,8946.271835342013
2021-08-09 11:00:00,8936.0,8896.567347491231,8909.66,8902.17802672813
2021-08-09 12:00:00,8854.0,8840.43461972796,8842.74,8841.42249491742
2021-08-09 13:00:00,8831.0,8772.789966712662,8767.618,8770.57367113906
2021-08-09 14:00:00,8783.0,8752.839516472683,8747.025,8750.34776856058
2021-08-09 15:00:00,8673.0,8705.472219861285,8718.283,8710.962199366208
2021-08-09 16:00:00,8650.0,8625.444253892507,8631.25,8627.932029582385
2021-08-09 17:00:00,8538.0,8584.352213178072,8598.818,8590.551484545087
2021-08-09 18:00:00,8295.0,8295.149436642025,8240.258,8271.626198859321
2021-08-09 19:00:00,8409.0,8337.834961752935,8342.586,8339.870730990868
2021-08-09 20:00:00,8057.0,8196.362270508724,8216.539,8205.00864594433
2021-08-09 21:00:00,7588.0,8055.110251951594,8152.4683,8096.831505144509
2021-08-09 22:00:00,8498.0,8514.18793511506,8558.692,8533.259613532922
2021-08-09 23:00:00,8498.0,8521.707610891903,8485.537,8506.207223373227
2021-08-10 00:00:00,8498.0,8485.501423189788,8479.495,8482.92735808415
2021-08-10 01:00:00,8498.0,8491.842697222995,8474.98,8484.616593562443
2021-08-10 02:00:00,8498.0,8417.103850546237,8391.729,8406.229567150363
2021-08-10 03:00:00,8498.0,7927.27994444116,7926.5645,7926.973306270748
2021-08-10 04:00:00,8160.0,8381.961368079643,8420.102,8398.305617308435
2021-08-10 05:00:00,8458.0,8449.36915077991,8458.742,8453.385777598498
2021-08-10 06:00:00,8590.0,8664.696981324612,8656.935,8661.370361182744
2021-08-10 07:00:00,8634.0,8692.03637720271,8689.649,8691.013355569808
2021-08-10 08:00:00,8770.0,8724.929997763866,8721.217,8723.338686659677
2021-08-10 09:00:00,8824.0,8818.268451518772,8817.226,8817.821503975925
2021-08-10 10:00:00,8701.0,8797.4817622608,8804.615,8800.53861987265
2021-08-10 11:00:00,8709.0,8695.21705966335,8686.451,8691.460393599697
2021-08-10 12:00:00,8704.0,8680.321182015732,8685.214,8682.41767181259
2021-08-10 13:00:00,8653.0,8676.910298928467,8682.282,8679.21237357385
2021-08-10 14:00:00,8616.0,8617.029837786193,8649.037,8630.746057642285
2021-08-10 15:00:00,8506.0,8589.642094166336,8615.401,8600.68065890145
2021-08-10 16:00:00,8649.0,8555.579607797163,8561.212,8557.993272028041
2021-08-10 17:00:00,8570.0,8556.452184623986,8571.917,8563.079320060559
2021-08-10 18:00:00,8328.0,8289.883714309903,8261.267,8277.620205289864
2021-08-10 19:00:00,8388.0,8324.861358892706,8359.8955,8339.874761007713
2021-08-10 20:00:00,8091.0,8116.329524847596,8140.909,8126.862707632065
2021-08-10 21:00:00,8538.0,7983.701737394061,8023.8,8000.885239184627
2021-08-10 22:00:00,8538.0,8557.865222255996,8556.4,8557.237405236645
2021-08-10 23:00:00,8538.0,8552.245526321038,8515.962,8536.69660919011
2021-08-11 00:00:00,8538.0,8538.310633103294,8525.148,8532.670095813635
2021-08-11 01:00:00,8538.0,8537.038022554541,8526.357,8532.460911914688
2021-08-11 02:00:00,8538.0,8497.373478762016,8466.315,8484.063853679796
2021-08-11 03:00:00,7816.0,8273.153743624134,8150.511,8220.596749337865
2021-08-11 04:00:00,8386.0,8335.519329599363,8302.889,8321.5357133007
2021-08-11 05:00:00,8748.0,8541.44062672538,8543.561,8542.348909216827
2021-08-11 06:00:00,8936.0,8818.814002088495,8785.826,8804.677455592831
2021-08-11 07:00:00,8983.0,8917.956470922203,8901.495,8910.902103718596
2021-08-11 08:00:00,9023.0,8994.065721139148,8984.227,8989.84912101648
2021-08-11 09:00:00,9041.0,9008.483182742128,8997.7,9003.862097905097
2021-08-11 10:00:00,9006.0,8958.272245560958,8952.566,8955.827078242337
2021-08-11 11:00:00,8922.0,8902.71113719014,8913.685,8907.413586831917
2021-08-11 12:00:00,8852.0,8840.699779404971,8851.424,8845.29521536468
2021-08-11 13:00:00,8767.0,8780.114173115673,8765.455,8773.832184815317
2021-08-11 14:00:00,8702.0,8740.055966286915,8716.545,8729.98042624935
2021-08-11 15:00:00,8657.0,8653.457445785909,8654.479,8653.894888160103
2021-08-11 16:00:00,8720.0,8667.01283464955,8666.314,8666.713561904871
2021-08-11 17:00:00,8660.0,8659.430033322615,8651.207,8655.90614765661
2021-08-11 18:00:00,8422.0,8393.832099485047,8356.037,8377.635447988128
2021-08-11 19:00:00,8501.0,8421.933099634707,8444.851,8431.75395451735
2021-08-11 20:00:00,8186.0,8233.79907090973,8203.676,8220.88995466542
2021-08-11 21:00:00,8658.5,8364.410899937266,8347.101,8356.992720479138
2021-08-11 22:00:00,8658.5,8620.601686955144,8584.433,8605.101691708922
2021-08-11 23:00:00,8658.5,8604.199405963634,8566.184,8587.908076536936
2021-08-12 00:00:00,8658.5,8598.225019242383,8618.506,8606.916052544253
2021-08-12 01:00:00,8658.5,8603.129699838586,8619.344,8610.078028676271
2021-08-12 02:00:00,8658.5,8542.927958106635,8578.708,8558.26087633003
2021-08-12 03:00:00,8658.5,8132.1074366579705,8141.0396,8135.935114394572
2021-08-12 04:00:00,8417.0,8607.160516799713,8594.952,8601.928612036998
2021-08-12 05:00:00,8715.0,8671.98698213271,8672.147,8672.055616677168
2021-08-12 06:00:00,8857.0,8842.449768219312,8826.408,8835.575299156288
2021-08-12 07:00:00,8873.0,8924.878430366898,8912.319,8919.496177682413
2021-08-12 08:00:00,8985.0,8935.38920116247,8957.923,8945.045666869039
2021-08-12 09:00:00,9019.0,9017.881847702514,9022.249,9019.75311013132
2021-08-12 10:00:00,8960.0,8947.621686053091,8950.46,8948.837841646691
2021-08-12 11:00:00,8892.0,8891.319077653272,8916.495,8902.1077878697
2021-08-12 12:00:00,8851.0,8845.736279522047,8863.2705,8853.250294961032
2021-08-12 13:00:00,8795.0,8787.762440696353,8782.211,8785.383309457296
2021-08-12 14:00:00,8770.0,8769.805229254805,8764.708,8767.62068857774
2021-08-12 15:00:00,8612.0,8733.051850610715,8723.813,8729.092820977858
2021-08-12 16:00:00,8633.0,8666.73110831893,8663.09,8665.170485550134
2021-08-12 17:00:00,8616.0,8623.264650269402,8626.148,8624.500430807584
2021-08-12 18:00:00,8522.0,8374.241403692835,8363.7705,8369.754047912193
2021-08-12 19:00:00,8650.0,8522.056502336853,8490.946,8508.724473145765
2021-08-12 20:00:00,8342.0,8325.911497362264,8303.636,8316.365501670149
2021-08-12 21:00:00,7959.0,8360.109004558022,8400.91,8377.593671046197
2021-08-12 22:00:00,7674.0,8633.939617280104,8615.737,8626.13911344378
2021-08-12 23:00:00,7524.0,8199.997253700345,8153.6353,8180.129362698192
2021-08-13 00:00:00,7560.0,7957.030593520825,7954.6,7955.988872429983
2021-08-13 01:00:00,7629.0,7853.517835415552,7841.2446,7848.258219173748
2021-08-13 02:00:00,7787.0,7862.37806020584,7860.7744,7861.690653662826
2021-08-13 03:00:00,8250.0,7982.576381933558,7946.428,7967.08540148627
2021-08-13 04:00:00,8786.0,8494.523493093455,8449.41,8475.19056237616
2021-08-13 05:00:00,9039.0,8917.814153010673,8854.74,8890.784641433622
2021-08-13 06:00:00,9025.0,9088.317123065366,9077.819,9083.818254375197
2021-08-13 07:00:00,9053.0,9002.038127435728,9004.633,9003.149932184435
2021-08-13 08:00:00,9096.0,9036.168260402912,9048.65,9041.517089891553
2021-08-13 09:00:00,9094.0,9052.846136330321,9052.265,9052.596957238322
2021-08-13 10:00:00,9159.0,9014.39956746775,9014.39,9014.395194632243
2021-08-13 11:00:00,8852.0,9008.726313556976,9016.333,9011.985901539683
2021-08-13 12:00:00,8753.0,8786.859419524839,8784.184,8785.712724925274
2021-08-13 13:00:00,8732.0,8741.176227405105,8730.604,8736.645272639587
2021-08-13 14:00:00,8654.0,8698.657939952143,8703.666,8700.80392789013
2021-08-13 15:00:00,8592.0,8597.000855146007,8601.953,8599.122981752327
2021-08-13 16:00:00,8547.0,8613.819003838023,8615.098,8614.366750079404
2021-08-13 17:00:00,8445.0,8520.976510156659,8501.624,8512.683224915798
2021-08-13 18:00:00,8211.0,8247.063620875348,8233.4795,8241.242131666404
2021-08-13 19:00:00,8337.0,8313.929301748702,8316.001,8314.816943982225
2021-08-13 20:00:00,7954.0,8130.679133695781,8107.419,8120.711176735299
2021-08-13 21:00:00,7492.0,7720.895840843563,7738.226,7728.32239122401
2021-08-13 22:00:00,8125.0,7640.075643902124,7695.176,7663.6878791353965
2021-08-13 23:00:00,8114.0,7985.9639985036165,7886.8457,7943.488097122194
2021-08-14 00:00:00,8090.5,8007.284147900953,7974.643,7993.296048994997
2021-08-14 01:00:00,8090.5,7963.720665364138,7961.791,7962.89354635943
2021-08-14 02:00:00,8090.5,7959.485148715136,7913.058,7939.589314704594
2021-08-14 03:00:00,8090.5,7968.497112243469,7979.6655,7973.283022870231
2021-08-14 04:00:00,7237.0,7946.879856388152,7964.664,7954.500842182122
2021-08-14 05:00:00,7548.0,7430.770007547201,7435.356,7432.735090932495
2021-08-14 06:00:00,7785.0,7761.686505816884,7749.8257,7756.603709113353
2021-08-14 07:00:00,8064.0,7931.190094046796,7917.914,7925.500782267962
2021-08-14 08:00:00,8186.0,8118.816677887076,8118.245,8118.571622130934
2021-08-14 09:00:00,8242.0,8179.09853308984,8171.787,8175.965318109455
2021-08-14 10:00:00,8164.0,8215.834771406815,8222.66,8218.759513687219
2021-08-14 11:00:00,8117.0,8129.753090340926,8098.5513,8116.381928056438
2021-08-14 12:00:00,8159.0,8126.91508903149,8137.08,8131.271100609357
2021-08-14 13:00:00,8259.0,8193.560126846101,8202.006,8197.179296156846
2021-08-14 14:00:00,8335.0,8294.420455179676,8312.974,8302.370989613708
2021-08-14 15:00:00,8259.0,8345.44195028803,8378.452,8359.58796343622
2021-08-14 16:00:00,8240.0,8286.67367600708,8290.47,8288.3004344404
2021-08-14 17:00:00,8066.0,8196.050875213054,8195.276,8195.718878534895
2021-08-14 18:00:00,7736.0,7906.305163581678,7918.758,7911.641528458142
2021-08-14 19:00:00,7922.0,7893.7703782454655,7895.5303,7894.524500441549
2021-08-14 20:00:00,7612.0,7812.2408258702735,7790.4126,7802.886473179272
2021-08-14 21:00:00,7102.0,7372.691012291025,7339.262,7358.365385428128
2021-08-14 22:00:00,6887.0,7182.347583942962,7214.4023,7196.08425361964
2021-08-14 23:00:00,6795.0,7204.340700576696,7215.1216,7208.960619503812
2021-08-15 00:00:00,6792.0,6896.829817467318,7059.9517,6966.733322038583
2021-08-15 01:00:00,6682.0,6990.984530940509,7079.5776,7028.949935863679
2021-08-15 02:00:00,6569.0,6911.910177661114,7050.116,6971.136351654621
2021-08-15 03:00:00,7674.0,7026.898045071288,6985.066,7008.971240335389
2021-08-15 04:00:00,7674.0,7510.491385801947,7518.753,7514.031707460532
2021-08-15 05:00:00,7674.0,7426.2063140626,7495.3086,7455.819001832964
2021-08-15 06:00:00,7096.0,7579.860950760696,7635.213,7603.581098970627
2021-08-15 07:00:00,7584.0,7419.100215773414,7498.7866,7453.248605515638
2021-08-15 08:00:00,7852.0,7732.24103583169,7737.1704,7734.353361938554
2021-08-15 09:00:00,7954.0,7892.504700023526,7896.9526,7894.410586707152
2021-08-15 10:00:00,7977.0,7924.086373899816,7909.9023,7918.007916846781
2021-08-15 11:00:00,7993.0,7911.682517170869,7916.3955,7913.702037857534
2021-08-15 12:00:00,7971.0,7928.670986447304,7940.926,7933.922532689985
2021-08-15 13:00:00,7996.0,7954.128318617354,7966.9756,7959.633795447391
2021-08-15 14:00:00,8058.0,7992.174393527795,8008.192,7999.038331057341
2021-08-15 15:00:00,8112.0,8089.7049096695755,8106.1636,8096.75806704086
2021-08-15 16:00:00,8224.0,8162.370519256868,8155.784,8159.547960895887
2021-08-15 17:00:00,8179.0,8097.861135824075,8041.0693,8073.523787804434
2021-08-15 18:00:00,7974.0,7808.299073511226,7784.508,7798.1036326787835
2021-08-15 19:00:00,8157.0,8029.842642567206,8003.8086,8018.685937399042
2021-08-15 20:00:00,7978.0,7778.087580017505,7818.5356,7795.420902226681
2021-08-15 21:00:00,7563.0,7513.373836901056,7507.517,7510.863981255821
2021-08-15 22:00:00,7994.5,7287.162964741744,7313.8633,7298.604962319148
2021-08-15 23:00:00,8027.0,7720.188761098164,7783.767,7747.434190194743
2021-08-16 00:00:00,8085.0,7917.795400753913,7933.063,7924.337904998381
2021-08-16 01:00:00,8134.5,7937.49123829695,8002.569,7965.379243248562
2021-08-16 02:00:00,8168.0,7839.177971546852,7895.641,7863.374303344273
2021-08-16 03:00:00,7834.0,7849.409125968183,7933.2324,7885.330408267056
2021-08-16 04:00:00,8462.0,8355.43847101311,8335.905,8347.067698641396
2021-08-16 05:00:00,8714.0,8786.953555598131,8781.5,8784.61637375801
2021-08-16 06:00:00,8786.0,8869.711920843403,8888.801,8877.8921694317
2021-08-16 07:00:00,8909.0,8881.453737356678,8884.5205,8882.767958879722
2021-08-16 08:00:00,8970.0,9029.803481713583,8993.45,9014.224578613404
2021-08-16 09:00:00,8940.0,9020.882469586382,9015.906,9018.749838028914
2021-08-16 10:00:00,8992.0,8917.970148331273,8912.817,8915.761970638043
2021-08-16 11:00:00,8941.0,8935.89523649651,8945.37,8939.95545299206
2021-08-16 12:00:00,8846.0,8867.729058311243,8847.126,8858.899661138805
2021-08-16 13:00:00,8736.0,8757.693654707775,8777.075,8765.999172131771
2021-08-16 14:00:00,8663.0,8700.039233601658,8690.778,8696.070581527569
2021-08-16 15:00:00,8649.0,8601.371546604629,8635.461,8615.980046796092
2021-08-16 16:00:00,8734.0,8640.472695132872,8665.316,8651.119110121768
2021-08-16 17:00:00,8680.0,8653.065496866331,8681.04,8665.053472071395
2021-08-16 18:00:00,8490.0,8397.962727154969,8400.046,8398.855325371638
2021-08-16 19:00:00,8532.0,8441.840636106082,8457.073,8448.368175246138
2021-08-16 20:00:00,8185.0,8273.402787778889,8257.73,8266.68657871394
2021-08-16 21:00:00,8656.0,8071.570345075949,7981.7104,8033.062064082406
2021-08-16 22:00:00,8656.0,8634.377937356086,8625.855,8630.725534808891
2021-08-16 23:00:00,8656.0,8596.750416359851,8587.816,8592.921759692375
2021-08-17 00:00:00,8656.0,8583.636962013847,8631.119,8603.98478572433
2021-08-17 01:00:00,8656.0,8603.767435649668,8619.416,8610.473233046938
2021-08-17 02:00:00,8656.0,8565.942322563678,8576.757,8570.57656082137
2021-08-17 03:00:00,7986.0,8281.705059328273,8284.379,8282.850700476414
2021-08-17 04:00:00,8538.0,8641.47842097866,8594.634,8621.403562393696
2021-08-17 05:00:00,8783.0,8747.415537075836,8754.766,8750.565301720297
2021-08-17 06:00:00,8976.0,8860.416306440487,8851.865,8856.751697214331
2021-08-17 07:00:00,9088.0,8975.299726334944,8960.776,8969.07572609141
2021-08-17 08:00:00,9165.0,9115.997869778903,9098.801,9108.628242087096
2021-08-17 09:00:00,9219.0,9132.647779506919,9123.965,9128.926746916108
2021-08-17 10:00:00,9092.0,9090.846487631614,9109.885,9099.0049044964
2021-08-17 11:00:00,9022.0,9020.578923924082,9026.095,9022.942583741122
2021-08-17 12:00:00,8914.0,8940.778310717333,8949.045,8944.320658043995
2021-08-17 13:00:00,8876.0,8867.74319796605,8858.535,8863.797145730381
2021-08-17 14:00:00,8985.0,8805.775315879693,8847.246,8823.54688075099
2021-08-17 15:00:00,8906.0,8916.077333538946,8938.842,8925.832640079472
2021-08-17 16:00:00,8952.0,8917.861625769769,8925.668,8921.206789907481
2021-08-17 17:00:00,8827.0,8904.967580109731,8912.187,8908.060971449573
2021-08-17 18:00:00,8640.0,8555.320683901622,8536.971,8547.456878773311
2021-08-17 19:00:00,8559.0,8555.375283166843,8545.035,8550.944134940582
2021-08-17 20:00:00,8191.0,8330.767284420643,8333.632,8331.994654124066
2021-08-17 21:00:00,8851.5,8653.260588278134,8630.212,8643.383221384614
2021-08-17 22:00:00,8851.5,8813.162132821188,8819.032,8815.67759983744
2021-08-17 23:00:00,8851.5,8821.016070539696,8797.379,8810.88654063137
2021-08-18 00:00:00,8851.5,8819.308748991229,8810.874,8815.694072040926
2021-08-18 01:00:00,8851.5,8814.499084066938,8812.249,8813.534636071909
2021-08-18 02:00:00,8857.0,8763.302136066624,8760.547,8762.121205943291
2021-08-18 03:00:00,8857.0,8283.619812861763,8268.306,8277.056972518687
2021-08-18 04:00:00,8601.0,8796.976032214954,8827.679,8810.133158601271
2021-08-18 05:00:00,8887.0,8857.518217817315,8869.116,8862.48836800631
2021-08-18 06:00:00,8984.0,9028.468696140788,9017.114,9023.602910841064
2021-08-18 07:00:00,9029.0,9051.771568712153,9040.405,9046.900605821818
2021-08-18 08:00:00,9109.0,9076.39287106393,9061.963,9070.20905933878
2021-08-18 09:00:00,9152.0,9147.391188866146,9138.453,9143.56080545911
2021-08-18 10:00:00,9142.0,9084.396168292227,9065.157,9076.151546979989
2021-08-18 11:00:00,9112.0,9057.454842977928,9041.898,9050.788281430156
2021-08-18 12:00:00,9126.0,9063.07153518005,9036.8125,9051.81857189092
2021-08-18 13:00:00,9153.0,9063.997212469372,9032.288,9050.408597704865
2021-08-18 14:00:00,9148.0,9084.826501593709,9080.73,9083.071050680453
2021-08-18 15:00:00,9087.0,9071.698398451199,9060.534,9066.914035540003
2021-08-18 16:00:00,9172.0,9112.542622761775,9121.161,9116.23597039401
2021-08-18 17:00:00,9022.0,9101.871821026432,9100.343,9101.216367278832
2021-08-18 18:00:00,8713.0,8713.553673797032,8708.583,8711.423471796123
2021-08-18 19:00:00,8617.0,8589.480732543652,8598.861,8593.500556020737
2021-08-18 20:00:00,8960.5,8345.14992666032,8343.459,8344.425233022199
2021-08-18 21:00:00,8960.5,8840.505693338297,8839.546,8840.094214397497
2021-08-18 22:00:00,8960.5,8906.920727374129,8905.197,8906.18200636809
2021-08-18 23:00:00,8960.5,8916.246345438609,8893.736,8906.599878485078
2021-08-19 00:00:00,8960.5,8944.954823741307,8941.249,8943.366561913788
2021-08-19 01:00:00,8944.5,8945.371495432159,8942.051,8943.948424519907
2021-08-19 02:00:00,8887.0,8863.663009845703,8854.449,8859.714491139048
2021-08-19 03:00:00,8887.0,8620.69441430959,8569.809,8598.887836291698
2021-08-19 04:00:00,8700.0,8912.669502232742,8935.872,8922.612484259304
2021-08-19 05:00:00,8899.0,8958.777225965672,8948.975,8954.576349402523
2021-08-19 06:00:00,9080.0,9066.472585856825,9035.284,9053.107118454785
2021-08-19 07:00:00,9112.0,9140.704006798722,9103.286,9124.669013399463
2021-08-19 08:00:00,9177.0,9177.586911398901,9146.99,9164.47500190043
2021-08-19 09:00:00,9154.0,9191.171843772254,9169.199,9181.755627038016
2021-08-19 10:00:00,9086.0,9103.730118012078,9093.154,9099.197993659856
2021-08-19 11:00:00,9037.0,9070.235117044554,9068.801,9069.620304293694
2021-08-19 12:00:00,8990.0,8998.442590529066,9011.2295,9003.922118865396
2021-08-19 13:00:00,8875.0,8985.853333999585,8971.469,8979.689001619958
2021-08-19 14:00:00,8983.0,8904.470417192408,8942.866,8920.924321993905
2021-08-19 15:00:00,8926.0,8972.365877245535,8980.34,8975.782927883934
2021-08-19 16:00:00,8950.0,8980.148164184675,8993.762,8985.981928741832
2021-08-19 17:00:00,8919.0,8899.026965983634,8920.856,8908.381704288975
2021-08-19 18:00:00,8708.0,8701.454593311259,8697.042,8699.563489779679
2021-08-19 19:00:00,8634.0,8669.514879648086,8630.758,8652.905840128384
2021-08-19 20:00:00,8255.0,8586.639916686334,8531.003,8562.797299850155
2021-08-19 21:00:00,8897.0,8603.676495119693,8520.849,8568.18151777201
2021-08-19 22:00:00,8897.0,8932.523295122539,8938.415,8935.048043281422
2021-08-19 23:00:00,8897.0,8946.888428504,8984.089,8962.830188774165
2021-08-20 00:00:00,8897.0,8852.253598418096,8838.134,8846.202731285102
2021-08-20 01:00:00,8897.0,8850.401683989354,8832.048,8842.536275739018
2021-08-20 02:00:00,8922.5,8725.969650096342,8679.605,8706.100778628941
2021-08-20 03:00:00,8193.0,8529.459215151997,8579.013,8550.694598407268
2021-08-20 04:00:00,8726.0,8680.488577839178,8681.326,8680.84731676797
2021-08-20 05:00:00,9000.0,9010.103536989756,8962.845,8989.851303416126
2021-08-20 06:00:00,9016.0,9133.233520546471,9131.403,9132.449220601604
2021-08-20 07:00:00,9128.0,9074.371345581605,9081.326,9077.351683148825
2021-08-20 08:00:00,9197.0,9188.447025932413,9174.952,9182.66382550034
2021-08-20 09:00:00,9206.0,9188.763826104758,9192.092,9190.189835895655
2021-08-20 10:00:00,9119.0,9128.490613411275,9132.251,9130.10186004456
2021-08-20 11:00:00,9031.0,9056.83916262915,9044.422,9051.517741495047
2021-08-20 12:00:00,9059.0,8977.94168589103,8964.586,8972.218077546146
2021-08-20 13:00:00,8991.0,9012.273168654187,8995.708,9005.174176238128
2021-08-20 14:00:00,8946.0,8971.600517814362,8979.002,8974.77231082126
2021-08-20 15:00:00,8925.0,8901.073765163012,8910.533,8905.127302767743
2021-08-20 16:00:00,8908.0,8936.127662667715,8940.345,8937.934711580603
2021-08-20 17:00:00,8841.0,8854.063647642595,8854.608,8854.296922556989
2021-08-20 18:00:00,8656.0,8553.006401871784,8561.384,8556.596265441893
2021-08-20 19:00:00,8634.0,8582.939982562339,8588.75,8585.429749221112
2021-08-20 20:00:00,8311.0,8323.679118097089,8294.81,8311.307308002517
2021-08-20 21:00:00,7840.0,8074.751606092767,8119.2715,8093.829989376579
2021-08-20 22:00:00,8404.0,8169.611887479051,8082.6885,8132.361918789791
2021-08-20 23:00:00,8398.5,8305.913392864757,8293.732,8300.693176976229
2021-08-21 00:00:00,8352.5,8363.092950005126,8340.351,8353.346982252391
2021-08-21 01:00:00,8352.5,8297.178432836365,8291.499,8294.74443608437
2021-08-21 02:00:00,8352.5,8287.627040680398,8272.921,8281.324739611195
2021-08-21 03:00:00,8352.5,8186.003313537357,8145.9375,8168.833510452631
2021-08-21 04:00:00,8352.5,8077.148317278749,8071.3076,8074.64517865398
2021-08-21 05:00:00,7929.0,8115.723711501743,8112.408,8114.302884452639
2021-08-21 06:00:00,8136.0,8022.526941451597,7995.476,8010.9344814485585
2021-08-21 07:00:00,8334.0,8244.012845433639,8235.643,8240.42572722293
2021-08-21 08:00:00,8481.0,8360.135157239169,8366.783,8362.984104626592
2021-08-21 09:00:00,8474.0,8474.53939854893,8477.019,8475.601683310226
2021-08-21 10:00:00,8463.0,8426.071003753144,8427.903,8426.856163952729
2021-08-21 11:00:00,8371.0,8404.48076754209,8403.305,8403.976631032674
2021-08-21 12:00:00,8429.0,8354.081278654256,8375.265,8363.159056289842
2021-08-21 13:00:00,8508.0,8462.996890578732,8470.33,8466.139351939568
2021-08-21 14:00:00,8608.0,8543.41258850383,8577.83,8558.161604143963
2021-08-21 15:00:00,8708.0,8612.347330544857,8647.208,8627.28624075552
2021-08-21 16:00:00,8740.0,8702.607192900176,8731.616,8715.038564468057
2021-08-21 17:00:00,8628.0,8644.602441720806,8656.27,8649.602155874201
2021-08-21 18:00:00,8510.0,8410.038000633582,8377.753,8396.202679118183
2021-08-21 19:00:00,8561.0,8460.58462610533,8464.98,8462.468350700094
2021-08-21 20:00:00,8294.0,8307.335558588647,8300.378,8304.353792975533
2021-08-21 21:00:00,7794.0,7876.616616048849,7927.2275,7898.305249885894
2021-08-21 22:00:00,7417.0,7584.4939712653995,7626.714,7602.586610609779
2021-08-21 23:00:00,8289.5,7453.487420302697,7506.073,7476.022191686787
2021-08-22 00:00:00,8266.0,8071.588061838238,8076.287,8073.601729578608
2021-08-22 01:00:00,8236.0,8031.246673203606,8050.2515,8039.390877360243
2021-08-22 02:00:00,8218.5,8090.657947975454,8085.8335,8088.590291173367
2021-08-22 03:00:00,8218.5,8100.821067739968,8073.9155,8089.290964047925
2021-08-22 04:00:00,8218.5,8076.154797730153,8099.241,8086.048121755582
2021-08-22 05:00:00,7610.0,7943.007988286964,8008.1655,7970.930301255968
2021-08-22 06:00:00,7891.0,7798.561618384628,7861.7075,7825.621797487627
2021-08-22 07:00:00,8116.0,8008.171791821803,8015.0073,8011.100912397877
2021-08-22 08:00:00,8285.0,8189.565085327375,8186.36,8188.191442307028
2021-08-22 09:00:00,8362.0,8288.34431526553,8269.276,8280.172868180369
2021-08-22 10:00:00,8338.0,8317.660782757066,8294.266,8307.63489554681
2021-08-22 11:00:00,8247.0,8266.698155165312,8262.869,8265.057275243986
2021-08-22 12:00:00,8225.0,8261.901675567558,8249.912,8256.7635285029
2021-08-22 13:00:00,8212.0,8244.915540555023,8241.372,8243.396906679249
2021-08-22 14:00:00,8284.0,8303.84120721119,8293.576,8299.442104260648
2021-08-22 15:00:00,8349.0,8366.362296182797,8353.95,8361.043174676399
2021-08-22 16:00:00,8434.0,8418.775061961142,8426.236,8421.972445044285
2021-08-22 17:00:00,8454.0,8454.307429892384,8434.175,8445.679747020396
2021-08-22 18:00:00,8384.0,8354.462492376368,8360.327,8356.975538778366
2021-08-22 19:00:00,8511.0,8544.398820220156,8544.207,8544.316508031965
2021-08-22 20:00:00,8138.0,8296.973769761682,8319.695,8306.710730588358
2021-08-22 21:00:00,8311.0,7823.251331029661,7850.7734,7835.045516855902
2021-08-22 22:00:00,8311.0,8068.462922625007,8122.119,8091.456452010979
2021-08-22 23:00:00,8316.5,8251.444487212491,8289.14,8267.598175342977
2021-08-23 00:00:00,8366.5,8269.775598002829,8297.935,8281.842532408426
2021-08-23 01:00:00,8409.0,8294.946534747149,8319.385,8305.419183406797
2021-08-23 02:00:00,8444.0,8350.957171990982,8347.872,8349.634974255436
2021-08-23 03:00:00,7893.0,8292.27948053076,8283.39,8288.469766663691
2021-08-23 04:00:00,8477.0,8469.612772852592,8511.436,8487.535320654337
2021-08-23 05:00:00,8726.0,8848.24719268645,8844.056,8846.450814844568
2021-08-23 06:00:00,8737.0,8883.663949656797,8908.246,8894.198250563932
2021-08-23 07:00:00,8706.0,8850.333658462543,8838.492,8845.259120392631
2021-08-23 08:00:00,8762.0,8848.603891763712,8823.21,8837.72154983043
2021-08-23 09:00:00,8784.0,8880.633148646371,8842.67,8864.364452182404
2021-08-23 10:00:00,8715.0,8810.456322295966,8799.286,8805.669414189964
2021-08-23 11:00:00,8646.0,8753.856391164652,8751.0205,8752.6410333959
2021-08-23 12:00:00,8554.0,8681.670982420352,8649.413,8667.847236417485
2021-08-23 13:00:00,8551.0,8596.692345414609,8597.001,8596.824609430909
2021-08-23 14:00:00,8571.0,8593.70971960683,8600.8125,8596.75344883462
2021-08-23 15:00:00,8667.0,8582.642060439452,8584.5625,8583.464819908193
2021-08-23 16:00:00,8777.0,8675.498077843598,8697.494,8684.924139790164
2021-08-23 17:00:00,8752.0,8736.567056766628,8764.786,8748.659737981468
2021-08-23 18:00:00,8566.0,8547.91331174092,8530.693,8540.533895554021
2021-08-23 19:00:00,8562.0,8571.638704887662,8604.898,8585.891649079747
2021-08-23 20:00:00,8383.0,8335.091378534806,8360.124,8345.818742836364
2021-08-23 21:00:00,8428.5,8539.17441799991,8460.571,8505.489889111392
2021-08-23 22:00:00,8428.5,8603.848872041366,8583.386,8595.079585414413
2021-08-23 23:00:00,8428.5,8545.333588353607,8534.739,8540.793320727153
2021-08-24 00:00:00,8428.5,8472.358829291565,8464.697,8469.075538570192
2021-08-24 01:00:00,8428.5,8471.99106886319,8475.739,8473.597310552414
2021-08-24 02:00:00,8428.5,8490.091233702346,8441.122,8469.105930702084
2021-08-24 03:00:00,8428.5,8192.245992210015,8166.656,8181.279634716389
2021-08-24 04:00:00,8253.0,8550.030278879103,8562.3545,8555.311535809944
2021-08-24 05:00:00,8384.0,8519.713274070313,8530.303,8524.251126694297
2021-08-24 06:00:00,8453.0,8589.197342213756,8583.925,8586.937729923251
2021-08-24 07:00:00,8382.0,8589.034267759242,8598.722,8593.185603300026
2021-08-24 08:00:00,8404.0,8548.269375206437,8534.89,8542.535468482933
2021-08-24 09:00:00,8632.0,8517.698581365592,8500.7,8510.414012608291
2021-08-24 10:00:00,8558.0,8600.79301254483,8579.373,8591.61354710424
2021-08-24 11:00:00,8505.0,8538.61470366749,8519.614,8530.47227896988
2021-08-24 12:00:00,8527.0,8485.56912935606,8469.193,8478.551498896439
2021-08-24 13:00:00,8530.0,8491.872708267936,8482.452,8487.835648072016
2021-08-24 14:00:00,8608.0,8508.922681965692,8495.887,8503.336163474847
2021-08-24 15:00:00,8563.0,8585.911424980477,8578.384,8582.685436888685
2021-08-24 16:00:00,8697.0,8620.865075375175,8633.913,8626.456554244585
2021-08-24 17:00:00,8675.0,8645.884207468573,8659.729,8651.8168157746
2021-08-24 18:00:00,8581.0,8399.129643307628,8414.337,8405.646442779816
2021-08-24 19:00:00,8532.0,8521.858389308189,8540.702,8529.93352443296
2021-08-24 20:00:00,8294.0,8267.341062797275,8284.372,8274.639273011437
2021-08-24 21:00:00,8545.0,8306.947896699068,8270.001,8291.114680283037
2021-08-24 22:00:00,8545.0,8510.822286875891,8464.879,8491.133876290145
2021-08-24 23:00:00,8547.5,8505.912383329045,8439.873,8477.611981839433
2021-08-25 00:00:00,8572.0,8546.99441264743,8471.335,8514.571522527542
2021-08-25 01:00:00,8594.5,8543.000522415996,8522.097,8534.042334408736
2021-08-25 02:00:00,8641.5,8514.580909707267,8439.924,8482.58745559971
2021-08-25 03:00:00,8255.0,8406.661285963673,8280.719,8352.690246721919
2021-08-25 04:00:00,8751.0,8371.046254328878,8437.704,8399.611486717695
2021-08-25 05:00:00,8885.0,8839.397203270324,8761.011,8805.805723637466
2021-08-25 06:00:00,9044.0,8933.759138347783,8861.02,8902.58753436137
2021-08-25 07:00:00,9344.0,9043.551140032814,9005.706,9027.333058948676
2021-08-25 08:00:00,9433.0,9263.295398674358,9249.013,9257.174721342948
2021-08-25 09:00:00,9431.0,9306.586954733293,9344.957,9323.029738114965
2021-08-25 10:00:00,9285.0,9277.361100625754,9309.083,9290.954942196517
2021-08-25 11:00:00,9209.0,9153.132191415802,9143.289,9148.913843713624
2021-08-25 12:00:00,9201.0,9106.155924723049,9097.676,9102.521753323217
2021-08-25 13:00:00,9169.0,9117.835877970654,9103.461,9111.675666743837
2021-08-25 14:00:00,9113.0,9132.709796270687,9122.92,9128.514433318302
2021-08-25 15:00:00,9190.0,9087.002170937421,9076.328,9082.427891393094
2021-08-25 16:00:00,9264.0,9182.800739810655,9199.337,9189.886886870583
2021-08-25 17:00:00,9113.0,9195.13272755302,9200.127,9197.272789116992
2021-08-25 18:00:00,8901.0,8889.580508011726,8877.748,8884.509766826366
2021-08-25 19:00:00,8727.0,8776.55975325329,8769.712,8773.625182833843
2021-08-25 20:00:00,8337.0,8584.720106537363,8572.995,8579.695315871764
2021-08-25 21:00:00,9067.0,8611.08014989152,8670.794,8636.669515311623
2021-08-25 22:00:00,9067.0,8999.731033338827,9030.187,9012.782196024604
2021-08-25 23:00:00,9067.0,9015.745185884718,9028.763,9021.323590087532
2021-08-26 00:00:00,9067.0,9010.677700668159,8973.617,8994.795872001372
2021-08-26 01:00:00,9067.0,9019.601142061303,8975.165,9000.558621916101
2021-08-26 02:00:00,9060.5,8966.374498430763,8929.326,8950.497746266701
2021-08-26 03:00:00,8191.0,8686.190701436228,8714.772,8698.43887931294
2021-08-26 04:00:00,8619.0,8780.898091870731,8769.047,8775.819228164153
2021-08-26 05:00:00,9021.0,8927.54824061787,8889.716,8911.33559713269
2021-08-26 06:00:00,9179.0,9104.46392762508,9121.268,9111.664702251057
2021-08-26 07:00:00,9266.0,9205.590004362773,9201.842,9203.98360298178
2021-08-26 08:00:00,9361.0,9276.6647543722,9271.973,9274.653929652104
2021-08-26 09:00:00,9460.0,9306.54588896384,9308.265,9307.282393579086
2021-08-26 10:00:00,9357.0,9327.089266349994,9330.362,9328.491663549103
2021-08-26 11:00:00,9204.0,9238.47002223138,9236.286,9237.534070787457
2021-08-26 12:00:00,9150.0,9121.096093435412,9110.956,9116.750674503053
2021-08-26 13:00:00,9100.0,9092.134254199354,9076.901,9085.60629442682
2021-08-26 14:00:00,9064.0,9107.985465303713,9098.528,9103.932503112941
2021-08-26 15:00:00,8998.0,9039.044565326722,9049.842,9043.671534966583
2021-08-26 16:00:00,9112.0,9045.75352286516,9036.344,9041.72103458202
2021-08-26 17:00:00,9036.0,9114.207443417612,9101.689,9108.842871984505
2021-08-26 18:00:00,8834.0,8849.980836960984,8835.553,8843.797730205473
2021-08-26 19:00:00,8746.0,8741.816794021373,8729.837,8736.682963852334
2021-08-26 20:00:00,8356.0,8424.880070161116,8437.016,8430.080374192228
2021-08-26 21:00:00,9017.0,8627.907435157127,8646.089,8635.698778293277
2021-08-26 22:00:00,9017.0,8952.331528895202,8945.751,8949.511522015331
2021-08-26 23:00:00,9017.0,8965.62786860999,8950.459,8959.12722702144
2021-08-27 00:00:00,9017.0,8970.54010304219,8982.096,8975.492006222114
2021-08-27 01:00:00,8997.5,8970.54010304219,8982.453,8975.645082393989
2021-08-27 02:00:00,8997.5,8899.876216279705,8923.338,8909.930252141887
2021-08-27 03:00:00,8997.5,8573.348204611519,8610.553,8589.291661245752
2021-08-27 04:00:00,8772.0,9143.821889346667,9096.751,9123.650231939362
2021-08-27 05:00:00,9112.0,9062.277334183898,9000.686,9035.882781524251
2021-08-27 06:00:00,9322.0,9260.038657879157,9226.22,9245.545791026958
2021-08-27 07:00:00,9302.0,9331.900858352252,9325.125,9328.996927335076
2021-08-27 08:00:00,9251.0,9306.98656513394,9299.801,9303.907026600042
2021-08-27 09:00:00,9236.0,9278.034583151279,9293.848,9284.811004192368
2021-08-27 10:00:00,9168.0,9153.32702245072,9203.549,9174.848912980991
2021-08-27 11:00:00,9063.0,9117.865089951905,9118.164,9117.99314157091
2021-08-27 12:00:00,8997.0,9035.623673859436,9038.804,9036.986396211578
2021-08-27 13:00:00,9007.0,8983.443674678234,8966.131,8976.024371941938
2021-08-27 14:00:00,9000.0,8982.568776639888,8990.391,8985.9206400002
2021-08-27 15:00:00,9056.0,8978.611640357827,8988.508,8982.85239682319
2021-08-27 16:00:00,9095.0,9077.809995224741,9094.627,9085.016452472613
2021-08-27 17:00:00,8981.0,9058.50132217912,9059.348,9058.86384501728
2021-08-27 18:00:00,8846.0,8775.337485689117,8749.474,8764.253850137466
2021-08-27 19:00:00,8770.0,8733.08536006025,8734.706,8733.779695009987
2021-08-27 20:00:00,8495.0,8468.192403589675,8437.39,8454.992186344789
2021-08-27 21:00:00,8048.0,8269.082008852147,8276.878,8272.422734119173
2021-08-27 22:00:00,8484.5,8208.2851275173,8231.916,8218.41172152781
2021-08-27 23:00:00,8468.0,8477.05373597726,8461.036,8470.189413941393
2021-08-28 00:00:00,8434.0,8503.301136498934,8465.625,8487.155394473024
2021-08-28 01:00:00,8371.0,8448.685322399833,8409.346,8431.826781841424
2021-08-28 02:00:00,8331.0,8386.53325654673,8370.437,8379.635080946475
2021-08-28 03:00:00,8331.0,8268.286615149731,8242.2705,8257.13762935207
2021-08-28 04:00:00,8331.0,8261.880013730874,8264.414,8262.965749166215
2021-08-28 05:00:00,8095.0,8182.457438724685,8199.443,8189.736372122759
2021-08-28 06:00:00,8323.0,8276.839267952084,8278.156,8277.403575062013
2021-08-28 07:00:00,8474.0,8419.623308656097,8402.498,8412.284335391549
2021-08-28 08:00:00,8553.0,8563.119770083958,8549.3125,8557.202833298863
2021-08-28 09:00:00,8462.0,8590.356432897204,8573.624,8583.185801143722
2021-08-28 10:00:00,8406.0,8507.815705603707,8472.694,8492.764846336082
2021-08-28 11:00:00,8336.0,8406.374147328757,8384.876,8397.161411417936
2021-08-28 12:00:00,8315.0,8346.854340981656,8353.807,8349.833569535722
2021-08-28 13:00:00,8326.0,8376.525037861427,8406.022,8389.165750629349
2021-08-28 14:00:00,8384.0,8429.91128367192,8455.614,8440.92574323365
2021-08-28 15:00:00,8456.0,8500.922887396619,8534.613,8515.360277084435
2021-08-28 16:00:00,8508.0,8541.377770642237,8579.395,8557.669190439985
2021-08-28 17:00:00,8444.0,8509.845393615884,8528.427,8517.808039456553
2021-08-28 18:00:00,8374.0,8407.80942659456,8398.088,8403.64324202914
2021-08-28 19:00:00,8344.0,8544.278253700877,8523.158,8535.2273450114
2021-08-28 20:00:00,8117.0,8185.59363001517,8231.86,8205.420436250759
2021-08-28 21:00:00,7653.0,7764.197711949183,7753.3105,7759.532179620432
2021-08-28 22:00:00,7797.0,7538.565845327491,7512.1006,7527.224402464162
2021-08-28 23:00:00,7768.5,7744.113046711269,7753.0244,7747.931726525238
2021-08-29 00:00:00,7751.0,7831.780136280725,7833.144,7832.364484954589
2021-08-29 01:00:00,7734.5,7828.235690325624,7809.1187,7820.043309648846
2021-08-29 02:00:00,7708.0,7777.8134729947205,7749.605,7765.724953464732
2021-08-29 03:00:00,7684.5,7750.811407968728,7765.0547,7756.915112160554
2021-08-29 04:00:00,7684.5,7782.337183779216,7767.318,7775.900664619085
2021-08-29 05:00:00,7562.0,7710.441644651515,7696.759,7704.577937428756
2021-08-29 06:00:00,7728.0,7764.996640621511,7746.435,7757.042204883957
2021-08-29 07:00:00,7776.0,7921.145603658914,7892.286,7908.778057986039
2021-08-29 08:00:00,7818.0,7977.917518298096,7956.9917,7968.94988706968
2021-08-29 09:00:00,7761.0,7951.1954090802765,7944.7065,7948.414532206524
2021-08-29 10:00:00,7741.0,7883.142286551757,7876.381,7880.244636581689
2021-08-29 11:00:00,7688.0,7824.664156856266,7843.4463,7832.713002477335
2021-08-29 12:00:00,7681.0,7800.77437641763,7807.482,7803.648758808666
2021-08-29 13:00:00,7651.0,7821.022306489418,7811.629,7816.996808650041
2021-08-29 14:00:00,7650.0,7858.084520862198,7845.9204,7852.871574710599
2021-08-29 15:00:00,7724.0,7877.400947825174,7858.3867,7869.252490198751
2021-08-29 16:00:00,7861.0,7919.481187208702,7896.972,7909.835205743625
2021-08-29 17:00:00,7827.0,8009.892151596533,8018.16,8013.435109200712
2021-08-29 18:00:00,7771.0,7977.209303317824,7945.616,7963.670412295273
2021-08-29 19:00:00,7899.0,8090.064916621452,8050.915,8073.287772434002
2021-08-29 20:00:00,7772.0,7972.654701347287,7965.347,7969.522946397327
2021-08-29 21:00:00,7524.0,7647.1396728341615,7622.4404,7636.555035137617
2021-08-29 22:00:00,7756.0,7646.389224530184,7598.79,7625.991171659725
2021-08-29 23:00:00,7771.5,7884.6991022744605,7807.0386,7851.418723559772
2021-08-30 00:00:00,7799.5,7821.493450444733,7860.0015,7837.995542347154
2021-08-30 01:00:00,7844.0,7823.996489837948,7842.915,7832.103672033919
2021-08-30 02:00:00,7501.0,7894.332561629738,7792.819,7850.830142649487
2021-08-30 03:00:00,7878.0,7890.205874230106,7867.559,7880.5007005798425
2021-08-30 04:00:00,8279.0,8315.281601663995,8310.726,8313.328991653398
2021-08-30 05:00:00,8450.0,8558.18216345991,8583.938,8569.219550913836
2021-08-30 06:00:00,8553.0,8622.262218776692,8664.646,8640.425380668996
2021-08-30 07:00:00,8522.0,8630.964148946994,8651.945,8639.95534386329
2021-08-30 08:00:00,8654.0,8584.875135186536,8586.001,8585.357395393256
2021-08-30 09:00:00,8984.0,8660.555302051012,8655.752,8658.49670727512
2021-08-30 10:00:00,8911.0,8854.589342539477,8886.941,8868.453294962426
2021-08-30 11:00:00,8839.0,8788.682679344522,8823.799,8803.731213615196
2021-08-30 12:00:00,8749.0,8702.187866701364,8722.606,8710.937850923514
2021-08-30 13:00:00,8763.0,8652.091669377574,8694.448,8670.242814948131
2021-08-30 14:00:00,8714.0,8673.804935412678,8718.01,8692.748318967806
2021-08-30 15:00:00,8672.0,8636.718071693771,8687.01,8658.269867099616
2021-08-30 16:00:00,8789.0,8622.599615899828,8672.797,8644.110866545223
2021-08-30 17:00:00,8817.0,8722.543922584311,8780.297,8747.293003204664
2021-08-30 18:00:00,8697.0,8511.553058233747,8560.278,8532.433565426712
2021-08-30 19:00:00,8568.0,8579.420208613661,8616.144,8595.157341031903
2021-08-30 20:00:00,8172.0,8310.526456003246,8395.239,8346.828885274248
2021-08-30 21:00:00,8705.5,8118.976534722982,8112.0176,8115.994273284257
2021-08-30 22:00:00,8705.5,8666.682094830969,8712.933,8686.50209527805
2021-08-30 23:00:00,8705.5,8640.234957305967,8671.01,8653.42294892909
2021-08-31 00:00:00,8694.5,8628.43763404503,8631.095,8629.57623042395
2021-08-31 01:00:00,8682.0,8625.732421942088,8625.063,8625.445584018511
2021-08-31 02:00:00,8667.5,8552.08671527544,8579.575,8563.866352542635
2021-08-31 03:00:00,8149.0,8360.298589458927,8379.885,8368.6920021058
2021-08-31 04:00:00,8663.0,8523.346085406229,8488.354,8508.350338640317
2021-08-31 05:00:00,8811.0,8731.035637552275,8686.381,8711.8993693154
2021-08-31 06:00:00,8947.0,8829.952544958242,8807.239,8820.218994302013
2021-08-31 07:00:00,8957.0,8907.690490315206,8853.477,8884.457835187848
2021-08-31 08:00:00,8960.0,8955.548450776385,8910.436,8936.215841812014
2021-08-31 09:00:00,8959.0,8975.81443221928,8952.172,8965.682605788148
2021-08-31 10:00:00,8851.0,8893.676867092474,8880.321,8887.953469169754
2021-08-31 11:00:00,8692.0,8775.948829333189,8778.133,8776.884704773465
2021-08-31 12:00:00,8622.0,8684.03672726599,8666.323,8676.445754956487
2021-08-31 13:00:00,8619.0,8632.159163059443,8639.197,8635.175115882343
2021-08-31 14:00:00,8656.0,8650.021496127763,8644.969,8647.85617349757
2021-08-31 15:00:00,8624.0,8627.491886514788,8630.529,8628.793338718238
2021-08-31 16:00:00,8747.0,8716.852479980596,8722.492,8719.269312034201
2021-08-31 17:00:00,8754.0,8746.953868491799,8769.451,8756.594687928853
2021-08-31 18:00:00,8523.0,8590.822125826176,8556.977,8576.317894388358
2021-08-31 19:00:00,8329.0,8535.40855450134,8532.872,8534.321478666418
2021-08-31 20:00:00,8007.0,8236.916935856012,8262.342,8247.812325255987
2021-08-31 21:00:00,8620.5,8634.402848094132,8527.625,8588.644555539304
2021-08-31 22:00:00,8620.5,8675.723313137794,8668.592,8672.667111321567
2021-08-31 23:00:00,8620.5,8668.40621736377,8645.648,8658.653627906144
2021-09-01 00:00:00,8620.5,8653.732800867941,8646.773,8650.750241548438
2021-09-01 01:00:00,8607.5,8649.844164210124,8642.541,8646.714307459628
2021-09-01 02:00:00,8573.5,8613.512947852365,8571.144,8595.35591279628
2021-09-01 03:00:00,7896.0,8258.05001310026,8130.6553,8203.456487481259
2021-09-01 04:00:00,8486.0,8532.245012552095,8514.951,8524.833942842082
2021-09-01 05:00:00,8799.0,8714.282595049692,8717.021,8715.456234524727
2021-09-01 06:00:00,8949.0,8906.921457746503,8913.089,8909.564259686646
2021-09-01 07:00:00,8951.0,8977.244286235544,8946.104,8963.899129036748
2021-09-01 08:00:00,8959.0,8996.454791113258,8943.028,8973.559601824365
2021-09-01 09:00:00,8916.0,8989.204799321558,8968.576,8980.364495173291
2021-09-01 10:00:00,8818.0,8876.981783941661,8849.061,8865.01635641584
2021-09-01 11:00:00,8708.0,8787.675834546471,8754.758,8773.569168778045
2021-09-01 12:00:00,8596.0,8701.486501110501,8678.096,8691.46258329297
2021-09-01 13:00:00,8551.0,8645.055682568775,8597.579,8624.71004336699
2021-09-01 14:00:00,8546.0,8651.799139356652,8639.801,8646.657187727067
2021-09-01 15:00:00,8563.0,8657.774839864458,8604.128,8634.784972266261
2021-09-01 16:00:00,8789.0,8750.180889509298,8722.921,8738.498870808824
2021-09-01 17:00:00,8756.0,8885.041165109376,8823.816,8858.803882254982
2021-09-01 18:00:00,8735.0,8528.21434129135,8524.405,8526.58183141566
2021-09-01 19:00:00,8688.0,8431.690817058088,8461.266,8444.364556368786
2021-09-01 20:00:00,8492.0,8335.552766673394,8308.131,8323.801403394757
2021-09-01 21:00:00,8605.0,8581.724018411009,8543.515,8565.349860491115
2021-09-01 22:00:00,8605.0,8686.297821548374,8647.816,8669.806979298199
2021-09-01 23:00:00,8605.0,8683.563226071847,8631.12,8661.089228871246
2021-09-02 00:00:00,8605.0,8669.680270771663,8656.793,8664.15758165873
2021-09-02 01:00:00,8651.0,8664.390861665903,8646.239,8656.61217305968
2021-09-02 02:00:00,8711.5,8627.529457550172,8641.554,8633.539174422884
2021-09-02 03:00:00,8520.0,8278.468969954296,8218.1875,8252.636159581694
2021-09-02 04:00:00,8614.0,8626.358867107489,8700.276,8658.035019792565
2021-09-02 05:00:00,8935.0,8866.664887724273,8896.002,8879.23683913535
2021-09-02 06:00:00,9030.0,9047.108900216004,9037.269,9042.891823316742
2021-09-02 07:00:00,8981.0,9067.067264007273,9063.456,9065.519709137363
2021-09-02 08:00:00,8997.0,9057.418187985346,9054.645,9056.229492647915
2021-09-02 09:00:00,9006.0,9033.016493037736,9033.817,9033.359524998139
2021-09-02 10:00:00,8930.0,8968.179357892659,8953.226,8961.77110068564
2021-09-02 11:00:00,8877.0,8869.518491028459,8877.307,8872.85585012896
2021-09-02 12:00:00,8854.0,8824.051012856035,8824.869,8824.401416555007
2021-09-02 13:00:00,8856.0,8822.318112839146,8776.068,8802.498285885078
2021-09-02 14:00:00,9033.0,8859.14727417211,8837.781,8849.99109137465
2021-09-02 15:00:00,9063.0,9008.028497979016,8993.129,9001.64327784583
2021-09-02 16:00:00,9168.0,9123.461594734437,9122.691,9123.131524567216
2021-09-02 17:00:00,9234.0,9187.016819408356,9172.228,9180.679034400198
2021-09-02 18:00:00,8946.0,8894.961653803653,8920.111,8905.739191377568
2021-09-02 19:00:00,8718.0,8664.784349059833,8697.689,8678.88537653324
2021-09-02 20:00:00,8463.0,8466.38643334284,8444.343,8456.93987684045
2021-09-02 21:00:00,7938.0,8699.51684554917,8631.128,8670.209555893804
2021-09-02 22:00:00,8903.5,8766.620483973478,8783.5,8773.853945982173
2021-09-02 23:00:00,8911.5,8872.410076841614,8871.953,8872.214096031792
2021-09-03 00:00:00,8980.0,8882.155420667015,8887.594,8884.48583971593
2021-09-03 01:00:00,8980.0,8942.55010314583,8943.0205,8942.75162953667
2021-09-03 02:00:00,7964.0,8875.956753374947,8902.741,8887.43473939065
2021-09-03 03:00:00,8526.0,8412.871146425716,8402.794,8408.55267517439
2021-09-03 04:00:00,9075.0,8804.588245878964,8799.688,8802.488386781995
2021-09-03 05:00:00,9312.0,9270.600358529575,9261.643,9266.761591791008
2021-09-03 06:00:00,9459.0,9363.38322808454,9367.9795,9365.352694341396
2021-09-03 07:00:00,9352.0,9413.655672242396,9403.042,9409.107189159833
2021-09-03 08:00:00,9339.0,9316.494704881463,9315.526,9316.079593797014
2021-09-03 09:00:00,9320.0,9282.111092572139,9284.736,9283.236038963592
2021-09-03 10:00:00,9140.0,9241.138853699102,9207.237,9226.61072386771
2021-09-03 11:00:00,9014.0,9074.149232732005,9036.434,9057.986472542614
2021-09-03 12:00:00,8906.0,8967.318167793583,8935.633,8953.739655453992
2021-09-03 13:00:00,8847.0,8921.483374268379,8881.326,8904.274533362905
2021-09-03 14:00:00,8846.0,8915.386046411755,8911.827,8913.860934656057
2021-09-03 15:00:00,8905.0,8942.86857298224,8931.243,8937.886504240076
2021-09-03 16:00:00,8974.0,9048.607820917585,9048.466,9048.546741426922
2021-09-03 17:00:00,8979.0,9059.454071340242,9022.007,9043.406353132905
2021-09-03 18:00:00,8810.0,8796.408421094693,8745.409,8774.553174406692
2021-09-03 19:00:00,8664.0,8571.054106090485,8613.705,8589.331498065796
2021-09-03 20:00:00,8361.0,8376.714209993666,8376.232,8376.507742291156
2021-09-03 21:00:00,7905.0,7895.301508119526,7904.6235,7899.2962135856615
2021-09-03 22:00:00,8377.5,8258.449082793522,8303.917,8277.933564628125
2021-09-03 23:00:00,8377.5,8394.680875357526,8410.159,8401.31385167846
2021-09-04 00:00:00,8369.0,8396.695504705398,8371.517,8385.9053240896
2021-09-04 01:00:00,8369.0,8362.449023113248,8355.374,8359.416989905865
2021-09-04 02:00:00,8369.0,8239.08826795111,8244.719,8241.50091590557
2021-09-04 03:00:00,8369.0,8285.322582895755,8202.556,8249.853773679108
2021-09-04 04:00:00,8369.0,8305.333518581194,8292.995,8300.045882098722
2021-09-04 05:00:00,8022.0,8233.208714065642,8237.131,8234.88950141986
2021-09-04 06:00:00,8177.0,8234.351203031407,8254.132,8242.827792398148
2021-09-04 07:00:00,8290.0,8318.743175731894,8325.664,8321.709009883576
2021-09-04 08:00:00,8394.0,8334.185018427394,8366.839,8348.178232646675
2021-09-04 09:00:00,8460.0,8405.496753600934,8408.129,8406.624612656095
2021-09-04 10:00:00,8446.0,8455.172884359117,8446.389,8451.408453400683
2021-09-04 11:00:00,8377.0,8415.798179741869,8447.301,8429.298121385902
2021-09-04 12:00:00,8491.0,8404.31693851789,8408.8,8406.23798921614
2021-09-04 13:00:00,8456.0,8499.918868417128,8530.073,8512.840960380312
2021-09-04 14:00:00,8589.0,8522.229692312456,8562.982,8539.693562059325
2021-09-04 15:00:00,8734.0,8631.618890097578,8677.747,8651.38638920935
2021-09-04 16:00:00,8766.0,8749.15910036299,8780.125,8762.42911590227
2021-09-04 17:00:00,8649.0,8780.624970893716,8772.424,8777.110415156862
2021-09-04 18:00:00,8607.0,8481.309747654184,8484.625,8482.730455410081
2021-09-04 19:00:00,8637.0,8466.616586388876,8491.01,8477.069936030612
2021-09-04 20:00:00,8471.0,8321.151660600988,8338.21,8328.461591452036
2021-09-04 21:00:00,8287.0,8030.0654870049475,8002.1313,8018.094534831072
2021-09-04 22:00:00,8092.0,7879.33411666232,7900.241,7888.2935046624
2021-09-04 23:00:00,8008.0,7804.232297048252,7858.9766,7827.692216577039
2021-09-05 00:00:00,8004.0,7951.835847813626,7942.8364,7947.979249948243
2021-09-05 01:00:00,8085.0,7938.525035451782,7930.991,7935.2964364639365
2021-09-05 02:00:00,8213.0,8014.207350093191,8028.9927,8020.543421034132
2021-09-05 03:00:00,8187.0,8106.928530164572,8062.5586,8087.914211710959
2021-09-05 04:00:00,8200.0,8078.355977675122,8079.6924,8078.92857404536
2021-09-05 05:00:00,8307.0,7953.262978574033,7984.529,7966.661502112142
2021-09-05 06:00:00,8280.0,8209.40671014408,8207.889,8208.756034049291
2021-09-05 07:00:00,8216.0,8269.320541560688,8259.807,8265.243372995083
2021-09-05 08:00:00,8145.0,8258.962222036784,8224.933,8244.379148656257
2021-09-05 09:00:00,8136.0,8189.573337200909,8148.682,8172.049917716063
2021-09-05 10:00:00,8207.0,8163.215355470871,8130.2573,8149.091544856359
2021-09-05 11:00:00,8286.0,8194.670286766612,8174.566,8186.054678676426
2021-09-05 12:00:00,8338.0,8272.231307319138,8268.428,8270.601349065226
2021-09-05 13:00:00,8369.0,8338.352182575882,8333.028,8336.070600617259
2021-09-05 14:00:00,8418.0,8453.968896096436,8441.03,8448.424031499177
2021-09-05 15:00:00,8408.0,8512.293275509079,8488.734,8502.197392793434
2021-09-05 16:00:00,8484.0,8506.895344756012,8479.595,8495.195925080003
2021-09-05 17:00:00,8578.0,8502.535016083679,8489.744,8497.053522223325
2021-09-05 18:00:00,8464.0,8499.86751896624,8456.64,8481.342621909747
2021-09-05 19:00:00,8549.0,8468.758424307467,8487.313,8476.70993355762
2021-09-05 20:00:00,8580.0,8488.03892188947,8463.955,8477.718021798983
2021-09-05 21:00:00,8336.0,8315.957603132867,8248.238,8286.937225554964
2021-09-05 22:00:00,8100.0,8096.885856087915,8063.9155,8082.756734368733
2021-09-05 23:00:00,8474.0,8060.175248086852,8050.5757,8056.061414093145
2021-09-06 00:00:00,8516.5,8350.864236095409,8285.287,8322.76204057717
2021-09-06 01:00:00,8095.0,8354.011610518523,8331.346,8344.298442721385
2021-09-06 02:00:00,8336.0,8143.508986066357,8130.928,8138.117674361316
2021-09-06 03:00:00,8654.0,8369.55726649123,8319.048,8347.9119519066
2021-09-06 04:00:00,8858.0,8869.827361178033,8893.082,8879.792612009913
2021-09-06 05:00:00,9012.0,9055.572725441316,9044.115,9050.662671383197
2021-09-06 06:00:00,9053.0,9120.36581889377,9123.983,9121.915868888123
2021-09-06 07:00:00,8980.0,9075.187103898854,9086.137,9079.879382578478
2021-09-06 08:00:00,8956.0,9040.784861508879,9033.827,9037.803013367746
2021-09-06 09:00:00,8932.0,9015.086080750163,9023.758,9018.802160259513
2021-09-06 10:00:00,8832.0,8903.153361135628,8911.309,8906.647991068552
2021-09-06 11:00:00,8868.0,8803.880168606831,8823.958,8812.484137187119
2021-09-06 12:00:00,8845.0,8832.304304081896,8840.105,8835.64716699766
2021-09-06 13:00:00,8826.0,8805.125152505521,8815.936,8809.75761159269
2021-09-06 14:00:00,8847.0,8831.282654286644,8867.937,8846.99008938138
2021-09-06 15:00:00,8748.0,8865.011306358501,8882.823,8872.644172887365
2021-09-06 16:00:00,8818.0,8875.210724247445,8897.514,8884.768176700838
2021-09-06 17:00:00,9009.0,8923.882448646247,8915.477,8920.280037961642
2021-09-06 18:00:00,8813.0,8758.02843022721,8746.652,8753.153130560651
2021-09-06 19:00:00,8653.0,8584.548411347398,8614.5,8597.383575314056
2021-09-06 20:00:00,8352.0,8452.624165299925,8465.174,8458.00200266146
2021-09-06 21:00:00,8822.0,8525.253905913662,8561.721,8540.881261993447
2021-09-06 22:00:00,8822.0,8826.129170521599,8835.978,8830.34950557228
2021-09-06 23:00:00,8822.0,8803.069733517628,8799.164,8801.396003224774
2021-09-07 00:00:00,8822.0,8791.599747045662,8765.184,8780.279314452207
2021-09-07 01:00:00,8822.0,8808.760755222656,8782.157,8797.360127695185
2021-09-07 02:00:00,8825.0,8728.334363083173,8674.213,8705.141334451564
2021-09-07 03:00:00,8427.0,8532.20813530019,8539.995,8535.54504657803
2021-09-07 04:00:00,8832.0,8741.712421821598,8786.12,8760.742703729571
2021-09-07 05:00:00,9085.0,8973.985516584531,8995.546,8983.224849850869
2021-09-07 06:00:00,9175.0,9170.30166356976,9141.089,9157.782696934351
2021-09-07 07:00:00,9143.0,9159.788028991215,9140.261,9151.41980362255
2021-09-07 08:00:00,9164.0,9137.439461259093,9113.775,9127.29831827047
2021-09-07 09:00:00,9218.0,9138.911074102232,9111.607,9127.210336018128
2021-09-07 10:00:00,9196.0,9080.291009399172,9085.054,9082.331966256885
2021-09-07 11:00:00,9232.0,9069.917982027982,9053.84,9063.027696297171
2021-09-07 12:00:00,8992.0,9064.559885403929,9113.104,9085.362468891606
2021-09-07 13:00:00,8935.0,8912.803490936023,8908.96,8911.156339050664
2021-09-07 14:00:00,8922.0,8917.77236949311,8918.8955,8918.253683605992
2021-09-07 15:00:00,8860.0,8913.489780811864,8901.139,8908.196721931135
2021-09-07 16:00:00,8962.0,8953.960882850533,8918.991,8938.975108810846
2021-09-07 17:00:00,9064.0,9033.784249880226,9003.922,9020.986990609174
2021-09-07 18:00:00,8756.0,8813.680264225992,8798.745,8807.27984529675
2021-09-07 19:00:00,8613.0,8518.036821639342,8562.84,8537.236454923579
2021-09-07 20:00:00,8308.0,8409.815012574343,8425.502,8416.537407814852
2021-09-07 21:00:00,8891.0,8663.22034399982,8682.528,8671.494290487273
2021-09-07 22:00:00,8891.0,8840.499673011142,8864.805,8850.915236891713
2021-09-07 23:00:00,8891.0,8841.658309088345,8854.983,8847.368370586995
2021-09-08 00:00:00,8891.0,8874.928147091583,8871.423,8873.425786005646
2021-09-08 01:00:00,8856.5,8880.233093354742,8877.357,8879.00058133343
2021-09-08 02:00:00,7689.0,8791.105106603589,8786.438,8789.105288139355
2021-09-08 03:00:00,8258.0,8291.621726935127,8259.749,8277.963025206276
2021-09-08 04:00:00,8704.0,8626.900499163634,8694.266,8655.768859075648
2021-09-08 05:00:00,8983.0,8954.840345080527,8947.298,8951.608060349023
2021-09-08 06:00:00,9210.0,9108.909849209127,9098.311,9104.367492930367
2021-09-08 07:00:00,9262.0,9182.943366629745,9207.62,9193.518197559912
2021-09-08 08:00:00,9298.0,9241.27106196205,9244.698,9242.73949870265
2021-09-08 09:00:00,9267.0,9242.21235180507,9254.503,9247.479315659675
2021-09-08 10:00:00,9124.0,9188.62084157713,9187.232,9188.025850085878
2021-09-08 11:00:00,8954.0,9076.123831503672,9070.799,9073.841690039762
2021-09-08 12:00:00,8853.0,8909.672540062582,8918.291,8913.365650488391
2021-09-08 13:00:00,8780.0,8833.834015783146,8824.133,8829.67661462984
2021-09-08 14:00:00,8797.0,8817.675903420773,8829.49,8822.738743821536
2021-09-08 15:00:00,8760.0,8831.571396426634,8852.408,8840.500553920388
2021-09-08 16:00:00,8896.0,8925.968126338017,8920.633,8923.681643148386
2021-09-08 17:00:00,9002.0,9031.403894234658,8996.447,9016.423579564544
2021-09-08 18:00:00,8642.0,8769.099071717246,8740.987,8757.052106353342
2021-09-08 19:00:00,8486.0,8489.047156401364,8535.553,8508.976319791058
2021-09-08 20:00:00,8171.0,8336.737668317453,8380.111,8355.32472268048
2021-09-08 21:00:00,8770.0,8578.544560840346,8608.164,8591.237506815974
2021-09-08 22:00:00,8770.0,8800.98527526384,8802.619,8801.685280449035
2021-09-08 23:00:00,8770.0,8809.53591998902,8796.996,8804.161992678943
2021-09-09 00:00:00,8770.0,8810.031363660608,8780.538,8797.392386211159
2021-09-09 01:00:00,8770.0,8798.714267367723,8770.586,8786.660187715272
2021-09-09 02:00:00,8778.5,8630.975169489862,8599.8125,8617.620821387292
2021-09-09 03:00:00,8227.0,8484.603322681893,8496.994,8489.913149984237
2021-09-09 04:00:00,8685.0,8641.53106834287,8676.013,8656.30767187105
2021-09-09 05:00:00,8974.0,8948.05627033872,8962.019,8954.039559785106
2021-09-09 06:00:00,9077.0,9101.57162711581,9122.56,9110.565569409955
2021-09-09 07:00:00,9105.0,9149.025461531653,9133.861,9142.526958976665
2021-09-09 08:00:00,9194.0,9164.767407260815,9152.559,9159.535355410162
2021-09-09 09:00:00,9202.0,9171.853536602957,9174.713,9173.078715205836
2021-09-09 10:00:00,9043.0,9109.489237863445,9107.415,9108.600203647928
2021-09-09 11:00:00,9071.0,8988.023031862302,8974.126,8982.067576334359
2021-09-09 12:00:00,8992.0,9027.268049021732,8994.334,9013.154577968231
2021-09-09 13:00:00,8940.0,8930.622859069961,8910.431,8921.969582061205
2021-09-09 14:00:00,8924.0,8948.55553446048,8960.595,8953.714763517753
2021-09-09 15:00:00,8824.0,8961.063901409312,8933.728,8949.349165096948
2021-09-09 16:00:00,8912.0,8979.673972446257,8973.062,8976.84009592646
2021-09-09 17:00:00,9050.0,9026.822553487847,9038.479,9031.817474060561
2021-09-09 18:00:00,8738.0,8776.670866126045,8765.109,8771.716267660511
2021-09-09 19:00:00,8586.0,8497.854379585578,8522.298,8508.329149397783
2021-09-09 20:00:00,8317.0,8394.448913618542,8327.38,8365.707172949042
2021-09-09 21:00:00,8876.5,8441.798545317171,8459.408,8449.34485432419
2021-09-09 22:00:00,8876.5,8805.693795714815,8832.271,8817.083302775838
2021-09-09 23:00:00,8832.5,8812.751307712815,8844.713,8826.447955292137
2021-09-10 00:00:00,8820.5,8850.457521666905,8828.13,8840.88922984794
2021-09-10 01:00:00,8777.5,8850.015743464484,8825.438,8839.483449477762
2021-09-10 02:00:00,7964.0,8628.70644938628,8636.42,8632.01183096502
2021-09-10 03:00:00,8416.0,8382.014765700429,8394.404,8387.323925061188
2021-09-10 04:00:00,8841.0,8806.06811544357,8774.52,8792.548189349727
2021-09-10 05:00:00,8976.0,9088.46026606077,9073.718,9082.142486993504
2021-09-10 06:00:00,9066.0,9139.762805251263,9130.502,9135.793992993866
2021-09-10 07:00:00,9025.0,9122.331019669718,9149.121,9133.8113700719
2021-09-10 08:00:00,9019.0,9098.190048449891,9088.442,9094.012759761916
2021-09-10 09:00:00,8989.0,9040.087928232571,9065.038,9050.779985673838
2021-09-10 10:00:00,8817.0,8977.406341910402,8967.861,8973.315956667851
2021-09-10 11:00:00,8702.0,8859.281694870137,8850.303,8855.433874675804
2021-09-10 12:00:00,8635.0,8761.951347570595,8753.553,8758.352209492856
2021-09-10 13:00:00,8633.0,8705.673867586596,8680.869,8695.043986388024
2021-09-10 14:00:00,8656.0,8733.611774984223,8726.738,8730.666215212654
2021-09-10 15:00:00,8611.0,8735.1790306215,8731.555,8733.625809235064
2021-09-10 16:00:00,8698.0,8784.044458301432,8775.679,8780.45930232451
2021-09-10 17:00:00,8862.0,8839.117088119121,8822.515,8832.002337543989
2021-09-10 18:00:00,8536.0,8619.8930310528,8594.912,8609.187687619955
2021-09-10 19:00:00,8394.0,8490.673904586856,8478.047,8485.262636234576
2021-09-10 20:00:00,8139.0,8261.626533345338,8251.706,8257.375093631148
2021-09-10 21:00:00,8243.5,7955.804673885845,7940.274,7949.149144115186
2021-09-10 22:00:00,8240.5,8168.360457120538,8204.48,8183.839154999856
2021-09-10 23:00:00,8205.5,8175.714411000341,8237.409,8202.152754206772
2021-09-11 00:00:00,8173.0,8228.30624720753,8188.5024,8211.24880988931
2021-09-11 01:00:00,8144.0,8151.422523961563,8098.859,8128.897051425841
2021-09-11 02:00:00,8144.0,8052.586086893235,7994.4497,8027.6724845547
2021-09-11 03:00:00,8144.0,8106.209486722811,8060.1216,8086.459115273772
2021-09-11 04:00:00,8144.0,8049.828697458781,8054.852,8051.981258997121
2021-09-11 05:00:00,7804.0,8007.527104395134,8013.231,8009.971266683582
2021-09-11 06:00:00,8021.0,7975.529007802673,7991.7124,7982.464091217742
2021-09-11 07:00:00,8197.0,8141.717351968054,8121.6675,8133.125071112519
2021-09-11 08:00:00,8290.0,8243.125228044624,8225.404,8235.531035232023
2021-09-11 09:00:00,8284.0,8298.865047311188,8298.457,8298.690208059601
2021-09-11 10:00:00,8214.0,8274.160088779932,8261.48,8268.726282085274
2021-09-11 11:00:00,8149.0,8215.059412454813,8187.683,8203.327654920984
2021-09-11 12:00:00,8136.0,8188.69743742189,8192.32,8190.249812534979
2021-09-11 13:00:00,8272.0,8216.089340890087,8202.87,8210.424277929866
2021-09-11 14:00:00,8356.0,8369.264528090815,8382.117,8374.772250526163
2021-09-11 15:00:00,8484.0,8422.347148829465,8452.924,8435.450285259903
2021-09-11 16:00:00,8565.0,8566.676844601798,8574.4375,8570.0024167718
2021-09-11 17:00:00,8632.0,8579.249763615111,8584.705,8581.58752585029
2021-09-11 18:00:00,8264.0,8381.508181838723,8352.569,8369.10669656845
2021-09-11 19:00:00,8155.0,8226.591669154583,8248.622,8236.032419081781
2021-09-11 20:00:00,7866.0,8072.217287327984,8048.9634,8062.252080378041
2021-09-11 21:00:00,7488.0,7753.231160305819,7734.6035,7745.248351424177
2021-09-11 22:00:00,7140.0,7394.0121796576095,7425.148,7407.354827236188
2021-09-11 23:00:00,7030.0,7192.434273458377,7225.023,7206.399696672564
2021-09-12 00:00:00,8085.0,7050.740718613887,7034.6875,7043.861347341908
2021-09-12 01:00:00,7052.0,7932.9316396816075,7911.627,7923.801675857417
2021-09-12 02:00:00,7132.0,7327.729113226522,7403.661,7360.268719448184
2021-09-12 03:00:00,7232.0,7408.253015282973,7401.3477,7405.293724318224
2021-09-12 04:00:00,7240.0,7465.036985951679,7420.3984,7445.907745715427
2021-09-12 05:00:00,7502.0,7492.045325964527,7466.994,7481.309795991578
2021-09-12 06:00:00,7827.0,7715.845014661192,7703.5396,7710.571527149943
2021-09-12 07:00:00,8034.0,7983.737477897539,7937.4004,7963.880272947974
2021-09-12 08:00:00,8254.0,8138.882288474713,8109.386,8126.241996738457
2021-09-12 09:00:00,8486.0,8210.837067051827,8225.803,8217.250188431952
2021-09-12 10:00:00,8384.0,8327.948350288887,8306.337,8318.686959198607
2021-09-12 11:00:00,8147.0,8257.808327167771,8239.816,8250.097913840884
2021-09-12 12:00:00,8237.0,8098.520977379746,8081.372,8091.171859173266
2021-09-12 13:00:00,8216.0,8239.33752396339,8228.879,8234.85551478796
2021-09-12 14:00:00,8268.0,8277.726451593542,8275.616,8276.821944963332
2021-09-12 15:00:00,8324.0,8367.568158989197,8351.703,8360.769390467216
2021-09-12 16:00:00,8446.0,8446.54171377441,8415.797,8433.36643648283
2021-09-12 17:00:00,8517.0,8461.313985868084,8475.186,8467.258444099278
2021-09-12 18:00:00,8181.0,8296.104416846254,8276.515,8287.709288574966
2021-09-12 19:00:00,8205.0,8136.371993368789,8178.792,8154.550374974574
2021-09-12 20:00:00,7996.0,8029.835157695084,8130.185,8072.838642490715
2021-09-12 21:00:00,7580.0,7882.06923163748,7910.147,7894.10139571379
2021-09-12 22:00:00,8226.5,7629.8154177332,7665.528,7645.119457648939
2021-09-12 23:00:00,8226.5,8296.044885273008,8197.2705,8253.716284086859
2021-09-13 00:00:00,8252.5,8287.348756348918,8353.598,8315.738708357865
2021-09-13 01:00:00,8296.0,8221.879325100099,8279.11,8246.40491678378
2021-09-13 02:00:00,8385.0,8233.93752359656,8276.682,8252.254719834833
2021-09-13 03:00:00,8184.0,8493.238903897607,8574.006,8527.850509681746
2021-09-13 04:00:00,8558.0,8798.63113345365,8768.669,8785.791146525951
2021-09-13 05:00:00,8751.0,8932.858640463764,8952.675,8941.350520701957
2021-09-13 06:00:00,8958.0,9002.978390193397,8993.93,8999.100587981062
2021-09-13 07:00:00,8978.0,9027.01870243115,9026.063,9026.609253495537
2021-09-13 08:00:00,9027.0,9037.276515597707,9029.685,9034.022975727044
2021-09-13 09:00:00,9008.0,9048.486473326211,9038.876,9044.368020724149
2021-09-13 10:00:00,8892.0,8918.809810092986,8924.097,8921.075302666728
2021-09-13 11:00:00,8821.0,8851.577318173775,8821.568,8838.71738494858
2021-09-13 12:00:00,8807.0,8786.530222840805,8760.466,8775.360538580811
2021-09-13 13:00:00,8752.0,8735.356751414929,8764.155,8747.697829141896
2021-09-13 14:00:00,8828.0,8778.34090849721,8786.327,8781.763164988764
2021-09-13 15:00:00,8830.0,8842.503343526903,8820.051,8832.881550247414
2021-09-13 16:00:00,9033.0,8912.416541919156,8898.4375,8906.425934520053
2021-09-13 17:00:00,9264.0,9076.58465746174,9051.18,9065.697564488833
2021-09-13 18:00:00,8949.0,8933.891138430752,8897.515,8918.3023718697
2021-09-13 19:00:00,8867.0,8525.661910811847,8617.462,8565.0013847357
2021-09-13 20:00:00,8605.0,8498.768115219447,8523.617,8509.416745524382
2021-09-13 21:00:00,8829.0,8566.241376626032,8584.715,8574.157859652474
2021-09-13 22:00:00,8829.0,8838.434992432076,8835.548,8837.197749926254
2021-09-13 23:00:00,8829.0,8818.98281432317,8816.88,8818.081542787837
2021-09-14 00:00:00,8848.5,8789.706487164844,8765.595,8779.37365532312
2021-09-14 01:00:00,8908.0,8798.509244805755,8796.757,8797.758112722946
2021-09-14 02:00:00,8991.0,8831.180086047461,8831.375,8831.26350664038
2021-09-14 03:00:00,8782.0,8641.389142954256,8597.347,8622.515140929794
2021-09-14 04:00:00,9164.0,8820.130802026159,8841.383,8829.23806398362
2021-09-14 05:00:00,9328.0,9237.923958870164,9249.126,9242.724212847746
2021-09-14 06:00:00,9410.0,9367.993533419824,9312.5625,9344.239268062167
2021-09-14 07:00:00,9359.0,9355.729769382951,9329.666,9344.560321914
2021-09-14 08:00:00,9397.0,9316.673388806998,9278.896,9300.484439489186
2021-09-14 09:00:00,9416.0,9326.038747983734,9316.348,9321.885715555243
2021-09-14 10:00:00,9281.0,9315.424217303786,9272.55,9297.0508571773
2021-09-14 11:00:00,9198.0,9202.234678312652,9172.903,9189.665034023128
2021-09-14 12:00:00,9132.0,9098.38438832926,9082.916,9091.755409680005
2021-09-14 13:00:00,9127.0,9057.61122067194,9022.123,9042.403036178224
2021-09-14 14:00:00,9159.0,9108.603488222056,9097.72,9103.939245021986
2021-09-14 15:00:00,9170.0,9125.467824820398,9112.466,9119.895931482886
2021-09-14 16:00:00,9268.0,9244.363900902643,9223.891,9235.590194800943
2021-09-14 17:00:00,9485.0,9343.868701728637,9338.671,9341.641043010888
2021-09-14 18:00:00,9064.0,9162.354270977956,9118.096,9143.387781744772
2021-09-14 19:00:00,8923.0,8783.891993333684,8845.226,8810.17564097803
2021-09-14 20:00:00,8615.0,8638.519377623932,8631.101,8635.340018930357
2021-09-14 21:00:00,9129.5,8876.268211797005,8858.628,8868.708673733878
2021-09-14 22:00:00,9129.5,9055.56664937022,9072.883,9062.987079990544
2021-09-14 23:00:00,9129.5,9063.634902415033,9070.301,9066.491345704293
2021-09-15 00:00:00,9127.0,9109.747686712059,9051.801,9084.915134024493
2021-09-15 01:00:00,9127.0,9121.75674896713,9075.938,9102.121867279377
2021-09-15 02:00:00,9131.5,9044.225668109462,9029.251,9037.80837078244
2021-09-15 03:00:00,8767.0,8851.805042110756,8789.647,8825.168077476286
2021-09-15 04:00:00,9127.0,9133.394923979387,9076.506,9109.015821984707
2021-09-15 05:00:00,9375.0,9294.266426392922,9278.928,9287.693109106343
2021-09-15 06:00:00,9532.0,9459.545749653567,9421.0625,9443.054099278868
2021-09-15 07:00:00,9443.0,9501.253204373952,9465.124,9485.77046173361
2021-09-15 08:00:00,9411.0,9434.399767209141,9418.834,9427.729257576784
2021-09-15 09:00:00,9221.0,9399.560671510759,9373.337,9388.322676298623
2021-09-15 10:00:00,9183.0,9180.975082336445,9181.528,9181.21199871206
2021-09-15 11:00:00,9060.0,9126.216315916867,9132.317,9128.830746800892
2021-09-15 12:00:00,9136.0,9034.204796263262,9045.65,9039.109641678675
2021-09-15 13:00:00,9169.0,9101.147355482302,9087.834,9095.442010199411
2021-09-15 14:00:00,9211.0,9182.42137115166,9189.352,9185.391038846159
2021-09-15 15:00:00,9250.0,9209.285722222066,9227.795,9217.217396513763
2021-09-15 16:00:00,9492.0,9351.089545363193,9372.465,9360.249424198653
2021-09-15 17:00:00,9693.0,9596.138016325911,9514.844,9561.300296185153
2021-09-15 18:00:00,9277.0,9296.39117353221,9270.843,9285.442724644745
2021-09-15 19:00:00,9085.0,8984.626561713221,8958.665,8973.500885655509
2021-09-15 20:00:00,8793.0,8816.795085230735,8851.952,8831.861120917496
2021-09-15 21:00:00,9176.0,8941.432034789274,8907.448,8926.868553807497
2021-09-15 22:00:00,9176.0,9117.966264507468,9101.8,9111.038263810278
2021-09-15 23:00:00,9190.0,9140.085873264376,9111.684,9127.91440554305
2021-09-16 00:00:00,9227.0,9172.400182072783,9158.048,9166.249501502414
2021-09-16 01:00:00,9246.5,9188.874039897539,9177.117,9183.835582712307
2021-09-16 02:00:00,9254.5,9172.415160672495,9157.049,9165.83008270777
2021-09-16 03:00:00,8834.0,8914.937911768757,8897.1875,8907.331160484839
2021-09-16 04:00:00,9243.0,9096.671975097144,9138.488,9114.591769660146
2021-09-16 05:00:00,9406.0,9431.208452790017,9495.666,9458.830831272135
2021-09-16 06:00:00,9475.0,9518.942321686147,9535.994,9526.2495055464
2021-09-16 07:00:00,9445.0,9472.663241608208,9502.21,9485.324923561078
2021-09-16 08:00:00,9418.0,9439.694690633576,9484.916,9459.07347170381
2021-09-16 09:00:00,9326.0,9397.794352837233,9453.017,9421.459041840755
2021-09-16 10:00:00,9259.0,9284.27803650852,9326.79,9302.495852409986
2021-09-16 11:00:00,9287.0,9200.824043392844,9246.494,9220.395284799662
2021-09-16 12:00:00,9277.0,9257.56336349597,9310.81,9280.381250971957
2021-09-16 13:00:00,9288.0,9238.167182172567,9283.44,9257.568284179331
2021-09-16 14:00:00,9359.0,9295.031130612806,9395.187,9337.951154474147
2021-09-16 15:00:00,9361.0,9349.305377356077,9389.395,9366.484964500567
2021-09-16 16:00:00,9548.0,9456.926714155648,9502.655,9476.522992614777
2021-09-16 17:00:00,9758.0,9605.670035972891,9628.28,9615.359312604174
2021-09-16 18:00:00,9273.0,9344.780364836113,9391.353,9364.738196952083
2021-09-16 19:00:00,9084.0,9000.94039460015,9038.258,9016.932041913613
2021-09-16 20:00:00,8798.0,8886.519675950696,8892.949,8889.274773596511
2021-09-16 21:00:00,9282.0,8987.79138292643,8961.835,8976.668107610458
2021-09-16 22:00:00,9282.0,9196.73910808985,9202.17,9199.066265023615
2021-09-16 23:00:00,9287.5,9215.032266975437,9227.401,9220.332879278407
2021-09-17 00:00:00,9315.0,9245.798281896501,9292.11,9265.644510129516
2021-09-17 01:00:00,9315.0,9253.393496978217,9299.885,9273.31668439947
2021-09-17 02:00:00,9309.5,9063.293102497417,9154.007,9102.167113323572
2021-09-17 03:00:00,8987.0,8961.685715611922,9026.747,8989.56681382043
2021-09-17 04:00:00,9342.0,9252.205044271393,9232.865,9243.917068233348
2021-09-17 05:00:00,9612.0,9530.615826325693,9527.575,9529.31257562064
2021-09-17 06:00:00,9658.0,9683.457226141973,9647.973,9668.25080681475
2021-09-17 07:00:00,9598.0,9642.578906991454,9626.436,9635.660852852565
2021-09-17 08:00:00,9557.0,9583.90467071588,9583.712,9583.82208266289
2021-09-17 09:00:00,9407.0,9515.117864864898,9516.791,9515.834720539144
2021-09-17 10:00:00,9384.0,9305.137778178838,9319.003,9311.079272353065
2021-09-17 11:00:00,9345.0,9301.14486497264,9298.405,9299.97080858401
2021-09-17 12:00:00,9257.0,9259.347406813064,9276.83,9266.839242929891
2021-09-17 13:00:00,9277.0,9228.69632725922,9256.829,9240.752228977246
2021-09-17 14:00:00,9342.0,9315.106893111455,9334.159,9323.271373495636
2021-09-17 15:00:00,9336.0,9366.343707574524,9372.316,9368.903142487794
2021-09-17 16:00:00,9453.0,9440.517047680503,9461.554,9449.531944018847
2021-09-17 17:00:00,9571.0,9518.820005582833,9570.975,9541.17008489016
2021-09-17 18:00:00,9136.0,9194.588648271845,9203.249,9198.299758365712
2021-09-17 19:00:00,9017.0,8881.80769787783,8939.885,8906.695820287347
2021-09-17 20:00:00,8678.0,8726.964613392516,8715.252,8721.945242607439
2021-09-17 21:00:00,8667.5,8553.66130413616,8576.482,8563.44097707733
2021-09-17 22:00:00,8667.5,8579.452568656323,8595.715,8586.421439079491
2021-09-17 23:00:00,8667.5,8573.259651914483,8613.421,8590.470060529866
2021-09-18 00:00:00,8650.5,8613.331334199776,8618.981,8615.752615528681
2021-09-18 01:00:00,8639.5,8589.234939997668,8606.438,8596.607164898074
2021-09-18 02:00:00,8639.5,8535.200895546763,8538.281,8536.520924416054
2021-09-18 03:00:00,8639.5,8412.895188494464,8445.384,8426.817635038995
2021-09-18 04:00:00,8165.0,8533.710643940884,8535.511,8534.48204436084
2021-09-18 05:00:00,8324.0,8125.910062746013,8053.1772,8094.741198501142
2021-09-18 06:00:00,8520.0,8447.324332432714,8424.098,8437.37080328025
2021-09-18 07:00:00,8644.0,8557.47999868271,8532.991,8546.985525796328
2021-09-18 08:00:00,8657.0,8664.453500569698,8662.378,8663.563984523356
2021-09-18 09:00:00,8719.0,8625.87843522344,8608.622,8618.483370962578
2021-09-18 10:00:00,8695.0,8668.882106486635,8641.154,8656.999555714543
2021-09-18 11:00:00,8635.0,8658.492820384052,8640.598,8650.823933938618
2021-09-18 12:00:00,8615.0,8591.490308514616,8589.698,8590.722197252733
2021-09-18 13:00:00,8713.0,8632.207536926317,8629.431,8631.01745704066
2021-09-18 14:00:00,8827.0,8799.406831600236,8804.94,8801.77813077009
2021-09-18 15:00:00,8976.0,8931.21684805015,8945.262,8937.235538673853
2021-09-18 16:00:00,9135.0,9070.541474170454,9059.088,9065.633022651808
2021-09-18 17:00:00,9266.0,9176.198072090183,9197.266,9185.226252992074
2021-09-18 18:00:00,8803.0,8848.57657054305,8899.581,8870.433719956887
2021-09-18 19:00:00,8750.0,8608.513816740566,8660.44,8630.766182358017
2021-09-18 20:00:00,8547.0,8415.060311281108,8438.511,8425.109610890033
2021-09-18 21:00:00,8155.0,8176.012807742185,8195.354,8184.300816075161
2021-09-18 22:00:00,7825.0,7831.698031233795,7889.121,7856.305846178272
2021-09-18 23:00:00,7661.0,7787.734974350323,7789.872,7788.650587379913
2021-09-19 00:00:00,8374.5,7608.463198111904,7676.938,7637.807094833693
2021-09-19 01:00:00,7653.0,8143.512014951847,8122.376,8134.454366195908
2021-09-19 02:00:00,7701.0,7640.677056291921,7716.3,7673.08405451717
2021-09-19 03:00:00,7828.0,7757.059166620017,7801.4653,7776.088748820989
2021-09-19 04:00:00,7838.0,7838.228643652438,7827.2026,7833.503428091608
2021-09-19 05:00:00,8018.0,7872.873118293385,7823.5254,7851.725792518714
2021-09-19 06:00:00,8263.0,8105.915363056219,8075.802,8093.010516795717
2021-09-19 07:00:00,8404.0,8339.663142507883,8339.265,8339.492373611889
2021-09-19 08:00:00,8416.0,8464.663164402047,8471.15,8467.443128883915
2021-09-19 09:00:00,8417.0,8439.96025383154,8444.31,8441.8238791035
2021-09-19 10:00:00,8345.0,8402.96767587129,8386.874,8396.070938951501
2021-09-19 11:00:00,8318.0,8306.201053760009,8303.295,8304.955465029734
2021-09-19 12:00:00,8315.0,8328.503291006953,8322.276,8325.8346538944
2021-09-19 13:00:00,8379.0,8359.16388451846,8362.039,8360.395854725295
2021-09-19 14:00:00,8479.0,8502.448844235238,8512.221,8506.636358247062
2021-09-19 15:00:00,8643.0,8609.292121459779,8620.668,8614.167009678542
2021-09-19 16:00:00,8914.0,8740.672766306714,8716.227,8730.196674394803
2021-09-19 17:00:00,8391.5,8812.646117955303,8827.675,8819.086329527578
2021-09-19 18:00:00,8623.0,8472.419678337974,8381.053,8433.265585008448
2021-09-19 19:00:00,8633.0,8609.154542329146,8607.958,8608.641610901992
2021-09-19 20:00:00,8468.0,8441.342507265541,8436.469,8439.253923019487
2021-09-19 21:00:00,8149.0,8111.945056896642,8077.1084,8097.016080374525
2021-09-19 22:00:00,7792.0,7934.6294180553905,7923.491,7929.856122513778
2021-09-19 23:00:00,8628.0,7842.092906138148,7876.342,7856.769817999656
2021-09-20 00:00:00,8638.0,8539.329006319407,8573.509,8553.97617989123
2021-09-20 01:00:00,7768.0,8536.247897475081,8562.526,8547.509140238206
2021-09-20 02:00:00,8067.0,8205.945073172654,8160.1143,8186.30469080955
2021-09-20 03:00:00,8760.0,8529.291887157804,8440.437,8491.213966823198
2021-09-20 04:00:00,9138.0,9112.13858408285,9105.912,9109.470164982007
2021-09-20 05:00:00,9415.0,9358.715150346208,9356.51,9357.770019871332
2021-09-20 06:00:00,9554.0,9530.090920953257,9466.296,9502.752357524496
2021-09-20 07:00:00,9547.0,9502.41275872693,9494.705,9499.10961823673
2021-09-20 08:00:00,9538.0,9490.43367895274,9490.807,9490.593358714981
2021-09-20 09:00:00,9467.0,9447.120203817327,9456.4,9451.096909743781
2021-09-20 10:00:00,9323.0,9319.794360495056,9335.47,9326.51161281261
2021-09-20 11:00:00,9219.0,9209.812344759343,9200.228,9205.70486543795
2021-09-20 12:00:00,9168.0,9118.002839284727,9122.503,9119.931235268028
2021-09-20 13:00:00,9088.0,9108.737301964562,9098.053,9104.158536939047
2021-09-20 14:00:00,9120.0,9097.362318893025,9141.613,9116.325387176152
2021-09-20 15:00:00,9140.0,9161.989674094353,9154.0625,9158.59251392068
2021-09-20 16:00:00,9411.0,9270.517950561369,9264.6455,9268.001363890657
2021-09-20 17:00:00,9602.0,9501.553936901008,9455.766,9481.931821308297
2021-09-20 18:00:00,9185.0,9216.196420072225,9233.098,9223.43906809201
2021-09-20 19:00:00,9005.0,8837.053199229225,8946.026,8883.752099874884
2021-09-20 20:00:00,8757.0,8703.189631756684,8726.599,8713.221260451923
2021-09-20 21:00:00,8319.0,8675.302486360815,8704.673,8687.888538298452
2021-09-20 22:00:00,9176.5,9082.371138048626,9132.867,9104.010429666116
2021-09-20 23:00:00,9176.5,9103.516216142803,9115.427,9108.620190171834
2021-09-21 00:00:00,9176.5,9090.249551519937,9057.347,9076.14937308108
2021-09-21 01:00:00,9194.0,9125.19331109985,9123.841,9124.613568667439
2021-09-21 02:00:00,8478.0,9064.80047169669,9020.395,9045.770707096914
2021-09-21 03:00:00,9235.0,8966.1035539964,8931.177,8951.136124339417
2021-09-21 04:00:00,9533.0,9384.10813585816,9438.741,9407.520194464792
2021-09-21 05:00:00,9740.0,9628.825471297843,9639.3,9633.313963537621
2021-09-21 06:00:00,9734.0,9771.155249160029,9778.892,9774.47052968607
2021-09-21 07:00:00,9630.0,9705.765654964263,9709.755,9707.474842531643
2021-09-21 08:00:00,9509.0,9637.211982853192,9591.953,9617.81699686166
2021-09-21 09:00:00,9499.0,9507.996984168938,9501.639,9505.271989899167
2021-09-21 10:00:00,9395.0,9417.332179737321,9430.951,9423.168383578624
2021-09-21 11:00:00,9307.0,9332.645820288004,9319.262,9326.910194617027
2021-09-21 12:00:00,9203.0,9264.506134037676,9252.907,9259.535557559031
2021-09-21 13:00:00,9200.0,9178.26731966028,9148.77,9165.626281466217
2021-09-21 14:00:00,9274.0,9246.942889649537,9247.68,9247.258572463978
2021-09-21 15:00:00,9304.0,9338.149966552777,9308.445,9325.42035865096
2021-09-21 16:00:00,9650.0,9465.758975954606,9446.511,9457.510248060014
2021-09-21 17:00:00,9811.0,9716.682175989488,9667.059,9695.416359359431
2021-09-21 18:00:00,9396.0,9467.565047785249,9431.789,9452.233514053278
2021-09-21 19:00:00,9292.0,9070.438807989136,9131.509,9096.609508940468
2021-09-21 20:00:00,9016.0,8930.079729572639,8952.404,8939.6465081391
2021-09-21 21:00:00,8605.0,8900.509375528905,8860.032,8883.16341734698
2021-09-21 22:00:00,9305.5,9190.682501475387,9226.169,9205.889560061672
2021-09-21 23:00:00,9305.5,9270.212670159564,9284.445,9276.31177060654
2021-09-22 00:00:00,9298.0,9292.235996591187,9240.179,9269.927324111566
2021-09-22 01:00:00,9298.0,9314.550601973522,9298.055,9307.481305521864
2021-09-22 02:00:00,8702.0,9154.634461215215,9112.803,9136.707882741768
2021-09-22 03:00:00,9384.0,8977.719095885928,8843.718,8920.294488794298
2021-09-22 04:00:00,9664.0,9595.505550769805,9578.451,9588.197166072121
2021-09-22 05:00:00,9769.0,9799.224910433051,9813.073,9805.159261961051
2021-09-22 06:00:00,9653.0,9805.021081100804,9828.468,9815.068729117665
2021-09-22 07:00:00,9491.0,9637.70806444728,9636.169,9637.048243224464
2021-09-22 08:00:00,9496.0,9528.382921513887,9475.673,9505.794608966113
2021-09-22 09:00:00,9468.0,9466.131799700928,9487.639,9475.348059031625
2021-09-22 10:00:00,9349.0,9392.851514274354,9370.311,9383.191763734989
2021-09-22 11:00:00,9162.0,9266.183107652862,9273.366,9269.261220526809
2021-09-22 12:00:00,9156.0,9154.666101054052,9156.451,9155.431041875505
2021-09-22 13:00:00,9175.0,9162.901947578077,9140.738,9153.403883857038
2021-09-22 14:00:00,9210.0,9263.224045975532,9265.772,9264.316074795897
2021-09-22 15:00:00,9160.0,9290.833194860748,9307.12,9297.812686034473
2021-09-22 16:00:00,9571.0,9407.627658412674,9435.234,9419.458054395593
2021-09-22 17:00:00,9708.0,9664.072319711273,9662.126,9663.23798438211
2021-09-22 18:00:00,9176.0,9326.460692121742,9325.894,9326.217417343627
2021-09-22 19:00:00,8993.0,9066.38923419079,9088.489,9075.859779000071
2021-09-22 20:00:00,8729.0,8786.786344555629,8803.671,8794.021795335671
2021-09-22 21:00:00,9168.5,8838.920678389264,8823.367,8832.255330954049
2021-09-22 22:00:00,9168.5,9234.44510256068,9224.169,9230.041349699655
2021-09-22 23:00:00,9168.5,9238.044345022001,9214.912,9228.131143888673
2021-09-23 00:00:00,9175.5,9234.247168350434,9227.569,9231.385268800024
2021-09-23 01:00:00,9193.0,9240.356801551161,9247.324,9243.342520653958
2021-09-23 02:00:00,9279.5,9072.4935084556,9048.595,9062.251956699709
2021-09-23 03:00:00,9066.0,9093.957594715088,9112.984,9102.11115735658
2021-09-23 04:00:00,9349.0,9358.652195393652,9458.099,9401.268467250491
2021-09-23 05:00:00,9515.0,9625.56974874074,9643.564,9633.281074091778
2021-09-23 06:00:00,9607.0,9642.76958199908,9635.918,9639.833293196347
2021-09-23 07:00:00,9676.0,9580.8042320828,9563.601,9573.431643228136
2021-09-23 08:00:00,9697.0,9640.485294596847,9630.805,9636.33650038322
2021-09-23 09:00:00,9730.0,9587.002216344936,9601.261,9593.112236039331
2021-09-23 10:00:00,9656.0,9612.46196604497,9637.478,9623.182058060927
2021-09-23 11:00:00,9635.0,9513.976585362367,9500.777,9508.320216427912
2021-09-23 12:00:00,9547.0,9498.159115492328,9526.679,9510.380721261683
2021-09-23 13:00:00,9513.0,9452.429447597857,9459.758,9455.569912898423
2021-09-23 14:00:00,9570.0,9542.102086213457,9562.183,9550.707362882265
2021-09-23 15:00:00,9691.0,9578.612008009313,9582.752,9580.385898734552
2021-09-23 16:00:00,9958.0,9785.794967292304,9787.456,9786.506514132332
2021-09-23 17:00:00,9874.0,9921.131541937184,9920.329,9920.78732631413
2021-09-23 18:00:00,9326.0,9509.132203322926,9523.328,9515.215647930734
2021-09-23 19:00:00,9176.0,9071.604413488554,9125.803,9094.830297280212
2021-09-23 20:00:00,8929.0,8860.72271612155,8873.707,8866.286906543297
2021-09-23 21:00:00,9530.0,9012.99576035376,9033.008,9021.571485921535
2021-09-23 22:00:00,9530.0,9394.467324395395,9446.274,9416.668362678525
2021-09-23 23:00:00,9530.0,9426.074447279112,9456.715,9439.204796540424
2021-09-24 00:00:00,9530.0,9490.664778747645,9478.829,9485.592611281187
2021-09-24 01:00:00,9541.5,9490.664778747645,9481.077,9486.555990187437
2021-09-24 02:00:00,9579.5,9392.893232737551,9369.4,9382.825467589557
2021-09-24 03:00:00,9145.0,9407.96695286602,9441.053,9422.1453569484
2021-09-24 04:00:00,9420.0,9471.598494478909,9471.522,9471.56582481918
2021-09-24 05:00:00,9589.0,9700.979613063986,9668.808,9687.192431646019
2021-09-24 06:00:00,9688.0,9709.1189497279,9704.929,9707.323256543861
2021-09-24 07:00:00,9718.0,9705.061713979036,9719.66,9711.317683235697
2021-09-24 08:00:00,9710.0,9746.00097105317,9703.402,9727.745683644953
2021-09-24 09:00:00,9775.0,9667.982759530058,9697.385,9680.582520756758
2021-09-24 10:00:00,9756.0,9691.122332801933,9708.801,9698.698028982995
2021-09-24 11:00:00,9671.0,9640.20997106492,9661.852,9649.483850571489
2021-09-24 12:00:00,9675.0,9576.660440429558,9602.181,9587.596821235435
2021-09-24 13:00:00,9597.0,9610.681680493519,9594.335,9603.67640884089
2021-09-24 14:00:00,9589.0,9633.742254172523,9635.552,9634.517767787784
2021-09-24 15:00:00,9600.0,9661.215060368113,9657.682,9659.700868471169
2021-09-24 16:00:00,9793.0,9785.823422850612,9815.753,9798.649240285155
2021-09-24 17:00:00,9686.0,9839.708160985792,9837.236,9838.648936974605
2021-09-24 18:00:00,9255.0,9339.793202158113,9301.929,9323.566682988385
2021-09-24 19:00:00,9092.0,9047.43838521417,9082.071,9062.279818953415
2021-09-24 20:00:00,8833.0,8833.395210329785,8885.614,8855.772777217466
2021-09-24 21:00:00,8418.0,8797.488071661757,8859.444,8824.03856335477
2021-09-24 22:00:00,8871.0,8748.03204045258,8752.375,8749.892952610735
2021-09-24 23:00:00,8850.5,8833.605392411395,8849.591,8840.45563271749
2021-09-25 00:00:00,8809.0,8820.785548207328,8796.973,8810.580733298222
2021-09-25 01:00:00,8772.5,8800.512240184851,8769.077,8787.040934794026
2021-09-25 02:00:00,8772.5,8717.507842735331,8741.702,8727.875761432384
2021-09-25 03:00:00,8255.0,8676.243559361681,8700.752,8686.746151260006
2021-09-25 04:00:00,8232.0,8241.608865230206,8256.942,8248.179626155865
2021-09-25 05:00:00,8481.0,8272.557402033231,8260.697,8267.47471196626
2021-09-25 06:00:00,8712.0,8651.031860877021,8653.79,8652.213833373506
2021-09-25 07:00:00,8874.0,8824.519856611141,8792.102,8810.627351396972
2021-09-25 08:00:00,8958.0,8932.92541179303,8923.89,8929.053228851644
2021-09-25 09:00:00,8868.0,8981.194095002673,8971.553,8977.062305901178
2021-09-25 10:00:00,8785.0,8850.505973625604,8828.129,8840.916430086
2021-09-25 11:00:00,8719.0,8782.18282451793,8772.299,8777.946960492009
2021-09-25 12:00:00,8760.0,8748.673893471658,8729.964,8740.655744189935
2021-09-25 13:00:00,8820.0,8852.066241705306,8839.972,8846.883261444002
2021-09-25 14:00:00,8992.0,8958.916404631449,8966.183,8962.030152489184
2021-09-25 15:00:00,9011.0,9117.665162857724,9132.247,9123.914046811122
2021-09-25 16:00:00,9337.0,9111.868386178048,9151.596,9128.892905215895
2021-09-25 17:00:00,9306.0,9448.869175567776,9425.532,9438.86835568001
2021-09-25 18:00:00,8811.0,9024.375947293416,9042.862,9032.297990363786
2021-09-25 19:00:00,8759.0,8704.895445752096,8767.061,8731.535426124776
2021-09-25 20:00:00,8592.0,8571.239095297224,8592.294,8580.261675510801
2021-09-25 21:00:00,8142.0,8173.204855190537,8193.393,8181.855842032913
2021-09-25 22:00:00,7814.0,7836.324810707209,7925.8774,7874.701345984189
2021-09-25 23:00:00,8418.0,7761.390962056454,7850.4707,7799.564699494321
2021-09-26 00:00:00,8383.0,8296.76703520522,8221.176,8264.373351082026
2021-09-26 01:00:00,7678.0,8178.569387153968,8180.1636,8179.252530202292
2021-09-26 02:00:00,7806.0,7738.118702780686,7782.969,7757.338698109199
2021-09-26 03:00:00,8042.0,7904.649824020507,7857.881,7884.607427778398
2021-09-26 04:00:00,8005.0,8013.269558158547,8027.0815,8019.188415503592
2021-09-26 05:00:00,8238.0,8041.072406582292,8084.1724,8059.542300963302
2021-09-26 06:00:00,8385.0,8361.854428700839,8358.069,8360.232230279635
2021-09-26 07:00:00,8470.0,8485.604982462683,8481.925,8484.027798180232
2021-09-26 08:00:00,8451.0,8549.28910980715,8553.8955,8551.262984838824
2021-09-26 09:00:00,8381.0,8480.987521591782,8500.693,8489.432057208005
2021-09-26 10:00:00,8243.0,8411.139034250955,8405.0205,8408.516938086748
2021-09-26 11:00:00,8168.0,8284.727488911522,8270.69,8278.711941456508
2021-09-26 12:00:00,8184.0,8224.547073205773,8228.149,8226.090814043564
2021-09-26 13:00:00,8222.0,8261.909601775822,8255.557,8259.187003353038
2021-09-26 14:00:00,8380.0,8382.578019550769,8368.079,8376.364554001264
2021-09-26 15:00:00,8516.0,8574.926545762013,8591.567,8582.05763906096
2021-09-26 16:00:00,8979.0,8745.791698328047,8709.003,8730.026253382584
2021-09-26 17:00:00,9007.0,8876.043813318962,8895.522,8884.390985099748
2021-09-26 18:00:00,8681.0,8825.545697912437,8790.675,8810.602253992896
2021-09-26 19:00:00,8762.0,8623.619228101361,8659.123,8638.833918423219
2021-09-26 20:00:00,8650.0,8572.142445733729,8590.23,8579.893629846329
2021-09-26 21:00:00,8294.0,8250.73023965901,8222.551,8238.65412036149
2021-09-26 22:00:00,8000.0,7919.724029028983,7895.8896,7909.510113759652
2021-09-26 23:00:00,7846.0,8056.905274415411,8089.1514,8070.723749798186
2021-09-27 00:00:00,7906.0,8125.127204169453,8073.0854,8102.825317646103
2021-09-27 01:00:00,8081.0,8000.604041875721,7957.251,7982.025488134225
2021-09-27 02:00:00,8394.0,8259.22273172062,8238.4375,8250.31537391215
2021-09-27 03:00:00,9226.0,8853.909692296047,8747.764,8808.422077482377
2021-09-27 04:00:00,9568.0,9495.237302006944,9533.779,9511.753736507844
2021-09-27 05:00:00,9805.0,9711.108982880347,9740.06,9723.515175083547
2021-09-27 06:00:00,9772.0,9859.41507582341,9846.961,9854.077709008434
2021-09-27 07:00:00,9609.0,9719.607987257446,9754.899,9734.731419715172
2021-09-27 08:00:00,9547.0,9553.131326513618,9562.331,9557.073646208592
2021-09-27 09:00:00,9446.0,9518.317197976698,9517.801,9518.095883529759
2021-09-27 10:00:00,9306.0,9371.448756531276,9385.174,9377.330256562786
2021-09-27 11:00:00,9194.0,9260.328692949679,9261.758,9260.941027631525
2021-09-27 12:00:00,9117.0,9178.965255675068,9156.04,9169.140848985306
2021-09-27 13:00:00,9148.0,9138.743062151436,9104.677,9124.144352640415
2021-09-27 14:00:00,9187.0,9189.865730338817,9190.545,9190.156691999135
2021-09-27 15:00:00,9151.0,9248.711539060287,9248.004,9248.408206821532
2021-09-27 16:00:00,9517.0,9378.222514581688,9352.964,9367.398232609285
2021-09-27 17:00:00,9635.0,9626.589248822449,9641.274,9632.882235725527
2021-09-27 18:00:00,9157.0,9273.443344846493,9277.689,9275.262963299734
2021-09-27 19:00:00,9070.0,8902.824786959722,8964.384,8929.20485187093
2021-09-27 20:00:00,8872.0,8826.483731729066,8883.7,8851.003052047003
2021-09-27 21:00:00,8592.0,8616.59386524544,8684.944,8645.884366479428
2021-09-27 22:00:00,8326.0,9061.620901972585,9171.484,9108.70125808019
2021-09-27 23:00:00,8251.0,9009.704832082101,9072.407,9036.574874183996
2021-09-28 00:00:00,8322.0,8635.639100127477,8711.053,8667.956497034978
2021-09-28 01:00:00,8436.0,8858.905301370232,8870.18,8863.736601845801
2021-09-28 02:00:00,8738.0,8714.516086564074,8715.027,8714.73517418349
2021-09-28 03:00:00,9289.0,8996.16262999657,8935.23,8970.050845574806
2021-09-28 04:00:00,9360.0,9562.20209967185,9640.468,9595.74163575129
2021-09-28 05:00:00,9486.0,9588.061290243328,9614.124,9599.230153284485
2021-09-28 06:00:00,9596.0,9570.812380100551,9597.615,9582.298326038443
2021-09-28 07:00:00,9587.0,9580.484301961309,9542.606,9564.252232853425
2021-09-28 08:00:00,9449.0,9543.462699677015,9538.679,9541.412393863571
2021-09-28 09:00:00,9268.0,9401.785946625865,9404.655,9403.015482079758
2021-09-28 10:00:00,9130.0,9241.76847344194,9226.439,9235.199288249592
2021-09-28 11:00:00,9021.0,9131.277894390241,9107.141,9120.93419096222
2021-09-28 12:00:00,8969.0,9010.470528620455,9006.063,9008.581777641073
2021-09-28 13:00:00,8998.0,8991.915425481946,8992.007,8991.954534342338
2021-09-28 14:00:00,9116.0,9056.576324258318,9083.504,9068.115585870473
2021-09-28 15:00:00,9213.0,9212.109056313553,9204.261,9208.745623433137
2021-09-28 16:00:00,9599.0,9397.358807910065,9398.683,9397.925964184022
2021-09-28 17:00:00,9595.0,9662.10754945621,9627.039,9647.079057350249
2021-09-28 18:00:00,9050.0,9257.246308854204,9256.214,9256.80382562544
2021-09-28 19:00:00,8903.0,8876.141528301818,8953.796,8909.419237741935
2021-09-28 20:00:00,8703.0,8737.01927951109,8795.922,8762.261184290403
2021-09-28 21:00:00,9035.5,8614.320837662171,8595.504,8606.2570453497
2021-09-28 22:00:00,9035.5,8918.618618754912,8931.526,8924.14988171214
2021-09-28 23:00:00,9035.5,8932.279450175774,8940.253,8935.69629248411
2021-09-29 00:00:00,9083.0,8993.870200833604,8916.8125,8960.847984028078
2021-09-29 01:00:00,9164.5,9118.168408686264,9108.678,9114.101291568324
2021-09-29 02:00:00,9223.5,9042.058657633954,8982.045,9016.340511498876
2021-09-29 03:00:00,8898.0,9108.051602996407,9113.965,9110.585532756293
2021-09-29 04:00:00,9234.0,9239.113686946657,9300.915,9265.59770237216
2021-09-29 05:00:00,9466.0,9453.465812177079,9543.147,9491.897508849652
2021-09-29 06:00:00,9596.0,9574.200875766419,9560.239,9568.217637326667
2021-09-29 07:00:00,9655.0,9584.68178963073,9572.611,9579.508853433414
2021-09-29 08:00:00,9586.0,9613.062096540552,9588.453,9602.516221590247
2021-09-29 09:00:00,9502.0,9500.927097363381,9524.922,9511.20959180559
2021-09-29 10:00:00,9435.0,9423.94626900061,9419.568,9422.070163591037
2021-09-29 11:00:00,9350.0,9340.202452569236,9322.916,9332.794451089401
2021-09-29 12:00:00,9342.0,9274.545278481732,9222.296,9252.154396751786
2021-09-29 13:00:00,9385.0,9278.463914588501,9220.146,9253.47261114536
2021-09-29 14:00:00,9429.0,9399.181801799088,9397.929,9398.644740357442
2021-09-29 15:00:00,9442.0,9447.717559232577,9443.84,9446.055708119484
2021-09-29 16:00:00,9839.0,9625.008786175962,9631.947,9627.981988912456
2021-09-29 17:00:00,9671.0,9853.203754430577,9829.923,9843.226896859414
2021-09-29 18:00:00,9113.0,9315.06612281465,9277.77,9299.083035702173
2021-09-29 19:00:00,8968.0,8946.039692197597,8968.616,8955.71455183502
2021-09-29 20:00:00,8716.0,8759.298352577865,8731.056,8747.195250909122
2021-09-29 21:00:00,9346.0,8995.144806024258,8975.732,8986.825885916796
2021-09-29 22:00:00,9346.0,9262.43742330697,9234.566,9250.493501884557
2021-09-29 23:00:00,9346.0,9282.83767589139,9224.693,9257.920541820782
2021-09-30 00:00:00,9363.5,9306.982199254537,9243.452,9279.757070722411
2021-09-30 01:00:00,9407.0,9326.455561970886,9274.559,9304.215706353487
2021-09-30 02:00:00,9431.5,9252.996027393903,9253.144,9253.059027515621
2021-09-30 03:00:00,8874.0,9250.178282191046,9269.767,9258.572568660096
2021-09-30 04:00:00,9201.0,9234.632509545172,9272.183,9250.723885378568
2021-09-30 05:00:00,9434.0,9495.634431459086,9507.84,9500.864714643616
2021-09-30 06:00:00,9527.0,9579.014181305685,9594.448,9585.62793307064
2021-09-30 07:00:00,9572.0,9583.003674700853,9564.812,9575.207587074228
2021-09-30 08:00:00,9742.0,9567.32453050544,9551.736,9560.644259103969
2021-09-30 09:00:00,9671.0,9685.46649702884,9682.1,9684.023543233612
2021-09-30 10:00:00,9644.0,9564.583243344228,9558.553,9561.998856499373
2021-09-30 11:00:00,9602.0,9514.043382688067,9511.273,9512.856191386734
2021-09-30 12:00:00,9536.0,9491.390711557126,9487.642,9489.784066614624
2021-09-30 13:00:00,9474.0,9488.954713185403,9467.742,9479.864150759275
2021-09-30 14:00:00,9564.0,9516.985897376338,9516.824,9516.916392838364
2021-09-30 15:00:00,9568.0,9616.906913230609,9600.452,9609.855483313497
2021-09-30 16:00:00,9917.0,9725.216440783173,9721.047,9723.429609496085
2021-09-30 17:00:00,9752.0,9888.764946631773,9895.588,9891.68846381855
2021-09-30 18:00:00,9227.0,9424.735041450946,9397.191,9412.931562680154
2021-09-30 19:00:00,9114.0,8981.45731937246,9013.923,8995.36995554751
2021-09-30 20:00:00,8882.0,8854.862078611839,8853.776,8854.39675129206
2021-09-30 21:00:00,9507.5,9087.65619107581,9132.106,9106.704716113349
2021-09-30 22:00:00,9507.5,9425.401222951885,9443.571,9433.187749282937
2021-09-30 23:00:00,9507.5,9446.298968941583,9446.246,9446.276285739714
2021-10-01 00:00:00,9507.5,9509.936048585485,9510.644,9510.23922503295
2021-10-01 01:00:00,9497.0,9509.695440292506,9513.953,9511.519939099075
2021-10-01 02:00:00,9522.5,9460.32207112535,9471.084,9464.933773714896
2021-10-01 03:00:00,9052.0,9343.49230936211,9314.189,9330.934737625445
2021-10-01 04:00:00,9479.0,9391.764292224296,9393.29,9392.418112414893
2021-10-01 05:00:00,9605.0,9638.171766826801,9625.396,9632.697021208642
2021-10-01 06:00:00,9808.0,9681.546658928357,9685.364,9683.18242514779
2021-10-01 07:00:00,9775.0,9811.63621028601,9794.157,9804.145908094857
2021-10-01 08:00:00,9745.0,9764.436063218935,9733.07,9750.994530616368
2021-10-01 09:00:00,9763.0,9752.903875505719,9718.662,9738.229991425735
2021-10-01 10:00:00,9640.0,9710.507960434099,9677.657,9696.43001355585
2021-10-01 11:00:00,9548.0,9589.329974715662,9562.483,9577.825277168346
2021-10-01 12:00:00,9515.0,9529.506933695857,9493.492,9514.0731712175
2021-10-01 13:00:00,9530.0,9558.147981065704,9504.914,9535.335255885364
2021-10-01 14:00:00,9502.0,9660.111598673187,9619.167,9642.565397726488
2021-10-01 15:00:00,9487.0,9664.11068776814,9649.621,9657.901023602206
2021-10-01 16:00:00,9790.0,9708.22519903617,9721.972,9714.115733423276
2021-10-01 17:00:00,9602.0,9797.72326623232,9784.029,9791.854838252133
2021-10-01 18:00:00,9122.0,9278.395778171589,9240.094,9261.98176938247
2021-10-01 19:00:00,8993.0,8995.147656285324,9072.907,9028.470337002198
2021-10-01 20:00:00,8725.0,8768.136499281121,8757.547,8763.598467017815
2021-10-01 21:00:00,8225.0,8724.023968312813,8674.01,8702.590943552987
2021-10-01 22:00:00,8645.0,8569.204828482849,8685.419,8619.006637256996
2021-10-01 23:00:00,8628.5,8829.19920711223,8787.739,8811.432044009834
2021-10-02 00:00:00,8589.0,8697.919076885504,8709.968,8703.082378310315
2021-10-02 01:00:00,8573.5,8681.19542953523,8699.853,8689.190465600388
2021-10-02 02:00:00,8573.5,8622.614318258855,8650.896,8634.734258639146
2021-10-02 03:00:00,8104.0,8460.652518165873,8475.147,8466.864082119147
2021-10-02 04:00:00,8148.0,8178.34813486065,8162.9604,8171.7537781693445
2021-10-02 05:00:00,8286.0,8284.248563150255,8279.528,8282.225606445514
2021-10-02 06:00:00,8493.0,8513.343849854242,8514.614,8513.888089574059
2021-10-02 07:00:00,8630.0,8670.401026578113,8649.391,8661.397103915226
2021-10-02 08:00:00,8660.0,8756.360765836575,8734.625,8747.046068723652
2021-10-02 09:00:00,8627.0,8723.286790116996,8686.122,8707.360347049493
2021-10-02 10:00:00,8551.0,8675.471031134233,8633.694,8657.568107414772
2021-10-02 11:00:00,8509.0,8626.550260296983,8603.04,8616.475204535347
2021-10-02 12:00:00,8596.0,8598.306408444554,8587.333,8593.603676772766
2021-10-02 13:00:00,8664.0,8729.648175962524,8695.188,8714.880899910459
2021-10-02 14:00:00,8822.0,8829.448841690359,8818.063,8824.569574072488
2021-10-02 15:00:00,9003.0,9034.690847751004,9042.053,9037.845654250043
2021-10-02 16:00:00,8530.0,9118.285915124923,9169.054,9140.04173320867
2021-10-02 17:00:00,9222.0,8792.811967868181,8733.649,8767.45862650693
2021-10-02 18:00:00,8786.0,8911.884770064411,8883.546,8899.740454590208
2021-10-02 19:00:00,8702.0,8679.251300769754,8721.927,8697.539184032978
2021-10-02 20:00:00,8500.0,8536.474986565801,8488.978,8516.120602787032
2021-10-02 21:00:00,8097.0,8036.373030452868,8029.328,8033.35384998438
2021-10-02 22:00:00,7796.0,7748.75014189278,7813.9497,7776.690543255406
2021-10-02 23:00:00,7640.0,7840.984630705028,7823.809,7833.624272161204
2021-10-03 00:00:00,7619.0,7644.367257279632,7721.511,7677.426267624787
2021-10-03 01:00:00,7655.0,7613.295630702251,7639.867,7624.682422549121
2021-10-03 02:00:00,7676.0,7709.001837173866,7783.9814,7741.133314032252
2021-10-03 03:00:00,7879.0,7787.32000154102,7896.033,7833.907586247358
2021-10-03 04:00:00,7850.0,7967.406042471101,8005.178,7983.592621936552
2021-10-03 05:00:00,7988.0,7991.488711680359,8004.985,7997.272221424076
2021-10-03 06:00:00,8226.0,8162.540328109995,8203.735,8180.193828559325
2021-10-03 07:00:00,8299.0,8325.87799651219,8381.698,8349.79899388042
2021-10-03 08:00:00,8371.0,8384.665743922864,8417.866,8398.893305353333
2021-10-03 09:00:00,8347.0,8381.491884708663,8470.898,8419.805879449432
2021-10-03 10:00:00,8242.0,8311.74331268099,8381.148,8341.48594420664
2021-10-03 11:00:00,8147.0,8251.423331681479,8309.501,8276.311671669559
2021-10-03 12:00:00,8171.0,8183.258336183422,8247.064,8210.601526381839
2021-10-03 13:00:00,8257.0,8256.87922405792,8314.441,8281.54670178039
2021-10-03 14:00:00,8319.0,8405.959263984198,8461.621,8429.812260239329
2021-10-03 15:00:00,8628.0,8494.109808133677,8584.176,8532.70635384305
2021-10-03 16:00:00,8249.5,8753.35013577229,8747.337,8750.773113705109
2021-10-03 17:00:00,8278.0,8474.136033352757,8435.884,8457.743489331442
2021-10-03 18:00:00,8411.0,8426.818605839451,8440.297,8432.594426312122
2021-10-03 19:00:00,8476.0,8506.948782155969,8609.32,8550.818747752593
2021-10-03 20:00:00,8342.0,8497.460217707503,8512.528,8503.917376887493
2021-10-03 21:00:00,7983.0,8066.034513086291,8125.7666,8091.631693208167
2021-10-03 22:00:00,7684.0,7825.501814306405,7874.2383,7846.387005521636
2021-10-03 23:00:00,8443.5,7741.392564581058,7849.2075,7787.5950882336465
2021-10-04 00:00:00,8552.0,8405.486055227573,8432.821,8417.200041896414
2021-10-04 01:00:00,8672.0,8505.460925476062,8472.473,8491.324205059831
2021-10-04 02:00:00,7957.0,8610.222350741833,8588.177,8600.775017648943
2021-10-04 03:00:00,8716.0,8655.706812256503,8631.562,8645.359517908912
2021-10-04 04:00:00,9204.0,9211.877761072315,9221.349,9215.93620058276
2021-10-04 05:00:00,9285.0,9480.573991628991,9570.705,9519.198166441882
2021-10-04 06:00:00,9406.0,9495.008263087271,9497.774,9496.19364993758
2021-10-04 07:00:00,9387.0,9442.111057656683,9432.179,9437.854483415766
2021-10-04 08:00:00,9394.0,9423.480024067612,9419.057,9421.584239271324
2021-10-04 09:00:00,9319.0,9401.809250107694,9395.806,9399.236318697127
2021-10-04 10:00:00,9295.0,9278.662281626237,9261.732,9271.40701556192
2021-10-04 11:00:00,9172.0,9241.913501839634,9230.793,9237.14788932186
2021-10-04 12:00:00,9099.0,9150.98370873555,9138.107,9145.465605589388
2021-10-04 13:00:00,9019.0,9144.647463562227,9120.716,9134.391792748407
2021-10-04 14:00:00,9019.0,9076.53947933968,9114.163,9092.662469503475
2021-10-04 15:00:00,9219.0,9121.955896851892,9133.644,9126.964432765151
2021-10-04 16:00:00,9646.0,9376.800576681433,9366.673,9372.46040305284
2021-10-04 17:00:00,9454.0,9654.343850092258,9666.741,9659.65654775122
2021-10-04 18:00:00,8980.0,9142.635543244609,9120.789,9133.273303995686
2021-10-04 19:00:00,8877.0,8772.064602883009,8849.984,8805.456027284872
2021-10-04 20:00:00,8630.0,8653.300561855895,8710.648,8677.876035522955
2021-10-04 21:00:00,9059.0,8607.948395722851,8695.034,8645.267771992432
2021-10-04 22:00:00,9059.0,9056.926935150304,9071.744,9063.276640509623
2021-10-04 23:00:00,9059.0,9016.204989201107,9047.306,9029.532639899975
2021-10-05 00:00:00,9059.0,9011.096034706236,8990.793,9002.39528614053
2021-10-05 01:00:00,9119.0,9018.943652122209,9010.744,9015.429716675613
2021-10-05 02:00:00,9233.0,9061.371442019637,8992.069,9031.672958668805
2021-10-05 03:00:00,8776.0,9037.067111310938,9028.324,9033.320301036401
2021-10-05 04:00:00,9247.0,9266.780959545327,9246.248,9257.981777230425
2021-10-05 05:00:00,9269.0,9457.91833393703,9490.109,9471.713202147064
2021-10-05 06:00:00,9404.0,9390.389590558168,9418.317,9402.35761843258
2021-10-05 07:00:00,9390.0,9406.659498477296,9392.421,9400.557618493323
2021-10-05 08:00:00,9525.0,9403.107187241767,9386.056,9395.799819561718
2021-10-05 09:00:00,9520.0,9467.83590816108,9456.229,9462.861689506688
2021-10-05 10:00:00,9411.0,9424.141364539346,9432.527,9427.734876200147
2021-10-05 11:00:00,9365.0,9316.754759088662,9310.355,9314.012384936574
2021-10-05 12:00:00,9333.0,9288.111165668099,9325.1455,9303.981511309627
2021-10-05 13:00:00,9327.0,9272.453951068293,9251.556,9263.49809811234
2021-10-05 14:00:00,9428.0,9351.22803460247,9327.964,9341.258253225202
2021-10-05 15:00:00,9578.0,9475.5262808879,9465.055,9471.038682337743
2021-10-05 16:00:00,9863.0,9689.35509213028,9671.522,9681.713018027598
2021-10-05 17:00:00,9650.0,9827.808913297318,9800.709,9816.195632549487
2021-10-05 18:00:00,9092.0,9288.467901581495,9274.656,9282.548898205365
2021-10-05 19:00:00,9015.0,8898.287533485533,8954.368,8922.31998554994
2021-10-05 20:00:00,8688.0,8775.535450396454,8754.258,8766.41702854319
2021-10-05 21:00:00,9240.0,9092.714686164947,9070.744,9083.299318155425
2021-10-05 22:00:00,9240.0,9214.186524214203,9205.648,9210.527546790654
2021-10-05 23:00:00,9206.0,9219.828847174014,9176.472,9201.248509681052
2021-10-06 00:00:00,9185.5,9167.418613505317,9172.111,9169.429573039815
2021-10-06 01:00:00,9159.5,9220.520884412801,9211.1,9216.483339078264
2021-10-06 02:00:00,9159.5,9163.679371092525,9188.154,9174.167732991948
2021-10-06 03:00:00,8797.0,8893.392670909048,8835.395,8868.538131775249
2021-10-06 04:00:00,9226.0,9222.911774067112,9206.307,9215.795689844843
2021-10-06 05:00:00,9186.0,9428.081483728061,9456.536,9440.2753283255
2021-10-06 06:00:00,9254.0,9377.34958632029,9387.071,9381.515597026031
2021-10-06 07:00:00,9300.0,9383.150360730597,9361.095,9373.698691146605
2021-10-06 08:00:00,9283.0,9438.853500994512,9418.078,9429.950428658569
2021-10-06 09:00:00,9273.0,9412.923402366525,9383.032,9400.11377258137
2021-10-06 10:00:00,9185.0,9313.880151303605,9291.444,9304.26540385479
2021-10-06 11:00:00,9134.0,9205.033002498376,9192.523,9199.672132760119
2021-10-06 12:00:00,9122.0,9188.110407454024,9151.581,9172.456079512933
2021-10-06 13:00:00,9192.0,9234.595517372527,9192.302,9216.47105625402
2021-10-06 14:00:00,9253.0,9345.362807167065,9352.095,9348.247555077714
2021-10-06 15:00:00,9394.0,9480.508011018888,9469.093,9475.616027346725
2021-10-06 16:00:00,9159.5,9630.704593439477,9673.324,9648.968379404218
2021-10-06 17:00:00,9526.0,9427.4984508242,9407.297,9418.841316302836
2021-10-06 18:00:00,8962.0,9236.35938433571,9222.315,9230.340858008625
2021-10-06 19:00:00,8845.0,8840.654505925084,8912.96,8871.639948698317
2021-10-06 20:00:00,8515.0,8662.902938082756,8667.935,8665.058998384167
2021-10-06 21:00:00,9062.5,9086.175084877761,9013.675,9055.105876776783
2021-10-06 22:00:00,9062.5,9118.450115971516,9150.028,9131.982491804954
2021-10-06 23:00:00,9062.5,9114.499342433963,9138.67,9124.8570936877
2021-10-07 00:00:00,9062.5,9132.0387015194,9147.324,9138.588935066697
2021-10-07 01:00:00,9077.0,9140.217902482824,9152.34,9145.41246282624
2021-10-07 02:00:00,9077.0,9167.181407752278,9144.437,9157.43439950161
2021-10-07 03:00:00,8532.0,8867.943893939984,8863.944,8866.22970722053
2021-10-07 04:00:00,8872.0,9036.36247393644,9005.963,9023.33510706075
2021-10-07 05:00:00,9003.0,9183.127890708949,9209.556,9194.452992014069
2021-10-07 06:00:00,9295.0,9190.478115293094,9198.954,9194.110163190142
2021-10-07 07:00:00,9338.0,9363.189098912615,9350.673,9357.825252725514
2021-10-07 08:00:00,9378.0,9376.115070315172,9359.668,9369.066708153763
2021-10-07 09:00:00,9367.0,9384.338308590555,9375.335,9380.479854748737
2021-10-07 10:00:00,9346.0,9325.562685184757,9324.707,9325.19593849731
2021-10-07 11:00:00,9259.0,9295.91462919186,9288.74,9292.84007474731
2021-10-07 12:00:00,9151.0,9268.036809334297,9251.274,9260.853502109829
2021-10-07 13:00:00,9273.0,9202.807474941332,9172.271,9189.721614358292
2021-10-07 14:00:00,9329.0,9362.114576700422,9367.119,9364.259054209988
2021-10-07 15:00:00,9444.0,9439.769394442937,9446.211,9442.529736412758
2021-10-07 16:00:00,9653.0,9539.739015411653,9554.37,9546.008809961346
2021-10-07 17:00:00,9446.0,9667.587983119029,9664.05,9666.071764250899
2021-10-07 18:00:00,8936.0,9154.284428614437,9134.55,9145.827187871733
2021-10-07 19:00:00,8768.0,8817.463390958364,8852.953,8832.671988234884
2021-10-07 20:00:00,8596.0,8713.406253748106,8606.974,8667.795769607797
2021-10-07 21:00:00,9266.0,8949.077157420548,8913.443,8933.806553101107
2021-10-07 22:00:00,9266.0,9226.008792937628,9225.359,9225.730317588703
2021-10-07 23:00:00,9266.0,9238.599495851764,9229.159,9234.553860999355
2021-10-08 00:00:00,9297.5,9272.159656421201,9284.761,9277.559655831445
2021-10-08 01:00:00,9325.5,9299.731598769844,9337.871,9316.075776381842
2021-10-08 02:00:00,9325.5,9287.727912416723,9302.815,9294.193404320471
2021-10-08 03:00:00,8875.0,9056.443507360846,9048.369,9052.983289395079
2021-10-08 04:00:00,9322.0,9190.181804776763,9189.591,9189.928381413829
2021-10-08 05:00:00,9344.0,9514.98069880378,9519.308,9516.834704301062
2021-10-08 06:00:00,9387.0,9498.005805774686,9491.514,9495.223530296587
2021-10-08 07:00:00,9454.0,9455.03302272626,9434.485,9446.227438433993
2021-10-08 08:00:00,9494.0,9490.892937346662,9459.326,9477.365329546072
2021-10-08 09:00:00,9516.0,9506.348523207549,9448.505,9481.560179462193
2021-10-08 10:00:00,9426.0,9466.89328646996,9455.487,9462.005388791014
2021-10-08 11:00:00,9369.0,9380.607249202229,9370.214,9376.153110921434
2021-10-08 12:00:00,9330.0,9343.889991343705,9351.724,9347.246959245933
2021-10-08 13:00:00,9269.0,9354.215039110179,9341.633,9348.822882884959
2021-10-08 14:00:00,9303.0,9390.854946808648,9388.7705,9389.961687246543
2021-10-08 15:00:00,9469.0,9448.65648776975,9482.841,9463.305650286102
2021-10-08 16:00:00,9691.0,9633.264218320117,9656.61,9643.269001873978
2021-10-08 17:00:00,9452.0,9669.655924636221,9682.16,9675.014259254282
2021-10-08 18:00:00,8975.0,9143.561219640167,9103.564,9126.420946486378
2021-10-08 19:00:00,8869.0,8789.348835588258,8797.924,8793.023518596914
2021-10-08 20:00:00,8604.0,8579.858367870791,8613.288,8594.184100182432
2021-10-08 21:00:00,8134.0,8508.142160817775,8537.292,8520.633776577768
2021-10-08 22:00:00,8567.0,8472.90925078158,8487.835,8479.305367489596
2021-10-08 23:00:00,8556.0,8676.077873118536,8669.33,8673.186135610888
2021-10-09 00:00:00,8537.0,8562.104683973137,8578.32,8569.05365697839
2021-10-09 01:00:00,8537.0,8542.617257432817,8528.765,8536.68073438716
2021-10-09 02:00:00,8537.0,8512.543237480342,8487.916,8501.989406824268
2021-10-09 03:00:00,8537.0,8392.429348756972,8321.907,8362.207850775769
2021-10-09 04:00:00,8077.0,8463.607550237986,8398.21,8435.58207156268
2021-10-09 05:00:00,8122.0,8173.7350764151115,8167.776,8171.181304975049
2021-10-09 06:00:00,8300.0,8368.091088055948,8397.613,8380.742297536437
2021-10-09 07:00:00,8464.0,8477.58666931107,8447.686,8464.772774410845
2021-10-09 08:00:00,8540.0,8618.506313566324,8603.257,8611.97115711465
2021-10-09 09:00:00,8594.0,8604.723232158298,8591.199,8598.92763886002
2021-10-09 10:00:00,8572.0,8621.994267296654,8598.544,8611.944863636712
2021-10-09 11:00:00,8534.0,8582.560912296227,8556.977,8571.596913514162
2021-10-09 12:00:00,8591.0,8582.62575636676,8558.67,8572.359799602968
2021-10-09 13:00:00,8609.0,8698.71070398275,8678.788,8690.172947788058
2021-10-09 14:00:00,8784.0,8777.81916705174,8763.36,8771.622967851596
2021-10-09 15:00:00,9165.0,8983.951670364382,9003.745,8992.433813490621
2021-10-09 16:00:00,9354.0,9226.623848400512,9203.513,9216.719738705668
2021-10-09 17:00:00,9067.0,9348.849859115777,9343.862,9346.71244548337
2021-10-09 18:00:00,8604.0,8843.429775238046,8822.621,8834.512290388915
2021-10-09 19:00:00,8599.0,8598.238781560522,8586.539,8593.224942595498
2021-10-09 20:00:00,8401.0,8473.352083978762,8432.676,8455.92073512563
2021-10-09 21:00:00,7957.0,8016.402865868651,7982.882,8002.037823958548
2021-10-09 22:00:00,7640.0,7781.322529213171,7785.7305,7783.211451707518
2021-10-09 23:00:00,7489.0,7674.956135712903,7600.1597,7642.903028884577
2021-10-10 00:00:00,7415.0,7508.103519321511,7447.932,7482.317764014565
2021-10-10 01:00:00,7381.0,7520.404468459653,7428.055,7480.829239382668
2021-10-10 02:00:00,7440.0,7515.2004646392,7539.2495,7525.506220759634
2021-10-10 03:00:00,7629.0,7590.609814345527,7553.796,7574.833543994785
2021-10-10 04:00:00,7769.0,7777.202663947982,7775.883,7776.636884800271
2021-10-10 05:00:00,7862.0,7874.840186387096,7880.717,7877.358444790554
2021-10-10 06:00:00,8058.0,8047.578917383911,8035.7505,8042.509801091746
2021-10-10 07:00:00,8304.0,8212.345042106967,8207.372,8210.213747570351
2021-10-10 08:00:00,8427.0,8372.061236131494,8390.291,8379.873152257973
2021-10-10 09:00:00,8538.0,8434.131676237263,8448.546,8440.308490231888
2021-10-10 10:00:00,8506.0,8439.08751402887,8446.972,8442.466009420634
2021-10-10 11:00:00,8469.0,8389.089071420814,8390.106,8389.524834730822
2021-10-10 12:00:00,8534.0,8409.901574325124,8422.332,8415.228476246644
2021-10-10 13:00:00,8545.0,8519.700277134316,8523.104,8521.158494343406
2021-10-10 14:00:00,8668.0,8614.402796694072,8629.992,8621.083422949401
2021-10-10 15:00:00,8992.0,8765.91733325559,8781.781,8772.715548841934
2021-10-10 16:00:00,9259.0,9037.217564510078,8996.752,9019.876494371449
2021-10-10 17:00:00,9012.0,9107.981916607156,9082.366,9097.004449772245
2021-10-10 18:00:00,8572.0,8748.098864655249,8713.117,8733.107898006887
2021-10-10 19:00:00,8560.0,8481.311432622251,8559.227,8514.700900729475
2021-10-10 20:00:00,8369.0,8481.031148459271,8514.475,8495.362750083208
2021-10-10 21:00:00,8016.0,8030.886142628521,8108.7295,8064.24466179812
2021-10-10 22:00:00,8566.0,7742.768989145312,7730.4663,7737.496654679744
2021-10-10 23:00:00,8620.0,8500.631918113344,8548.72,8521.239164814633
2021-10-11 00:00:00,8686.0,8691.44550915437,8741.759,8713.006506674123
2021-10-11 01:00:00,8848.0,8765.041521158919,8797.666,8779.022183221226
2021-10-11 02:00:00,9002.0,8780.111096441206,8789.838,8784.279157077328
2021-10-11 03:00:00,8704.0,9068.098260409894,9008.187,9042.423827216082
2021-10-11 04:00:00,9276.0,9185.914320727114,9160.965,9175.222336638806
2021-10-11 05:00:00,9425.0,9498.271497570804,9532.0205,9512.734006002298
2021-10-11 06:00:00,9467.0,9506.931760208297,9482.218,9496.340743665625
2021-10-11 07:00:00,9448.0,9444.846022078485,9406.229,9428.296809915802
2021-10-11 08:00:00,9456.0,9418.683845980424,9403.247,9412.06849686373
2021-10-11 09:00:00,9451.0,9425.829810392128,9393.598,9412.01714395954
2021-10-11 10:00:00,9429.0,9376.701739900973,9338.573,9360.36217340692
2021-10-11 11:00:00,9303.0,9340.312192801974,9328.576,9335.282700721338
2021-10-11 12:00:00,9298.0,9234.815632082413,9211.693,9224.906658199714
2021-10-11 13:00:00,9238.0,9233.935072136974,9220.286,9228.085823498002
2021-10-11 14:00:00,9179.0,9233.81900756219,9275.671,9251.75387184566
2021-10-11 15:00:00,9309.0,9302.264119316482,9328.711,9313.597481983341
2021-10-11 16:00:00,9579.0,9509.539108459367,9528.013,9517.455503527566
2021-10-11 17:00:00,9473.0,9605.576930641868,9615.588,9609.866653193505
2021-10-11 18:00:00,8975.0,9146.516503791483,9102.617,9127.70402139019
2021-10-11 19:00:00,8878.0,8715.275629283151,8789.771,8747.199742598928
2021-10-11 20:00:00,8896.0,8612.473925545932,8710.43,8654.451358598195
2021-10-11 21:00:00,9235.5,8956.258955507457,8900.418,8932.328900485742
2021-10-11 22:00:00,9235.5,9198.35478564289,9215.454,9205.682436646897
2021-10-11 23:00:00,9235.5,9171.300190703767,9204.88,9185.690232671852
2021-10-12 00:00:00,9235.5,9126.83087107843,9138.928,9132.01470623273
2021-10-12 01:00:00,9233.5,9150.983031303067,9189.021,9167.283821977167
2021-10-12 02:00:00,9233.5,9122.470544608615,9181.744,9147.871328072211
2021-10-12 03:00:00,9115.0,8921.798627407408,8947.66,8932.881202654107
2021-10-12 04:00:00,9330.0,9350.935310582134,9315.006,9335.537993656204
2021-10-12 05:00:00,9233.0,9481.068245654504,9499.596,9489.007714119325
2021-10-12 06:00:00,9459.0,9356.922884339316,9439.758,9392.420610197427
2021-10-12 07:00:00,9433.0,9452.654021643506,9436.267,9445.631354206758
2021-10-12 08:00:00,9508.0,9468.176630695578,9441.571,9456.775149952427
2021-10-12 09:00:00,9480.0,9500.344384481781,9503.09,9501.520879851423
2021-10-12 10:00:00,9377.0,9412.91210725319,9395.026,9405.247210416033
2021-10-12 11:00:00,9264.0,9344.964802935701,9327.714,9337.572112193915
2021-10-12 12:00:00,9234.0,9257.129191000273,9232.2,9246.446125578279
2021-10-12 13:00:00,9342.0,9224.615875841886,9248.901,9235.022939546332
2021-10-12 14:00:00,9396.0,9402.836955701321,9399.473,9401.395147995943
2021-10-12 15:00:00,9675.0,9492.984781619201,9491.706,9492.436718473433
2021-10-12 16:00:00,9914.0,9804.30615384907,9772.895,9790.845232979154
2021-10-12 17:00:00,9769.0,9863.724217012616,9866.83,9865.054873765686
2021-10-12 18:00:00,9239.0,9366.394915517201,9360.281,9363.774935247853
2021-10-12 19:00:00,9165.0,8964.000575995762,8968.289,8965.838158050596
2021-10-12 20:00:00,8921.0,8880.774788117926,8887.093,8883.482259185663
2021-10-12 21:00:00,8480.0,9076.445022445763,9060.095,9069.438324833503
2021-10-12 22:00:00,9303.0,9188.803221336027,9160.154,9176.526069530166
2021-10-12 23:00:00,9303.0,9287.939703510481,9286.954,9287.517316030742
2021-10-13 00:00:00,9369.0,9282.938102426906,9293.937,9287.65127175035
2021-10-13 01:00:00,9394.5,9332.10924998744,9363.894,9345.729785051193
2021-10-13 02:00:00,8456.0,9293.35365659248,9308.065,9299.658066871289
2021-10-13 03:00:00,9176.0,8913.531955703837,8792.248,8861.557249118028
2021-10-13 04:00:00,9650.0,9416.640334768616,9440.044,9426.66950390047
2021-10-13 05:00:00,9724.0,9684.96653670585,9662.968,9675.53910375684
2021-10-13 06:00:00,9752.0,9769.133223479821,9771.249,9770.03962546385
2021-10-13 07:00:00,9784.0,9701.60711395281,9709.48,9704.981201196082
2021-10-13 08:00:00,9742.0,9704.773819884618,9712.817,9708.220545120537
2021-10-13 09:00:00,9642.0,9688.288200943378,9691.951,9689.857723332205
2021-10-13 10:00:00,9510.0,9531.59156873955,9525.29,9528.890928615943
2021-10-13 11:00:00,9432.0,9433.86693700917,9440.085,9436.531454091415
2021-10-13 12:00:00,9393.0,9375.333041757021,9381.802,9378.104914905087
2021-10-13 13:00:00,9370.0,9386.339281686876,9361.0,9375.4802711593
2021-10-13 14:00:00,9443.0,9444.023223158805,9447.408,9445.473583133553
2021-10-13 15:00:00,9790.0,9605.069419949601,9629.017,9615.331512238557
2021-10-13 16:00:00,10139.0,9908.983285041155,9898.386,9904.441722249605
2021-10-13 17:00:00,10010.0,10035.698649310578,10026.254,10031.651297298862
2021-10-13 18:00:00,9478.0,9594.51028378494,9613.821,9602.785634015416
2021-10-13 19:00:00,9360.0,9122.566187232183,9176.178,9145.540486280739
2021-10-13 20:00:00,9187.0,9010.522354654227,9005.47,9008.356999789423
2021-10-13 21:00:00,8803.0,9006.526632350842,8949.981,8982.29478228674
2021-10-13 22:00:00,9460.5,9231.146289084983,9314.413,9266.829050216264
2021-10-13 23:00:00,9460.5,9448.650425313497,9375.565,9417.330750267583
2021-10-14 00:00:00,9509.5,9434.104612987812,9382.483,9411.982951033828
2021-10-14 01:00:00,9646.5,9480.051017316484,9450.908,9467.562147578868
2021-10-14 02:00:00,9764.0,9447.400804404195,9399.965,9427.07269238658
2021-10-14 03:00:00,9541.0,9493.607303986404,9538.275,9512.749010168282
2021-10-14 04:00:00,10022.0,9685.695109086133,9682.243,9684.215710086413
2021-10-14 05:00:00,10104.0,10024.705500991051,10043.466,10032.7450923422
2021-10-14 06:00:00,10156.0,10096.546787094538,10082.02,10090.321239744933
2021-10-14 07:00:00,10053.0,10033.709275716952,10033.395,10033.57450176663
2021-10-14 08:00:00,9962.0,9968.712307801663,9979.297,9973.248010365971
2021-10-14 09:00:00,9877.0,9899.802374524059,9932.129,9913.655129178813
2021-10-14 10:00:00,9825.0,9789.676113035866,9788.57,9789.201985797456
2021-10-14 11:00:00,9752.0,9747.241264529877,9728.556,9739.233762802447
2021-10-14 12:00:00,9776.0,9688.27386670572,9674.039,9682.173750590533
2021-10-14 13:00:00,9816.0,9767.130848958668,9736.768,9754.11897459659
2021-10-14 14:00:00,9874.0,9906.709349584415,9885.266,9897.519692850325
2021-10-14 15:00:00,10140.0,9993.791708182122,10015.974,10003.297254029676
2021-10-14 16:00:00,10322.0,10251.361075034658,10223.595,10239.461855394882
2021-10-14 17:00:00,10125.0,10274.551214457319,10257.709,10267.333799386248
2021-10-14 18:00:00,9667.0,9804.107633958734,9773.542,9791.009129884813
2021-10-14 19:00:00,9555.0,9376.298371978935,9376.526,9376.396067714157
2021-10-14 20:00:00,9264.0,9288.299288420196,9307.107,9296.359036101625
2021-10-14 21:00:00,9796.0,9144.977745560036,9042.689,9101.143280950553
2021-10-14 22:00:00,9796.0,9666.69197427771,9661.474,9664.455724118054
2021-10-14 23:00:00,9796.0,9713.11490171888,9693.409,9704.67027327334
2021-10-15 00:00:00,9800.0,9762.326271732582,9740.653,9753.038373795078
2021-10-15 01:00:00,9801.5,9768.113807079088,9754.368,9762.223179619465
2021-10-15 02:00:00,9785.5,9703.502717813,9698.554,9701.381852167258
2021-10-15 03:00:00,9403.0,9602.2040904316,9700.627,9644.381581393354
2021-10-15 04:00:00,9959.0,9806.444760028766,9761.516,9787.190903217035
2021-10-15 05:00:00,9994.0,10132.573428870654,10111.44,10123.517055802655
2021-10-15 06:00:00,10014.0,10174.538228757157,10151.23,10164.54967104485
2021-10-15 07:00:00,10065.0,10032.760283509877,10020.149,10027.355917956356
2021-10-15 08:00:00,10081.0,10057.54240375279,10054.333,10056.16691753762
2021-10-15 09:00:00,10044.0,10050.270978429468,10047.136,10048.927091705338
2021-10-15 10:00:00,9897.0,9948.164757804992,9949.397,9948.692850042538
2021-10-15 11:00:00,9784.0,9848.325002327547,9844.599,9846.727931270703
2021-10-15 12:00:00,9787.0,9753.674039219426,9765.25,9758.634467241118
2021-10-15 13:00:00,9773.0,9813.205531777221,9805.993,9810.114495177106
2021-10-15 14:00:00,9819.0,9911.436135171884,9916.06,9913.417166705345
2021-10-15 15:00:00,9980.0,10069.127150225717,10082.09,10074.682195258883
2021-10-15 16:00:00,10089.0,10191.297308377005,10232.548,10208.97452731124
2021-10-15 17:00:00,9902.0,10104.31578171719,10089.512,10097.971384765313
2021-10-15 18:00:00,9417.0,9577.331022346165,9556.833,9568.546684623932
2021-10-15 19:00:00,9424.0,9334.781653324126,9347.377,9340.179084792451
2021-10-15 20:00:00,9194.0,9224.728689096857,9185.968,9208.118169907266
2021-10-15 21:00:00,9320.5,9005.4095627846,9026.414,9014.410568345265
2021-10-15 22:00:00,9320.5,9224.583918269791,9162.6455,9198.040809777178
2021-10-15 23:00:00,9263.0,9263.205099982068,9222.579,9245.795238089115
2021-10-16 00:00:00,9207.0,9220.32623908432,9230.607,9224.731969685321
2021-10-16 01:00:00,9207.0,9122.058732347228,9135.804,9127.948736592625
2021-10-16 02:00:00,9207.0,9067.366259321554,9087.447,9075.971579864843
2021-10-16 03:00:00,8649.0,8966.043441553164,9032.543,8994.540737124142
2021-10-16 04:00:00,8852.0,8780.803337973568,8710.595,8750.716251658332
2021-10-16 05:00:00,8956.0,8928.226322353095,8856.97,8897.690137017762
2021-10-16 06:00:00,9202.0,9066.123507513095,9054.293,9061.053629063943
2021-10-16 07:00:00,9327.0,9231.374977857908,9207.567,9221.172383956113
2021-10-16 08:00:00,9314.0,9327.968664107702,9308.611,9319.673162228104
2021-10-16 09:00:00,9332.0,9269.425064116256,9282.293,9274.93931932631
2021-10-16 10:00:00,9212.0,9250.259107059219,9237.271,9244.693220001778
2021-10-16 11:00:00,9176.0,9122.058407381266,9133.604,9127.005679792735
2021-10-16 12:00:00,9299.0,9144.069894882294,9131.634,9138.740444345156
2021-10-16 13:00:00,9388.0,9326.976906911086,9311.194,9320.213342918047
2021-10-16 14:00:00,9596.0,9518.066616264372,9503.477,9511.814013386487
2021-10-16 15:00:00,9994.0,9748.780044468422,9715.506,9734.520834006267
2021-10-16 16:00:00,9228.5,9949.96051951069,10010.667,9975.975409723993
2021-10-16 17:00:00,9759.0,9439.658670224408,9400.252,9422.77139321899
2021-10-16 18:00:00,9284.0,9307.37209081479,9290.598,9300.183492746262
2021-10-16 19:00:00,9368.0,9103.518585238415,9081.149,9093.932579179433
2021-10-16 20:00:00,9245.0,9010.704405417931,9055.177,9029.76230466251
2021-10-16 21:00:00,8845.0,8841.34824405377,8843.498,8842.26930477929
2021-10-16 22:00:00,8535.0,8630.665532950914,8634.332,8632.236600058515
2021-10-16 23:00:00,8378.0,8430.311605028905,8524.584,8470.710664566728
2021-10-17 00:00:00,8294.0,8288.912655099239,8279.939,8285.067233651736
2021-10-17 01:00:00,8327.0,8196.092068452162,8184.9277,8191.307604508764
2021-10-17 02:00:00,8425.0,8258.434568415265,8279.701,8267.548072927075
2021-10-17 03:00:00,8613.0,8371.583944384782,8340.796,8358.389948292057
2021-10-17 04:00:00,8725.0,8663.745956349481,8630.936,8649.685283688748
2021-10-17 05:00:00,8762.0,8770.2780267085,8724.877,8750.821783204221
2021-10-17 06:00:00,8992.0,8872.132290046835,8880.166,8875.574882305586
2021-10-17 07:00:00,9123.0,9076.774571079397,9077.053,9076.893739648018
2021-10-17 08:00:00,9180.0,9168.98059824869,9167.877,9168.50749283009
2021-10-17 09:00:00,9168.0,9155.928774639693,9176.9795,9164.94973271096
2021-10-17 10:00:00,9073.0,9090.98745467014,9106.085,9097.457288166319
2021-10-17 11:00:00,9012.0,9037.340473183722,9012.816,9026.8310095193
2021-10-17 12:00:00,9017.0,8975.296445623244,8983.665,8978.88268917549
2021-10-17 13:00:00,9116.0,9041.125371407757,9048.152,9044.136518315645
2021-10-17 14:00:00,9219.0,9292.412345077202,9286.483,9289.871362529362
2021-10-17 15:00:00,9714.0,9486.86089234263,9449.766,9470.96399557569
2021-10-17 16:00:00,9094.5,9649.061079611207,9697.167,9669.676212179853
2021-10-17 17:00:00,9119.5,9401.276398520418,9403.518,9402.236745177197
2021-10-17 18:00:00,9302.0,9039.142264454686,9028.495,9034.579417220153
2021-10-17 19:00:00,9401.0,9130.427329245396,9173.316,9148.806766721407
2021-10-17 20:00:00,9283.0,9139.171854447077,9150.428,9143.99534875937
2021-10-17 21:00:00,8974.0,8877.511852976835,8895.598,8885.262142543561
2021-10-17 22:00:00,8734.0,8717.898345095957,8713.827,8716.15360672502
2021-10-17 23:00:00,9351.5,8670.952901714742,8682.628,8675.955888540413
2021-10-18 00:00:00,9500.0,9331.25824114114,9297.835,9316.935115063754
2021-10-18 01:00:00,9640.5,9469.859857459873,9488.693,9477.930655897078
2021-10-18 02:00:00,9698.0,9633.96240130238,9611.114,9624.170917557178
2021-10-18 03:00:00,9599.0,9620.074059795887,9672.89,9642.707383731336
2021-10-18 04:00:00,10086.0,9890.080669968767,9930.229,9907.285566346494
2021-10-18 05:00:00,10169.0,10301.310157236116,10317.8545,10308.399968905065
2021-10-18 06:00:00,10264.0,10265.344936174075,10247.884,10257.862299410226
2021-10-18 07:00:00,10316.0,10244.506504623241,10244.992,10244.71464140409
2021-10-18 08:00:00,10328.0,10261.474121769175,10275.697,10267.569216101649
2021-10-18 09:00:00,10251.0,10284.695112292506,10315.991,10298.106739585535
2021-10-18 10:00:00,10149.0,10120.766605000694,10159.4,10137.322622891274
2021-10-18 11:00:00,10050.0,10011.033151533338,10022.081,10015.767294746645
2021-10-18 12:00:00,10025.0,9945.140767766725,9955.631,9949.636137241447
2021-10-18 13:00:00,9986.0,9962.595393121537,9972.902,9967.012183350824
2021-10-18 14:00:00,10026.0,10059.273547174143,10077.229,10066.96772601818
2021-10-18 15:00:00,10278.0,10152.001403533273,10160.449,10155.621384683236
2021-10-18 16:00:00,10441.0,10317.316963066327,10364.833,10337.679107948514
2021-10-18 17:00:00,10253.0,10309.703276859846,10336.688,10321.26713006059
2021-10-18 18:00:00,9843.0,9905.666446982219,9899.12,9902.861212220994
2021-10-18 19:00:00,9812.0,9582.882798083338,9594.828,9588.00179176576
2021-10-18 20:00:00,9692.0,9623.470965512799,9631.28,9626.81753621187
2021-10-18 21:00:00,9334.0,9519.722186601324,9502.33,9512.268900243009
2021-10-18 22:00:00,9038.0,9673.234950443908,9666.236,9670.235810913284
2021-10-18 23:00:00,10038.0,9510.600056941374,9655.627,9572.749052575453
2021-10-19 00:00:00,10056.0,9978.959704332276,9970.592,9975.37355330916
2021-10-19 01:00:00,9092.0,10003.891991291433,10010.769,10006.838727042246
2021-10-19 02:00:00,9415.0,9452.281954969598,9477.13,9462.930206343044
2021-10-19 03:00:00,10211.0,9470.032198629513,9459.442,9465.49398631163
2021-10-19 04:00:00,10708.0,10308.984990453115,10211.45,10267.187710381815
2021-10-19 05:00:00,10773.0,10721.786005185406,10713.559,10718.260241905806
2021-10-19 06:00:00,10795.0,10728.533071651333,10728.005,10728.306372892768
2021-10-19 07:00:00,10642.0,10625.708094920019,10671.736,10645.43287282229
2021-10-19 08:00:00,10486.0,10520.404017850136,10527.771,10523.561114763994
2021-10-19 09:00:00,10380.0,10414.303171580921,10414.123,10414.225731517497
2021-10-19 10:00:00,10229.0,10282.483657130992,10287.863,10284.788774760946
2021-10-19 11:00:00,10086.0,10165.680368634377,10157.022,10161.970150376621
2021-10-19 12:00:00,10070.0,10068.468018489759,10068.252,10068.375349838512
2021-10-19 13:00:00,10085.0,10095.75084273379,10089.417,10093.036308578019
2021-10-19 14:00:00,10218.0,10229.875116029174,10198.25,10216.322577140003
2021-10-19 15:00:00,10661.0,10358.800851695098,10352.399,10356.057505494351
2021-10-19 16:00:00,10812.0,10700.065259891204,10687.689,10694.761694232315
2021-10-19 17:00:00,10598.0,10681.962230229557,10706.941,10692.666476004048
2021-10-19 18:00:00,10103.0,10167.58366492244,10196.431,10179.945509788506
2021-10-19 19:00:00,10036.0,9838.872797043401,9861.948,9848.761400835956
2021-10-19 20:00:00,9766.0,9786.59881638775,9793.733,9789.65631412803
2021-10-19 21:00:00,9327.0,9654.576933597351,9614.092,9637.227246435123
2021-10-19 22:00:00,10094.5,9605.6386865478,9489.937,9556.05599716563
2021-10-19 23:00:00,10094.5,10089.310981387354,10070.371,10081.194542655814
2021-10-20 00:00:00,10160.5,10096.234146299206,10057.278,10079.540037921823
2021-10-20 01:00:00,10221.5,10055.49879334059,10015.8125,10038.491744838095
2021-10-20 02:00:00,10221.5,9994.616002655814,9988.443,9991.970456560002
2021-10-20 03:00:00,9878.0,10083.898220013769,10064.297,10075.498320489216
2021-10-20 04:00:00,10368.0,10198.744430173696,10190.029,10195.009581459977
2021-10-20 05:00:00,10454.0,10488.165073895649,10537.607,10509.352583151323
2021-10-20 06:00:00,10479.0,10533.894921627107,10541.3,10537.068035300457
2021-10-20 07:00:00,10497.0,10443.46045174512,10448.216,10445.498400486484
2021-10-20 08:00:00,10628.0,10447.938185348507,10463.654,10454.672983850629
2021-10-20 09:00:00,10556.0,10501.453716867503,10512.206,10506.0613018602
2021-10-20 10:00:00,10434.0,10431.176587114956,10461.275,10444.074813288782
2021-10-20 11:00:00,10251.0,10292.920656988825,10309.748,10300.131555778076
2021-10-20 12:00:00,10225.0,10152.716240290181,10169.366,10159.851176763521
2021-10-20 13:00:00,10140.0,10203.357152873608,10205.421,10204.241286616074
2021-10-20 14:00:00,10222.0,10251.090185642439,10238.945,10245.885665312793
2021-10-20 15:00:00,10503.0,10394.65600115763,10411.904,10402.047409821407
2021-10-20 16:00:00,10466.0,10675.251952119192,10659.968,10668.701915089508
2021-10-20 17:00:00,10304.0,10457.154491109452,10428.004,10444.66242119404
2021-10-20 18:00:00,9677.0,9982.298632495427,9993.967,9987.29871827304
2021-10-20 19:00:00,9562.0,9682.800032440698,9740.511,9707.531006410198
2021-10-20 20:00:00,9353.0,9577.909081059202,9590.106,9583.136057203774
2021-10-20 21:00:00,9750.0,9347.06657003197,9346.064,9346.636964620255
2021-10-20 22:00:00,9750.0,9891.369886694165,9849.297,9873.340177567012
2021-10-20 23:00:00,9727.0,9986.26742134885,9960.793,9975.350427108302
2021-10-21 00:00:00,9706.5,9889.49149095692,9918.981,9902.129047907663
2021-10-21 01:00:00,9688.0,9807.904323479286,9833.404,9818.83211916263
2021-10-21 02:00:00,9676.5,9776.36610821074,9795.131,9784.407329103298
2021-10-21 03:00:00,9261.0,9772.967108195608,9781.146,9776.47224933931
2021-10-21 04:00:00,9699.0,9890.271861110288,9904.529,9896.381641485637
2021-10-21 05:00:00,9740.0,10009.860230974125,10041.313,10023.339201118222
2021-10-21 06:00:00,9760.0,10001.635146647724,10032.021,10014.656444885222
2021-10-21 07:00:00,9801.0,9912.714369962447,9924.381,9917.713549027438
2021-10-21 08:00:00,9841.0,9892.308330997768,9918.599,9903.574706293137
2021-10-21 09:00:00,9843.0,9924.237870136832,9946.408,9933.738748607908
2021-10-21 10:00:00,9714.0,9874.467621229744,9888.275,9880.38476536746
2021-10-21 11:00:00,9676.0,9737.547981565509,9758.6875,9746.607004368087
2021-10-21 12:00:00,9625.0,9754.58324538226,9745.742,9750.794181972211
2021-10-21 13:00:00,9572.0,9759.560236785774,9774.639,9766.0216510033
2021-10-21 14:00:00,9781.0,9773.943367161293,9801.508,9785.755731509435
2021-10-21 15:00:00,10110.0,10028.66952646435,10050.298,10037.938122048985
2021-10-21 16:00:00,10178.0,10248.176126709517,10260.285,10253.365406923465
2021-10-21 17:00:00,9980.0,10154.640106342305,10136.917,10147.044834010721
2021-10-21 18:00:00,9478.0,9640.77241216669,9665.778,9651.488370524285
2021-10-21 19:00:00,9420.0,9351.318846760849,9400.386,9372.345793577966
2021-10-21 20:00:00,9254.0,9229.584417316199,9252.221,9239.28488639308
2021-10-21 21:00:00,9650.5,9277.902415797258,9347.302,9307.642457813508
2021-10-21 22:00:00,9650.5,9619.430122553105,9613.209,9616.7642018759
2021-10-21 23:00:00,9650.5,9657.855976331683,9609.935,9637.319849226646
2021-10-22 00:00:00,9703.0,9694.640443003984,9676.948,9687.058597730082
2021-10-22 01:00:00,9855.5,9702.069078240178,9687.748,9695.93172029927
2021-10-22 02:00:00,9955.0,9749.501831350914,9736.429,9743.899617359948
2021-10-22 03:00:00,9466.0,9832.064249248107,9815.977,9825.169881615442
2021-10-22 04:00:00,9930.0,9826.2052765835,9814.658,9821.256751980942
2021-10-22 05:00:00,10130.0,10055.39853879139,10095.972,10072.78552725491
2021-10-22 06:00:00,10217.0,10197.510942996903,10195.351,10196.58496216603
2021-10-22 07:00:00,10340.0,10176.208404577452,10181.957,10178.671595806267
2021-10-22 08:00:00,10510.0,10266.12211313745,10282.815,10273.275665853358
2021-10-22 09:00:00,10505.0,10400.792723083556,10419.473,10408.79748563937
2021-10-22 10:00:00,10458.0,10336.226410001935,10373.511,10352.203914104914
2021-10-22 11:00:00,10401.0,10276.903125258566,10292.254,10283.481541181958
2021-10-22 12:00:00,10339.0,10220.570224415867,10259.137,10237.097457633654
2021-10-22 13:00:00,10340.0,10253.124153463124,10280.528,10264.867827624534
2021-10-22 14:00:00,10401.0,10375.009677570602,10399.176,10385.365665811218
2021-10-22 15:00:00,10736.0,10461.2775121933,10472.971,10466.288107942284
2021-10-22 16:00:00,10734.0,10739.84443071326,10777.03,10755.779677536979
2021-10-22 17:00:00,10451.0,10570.06243497779,10606.509,10585.680780083316
2021-10-22 18:00:00,9972.0,10006.370248496032,10018.124,10011.406815709888
2021-10-22 19:00:00,9981.0,9680.692175486924,9718.034,9696.694607447153
2021-10-22 20:00:00,9801.0,9680.306197768614,9758.288,9713.724035321835
2021-10-22 21:00:00,9404.0,9562.062746351312,9537.199,9551.407605902707
2021-10-22 22:00:00,9084.0,9458.488641199192,9415.279,9439.971729041088
2021-10-22 23:00:00,9898.0,9278.03346643701,9342.161,9305.514467593575
2021-10-23 00:00:00,9898.0,9722.945652884699,9729.41,9725.715921779789
2021-10-23 01:00:00,9898.0,9755.112758954729,9753.463,9754.405373329595
2021-10-23 02:00:00,9898.0,9710.045831833999,9708.182,9709.246978678955
2021-10-23 03:00:00,9210.0,9554.870230416347,9588.853,9569.432600457443
2021-10-23 04:00:00,9370.0,9242.664091673354,9230.877,9237.612712585063
2021-10-23 05:00:00,9527.0,9403.770985186846,9405.414,9404.475054205903
2021-10-23 06:00:00,9730.0,9691.86858699727,9686.207,9689.442357009579
2021-10-23 07:00:00,9881.0,9841.854964712338,9824.588,9834.455346497683
2021-10-23 08:00:00,9915.0,9914.425093436535,9921.979,9917.661867943742
2021-10-23 09:00:00,9955.0,9907.798646581326,9920.961,9913.43906117653
2021-10-23 10:00:00,9960.0,9897.011552143897,9901.458,9898.916721745738
2021-10-23 11:00:00,9976.0,9866.154936100345,9865.806,9866.004975828644
2021-10-23 12:00:00,9996.0,9884.202322536157,9913.61,9896.804724116895
2021-10-23 13:00:00,10054.0,10008.661917880243,10011.412,10009.840444242767
2021-10-23 14:00:00,10275.0,10161.075235921038,10176.342,10167.617294338535
2021-10-23 15:00:00,9935.0,10428.732578527995,10408.274,10419.965261295136
2021-10-23 16:00:00,9935.0,9957.836243671787,10041.006,9993.477562390444
2021-10-23 17:00:00,10594.0,9975.57330662271,10022.511,9995.687374519854
2021-10-23 18:00:00,10086.0,10079.564109328001,10062.187,10072.117238141962
2021-10-23 19:00:00,10195.0,9775.053823744634,9800.944,9786.148617545328
2021-10-23 20:00:00,10059.0,9836.413176750038,9854.691,9844.245954667804
2021-10-23 21:00:00,9689.0,9637.348564785856,9687.694,9658.923368744856
2021-10-23 22:00:00,9521.0,9207.496131596334,9208.949,9208.1187833003
2021-10-23 23:00:00,9373.0,9252.533598504115,9257.259,9254.558438221671
2021-10-24 00:00:00,9299.0,9223.737611741324,9274.04,9245.29399300773
2021-10-24 01:00:00,9332.0,9179.634160968279,9145.161,9164.860994479332
2021-10-24 02:00:00,9450.0,9273.873863109877,9240.318,9259.494096136648
2021-10-24 03:00:00,9601.0,9232.261204684788,9238.807,9235.066037151082
2021-10-24 04:00:00,9652.0,9525.269209099017,9476.163,9504.22544147324
2021-10-24 05:00:00,9749.0,9576.062994778722,9578.762,9577.219270121524
2021-10-24 06:00:00,9898.0,9788.4205968363,9778.702,9784.255988661549
2021-10-24 07:00:00,10061.0,9898.293039617092,9900.368,9899.18224801304
2021-10-24 08:00:00,10136.0,10055.926263825173,10058.446,10057.006048090458
2021-10-24 09:00:00,10084.0,10071.533019980572,10065.032,10068.747003088487
2021-10-24 10:00:00,9919.0,9985.953301697546,9992.801,9988.887716110683
2021-10-24 11:00:00,9867.0,9865.035190212662,9854.26,9860.417328170643
2021-10-24 12:00:00,9878.0,9868.011756209055,9853.717,9861.88590471298
2021-10-24 13:00:00,9890.0,9960.299516906563,9919.275,9942.719217174537
2021-10-24 14:00:00,10087.0,10104.014215979334,10085.025,10095.876687713053
2021-10-24 15:00:00,10451.0,10267.79875233759,10247.968,10259.300209980813
2021-10-24 16:00:00,10409.0,10337.088819356515,10432.972,10378.17819476829
2021-10-24 17:00:00,10155.0,10367.866822860917,10346.957,10358.90585634306
2021-10-24 18:00:00,9772.0,10007.714084939782,9943.871,9980.354944785891
2021-10-24 19:00:00,9900.0,9868.369903863917,9824.475,9849.558834695374
2021-10-24 20:00:00,9743.0,9894.772637032956,9855.694,9878.025935659825
2021-10-24 21:00:00,9344.0,9585.894390198844,9536.162,9564.582181326954
2021-10-24 22:00:00,9895.0,9187.829177704953,9157.173,9174.69160724886
2021-10-24 23:00:00,9895.0,9734.538297964878,9710.417,9724.201533578223
2021-10-25 00:00:00,9993.5,9995.514509036539,9921.559,9963.821810663869
2021-10-25 01:00:00,10033.0,10045.28014051354,10012.555,10031.256163024686
2021-10-25 02:00:00,10033.0,10044.144859989217,9992.713,10022.10446210972
2021-10-25 03:00:00,9792.0,10027.384900184541,10041.251,10033.327052068698
2021-10-25 04:00:00,10283.0,10203.825334970208,10215.88,10208.991257406942
2021-10-25 05:00:00,10464.0,10555.30356643869,10577.1045,10564.646041482256
2021-10-25 06:00:00,10364.0,10632.371652097718,10585.587,10612.32239459173
2021-10-25 07:00:00,10333.0,10439.74270840354,10402.465,10423.767889338924
2021-10-25 08:00:00,10336.0,10416.793345114542,10388.979,10404.873383836859
2021-10-25 09:00:00,10303.0,10414.092417870885,10393.242,10405.157051305894
2021-10-25 10:00:00,10178.0,10331.364164408227,10306.295,10320.621119662796
2021-10-25 11:00:00,10098.0,10254.49233623143,10200.646,10231.417272076818
2021-10-25 12:00:00,9979.0,10173.626977246036,10124.014,10152.365838253394
2021-10-25 13:00:00,9948.0,10101.38724336442,10056.797,10082.27830113676
2021-10-25 14:00:00,10121.0,10179.840929415532,10194.84,10186.268446763645
2021-10-25 15:00:00,10320.0,10373.649461679675,10376.24,10374.759738981229
2021-10-25 16:00:00,10312.0,10477.822890131923,10490.236,10483.142599339539
2021-10-25 17:00:00,10125.0,10339.95508697909,10339.332,10339.687743737137
2021-10-25 18:00:00,9620.0,9924.903009190482,9915.456,9920.854691052757
2021-10-25 19:00:00,9650.0,9746.15356719121,9780.662,9760.941773466075
2021-10-25 20:00:00,9396.0,9709.444060095968,9752.4,9727.852306927205
2021-10-25 21:00:00,9944.0,9609.969222165877,9671.069,9636.152565789547
2021-10-25 22:00:00,9944.0,9976.952178414578,9947.756,9964.440192982502
2021-10-25 23:00:00,9944.0,10028.756479627391,10060.474,10042.348164158544
2021-10-26 00:00:00,9922.5,9953.373829871258,9998.926,9972.894253263625
2021-10-26 01:00:00,9898.0,9966.073081778235,9945.799,9957.384808915627
2021-10-26 02:00:00,9884.5,9943.555511103872,9918.127,9932.658443792407
2021-10-26 03:00:00,9370.0,9797.367730056476,9838.785,9815.116506103077
2021-10-26 04:00:00,9839.0,9867.905762519116,9881.564,9873.75892695237
2021-10-26 05:00:00,10021.0,10107.380635656846,10158.575,10129.319027913956
2021-10-26 06:00:00,9940.0,10200.022420995781,10198.077,10199.188636863024
2021-10-26 07:00:00,9954.0,10027.353861857728,10041.663,10033.485584333295
2021-10-26 08:00:00,10030.0,10024.223450043977,10040.278,10031.103406948889
2021-10-26 09:00:00,10058.0,10051.03969816825,10062.038,10055.752617341954
2021-10-26 10:00:00,9956.0,10029.211037883473,10020.5,10025.478044736179
2021-10-26 11:00:00,9905.0,9907.078359048966,9924.159,9914.39804870902
2021-10-26 12:00:00,9891.0,9848.61632365186,9861.35,9854.073121672187
2021-10-26 13:00:00,9878.0,9894.278467970415,9896.135,9895.07361426998
2021-10-26 14:00:00,10086.0,10053.400920945178,10084.836,10066.871989184361
2021-10-26 15:00:00,10319.0,10251.078535190049,10232.964,10243.315530943579
2021-10-26 16:00:00,10378.0,10371.642100917663,10356.042,10364.956844128745
2021-10-26 17:00:00,10113.0,10265.267599503866,10282.888,10272.818104336511
2021-10-26 18:00:00,9661.0,9791.324587038938,9789.675,9790.617661109149
2021-10-26 19:00:00,9661.0,9540.433240339516,9538.662,9539.674088761467
2021-10-26 20:00:00,9368.0,9445.644026330538,9425.345,9436.944978782009
2021-10-26 21:00:00,9898.0,9462.343457784264,9471.346,9466.201226822357
2021-10-26 22:00:00,9898.0,9796.506118729703,9798.715,9797.452740077106
2021-10-26 23:00:00,9898.0,9862.021143722972,9853.518,9858.377039930769
2021-10-27 00:00:00,9963.0,9877.626480198458,9888.879,9882.44823832124
2021-10-27 01:00:00,9956.5,9920.066873285092,9952.141,9933.811719684705
2021-10-27 02:00:00,9999.0,9853.030080248398,9903.457,9874.639855458285
2021-10-27 03:00:00,9660.0,9754.349189788894,9799.986,9773.906033244224
2021-10-27 04:00:00,10075.0,9937.769844464958,9940.0625,9938.752049615945
2021-10-27 05:00:00,10146.0,10177.441698251425,10159.696,10169.836827176692
2021-10-27 06:00:00,10080.0,10159.0467658567,10162.124,10160.36532457438
2021-10-27 07:00:00,10106.0,10060.249544541606,10058.884,10059.664144632003
2021-10-27 08:00:00,10229.0,10087.93214123567,10077.887,10083.627289149372
2021-10-27 09:00:00,10308.0,10180.035637207962,10182.306,10181.008133102445
2021-10-27 10:00:00,10203.0,10165.191552008682,10203.647,10181.671278333342
2021-10-27 11:00:00,10035.0,10096.089454513018,10118.947,10105.884597960701
2021-10-27 12:00:00,9718.0,9948.769700777317,9960.862,9953.951638726005
2021-10-27 13:00:00,9963.0,9817.55104272573,9820.893,9818.983049388105
2021-10-27 14:00:00,10086.0,10117.766590229352,10133.551,10124.53058763937
2021-10-27 15:00:00,10242.0,10300.05792899225,10295.465,10298.089639777885
2021-10-27 16:00:00,10323.0,10330.296463032691,10347.041,10337.471904943028
2021-10-27 17:00:00,10045.0,10288.144509753369,10298.97,10292.783510268397
2021-10-27 18:00:00,9707.0,9713.088493336172,9730.695,9720.633697475121
2021-10-27 19:00:00,9630.0,9553.154498854205,9570.539,9560.604466477294
2021-10-27 20:00:00,9430.0,9427.104957886513,9444.275,9434.462885051847
2021-10-27 21:00:00,9999.0,9584.49624517929,9667.563,9620.09325126453
2021-10-27 22:00:00,9999.0,9848.053809478137,9910.002,9874.600786523948
2021-10-27 23:00:00,9999.0,9894.966229626363,9919.631,9905.53598079699
2021-10-28 00:00:00,10004.0,10014.17814222793,10017.003,10015.38876045859
2021-10-28 01:00:00,10065.5,10010.104496711372,10016.294,10012.756622069377
2021-10-28 02:00:00,10096.5,10031.27425840621,10049.364,10039.02624030169
2021-10-28 03:00:00,9589.0,9918.876696070762,9921.984,9920.20823716635
2021-10-28 04:00:00,10107.0,9979.293968542337,9964.393,9972.907834777843
2021-10-28 05:00:00,10243.0,10249.730399658954,10249.704,10249.718949002909
2021-10-28 06:00:00,10258.0,10309.09072826979,10308.342,10308.76962004523
2021-10-28 07:00:00,10320.0,10207.417885826018,10224.178,10214.59993266669
2021-10-28 08:00:00,10335.0,10291.55680908213,10302.301,10296.16076041539
2021-10-28 09:00:00,10344.0,10292.11085126658,10305.081,10297.668781475892
2021-10-28 10:00:00,10241.0,10238.86501856129,10272.566,10253.307145051407
2021-10-28 11:00:00,10254.0,10146.251854181708,10149.446,10147.620884119551
2021-10-28 12:00:00,10210.0,10115.941764912224,10137.371,10125.12497385626
2021-10-28 13:00:00,10217.0,10193.919272045045,10199.027,10196.108137395402
2021-10-28 14:00:00,10290.0,10316.681526205659,10304.395,10311.416076718784
2021-10-28 15:00:00,10406.0,10410.990260759545,10380.611,10397.971684511274
2021-10-28 16:00:00,10377.0,10445.240083348766,10476.33,10458.563246311809
2021-10-28 17:00:00,10174.0,10251.288840878442,10282.064,10264.477216845979
2021-10-28 18:00:00,9719.0,9800.421793154732,9872.272,9831.212377212445
2021-10-28 19:00:00,9593.0,9582.460638531962,9552.716,9569.713668048404
2021-10-28 20:00:00,10067.5,9507.940895050262,9487.896,9499.3510210071
2021-10-28 21:00:00,10011.5,9905.390912097637,9926.692,9914.519183816465
2021-10-28 22:00:00,10011.5,9919.780215630015,9989.364,9949.599565493081
2021-10-28 23:00:00,10004.5,9974.683312582974,10012.723,9990.984439594506
2021-10-29 00:00:00,9997.0,10033.267298248904,10005.558,10021.392728617197
2021-10-29 01:00:00,9958.0,10025.54907705962,10016.074,10021.48839562885
2021-10-29 02:00:00,9936.5,9959.25844134419,9988.501,9971.789807975278
2021-10-29 03:00:00,9510.0,9797.996150246485,9813.497,9804.638711156338
2021-10-29 04:00:00,10018.0,9939.511952156128,9951.8545,9944.800822993768
2021-10-29 05:00:00,10158.0,10234.632750368883,10225.386,10230.669808833005
2021-10-29 06:00:00,10117.0,10277.834837706047,10260.706,10270.494449461436
2021-10-29 07:00:00,9990.0,10156.74444673576,10156.959,10156.836254638376
2021-10-29 08:00:00,10005.0,10094.702540605556,10093.253,10094.081285286124
2021-10-29 09:00:00,10048.0,10090.220871460795,10096.089,10092.735507591764
2021-10-29 10:00:00,10004.0,10055.118580666687,10055.289,10055.191459411948
2021-10-29 11:00:00,9882.0,10024.615068034029,10034.584,10028.886772595368
2021-10-29 12:00:00,9926.0,9964.561675801551,9961.097,9963.076759834388
2021-10-29 13:00:00,9947.0,10042.352808795624,10047.0205,10044.352831443746
2021-10-29 14:00:00,10026.0,10148.179757422853,10149.207,10148.620071128622
2021-10-29 15:00:00,10208.0,10226.140162613401,10222.471,10224.567582628053
2021-10-29 16:00:00,10235.0,10311.208590186407,10321.899,10315.789959134247
2021-10-29 17:00:00,9969.0,10177.738649138553,10156.022,10168.432304979582
2021-10-29 18:00:00,9488.0,9640.27199242167,9645.499,9642.511969285904
2021-10-29 19:00:00,9494.0,9392.096471412528,9421.804,9404.826934791861
2021-10-29 20:00:00,9288.0,9501.224504499278,9514.7,9506.999177994183
2021-10-29 21:00:00,8870.0,9300.087154975883,9298.651,9299.471834821172
2021-10-29 22:00:00,9335.5,9016.820291234586,8976.554,8999.564438251127
2021-10-29 23:00:00,9335.5,9339.734295605846,9323.769,9332.892395051866
2021-10-30 00:00:00,9335.5,9355.738699921814,9383.938,9367.823237889781
2021-10-30 01:00:00,9335.5,9353.09659163121,9392.735,9370.083145188717
2021-10-30 02:00:00,9335.5,9293.95652471441,9356.747,9320.86440032252
2021-10-30 03:00:00,8701.0,9154.865961477379,9204.184,9176.000332910342
2021-10-30 04:00:00,8839.0,8925.769403445272,8880.703,8906.456752170601
2021-10-30 05:00:00,9063.0,9010.947235702099,8965.276,8991.375438507946
2021-10-30 06:00:00,9104.0,9246.081142896417,9289.435,9264.65967045306
2021-10-30 07:00:00,9310.0,9326.46874575268,9272.729,9303.439060714281
2021-10-30 08:00:00,9372.0,9426.48574145573,9414.297,9421.262345859794
2021-10-30 09:00:00,9361.0,9414.662561658586,9443.6,9427.062960666493
2021-10-30 10:00:00,9383.0,9379.2884907774,9344.919,9364.559645045734
2021-10-30 11:00:00,9369.0,9391.681272461774,9380.303,9386.804995834003
2021-10-30 12:00:00,9399.0,9368.344856793989,9407.855,9385.276462280654
2021-10-30 13:00:00,9475.0,9512.784773246973,9481.7705,9499.493875795368
2021-10-30 14:00:00,9775.0,9667.922804308397,9637.037,9654.686930419099
2021-10-30 15:00:00,10078.0,9932.130732778216,9878.729,9909.245812475458
2021-10-30 16:00:00,9998.0,10068.352226971116,10050.5,10060.701757352752
2021-10-30 17:00:00,9656.0,9982.052246319625,9949.568,9968.131550412681
2021-10-30 18:00:00,9159.0,9387.793320697112,9353.055,9372.906416027165
2021-10-30 19:00:00,9192.0,9138.770368417181,9146.435,9142.054732561519
2021-10-30 20:00:00,8981.0,9098.561775685253,9107.333,9102.320403102061
2021-10-30 21:00:00,8580.0,8829.42965062145,8822.212,8826.33643911094
2021-10-30 22:00:00,8259.0,8587.147732981903,8602.215,8593.604343961819
2021-10-30 23:00:00,8133.0,8354.265967780268,8363.353,8358.159863030955
2021-10-31 00:00:00,8005.0,8215.290513484742,8128.727,8178.194828114835
2021-10-31 01:00:00,8069.0,8116.4666771817,8096.95,8108.102950400663
2021-10-31 02:00:00,8072.0,8207.797001436898,8221.77,8213.784630824619
2021-10-31 03:00:00,8063.0,8297.931516137533,8257.397,8280.561026069745
2021-10-31 04:00:00,8313.0,8326.865991048346,8314.442,8321.541819217873
2021-10-31 05:00:00,8463.0,8498.021099046211,8484.914,8492.40415978972
2021-10-31 06:00:00,8563.0,8704.82029703221,8715.8955,8709.566211853264
2021-10-31 07:00:00,8827.0,8777.69700433759,8764.519,8772.049494226641
2021-10-31 08:00:00,8972.0,8985.17684111043,8996.983,8990.236248608453
2021-10-31 09:00:00,9118.0,9060.489332580033,9081.882,9069.65665840982
2021-10-31 10:00:00,9152.0,9136.148144873998,9132.551,9134.606520843234
2021-10-31 11:00:00,9058.0,9155.015137807213,9148.681,9152.300425467613
2021-10-31 12:00:00,8976.0,9087.993349869745,9108.258,9096.677419308795
2021-10-31 13:00:00,9219.0,9086.473440049385,9080.404,9083.872567233066
2021-10-31 14:00:00,9473.0,9445.284070828857,9433.234,9440.120136775142
2021-10-31 15:00:00,9591.0,9678.784860459478,9684.329,9681.160799129193
2021-10-31 16:00:00,9649.0,9644.46908397602,9682.604,9660.810843969391
2021-10-31 17:00:00,9601.0,9640.851160034528,9643.33,9641.913254858244
2021-10-31 18:00:00,9369.0,9287.248093706728,9298.082,9291.890641053244
2021-10-31 19:00:00,8932.0,9117.626124519824,9225.633,9163.910780799974
2021-10-31 20:00:00,9096.0,8940.032230941868,8996.38,8964.179212895102
2021-10-31 21:00:00,9030.0,9002.851600903858,9016.941,9008.889460672148
2021-10-31 22:00:00,8726.0,8884.25044828603,8925.004,8901.714809527926
2021-10-31 23:00:00,8496.0,8884.280207253985,8825.849,8859.240116469111
2021-11-01 00:00:00,9355.5,9154.595787876548,9155.361,9154.923819454933
2021-11-01 01:00:00,9421.0,9473.972191156314,9508.688,9488.849307460589
2021-11-01 02:00:00,9532.0,9396.584213129789,9433.395,9412.358555785806
2021-11-01 03:00:00,9596.0,9408.772962844017,9433.518,9419.376714074935
2021-11-01 04:00:00,9342.0,9622.429039924415,9726.101,9666.855902972638
2021-11-01 05:00:00,9878.0,9730.193846221706,9717.497,9724.75252997677
2021-11-01 06:00:00,9951.0,10071.058254872341,10070.651,10070.883895347648
2021-11-01 07:00:00,9966.0,9992.40712593101,9977.682,9986.096836311279
2021-11-01 08:00:00,9976.0,9973.38677185295,9960.005,9967.652205473667
2021-11-01 09:00:00,10040.0,9978.248080029629,9954.63,9968.126554060047
2021-11-01 10:00:00,9957.0,9958.52912359219,9952.259,9955.841779599326
2021-11-01 11:00:00,9928.0,9881.166749614498,9876.219,9879.046079622296
2021-11-01 12:00:00,9917.0,9889.928739424882,9885.959,9888.22755220055
2021-11-01 13:00:00,9928.0,9929.789034056863,9920.871,9925.967187759277
2021-11-01 14:00:00,10027.0,10022.800984056097,10025.832,10024.099601781589
2021-11-01 15:00:00,10260.0,10126.70806574133,10103.51,10116.76677815794
2021-11-01 16:00:00,10240.0,10285.849038871545,10258.362,10274.069877287653
2021-11-01 17:00:00,10194.0,10180.276152807748,10162.574,10172.690012549934
2021-11-01 18:00:00,9875.0,9867.042494655054,9854.23,9861.551733807279
2021-11-01 19:00:00,9401.0,9495.636987824768,9586.625,9534.628382544199
2021-11-01 20:00:00,9432.0,9243.244446587121,9211.046,9229.446073140749
2021-11-01 21:00:00,9198.0,9350.972748654987,9279.095,9320.170227987008
2021-11-01 22:00:00,9922.5,9409.02601416766,9530.422,9461.048423244974
2021-11-01 23:00:00,9922.5,9770.111835935164,9814.38,9789.082265067093
2021-11-02 00:00:00,9922.5,9809.780634503362,9834.683,9820.451725453528
2021-11-02 01:00:00,9945.0,9847.630842446977,9851.884,9849.453314642727
2021-11-02 02:00:00,9987.5,9826.652906584817,9843.653,9833.937849096052
2021-11-02 03:00:00,9987.5,9906.088590306928,9834.493,9875.407139165405
2021-11-02 04:00:00,9535.0,9833.560608508209,9897.471,9860.94833595566
2021-11-02 05:00:00,10029.0,9802.612266893364,9814.669,9807.779094110034
2021-11-02 06:00:00,10163.0,10105.419081297454,10087.386,10097.691235523653
2021-11-02 07:00:00,10189.0,10104.983818154578,10081.405,10094.87951030257
2021-11-02 08:00:00,10156.0,10117.543815031135,10110.961,10114.722615712692
2021-11-02 09:00:00,10243.0,10075.156297926327,10062.393,10069.686226035672
2021-11-02 10:00:00,10174.0,10128.094582853584,10128.844,10128.415567203592
2021-11-02 11:00:00,10054.0,10037.918621262625,10085.818,10058.44532056347
2021-11-02 12:00:00,9962.0,9957.344387924684,9967.442,9961.671582506873
2021-11-02 13:00:00,10013.0,9974.664818367983,9974.306,9974.510980203191
2021-11-02 14:00:00,10200.0,10091.372800943418,10099.069,10094.671136838944
2021-11-02 15:00:00,10432.0,10345.97189804946,10317.574,10333.802400362958
2021-11-02 16:00:00,10416.0,10451.616213619414,10416.111,10436.400818821554
2021-11-02 17:00:00,10348.0,10308.183008610764,10328.116,10316.725012609102
2021-11-02 18:00:00,10044.0,10008.02709176955,10001.559,10005.255008128022
2021-11-02 19:00:00,9620.0,9701.64097879089,9749.624,9722.203190429122
2021-11-02 20:00:00,9590.0,9530.976158559544,9494.714,9515.436216900513
2021-11-02 21:00:00,9286.0,9491.951962234885,9542.15,9513.46368753371
2021-11-02 22:00:00,8959.0,9618.150741899668,9660.437,9636.271852235153
2021-11-02 23:00:00,10028.5,9494.31043852673,9402.908,9455.141060173013
2021-11-03 00:00:00,10028.5,9987.03127803545,9999.872,9992.53401353251
2021-11-03 01:00:00,10062.0,10041.23878909864,10017.849,10031.215233437691
2021-11-03 02:00:00,10102.5,10041.873007999204,10030.845,10037.147002241594
2021-11-03 03:00:00,10102.5,9993.38824958448,9960.539,9979.310832847248
2021-11-03 04:00:00,9598.0,9947.21618047386,9903.525,9928.493058006166
2021-11-03 05:00:00,10080.0,9926.25187769643,9944.348,9934.006379361701
2021-11-03 06:00:00,10125.0,10235.645565092831,10192.553,10217.178771123468
2021-11-03 07:00:00,10195.0,10114.887650458064,10103.525,10110.01819153304
2021-11-03 08:00:00,10220.0,10177.80824637482,10160.943,10170.580963969089
2021-11-03 09:00:00,10303.0,10207.624249367822,10198.807,10203.84530327674
2021-11-03 10:00:00,10317.0,10232.178507691528,10229.194,10230.899623275385
2021-11-03 11:00:00,10233.0,10197.680079882448,10205.891,10201.198707543363
2021-11-03 12:00:00,10141.0,10147.89987726384,10156.485,10151.578782215198
2021-11-03 13:00:00,10170.0,10146.550497391014,10144.05,10145.478559491316
2021-11-03 14:00:00,10360.0,10266.180442814313,10230.699,10250.975503032967
2021-11-03 15:00:00,10514.0,10481.195052688645,10460.874,10472.486658885515
2021-11-03 16:00:00,10539.0,10566.051318660127,10554.506,10561.103417809201
2021-11-03 17:00:00,10523.0,10484.61084179562,10438.773,10464.967465812904
2021-11-03 18:00:00,10246.0,10179.2447608885,10188.113,10183.044945791702
2021-11-03 19:00:00,9676.0,9836.225776113255,9886.456,9857.751166757
2021-11-03 20:00:00,9645.0,9568.714552424424,9551.231,9561.222297112015
2021-11-03 21:00:00,9394.0,9599.612067008018,9635.023,9614.787053718257
2021-11-03 22:00:00,9652.5,9571.561328786334,9614.207,9589.836674336353
2021-11-03 23:00:00,9652.5,9965.812391550115,9965.422,9965.645013688416
2021-11-04 00:00:00,9652.5,9826.790474475743,9829.757,9828.061385980775
2021-11-04 01:00:00,9652.5,9828.83301574373,9808.967,9820.3194437973
2021-11-04 02:00:00,9652.5,9791.436267429952,9769.13,9781.877283142336
2021-11-04 03:00:00,9652.5,9776.620251359913,9758.912,9769.031566508504
2021-11-04 04:00:00,9401.0,9620.159340411585,9616.719,9618.684829416365
2021-11-04 05:00:00,9892.0,9807.933566995116,9834.122,9819.155959666808
2021-11-04 06:00:00,9635.0,10121.725335454637,10108.62,10116.109271752863
2021-11-04 07:00:00,9470.0,9822.387601323211,9841.725,9830.674211527949
2021-11-04 08:00:00,9532.0,9705.830190596287,9697.114,9702.095218374765
2021-11-04 09:00:00,9660.0,9720.939745019099,9730.102,9724.866005641874
2021-11-04 10:00:00,9697.0,9777.310651113532,9779.043,9778.053057799181
2021-11-04 11:00:00,9708.0,9738.441726461007,9752.2705,9744.367746832588
2021-11-04 12:00:00,9933.0,9735.116015903066,9788.326,9757.918396964598
2021-11-04 13:00:00,9999.0,10037.237646803764,10068.407,10050.59474282719
2021-11-04 14:00:00,10198.0,10192.364506518263,10210.355,10200.074138044802
2021-11-04 15:00:00,10320.0,10326.906975744658,10348.0205,10335.954859010319
2021-11-04 16:00:00,10337.0,10410.397348026056,10388.592,10401.05277848106
2021-11-04 17:00:00,10304.0,10319.073594281841,10313.317,10316.606786457163
2021-11-04 18:00:00,10061.0,9973.150579255509,9947.569,9962.188128494892
2021-11-04 19:00:00,9576.0,9662.82863389263,9688.202,9673.702068187984
2021-11-04 20:00:00,9565.0,9424.9830060399,9447.006,9434.42043332705
2021-11-04 21:00:00,9388.0,9383.73548277163,9350.828,9369.633408753374
2021-11-04 22:00:00,8898.0,9495.401273872847,9483.891,9490.468534171927
2021-11-04 23:00:00,9966.0,9203.21309913829,9254.622,9225.243696929512
2021-11-05 00:00:00,10030.0,9928.508794497424,9942.089,9934.32835119147
2021-11-05 01:00:00,10091.5,9967.633000245447,9960.111,9964.40954595165
2021-11-05 02:00:00,10125.5,9982.54109845663,9997.31,9988.869895874373
2021-11-05 03:00:00,10125.5,10010.904838156643,9923.019,9973.242308196506
2021-11-05 04:00:00,9658.0,9904.464411286262,9931.668,9916.122046764836
2021-11-05 05:00:00,10148.0,9975.049300279352,9929.596,9955.570541279645
2021-11-05 06:00:00,10258.0,10212.038967620285,10192.985,10203.873524113966
2021-11-05 07:00:00,10190.0,10159.648459045113,10208.308,10180.500674094154
2021-11-05 08:00:00,10281.0,10113.935886380734,10154.414,10131.281910419213
2021-11-05 09:00:00,10271.0,10200.800045020176,10225.034,10211.18526659765
2021-11-05 10:00:00,10240.0,10164.139299780547,10184.543,10172.882943016572
2021-11-05 11:00:00,10122.0,10127.763281890431,10158.417,10140.899580684458
2021-11-05 12:00:00,10129.0,10051.064994816134,10081.421,10064.07371407445
2021-11-05 13:00:00,10190.0,10143.373440680061,10155.583,10148.60537078829
2021-11-05 14:00:00,10477.0,10333.599932684347,10330.909,10332.446630885395
2021-11-05 15:00:00,10610.0,10575.769430483138,10565.272,10571.270732214143
2021-11-05 16:00:00,10606.0,10631.253848379072,10635.557,10633.097673218428
2021-11-05 17:00:00,10498.0,10502.100305423226,10481.473,10493.2603933751
2021-11-05 18:00:00,10179.0,10148.093562954515,10159.139,10152.82667352279
2021-11-05 19:00:00,9699.0,9817.207056799349,9879.245,9843.792333408463
2021-11-05 20:00:00,9712.0,9537.948483880007,9538.298,9538.098135617125
2021-11-05 21:00:00,9481.0,9454.438975806892,9478.15,9464.600120586227
2021-11-05 22:00:00,8962.0,9278.639322290057,9319.642,9296.210301392432
2021-11-05 23:00:00,8626.0,9062.126170701807,9066.425,9063.968272132268
2021-11-06 00:00:00,9480.5,8780.417893694714,8817.663,8796.37879687412
2021-11-06 01:00:00,9480.5,9453.306760438863,9483.054,9466.054419342665
2021-11-06 02:00:00,8445.0,9373.120732869944,9416.758,9391.820641895114
2021-11-06 03:00:00,8524.0,8571.926492817236,8581.108,8575.86128511934
2021-11-06 04:00:00,8739.0,8570.072814057228,8590.827,8578.966770541323
2021-11-06 05:00:00,8906.0,8918.308780422198,8898.425,8909.787761862492
2021-11-06 06:00:00,8987.0,9124.861199775809,9122.622,9123.901562416118
2021-11-06 07:00:00,9186.0,9163.835054436846,9126.73,9147.93419055398
2021-11-06 08:00:00,9355.0,9320.20979100878,9308.767,9315.305900897098
2021-11-06 09:00:00,9480.0,9405.268583867259,9399.731,9402.895574251295
2021-11-06 10:00:00,9513.0,9472.898548302275,9481.688,9476.665203262906
2021-11-06 11:00:00,9484.0,9500.174248401136,9512.208,9505.331124017572
2021-11-06 12:00:00,9490.0,9481.277106690806,9506.1455,9491.933955315355
2021-11-06 13:00:00,9637.0,9628.52809564058,9613.755,9622.197246900414
2021-11-06 14:00:00,10038.0,9877.725702958269,9850.986,9866.266659243342
2021-11-06 15:00:00,10392.0,10191.25987930074,10180.865,10186.805188746657
2021-11-06 16:00:00,10513.0,10330.085313510926,10327.904,10329.150557133273
2021-11-06 17:00:00,10407.0,10301.353698421532,10276.57,10290.732956566106
2021-11-06 18:00:00,10164.0,9940.398822620939,9889.797,9918.713886972982
2021-11-06 19:00:00,9768.0,9657.433654517457,9687.047,9670.123917938265
2021-11-06 20:00:00,9858.0,9455.002453942876,9441.795,9449.342537853583
2021-11-06 21:00:00,9760.0,9387.538352700094,9382.129,9385.220183814137
2021-11-06 22:00:00,9339.0,9143.021921179621,9093.867,9121.957239595813
2021-11-06 23:00:00,9022.0,8855.358587416471,8858.872,8856.86408163379
2021-11-07 00:00:00,8863.0,8735.360778317086,8751.669,8742.349300290825
2021-11-07 01:00:00,8747.0,8716.320630024806,8720.081,8717.931932003718
2021-11-07 02:00:00,8793.0,8657.121620220392,8704.155,8677.277159686684
2021-11-07 03:00:00,8868.0,8736.206777673586,8709.008,8724.551019647744
2021-11-07 04:00:00,9087.0,8845.904851442936,8797.362,8825.102487013013
2021-11-07 05:00:00,9255.0,9112.40152801019,9092.411,9103.834783272006
2021-11-07 06:00:00,9312.0,9257.845621725715,9266.797,9261.681467225058
2021-11-07 07:00:00,9562.0,9301.849638984811,9331.132,9314.397975174335
2021-11-07 08:00:00,9769.0,9551.653294393212,9532.28,9543.351075313527
2021-11-07 09:00:00,9853.0,9742.326975410653,9741.439,9741.946422704666
2021-11-07 10:00:00,9875.0,9758.173853006394,9747.505,9753.6014537775
2021-11-07 11:00:00,9799.0,9775.690271614374,9775.154,9775.460566373455
2021-11-07 12:00:00,9854.0,9720.33709400171,9718.392,9719.503057976684
2021-11-07 13:00:00,9994.0,9860.619329737012,9834.409,9849.386989750961
2021-11-07 14:00:00,10340.0,10175.785703851723,10168.247,10172.555037827595
2021-11-07 15:00:00,10503.0,10474.634984097425,10485.854,10479.442409864334
2021-11-07 16:00:00,10557.0,10485.156815043858,10546.692,10511.527028115725
2021-11-07 17:00:00,10527.0,10486.618652572773,10464.75,10477.247180332557
2021-11-07 18:00:00,10337.0,10207.119986640007,10207.604,10207.327155133233
2021-11-07 19:00:00,9963.0,9929.028109771423,9991.055,9955.608519282403
2021-11-07 20:00:00,10184.0,9811.165102741063,9865.988,9834.658913954936
2021-11-07 21:00:00,10067.0,9992.272534208449,10027.084,10007.190332228993
2021-11-07 22:00:00,9641.0,9661.960522211035,9715.849,9685.053630416129
2021-11-07 23:00:00,10260.5,9435.690053754506,9369.931,9407.509577816469
2021-11-08 00:00:00,10338.5,10315.578319232218,10335.827,10324.2553609131
2021-11-08 01:00:00,10384.0,10382.407583718428,10373.831,10378.731970019697
2021-11-08 02:00:00,10465.5,10362.351164557984,10331.055,10348.939406569825
2021-11-08 03:00:00,10515.0,10342.183621970291,10250.8,10303.022304996157
2021-11-08 04:00:00,10428.0,10453.71674947,10477.012,10463.699342636093
2021-11-08 05:00:00,10957.0,10758.456850331771,10691.132,10729.60544658856
2021-11-08 06:00:00,11025.0,11128.81762410896,11069.657,11103.464974311679
2021-11-08 07:00:00,11094.0,10934.430815980266,10952.519,10942.181792841993
2021-11-08 08:00:00,11021.0,11019.99030259389,11066.993,11040.132545505692
2021-11-08 09:00:00,11007.0,10992.479857483073,10986.284,10989.824419936196
2021-11-08 10:00:00,10916.0,10920.027829929992,10923.179,10921.37777179517
2021-11-08 11:00:00,10898.0,10822.265805267623,10833.656,10827.147075064317
2021-11-08 12:00:00,10858.0,10843.168897663702,10853.476,10847.585590624594
2021-11-08 13:00:00,10939.0,10913.767538112199,10892.272,10904.556103748619
2021-11-08 14:00:00,11175.0,11079.083760194115,11081.838,11080.264107980049
2021-11-08 15:00:00,11312.0,11211.79878059377,11277.607,11239.999922954074
2021-11-08 16:00:00,11247.0,11267.241707163192,11312.099,11286.464285997834
2021-11-08 17:00:00,11316.0,11209.081820068297,11247.348,11225.479994396197
2021-11-08 18:00:00,11191.0,11110.141733864903,11082.521,11098.30508256041
2021-11-08 19:00:00,10775.0,10692.067914475127,10716.702,10702.624609786864
2021-11-08 20:00:00,10800.0,10629.106497399353,10620.93,10625.60247439771
2021-11-08 21:00:00,10600.0,10520.618337230138,10544.881,10531.01562168785
2021-11-08 22:00:00,10187.0,10557.209649099348,10583.416,10568.439887735247
2021-11-08 23:00:00,10986.0,10690.212603890035,10471.345,10596.419348227471
2021-11-09 00:00:00,11104.0,10982.239671693871,10973.223,10978.3753609488
2021-11-09 01:00:00,11183.0,11075.587697969606,11074.057,11074.931275563125
2021-11-09 02:00:00,11219.0,11182.482669878602,11147.019,11167.284925644133
2021-11-09 03:00:00,11279.5,11157.855729448504,11135.966,11148.475203296968
2021-11-09 04:00:00,11033.0,10964.50371122474,10963.557,10964.097819472343
2021-11-09 05:00:00,11457.0,11212.734297975408,11201.309,11207.837759520276
2021-11-09 06:00:00,11512.0,11487.153015442756,11490.228,11488.47050293707
2021-11-09 07:00:00,11550.0,11416.966539716781,11431.047,11423.000175289384
2021-11-09 08:00:00,11521.0,11414.465054213651,11454.3,11431.535511718874
2021-11-09 09:00:00,11586.0,11380.8799938887,11428.107,11401.118759073113
2021-11-09 10:00:00,11560.0,11399.902088124072,11475.397,11432.254325753125
2021-11-09 11:00:00,11458.0,11426.165722851298,11431.601,11428.494476116597
2021-11-09 12:00:00,11401.0,11328.086458538242,11349.263,11337.16110182903
2021-11-09 13:00:00,11438.0,11396.402756197569,11388.789,11393.139839665051
2021-11-09 14:00:00,11603.0,11510.756744027547,11507.325,11509.285829232325
2021-11-09 15:00:00,11637.0,11632.868938924705,11625.832,11629.85314287724
2021-11-09 16:00:00,11533.0,11607.658139483805,11599.773,11604.279102433185
2021-11-09 17:00:00,11527.0,11555.08940626799,11509.687,11535.632528560693
2021-11-09 18:00:00,11217.0,11343.21180042414,11322.552,11334.357903240401
2021-11-09 19:00:00,10649.0,10747.143702146142,10736.7705,10742.698502338202
2021-11-09 20:00:00,10613.0,10565.978421402659,10593.315,10577.693107353474
2021-11-09 21:00:00,10293.0,10400.6948119398,10430.072,10413.28401347654
2021-11-09 22:00:00,10559.0,10532.74255626002,10514.11,10524.757645242524
2021-11-09 23:00:00,10550.0,10795.384426637862,10885.6,10834.044629348487
2021-11-10 00:00:00,10522.5,10746.863147321215,10806.413,10772.382413815425
2021-11-10 01:00:00,10480.0,10771.740469615412,10829.698,10796.577407724923
2021-11-10 02:00:00,10456.5,10696.4229274906,10757.08,10722.416562831015
2021-11-10 03:00:00,10456.5,10683.493262122856,10640.329,10664.99550620262
2021-11-10 04:00:00,10129.0,10582.716693304337,10539.24,10564.085076677493
2021-11-10 05:00:00,10563.0,10651.29174158921,10706.996,10675.162852891415
2021-11-10 06:00:00,10555.0,10867.969636223492,10895.276,10879.671390048103
2021-11-10 07:00:00,10545.0,10720.119426954303,10770.149,10741.55883006606
2021-11-10 08:00:00,10453.0,10677.98178210029,10744.061,10706.299022288538
2021-11-10 09:00:00,10500.0,10605.206180344225,10658.891,10628.211896938736
2021-11-10 10:00:00,10460.0,10641.891448053051,10667.874,10653.025792806304
2021-11-10 11:00:00,10411.0,10593.909082232756,10562.701,10580.535316123998
2021-11-10 12:00:00,10349.0,10514.941175065567,10526.307,10519.811370562053
2021-11-10 13:00:00,10405.0,10584.669298153942,10602.926,10592.492911000827
2021-11-10 14:00:00,10582.0,10674.838701413923,10687.934,10680.450132451318
2021-11-10 15:00:00,10653.0,10838.57071843001,10870.903,10852.426161370378
2021-11-10 16:00:00,10672.0,10746.841553071426,10784.515,10762.985796149049
2021-11-10 17:00:00,10674.0,10763.100646349565,10768.505,10765.416432444923
2021-11-10 18:00:00,10446.0,10583.41704737845,10602.734,10591.695264310147
2021-11-10 19:00:00,9938.0,10106.772700444306,10116.01,10110.73089255608
2021-11-10 20:00:00,9972.0,9982.75218082553,10078.169,10023.641400621225
2021-11-10 21:00:00,9692.0,9872.621261202026,10004.102,9928.965380442445
2021-11-10 22:00:00,10408.0,10115.648171166264,10066.933,10094.771648911556
2021-11-10 23:00:00,10408.0,10304.541775231008,10336.908,10318.411759257953
2021-11-11 00:00:00,10377.0,10434.891906218296,10419.674,10428.370345323001
2021-11-11 01:00:00,10372.5,10390.395053145043,10424.898,10405.180793511487
2021-11-11 02:00:00,10380.5,10350.909293451026,10384.456,10365.285073760826
2021-11-11 03:00:00,10380.5,10365.654991431478,10295.756,10335.700469463885
2021-11-11 04:00:00,9916.0,10132.472033733204,10121.559,10127.795049696319
2021-11-11 05:00:00,10499.0,10280.086798351718,10301.63,10289.318471842511
2021-11-11 06:00:00,10586.0,10698.006653809041,10666.278,10684.409983306788
2021-11-11 07:00:00,10572.0,10597.920750197125,10579.564,10590.054399893997
2021-11-11 08:00:00,10590.0,10561.009668923161,10555.778,10558.767709846868
2021-11-11 09:00:00,10568.0,10581.332873615027,10569.3545,10576.19954786023
2021-11-11 10:00:00,10532.0,10538.078169512799,10525.475,10532.676869928233
2021-11-11 11:00:00,10317.0,10502.180222809207,10467.808,10487.45010620208
2021-11-11 12:00:00,10340.0,10315.280710125708,10285.978,10302.722983524449
2021-11-11 13:00:00,10421.0,10467.115958704564,10419.788,10446.834038882147
2021-11-11 14:00:00,10698.0,10630.319600739886,10649.267,10638.43878491977
2021-11-11 15:00:00,10823.0,10812.627304464213,10820.477,10815.991075752943
2021-11-11 16:00:00,10748.0,10850.0546641829,10851.645,10850.735885954331
2021-11-11 17:00:00,10714.0,10746.108701563377,10730.717,10739.512799142227
2021-11-11 18:00:00,10527.0,10449.150695828508,10440.09,10445.267744637116
2021-11-11 19:00:00,10063.0,10155.400313444467,10135.776,10146.990494987376
2021-11-11 20:00:00,10097.0,9973.52184475223,9980.732,9976.61171890582
2021-11-11 21:00:00,9791.0,9921.996582744212,9892.848,9909.505298256176
2021-11-11 22:00:00,10380.5,10080.044358141493,10033.906,10060.272542119457
2021-11-11 23:00:00,10380.5,10350.080451337786,10324.354,10339.055561483605
2021-11-12 00:00:00,10474.0,10400.615097744343,10416.676,10407.497737078
2021-11-12 01:00:00,10537.5,10488.023646594094,10511.166,10497.940707942322
2021-11-12 02:00:00,10557.0,10531.639369144603,10559.321,10543.501725941223
2021-11-12 03:00:00,10557.0,10485.392916135708,10506.8955,10494.607263739907
2021-11-12 04:00:00,10082.0,10262.46926552641,10268.215,10264.931361332028
2021-11-12 05:00:00,10595.0,10427.877181424708,10459.424,10441.395866782721
2021-11-12 06:00:00,10666.0,10775.804658013836,10756.154,10767.383829217593
2021-11-12 07:00:00,10746.0,10631.747875027491,10657.523,10642.793565567568
2021-11-12 08:00:00,10710.0,10680.357184099306,10714.689,10695.069563443147
2021-11-12 09:00:00,10720.0,10679.99521418427,10692.506,10685.3563632416
2021-11-12 10:00:00,10658.0,10658.550994345207,10666.412,10661.919648328676
2021-11-12 11:00:00,10576.0,10554.358097113429,10556.354,10555.213162276123
2021-11-12 12:00:00,10548.0,10543.465372845347,10560.993,10550.976650673223
2021-11-12 13:00:00,10566.0,10633.499346445606,10613.35,10624.864291534788
2021-11-12 14:00:00,10758.0,10739.481153455341,10765.319,10750.553523205617
2021-11-12 15:00:00,10846.0,10860.25788199502,10881.49,10869.356690190936
2021-11-12 16:00:00,10861.0,10876.369609594407,10851.2705,10865.613756931549
2021-11-12 17:00:00,10747.0,10807.7290289567,10798.087,10803.59667591008
2021-11-12 18:00:00,10501.0,10439.635688897106,10421.932,10432.048528486768
2021-11-12 19:00:00,9944.0,10117.275585142597,10114.607,10116.131832158273
2021-11-12 20:00:00,9989.0,9906.695638310866,9888.524,9898.90834173482
2021-11-12 21:00:00,9860.0,9741.983330423569,9693.82,9721.34379218434
2021-11-12 22:00:00,9484.0,9553.049337149538,9510.166,9534.67205596266
2021-11-12 23:00:00,9991.5,9350.557537153752,9386.869,9366.118252560133
2021-11-13 00:00:00,9991.5,9859.703444530775,9904.524,9878.910958191254
2021-11-13 01:00:00,9991.5,9862.091738427183,9898.738,9877.795800186665
2021-11-13 02:00:00,9991.5,9761.015303642303,9798.651,9777.143695747665
2021-11-13 03:00:00,9991.5,9721.646439249154,9721.334,9721.51253128512
2021-11-13 04:00:00,9455.0,9571.017822158616,9607.863,9586.807330210544
2021-11-13 05:00:00,9729.0,9476.604201917684,9500.555,9486.86780948113
2021-11-13 06:00:00,9824.0,9867.980572108943,9891.739,9878.16202945473
2021-11-13 07:00:00,9994.0,9882.07615195498,9905.953,9892.307957242978
2021-11-13 08:00:00,10218.0,9975.088276996818,10000.91,9986.153850201972
2021-11-13 09:00:00,10285.0,10161.12359159014,10205.23,10180.024810644367
2021-11-13 10:00:00,10238.0,10175.592871512747,10215.527,10192.706071679233
2021-11-13 11:00:00,10167.0,10115.640552626115,10145.659,10128.504599882475
2021-11-13 12:00:00,10212.0,10051.28992538718,10099.753,10072.058210686488
2021-11-13 13:00:00,10382.0,10278.818829437043,10316.154,10294.818483436138
2021-11-13 14:00:00,10774.0,10572.475726027871,10573.471,10572.902172661255
2021-11-13 15:00:00,10968.0,10875.147816417286,10863.435,10870.127949236241
2021-11-13 16:00:00,11059.0,10926.94416438946,10922.802,10925.169070739134
2021-11-13 17:00:00,10931.0,10872.282546369272,10878.743,10875.051099250955
2021-11-13 18:00:00,10600.0,10562.198403254288,10527.61,10547.376227185336
2021-11-13 19:00:00,10131.0,10038.733452017928,10071.703,10052.86213836295
2021-11-13 20:00:00,10311.0,9905.421025152955,9937.489,9919.163345449355
2021-11-13 21:00:00,10076.0,9951.460675601236,9958.639,9954.536795532458
2021-11-13 22:00:00,9675.0,9571.589987600006,9592.567,9580.57961429842
2021-11-13 23:00:00,9335.0,9385.435911295866,9415.266,9398.218910889253
2021-11-14 00:00:00,9142.0,9094.858792839395,9064.172,9081.708190318288
2021-11-14 01:00:00,9066.0,9063.051502573635,9059.363,9061.470942349644
2021-11-14 02:00:00,9051.0,9027.316124420084,9086.138,9052.523115750224
2021-11-14 03:00:00,9190.0,9062.055520628279,9086.211,9072.406902109837
2021-11-14 04:00:00,9375.0,9242.37336804082,9242.696,9242.511516086284
2021-11-14 05:00:00,9492.0,9483.033005279416,9472.269,9478.419808904571
2021-11-14 06:00:00,9680.0,9660.19806120964,9645.397,9653.855530554676
2021-11-14 07:00:00,9890.0,9807.196832238104,9814.732,9810.425860712972
2021-11-14 08:00:00,10079.0,10005.451106322913,10006.09,10005.724821350432
2021-11-14 09:00:00,10086.0,10143.133737767914,10125.297,10135.489873730763
2021-11-14 10:00:00,10036.0,10106.17690086685,10100.307,10103.660922737803
2021-11-14 11:00:00,9968.0,10000.835023217329,10014.865,10006.847152876857
2021-11-14 12:00:00,9959.0,9973.29894208234,9997.377,9983.61715069625
2021-11-14 13:00:00,10030.0,10106.160249271079,10112.495,10108.875039773367
2021-11-14 14:00:00,10353.0,10307.098998305602,10303.137,10305.400950589801
2021-11-14 15:00:00,10588.0,10557.278794486587,10554.021,10555.88272210334
2021-11-14 16:00:00,10618.0,10674.018797421435,10670.796,10672.637349076398
2021-11-14 17:00:00,10610.0,10587.454834004458,10552.133,10572.318141125888
2021-11-14 18:00:00,10503.0,10337.237298727618,10308.361,10324.862654664179
2021-11-14 19:00:00,10163.0,10070.605845931415,10107.459,10086.398797712382
2021-11-14 20:00:00,10415.0,10139.245590245728,10173.541,10153.942256274422
2021-11-14 21:00:00,10398.0,10223.641333160786,10208.226,10217.035100955603
2021-11-14 22:00:00,10110.0,9919.663279819997,9953.045,9933.968287836722
2021-11-14 23:00:00,9812.0,9881.236040539341,9950.234,9910.804426847299
2021-11-15 00:00:00,9652.0,10161.28645638823,10153.756,10158.059288159755
2021-11-15 01:00:00,9657.0,10110.38826155246,10067.176,10091.86980717579
2021-11-15 02:00:00,9734.0,10055.240786430624,10057.634,10056.266178341402
2021-11-15 03:00:00,10078.0,10035.117191216596,10072.262,10051.034835612974
2021-11-15 04:00:00,10886.0,10342.152109013407,10279.194,10315.172265245808
2021-11-15 05:00:00,11449.0,11194.760070975783,11201.843,11197.795151200784
2021-11-15 06:00:00,11602.0,11540.527178114193,11550.026,11544.597858048206
2021-11-15 07:00:00,11599.0,11539.408326830067,11551.577,11544.623026310863
2021-11-15 08:00:00,11537.0,11489.759228791298,11519.679,11502.58046385317
2021-11-15 09:00:00,11531.0,11484.826924561192,11467.574,11477.433219404522
2021-11-15 10:00:00,11409.0,11471.738309154256,11457.601,11465.679629433278
2021-11-15 11:00:00,11261.0,11334.283957380578,11347.467,11339.933214115594
2021-11-15 12:00:00,11153.0,11239.125545738028,11230.506,11235.431597776987
2021-11-15 13:00:00,11192.0,11256.482114722268,11216.996,11239.560690294233
2021-11-15 14:00:00,11272.0,11324.286580804148,11307.132,11316.934923416477
2021-11-15 15:00:00,11213.0,11372.393454275207,11346.457,11361.278778222226
2021-11-15 16:00:00,11104.0,11309.521124217199,11284.269,11298.699154362432
2021-11-15 17:00:00,11075.0,11190.049090950566,11173.17,11182.815401051786
2021-11-15 18:00:00,10819.0,10936.455531994045,10910.222,10925.213355585036
2021-11-15 19:00:00,10342.0,10515.89901145671,10526.674,10520.516453812004
2021-11-15 20:00:00,10498.0,10508.255683130603,10529.84,10517.505017007436
2021-11-15 21:00:00,10120.0,10480.998042513214,10471.283,10476.834524006677
2021-11-15 22:00:00,10536.0,10694.784748494143,10702.704,10698.178157457185
2021-11-15 23:00:00,10534.0,10779.573671906095,10787.115,10782.805260700265
2021-11-16 00:00:00,10514.0,10670.638995340396,10608.012,10643.800642572158
2021-11-16 01:00:00,10495.5,10592.826443240345,10611.411,10600.790651040943
2021-11-16 02:00:00,10495.5,10593.638551538475,10578.635,10587.20884274339
2021-11-16 03:00:00,10495.5,10598.729349250914,10536.966,10572.261113535618
2021-11-16 04:00:00,10495.5,10618.945718089924,10693.498,10650.894105804364
2021-11-16 05:00:00,10493.0,10927.491845692512,10992.979,10955.55529272645
2021-11-16 06:00:00,10542.0,10851.446341851835,10900.666,10872.538502975316
2021-11-16 07:00:00,10559.0,10722.058711372183,10767.415,10741.495185063173
2021-11-16 08:00:00,10552.0,10709.380610301454,10732.739,10719.3907397767
2021-11-16 09:00:00,10530.0,10685.76418525204,10713.891,10697.817181354561
2021-11-16 10:00:00,10538.0,10628.473966671116,10663.789,10643.607705478695
2021-11-16 11:00:00,10485.0,10637.273514668294,10643.237,10639.829195872218
2021-11-16 12:00:00,10480.0,10572.907354086628,10598.886,10584.03994556494
2021-11-16 13:00:00,10579.0,10692.170445118654,10741.456,10713.291112449573
2021-11-16 14:00:00,10839.0,10829.085372149108,10866.01,10844.908465507644
2021-11-16 15:00:00,10813.0,10960.786814735347,10997.036,10976.320917269783
2021-11-16 16:00:00,10762.0,10887.37784888591,10888.911,10888.034933482071
2021-11-16 17:00:00,10677.0,10845.018257875121,10846.0625,10845.46567441968
2021-11-16 18:00:00,10555.0,10511.056116071912,10487.707,10501.050186055363
2021-11-16 19:00:00,10100.0,10255.405664957054,10221.783,10240.997311451512
2021-11-16 20:00:00,10153.0,10172.934544137093,10221.05,10193.553634193391
2021-11-16 21:00:00,9936.0,10065.922556901865,10083.144,10073.302059452919
2021-11-16 22:00:00,10482.5,10245.208897713577,10318.151,10276.467107541062
2021-11-16 23:00:00,10482.5,10541.592901387236,10499.251,10523.447617459857
2021-11-17 00:00:00,10462.0,10495.983581222566,10492.738,10494.59254630574
2021-11-17 01:00:00,10417.0,10488.885186821622,10466.084,10479.11371068143
2021-11-17 02:00:00,10417.0,10403.452985375183,10430.587,10415.080911671303
2021-11-17 03:00:00,10417.0,10355.031320943059,10343.896,10350.259313801498
2021-11-17 04:00:00,9836.0,10209.642143887932,10264.43,10233.120526379811
2021-11-17 05:00:00,10373.0,10283.49628675105,10360.643,10316.555932052568
2021-11-17 06:00:00,10567.0,10536.900201732002,10561.997,10547.655071685085
2021-11-17 07:00:00,10530.0,10574.499635093054,10597.113,10584.190110200238
2021-11-17 08:00:00,10493.0,10545.669621397577,10558.459,10551.15036046588
2021-11-17 09:00:00,10500.0,10529.845230840003,10526.492,10528.408082255271
2021-11-17 10:00:00,10524.0,10498.604824820755,10468.2295,10485.587561302615
2021-11-17 11:00:00,10444.0,10481.784137815526,10468.961,10476.28863148503
2021-11-17 12:00:00,10390.0,10385.744219635864,10384.296,10385.123598486625
2021-11-17 13:00:00,10539.0,10475.647666138619,10470.019,10473.235476018963
2021-11-17 14:00:00,10757.0,10716.191768430097,10729.319,10721.817246800842
2021-11-17 15:00:00,10817.0,10822.27449564479,10834.476,10827.503115515236
2021-11-17 16:00:00,10817.0,10820.816839553685,10808.0,10815.32441533692
2021-11-17 17:00:00,10853.0,10776.717400106943,10786.575,10780.941560697045
2021-11-17 18:00:00,10558.0,10579.737219035413,10547.497,10565.920990507699
2021-11-17 19:00:00,10081.0,10155.325025457276,10141.845,10149.54805659845
2021-11-17 20:00:00,10051.0,9980.792170521025,10036.048,10004.471033570473
2021-11-17 21:00:00,9805.0,9857.886512480558,9844.998,9852.363370746007
2021-11-17 22:00:00,10260.0,10234.534813211343,10254.246,10242.98151711675
2021-11-17 23:00:00,10260.0,10318.13823989633,10356.336,10334.507324287279
2021-11-18 00:00:00,10220.5,10310.132055349906,10294.8545,10303.584915165164
2021-11-18 01:00:00,10220.5,10270.190672548733,10267.775,10269.155386000992
2021-11-18 02:00:00,10220.5,10220.29835149961,10240.125,10228.794631284862
2021-11-18 03:00:00,10220.5,10207.898864671595,10204.374,10206.387978049526
2021-11-18 04:00:00,9719.0,10030.72470403291,10019.059,10025.725373704594
2021-11-18 05:00:00,10203.0,10232.292707464916,10259.436,10243.924356918298
2021-11-18 06:00:00,10341.0,10476.022541009355,10479.714,10477.604488429908
2021-11-18 07:00:00,10290.0,10396.67379908586,10412.757,10403.565741788261
2021-11-18 08:00:00,10238.0,10319.992499756787,10346.018,10331.145090864786
2021-11-18 09:00:00,10282.0,10296.192423152692,10303.886,10299.489043244914
2021-11-18 10:00:00,10289.0,10307.910728201716,10322.481,10314.154863549358
2021-11-18 11:00:00,10185.0,10274.475284142047,10267.367,10271.429079867856
2021-11-18 12:00:00,10247.0,10215.983204261149,10214.41,10215.309151477999
2021-11-18 13:00:00,10410.0,10379.239420452926,10388.286,10383.116305001175
2021-11-18 14:00:00,10676.0,10584.61446556463,10602.306,10592.195462903634
2021-11-18 15:00:00,10730.0,10750.401429929098,10761.925,10755.339471290907
2021-11-18 16:00:00,10729.0,10755.246299605227,10765.022,10759.435773532714
2021-11-18 17:00:00,10675.0,10722.89564627691,10718.586,10721.04865801174
2021-11-18 18:00:00,10550.0,10406.680684207382,10364.363,10388.546028772542
2021-11-18 19:00:00,10271.0,10130.524860381383,10115.929,10124.269713806229
2021-11-18 20:00:00,10255.0,10061.69785950994,10085.524,10071.908307482128
2021-11-18 21:00:00,10046.0,9937.881957891681,9927.336,9933.362505050674
2021-11-18 22:00:00,9628.0,10141.363856040993,10160.426,10149.53265038404
2021-11-18 23:00:00,10340.5,10107.232414816666,10047.751,10081.742137634019
2021-11-19 00:00:00,10480.0,10331.2883188137,10379.414,10351.911761059204
2021-11-19 01:00:00,10576.5,10467.964852162657,10478.886,10472.6448339871
2021-11-19 02:00:00,10639.0,10526.002951430704,10561.256,10541.10982127627
2021-11-19 03:00:00,10639.0,10490.842552518025,10513.707,10500.64047659179
2021-11-19 04:00:00,10227.0,10277.274607430612,10314.355,10293.165021039895
2021-11-19 05:00:00,10692.0,10476.32806431314,10504.564,10488.428497867357
2021-11-19 06:00:00,10949.0,10860.517201326535,10818.406,10842.471190282213
2021-11-19 07:00:00,10924.0,10912.641244223167,10924.76,10917.834343053988
2021-11-19 08:00:00,10936.0,10842.9014569385,10875.003,10856.657855704361
2021-11-19 09:00:00,10946.0,10917.631186142535,10930.703,10923.232787049183
2021-11-19 10:00:00,10852.0,10906.654864022275,10891.587,10900.197525773958
2021-11-19 11:00:00,10697.0,10768.411620837274,10751.24,10761.053022291562
2021-11-19 12:00:00,10603.0,10666.763619020365,10677.308,10671.28180776496
2021-11-19 13:00:00,10744.0,10700.03978717912,10679.049,10691.044500791828
2021-11-19 14:00:00,10987.0,10928.174222834881,10934.149,10930.734797044968
2021-11-19 15:00:00,10894.0,11084.737497637441,11121.38,11100.439836017093
2021-11-19 16:00:00,10934.0,10968.87363440051,10969.814,10969.276711095605
2021-11-19 17:00:00,10897.0,10960.366244624956,10965.835,10962.709483109718
2021-11-19 18:00:00,10569.0,10672.76118388151,10632.855,10655.659879949813
2021-11-19 19:00:00,10096.0,10189.286673722809,10200.145,10193.939781080564
2021-11-19 20:00:00,10151.0,10077.978580140158,10169.738,10117.301010048624
2021-11-19 21:00:00,9929.0,9992.924958542664,9950.437,9974.716977427503
2021-11-19 22:00:00,9497.0,9630.402033752964,9606.12,9619.996161221714
2021-11-19 23:00:00,10065.0,9610.60016770193,9719.786,9657.390081173055
2021-11-20 00:00:00,10065.0,9970.915160707924,9994.822,9981.160180410585
2021-11-20 01:00:00,10065.0,9971.383732613043,9978.3955,9974.388401306493
2021-11-20 02:00:00,10065.0,9947.948040539919,9939.287,9944.236484533962
2021-11-20 03:00:00,10065.0,9908.803982635984,9896.818,9903.667382493983
2021-11-20 04:00:00,9356.0,9639.663033487215,9687.645,9660.224518439709
2021-11-20 05:00:00,9514.0,9446.134101442334,9487.88,9464.023622738361
2021-11-20 06:00:00,9731.0,9734.171625108245,9751.081,9741.4177747241
2021-11-20 07:00:00,9842.0,9932.82785620194,9895.331,9916.758939066023
2021-11-20 08:00:00,10034.0,9970.648390343224,9954.507,9963.73087545182
2021-11-20 09:00:00,10122.0,10085.371946119883,10079.967,10083.055344717368
2021-11-20 10:00:00,10165.0,10120.293558892481,10125.425,10122.492235777218
2021-11-20 11:00:00,10134.0,10095.934244670463,10105.036,10099.834475440704
2021-11-20 12:00:00,10106.0,10119.265474878897,10132.569,10124.966735147134
2021-11-20 13:00:00,10400.0,10246.68558028914,10285.046,10263.124454095692
2021-11-20 14:00:00,10736.0,10586.97318617319,10613.13,10598.18205719224
2021-11-20 15:00:00,10873.0,10871.73322997486,10870.712,10871.295290525079
2021-11-20 16:00:00,10933.0,10853.209375951845,10861.489,10856.757438154129
2021-11-20 17:00:00,10836.0,10864.947150216367,10862.329,10863.825009401957
2021-11-20 18:00:00,10458.0,10440.318696017293,10436.246,10438.573119377026
2021-11-20 19:00:00,10039.0,9974.671559403689,9995.223,9983.478211364383
2021-11-20 20:00:00,10195.0,9958.152018406458,10008.206,9979.601863738822
2021-11-20 21:00:00,9958.0,9926.900711259552,9938.912,9932.04806240983
2021-11-20 22:00:00,9596.0,9491.542997677238,9463.631,9479.581541771859
2021-11-20 23:00:00,9341.0,9321.89706933302,9352.728,9335.108985831701
2021-11-21 00:00:00,9149.0,9092.72098638613,9082.079,9088.160340376016
2021-11-21 01:00:00,9053.0,9017.741568134214,9066.561,9038.662203309825
2021-11-21 02:00:00,9066.0,9029.905026542934,9092.933,9056.914443700678
2021-11-21 03:00:00,9146.0,9062.686699957952,9131.123,9092.01418000408
2021-11-21 04:00:00,9341.0,9214.49847381874,9193.071,9205.315921982923
2021-11-21 05:00:00,9410.0,9407.175338007726,9424.996,9414.81211868352
2021-11-21 06:00:00,9543.0,9548.700111227983,9572.912,9559.075548702542
2021-11-21 07:00:00,9750.0,9667.36504408853,9657.406,9663.097194793823
2021-11-21 08:00:00,10002.0,9859.486405621961,9839.21,9850.797182312564
2021-11-21 09:00:00,10068.0,10079.80364983754,10062.056,10072.197974423598
2021-11-21 10:00:00,10179.0,10080.795372582254,10065.157,10074.093809201904
2021-11-21 11:00:00,10149.0,10137.757800622878,10115.8545,10128.371335886688
2021-11-21 12:00:00,10174.0,10092.24759644924,10080.003,10087.000151983977
2021-11-21 13:00:00,10356.0,10262.210383084781,10308.746,10282.152560126066
2021-11-21 14:00:00,10673.0,10583.132291046173,10597.36,10589.229313842345
2021-11-21 15:00:00,10816.0,10796.3934308111,10787.865,10792.738425767573
2021-11-21 16:00:00,10899.0,10848.109506734252,10815.594,10834.1750809853
2021-11-21 17:00:00,10976.0,10821.292258161755,10779.372,10803.327544966476
2021-11-21 18:00:00,10772.0,10724.254182943872,10655.122,10694.628234601752
2021-11-21 19:00:00,10391.0,10303.411305734962,10338.93,10318.63194829439
2021-11-21 20:00:00,10648.0,10399.996050439166,10418.7295,10408.023857035034
2021-11-21 21:00:00,10596.0,10510.534017830922,10495.998,10504.304560413251
2021-11-21 22:00:00,10289.0,10189.09875689671,10209.95,10198.034053655227
2021-11-21 23:00:00,10013.0,10028.838279141255,10082.936,10052.020886146407
2021-11-22 00:00:00,10722.5,10166.695113330095,10147.24,10158.357656981494
2021-11-22 01:00:00,10794.0,10647.478949778575,10676.094,10659.74130627599
2021-11-22 02:00:00,10857.5,10704.64512725456,10668.356,10689.093764392259
2021-11-22 03:00:00,10340.0,10679.157516879612,10642.531,10663.461634296902
2021-11-22 04:00:00,11156.0,10584.977278577147,10522.605,10558.248500373255
2021-11-22 05:00:00,11639.0,11548.922612982671,11596.249,11569.203646968783
2021-11-22 06:00:00,11740.0,11798.19871480468,11840.973,11816.528853545202
2021-11-22 07:00:00,11759.0,11711.370596857781,11692.552,11703.30576127092
2021-11-22 08:00:00,11757.0,11659.227177326988,11694.649,11674.406633118855
2021-11-22 09:00:00,11710.0,11687.225490089171,11704.352,11694.564357958816
2021-11-22 10:00:00,11654.0,11640.608962562706,11641.06,11640.802161728774
2021-11-22 11:00:00,11585.0,11602.198653321406,11570.168,11588.472194386592
2021-11-22 12:00:00,11555.0,11544.135829775334,11585.769,11561.976964797082
2021-11-22 13:00:00,11691.0,11625.306027902865,11616.859,11621.686001459639
2021-11-22 14:00:00,11894.0,11780.580998757154,11783.77,11781.947302392437
2021-11-22 15:00:00,11979.0,11905.20362106422,11898.392,11902.284194267488
2021-11-22 16:00:00,11925.0,11913.992220625916,11908.51,11911.64249443749
2021-11-22 17:00:00,11908.0,11897.496884862952,11896.607,11897.115428435278
2021-11-22 18:00:00,11658.0,11719.043984192276,11688.753,11706.062891322537
2021-11-22 19:00:00,11231.0,11118.86030963509,11205.7295,11156.086745605211
2021-11-22 20:00:00,11256.0,11211.366835677854,11282.569,11241.87954710313
2021-11-22 21:00:00,10989.0,11079.450277151782,11137.922,11104.507250399874
2021-11-22 22:00:00,11571.0,11074.119723100743,11131.812,11098.84286998761
2021-11-22 23:00:00,11559.0,11559.865111501089,11583.641,11570.053563669719
2021-11-23 00:00:00,11543.5,11561.420659524074,11589.1875,11573.31945550073
2021-11-23 01:00:00,11534.0,11590.103958087724,11594.473,11591.97604650606
2021-11-23 02:00:00,11534.0,11588.292089392338,11549.735,11571.768754926346
2021-11-23 03:00:00,11534.0,11456.767621775625,11415.545,11439.10196912563
2021-11-23 04:00:00,11218.0,11318.600844904822,11337.624,11326.752628184124
2021-11-23 05:00:00,11690.0,11613.594292747535,11644.6455,11626.900888733744
2021-11-23 06:00:00,11701.0,11836.441388926873,11828.525,11833.049156370802
2021-11-23 07:00:00,11579.0,11680.026668912198,11700.73,11688.898737579995
2021-11-23 08:00:00,11619.0,11562.30038406693,11611.099,11583.211834284848
2021-11-23 09:00:00,11563.0,11614.544415038143,11614.504,11614.526856626606
2021-11-23 10:00:00,11532.0,11561.413724303406,11579.453,11569.144105557447
2021-11-23 11:00:00,11483.0,11518.024833123454,11518.064,11518.041814939115
2021-11-23 12:00:00,11536.0,11424.724375512204,11488.779,11452.174216886317
2021-11-23 13:00:00,11708.0,11663.073350486682,11625.455,11646.952236421057
2021-11-23 14:00:00,11961.0,11826.203119625377,11830.407,11828.004512898417
2021-11-23 15:00:00,11868.0,11947.783843867976,11993.755,11967.483930847731
2021-11-23 16:00:00,11680.0,11839.345435067811,11843.143,11840.97238422259
2021-11-23 17:00:00,11837.0,11713.551617123634,11704.219,11709.552134448903
2021-11-23 18:00:00,11653.0,11635.461287213664,11651.031,11642.133403075999
2021-11-23 19:00:00,11107.0,11078.979591034078,11130.404,11101.016590840183
2021-11-23 20:00:00,11132.0,11068.26726240904,11075.32,11071.289418738299
2021-11-23 21:00:00,10858.0,10903.885921928319,10919.455,10910.557559622841
2021-11-23 22:00:00,11122.5,11070.533759926462,11089.854,11078.812666377757
2021-11-23 23:00:00,11111.0,11184.14227360822,11267.884,11220.028250249297
2021-11-24 00:00:00,11108.0,11186.057308829064,11170.503,11179.391665687448
2021-11-24 01:00:00,11100.0,11184.185122276014,11108.202,11151.623537474385
2021-11-24 02:00:00,11100.0,11167.406050366948,11159.661,11164.087158690896
2021-11-24 03:00:00,11100.0,11080.953110297809,11077.084,11079.29477542247
2021-11-24 04:00:00,11100.0,10863.792008950339,10891.344,10875.598970519477
2021-11-24 05:00:00,10990.0,11415.381856639206,11395.521,11406.870954154565
2021-11-24 06:00:00,11164.0,11263.904802485064,11231.162,11249.873285194015
2021-11-24 07:00:00,11093.0,11237.086946232246,11247.149,11241.398937064401
2021-11-24 08:00:00,11113.0,11162.300942369715,11143.734,11154.34458118893
2021-11-24 09:00:00,11142.0,11164.32461688732,11118.04,11144.489806567566
2021-11-24 10:00:00,11109.0,11148.03746418489,11125.725,11138.475264244946
2021-11-24 11:00:00,11075.0,11067.849681976712,11054.056,11061.938482132218
2021-11-24 12:00:00,11093.0,11011.588288443445,11025.44,11017.524461610261
2021-11-24 13:00:00,11228.0,11280.357950701602,11253.867,11269.005637090282
2021-11-24 14:00:00,11399.0,11451.115790713975,11464.661,11456.92049457837
2021-11-24 15:00:00,11562.0,11533.28340034088,11541.757,11536.914359121609
2021-11-24 16:00:00,11577.0,11603.788641731784,11589.464,11597.64985748099
2021-11-24 17:00:00,11579.0,11597.854124899903,11589.307,11594.191115716281
2021-11-24 18:00:00,11279.0,11397.398118435647,11390.5625,11394.468906624228
2021-11-24 19:00:00,10890.0,10725.595328837804,10747.073,10734.799435502107
2021-11-24 20:00:00,11004.0,10835.465845205414,10837.594,10836.377426010291
2021-11-24 21:00:00,10745.0,10743.986098171965,10745.19,10744.501957505323
2021-11-24 22:00:00,10317.0,10842.222981098772,10840.551,10841.506459743625
2021-11-24 23:00:00,11160.5,10864.902531207508,10821.591,10846.341503460557
2021-11-25 00:00:00,11217.0,11189.719298297778,11204.76,11196.164534289266
2021-11-25 01:00:00,11246.0,11258.718241008304,11259.603,11259.096855325135
2021-11-25 02:00:00,11271.5,11260.805284074248,11243.9795,11253.594699757574
2021-11-25 03:00:00,11271.5,11146.777010944608,11155.603,11150.559160614894
2021-11-25 04:00:00,10870.0,11029.761260138164,10996.868,11015.66502024178
2021-11-25 05:00:00,11290.0,11204.590786805173,11168.3125,11189.043904513757
2021-11-25 06:00:00,11503.0,11463.84951052915,11419.875,11445.00447784589
2021-11-25 07:00:00,11361.0,11490.143756415375,11429.5625,11464.18253152151
2021-11-25 08:00:00,11312.0,11315.689688790813,11306.021,11311.546528649458
2021-11-25 09:00:00,11303.0,11307.109356511783,11298.466,11303.404901851409
2021-11-25 10:00:00,11332.0,11282.274655943742,11274.563,11278.97010454067
2021-11-25 11:00:00,11206.0,11272.797183946126,11292.271,11281.142455417348
2021-11-25 12:00:00,11264.0,11228.00621044456,11237.642,11232.135410493962
2021-11-25 13:00:00,11418.0,11346.217485479016,11360.085,11352.160014789108
2021-11-25 14:00:00,11581.0,11527.919934698562,11545.365,11535.395721721929
2021-11-25 15:00:00,11575.0,11642.681845811281,11692.631,11664.086836219347
2021-11-25 16:00:00,11494.0,11601.680057709558,11623.463,11611.014703181212
2021-11-25 17:00:00,11532.0,11484.72075478393,11511.68,11496.273426172707
2021-11-25 18:00:00,11309.0,11389.748991380842,11366.451,11379.764702933651
2021-11-25 19:00:00,10869.0,10827.580270579092,10815.6,10822.445816038844
2021-11-25 20:00:00,10972.0,10909.740801058317,10941.988,10923.559658546035
2021-11-25 21:00:00,10726.0,10777.977894999554,10783.946,10780.535422504878
2021-11-25 22:00:00,11286.5,10605.968332775028,10620.486,10612.189919599441
2021-11-25 23:00:00,11286.5,11277.806447352667,11243.976,11263.308776872098
2021-11-26 00:00:00,11363.5,11299.335623857018,11262.746,11283.65536953176
2021-11-26 01:00:00,11456.0,11333.058568696319,11372.8,11350.088906407182
2021-11-26 02:00:00,11513.0,11408.015524717213,11448.683,11425.442615334396
2021-11-26 03:00:00,11513.0,11425.641598015069,11428.153,11426.7179071933
2021-11-26 04:00:00,11140.0,11284.989422219454,11231.356,11262.005380727696
2021-11-26 05:00:00,11578.0,11483.08203576906,11516.803,11497.53227079189
2021-11-26 06:00:00,11721.0,11713.843764613952,11706.813,11710.830902442742
2021-11-26 07:00:00,11547.0,11684.240805975005,11666.388,11676.590165647085
2021-11-26 08:00:00,11667.0,11536.342168323716,11574.449,11552.672098587645
2021-11-26 09:00:00,11728.0,11604.302449894676,11623.452,11612.508421428436
2021-11-26 10:00:00,11701.0,11626.201543219573,11645.927,11634.654298623751
2021-11-26 11:00:00,11590.0,11574.426523075688,11617.206,11592.759154255858
2021-11-26 12:00:00,11544.0,11527.658572334136,11559.036,11541.104761143442
2021-11-26 13:00:00,11621.0,11598.552420503827,11638.28,11615.576982477387
2021-11-26 14:00:00,11773.0,11726.199106248516,11741.049,11732.562425973574
2021-11-26 15:00:00,11793.0,11788.573955460075,11838.369,11809.912933536603
2021-11-26 16:00:00,11825.0,11788.335150252913,11765.578,11778.58261745334
2021-11-26 17:00:00,12004.0,11743.089195693565,11743.189,11743.131973774134
2021-11-26 18:00:00,11933.0,11731.46330239843,11740.04,11735.138592307685
2021-11-26 19:00:00,11529.0,11321.980379800772,11363.6875,11339.853342158127
2021-11-26 20:00:00,11612.0,11440.415641323223,11396.705,11421.683680900183
2021-11-26 21:00:00,11461.0,11251.5827915163,11225.909,11240.580730792586
2021-11-26 22:00:00,11064.0,10961.745736242201,10964.978,10963.13062452986
2021-11-26 23:00:00,11562.5,10727.400712761304,10750.699,10737.384857209765
2021-11-27 00:00:00,11562.5,11401.17375871534,11464.661,11428.380452969555
2021-11-27 01:00:00,11596.5,11416.803674429346,11477.789,11442.937865463104
2021-11-27 02:00:00,11596.5,11455.008793171155,11478.754,11465.184265358444
2021-11-27 03:00:00,10778.0,11352.045653720923,11406.145,11375.22888066834
2021-11-27 04:00:00,11049.0,10454.405992632652,10445.78,10450.709430789906
2021-11-27 05:00:00,11214.0,11023.587215793998,11097.556,11055.285217591638
2021-11-27 06:00:00,11522.0,11420.517416189057,11405.084,11413.903394540728
2021-11-27 07:00:00,11581.0,11477.588582460483,11519.32,11495.472065046926
2021-11-27 08:00:00,11749.0,11514.247976477965,11572.645,11539.273128172801
2021-11-27 09:00:00,11760.0,11648.021043943994,11691.489,11666.648734532602
2021-11-27 10:00:00,11751.0,11636.044264780028,11667.935,11649.710205740936
2021-11-27 11:00:00,11717.0,11601.261568819677,11637.71,11616.881020862422
2021-11-27 12:00:00,11707.0,11609.375596426586,11635.972,11620.77277318641
2021-11-27 13:00:00,12001.0,11769.872386296283,11748.148,11760.56258597348
2021-11-27 14:00:00,12377.0,12089.915245498818,12086.628,12088.50613615394
2021-11-27 15:00:00,12530.0,12397.773667022075,12418.887,12406.821199246519
2021-11-27 16:00:00,12508.0,12450.588866096872,12458.159,12453.832740421638
2021-11-27 17:00:00,12442.0,12397.467438144029,12424.489,12409.04707956798
2021-11-27 18:00:00,12070.0,12108.714929133288,12087.014,12099.41499394878
2021-11-27 19:00:00,11586.0,11493.22666498189,11504.338,11497.988246134204
2021-11-27 20:00:00,11728.0,11537.063074378524,11542.171,11539.252038736824
2021-11-27 21:00:00,11636.0,11530.60316001447,11464.469,11502.262094499714
2021-11-27 22:00:00,11303.0,11216.477908535744,11219.506,11217.775435648182
2021-11-27 23:00:00,11009.0,11021.435134412239,11072.529,11043.33077255071
2021-11-28 00:00:00,10849.0,10866.276634358139,10864.028,10865.312788225692
2021-11-28 01:00:00,10756.0,10742.211798755663,10770.456,10754.315158829715
2021-11-28 02:00:00,10729.0,10759.328100270679,10718.532,10741.845521509498
2021-11-28 03:00:00,10825.0,10767.623826027891,10763.34,10765.787885013433
2021-11-28 04:00:00,10972.0,10770.600743259161,10745.495,10759.842111492388
2021-11-28 05:00:00,11070.0,11133.232675488329,11096.822,11117.62912770623
2021-11-28 06:00:00,11315.0,11262.58277535148,11254.966,11259.318478714766
2021-11-28 07:00:00,11448.0,11438.35224944996,11419.621,11430.325328820374
2021-11-28 08:00:00,11716.0,11488.18857562675,11510.993,11497.961213424647
2021-11-28 09:00:00,11834.0,11691.84520708742,11708.1,11698.810802287666
2021-11-28 10:00:00,11792.0,11702.330707604246,11744.072,11720.218409029541
2021-11-28 11:00:00,11775.0,11676.686281839173,11689.251,11682.070395152572
2021-11-28 12:00:00,11748.0,11633.456161611775,11706.095,11664.584226941886
2021-11-28 13:00:00,11948.0,11768.636075417078,11809.439,11786.12170459955
2021-11-28 14:00:00,12244.0,12043.239412745248,12096.573,12066.094814784316
2021-11-28 15:00:00,12247.0,12338.450046169584,12366.983,12350.677247530764
2021-11-28 16:00:00,12352.0,12234.649294496186,12259.289,12245.208041891918
2021-11-28 17:00:00,12345.0,12327.710549544652,12362.706,12342.707010849772
2021-11-28 18:00:00,12089.0,12081.323601602206,12103.446,12090.803845962106
2021-11-28 19:00:00,11691.0,11534.727442724161,11563.67,11547.130201439655
2021-11-28 20:00:00,11931.0,11802.748331407218,11770.735,11789.029671659857
2021-11-28 21:00:00,11848.0,11836.741502345014,11815.842,11827.785113319302
2021-11-28 22:00:00,11510.0,11536.493679029914,11507.702,11524.155165780485
2021-11-28 23:00:00,12018.5,11358.169419724334,11229.1,11302.858271401237
2021-11-29 00:00:00,12145.5,12131.43796630742,12178.179,12151.467760024141
2021-11-29 01:00:00,12223.0,12206.130545007454,12293.777,12243.690406529473
2021-11-29 02:00:00,12245.5,12214.05225242532,12229.201,12220.544032255024
2021-11-29 03:00:00,12296.0,12230.462041311866,12325.477,12271.178949632715
2021-11-29 04:00:00,12202.0,12553.864881487565,12473.386,12519.376590217931
2021-11-29 05:00:00,12646.0,12626.321441391088,12644.97,12634.312644837437
2021-11-29 06:00:00,12836.0,12801.023760742502,12771.316,12788.293151195176
2021-11-29 07:00:00,12768.0,12779.279859253698,12736.831,12761.088987792322
2021-11-29 08:00:00,12701.0,12679.902215178861,12653.008,12668.376918288395
2021-11-29 09:00:00,12676.0,12620.085031658457,12652.314,12633.89622609011
2021-11-29 10:00:00,12733.0,12606.394037296554,12559.214,12586.175351739883
2021-11-29 11:00:00,12701.0,12697.262409547015,12618.132,12663.351832579727
2021-11-29 12:00:00,12631.0,12612.33922844122,12632.198,12620.849177858287
2021-11-29 13:00:00,12812.0,12598.45777822098,12619.243,12607.364679806318
2021-11-29 14:00:00,12821.0,12866.496966905035,12920.5205,12889.64765468165
2021-11-29 15:00:00,12717.0,12834.626827431634,12902.429,12863.682107880886
2021-11-29 16:00:00,12629.0,12698.486582833095,12782.997,12734.702281670106
2021-11-29 17:00:00,12636.0,12664.716672578339,12715.38,12686.42745265538
2021-11-29 18:00:00,12391.0,12467.579153693705,12465.451,12466.667067326329
2021-11-29 19:00:00,12630.0,12009.315848658434,11930.612,11975.588135265087
2021-11-29 20:00:00,12255.0,12514.553820816236,12576.123,12540.938126433455
2021-11-29 21:00:00,12071.0,12050.368100490605,12117.973,12079.33900882013
2021-11-29 22:00:00,12630.0,12147.223734119381,12146.728,12147.010720656868
2021-11-29 23:00:00,12630.0,12526.561322415195,12595.507,12556.106614314922
2021-11-30 00:00:00,12630.0,12538.1352493527,12580.234,12556.176255943075
2021-11-30 01:00:00,12632.5,12554.285938892566,12587.097,12568.346213005261
2021-11-30 02:00:00,12632.5,12570.516068590114,12585.288,12576.846235175939
2021-11-30 03:00:00,12632.5,12530.55256307856,12574.237,12549.272716037023
2021-11-30 04:00:00,12581.0,12434.154514659067,12555.783,12486.276559883281
2021-11-30 05:00:00,12854.0,12824.227591577637,12756.078,12795.023016983423
2021-11-30 06:00:00,13083.0,12971.954939705141,12966.072,12969.43401866789
2021-11-30 07:00:00,13057.0,12996.771325594495,12896.175,12953.662060748236
2021-11-30 08:00:00,13046.0,12983.16872213642,12901.485,12948.164061842504
2021-11-30 09:00:00,13037.0,13002.011211731548,12899.708,12958.17062386312
2021-11-30 10:00:00,13107.0,13008.397769745046,12883.927,12955.057124195875
2021-11-30 11:00:00,12960.0,12991.353898148014,13015.881,13001.864539279424
2021-11-30 12:00:00,12895.0,12803.112044598462,12881.633,12836.760942974899
2021-11-30 13:00:00,13073.0,12882.920852680567,12847.228,12867.62461228994
2021-11-30 14:00:00,13144.0,13163.13992941831,13108.803,13139.854275090058
2021-11-30 15:00:00,13114.0,13133.264108285115,13181.265,13153.834072219288
2021-11-30 16:00:00,13001.0,13090.824614463263,13118.707,13102.7728625652
2021-11-30 17:00:00,13108.0,13103.936096219386,13009.422,13063.43307450477
2021-11-30 18:00:00,12905.0,12888.534536252966,12930.986,12906.726669757165
2021-11-30 19:00:00,12414.0,12510.35301249066,12447.796,12483.54484259513
2021-11-30 20:00:00,12448.0,12430.760546396376,12415.714,12424.312129018967
2021-11-30 21:00:00,12802.0,12282.392785127333,12251.408,12269.114744530067
2021-11-30 22:00:00,12797.5,12828.483766170473,12820.914,12825.239932802586
2021-11-30 23:00:00,12790.0,12787.828682589812,12749.233,12771.289268540106
2021-12-01 00:00:00,12777.0,12839.89124413828,12763.17,12807.01328306759
2021-12-01 01:00:00,12761.5,12831.289546111104,12676.003,12764.743235589733
2021-12-01 02:00:00,12761.5,12794.227010921013,12657.264,12735.533081115711
2021-12-01 03:00:00,12761.5,12761.215293206777,12621.895,12701.510867298217
2021-12-01 04:00:00,12308.0,12611.198891186972,12582.804,12599.030524707427
2021-12-01 05:00:00,12767.0,12731.164910552898,12660.458,12700.864053444871
2021-12-01 06:00:00,12917.0,13014.318634644404,12923.133,12975.241951100048
2021-12-01 07:00:00,12802.0,12888.288397014958,12955.885,12917.255932075212
2021-12-01 08:00:00,12802.0,12807.26474424034,12815.089,12810.617457119253
2021-12-01 09:00:00,12793.0,12818.069577550565,12824.816,12820.960480540965
2021-12-01 10:00:00,12787.0,12809.256504031619,12818.79,12813.341612369772
2021-12-01 11:00:00,12730.0,12785.537331779278,12741.49,12766.661486122914
2021-12-01 12:00:00,12756.0,12776.235872870278,12701.855,12744.361179843814
2021-12-01 13:00:00,12844.0,12920.293408302085,12858.377,12893.759978957602
2021-12-01 14:00:00,13029.0,13049.631441232505,12984.413,13021.682668531166
2021-12-01 15:00:00,13083.0,13151.878482788466,13081.341,13121.65021622844
2021-12-01 16:00:00,13132.0,13108.29659620558,13038.506,13078.388319401669
2021-12-01 17:00:00,13204.0,13121.965148932277,13169.516,13142.341974648298
2021-12-01 18:00:00,12979.0,12994.82769583919,12927.064,12965.788652237483
2021-12-01 19:00:00,12515.0,12575.670294384365,12547.208,12563.472838730668
2021-12-01 20:00:00,12521.0,12484.002065895664,12510.899,12495.528234197991
2021-12-01 21:00:00,12216.0,12391.9495134102,12490.027,12433.979236956271
2021-12-01 22:00:00,12771.5,12309.788999918223,12147.76,12240.35319712542
2021-12-01 23:00:00,12800.0,12770.391851115275,12594.993,12695.227101918907
2021-12-02 00:00:00,12853.0,12872.26427703914,12816.515,12848.373148631872
2021-12-02 01:00:00,12854.5,12931.118237010372,12815.2705,12881.473315735504
2021-12-02 02:00:00,12870.5,12879.44460076172,12795.431,12843.441284330682
2021-12-02 03:00:00,12870.5,12852.719816268906,12770.151,12817.336041270879
2021-12-02 04:00:00,12500.0,12648.8177767706,12658.659,12653.03517554888
2021-12-02 05:00:00,12962.0,12852.23104312889,12805.152,12832.055748765571
2021-12-02 06:00:00,13149.0,13067.399583726936,13184.607,13117.62703835606
2021-12-02 07:00:00,13061.0,13063.540346225955,13083.434,13072.065180198939
2021-12-02 08:00:00,12975.0,13046.10445686068,12925.574,12994.452770708667
2021-12-02 09:00:00,12892.0,13054.277210910355,12905.969,12990.721344761943
2021-12-02 10:00:00,12879.0,12857.311894957302,12769.497,12819.679972568207
2021-12-02 11:00:00,12862.0,12848.398360671488,12746.281,12804.637483811735
2021-12-02 12:00:00,12847.0,12854.163910202507,12751.85,12810.318514610546
2021-12-02 13:00:00,12998.0,12971.904521048104,12889.483,12936.583917190032
2021-12-02 14:00:00,12976.0,13199.246721552714,13120.236,13165.387886328648
2021-12-02 15:00:00,12942.0,13156.842891009986,13070.781,13119.962291307016
2021-12-02 16:00:00,12878.0,12975.46015306861,13043.813,13004.752061094216
2021-12-02 17:00:00,12890.0,12973.556885660097,12899.687,12941.900741623434
2021-12-02 18:00:00,12937.0,12777.842779681605,12730.754,12757.66325727828
2021-12-02 19:00:00,12550.0,12503.48537072768,12547.749,12522.453733024553
2021-12-02 20:00:00,12654.0,12488.385897527038,12514.564,12499.604234150327
2021-12-02 21:00:00,12457.0,12433.533593174714,12371.572,12406.980808034328
2021-12-02 22:00:00,12870.0,12569.442241459723,12453.332,12519.684730749197
2021-12-02 23:00:00,12870.0,12910.117678471768,12796.046,12861.233496376795
2021-12-03 00:00:00,12884.0,12937.616664748266,12825.139,12889.415444736034
2021-12-03 01:00:00,12913.5,12932.680403509115,12825.959,12886.946114782935
2021-12-03 02:00:00,12913.5,12886.147897335208,12967.345,12920.94335945892
2021-12-03 03:00:00,12913.5,12861.881237854723,12928.513,12890.435227600192
2021-12-03 04:00:00,12777.0,12707.669270842138,12854.28,12770.497214731175
2021-12-03 05:00:00,13230.0,13059.453640886204,13020.5,13042.760539536732
2021-12-03 06:00:00,13404.0,13330.109042732249,13338.294,13333.616221105194
2021-12-03 07:00:00,13223.0,13335.582475511494,13286.691,13314.630806163615
2021-12-03 08:00:00,13200.0,13133.099061312147,13115.216,13125.435066420905
2021-12-03 09:00:00,13111.0,13137.707253510622,13064.351,13106.27111615516
2021-12-03 10:00:00,13083.0,13026.515566776527,13057.492,13039.790175966235
2021-12-03 11:00:00,12991.0,13015.137247154587,12918.02,12973.518351908897
2021-12-03 12:00:00,12954.0,13021.336014740264,12923.22,12979.289236110799
2021-12-03 13:00:00,13106.0,12964.998262246536,13077.898,13013.379919084176
2021-12-03 14:00:00,13247.0,13128.150260531702,13263.2,13186.024000266858
2021-12-03 15:00:00,13173.0,13201.881510230698,13207.823,13204.427751217387
2021-12-03 16:00:00,13076.0,13190.674484454383,13121.029,13160.829010629795
2021-12-03 17:00:00,13041.0,13070.159355153197,12975.507,13029.597213025314
2021-12-03 18:00:00,12809.0,12867.859905899408,12808.235,12842.308360321742
2021-12-03 19:00:00,12336.0,12445.144695507282,12430.252,12438.762612007553
2021-12-03 20:00:00,12388.0,12406.161465624202,12441.908,12421.48024150814
2021-12-03 21:00:00,12140.0,12253.208940980994,12235.951,12245.813223343488
2021-12-03 22:00:00,12281.5,11899.873111505492,11935.614,11915.18917521845
2021-12-03 23:00:00,12281.5,12144.358407768468,12198.13,12167.401123652788
2021-12-04 00:00:00,12281.5,12298.746464565957,12286.852,12293.648749757645
2021-12-04 01:00:00,12281.5,12282.668445228177,12260.362,12273.109188241102
2021-12-04 02:00:00,12281.5,12227.300347597711,12230.825,12228.81063406952
2021-12-04 03:00:00,12281.5,12134.701565383994,12273.999,12194.395287331048
2021-12-04 04:00:00,11489.0,12175.678544877706,12237.225,12202.053340814844
2021-12-04 05:00:00,11643.0,11661.779222530526,11667.071,11664.04716236209
2021-12-04 06:00:00,11972.0,11996.22375423594,11976.706,11987.85941263266
2021-12-04 07:00:00,12157.0,12128.848546399828,12095.849,12114.70675141305
2021-12-04 08:00:00,12246.0,12262.394309337556,12235.744,12250.973457656217
2021-12-04 09:00:00,12317.0,12289.087821639478,12327.721,12305.643349335864
2021-12-04 10:00:00,12374.0,12342.422143921738,12300.182,12324.320202749179
2021-12-04 11:00:00,12333.0,12321.866942501616,12368.528,12341.862720698811
2021-12-04 12:00:00,12386.0,12323.764729028258,12406.829,12359.36081039015
2021-12-04 13:00:00,12751.0,12570.733285590322,12550.12,12561.899565952337
2021-12-04 14:00:00,13129.0,12857.33787417315,12853.026,12855.490228894538
2021-12-04 15:00:00,13313.0,13077.919339015627,13154.42,13110.702657945096
2021-12-04 16:00:00,13409.0,13119.554667672099,13234.867,13168.9703322936
2021-12-04 17:00:00,13324.0,13239.346385347735,13216.156,13229.408355563268
2021-12-04 18:00:00,13054.0,13052.855251271727,13004.58,13032.16753598594
2021-12-04 19:00:00,12674.0,12480.9167592765,12444.656,12465.377887467312
2021-12-04 20:00:00,12925.0,12623.318736969199,12552.451,12592.949248330035
2021-12-04 21:00:00,12713.0,12601.779693804507,12708.604,12647.557466454215
2021-12-04 22:00:00,12343.0,12256.601088905227,12341.061,12292.79468035731
2021-12-04 23:00:00,12078.0,12025.484636320518,12007.904,12017.950563647326
2021-12-05 00:00:00,11901.0,11789.591478356291,11843.772,11812.80984028128
2021-12-05 01:00:00,11842.0,11696.399288051867,11757.682,11722.660851309094
2021-12-05 02:00:00,11872.0,11736.514931142285,11763.234,11747.964866188115
2021-12-05 03:00:00,12112.0,11818.653694794884,11762.832,11794.73179709509
2021-12-05 04:00:00,12311.0,12102.672684148345,12020.859,12067.61246292883
2021-12-05 05:00:00,12322.0,12288.282293207938,12259.317,12275.869542786113
2021-12-05 06:00:00,12693.0,12423.536846734569,12399.555,12413.259244622514
2021-12-05 07:00:00,12852.0,12645.0838956772,12662.374,12652.49319617363
2021-12-05 08:00:00,13168.0,12785.11570092645,12734.019,12763.218391099907
2021-12-05 09:00:00,13241.0,13101.746994449708,13022.521,13067.795852574676
2021-12-05 10:00:00,13178.0,13079.050769891077,13001.946,13046.008408926766
2021-12-05 11:00:00,13135.0,13065.083095240716,12962.237,13021.009793021905
2021-12-05 12:00:00,13170.0,12983.836634566873,12997.13,12989.53305401434
2021-12-05 13:00:00,13345.0,13255.654621552894,13152.136,13211.292856491531
2021-12-05 14:00:00,13633.0,13509.0738918845,13474.301,13494.172255519388
2021-12-05 15:00:00,13651.0,13714.365645954002,13663.755,13692.676960173932
2021-12-05 16:00:00,13685.0,13692.808095456789,13594.364,13650.621281723112
2021-12-05 17:00:00,13600.0,13638.047606169657,13563.311,13606.020051115629
2021-12-05 18:00:00,13409.0,13476.146176223187,13364.526,13428.312791891387
2021-12-05 19:00:00,13093.0,12983.33948362149,12897.973,12946.756274681447
2021-12-05 20:00:00,13253.0,13098.490521554808,13099.824,13099.06185074452
2021-12-05 21:00:00,13206.0,13065.481568561341,13029.337,13049.991900457408
2021-12-05 22:00:00,12927.0,12847.483106382497,12816.185,12834.07050420437
2021-12-05 23:00:00,12612.0,12715.168484660426,12701.508,12709.313990686811
2021-12-06 00:00:00,12432.0,12670.108776027415,12665.326,12668.059135199946
2021-12-06 01:00:00,12352.0,12594.246134628798,12571.734,12584.59899307259
2021-12-06 02:00:00,12357.0,12492.729643546447,12578.62,12529.536721175256
2021-12-06 03:00:00,12489.0,12537.032734368742,12618.452,12571.92365042778
2021-12-06 04:00:00,12657.0,13146.889540344515,12933.778,13055.563378553077
2021-12-06 05:00:00,12558.0,13241.511555129806,13141.033,13198.452799676717
2021-12-06 06:00:00,12554.0,13050.881831779086,12936.248,13001.757084200426
2021-12-06 07:00:00,12683.0,12732.604190888422,12728.815,12730.980494739586
2021-12-06 08:00:00,12848.0,12805.697630185057,12841.526,12821.051498693265
2021-12-06 09:00:00,12925.0,12951.64425371947,12904.859,12931.595272136481
2021-12-06 10:00:00,12898.0,12917.978938878488,13012.1875,12958.350430412516
2021-12-06 11:00:00,12855.0,12914.948692174874,12853.144,12888.462993718898
2021-12-06 12:00:00,12799.0,12901.567503317016,12858.816,12883.246798582935
2021-12-06 13:00:00,13004.0,12954.145314862744,12987.973,12968.641236169631
2021-12-06 14:00:00,13255.0,13195.396998239245,13155.539,13178.316328462377
2021-12-06 15:00:00,13303.0,13227.237170033775,13246.475,13235.481058426314
2021-12-06 16:00:00,13292.0,13198.824501703324,13353.803,13265.238400028185
2021-12-06 17:00:00,13206.0,13209.443387958823,13350.74,13269.994204489238
2021-12-06 18:00:00,12986.0,12997.946114529637,12996.159,12997.180089272551
2021-12-06 19:00:00,12681.0,12652.013120579846,12685.251,12666.256705283613
2021-12-06 20:00:00,12969.0,12740.40369015269,12781.224,12757.89660720133
2021-12-06 21:00:00,12870.0,12807.612539612095,12886.187,12841.283982869865
2021-12-06 22:00:00,12550.0,12890.918900154777,12897.525,12893.749890904644
2021-12-06 23:00:00,12995.0,12557.692629160101,12568.476,12562.31351949801
2021-12-07 00:00:00,13105.0,13052.658253995116,12980.866,13021.892361603306
2021-12-07 01:00:00,13230.5,13035.965607986585,13105.685,13065.84238377442
2021-12-07 02:00:00,13273.5,13110.381932406415,13107.185,13109.01165326698
2021-12-07 03:00:00,12714.0,13048.019772729253,13230.736,13126.320252776713
2021-12-07 04:00:00,13461.0,12568.002280225832,12683.496,12617.49563472101
2021-12-07 05:00:00,13568.0,13543.236157367546,13508.813,13528.484777735239
2021-12-07 06:00:00,13778.0,13645.03772843693,13623.306,13635.724610838457
2021-12-07 07:00:00,13634.0,13520.900194448808,13472.576,13500.191296353467
2021-12-07 08:00:00,13565.0,13539.00079653572,13516.469,13529.344697624208
2021-12-07 09:00:00,13582.0,13540.12433112646,13509.837,13527.144959605957
2021-12-07 10:00:00,13527.0,13534.100832252952,13506.08,13522.092887395658
2021-12-07 11:00:00,13452.0,13532.518083236484,13489.121,13513.920826193407
2021-12-07 12:00:00,13498.0,13339.067503385939,13282.412,13314.788387541234
2021-12-07 13:00:00,13744.0,13444.560471994331,13621.281,13520.29152769355
2021-12-07 14:00:00,13873.0,13660.546805150305,13654.606,13658.001054207709
2021-12-07 15:00:00,13875.0,13616.896404239707,13913.984,13744.209281296495
2021-12-07 16:00:00,13842.0,13638.18039826924,13984.393,13786.544667404312
2021-12-07 17:00:00,13777.0,13599.891233738963,13890.581,13724.462152482469
2021-12-07 18:00:00,13625.0,13453.842223394311,13410.062,13435.080571853248
2021-12-07 19:00:00,13360.0,13202.979168677248,13136.005,13174.27816733698
2021-12-07 20:00:00,13581.0,13331.49158748383,13319.66,13326.421431498504
2021-12-07 21:00:00,13391.0,13505.587667914064,13378.473,13451.114088272981
2021-12-07 22:00:00,13029.0,13335.675938290511,13243.902,13296.347302655218
2021-12-07 23:00:00,13603.0,13057.628807095156,12904.555,12992.030702161086
2021-12-08 00:00:00,13653.0,13574.440982998169,13518.138,13550.312797830571
2021-12-08 01:00:00,13712.5,13555.195913887384,13521.679,13540.832524021927
2021-12-08 02:00:00,13729.0,13505.65747448038,13487.061,13497.687671574447
2021-12-08 03:00:00,13729.0,13525.128620047308,13475.997,13504.073995263978
2021-12-08 04:00:00,13479.0,13352.069250862472,13384.57,13365.997218485249
2021-12-08 05:00:00,13681.0,13562.965888840708,13535.126,13551.03547535912
2021-12-08 06:00:00,14038.0,13675.676916884411,13678.631,13676.942768912584
2021-12-08 07:00:00,14004.0,13869.878113129886,13842.021,13857.940192491096
2021-12-08 08:00:00,13933.0,13856.240702952366,13835.921,13847.532654382881
2021-12-08 09:00:00,13930.0,13966.109815253572,13889.492,13933.276346424806
2021-12-08 10:00:00,13889.0,13938.933311104794,13859.979,13905.098020724588
2021-12-08 11:00:00,13827.0,13915.945934853164,13840.6875,13883.694975800776
2021-12-08 12:00:00,13896.0,13600.21641553007,13841.931,13703.799837431463
2021-12-08 13:00:00,14009.0,14037.23162161198,14025.678,14032.280204699615
2021-12-08 14:00:00,14135.0,14080.183423928253,14035.813,14061.16933613931
2021-12-08 15:00:00,14175.0,14036.986742937075,13995.697,14019.292609258293
2021-12-08 16:00:00,14162.0,13999.679792172541,13968.344,13986.250885706644
2021-12-08 17:00:00,14154.0,14020.722828955928,13977.425,14002.16781185726
2021-12-08 18:00:00,13927.0,13861.21616561175,13815.381,13841.573702917707
2021-12-08 19:00:00,13616.0,13551.809673433247,13510.391,13534.060009317087
2021-12-08 20:00:00,13581.0,13580.188067113879,13523.222,13555.775756789782
2021-12-08 21:00:00,13441.0,13536.52001132496,13398.455,13477.353777574912
2021-12-08 22:00:00,13034.0,13468.944266292388,13285.733,13390.431539215413
2021-12-08 23:00:00,13616.0,13254.115134253456,13078.668,13178.929209181873
2021-12-09 00:00:00,13598.5,13681.805708889091,13573.015,13635.184406821074
2021-12-09 01:00:00,13559.5,13682.730317443771,13577.923,13637.816302361076
2021-12-09 02:00:00,13559.5,13621.09497196715,13518.906,13577.303433152572
2021-12-09 03:00:00,12852.0,13642.226824180623,13568.069,13610.447383598887
2021-12-09 04:00:00,13458.0,13001.296595082671,12956.311,12982.018106004012
2021-12-09 05:00:00,13616.0,13638.452402593904,13576.238,13611.791416504446
2021-12-09 06:00:00,13820.0,13743.897560798363,13825.327,13778.793113668748
2021-12-09 07:00:00,13763.0,13704.575620790021,13707.3545,13705.766401491746
2021-12-09 08:00:00,13648.0,13684.390699445441,13672.041,13679.098157657703
2021-12-09 09:00:00,13538.0,13694.230724613497,13666.64,13682.40691841667
2021-12-09 10:00:00,13528.0,13654.886267445252,13540.913,13606.04458460147
2021-12-09 11:00:00,13378.0,13639.874533844899,13568.433,13609.25889756938
2021-12-09 12:00:00,13400.0,13372.179075845297,13371.439,13371.861805312281
2021-12-09 13:00:00,13607.0,13497.489810583755,13485.331,13492.278939950906
2021-12-09 14:00:00,13591.0,13690.84111288014,13744.697,13713.920074805515
2021-12-09 15:00:00,13490.0,13620.003625158211,13685.094,13647.897053590143
2021-12-09 16:00:00,13373.0,13410.880770848007,13612.25,13497.174695191887
2021-12-09 17:00:00,13397.0,13412.10580420812,13385.745,13400.809327189316
2021-12-09 18:00:00,13130.0,13252.58704736782,13224.479,13240.541315072289
2021-12-09 19:00:00,12726.0,12753.4136459274,12780.111,12764.854269512034
2021-12-09 20:00:00,12763.0,12912.235328438994,12859.608,12889.682425282
2021-12-09 21:00:00,12541.0,12834.230624569936,12741.105,12794.322879960731
2021-12-09 22:00:00,13087.5,12739.766078855424,12620.879,12688.818368516997
2021-12-09 23:00:00,13026.5,13254.165995750065,13110.698,13192.684837163823
2021-12-10 00:00:00,12990.0,13206.919089420253,13136.083,13176.562890823501
2021-12-10 01:00:00,12957.5,13195.765591556927,13144.856,13173.948841039633
2021-12-10 02:00:00,12957.5,12939.159023223367,13104.822,13010.151826567395
2021-12-10 03:00:00,12957.5,12814.138000108665,12950.858,12872.727399945357
2021-12-10 04:00:00,12839.0,12956.478146209778,13149.551,13039.216551318752
2021-12-10 05:00:00,13173.0,13234.087146148893,13216.283,13226.45758053884
2021-12-10 06:00:00,13345.0,13405.695330629527,13413.42,13409.005351393535
2021-12-10 07:00:00,13187.0,13402.524211935846,13343.494,13377.227352924834
2021-12-10 08:00:00,13008.0,13207.412377969156,13176.802,13194.29449418831
2021-12-10 09:00:00,13045.0,13099.127829190606,13053.97,13079.77565808495
2021-12-10 10:00:00,12972.0,13089.327408883204,13047.882,13071.566190209134
2021-12-10 11:00:00,12943.0,13078.836753008973,13021.134,13054.108762369375
2021-12-10 12:00:00,12940.0,12892.363969990127,13010.76,12943.100597717656
2021-12-10 13:00:00,13028.0,12974.513895585684,13110.474,13032.777227578601
2021-12-10 14:00:00,13049.0,13236.172354279393,13177.464,13211.013458404146
2021-12-10 15:00:00,13001.0,13154.864483106587,13128.059,13143.377113827511
2021-12-10 16:00:00,12904.0,13129.335305805305,13076.645,13106.755409444104
2021-12-10 17:00:00,12789.0,12913.94007135879,12907.753,12911.28845934313
2021-12-10 18:00:00,12556.0,12656.305153568364,12650.153,12653.668917549698
2021-12-10 19:00:00,12147.0,12248.435247181638,12194.845,12225.469509570154
2021-12-10 20:00:00,12208.0,12235.854035990049,12270.813,12250.835472362449
2021-12-10 21:00:00,11946.0,11990.972164597271,12087.996,12032.550216082873
2021-12-10 22:00:00,11445.0,11849.834374937744,11913.953,11877.31164392876
2021-12-10 23:00:00,11545.5,11565.554665805796,11620.126,11588.940189418354
2021-12-11 00:00:00,11538.0,11937.208485164725,11888.576,11916.367746881864
2021-12-11 01:00:00,11538.0,11849.908355226136,11794.616,11826.213295953232
2021-12-11 02:00:00,11538.0,11795.93215388693,11750.097,11776.28974936228
2021-12-11 03:00:00,11538.0,11772.397532584588,11693.424,11738.554442690878
2021-12-11 04:00:00,11068.0,11598.254762973536,11427.846,11525.22817116632
2021-12-11 05:00:00,11145.0,11264.475036747765,11271.773,11267.602473496523
2021-12-11 06:00:00,11441.0,11536.848603522849,11503.103,11522.38680071892
2021-12-11 07:00:00,11469.0,11669.134143150655,11603.315,11640.928452697559
2021-12-11 08:00:00,11428.0,11629.99914277898,11553.004,11597.003686861683
2021-12-11 09:00:00,11530.0,11621.360036721937,11555.929,11593.32017222149
2021-12-11 10:00:00,11561.0,11675.535875530293,11601.831,11643.950577749632
2021-12-11 11:00:00,11546.0,11652.246701244383,11616.258,11636.823796774665
2021-12-11 12:00:00,11579.0,11673.143177205917,11647.802,11662.283433628749
2021-12-11 13:00:00,11848.0,11912.583678414265,11839.123,11881.103189166945
2021-12-11 14:00:00,11990.0,12166.863200268484,12092.686,12135.075264642514
2021-12-11 15:00:00,12063.0,12180.942321352122,12080.744,12138.003779038534
2021-12-11 16:00:00,12071.0,12171.859963476916,12033.2,12112.439032535753
2021-12-11 17:00:00,11813.0,12104.517005659722,11950.194,12038.38371026019
2021-12-11 18:00:00,11630.0,11798.319072237407,11685.296,11749.884254502336
2021-12-11 19:00:00,11244.0,11302.79993188324,11341.533,11319.398278243962
2021-12-11 20:00:00,11374.0,11498.76413754408,11480.296,11490.849486176165
2021-12-11 21:00:00,11223.0,11321.639930766074,11356.785,11336.700780195002
2021-12-11 22:00:00,10851.0,10962.380653452023,10897.022,10934.37236270442
2021-12-11 23:00:00,10538.0,10714.001469360297,10779.433,10742.041157063839
2021-12-12 00:00:00,10288.0,10391.086411415046,10374.587,10384.015820840414
2021-12-12 01:00:00,10118.0,10232.67272499039,10239.564,10235.62589801177
2021-12-12 02:00:00,10084.0,10193.588582490327,10285.443,10232.951386992538
2021-12-12 03:00:00,10127.0,10237.82156031838,10279.189,10255.549225800016
2021-12-12 04:00:00,10302.0,10243.393854044269,10298.178,10266.87079454882
2021-12-12 05:00:00,10355.0,10399.90812454903,10468.27,10429.203591078827
2021-12-12 06:00:00,10671.0,10617.003497631138,10709.536,10656.65675656119
2021-12-12 07:00:00,10735.0,10874.849437244573,10844.999,10862.057534126718
2021-12-12 08:00:00,10819.0,10947.837768858712,10945.41,10946.79747679683
2021-12-12 09:00:00,10909.0,10995.262642357544,10963.265,10981.550421729233
2021-12-12 10:00:00,11009.0,11007.227339525227,10990.902,11000.231557821407
2021-12-12 11:00:00,10951.0,11051.323944386852,11044.713,11048.490722287239
2021-12-12 12:00:00,10978.0,11050.970903725945,11044.627,11048.252351389794
2021-12-12 13:00:00,11215.0,11267.95996517651,11261.656,11265.258533200815
2021-12-12 14:00:00,11331.0,11465.232725586427,11529.06,11492.58448535685
2021-12-12 15:00:00,11403.0,11432.791494031106,11544.036,11480.463967072572
2021-12-12 16:00:00,11374.0,11423.6153361678,11502.739,11457.522863406803
2021-12-12 17:00:00,11374.0,11410.52022528236,11364.381,11390.747495101312
2021-12-12 18:00:00,11098.0,11207.82010802405,11207.902,11207.855163593296
2021-12-12 19:00:00,10780.0,10823.392959616163,10752.207,10792.886905605032
2021-12-12 20:00:00,11037.0,11022.062556130766,11019.621,11021.01598123285
2021-12-12 21:00:00,10944.0,10991.658881162626,11005.377,10997.537390952635
2021-12-12 22:00:00,10568.0,10678.663932369684,10629.759,10657.70593601996
2021-12-12 23:00:00,11156.5,10668.245660735396,10664.347,10666.57454109021
2021-12-13 00:00:00,11252.0,11163.125511431805,11124.336,11146.502803917718
2021-12-13 01:00:00,11310.0,11275.266226048874,11244.278,11261.986527991889
2021-12-13 02:00:00,11352.5,11301.873276884733,11279.702,11292.372146830035
2021-12-13 03:00:00,11374.0,11124.507775570528,11313.802,11205.62705376776
2021-12-13 04:00:00,11289.0,11360.825036292594,11446.978,11397.744511322466
2021-12-13 05:00:00,11748.0,11728.80760186536,11724.908,11727.136581747392
2021-12-13 06:00:00,11892.0,11934.712481803579,11918.446,11927.741665373405
2021-12-13 07:00:00,11888.0,11922.747819006325,11825.44,11881.04785361017
2021-12-13 08:00:00,11800.0,11842.168448323342,11825.515,11835.031433655342
2021-12-13 09:00:00,11742.0,11787.366696921747,11729.094,11762.394416229874
2021-12-13 10:00:00,11740.0,11688.723005790638,11708.245,11697.088590350406
2021-12-13 11:00:00,11701.0,11692.707034279487,11632.999,11667.119711203995
2021-12-13 12:00:00,11752.0,11675.282656154497,11662.687,11669.88448543457
2021-12-13 13:00:00,11875.0,11843.603288642485,11800.074,11824.949536862114
2021-12-13 14:00:00,11863.0,11922.080745328767,11907.156,11915.684711848635
2021-12-13 15:00:00,11761.0,11864.95547296063,11869.934,11867.088539659151
2021-12-13 16:00:00,11656.0,11757.482430383847,11767.297,11761.688234775973
2021-12-13 17:00:00,11612.0,11722.177284872561,11697.726,11711.698672713334
2021-12-13 18:00:00,11479.0,11474.2979070311,11481.433,11477.355236471358
2021-12-13 19:00:00,11109.0,11072.651933675294,11099.599,11084.19939460496
2021-12-13 20:00:00,11187.0,11173.380620494605,11230.1455,11197.706484759248
2021-12-13 21:00:00,10936.0,11085.760739052512,11131.861,11105.51628021704
2021-12-13 22:00:00,11290.0,11017.434690040263,11080.305,11044.376696402574
2021-12-13 23:00:00,11282.0,11352.585976241182,11473.201,11404.273983318388
2021-12-14 00:00:00,11253.5,11281.749021593205,11340.407,11306.88603236025
2021-12-14 01:00:00,11241.5,11285.657342457784,11310.773,11296.420275798948
2021-12-14 02:00:00,11241.5,11258.145073136835,11299.718,11275.960228853943
2021-12-14 03:00:00,11241.5,11149.424904086502,11164.028,11155.682686099659
2021-12-14 04:00:00,10812.0,11030.30220257839,11121.163,11069.239285747128
2021-12-14 05:00:00,11222.0,11320.628756819646,11313.781,11317.694220392528
2021-12-14 06:00:00,11458.0,11475.892287113798,11484.509,11479.584725651843
2021-12-14 07:00:00,11387.0,11445.672597038669,11440.612,11443.503756466256
2021-12-14 08:00:00,11289.0,11350.00737505299,11363.57,11355.819450177829
2021-12-14 09:00:00,11291.0,11332.503606737106,11322.425,11328.184363635351
2021-12-14 10:00:00,11275.0,11318.754710927737,11300.283,11310.839092135428
2021-12-14 11:00:00,11232.0,11284.533129532807,11276.168,11280.948239455285
2021-12-14 12:00:00,11251.0,11288.778027318778,11288.497,11288.657246148712
2021-12-14 13:00:00,11493.0,11431.079983475698,11445.887,11437.42486633688
2021-12-14 14:00:00,11437.0,11536.301144313762,11583.157,11556.380588462664
2021-12-14 15:00:00,11443.0,11473.28830052544,11517.698,11492.319298966362
2021-12-14 16:00:00,11373.0,11431.713405669134,11450.776,11439.882547039346
2021-12-14 17:00:00,11488.0,11372.152031956424,11379.959,11375.497259524302
2021-12-14 18:00:00,11390.0,11288.525038335869,11265.867,11278.815406588496
2021-12-14 19:00:00,10990.0,10844.161643108173,10845.156,10844.587966869596
2021-12-14 20:00:00,11042.0,11000.486400820138,10981.932,10992.534631750266
2021-12-14 21:00:00,10728.0,10813.411451173737,10804.129,10809.433327494404
2021-12-14 22:00:00,11256.0,10907.775195672772,10939.439,10921.344590205197
2021-12-14 23:00:00,11256.0,11209.059955887136,11211.42,11210.071015442682
2021-12-15 00:00:00,11303.0,11339.512077855705,11293.66,11319.862787960734
2021-12-15 01:00:00,11350.5,11374.643943961664,11327.1,11354.269440472752
2021-12-15 02:00:00,11350.5,11373.106910745453,11337.213,11357.7250666755
2021-12-15 03:00:00,11350.5,11325.149016609881,11259.267,11296.916055133219
2021-12-15 04:00:00,10898.0,11003.667883374143,10965.384,10987.261423879201
2021-12-15 05:00:00,11261.0,11271.418152682274,11252.571,11263.341205978555
2021-12-15 06:00:00,11514.0,11472.140580091995,11469.402,11470.967129724082
2021-12-15 07:00:00,11501.0,11529.086438467912,11521.027,11525.63264839003
2021-12-15 08:00:00,11391.0,11436.080612159127,11462.2,11447.273753363716
2021-12-15 09:00:00,11345.0,11368.095527254589,11381.037,11373.641518045231
2021-12-15 10:00:00,11404.0,11329.262707079799,11357.241,11341.252230089938
2021-12-15 11:00:00,11356.0,11370.679563463033,11382.687,11375.824743038245
2021-12-15 12:00:00,11390.0,11335.22500247095,11371.018,11350.563272064825
2021-12-15 13:00:00,11617.0,11533.777505657286,11503.377,11520.749456582871
2021-12-15 14:00:00,11614.0,11713.296061960866,11679.973,11699.01546903591
2021-12-15 15:00:00,11666.0,11652.160240395035,11646.015,11649.526340691846
2021-12-15 16:00:00,11684.0,11634.062597295533,11613.3125,11625.17004053025
2021-12-15 17:00:00,11537.0,11686.244096381564,11655.346,11673.003039128049
2021-12-15 18:00:00,11300.0,11417.34041769005,11372.277,11398.029262541197
2021-12-15 19:00:00,10849.0,10874.219227587593,10839.283,10859.247685364891
2021-12-15 20:00:00,10910.0,10959.427069862193,11012.596,10982.211841640445
2021-12-15 21:00:00,10676.0,10801.191127248321,10735.336,10772.969391325336
2021-12-15 22:00:00,11308.5,10995.284608662205,10986.409,10991.480943417588
2021-12-15 23:00:00,11288.5,11283.441399194662,11301.158,11291.033339938715
2021-12-16 00:00:00,11285.5,11388.554364298687,11357.124,11375.08494701011
2021-12-16 01:00:00,11284.0,11390.563528646955,11364.669,11379.466509264814
2021-12-16 02:00:00,11284.0,11369.737284344676,11362.175,11366.496225980984
2021-12-16 03:00:00,11284.0,11313.428939200545,11275.561,11297.200882146037
2021-12-16 04:00:00,10743.0,11056.255936109004,11053.979,11055.27987799279
2021-12-16 05:00:00,11202.0,11295.506403348387,11255.453,11278.342110298563
2021-12-16 06:00:00,11497.0,11496.45314666371,11458.807,11480.319855178594
2021-12-16 07:00:00,11428.0,11507.862263820918,11508.807,11508.266993742789
2021-12-16 08:00:00,11338.0,11465.591936607058,11451.515,11459.55929254507
2021-12-16 09:00:00,11317.0,11406.0881279804,11389.434,11398.951041992746
2021-12-16 10:00:00,11277.0,11385.799657856573,11354.951,11372.579580856232
2021-12-16 11:00:00,11294.0,11332.138656914538,11313.022,11323.946511307071
2021-12-16 12:00:00,11291.0,11373.20309674889,11358.212,11366.77856860884
2021-12-16 13:00:00,11451.0,11553.465329155159,11550.265,11552.093588146716
2021-12-16 14:00:00,11568.0,11595.439084275875,11592.368,11594.12302019593
2021-12-16 15:00:00,11630.0,11638.87070645616,11662.1045,11648.826878452957
2021-12-16 16:00:00,11572.0,11666.905199661061,11660.999,11664.373931434175
2021-12-16 17:00:00,11576.0,11581.291338702287,11572.541,11577.541519886783
2021-12-16 18:00:00,11509.0,11416.651104507477,11429.798,11422.284759373564
2021-12-16 19:00:00,11074.0,11017.184131660251,11029.945,11022.652456780364
2021-12-16 20:00:00,11148.0,11034.248585677075,11042.646,11037.847038170668
2021-12-16 21:00:00,10886.0,10926.109926209057,10940.843,10932.423291213468
2021-12-16 22:00:00,10492.0,11032.444521285004,11011.027,11023.266276776878
2021-12-16 23:00:00,11372.5,10988.457011856939,11027.494,11005.185667292004
2021-12-17 00:00:00,11420.5,11422.00447525525,11449.041,11433.590596660848
2021-12-17 01:00:00,11420.5,11490.38221309308,11498.4795,11493.85200390171
2021-12-17 02:00:00,11441.0,11470.831026782713,11493.05,11480.352557047177
2021-12-17 03:00:00,11441.0,11430.962766668048,11446.759,11437.731904663167
2021-12-17 04:00:00,10992.0,11199.454861726568,11213.077,11205.292505241305
2021-12-17 05:00:00,11492.0,11511.512528613368,11493.128,11503.633748059166
2021-12-17 06:00:00,11800.0,11713.58867710389,11683.908,11700.869211307388
2021-12-17 07:00:00,11760.0,11789.071247919643,11758.938,11776.158055458418
2021-12-17 08:00:00,11631.0,11708.573569349881,11734.806,11719.814784397173
2021-12-17 09:00:00,11611.0,11633.569938786934,11639.643,11636.172195647894
2021-12-17 10:00:00,11527.0,11625.435198783014,11627.502,11626.320853041585
2021-12-17 11:00:00,11390.0,11534.406262685085,11533.719,11534.11169787659
2021-12-17 12:00:00,11371.0,11424.67915597274,11437.059,11429.983824794928
2021-12-17 13:00:00,11651.0,11597.407706469112,11560.258,11581.487273469338
2021-12-17 14:00:00,11730.0,11791.320124258227,11787.814,11789.81771761474
2021-12-17 15:00:00,11666.0,11792.4645055026,11772.799,11784.037119257799
2021-12-17 16:00:00,11638.0,11703.79058129815,11693.96,11699.577575705362
2021-12-17 17:00:00,11665.0,11659.811705048474,11687.148,11671.526313828152
2021-12-17 18:00:00,11565.0,11450.005799095603,11483.676,11464.434612534169
2021-12-17 19:00:00,11132.0,11075.18439811658,11117.9,11093.489866972432
2021-12-17 20:00:00,11204.0,11130.90764335332,11148.496,11138.444988271047
2021-12-17 21:00:00,10965.0,10984.205970027782,10921.407,10957.29443856549
2021-12-17 22:00:00,10459.0,10524.351851427757,10507.614,10517.178973426853
2021-12-17 23:00:00,10124.0,10373.990597351125,10257.748,10324.176365207102
2021-12-18 00:00:00,10709.5,10368.172751070993,10407.02,10384.81994091962
2021-12-18 01:00:00,10709.5,10729.943091760893,10685.191,10710.764979759075
2021-12-18 02:00:00,10709.5,10679.923385548725,10604.436,10647.574104870404
2021-12-18 03:00:00,10709.5,10603.24979917911,10547.8955,10579.528467089436
2021-12-18 04:00:00,10144.0,10447.240311707083,10393.421,10424.176518381884
2021-12-18 05:00:00,10247.0,10300.704040490016,10297.018,10299.12390789039
2021-12-18 06:00:00,10498.0,10495.06492327507,10525.655,10508.174012257237
2021-12-18 07:00:00,10635.0,10684.963698607578,10670.033,10678.565298970165
2021-12-18 08:00:00,10711.0,10708.38464118592,10703.577,10706.324509603039
2021-12-18 09:00:00,10701.0,10806.208441577597,10782.837,10796.192559681225
2021-12-18 10:00:00,10708.0,10767.339458613546,10740.313,10755.757703672982
2021-12-18 11:00:00,10722.0,10762.67593925537,10718.32,10743.667868525177
2021-12-18 12:00:00,10772.0,10790.393843017355,10763.822,10779.006658488352
2021-12-18 13:00:00,11075.0,11092.078695067481,11026.561,11064.00176061469
2021-12-18 14:00:00,11276.0,11271.496047159422,11287.733,11278.4540791935
2021-12-18 15:00:00,11439.0,11401.10601206933,11412.1045,11405.819277305829
2021-12-18 16:00:00,11531.0,11432.174724669645,11399.799,11418.300470822236
2021-12-18 17:00:00,11414.0,11481.303953928735,11449.418,11467.639697318275
2021-12-18 18:00:00,11061.0,11224.440125989744,11253.964,11237.092152781506
2021-12-18 19:00:00,10596.0,10695.733068417938,10693.345,10694.709345363444
2021-12-18 20:00:00,10755.0,10756.086782370368,10758.25,10757.01373489103
2021-12-18 21:00:00,10566.0,10688.162989910203,10691.725,10689.688986896492
2021-12-18 22:00:00,10259.0,10214.246013031974,10231.071,10221.456058771837
2021-12-18 23:00:00,9920.0,10053.333235897917,10065.551,10058.568661222063
2021-12-19 00:00:00,9684.0,9720.030360767527,9744.99,9730.72669695209
2021-12-19 01:00:00,9584.0,9635.81584978415,9646.04,9640.197380617743
2021-12-19 02:00:00,9573.0,9617.625606366877,9677.917,9643.462479173302
2021-12-19 03:00:00,9644.0,9664.769348577178,9661.644,9663.429767873848
2021-12-19 04:00:00,9845.0,9761.188414270408,9734.98,9749.957465879539
2021-12-19 05:00:00,10012.0,9953.049965154303,9959.953,9956.008004568004
2021-12-19 06:00:00,10319.0,10198.765816275209,10214.658,10205.576002052241
2021-12-19 07:00:00,10467.0,10452.01604581709,10458.758,10454.905187180506
2021-12-19 08:00:00,10602.0,10577.183170708844,10571.414,10574.710957178038
2021-12-19 09:00:00,10741.0,10668.337101687532,10680.201,10673.42122983807
2021-12-19 10:00:00,10807.0,10721.246347429567,10732.56,10726.094425394267
2021-12-19 11:00:00,10837.0,10772.262413008411,10759.737,10766.89472222083
2021-12-19 12:00:00,10893.0,10801.674487416221,10800.877,10801.332528015386
2021-12-19 13:00:00,11102.0,11103.521010435543,11100.104,11102.056249646386
2021-12-19 14:00:00,11263.0,11317.171988919907,11335.979,11325.231011211374
2021-12-19 15:00:00,11445.0,11345.827094637452,11353.3,11349.02920588178
2021-12-19 16:00:00,11604.0,11439.93475214074,11429.705,11435.550960194021
2021-12-19 17:00:00,11581.0,11572.358251747872,11545.949,11561.041080152787
2021-12-19 18:00:00,11512.0,11366.173902180019,11392.439,11377.429610184601
2021-12-19 19:00:00,11253.0,11032.70416221822,11087.481,11056.178323932996
2021-12-19 20:00:00,11480.0,11318.517576175636,11320.136,11319.210902531031
2021-12-19 21:00:00,11392.0,11353.213136523402,11311.35,11335.273007443006
2021-12-19 22:00:00,11069.0,11030.634105250161,10994.619,11015.200440339446
2021-12-19 23:00:00,10789.0,10837.24129049409,10888.639,10859.26702794748
2021-12-20 00:00:00,11462.5,10979.776450414725,10957.113,10970.064399917948
2021-12-20 01:00:00,11496.0,11551.929994226666,11518.746,11537.70936454618
2021-12-20 02:00:00,10816.0,11487.121681185985,11517.622,11500.19185436979
2021-12-20 03:00:00,11252.0,10692.439635175378,10651.908,10675.070432986182
2021-12-20 04:00:00,12061.0,11364.027864453059,11428.672,11391.730083714723
2021-12-20 05:00:00,12583.0,12338.025693843472,12438.987,12381.291191035481
2021-12-20 06:00:00,12925.0,12659.135309550353,12605.909,12636.32579878894
2021-12-20 07:00:00,12900.0,12751.668111703786,12856.881,12796.755686433955
2021-12-20 08:00:00,12822.0,12715.03066790298,12716.218,12715.539432677742
2021-12-20 09:00:00,12887.0,12672.946400894532,12708.525,12688.192940883408
2021-12-20 10:00:00,12797.0,12743.797948155581,12716.141,12731.9456762978
2021-12-20 11:00:00,12746.0,12668.47645892431,12715.604,12688.67173593341
2021-12-20 12:00:00,12714.0,12676.476929897157,12677.45,12676.893614332548
2021-12-20 13:00:00,12921.0,12716.8346461384,12787.482,12747.10989092991
2021-12-20 14:00:00,13011.0,12929.237794133021,13042.084,12977.596465429331
2021-12-20 15:00:00,12989.0,13036.82663931207,12992.591,13017.869587882156
2021-12-20 16:00:00,12922.0,13007.43318529313,12926.945,12972.940958113912
2021-12-20 17:00:00,12900.0,12876.66209167832,12941.312,12904.36680732964
2021-12-20 18:00:00,12767.0,12718.63315419057,12617.563,12675.32077786026
2021-12-20 19:00:00,12341.0,12389.143374907835,12373.987,12382.64809254548
2021-12-20 20:00:00,12402.0,12277.525926628048,12339.883,12304.24806398141
2021-12-20 21:00:00,12188.0,12207.01556444007,12125.636,12172.140986930353
2021-12-20 22:00:00,12756.5,12235.650374065179,12222.152,12229.86605969
2021-12-20 23:00:00,12756.5,12778.706777635325,12677.936,12735.522234830365
2021-12-21 00:00:00,12794.5,12713.392536725429,12682.981,12700.360136661915
2021-12-21 01:00:00,12861.0,12715.037797905605,12778.278,12742.138722056778
2021-12-21 02:00:00,12861.0,12792.236529431711,12717.902,12760.38143371169
2021-12-21 03:00:00,12861.0,12794.871029430693,12773.013,12785.503653162203
2021-12-21 04:00:00,12342.0,12601.662848529531,12782.827,12679.298310847813
2021-12-21 05:00:00,12822.0,12745.158933476845,12824.693,12779.241984235287
2021-12-21 06:00:00,13077.0,12981.343488854627,13003.342,12990.770421953785
2021-12-21 07:00:00,12998.0,13011.878403160987,12925.499,12974.86160836395
2021-12-21 08:00:00,12989.0,12993.219365629566,12907.748,12956.591718414285
2021-12-21 09:00:00,12992.0,13016.336560934516,12952.176,12988.840922827265
2021-12-21 10:00:00,13013.0,13020.000534683324,12900.407,12968.750179278712
2021-12-21 11:00:00,12986.0,13022.089248530154,12895.854,12967.992630844965
2021-12-21 12:00:00,12966.0,13009.560527633668,12895.463,12960.665445386625
2021-12-21 13:00:00,13084.0,12930.771515531838,13022.291,12969.990997425524
2021-12-21 14:00:00,13196.0,13160.558960188857,13113.879,13140.554638700673
2021-12-21 15:00:00,13204.0,13247.503901458856,13204.352,13229.011483411665
2021-12-21 16:00:00,13175.0,13179.501188143875,13105.3,13147.703158477449
2021-12-21 17:00:00,13215.0,13201.979753859905,13129.315,13170.84033916472
2021-12-21 18:00:00,13030.0,12956.977608010771,12912.836,12938.061057470966
2021-12-21 19:00:00,12631.0,12588.9941822866,12556.734,12575.169472063524
2021-12-21 20:00:00,12674.0,12568.271462421795,12588.724,12577.035692952983
2021-12-21 21:00:00,12463.0,12448.155218935502,12449.134,12448.574324446865
2021-12-21 22:00:00,12985.5,12590.368659660395,12442.851,12527.151712870986
2021-12-21 23:00:00,12985.5,12951.513567595297,12853.168,12909.368734335589
2021-12-22 00:00:00,12975.5,13115.3544154064,12950.13,13044.549534191872
2021-12-22 01:00:00,12971.0,13131.996166261248,12997.119,13074.196403867527
2021-12-22 02:00:00,12971.0,13093.117400077766,12983.293,13046.053320389048
2021-12-22 03:00:00,12971.0,13050.955223437748,12947.684,13006.699415469571
2021-12-22 04:00:00,12583.0,12879.961691148876,12866.781,12874.313442699045
2021-12-22 05:00:00,12985.0,12909.153212233412,12821.612,12871.6383939433
2021-12-22 06:00:00,13242.0,13226.093881471303,13170.719,13202.36335542968
2021-12-22 07:00:00,13170.0,13163.66061365068,13078.082,13126.986787990547
2021-12-22 08:00:00,13120.0,13149.1560728448,13065.819,13113.443091496461
2021-12-22 09:00:00,13105.0,13049.59652307423,13067.039,13057.070917207975
2021-12-22 10:00:00,13061.0,13048.654077196637,13067.443,13056.705683760169
2021-12-22 11:00:00,12957.0,13036.955138151076,12936.113,12993.740383542208
2021-12-22 12:00:00,12907.0,12840.230565220165,12941.458,12883.610024665755
2021-12-22 13:00:00,13028.0,12960.486577311307,13055.109,13001.035543152724
2021-12-22 14:00:00,13119.0,13159.897841154838,13102.631,13135.356520893518
2021-12-22 15:00:00,13090.0,13124.990959578876,13182.46,13149.618477860351
2021-12-22 16:00:00,13052.0,13085.82870364658,13007.892,13052.429601313866
2021-12-22 17:00:00,13024.0,13106.645908571332,13008.71,13064.676457205858
2021-12-22 18:00:00,12775.0,12902.21761200592,12851.569,12880.512843131233
2021-12-22 19:00:00,12456.0,12424.851107761646,12411.617,12419.179730243915
2021-12-22 20:00:00,12407.0,12480.7312266676,12423.798,12456.332897534758
2021-12-22 21:00:00,12098.0,12321.852189681693,12267.726,12298.65702437771
2021-12-22 22:00:00,12134.0,12317.160238970144,12292.891,12306.759437846817
2021-12-22 23:00:00,12094.5,12335.768635288456,12233.763,12292.055075698483
2021-12-23 00:00:00,12046.5,12318.38195335473,12268.235,12296.892173171327
2021-12-23 01:00:00,11941.5,12312.377918564853,12274.864,12296.301907565485
2021-12-23 02:00:00,11890.5,12077.27098247377,12197.74,12128.896125727133
2021-12-23 03:00:00,11890.5,12107.267235970618,12141.843,12122.083784094062
2021-12-23 04:00:00,11457.0,12190.635775152643,12043.697,12127.667256193246
2021-12-23 05:00:00,11755.0,12058.445735330215,12001.574,12034.074221823394
2021-12-23 06:00:00,12091.0,12208.905707178357,12226.905,12216.619083476686
2021-12-23 07:00:00,12170.0,12202.210064846842,12195.966,12199.533980123562
2021-12-23 08:00:00,12002.0,12282.237075314519,12201.419,12247.603398795383
2021-12-23 09:00:00,11880.0,12073.352935181516,12057.498,12066.558472428856
2021-12-23 10:00:00,11881.0,11983.60407191538,11980.248,11982.165792927928
2021-12-23 11:00:00,11816.0,11927.992423594687,11963.734,11943.309113147112
2021-12-23 12:00:00,11725.0,11912.858927490837,11922.774,11917.108140180168
2021-12-23 13:00:00,11900.0,12021.622269902438,11975.642,12001.917679147464
2021-12-23 14:00:00,11968.0,12107.326656900801,12166.05,12132.491764416216
2021-12-23 15:00:00,11952.0,12113.404142789977,12161.57,12134.044903071848
2021-12-23 16:00:00,11949.0,12075.081178537794,12114.9795,12092.178912690972
2021-12-23 17:00:00,11942.0,12062.762598228872,12094.856,12076.515760192204
2021-12-23 18:00:00,11806.0,11882.468568493145,11887.292,11884.53559698922
2021-12-23 19:00:00,11435.0,11440.245030928801,11566.287,11494.25854659151
2021-12-23 20:00:00,11588.0,11563.858268829279,11586.851,11573.710995070547
2021-12-23 21:00:00,11348.0,11422.609505316506,11540.057,11472.9397671437
2021-12-23 22:00:00,11656.5,11639.683334225783,11500.351,11579.973882639333
2021-12-23 23:00:00,11656.5,11835.560971188139,11748.456,11798.233041606887
2021-12-24 00:00:00,11656.5,11752.937223760257,11738.615,11746.799800083974
2021-12-24 01:00:00,11695.5,11722.074665336388,11727.544,11724.418349720485
2021-12-24 02:00:00,11695.5,11711.475960448422,11752.403,11729.014898484114
2021-12-24 03:00:00,11695.5,11675.34143803772,11697.634,11684.894151346049
2021-12-24 04:00:00,11695.5,11424.36011125628,11418.902,11422.021228990507
2021-12-24 05:00:00,11043.0,12009.74014142878,11982.262,11997.964392101432
2021-12-24 06:00:00,11554.0,11430.698657502708,11415.911,11424.36173766984
2021-12-24 07:00:00,11807.0,11647.959509144663,11664.497,11655.046186836676
2021-12-24 08:00:00,11965.0,11782.590272468904,11844.717,11809.213692769365
2021-12-24 09:00:00,12006.0,11873.59014290183,11943.367,11903.492175471662
2021-12-24 10:00:00,11925.0,11912.789333659113,11942.779,11925.64112376123
2021-12-24 11:00:00,11803.0,11841.3689310143,11892.317,11863.201980210626
2021-12-24 12:00:00,11835.0,11761.002634859979,11780.312,11769.277051105222
2021-12-24 13:00:00,12032.0,11915.77882414521,11973.068,11940.329488519685
2021-12-24 14:00:00,12138.0,12103.804266086607,12154.931,12125.713710393611
2021-12-24 15:00:00,12022.0,12144.312805117632,12172.926,12156.574282158537
2021-12-24 16:00:00,11902.0,12029.505703623385,12046.81,12036.920819576171
2021-12-24 17:00:00,11798.0,11890.850044815896,11902.338,11895.773057549799
2021-12-24 18:00:00,11705.0,11665.172771743071,11660.087,11662.993287348345
2021-12-24 19:00:00,11534.0,11188.610218530235,11205.602,11195.891575678159
2021-12-24 20:00:00,11876.0,11501.77515134579,11474.16,11489.940775720963
2021-12-24 21:00:00,11856.0,11506.735718324036,11478.886,11494.800948638489
2021-12-24 22:00:00,11574.0,11355.068228858623,11368.453,11360.803827874344
2021-12-24 23:00:00,11355.0,11228.413926086921,11266.6455,11244.797604265234
2021-12-25 00:00:00,11073.0,11380.897266645163,11384.797,11382.568082945625
2021-12-25 01:00:00,11624.5,11114.294987306694,11108.293,11111.722948337374
2021-12-25 02:00:00,11624.5,11508.880913912288,11534.536,11519.874993856947
2021-12-25 03:00:00,11041.0,11410.120121331296,11495.906,11446.882619882756
2021-12-25 04:00:00,11071.0,10694.338946494112,10726.144,10707.968319821588
2021-12-25 05:00:00,11112.0,10991.577230343533,11092.277,11034.730964875886
2021-12-25 06:00:00,11363.0,11270.029193061635,11289.167,11278.230083628843
2021-12-25 07:00:00,11491.0,11389.895360421755,11423.706,11404.384480290651
2021-12-25 08:00:00,11622.0,11444.697219436124,11491.64,11464.813551400377
2021-12-25 09:00:00,11734.0,11563.775643025601,11594.257,11576.837605575827
2021-12-25 10:00:00,11730.0,11623.154825131272,11629.548,11625.89416788723
2021-12-25 11:00:00,11627.0,11613.627064296712,11640.809,11625.275085223479
2021-12-25 12:00:00,11688.0,11583.885591544795,11616.439,11597.83605206187
2021-12-25 13:00:00,11870.0,11862.079623683778,11808.109,11838.951444813416
2021-12-25 14:00:00,12090.0,12035.227122297505,11987.124,12014.613252300795
2021-12-25 15:00:00,12130.0,12146.493832796357,12095.908,12124.815776760206
2021-12-25 16:00:00,12153.0,12232.93886467284,12140.366,12193.267703286254
2021-12-25 17:00:00,12116.0,12158.352341650601,12101.321,12133.912304340321
2021-12-25 18:00:00,11936.0,11919.313247430817,11887.58,11905.714516315127
2021-12-25 19:00:00,11659.0,11436.792112069763,11424.23,11431.408865121102
2021-12-25 20:00:00,11964.0,11683.100737287476,11641.229,11665.156919878515
2021-12-25 21:00:00,11875.0,11711.797063060043,11728.357,11718.893709362728
2021-12-25 22:00:00,11558.0,11391.863285037003,11399.988,11395.345014611295
2021-12-25 23:00:00,11252.0,11140.439792528185,11156.409,11147.28288730426
2021-12-26 00:00:00,11151.0,10958.2819489424,11013.317,10981.866529018733
2021-12-26 01:00:00,11165.0,10987.070411570383,10974.315,10981.604213527786
2021-12-26 02:00:00,11206.0,11032.051948288281,11100.048,11061.190373191574
2021-12-26 03:00:00,11296.0,11129.161015005553,11183.917,11152.626053378599
2021-12-26 04:00:00,11477.0,11068.166500442852,11158.893,11107.045801809894
2021-12-26 05:00:00,11516.0,11432.410185240298,11511.255,11466.19772322452
2021-12-26 06:00:00,11860.0,11592.365465597462,11645.722,11615.23032925769
2021-12-26 07:00:00,12015.0,11763.380181366747,11852.839,11801.716298236195
2021-12-26 08:00:00,12119.0,11944.688254140023,12026.059,11979.558176447114
2021-12-26 09:00:00,12226.0,12047.079160156569,12126.413,12081.076687412988
2021-12-26 10:00:00,12205.0,12102.871884958806,12161.306,12127.912822331578
2021-12-26 11:00:00,12050.0,12063.203072115908,12104.438,12080.873920193924
2021-12-26 12:00:00,12072.0,11935.686260506382,11984.548,11956.62529266416
2021-12-26 13:00:00,12212.0,12140.567853966026,12133.129,12137.379980556832
2021-12-26 14:00:00,12495.0,12334.682905056496,12347.462,12340.159230022777
2021-12-26 15:00:00,12550.0,12517.997327540914,12490.245,12506.104206557651
2021-12-26 16:00:00,12622.0,12471.693301825242,12491.812,12480.314538976148
2021-12-26 17:00:00,12574.0,12494.532472697365,12509.146,12500.794999330232
2021-12-26 18:00:00,12384.0,12306.555432294506,12243.742,12279.637655912336
2021-12-26 19:00:00,12044.0,11914.737571398786,11876.409,11898.312087441233
2021-12-26 20:00:00,12250.0,12108.085626856679,12152.332,12127.046581690343
2021-12-26 21:00:00,12150.0,12042.022337662604,12134.628,12081.7069181509
2021-12-26 22:00:00,11775.0,11727.982968052942,11772.13,11746.901173578666
2021-12-26 23:00:00,12231.0,11562.362467744484,11551.279,11557.612547207069
2021-12-27 00:00:00,12317.0,12346.528189358927,12343.831,12345.372223693528
2021-12-27 01:00:00,12429.5,12375.755057841805,12338.477,12359.779874680946
2021-12-27 02:00:00,12485.0,12422.363524176282,12429.476,12425.410999391348
2021-12-27 03:00:00,12512.5,12430.316263389073,12474.793,12449.376108650817
2021-12-27 04:00:00,12180.0,12636.890081050813,12701.262,12664.475770366087
2021-12-27 05:00:00,12475.0,12752.620173817917,12700.846,12730.432567552392
2021-12-27 06:00:00,12795.0,12748.13318327362,12691.811,12723.996834810652
2021-12-27 07:00:00,12908.0,12771.722484849328,12772.672,12772.129111911265
2021-12-27 08:00:00,12921.0,12802.374935994558,12897.255,12843.034536631261
2021-12-27 09:00:00,12944.0,12854.048440646782,12951.125,12895.649012364796
2021-12-27 10:00:00,12909.0,12838.364080462743,12948.296,12885.473572788753
2021-12-27 11:00:00,12841.0,12841.549767404022,12926.122,12877.792123039731
2021-12-27 12:00:00,12876.0,12836.369096310651,12823.781,12830.974625715407
2021-12-27 13:00:00,13058.0,12941.16536066751,12923.439,12933.568882724958
2021-12-27 14:00:00,13170.0,13125.841183608018,13095.135,13112.681986462912
2021-12-27 15:00:00,13199.0,13202.356129232207,13188.615,13196.467533276087
2021-12-27 16:00:00,13223.0,13163.980698581567,13158.229,13161.515407926905
2021-12-27 17:00:00,13216.0,13202.639859664881,13141.78,13176.5593623236
2021-12-27 18:00:00,13018.0,13006.01770747823,12942.698,12978.8830409627
2021-12-27 19:00:00,12628.0,12611.53173244934,12516.166,12570.664090669885
2021-12-27 20:00:00,12787.0,12640.323165203936,12656.913,12647.43228109123
2021-12-27 21:00:00,12646.0,12688.901666975677,12646.811,12670.864013567225
2021-12-27 22:00:00,12127.0,12633.79013254821,12627.643,12631.155435241697
2021-12-27 23:00:00,12763.0,12348.313848649528,12259.749,12310.360435996115
2021-12-28 00:00:00,12734.5,12714.12825233876,12628.855,12677.585746962475
2021-12-28 01:00:00,12677.0,12776.343688779158,12728.187,12755.70648409204
2021-12-28 02:00:00,12637.0,12661.099848334425,12631.329,12648.34201541861
2021-12-28 03:00:00,12637.0,12526.343876777328,12600.53,12558.135184130479
2021-12-28 04:00:00,12389.0,12432.90103733096,12500.702,12461.956239606465
2021-12-28 05:00:00,12594.0,12828.93993250829,12726.05,12784.84778312127
2021-12-28 06:00:00,12869.0,12816.857544056062,12803.199,12811.004175927967
2021-12-28 07:00:00,12843.0,12858.595892926718,12782.973,12826.188632710873
2021-12-28 08:00:00,12761.0,12837.934677413874,12785.655,12815.530919052953
2021-12-28 09:00:00,12765.0,12784.533205667607,12768.52,12777.6706726498
2021-12-28 10:00:00,12708.0,12781.133195711594,12720.812,12755.282867304097
2021-12-28 11:00:00,12620.0,12663.070037660287,12709.874,12683.1270861259
2021-12-28 12:00:00,12541.0,12622.275110787688,12660.168,12638.513498732884
2021-12-28 13:00:00,12597.0,12681.12543710746,12726.413,12700.532487775326
2021-12-28 14:00:00,12726.0,12754.438182168718,12860.748,12799.995906782744
2021-12-28 15:00:00,12726.0,12864.118902950899,12854.5625,12860.023541535964
2021-12-28 16:00:00,12652.0,12821.520812896639,12828.766,12824.62511791414
2021-12-28 17:00:00,12578.0,12741.992528623661,12781.691,12759.004765491236
2021-12-28 18:00:00,12309.0,12525.07634187435,12505.105,12516.51776796464
2021-12-28 19:00:00,11789.0,11832.788622286775,11941.097,11879.20245671515
2021-12-28 20:00:00,11852.0,12175.375058766604,12142.306,12161.203640089629
2021-12-28 21:00:00,11658.0,12056.517705365715,12039.849,12049.374278802821
2021-12-28 22:00:00,11935.5,11855.904095185988,11810.626,11836.500481523854
2021-12-28 23:00:00,11935.5,12095.101357264666,12059.771,12079.96101996701
2021-12-29 00:00:00,11935.5,12010.941069292376,12064.94,12034.081830721982
2021-12-29 01:00:00,11935.5,12008.978688680969,12013.273,12010.818800533923
2021-12-29 02:00:00,11935.5,11908.471669998036,11986.067,11941.724030129784
2021-12-29 03:00:00,11935.5,11891.56675898785,11967.217,11923.985367816502
2021-12-29 04:00:00,11466.0,11992.519335397394,11978.098,11986.339152669178
2021-12-29 05:00:00,11747.0,11979.279918141143,11911.621,11950.285517778331
2021-12-29 06:00:00,11961.0,12085.25046090102,12084.916,12085.106984218044
2021-12-29 07:00:00,11949.0,11992.498452729882,12038.222,12012.0923557085
2021-12-29 08:00:00,11922.0,11987.379450426113,12024.07,12003.102580306884
2021-12-29 09:00:00,11978.0,11986.556783384982,12021.348,12001.465952325892
2021-12-29 10:00:00,12074.0,12013.068724794148,12047.383,12027.773293829869
2021-12-29 11:00:00,12063.0,12050.872618541645,12081.444,12063.973513809005
2021-12-29 12:00:00,12006.0,12060.347473730793,12082.216,12069.718612834657
2021-12-29 13:00:00,12194.0,12120.661289266982,12134.387,12126.54317062908
2021-12-29 14:00:00,12250.0,12370.44291305917,12403.68,12384.686073084882
2021-12-29 15:00:00,12200.0,12313.968676893328,12384.655,12344.260284077369
2021-12-29 16:00:00,12134.0,12267.107430575827,12295.378,12279.22200955503
2021-12-29 17:00:00,12080.0,12223.605687518324,12210.004,12217.776907910622
2021-12-29 18:00:00,11779.0,11930.873617880068,11975.6045,11950.042524188151
2021-12-29 19:00:00,11473.0,11331.031049829417,11439.478,11377.503984123763
2021-12-29 20:00:00,11553.0,11584.035930323524,11602.188,11591.815031572343
2021-12-29 21:00:00,11345.0,11501.809003773997,11513.406,11506.778480518464
2021-12-29 22:00:00,10833.0,11612.843958790792,11570.55,11594.719170679233
2021-12-29 23:00:00,11499.5,11454.020481607586,11574.164,11505.506200257689
2021-12-30 00:00:00,11499.5,11563.833252293362,11578.139,11569.963300599276
2021-12-30 01:00:00,11499.5,11553.494935137142,11576.18,11563.215975630774
2021-12-30 02:00:00,11499.5,11508.520291248977,11539.117,11521.631801841653
2021-12-30 03:00:00,11499.5,11466.731692027688,11470.067,11468.160816324333
2021-12-30 04:00:00,10946.0,11262.884681885527,11300.033,11278.803995519564
2021-12-30 05:00:00,11129.0,11432.122719407529,11444.373,11437.372314220203
2021-12-30 06:00:00,11435.0,11422.924968384625,11444.11,11432.00334351106
2021-12-30 07:00:00,11491.0,11487.285182029995,11497.194,11491.531382862118
2021-12-30 08:00:00,11512.0,11470.239365575277,11499.466,11482.763956062003
2021-12-30 09:00:00,11508.0,11518.510947432771,11533.481,11524.926056770088
2021-12-30 10:00:00,11572.0,11491.208382688746,11465.723,11480.286531901798
2021-12-30 11:00:00,11579.0,11522.085068291495,11525.813,11523.682891367953
2021-12-30 12:00:00,11571.0,11527.271155136463,11577.474,11548.784733595905
2021-12-30 13:00:00,11675.0,11704.58572159947,11706.852,11705.556383319272
2021-12-30 14:00:00,11776.0,11750.483139308675,11812.561,11777.085369009088
2021-12-30 15:00:00,11805.0,11792.177929813195,11875.795,11828.010558781554
2021-12-30 16:00:00,11763.0,11801.983619812268,11842.115,11819.18153418685
2021-12-30 17:00:00,11747.0,11738.755687904717,11734.252,11736.825454710382
2021-12-30 18:00:00,11581.0,11559.816156174915,11556.732,11558.49433749434
2021-12-30 19:00:00,11077.0,11065.798615606203,11100.078,11080.488540813178
2021-12-30 20:00:00,11186.0,11066.931507898378,11174.842,11113.175009753464
2021-12-30 21:00:00,11006.0,11018.666627292436,11035.868,11026.038222940137
2021-12-30 22:00:00,10544.0,10852.235343930024,10831.339,10843.280404382087
2021-12-30 23:00:00,11041.5,11095.562772188285,11184.659,11133.743759608933
2021-12-31 00:00:00,11041.5,11130.007394005368,11105.68,11119.581895937767
2021-12-31 01:00:00,11041.5,11112.395211585257,11058.579,11089.333096894086
2021-12-31 02:00:00,11041.5,11079.893561362636,11037.224,11061.607739054947
2021-12-31 03:00:00,11041.5,10968.070810916097,10957.205,10963.414118292787
2021-12-31 04:00:00,10480.0,10808.332999649312,10766.226,10790.28850272131
2021-12-31 05:00:00,10681.0,10939.875952730372,10857.759,10904.685578850167
2021-12-31 06:00:00,10972.0,11008.263454407586,10979.602,10995.98088608003
2021-12-31 07:00:00,10998.0,11057.574482178572,11015.835,11039.687675640238
2021-12-31 08:00:00,10972.0,11061.573075388746,11015.905,11042.002510323471
2021-12-31 09:00:00,11113.0,11064.110075113065,10998.975,11036.19694162654
2021-12-31 10:00:00,11151.0,11151.164637749962,11102.678,11130.385864526372
2021-12-31 11:00:00,11102.0,11154.187709332853,11117.463,11138.449864963864
2021-12-31 12:00:00,11103.0,11134.19312680398,11101.699,11120.268322477239
2021-12-31 13:00:00,11314.0,11341.865034838876,11294.551,11321.588764329836
2021-12-31 14:00:00,11552.0,11443.757059417463,11437.812,11441.208901580956
2021-12-31 15:00:00,11575.0,11574.155964059702,11571.904,11573.190965471684
2021-12-31 16:00:00,11447.0,11551.380429561246,11544.719,11548.525679567516
2021-12-31 17:00:00,11237.0,11444.833948716288,11407.434,11428.806237956022
2021-12-31 18:00:00,10914.0,11158.672744771105,11134.341,11148.245320277878
2021-12-31 19:00:00,10599.0,10597.684584982684,10562.115,10582.441901063603
2021-12-31 20:00:00,10812.0,10696.06546051143,10696.703,10696.338748392345
