timestamp,actual,predicted
2021-01-01 00:00:00,9206.0,9200.273
2021-01-01 01:00:00,9042.0,9044.892
2021-01-01 02:00:00,9010.0,8984.222
2021-01-01 03:00:00,9057.0,9067.581
2021-01-01 04:00:00,9219.0,9219.053
2021-01-01 05:00:00,9198.0,9202.815
2021-01-01 06:00:00,9392.0,9399.955
2021-01-01 07:00:00,9486.0,9479.497
2021-01-01 08:00:00,9496.0,9482.19
2021-01-01 09:00:00,9629.0,9626.54
2021-01-01 10:00:00,9731.0,9730.917
2021-01-01 11:00:00,9763.0,9762.135
2021-01-01 12:00:00,9908.0,9909.325
2021-01-01 13:00:00,10160.0,10161.268
2021-01-01 14:00:00,10428.0,10411.86
2021-01-01 15:00:00,10485.0,10496.758
2021-01-01 16:00:00,10498.0,10494.357
2021-01-01 17:00:00,10523.0,10507.758
2021-01-01 18:00:00,10340.0,10343.117
2021-01-01 19:00:00,10021.0,10004.086
2021-01-01 20:00:00,10182.0,10173.896
2021-01-01 21:00:00,10012.0,9996.909
2021-01-01 22:00:00,9631.0,9629.013
2021-01-01 23:00:00,9292.0,9292.857
2021-01-02 00:00:00,9054.0,9059.239
2021-01-02 01:00:00,8975.0,8976.6875
2021-01-02 02:00:00,8972.0,8979.793
2021-01-02 03:00:00,9065.0,9063.084
2021-01-02 04:00:00,9264.0,9257.712
2021-01-02 05:00:00,9309.0,9310.474
2021-01-02 06:00:00,9616.0,9627.511
2021-01-02 07:00:00,9742.0,9728.093
2021-01-02 08:00:00,9861.0,9852.941
2021-01-02 09:00:00,9975.0,9971.864
2021-01-02 10:00:00,10040.0,10042.416
2021-01-02 11:00:00,10061.0,10057.872
2021-01-02 12:00:00,10197.0,10190.4795
2021-01-02 13:00:00,10500.0,10488.505
2021-01-02 14:00:00,10806.0,10801.583
2021-01-02 15:00:00,10937.0,10953.39
2021-01-02 16:00:00,11018.0,11029.612
2021-01-02 17:00:00,10940.0,10944.574
2021-01-02 18:00:00,10669.0,10674.027
2021-01-02 19:00:00,10238.0,10224.46
2021-01-02 20:00:00,10490.0,10475.018
2021-01-02 21:00:00,10318.0,10334.907
2021-01-02 22:00:00,9914.0,9927.021
2021-01-02 23:00:00,9535.0,9516.274
2021-01-03 00:00:00,9296.0,9271.021
2021-01-03 01:00:00,9137.0,9123.8545
2021-01-03 02:00:00,9142.0,9161.101
2021-01-03 03:00:00,9197.0,9206.918
2021-01-03 04:00:00,9375.0,9394.503
2021-01-03 05:00:00,9369.0,9381.495
2021-01-03 06:00:00,9641.0,9626.895
2021-01-03 07:00:00,9753.0,9737.531
2021-01-03 08:00:00,9938.0,9925.83
2021-01-03 09:00:00,10129.0,10142.212
2021-01-03 10:00:00,10203.0,10209.145
2021-01-03 11:00:00,10272.0,10269.271
2021-01-03 12:00:00,10233.0,10256.254
2021-01-03 13:00:00,10446.0,10462.565
2021-01-03 14:00:00,10736.0,10759.115
2021-01-03 15:00:00,10807.0,10784.496
2021-01-03 16:00:00,10826.0,10816.233
2021-01-03 17:00:00,10891.0,10877.741
2021-01-03 18:00:00,10679.0,10684.172
2021-01-03 19:00:00,10253.0,10269.7705
2021-01-03 20:00:00,10483.0,10492.514
2021-01-03 21:00:00,10388.0,10386.439
2021-01-03 22:00:00,10008.0,10032.452
2021-01-03 23:00:00,9638.0,9647.234
2021-01-04 00:00:00,10609.0,10633.318
2021-01-04 01:00:00,10707.5,10701.449
2021-01-04 02:00:00,10771.5,10771.022
2021-01-04 03:00:00,10816.5,10817.816
2021-01-04 04:00:00,10539.0,10537.986
2021-01-04 05:00:00,10923.0,10953.281
2021-01-04 06:00:00,11376.0,11386.064
2021-01-04 07:00:00,11442.0,11425.174
2021-01-04 08:00:00,11409.0,11417.332
2021-01-04 09:00:00,11447.0,11436.932
2021-01-04 10:00:00,11450.0,11462.928
2021-01-04 11:00:00,11441.0,11441.938
2021-01-04 12:00:00,11476.0,11471.849
2021-01-04 13:00:00,11583.0,11579.207
2021-01-04 14:00:00,11818.0,11814.776
2021-01-04 15:00:00,11722.0,11720.011
2021-01-04 16:00:00,11714.0,11717.752
2021-01-04 17:00:00,11667.0,11647.775
2021-01-04 18:00:00,11523.0,11518.988
2021-01-04 19:00:00,11172.0,11170.873
2021-01-04 20:00:00,11325.0,11310.499
2021-01-04 21:00:00,11123.0,11098.365
2021-01-04 22:00:00,10685.0,10680.787
2021-01-04 23:00:00,11499.5,11500.062
2021-01-05 00:00:00,11543.0,11545.245
2021-01-05 01:00:00,11573.0,11568.27
2021-01-05 02:00:00,11615.0,11609.907
2021-01-05 03:00:00,11615.0,11602.238
2021-01-05 04:00:00,11181.0,11141.296
2021-01-05 05:00:00,11563.0,11595.077
2021-01-05 06:00:00,11825.0,11829.425
2021-01-05 07:00:00,11799.0,11800.042
2021-01-05 08:00:00,11815.0,11814.789
2021-01-05 09:00:00,11935.0,11921.453
2021-01-05 10:00:00,11955.0,11933.773
2021-01-05 11:00:00,11842.0,11834.514
2021-01-05 12:00:00,11904.0,11904.218
2021-01-05 13:00:00,12010.0,11977.897
2021-01-05 14:00:00,12148.0,12184.097
2021-01-05 15:00:00,12143.0,12146.968
2021-01-05 16:00:00,12167.0,12148.942
2021-01-05 17:00:00,12145.0,12143.658
2021-01-05 18:00:00,11904.0,11944.476
2021-01-05 19:00:00,11542.0,11577.422
2021-01-05 20:00:00,11602.0,11581.522
2021-01-05 21:00:00,11405.0,11399.527
2021-01-05 22:00:00,10952.0,10932.878
2021-01-05 23:00:00,10605.0,10617.732
2021-01-06 00:00:00,11418.0,11396.982
2021-01-06 01:00:00,11418.0,11449.004
2021-01-06 02:00:00,11418.0,11433.372
2021-01-06 03:00:00,10460.0,10522.765
2021-01-06 04:00:00,10824.0,10892.835
2021-01-06 05:00:00,10949.0,10925.382
2021-01-06 06:00:00,11156.0,11158.463
2021-01-06 07:00:00,11230.0,11236.746
2021-01-06 08:00:00,11322.0,11315.714
2021-01-06 09:00:00,11431.0,11431.416
2021-01-06 10:00:00,11475.0,11458.99
2021-01-06 11:00:00,11463.0,11454.933
2021-01-06 12:00:00,11471.0,11463.718
2021-01-06 13:00:00,11679.0,11642.67
2021-01-06 14:00:00,11947.0,11920.099
2021-01-06 15:00:00,12006.0,12005.531
2021-01-06 16:00:00,11954.0,11963.408
2021-01-06 17:00:00,11996.0,12005.638
2021-01-06 18:00:00,11708.0,11708.469
2021-01-06 19:00:00,11216.0,11218.227
2021-01-06 20:00:00,11316.0,11321.607
2021-01-06 21:00:00,11175.0,11151.772
2021-01-06 22:00:00,10772.0,10781.522
2021-01-06 23:00:00,10449.0,10443.914
2021-01-07 00:00:00,11686.5,11548.49
2021-01-07 01:00:00,11687.5,11611.007
2021-01-07 02:00:00,11700.0,11710.58
2021-01-07 03:00:00,11700.0,11699.588
2021-01-07 04:00:00,11280.0,11265.677
2021-01-07 05:00:00,11694.0,11736.362
2021-01-07 06:00:00,11911.0,11888.58
2021-01-07 07:00:00,11811.0,11811.09
2021-01-07 08:00:00,11772.0,11753.712
2021-01-07 09:00:00,11706.0,11705.335
2021-01-07 10:00:00,11745.0,11749.307
2021-01-07 11:00:00,11715.0,11711.454
2021-01-07 12:00:00,11681.0,11692.741
2021-01-07 13:00:00,11844.0,11825.698
2021-01-07 14:00:00,11957.0,11935.463
2021-01-07 15:00:00,11915.0,11914.978
2021-01-07 16:00:00,11778.0,11785.435
2021-01-07 17:00:00,11748.0,11756.967
2021-01-07 18:00:00,11587.0,11573.308
2021-01-07 19:00:00,11164.0,11151.408
2021-01-07 20:00:00,11234.0,11217.779
2021-01-07 21:00:00,10972.0,10973.148
2021-01-07 22:00:00,11620.5,11615.673
2021-01-07 23:00:00,11620.5,11630.254
2021-01-08 00:00:00,11602.5,11597.56
2021-01-08 01:00:00,11580.0,11574.592
2021-01-08 02:00:00,11580.0,11583.218
2021-01-08 03:00:00,11580.0,11585.356
2021-01-08 04:00:00,11110.0,11100.192
2021-01-08 05:00:00,11533.0,11588.146
2021-01-08 06:00:00,11870.0,11856.622
2021-01-08 07:00:00,11719.0,11717.599
2021-01-08 08:00:00,11654.0,11655.849
2021-01-08 09:00:00,11732.0,11748.185
2021-01-08 10:00:00,11699.0,11689.052
2021-01-08 11:00:00,11618.0,11632.197
2021-01-08 12:00:00,11573.0,11564.877
2021-01-08 13:00:00,11689.0,11701.221
2021-01-08 14:00:00,11900.0,11898.302
2021-01-08 15:00:00,11911.0,11910.666
2021-01-08 16:00:00,11847.0,11849.764
2021-01-08 17:00:00,11874.0,11861.147
2021-01-08 18:00:00,11684.0,11649.669
2021-01-08 19:00:00,11338.0,11324.71
2021-01-08 20:00:00,11399.0,11385.2705
2021-01-08 21:00:00,11156.0,11159.631
2021-01-08 22:00:00,10704.0,10711.893
2021-01-08 23:00:00,10405.0,10421.757
2021-01-09 00:00:00,11189.5,11145.727
2021-01-09 01:00:00,11189.5,11189.955
2021-01-09 02:00:00,11189.5,11189.462
2021-01-09 03:00:00,10326.0,10349.4375
2021-01-09 04:00:00,10584.0,10611.6045
2021-01-09 05:00:00,10657.0,10646.376
2021-01-09 06:00:00,10887.0,10895.479
2021-01-09 07:00:00,10964.0,10960.3
2021-01-09 08:00:00,11067.0,11060.524
2021-01-09 09:00:00,11223.0,11213.785
2021-01-09 10:00:00,11253.0,11264.024
2021-01-09 11:00:00,11251.0,11250.863
2021-01-09 12:00:00,11301.0,11306.194
2021-01-09 13:00:00,11585.0,11568.281
2021-01-09 14:00:00,12030.0,11998.238
2021-01-09 15:00:00,12320.0,12329.278
2021-01-09 16:00:00,12366.0,12358.32
2021-01-09 17:00:00,12270.0,12281.327
2021-01-09 18:00:00,11992.0,11995.231
2021-01-09 19:00:00,11570.0,11593.382
2021-01-09 20:00:00,11684.0,11667.533
2021-01-09 21:00:00,11515.0,11504.96
2021-01-09 22:00:00,11103.0,11125.618
2021-01-09 23:00:00,10745.0,10748.91
2021-01-10 00:00:00,10538.0,10546.845
2021-01-10 01:00:00,10464.0,10473.016
2021-01-10 02:00:00,10462.0,10464.826
2021-01-10 03:00:00,10499.0,10487.058
2021-01-10 04:00:00,10671.0,10657.077
2021-01-10 05:00:00,10646.0,10665.97
2021-01-10 06:00:00,10846.0,10861.053
2021-01-10 07:00:00,10906.0,10886.196
2021-01-10 08:00:00,11067.0,11096.585
2021-01-10 09:00:00,11185.0,11182.673
2021-01-10 10:00:00,11200.0,11189.352
2021-01-10 11:00:00,11228.0,11227.908
2021-01-10 12:00:00,11154.0,11152.61
2021-01-10 13:00:00,11221.0,11204.398
2021-01-10 14:00:00,11521.0,11518.39
2021-01-10 15:00:00,11589.0,11570.827
2021-01-10 16:00:00,11612.0,11592.857
2021-01-10 17:00:00,11636.0,11640.871
2021-01-10 18:00:00,11330.0,11322.548
2021-01-10 19:00:00,10930.0,10931.277
2021-01-10 20:00:00,11164.0,11181.577
2021-01-10 21:00:00,10991.0,11004.29
2021-01-10 22:00:00,10685.0,10695.368
2021-01-10 23:00:00,10381.0,10390.719
2021-01-11 00:00:00,11375.0,11349.234
2021-01-11 01:00:00,11470.5,11484.556
2021-01-11 02:00:00,11555.0,11556.587
2021-01-11 03:00:00,10647.0,10686.178
2021-01-11 04:00:00,11420.0,11446.628
2021-01-11 05:00:00,11908.0,11921.574
2021-01-11 06:00:00,12211.0,12248.38
2021-01-11 07:00:00,12136.0,12161.454
2021-01-11 08:00:00,12073.0,12052.719
2021-01-11 09:00:00,12050.0,12055.699
2021-01-11 10:00:00,11968.0,11974.281
2021-01-11 11:00:00,11862.0,11845.238
2021-01-11 12:00:00,11713.0,11717.999
2021-01-11 13:00:00,11770.0,11775.959
2021-01-11 14:00:00,11946.0,11971.622
2021-01-11 15:00:00,11941.0,11951.116
2021-01-11 16:00:00,11861.0,11840.425
2021-01-11 17:00:00,11826.0,11829.989
2021-01-11 18:00:00,11623.0,11622.25
2021-01-11 19:00:00,11266.0,11277.291
2021-01-11 20:00:00,11443.0,11445.969
2021-01-11 21:00:00,11179.0,11187.801
2021-01-11 22:00:00,11741.5,11748.211
2021-01-11 23:00:00,11741.5,11737.976
2021-01-12 00:00:00,11741.5,11740.973
2021-01-12 01:00:00,11798.0,11798.064
2021-01-12 02:00:00,11843.5,11835.741
2021-01-12 03:00:00,11843.5,11836.784
2021-01-12 04:00:00,11468.0,11454.302
2021-01-12 05:00:00,11941.0,11947.291
2021-01-12 06:00:00,12160.0,12164.826
2021-01-12 07:00:00,12120.0,12145.72
2021-01-12 08:00:00,12022.0,12001.245
2021-01-12 09:00:00,12059.0,12044.415
2021-01-12 10:00:00,12078.0,12062.76
2021-01-12 11:00:00,11991.0,11974.016
2021-01-12 12:00:00,11957.0,11964.752
2021-01-12 13:00:00,12042.0,12038.75
2021-01-12 14:00:00,12228.0,12254.381
2021-01-12 15:00:00,12232.0,12226.269
2021-01-12 16:00:00,12251.0,12237.136
2021-01-12 17:00:00,12298.0,12260.256
2021-01-12 18:00:00,12100.0,12099.676
2021-01-12 19:00:00,11665.0,11683.324
2021-01-12 20:00:00,11746.0,11750.42
2021-01-12 21:00:00,11462.0,11465.714
2021-01-12 22:00:00,12016.5,12037.693
2021-01-12 23:00:00,12016.5,12008.49
2021-01-13 00:00:00,12071.0,12076.193
2021-01-13 01:00:00,12164.0,12169.919
2021-01-13 02:00:00,12230.0,12228.382
2021-01-13 03:00:00,12241.5,12252.245
2021-01-13 04:00:00,11959.0,11969.901
2021-01-13 05:00:00,12444.0,12397.844
2021-01-13 06:00:00,12773.0,12767.62
2021-01-13 07:00:00,12701.0,12704.5625
2021-01-13 08:00:00,12694.0,12688.246
2021-01-13 09:00:00,12725.0,12693.083
2021-01-13 10:00:00,12738.0,12724.143
2021-01-13 11:00:00,12710.0,12734.616
2021-01-13 12:00:00,12691.0,12630.997
2021-01-13 13:00:00,12780.0,12773.345
2021-01-13 14:00:00,13007.0,12934.846
2021-01-13 15:00:00,13090.0,13047.377
2021-01-13 16:00:00,13137.0,13121.817
2021-01-13 17:00:00,13159.0,13088.452
2021-01-13 18:00:00,12955.0,12961.216
2021-01-13 19:00:00,12453.0,12477.613
2021-01-13 20:00:00,12505.0,12558.116
2021-01-13 21:00:00,12292.0,12238.914
2021-01-13 22:00:00,12757.0,12690.142
2021-01-13 23:00:00,12778.0,12706.533
2021-01-14 00:00:00,12867.5,12840.177
2021-01-14 01:00:00,12981.0,12991.109
2021-01-14 02:00:00,13029.5,13014.908
2021-01-14 03:00:00,13071.0,13095.537
2021-01-14 04:00:00,12776.0,12701.703
2021-01-14 05:00:00,13052.0,13059.454
2021-01-14 06:00:00,13332.0,13319.752
2021-01-14 07:00:00,13304.0,13312.239
2021-01-14 08:00:00,13334.0,13368.925
2021-01-14 09:00:00,13397.0,13458.968
2021-01-14 10:00:00,13458.0,13460.471
2021-01-14 11:00:00,13350.0,13328.381
2021-01-14 12:00:00,13353.0,13413.373
2021-01-14 13:00:00,13435.0,13444.133
2021-01-14 14:00:00,13646.0,13607.732
2021-01-14 15:00:00,13733.0,13760.963
2021-01-14 16:00:00,13787.0,13779.563
2021-01-14 17:00:00,13351.0,13318.512
2021-01-14 18:00:00,13725.0,13825.356
2021-01-14 19:00:00,13352.0,13207.724
2021-01-14 20:00:00,13459.0,13542.827
2021-01-14 21:00:00,13334.0,13385.693
2021-01-14 22:00:00,12870.0,12915.438
2021-01-14 23:00:00,12676.0,12705.955
2021-01-15 00:00:00,12527.0,12528.228
2021-01-15 01:00:00,12485.0,12495.128
2021-01-15 02:00:00,12620.0,12647.543
2021-01-15 03:00:00,12937.0,12939.388
2021-01-15 04:00:00,13660.0,13611.039
2021-01-15 05:00:00,13998.0,14035.865
2021-01-15 06:00:00,14239.0,14384.935
2021-01-15 07:00:00,14150.0,14174.252
2021-01-15 08:00:00,14115.0,14186.555
2021-01-15 09:00:00,14074.0,14168.811
2021-01-15 10:00:00,14025.0,14154.941
2021-01-15 11:00:00,13876.0,14019.633
2021-01-15 12:00:00,13729.0,13617.302
2021-01-15 13:00:00,13631.0,13654.805
2021-01-15 14:00:00,13773.0,13891.807
2021-01-15 15:00:00,13773.0,13819.099
2021-01-15 16:00:00,13745.0,13791.734
2021-01-15 17:00:00,13621.0,13734.083
2021-01-15 18:00:00,13276.0,13353.734
2021-01-15 19:00:00,12728.0,12674.727
2021-01-15 20:00:00,12682.0,12684.19
2021-01-15 21:00:00,12357.0,12281.366
2021-01-15 22:00:00,11929.0,11884.659
2021-01-15 23:00:00,12338.5,12379.013
2021-01-16 00:00:00,12319.5,12301.761
2021-01-16 01:00:00,12264.5,12267.825
2021-01-16 02:00:00,12254.0,12267.333
2021-01-16 03:00:00,12254.0,12244.039
2021-01-16 04:00:00,12254.0,12234.014
2021-01-16 05:00:00,11661.0,11684.112
2021-01-16 06:00:00,12041.0,12094.373
2021-01-16 07:00:00,12145.0,12150.737
2021-01-16 08:00:00,12319.0,12312.752
2021-01-16 09:00:00,12364.0,12387.695
2021-01-16 10:00:00,12320.0,12331.4375
2021-01-16 11:00:00,12210.0,12229.115
2021-01-16 12:00:00,12162.0,12165.62
2021-01-16 13:00:00,12298.0,12308.162
2021-01-16 14:00:00,12757.0,12720.696
2021-01-16 15:00:00,12236.0,12154.232
2021-01-16 16:00:00,12236.0,12261.219
2021-01-16 17:00:00,12236.0,12210.579
2021-01-16 18:00:00,12764.0,12636.286
2021-01-16 19:00:00,12262.0,12145.296
2021-01-16 20:00:00,12422.0,12468.841
2021-01-16 21:00:00,12317.0,12291.322
2021-01-16 22:00:00,11840.0,11820.675
2021-01-16 23:00:00,11589.0,11601.547
2021-01-17 00:00:00,11333.0,11341.362
2021-01-17 01:00:00,11161.0,11182.965
2021-01-17 02:00:00,11175.0,11168.367
2021-01-17 03:00:00,11233.0,11245.029
2021-01-17 04:00:00,11359.0,11355.904
2021-01-17 05:00:00,11299.0,11287.683
2021-01-17 06:00:00,11521.0,11512.883
2021-01-17 07:00:00,11544.0,11532.806
2021-01-17 08:00:00,11747.0,11742.653
2021-01-17 09:00:00,11819.0,11799.231
2021-01-17 10:00:00,11810.0,11813.313
2021-01-17 11:00:00,11704.0,11706.0
2021-01-17 12:00:00,11592.0,11590.067
2021-01-17 13:00:00,11642.0,11656.924
2021-01-17 14:00:00,11869.0,11848.538
2021-01-17 15:00:00,12093.0,12103.404
2021-01-17 16:00:00,12100.0,12107.616
2021-01-17 17:00:00,12077.0,12088.207
2021-01-17 18:00:00,11834.0,11805.36
2021-01-17 19:00:00,11407.0,11430.35
2021-01-17 20:00:00,11603.0,11583.014
2021-01-17 21:00:00,11497.0,11507.304
2021-01-17 22:00:00,11173.0,11135.284
2021-01-17 23:00:00,10905.0,10916.955
2021-01-18 00:00:00,11851.5,11840.992
2021-01-18 01:00:00,11920.5,11914.76
2021-01-18 02:00:00,12024.5,12016.505
2021-01-18 03:00:00,11144.0,11102.429
2021-01-18 04:00:00,11972.0,12019.954
2021-01-18 05:00:00,12362.0,12327.427
2021-01-18 06:00:00,12625.0,12617.759
2021-01-18 07:00:00,12502.0,12463.757
2021-01-18 08:00:00,12459.0,12502.514
2021-01-18 09:00:00,12481.0,12500.275
2021-01-18 10:00:00,12425.0,12451.741
2021-01-18 11:00:00,12375.0,12328.847
2021-01-18 12:00:00,12313.0,12311.835
2021-01-18 13:00:00,12198.0,12209.221
2021-01-18 14:00:00,12232.0,12230.37
2021-01-18 15:00:00,12258.0,12277.67
2021-01-18 16:00:00,12140.0,12123.962
2021-01-18 17:00:00,12119.0,12106.242
2021-01-18 18:00:00,11786.0,11759.813
2021-01-18 19:00:00,11486.0,11513.953
2021-01-18 20:00:00,11582.0,11577.823
2021-01-18 21:00:00,11353.0,11351.128
2021-01-18 22:00:00,11773.5,11769.345
2021-01-18 23:00:00,11759.0,11752.207
2021-01-19 00:00:00,11732.0,11745.35
2021-01-19 01:00:00,11692.5,11699.418
2021-01-19 02:00:00,11648.0,11654.785
2021-01-19 03:00:00,11648.0,11645.834
2021-01-19 04:00:00,11414.0,11409.221
2021-01-19 05:00:00,11771.0,11798.962
2021-01-19 06:00:00,11957.0,11966.234
2021-01-19 07:00:00,11776.0,11783.016
2021-01-19 08:00:00,11747.0,11750.87
2021-01-19 09:00:00,11780.0,11766.88
2021-01-19 10:00:00,11717.0,11721.329
2021-01-19 11:00:00,11668.0,11669.837
2021-01-19 12:00:00,11623.0,11625.386
2021-01-19 13:00:00,11628.0,11649.469
2021-01-19 14:00:00,11806.0,11799.451
2021-01-19 15:00:00,11801.0,11780.051
2021-01-19 16:00:00,11787.0,11780.11
2021-01-19 17:00:00,11770.0,11779.098
2021-01-19 18:00:00,11608.0,11621.218
2021-01-19 19:00:00,11218.0,11244.101
2021-01-19 20:00:00,11296.0,11319.977
2021-01-19 21:00:00,11101.0,11081.672
2021-01-19 22:00:00,11625.5,11613.729
2021-01-19 23:00:00,11625.5,11651.002
2021-01-20 00:00:00,11625.5,11637.673
2021-01-20 01:00:00,11679.0,11684.209
2021-01-20 02:00:00,11750.0,11757.511
2021-01-20 03:00:00,11750.0,11737.052
2021-01-20 04:00:00,11348.0,11345.316
2021-01-20 05:00:00,11730.0,11749.928
2021-01-20 06:00:00,11993.0,11970.634
2021-01-20 07:00:00,11871.0,11872.553
2021-01-20 08:00:00,11903.0,11896.56
2021-01-20 09:00:00,11925.0,11930.923
2021-01-20 10:00:00,11940.0,11918.84
2021-01-20 11:00:00,11835.0,11814.903
2021-01-20 12:00:00,11840.0,11844.836
2021-01-20 13:00:00,11833.0,11820.029
2021-01-20 14:00:00,12092.0,12093.105
2021-01-20 15:00:00,12189.0,12198.66
2021-01-20 16:00:00,12166.0,12154.9375
2021-01-20 17:00:00,12197.0,12192.953
2021-01-20 18:00:00,11974.0,11970.468
2021-01-20 19:00:00,11533.0,11537.559
2021-01-20 20:00:00,11609.0,11602.661
2021-01-20 21:00:00,11404.0,11376.458
2021-01-20 22:00:00,11006.0,11021.246
2021-01-20 23:00:00,11837.5,11820.278
2021-01-21 00:00:00,11907.0,11930.849
2021-01-21 01:00:00,12033.0,12055.804
2021-01-21 02:00:00,12100.0,12073.575
2021-01-21 03:00:00,12137.0,12139.253
2021-01-21 04:00:00,11704.0,11712.205
2021-01-21 05:00:00,12108.0,12121.904
2021-01-21 06:00:00,12291.0,12289.41
2021-01-21 07:00:00,12310.0,12316.214
2021-01-21 08:00:00,12321.0,12334.041
2021-01-21 09:00:00,12458.0,12462.454
2021-01-21 10:00:00,12487.0,12469.29
2021-01-21 11:00:00,12430.0,12445.033
2021-01-21 12:00:00,12404.0,12422.314
2021-01-21 13:00:00,12502.0,12527.524
2021-01-21 14:00:00,12650.0,12611.191
2021-01-21 15:00:00,12716.0,12749.003
2021-01-21 16:00:00,12684.0,12647.377
2021-01-21 17:00:00,12643.0,12639.042
2021-01-21 18:00:00,12483.0,12489.402
2021-01-21 19:00:00,12025.0,12029.656
2021-01-21 20:00:00,12008.0,11998.297
2021-01-21 21:00:00,11719.0,11714.391
2021-01-21 22:00:00,12186.5,12192.131
2021-01-21 23:00:00,12186.5,12177.915
2021-01-22 00:00:00,12119.5,12116.365
2021-01-22 01:00:00,12054.5,12040.688
2021-01-22 02:00:00,12038.0,12063.055
2021-01-22 03:00:00,12038.0,12050.218
2021-01-22 04:00:00,11662.0,11675.961
2021-01-22 05:00:00,12051.0,12055.941
2021-01-22 06:00:00,12278.0,12263.559
2021-01-22 07:00:00,12181.0,12151.992
2021-01-22 08:00:00,12192.0,12188.11
2021-01-22 09:00:00,12241.0,12240.126
2021-01-22 10:00:00,12193.0,12182.136
2021-01-22 11:00:00,12058.0,12058.316
2021-01-22 12:00:00,11981.0,11995.487
2021-01-22 13:00:00,11980.0,11957.449
2021-01-22 14:00:00,12261.0,12264.437
2021-01-22 15:00:00,12412.0,12396.2
2021-01-22 16:00:00,12372.0,12365.654
2021-01-22 17:00:00,12291.0,12320.753
2021-01-22 18:00:00,11972.0,11984.476
2021-01-22 19:00:00,11436.0,11418.442
2021-01-22 20:00:00,11432.0,11437.485
2021-01-22 21:00:00,11129.0,11126.119
2021-01-22 22:00:00,10644.0,10645.712
2021-01-22 23:00:00,10262.0,10279.605
2021-01-23 00:00:00,10052.0,10051.3545
2021-01-23 01:00:00,10760.5,10789.774
2021-01-23 02:00:00,10735.5,10739.0625
2021-01-23 03:00:00,9917.0,9949.958
2021-01-23 04:00:00,10169.0,10163.377
2021-01-23 05:00:00,10262.0,10251.539
2021-01-23 06:00:00,10548.0,10563.567
2021-01-23 07:00:00,10625.0,10641.989
2021-01-23 08:00:00,10745.0,10731.687
2021-01-23 09:00:00,10880.0,10880.372
2021-01-23 10:00:00,10844.0,10849.836
2021-01-23 11:00:00,10776.0,10771.474
2021-01-23 12:00:00,10645.0,10674.953
2021-01-23 13:00:00,10726.0,10714.006
2021-01-23 14:00:00,11089.0,11089.07
2021-01-23 15:00:00,11485.0,11473.103
2021-01-23 16:00:00,11623.0,11629.703
2021-01-23 17:00:00,11410.0,11403.6875
2021-01-23 18:00:00,10925.0,10906.453
2021-01-23 19:00:00,10487.0,10525.907
2021-01-23 20:00:00,10619.0,10611.032
2021-01-23 21:00:00,10484.0,10481.344
2021-01-23 22:00:00,9962.0,9931.038
2021-01-23 23:00:00,9577.0,9583.295
2021-01-24 00:00:00,9440.0,9450.296
2021-01-24 01:00:00,9281.0,9280.722
2021-01-24 02:00:00,9246.0,9255.201
2021-01-24 03:00:00,9336.0,9343.978
2021-01-24 04:00:00,9555.0,9542.132
2021-01-24 05:00:00,9609.0,9605.153
2021-01-24 06:00:00,9837.0,9855.281
2021-01-24 07:00:00,9893.0,9901.472
2021-01-24 08:00:00,10041.0,10055.127
2021-01-24 09:00:00,10204.0,10204.274
2021-01-24 10:00:00,10223.0,10223.19
2021-01-24 11:00:00,10090.0,10088.201
2021-01-24 12:00:00,10062.0,10073.236
2021-01-24 13:00:00,10125.0,10126.536
2021-01-24 14:00:00,10432.0,10416.971
2021-01-24 15:00:00,10678.0,10655.064
2021-01-24 16:00:00,10750.0,10746.306
2021-01-24 17:00:00,10754.0,10748.348
2021-01-24 18:00:00,10493.0,10497.359
2021-01-24 19:00:00,10090.0,10097.059
2021-01-24 20:00:00,10365.0,10374.608
2021-01-24 21:00:00,10275.0,10275.002
2021-01-24 22:00:00,9938.0,9948.365
2021-01-24 23:00:00,9675.0,9688.361
2021-01-25 00:00:00,10462.5,10454.494
2021-01-25 01:00:00,10556.0,10590.434
2021-01-25 02:00:00,10648.5,10664.939
2021-01-25 03:00:00,10714.0,10717.848
2021-01-25 04:00:00,10619.0,10594.116
2021-01-25 05:00:00,11168.0,11169.848
2021-01-25 06:00:00,11430.0,11441.913
2021-01-25 07:00:00,11314.0,11293.908
2021-01-25 08:00:00,11356.0,11367.864
2021-01-25 09:00:00,11363.0,11350.969
2021-01-25 10:00:00,11322.0,11318.438
2021-01-25 11:00:00,11190.0,11178.1875
2021-01-25 12:00:00,11152.0,11158.745
2021-01-25 13:00:00,11099.0,11116.319
2021-01-25 14:00:00,11274.0,11279.098
2021-01-25 15:00:00,11398.0,11391.731
2021-01-25 16:00:00,11315.0,11329.88
2021-01-25 17:00:00,11288.0,11305.941
2021-01-25 18:00:00,11040.0,11052.57
2021-01-25 19:00:00,10616.0,10637.914
2021-01-25 20:00:00,10708.0,10694.91
2021-01-25 21:00:00,10457.0,10445.547
2021-01-25 22:00:00,11098.0,11078.775
2021-01-25 23:00:00,11098.0,11097.508
2021-01-26 00:00:00,11092.5,11085.591
2021-01-26 01:00:00,11078.0,11077.38
2021-01-26 02:00:00,11073.0,11057.378
2021-01-26 03:00:00,11073.0,11065.191
2021-01-26 04:00:00,10599.0,10579.962
2021-01-26 05:00:00,11097.0,11113.874
2021-01-26 06:00:00,11296.0,11288.488
2021-01-26 07:00:00,11166.0,11155.583
2021-01-26 08:00:00,11122.0,11125.039
2021-01-26 09:00:00,11161.0,11158.874
2021-01-26 10:00:00,11136.0,11126.137
2021-01-26 11:00:00,11088.0,11101.984
2021-01-26 12:00:00,11068.0,11071.834
2021-01-26 13:00:00,11078.0,11077.327
2021-01-26 14:00:00,11212.0,11201.769
2021-01-26 15:00:00,11418.0,11406.561
2021-01-26 16:00:00,11426.0,11440.288
2021-01-26 17:00:00,11421.0,11419.06
2021-01-26 18:00:00,11219.0,11203.385
2021-01-26 19:00:00,10734.0,10730.711
2021-01-26 20:00:00,10785.0,10797.125
2021-01-26 21:00:00,10547.0,10564.33
2021-01-26 22:00:00,10142.0,10154.38
2021-01-26 23:00:00,11083.0,11034.008
2021-01-27 00:00:00,11145.0,11129.933
2021-01-27 01:00:00,11215.5,11208.334
2021-01-27 02:00:00,11268.5,11256.275
2021-01-27 03:00:00,11320.5,11323.814
2021-01-27 04:00:00,10828.0,10805.8955
2021-01-27 05:00:00,11318.0,11333.196
2021-01-27 06:00:00,11546.0,11537.481
2021-01-27 07:00:00,11440.0,11445.161
2021-01-27 08:00:00,11374.0,11373.499
2021-01-27 09:00:00,11491.0,11502.335
2021-01-27 10:00:00,11450.0,11432.152
2021-01-27 11:00:00,11409.0,11408.219
2021-01-27 12:00:00,11369.0,11364.256
2021-01-27 13:00:00,11323.0,11331.902
2021-01-27 14:00:00,11516.0,11515.899
2021-01-27 15:00:00,11693.0,11676.756
2021-01-27 16:00:00,11756.0,11775.673
2021-01-27 17:00:00,11738.0,11739.663
2021-01-27 18:00:00,11589.0,11586.332
2021-01-27 19:00:00,11106.0,11097.541
2021-01-27 20:00:00,11126.0,11146.598
2021-01-27 21:00:00,10910.0,10890.828
2021-01-27 22:00:00,11389.0,11395.056
2021-01-27 23:00:00,11389.0,11392.889
2021-01-28 00:00:00,11442.5,11442.027
2021-01-28 01:00:00,11508.5,11514.958
2021-01-28 02:00:00,11511.5,11511.155
2021-01-28 03:00:00,11533.5,11543.694
2021-01-28 04:00:00,11121.0,11159.467
2021-01-28 05:00:00,11560.0,11598.951
2021-01-28 06:00:00,11784.0,11767.671
2021-01-28 07:00:00,11710.0,11722.797
2021-01-28 08:00:00,11761.0,11759.777
2021-01-28 09:00:00,11765.0,11770.436
2021-01-28 10:00:00,11703.0,11716.799
2021-01-28 11:00:00,11602.0,11613.358
2021-01-28 12:00:00,11501.0,11509.033
2021-01-28 13:00:00,11507.0,11521.287
2021-01-28 14:00:00,11684.0,11679.778
2021-01-28 15:00:00,11959.0,11954.557
2021-01-28 16:00:00,11948.0,11958.192
2021-01-28 17:00:00,11955.0,11954.983
2021-01-28 18:00:00,11824.0,11808.05
2021-01-28 19:00:00,11384.0,11363.688
2021-01-28 20:00:00,11470.0,11465.624
2021-01-28 21:00:00,11193.0,11214.44
2021-01-28 22:00:00,11589.5,11590.435
2021-01-28 23:00:00,11589.5,11585.07
2021-01-29 00:00:00,11630.5,11610.473
2021-01-29 01:00:00,11754.0,11761.268
2021-01-29 02:00:00,11854.0,11846.211
2021-01-29 03:00:00,11891.5,11879.317
2021-01-29 04:00:00,11577.0,11580.672
2021-01-29 05:00:00,12066.0,12101.424
2021-01-29 06:00:00,12278.0,12294.8545
2021-01-29 07:00:00,12143.0,12136.323
2021-01-29 08:00:00,12162.0,12127.6875
2021-01-29 09:00:00,12151.0,12149.85
2021-01-29 10:00:00,12099.0,12120.969
2021-01-29 11:00:00,12027.0,12029.905
2021-01-29 12:00:00,11884.0,11878.097
2021-01-29 13:00:00,11899.0,11900.622
2021-01-29 14:00:00,12041.0,12074.68
2021-01-29 15:00:00,12322.0,12350.863
2021-01-29 16:00:00,12333.0,12330.478
2021-01-29 17:00:00,12261.0,12263.071
2021-01-29 18:00:00,11980.0,11968.675
2021-01-29 19:00:00,11522.0,11494.399
2021-01-29 20:00:00,11614.0,11603.365
2021-01-29 21:00:00,11391.0,11371.348
2021-01-29 22:00:00,10900.0,10900.111
2021-01-29 23:00:00,10642.0,10644.214
2021-01-30 00:00:00,10496.0,10488.291
2021-01-30 01:00:00,11339.0,11302.842
2021-01-30 02:00:00,11339.0,11337.813
2021-01-30 03:00:00,10484.0,10511.875
2021-01-30 04:00:00,10751.0,10757.9375
2021-01-30 05:00:00,10851.0,10850.731
2021-01-30 06:00:00,10989.0,11005.198
2021-01-30 07:00:00,11062.0,11068.581
2021-01-30 08:00:00,11316.0,11352.552
2021-01-30 09:00:00,11446.0,11442.824
2021-01-30 10:00:00,11408.0,11399.568
2021-01-30 11:00:00,11342.0,11332.61
2021-01-30 12:00:00,11336.0,11346.203
2021-01-30 13:00:00,11419.0,11418.369
2021-01-30 14:00:00,11653.0,11670.224
2021-01-30 15:00:00,12223.0,12208.725
2021-01-30 16:00:00,11339.0,11356.912
2021-01-30 17:00:00,12255.0,12336.827
2021-01-30 18:00:00,11841.0,11791.163
2021-01-30 19:00:00,11346.0,11395.202
2021-01-30 20:00:00,11501.0,11515.306
2021-01-30 21:00:00,11406.0,11403.317
2021-01-30 22:00:00,11032.0,11007.745
2021-01-30 23:00:00,10693.0,10688.092
2021-01-31 00:00:00,10488.0,10495.278
2021-01-31 01:00:00,10374.0,10377.305
2021-01-31 02:00:00,10415.0,10407.372
2021-01-31 03:00:00,10447.0,10441.998
2021-01-31 04:00:00,10639.0,10642.841
2021-01-31 05:00:00,10659.0,10663.422
2021-01-31 06:00:00,10812.0,10805.593
2021-01-31 07:00:00,10962.0,10969.032
2021-01-31 08:00:00,11180.0,11179.622
2021-01-31 09:00:00,11287.0,11293.693
2021-01-31 10:00:00,11297.0,11305.773
2021-01-31 11:00:00,11139.0,11135.437
2021-01-31 12:00:00,11079.0,11083.932
2021-01-31 13:00:00,11109.0,11110.09
2021-01-31 14:00:00,11352.0,11382.413
2021-01-31 15:00:00,11862.0,11861.316
2021-01-31 16:00:00,11959.0,11952.373
2021-01-31 17:00:00,11947.0,11938.178
2021-01-31 18:00:00,11672.0,11683.659
2021-01-31 19:00:00,11308.0,11309.379
2021-01-31 20:00:00,11598.0,11583.641
2021-01-31 21:00:00,11492.0,11509.497
2021-01-31 22:00:00,11166.0,11129.5205
2021-01-31 23:00:00,10969.0,10958.272
2021-02-01 00:00:00,11635.0,11655.982
2021-02-01 01:00:00,11767.0,11780.136
2021-02-01 02:00:00,11904.5,11887.615
2021-02-01 03:00:00,11358.0,11334.714
2021-02-01 04:00:00,12140.0,12151.042
2021-02-01 05:00:00,12497.0,12507.439
2021-02-01 06:00:00,12644.0,12610.499
2021-02-01 07:00:00,12495.0,12528.208
2021-02-01 08:00:00,12560.0,12550.664
2021-02-01 09:00:00,12593.0,12609.823
2021-02-01 10:00:00,12573.0,12557.579
2021-02-01 11:00:00,12423.0,12473.0205
2021-02-01 12:00:00,12362.0,12405.25
2021-02-01 13:00:00,12300.0,12284.814
2021-02-01 14:00:00,12354.0,12379.067
2021-02-01 15:00:00,12660.0,12653.429
2021-02-01 16:00:00,12650.0,12633.038
2021-02-01 17:00:00,12645.0,12671.156
2021-02-01 18:00:00,12416.0,12418.77
2021-02-01 19:00:00,12051.0,12044.254
2021-02-01 20:00:00,12237.0,12254.305
2021-02-01 21:00:00,11990.0,11994.511
2021-02-01 22:00:00,11629.0,11644.548
2021-02-01 23:00:00,12362.0,12358.598
2021-02-02 00:00:00,12362.0,12347.73
2021-02-02 01:00:00,12389.0,12382.285
2021-02-02 02:00:00,12476.5,12454.578
2021-02-02 03:00:00,12563.0,12552.573
2021-02-02 04:00:00,12362.0,12368.757
2021-02-02 05:00:00,12769.0,12736.745
2021-02-02 06:00:00,12867.0,12854.346
2021-02-02 07:00:00,12831.0,12826.712
2021-02-02 08:00:00,12898.0,12869.881
2021-02-02 09:00:00,12903.0,12897.348
2021-02-02 10:00:00,12794.0,12805.04
2021-02-02 11:00:00,12662.0,12647.017
2021-02-02 12:00:00,12589.0,12593.868
2021-02-02 13:00:00,12537.0,12530.562
2021-02-02 14:00:00,12597.0,12579.82
2021-02-02 15:00:00,13025.0,13017.28
2021-02-02 16:00:00,13016.0,13008.683
2021-02-02 17:00:00,13034.0,13093.426
2021-02-02 18:00:00,12842.0,12844.695
2021-02-02 19:00:00,12315.0,12371.531
2021-02-02 20:00:00,12436.0,12462.45
2021-02-02 21:00:00,12199.0,12166.354
2021-02-02 22:00:00,11778.0,11801.176
2021-02-02 23:00:00,12593.0,12559.354
2021-02-03 00:00:00,12593.0,12583.683
2021-02-03 01:00:00,12601.5,12571.391
2021-02-03 02:00:00,12601.5,12574.858
2021-02-03 03:00:00,11711.0,11749.075
2021-02-03 04:00:00,12531.0,12548.783
2021-02-03 05:00:00,12928.0,12858.262
2021-02-03 06:00:00,12990.0,12961.755
2021-02-03 07:00:00,12967.0,12959.332
2021-02-03 08:00:00,12982.0,12972.3125
2021-02-03 09:00:00,12887.0,12872.752
2021-02-03 10:00:00,12834.0,12837.564
2021-02-03 11:00:00,12713.0,12649.933
2021-02-03 12:00:00,12606.0,12577.3955
2021-02-03 13:00:00,12587.0,12593.697
2021-02-03 14:00:00,12664.0,12697.343
2021-02-03 15:00:00,13140.0,13157.937
2021-02-03 16:00:00,13275.0,13259.315
2021-02-03 17:00:00,13365.0,13349.097
2021-02-03 18:00:00,13089.0,13099.703
2021-02-03 19:00:00,12568.0,12570.195
2021-02-03 20:00:00,12673.0,12697.5625
2021-02-03 21:00:00,12384.0,12361.003
2021-02-03 22:00:00,12014.0,12036.487
2021-02-03 23:00:00,11775.0,11780.173
2021-02-04 00:00:00,11656.0,11660.579
2021-02-04 01:00:00,11646.0,11658.234
2021-02-04 02:00:00,11779.0,11772.232
2021-02-04 03:00:00,12134.0,12127.529
2021-02-04 04:00:00,12921.0,12989.315
2021-02-04 05:00:00,13177.0,13175.521
2021-02-04 06:00:00,13145.0,13137.797
2021-02-04 07:00:00,13077.0,12989.955
2021-02-04 08:00:00,12936.0,12927.136
2021-02-04 09:00:00,12851.0,12791.741
2021-02-04 10:00:00,12846.0,12873.753
2021-02-04 11:00:00,12698.0,12693.383
2021-02-04 12:00:00,12664.0,12675.984
2021-02-04 13:00:00,12579.0,12599.889
2021-02-04 14:00:00,12610.0,12658.485
2021-02-04 15:00:00,12967.0,12936.496
2021-02-04 16:00:00,13021.0,13000.794
2021-02-04 17:00:00,13095.0,13122.102
2021-02-04 18:00:00,12990.0,12964.474
2021-02-04 19:00:00,12569.0,12588.57
2021-02-04 20:00:00,12665.0,12696.134
2021-02-04 21:00:00,12402.0,12380.333
2021-02-04 22:00:00,12059.0,12064.247
2021-02-04 23:00:00,11837.0,11846.506
2021-02-05 00:00:00,11744.0,11730.642
2021-02-05 01:00:00,12978.5,12804.887
2021-02-05 02:00:00,11986.0,12061.382
2021-02-05 03:00:00,12397.0,12501.694
2021-02-05 04:00:00,13173.0,13116.944
2021-02-05 05:00:00,13561.0,13605.341
2021-02-05 06:00:00,13629.0,13604.062
2021-02-05 07:00:00,13563.0,13574.787
2021-02-05 08:00:00,13642.0,13683.681
2021-02-05 09:00:00,13544.0,13570.91
2021-02-05 10:00:00,13430.0,13532.123
2021-02-05 11:00:00,13223.0,13185.898
2021-02-05 12:00:00,13062.0,13074.3955
2021-02-05 13:00:00,12972.0,12924.45
2021-02-05 14:00:00,12941.0,12946.028
2021-02-05 15:00:00,13417.0,13376.259
2021-02-05 16:00:00,13608.0,13709.281
2021-02-05 17:00:00,13571.0,13613.623
2021-02-05 18:00:00,13233.0,13236.998
2021-02-05 19:00:00,12823.0,12843.816
2021-02-05 20:00:00,12894.0,12871.113
2021-02-05 21:00:00,12602.0,12593.973
2021-02-05 22:00:00,12203.0,12197.204
2021-02-05 23:00:00,11896.0,11858.424
2021-02-06 00:00:00,11669.0,11683.043
2021-02-06 01:00:00,11608.0,11612.541
2021-02-06 02:00:00,11606.0,11595.528
2021-02-06 03:00:00,11698.0,11724.797
2021-02-06 04:00:00,11984.0,11961.051
2021-02-06 05:00:00,12064.0,12028.082
2021-02-06 06:00:00,12156.0,12158.057
2021-02-06 07:00:00,12342.0,12375.688
2021-02-06 08:00:00,12519.0,12462.307
2021-02-06 09:00:00,12514.0,12499.638
2021-02-06 10:00:00,12332.0,12330.437
2021-02-06 11:00:00,12211.0,12219.864
2021-02-06 12:00:00,12152.0,12153.399
2021-02-06 13:00:00,12162.0,12166.43
2021-02-06 14:00:00,12333.0,12347.661
2021-02-06 15:00:00,12258.0,12235.713
2021-02-06 16:00:00,12258.0,12272.676
2021-02-06 17:00:00,12258.0,12219.585
2021-02-06 18:00:00,12771.0,12645.718
2021-02-06 19:00:00,12314.0,12284.898
2021-02-06 20:00:00,12414.0,12439.804
2021-02-06 21:00:00,12305.0,12281.282
2021-02-06 22:00:00,11861.0,11844.249
2021-02-06 23:00:00,11512.0,11556.784
2021-02-07 00:00:00,11286.0,11326.837
2021-02-07 01:00:00,11085.0,11092.76
2021-02-07 02:00:00,11079.0,11074.981
2021-02-07 03:00:00,11097.0,11104.309
2021-02-07 04:00:00,11237.0,11238.421
2021-02-07 05:00:00,11263.0,11258.836
2021-02-07 06:00:00,11300.0,11302.305
2021-02-07 07:00:00,11459.0,11458.895
2021-02-07 08:00:00,11709.0,11743.025
2021-02-07 09:00:00,11784.0,11792.704
2021-02-07 10:00:00,11765.0,11755.812
2021-02-07 11:00:00,11621.0,11627.863
2021-02-07 12:00:00,11545.0,11541.755
2021-02-07 13:00:00,11506.0,11503.765
2021-02-07 14:00:00,11529.0,11538.679
2021-02-07 15:00:00,12025.0,12033.361
2021-02-07 16:00:00,12221.0,12223.304
2021-02-07 17:00:00,12207.0,12220.329
2021-02-07 18:00:00,11954.0,11968.632
2021-02-07 19:00:00,11550.0,11571.981
2021-02-07 20:00:00,11801.0,11831.746
2021-02-07 21:00:00,11684.0,11691.207
2021-02-07 22:00:00,11341.0,11323.058
2021-02-07 23:00:00,11056.0,11068.018
2021-02-08 00:00:00,10900.0,10932.71
2021-02-08 01:00:00,11989.5,11934.163
2021-02-08 02:00:00,12116.0,12127.113
2021-02-08 03:00:00,11432.0,11455.826
2021-02-08 04:00:00,12265.0,12329.408
2021-02-08 05:00:00,12659.0,12637.659
2021-02-08 06:00:00,12681.0,12683.795
2021-02-08 07:00:00,12792.0,12781.399
2021-02-08 08:00:00,12814.0,12785.611
2021-02-08 09:00:00,12784.0,12749.083
2021-02-08 10:00:00,12611.0,12638.969
2021-02-08 11:00:00,12538.0,12559.988
2021-02-08 12:00:00,12520.0,12503.557
2021-02-08 13:00:00,12406.0,12381.165
2021-02-08 14:00:00,12386.0,12433.381
2021-02-08 15:00:00,12772.0,12784.053
2021-02-08 16:00:00,12872.0,12856.783
2021-02-08 17:00:00,12969.0,12989.244
2021-02-08 18:00:00,12742.0,12752.186
2021-02-08 19:00:00,12391.0,12425.767
2021-02-08 20:00:00,12469.0,12459.083
2021-02-08 21:00:00,12325.0,12316.528
2021-02-08 22:00:00,12061.0,12057.797
2021-02-08 23:00:00,11795.0,11780.962
2021-02-09 00:00:00,11612.0,11635.955
2021-02-09 01:00:00,12757.0,12659.437
2021-02-09 02:00:00,11757.0,11860.958
2021-02-09 03:00:00,12150.0,12219.53
2021-02-09 04:00:00,12891.0,12918.288
2021-02-09 05:00:00,13343.0,13410.631
2021-02-09 06:00:00,13360.0,13408.991
2021-02-09 07:00:00,13383.0,13448.746
2021-02-09 08:00:00,13349.0,13378.709
2021-02-09 09:00:00,13234.0,13315.037
2021-02-09 10:00:00,13061.0,13093.215
2021-02-09 11:00:00,12910.0,12916.316
2021-02-09 12:00:00,12869.0,12838.789
2021-02-09 13:00:00,12847.0,12843.058
2021-02-09 14:00:00,12853.0,12887.324
2021-02-09 15:00:00,13366.0,13388.047
2021-02-09 16:00:00,13478.0,13460.176
2021-02-09 17:00:00,13554.0,13471.835
2021-02-09 18:00:00,13323.0,13306.274
2021-02-09 19:00:00,12882.0,12806.515
2021-02-09 20:00:00,12948.0,12971.984
2021-02-09 21:00:00,12742.0,12760.371
2021-02-09 22:00:00,12359.0,12370.909
2021-02-09 23:00:00,12128.0,12099.144
2021-02-10 00:00:00,11978.0,11964.314
2021-02-10 01:00:00,11964.0,11958.701
2021-02-10 02:00:00,12130.0,12148.479
2021-02-10 03:00:00,12490.0,12464.821
2021-02-10 04:00:00,13216.0,13204.446
2021-02-10 05:00:00,13614.0,13649.732
2021-02-10 06:00:00,13632.0,13570.095
2021-02-10 07:00:00,13570.0,13616.902
2021-02-10 08:00:00,13499.0,13579.911
2021-02-10 09:00:00,13394.0,13301.001
2021-02-10 10:00:00,13377.0,13361.425
2021-02-10 11:00:00,13268.0,13285.048
2021-02-10 12:00:00,13104.0,13075.451
2021-02-10 13:00:00,13045.0,13058.143
2021-02-10 14:00:00,13061.0,13056.795
2021-02-10 15:00:00,13543.0,13513.832
2021-02-10 16:00:00,13781.0,13798.056
2021-02-10 17:00:00,13847.0,13788.174
2021-02-10 18:00:00,13651.0,13488.758
2021-02-10 19:00:00,13161.0,13254.7705
2021-02-10 20:00:00,13168.0,13226.402
2021-02-10 21:00:00,13020.0,13013.5625
2021-02-10 22:00:00,12671.0,12646.981
2021-02-10 23:00:00,12419.0,12409.003
2021-02-11 00:00:00,12301.0,12298.836
2021-02-11 01:00:00,13517.0,13383.846
2021-02-11 02:00:00,12473.0,12536.6455
2021-02-11 03:00:00,12848.0,12941.168
2021-02-11 04:00:00,13603.0,13661.774
2021-02-11 05:00:00,13921.0,13926.2295
2021-02-11 06:00:00,13960.0,13976.651
2021-02-11 07:00:00,13917.0,14027.627
2021-02-11 08:00:00,13987.0,14070.889
2021-02-11 09:00:00,13915.0,13948.937
2021-02-11 10:00:00,13772.0,13903.445
2021-02-11 11:00:00,13614.0,13455.318
2021-02-11 12:00:00,13491.0,13509.793
2021-02-11 13:00:00,13380.0,13297.597
2021-02-11 14:00:00,13337.0,13379.141
2021-02-11 15:00:00,13725.0,13761.973
2021-02-11 16:00:00,13863.0,13807.889
2021-02-11 17:00:00,13860.0,13673.054
2021-02-11 18:00:00,13680.0,13554.32
2021-02-11 19:00:00,13168.0,13258.851
2021-02-11 20:00:00,13256.0,13296.717
2021-02-11 21:00:00,13108.0,13109.645
2021-02-11 22:00:00,12743.0,12715.574
2021-02-11 23:00:00,12510.0,12557.714
2021-02-12 00:00:00,12383.0,12384.709
2021-02-12 01:00:00,12336.0,12297.03
2021-02-12 02:00:00,12435.0,12421.462
2021-02-12 03:00:00,12775.0,12727.463
2021-02-12 04:00:00,13442.0,13469.951
2021-02-12 05:00:00,13684.0,13687.902
2021-02-12 06:00:00,13648.0,13710.554
2021-02-12 07:00:00,13633.0,13675.009
2021-02-12 08:00:00,13563.0,13616.271
2021-02-12 09:00:00,13478.0,13573.608
2021-02-12 10:00:00,13204.0,13156.37
2021-02-12 11:00:00,13099.0,13098.74
2021-02-12 12:00:00,12948.0,12882.594
2021-02-12 13:00:00,12916.0,12904.868
2021-02-12 14:00:00,12872.0,12832.746
2021-02-12 15:00:00,13202.0,13225.674
2021-02-12 16:00:00,13345.0,13441.2295
2021-02-12 17:00:00,13267.0,13247.803
2021-02-12 18:00:00,12967.0,12979.132
2021-02-12 19:00:00,12463.0,12469.13
2021-02-12 20:00:00,12569.0,12607.823
2021-02-12 21:00:00,12290.0,12292.797
2021-02-12 22:00:00,11795.0,11806.048
2021-02-12 23:00:00,11492.0,11519.472
2021-02-13 00:00:00,11245.0,11227.145
2021-02-13 01:00:00,11140.0,11134.496
2021-02-13 02:00:00,11096.0,11094.493
2021-02-13 03:00:00,11173.0,11183.958
2021-02-13 04:00:00,11384.0,11379.01
2021-02-13 05:00:00,11468.0,11389.479
2021-02-13 06:00:00,11537.0,11540.307
2021-02-13 07:00:00,11747.0,11751.648
2021-02-13 08:00:00,11876.0,11858.465
2021-02-13 09:00:00,11744.0,11742.077
2021-02-13 10:00:00,11660.0,11670.441
2021-02-13 11:00:00,11533.0,11545.925
2021-02-13 12:00:00,11493.0,11498.118
2021-02-13 13:00:00,11532.0,11523.153
2021-02-13 14:00:00,11722.0,11737.933
2021-02-13 15:00:00,11532.5,11541.842
2021-02-13 16:00:00,11532.5,11534.095
2021-02-13 17:00:00,11532.5,11525.667
2021-02-13 18:00:00,11942.0,11934.634
2021-02-13 19:00:00,11504.0,11468.736
2021-02-13 20:00:00,11614.0,11628.628
2021-02-13 21:00:00,11506.0,11494.562
2021-02-13 22:00:00,11237.0,11273.889
2021-02-13 23:00:00,10902.0,10911.14
2021-02-14 00:00:00,10658.0,10652.447
2021-02-14 01:00:00,10596.0,10587.563
2021-02-14 02:00:00,10641.0,10644.29
2021-02-14 03:00:00,10766.0,10761.867
2021-02-14 04:00:00,10927.0,10922.501
2021-02-14 05:00:00,10943.0,10934.039
2021-02-14 06:00:00,11084.0,11091.307
2021-02-14 07:00:00,11357.0,11395.596
2021-02-14 08:00:00,11561.0,11565.874
2021-02-14 09:00:00,11527.0,11531.389
2021-02-14 10:00:00,11505.0,11517.922
2021-02-14 11:00:00,11455.0,11464.246
2021-02-14 12:00:00,11330.0,11315.525
2021-02-14 13:00:00,11409.0,11420.67
2021-02-14 14:00:00,11511.0,11505.201
2021-02-14 15:00:00,11982.0,11960.517
2021-02-14 16:00:00,12333.0,12349.859
2021-02-14 17:00:00,12371.0,12359.612
2021-02-14 18:00:00,12163.0,12203.675
2021-02-14 19:00:00,11823.0,11816.451
2021-02-14 20:00:00,12120.0,12119.481
2021-02-14 21:00:00,12055.0,12044.07
2021-02-14 22:00:00,11720.0,11694.392
2021-02-14 23:00:00,11491.0,11489.901
2021-02-15 00:00:00,11374.0,11368.247
2021-02-15 01:00:00,11369.0,11370.017
2021-02-15 02:00:00,11556.0,11578.672
2021-02-15 03:00:00,11946.0,11930.104
2021-02-15 04:00:00,12756.0,12769.153
2021-02-15 05:00:00,13122.0,13109.725
2021-02-15 06:00:00,13156.0,13126.62
2021-02-15 07:00:00,13199.0,13301.853
2021-02-15 08:00:00,13058.0,13147.678
2021-02-15 09:00:00,12886.0,12957.402
2021-02-15 10:00:00,12697.0,12747.484
2021-02-15 11:00:00,12582.0,12612.794
2021-02-15 12:00:00,12475.0,12492.209
2021-02-15 13:00:00,12373.0,12389.673
2021-02-15 14:00:00,12285.0,12305.205
2021-02-15 15:00:00,12479.0,12519.188
2021-02-15 16:00:00,12672.0,12663.381
2021-02-15 17:00:00,12571.0,12568.824
2021-02-15 18:00:00,12326.0,12367.323
2021-02-15 19:00:00,11922.0,11931.146
2021-02-15 20:00:00,11922.0,11916.006
2021-02-15 21:00:00,11769.0,11765.505
2021-02-15 22:00:00,12349.5,12328.982
2021-02-15 23:00:00,12349.5,12336.897
2021-02-16 00:00:00,12305.5,12280.048
2021-02-16 01:00:00,12264.0,12279.777
2021-02-16 02:00:00,12221.0,12228.008
2021-02-16 03:00:00,11262.0,11394.719
2021-02-16 04:00:00,12140.0,12088.588
2021-02-16 05:00:00,12535.0,12507.3
2021-02-16 06:00:00,12459.0,12421.051
2021-02-16 07:00:00,12522.0,12544.62
2021-02-16 08:00:00,12556.0,12502.505
2021-02-16 09:00:00,12539.0,12562.758
2021-02-16 10:00:00,12391.0,12397.099
2021-02-16 11:00:00,12243.0,12241.821
2021-02-16 12:00:00,12199.0,12224.022
2021-02-16 13:00:00,12163.0,12149.175
2021-02-16 14:00:00,12160.0,12164.932
2021-02-16 15:00:00,12575.0,12558.669
2021-02-16 16:00:00,12878.0,12909.635
2021-02-16 17:00:00,12965.0,12941.548
2021-02-16 18:00:00,12865.0,12819.276
2021-02-16 19:00:00,12418.0,12461.737
2021-02-16 20:00:00,12541.0,12527.278
2021-02-16 21:00:00,12414.0,12450.707
2021-02-16 22:00:00,12174.0,12179.393
2021-02-16 23:00:00,12019.0,12011.288
2021-02-17 00:00:00,11941.0,11940.396
2021-02-17 01:00:00,11976.0,11972.398
2021-02-17 02:00:00,12194.0,12199.931
2021-02-17 03:00:00,12613.0,12526.398
2021-02-17 04:00:00,13377.0,13365.827
2021-02-17 05:00:00,13612.0,13690.918
2021-02-17 06:00:00,13813.0,13907.656
2021-02-17 07:00:00,13859.0,13805.85
2021-02-17 08:00:00,13718.0,13649.717
2021-02-17 09:00:00,13549.0,13523.574
2021-02-17 10:00:00,13410.0,13572.185
2021-02-17 11:00:00,13190.0,13182.367
2021-02-17 12:00:00,13058.0,13099.576
2021-02-17 13:00:00,13053.0,12997.064
2021-02-17 14:00:00,13104.0,13107.389
2021-02-17 15:00:00,13417.0,13440.31
2021-02-17 16:00:00,13924.0,13872.845
2021-02-17 17:00:00,14093.0,14025.768
2021-02-17 18:00:00,13905.0,13949.875
2021-02-17 19:00:00,13459.0,13342.035
2021-02-17 20:00:00,13468.0,13534.29
2021-02-17 21:00:00,13314.0,13326.444
2021-02-17 22:00:00,13001.0,12943.854
2021-02-17 23:00:00,12723.0,12761.254
2021-02-18 00:00:00,12594.0,12577.993
2021-02-18 01:00:00,12610.0,12622.158
2021-02-18 02:00:00,12812.0,12796.451
2021-02-18 03:00:00,13201.0,13187.038
2021-02-18 04:00:00,13914.0,13966.689
2021-02-18 05:00:00,14187.0,14130.643
2021-02-18 06:00:00,14201.0,14055.908
2021-02-18 07:00:00,14267.0,14296.34
2021-02-18 08:00:00,14160.0,14170.305
2021-02-18 09:00:00,14018.0,14124.976
2021-02-18 10:00:00,13771.0,13841.57
2021-02-18 11:00:00,13532.0,13392.6455
2021-02-18 12:00:00,13359.0,13509.644
2021-02-18 13:00:00,13272.0,13353.167
2021-02-18 14:00:00,13199.0,13209.507
2021-02-18 15:00:00,13368.0,13444.342
2021-02-18 16:00:00,13560.0,13659.1455
2021-02-18 17:00:00,13555.0,13594.719
2021-02-18 18:00:00,13225.0,13226.879
2021-02-18 19:00:00,12764.0,12801.355
2021-02-18 20:00:00,12782.0,12730.787
2021-02-18 21:00:00,12522.0,12499.627
2021-02-18 22:00:00,12125.0,12080.778
2021-02-18 23:00:00,12914.0,12973.822
2021-02-19 00:00:00,12902.5,12881.069
2021-02-19 01:00:00,12854.5,12859.261
2021-02-19 02:00:00,12799.5,12823.477
2021-02-19 03:00:00,12018.0,12043.799
2021-02-19 04:00:00,12658.0,12692.469
2021-02-19 05:00:00,12892.0,12900.122
2021-02-19 06:00:00,12915.0,12874.08
2021-02-19 07:00:00,13036.0,13002.277
2021-02-19 08:00:00,12984.0,12984.473
2021-02-19 09:00:00,12937.0,13001.126
2021-02-19 10:00:00,12913.0,12840.565
2021-02-19 11:00:00,12817.0,12782.52
2021-02-19 12:00:00,12709.0,12669.246
2021-02-19 13:00:00,12659.0,12660.167
2021-02-19 14:00:00,12603.0,12612.262
2021-02-19 15:00:00,12827.0,12781.31
2021-02-19 16:00:00,13077.0,13071.349
2021-02-19 17:00:00,12998.0,12907.839
2021-02-19 18:00:00,12688.0,12718.009
2021-02-19 19:00:00,12222.0,12246.644
2021-02-19 20:00:00,12207.0,12225.408
2021-02-19 21:00:00,12009.0,12037.271
2021-02-19 22:00:00,11619.0,11635.766
2021-02-19 23:00:00,11941.5,11986.293
2021-02-20 00:00:00,11921.5,11914.259
2021-02-20 01:00:00,11901.0,11898.49
2021-02-20 02:00:00,11898.0,11904.402
2021-02-20 03:00:00,11898.0,11905.769
2021-02-20 04:00:00,11311.0,11309.287
2021-02-20 05:00:00,11322.0,11344.159
2021-02-20 06:00:00,11422.0,11430.789
2021-02-20 07:00:00,11705.0,11735.076
2021-02-20 08:00:00,11882.0,11869.847
2021-02-20 09:00:00,11960.0,11969.043
2021-02-20 10:00:00,11923.0,11908.996
2021-02-20 11:00:00,11920.0,11924.123
2021-02-20 12:00:00,11861.0,11851.084
2021-02-20 13:00:00,11914.0,11927.424
2021-02-20 14:00:00,12032.0,12023.135
2021-02-20 15:00:00,12448.0,12472.851
2021-02-20 16:00:00,12807.0,12787.274
2021-02-20 17:00:00,12662.0,12648.626
2021-02-20 18:00:00,12195.0,12234.962
2021-02-20 19:00:00,11599.0,11632.494
2021-02-20 20:00:00,11685.0,11688.588
2021-02-20 21:00:00,11466.0,11443.958
2021-02-20 22:00:00,10994.0,10991.45
2021-02-20 23:00:00,10628.0,10629.957
2021-02-21 00:00:00,10404.0,10393.417
2021-02-21 01:00:00,10289.0,10287.467
2021-02-21 02:00:00,10247.0,10245.59
2021-02-21 03:00:00,10275.0,10283.64
2021-02-21 04:00:00,10435.0,10433.26
2021-02-21 05:00:00,10390.0,10381.922
2021-02-21 06:00:00,10536.0,10536.149
2021-02-21 07:00:00,10797.0,10797.073
2021-02-21 08:00:00,10976.0,10988.182
2021-02-21 09:00:00,11093.0,11074.677
2021-02-21 10:00:00,11086.0,11071.177
2021-02-21 11:00:00,11130.0,11142.7295
2021-02-21 12:00:00,11078.0,11085.615
2021-02-21 13:00:00,11163.0,11143.77
2021-02-21 14:00:00,11327.0,11328.553
2021-02-21 15:00:00,11707.0,11702.262
2021-02-21 16:00:00,12075.0,12046.036
2021-02-21 17:00:00,12059.0,12047.319
2021-02-21 18:00:00,11823.0,11844.102
2021-02-21 19:00:00,11383.0,11363.503
2021-02-21 20:00:00,11588.0,11555.774
2021-02-21 21:00:00,11525.0,11531.919
2021-02-21 22:00:00,11157.0,11135.228
2021-02-21 23:00:00,10883.0,10882.997
2021-02-22 00:00:00,11647.5,11635.772
2021-02-22 01:00:00,11765.0,11734.728
2021-02-22 02:00:00,11934.0,11926.04
2021-02-22 03:00:00,12052.0,12011.581
2021-02-22 04:00:00,12045.0,12031.368
2021-02-22 05:00:00,12394.0,12410.1875
2021-02-22 06:00:00,12525.0,12525.855
2021-02-22 07:00:00,12740.0,12734.607
2021-02-22 08:00:00,12797.0,12807.202
2021-02-22 09:00:00,12813.0,12780.876
2021-02-22 10:00:00,12796.0,12752.761
2021-02-22 11:00:00,12734.0,12724.199
2021-02-22 12:00:00,12651.0,12708.681
2021-02-22 13:00:00,12607.0,12638.044
2021-02-22 14:00:00,12548.0,12533.259
2021-02-22 15:00:00,12693.0,12751.129
2021-02-22 16:00:00,13031.0,13017.811
2021-02-22 17:00:00,13012.0,12960.458
2021-02-22 18:00:00,12784.0,12811.351
2021-02-22 19:00:00,12328.0,12329.065
2021-02-22 20:00:00,12461.0,12475.751
2021-02-22 21:00:00,12244.0,12204.984
2021-02-22 22:00:00,11838.0,11824.985
2021-02-22 23:00:00,11594.0,11611.171
2021-02-23 00:00:00,12629.0,12621.715
2021-02-23 01:00:00,12650.0,12614.417
2021-02-23 02:00:00,12638.5,12664.142
2021-02-23 03:00:00,11851.0,11822.396
2021-02-23 04:00:00,12521.0,12558.885
2021-02-23 05:00:00,12768.0,12731.462
2021-02-23 06:00:00,12809.0,12812.469
2021-02-23 07:00:00,12930.0,12927.718
2021-02-23 08:00:00,12996.0,12965.542
2021-02-23 09:00:00,13050.0,13108.893
2021-02-23 10:00:00,12995.0,12989.581
2021-02-23 11:00:00,12877.0,12942.935
2021-02-23 12:00:00,12757.0,12762.07
2021-02-23 13:00:00,12584.0,12610.811
2021-02-23 14:00:00,12555.0,12599.239
2021-02-23 15:00:00,12667.0,12659.848
2021-02-23 16:00:00,12921.0,12907.844
2021-02-23 17:00:00,12921.0,12908.823
2021-02-23 18:00:00,12628.0,12601.194
2021-02-23 19:00:00,12094.0,12103.747
2021-02-23 20:00:00,12049.0,12052.423
2021-02-23 21:00:00,11782.0,11808.197
2021-02-23 22:00:00,11380.0,11376.369
2021-02-23 23:00:00,12215.5,12179.968
2021-02-24 00:00:00,12184.5,12190.786
2021-02-24 01:00:00,12124.0,12108.717
2021-02-24 02:00:00,12090.0,12109.202
2021-02-24 03:00:00,11322.0,11401.913
2021-02-24 04:00:00,11979.0,12025.735
2021-02-24 05:00:00,12086.0,12058.834
2021-02-24 06:00:00,12154.0,12176.078
2021-02-24 07:00:00,12277.0,12276.077
2021-02-24 08:00:00,12315.0,12266.591
2021-02-24 09:00:00,12484.0,12486.206
2021-02-24 10:00:00,12417.0,12364.59
2021-02-24 11:00:00,12215.0,12208.658
2021-02-24 12:00:00,12068.0,12091.3125
2021-02-24 13:00:00,12007.0,12006.026
2021-02-24 14:00:00,11868.0,11898.327
2021-02-24 15:00:00,11984.0,11997.663
2021-02-24 16:00:00,12209.0,12195.875
2021-02-24 17:00:00,12121.0,12141.588
2021-02-24 18:00:00,11828.0,11785.997
2021-02-24 19:00:00,11232.0,11227.252
2021-02-24 20:00:00,11188.0,11206.293
2021-02-24 21:00:00,10897.0,10898.631
2021-02-24 22:00:00,11146.0,11158.923
2021-02-24 23:00:00,11112.0,11102.509
2021-02-25 00:00:00,11105.5,11104.518
2021-02-25 01:00:00,11067.0,11083.024
2021-02-25 02:00:00,11020.5,11026.548
2021-02-25 03:00:00,11005.5,11012.766
2021-02-25 04:00:00,10837.0,10836.458
2021-02-25 05:00:00,11002.0,11030.108
2021-02-25 06:00:00,11032.0,11024.054
2021-02-25 07:00:00,11115.0,11112.453
2021-02-25 08:00:00,11109.0,11102.128
2021-02-25 09:00:00,11177.0,11172.937
2021-02-25 10:00:00,11102.0,11117.922
2021-02-25 11:00:00,11009.0,11012.849
2021-02-25 12:00:00,10916.0,10925.923
2021-02-25 13:00:00,10907.0,10905.826
2021-02-25 14:00:00,10861.0,10871.059
2021-02-25 15:00:00,11010.0,11030.352
2021-02-25 16:00:00,11318.0,11322.097
2021-02-25 17:00:00,11372.0,11388.247
2021-02-25 18:00:00,10981.0,10981.486
2021-02-25 19:00:00,10512.0,10535.866
2021-02-25 20:00:00,10614.0,10627.763
2021-02-25 21:00:00,10375.0,10364.396
2021-02-25 22:00:00,9941.0,9942.261
2021-02-25 23:00:00,10822.0,10813.862
2021-02-26 00:00:00,10743.0,10683.102
2021-02-26 01:00:00,10666.0,10668.395
2021-02-26 02:00:00,10632.5,10624.621
2021-02-26 03:00:00,9854.0,9851.42
2021-02-26 04:00:00,10540.0,10524.738
2021-02-26 05:00:00,10681.0,10679.978
2021-02-26 06:00:00,10805.0,10798.873
2021-02-26 07:00:00,10918.0,10913.304
2021-02-26 08:00:00,10920.0,10918.791
2021-02-26 09:00:00,10863.0,10853.738
2021-02-26 10:00:00,10839.0,10842.323
2021-02-26 11:00:00,10651.0,10647.573
2021-02-26 12:00:00,10584.0,10595.298
2021-02-26 13:00:00,10543.0,10531.617
2021-02-26 14:00:00,10557.0,10559.696
2021-02-26 15:00:00,10692.0,10695.389
2021-02-26 16:00:00,11171.0,11196.251
2021-02-26 17:00:00,11212.0,11205.608
2021-02-26 18:00:00,10912.0,10930.921
2021-02-26 19:00:00,10491.0,10519.886
2021-02-26 20:00:00,10569.0,10557.8545
2021-02-26 21:00:00,10327.0,10339.265
2021-02-26 22:00:00,9855.0,9871.9795
2021-02-26 23:00:00,10158.0,10170.453
2021-02-27 00:00:00,10126.0,10089.794
2021-02-27 01:00:00,10076.5,10072.697
2021-02-27 02:00:00,10016.5,10019.166
2021-02-27 03:00:00,10016.5,10031.007
2021-02-27 04:00:00,9724.0,9731.726
2021-02-27 05:00:00,9641.0,9650.098
2021-02-27 06:00:00,9874.0,9871.164
2021-02-27 07:00:00,10124.0,10099.341
2021-02-27 08:00:00,10188.0,10186.769
2021-02-27 09:00:00,10128.0,10129.236
2021-02-27 10:00:00,10029.0,10049.751
2021-02-27 11:00:00,10004.0,10004.86
2021-02-27 12:00:00,9914.0,9905.917
2021-02-27 13:00:00,9906.0,9917.888
2021-02-27 14:00:00,10115.0,10119.947
2021-02-27 15:00:00,10458.0,10449.9795
2021-02-27 16:00:00,10016.5,9982.334
2021-02-27 17:00:00,10016.5,10027.991
2021-02-27 18:00:00,10657.0,10641.736
2021-02-27 19:00:00,10215.0,10189.392
2021-02-27 20:00:00,10356.0,10346.862
2021-02-27 21:00:00,10212.0,10188.3125
2021-02-27 22:00:00,9802.0,9823.198
2021-02-27 23:00:00,9424.0,9451.074
2021-02-28 00:00:00,9269.0,9265.214
2021-02-28 01:00:00,9157.0,9152.939
2021-02-28 02:00:00,9151.0,9159.173
2021-02-28 03:00:00,9201.0,9211.445
2021-02-28 04:00:00,9388.0,9395.1455
2021-02-28 05:00:00,9233.0,9225.865
2021-02-28 06:00:00,9414.0,9434.505
2021-02-28 07:00:00,9619.0,9618.154
2021-02-28 08:00:00,9611.0,9603.363
2021-02-28 09:00:00,9637.0,9646.366
2021-02-28 10:00:00,9565.0,9559.411
2021-02-28 11:00:00,9428.0,9432.679
2021-02-28 12:00:00,9333.0,9335.457
2021-02-28 13:00:00,9319.0,9325.292
2021-02-28 14:00:00,9398.0,9394.175
2021-02-28 15:00:00,9648.0,9627.249
2021-02-28 16:00:00,9556.5,9544.737
2021-02-28 17:00:00,9565.0,9590.595
2021-02-28 18:00:00,9588.0,9585.933
2021-02-28 19:00:00,9739.0,9756.122
2021-02-28 20:00:00,9957.0,9949.288
2021-02-28 21:00:00,9845.0,9870.891
2021-02-28 22:00:00,9565.0,9530.848
2021-02-28 23:00:00,9269.0,9251.986
2021-03-01 00:00:00,9117.0,9115.31
2021-03-01 01:00:00,9037.0,9037.707
2021-03-01 02:00:00,9137.0,9129.071
2021-03-01 03:00:00,9548.0,9518.97
2021-03-01 04:00:00,10305.0,10282.675
2021-03-01 05:00:00,10563.0,10553.038
2021-03-01 06:00:00,10795.0,10799.469
2021-03-01 07:00:00,10915.0,10920.236
2021-03-01 08:00:00,10849.0,10836.352
2021-03-01 09:00:00,10755.0,10752.343
2021-03-01 10:00:00,10762.0,10769.96
2021-03-01 11:00:00,10629.0,10628.241
2021-03-01 12:00:00,10518.0,10519.296
2021-03-01 13:00:00,10408.0,10404.15
2021-03-01 14:00:00,10299.0,10313.205
2021-03-01 15:00:00,10366.0,10374.854
2021-03-01 16:00:00,10819.0,10850.732
2021-03-01 17:00:00,10907.0,10937.476
2021-03-01 18:00:00,10696.0,10696.0625
2021-03-01 19:00:00,10239.0,10267.892
2021-03-01 20:00:00,10263.0,10243.74
2021-03-01 21:00:00,10105.0,10084.434
2021-03-01 22:00:00,9687.0,9683.992
2021-03-01 23:00:00,10387.0,10391.537
2021-03-02 00:00:00,10377.0,10389.473
2021-03-02 01:00:00,10339.0,10351.876
2021-03-02 02:00:00,10305.5,10307.927
2021-03-02 03:00:00,9524.0,9569.728
2021-03-02 04:00:00,10312.0,10338.63
2021-03-02 05:00:00,10536.0,10553.985
2021-03-02 06:00:00,10707.0,10685.084
2021-03-02 07:00:00,10646.0,10635.361
2021-03-02 08:00:00,10605.0,10597.361
2021-03-02 09:00:00,10626.0,10628.411
2021-03-02 10:00:00,10504.0,10512.188
2021-03-02 11:00:00,10388.0,10399.52
2021-03-02 12:00:00,10266.0,10273.453
2021-03-02 13:00:00,10203.0,10183.52
2021-03-02 14:00:00,10190.0,10204.05
2021-03-02 15:00:00,10250.0,10273.122
2021-03-02 16:00:00,10769.0,10774.266
2021-03-02 17:00:00,10944.0,10935.107
2021-03-02 18:00:00,10772.0,10763.864
2021-03-02 19:00:00,10276.0,10248.184
2021-03-02 20:00:00,10354.0,10349.002
2021-03-02 21:00:00,10130.0,10130.909
2021-03-02 22:00:00,10315.0,10325.294
2021-03-02 23:00:00,10315.0,10306.962
2021-03-03 00:00:00,10315.0,10313.094
2021-03-03 01:00:00,10408.0,10421.057
2021-03-03 02:00:00,10501.5,10503.321
2021-03-03 03:00:00,10546.0,10527.441
2021-03-03 04:00:00,10462.0,10457.12
2021-03-03 05:00:00,10661.0,10681.188
2021-03-03 06:00:00,10763.0,10768.938
2021-03-03 07:00:00,10758.0,10760.545
2021-03-03 08:00:00,10752.0,10757.472
2021-03-03 09:00:00,10765.0,10760.557
2021-03-03 10:00:00,10679.0,10678.005
2021-03-03 11:00:00,10631.0,10642.654
2021-03-03 12:00:00,10568.0,10576.297
2021-03-03 13:00:00,10541.0,10551.366
2021-03-03 14:00:00,10551.0,10559.431
2021-03-03 15:00:00,10683.0,10698.619
2021-03-03 16:00:00,11098.0,11114.991
2021-03-03 17:00:00,10599.5,10592.619
2021-03-03 18:00:00,11014.0,11076.786
2021-03-03 19:00:00,10506.0,10473.082
2021-03-03 20:00:00,10524.0,10546.742
2021-03-03 21:00:00,10371.0,10354.35
2021-03-03 22:00:00,10002.0,9990.981
2021-03-03 23:00:00,10599.5,10577.827
2021-03-04 00:00:00,10625.5,10633.415
2021-03-04 01:00:00,10756.0,10739.66
2021-03-04 02:00:00,10833.5,10810.876
2021-03-04 03:00:00,10223.0,10210.504
2021-03-04 04:00:00,10829.0,10836.82
2021-03-04 05:00:00,10979.0,10972.061
2021-03-04 06:00:00,11123.0,11115.957
2021-03-04 07:00:00,11244.0,11244.884
2021-03-04 08:00:00,11185.0,11176.168
2021-03-04 09:00:00,11166.0,11166.503
2021-03-04 10:00:00,11030.0,11031.212
2021-03-04 11:00:00,10937.0,10951.534
2021-03-04 12:00:00,10875.0,10867.59
2021-03-04 13:00:00,10838.0,10842.239
2021-03-04 14:00:00,10866.0,10855.805
2021-03-04 15:00:00,11107.0,11083.317
2021-03-04 16:00:00,11518.0,11535.468
2021-03-04 17:00:00,11718.0,11699.918
2021-03-04 18:00:00,11527.0,11505.797
2021-03-04 19:00:00,11062.0,11090.678
2021-03-04 20:00:00,11228.0,11226.629
2021-03-04 21:00:00,11098.0,11100.265
2021-03-04 22:00:00,10688.0,10676.175
2021-03-04 23:00:00,10507.0,10500.997
2021-03-05 00:00:00,10383.0,10377.827
2021-03-05 01:00:00,10348.0,10355.687
2021-03-05 02:00:00,10498.0,10491.89
2021-03-05 03:00:00,10844.0,10846.475
2021-03-05 04:00:00,11432.0,11445.424
2021-03-05 05:00:00,11632.0,11601.373
2021-03-05 06:00:00,11810.0,11815.41
2021-03-05 07:00:00,11789.0,11776.66
2021-03-05 08:00:00,11641.0,11641.117
2021-03-05 09:00:00,11586.0,11568.628
2021-03-05 10:00:00,11433.0,11437.418
2021-03-05 11:00:00,11224.0,11224.255
2021-03-05 12:00:00,11081.0,11097.914
2021-03-05 13:00:00,10953.0,10950.567
2021-03-05 14:00:00,11036.0,11052.186
2021-03-05 15:00:00,11219.0,11217.228
2021-03-05 16:00:00,11696.0,11666.211
2021-03-05 17:00:00,11902.0,11904.587
2021-03-05 18:00:00,11707.0,11698.712
2021-03-05 19:00:00,11289.0,11261.798
2021-03-05 20:00:00,11364.0,11366.177
2021-03-05 21:00:00,11175.0,11171.071
2021-03-05 22:00:00,10816.0,10813.546
2021-03-05 23:00:00,10562.0,10541.095
2021-03-06 00:00:00,10414.0,10394.418
2021-03-06 01:00:00,10369.0,10374.792
2021-03-06 02:00:00,10378.0,10384.899
2021-03-06 03:00:00,10480.0,10486.302
2021-03-06 04:00:00,10726.0,10707.908
2021-03-06 05:00:00,10581.0,10557.726
2021-03-06 06:00:00,10816.0,10827.276
2021-03-06 07:00:00,10979.0,10980.058
2021-03-06 08:00:00,11116.0,11114.31
2021-03-06 09:00:00,11154.0,11161.798
2021-03-06 10:00:00,11068.0,11073.874
2021-03-06 11:00:00,10987.0,10976.807
2021-03-06 12:00:00,10868.0,10852.932
2021-03-06 13:00:00,10865.0,10860.889
2021-03-06 14:00:00,10953.0,10956.526
2021-03-06 15:00:00,11224.0,11221.476
2021-03-06 16:00:00,10866.5,10836.972
2021-03-06 17:00:00,11654.0,11633.713
2021-03-06 18:00:00,11209.0,11186.448
2021-03-06 19:00:00,10735.0,10761.819
2021-03-06 20:00:00,10873.0,10858.93
2021-03-06 21:00:00,10766.0,10784.066
2021-03-06 22:00:00,10497.0,10488.657
2021-03-06 23:00:00,10277.0,10298.924
2021-03-07 00:00:00,10092.0,10110.633
2021-03-07 01:00:00,10006.0,10007.582
2021-03-07 02:00:00,10046.0,10039.918
2021-03-07 03:00:00,10161.0,10157.029
2021-03-07 04:00:00,10321.0,10317.091
2021-03-07 05:00:00,10173.0,10162.641
2021-03-07 06:00:00,10382.0,10392.83
2021-03-07 07:00:00,10609.0,10608.35
2021-03-07 08:00:00,10837.0,10826.293
2021-03-07 09:00:00,10962.0,10970.683
2021-03-07 10:00:00,10882.0,10872.667
2021-03-07 11:00:00,10831.0,10834.732
2021-03-07 12:00:00,10718.0,10709.873
2021-03-07 13:00:00,10674.0,10683.704
2021-03-07 14:00:00,10754.0,10760.558
2021-03-07 15:00:00,10934.0,10924.341
2021-03-07 16:00:00,11473.0,11476.427
2021-03-07 17:00:00,10834.0,10830.067
2021-03-07 18:00:00,11369.0,11393.803
2021-03-07 19:00:00,11003.0,10971.655
2021-03-07 20:00:00,11154.0,11122.507
2021-03-07 21:00:00,11072.0,11086.637
2021-03-07 22:00:00,10731.0,10711.156
2021-03-07 23:00:00,10550.0,10535.396
2021-03-08 00:00:00,10536.0,10545.232
2021-03-08 01:00:00,10544.0,10543.759
2021-03-08 02:00:00,10668.0,10675.398
2021-03-08 03:00:00,11025.0,11016.826
2021-03-08 04:00:00,11712.0,11700.138
2021-03-08 05:00:00,11924.0,11918.857
2021-03-08 06:00:00,12186.0,12193.389
2021-03-08 07:00:00,12188.0,12175.994
2021-03-08 08:00:00,11932.0,11921.034
2021-03-08 09:00:00,11836.0,11848.165
2021-03-08 10:00:00,11667.0,11680.41
2021-03-08 11:00:00,11441.0,11440.577
2021-03-08 12:00:00,11283.0,11286.649
2021-03-08 13:00:00,11224.0,11226.99
2021-03-08 14:00:00,11226.0,11242.308
2021-03-08 15:00:00,11343.0,11345.944
2021-03-08 16:00:00,11833.0,11831.957
2021-03-08 17:00:00,12086.0,12105.7295
2021-03-08 18:00:00,12013.0,12027.063
2021-03-08 19:00:00,11705.0,11678.983
2021-03-08 20:00:00,11902.0,11850.278
2021-03-08 21:00:00,11716.0,11740.0
2021-03-08 22:00:00,11378.0,11357.605
2021-03-08 23:00:00,11092.0,11101.113
2021-03-09 00:00:00,10971.0,10985.106
2021-03-09 01:00:00,10943.0,10955.269
2021-03-09 02:00:00,10997.0,11003.963
2021-03-09 03:00:00,11342.0,11357.091
2021-03-09 04:00:00,12020.0,12003.892
2021-03-09 05:00:00,12090.0,12097.894
2021-03-09 06:00:00,12253.0,12255.514
2021-03-09 07:00:00,12282.0,12267.388
2021-03-09 08:00:00,12233.0,12214.329
2021-03-09 09:00:00,12203.0,12188.063
2021-03-09 10:00:00,12092.0,12067.646
2021-03-09 11:00:00,11934.0,11956.007
2021-03-09 12:00:00,11882.0,11895.706
2021-03-09 13:00:00,11838.0,11840.128
2021-03-09 14:00:00,11828.0,11834.795
2021-03-09 15:00:00,11950.0,11960.933
2021-03-09 16:00:00,12353.0,12336.142
2021-03-09 17:00:00,12777.0,12722.13
2021-03-09 18:00:00,12702.0,12664.3545
2021-03-09 19:00:00,12352.0,12284.72
2021-03-09 20:00:00,12457.0,12421.893
2021-03-09 21:00:00,12405.0,12381.592
2021-03-09 22:00:00,12073.0,12040.235
2021-03-09 23:00:00,11919.0,11933.885
2021-03-10 00:00:00,11801.0,11810.842
2021-03-10 01:00:00,11878.0,11880.353
2021-03-10 02:00:00,12046.0,12018.149
2021-03-10 03:00:00,12345.0,12388.622
2021-03-10 04:00:00,12975.0,12937.91
2021-03-10 05:00:00,13123.0,13024.584
2021-03-10 06:00:00,12428.0,12470.513
2021-03-10 07:00:00,13242.0,13326.678
2021-03-10 08:00:00,13066.0,12928.18
2021-03-10 09:00:00,12912.0,12933.898
2021-03-10 10:00:00,12655.0,12687.892
2021-03-10 11:00:00,12451.0,12449.771
2021-03-10 12:00:00,12224.0,12258.914
2021-03-10 13:00:00,12208.0,12248.158
2021-03-10 14:00:00,12192.0,12218.01
2021-03-10 15:00:00,12229.0,12229.025
2021-03-10 16:00:00,12706.0,12673.4795
2021-03-10 17:00:00,13145.0,13154.459
2021-03-10 18:00:00,12949.0,12856.427
2021-03-10 19:00:00,12467.0,12482.417
2021-03-10 20:00:00,12517.0,12578.745
2021-03-10 21:00:00,12330.0,12341.461
2021-03-10 22:00:00,12030.0,12052.313
2021-03-10 23:00:00,11731.0,11678.088
2021-03-11 00:00:00,11608.0,11607.117
2021-03-11 01:00:00,11631.0,11626.83
2021-03-11 02:00:00,11705.0,11723.325
2021-03-11 03:00:00,12075.0,12080.35
2021-03-11 04:00:00,12650.0,12635.9
2021-03-11 05:00:00,12724.0,12735.834
2021-03-11 06:00:00,12872.0,12906.51
2021-03-11 07:00:00,12877.0,12851.762
2021-03-11 08:00:00,12777.0,12795.183
2021-03-11 09:00:00,12796.0,12751.434
2021-03-11 10:00:00,12652.0,12643.352
2021-03-11 11:00:00,12419.0,12449.211
2021-03-11 12:00:00,12236.0,12276.764
2021-03-11 13:00:00,12123.0,12090.825
2021-03-11 14:00:00,12059.0,12056.39
2021-03-11 15:00:00,12016.0,11999.573
2021-03-11 16:00:00,12209.0,12246.27
2021-03-11 17:00:00,12557.0,12533.684
2021-03-11 18:00:00,12350.0,12322.108
2021-03-11 19:00:00,11819.0,11804.284
2021-03-11 20:00:00,11916.0,11932.373
2021-03-11 21:00:00,11636.0,11635.658
2021-03-11 22:00:00,11247.0,11246.325
2021-03-11 23:00:00,11976.5,11942.85
2021-03-12 00:00:00,11952.0,11948.689
2021-03-12 01:00:00,11941.5,11943.507
2021-03-12 02:00:00,11926.0,11922.583
2021-03-12 03:00:00,11895.5,11882.746
2021-03-12 04:00:00,11778.0,11785.147
2021-03-12 05:00:00,11936.0,11915.273
2021-03-12 06:00:00,12006.0,11987.202
2021-03-12 07:00:00,12090.0,12103.133
2021-03-12 08:00:00,11947.0,11943.681
2021-03-12 09:00:00,12102.0,12121.368
2021-03-12 10:00:00,12111.0,12088.998
2021-03-12 11:00:00,11957.0,11937.365
2021-03-12 12:00:00,11875.0,11890.248
2021-03-12 13:00:00,11816.0,11816.906
2021-03-12 14:00:00,11799.0,11793.676
2021-03-12 15:00:00,11816.0,11826.976
2021-03-12 16:00:00,11999.0,11997.561
2021-03-12 17:00:00,12237.0,12228.346
2021-03-12 18:00:00,11978.0,11990.047
2021-03-12 19:00:00,11488.0,11493.591
2021-03-12 20:00:00,11495.0,11507.495
2021-03-12 21:00:00,11171.0,11144.562
2021-03-12 22:00:00,10743.0,10747.386
2021-03-12 23:00:00,10500.0,10518.031
2021-03-13 00:00:00,10285.0,10296.523
2021-03-13 01:00:00,10739.0,10742.387
2021-03-13 02:00:00,10691.0,10714.679
2021-03-13 03:00:00,10207.0,10211.586
2021-03-13 04:00:00,10295.0,10310.528
2021-03-13 05:00:00,10202.0,10200.582
2021-03-13 06:00:00,10449.0,10453.338
2021-03-13 07:00:00,10647.0,10665.479
2021-03-13 08:00:00,10770.0,10755.899
2021-03-13 09:00:00,10771.0,10763.857
2021-03-13 10:00:00,10735.0,10734.033
2021-03-13 11:00:00,10634.0,10616.357
2021-03-13 12:00:00,10546.0,10555.793
2021-03-13 13:00:00,10550.0,10557.234
2021-03-13 14:00:00,10716.0,10706.134
2021-03-13 15:00:00,10991.0,10986.058
2021-03-13 16:00:00,10592.0,10573.1455
2021-03-13 17:00:00,10592.0,10584.069
2021-03-13 18:00:00,11151.0,11124.969
2021-03-13 19:00:00,10637.0,10620.404
2021-03-13 20:00:00,10709.0,10732.337
2021-03-13 21:00:00,10516.0,10501.019
2021-03-13 22:00:00,10154.0,10160.539
2021-03-13 23:00:00,9825.0,9816.752
2021-03-14 00:00:00,9602.0,9612.613
2021-03-14 01:00:00,9566.0,9564.304
2021-03-14 02:00:00,9555.0,9542.309
2021-03-14 03:00:00,9654.0,9666.694
2021-03-14 04:00:00,9693.0,9697.497
2021-03-14 05:00:00,9602.0,9594.989
2021-03-14 06:00:00,9802.0,9836.353
2021-03-14 07:00:00,10048.0,10044.156
2021-03-14 08:00:00,10178.0,10182.539
2021-03-14 09:00:00,10273.0,10272.726
2021-03-14 10:00:00,10258.0,10269.115
2021-03-14 11:00:00,10154.0,10149.51
2021-03-14 12:00:00,10091.0,10089.057
2021-03-14 13:00:00,10096.0,10109.77
2021-03-14 14:00:00,10133.0,10131.288
2021-03-14 15:00:00,10274.0,10287.728
2021-03-14 16:00:00,10595.0,10614.214
2021-03-14 17:00:00,10143.5,10129.135
2021-03-14 18:00:00,10605.0,10640.945
2021-03-14 19:00:00,10167.0,10149.679
2021-03-14 20:00:00,10405.0,10423.8
2021-03-14 21:00:00,10321.0,10341.016
2021-03-14 22:00:00,9982.0,9989.174
2021-03-14 23:00:00,9759.0,9751.011
2021-03-15 00:00:00,9650.0,9654.343
2021-03-15 01:00:00,10481.5,10483.834
2021-03-15 02:00:00,10576.5,10587.896
2021-03-15 03:00:00,9999.0,10035.548
2021-03-15 04:00:00,10558.0,10535.735
2021-03-15 05:00:00,10825.0,10807.64
2021-03-15 06:00:00,11066.0,11066.023
2021-03-15 07:00:00,11134.0,11134.839
2021-03-15 08:00:00,11187.0,11180.599
2021-03-15 09:00:00,11116.0,11112.759
2021-03-15 10:00:00,11128.0,11124.97
2021-03-15 11:00:00,10988.0,10982.469
2021-03-15 12:00:00,10950.0,10941.024
2021-03-15 13:00:00,10876.0,10864.06
2021-03-15 14:00:00,10826.0,10832.092
2021-03-15 15:00:00,10826.0,10812.893
2021-03-15 16:00:00,10932.0,10939.745
2021-03-15 17:00:00,11262.0,11256.601
2021-03-15 18:00:00,11092.0,11089.71
2021-03-15 19:00:00,10707.0,10718.987
2021-03-15 20:00:00,10783.0,10797.766
2021-03-15 21:00:00,10611.0,10602.8125
2021-03-15 22:00:00,10234.0,10225.981
2021-03-15 23:00:00,10851.0,10865.692
2021-03-16 00:00:00,10851.0,10863.637
2021-03-16 01:00:00,10826.0,10838.536
2021-03-16 02:00:00,10804.5,10809.1
2021-03-16 03:00:00,10110.0,10088.883
2021-03-16 04:00:00,10642.0,10670.7295
2021-03-16 05:00:00,10958.0,10963.628
2021-03-16 06:00:00,11127.0,11130.785
2021-03-16 07:00:00,11177.0,11165.861
2021-03-16 08:00:00,11164.0,11167.262
2021-03-16 09:00:00,11165.0,11153.757
2021-03-16 10:00:00,11040.0,11039.717
2021-03-16 11:00:00,10899.0,10918.449
2021-03-16 12:00:00,10779.0,10777.705
2021-03-16 13:00:00,10685.0,10695.597
2021-03-16 14:00:00,10692.0,10708.267
2021-03-16 15:00:00,10777.0,10782.555
2021-03-16 16:00:00,10952.0,10953.473
2021-03-16 17:00:00,11394.0,11400.153
2021-03-16 18:00:00,11226.0,11227.891
2021-03-16 19:00:00,10747.0,10752.3955
2021-03-16 20:00:00,10770.0,10770.117
2021-03-16 21:00:00,10601.0,10586.101
2021-03-16 22:00:00,10222.0,10228.142
2021-03-16 23:00:00,10773.5,10784.355
2021-03-17 00:00:00,10773.5,10787.084
2021-03-17 01:00:00,10773.5,10770.146
2021-03-17 02:00:00,10779.0,10776.213
2021-03-17 03:00:00,10795.0,10809.301
2021-03-17 04:00:00,10690.0,10707.524
2021-03-17 05:00:00,10924.0,10934.669
2021-03-17 06:00:00,11027.0,11033.539
2021-03-17 07:00:00,11048.0,11030.477
2021-03-17 08:00:00,11074.0,11057.429
2021-03-17 09:00:00,11075.0,11052.936
2021-03-17 10:00:00,11039.0,11023.524
2021-03-17 11:00:00,10865.0,10870.986
2021-03-17 12:00:00,10809.0,10803.727
2021-03-17 13:00:00,10781.0,10777.449
2021-03-17 14:00:00,10848.0,10853.491
2021-03-17 15:00:00,10906.0,10888.011
2021-03-17 16:00:00,11215.0,11216.166
2021-03-17 17:00:00,10885.5,10869.512
2021-03-17 18:00:00,11336.0,11350.3
2021-03-17 19:00:00,10861.0,10860.958
2021-03-17 20:00:00,10940.0,10942.847
2021-03-17 21:00:00,10768.0,10747.937
2021-03-17 22:00:00,10421.0,10420.518
2021-03-17 23:00:00,10227.0,10240.492
2021-03-18 00:00:00,10175.0,10180.201
2021-03-18 01:00:00,10091.0,10088.044
2021-03-18 02:00:00,10226.0,10252.888
2021-03-18 03:00:00,10499.0,10459.705
2021-03-18 04:00:00,10933.0,10909.673
2021-03-18 05:00:00,11183.0,11175.803
2021-03-18 06:00:00,11289.0,11291.214
2021-03-18 07:00:00,11427.0,11427.79
2021-03-18 08:00:00,11379.0,11373.025
2021-03-18 09:00:00,11256.0,11265.992
2021-03-18 10:00:00,11109.0,11115.197
2021-03-18 11:00:00,11006.0,11012.753
2021-03-18 12:00:00,10843.0,10856.657
2021-03-18 13:00:00,10801.0,10808.001
2021-03-18 14:00:00,10843.0,10847.312
2021-03-18 15:00:00,10970.0,10975.235
2021-03-18 16:00:00,11201.0,11191.557
2021-03-18 17:00:00,11724.0,11722.15
2021-03-18 18:00:00,11619.0,11634.261
2021-03-18 19:00:00,11180.0,11145.544
2021-03-18 20:00:00,11207.0,11197.612
2021-03-18 21:00:00,11072.0,11065.197
2021-03-18 22:00:00,10702.0,10674.867
2021-03-18 23:00:00,10480.0,10494.634
2021-03-19 00:00:00,10439.0,10431.801
2021-03-19 01:00:00,10486.0,10474.917
2021-03-19 02:00:00,10633.0,10645.293
2021-03-19 03:00:00,10992.0,11015.376
2021-03-19 04:00:00,11522.0,11543.172
2021-03-19 05:00:00,11829.0,11874.099
2021-03-19 06:00:00,11951.0,11966.053
2021-03-19 07:00:00,11830.0,11826.652
2021-03-19 08:00:00,11615.0,11619.301
2021-03-19 09:00:00,11496.0,11498.269
2021-03-19 10:00:00,11308.0,11294.574
2021-03-19 11:00:00,11188.0,11203.782
2021-03-19 12:00:00,11079.0,11077.209
2021-03-19 13:00:00,11094.0,11092.472
2021-03-19 14:00:00,11185.0,11202.107
2021-03-19 15:00:00,11290.0,11315.205
2021-03-19 16:00:00,11437.0,11429.832
2021-03-19 17:00:00,11944.0,11950.365
2021-03-19 18:00:00,11736.0,11761.306
2021-03-19 19:00:00,11367.0,11368.6045
2021-03-19 20:00:00,11461.0,11441.854
2021-03-19 21:00:00,11273.0,11244.758
2021-03-19 22:00:00,10910.0,10897.927
2021-03-19 23:00:00,10637.0,10647.11
2021-03-20 00:00:00,10430.0,10428.172
2021-03-20 01:00:00,10352.0,10365.8955
2021-03-20 02:00:00,10853.5,10829.452
2021-03-20 03:00:00,10373.0,10383.49
2021-03-20 04:00:00,10348.0,10371.005
2021-03-20 05:00:00,10385.0,10363.02
2021-03-20 06:00:00,10657.0,10640.671
2021-03-20 07:00:00,10829.0,10812.276
2021-03-20 08:00:00,10926.0,10907.995
2021-03-20 09:00:00,10946.0,10942.937
2021-03-20 10:00:00,10878.0,10849.677
2021-03-20 11:00:00,10805.0,10808.559
2021-03-20 12:00:00,10735.0,10733.345
2021-03-20 13:00:00,10705.0,10714.049
2021-03-20 14:00:00,10811.0,10815.14
2021-03-20 15:00:00,11053.0,11049.168
2021-03-20 16:00:00,11336.0,11319.671
2021-03-20 17:00:00,10681.0,10686.816
2021-03-20 18:00:00,11081.0,11143.011
2021-03-20 19:00:00,10490.0,10467.682
2021-03-20 20:00:00,10590.0,10602.861
2021-03-20 21:00:00,10334.0,10339.062
2021-03-20 22:00:00,9886.0,9910.932
2021-03-20 23:00:00,9587.0,9564.938
2021-03-21 00:00:00,9398.0,9394.977
2021-03-21 01:00:00,9326.0,9327.048
2021-03-21 02:00:00,9329.0,9327.768
2021-03-21 03:00:00,9389.0,9380.267
2021-03-21 04:00:00,9344.0,9327.792
2021-03-21 05:00:00,9405.0,9387.435
2021-03-21 06:00:00,9576.0,9562.751
2021-03-21 07:00:00,9793.0,9796.793
2021-03-21 08:00:00,9969.0,9966.926
2021-03-21 09:00:00,10009.0,10002.667
2021-03-21 10:00:00,10009.0,10019.74
2021-03-21 11:00:00,9886.0,9895.477
2021-03-21 12:00:00,9853.0,9854.258
2021-03-21 13:00:00,9912.0,9911.152
2021-03-21 14:00:00,10053.0,10054.525
2021-03-21 15:00:00,10205.0,10210.807
2021-03-21 16:00:00,10442.0,10438.809
2021-03-21 17:00:00,10009.0,9998.806
2021-03-21 18:00:00,10807.0,10787.744
2021-03-21 19:00:00,10418.0,10382.388
2021-03-21 20:00:00,10644.0,10640.871
2021-03-21 21:00:00,10544.0,10528.624
2021-03-21 22:00:00,10175.0,10179.249
2021-03-21 23:00:00,9958.0,9960.887
2021-03-22 00:00:00,9819.0,9829.889
2021-03-22 01:00:00,9793.0,9809.162
2021-03-22 02:00:00,9959.0,9965.498
2021-03-22 03:00:00,10335.0,10337.945
2021-03-22 04:00:00,10857.0,10832.853
2021-03-22 05:00:00,11188.0,11164.1
2021-03-22 06:00:00,11305.0,11318.1875
2021-03-22 07:00:00,11175.0,11166.177
2021-03-22 08:00:00,10937.0,10951.868
2021-03-22 09:00:00,10850.0,10851.164
2021-03-22 10:00:00,10692.0,10698.501
2021-03-22 11:00:00,10435.0,10430.894
2021-03-22 12:00:00,10342.0,10334.837
2021-03-22 13:00:00,10314.0,10314.567
2021-03-22 14:00:00,10248.0,10239.891
2021-03-22 15:00:00,10305.0,10323.026
2021-03-22 16:00:00,10520.0,10521.73
2021-03-22 17:00:00,11014.0,11001.054
2021-03-22 18:00:00,11005.0,11012.935
2021-03-22 19:00:00,10613.0,10599.132
2021-03-22 20:00:00,10765.0,10727.305
2021-03-22 21:00:00,10606.0,10580.661
2021-03-22 22:00:00,10226.0,10228.865
2021-03-22 23:00:00,9985.0,9990.837
2021-03-23 00:00:00,9841.0,9848.308
2021-03-23 01:00:00,9734.0,9732.815
2021-03-23 02:00:00,9774.0,9785.419
2021-03-23 03:00:00,10038.0,10036.076
2021-03-23 04:00:00,10488.0,10472.928
2021-03-23 05:00:00,10699.0,10711.576
2021-03-23 06:00:00,10880.0,10889.011
2021-03-23 07:00:00,10797.0,10788.724
2021-03-23 08:00:00,10696.0,10706.33
2021-03-23 09:00:00,10570.0,10571.28
2021-03-23 10:00:00,10402.0,10400.305
2021-03-23 11:00:00,10209.0,10212.563
2021-03-23 12:00:00,10065.0,10054.85
2021-03-23 13:00:00,10034.0,10019.52
2021-03-23 14:00:00,9989.0,9995.096
2021-03-23 15:00:00,9996.0,9996.049
2021-03-23 16:00:00,10084.0,10088.27
2021-03-23 17:00:00,10650.0,10638.45
2021-03-23 18:00:00,10516.0,10477.006
2021-03-23 19:00:00,10039.0,10036.704
2021-03-23 20:00:00,10053.0,10050.504
2021-03-23 21:00:00,9854.0,9880.437
2021-03-23 22:00:00,10046.0,10042.411
2021-03-23 23:00:00,10046.0,10038.572
2021-03-24 00:00:00,10046.0,10049.58
2021-03-24 01:00:00,10046.0,10050.382
2021-03-24 02:00:00,10068.5,10077.488
2021-03-24 03:00:00,10119.0,10128.682
2021-03-24 04:00:00,10156.5,10150.926
2021-03-24 05:00:00,10186.0,10177.954
2021-03-24 06:00:00,10250.0,10249.675
2021-03-24 07:00:00,10214.0,10227.47
2021-03-24 08:00:00,10208.0,10214.316
2021-03-24 09:00:00,10264.0,10277.008
2021-03-24 10:00:00,10238.0,10234.985
2021-03-24 11:00:00,10154.0,10165.382
2021-03-24 12:00:00,10159.0,10157.854
2021-03-24 13:00:00,10233.0,10223.8955
2021-03-24 14:00:00,10251.0,10256.875
2021-03-24 15:00:00,10363.0,10362.791
2021-03-24 16:00:00,10477.0,10477.348
2021-03-24 17:00:00,10211.0,10195.558
2021-03-24 18:00:00,10222.0,10227.691
2021-03-24 19:00:00,10230.0,10220.0625
2021-03-24 20:00:00,10278.0,10271.833
2021-03-24 21:00:00,10009.0,10037.34
2021-03-24 22:00:00,9601.0,9623.896
2021-03-24 23:00:00,9310.0,9314.601
2021-03-25 00:00:00,10231.5,10231.936
2021-03-25 01:00:00,10231.5,10225.0205
2021-03-25 02:00:00,10195.5,10207.369
2021-03-25 03:00:00,9496.0,9536.519
2021-03-25 04:00:00,10013.0,10026.1
2021-03-25 05:00:00,10384.0,10380.84
2021-03-25 06:00:00,10563.0,10543.137
2021-03-25 07:00:00,10551.0,10535.238
2021-03-25 08:00:00,10392.0,10376.426
2021-03-25 09:00:00,10292.0,10291.932
2021-03-25 10:00:00,10161.0,10163.169
2021-03-25 11:00:00,9958.0,9966.181
2021-03-25 12:00:00,9870.0,9863.824
2021-03-25 13:00:00,9816.0,9825.97
2021-03-25 14:00:00,9828.0,9814.613
2021-03-25 15:00:00,9911.0,9923.844
2021-03-25 16:00:00,10025.0,10028.377
2021-03-25 17:00:00,10534.0,10514.123
2021-03-25 18:00:00,10555.0,10549.027
2021-03-25 19:00:00,10144.0,10145.769
2021-03-25 20:00:00,10249.0,10238.44
2021-03-25 21:00:00,10071.0,10062.773
2021-03-25 22:00:00,9626.0,9643.758
2021-03-25 23:00:00,9326.0,9312.229
2021-03-26 00:00:00,9151.0,9146.571
2021-03-26 01:00:00,9206.0,9214.627
2021-03-26 02:00:00,9335.0,9335.21
2021-03-26 03:00:00,9647.0,9652.891
2021-03-26 04:00:00,10144.0,10143.415
2021-03-26 05:00:00,10508.0,10498.952
2021-03-26 06:00:00,10682.0,10663.931
2021-03-26 07:00:00,10705.0,10710.048
2021-03-26 08:00:00,10560.0,10537.429
2021-03-26 09:00:00,10462.0,10470.222
2021-03-26 10:00:00,10246.0,10230.546
2021-03-26 11:00:00,10007.0,10003.811
2021-03-26 12:00:00,9867.0,9862.466
2021-03-26 13:00:00,9817.0,9824.121
2021-03-26 14:00:00,9893.0,9887.137
2021-03-26 15:00:00,9971.0,9972.781
2021-03-26 16:00:00,10138.0,10141.404
2021-03-26 17:00:00,10586.0,10581.996
2021-03-26 18:00:00,10444.0,10405.061
2021-03-26 19:00:00,9997.0,9987.412
2021-03-26 20:00:00,10011.0,10019.612
2021-03-26 21:00:00,9773.0,9772.921
2021-03-26 22:00:00,9322.0,9318.126
2021-03-26 23:00:00,9592.0,9596.314
2021-03-27 00:00:00,9578.0,9568.247
2021-03-27 01:00:00,9531.0,9533.302
2021-03-27 02:00:00,9462.5,9462.574
2021-03-27 03:00:00,9462.5,9466.3545
2021-03-27 04:00:00,9011.0,8984.338
2021-03-27 05:00:00,9146.0,9155.791
2021-03-27 06:00:00,9426.0,9421.854
2021-03-27 07:00:00,9578.0,9566.257
2021-03-27 08:00:00,9606.0,9609.143
2021-03-27 09:00:00,9578.0,9582.0205
2021-03-27 10:00:00,9484.0,9488.661
2021-03-27 11:00:00,9441.0,9425.985
2021-03-27 12:00:00,9374.0,9370.531
2021-03-27 13:00:00,9352.0,9343.613
2021-03-27 14:00:00,9501.0,9505.913
2021-03-27 15:00:00,9775.0,9775.851
2021-03-27 16:00:00,10087.0,10071.722
2021-03-27 17:00:00,9462.5,9450.723
2021-03-27 18:00:00,10098.0,10133.036
2021-03-27 19:00:00,9563.0,9504.108
2021-03-27 20:00:00,9635.0,9631.065
2021-03-27 21:00:00,9506.0,9517.598
2021-03-27 22:00:00,9090.0,9118.133
2021-03-27 23:00:00,8764.0,8780.678
2021-03-28 00:00:00,9348.0,9332.862
2021-03-28 01:00:00,9305.0,9305.324
2021-03-28 02:00:00,8581.0,8599.66
2021-03-28 03:00:00,8676.0,8688.6045
2021-03-28 04:00:00,9246.5,9182.689
2021-03-28 05:00:00,8751.0,8723.739
2021-03-28 06:00:00,9030.0,9038.811
2021-03-28 07:00:00,9227.0,9218.051
2021-03-28 08:00:00,9344.0,9317.708
2021-03-28 09:00:00,9379.0,9368.43
2021-03-28 10:00:00,9395.0,9393.396
2021-03-28 11:00:00,9266.0,9265.404
2021-03-28 12:00:00,9156.0,9162.424
2021-03-28 13:00:00,9184.0,9168.824
2021-03-28 14:00:00,9323.0,9305.068
2021-03-28 15:00:00,9462.0,9450.804
2021-03-28 16:00:00,9651.0,9646.25
2021-03-28 17:00:00,9953.0,9962.539
2021-03-28 18:00:00,9735.0,9739.093
2021-03-28 19:00:00,9853.0,9892.685
2021-03-28 20:00:00,9708.0,9699.004
2021-03-28 21:00:00,9373.0,9357.695
2021-03-28 22:00:00,9052.0,9063.919
2021-03-28 23:00:00,8948.0,8952.88
2021-03-29 00:00:00,8843.0,8842.133
2021-03-29 01:00:00,8908.0,8905.736
2021-03-29 02:00:00,9218.0,9203.46
2021-03-29 03:00:00,9973.0,9936.023
2021-03-29 04:00:00,10277.0,10257.133
2021-03-29 05:00:00,10620.0,10611.303
2021-03-29 06:00:00,10732.0,10735.796
2021-03-29 07:00:00,10810.0,10794.722
2021-03-29 08:00:00,10878.0,10869.201
2021-03-29 09:00:00,10831.0,10824.602
2021-03-29 10:00:00,10695.0,10697.551
2021-03-29 11:00:00,10574.0,10586.552
2021-03-29 12:00:00,10511.0,10512.272
2021-03-29 13:00:00,10435.0,10436.229
2021-03-29 14:00:00,10452.0,10450.19
2021-03-29 15:00:00,10455.0,10457.451
2021-03-29 16:00:00,10513.0,10513.16
2021-03-29 17:00:00,10674.0,10675.925
2021-03-29 18:00:00,10268.0,10273.972
2021-03-29 19:00:00,10279.0,10263.518
2021-03-29 20:00:00,10113.0,10117.703
2021-03-29 21:00:00,9659.0,9673.14
2021-03-29 22:00:00,10392.5,10432.125
2021-03-29 23:00:00,10314.5,10289.25
2021-03-30 00:00:00,10273.5,10287.636
2021-03-30 01:00:00,10237.0,10251.163
2021-03-30 02:00:00,10183.5,10191.231
2021-03-30 03:00:00,9916.0,9918.816
2021-03-30 04:00:00,10206.0,10199.764
2021-03-30 05:00:00,10465.0,10442.711
2021-03-30 06:00:00,10509.0,10510.903
2021-03-30 07:00:00,10463.0,10466.227
2021-03-30 08:00:00,10440.0,10433.676
2021-03-30 09:00:00,10350.0,10342.354
2021-03-30 10:00:00,10161.0,10181.048
2021-03-30 11:00:00,10021.0,10005.822
2021-03-30 12:00:00,9934.0,9924.788
2021-03-30 13:00:00,9901.0,9892.661
2021-03-30 14:00:00,9936.0,9941.761
2021-03-30 15:00:00,9987.0,9985.13
2021-03-30 16:00:00,10093.0,10086.86
2021-03-30 17:00:00,10352.0,10349.333
2021-03-30 18:00:00,10144.0,10129.032
2021-03-30 19:00:00,10107.0,10108.191
2021-03-30 20:00:00,9894.0,9910.021
2021-03-30 21:00:00,9443.0,9456.004
2021-03-30 22:00:00,10004.0,9988.354
2021-03-30 23:00:00,9966.5,9949.25
2021-03-31 00:00:00,9941.0,9943.671
2021-03-31 01:00:00,9941.0,9947.9375
2021-03-31 02:00:00,9270.0,9282.386
2021-03-31 03:00:00,9946.0,9923.886
2021-03-31 04:00:00,10230.0,10216.534
2021-03-31 05:00:00,10372.0,10371.416
2021-03-31 06:00:00,10473.0,10485.181
2021-03-31 07:00:00,10332.0,10339.355
2021-03-31 08:00:00,10179.0,10198.217
2021-03-31 09:00:00,10031.0,10012.532
2021-03-31 10:00:00,9837.0,9840.91
2021-03-31 11:00:00,9690.0,9688.755
2021-03-31 12:00:00,9659.0,9645.734
2021-03-31 13:00:00,9682.0,9684.62
2021-03-31 14:00:00,9760.0,9747.581
2021-03-31 15:00:00,9873.0,9884.355
2021-03-31 16:00:00,10076.0,10057.706
2021-03-31 17:00:00,10318.0,10317.781
2021-03-31 18:00:00,10123.0,10100.475
2021-03-31 19:00:00,10108.0,10107.533
2021-03-31 20:00:00,9869.0,9843.237
2021-03-31 21:00:00,9476.0,9500.428
2021-03-31 22:00:00,9871.0,9891.1
2021-03-31 23:00:00,9883.5,9869.869
2021-04-01 00:00:00,9883.5,9880.613
2021-04-01 01:00:00,9883.5,9892.342
2021-04-01 02:00:00,9433.0,9454.093
2021-04-01 03:00:00,10003.0,9996.423
2021-04-01 04:00:00,10233.0,10236.512
2021-04-01 05:00:00,10472.0,10475.34
2021-04-01 06:00:00,10498.0,10478.937
2021-04-01 07:00:00,10334.0,10351.832
2021-04-01 08:00:00,10087.0,10110.876
2021-04-01 09:00:00,10052.0,10049.006
2021-04-01 10:00:00,9894.0,9900.088
2021-04-01 11:00:00,9781.0,9781.414
2021-04-01 12:00:00,9724.0,9733.142
2021-04-01 13:00:00,9708.0,9717.07
2021-04-01 14:00:00,9766.0,9758.319
2021-04-01 15:00:00,9862.0,9849.352
2021-04-01 16:00:00,9983.0,9981.391
2021-04-01 17:00:00,10224.0,10225.294
2021-04-01 18:00:00,10049.0,10035.812
2021-04-01 19:00:00,10077.0,10097.107
2021-04-01 20:00:00,9934.0,9939.944
2021-04-01 21:00:00,9478.0,9468.748
2021-04-01 22:00:00,9097.0,9109.504
2021-04-01 23:00:00,9638.0,9705.685
2021-04-02 00:00:00,9569.5,9586.152
2021-04-02 01:00:00,9518.0,9529.931
2021-04-02 02:00:00,9048.0,9035.8
2021-04-02 03:00:00,9187.0,9210.195
2021-04-02 04:00:00,9189.0,9170.9375
2021-04-02 05:00:00,9424.0,9425.09
2021-04-02 06:00:00,9588.0,9587.043
2021-04-02 07:00:00,9692.0,9699.362
2021-04-02 08:00:00,9688.0,9674.535
2021-04-02 09:00:00,9551.0,9559.47
2021-04-02 10:00:00,9359.0,9365.206
2021-04-02 11:00:00,9367.0,9375.041
2021-04-02 12:00:00,9485.0,9477.5625
2021-04-02 13:00:00,9501.0,9482.347
2021-04-02 14:00:00,9549.0,9549.132
2021-04-02 15:00:00,9644.0,9647.745
2021-04-02 16:00:00,9797.0,9790.91
2021-04-02 17:00:00,9963.0,9995.036
2021-04-02 18:00:00,9892.0,9874.905
2021-04-02 19:00:00,9989.0,9981.745
2021-04-02 20:00:00,9824.0,9804.79
2021-04-02 21:00:00,9453.0,9440.321
2021-04-02 22:00:00,9132.0,9155.083
2021-04-02 23:00:00,8930.0,8938.01
2021-04-03 00:00:00,8888.0,8894.694
2021-04-03 01:00:00,8961.0,8956.864
2021-04-03 02:00:00,9058.0,9068.285
2021-04-03 03:00:00,9142.0,9137.373
2021-04-03 04:00:00,9174.0,9160.437
2021-04-03 05:00:00,9410.0,9420.904
2021-04-03 06:00:00,9563.0,9568.581
2021-04-03 07:00:00,9588.0,9590.561
2021-04-03 08:00:00,9519.0,9536.292
2021-04-03 09:00:00,9377.0,9379.083
2021-04-03 10:00:00,9264.0,9270.476
2021-04-03 11:00:00,9256.0,9273.585
2021-04-03 12:00:00,9254.0,9251.977
2021-04-03 13:00:00,9392.0,9386.04
2021-04-03 14:00:00,9605.0,9600.554
2021-04-03 15:00:00,9843.0,9863.544
2021-04-03 16:00:00,9968.0,9968.138
2021-04-03 17:00:00,10026.0,10019.61
2021-04-03 18:00:00,9899.0,9894.7
2021-04-03 19:00:00,9928.0,9923.781
2021-04-03 20:00:00,9741.0,9744.626
2021-04-03 21:00:00,9371.0,9370.717
2021-04-03 22:00:00,9030.0,9027.448
2021-04-03 23:00:00,8834.0,8836.979
2021-04-04 00:00:00,8741.0,8747.738
2021-04-04 01:00:00,8733.0,8736.547
2021-04-04 02:00:00,8791.0,8802.002
2021-04-04 03:00:00,8810.0,8818.512
2021-04-04 04:00:00,8765.0,8768.435
2021-04-04 05:00:00,8960.0,8961.286
2021-04-04 06:00:00,9136.0,9134.307
2021-04-04 07:00:00,9177.0,9178.071
2021-04-04 08:00:00,9183.0,9189.111
2021-04-04 09:00:00,9122.0,9124.314
2021-04-04 10:00:00,9010.0,9022.468
2021-04-04 11:00:00,8929.0,8930.342
2021-04-04 12:00:00,8849.0,8853.744
2021-04-04 13:00:00,8876.0,8880.271
2021-04-04 14:00:00,9036.0,9042.362
2021-04-04 15:00:00,9139.0,9115.6875
2021-04-04 16:00:00,9262.0,9263.395
2021-04-04 17:00:00,9458.0,9462.557
2021-04-04 18:00:00,9409.0,9403.889
2021-04-04 19:00:00,9538.0,9544.012
2021-04-04 20:00:00,9472.0,9474.849
2021-04-04 21:00:00,9094.0,9108.906
2021-04-04 22:00:00,8789.0,8800.921
2021-04-04 23:00:00,8589.0,8597.722
2021-04-05 00:00:00,8498.0,8504.154
2021-04-05 01:00:00,8594.0,8617.086
2021-04-05 02:00:00,8807.0,8807.572
2021-04-05 03:00:00,8919.0,8923.147
2021-04-05 04:00:00,8928.0,8927.192
2021-04-05 05:00:00,9172.0,9172.427
2021-04-05 06:00:00,9418.0,9446.3955
2021-04-05 07:00:00,9616.0,9610.465
2021-04-05 08:00:00,9724.0,9708.248
2021-04-05 09:00:00,9761.0,9762.773
2021-04-05 10:00:00,9702.0,9700.008
2021-04-05 11:00:00,9683.0,9679.721
2021-04-05 12:00:00,9680.0,9672.86
2021-04-05 13:00:00,9793.0,9787.85
2021-04-05 14:00:00,9904.0,9902.6
2021-04-05 15:00:00,9998.0,10001.946
2021-04-05 16:00:00,10158.0,10156.028
2021-04-05 17:00:00,10181.0,10181.986
2021-04-05 18:00:00,9975.0,9978.32
2021-04-05 19:00:00,10091.0,10091.309
2021-04-05 20:00:00,10014.0,10003.749
2021-04-05 21:00:00,9623.0,9625.727
2021-04-05 22:00:00,9409.0,9419.529
2021-04-05 23:00:00,9228.0,9234.03
2021-04-06 00:00:00,9169.0,9172.345
2021-04-06 01:00:00,9328.0,9363.273
2021-04-06 02:00:00,9603.0,9567.381
2021-04-06 03:00:00,10099.0,10085.092
2021-04-06 04:00:00,10429.0,10430.549
2021-04-06 05:00:00,10827.0,10814.1455
2021-04-06 06:00:00,10880.0,10875.907
2021-04-06 07:00:00,10753.0,10753.456
2021-04-06 08:00:00,10711.0,10709.919
2021-04-06 09:00:00,10680.0,10683.268
2021-04-06 10:00:00,10459.0,10478.982
2021-04-06 11:00:00,10374.0,10371.623
2021-04-06 12:00:00,10335.0,10343.495
2021-04-06 13:00:00,10442.0,10444.034
2021-04-06 14:00:00,10456.0,10432.645
2021-04-06 15:00:00,10469.0,10462.238
2021-04-06 16:00:00,10536.0,10543.586
2021-04-06 17:00:00,10606.0,10599.745
2021-04-06 18:00:00,10425.0,10402.407
2021-04-06 19:00:00,10361.0,10370.424
2021-04-06 20:00:00,10140.0,10147.043
2021-04-06 21:00:00,9787.0,9784.801
2021-04-06 22:00:00,10399.5,10357.145
2021-04-06 23:00:00,10371.0,10357.879
2021-04-07 00:00:00,10364.5,10375.052
2021-04-07 01:00:00,10364.5,10360.908
2021-04-07 02:00:00,10295.0,10293.011
2021-04-07 03:00:00,10042.0,10062.515
2021-04-07 04:00:00,10368.0,10388.847
2021-04-07 05:00:00,10609.0,10594.685
2021-04-07 06:00:00,10678.0,10671.978
2021-04-07 07:00:00,10581.0,10591.731
2021-04-07 08:00:00,10507.0,10513.743
2021-04-07 09:00:00,10444.0,10449.195
2021-04-07 10:00:00,10229.0,10237.809
2021-04-07 11:00:00,10045.0,10048.794
2021-04-07 12:00:00,9958.0,9956.01
2021-04-07 13:00:00,9944.0,9945.993
2021-04-07 14:00:00,10049.0,10049.431
2021-04-07 15:00:00,10113.0,10128.585
2021-04-07 16:00:00,10138.0,10134.946
2021-04-07 17:00:00,10210.0,10219.78
2021-04-07 18:00:00,10155.0,10161.4795
2021-04-07 19:00:00,10145.0,10139.531
2021-04-07 20:00:00,10022.0,10008.745
2021-04-07 21:00:00,9686.0,9681.331
2021-04-07 22:00:00,10106.0,10083.312
2021-04-07 23:00:00,10074.0,10060.574
2021-04-08 00:00:00,10074.0,10074.878
2021-04-08 01:00:00,10074.0,10076.702
2021-04-08 02:00:00,10074.0,10075.538
2021-04-08 03:00:00,10099.0,10102.161
2021-04-08 04:00:00,10418.0,10418.212
2021-04-08 05:00:00,9977.5,9935.915
2021-04-08 06:00:00,10473.0,10459.622
2021-04-08 07:00:00,10303.0,10314.187
2021-04-08 08:00:00,10192.0,10189.373
2021-04-08 09:00:00,10120.0,10114.99
2021-04-08 10:00:00,9972.0,9960.365
2021-04-08 11:00:00,9874.0,9878.442
2021-04-08 12:00:00,9800.0,9805.621
2021-04-08 13:00:00,9767.0,9765.105
2021-04-08 14:00:00,9802.0,9811.195
2021-04-08 15:00:00,9871.0,9864.191
2021-04-08 16:00:00,9983.0,9979.644
2021-04-08 17:00:00,10122.0,10117.687
2021-04-08 18:00:00,10150.0,10145.052
2021-04-08 19:00:00,10127.0,10120.12
2021-04-08 20:00:00,9941.0,9942.604
2021-04-08 21:00:00,9610.0,9626.974
2021-04-08 22:00:00,9956.5,9911.461
2021-04-08 23:00:00,9962.0,9962.433
2021-04-09 00:00:00,10052.5,10055.322
2021-04-09 01:00:00,10124.5,10126.979
2021-04-09 02:00:00,9631.0,9629.287
2021-04-09 03:00:00,10127.0,10160.985
2021-04-09 04:00:00,10416.0,10406.321
2021-04-09 05:00:00,10680.0,10649.218
2021-04-09 06:00:00,10801.0,10795.393
2021-04-09 07:00:00,10901.0,10890.299
2021-04-09 08:00:00,10976.0,10982.907
2021-04-09 09:00:00,10946.0,10947.745
2021-04-09 10:00:00,10904.0,10907.975
2021-04-09 11:00:00,10767.0,10768.106
2021-04-09 12:00:00,10721.0,10712.96
2021-04-09 13:00:00,10726.0,10736.926
2021-04-09 14:00:00,10845.0,10838.201
2021-04-09 15:00:00,10853.0,10858.421
2021-04-09 16:00:00,10837.0,10837.572
2021-04-09 17:00:00,10745.0,10749.675
2021-04-09 18:00:00,10434.0,10465.988
2021-04-09 19:00:00,10360.0,10373.07
2021-04-09 20:00:00,10035.0,10017.296
2021-04-09 21:00:00,9599.0,9611.585
2021-04-09 22:00:00,9798.0,9835.028
2021-04-09 23:00:00,9783.5,9778.852
2021-04-10 00:00:00,9724.0,9728.547
2021-04-10 01:00:00,9672.5,9675.372
2021-04-10 02:00:00,9672.5,9683.887
2021-04-10 03:00:00,9672.5,9663.427
2021-04-10 04:00:00,9672.5,9661.335
2021-04-10 05:00:00,9522.0,9519.899
2021-04-10 06:00:00,9676.0,9675.157
2021-04-10 07:00:00,9772.0,9775.642
2021-04-10 08:00:00,9795.0,9799.129
2021-04-10 09:00:00,9801.0,9801.846
2021-04-10 10:00:00,9636.0,9638.053
2021-04-10 11:00:00,9605.0,9618.228
2021-04-10 12:00:00,9669.0,9669.065
2021-04-10 13:00:00,9686.0,9678.569
2021-04-10 14:00:00,9870.0,9849.489
2021-04-10 15:00:00,10115.0,10125.586
2021-04-10 16:00:00,9672.5,9652.664
2021-04-10 17:00:00,9672.5,9666.622
2021-04-10 18:00:00,9672.5,9663.625
2021-04-10 19:00:00,9652.5,9648.998
2021-04-10 20:00:00,9860.0,9867.026
2021-04-10 21:00:00,9423.0,9445.281
2021-04-10 22:00:00,9008.0,9025.65
2021-04-10 23:00:00,8778.0,8774.718
2021-04-11 00:00:00,8712.0,8721.752
2021-04-11 01:00:00,8758.0,8760.497
2021-04-11 02:00:00,8905.0,8909.569
2021-04-11 03:00:00,8839.0,8837.025
2021-04-11 04:00:00,8861.0,8878.906
2021-04-11 05:00:00,8991.0,8999.06
2021-04-11 06:00:00,9068.0,9058.979
2021-04-11 07:00:00,9073.0,9066.563
2021-04-11 08:00:00,9008.0,9012.553
2021-04-11 09:00:00,8954.0,8957.718
2021-04-11 10:00:00,8834.0,8837.935
2021-04-11 11:00:00,8756.0,8764.874
2021-04-11 12:00:00,8730.0,8735.366
2021-04-11 13:00:00,8715.0,8715.064
2021-04-11 14:00:00,8816.0,8824.72
2021-04-11 15:00:00,9017.0,9001.002
2021-04-11 16:00:00,9168.0,9171.559
2021-04-11 17:00:00,9264.0,9283.921
2021-04-11 18:00:00,9260.0,9258.097
2021-04-11 19:00:00,9371.0,9372.357
2021-04-11 20:00:00,9242.0,9230.748
2021-04-11 21:00:00,8909.0,8928.108
2021-04-11 22:00:00,8571.0,8580.498
2021-04-11 23:00:00,8414.0,8411.36
2021-04-12 00:00:00,8414.0,8438.791
2021-04-12 01:00:00,8552.0,8532.97
2021-04-12 02:00:00,8895.0,8894.032
2021-04-12 03:00:00,9409.0,9368.848
2021-04-12 04:00:00,9857.0,9843.214
2021-04-12 05:00:00,10060.0,10078.681
2021-04-12 06:00:00,10047.0,10033.384
2021-04-12 07:00:00,10001.0,10010.091
2021-04-12 08:00:00,9986.0,9974.244
2021-04-12 09:00:00,9936.0,9934.149
2021-04-12 10:00:00,9723.0,9739.413
2021-04-12 11:00:00,9637.0,9640.942
2021-04-12 12:00:00,9581.0,9587.265
2021-04-12 13:00:00,9514.0,9509.2705
2021-04-12 14:00:00,9480.0,9480.151
2021-04-12 15:00:00,9471.0,9466.4795
2021-04-12 16:00:00,9491.0,9493.719
2021-04-12 17:00:00,9485.0,9494.782
2021-04-12 18:00:00,9418.0,9405.771
2021-04-12 19:00:00,9423.0,9415.867
2021-04-12 20:00:00,9265.0,9276.207
2021-04-12 21:00:00,8851.0,8844.406
2021-04-12 22:00:00,9482.5,9461.162
2021-04-12 23:00:00,9482.5,9480.427
2021-04-13 00:00:00,9475.5,9470.889
2021-04-13 01:00:00,9468.5,9469.544
2021-04-13 02:00:00,9444.5,9440.696
2021-04-13 03:00:00,9172.0,9164.345
2021-04-13 04:00:00,9562.0,9590.635
2021-04-13 05:00:00,9854.0,9841.547
2021-04-13 06:00:00,9942.0,9930.562
2021-04-13 07:00:00,9936.0,9938.251
2021-04-13 08:00:00,9880.0,9876.9
2021-04-13 09:00:00,9809.0,9818.668
2021-04-13 10:00:00,9611.0,9618.665
2021-04-13 11:00:00,9466.0,9461.781
2021-04-13 12:00:00,9397.0,9396.261
2021-04-13 13:00:00,9379.0,9389.907
2021-04-13 14:00:00,9397.0,9410.916
2021-04-13 15:00:00,9471.0,9470.331
2021-04-13 16:00:00,9632.0,9613.815
2021-04-13 17:00:00,9625.0,9613.601
2021-04-13 18:00:00,9600.0,9597.861
2021-04-13 19:00:00,9574.0,9572.636
2021-04-13 20:00:00,9376.0,9382.826
2021-04-13 21:00:00,9001.0,9009.802
2021-04-13 22:00:00,9468.5,9444.244
2021-04-13 23:00:00,9468.5,9460.426
2021-04-14 00:00:00,9442.5,9436.976
2021-04-14 01:00:00,9442.5,9430.715
2021-04-14 02:00:00,8905.0,8895.978
2021-04-14 03:00:00,9414.0,9419.137
2021-04-14 04:00:00,9811.0,9791.14
2021-04-14 05:00:00,10050.0,10041.056
2021-04-14 06:00:00,9396.0,9368.183
2021-04-14 07:00:00,10019.0,10013.019
2021-04-14 08:00:00,9788.0,9714.364
2021-04-14 09:00:00,9702.0,9695.543
2021-04-14 10:00:00,9508.0,9501.478
2021-04-14 11:00:00,9378.0,9396.601
2021-04-14 12:00:00,9278.0,9268.058
2021-04-14 13:00:00,9258.0,9267.293
2021-04-14 14:00:00,9272.0,9265.406
2021-04-14 15:00:00,9372.0,9372.4375
2021-04-14 16:00:00,9499.0,9488.988
2021-04-14 17:00:00,9526.0,9519.671
2021-04-14 18:00:00,9495.0,9484.763
2021-04-14 19:00:00,9551.0,9554.689
2021-04-14 20:00:00,9451.0,9442.159
2021-04-14 21:00:00,9077.0,9103.619
2021-04-14 22:00:00,9471.5,9457.552
2021-04-14 23:00:00,9414.5,9406.217
2021-04-15 00:00:00,9411.5,9417.526
2021-04-15 01:00:00,9411.5,9417.547
2021-04-15 02:00:00,9100.0,9097.67
2021-04-15 03:00:00,9565.0,9552.734
2021-04-15 04:00:00,9900.0,9912.146
2021-04-15 05:00:00,9332.5,9344.806
2021-04-15 06:00:00,9775.0,9786.205
2021-04-15 07:00:00,9663.0,9660.107
2021-04-15 08:00:00,9575.0,9576.803
2021-04-15 09:00:00,9492.0,9487.002
2021-04-15 10:00:00,9363.0,9369.96
2021-04-15 11:00:00,9289.0,9293.421
2021-04-15 12:00:00,9182.0,9172.654
2021-04-15 13:00:00,9108.0,9110.814
2021-04-15 14:00:00,9125.0,9121.157
2021-04-15 15:00:00,9145.0,9139.591
2021-04-15 16:00:00,9302.0,9312.078
2021-04-15 17:00:00,9340.0,9346.203
2021-04-15 18:00:00,9391.0,9394.902
2021-04-15 19:00:00,9508.0,9496.6
2021-04-15 20:00:00,9369.0,9369.4795
2021-04-15 21:00:00,9009.0,9002.096
2021-04-15 22:00:00,8710.0,8697.118
2021-04-15 23:00:00,8576.0,8568.384
2021-04-16 00:00:00,8618.0,8615.599
2021-04-16 01:00:00,8792.0,8778.149
2021-04-16 02:00:00,9042.0,9049.295
2021-04-16 03:00:00,9555.0,9538.844
2021-04-16 04:00:00,9834.0,9835.817
2021-04-16 05:00:00,9956.0,9958.728
2021-04-16 06:00:00,9801.0,9818.048
2021-04-16 07:00:00,9680.0,9688.622
2021-04-16 08:00:00,9688.0,9699.987
2021-04-16 09:00:00,9562.0,9550.731
2021-04-16 10:00:00,9318.0,9324.221
2021-04-16 11:00:00,9103.0,9099.969
2021-04-16 12:00:00,9059.0,9065.716
2021-04-16 13:00:00,9017.0,9022.097
2021-04-16 14:00:00,8999.0,9000.805
2021-04-16 15:00:00,9105.0,9103.9
2021-04-16 16:00:00,9203.0,9203.955
2021-04-16 17:00:00,9155.0,9166.877
2021-04-16 18:00:00,9125.0,9127.338
2021-04-16 19:00:00,9234.0,9234.192
2021-04-16 20:00:00,9041.0,9031.485
2021-04-16 21:00:00,8698.0,8679.136
2021-04-16 22:00:00,8698.5,8698.608
2021-04-16 23:00:00,8690.0,8693.756
2021-04-17 00:00:00,8669.0,8673.476
2021-04-17 01:00:00,8374.0,8397.577
2021-04-17 02:00:00,8394.0,8391.43
2021-04-17 03:00:00,8510.0,8496.897
2021-04-17 04:00:00,8560.0,8548.672
2021-04-17 05:00:00,8682.0,8675.999
2021-04-17 06:00:00,8656.0,8646.812
2021-04-17 07:00:00,8699.0,8714.163
2021-04-17 08:00:00,8641.0,8639.268
2021-04-17 09:00:00,8565.0,8561.63
2021-04-17 10:00:00,8460.0,8458.8545
2021-04-17 11:00:00,8378.0,8379.191
2021-04-17 12:00:00,8349.0,8344.456
2021-04-17 13:00:00,8420.0,8412.391
2021-04-17 14:00:00,8544.0,8538.551
2021-04-17 15:00:00,8735.0,8708.502
2021-04-17 16:00:00,8932.0,8924.137
2021-04-17 17:00:00,8770.0,8747.851
2021-04-17 18:00:00,8780.0,8777.3
2021-04-17 19:00:00,8879.0,8869.096
2021-04-17 20:00:00,8811.0,8826.213
2021-04-17 21:00:00,8360.0,8379.429
2021-04-17 22:00:00,8122.0,8146.926
2021-04-17 23:00:00,7962.0,7943.5645
2021-04-18 00:00:00,7923.0,7936.033
2021-04-18 01:00:00,7998.0,7991.114
2021-04-18 02:00:00,7975.0,7958.756
2021-04-18 03:00:00,7998.0,8005.253
2021-04-18 04:00:00,8121.0,8107.7593
2021-04-18 05:00:00,8187.0,8176.657
2021-04-18 06:00:00,8266.0,8275.866
2021-04-18 07:00:00,8302.0,8302.246
2021-04-18 08:00:00,8271.0,8274.697
2021-04-18 09:00:00,8177.0,8180.9175
2021-04-18 10:00:00,8065.0,8066.5723
2021-04-18 11:00:00,7974.0,7984.134
2021-04-18 12:00:00,7944.0,7938.5566
2021-04-18 13:00:00,7930.0,7929.993
2021-04-18 14:00:00,8033.0,8041.7246
2021-04-18 15:00:00,8194.0,8203.762
2021-04-18 16:00:00,8330.0,8320.254
2021-04-18 17:00:00,8387.0,8384.29
2021-04-18 18:00:00,8447.0,8444.766
2021-04-18 19:00:00,8634.0,8630.981
2021-04-18 20:00:00,8508.0,8509.189
2021-04-18 21:00:00,8232.0,8215.77
2021-04-18 22:00:00,8010.0,8005.3228
2021-04-18 23:00:00,7940.0,7925.9854
2021-04-19 00:00:00,7934.0,7916.2627
2021-04-19 01:00:00,8044.0,8043.1704
2021-04-19 02:00:00,8284.0,8294.991
2021-04-19 03:00:00,8843.0,8896.474
2021-04-19 04:00:00,9252.0,9226.843
2021-04-19 05:00:00,9439.0,9441.347
2021-04-19 06:00:00,9380.0,9372.34
2021-04-19 07:00:00,9314.0,9307.344
2021-04-19 08:00:00,9236.0,9223.42
2021-04-19 09:00:00,9154.0,9157.216
2021-04-19 10:00:00,8980.0,8990.535
2021-04-19 11:00:00,8887.0,8879.546
2021-04-19 12:00:00,8790.0,8788.352
2021-04-19 13:00:00,8703.0,8697.384
2021-04-19 14:00:00,8729.0,8721.663
2021-04-19 15:00:00,8687.0,8681.633
2021-04-19 16:00:00,8808.0,8804.443
2021-04-19 17:00:00,8756.0,8744.658
2021-04-19 18:00:00,8774.0,8780.781
2021-04-19 19:00:00,9030.0,9021.232
2021-04-19 20:00:00,8822.0,8822.768
2021-04-19 21:00:00,8401.0,8430.014
2021-04-19 22:00:00,8130.0,8146.7363
2021-04-19 23:00:00,8012.0,8031.2715
2021-04-20 00:00:00,7994.0,7993.791
2021-04-20 01:00:00,8114.0,8109.4956
2021-04-20 02:00:00,8334.0,8311.928
2021-04-20 03:00:00,8940.0,8950.021
2021-04-20 04:00:00,9393.0,9389.153
2021-04-20 05:00:00,9477.0,9494.515
2021-04-20 06:00:00,9397.0,9396.383
2021-04-20 07:00:00,9259.0,9259.095
2021-04-20 08:00:00,9156.0,9170.59
2021-04-20 09:00:00,9098.0,9103.147
2021-04-20 10:00:00,8926.0,8925.865
2021-04-20 11:00:00,8754.0,8737.393
2021-04-20 12:00:00,8716.0,8725.794
2021-04-20 13:00:00,8679.0,8685.24
2021-04-20 14:00:00,8728.0,8724.128
2021-04-20 15:00:00,8700.0,8696.835
2021-04-20 16:00:00,8822.0,8824.112
2021-04-20 17:00:00,8799.0,8798.622
2021-04-20 18:00:00,8782.0,8786.646
2021-04-20 19:00:00,8918.0,8903.965
2021-04-20 20:00:00,8713.0,8702.421
2021-04-20 21:00:00,8258.0,8261.321
2021-04-20 22:00:00,8768.0,8772.061
2021-04-20 23:00:00,8768.0,8776.538
2021-04-21 00:00:00,8769.0,8760.927
2021-04-21 01:00:00,8769.0,8768.542
2021-04-21 02:00:00,8769.0,8769.384
2021-04-21 03:00:00,8783.0,8781.179
2021-04-21 04:00:00,9173.0,9167.583
2021-04-21 05:00:00,9291.0,9314.937
2021-04-21 06:00:00,9244.0,9237.092
2021-04-21 07:00:00,9100.0,9103.501
2021-04-21 08:00:00,9049.0,9061.27
2021-04-21 09:00:00,8965.0,8973.752
2021-04-21 10:00:00,8827.0,8822.628
2021-04-21 11:00:00,8756.0,8759.967
2021-04-21 12:00:00,8744.0,8746.95
2021-04-21 13:00:00,8736.0,8727.301
2021-04-21 14:00:00,8739.0,8733.647
2021-04-21 15:00:00,8844.0,8864.249
2021-04-21 16:00:00,9033.0,9034.133
2021-04-21 17:00:00,9039.0,9038.161
2021-04-21 18:00:00,8918.0,8900.422
2021-04-21 19:00:00,9077.0,9082.323
2021-04-21 20:00:00,8874.0,8883.599
2021-04-21 21:00:00,8519.0,8505.441
2021-04-21 22:00:00,8844.0,8845.469
2021-04-21 23:00:00,8859.0,8855.175
2021-04-22 00:00:00,8896.0,8905.748
2021-04-22 01:00:00,8975.5,8976.414
2021-04-22 02:00:00,9036.0,9036.1455
2021-04-22 03:00:00,8844.0,8830.897
2021-04-22 04:00:00,9157.0,9156.487
2021-04-22 05:00:00,9391.0,9367.934
2021-04-22 06:00:00,9395.0,9383.883
2021-04-22 07:00:00,9306.0,9312.353
2021-04-22 08:00:00,9254.0,9257.222
2021-04-22 09:00:00,9286.0,9287.9795
2021-04-22 10:00:00,9157.0,9145.15
2021-04-22 11:00:00,9115.0,9110.229
2021-04-22 12:00:00,9059.0,9062.468
2021-04-22 13:00:00,9066.0,9069.759
2021-04-22 14:00:00,9124.0,9112.333
2021-04-22 15:00:00,9150.0,9135.375
2021-04-22 16:00:00,9213.0,9213.909
2021-04-22 17:00:00,9208.0,9204.422
2021-04-22 18:00:00,9099.0,9113.412
2021-04-22 19:00:00,9255.0,9280.735
2021-04-22 20:00:00,9144.0,9152.871
2021-04-22 21:00:00,9147.0,9153.096
2021-04-22 22:00:00,9147.0,9140.138
2021-04-22 23:00:00,9147.0,9144.354
2021-04-23 00:00:00,9179.0,9173.486
2021-04-23 01:00:00,9210.5,9201.303
2021-04-23 02:00:00,8629.0,8611.319
2021-04-23 03:00:00,9277.0,9277.46
2021-04-23 04:00:00,9776.0,9795.593
2021-04-23 05:00:00,10066.0,10065.176
2021-04-23 06:00:00,10216.0,10224.444
2021-04-23 07:00:00,10308.0,10307.453
2021-04-23 08:00:00,10325.0,10312.125
2021-04-23 09:00:00,10310.0,10296.541
2021-04-23 10:00:00,10198.0,10201.767
2021-04-23 11:00:00,10066.0,10066.854
2021-04-23 12:00:00,9920.0,9915.803
2021-04-23 13:00:00,10019.0,10021.951
2021-04-23 14:00:00,10120.0,10116.145
2021-04-23 15:00:00,10046.0,10029.902
2021-04-23 16:00:00,10102.0,10102.496
2021-04-23 17:00:00,9896.0,9911.1045
2021-04-23 18:00:00,9642.0,9648.614
2021-04-23 19:00:00,9730.0,9731.852
2021-04-23 20:00:00,9506.0,9516.637
2021-04-23 21:00:00,9097.0,9121.939
2021-04-23 22:00:00,9436.0,9447.4795
2021-04-23 23:00:00,9401.0,9399.997
2021-04-24 00:00:00,9332.0,9326.95
2021-04-24 01:00:00,9289.5,9290.212
2021-04-24 02:00:00,9289.5,9295.469
2021-04-24 03:00:00,9289.5,9281.019
2021-04-24 04:00:00,9289.5,9279.931
2021-04-24 05:00:00,9045.0,9051.753
2021-04-24 06:00:00,9292.0,9295.059
2021-04-24 07:00:00,9430.0,9420.635
2021-04-24 08:00:00,9442.0,9439.749
2021-04-24 09:00:00,9372.0,9375.653
2021-04-24 10:00:00,9287.0,9299.429
2021-04-24 11:00:00,9187.0,9186.003
2021-04-24 12:00:00,9250.0,9264.571
2021-04-24 13:00:00,9384.0,9376.991
2021-04-24 14:00:00,9588.0,9577.282
2021-04-24 15:00:00,9749.0,9745.825
2021-04-24 16:00:00,9768.0,9760.196
2021-04-24 17:00:00,9543.0,9556.296
2021-04-24 18:00:00,9281.0,9289.306
2021-04-24 19:00:00,9429.0,9451.865
2021-04-24 20:00:00,9262.0,9254.293
2021-04-24 21:00:00,8872.0,8873.457
2021-04-24 22:00:00,8512.0,8508.569
2021-04-24 23:00:00,8306.0,8317.205
2021-04-25 00:00:00,8222.0,8232.416
2021-04-25 01:00:00,8224.0,8225.549
2021-04-25 02:00:00,8958.0,8869.465
2021-04-25 03:00:00,8958.0,8977.732
2021-04-25 04:00:00,8274.0,8329.294
2021-04-25 05:00:00,8560.0,8580.191
2021-04-25 06:00:00,8853.0,8882.399
2021-04-25 07:00:00,8918.0,8933.595
2021-04-25 08:00:00,9045.0,9051.528
2021-04-25 09:00:00,9021.0,9025.9
2021-04-25 10:00:00,8992.0,8986.732
2021-04-25 11:00:00,8954.0,8959.662
2021-04-25 12:00:00,8962.0,8970.523
2021-04-25 13:00:00,9080.0,9099.079
2021-04-25 14:00:00,9189.0,9191.53
2021-04-25 15:00:00,9350.0,9361.642
2021-04-25 16:00:00,9448.0,9457.017
2021-04-25 17:00:00,9390.0,9406.948
2021-04-25 18:00:00,9265.0,9268.055
2021-04-25 19:00:00,9554.0,9535.256
2021-04-25 20:00:00,9432.0,9440.65
2021-04-25 21:00:00,9102.0,9114.334
2021-04-25 22:00:00,8752.0,8756.456
2021-04-25 23:00:00,8548.0,8528.734
2021-04-26 00:00:00,8521.0,8514.952
2021-04-26 01:00:00,8615.0,8605.994
2021-04-26 02:00:00,8801.0,8792.261
2021-04-26 03:00:00,9466.0,9444.859
2021-04-26 04:00:00,9937.0,9913.472
2021-04-26 05:00:00,10264.0,10251.694
2021-04-26 06:00:00,10368.0,10367.999
2021-04-26 07:00:00,10389.0,10381.901
2021-04-26 08:00:00,10368.0,10375.461
2021-04-26 09:00:00,10282.0,10281.479
2021-04-26 10:00:00,10154.0,10157.789
2021-04-26 11:00:00,10083.0,10084.313
2021-04-26 12:00:00,10054.0,10037.387
2021-04-26 13:00:00,9900.0,9903.536
2021-04-26 14:00:00,9860.0,9861.057
2021-04-26 15:00:00,9786.0,9802.699
2021-04-26 16:00:00,9904.0,9932.442
2021-04-26 17:00:00,9748.0,9752.1045
2021-04-26 18:00:00,9635.0,9641.266
2021-04-26 19:00:00,9730.0,9736.735
2021-04-26 20:00:00,9522.0,9517.787
2021-04-26 21:00:00,9767.0,9766.307
2021-04-26 22:00:00,9767.0,9770.865
2021-04-26 23:00:00,9761.0,9756.779
2021-04-27 00:00:00,9744.0,9747.387
2021-04-27 01:00:00,9744.0,9745.862
2021-04-27 02:00:00,9744.0,9746.028
2021-04-27 03:00:00,9744.0,9744.131
2021-04-27 04:00:00,9728.0,9723.959
2021-04-27 05:00:00,9925.0,9920.078
2021-04-27 06:00:00,9956.0,9952.665
2021-04-27 07:00:00,9900.0,9899.76
2021-04-27 08:00:00,9896.0,9901.139
2021-04-27 09:00:00,9854.0,9851.12
2021-04-27 10:00:00,9774.0,9757.666
2021-04-27 11:00:00,9740.0,9737.079
2021-04-27 12:00:00,9752.0,9741.711
2021-04-27 13:00:00,9772.0,9758.984
2021-04-27 14:00:00,9820.0,9825.399
2021-04-27 15:00:00,9860.0,9869.979
2021-04-27 16:00:00,9975.0,9976.29
2021-04-27 17:00:00,9920.0,9919.735
2021-04-27 18:00:00,9666.0,9673.521
2021-04-27 19:00:00,9871.0,9890.514
2021-04-27 20:00:00,9637.0,9623.848
2021-04-27 21:00:00,9773.0,9786.616
2021-04-27 22:00:00,9773.0,9767.694
2021-04-27 23:00:00,9762.0,9762.259
2021-04-28 00:00:00,9762.0,9777.468
2021-04-28 01:00:00,9740.0,9737.917
2021-04-28 02:00:00,9688.0,9695.537
2021-04-28 03:00:00,9536.0,9544.564
2021-04-28 04:00:00,9839.0,9873.877
2021-04-28 05:00:00,9995.0,10019.636
2021-04-28 06:00:00,9981.0,9964.6455
2021-04-28 07:00:00,9916.0,9928.232
2021-04-28 08:00:00,9867.0,9864.765
2021-04-28 09:00:00,9851.0,9838.634
2021-04-28 10:00:00,9708.0,9699.769
2021-04-28 11:00:00,9668.0,9659.384
2021-04-28 12:00:00,9534.0,9536.45
2021-04-28 13:00:00,9464.0,9469.78
2021-04-28 14:00:00,9563.0,9567.955
2021-04-28 15:00:00,9587.0,9583.713
2021-04-28 16:00:00,9768.0,9762.268
2021-04-28 17:00:00,9718.0,9712.576
2021-04-28 18:00:00,9487.0,9495.451
2021-04-28 19:00:00,9757.0,9779.367
2021-04-28 20:00:00,9598.0,9596.612
2021-04-28 21:00:00,9172.0,9151.084
2021-04-28 22:00:00,9633.0,9618.727
2021-04-28 23:00:00,9633.0,9640.197
2021-04-29 00:00:00,9604.5,9607.769
2021-04-29 01:00:00,9604.5,9604.318
2021-04-29 02:00:00,9020.0,9044.466
2021-04-29 03:00:00,9705.0,9660.087
2021-04-29 04:00:00,10020.0,9991.08
2021-04-29 05:00:00,10150.0,10141.982
2021-04-29 06:00:00,10144.0,10137.417
2021-04-29 07:00:00,9996.0,9985.285
2021-04-29 08:00:00,9922.0,9929.876
2021-04-29 09:00:00,9833.0,9832.525
2021-04-29 10:00:00,9683.0,9681.554
2021-04-29 11:00:00,9611.0,9604.553
2021-04-29 12:00:00,9546.0,9566.529
2021-04-29 13:00:00,9484.0,9472.803
2021-04-29 14:00:00,9470.0,9463.71
2021-04-29 15:00:00,9479.0,9483.782
2021-04-29 16:00:00,9551.0,9535.731
2021-04-29 17:00:00,9585.0,9589.128
2021-04-29 18:00:00,9535.0,9519.54
2021-04-29 19:00:00,9848.0,9873.846
2021-04-29 20:00:00,9725.0,9698.093
2021-04-29 21:00:00,9318.0,9318.053
2021-04-29 22:00:00,8989.0,8994.359
2021-04-29 23:00:00,8892.0,8887.289
2021-04-30 00:00:00,8880.0,8886.17
2021-04-30 01:00:00,9015.0,9030.584
2021-04-30 02:00:00,9128.0,9131.32
2021-04-30 03:00:00,9758.0,9756.238
2021-04-30 04:00:00,10012.0,10035.243
2021-04-30 05:00:00,10169.0,10168.482
2021-04-30 06:00:00,10118.0,10109.169
2021-04-30 07:00:00,9994.0,9994.413
2021-04-30 08:00:00,9916.0,9920.8125
2021-04-30 09:00:00,9817.0,9809.218
2021-04-30 10:00:00,9656.0,9652.378
2021-04-30 11:00:00,9420.0,9423.93
2021-04-30 12:00:00,9364.0,9362.556
2021-04-30 13:00:00,9331.0,9322.602
2021-04-30 14:00:00,9340.0,9334.928
2021-04-30 15:00:00,9344.0,9346.51
2021-04-30 16:00:00,9333.0,9329.74
2021-04-30 17:00:00,9265.0,9277.2295
2021-04-30 18:00:00,9091.0,9106.301
2021-04-30 19:00:00,9540.0,9523.333
2021-04-30 20:00:00,9441.0,9450.6045
2021-04-30 21:00:00,9102.0,9117.99
2021-04-30 22:00:00,8772.0,8769.2295
2021-04-30 23:00:00,8588.0,8575.568
2021-05-01 00:00:00,8534.0,8537.112
2021-05-01 01:00:00,8553.0,8546.071
2021-05-01 02:00:00,8438.0,8448.356
2021-05-01 03:00:00,8528.0,8536.441
2021-05-01 04:00:00,8545.0,8538.614
2021-05-01 05:00:00,8660.0,8662.26
2021-05-01 06:00:00,8735.0,8736.484
2021-05-01 07:00:00,8866.0,8863.464
2021-05-01 08:00:00,8972.0,8970.1045
2021-05-01 09:00:00,8961.0,8957.278
2021-05-01 10:00:00,8735.0,8727.798
2021-05-01 11:00:00,8683.0,8682.648
2021-05-01 12:00:00,8710.0,8701.02
2021-05-01 13:00:00,8792.0,8788.36
2021-05-01 14:00:00,9034.0,9029.903
2021-05-01 15:00:00,9243.0,9236.631
2021-05-01 16:00:00,8763.5,8776.424
2021-05-01 17:00:00,9251.0,9253.586
2021-05-01 18:00:00,8997.0,8951.431
2021-05-01 19:00:00,8763.5,8760.849
2021-05-01 20:00:00,8722.5,8733.543
2021-05-01 21:00:00,9006.0,8991.978
2021-05-01 22:00:00,8655.0,8641.333
2021-05-01 23:00:00,8518.0,8529.562
2021-05-02 00:00:00,8546.0,8544.084
2021-05-02 01:00:00,8537.0,8541.305
2021-05-02 02:00:00,8443.0,8440.816
2021-05-02 03:00:00,8487.0,8483.883
2021-05-02 04:00:00,8512.0,8509.65
2021-05-02 05:00:00,8574.0,8580.69
2021-05-02 06:00:00,8677.0,8690.757
2021-05-02 07:00:00,8671.0,8683.572
2021-05-02 08:00:00,8685.0,8698.977
2021-05-02 09:00:00,8708.0,8703.082
2021-05-02 10:00:00,8620.0,8612.408
2021-05-02 11:00:00,8550.0,8548.408
2021-05-02 12:00:00,8552.0,8545.326
2021-05-02 13:00:00,8561.0,8568.591
2021-05-02 14:00:00,8658.0,8664.046
2021-05-02 15:00:00,8783.0,8778.448
2021-05-02 16:00:00,8926.0,8945.973
2021-05-02 17:00:00,8914.0,8915.224
2021-05-02 18:00:00,8741.0,8739.162
2021-05-02 19:00:00,9172.0,9159.02
2021-05-02 20:00:00,9155.0,9162.336
2021-05-02 21:00:00,8863.0,8848.48
2021-05-02 22:00:00,8562.0,8541.288
2021-05-02 23:00:00,8447.0,8445.061
2021-05-03 00:00:00,8490.0,8478.723
2021-05-03 01:00:00,8554.0,8551.431
2021-05-03 02:00:00,8668.0,8671.773
2021-05-03 03:00:00,9284.0,9290.566
2021-05-03 04:00:00,9721.0,9770.571
2021-05-03 05:00:00,9910.0,9927.585
2021-05-03 06:00:00,9866.0,9846.6875
2021-05-03 07:00:00,9754.0,9769.312
2021-05-03 08:00:00,9704.0,9715.914
2021-05-03 09:00:00,9691.0,9678.255
2021-05-03 10:00:00,9598.0,9590.652
2021-05-03 11:00:00,9528.0,9536.418
2021-05-03 12:00:00,9399.0,9400.713
2021-05-03 13:00:00,9349.0,9350.5205
2021-05-03 14:00:00,9319.0,9317.629
2021-05-03 15:00:00,9146.0,9161.087
2021-05-03 16:00:00,9238.0,9268.008
2021-05-03 17:00:00,9204.0,9196.737
2021-05-03 18:00:00,8926.0,8948.357
2021-05-03 19:00:00,9241.0,9259.029
2021-05-03 20:00:00,9091.0,9085.405
2021-05-03 21:00:00,8679.0,8671.186
2021-05-03 22:00:00,8458.0,8454.03
2021-05-03 23:00:00,9233.5,9202.341
2021-05-04 00:00:00,9216.5,9223.741
2021-05-04 01:00:00,9175.0,9177.646
2021-05-04 02:00:00,9132.5,9132.601
2021-05-04 03:00:00,8953.0,8919.404
2021-05-04 04:00:00,9388.0,9380.729
2021-05-04 05:00:00,9568.0,9560.465
2021-05-04 06:00:00,9497.0,9500.607
2021-05-04 07:00:00,9374.0,9376.89
2021-05-04 08:00:00,9408.0,9430.258
2021-05-04 09:00:00,9353.0,9334.412
2021-05-04 10:00:00,9229.0,9252.761
2021-05-04 11:00:00,9053.0,9045.159
2021-05-04 12:00:00,9119.0,9121.9
2021-05-04 13:00:00,9081.0,9077.393
2021-05-04 14:00:00,9171.0,9170.336
2021-05-04 15:00:00,9112.0,9122.607
2021-05-04 16:00:00,9204.0,9216.208
2021-05-04 17:00:00,9148.0,9160.871
2021-05-04 18:00:00,8965.0,8956.447
2021-05-04 19:00:00,9198.0,9198.146
2021-05-04 20:00:00,9034.0,9018.981
2021-05-04 21:00:00,9115.5,9108.112
2021-05-04 22:00:00,9115.5,9109.435
2021-05-04 23:00:00,9115.5,9110.031
2021-05-05 00:00:00,9133.5,9135.745
2021-05-05 01:00:00,9159.5,9150.133
2021-05-05 02:00:00,9184.5,9182.286
2021-05-05 03:00:00,8988.0,8984.59
2021-05-05 04:00:00,9447.0,9432.568
2021-05-05 05:00:00,9667.0,9668.002
2021-05-05 06:00:00,9573.0,9561.607
2021-05-05 07:00:00,9568.0,9574.965
2021-05-05 08:00:00,9654.0,9658.489
2021-05-05 09:00:00,9805.0,9799.358
2021-05-05 10:00:00,9631.0,9627.701
2021-05-05 11:00:00,9635.0,9658.548
2021-05-05 12:00:00,9661.0,9665.038
2021-05-05 13:00:00,9660.0,9656.404
2021-05-05 14:00:00,9773.0,9774.039
2021-05-05 15:00:00,9891.0,9888.16
2021-05-05 16:00:00,9893.0,9888.232
2021-05-05 17:00:00,9764.0,9779.289
2021-05-05 18:00:00,9467.0,9472.036
2021-05-05 19:00:00,9595.0,9592.013
2021-05-05 20:00:00,9372.0,9383.112
2021-05-05 21:00:00,8953.0,8946.487
2021-05-05 22:00:00,9647.5,9630.753
2021-05-05 23:00:00,9660.5,9663.641
2021-05-06 00:00:00,9686.5,9692.958
2021-05-06 01:00:00,9738.0,9724.593
2021-05-06 02:00:00,9768.0,9768.382
2021-05-06 03:00:00,9250.0,9253.66
2021-05-06 04:00:00,9712.0,9702.925
2021-05-06 05:00:00,9993.0,9975.5205
2021-05-06 06:00:00,10108.0,10099.854
2021-05-06 07:00:00,10171.0,10179.831
2021-05-06 08:00:00,10073.0,10078.62
2021-05-06 09:00:00,9917.0,9926.36
2021-05-06 10:00:00,9886.0,9873.004
2021-05-06 11:00:00,9825.0,9822.013
2021-05-06 12:00:00,9797.0,9788.3955
2021-05-06 13:00:00,9772.0,9776.014
2021-05-06 14:00:00,9761.0,9753.871
2021-05-06 15:00:00,9709.0,9708.003
2021-05-06 16:00:00,9799.0,9787.142
2021-05-06 17:00:00,9695.0,9684.357
2021-05-06 18:00:00,9388.0,9380.314
2021-05-06 19:00:00,9579.0,9582.921
2021-05-06 20:00:00,9439.0,9419.82
2021-05-06 21:00:00,9735.0,9735.864
2021-05-06 22:00:00,9735.0,9751.8955
2021-05-06 23:00:00,9735.0,9747.439
2021-05-07 00:00:00,9735.0,9745.457
2021-05-07 01:00:00,9735.0,9747.074
2021-05-07 02:00:00,9735.0,9746.2295
2021-05-07 03:00:00,9405.0,9414.933
2021-05-07 04:00:00,9792.0,9800.928
2021-05-07 05:00:00,10012.0,9989.836
2021-05-07 06:00:00,9974.0,9969.936
2021-05-07 07:00:00,9973.0,9985.084
2021-05-07 08:00:00,10060.0,10058.975
2021-05-07 09:00:00,10077.0,10075.395
2021-05-07 10:00:00,9993.0,9993.534
2021-05-07 11:00:00,9964.0,9963.901
2021-05-07 12:00:00,9969.0,9964.937
2021-05-07 13:00:00,9895.0,9883.78
2021-05-07 14:00:00,9918.0,9913.536
2021-05-07 15:00:00,9911.0,9909.255
2021-05-07 16:00:00,9835.0,9837.524
2021-05-07 17:00:00,9710.0,9701.633
2021-05-07 18:00:00,9493.0,9507.399
2021-05-07 19:00:00,9751.0,9762.978
2021-05-07 20:00:00,9562.0,9536.174
2021-05-07 21:00:00,9066.0,9068.505
2021-05-07 22:00:00,8701.0,8692.299
2021-05-07 23:00:00,9037.5,9052.601
2021-05-08 00:00:00,9021.5,9006.869
2021-05-08 01:00:00,8970.0,8972.517
2021-05-08 02:00:00,8931.5,8941.851
2021-05-08 03:00:00,8931.5,8936.847
2021-05-08 04:00:00,8608.0,8595.597
2021-05-08 05:00:00,8755.0,8776.955
2021-05-08 06:00:00,8933.0,8926.454
2021-05-08 07:00:00,9036.0,9032.758
2021-05-08 08:00:00,9039.0,9030.644
2021-05-08 09:00:00,9007.0,8991.621
2021-05-08 10:00:00,8913.0,8910.677
2021-05-08 11:00:00,8885.0,8876.339
2021-05-08 12:00:00,8888.0,8885.452
2021-05-08 13:00:00,8930.0,8936.579
2021-05-08 14:00:00,9096.0,9104.644
2021-05-08 15:00:00,9280.0,9293.164
2021-05-08 16:00:00,9360.0,9382.24
2021-05-08 17:00:00,9170.0,9175.966
2021-05-08 18:00:00,8868.0,8922.009
2021-05-08 19:00:00,9180.0,9170.052
2021-05-08 20:00:00,9151.0,9142.719
2021-05-08 21:00:00,8742.0,8728.933
2021-05-08 22:00:00,8428.0,8425.536
2021-05-08 23:00:00,8241.0,8227.562
2021-05-09 00:00:00,8150.0,8135.7407
2021-05-09 01:00:00,8131.0,8135.0195
2021-05-09 02:00:00,8051.0,8039.755
2021-05-09 03:00:00,8104.0,8106.7104
2021-05-09 04:00:00,8168.0,8152.0884
2021-05-09 05:00:00,8332.0,8339.289
2021-05-09 06:00:00,8460.0,8448.946
2021-05-09 07:00:00,8457.0,8462.424
2021-05-09 08:00:00,8473.0,8478.95
2021-05-09 09:00:00,8438.0,8438.152
2021-05-09 10:00:00,8302.0,8311.141
2021-05-09 11:00:00,8276.0,8286.782
2021-05-09 12:00:00,8252.0,8254.328
2021-05-09 13:00:00,8246.0,8247.128
2021-05-09 14:00:00,8316.0,8313.336
2021-05-09 15:00:00,8472.0,8480.27
2021-05-09 16:00:00,8580.0,8584.291
2021-05-09 17:00:00,8614.0,8622.842
2021-05-09 18:00:00,8447.0,8443.832
2021-05-09 19:00:00,8777.0,8760.079
2021-05-09 20:00:00,8787.0,8796.175
2021-05-09 21:00:00,8387.0,8396.918
2021-05-09 22:00:00,8083.0,8070.7183
2021-05-09 23:00:00,7976.0,7969.2974
2021-05-10 00:00:00,7946.0,7951.3047
2021-05-10 01:00:00,7958.0,7955.752
2021-05-10 02:00:00,8085.0,8092.417
2021-05-10 03:00:00,8767.0,8749.437
2021-05-10 04:00:00,9284.0,9276.936
2021-05-10 05:00:00,9620.0,9672.177
2021-05-10 06:00:00,9769.0,9758.094
2021-05-10 07:00:00,9769.0,9784.479
2021-05-10 08:00:00,9841.0,9848.192
2021-05-10 09:00:00,9848.0,9841.186
2021-05-10 10:00:00,9677.0,9683.794
2021-05-10 11:00:00,9626.0,9622.668
2021-05-10 12:00:00,9558.0,9555.552
2021-05-10 13:00:00,9428.0,9434.408
2021-05-10 14:00:00,9360.0,9355.939
2021-05-10 15:00:00,9216.0,9237.161
2021-05-10 16:00:00,9205.0,9219.872
2021-05-10 17:00:00,9108.0,9117.819
2021-05-10 18:00:00,8797.0,8772.468
2021-05-10 19:00:00,8987.0,9009.159
2021-05-10 20:00:00,8813.0,8814.911
2021-05-10 21:00:00,8334.0,8306.233
2021-05-10 22:00:00,8956.0,8968.38
2021-05-10 23:00:00,8940.5,8934.53
2021-05-11 00:00:00,8877.0,8876.205
2021-05-11 01:00:00,8820.5,8820.176
2021-05-11 02:00:00,8808.5,8811.875
2021-05-11 03:00:00,8393.0,8381.182
2021-05-11 04:00:00,8828.0,8825.704
2021-05-11 05:00:00,9045.0,9044.538
2021-05-11 06:00:00,9048.0,9064.6455
2021-05-11 07:00:00,8957.0,8971.229
2021-05-11 08:00:00,8955.0,8961.421
2021-05-11 09:00:00,8926.0,8907.485
2021-05-11 10:00:00,8804.0,8797.58
2021-05-11 11:00:00,8768.0,8774.05
2021-05-11 12:00:00,8668.0,8675.836
2021-05-11 13:00:00,8704.0,8707.04
2021-05-11 14:00:00,8792.0,8786.49
2021-05-11 15:00:00,8760.0,8750.888
2021-05-11 16:00:00,8824.0,8832.332
2021-05-11 17:00:00,8771.0,8765.092
2021-05-11 18:00:00,8432.0,8426.99
2021-05-11 19:00:00,8611.0,8608.607
2021-05-11 20:00:00,8491.0,8489.524
2021-05-11 21:00:00,8686.0,8649.079
2021-05-11 22:00:00,8686.0,8679.4375
2021-05-11 23:00:00,8686.0,8693.853
2021-05-12 00:00:00,8686.0,8690.15
2021-05-12 01:00:00,8721.0,8717.376
2021-05-12 02:00:00,8728.5,8723.121
2021-05-12 03:00:00,8219.0,8199.383
2021-05-12 04:00:00,8591.0,8584.954
2021-05-12 05:00:00,8738.0,8726.478
2021-05-12 06:00:00,8771.0,8769.357
2021-05-12 07:00:00,8827.0,8826.767
2021-05-12 08:00:00,8861.0,8861.664
2021-05-12 09:00:00,8840.0,8848.254
2021-05-12 10:00:00,8781.0,8779.528
2021-05-12 11:00:00,8804.0,8804.507
2021-05-12 12:00:00,8777.0,8770.107
2021-05-12 13:00:00,8719.0,8719.177
2021-05-12 14:00:00,8653.0,8657.759
2021-05-12 15:00:00,8598.0,8596.109
2021-05-12 16:00:00,8658.0,8670.569
2021-05-12 17:00:00,8571.0,8559.519
2021-05-12 18:00:00,8315.0,8302.395
2021-05-12 19:00:00,8524.0,8513.575
2021-05-12 20:00:00,8297.0,8304.816
2021-05-12 21:00:00,7842.0,7853.574
2021-05-12 22:00:00,8340.0,8311.833
2021-05-12 23:00:00,8327.0,8320.686
2021-05-13 00:00:00,8318.5,8330.736
2021-05-13 01:00:00,8309.0,8303.07
2021-05-13 02:00:00,8304.5,8309.486
2021-05-13 03:00:00,8304.5,8308.054
2021-05-13 04:00:00,8304.5,8307.531
2021-05-13 05:00:00,8026.0,8030.986
2021-05-13 06:00:00,8244.0,8231.896
2021-05-13 07:00:00,8365.0,8363.018
2021-05-13 08:00:00,8424.0,8416.5625
2021-05-13 09:00:00,8426.0,8417.069
2021-05-13 10:00:00,8339.0,8349.82
2021-05-13 11:00:00,8322.0,8310.679
2021-05-13 12:00:00,8303.0,8305.602
2021-05-13 13:00:00,8306.0,8302.742
2021-05-13 14:00:00,8346.0,8341.95
2021-05-13 15:00:00,8319.0,8308.356
2021-05-13 16:00:00,8301.0,8299.543
2021-05-13 17:00:00,8241.0,8250.71
2021-05-13 18:00:00,7934.0,7954.9194
2021-05-13 19:00:00,8106.0,8105.5664
2021-05-13 20:00:00,7977.0,7963.456
2021-05-13 21:00:00,8271.0,8282.587
2021-05-13 22:00:00,8271.0,8269.217
2021-05-13 23:00:00,8271.0,8267.8125
2021-05-14 00:00:00,8271.0,8265.845
2021-05-14 01:00:00,8271.0,8266.797
2021-05-14 02:00:00,8271.0,8268.009
2021-05-14 03:00:00,8271.0,8268.186
2021-05-14 04:00:00,8112.0,8115.1436
2021-05-14 05:00:00,8351.0,8352.571
2021-05-14 06:00:00,8524.0,8518.054
2021-05-14 07:00:00,8534.0,8533.435
2021-05-14 08:00:00,8636.0,8644.02
2021-05-14 09:00:00,8585.0,8578.118
2021-05-14 10:00:00,8474.0,8474.84
2021-05-14 11:00:00,8398.0,8396.083
2021-05-14 12:00:00,8434.0,8428.124
2021-05-14 13:00:00,8393.0,8388.98
2021-05-14 14:00:00,8414.0,8408.602
2021-05-14 15:00:00,8478.0,8478.382
2021-05-14 16:00:00,8509.0,8502.692
2021-05-14 17:00:00,8394.0,8410.759
2021-05-14 18:00:00,8127.0,8154.8037
2021-05-14 19:00:00,8310.0,8331.503
2021-05-14 20:00:00,8073.0,8069.0405
2021-05-14 21:00:00,7624.0,7643.051
2021-05-14 22:00:00,8068.0,8067.786
2021-05-14 23:00:00,8036.0,8030.6416
2021-05-15 00:00:00,7998.5,7999.1733
2021-05-15 01:00:00,7959.5,7961.4297
2021-05-15 02:00:00,7959.5,7960.8857
2021-05-15 03:00:00,7959.5,7965.5225
2021-05-15 04:00:00,7351.0,7382.817
2021-05-15 05:00:00,7634.0,7666.017
2021-05-15 06:00:00,7821.0,7808.5977
2021-05-15 07:00:00,7988.0,7981.0317
2021-05-15 08:00:00,8086.0,8079.07
2021-05-15 09:00:00,8063.0,8042.4717
2021-05-15 10:00:00,8009.0,8017.308
2021-05-15 11:00:00,7892.0,7901.1826
2021-05-15 12:00:00,7931.0,7935.8965
2021-05-15 13:00:00,8096.0,8097.919
2021-05-15 14:00:00,8187.0,8196.867
2021-05-15 15:00:00,8321.0,8322.395
2021-05-15 16:00:00,8377.0,8368.279
2021-05-15 17:00:00,8159.0,8130.695
2021-05-15 18:00:00,7890.0,7916.844
2021-05-15 19:00:00,8119.0,8119.135
2021-05-15 20:00:00,8048.0,8043.7637
2021-05-15 21:00:00,7581.0,7575.6943
2021-05-15 22:00:00,7240.0,7218.464
2021-05-15 23:00:00,7854.5,7845.008
2021-05-16 00:00:00,7814.0,7826.33
2021-05-16 01:00:00,7763.0,7767.74
2021-05-16 02:00:00,7740.0,7749.081
2021-05-16 03:00:00,7740.0,7748.7935
2021-05-16 04:00:00,7156.0,7206.503
2021-05-16 05:00:00,7417.0,7405.0576
2021-05-16 06:00:00,7631.0,7673.753
2021-05-16 07:00:00,7825.0,7812.8125
2021-05-16 08:00:00,7920.0,7914.0396
2021-05-16 09:00:00,7884.0,7881.4336
2021-05-16 10:00:00,7803.0,7818.736
2021-05-16 11:00:00,7723.0,7745.1343
2021-05-16 12:00:00,7672.0,7659.5366
2021-05-16 13:00:00,7757.0,7763.15
2021-05-16 14:00:00,7924.0,7932.328
2021-05-16 15:00:00,7980.0,7980.5293
2021-05-16 16:00:00,8076.0,8076.4473
2021-05-16 17:00:00,8057.0,8056.046
2021-05-16 18:00:00,7804.0,7782.435
2021-05-16 19:00:00,8084.0,8074.5195
2021-05-16 20:00:00,8109.0,8127.8115
2021-05-16 21:00:00,7724.0,7725.376
2021-05-16 22:00:00,7483.0,7474.035
2021-05-16 23:00:00,8018.5,8053.064
2021-05-17 00:00:00,8066.5,8052.2715
2021-05-17 01:00:00,8080.0,8090.703
2021-05-17 02:00:00,8087.0,8108.178
2021-05-17 03:00:00,8090.0,8100.7607
2021-05-17 04:00:00,8595.0,8542.672
2021-05-17 05:00:00,8867.0,8869.924
2021-05-17 06:00:00,8900.0,8901.009
2021-05-17 07:00:00,8932.0,8922.771
2021-05-17 08:00:00,9021.0,9010.276
2021-05-17 09:00:00,9009.0,9008.235
2021-05-17 10:00:00,8828.0,8815.871
2021-05-17 11:00:00,8741.0,8742.249
2021-05-17 12:00:00,8913.0,8916.076
2021-05-17 13:00:00,8931.0,8923.94
2021-05-17 14:00:00,8876.0,8886.332
2021-05-17 15:00:00,8802.0,8810.568
2021-05-17 16:00:00,8847.0,8851.285
2021-05-17 17:00:00,8720.0,8716.572
2021-05-17 18:00:00,8410.0,8417.38
2021-05-17 19:00:00,8436.0,8429.607
2021-05-17 20:00:00,8323.0,8325.399
2021-05-17 21:00:00,8730.5,8701.972
2021-05-17 22:00:00,8730.5,8716.244
2021-05-17 23:00:00,8730.5,8727.737
2021-05-18 00:00:00,8706.0,8699.877
2021-05-18 01:00:00,8706.0,8701.033
2021-05-18 02:00:00,8706.0,8701.696
2021-05-18 03:00:00,8068.0,8080.553
2021-05-18 04:00:00,8556.0,8554.054
2021-05-18 05:00:00,8845.0,8832.279
2021-05-18 06:00:00,8920.0,8917.31
2021-05-18 07:00:00,8985.0,8986.54
2021-05-18 08:00:00,8968.0,8966.535
2021-05-18 09:00:00,8961.0,8965.452
2021-05-18 10:00:00,8763.0,8759.575
2021-05-18 11:00:00,8692.0,8695.972
2021-05-18 12:00:00,8785.0,8783.988
2021-05-18 13:00:00,8750.0,8742.102
2021-05-18 14:00:00,8732.0,8738.441
2021-05-18 15:00:00,8695.0,8694.364
2021-05-18 16:00:00,8745.0,8736.378
2021-05-18 17:00:00,8669.0,8661.653
2021-05-18 18:00:00,8357.0,8378.715
2021-05-18 19:00:00,8460.0,8444.166
2021-05-18 20:00:00,8278.0,8263.658
2021-05-18 21:00:00,8680.5,8658.553
2021-05-18 22:00:00,8680.5,8683.97
2021-05-18 23:00:00,8680.5,8684.068
2021-05-19 00:00:00,8682.0,8681.899
2021-05-19 01:00:00,8682.0,8683.173
2021-05-19 02:00:00,8682.0,8683.598
2021-05-19 03:00:00,8682.0,8685.204
2021-05-19 04:00:00,8513.0,8503.631
2021-05-19 05:00:00,8852.0,8843.308
2021-05-19 06:00:00,8982.0,8982.358
2021-05-19 07:00:00,9027.0,9029.809
2021-05-19 08:00:00,9115.0,9107.18
2021-05-19 09:00:00,9159.0,9160.733
2021-05-19 10:00:00,8970.0,8951.547
2021-05-19 11:00:00,8890.0,8899.625
2021-05-19 12:00:00,8870.0,8873.399
2021-05-19 13:00:00,8866.0,8864.62
2021-05-19 14:00:00,8881.0,8879.976
2021-05-19 15:00:00,8926.0,8926.454
2021-05-19 16:00:00,8903.0,8898.055
2021-05-19 17:00:00,8815.0,8816.531
2021-05-19 18:00:00,8412.0,8433.535
2021-05-19 19:00:00,8478.0,8491.973
2021-05-19 20:00:00,8369.0,8360.0
2021-05-19 21:00:00,7929.0,7924.2305
2021-05-19 22:00:00,8803.5,8836.482
2021-05-19 23:00:00,8801.0,8783.1455
2021-05-20 00:00:00,8746.0,8745.268
2021-05-20 01:00:00,8662.0,8656.034
2021-05-20 02:00:00,8627.5,8635.273
2021-05-20 03:00:00,8016.0,8025.543
2021-05-20 04:00:00,8515.0,8504.751
2021-05-20 05:00:00,8792.0,8772.825
2021-05-20 06:00:00,8883.0,8885.171
2021-05-20 07:00:00,8934.0,8936.648
2021-05-20 08:00:00,8916.0,8919.344
2021-05-20 09:00:00,8904.0,8913.13
2021-05-20 10:00:00,8810.0,8810.365
2021-05-20 11:00:00,8700.0,8678.992
2021-05-20 12:00:00,8624.0,8621.059
2021-05-20 13:00:00,8631.0,8636.406
2021-05-20 14:00:00,8686.0,8691.298
2021-05-20 15:00:00,8648.0,8652.299
2021-05-20 16:00:00,8734.0,8739.036
2021-05-20 17:00:00,8731.0,8737.065
2021-05-20 18:00:00,8412.0,8425.989
2021-05-20 19:00:00,8490.0,8500.026
2021-05-20 20:00:00,8473.0,8473.704
2021-05-20 21:00:00,8639.5,8640.335
2021-05-20 22:00:00,8639.5,8624.81
2021-05-20 23:00:00,8639.5,8652.834
2021-05-21 00:00:00,8639.5,8648.509
2021-05-21 01:00:00,8667.0,8670.942
2021-05-21 02:00:00,8708.5,8705.609
2021-05-21 03:00:00,8314.0,8306.315
2021-05-21 04:00:00,8848.0,8859.391
2021-05-21 05:00:00,9256.0,9212.328
2021-05-21 06:00:00,9383.0,9379.185
2021-05-21 07:00:00,9419.0,9422.873
2021-05-21 08:00:00,9493.0,9500.165
2021-05-21 09:00:00,9509.0,9509.446
2021-05-21 10:00:00,9376.0,9392.103
2021-05-21 11:00:00,9339.0,9339.149
2021-05-21 12:00:00,9341.0,9336.608
2021-05-21 13:00:00,9323.0,9322.492
2021-05-21 14:00:00,9406.0,9402.099
2021-05-21 15:00:00,9396.0,9374.66
2021-05-21 16:00:00,9472.0,9476.613
2021-05-21 17:00:00,9350.0,9358.867
2021-05-21 18:00:00,8915.0,8900.655
2021-05-21 19:00:00,8911.0,8929.517
2021-05-21 20:00:00,8787.0,8788.556
2021-05-21 21:00:00,8280.0,8249.332
2021-05-21 22:00:00,8696.0,8697.954
2021-05-21 23:00:00,8662.0,8651.907
2021-05-22 00:00:00,8624.0,8626.13
2021-05-22 01:00:00,8579.5,8563.2
2021-05-22 02:00:00,8555.0,8549.433
2021-05-22 03:00:00,8555.0,8562.963
2021-05-22 04:00:00,8155.0,8192.273
2021-05-22 05:00:00,8362.0,8368.135
2021-05-22 06:00:00,8493.0,8475.97
2021-05-22 07:00:00,8557.0,8558.849
2021-05-22 08:00:00,8678.0,8686.319
2021-05-22 09:00:00,8714.0,8721.824
2021-05-22 10:00:00,8646.0,8657.934
2021-05-22 11:00:00,8602.0,8607.249
2021-05-22 12:00:00,8553.0,8556.832
2021-05-22 13:00:00,8531.0,8540.772
2021-05-22 14:00:00,8610.0,8613.208
2021-05-22 15:00:00,8833.0,8824.5205
2021-05-22 16:00:00,8926.0,8923.31
2021-05-22 17:00:00,8727.0,8708.376
2021-05-22 18:00:00,8394.0,8426.601
2021-05-22 19:00:00,8474.0,8468.149
2021-05-22 20:00:00,8510.0,8502.71
2021-05-22 21:00:00,8206.0,8184.6846
2021-05-22 22:00:00,7860.0,7864.838
2021-05-22 23:00:00,8202.0,8211.78
2021-05-23 00:00:00,8167.0,8161.857
2021-05-23 01:00:00,8118.0,8117.678
2021-05-23 02:00:00,8118.0,8127.1157
2021-05-23 03:00:00,8118.0,8128.7983
2021-05-23 04:00:00,8118.0,8127.9897
2021-05-23 05:00:00,7795.0,7822.6255
2021-05-23 06:00:00,8007.0,8010.341
2021-05-23 07:00:00,8136.0,8142.204
2021-05-23 08:00:00,8247.0,8237.255
2021-05-23 09:00:00,8198.0,8193.911
2021-05-23 10:00:00,8100.0,8101.81
2021-05-23 11:00:00,8051.0,8053.168
2021-05-23 12:00:00,8098.0,8105.78
2021-05-23 13:00:00,8152.0,8143.8496
2021-05-23 14:00:00,8255.0,8248.999
2021-05-23 15:00:00,8267.0,8268.356
2021-05-23 16:00:00,8387.0,8391.28
2021-05-23 17:00:00,8378.0,8381.023
2021-05-23 18:00:00,8119.0,8098.8354
2021-05-23 19:00:00,8359.0,8369.403
2021-05-23 20:00:00,8398.0,8386.361
2021-05-23 21:00:00,7924.0,7918.6704
2021-05-23 22:00:00,7698.0,7714.535
2021-05-23 23:00:00,7574.0,7538.717
2021-05-24 00:00:00,7483.0,7473.7295
2021-05-24 01:00:00,7464.0,7471.931
2021-05-24 02:00:00,7655.0,7631.05
2021-05-24 03:00:00,8384.0,8332.277
2021-05-24 04:00:00,8988.0,8984.724
2021-05-24 05:00:00,9262.0,9271.852
2021-05-24 06:00:00,9333.0,9321.721
2021-05-24 07:00:00,9332.0,9333.487
2021-05-24 08:00:00,9348.0,9337.301
2021-05-24 09:00:00,9314.0,9301.051
2021-05-24 10:00:00,9157.0,9153.993
2021-05-24 11:00:00,9099.0,9108.716
2021-05-24 12:00:00,9024.0,9015.664
2021-05-24 13:00:00,8971.0,8971.78
2021-05-24 14:00:00,8900.0,8900.143
2021-05-24 15:00:00,8772.0,8769.656
2021-05-24 16:00:00,8810.0,8804.701
2021-05-24 17:00:00,8789.0,8783.998
2021-05-24 18:00:00,8552.0,8566.202
2021-05-24 19:00:00,8635.0,8643.132
2021-05-24 20:00:00,8626.0,8621.755
2021-05-24 21:00:00,8182.0,8209.562
2021-05-24 22:00:00,8780.5,8745.477
2021-05-24 23:00:00,8780.5,8800.879
2021-05-25 00:00:00,8780.5,8779.565
2021-05-25 01:00:00,8774.0,8766.576
2021-05-25 02:00:00,8763.5,8768.364
2021-05-25 03:00:00,8371.0,8358.693
2021-05-25 04:00:00,8755.0,8781.656
2021-05-25 05:00:00,8938.0,8936.906
2021-05-25 06:00:00,8986.0,8986.511
2021-05-25 07:00:00,8966.0,8966.814
2021-05-25 08:00:00,9001.0,9002.073
2021-05-25 09:00:00,9041.0,9055.33
2021-05-25 10:00:00,8910.0,8894.032
2021-05-25 11:00:00,8869.0,8870.291
2021-05-25 12:00:00,8776.0,8771.667
2021-05-25 13:00:00,8754.0,8755.047
2021-05-25 14:00:00,8760.0,8758.447
2021-05-25 15:00:00,8743.0,8743.068
2021-05-25 16:00:00,8781.0,8780.8955
2021-05-25 17:00:00,8665.0,8660.511
2021-05-25 18:00:00,8337.0,8336.965
2021-05-25 19:00:00,8465.0,8442.065
2021-05-25 20:00:00,8370.0,8366.858
2021-05-25 21:00:00,8747.5,8736.318
2021-05-25 22:00:00,8747.5,8751.475
2021-05-25 23:00:00,8747.5,8751.7
2021-05-26 00:00:00,8747.5,8750.781
2021-05-26 01:00:00,8747.5,8751.896
2021-05-26 02:00:00,8747.5,8752.889
2021-05-26 03:00:00,8145.0,8148.487
2021-05-26 04:00:00,8752.0,8757.711
2021-05-26 05:00:00,8991.0,8988.679
2021-05-26 06:00:00,9073.0,9072.289
2021-05-26 07:00:00,9258.0,9256.278
2021-05-26 08:00:00,9373.0,9358.838
2021-05-26 09:00:00,9360.0,9365.692
2021-05-26 10:00:00,9272.0,9278.404
2021-05-26 11:00:00,9248.0,9244.816
2021-05-26 12:00:00,9227.0,9235.176
2021-05-26 13:00:00,9304.0,9304.056
2021-05-26 14:00:00,9415.0,9402.811
2021-05-26 15:00:00,9470.0,9478.659
2021-05-26 16:00:00,9489.0,9484.423
2021-05-26 17:00:00,9246.0,9270.66
2021-05-26 18:00:00,8760.0,8775.14
2021-05-26 19:00:00,8795.0,8796.2295
2021-05-26 20:00:00,8631.0,8609.621
2021-05-26 21:00:00,8139.0,8139.1416
2021-05-26 22:00:00,9213.0,9146.013
2021-05-26 23:00:00,9213.0,9185.486
2021-05-27 00:00:00,9195.5,9206.536
2021-05-27 01:00:00,9166.5,9173.95
2021-05-27 02:00:00,9138.5,9137.149
2021-05-27 03:00:00,8438.0,8462.367
2021-05-27 04:00:00,9010.0,9041.726
2021-05-27 05:00:00,9199.0,9209.494
2021-05-27 06:00:00,9384.0,9387.935
2021-05-27 07:00:00,9411.0,9412.145
2021-05-27 08:00:00,9452.0,9462.106
2021-05-27 09:00:00,9335.0,9338.985
2021-05-27 10:00:00,9304.0,9299.827
2021-05-27 11:00:00,9192.0,9184.098
2021-05-27 12:00:00,9141.0,9144.976
2021-05-27 13:00:00,9136.0,9138.304
2021-05-27 14:00:00,9123.0,9117.012
2021-05-27 15:00:00,9089.0,9080.055
2021-05-27 16:00:00,9091.0,9093.414
2021-05-27 17:00:00,8988.0,8994.291
2021-05-27 18:00:00,8622.0,8650.192
2021-05-27 19:00:00,8669.0,8666.063
2021-05-27 20:00:00,8616.0,8598.0625
2021-05-27 21:00:00,8247.0,8235.574
2021-05-27 22:00:00,7936.0,7940.5146
2021-05-27 23:00:00,9012.0,8956.799
2021-05-28 00:00:00,8999.0,8975.452
2021-05-28 01:00:00,8972.5,8970.012
2021-05-28 02:00:00,7775.0,7797.644
2021-05-28 03:00:00,8480.0,8500.985
2021-05-28 04:00:00,9014.0,9014.986
2021-05-28 05:00:00,9148.0,9141.994
2021-05-28 06:00:00,9231.0,9234.789
2021-05-28 07:00:00,9244.0,9238.034
2021-05-28 08:00:00,9223.0,9236.02
2021-05-28 09:00:00,9151.0,9152.867
2021-05-28 10:00:00,9010.0,9030.773
2021-05-28 11:00:00,8946.0,8940.677
2021-05-28 12:00:00,8957.0,8963.915
2021-05-28 13:00:00,8869.0,8848.142
2021-05-28 14:00:00,8891.0,8905.678
2021-05-28 15:00:00,8798.0,8794.013
2021-05-28 16:00:00,8751.0,8758.92
2021-05-28 17:00:00,8679.0,8687.997
2021-05-28 18:00:00,8397.0,8399.75
2021-05-28 19:00:00,8513.0,8500.378
2021-05-28 20:00:00,8475.0,8481.138
2021-05-28 21:00:00,8153.0,8179.0723
2021-05-28 22:00:00,8392.5,8392.342
2021-05-28 23:00:00,8378.0,8381.332
2021-05-29 00:00:00,8325.5,8330.744
2021-05-29 01:00:00,8260.0,8265.818
2021-05-29 02:00:00,8239.0,8247.683
2021-05-29 03:00:00,8239.0,8254.278
2021-05-29 04:00:00,7830.0,7831.4585
2021-05-29 05:00:00,8053.0,8031.3867
2021-05-29 06:00:00,8283.0,8295.881
2021-05-29 07:00:00,8388.0,8381.478
2021-05-29 08:00:00,8406.0,8405.134
2021-05-29 09:00:00,8368.0,8374.036
2021-05-29 10:00:00,8237.0,8233.858
2021-05-29 11:00:00,8226.0,8238.866
2021-05-29 12:00:00,8187.0,8179.4106
2021-05-29 13:00:00,8241.0,8257.601
2021-05-29 14:00:00,8310.0,8316.781
2021-05-29 15:00:00,8449.0,8457.991
2021-05-29 16:00:00,8573.0,8566.135
2021-05-29 17:00:00,8378.0,8375.196
2021-05-29 18:00:00,8060.0,8071.069
2021-05-29 19:00:00,8152.0,8167.426
2021-05-29 20:00:00,8238.0,8241.983
2021-05-29 21:00:00,7974.0,7965.531
2021-05-29 22:00:00,7718.0,7713.343
2021-05-29 23:00:00,7525.0,7542.8784
2021-05-30 00:00:00,7912.0,7854.4526
2021-05-30 01:00:00,7887.0,7880.318
2021-05-30 02:00:00,7843.0,7850.7593
2021-05-30 03:00:00,7843.0,7839.336
2021-05-30 04:00:00,7843.0,7843.773
2021-05-30 05:00:00,7568.0,7586.069
2021-05-30 06:00:00,7730.0,7739.7856
2021-05-30 07:00:00,7918.0,7926.994
2021-05-30 08:00:00,7906.0,7900.154
2021-05-30 09:00:00,7967.0,7970.678
2021-05-30 10:00:00,7868.0,7861.789
2021-05-30 11:00:00,7815.0,7827.079
2021-05-30 12:00:00,7812.0,7829.623
2021-05-30 13:00:00,7818.0,7817.4165
2021-05-30 14:00:00,7869.0,7881.3657
2021-05-30 15:00:00,7921.0,7930.436
2021-05-30 16:00:00,8100.0,8092.84
2021-05-30 17:00:00,8045.0,8035.8125
2021-05-30 18:00:00,7843.0,7870.045
2021-05-30 19:00:00,8034.0,8033.9346
2021-05-30 20:00:00,8091.0,8097.753
2021-05-30 21:00:00,7708.0,7705.5884
2021-05-30 22:00:00,7412.0,7419.8154
2021-05-30 23:00:00,7240.0,7228.3677
2021-05-31 00:00:00,8021.5,8004.1084
2021-05-31 01:00:00,8039.5,8025.2627
2021-05-31 02:00:00,7323.0,7327.598
2021-05-31 03:00:00,8009.0,7995.281
2021-05-31 04:00:00,8605.0,8631.588
2021-05-31 05:00:00,8970.0,8995.216
2021-05-31 06:00:00,9012.0,9027.284
2021-05-31 07:00:00,8997.0,9005.073
2021-05-31 08:00:00,9032.0,9028.429
2021-05-31 09:00:00,9076.0,9079.735
2021-05-31 10:00:00,9019.0,9019.917
2021-05-31 11:00:00,8815.0,8840.037
2021-05-31 12:00:00,8790.0,8796.794
2021-05-31 13:00:00,8689.0,8689.696
2021-05-31 14:00:00,8652.0,8656.979
2021-05-31 15:00:00,8606.0,8598.432
2021-05-31 16:00:00,8621.0,8627.237
2021-05-31 17:00:00,8555.0,8556.221
2021-05-31 18:00:00,8208.0,8217.405
2021-05-31 19:00:00,8245.0,8243.069
2021-05-31 20:00:00,8186.0,8189.366
2021-05-31 21:00:00,7724.0,7700.461
2021-05-31 22:00:00,8580.5,8556.158
2021-05-31 23:00:00,8580.5,8581.375
2021-06-01 00:00:00,8580.5,8579.172
2021-06-01 01:00:00,8571.0,8572.503
2021-06-01 02:00:00,8546.0,8539.935
2021-06-01 03:00:00,8088.0,8049.814
2021-06-01 04:00:00,8537.0,8537.121
2021-06-01 05:00:00,8711.0,8704.0625
2021-06-01 06:00:00,8800.0,8804.892
2021-06-01 07:00:00,8809.0,8811.386
2021-06-01 08:00:00,8880.0,8874.18
2021-06-01 09:00:00,8883.0,8876.433
2021-06-01 10:00:00,8746.0,8746.882
2021-06-01 11:00:00,8636.0,8633.474
2021-06-01 12:00:00,8587.0,8591.222
2021-06-01 13:00:00,8532.0,8537.537
2021-06-01 14:00:00,8545.0,8544.578
2021-06-01 15:00:00,8493.0,8484.2295
2021-06-01 16:00:00,8497.0,8497.6455
2021-06-01 17:00:00,8445.0,8453.992
2021-06-01 18:00:00,8122.0,8136.47
2021-06-01 19:00:00,8102.0,8105.7534
2021-06-01 20:00:00,7970.0,7955.165
2021-06-01 21:00:00,7625.0,7630.0835
2021-06-01 22:00:00,8469.0,8439.012
2021-06-01 23:00:00,8469.0,8451.797
2021-06-02 00:00:00,8469.0,8470.375
2021-06-02 01:00:00,8469.0,8468.858
2021-06-02 02:00:00,8469.0,8469.89
2021-06-02 03:00:00,7915.0,7910.9326
2021-06-02 04:00:00,8366.0,8376.066
2021-06-02 05:00:00,8652.0,8643.465
2021-06-02 06:00:00,8726.0,8715.843
2021-06-02 07:00:00,8723.0,8730.302
2021-06-02 08:00:00,8741.0,8738.136
2021-06-02 09:00:00,8794.0,8784.76
2021-06-02 10:00:00,8681.0,8678.054
2021-06-02 11:00:00,8588.0,8589.128
2021-06-02 12:00:00,8557.0,8549.284
2021-06-02 13:00:00,8528.0,8529.261
2021-06-02 14:00:00,8476.0,8471.149
2021-06-02 15:00:00,8371.0,8376.095
2021-06-02 16:00:00,8405.0,8407.17
2021-06-02 17:00:00,8347.0,8353.435
2021-06-02 18:00:00,7961.0,7965.1904
2021-06-02 19:00:00,7957.0,7960.701
2021-06-02 20:00:00,7820.0,7827.709
2021-06-02 21:00:00,7445.0,7442.834
2021-06-02 22:00:00,8334.0,8369.996
2021-06-02 23:00:00,8334.0,8323.702
2021-06-03 00:00:00,8334.0,8338.254
2021-06-03 01:00:00,8334.0,8337.251
2021-06-03 02:00:00,8334.0,8337.233
2021-06-03 03:00:00,7660.0,7634.585
2021-06-03 04:00:00,8148.0,8136.7954
2021-06-03 05:00:00,8321.0,8302.9795
2021-06-03 06:00:00,8463.0,8440.123
2021-06-03 07:00:00,8483.0,8485.154
2021-06-03 08:00:00,8595.0,8598.488
2021-06-03 09:00:00,8567.0,8571.986
2021-06-03 10:00:00,8517.0,8507.192
2021-06-03 11:00:00,8491.0,8486.595
2021-06-03 12:00:00,8471.0,8471.292
2021-06-03 13:00:00,8450.0,8442.598
2021-06-03 14:00:00,8402.0,8386.975
2021-06-03 15:00:00,8370.0,8369.548
2021-06-03 16:00:00,8324.0,8325.411
2021-06-03 17:00:00,8196.0,8196.416
2021-06-03 18:00:00,7834.0,7840.8965
2021-06-03 19:00:00,7883.0,7886.4634
2021-06-03 20:00:00,7794.0,7795.1562
2021-06-03 21:00:00,7438.0,7440.0645
2021-06-03 22:00:00,7110.0,7091.4443
2021-06-03 23:00:00,8313.5,8239.535
2021-06-04 00:00:00,8313.5,8300.526
2021-06-04 01:00:00,8313.5,8313.756
2021-06-04 02:00:00,7094.0,7129.893
2021-06-04 03:00:00,7732.0,7689.046
2021-06-04 04:00:00,8303.0,8332.958
2021-06-04 05:00:00,8575.0,8592.346
2021-06-04 06:00:00,8769.0,8777.835
2021-06-04 07:00:00,8801.0,8790.775
2021-06-04 08:00:00,8880.0,8877.214
2021-06-04 09:00:00,8856.0,8859.49
2021-06-04 10:00:00,8760.0,8756.611
2021-06-04 11:00:00,8676.0,8679.312
2021-06-04 12:00:00,8602.0,8601.528
2021-06-04 13:00:00,8572.0,8565.736
2021-06-04 14:00:00,8477.0,8472.642
2021-06-04 15:00:00,8396.0,8391.053
2021-06-04 16:00:00,8446.0,8442.188
2021-06-04 17:00:00,8350.0,8344.316
2021-06-04 18:00:00,8048.0,8038.599
2021-06-04 19:00:00,8021.0,8014.5625
2021-06-04 20:00:00,7848.0,7860.95
2021-06-04 21:00:00,7464.0,7447.6772
2021-06-04 22:00:00,7837.5,7840.87
2021-06-04 23:00:00,7821.5,7821.9688
2021-06-05 00:00:00,7807.5,7823.4175
2021-06-05 01:00:00,7797.5,7795.231
2021-06-05 02:00:00,7797.5,7789.9497
2021-06-05 03:00:00,7797.5,7798.334
2021-06-05 04:00:00,7184.0,7156.136
2021-06-05 05:00:00,7477.0,7474.1865
2021-06-05 06:00:00,7609.0,7611.7876
2021-06-05 07:00:00,7816.0,7792.4033
2021-06-05 08:00:00,7827.0,7815.556
2021-06-05 09:00:00,7858.0,7865.3267
2021-06-05 10:00:00,7799.0,7817.4893
2021-06-05 11:00:00,7772.0,7772.877
2021-06-05 12:00:00,7796.0,7802.402
2021-06-05 13:00:00,7915.0,7933.1997
2021-06-05 14:00:00,7962.0,7958.681
2021-06-05 15:00:00,7952.0,7951.8296
2021-06-05 16:00:00,7895.0,7898.158
2021-06-05 17:00:00,7760.0,7797.717
2021-06-05 18:00:00,7538.0,7525.5396
2021-06-05 19:00:00,7612.0,7635.1724
2021-06-05 20:00:00,7585.0,7607.985
2021-06-05 21:00:00,7261.0,7246.886
2021-06-05 22:00:00,6894.0,6878.5312
2021-06-05 23:00:00,6761.0,6776.3853
2021-06-06 00:00:00,7598.5,7598.857
2021-06-06 01:00:00,7598.5,7558.8374
2021-06-06 02:00:00,7598.5,7579.7515
2021-06-06 03:00:00,7598.5,7594.185
2021-06-06 04:00:00,7598.5,7603.6255
2021-06-06 05:00:00,7026.0,7032.9946
2021-06-06 06:00:00,7343.0,7363.672
2021-06-06 07:00:00,7642.0,7639.874
2021-06-06 08:00:00,7739.0,7751.018
2021-06-06 09:00:00,7795.0,7783.05
2021-06-06 10:00:00,7741.0,7753.288
2021-06-06 11:00:00,7724.0,7729.692
2021-06-06 12:00:00,7716.0,7711.2334
2021-06-06 13:00:00,7687.0,7693.638
2021-06-06 14:00:00,7738.0,7760.9756
2021-06-06 15:00:00,7864.0,7863.649
2021-06-06 16:00:00,7889.0,7889.5605
2021-06-06 17:00:00,7763.0,7772.6514
2021-06-06 18:00:00,7403.0,7422.1665
2021-06-06 19:00:00,7529.0,7528.775
2021-06-06 20:00:00,7562.0,7537.758
2021-06-06 21:00:00,7196.0,7171.9243
2021-06-06 22:00:00,6811.0,6861.453
2021-06-06 23:00:00,7720.0,7703.147
2021-06-07 00:00:00,7727.0,7728.712
2021-06-07 01:00:00,7750.5,7738.159
2021-06-07 02:00:00,7813.5,7821.4346
2021-06-07 03:00:00,7505.0,7455.8657
2021-06-07 04:00:00,8057.0,8049.272
2021-06-07 05:00:00,8401.0,8392.344
2021-06-07 06:00:00,8621.0,8648.121
2021-06-07 07:00:00,8648.0,8638.786
2021-06-07 08:00:00,8722.0,8728.41
2021-06-07 09:00:00,8804.0,8806.617
2021-06-07 10:00:00,8751.0,8737.002
2021-06-07 11:00:00,8679.0,8687.04
2021-06-07 12:00:00,8610.0,8615.512
2021-06-07 13:00:00,8427.0,8442.296
2021-06-07 14:00:00,8373.0,8378.835
2021-06-07 15:00:00,8346.0,8344.064
2021-06-07 16:00:00,8363.0,8345.688
2021-06-07 17:00:00,8299.0,8301.671
2021-06-07 18:00:00,7928.0,7934.1084
2021-06-07 19:00:00,7941.0,7946.053
2021-06-07 20:00:00,7733.0,7735.7344
2021-06-07 21:00:00,7323.0,7359.995
2021-06-07 22:00:00,8322.5,8319.611
2021-06-07 23:00:00,8322.5,8317.152
2021-06-08 00:00:00,8322.5,8330.299
2021-06-08 01:00:00,8322.5,8327.233
2021-06-08 02:00:00,8322.5,8326.635
2021-06-08 03:00:00,7543.0,7496.975
2021-06-08 04:00:00,8124.0,8127.0977
2021-06-08 05:00:00,8402.0,8391.14
2021-06-08 06:00:00,8529.0,8526.544
2021-06-08 07:00:00,8631.0,8619.996
2021-06-08 08:00:00,8760.0,8776.821
2021-06-08 09:00:00,8772.0,8772.791
2021-06-08 10:00:00,8742.0,8732.495
2021-06-08 11:00:00,8584.0,8568.541
2021-06-08 12:00:00,8570.0,8574.956
2021-06-08 13:00:00,8473.0,8471.419
2021-06-08 14:00:00,8490.0,8492.957
2021-06-08 15:00:00,8428.0,8425.462
2021-06-08 16:00:00,8448.0,8451.28
2021-06-08 17:00:00,8294.0,8295.608
2021-06-08 18:00:00,8012.0,8024.707
2021-06-08 19:00:00,8014.0,8017.1504
2021-06-08 20:00:00,7857.0,7864.02
2021-06-08 21:00:00,8286.0,8295.186
2021-06-08 22:00:00,8286.0,8288.192
2021-06-08 23:00:00,8286.0,8282.073
2021-06-09 00:00:00,8286.0,8279.315
2021-06-09 01:00:00,8286.0,8280.857
2021-06-09 02:00:00,8286.0,8281.69
2021-06-09 03:00:00,7580.0,7574.631
2021-06-09 04:00:00,8077.0,8070.9697
2021-06-09 05:00:00,8278.0,8259.015
2021-06-09 06:00:00,8464.0,8454.491
2021-06-09 07:00:00,8506.0,8513.107
2021-06-09 08:00:00,8565.0,8571.351
2021-06-09 09:00:00,8735.0,8742.705
2021-06-09 10:00:00,8659.0,8659.11
2021-06-09 11:00:00,8589.0,8588.734
2021-06-09 12:00:00,8568.0,8565.038
2021-06-09 13:00:00,8632.0,8636.751
2021-06-09 14:00:00,8619.0,8601.399
2021-06-09 15:00:00,8583.0,8577.785
2021-06-09 16:00:00,8543.0,8542.072
2021-06-09 17:00:00,8445.0,8443.226
2021-06-09 18:00:00,8102.0,8114.8755
2021-06-09 19:00:00,8079.0,8081.624
2021-06-09 20:00:00,7862.0,7864.399
2021-06-09 21:00:00,8403.0,8375.54
2021-06-09 22:00:00,8403.0,8423.261
2021-06-09 23:00:00,8403.0,8405.602
2021-06-10 00:00:00,8403.0,8402.943
2021-06-10 01:00:00,8403.0,8404.126
2021-06-10 02:00:00,8403.0,8405.42
2021-06-10 03:00:00,7551.0,7501.195
2021-06-10 04:00:00,8005.0,8027.332
2021-06-10 05:00:00,8361.0,8362.803
2021-06-10 06:00:00,8527.0,8521.176
2021-06-10 07:00:00,8589.0,8595.189
2021-06-10 08:00:00,8684.0,8677.081
2021-06-10 09:00:00,8730.0,8725.601
2021-06-10 10:00:00,8660.0,8661.353
2021-06-10 11:00:00,8647.0,8655.15
2021-06-10 12:00:00,8599.0,8590.568
2021-06-10 13:00:00,8599.0,8599.773
2021-06-10 14:00:00,8603.0,8590.421
2021-06-10 15:00:00,8510.0,8508.415
2021-06-10 16:00:00,8485.0,8485.815
2021-06-10 17:00:00,8446.0,8457.548
2021-06-10 18:00:00,8141.0,8130.722
2021-06-10 19:00:00,8160.0,8168.745
2021-06-10 20:00:00,7916.0,7922.4097
2021-06-10 21:00:00,7512.0,7536.649
2021-06-10 22:00:00,8465.5,8437.988
2021-06-10 23:00:00,6940.0,7153.712
2021-06-11 00:00:00,8465.5,8389.921
2021-06-11 01:00:00,6849.0,6978.116
2021-06-11 02:00:00,7095.0,7169.534
2021-06-11 03:00:00,7679.0,7627.241
2021-06-11 04:00:00,8240.0,8241.439
2021-06-11 05:00:00,8544.0,8551.795
2021-06-11 06:00:00,8823.0,8836.951
2021-06-11 07:00:00,8886.0,8879.472
2021-06-11 08:00:00,8938.0,8935.388
2021-06-11 09:00:00,9010.0,9002.52
2021-06-11 10:00:00,8913.0,8905.341
2021-06-11 11:00:00,8818.0,8813.727
2021-06-11 12:00:00,8728.0,8724.332
2021-06-11 13:00:00,8653.0,8643.517
2021-06-11 14:00:00,8548.0,8548.233
2021-06-11 15:00:00,8440.0,8432.167
2021-06-11 16:00:00,8310.0,8317.173
2021-06-11 17:00:00,8184.0,8182.1597
2021-06-11 18:00:00,7927.0,7920.1377
2021-06-11 19:00:00,7896.0,7907.545
2021-06-11 20:00:00,7798.0,7816.587
2021-06-11 21:00:00,7407.0,7413.5923
2021-06-11 22:00:00,7056.0,7048.098
2021-06-11 23:00:00,7911.5,7920.898
2021-06-12 00:00:00,7911.5,7906.035
2021-06-12 01:00:00,7911.5,7924.0977
2021-06-12 02:00:00,7911.5,7926.092
2021-06-12 03:00:00,7911.5,7907.324
2021-06-12 04:00:00,7250.0,7268.2905
2021-06-12 05:00:00,7528.0,7530.0244
2021-06-12 06:00:00,7682.0,7665.0522
2021-06-12 07:00:00,7932.0,7918.3633
2021-06-12 08:00:00,8062.0,8073.4536
2021-06-12 09:00:00,8037.0,8027.506
2021-06-12 10:00:00,8086.0,8089.4966
2021-06-12 11:00:00,8080.0,8066.037
2021-06-12 12:00:00,8119.0,8122.421
2021-06-12 13:00:00,8229.0,8217.089
2021-06-12 14:00:00,8300.0,8280.672
2021-06-12 15:00:00,8438.0,8420.767
2021-06-12 16:00:00,8237.0,8172.421
2021-06-12 17:00:00,8093.0,8119.202
2021-06-12 18:00:00,7802.0,7807.605
2021-06-12 19:00:00,7814.0,7817.0283
2021-06-12 20:00:00,7774.0,7777.1
2021-06-12 21:00:00,7392.0,7383.852
2021-06-12 22:00:00,7075.0,7055.9146
2021-06-12 23:00:00,6878.0,6833.0444
2021-06-13 00:00:00,6744.0,6823.5317
2021-06-13 01:00:00,6664.0,6649.6177
2021-06-13 02:00:00,7756.5,7659.111
2021-06-13 03:00:00,7756.5,7668.8945
2021-06-13 04:00:00,7756.5,7755.436
2021-06-13 05:00:00,7756.5,7784.574
2021-06-13 06:00:00,7541.0,7463.9087
2021-06-13 07:00:00,7761.0,7737.9253
2021-06-13 08:00:00,7895.0,7889.057
2021-06-13 09:00:00,7826.0,7832.821
2021-06-13 10:00:00,7779.0,7796.572
2021-06-13 11:00:00,7704.0,7725.9863
2021-06-13 12:00:00,7752.0,7761.4116
2021-06-13 13:00:00,7768.0,7767.8647
2021-06-13 14:00:00,7813.0,7824.7812
2021-06-13 15:00:00,7834.0,7834.4194
2021-06-13 16:00:00,7918.0,7911.2026
2021-06-13 17:00:00,7903.0,7895.861
2021-06-13 18:00:00,7712.0,7706.1694
2021-06-13 19:00:00,7821.0,7817.0283
2021-06-13 20:00:00,7793.0,7782.133
2021-06-13 21:00:00,7469.0,7487.444
2021-06-13 22:00:00,7786.0,7776.5254
2021-06-13 23:00:00,7803.0,7786.9873
2021-06-14 00:00:00,7817.0,7815.2046
2021-06-14 01:00:00,7827.5,7824.5757
2021-06-14 02:00:00,7868.5,7882.612
2021-06-14 03:00:00,7744.0,7722.587
2021-06-14 04:00:00,8151.0,8157.9155
2021-06-14 05:00:00,8445.0,8439.974
2021-06-14 06:00:00,8570.0,8559.957
2021-06-14 07:00:00,8578.0,8570.289
2021-06-14 08:00:00,8737.0,8758.901
2021-06-14 09:00:00,8707.0,8710.203
2021-06-14 10:00:00,8725.0,8718.466
2021-06-14 11:00:00,8589.0,8574.63
2021-06-14 12:00:00,8525.0,8529.329
2021-06-14 13:00:00,8467.0,8465.522
2021-06-14 14:00:00,8502.0,8496.198
2021-06-14 15:00:00,8453.0,8443.828
2021-06-14 16:00:00,8472.0,8474.541
2021-06-14 17:00:00,8320.0,8321.856
2021-06-14 18:00:00,8096.0,8115.57
2021-06-14 19:00:00,8139.0,8131.7036
2021-06-14 20:00:00,8013.0,8015.969
2021-06-14 21:00:00,7597.0,7605.436
2021-06-14 22:00:00,8386.5,8353.442
2021-06-14 23:00:00,8386.5,8393.323
2021-06-15 00:00:00,8386.5,8388.93
2021-06-15 01:00:00,8386.5,8388.342
2021-06-15 02:00:00,8386.5,8388.659
2021-06-15 03:00:00,7859.0,7868.4165
2021-06-15 04:00:00,8300.0,8300.655
2021-06-15 05:00:00,8593.0,8595.815
2021-06-15 06:00:00,8737.0,8762.644
2021-06-15 07:00:00,8742.0,8737.719
2021-06-15 08:00:00,8833.0,8856.067
2021-06-15 09:00:00,8880.0,8871.66
2021-06-15 10:00:00,8810.0,8813.023
2021-06-15 11:00:00,8741.0,8735.232
2021-06-15 12:00:00,8602.0,8607.784
2021-06-15 13:00:00,8580.0,8583.022
2021-06-15 14:00:00,8565.0,8565.314
2021-06-15 15:00:00,8498.0,8498.526
2021-06-15 16:00:00,8492.0,8495.746
2021-06-15 17:00:00,8420.0,8416.28
2021-06-15 18:00:00,8166.0,8172.502
2021-06-15 19:00:00,8130.0,8135.2676
2021-06-15 20:00:00,7986.0,8005.2715
2021-06-15 21:00:00,7651.0,7652.975
2021-06-15 22:00:00,8456.0,8442.842
2021-06-15 23:00:00,8456.0,8442.245
2021-06-16 00:00:00,8456.0,8460.669
2021-06-16 01:00:00,8456.0,8459.008
2021-06-16 02:00:00,8456.0,8459.061
2021-06-16 03:00:00,7828.0,7830.7734
2021-06-16 04:00:00,8267.0,8253.294
2021-06-16 05:00:00,8502.0,8507.549
2021-06-16 06:00:00,8661.0,8663.581
2021-06-16 07:00:00,8726.0,8723.71
2021-06-16 08:00:00,8786.0,8792.098
2021-06-16 09:00:00,8869.0,8872.326
2021-06-16 10:00:00,8787.0,8777.257
2021-06-16 11:00:00,8591.0,8604.844
2021-06-16 12:00:00,8621.0,8626.397
2021-06-16 13:00:00,8651.0,8646.316
2021-06-16 14:00:00,8623.0,8613.507
2021-06-16 15:00:00,8491.0,8487.837
2021-06-16 16:00:00,8555.0,8563.092
2021-06-16 17:00:00,8470.0,8479.349
2021-06-16 18:00:00,8167.0,8159.0903
2021-06-16 19:00:00,8167.0,8175.1523
2021-06-16 20:00:00,7970.0,7983.388
2021-06-16 21:00:00,8480.5,8470.025
2021-06-16 22:00:00,8480.5,8498.916
2021-06-16 23:00:00,8480.5,8486.671
2021-06-17 00:00:00,8480.5,8483.48
2021-06-17 01:00:00,8480.5,8485.107
2021-06-17 02:00:00,8480.5,8485.694
2021-06-17 03:00:00,8480.5,8484.672
2021-06-17 04:00:00,8350.0,8358.171
2021-06-17 05:00:00,8542.0,8546.559
2021-06-17 06:00:00,8642.0,8634.917
2021-06-17 07:00:00,8598.0,8596.017
2021-06-17 08:00:00,8594.0,8594.039
2021-06-17 09:00:00,8709.0,8715.337
2021-06-17 10:00:00,8693.0,8689.653
2021-06-17 11:00:00,8661.0,8663.474
2021-06-17 12:00:00,8686.0,8689.798
2021-06-17 13:00:00,8706.0,8703.784
2021-06-17 14:00:00,8701.0,8694.847
2021-06-17 15:00:00,8616.0,8605.975
2021-06-17 16:00:00,8589.0,8585.305
2021-06-17 17:00:00,8533.0,8539.75
2021-06-17 18:00:00,8320.0,8311.138
2021-06-17 19:00:00,8292.0,8302.946
2021-06-17 20:00:00,8160.0,8169.744
2021-06-17 21:00:00,7854.0,7873.3696
2021-06-17 22:00:00,8561.0,8571.942
2021-06-17 23:00:00,8561.0,8566.411
2021-06-18 00:00:00,8561.0,8560.275
2021-06-18 01:00:00,8561.0,8562.991
2021-06-18 02:00:00,8561.0,8561.201
2021-06-18 03:00:00,7973.0,7991.686
2021-06-18 04:00:00,8321.0,8347.278
2021-06-18 05:00:00,8625.0,8625.202
2021-06-18 06:00:00,8833.0,8817.117
2021-06-18 07:00:00,8885.0,8882.801
2021-06-18 08:00:00,8919.0,8926.633
2021-06-18 09:00:00,9002.0,9001.14
2021-06-18 10:00:00,8981.0,8986.282
2021-06-18 11:00:00,8930.0,8939.812
2021-06-18 12:00:00,8915.0,8918.02
2021-06-18 13:00:00,8908.0,8905.016
2021-06-18 14:00:00,8913.0,8914.508
2021-06-18 15:00:00,8758.0,8755.923
2021-06-18 16:00:00,8680.0,8695.596
2021-06-18 17:00:00,8516.0,8521.13
2021-06-18 18:00:00,8231.0,8202.981
2021-06-18 19:00:00,8265.0,8255.452
2021-06-18 20:00:00,8164.0,8158.8706
2021-06-18 21:00:00,7840.0,7861.9526
2021-06-18 22:00:00,7449.0,7443.256
2021-06-18 23:00:00,7218.0,7225.3027
2021-06-19 00:00:00,8184.5,8212.165
2021-06-19 01:00:00,8184.5,8187.745
2021-06-19 02:00:00,8184.5,8181.1035
2021-06-19 03:00:00,8184.5,8186.602
2021-06-19 04:00:00,7558.0,7583.1855
2021-06-19 05:00:00,7802.0,7812.459
2021-06-19 06:00:00,7992.0,8001.0303
2021-06-19 07:00:00,8156.0,8161.1016
2021-06-19 08:00:00,8250.0,8248.588
2021-06-19 09:00:00,8253.0,8261.515
2021-06-19 10:00:00,8205.0,8209.036
2021-06-19 11:00:00,8231.0,8234.0625
2021-06-19 12:00:00,8294.0,8273.262
2021-06-19 13:00:00,8322.0,8322.907
2021-06-19 14:00:00,8327.0,8331.658
2021-06-19 15:00:00,8297.0,8297.583
2021-06-19 16:00:00,8346.0,8351.126
2021-06-19 17:00:00,8242.0,8239.105
2021-06-19 18:00:00,7990.0,7990.8364
2021-06-19 19:00:00,8012.0,8007.202
2021-06-19 20:00:00,8004.0,8006.7876
2021-06-19 21:00:00,7743.0,7743.7505
2021-06-19 22:00:00,7400.0,7419.5444
2021-06-19 23:00:00,7251.0,7264.9575
2021-06-20 00:00:00,7085.0,7077.523
2021-06-20 01:00:00,7997.0,7968.6797
2021-06-20 02:00:00,7044.0,7053.162
2021-06-20 03:00:00,7136.0,7145.899
2021-06-20 04:00:00,7333.0,7308.0107
2021-06-20 05:00:00,7585.0,7572.2676
2021-06-20 06:00:00,7811.0,7832.0444
2021-06-20 07:00:00,7974.0,7978.5864
2021-06-20 08:00:00,8126.0,8122.6367
2021-06-20 09:00:00,8216.0,8205.538
2021-06-20 10:00:00,8182.0,8182.4585
2021-06-20 11:00:00,8190.0,8183.108
2021-06-20 12:00:00,8148.0,8154.697
2021-06-20 13:00:00,8112.0,8116.725
2021-06-20 14:00:00,8176.0,8186.028
2021-06-20 15:00:00,8085.0,8091.245
2021-06-20 16:00:00,8042.0,8050.3076
2021-06-20 17:00:00,7994.0,8005.0757
2021-06-20 18:00:00,7784.0,7829.4556
2021-06-20 19:00:00,7897.0,7899.411
2021-06-20 20:00:00,7769.0,7752.2837
2021-06-20 21:00:00,7469.0,7468.2803
2021-06-20 22:00:00,7163.0,7181.549
2021-06-20 23:00:00,8063.5,8033.5405
2021-06-21 00:00:00,8063.5,8050.474
2021-06-21 01:00:00,8063.5,8070.1323
2021-06-21 02:00:00,7060.0,7095.6675
2021-06-21 03:00:00,7622.0,7657.742
2021-06-21 04:00:00,8280.0,8290.347
2021-06-21 05:00:00,8632.0,8613.552
2021-06-21 06:00:00,8791.0,8803.206
2021-06-21 07:00:00,8938.0,8950.828
2021-06-21 08:00:00,9119.0,9099.675
2021-06-21 09:00:00,9180.0,9186.3
2021-06-21 10:00:00,9152.0,9164.297
2021-06-21 11:00:00,9191.0,9184.832
2021-06-21 12:00:00,9102.0,9089.893
2021-06-21 13:00:00,8989.0,8997.204
2021-06-21 14:00:00,8935.0,8941.922
2021-06-21 15:00:00,8758.0,8743.032
2021-06-21 16:00:00,8569.0,8573.912
2021-06-21 17:00:00,8600.0,8621.873
2021-06-21 18:00:00,8446.0,8438.997
2021-06-21 19:00:00,8427.0,8432.189
2021-06-21 20:00:00,8239.0,8233.897
2021-06-21 21:00:00,7896.0,7900.872
2021-06-21 22:00:00,7566.0,7558.6704
2021-06-21 23:00:00,7315.0,7295.169
2021-06-22 00:00:00,8558.5,8559.77
2021-06-22 01:00:00,8558.5,8585.054
2021-06-22 02:00:00,8558.5,8562.846
2021-06-22 03:00:00,7795.0,7828.4985
2021-06-22 04:00:00,8260.0,8256.35
2021-06-22 05:00:00,8548.0,8554.559
2021-06-22 06:00:00,8776.0,8765.962
2021-06-22 07:00:00,8846.0,8838.7705
2021-06-22 08:00:00,9010.0,9017.198
2021-06-22 09:00:00,9062.0,9061.795
2021-06-22 10:00:00,8993.0,8992.53
2021-06-22 11:00:00,9014.0,9012.601
2021-06-22 12:00:00,8963.0,8966.311
2021-06-22 13:00:00,8881.0,8884.704
2021-06-22 14:00:00,8823.0,8820.022
2021-06-22 15:00:00,8634.0,8637.083
2021-06-22 16:00:00,8562.0,8557.557
2021-06-22 17:00:00,8470.0,8458.019
2021-06-22 18:00:00,8324.0,8340.8545
2021-06-22 19:00:00,8441.0,8435.59
2021-06-22 20:00:00,8343.0,8351.348
2021-06-22 21:00:00,8033.0,8039.924
2021-06-22 22:00:00,7701.0,7673.0605
2021-06-22 23:00:00,7524.0,7542.995
2021-06-23 00:00:00,7430.0,7452.5327
2021-06-23 01:00:00,7418.0,7414.1064
2021-06-23 02:00:00,7543.0,7512.903
2021-06-23 03:00:00,8068.0,8099.271
2021-06-23 04:00:00,8415.0,8409.628
2021-06-23 05:00:00,8645.0,8657.08
2021-06-23 06:00:00,8904.0,8916.812
2021-06-23 07:00:00,8981.0,8977.893
2021-06-23 08:00:00,9000.0,9001.085
2021-06-23 09:00:00,9141.0,9136.498
2021-06-23 10:00:00,9097.0,9092.053
2021-06-23 11:00:00,9030.0,9042.9375
2021-06-23 12:00:00,8919.0,8924.633
2021-06-23 13:00:00,8785.0,8786.784
2021-06-23 14:00:00,8760.0,8770.033
2021-06-23 15:00:00,8461.0,8450.404
2021-06-23 16:00:00,8132.0,8138.8755
2021-06-23 17:00:00,8072.0,8113.066
2021-06-23 18:00:00,8064.0,8052.321
2021-06-23 19:00:00,8035.0,8038.621
2021-06-23 20:00:00,7891.0,7908.839
2021-06-23 21:00:00,7535.0,7531.391
2021-06-23 22:00:00,7147.0,7126.99
2021-06-23 23:00:00,7077.0,7068.3296
2021-06-24 00:00:00,8049.5,8145.3975
2021-06-24 01:00:00,8039.0,8021.8525
2021-06-24 02:00:00,8034.0,8027.434
2021-06-24 03:00:00,8015.5,8034.9795
2021-06-24 04:00:00,7616.0,7588.132
2021-06-24 05:00:00,7848.0,7860.4126
2021-06-24 06:00:00,8033.0,8005.483
2021-06-24 07:00:00,8260.0,8229.127
2021-06-24 08:00:00,8246.0,8242.382
2021-06-24 09:00:00,8262.0,8268.225
2021-06-24 10:00:00,8224.0,8220.253
2021-06-24 11:00:00,8097.0,8091.2866
2021-06-24 12:00:00,8043.0,8037.4766
2021-06-24 13:00:00,7998.0,8000.487
2021-06-24 14:00:00,7971.0,7964.119
2021-06-24 15:00:00,7844.0,7855.539
2021-06-24 16:00:00,7778.0,7791.0156
2021-06-24 17:00:00,7958.0,7940.879
2021-06-24 18:00:00,8116.0,8093.0327
2021-06-24 19:00:00,8136.0,8127.863
2021-06-24 20:00:00,7994.0,8016.128
2021-06-24 21:00:00,7645.0,7650.2734
2021-06-24 22:00:00,7293.0,7304.779
2021-06-24 23:00:00,7863.0,7877.38
2021-06-25 00:00:00,7863.0,7878.0454
2021-06-25 01:00:00,7863.0,7873.323
2021-06-25 02:00:00,7863.0,7871.694
2021-06-25 03:00:00,7080.0,7065.6953
2021-06-25 04:00:00,7291.0,7293.154
2021-06-25 05:00:00,7553.0,7544.9673
2021-06-25 06:00:00,7728.0,7701.5444
2021-06-25 07:00:00,7882.0,7896.58
2021-06-25 08:00:00,7957.0,7937.288
2021-06-25 09:00:00,7934.0,7933.994
2021-06-25 10:00:00,7968.0,7975.3613
2021-06-25 11:00:00,8023.0,8020.944
2021-06-25 12:00:00,8047.0,8054.113
2021-06-25 13:00:00,8071.0,8063.655
2021-06-25 14:00:00,8046.0,8040.443
2021-06-25 15:00:00,8021.0,8005.823
2021-06-25 16:00:00,7920.0,7916.6323
2021-06-25 17:00:00,7775.0,7791.8647
2021-06-25 18:00:00,7594.0,7599.627
2021-06-25 19:00:00,7721.0,7708.899
2021-06-25 20:00:00,7723.0,7710.024
2021-06-25 21:00:00,7441.0,7437.093
2021-06-25 22:00:00,7138.0,7137.441
2021-06-25 23:00:00,6915.0,6878.1
2021-06-26 00:00:00,7654.0,7617.296
2021-06-26 01:00:00,7654.0,7677.254
2021-06-26 02:00:00,7654.0,7640.421
2021-06-26 03:00:00,7654.0,7642.806
2021-06-26 04:00:00,6900.0,6897.205
2021-06-26 05:00:00,7096.0,7095.815
2021-06-26 06:00:00,7376.0,7373.9316
2021-06-26 07:00:00,7568.0,7584.7065
2021-06-26 08:00:00,7714.0,7698.917
2021-06-26 09:00:00,7807.0,7835.6963
2021-06-26 10:00:00,7794.0,7776.42
2021-06-26 11:00:00,7787.0,7788.656
2021-06-26 12:00:00,7840.0,7833.5947
2021-06-26 13:00:00,7893.0,7886.137
2021-06-26 14:00:00,7910.0,7913.3335
2021-06-26 15:00:00,7924.0,7922.7124
2021-06-26 16:00:00,7915.0,7912.0273
2021-06-26 17:00:00,7763.0,7794.434
2021-06-26 18:00:00,7595.0,7614.8857
2021-06-26 19:00:00,7688.0,7682.6123
2021-06-26 20:00:00,7568.0,7543.4546
2021-06-26 21:00:00,7359.0,7384.7217
2021-06-26 22:00:00,7055.0,7046.1494
2021-06-26 23:00:00,6878.0,6869.613
2021-06-27 00:00:00,6717.0,6726.8784
2021-06-27 01:00:00,7576.5,7582.1797
2021-06-27 02:00:00,7556.0,7516.268
2021-06-27 03:00:00,7556.0,7549.8115
2021-06-27 04:00:00,6877.0,6898.47
2021-06-27 05:00:00,7089.0,7046.427
2021-06-27 06:00:00,7339.0,7289.6807
2021-06-27 07:00:00,7585.0,7563.2886
2021-06-27 08:00:00,7677.0,7689.0186
2021-06-27 09:00:00,7781.0,7761.0654
2021-06-27 10:00:00,7742.0,7729.193
2021-06-27 11:00:00,7819.0,7826.5283
2021-06-27 12:00:00,7544.0,7501.0566
2021-06-27 13:00:00,7537.0,7551.304
2021-06-27 14:00:00,7585.0,7580.4385
2021-06-27 15:00:00,7566.0,7560.3228
2021-06-27 16:00:00,7616.0,7612.7144
2021-06-27 17:00:00,7606.0,7608.944
2021-06-27 18:00:00,7474.0,7493.6694
2021-06-27 19:00:00,7602.0,7583.8906
2021-06-27 20:00:00,7488.0,7462.7725
2021-06-27 21:00:00,7154.0,7169.163
2021-06-27 22:00:00,7575.5,7607.7114
2021-06-27 23:00:00,7575.5,7583.001
2021-06-28 00:00:00,7575.5,7585.7485
2021-06-28 01:00:00,7593.5,7581.6226
2021-06-28 02:00:00,7604.0,7602.8647
2021-06-28 03:00:00,7380.0,7343.863
2021-06-28 04:00:00,7798.0,7790.321
2021-06-28 05:00:00,8187.0,8158.2446
2021-06-28 06:00:00,8391.0,8368.448
2021-06-28 07:00:00,8496.0,8493.258
2021-06-28 08:00:00,8571.0,8567.387
2021-06-28 09:00:00,8561.0,8565.586
2021-06-28 10:00:00,8570.0,8564.343
2021-06-28 11:00:00,8536.0,8528.866
2021-06-28 12:00:00,8495.0,8493.908
2021-06-28 13:00:00,8457.0,8466.413
2021-06-28 14:00:00,8391.0,8396.101
2021-06-28 15:00:00,8304.0,8312.441
2021-06-28 16:00:00,8329.0,8326.829
2021-06-28 17:00:00,8266.0,8265.288
2021-06-28 18:00:00,7890.0,7899.3022
2021-06-28 19:00:00,7878.0,7894.8022
2021-06-28 20:00:00,7759.0,7767.1504
2021-06-28 21:00:00,7469.0,7456.78
2021-06-28 22:00:00,8236.0,8166.068
2021-06-28 23:00:00,8236.0,8234.851
2021-06-29 00:00:00,8236.0,8244.717
2021-06-29 01:00:00,8236.0,8244.2295
2021-06-29 02:00:00,8236.0,8244.892
2021-06-29 03:00:00,7485.0,7525.8037
2021-06-29 04:00:00,7950.0,7956.3457
2021-06-29 05:00:00,8206.0,8203.372
2021-06-29 06:00:00,8356.0,8333.861
2021-06-29 07:00:00,8422.0,8411.494
2021-06-29 08:00:00,8580.0,8598.267
2021-06-29 09:00:00,8661.0,8662.74
2021-06-29 10:00:00,8686.0,8685.574
2021-06-29 11:00:00,8632.0,8633.237
2021-06-29 12:00:00,8592.0,8593.709
2021-06-29 13:00:00,8528.0,8530.892
2021-06-29 14:00:00,8610.0,8613.485
2021-06-29 15:00:00,8540.0,8529.436
2021-06-29 16:00:00,8524.0,8528.945
2021-06-29 17:00:00,8327.0,8323.646
2021-06-29 18:00:00,8099.0,8118.4497
2021-06-29 19:00:00,8104.0,8109.2905
2021-06-29 20:00:00,7903.0,7888.744
2021-06-29 21:00:00,7503.0,7505.824
2021-06-29 22:00:00,8319.5,8351.521
2021-06-29 23:00:00,8319.5,8296.823
2021-06-30 00:00:00,8319.5,8321.272
2021-06-30 01:00:00,8319.5,8319.65
2021-06-30 02:00:00,8319.5,8319.2705
2021-06-30 03:00:00,7535.0,7488.2534
2021-06-30 04:00:00,8050.0,8039.284
2021-06-30 05:00:00,8312.0,8285.891
2021-06-30 06:00:00,8579.0,8591.37
2021-06-30 07:00:00,8606.0,8595.113
2021-06-30 08:00:00,8560.0,8569.382
2021-06-30 09:00:00,8546.0,8542.343
2021-06-30 10:00:00,8460.0,8459.206
2021-06-30 11:00:00,8557.0,8551.069
2021-06-30 12:00:00,8796.0,8800.892
2021-06-30 13:00:00,8642.0,8636.378
2021-06-30 14:00:00,8623.0,8635.279
2021-06-30 15:00:00,8535.0,8534.957
2021-06-30 16:00:00,8515.0,8516.408
2021-06-30 17:00:00,8402.0,8408.194
2021-06-30 18:00:00,8169.0,8184.1733
2021-06-30 19:00:00,8210.0,8199.084
2021-06-30 20:00:00,7959.0,7965.7344
2021-06-30 21:00:00,7514.0,7536.326
2021-06-30 22:00:00,8286.5,8283.714
2021-06-30 23:00:00,8286.5,8277.719
2021-07-01 00:00:00,8286.5,8282.01
2021-07-01 01:00:00,8286.5,8280.308
2021-07-01 02:00:00,8286.5,8280.797
2021-07-01 03:00:00,7512.0,7474.167
2021-07-01 04:00:00,7992.0,7985.8047
2021-07-01 05:00:00,8175.0,8138.1577
2021-07-01 06:00:00,8363.0,8341.067
2021-07-01 07:00:00,8482.0,8477.266
2021-07-01 08:00:00,8650.0,8653.209
2021-07-01 09:00:00,8701.0,8682.225
2021-07-01 10:00:00,8640.0,8642.001
2021-07-01 11:00:00,8627.0,8626.408
2021-07-01 12:00:00,8613.0,8613.314
2021-07-01 13:00:00,8613.0,8610.067
2021-07-01 14:00:00,8647.0,8640.123
2021-07-01 15:00:00,8527.0,8514.245
2021-07-01 16:00:00,8521.0,8519.818
2021-07-01 17:00:00,8488.0,8494.458
2021-07-01 18:00:00,8270.0,8264.903
2021-07-01 19:00:00,8298.0,8292.21
2021-07-01 20:00:00,8084.0,8098.9478
2021-07-01 21:00:00,7744.0,7733.7754
2021-07-01 22:00:00,7416.0,7404.1206
2021-07-01 23:00:00,7277.0,7260.2617
2021-07-02 00:00:00,7150.0,7143.885
2021-07-02 01:00:00,7114.0,7150.759
2021-07-02 02:00:00,7295.0,7332.6445
2021-07-02 03:00:00,7862.0,7844.1763
2021-07-02 04:00:00,8270.0,8241.901
2021-07-02 05:00:00,8571.0,8566.314
2021-07-02 06:00:00,8847.0,8893.839
2021-07-02 07:00:00,8918.0,8916.01
2021-07-02 08:00:00,8996.0,8996.207
2021-07-02 09:00:00,8989.0,8989.256
2021-07-02 10:00:00,8900.0,8895.85
2021-07-02 11:00:00,8870.0,8864.829
2021-07-02 12:00:00,8796.0,8788.51
2021-07-02 13:00:00,8676.0,8670.881
2021-07-02 14:00:00,8579.0,8588.395
2021-07-02 15:00:00,8489.0,8493.706
2021-07-02 16:00:00,8442.0,8440.344
2021-07-02 17:00:00,8301.0,8315.167
2021-07-02 18:00:00,8041.0,8051.582
2021-07-02 19:00:00,8098.0,8104.0273
2021-07-02 20:00:00,7995.0,7993.39
2021-07-02 21:00:00,7621.0,7619.3784
2021-07-02 22:00:00,7242.0,7239.0977
2021-07-02 23:00:00,8069.5,8078.8027
2021-07-03 00:00:00,8069.5,8044.6196
2021-07-03 01:00:00,8069.5,8076.688
2021-07-03 02:00:00,8069.5,8081.3916
2021-07-03 03:00:00,8069.5,8083.239
2021-07-03 04:00:00,8069.5,8081.186
2021-07-03 05:00:00,7669.0,7644.7134
2021-07-03 06:00:00,7930.0,7944.773
2021-07-03 07:00:00,8153.0,8127.648
2021-07-03 08:00:00,8198.0,8191.739
2021-07-03 09:00:00,8207.0,8210.585
2021-07-03 10:00:00,8245.0,8244.8
2021-07-03 11:00:00,8204.0,8207.403
2021-07-03 12:00:00,8203.0,8215.827
2021-07-03 13:00:00,8224.0,8228.352
2021-07-03 14:00:00,8251.0,8250.967
2021-07-03 15:00:00,8247.0,8246.611
2021-07-03 16:00:00,8246.0,8250.669
2021-07-03 17:00:00,8189.0,8196.683
2021-07-03 18:00:00,8012.0,8013.0044
2021-07-03 19:00:00,8068.0,8073.5107
2021-07-03 20:00:00,7967.0,7983.5796
2021-07-03 21:00:00,7616.0,7617.4204
2021-07-03 22:00:00,7989.5,7984.344
2021-07-03 23:00:00,7989.5,7979.328
2021-07-04 00:00:00,7989.5,7984.5903
2021-07-04 01:00:00,7989.5,7985.486
2021-07-04 02:00:00,7989.5,7986.5415
2021-07-04 03:00:00,7989.5,7986.4707
2021-07-04 04:00:00,7989.5,7986.169
2021-07-04 05:00:00,7989.5,7986.0454
2021-07-04 06:00:00,7693.0,7677.243
2021-07-04 07:00:00,7937.0,7942.7974
2021-07-04 08:00:00,8112.0,8098.167
2021-07-04 09:00:00,8170.0,8174.7847
2021-07-04 10:00:00,8144.0,8130.6533
2021-07-04 11:00:00,8095.0,8086.5293
2021-07-04 12:00:00,8160.0,8159.534
2021-07-04 13:00:00,8190.0,8197.3545
2021-07-04 14:00:00,8171.0,8181.4746
2021-07-04 15:00:00,8154.0,8157.309
2021-07-04 16:00:00,8201.0,8197.432
2021-07-04 17:00:00,8140.0,8132.1416
2021-07-04 18:00:00,7973.0,7971.534
2021-07-04 19:00:00,8115.0,8109.882
2021-07-04 20:00:00,8025.0,8016.903
2021-07-04 21:00:00,7697.0,7692.868
2021-07-04 22:00:00,8142.0,8150.1973
2021-07-04 23:00:00,8147.0,8155.9097
2021-07-05 00:00:00,8157.0,8161.001
2021-07-05 01:00:00,8162.5,8171.466
2021-07-05 02:00:00,7253.0,7312.1567
2021-07-05 03:00:00,7818.0,7859.9043
2021-07-05 04:00:00,8303.0,8324.062
2021-07-05 05:00:00,8684.0,8678.308
2021-07-05 06:00:00,8873.0,8855.81
2021-07-05 07:00:00,8998.0,9002.152
2021-07-05 08:00:00,9037.0,9037.242
2021-07-05 09:00:00,9204.0,9205.226
2021-07-05 10:00:00,9207.0,9194.261
2021-07-05 11:00:00,9164.0,9165.205
2021-07-05 12:00:00,9094.0,9093.711
2021-07-05 13:00:00,9003.0,8999.196
2021-07-05 14:00:00,8931.0,8931.222
2021-07-05 15:00:00,8802.0,8805.5205
2021-07-05 16:00:00,8811.0,8808.598
2021-07-05 17:00:00,8680.0,8688.261
2021-07-05 18:00:00,8476.0,8464.822
2021-07-05 19:00:00,8451.0,8461.066
2021-07-05 20:00:00,8219.0,8213.318
2021-07-05 21:00:00,7752.0,7760.775
2021-07-05 22:00:00,7466.0,7462.6323
2021-07-05 23:00:00,8634.0,8637.267
2021-07-06 00:00:00,8634.0,8627.329
2021-07-06 01:00:00,8634.0,8633.477
2021-07-06 02:00:00,8634.0,8633.215
2021-07-06 03:00:00,7863.0,7905.218
2021-07-06 04:00:00,8311.0,8338.789
2021-07-06 05:00:00,8588.0,8604.257
2021-07-06 06:00:00,8826.0,8863.185
2021-07-06 07:00:00,8962.0,8962.739
2021-07-06 08:00:00,9043.0,9041.207
2021-07-06 09:00:00,9057.0,9043.784
2021-07-06 10:00:00,8957.0,8959.186
2021-07-06 11:00:00,8936.0,8945.535
2021-07-06 12:00:00,8925.0,8918.181
2021-07-06 13:00:00,8804.0,8796.146
2021-07-06 14:00:00,8841.0,8845.117
2021-07-06 15:00:00,8703.0,8698.549
2021-07-06 16:00:00,8730.0,8732.895
2021-07-06 17:00:00,8665.0,8662.567
2021-07-06 18:00:00,8358.0,8366.414
2021-07-06 19:00:00,8451.0,8448.695
2021-07-06 20:00:00,8272.0,8268.804
2021-07-06 21:00:00,7830.0,7843.687
2021-07-06 22:00:00,8594.0,8621.015
2021-07-06 23:00:00,8594.0,8611.192
2021-07-07 00:00:00,8594.0,8590.729
2021-07-07 01:00:00,8594.0,8588.836
2021-07-07 02:00:00,8594.0,8588.266
2021-07-07 03:00:00,7785.0,7812.686
2021-07-07 04:00:00,8219.0,8211.576
2021-07-07 05:00:00,8523.0,8543.014
2021-07-07 06:00:00,8758.0,8740.297
2021-07-07 07:00:00,8864.0,8857.269
2021-07-07 08:00:00,8935.0,8927.431
2021-07-07 09:00:00,8950.0,8955.552
2021-07-07 10:00:00,8889.0,8878.746
2021-07-07 11:00:00,8816.0,8818.182
2021-07-07 12:00:00,8839.0,8841.306
2021-07-07 13:00:00,8856.0,8856.131
2021-07-07 14:00:00,8910.0,8901.341
2021-07-07 15:00:00,8820.0,8817.506
2021-07-07 16:00:00,8717.0,8726.259
2021-07-07 17:00:00,8672.0,8674.759
2021-07-07 18:00:00,8418.0,8419.507
2021-07-07 19:00:00,8512.0,8517.86
2021-07-07 20:00:00,8360.0,8355.124
2021-07-07 21:00:00,7955.0,7963.304
2021-07-07 22:00:00,8684.0,8666.968
2021-07-07 23:00:00,8684.0,8675.206
2021-07-08 00:00:00,8684.0,8682.873
2021-07-08 01:00:00,8684.0,8681.863
2021-07-08 02:00:00,8684.0,8681.818
2021-07-08 03:00:00,7934.0,7948.7363
2021-07-08 04:00:00,8437.0,8450.315
2021-07-08 05:00:00,8696.0,8683.148
2021-07-08 06:00:00,8865.0,8870.376
2021-07-08 07:00:00,8968.0,8960.069
2021-07-08 08:00:00,9084.0,9068.995
2021-07-08 09:00:00,9198.0,9194.999
2021-07-08 10:00:00,9104.0,9100.602
2021-07-08 11:00:00,9081.0,9080.907
2021-07-08 12:00:00,9019.0,9017.647
2021-07-08 13:00:00,8937.0,8940.85
2021-07-08 14:00:00,8873.0,8875.254
2021-07-08 15:00:00,8700.0,8691.355
2021-07-08 16:00:00,8762.0,8772.62
2021-07-08 17:00:00,8648.0,8643.01
2021-07-08 18:00:00,8363.0,8387.8545
2021-07-08 19:00:00,8362.0,8364.793
2021-07-08 20:00:00,8145.0,8168.3535
2021-07-08 21:00:00,7741.0,7748.6104
2021-07-08 22:00:00,7357.0,7355.4316
2021-07-08 23:00:00,8495.0,8531.398
2021-07-09 00:00:00,8495.0,8499.533
2021-07-09 01:00:00,8495.0,8486.703
2021-07-09 02:00:00,8495.0,8489.801
2021-07-09 03:00:00,7696.0,7695.134
2021-07-09 04:00:00,8069.0,8105.662
2021-07-09 05:00:00,8354.0,8356.096
2021-07-09 06:00:00,8627.0,8651.415
2021-07-09 07:00:00,8738.0,8737.825
2021-07-09 08:00:00,8858.0,8863.085
2021-07-09 09:00:00,8950.0,8943.092
2021-07-09 10:00:00,8888.0,8875.952
2021-07-09 11:00:00,8826.0,8821.172
2021-07-09 12:00:00,8791.0,8805.189
2021-07-09 13:00:00,8762.0,8758.518
2021-07-09 14:00:00,8733.0,8728.955
2021-07-09 15:00:00,8618.0,8631.85
2021-07-09 16:00:00,8620.0,8623.205
2021-07-09 17:00:00,8446.0,8435.46
2021-07-09 18:00:00,8159.0,8158.2847
2021-07-09 19:00:00,8198.0,8190.4316
2021-07-09 20:00:00,8010.0,8009.617
2021-07-09 21:00:00,7604.0,7602.125
2021-07-09 22:00:00,7278.0,7247.7407
2021-07-09 23:00:00,7132.0,7112.0337
2021-07-10 00:00:00,8147.5,8134.953
2021-07-10 01:00:00,8147.5,8155.849
2021-07-10 02:00:00,8147.5,8167.519
2021-07-10 03:00:00,7135.0,7190.76
2021-07-10 04:00:00,7347.0,7349.4766
2021-07-10 05:00:00,7657.0,7674.6816
2021-07-10 06:00:00,7922.0,7901.3535
2021-07-10 07:00:00,8136.0,8116.3647
2021-07-10 08:00:00,8279.0,8264.667
2021-07-10 09:00:00,8392.0,8378.506
2021-07-10 10:00:00,8363.0,8371.932
2021-07-10 11:00:00,8368.0,8359.584
2021-07-10 12:00:00,8367.0,8362.4795
2021-07-10 13:00:00,8419.0,8414.069
2021-07-10 14:00:00,8473.0,8469.36
2021-07-10 15:00:00,8380.0,8372.795
2021-07-10 16:00:00,8288.0,8288.315
2021-07-10 17:00:00,8215.0,8216.489
2021-07-10 18:00:00,7965.0,7976.2124
2021-07-10 19:00:00,8024.0,8031.438
2021-07-10 20:00:00,7966.0,7984.577
2021-07-10 21:00:00,7683.0,7702.084
2021-07-10 22:00:00,7378.0,7387.7144
2021-07-10 23:00:00,7171.0,7169.7363
2021-07-11 00:00:00,7041.0,7070.434
2021-07-11 01:00:00,7965.5,7917.5557
2021-07-11 02:00:00,7965.5,7956.7456
2021-07-11 03:00:00,7965.5,7967.5005
2021-07-11 04:00:00,7965.5,7957.0903
2021-07-11 05:00:00,7490.0,7460.9106
2021-07-11 06:00:00,7767.0,7775.621
2021-07-11 07:00:00,7930.0,7933.9634
2021-07-11 08:00:00,8108.0,8100.1523
2021-07-11 09:00:00,8136.0,8141.6333
2021-07-11 10:00:00,8116.0,8118.1436
2021-07-11 11:00:00,8086.0,8079.3115
2021-07-11 12:00:00,8141.0,8134.8545
2021-07-11 13:00:00,8174.0,8175.0356
2021-07-11 14:00:00,8134.0,8128.4604
2021-07-11 15:00:00,8069.0,8069.5806
2021-07-11 16:00:00,8071.0,8087.5728
2021-07-11 17:00:00,8068.0,8083.343
2021-07-11 18:00:00,7875.0,7886.557
2021-07-11 19:00:00,7961.0,7969.494
2021-07-11 20:00:00,7883.0,7895.7725
2021-07-11 21:00:00,7531.0,7529.3184
2021-07-11 22:00:00,8068.5,8084.6562
2021-07-11 23:00:00,8068.5,8080.53
2021-07-12 00:00:00,8068.5,8084.8154
2021-07-12 01:00:00,8068.5,8083.189
2021-07-12 02:00:00,6978.0,7051.7236
2021-07-12 03:00:00,7522.0,7575.0425
2021-07-12 04:00:00,7912.0,7902.328
2021-07-12 05:00:00,8148.0,8122.4604
2021-07-12 06:00:00,8417.0,8384.055
2021-07-12 07:00:00,8590.0,8585.147
2021-07-12 08:00:00,8701.0,8699.62
2021-07-12 09:00:00,8815.0,8821.916
2021-07-12 10:00:00,8814.0,8803.423
2021-07-12 11:00:00,8777.0,8778.85
2021-07-12 12:00:00,8789.0,8777.808
2021-07-12 13:00:00,8718.0,8712.964
2021-07-12 14:00:00,8671.0,8668.535
2021-07-12 15:00:00,8575.0,8580.908
2021-07-12 16:00:00,8498.0,8497.994
2021-07-12 17:00:00,8468.0,8473.756
2021-07-12 18:00:00,8217.0,8211.662
2021-07-12 19:00:00,8230.0,8231.626
2021-07-12 20:00:00,8045.0,8043.3184
2021-07-12 21:00:00,7637.0,7636.388
2021-07-12 22:00:00,7351.0,7363.069
2021-07-12 23:00:00,8343.5,8382.7
2021-07-13 00:00:00,8343.5,8362.948
2021-07-13 01:00:00,8343.5,8346.06
2021-07-13 02:00:00,8343.5,8340.816
2021-07-13 03:00:00,7424.0,7420.24
2021-07-13 04:00:00,7890.0,7923.157
2021-07-13 05:00:00,8255.0,8266.663
2021-07-13 06:00:00,8432.0,8408.534
2021-07-13 07:00:00,8602.0,8600.562
2021-07-13 08:00:00,8708.0,8700.139
2021-07-13 09:00:00,8730.0,8733.3
2021-07-13 10:00:00,8720.0,8726.066
2021-07-13 11:00:00,8690.0,8686.207
2021-07-13 12:00:00,8637.0,8641.226
2021-07-13 13:00:00,8604.0,8607.111
2021-07-13 14:00:00,8576.0,8558.457
2021-07-13 15:00:00,8487.0,8472.082
2021-07-13 16:00:00,8502.0,8503.867
2021-07-13 17:00:00,8413.0,8415.113
2021-07-13 18:00:00,8134.0,8142.1978
2021-07-13 19:00:00,8201.0,8185.957
2021-07-13 20:00:00,8019.0,8024.6978
2021-07-13 21:00:00,7656.0,7656.4526
2021-07-13 22:00:00,7356.0,7355.9634
2021-07-13 23:00:00,8308.0,8267.326
2021-07-14 00:00:00,8308.0,8330.753
2021-07-14 01:00:00,8308.0,8314.899
2021-07-14 02:00:00,8308.0,8313.058
2021-07-14 03:00:00,7502.0,7507.6445
2021-07-14 04:00:00,7904.0,7957.85
2021-07-14 05:00:00,8203.0,8223.425
2021-07-14 06:00:00,8430.0,8414.989
2021-07-14 07:00:00,8508.0,8509.301
2021-07-14 08:00:00,8688.0,8687.049
2021-07-14 09:00:00,8762.0,8756.108
2021-07-14 10:00:00,8773.0,8766.139
2021-07-14 11:00:00,8778.0,8789.606
2021-07-14 12:00:00,8753.0,8742.585
2021-07-14 13:00:00,8645.0,8648.446
2021-07-14 14:00:00,8655.0,8653.175
2021-07-14 15:00:00,8600.0,8586.203
2021-07-14 16:00:00,8593.0,8593.378
2021-07-14 17:00:00,8452.0,8454.468
2021-07-14 18:00:00,8220.0,8215.821
2021-07-14 19:00:00,8260.0,8246.566
2021-07-14 20:00:00,8162.0,8160.0356
2021-07-14 21:00:00,7701.0,7687.724
2021-07-14 22:00:00,7319.0,7348.003
2021-07-14 23:00:00,8400.0,8417.9375
2021-07-15 00:00:00,8400.0,8401.918
2021-07-15 01:00:00,8400.0,8406.452
2021-07-15 02:00:00,8400.0,8403.885
2021-07-15 03:00:00,7527.0,7439.039
2021-07-15 04:00:00,8008.0,8014.9478
2021-07-15 05:00:00,8348.0,8346.266
2021-07-15 06:00:00,8636.0,8639.501
2021-07-15 07:00:00,8785.0,8790.199
2021-07-15 08:00:00,8915.0,8913.696
2021-07-15 09:00:00,8913.0,8904.066
2021-07-15 10:00:00,8876.0,8875.849
2021-07-15 11:00:00,8801.0,8810.328
2021-07-15 12:00:00,8791.0,8793.161
2021-07-15 13:00:00,8767.0,8762.957
2021-07-15 14:00:00,8665.0,8670.362
2021-07-15 15:00:00,8609.0,8617.505
2021-07-15 16:00:00,8587.0,8582.591
2021-07-15 17:00:00,8493.0,8493.72
2021-07-15 18:00:00,8247.0,8241.526
2021-07-15 19:00:00,8263.0,8273.408
2021-07-15 20:00:00,8147.0,8152.091
2021-07-15 21:00:00,7678.0,7677.4053
2021-07-15 22:00:00,7396.0,7444.4155
2021-07-15 23:00:00,8425.0,8509.056
2021-07-16 00:00:00,8425.0,8451.513
2021-07-16 01:00:00,8425.0,8432.588
2021-07-16 02:00:00,8425.0,8430.136
2021-07-16 03:00:00,7654.0,7611.773
2021-07-16 04:00:00,8123.0,8131.943
2021-07-16 05:00:00,8357.0,8356.909
2021-07-16 06:00:00,8612.0,8634.708
2021-07-16 07:00:00,8670.0,8655.112
2021-07-16 08:00:00,8817.0,8822.946
2021-07-16 09:00:00,8796.0,8792.093
2021-07-16 10:00:00,8627.0,8625.114
2021-07-16 11:00:00,8604.0,8601.121
2021-07-16 12:00:00,8631.0,8625.488
2021-07-16 13:00:00,8568.0,8563.74
2021-07-16 14:00:00,8540.0,8533.218
2021-07-16 15:00:00,8475.0,8471.398
2021-07-16 16:00:00,8402.0,8395.063
2021-07-16 17:00:00,8249.0,8258.997
2021-07-16 18:00:00,7940.0,7937.242
2021-07-16 19:00:00,8028.0,8019.423
2021-07-16 20:00:00,7888.0,7902.894
2021-07-16 21:00:00,7488.0,7474.3833
2021-07-16 22:00:00,7120.0,7119.19
2021-07-16 23:00:00,7865.0,7886.806
2021-07-17 00:00:00,7865.0,7874.2725
2021-07-17 01:00:00,7842.0,7836.6523
2021-07-17 02:00:00,7842.0,7840.3965
2021-07-17 03:00:00,7842.0,7842.8965
2021-07-17 04:00:00,7150.0,7173.932
2021-07-17 05:00:00,7358.0,7358.91
2021-07-17 06:00:00,7583.0,7603.794
2021-07-17 07:00:00,7719.0,7708.899
2021-07-17 08:00:00,7842.0,7843.3867
2021-07-17 09:00:00,7894.0,7874.472
2021-07-17 10:00:00,7922.0,7927.8765
2021-07-17 11:00:00,7900.0,7891.934
2021-07-17 12:00:00,7842.0,7847.5615
2021-07-17 13:00:00,7938.0,7938.276
2021-07-17 14:00:00,7980.0,7976.145
2021-07-17 15:00:00,7969.0,7968.836
2021-07-17 16:00:00,7978.0,7977.1304
2021-07-17 17:00:00,7854.0,7862.347
2021-07-17 18:00:00,7649.0,7683.825
2021-07-17 19:00:00,7771.0,7795.0073
2021-07-17 20:00:00,7668.0,7668.64
2021-07-17 21:00:00,7269.0,7271.2017
2021-07-17 22:00:00,6917.0,6947.878
2021-07-17 23:00:00,7658.5,7643.4297
2021-07-18 00:00:00,7658.5,7674.498
2021-07-18 01:00:00,7658.5,7641.277
2021-07-18 02:00:00,7658.5,7643.72
2021-07-18 03:00:00,7658.5,7646.2095
2021-07-18 04:00:00,7658.5,7652.298
2021-07-18 05:00:00,7658.5,7642.956
2021-07-18 06:00:00,7393.0,7373.1543
2021-07-18 07:00:00,7629.0,7610.764
2021-07-18 08:00:00,7747.0,7745.986
2021-07-18 09:00:00,7711.0,7725.5913
2021-07-18 10:00:00,7698.0,7696.111
2021-07-18 11:00:00,7685.0,7685.93
2021-07-18 12:00:00,7685.0,7678.037
2021-07-18 13:00:00,7695.0,7674.8257
2021-07-18 14:00:00,7793.0,7793.775
2021-07-18 15:00:00,7775.0,7776.4473
2021-07-18 16:00:00,7818.0,7824.826
2021-07-18 17:00:00,7792.0,7793.798
2021-07-18 18:00:00,7653.0,7632.891
2021-07-18 19:00:00,7727.0,7733.709
2021-07-18 20:00:00,7625.0,7626.2344
2021-07-18 21:00:00,7696.0,7716.7715
2021-07-18 22:00:00,7696.0,7714.0693
2021-07-18 23:00:00,7696.0,7707.383
2021-07-19 00:00:00,7712.0,7719.663
2021-07-19 01:00:00,7751.0,7753.2334
2021-07-19 02:00:00,7783.5,7790.226
2021-07-19 03:00:00,7336.0,7350.7744
2021-07-19 04:00:00,7697.0,7695.2793
2021-07-19 05:00:00,7972.0,7965.5386
2021-07-19 06:00:00,8135.0,8120.501
2021-07-19 07:00:00,8230.0,8219.29
2021-07-19 08:00:00,8364.0,8338.769
2021-07-19 09:00:00,8405.0,8400.105
2021-07-19 10:00:00,8411.0,8415.247
2021-07-19 11:00:00,8415.0,8407.686
2021-07-19 12:00:00,8346.0,8345.884
2021-07-19 13:00:00,8295.0,8292.772
2021-07-19 14:00:00,8294.0,8297.803
2021-07-19 15:00:00,8274.0,8277.745
2021-07-19 16:00:00,8270.0,8264.33
2021-07-19 17:00:00,8212.0,8211.673
2021-07-19 18:00:00,7929.0,7941.4995
2021-07-19 19:00:00,7914.0,7919.4814
2021-07-19 20:00:00,7776.0,7807.1553
2021-07-19 21:00:00,7379.0,7380.372
2021-07-19 22:00:00,8125.0,8137.446
2021-07-19 23:00:00,8125.0,8123.5176
2021-07-20 00:00:00,8125.0,8133.9795
2021-07-20 01:00:00,8125.0,8131.696
2021-07-20 02:00:00,8125.0,8131.95
2021-07-20 03:00:00,7415.0,7446.6724
2021-07-20 04:00:00,7845.0,7819.401
2021-07-20 05:00:00,8038.0,8044.414
2021-07-20 06:00:00,8252.0,8216.442
2021-07-20 07:00:00,8403.0,8411.92
2021-07-20 08:00:00,8462.0,8457.671
2021-07-20 09:00:00,8444.0,8439.762
2021-07-20 10:00:00,8416.0,8425.895
2021-07-20 11:00:00,8326.0,8322.84
2021-07-20 12:00:00,8278.0,8283.283
2021-07-20 13:00:00,8254.0,8251.061
2021-07-20 14:00:00,8267.0,8264.374
2021-07-20 15:00:00,8207.0,8209.325
2021-07-20 16:00:00,8253.0,8257.32
2021-07-20 17:00:00,8220.0,8226.699
2021-07-20 18:00:00,7942.0,7944.2495
2021-07-20 19:00:00,7981.0,7969.7754
2021-07-20 20:00:00,7858.0,7865.959
2021-07-20 21:00:00,7482.0,7478.418
2021-07-20 22:00:00,8061.5,8035.2573
2021-07-20 23:00:00,8061.5,8065.982
2021-07-21 00:00:00,8061.5,8069.554
2021-07-21 01:00:00,8061.5,8070.45
2021-07-21 02:00:00,8061.5,8070.3105
2021-07-21 03:00:00,8061.5,8068.8125
2021-07-21 04:00:00,7773.0,7750.4604
2021-07-21 05:00:00,8003.0,8017.4287
2021-07-21 06:00:00,8120.0,8109.6484
2021-07-21 07:00:00,8293.0,8274.257
2021-07-21 08:00:00,8382.0,8384.055
2021-07-21 09:00:00,8318.0,8306.168
2021-07-21 10:00:00,8260.0,8260.615
2021-07-21 11:00:00,8294.0,8290.281
2021-07-21 12:00:00,8292.0,8293.407
2021-07-21 13:00:00,8371.0,8382.185
2021-07-21 14:00:00,8366.0,8359.861
2021-07-21 15:00:00,8391.0,8377.32
2021-07-21 16:00:00,8511.0,8506.404
2021-07-21 17:00:00,8453.0,8463.7705
2021-07-21 18:00:00,8161.0,8172.6475
2021-07-21 19:00:00,8187.0,8191.226
2021-07-21 20:00:00,7991.0,7998.1704
2021-07-21 21:00:00,8216.5,8192.433
2021-07-21 22:00:00,8216.5,8208.76
2021-07-21 23:00:00,8216.5,8218.32
2021-07-22 00:00:00,8216.5,8215.478
2021-07-22 01:00:00,8216.5,8216.826
2021-07-22 02:00:00,8216.5,8217.365
2021-07-22 03:00:00,7504.0,7516.719
2021-07-22 04:00:00,7865.0,7907.5684
2021-07-22 05:00:00,8043.0,8032.8027
2021-07-22 06:00:00,8246.0,8247.242
2021-07-22 07:00:00,8405.0,8413.559
2021-07-22 08:00:00,8508.0,8496.361
2021-07-22 09:00:00,8487.0,8484.895
2021-07-22 10:00:00,8410.0,8419.201
2021-07-22 11:00:00,8411.0,8413.259
2021-07-22 12:00:00,8434.0,8426.555
2021-07-22 13:00:00,8449.0,8438.886
2021-07-22 14:00:00,8359.0,8349.69
2021-07-22 15:00:00,8282.0,8296.442
2021-07-22 16:00:00,8287.0,8288.36
2021-07-22 17:00:00,8257.0,8258.281
2021-07-22 18:00:00,7999.0,7999.0117
2021-07-22 19:00:00,8063.0,8057.8496
2021-07-22 20:00:00,7984.0,8000.8105
2021-07-22 21:00:00,7539.0,7546.306
2021-07-22 22:00:00,8087.0,8079.8765
2021-07-22 23:00:00,8087.0,8092.0283
2021-07-23 00:00:00,8087.0,8093.5063
2021-07-23 01:00:00,8087.0,8089.7915
2021-07-23 02:00:00,8087.0,8089.876
2021-07-23 03:00:00,7423.0,7427.4473
2021-07-23 04:00:00,7738.0,7738.461
2021-07-23 05:00:00,7958.0,7955.545
2021-07-23 06:00:00,8111.0,8106.335
2021-07-23 07:00:00,8324.0,8303.191
2021-07-23 08:00:00,8373.0,8363.534
2021-07-23 09:00:00,8422.0,8419.899
2021-07-23 10:00:00,8348.0,8342.594
2021-07-23 11:00:00,8294.0,8292.003
2021-07-23 12:00:00,8270.0,8273.001
2021-07-23 13:00:00,8293.0,8286.879
2021-07-23 14:00:00,8185.0,8189.4116
2021-07-23 15:00:00,8127.0,8136.9526
2021-07-23 16:00:00,8151.0,8158.0957
2021-07-23 17:00:00,8152.0,8152.789
2021-07-23 18:00:00,7903.0,7877.194
2021-07-23 19:00:00,7988.0,7982.6504
2021-07-23 20:00:00,7839.0,7848.667
2021-07-23 21:00:00,7439.0,7434.3633
2021-07-23 22:00:00,7164.0,7166.674
2021-07-23 23:00:00,7819.0,7824.8535
2021-07-24 00:00:00,7802.0,7810.934
2021-07-24 01:00:00,7796.0,7791.4565
2021-07-24 02:00:00,7796.0,7786.8457
2021-07-24 03:00:00,7796.0,7789.407
2021-07-24 04:00:00,7796.0,7799.0693
2021-07-24 05:00:00,7388.0,7365.513
2021-07-24 06:00:00,7597.0,7583.458
2021-07-24 07:00:00,7728.0,7699.3447
2021-07-24 08:00:00,7808.0,7804.327
2021-07-24 09:00:00,7837.0,7823.6313
2021-07-24 10:00:00,7830.0,7833.6465
2021-07-24 11:00:00,7796.0,7783.107
2021-07-24 12:00:00,7796.0,7793.5596
2021-07-24 13:00:00,7877.0,7887.556
2021-07-24 14:00:00,7919.0,7924.4736
2021-07-24 15:00:00,7970.0,7981.4355
2021-07-24 16:00:00,8006.0,8006.592
2021-07-24 17:00:00,7956.0,7966.174
2021-07-24 18:00:00,7639.0,7642.7134
2021-07-24 19:00:00,7745.0,7767.08
2021-07-24 20:00:00,7724.0,7730.9824
2021-07-24 21:00:00,7325.0,7318.062
2021-07-24 22:00:00,7000.0,7023.571
2021-07-24 23:00:00,7662.5,7665.1045
2021-07-25 00:00:00,7662.5,7658.046
2021-07-25 01:00:00,7662.5,7665.0693
2021-07-25 02:00:00,7662.5,7662.7104
2021-07-25 03:00:00,7662.5,7664.3813
2021-07-25 04:00:00,7662.5,7662.5557
2021-07-25 05:00:00,7204.0,7181.2905
2021-07-25 06:00:00,7404.0,7443.4243
2021-07-25 07:00:00,7556.0,7536.3276
2021-07-25 08:00:00,7686.0,7674.239
2021-07-25 09:00:00,7765.0,7761.1294
2021-07-25 10:00:00,7774.0,7789.599
2021-07-25 11:00:00,7731.0,7750.559
2021-07-25 12:00:00,7735.0,7734.3774
2021-07-25 13:00:00,7783.0,7768.8057
2021-07-25 14:00:00,7857.0,7859.4834
2021-07-25 15:00:00,7866.0,7871.53
2021-07-25 16:00:00,7906.0,7912.926
2021-07-25 17:00:00,7887.0,7889.5684
2021-07-25 18:00:00,7675.0,7686.5654
2021-07-25 19:00:00,7860.0,7869.079
2021-07-25 20:00:00,7779.0,7798.2856
2021-07-25 21:00:00,7374.0,7395.6665
2021-07-25 22:00:00,7781.0,7801.042
2021-07-25 23:00:00,7809.0,7801.808
2021-07-26 00:00:00,7846.0,7838.2144
2021-07-26 01:00:00,7858.5,7850.463
2021-07-26 02:00:00,6869.0,6909.6016
2021-07-26 03:00:00,7344.0,7407.5684
2021-07-26 04:00:00,7835.0,7812.9585
2021-07-26 05:00:00,8228.0,8206.686
2021-07-26 06:00:00,8553.0,8526.449
2021-07-26 07:00:00,8647.0,8667.806
2021-07-26 08:00:00,8838.0,8840.407
2021-07-26 09:00:00,8862.0,8874.842
2021-07-26 10:00:00,8801.0,8797.297
2021-07-26 11:00:00,8813.0,8808.046
2021-07-26 12:00:00,8700.0,8703.354
2021-07-26 13:00:00,8688.0,8692.196
2021-07-26 14:00:00,8624.0,8623.551
2021-07-26 15:00:00,8508.0,8500.329
2021-07-26 16:00:00,8516.0,8523.427
2021-07-26 17:00:00,8439.0,8437.59
2021-07-26 18:00:00,8173.0,8178.8784
2021-07-26 19:00:00,8211.0,8212.16
2021-07-26 20:00:00,8015.0,8033.7607
2021-07-26 21:00:00,7501.0,7510.573
2021-07-26 22:00:00,8328.0,8316.943
2021-07-26 23:00:00,8328.0,8324.895
2021-07-27 00:00:00,8328.0,8327.822
2021-07-27 01:00:00,8328.0,8326.326
2021-07-27 02:00:00,8328.0,8324.661
2021-07-27 03:00:00,7386.0,7410.5586
2021-07-27 04:00:00,7860.0,7883.021
2021-07-27 05:00:00,8217.0,8216.008
2021-07-27 06:00:00,8470.0,8470.169
2021-07-27 07:00:00,8588.0,8583.891
2021-07-27 08:00:00,8633.0,8629.162
2021-07-27 09:00:00,8729.0,8741.43
2021-07-27 10:00:00,8712.0,8719.049
2021-07-27 11:00:00,8622.0,8627.953
2021-07-27 12:00:00,8626.0,8632.675
2021-07-27 13:00:00,8667.0,8677.865
2021-07-27 14:00:00,8632.0,8623.061
2021-07-27 15:00:00,8556.0,8554.266
2021-07-27 16:00:00,8524.0,8527.078
2021-07-27 17:00:00,8384.0,8389.883
2021-07-27 18:00:00,8103.0,8114.42
2021-07-27 19:00:00,8167.0,8161.2725
2021-07-27 20:00:00,7983.0,7982.0947
2021-07-27 21:00:00,7487.0,7496.5205
2021-07-27 22:00:00,8286.0,8301.982
2021-07-27 23:00:00,8286.0,8281.125
2021-07-28 00:00:00,8286.0,8282.496
2021-07-28 01:00:00,8286.0,8280.929
2021-07-28 02:00:00,8286.0,8281.185
2021-07-28 03:00:00,7503.0,7476.0283
2021-07-28 04:00:00,7853.0,7894.9927
2021-07-28 05:00:00,8188.0,8213.468
2021-07-28 06:00:00,8434.0,8435.943
2021-07-28 07:00:00,8581.0,8568.8
2021-07-28 08:00:00,8650.0,8643.195
2021-07-28 09:00:00,8717.0,8713.664
2021-07-28 10:00:00,8691.0,8697.336
2021-07-28 11:00:00,8690.0,8685.248
2021-07-28 12:00:00,8627.0,8626.716
2021-07-28 13:00:00,8645.0,8646.282
2021-07-28 14:00:00,8626.0,8620.445
2021-07-28 15:00:00,8587.0,8584.222
2021-07-28 16:00:00,8579.0,8572.367
2021-07-28 17:00:00,8554.0,8544.935
2021-07-28 18:00:00,8272.0,8273.224
2021-07-28 19:00:00,8301.0,8289.699
2021-07-28 20:00:00,8094.0,8115.299
2021-07-28 21:00:00,7662.0,7666.198
2021-07-28 22:00:00,8378.0,8398.471
2021-07-28 23:00:00,8378.0,8381.393
2021-07-29 00:00:00,8378.0,8366.869
2021-07-29 01:00:00,8378.0,8365.908
2021-07-29 02:00:00,8378.0,8366.123
2021-07-29 03:00:00,8378.0,8369.375
2021-07-29 04:00:00,7976.0,7959.225
2021-07-29 05:00:00,8283.0,8324.93
2021-07-29 06:00:00,8455.0,8437.937
2021-07-29 07:00:00,8625.0,8640.526
2021-07-29 08:00:00,8650.0,8642.666
2021-07-29 09:00:00,8545.0,8519.732
2021-07-29 10:00:00,8635.0,8630.077
2021-07-29 11:00:00,8600.0,8593.188
2021-07-29 12:00:00,8544.0,8534.895
2021-07-29 13:00:00,8525.0,8532.203
2021-07-29 14:00:00,8465.0,8467.773
2021-07-29 15:00:00,8423.0,8425.091
2021-07-29 16:00:00,8526.0,8511.29
2021-07-29 17:00:00,8432.0,8419.38
2021-07-29 18:00:00,8121.0,8117.457
2021-07-29 19:00:00,8208.0,8215.014
2021-07-29 20:00:00,8028.0,8027.516
2021-07-29 21:00:00,7666.0,7666.524
2021-07-29 22:00:00,8328.5,8331.635
2021-07-29 23:00:00,8328.5,8339.7295
2021-07-30 00:00:00,8328.5,8332.319
2021-07-30 01:00:00,8328.5,8330.578
2021-07-30 02:00:00,8328.5,8330.463
2021-07-30 03:00:00,7584.0,7607.2256
2021-07-30 04:00:00,7985.0,8008.053
2021-07-30 05:00:00,8234.0,8200.566
2021-07-30 06:00:00,8439.0,8438.949
2021-07-30 07:00:00,8615.0,8620.649
2021-07-30 08:00:00,8703.0,8688.196
2021-07-30 09:00:00,8782.0,8789.229
2021-07-30 10:00:00,8693.0,8687.912
2021-07-30 11:00:00,8605.0,8607.676
2021-07-30 12:00:00,8570.0,8559.3125
2021-07-30 13:00:00,8573.0,8568.032
2021-07-30 14:00:00,8538.0,8532.675
2021-07-30 15:00:00,8429.0,8431.43
2021-07-30 16:00:00,8360.0,8362.393
2021-07-30 17:00:00,8320.0,8327.398
2021-07-30 18:00:00,8048.0,8036.5093
2021-07-30 19:00:00,8157.0,8172.4214
2021-07-30 20:00:00,7963.0,7976.2188
2021-07-30 21:00:00,7540.0,7563.372
2021-07-30 22:00:00,7236.0,7260.6333
2021-07-30 23:00:00,7088.0,7090.2954
2021-07-31 00:00:00,7953.0,7955.8433
2021-07-31 01:00:00,7953.0,7972.0073
2021-07-31 02:00:00,7953.0,7956.678
2021-07-31 03:00:00,7953.0,7950.0244
2021-07-31 04:00:00,7953.0,7966.8037
2021-07-31 05:00:00,7448.0,7452.491
2021-07-31 06:00:00,7661.0,7649.7583
2021-07-31 07:00:00,7818.0,7849.208
2021-07-31 08:00:00,7947.0,7960.356
2021-07-31 09:00:00,8002.0,8013.6523
2021-07-31 10:00:00,7979.0,7968.0356
2021-07-31 11:00:00,7959.0,7963.184
2021-07-31 12:00:00,7992.0,7995.0903
2021-07-31 13:00:00,7999.0,7999.3755
2021-07-31 14:00:00,8073.0,8061.9146
2021-07-31 15:00:00,8165.0,8172.713
2021-07-31 16:00:00,8172.0,8174.9707
2021-07-31 17:00:00,8158.0,8159.271
2021-07-31 18:00:00,7841.0,7869.062
2021-07-31 19:00:00,7973.0,7993.0703
2021-07-31 20:00:00,7875.0,7878.362
2021-07-31 21:00:00,7476.0,7475.4346
2021-07-31 22:00:00,7092.0,7095.239
2021-07-31 23:00:00,6942.0,6877.048
2021-08-01 00:00:00,7809.0,7841.9565
2021-08-01 01:00:00,7809.0,7806.202
2021-08-01 02:00:00,7809.0,7799.2944
2021-08-01 03:00:00,7809.0,7800.7505
2021-08-01 04:00:00,7809.0,7804.228
2021-08-01 05:00:00,7192.0,7128.521
2021-08-01 06:00:00,7410.0,7445.6196
2021-08-01 07:00:00,7663.0,7657.0874
2021-08-01 08:00:00,7792.0,7781.335
2021-08-01 09:00:00,7877.0,7877.372
2021-08-01 10:00:00,7834.0,7834.8735
2021-08-01 11:00:00,7826.0,7833.563
2021-08-01 12:00:00,7891.0,7889.669
2021-08-01 13:00:00,7836.0,7838.8765
2021-08-01 14:00:00,7866.0,7873.5264
2021-08-01 15:00:00,7916.0,7923.837
2021-08-01 16:00:00,8028.0,8019.9067
2021-08-01 17:00:00,7930.0,7938.5938
2021-08-01 18:00:00,7702.0,7717.852
2021-08-01 19:00:00,7935.0,7920.665
2021-08-01 20:00:00,7761.0,7749.1123
2021-08-01 21:00:00,7851.0,7861.7925
2021-08-01 22:00:00,7851.0,7843.731
2021-08-01 23:00:00,7878.5,7886.8027
2021-08-02 00:00:00,7903.5,7898.9937
2021-08-02 01:00:00,7923.0,7922.4785
2021-08-02 02:00:00,7932.5,7925.537
2021-08-02 03:00:00,7505.0,7517.7407
2021-08-02 04:00:00,8001.0,8017.098
2021-08-02 05:00:00,8315.0,8316.537
2021-08-02 06:00:00,8494.0,8485.119
2021-08-02 07:00:00,8574.0,8585.133
2021-08-02 08:00:00,8678.0,8682.488
2021-08-02 09:00:00,8719.0,8714.491
2021-08-02 10:00:00,8650.0,8654.344
2021-08-02 11:00:00,8580.0,8580.427
2021-08-02 12:00:00,8499.0,8507.088
2021-08-02 13:00:00,8506.0,8502.612
2021-08-02 14:00:00,8450.0,8445.229
2021-08-02 15:00:00,8420.0,8414.664
2021-08-02 16:00:00,8460.0,8451.152
2021-08-02 17:00:00,8414.0,8402.797
2021-08-02 18:00:00,8160.0,8163.049
2021-08-02 19:00:00,8294.0,8274.687
2021-08-02 20:00:00,8022.0,8032.7964
2021-08-02 21:00:00,8377.0,8383.824
2021-08-02 22:00:00,8377.0,8356.364
2021-08-02 23:00:00,8377.0,8374.232
2021-08-03 00:00:00,8377.0,8370.906
2021-08-03 01:00:00,8377.0,8372.627
2021-08-03 02:00:00,8377.0,8372.641
2021-08-03 03:00:00,7594.0,7583.722
2021-08-03 04:00:00,8052.0,8059.191
2021-08-03 05:00:00,8340.0,8328.821
2021-08-03 06:00:00,8498.0,8511.792
2021-08-03 07:00:00,8505.0,8514.669
2021-08-03 08:00:00,8576.0,8574.794
2021-08-03 09:00:00,8745.0,8743.167
2021-08-03 10:00:00,8708.0,8702.422
2021-08-03 11:00:00,8656.0,8650.117
2021-08-03 12:00:00,8594.0,8587.97
2021-08-03 13:00:00,8547.0,8552.21
2021-08-03 14:00:00,8461.0,8462.719
2021-08-03 15:00:00,8365.0,8368.149
2021-08-03 16:00:00,8374.0,8364.314
2021-08-03 17:00:00,8353.0,8357.139
2021-08-03 18:00:00,8056.0,8056.6636
2021-08-03 19:00:00,8176.0,8162.794
2021-08-03 20:00:00,7980.0,7987.229
2021-08-03 21:00:00,7493.0,7505.445
2021-08-03 22:00:00,8359.0,8410.113
2021-08-03 23:00:00,8359.0,8349.186
2021-08-04 00:00:00,8359.0,8353.741
2021-08-04 01:00:00,8359.0,8353.729
2021-08-04 02:00:00,8359.0,8353.851
2021-08-04 03:00:00,7659.0,7671.0083
2021-08-04 04:00:00,8168.0,8157.7246
2021-08-04 05:00:00,8405.0,8407.227
2021-08-04 06:00:00,8538.0,8530.166
2021-08-04 07:00:00,8583.0,8583.731
2021-08-04 08:00:00,8668.0,8668.92
2021-08-04 09:00:00,8685.0,8684.854
2021-08-04 10:00:00,8656.0,8649.985
2021-08-04 11:00:00,8579.0,8582.879
2021-08-04 12:00:00,8513.0,8504.697
2021-08-04 13:00:00,8429.0,8437.346
2021-08-04 14:00:00,8379.0,8381.869
2021-08-04 15:00:00,8315.0,8315.446
2021-08-04 16:00:00,8382.0,8374.876
2021-08-04 17:00:00,8347.0,8339.856
2021-08-04 18:00:00,8071.0,8073.1313
2021-08-04 19:00:00,8238.0,8254.958
2021-08-04 20:00:00,8037.0,8041.051
2021-08-04 21:00:00,7608.0,7610.211
2021-08-04 22:00:00,8281.0,8286.548
2021-08-04 23:00:00,8281.0,8281.711
2021-08-05 00:00:00,8281.0,8283.71
2021-08-05 01:00:00,8281.0,8281.445
2021-08-05 02:00:00,8281.0,8281.656
2021-08-05 03:00:00,7786.0,7775.4414
2021-08-05 04:00:00,8119.0,8114.7983
2021-08-05 05:00:00,8247.0,8269.056
2021-08-05 06:00:00,8413.0,8414.62
2021-08-05 07:00:00,8545.0,8531.5625
2021-08-05 08:00:00,8683.0,8681.87
2021-08-05 09:00:00,8716.0,8716.582
2021-08-05 10:00:00,8688.0,8692.931
2021-08-05 11:00:00,8612.0,8609.406
2021-08-05 12:00:00,8545.0,8546.306
2021-08-05 13:00:00,8488.0,8490.906
2021-08-05 14:00:00,8473.0,8474.27
2021-08-05 15:00:00,8450.0,8444.779
2021-08-05 16:00:00,8464.0,8456.911
2021-08-05 17:00:00,8408.0,8410.061
2021-08-05 18:00:00,8162.0,8159.8223
2021-08-05 19:00:00,8309.0,8288.264
2021-08-05 20:00:00,8135.0,8145.08
2021-08-05 21:00:00,7683.0,7681.733
2021-08-05 22:00:00,8389.5,8439.2
2021-08-05 23:00:00,8389.5,8397.504
2021-08-06 00:00:00,8389.5,8390.299
2021-08-06 01:00:00,8389.5,8389.144
2021-08-06 02:00:00,8389.5,8389.396
2021-08-06 03:00:00,7827.0,7840.3867
2021-08-06 04:00:00,8204.0,8190.4644
2021-08-06 05:00:00,8371.0,8370.729
2021-08-06 06:00:00,8588.0,8593.74
2021-08-06 07:00:00,8664.0,8659.752
2021-08-06 08:00:00,8680.0,8680.291
2021-08-06 09:00:00,8740.0,8742.979
2021-08-06 10:00:00,8629.0,8630.425
2021-08-06 11:00:00,8578.0,8581.937
2021-08-06 12:00:00,8640.0,8647.525
2021-08-06 13:00:00,8630.0,8628.13
2021-08-06 14:00:00,8546.0,8537.782
2021-08-06 15:00:00,8479.0,8478.65
2021-08-06 16:00:00,8397.0,8389.373
2021-08-06 17:00:00,8324.0,8327.961
2021-08-06 18:00:00,8103.0,8124.0283
2021-08-06 19:00:00,8197.0,8218.056
2021-08-06 20:00:00,7945.0,7940.3936
2021-08-06 21:00:00,7500.0,7522.0337
2021-08-06 22:00:00,7940.0,7936.7695
2021-08-06 23:00:00,7940.0,7933.827
2021-08-07 00:00:00,7928.0,7914.125
2021-08-07 01:00:00,7928.0,7924.5254
2021-08-07 02:00:00,7928.0,7924.0317
2021-08-07 03:00:00,7928.0,7919.752
2021-08-07 04:00:00,7928.0,7923.8135
2021-08-07 05:00:00,7461.0,7473.972
2021-08-07 06:00:00,7688.0,7710.138
2021-08-07 07:00:00,7840.0,7856.08
2021-08-07 08:00:00,7935.0,7910.678
2021-08-07 09:00:00,7976.0,7969.1143
2021-08-07 10:00:00,7949.0,7958.1357
2021-08-07 11:00:00,7921.0,7917.682
2021-08-07 12:00:00,7990.0,7986.5303
2021-08-07 13:00:00,8082.0,8074.3384
2021-08-07 14:00:00,8171.0,8173.075
2021-08-07 15:00:00,8289.0,8285.957
2021-08-07 16:00:00,8285.0,8273.387
2021-08-07 17:00:00,8136.0,8133.1206
2021-08-07 18:00:00,7884.0,7868.1133
2021-08-07 19:00:00,8042.0,8035.281
2021-08-07 20:00:00,7785.0,7787.7266
2021-08-07 21:00:00,7350.0,7358.431
2021-08-07 22:00:00,6975.0,6992.295
2021-08-07 23:00:00,7834.5,7820.415
2021-08-08 00:00:00,7811.5,7798.195
2021-08-08 01:00:00,7811.5,7808.025
2021-08-08 02:00:00,7811.5,7809.846
2021-08-08 03:00:00,7811.5,7810.551
2021-08-08 04:00:00,7811.5,7811.61
2021-08-08 05:00:00,7217.0,7177.6445
2021-08-08 06:00:00,7497.0,7517.3174
2021-08-08 07:00:00,7782.0,7763.778
2021-08-08 08:00:00,7920.0,7930.235
2021-08-08 09:00:00,7916.0,7913.18
2021-08-08 10:00:00,7899.0,7904.473
2021-08-08 11:00:00,7838.0,7842.119
2021-08-08 12:00:00,7858.0,7864.6875
2021-08-08 13:00:00,7862.0,7852.3
2021-08-08 14:00:00,7901.0,7905.639
2021-08-08 15:00:00,8005.0,8005.4854
2021-08-08 16:00:00,8050.0,8055.842
2021-08-08 17:00:00,8000.0,8008.6934
2021-08-08 18:00:00,7793.0,7827.023
2021-08-08 19:00:00,8044.0,8034.003
2021-08-08 20:00:00,7793.0,7791.518
2021-08-08 21:00:00,7315.0,7328.8477
2021-08-08 22:00:00,7880.5,7912.8677
2021-08-08 23:00:00,7881.5,7899.3374
2021-08-09 00:00:00,7950.5,7948.5264
2021-08-09 01:00:00,8002.5,7993.3066
2021-08-09 02:00:00,8024.5,8009.799
2021-08-09 03:00:00,7604.0,7607.319
2021-08-09 04:00:00,8105.0,8086.9873
2021-08-09 05:00:00,8548.0,8597.385
2021-08-09 06:00:00,8816.0,8796.147
2021-08-09 07:00:00,8874.0,8883.9
2021-08-09 08:00:00,8984.0,8982.122
2021-08-09 09:00:00,9049.0,9042.897
2021-08-09 10:00:00,8989.0,8996.352
2021-08-09 11:00:00,8936.0,8944.672
2021-08-09 12:00:00,8854.0,8854.389
2021-08-09 13:00:00,8831.0,8827.415
2021-08-09 14:00:00,8783.0,8786.032
2021-08-09 15:00:00,8673.0,8673.447
2021-08-09 16:00:00,8650.0,8652.061
2021-08-09 17:00:00,8538.0,8536.437
2021-08-09 18:00:00,8295.0,8302.323
2021-08-09 19:00:00,8409.0,8405.12
2021-08-09 20:00:00,8057.0,8042.3135
2021-08-09 21:00:00,7588.0,7604.463
2021-08-09 22:00:00,8498.0,8450.104
2021-08-09 23:00:00,8498.0,8474.465
2021-08-10 00:00:00,8498.0,8493.362
2021-08-10 01:00:00,8498.0,8493.733
2021-08-10 02:00:00,8498.0,8493.936
2021-08-10 03:00:00,8498.0,8489.757
2021-08-10 04:00:00,8160.0,8153.004
2021-08-10 05:00:00,8458.0,8497.138
2021-08-10 06:00:00,8590.0,8578.326
2021-08-10 07:00:00,8634.0,8629.958
2021-08-10 08:00:00,8770.0,8785.9375
2021-08-10 09:00:00,8824.0,8809.134
2021-08-10 10:00:00,8701.0,8697.015
2021-08-10 11:00:00,8709.0,8706.044
2021-08-10 12:00:00,8704.0,8699.057
2021-08-10 13:00:00,8653.0,8648.105
2021-08-10 14:00:00,8616.0,8612.886
2021-08-10 15:00:00,8506.0,8498.551
2021-08-10 16:00:00,8649.0,8661.878
2021-08-10 17:00:00,8570.0,8564.952
2021-08-10 18:00:00,8328.0,8334.755
2021-08-10 19:00:00,8388.0,8389.459
2021-08-10 20:00:00,8091.0,8092.9697
2021-08-10 21:00:00,8538.0,8536.163
2021-08-10 22:00:00,8538.0,8551.237
2021-08-10 23:00:00,8538.0,8546.234
2021-08-11 00:00:00,8538.0,8544.273
2021-08-11 01:00:00,8538.0,8545.713
2021-08-11 02:00:00,8538.0,8546.161
2021-08-11 03:00:00,7816.0,7826.3037
2021-08-11 04:00:00,8386.0,8399.462
2021-08-11 05:00:00,8748.0,8738.089
2021-08-11 06:00:00,8936.0,8931.459
2021-08-11 07:00:00,8983.0,8985.597
2021-08-11 08:00:00,9023.0,9021.618
2021-08-11 09:00:00,9041.0,9046.381
2021-08-11 10:00:00,9006.0,8989.61
2021-08-11 11:00:00,8922.0,8922.381
2021-08-11 12:00:00,8852.0,8846.526
2021-08-11 13:00:00,8767.0,8775.025
2021-08-11 14:00:00,8702.0,8701.812
2021-08-11 15:00:00,8657.0,8657.815
2021-08-11 16:00:00,8720.0,8713.763
2021-08-11 17:00:00,8660.0,8670.84
2021-08-11 18:00:00,8422.0,8442.838
2021-08-11 19:00:00,8501.0,8495.0625
2021-08-11 20:00:00,8186.0,8197.161
2021-08-11 21:00:00,8658.5,8664.011
2021-08-11 22:00:00,8658.5,8646.832
2021-08-11 23:00:00,8658.5,8655.377
2021-08-12 00:00:00,8658.5,8654.249
2021-08-12 01:00:00,8658.5,8655.447
2021-08-12 02:00:00,8658.5,8655.966
2021-08-12 03:00:00,8658.5,8655.572
2021-08-12 04:00:00,8417.0,8447.87
2021-08-12 05:00:00,8715.0,8730.074
2021-08-12 06:00:00,8857.0,8863.223
2021-08-12 07:00:00,8873.0,8866.036
2021-08-12 08:00:00,8985.0,8983.073
2021-08-12 09:00:00,9019.0,9018.985
2021-08-12 10:00:00,8960.0,8960.165
2021-08-12 11:00:00,8892.0,8892.867
2021-08-12 12:00:00,8851.0,8856.493
2021-08-12 13:00:00,8795.0,8795.574
2021-08-12 14:00:00,8770.0,8776.054
2021-08-12 15:00:00,8612.0,8610.769
2021-08-12 16:00:00,8633.0,8643.731
2021-08-12 17:00:00,8616.0,8618.267
2021-08-12 18:00:00,8522.0,8516.538
2021-08-12 19:00:00,8650.0,8653.059
2021-08-12 20:00:00,8342.0,8356.172
2021-08-12 21:00:00,7959.0,7976.655
2021-08-12 22:00:00,7674.0,7689.677
2021-08-12 23:00:00,7524.0,7511.9424
2021-08-13 00:00:00,7560.0,7572.451
2021-08-13 01:00:00,7629.0,7609.7803
2021-08-13 02:00:00,7787.0,7762.4507
2021-08-13 03:00:00,8250.0,8225.423
2021-08-13 04:00:00,8786.0,8829.631
2021-08-13 05:00:00,9039.0,9054.349
2021-08-13 06:00:00,9025.0,9020.017
2021-08-13 07:00:00,9053.0,9055.518
2021-08-13 08:00:00,9096.0,9105.098
2021-08-13 09:00:00,9094.0,9100.095
2021-08-13 10:00:00,9159.0,9160.638
2021-08-13 11:00:00,8852.0,8819.836
2021-08-13 12:00:00,8753.0,8761.809
2021-08-13 13:00:00,8732.0,8736.308
2021-08-13 14:00:00,8654.0,8645.104
2021-08-13 15:00:00,8592.0,8585.921
2021-08-13 16:00:00,8547.0,8537.59
2021-08-13 17:00:00,8445.0,8440.326
2021-08-13 18:00:00,8211.0,8205.386
2021-08-13 19:00:00,8337.0,8308.822
2021-08-13 20:00:00,7954.0,7951.433
2021-08-13 21:00:00,7492.0,7519.727
2021-08-13 22:00:00,8125.0,8125.0
2021-08-13 23:00:00,8114.0,8092.1826
2021-08-14 00:00:00,8090.5,8077.93
2021-08-14 01:00:00,8090.5,8087.9507
2021-08-14 02:00:00,8090.5,8089.518
2021-08-14 03:00:00,8090.5,8091.5923
2021-08-14 04:00:00,7237.0,7212.5386
2021-08-14 05:00:00,7548.0,7559.5527
2021-08-14 06:00:00,7785.0,7765.1274
2021-08-14 07:00:00,8064.0,8047.99
2021-08-14 08:00:00,8186.0,8195.407
2021-08-14 09:00:00,8242.0,8233.716
2021-08-14 10:00:00,8164.0,8153.275
2021-08-14 11:00:00,8117.0,8120.9233
2021-08-14 12:00:00,8159.0,8166.5996
2021-08-14 13:00:00,8259.0,8266.697
2021-08-14 14:00:00,8335.0,8326.96
2021-08-14 15:00:00,8259.0,8262.717
2021-08-14 16:00:00,8240.0,8250.503
2021-08-14 17:00:00,8066.0,8043.3374
2021-08-14 18:00:00,7736.0,7709.96
2021-08-14 19:00:00,7922.0,7933.549
2021-08-14 20:00:00,7612.0,7601.105
2021-08-14 21:00:00,7102.0,7132.7383
2021-08-14 22:00:00,6887.0,6933.079
2021-08-14 23:00:00,6795.0,6829.0225
2021-08-15 00:00:00,6792.0,6742.8633
2021-08-15 01:00:00,6682.0,6613.23
2021-08-15 02:00:00,6569.0,6664.689
2021-08-15 03:00:00,7674.0,7561.1274
2021-08-15 04:00:00,7674.0,7573.735
2021-08-15 05:00:00,7674.0,7616.1685
2021-08-15 06:00:00,7096.0,7073.255
2021-08-15 07:00:00,7584.0,7568.8022
2021-08-15 08:00:00,7852.0,7855.3066
2021-08-15 09:00:00,7954.0,7939.021
2021-08-15 10:00:00,7977.0,7962.4453
2021-08-15 11:00:00,7993.0,7991.303
2021-08-15 12:00:00,7971.0,7957.745
2021-08-15 13:00:00,7996.0,7993.4404
2021-08-15 14:00:00,8058.0,8049.0
2021-08-15 15:00:00,8112.0,8114.7627
2021-08-15 16:00:00,8224.0,8233.652
2021-08-15 17:00:00,8179.0,8164.2646
2021-08-15 18:00:00,7974.0,7958.4688
2021-08-15 19:00:00,8157.0,8150.044
2021-08-15 20:00:00,7978.0,7987.371
2021-08-15 21:00:00,7563.0,7575.207
2021-08-15 22:00:00,7994.5,7981.396
2021-08-15 23:00:00,8027.0,8029.5386
2021-08-16 00:00:00,8085.0,8086.828
2021-08-16 01:00:00,8134.5,8137.361
2021-08-16 02:00:00,8168.0,8174.338
2021-08-16 03:00:00,7834.0,7824.23
2021-08-16 04:00:00,8462.0,8440.512
2021-08-16 05:00:00,8714.0,8716.7
2021-08-16 06:00:00,8786.0,8799.849
2021-08-16 07:00:00,8909.0,8892.502
2021-08-16 08:00:00,8970.0,8967.784
2021-08-16 09:00:00,8940.0,8944.275
2021-08-16 10:00:00,8992.0,8996.532
2021-08-16 11:00:00,8941.0,8939.299
2021-08-16 12:00:00,8846.0,8841.963
2021-08-16 13:00:00,8736.0,8748.9375
2021-08-16 14:00:00,8663.0,8659.16
2021-08-16 15:00:00,8649.0,8655.193
2021-08-16 16:00:00,8734.0,8739.651
2021-08-16 17:00:00,8680.0,8680.89
2021-08-16 18:00:00,8490.0,8493.154
2021-08-16 19:00:00,8532.0,8530.515
2021-08-16 20:00:00,8185.0,8193.567
2021-08-16 21:00:00,8656.0,8648.393
2021-08-16 22:00:00,8656.0,8647.698
2021-08-16 23:00:00,8656.0,8653.542
2021-08-17 00:00:00,8656.0,8652.522
2021-08-17 01:00:00,8656.0,8654.009
2021-08-17 02:00:00,8656.0,8654.121
2021-08-17 03:00:00,7986.0,8029.1294
2021-08-17 04:00:00,8538.0,8549.872
2021-08-17 05:00:00,8783.0,8791.971
2021-08-17 06:00:00,8976.0,8976.473
2021-08-17 07:00:00,9088.0,9071.605
2021-08-17 08:00:00,9165.0,9164.628
2021-08-17 09:00:00,9219.0,9216.337
2021-08-17 10:00:00,9092.0,9080.9
2021-08-17 11:00:00,9022.0,9023.107
2021-08-17 12:00:00,8914.0,8920.483
2021-08-17 13:00:00,8876.0,8871.631
2021-08-17 14:00:00,8985.0,8981.648
2021-08-17 15:00:00,8906.0,8904.628
2021-08-17 16:00:00,8952.0,8949.8
2021-08-17 17:00:00,8827.0,8813.464
2021-08-17 18:00:00,8640.0,8642.964
2021-08-17 19:00:00,8559.0,8553.892
2021-08-17 20:00:00,8191.0,8191.6016
2021-08-17 21:00:00,8851.5,8855.417
2021-08-17 22:00:00,8851.5,8863.868
2021-08-17 23:00:00,8851.5,8851.967
2021-08-18 00:00:00,8851.5,8850.18
2021-08-18 01:00:00,8851.5,8851.195
2021-08-18 02:00:00,8857.0,8852.078
2021-08-18 03:00:00,8857.0,8854.306
2021-08-18 04:00:00,8601.0,8615.613
2021-08-18 05:00:00,8887.0,8934.436
2021-08-18 06:00:00,8984.0,8972.113
2021-08-18 07:00:00,9029.0,9026.911
2021-08-18 08:00:00,9109.0,9091.002
2021-08-18 09:00:00,9152.0,9145.583
2021-08-18 10:00:00,9142.0,9130.06
2021-08-18 11:00:00,9112.0,9106.122
2021-08-18 12:00:00,9126.0,9119.276
2021-08-18 13:00:00,9153.0,9141.149
2021-08-18 14:00:00,9148.0,9136.604
2021-08-18 15:00:00,9087.0,9083.114
2021-08-18 16:00:00,9172.0,9187.577
2021-08-18 17:00:00,9022.0,9029.236
2021-08-18 18:00:00,8713.0,8694.06
2021-08-18 19:00:00,8617.0,8621.264
2021-08-18 20:00:00,8960.5,8933.387
2021-08-18 21:00:00,8960.5,8973.386
2021-08-18 22:00:00,8960.5,8963.641
2021-08-18 23:00:00,8960.5,8961.116
2021-08-19 00:00:00,8960.5,8960.501
2021-08-19 01:00:00,8944.5,8943.265
2021-08-19 02:00:00,8887.0,8882.356
2021-08-19 03:00:00,8887.0,8899.076
2021-08-19 04:00:00,8700.0,8696.263
2021-08-19 05:00:00,8899.0,8906.387
2021-08-19 06:00:00,9080.0,9086.964
2021-08-19 07:00:00,9112.0,9098.384
2021-08-19 08:00:00,9177.0,9170.476
2021-08-19 09:00:00,9154.0,9135.553
2021-08-19 10:00:00,9086.0,9087.651
2021-08-19 11:00:00,9037.0,9045.085
2021-08-19 12:00:00,8990.0,8975.442
2021-08-19 13:00:00,8875.0,8881.054
2021-08-19 14:00:00,8983.0,8981.511
2021-08-19 15:00:00,8926.0,8923.326
2021-08-19 16:00:00,8950.0,8949.236
2021-08-19 17:00:00,8919.0,8908.942
2021-08-19 18:00:00,8708.0,8711.858
2021-08-19 19:00:00,8634.0,8613.735
2021-08-19 20:00:00,8255.0,8250.051
2021-08-19 21:00:00,8897.0,8892.675
2021-08-19 22:00:00,8897.0,8901.231
2021-08-19 23:00:00,8897.0,8896.757
2021-08-20 00:00:00,8897.0,8890.457
2021-08-20 01:00:00,8897.0,8891.576
2021-08-20 02:00:00,8922.5,8928.757
2021-08-20 03:00:00,8193.0,8158.402
2021-08-20 04:00:00,8726.0,8723.96
2021-08-20 05:00:00,9000.0,9030.736
2021-08-20 06:00:00,9016.0,9008.375
2021-08-20 07:00:00,9128.0,9132.416
2021-08-20 08:00:00,9197.0,9171.895
2021-08-20 09:00:00,9206.0,9199.889
2021-08-20 10:00:00,9119.0,9118.671
2021-08-20 11:00:00,9031.0,9041.331
2021-08-20 12:00:00,9059.0,9058.285
2021-08-20 13:00:00,8991.0,8986.727
2021-08-20 14:00:00,8946.0,8948.863
2021-08-20 15:00:00,8925.0,8936.116
2021-08-20 16:00:00,8908.0,8900.612
2021-08-20 17:00:00,8841.0,8836.8955
2021-08-20 18:00:00,8656.0,8649.009
2021-08-20 19:00:00,8634.0,8623.879
2021-08-20 20:00:00,8311.0,8316.811
2021-08-20 21:00:00,7840.0,7850.467
2021-08-20 22:00:00,8404.0,8411.689
2021-08-20 23:00:00,8398.5,8419.425
2021-08-21 00:00:00,8352.5,8342.97
2021-08-21 01:00:00,8352.5,8347.42
2021-08-21 02:00:00,8352.5,8341.76
2021-08-21 03:00:00,8352.5,8345.362
2021-08-21 04:00:00,8352.5,8341.346
2021-08-21 05:00:00,7929.0,7936.578
2021-08-21 06:00:00,8136.0,8128.495
2021-08-21 07:00:00,8334.0,8332.443
2021-08-21 08:00:00,8481.0,8459.97
2021-08-21 09:00:00,8474.0,8487.717
2021-08-21 10:00:00,8463.0,8455.298
2021-08-21 11:00:00,8371.0,8363.257
2021-08-21 12:00:00,8429.0,8416.4375
2021-08-21 13:00:00,8508.0,8525.0
2021-08-21 14:00:00,8608.0,8601.642
2021-08-21 15:00:00,8708.0,8705.713
2021-08-21 16:00:00,8740.0,8738.489
2021-08-21 17:00:00,8628.0,8632.012
2021-08-21 18:00:00,8510.0,8508.277
2021-08-21 19:00:00,8561.0,8567.919
2021-08-21 20:00:00,8294.0,8307.995
2021-08-21 21:00:00,7794.0,7803.616
2021-08-21 22:00:00,7417.0,7433.414
2021-08-21 23:00:00,8289.5,8360.642
2021-08-22 00:00:00,8266.0,8231.936
2021-08-22 01:00:00,8236.0,8245.09
2021-08-22 02:00:00,8218.5,8230.261
2021-08-22 03:00:00,8218.5,8220.837
2021-08-22 04:00:00,8218.5,8221.8125
2021-08-22 05:00:00,7610.0,7600.7754
2021-08-22 06:00:00,7891.0,7932.7617
2021-08-22 07:00:00,8116.0,8087.4907
2021-08-22 08:00:00,8285.0,8273.947
2021-08-22 09:00:00,8362.0,8347.076
2021-08-22 10:00:00,8338.0,8329.202
2021-08-22 11:00:00,8247.0,8241.929
2021-08-22 12:00:00,8225.0,8230.7
2021-08-22 13:00:00,8212.0,8208.568
2021-08-22 14:00:00,8284.0,8280.081
2021-08-22 15:00:00,8349.0,8347.955
2021-08-22 16:00:00,8434.0,8431.878
2021-08-22 17:00:00,8454.0,8446.439
2021-08-22 18:00:00,8384.0,8375.412
2021-08-22 19:00:00,8511.0,8503.389
2021-08-22 20:00:00,8138.0,8156.5356
2021-08-22 21:00:00,8311.0,8333.764
2021-08-22 22:00:00,8311.0,8312.481
2021-08-22 23:00:00,8316.5,8322.567
2021-08-23 00:00:00,8366.5,8362.162
2021-08-23 01:00:00,8409.0,8403.759
2021-08-23 02:00:00,8444.0,8437.713
2021-08-23 03:00:00,7893.0,7906.1343
2021-08-23 04:00:00,8477.0,8477.645
2021-08-23 05:00:00,8726.0,8730.606
2021-08-23 06:00:00,8737.0,8747.792
2021-08-23 07:00:00,8706.0,8709.997
2021-08-23 08:00:00,8762.0,8771.595
2021-08-23 09:00:00,8784.0,8783.946
2021-08-23 10:00:00,8715.0,8708.872
2021-08-23 11:00:00,8646.0,8650.731
2021-08-23 12:00:00,8554.0,8569.729
2021-08-23 13:00:00,8551.0,8558.1
2021-08-23 14:00:00,8571.0,8568.3955
2021-08-23 15:00:00,8667.0,8672.574
2021-08-23 16:00:00,8777.0,8776.464
2021-08-23 17:00:00,8752.0,8752.399
2021-08-23 18:00:00,8566.0,8556.816
2021-08-23 19:00:00,8562.0,8579.575
2021-08-23 20:00:00,8383.0,8403.642
2021-08-23 21:00:00,8428.5,8414.325
2021-08-23 22:00:00,8428.5,8433.279
2021-08-23 23:00:00,8428.5,8429.464
2021-08-24 00:00:00,8428.5,8429.8955
2021-08-24 01:00:00,8428.5,8430.846
2021-08-24 02:00:00,8428.5,8430.557
2021-08-24 03:00:00,8428.5,8435.562
2021-08-24 04:00:00,8253.0,8280.255
2021-08-24 05:00:00,8384.0,8378.705
2021-08-24 06:00:00,8453.0,8456.46
2021-08-24 07:00:00,8382.0,8383.477
2021-08-24 08:00:00,8404.0,8395.256
2021-08-24 09:00:00,8632.0,8630.392
2021-08-24 10:00:00,8558.0,8533.941
2021-08-24 11:00:00,8505.0,8507.909
2021-08-24 12:00:00,8527.0,8512.517
2021-08-24 13:00:00,8530.0,8523.091
2021-08-24 14:00:00,8608.0,8606.74
2021-08-24 15:00:00,8563.0,8558.615
2021-08-24 16:00:00,8697.0,8699.413
2021-08-24 17:00:00,8675.0,8669.528
2021-08-24 18:00:00,8581.0,8592.004
2021-08-24 19:00:00,8532.0,8535.267
2021-08-24 20:00:00,8294.0,8308.871
2021-08-24 21:00:00,8545.0,8568.959
2021-08-24 22:00:00,8545.0,8540.985
2021-08-24 23:00:00,8547.5,8545.283
2021-08-25 00:00:00,8572.0,8567.534
2021-08-25 01:00:00,8594.5,8586.637
2021-08-25 02:00:00,8641.5,8634.043
2021-08-25 03:00:00,8255.0,8250.605
2021-08-25 04:00:00,8751.0,8764.936
2021-08-25 05:00:00,8885.0,8884.581
2021-08-25 06:00:00,9044.0,9053.692
2021-08-25 07:00:00,9344.0,9344.818
2021-08-25 08:00:00,9433.0,9435.972
2021-08-25 09:00:00,9431.0,9439.141
2021-08-25 10:00:00,9285.0,9275.879
2021-08-25 11:00:00,9209.0,9207.161
2021-08-25 12:00:00,9201.0,9209.917
2021-08-25 13:00:00,9169.0,9165.196
2021-08-25 14:00:00,9113.0,9124.292
2021-08-25 15:00:00,9190.0,9188.181
2021-08-25 16:00:00,9264.0,9261.911
2021-08-25 17:00:00,9113.0,9106.632
2021-08-25 18:00:00,8901.0,8920.953
2021-08-25 19:00:00,8727.0,8715.877
2021-08-25 20:00:00,8337.0,8305.504
2021-08-25 21:00:00,9067.0,9055.975
2021-08-25 22:00:00,9067.0,9052.746
2021-08-25 23:00:00,9067.0,9064.513
2021-08-26 00:00:00,9067.0,9063.249
2021-08-26 01:00:00,9067.0,9064.52
2021-08-26 02:00:00,9060.5,9052.599
2021-08-26 03:00:00,8191.0,8217.898
2021-08-26 04:00:00,8619.0,8664.057
2021-08-26 05:00:00,9021.0,9037.129
2021-08-26 06:00:00,9179.0,9156.831
2021-08-26 07:00:00,9266.0,9273.656
2021-08-26 08:00:00,9361.0,9355.298
2021-08-26 09:00:00,9460.0,9465.388
2021-08-26 10:00:00,9357.0,9356.172
2021-08-26 11:00:00,9204.0,9226.436
2021-08-26 12:00:00,9150.0,9161.574
2021-08-26 13:00:00,9100.0,9106.04
2021-08-26 14:00:00,9064.0,9063.0
2021-08-26 15:00:00,8998.0,8997.952
2021-08-26 16:00:00,9112.0,9117.9
2021-08-26 17:00:00,9036.0,9022.839
2021-08-26 18:00:00,8834.0,8850.939
2021-08-26 19:00:00,8746.0,8749.287
2021-08-26 20:00:00,8356.0,8340.786
2021-08-26 21:00:00,9017.0,9003.855
2021-08-26 22:00:00,9017.0,9014.377
2021-08-26 23:00:00,9017.0,9017.271
2021-08-27 00:00:00,9017.0,9018.374
2021-08-27 01:00:00,8997.5,8995.044
2021-08-27 02:00:00,8997.5,8992.958
2021-08-27 03:00:00,8997.5,8991.253
2021-08-27 04:00:00,8772.0,8762.656
2021-08-27 05:00:00,9112.0,9120.401
2021-08-27 06:00:00,9322.0,9316.238
2021-08-27 07:00:00,9302.0,9311.38
2021-08-27 08:00:00,9251.0,9249.078
2021-08-27 09:00:00,9236.0,9245.482
2021-08-27 10:00:00,9168.0,9156.789
2021-08-27 11:00:00,9063.0,9076.177
2021-08-27 12:00:00,8997.0,9004.346
2021-08-27 13:00:00,9007.0,8998.77
2021-08-27 14:00:00,9000.0,9003.28
2021-08-27 15:00:00,9056.0,9049.646
2021-08-27 16:00:00,9095.0,9089.086
2021-08-27 17:00:00,8981.0,8985.86
2021-08-27 18:00:00,8846.0,8846.734
2021-08-27 19:00:00,8770.0,8777.246
2021-08-27 20:00:00,8495.0,8492.987
2021-08-27 21:00:00,8048.0,8029.0674
2021-08-27 22:00:00,8484.5,8516.288
2021-08-27 23:00:00,8468.0,8504.289
2021-08-28 00:00:00,8434.0,8433.924
2021-08-28 01:00:00,8371.0,8372.293
2021-08-28 02:00:00,8331.0,8328.45
2021-08-28 03:00:00,8331.0,8331.424
2021-08-28 04:00:00,8331.0,8327.998
2021-08-28 05:00:00,8095.0,8093.523
2021-08-28 06:00:00,8323.0,8361.135
2021-08-28 07:00:00,8474.0,8474.06
2021-08-28 08:00:00,8553.0,8567.615
2021-08-28 09:00:00,8462.0,8462.031
2021-08-28 10:00:00,8406.0,8404.799
2021-08-28 11:00:00,8336.0,8341.426
2021-08-28 12:00:00,8315.0,8312.456
2021-08-28 13:00:00,8326.0,8327.556
2021-08-28 14:00:00,8384.0,8385.7
2021-08-28 15:00:00,8456.0,8456.282
2021-08-28 16:00:00,8508.0,8517.543
2021-08-28 17:00:00,8444.0,8450.906
2021-08-28 18:00:00,8374.0,8374.997
2021-08-28 19:00:00,8344.0,8335.718
2021-08-28 20:00:00,8117.0,8146.081
2021-08-28 21:00:00,7653.0,7662.2188
2021-08-28 22:00:00,7797.0,7819.7476
2021-08-28 23:00:00,7768.5,7774.919
2021-08-29 00:00:00,7751.0,7761.9746
2021-08-29 01:00:00,7734.5,7739.1475
2021-08-29 02:00:00,7708.0,7697.4146
2021-08-29 03:00:00,7684.5,7687.328
2021-08-29 04:00:00,7684.5,7678.2817
2021-08-29 05:00:00,7562.0,7562.524
2021-08-29 06:00:00,7728.0,7720.744
2021-08-29 07:00:00,7776.0,7800.708
2021-08-29 08:00:00,7818.0,7826.9883
2021-08-29 09:00:00,7761.0,7784.6567
2021-08-29 10:00:00,7741.0,7742.9644
2021-08-29 11:00:00,7688.0,7690.1694
2021-08-29 12:00:00,7681.0,7689.564
2021-08-29 13:00:00,7651.0,7644.8394
2021-08-29 14:00:00,7650.0,7652.256
2021-08-29 15:00:00,7724.0,7726.346
2021-08-29 16:00:00,7861.0,7858.776
2021-08-29 17:00:00,7827.0,7825.5415
2021-08-29 18:00:00,7771.0,7773.109
2021-08-29 19:00:00,7899.0,7920.5093
2021-08-29 20:00:00,7772.0,7740.8657
2021-08-29 21:00:00,7524.0,7545.16
2021-08-29 22:00:00,7756.0,7748.894
2021-08-29 23:00:00,7771.5,7752.149
2021-08-30 00:00:00,7799.5,7798.266
2021-08-30 01:00:00,7844.0,7845.928
2021-08-30 02:00:00,7501.0,7484.845
2021-08-30 03:00:00,7878.0,7864.579
2021-08-30 04:00:00,8279.0,8264.422
2021-08-30 05:00:00,8450.0,8449.724
2021-08-30 06:00:00,8553.0,8553.698
2021-08-30 07:00:00,8522.0,8534.445
2021-08-30 08:00:00,8654.0,8668.328
2021-08-30 09:00:00,8984.0,8953.732
2021-08-30 10:00:00,8911.0,8912.515
2021-08-30 11:00:00,8839.0,8840.675
2021-08-30 12:00:00,8749.0,8748.145
2021-08-30 13:00:00,8763.0,8769.568
2021-08-30 14:00:00,8714.0,8707.372
2021-08-30 15:00:00,8672.0,8675.458
2021-08-30 16:00:00,8789.0,8780.547
2021-08-30 17:00:00,8817.0,8816.537
2021-08-30 18:00:00,8697.0,8688.184
2021-08-30 19:00:00,8568.0,8565.939
2021-08-30 20:00:00,8172.0,8190.8765
2021-08-30 21:00:00,8705.5,8696.02
2021-08-30 22:00:00,8705.5,8694.51
2021-08-30 23:00:00,8705.5,8700.575
2021-08-31 00:00:00,8694.5,8687.213
2021-08-31 01:00:00,8682.0,8681.086
2021-08-31 02:00:00,8667.5,8668.294
2021-08-31 03:00:00,8149.0,8175.34
2021-08-31 04:00:00,8663.0,8646.88
2021-08-31 05:00:00,8811.0,8815.61
2021-08-31 06:00:00,8947.0,8934.287
2021-08-31 07:00:00,8957.0,8973.068
2021-08-31 08:00:00,8960.0,8967.49
2021-08-31 09:00:00,8959.0,8968.876
2021-08-31 10:00:00,8851.0,8856.576
2021-08-31 11:00:00,8692.0,8678.59
2021-08-31 12:00:00,8622.0,8625.836
2021-08-31 13:00:00,8619.0,8630.991
2021-08-31 14:00:00,8656.0,8661.903
2021-08-31 15:00:00,8624.0,8603.737
2021-08-31 16:00:00,8747.0,8743.783
2021-08-31 17:00:00,8754.0,8758.528
2021-08-31 18:00:00,8523.0,8531.25
2021-08-31 19:00:00,8329.0,8349.17
2021-08-31 20:00:00,8007.0,8018.3384
2021-08-31 21:00:00,8620.5,8616.732
2021-08-31 22:00:00,8620.5,8627.365
2021-08-31 23:00:00,8620.5,8620.353
2021-09-01 00:00:00,8620.5,8619.938
2021-09-01 01:00:00,8607.5,8606.992
2021-09-01 02:00:00,8573.5,8566.227
2021-09-01 03:00:00,7896.0,7862.8965
2021-09-01 04:00:00,8486.0,8500.213
2021-09-01 05:00:00,8799.0,8786.854
2021-09-01 06:00:00,8949.0,8947.642
2021-09-01 07:00:00,8951.0,8943.858
2021-09-01 08:00:00,8959.0,8957.53
2021-09-01 09:00:00,8916.0,8917.225
2021-09-01 10:00:00,8818.0,8813.6045
2021-09-01 11:00:00,8708.0,8710.759
2021-09-01 12:00:00,8596.0,8590.94
2021-09-01 13:00:00,8551.0,8550.942
2021-09-01 14:00:00,8546.0,8548.202
2021-09-01 15:00:00,8563.0,8555.136
2021-09-01 16:00:00,8789.0,8763.633
2021-09-01 17:00:00,8756.0,8766.552
2021-09-01 18:00:00,8735.0,8742.039
2021-09-01 19:00:00,8688.0,8679.652
2021-09-01 20:00:00,8492.0,8501.087
2021-09-01 21:00:00,8605.0,8601.531
2021-09-01 22:00:00,8605.0,8587.692
2021-09-01 23:00:00,8605.0,8588.355
2021-09-02 00:00:00,8605.0,8588.846
2021-09-02 01:00:00,8651.0,8639.435
2021-09-02 02:00:00,8711.5,8702.692
2021-09-02 03:00:00,8520.0,8508.565
2021-09-02 04:00:00,8614.0,8618.919
2021-09-02 05:00:00,8935.0,8950.54
2021-09-02 06:00:00,9030.0,9026.808
2021-09-02 07:00:00,8981.0,8979.389
2021-09-02 08:00:00,8997.0,8997.2705
2021-09-02 09:00:00,9006.0,8994.9375
2021-09-02 10:00:00,8930.0,8924.477
2021-09-02 11:00:00,8877.0,8880.633
2021-09-02 12:00:00,8854.0,8853.843
2021-09-02 13:00:00,8856.0,8863.717
2021-09-02 14:00:00,9033.0,9028.53
2021-09-02 15:00:00,9063.0,9049.665
2021-09-02 16:00:00,9168.0,9177.784
2021-09-02 17:00:00,9234.0,9244.151
2021-09-02 18:00:00,8946.0,8946.646
2021-09-02 19:00:00,8718.0,8725.173
2021-09-02 20:00:00,8463.0,8463.537
2021-09-02 21:00:00,7938.0,7943.56
2021-09-02 22:00:00,8903.5,8913.978
2021-09-02 23:00:00,8911.5,8913.22
2021-09-03 00:00:00,8980.0,8968.119
2021-09-03 01:00:00,8980.0,8977.647
2021-09-03 02:00:00,7964.0,7968.987
2021-09-03 03:00:00,8526.0,8542.768
2021-09-03 04:00:00,9075.0,9099.978
2021-09-03 05:00:00,9312.0,9306.495
2021-09-03 06:00:00,9459.0,9447.962
2021-09-03 07:00:00,9352.0,9351.545
2021-09-03 08:00:00,9339.0,9322.315
2021-09-03 09:00:00,9320.0,9319.682
2021-09-03 10:00:00,9140.0,9142.792
2021-09-03 11:00:00,9014.0,9022.092
2021-09-03 12:00:00,8906.0,8909.157
2021-09-03 13:00:00,8847.0,8846.776
2021-09-03 14:00:00,8846.0,8848.441
2021-09-03 15:00:00,8905.0,8911.289
2021-09-03 16:00:00,8974.0,8967.79
2021-09-03 17:00:00,8979.0,8974.424
2021-09-03 18:00:00,8810.0,8813.918
2021-09-03 19:00:00,8664.0,8665.593
2021-09-03 20:00:00,8361.0,8376.443
2021-09-03 21:00:00,7905.0,7892.873
2021-09-03 22:00:00,8377.5,8394.484
2021-09-03 23:00:00,8377.5,8394.18
2021-09-04 00:00:00,8369.0,8370.236
2021-09-04 01:00:00,8369.0,8366.655
2021-09-04 02:00:00,8369.0,8368.462
2021-09-04 03:00:00,8369.0,8369.448
2021-09-04 04:00:00,8369.0,8366.71
2021-09-04 05:00:00,8022.0,8002.4688
2021-09-04 06:00:00,8177.0,8187.1245
2021-09-04 07:00:00,8290.0,8285.013
2021-09-04 08:00:00,8394.0,8388.274
2021-09-04 09:00:00,8460.0,8462.602
2021-09-04 10:00:00,8446.0,8442.119
2021-09-04 11:00:00,8377.0,8370.602
2021-09-04 12:00:00,8491.0,8485.89
2021-09-04 13:00:00,8456.0,8457.759
2021-09-04 14:00:00,8589.0,8595.868
2021-09-04 15:00:00,8734.0,8746.264
2021-09-04 16:00:00,8766.0,8769.166
2021-09-04 17:00:00,8649.0,8653.725
2021-09-04 18:00:00,8607.0,8608.298
2021-09-04 19:00:00,8637.0,8636.423
2021-09-04 20:00:00,8471.0,8479.653
2021-09-04 21:00:00,8287.0,8272.521
2021-09-04 22:00:00,8092.0,8089.2876
2021-09-04 23:00:00,8008.0,8001.305
2021-09-05 00:00:00,8004.0,8004.499
2021-09-05 01:00:00,8085.0,8075.1636
2021-09-05 02:00:00,8213.0,8215.93
2021-09-05 03:00:00,8187.0,8172.164
2021-09-05 04:00:00,8200.0,8197.299
2021-09-05 05:00:00,8307.0,8311.523
2021-09-05 06:00:00,8280.0,8289.477
2021-09-05 07:00:00,8216.0,8227.734
2021-09-05 08:00:00,8145.0,8155.9727
2021-09-05 09:00:00,8136.0,8130.4775
2021-09-05 10:00:00,8207.0,8198.202
2021-09-05 11:00:00,8286.0,8286.538
2021-09-05 12:00:00,8338.0,8333.371
2021-09-05 13:00:00,8369.0,8357.1455
2021-09-05 14:00:00,8418.0,8411.958
2021-09-05 15:00:00,8408.0,8398.403
2021-09-05 16:00:00,8484.0,8485.266
2021-09-05 17:00:00,8578.0,8572.912
2021-09-05 18:00:00,8464.0,8458.605
2021-09-05 19:00:00,8549.0,8546.761
2021-09-05 20:00:00,8580.0,8558.471
2021-09-05 21:00:00,8336.0,8349.566
2021-09-05 22:00:00,8100.0,8137.5225
2021-09-05 23:00:00,8474.0,8467.199
2021-09-06 00:00:00,8516.5,8537.238
2021-09-06 01:00:00,8095.0,8106.4346
2021-09-06 02:00:00,8336.0,8361.093
2021-09-06 03:00:00,8654.0,8655.38
2021-09-06 04:00:00,8858.0,8855.077
2021-09-06 05:00:00,9012.0,9023.44
2021-09-06 06:00:00,9053.0,9068.621
2021-09-06 07:00:00,8980.0,8987.44
2021-09-06 08:00:00,8956.0,8961.05
2021-09-06 09:00:00,8932.0,8923.326
2021-09-06 10:00:00,8832.0,8836.184
2021-09-06 11:00:00,8868.0,8876.551
2021-09-06 12:00:00,8845.0,8840.262
2021-09-06 13:00:00,8826.0,8829.366
2021-09-06 14:00:00,8847.0,8860.359
2021-09-06 15:00:00,8748.0,8746.827
2021-09-06 16:00:00,8818.0,8816.782
2021-09-06 17:00:00,9009.0,8993.394
2021-09-06 18:00:00,8813.0,8808.533
2021-09-06 19:00:00,8653.0,8658.478
2021-09-06 20:00:00,8352.0,8362.515
2021-09-06 21:00:00,8822.0,8796.919
2021-09-06 22:00:00,8822.0,8822.456
2021-09-06 23:00:00,8822.0,8817.842
2021-09-07 00:00:00,8822.0,8814.743
2021-09-07 01:00:00,8822.0,8816.389
2021-09-07 02:00:00,8825.0,8818.846
2021-09-07 03:00:00,8427.0,8434.692
2021-09-07 04:00:00,8832.0,8833.606
2021-09-07 05:00:00,9085.0,9085.752
2021-09-07 06:00:00,9175.0,9163.69
2021-09-07 07:00:00,9143.0,9145.109
2021-09-07 08:00:00,9164.0,9165.614
2021-09-07 09:00:00,9218.0,9209.967
2021-09-07 10:00:00,9196.0,9192.453
2021-09-07 11:00:00,9232.0,9219.513
2021-09-07 12:00:00,8992.0,8949.46
2021-09-07 13:00:00,8935.0,8941.104
2021-09-07 14:00:00,8922.0,8915.56
2021-09-07 15:00:00,8860.0,8860.758
2021-09-07 16:00:00,8962.0,8949.6455
2021-09-07 17:00:00,9064.0,9062.902
2021-09-07 18:00:00,8756.0,8754.545
2021-09-07 19:00:00,8613.0,8607.364
2021-09-07 20:00:00,8308.0,8289.464
2021-09-07 21:00:00,8891.0,8887.837
2021-09-07 22:00:00,8891.0,8888.968
2021-09-07 23:00:00,8891.0,8895.679
2021-09-08 00:00:00,8891.0,8890.85
2021-09-08 01:00:00,8856.5,8854.503
2021-09-08 02:00:00,7689.0,7742.0913
2021-09-08 03:00:00,8258.0,8286.188
2021-09-08 04:00:00,8704.0,8716.186
2021-09-08 05:00:00,8983.0,9004.348
2021-09-08 06:00:00,9210.0,9197.992
2021-09-08 07:00:00,9262.0,9264.203
2021-09-08 08:00:00,9298.0,9298.185
2021-09-08 09:00:00,9267.0,9264.212
2021-09-08 10:00:00,9124.0,9127.507
2021-09-08 11:00:00,8954.0,8961.964
2021-09-08 12:00:00,8853.0,8841.352
2021-09-08 13:00:00,8780.0,8789.013
2021-09-08 14:00:00,8797.0,8795.034
2021-09-08 15:00:00,8760.0,8759.416
2021-09-08 16:00:00,8896.0,8903.578
2021-09-08 17:00:00,9002.0,8997.259
2021-09-08 18:00:00,8642.0,8653.598
2021-09-08 19:00:00,8486.0,8492.284
2021-09-08 20:00:00,8171.0,8167.062
2021-09-08 21:00:00,8770.0,8734.425
2021-09-08 22:00:00,8770.0,8789.477
2021-09-08 23:00:00,8770.0,8773.185
2021-09-09 00:00:00,8770.0,8775.248
2021-09-09 01:00:00,8770.0,8775.993
2021-09-09 02:00:00,8778.5,8776.012
2021-09-09 03:00:00,8227.0,8233.374
2021-09-09 04:00:00,8685.0,8689.189
2021-09-09 05:00:00,8974.0,8979.973
2021-09-09 06:00:00,9077.0,9068.658
2021-09-09 07:00:00,9105.0,9085.675
2021-09-09 08:00:00,9194.0,9200.719
2021-09-09 09:00:00,9202.0,9192.982
2021-09-09 10:00:00,9043.0,9028.647
2021-09-09 11:00:00,9071.0,9066.285
2021-09-09 12:00:00,8992.0,8991.876
2021-09-09 13:00:00,8940.0,8947.205
2021-09-09 14:00:00,8924.0,8911.924
2021-09-09 15:00:00,8824.0,8816.492
2021-09-09 16:00:00,8912.0,8904.77
2021-09-09 17:00:00,9050.0,9067.306
2021-09-09 18:00:00,8738.0,8753.926
2021-09-09 19:00:00,8586.0,8599.356
2021-09-09 20:00:00,8317.0,8307.434
2021-09-09 21:00:00,8876.5,8895.09
2021-09-09 22:00:00,8876.5,8889.823
2021-09-09 23:00:00,8832.5,8845.99
2021-09-10 00:00:00,8820.5,8824.866
2021-09-10 01:00:00,8777.5,8780.267
2021-09-10 02:00:00,7964.0,7952.339
2021-09-10 03:00:00,8416.0,8464.519
2021-09-10 04:00:00,8841.0,8851.521
2021-09-10 05:00:00,8976.0,8998.845
2021-09-10 06:00:00,9066.0,9064.335
2021-09-10 07:00:00,9025.0,9024.395
2021-09-10 08:00:00,9019.0,9014.266
2021-09-10 09:00:00,8989.0,8984.605
2021-09-10 10:00:00,8817.0,8825.798
2021-09-10 11:00:00,8702.0,8718.957
2021-09-10 12:00:00,8635.0,8637.927
2021-09-10 13:00:00,8633.0,8638.743
2021-09-10 14:00:00,8656.0,8666.099
2021-09-10 15:00:00,8611.0,8598.636
2021-09-10 16:00:00,8698.0,8701.146
2021-09-10 17:00:00,8862.0,8849.54
2021-09-10 18:00:00,8536.0,8523.822
2021-09-10 19:00:00,8394.0,8392.333
2021-09-10 20:00:00,8139.0,8169.879
2021-09-10 21:00:00,8243.5,8243.762
2021-09-10 22:00:00,8240.5,8240.969
2021-09-10 23:00:00,8205.5,8221.786
2021-09-11 00:00:00,8173.0,8184.7676
2021-09-11 01:00:00,8144.0,8149.731
2021-09-11 02:00:00,8144.0,8151.1123
2021-09-11 03:00:00,8144.0,8152.161
2021-09-11 04:00:00,8144.0,8149.1235
2021-09-11 05:00:00,7804.0,7819.445
2021-09-11 06:00:00,8021.0,8017.088
2021-09-11 07:00:00,8197.0,8188.501
2021-09-11 08:00:00,8290.0,8291.715
2021-09-11 09:00:00,8284.0,8279.607
2021-09-11 10:00:00,8214.0,8222.077
2021-09-11 11:00:00,8149.0,8148.8364
2021-09-11 12:00:00,8136.0,8126.3896
2021-09-11 13:00:00,8272.0,8257.722
2021-09-11 14:00:00,8356.0,8346.731
2021-09-11 15:00:00,8484.0,8477.57
2021-09-11 16:00:00,8565.0,8574.2
2021-09-11 17:00:00,8632.0,8640.565
2021-09-11 18:00:00,8264.0,8257.068
2021-09-11 19:00:00,8155.0,8170.5986
2021-09-11 20:00:00,7866.0,7882.2705
2021-09-11 21:00:00,7488.0,7490.591
2021-09-11 22:00:00,7140.0,7130.6133
2021-09-11 23:00:00,7030.0,7023.6455
2021-09-12 00:00:00,8085.0,8040.897
2021-09-12 01:00:00,7052.0,7025.6387
2021-09-12 02:00:00,7132.0,7203.622
2021-09-12 03:00:00,7232.0,7210.4497
2021-09-12 04:00:00,7240.0,7266.032
2021-09-12 05:00:00,7502.0,7474.4263
2021-09-12 06:00:00,7827.0,7840.711
2021-09-12 07:00:00,8034.0,8024.188
2021-09-12 08:00:00,8254.0,8227.85
2021-09-12 09:00:00,8486.0,8505.448
2021-09-12 10:00:00,8384.0,8363.752
2021-09-12 11:00:00,8147.0,8142.9497
2021-09-12 12:00:00,8237.0,8240.994
2021-09-12 13:00:00,8216.0,8214.159
2021-09-12 14:00:00,8268.0,8263.18
2021-09-12 15:00:00,8324.0,8328.765
2021-09-12 16:00:00,8446.0,8442.941
2021-09-12 17:00:00,8517.0,8514.093
2021-09-12 18:00:00,8181.0,8179.1846
2021-09-12 19:00:00,8205.0,8211.658
2021-09-12 20:00:00,7996.0,8021.0396
2021-09-12 21:00:00,7580.0,7582.6387
2021-09-12 22:00:00,8226.5,8190.317
2021-09-12 23:00:00,8226.5,8236.676
2021-09-13 00:00:00,8252.5,8248.209
2021-09-13 01:00:00,8296.0,8290.226
2021-09-13 02:00:00,8385.0,8398.172
2021-09-13 03:00:00,8184.0,8173.0605
2021-09-13 04:00:00,8558.0,8547.411
2021-09-13 05:00:00,8751.0,8752.916
2021-09-13 06:00:00,8958.0,8956.744
2021-09-13 07:00:00,8978.0,8982.615
2021-09-13 08:00:00,9027.0,9030.945
2021-09-13 09:00:00,9008.0,9001.995
2021-09-13 10:00:00,8892.0,8889.847
2021-09-13 11:00:00,8821.0,8824.602
2021-09-13 12:00:00,8807.0,8809.084
2021-09-13 13:00:00,8752.0,8743.016
2021-09-13 14:00:00,8828.0,8833.056
2021-09-13 15:00:00,8830.0,8824.367
2021-09-13 16:00:00,9033.0,9031.091
2021-09-13 17:00:00,9264.0,9265.175
2021-09-13 18:00:00,8949.0,8926.785
2021-09-13 19:00:00,8867.0,8861.088
2021-09-13 20:00:00,8605.0,8595.764
2021-09-13 21:00:00,8829.0,8806.892
2021-09-13 22:00:00,8829.0,8821.199
2021-09-13 23:00:00,8829.0,8833.504
2021-09-14 00:00:00,8848.5,8861.007
2021-09-14 01:00:00,8908.0,8913.378
2021-09-14 02:00:00,8991.0,8996.598
2021-09-14 03:00:00,8782.0,8785.708
2021-09-14 04:00:00,9164.0,9152.96
2021-09-14 05:00:00,9328.0,9320.697
2021-09-14 06:00:00,9410.0,9407.354
2021-09-14 07:00:00,9359.0,9364.324
2021-09-14 08:00:00,9397.0,9396.314
2021-09-14 09:00:00,9416.0,9414.756
2021-09-14 10:00:00,9281.0,9293.457
2021-09-14 11:00:00,9198.0,9199.864
2021-09-14 12:00:00,9132.0,9126.184
2021-09-14 13:00:00,9127.0,9139.608
2021-09-14 14:00:00,9159.0,9138.987
2021-09-14 15:00:00,9170.0,9178.59
2021-09-14 16:00:00,9268.0,9284.566
2021-09-14 17:00:00,9485.0,9481.652
2021-09-14 18:00:00,9064.0,9064.867
2021-09-14 19:00:00,8923.0,8939.832
2021-09-14 20:00:00,8615.0,8605.41
2021-09-14 21:00:00,9129.5,9134.204
2021-09-14 22:00:00,9129.5,9132.66
2021-09-14 23:00:00,9129.5,9122.077
2021-09-15 00:00:00,9127.0,9121.075
2021-09-15 01:00:00,9127.0,9124.485
2021-09-15 02:00:00,9131.5,9128.409
2021-09-15 03:00:00,8767.0,8747.391
2021-09-15 04:00:00,9127.0,9132.6045
2021-09-15 05:00:00,9375.0,9356.755
2021-09-15 06:00:00,9532.0,9543.65
2021-09-15 07:00:00,9443.0,9434.576
2021-09-15 08:00:00,9411.0,9396.542
2021-09-15 09:00:00,9221.0,9223.074
2021-09-15 10:00:00,9183.0,9186.372
2021-09-15 11:00:00,9060.0,9049.906
2021-09-15 12:00:00,9136.0,9142.136
2021-09-15 13:00:00,9169.0,9152.5
2021-09-15 14:00:00,9211.0,9225.053
2021-09-15 15:00:00,9250.0,9241.171
2021-09-15 16:00:00,9492.0,9502.305
2021-09-15 17:00:00,9693.0,9709.415
2021-09-15 18:00:00,9277.0,9254.006
2021-09-15 19:00:00,9085.0,9074.123
2021-09-15 20:00:00,8793.0,8778.85
2021-09-15 21:00:00,9176.0,9202.492
2021-09-15 22:00:00,9176.0,9190.101
2021-09-15 23:00:00,9190.0,9182.655
2021-09-16 00:00:00,9227.0,9218.271
2021-09-16 01:00:00,9246.5,9224.452
2021-09-16 02:00:00,9254.5,9267.408
2021-09-16 03:00:00,8834.0,8850.1
2021-09-16 04:00:00,9243.0,9217.499
2021-09-16 05:00:00,9406.0,9417.162
2021-09-16 06:00:00,9475.0,9455.957
2021-09-16 07:00:00,9445.0,9442.189
2021-09-16 08:00:00,9418.0,9402.422
2021-09-16 09:00:00,9326.0,9330.589
2021-09-16 10:00:00,9259.0,9264.996
2021-09-16 11:00:00,9287.0,9286.549
2021-09-16 12:00:00,9277.0,9263.406
2021-09-16 13:00:00,9288.0,9288.0625
2021-09-16 14:00:00,9359.0,9349.697
2021-09-16 15:00:00,9361.0,9369.93
2021-09-16 16:00:00,9548.0,9549.71
2021-09-16 17:00:00,9758.0,9768.509
2021-09-16 18:00:00,9273.0,9269.826
2021-09-16 19:00:00,9084.0,9069.664
2021-09-16 20:00:00,8798.0,8801.393
2021-09-16 21:00:00,9282.0,9281.483
2021-09-16 22:00:00,9282.0,9296.15
2021-09-16 23:00:00,9287.5,9278.749
2021-09-17 00:00:00,9315.0,9300.79
2021-09-17 01:00:00,9315.0,9312.001
2021-09-17 02:00:00,9309.5,9307.057
2021-09-17 03:00:00,8987.0,8999.868
2021-09-17 04:00:00,9342.0,9361.929
2021-09-17 05:00:00,9612.0,9590.984
2021-09-17 06:00:00,9658.0,9649.908
2021-09-17 07:00:00,9598.0,9587.529
2021-09-17 08:00:00,9557.0,9547.022
2021-09-17 09:00:00,9407.0,9405.773
2021-09-17 10:00:00,9384.0,9384.946
2021-09-17 11:00:00,9345.0,9329.881
2021-09-17 12:00:00,9257.0,9247.557
2021-09-17 13:00:00,9277.0,9273.745
2021-09-17 14:00:00,9342.0,9337.362
2021-09-17 15:00:00,9336.0,9338.65
2021-09-17 16:00:00,9453.0,9453.654
2021-09-17 17:00:00,9571.0,9572.222
2021-09-17 18:00:00,9136.0,9135.363
2021-09-17 19:00:00,9017.0,9011.565
2021-09-17 20:00:00,8678.0,8674.109
2021-09-17 21:00:00,8667.5,8665.547
2021-09-17 22:00:00,8667.5,8661.504
2021-09-17 23:00:00,8667.5,8671.596
2021-09-18 00:00:00,8650.5,8645.874
2021-09-18 01:00:00,8639.5,8644.333
2021-09-18 02:00:00,8639.5,8644.972
2021-09-18 03:00:00,8639.5,8646.064
2021-09-18 04:00:00,8165.0,8182.616
2021-09-18 05:00:00,8324.0,8336.732
2021-09-18 06:00:00,8520.0,8521.15
2021-09-18 07:00:00,8644.0,8622.042
2021-09-18 08:00:00,8657.0,8644.638
2021-09-18 09:00:00,8719.0,8726.094
2021-09-18 10:00:00,8695.0,8699.576
2021-09-18 11:00:00,8635.0,8644.055
2021-09-18 12:00:00,8615.0,8628.621
2021-09-18 13:00:00,8713.0,8713.324
2021-09-18 14:00:00,8827.0,8832.411
2021-09-18 15:00:00,8976.0,8992.301
2021-09-18 16:00:00,9135.0,9117.16
2021-09-18 17:00:00,9266.0,9268.44
2021-09-18 18:00:00,8803.0,8796.432
2021-09-18 19:00:00,8750.0,8753.662
2021-09-18 20:00:00,8547.0,8511.574
2021-09-18 21:00:00,8155.0,8154.5176
2021-09-18 22:00:00,7825.0,7850.924
2021-09-18 23:00:00,7661.0,7667.422
2021-09-19 00:00:00,8374.5,8396.307
2021-09-19 01:00:00,7653.0,7680.335
2021-09-19 02:00:00,7701.0,7714.3965
2021-09-19 03:00:00,7828.0,7807.165
2021-09-19 04:00:00,7838.0,7829.1265
2021-09-19 05:00:00,8018.0,8009.34
2021-09-19 06:00:00,8263.0,8250.497
2021-09-19 07:00:00,8404.0,8389.353
2021-09-19 08:00:00,8416.0,8413.249
2021-09-19 09:00:00,8417.0,8418.219
2021-09-19 10:00:00,8345.0,8346.154
2021-09-19 11:00:00,8318.0,8317.338
2021-09-19 12:00:00,8315.0,8317.7295
2021-09-19 13:00:00,8379.0,8383.797
2021-09-19 14:00:00,8479.0,8465.281
2021-09-19 15:00:00,8643.0,8642.094
2021-09-19 16:00:00,8914.0,8939.315
2021-09-19 17:00:00,8391.5,8380.572
2021-09-19 18:00:00,8623.0,8643.194
2021-09-19 19:00:00,8633.0,8625.886
2021-09-19 20:00:00,8468.0,8471.407
2021-09-19 21:00:00,8149.0,8164.6196
2021-09-19 22:00:00,7792.0,7783.0596
2021-09-19 23:00:00,8628.0,8615.747
2021-09-20 00:00:00,8638.0,8661.395
2021-09-20 01:00:00,7768.0,7825.6733
2021-09-20 02:00:00,8067.0,8087.825
2021-09-20 03:00:00,8760.0,8783.412
2021-09-20 04:00:00,9138.0,9133.929
2021-09-20 05:00:00,9415.0,9411.05
2021-09-20 06:00:00,9554.0,9537.467
2021-09-20 07:00:00,9547.0,9537.522
2021-09-20 08:00:00,9538.0,9517.81
2021-09-20 09:00:00,9467.0,9468.337
2021-09-20 10:00:00,9323.0,9323.976
2021-09-20 11:00:00,9219.0,9227.104
2021-09-20 12:00:00,9168.0,9161.047
2021-09-20 13:00:00,9088.0,9094.17
2021-09-20 14:00:00,9120.0,9116.8545
2021-09-20 15:00:00,9140.0,9131.164
2021-09-20 16:00:00,9411.0,9405.958
2021-09-20 17:00:00,9602.0,9588.929
2021-09-20 18:00:00,9185.0,9195.164
2021-09-20 19:00:00,9005.0,9000.206
2021-09-20 20:00:00,8757.0,8777.092
2021-09-20 21:00:00,8319.0,8296.671
2021-09-20 22:00:00,9176.5,9169.939
2021-09-20 23:00:00,9176.5,9169.787
2021-09-21 00:00:00,9176.5,9181.733
2021-09-21 01:00:00,9194.0,9189.522
2021-09-21 02:00:00,8478.0,8505.015
2021-09-21 03:00:00,9235.0,9226.983
2021-09-21 04:00:00,9533.0,9508.24
2021-09-21 05:00:00,9740.0,9739.428
2021-09-21 06:00:00,9734.0,9731.23
2021-09-21 07:00:00,9630.0,9631.907
2021-09-21 08:00:00,9509.0,9514.852
2021-09-21 09:00:00,9499.0,9495.49
2021-09-21 10:00:00,9395.0,9384.205
2021-09-21 11:00:00,9307.0,9322.272
2021-09-21 12:00:00,9203.0,9201.865
2021-09-21 13:00:00,9200.0,9210.196
2021-09-21 14:00:00,9274.0,9283.666
2021-09-21 15:00:00,9304.0,9303.092
2021-09-21 16:00:00,9650.0,9674.298
2021-09-21 17:00:00,9811.0,9785.619
2021-09-21 18:00:00,9396.0,9396.844
2021-09-21 19:00:00,9292.0,9295.532
2021-09-21 20:00:00,9016.0,9006.362
2021-09-21 21:00:00,8605.0,8612.178
2021-09-21 22:00:00,9305.5,9335.978
2021-09-21 23:00:00,9305.5,9294.948
2021-09-22 00:00:00,9298.0,9313.497
2021-09-22 01:00:00,9298.0,9311.261
2021-09-22 02:00:00,8702.0,8673.23
2021-09-22 03:00:00,9384.0,9353.123
2021-09-22 04:00:00,9664.0,9629.036
2021-09-22 05:00:00,9769.0,9773.039
2021-09-22 06:00:00,9653.0,9653.927
2021-09-22 07:00:00,9491.0,9503.777
2021-09-22 08:00:00,9496.0,9498.867
2021-09-22 09:00:00,9468.0,9466.984
2021-09-22 10:00:00,9349.0,9355.575
2021-09-22 11:00:00,9162.0,9143.252
2021-09-22 12:00:00,9156.0,9152.741
2021-09-22 13:00:00,9175.0,9171.439
2021-09-22 14:00:00,9210.0,9208.563
2021-09-22 15:00:00,9160.0,9161.125
2021-09-22 16:00:00,9571.0,9550.682
2021-09-22 17:00:00,9708.0,9688.774
2021-09-22 18:00:00,9176.0,9156.578
2021-09-22 19:00:00,8993.0,8980.965
2021-09-22 20:00:00,8729.0,8731.105
2021-09-22 21:00:00,9168.5,9174.863
2021-09-22 22:00:00,9168.5,9167.158
2021-09-22 23:00:00,9168.5,9177.531
2021-09-23 00:00:00,9175.5,9176.827
2021-09-23 01:00:00,9193.0,9189.688
2021-09-23 02:00:00,9279.5,9279.525
2021-09-23 03:00:00,9066.0,9044.522
2021-09-23 04:00:00,9349.0,9359.491
2021-09-23 05:00:00,9515.0,9511.638
2021-09-23 06:00:00,9607.0,9610.461
2021-09-23 07:00:00,9676.0,9672.716
2021-09-23 08:00:00,9697.0,9698.485
2021-09-23 09:00:00,9730.0,9739.16
2021-09-23 10:00:00,9656.0,9650.49
2021-09-23 11:00:00,9635.0,9638.208
2021-09-23 12:00:00,9547.0,9543.287
2021-09-23 13:00:00,9513.0,9508.322
2021-09-23 14:00:00,9570.0,9572.86
2021-09-23 15:00:00,9691.0,9680.563
2021-09-23 16:00:00,9958.0,9943.6455
2021-09-23 17:00:00,9874.0,9872.634
2021-09-23 18:00:00,9326.0,9339.289
2021-09-23 19:00:00,9176.0,9166.11
2021-09-23 20:00:00,8929.0,8922.812
2021-09-23 21:00:00,9530.0,9547.702
2021-09-23 22:00:00,9530.0,9555.361
2021-09-23 23:00:00,9530.0,9537.853
2021-09-24 00:00:00,9530.0,9540.157
2021-09-24 01:00:00,9541.5,9550.505
2021-09-24 02:00:00,9579.5,9569.605
2021-09-24 03:00:00,9145.0,9135.843
2021-09-24 04:00:00,9420.0,9405.314
2021-09-24 05:00:00,9589.0,9565.818
2021-09-24 06:00:00,9688.0,9697.796
2021-09-24 07:00:00,9718.0,9715.553
2021-09-24 08:00:00,9710.0,9710.297
2021-09-24 09:00:00,9775.0,9762.685
2021-09-24 10:00:00,9756.0,9754.32
2021-09-24 11:00:00,9671.0,9678.103
2021-09-24 12:00:00,9675.0,9689.493
2021-09-24 13:00:00,9597.0,9587.982
2021-09-24 14:00:00,9589.0,9583.509
2021-09-24 15:00:00,9600.0,9605.895
2021-09-24 16:00:00,9793.0,9807.888
2021-09-24 17:00:00,9686.0,9669.865
2021-09-24 18:00:00,9255.0,9257.778
2021-09-24 19:00:00,9092.0,9089.229
2021-09-24 20:00:00,8833.0,8845.471
2021-09-24 21:00:00,8418.0,8429.207
2021-09-24 22:00:00,8871.0,8871.872
2021-09-24 23:00:00,8850.5,8863.468
2021-09-25 00:00:00,8809.0,8821.992
2021-09-25 01:00:00,8772.5,8778.244
2021-09-25 02:00:00,8772.5,8768.393
2021-09-25 03:00:00,8255.0,8243.954
2021-09-25 04:00:00,8232.0,8244.05
2021-09-25 05:00:00,8481.0,8453.863
2021-09-25 06:00:00,8712.0,8710.1
2021-09-25 07:00:00,8874.0,8872.829
2021-09-25 08:00:00,8958.0,8953.326
2021-09-25 09:00:00,8868.0,8871.713
2021-09-25 10:00:00,8785.0,8791.424
2021-09-25 11:00:00,8719.0,8720.283
2021-09-25 12:00:00,8760.0,8764.531
2021-09-25 13:00:00,8820.0,8821.135
2021-09-25 14:00:00,8992.0,8989.829
2021-09-25 15:00:00,9011.0,9014.616
2021-09-25 16:00:00,9337.0,9319.908
2021-09-25 17:00:00,9306.0,9315.176
2021-09-25 18:00:00,8811.0,8818.347
2021-09-25 19:00:00,8759.0,8773.714
2021-09-25 20:00:00,8592.0,8584.347
2021-09-25 21:00:00,8142.0,8163.02
2021-09-25 22:00:00,7814.0,7817.91
2021-09-25 23:00:00,8418.0,8377.991
2021-09-26 00:00:00,8383.0,8401.485
2021-09-26 01:00:00,7678.0,7653.805
2021-09-26 02:00:00,7806.0,7844.376
2021-09-26 03:00:00,8042.0,8023.6616
2021-09-26 04:00:00,8005.0,8005.7295
2021-09-26 05:00:00,8238.0,8235.543
2021-09-26 06:00:00,8385.0,8385.338
2021-09-26 07:00:00,8470.0,8481.492
2021-09-26 08:00:00,8451.0,8455.468
2021-09-26 09:00:00,8381.0,8389.352
2021-09-26 10:00:00,8243.0,8248.176
2021-09-26 11:00:00,8168.0,8182.5625
2021-09-26 12:00:00,8184.0,8181.097
2021-09-26 13:00:00,8222.0,8213.15
2021-09-26 14:00:00,8380.0,8389.726
2021-09-26 15:00:00,8516.0,8496.506
2021-09-26 16:00:00,8979.0,8968.14
2021-09-26 17:00:00,9007.0,8999.334
2021-09-26 18:00:00,8681.0,8663.359
2021-09-26 19:00:00,8762.0,8766.598
2021-09-26 20:00:00,8650.0,8663.214
2021-09-26 21:00:00,8294.0,8308.38
2021-09-26 22:00:00,8000.0,7986.568
2021-09-26 23:00:00,7846.0,7851.3164
2021-09-27 00:00:00,7906.0,7896.8955
2021-09-27 01:00:00,8081.0,8054.9336
2021-09-27 02:00:00,8394.0,8403.259
2021-09-27 03:00:00,9226.0,9236.5205
2021-09-27 04:00:00,9568.0,9559.943
2021-09-27 05:00:00,9805.0,9791.969
2021-09-27 06:00:00,9772.0,9758.223
2021-09-27 07:00:00,9609.0,9606.943
2021-09-27 08:00:00,9547.0,9552.206
2021-09-27 09:00:00,9446.0,9443.124
2021-09-27 10:00:00,9306.0,9298.466
2021-09-27 11:00:00,9194.0,9183.359
2021-09-27 12:00:00,9117.0,9114.981
2021-09-27 13:00:00,9148.0,9153.782
2021-09-27 14:00:00,9187.0,9187.66
2021-09-27 15:00:00,9151.0,9162.629
2021-09-27 16:00:00,9517.0,9526.008
2021-09-27 17:00:00,9635.0,9635.168
2021-09-27 18:00:00,9157.0,9167.778
2021-09-27 19:00:00,9070.0,9064.521
2021-09-27 20:00:00,8872.0,8880.415
2021-09-27 21:00:00,8592.0,8564.763
2021-09-27 22:00:00,8326.0,8330.909
2021-09-27 23:00:00,8251.0,8263.008
2021-09-28 00:00:00,8322.0,8316.191
2021-09-28 01:00:00,8436.0,8443.824
2021-09-28 02:00:00,8738.0,8701.7
2021-09-28 03:00:00,9289.0,9256.146
2021-09-28 04:00:00,9360.0,9369.489
2021-09-28 05:00:00,9486.0,9482.872
2021-09-28 06:00:00,9596.0,9585.407
2021-09-28 07:00:00,9587.0,9593.036
2021-09-28 08:00:00,9449.0,9465.544
2021-09-28 09:00:00,9268.0,9274.36
2021-09-28 10:00:00,9130.0,9125.302
2021-09-28 11:00:00,9021.0,9010.036
2021-09-28 12:00:00,8969.0,8966.779
2021-09-28 13:00:00,8998.0,8989.415
2021-09-28 14:00:00,9116.0,9123.253
2021-09-28 15:00:00,9213.0,9211.525
2021-09-28 16:00:00,9599.0,9601.398
2021-09-28 17:00:00,9595.0,9611.419
2021-09-28 18:00:00,9050.0,9036.928
2021-09-28 19:00:00,8903.0,8899.527
2021-09-28 20:00:00,8703.0,8693.85
2021-09-28 21:00:00,9035.5,9037.54
2021-09-28 22:00:00,9035.5,9027.297
2021-09-28 23:00:00,9035.5,9027.868
2021-09-29 00:00:00,9083.0,9077.141
2021-09-29 01:00:00,9164.5,9153.812
2021-09-29 02:00:00,9223.5,9220.093
2021-09-29 03:00:00,8898.0,8903.106
2021-09-29 04:00:00,9234.0,9257.366
2021-09-29 05:00:00,9466.0,9457.662
2021-09-29 06:00:00,9596.0,9602.106
2021-09-29 07:00:00,9655.0,9655.198
2021-09-29 08:00:00,9586.0,9592.838
2021-09-29 09:00:00,9502.0,9510.93
2021-09-29 10:00:00,9435.0,9431.573
2021-09-29 11:00:00,9350.0,9353.519
2021-09-29 12:00:00,9342.0,9330.063
2021-09-29 13:00:00,9385.0,9382.292
2021-09-29 14:00:00,9429.0,9416.808
2021-09-29 15:00:00,9442.0,9455.47
2021-09-29 16:00:00,9839.0,9837.84
2021-09-29 17:00:00,9671.0,9656.444
2021-09-29 18:00:00,9113.0,9090.917
2021-09-29 19:00:00,8968.0,8970.853
2021-09-29 20:00:00,8716.0,8718.319
2021-09-29 21:00:00,9346.0,9364.632
2021-09-29 22:00:00,9346.0,9343.624
2021-09-29 23:00:00,9346.0,9336.596
2021-09-30 00:00:00,9363.5,9350.477
2021-09-30 01:00:00,9407.0,9407.126
2021-09-30 02:00:00,9431.5,9428.67
2021-09-30 03:00:00,8874.0,8879.721
2021-09-30 04:00:00,9201.0,9221.759
2021-09-30 05:00:00,9434.0,9446.884
2021-09-30 06:00:00,9527.0,9519.3125
2021-09-30 07:00:00,9572.0,9566.545
2021-09-30 08:00:00,9742.0,9739.782
2021-09-30 09:00:00,9671.0,9675.016
2021-09-30 10:00:00,9644.0,9652.27
2021-09-30 11:00:00,9602.0,9601.345
2021-09-30 12:00:00,9536.0,9544.895
2021-09-30 13:00:00,9474.0,9474.087
2021-09-30 14:00:00,9564.0,9560.985
2021-09-30 15:00:00,9568.0,9560.762
2021-09-30 16:00:00,9917.0,9925.098
2021-09-30 17:00:00,9752.0,9733.76
2021-09-30 18:00:00,9227.0,9231.195
2021-09-30 19:00:00,9114.0,9134.987
2021-09-30 20:00:00,8882.0,8871.236
2021-09-30 21:00:00,9507.5,9522.765
2021-09-30 22:00:00,9507.5,9542.855
2021-09-30 23:00:00,9507.5,9510.643
2021-10-01 00:00:00,9507.5,9505.991
2021-10-01 01:00:00,9497.0,9495.718
2021-10-01 02:00:00,9522.5,9518.165
2021-10-01 03:00:00,9052.0,9070.679
2021-10-01 04:00:00,9479.0,9475.972
2021-10-01 05:00:00,9605.0,9598.842
2021-10-01 06:00:00,9808.0,9847.986
2021-10-01 07:00:00,9775.0,9755.184
2021-10-01 08:00:00,9745.0,9743.598
2021-10-01 09:00:00,9763.0,9764.601
2021-10-01 10:00:00,9640.0,9640.035
2021-10-01 11:00:00,9548.0,9542.911
2021-10-01 12:00:00,9515.0,9514.386
2021-10-01 13:00:00,9530.0,9530.239
2021-10-01 14:00:00,9502.0,9516.481
2021-10-01 15:00:00,9487.0,9488.484
2021-10-01 16:00:00,9790.0,9826.188
2021-10-01 17:00:00,9602.0,9589.046
2021-10-01 18:00:00,9122.0,9129.344
2021-10-01 19:00:00,8993.0,8988.846
2021-10-01 20:00:00,8725.0,8726.706
2021-10-01 21:00:00,8225.0,8216.59
2021-10-01 22:00:00,8645.0,8620.561
2021-10-01 23:00:00,8628.5,8628.223
2021-10-02 00:00:00,8589.0,8585.563
2021-10-02 01:00:00,8573.5,8571.683
2021-10-02 02:00:00,8573.5,8571.754
2021-10-02 03:00:00,8104.0,8131.3525
2021-10-02 04:00:00,8148.0,8150.9424
2021-10-02 05:00:00,8286.0,8265.648
2021-10-02 06:00:00,8493.0,8480.734
2021-10-02 07:00:00,8630.0,8623.216
2021-10-02 08:00:00,8660.0,8650.496
2021-10-02 09:00:00,8627.0,8631.55
2021-10-02 10:00:00,8551.0,8550.816
2021-10-02 11:00:00,8509.0,8521.066
2021-10-02 12:00:00,8596.0,8594.304
2021-10-02 13:00:00,8664.0,8665.198
2021-10-02 14:00:00,8822.0,8822.841
2021-10-02 15:00:00,9003.0,8989.673
2021-10-02 16:00:00,8530.0,8534.989
2021-10-02 17:00:00,9222.0,9219.592
2021-10-02 18:00:00,8786.0,8775.52
2021-10-02 19:00:00,8702.0,8709.701
2021-10-02 20:00:00,8500.0,8471.064
2021-10-02 21:00:00,8097.0,8072.6274
2021-10-02 22:00:00,7796.0,7801.552
2021-10-02 23:00:00,7640.0,7636.3003
2021-10-03 00:00:00,7619.0,7601.4937
2021-10-03 01:00:00,7655.0,7671.905
2021-10-03 02:00:00,7676.0,7651.977
2021-10-03 03:00:00,7879.0,7862.9033
2021-10-03 04:00:00,7850.0,7839.6484
2021-10-03 05:00:00,7988.0,8016.5737
2021-10-03 06:00:00,8226.0,8225.07
2021-10-03 07:00:00,8299.0,8284.326
2021-10-03 08:00:00,8371.0,8360.653
2021-10-03 09:00:00,8347.0,8351.772
2021-10-03 10:00:00,8242.0,8241.212
2021-10-03 11:00:00,8147.0,8143.65
2021-10-03 12:00:00,8171.0,8177.0166
2021-10-03 13:00:00,8257.0,8266.566
2021-10-03 14:00:00,8319.0,8318.436
2021-10-03 15:00:00,8628.0,8623.339
2021-10-03 16:00:00,8249.5,8213.773
2021-10-03 17:00:00,8278.0,8280.795
2021-10-03 18:00:00,8411.0,8391.365
2021-10-03 19:00:00,8476.0,8467.014
2021-10-03 20:00:00,8342.0,8349.081
2021-10-03 21:00:00,7983.0,8008.269
2021-10-03 22:00:00,7684.0,7680.8716
2021-10-03 23:00:00,8443.5,8450.477
2021-10-04 00:00:00,8552.0,8567.828
2021-10-04 01:00:00,8672.0,8671.349
2021-10-04 02:00:00,7957.0,7938.6
2021-10-04 03:00:00,8716.0,8702.267
2021-10-04 04:00:00,9204.0,9216.018
2021-10-04 05:00:00,9285.0,9293.127
2021-10-04 06:00:00,9406.0,9414.381
2021-10-04 07:00:00,9387.0,9373.894
2021-10-04 08:00:00,9394.0,9406.816
2021-10-04 09:00:00,9319.0,9322.061
2021-10-04 10:00:00,9295.0,9300.3545
2021-10-04 11:00:00,9172.0,9157.776
2021-10-04 12:00:00,9099.0,9106.3125
2021-10-04 13:00:00,9019.0,9009.927
2021-10-04 14:00:00,9019.0,9026.177
2021-10-04 15:00:00,9219.0,9209.2705
2021-10-04 16:00:00,9646.0,9617.482
2021-10-04 17:00:00,9454.0,9413.592
2021-10-04 18:00:00,8980.0,9023.919
2021-10-04 19:00:00,8877.0,8865.548
2021-10-04 20:00:00,8630.0,8643.64
2021-10-04 21:00:00,9059.0,9057.491
2021-10-04 22:00:00,9059.0,9080.274
2021-10-04 23:00:00,9059.0,9066.623
2021-10-05 00:00:00,9059.0,9064.5625
2021-10-05 01:00:00,9119.0,9124.334
2021-10-05 02:00:00,9233.0,9237.006
2021-10-05 03:00:00,8776.0,8762.475
2021-10-05 04:00:00,9247.0,9237.327
2021-10-05 05:00:00,9269.0,9273.543
2021-10-05 06:00:00,9404.0,9402.962
2021-10-05 07:00:00,9390.0,9378.041
2021-10-05 08:00:00,9525.0,9518.446
2021-10-05 09:00:00,9520.0,9506.935
2021-10-05 10:00:00,9411.0,9402.543
2021-10-05 11:00:00,9365.0,9374.492
2021-10-05 12:00:00,9333.0,9321.895
2021-10-05 13:00:00,9327.0,9331.675
2021-10-05 14:00:00,9428.0,9417.36
2021-10-05 15:00:00,9578.0,9575.895
2021-10-05 16:00:00,9863.0,9878.292
2021-10-05 17:00:00,9650.0,9646.641
2021-10-05 18:00:00,9092.0,9081.259
2021-10-05 19:00:00,9015.0,9006.625
2021-10-05 20:00:00,8688.0,8680.644
2021-10-05 21:00:00,9240.0,9230.09
2021-10-05 22:00:00,9240.0,9259.033
2021-10-05 23:00:00,9206.0,9213.538
2021-10-06 00:00:00,9185.5,9193.292
2021-10-06 01:00:00,9159.5,9162.1045
2021-10-06 02:00:00,9159.5,9158.622
2021-10-06 03:00:00,8797.0,8775.861
2021-10-06 04:00:00,9226.0,9219.463
2021-10-06 05:00:00,9186.0,9192.892
2021-10-06 06:00:00,9254.0,9262.825
2021-10-06 07:00:00,9300.0,9302.883
2021-10-06 08:00:00,9283.0,9284.7
2021-10-06 09:00:00,9273.0,9269.594
2021-10-06 10:00:00,9185.0,9175.394
2021-10-06 11:00:00,9134.0,9140.087
2021-10-06 12:00:00,9122.0,9111.501
2021-10-06 13:00:00,9192.0,9171.41
2021-10-06 14:00:00,9253.0,9249.608
2021-10-06 15:00:00,9394.0,9379.342
2021-10-06 16:00:00,9159.5,9189.243
2021-10-06 17:00:00,9526.0,9525.139
2021-10-06 18:00:00,8962.0,8940.706
2021-10-06 19:00:00,8845.0,8836.66
2021-10-06 20:00:00,8515.0,8507.08
2021-10-06 21:00:00,9062.5,9071.369
2021-10-06 22:00:00,9062.5,9069.475
2021-10-06 23:00:00,9062.5,9065.045
2021-10-07 00:00:00,9062.5,9062.335
2021-10-07 01:00:00,9077.0,9074.22
2021-10-07 02:00:00,9077.0,9065.852
2021-10-07 03:00:00,8532.0,8514.024
2021-10-07 04:00:00,8872.0,8892.893
2021-10-07 05:00:00,9003.0,8990.015
2021-10-07 06:00:00,9295.0,9306.205
2021-10-07 07:00:00,9338.0,9325.441
2021-10-07 08:00:00,9378.0,9384.023
2021-10-07 09:00:00,9367.0,9366.493
2021-10-07 10:00:00,9346.0,9334.927
2021-10-07 11:00:00,9259.0,9249.01
2021-10-07 12:00:00,9151.0,9156.575
2021-10-07 13:00:00,9273.0,9287.927
2021-10-07 14:00:00,9329.0,9314.18
2021-10-07 15:00:00,9444.0,9438.316
2021-10-07 16:00:00,9653.0,9651.43
2021-10-07 17:00:00,9446.0,9449.226
2021-10-07 18:00:00,8936.0,8935.93
2021-10-07 19:00:00,8768.0,8763.445
2021-10-07 20:00:00,8596.0,8579.842
2021-10-07 21:00:00,9266.0,9275.457
2021-10-07 22:00:00,9266.0,9262.904
2021-10-07 23:00:00,9266.0,9268.711
2021-10-08 00:00:00,9297.5,9288.653
2021-10-08 01:00:00,9325.5,9318.238
2021-10-08 02:00:00,9325.5,9317.562
2021-10-08 03:00:00,8875.0,8867.984
2021-10-08 04:00:00,9322.0,9333.979
2021-10-08 05:00:00,9344.0,9338.139
2021-10-08 06:00:00,9387.0,9385.961
2021-10-08 07:00:00,9454.0,9459.822
2021-10-08 08:00:00,9494.0,9487.372
2021-10-08 09:00:00,9516.0,9518.601
2021-10-08 10:00:00,9426.0,9416.606
2021-10-08 11:00:00,9369.0,9362.592
2021-10-08 12:00:00,9330.0,9326.47
2021-10-08 13:00:00,9269.0,9263.111
2021-10-08 14:00:00,9303.0,9317.138
2021-10-08 15:00:00,9469.0,9473.167
2021-10-08 16:00:00,9691.0,9713.321
2021-10-08 17:00:00,9452.0,9417.097
2021-10-08 18:00:00,8975.0,9002.584
2021-10-08 19:00:00,8869.0,8860.229
2021-10-08 20:00:00,8604.0,8600.7705
2021-10-08 21:00:00,8134.0,8129.713
2021-10-08 22:00:00,8567.0,8562.236
2021-10-08 23:00:00,8556.0,8561.395
2021-10-09 00:00:00,8537.0,8543.546
2021-10-09 01:00:00,8537.0,8538.6
2021-10-09 02:00:00,8537.0,8539.745
2021-10-09 03:00:00,8537.0,8537.012
2021-10-09 04:00:00,8077.0,8077.3906
2021-10-09 05:00:00,8122.0,8126.3726
2021-10-09 06:00:00,8300.0,8276.1455
2021-10-09 07:00:00,8464.0,8473.892
2021-10-09 08:00:00,8540.0,8554.642
2021-10-09 09:00:00,8594.0,8594.172
2021-10-09 10:00:00,8572.0,8568.359
2021-10-09 11:00:00,8534.0,8535.874
2021-10-09 12:00:00,8591.0,8597.987
2021-10-09 13:00:00,8609.0,8601.024
2021-10-09 14:00:00,8784.0,8778.473
2021-10-09 15:00:00,9165.0,9164.646
2021-10-09 16:00:00,9354.0,9340.731
2021-10-09 17:00:00,9067.0,9048.055
2021-10-09 18:00:00,8604.0,8614.434
2021-10-09 19:00:00,8599.0,8601.115
2021-10-09 20:00:00,8401.0,8405.933
2021-10-09 21:00:00,7957.0,7940.186
2021-10-09 22:00:00,7640.0,7649.1167
2021-10-09 23:00:00,7489.0,7487.019
2021-10-10 00:00:00,7415.0,7401.676
2021-10-10 01:00:00,7381.0,7365.589
2021-10-10 02:00:00,7440.0,7462.6406
2021-10-10 03:00:00,7629.0,7606.987
2021-10-10 04:00:00,7769.0,7776.055
2021-10-10 05:00:00,7862.0,7858.272
2021-10-10 06:00:00,8058.0,8044.514
2021-10-10 07:00:00,8304.0,8303.701
2021-10-10 08:00:00,8427.0,8423.633
2021-10-10 09:00:00,8538.0,8550.512
2021-10-10 10:00:00,8506.0,8507.937
2021-10-10 11:00:00,8469.0,8466.578
2021-10-10 12:00:00,8534.0,8526.856
2021-10-10 13:00:00,8545.0,8534.513
2021-10-10 14:00:00,8668.0,8665.923
2021-10-10 15:00:00,8992.0,8978.741
2021-10-10 16:00:00,9259.0,9262.329
2021-10-10 17:00:00,9012.0,8974.196
2021-10-10 18:00:00,8572.0,8586.903
2021-10-10 19:00:00,8560.0,8572.693
2021-10-10 20:00:00,8369.0,8344.676
2021-10-10 21:00:00,8016.0,8006.6694
2021-10-10 22:00:00,8566.0,8543.277
2021-10-10 23:00:00,8620.0,8633.126
2021-10-11 00:00:00,8686.0,8683.362
2021-10-11 01:00:00,8848.0,8842.248
2021-10-11 02:00:00,9002.0,9001.393
2021-10-11 03:00:00,8704.0,8701.369
2021-10-11 04:00:00,9276.0,9220.988
2021-10-11 05:00:00,9425.0,9447.901
2021-10-11 06:00:00,9467.0,9458.609
2021-10-11 07:00:00,9448.0,9454.293
2021-10-11 08:00:00,9456.0,9465.047
2021-10-11 09:00:00,9451.0,9447.467
2021-10-11 10:00:00,9429.0,9431.35
2021-10-11 11:00:00,9303.0,9311.032
2021-10-11 12:00:00,9298.0,9308.169
2021-10-11 13:00:00,9238.0,9226.363
2021-10-11 14:00:00,9179.0,9169.068
2021-10-11 15:00:00,9309.0,9331.281
2021-10-11 16:00:00,9579.0,9560.531
2021-10-11 17:00:00,9473.0,9477.803
2021-10-11 18:00:00,8975.0,8987.411
2021-10-11 19:00:00,8878.0,8874.166
2021-10-11 20:00:00,8896.0,8914.061
2021-10-11 21:00:00,9235.5,9233.672
2021-10-11 22:00:00,9235.5,9221.97
2021-10-11 23:00:00,9235.5,9229.329
2021-10-12 00:00:00,9235.5,9231.81
2021-10-12 01:00:00,9233.5,9229.994
2021-10-12 02:00:00,9233.5,9234.339
2021-10-12 03:00:00,9115.0,9113.06
2021-10-12 04:00:00,9330.0,9354.73
2021-10-12 05:00:00,9233.0,9234.816
2021-10-12 06:00:00,9459.0,9456.547
2021-10-12 07:00:00,9433.0,9412.412
2021-10-12 08:00:00,9508.0,9508.414
2021-10-12 09:00:00,9480.0,9484.73
2021-10-12 10:00:00,9377.0,9371.894
2021-10-12 11:00:00,9264.0,9274.963
2021-10-12 12:00:00,9234.0,9235.78
2021-10-12 13:00:00,9342.0,9337.756
2021-10-12 14:00:00,9396.0,9386.314
2021-10-12 15:00:00,9675.0,9672.762
2021-10-12 16:00:00,9914.0,9913.653
2021-10-12 17:00:00,9769.0,9765.894
2021-10-12 18:00:00,9239.0,9255.217
2021-10-12 19:00:00,9165.0,9181.634
2021-10-12 20:00:00,8921.0,8909.767
2021-10-12 21:00:00,8480.0,8484.101
2021-10-12 22:00:00,9303.0,9324.998
2021-10-12 23:00:00,9303.0,9281.824
2021-10-13 00:00:00,9369.0,9376.248
2021-10-13 01:00:00,9394.5,9397.583
2021-10-13 02:00:00,8456.0,8451.782
2021-10-13 03:00:00,9176.0,9188.102
2021-10-13 04:00:00,9650.0,9650.636
2021-10-13 05:00:00,9724.0,9692.592
2021-10-13 06:00:00,9752.0,9767.098
2021-10-13 07:00:00,9784.0,9782.008
2021-10-13 08:00:00,9742.0,9738.062
2021-10-13 09:00:00,9642.0,9639.198
2021-10-13 10:00:00,9510.0,9509.028
2021-10-13 11:00:00,9432.0,9439.599
2021-10-13 12:00:00,9393.0,9390.735
2021-10-13 13:00:00,9370.0,9377.864
2021-10-13 14:00:00,9443.0,9452.061
2021-10-13 15:00:00,9790.0,9796.83
2021-10-13 16:00:00,10139.0,10113.337
2021-10-13 17:00:00,10010.0,10025.369
2021-10-13 18:00:00,9478.0,9456.787
2021-10-13 19:00:00,9360.0,9365.139
2021-10-13 20:00:00,9187.0,9202.364
2021-10-13 21:00:00,8803.0,8839.003
2021-10-13 22:00:00,9460.5,9486.919
2021-10-13 23:00:00,9460.5,9493.231
2021-10-14 00:00:00,9509.5,9509.901
2021-10-14 01:00:00,9646.5,9633.31
2021-10-14 02:00:00,9764.0,9748.193
2021-10-14 03:00:00,9541.0,9554.796
2021-10-14 04:00:00,10022.0,10008.032
2021-10-14 05:00:00,10104.0,10108.837
2021-10-14 06:00:00,10156.0,10149.765
2021-10-14 07:00:00,10053.0,10047.42
2021-10-14 08:00:00,9962.0,9965.71
2021-10-14 09:00:00,9877.0,9882.421
2021-10-14 10:00:00,9825.0,9830.296
2021-10-14 11:00:00,9752.0,9751.124
2021-10-14 12:00:00,9776.0,9776.992
2021-10-14 13:00:00,9816.0,9827.208
2021-10-14 14:00:00,9874.0,9861.359
2021-10-14 15:00:00,10140.0,10139.882
2021-10-14 16:00:00,10322.0,10325.813
2021-10-14 17:00:00,10125.0,10111.735
2021-10-14 18:00:00,9667.0,9673.08
2021-10-14 19:00:00,9555.0,9563.153
2021-10-14 20:00:00,9264.0,9248.325
2021-10-14 21:00:00,9796.0,9799.647
2021-10-14 22:00:00,9796.0,9790.362
2021-10-14 23:00:00,9796.0,9783.44
2021-10-15 00:00:00,9800.0,9789.205
2021-10-15 01:00:00,9801.5,9803.473
2021-10-15 02:00:00,9785.5,9790.311
2021-10-15 03:00:00,9403.0,9404.127
2021-10-15 04:00:00,9959.0,9932.195
2021-10-15 05:00:00,9994.0,10026.105
2021-10-15 06:00:00,10014.0,10015.484
2021-10-15 07:00:00,10065.0,10063.78
2021-10-15 08:00:00,10081.0,10078.458
2021-10-15 09:00:00,10044.0,10035.617
2021-10-15 10:00:00,9897.0,9904.464
2021-10-15 11:00:00,9784.0,9785.787
2021-10-15 12:00:00,9787.0,9791.398
2021-10-15 13:00:00,9773.0,9772.567
2021-10-15 14:00:00,9819.0,9824.198
2021-10-15 15:00:00,9980.0,9995.231
2021-10-15 16:00:00,10089.0,10091.171
2021-10-15 17:00:00,9902.0,9912.7
2021-10-15 18:00:00,9417.0,9446.272
2021-10-15 19:00:00,9424.0,9425.16
2021-10-15 20:00:00,9194.0,9197.999
2021-10-15 21:00:00,9320.5,9329.607
2021-10-15 22:00:00,9320.5,9311.443
2021-10-15 23:00:00,9263.0,9286.002
2021-10-16 00:00:00,9207.0,9215.477
2021-10-16 01:00:00,9207.0,9223.071
2021-10-16 02:00:00,9207.0,9214.999
2021-10-16 03:00:00,8649.0,8667.414
2021-10-16 04:00:00,8852.0,8868.93
2021-10-16 05:00:00,8956.0,8936.7
2021-10-16 06:00:00,9202.0,9176.21
2021-10-16 07:00:00,9327.0,9321.303
2021-10-16 08:00:00,9314.0,9303.963
2021-10-16 09:00:00,9332.0,9337.7
2021-10-16 10:00:00,9212.0,9212.14
2021-10-16 11:00:00,9176.0,9188.899
2021-10-16 12:00:00,9299.0,9316.141
2021-10-16 13:00:00,9388.0,9387.724
2021-10-16 14:00:00,9596.0,9579.27
2021-10-16 15:00:00,9994.0,10032.513
2021-10-16 16:00:00,9228.5,9232.958
2021-10-16 17:00:00,9759.0,9791.069
2021-10-16 18:00:00,9284.0,9278.288
2021-10-16 19:00:00,9368.0,9377.055
2021-10-16 20:00:00,9245.0,9256.763
2021-10-16 21:00:00,8845.0,8867.123
2021-10-16 22:00:00,8535.0,8532.582
2021-10-16 23:00:00,8378.0,8376.79
2021-10-17 00:00:00,8294.0,8293.999
2021-10-17 01:00:00,8327.0,8337.05
2021-10-17 02:00:00,8425.0,8432.556
2021-10-17 03:00:00,8613.0,8626.439
2021-10-17 04:00:00,8725.0,8724.731
2021-10-17 05:00:00,8762.0,8771.676
2021-10-17 06:00:00,8992.0,8991.707
2021-10-17 07:00:00,9123.0,9124.494
2021-10-17 08:00:00,9180.0,9169.093
2021-10-17 09:00:00,9168.0,9171.811
2021-10-17 10:00:00,9073.0,9083.553
2021-10-17 11:00:00,9012.0,9017.979
2021-10-17 12:00:00,9017.0,9019.395
2021-10-17 13:00:00,9116.0,9104.374
2021-10-17 14:00:00,9219.0,9221.178
2021-10-17 15:00:00,9714.0,9689.972
2021-10-17 16:00:00,9094.5,9077.248
2021-10-17 17:00:00,9119.5,9152.051
2021-10-17 18:00:00,9302.0,9324.597
2021-10-17 19:00:00,9401.0,9404.613
2021-10-17 20:00:00,9283.0,9272.529
2021-10-17 21:00:00,8974.0,9001.159
2021-10-17 22:00:00,8734.0,8756.119
2021-10-17 23:00:00,9351.5,9308.258
2021-10-18 00:00:00,9500.0,9509.874
2021-10-18 01:00:00,9640.5,9610.164
2021-10-18 02:00:00,9698.0,9679.338
2021-10-18 03:00:00,9599.0,9589.933
2021-10-18 04:00:00,10086.0,10053.653
2021-10-18 05:00:00,10169.0,10170.151
2021-10-18 06:00:00,10264.0,10263.591
2021-10-18 07:00:00,10316.0,10300.198
2021-10-18 08:00:00,10328.0,10324.956
2021-10-18 09:00:00,10251.0,10241.618
2021-10-18 10:00:00,10149.0,10150.792
2021-10-18 11:00:00,10050.0,10063.47
2021-10-18 12:00:00,10025.0,10030.731
2021-10-18 13:00:00,9986.0,9978.67
2021-10-18 14:00:00,10026.0,10016.908
2021-10-18 15:00:00,10278.0,10271.872
2021-10-18 16:00:00,10441.0,10451.566
2021-10-18 17:00:00,10253.0,10264.719
2021-10-18 18:00:00,9843.0,9857.313
2021-10-18 19:00:00,9812.0,9817.479
2021-10-18 20:00:00,9692.0,9698.9375
2021-10-18 21:00:00,9334.0,9332.757
2021-10-18 22:00:00,9038.0,9016.139
2021-10-18 23:00:00,10038.0,10002.039
2021-10-19 00:00:00,10056.0,10056.537
2021-10-19 01:00:00,9092.0,9059.163
2021-10-19 02:00:00,9415.0,9434.512
2021-10-19 03:00:00,10211.0,10136.124
2021-10-19 04:00:00,10708.0,10714.438
2021-10-19 05:00:00,10773.0,10787.636
2021-10-19 06:00:00,10795.0,10783.581
2021-10-19 07:00:00,10642.0,10629.721
2021-10-19 08:00:00,10486.0,10475.543
2021-10-19 09:00:00,10380.0,10371.871
2021-10-19 10:00:00,10229.0,10224.252
2021-10-19 11:00:00,10086.0,10070.745
2021-10-19 12:00:00,10070.0,10067.318
2021-10-19 13:00:00,10085.0,10087.687
2021-10-19 14:00:00,10218.0,10214.873
2021-10-19 15:00:00,10661.0,10658.351
2021-10-19 16:00:00,10812.0,10793.568
2021-10-19 17:00:00,10598.0,10612.19
2021-10-19 18:00:00,10103.0,10099.539
2021-10-19 19:00:00,10036.0,10050.807
2021-10-19 20:00:00,9766.0,9763.505
2021-10-19 21:00:00,9327.0,9325.161
2021-10-19 22:00:00,10094.5,10076.328
2021-10-19 23:00:00,10094.5,10071.6455
2021-10-20 00:00:00,10160.5,10177.111
2021-10-20 01:00:00,10221.5,10223.046
2021-10-20 02:00:00,10221.5,10210.512
2021-10-20 03:00:00,9878.0,9883.084
2021-10-20 04:00:00,10368.0,10382.744
2021-10-20 05:00:00,10454.0,10469.739
2021-10-20 06:00:00,10479.0,10468.958
2021-10-20 07:00:00,10497.0,10484.586
2021-10-20 08:00:00,10628.0,10618.322
2021-10-20 09:00:00,10556.0,10545.004
2021-10-20 10:00:00,10434.0,10414.023
2021-10-20 11:00:00,10251.0,10260.778
2021-10-20 12:00:00,10225.0,10234.72
2021-10-20 13:00:00,10140.0,10121.232
2021-10-20 14:00:00,10222.0,10226.033
2021-10-20 15:00:00,10503.0,10502.91
2021-10-20 16:00:00,10466.0,10450.215
2021-10-20 17:00:00,10304.0,10319.985
2021-10-20 18:00:00,9677.0,9668.717
2021-10-20 19:00:00,9562.0,9611.872
2021-10-20 20:00:00,9353.0,9361.319
2021-10-20 21:00:00,9750.0,9763.427
2021-10-20 22:00:00,9750.0,9757.82
2021-10-20 23:00:00,9727.0,9718.766
2021-10-21 00:00:00,9706.5,9704.095
2021-10-21 01:00:00,9688.0,9682.828
2021-10-21 02:00:00,9676.5,9669.64
2021-10-21 03:00:00,9261.0,9286.666
2021-10-21 04:00:00,9699.0,9696.84
2021-10-21 05:00:00,9740.0,9733.128
2021-10-21 06:00:00,9760.0,9759.377
2021-10-21 07:00:00,9801.0,9813.252
2021-10-21 08:00:00,9841.0,9844.954
2021-10-21 09:00:00,9843.0,9836.888
2021-10-21 10:00:00,9714.0,9707.509
2021-10-21 11:00:00,9676.0,9682.121
2021-10-21 12:00:00,9625.0,9623.445
2021-10-21 13:00:00,9572.0,9564.484
2021-10-21 14:00:00,9781.0,9793.193
2021-10-21 15:00:00,10110.0,10081.737
2021-10-21 16:00:00,10178.0,10187.938
2021-10-21 17:00:00,9980.0,9991.334
2021-10-21 18:00:00,9478.0,9473.037
2021-10-21 19:00:00,9420.0,9412.9
2021-10-21 20:00:00,9254.0,9243.933
2021-10-21 21:00:00,9650.5,9650.215
2021-10-21 22:00:00,9650.5,9639.808
2021-10-21 23:00:00,9650.5,9650.432
2021-10-22 00:00:00,9703.0,9687.975
2021-10-22 01:00:00,9855.5,9863.34
2021-10-22 02:00:00,9955.0,9939.049
2021-10-22 03:00:00,9466.0,9474.771
2021-10-22 04:00:00,9930.0,9911.331
2021-10-22 05:00:00,10130.0,10121.394
2021-10-22 06:00:00,10217.0,10214.735
2021-10-22 07:00:00,10340.0,10342.442
2021-10-22 08:00:00,10510.0,10500.679
2021-10-22 09:00:00,10505.0,10511.043
2021-10-22 10:00:00,10458.0,10459.643
2021-10-22 11:00:00,10401.0,10391.755
2021-10-22 12:00:00,10339.0,10335.639
2021-10-22 13:00:00,10340.0,10338.845
2021-10-22 14:00:00,10401.0,10405.018
2021-10-22 15:00:00,10736.0,10743.009
2021-10-22 16:00:00,10734.0,10727.078
2021-10-22 17:00:00,10451.0,10457.462
2021-10-22 18:00:00,9972.0,9977.85
2021-10-22 19:00:00,9981.0,9983.468
2021-10-22 20:00:00,9801.0,9801.347
2021-10-22 21:00:00,9404.0,9427.54
2021-10-22 22:00:00,9084.0,9101.312
2021-10-22 23:00:00,9898.0,9886.724
2021-10-23 00:00:00,9898.0,9908.569
2021-10-23 01:00:00,9898.0,9893.347
2021-10-23 02:00:00,9898.0,9891.965
2021-10-23 03:00:00,9210.0,9169.494
2021-10-23 04:00:00,9370.0,9342.209
2021-10-23 05:00:00,9527.0,9529.128
2021-10-23 06:00:00,9730.0,9729.428
2021-10-23 07:00:00,9881.0,9882.394
2021-10-23 08:00:00,9915.0,9925.367
2021-10-23 09:00:00,9955.0,9945.953
2021-10-23 10:00:00,9960.0,9966.095
2021-10-23 11:00:00,9976.0,9978.941
2021-10-23 12:00:00,9996.0,9998.217
2021-10-23 13:00:00,10054.0,10049.66
2021-10-23 14:00:00,10275.0,10262.667
2021-10-23 15:00:00,9935.0,9948.911
2021-10-23 16:00:00,9935.0,9935.428
2021-10-23 17:00:00,10594.0,10576.069
2021-10-23 18:00:00,10086.0,10064.8
2021-10-23 19:00:00,10195.0,10193.53
2021-10-23 20:00:00,10059.0,10059.283
2021-10-23 21:00:00,9689.0,9698.568
2021-10-23 22:00:00,9521.0,9532.137
2021-10-23 23:00:00,9373.0,9380.072
2021-10-24 00:00:00,9299.0,9310.621
2021-10-24 01:00:00,9332.0,9353.005
2021-10-24 02:00:00,9450.0,9433.933
2021-10-24 03:00:00,9601.0,9604.651
2021-10-24 04:00:00,9652.0,9644.253
2021-10-24 05:00:00,9749.0,9739.493
2021-10-24 06:00:00,9898.0,9908.229
2021-10-24 07:00:00,10061.0,10058.942
2021-10-24 08:00:00,10136.0,10138.997
2021-10-24 09:00:00,10084.0,10084.632
2021-10-24 10:00:00,9919.0,9915.443
2021-10-24 11:00:00,9867.0,9861.428
2021-10-24 12:00:00,9878.0,9876.525
2021-10-24 13:00:00,9890.0,9891.8545
2021-10-24 14:00:00,10087.0,10087.624
2021-10-24 15:00:00,10451.0,10436.831
2021-10-24 16:00:00,10409.0,10419.951
2021-10-24 17:00:00,10155.0,10188.555
2021-10-24 18:00:00,9772.0,9800.493
2021-10-24 19:00:00,9900.0,9888.753
2021-10-24 20:00:00,9743.0,9755.118
2021-10-24 21:00:00,9344.0,9345.808
2021-10-24 22:00:00,9895.0,9897.51
2021-10-24 23:00:00,9895.0,9894.263
2021-10-25 00:00:00,9993.5,9994.75
2021-10-25 01:00:00,10033.0,10031.507
2021-10-25 02:00:00,10033.0,10039.423
2021-10-25 03:00:00,9792.0,9784.857
2021-10-25 04:00:00,10283.0,10270.338
2021-10-25 05:00:00,10464.0,10461.306
2021-10-25 06:00:00,10364.0,10366.957
2021-10-25 07:00:00,10333.0,10340.381
2021-10-25 08:00:00,10336.0,10337.902
2021-10-25 09:00:00,10303.0,10302.78
2021-10-25 10:00:00,10178.0,10181.298
2021-10-25 11:00:00,10098.0,10093.545
2021-10-25 12:00:00,9979.0,9968.005
2021-10-25 13:00:00,9948.0,9943.567
2021-10-25 14:00:00,10121.0,10135.025
2021-10-25 15:00:00,10320.0,10318.924
2021-10-25 16:00:00,10312.0,10321.174
2021-10-25 17:00:00,10125.0,10133.886
2021-10-25 18:00:00,9620.0,9647.574
2021-10-25 19:00:00,9650.0,9643.32
2021-10-25 20:00:00,9396.0,9395.549
2021-10-25 21:00:00,9944.0,9931.067
2021-10-25 22:00:00,9944.0,9960.844
2021-10-25 23:00:00,9944.0,9947.055
2021-10-26 00:00:00,9922.5,9916.045
2021-10-26 01:00:00,9898.0,9905.668
2021-10-26 02:00:00,9884.5,9877.213
2021-10-26 03:00:00,9370.0,9364.266
2021-10-26 04:00:00,9839.0,9838.048
2021-10-26 05:00:00,10021.0,10021.287
2021-10-26 06:00:00,9940.0,9926.201
2021-10-26 07:00:00,9954.0,9963.411
2021-10-26 08:00:00,10030.0,10023.064
2021-10-26 09:00:00,10058.0,10055.997
2021-10-26 10:00:00,9956.0,9954.662
2021-10-26 11:00:00,9905.0,9917.54
2021-10-26 12:00:00,9891.0,9876.725
2021-10-26 13:00:00,9878.0,9871.761
2021-10-26 14:00:00,10086.0,10091.793
2021-10-26 15:00:00,10319.0,10305.07
2021-10-26 16:00:00,10378.0,10379.709
2021-10-26 17:00:00,10113.0,10107.982
2021-10-26 18:00:00,9661.0,9665.79
2021-10-26 19:00:00,9661.0,9672.375
2021-10-26 20:00:00,9368.0,9346.112
2021-10-26 21:00:00,9898.0,9901.143
2021-10-26 22:00:00,9898.0,9888.458
2021-10-26 23:00:00,9898.0,9882.394
2021-10-27 00:00:00,9963.0,9970.906
2021-10-27 01:00:00,9956.5,9965.661
2021-10-27 02:00:00,9999.0,10000.918
2021-10-27 03:00:00,9660.0,9669.171
2021-10-27 04:00:00,10075.0,10086.063
2021-10-27 05:00:00,10146.0,10164.294
2021-10-27 06:00:00,10080.0,10084.589
2021-10-27 07:00:00,10106.0,10109.566
2021-10-27 08:00:00,10229.0,10223.692
2021-10-27 09:00:00,10308.0,10315.732
2021-10-27 10:00:00,10203.0,10189.737
2021-10-27 11:00:00,10035.0,10037.749
2021-10-27 12:00:00,9718.0,9731.615
2021-10-27 13:00:00,9963.0,9972.868
2021-10-27 14:00:00,10086.0,10067.612
2021-10-27 15:00:00,10242.0,10236.142
2021-10-27 16:00:00,10323.0,10320.559
2021-10-27 17:00:00,10045.0,10044.317
2021-10-27 18:00:00,9707.0,9722.021
2021-10-27 19:00:00,9630.0,9630.384
2021-10-27 20:00:00,9430.0,9425.283
2021-10-27 21:00:00,9999.0,9977.654
2021-10-27 22:00:00,9999.0,9995.01
2021-10-27 23:00:00,9999.0,9994.944
2021-10-28 00:00:00,10004.0,9997.118
2021-10-28 01:00:00,10065.5,10073.307
2021-10-28 02:00:00,10096.5,10100.342
2021-10-28 03:00:00,9589.0,9585.265
2021-10-28 04:00:00,10107.0,10117.429
2021-10-28 05:00:00,10243.0,10254.861
2021-10-28 06:00:00,10258.0,10236.385
2021-10-28 07:00:00,10320.0,10331.837
2021-10-28 08:00:00,10335.0,10326.587
2021-10-28 09:00:00,10344.0,10347.722
2021-10-28 10:00:00,10241.0,10231.931
2021-10-28 11:00:00,10254.0,10241.469
2021-10-28 12:00:00,10210.0,10209.774
2021-10-28 13:00:00,10217.0,10221.762
2021-10-28 14:00:00,10290.0,10288.045
2021-10-28 15:00:00,10406.0,10404.432
2021-10-28 16:00:00,10377.0,10393.318
2021-10-28 17:00:00,10174.0,10169.214
2021-10-28 18:00:00,9719.0,9730.153
2021-10-28 19:00:00,9593.0,9613.181
2021-10-28 20:00:00,10067.5,10028.747
2021-10-28 21:00:00,10011.5,10022.942
2021-10-28 22:00:00,10011.5,10008.869
2021-10-28 23:00:00,10004.5,9999.784
2021-10-29 00:00:00,9997.0,9994.8
2021-10-29 01:00:00,9958.0,9960.1045
2021-10-29 02:00:00,9936.5,9937.903
2021-10-29 03:00:00,9510.0,9539.825
2021-10-29 04:00:00,10018.0,10023.374
2021-10-29 05:00:00,10158.0,10154.197
2021-10-29 06:00:00,10117.0,10105.146
2021-10-29 07:00:00,9990.0,9989.8955
2021-10-29 08:00:00,10005.0,10009.134
2021-10-29 09:00:00,10048.0,10030.08
2021-10-29 10:00:00,10004.0,10009.894
2021-10-29 11:00:00,9882.0,9884.937
2021-10-29 12:00:00,9926.0,9924.669
2021-10-29 13:00:00,9947.0,9924.309
2021-10-29 14:00:00,10026.0,10021.271
2021-10-29 15:00:00,10208.0,10199.12
2021-10-29 16:00:00,10235.0,10241.823
2021-10-29 17:00:00,9969.0,9979.131
2021-10-29 18:00:00,9488.0,9498.949
2021-10-29 19:00:00,9494.0,9510.239
2021-10-29 20:00:00,9288.0,9279.213
2021-10-29 21:00:00,8870.0,8858.658
2021-10-29 22:00:00,9335.5,9305.9375
2021-10-29 23:00:00,9335.5,9330.975
2021-10-30 00:00:00,9335.5,9343.813
2021-10-30 01:00:00,9335.5,9337.372
2021-10-30 02:00:00,9335.5,9337.351
2021-10-30 03:00:00,8701.0,8710.94
2021-10-30 04:00:00,8839.0,8858.649
2021-10-30 05:00:00,9063.0,9045.086
2021-10-30 06:00:00,9104.0,9102.09
2021-10-30 07:00:00,9310.0,9347.069
2021-10-30 08:00:00,9372.0,9369.395
2021-10-30 09:00:00,9361.0,9369.338
2021-10-30 10:00:00,9383.0,9388.682
2021-10-30 11:00:00,9369.0,9360.584
2021-10-30 12:00:00,9399.0,9391.707
2021-10-30 13:00:00,9475.0,9471.281
2021-10-30 14:00:00,9775.0,9790.112
2021-10-30 15:00:00,10078.0,10062.263
2021-10-30 16:00:00,9998.0,10007.771
2021-10-30 17:00:00,9656.0,9664.302
2021-10-30 18:00:00,9159.0,9183.565
2021-10-30 19:00:00,9192.0,9201.154
2021-10-30 20:00:00,8981.0,8968.386
2021-10-30 21:00:00,8580.0,8595.42
2021-10-30 22:00:00,8259.0,8268.658
2021-10-30 23:00:00,8133.0,8124.254
2021-10-31 00:00:00,8005.0,7998.1597
2021-10-31 01:00:00,8069.0,8064.518
2021-10-31 02:00:00,8072.0,8064.2485
2021-10-31 03:00:00,8063.0,8069.259
2021-10-31 04:00:00,8313.0,8305.442
2021-10-31 05:00:00,8463.0,8458.227
2021-10-31 06:00:00,8563.0,8562.342
2021-10-31 07:00:00,8827.0,8873.037
2021-10-31 08:00:00,8972.0,8986.711
2021-10-31 09:00:00,9118.0,9110.153
2021-10-31 10:00:00,9152.0,9141.842
2021-10-31 11:00:00,9058.0,9064.462
2021-10-31 12:00:00,8976.0,8982.659
2021-10-31 13:00:00,9219.0,9200.439
2021-10-31 14:00:00,9473.0,9432.309
2021-10-31 15:00:00,9591.0,9586.785
2021-10-31 16:00:00,9649.0,9645.246
2021-10-31 17:00:00,9601.0,9612.082
2021-10-31 18:00:00,9369.0,9378.632
2021-10-31 19:00:00,8932.0,8927.048
2021-10-31 20:00:00,9096.0,9099.336
2021-10-31 21:00:00,9030.0,9033.405
2021-10-31 22:00:00,8726.0,8708.921
2021-10-31 23:00:00,8496.0,8512.805
2021-11-01 00:00:00,9355.5,9323.551
2021-11-01 01:00:00,9421.0,9403.669
2021-11-01 02:00:00,9532.0,9538.459
2021-11-01 03:00:00,9596.0,9595.732
2021-11-01 04:00:00,9342.0,9341.974
2021-11-01 05:00:00,9878.0,9863.839
2021-11-01 06:00:00,9951.0,9958.8125
2021-11-01 07:00:00,9966.0,9951.572
2021-11-01 08:00:00,9976.0,9974.902
2021-11-01 09:00:00,10040.0,10048.318
2021-11-01 10:00:00,9957.0,9953.324
2021-11-01 11:00:00,9928.0,9930.127
2021-11-01 12:00:00,9917.0,9901.453
2021-11-01 13:00:00,9928.0,9919.447
2021-11-01 14:00:00,10027.0,10019.64
2021-11-01 15:00:00,10260.0,10269.6455
2021-11-01 16:00:00,10240.0,10226.612
2021-11-01 17:00:00,10194.0,10198.907
2021-11-01 18:00:00,9875.0,9890.267
2021-11-01 19:00:00,9401.0,9408.388
2021-11-01 20:00:00,9432.0,9448.559
2021-11-01 21:00:00,9198.0,9202.338
2021-11-01 22:00:00,9922.5,9895.357
2021-11-01 23:00:00,9922.5,9938.932
2021-11-02 00:00:00,9922.5,9930.045
2021-11-02 01:00:00,9945.0,9949.169
2021-11-02 02:00:00,9987.5,9990.595
2021-11-02 03:00:00,9987.5,9990.571
2021-11-02 04:00:00,9535.0,9491.496
2021-11-02 05:00:00,10029.0,10043.345
2021-11-02 06:00:00,10163.0,10156.0
2021-11-02 07:00:00,10189.0,10172.927
2021-11-02 08:00:00,10156.0,10162.381
2021-11-02 09:00:00,10243.0,10242.64
2021-11-02 10:00:00,10174.0,10165.328
2021-11-02 11:00:00,10054.0,10063.702
2021-11-02 12:00:00,9962.0,9966.548
2021-11-02 13:00:00,10013.0,9999.68
2021-11-02 14:00:00,10200.0,10194.368
2021-11-02 15:00:00,10432.0,10438.105
2021-11-02 16:00:00,10416.0,10420.5625
2021-11-02 17:00:00,10348.0,10351.075
2021-11-02 18:00:00,10044.0,10023.92
2021-11-02 19:00:00,9620.0,9637.691
2021-11-02 20:00:00,9590.0,9589.125
2021-11-02 21:00:00,9286.0,9276.463
2021-11-02 22:00:00,8959.0,8949.07
2021-11-02 23:00:00,10028.5,10019.195
2021-11-03 00:00:00,10028.5,10033.537
2021-11-03 01:00:00,10062.0,10073.302
2021-11-03 02:00:00,10102.5,10098.27
2021-11-03 03:00:00,10102.5,10095.817
2021-11-03 04:00:00,9598.0,9591.161
2021-11-03 05:00:00,10080.0,10091.942
2021-11-03 06:00:00,10125.0,10121.994
2021-11-03 07:00:00,10195.0,10195.298
2021-11-03 08:00:00,10220.0,10219.256
2021-11-03 09:00:00,10303.0,10293.928
2021-11-03 10:00:00,10317.0,10302.322
2021-11-03 11:00:00,10233.0,10237.119
2021-11-03 12:00:00,10141.0,10148.793
2021-11-03 13:00:00,10170.0,10159.532
2021-11-03 14:00:00,10360.0,10369.788
2021-11-03 15:00:00,10514.0,10524.614
2021-11-03 16:00:00,10539.0,10548.623
2021-11-03 17:00:00,10523.0,10514.403
2021-11-03 18:00:00,10246.0,10255.031
2021-11-03 19:00:00,9676.0,9688.736
2021-11-03 20:00:00,9645.0,9684.114
2021-11-03 21:00:00,9394.0,9391.778
2021-11-03 22:00:00,9652.5,9653.163
2021-11-03 23:00:00,9652.5,9639.636
2021-11-04 00:00:00,9652.5,9648.283
2021-11-04 01:00:00,9652.5,9641.52
2021-11-04 02:00:00,9652.5,9641.839
2021-11-04 03:00:00,9652.5,9642.111
2021-11-04 04:00:00,9401.0,9406.2295
2021-11-04 05:00:00,9892.0,9875.223
2021-11-04 06:00:00,9635.0,9600.067
2021-11-04 07:00:00,9470.0,9496.068
2021-11-04 08:00:00,9532.0,9535.694
2021-11-04 09:00:00,9660.0,9658.933
2021-11-04 10:00:00,9697.0,9686.51
2021-11-04 11:00:00,9708.0,9713.652
2021-11-04 12:00:00,9933.0,9937.731
2021-11-04 13:00:00,9999.0,9981.961
2021-11-04 14:00:00,10198.0,10184.394
2021-11-04 15:00:00,10320.0,10328.041
2021-11-04 16:00:00,10337.0,10333.485
2021-11-04 17:00:00,10304.0,10303.285
2021-11-04 18:00:00,10061.0,10054.569
2021-11-04 19:00:00,9576.0,9586.714
2021-11-04 20:00:00,9565.0,9558.108
2021-11-04 21:00:00,9388.0,9353.768
2021-11-04 22:00:00,8898.0,8883.474
2021-11-04 23:00:00,9966.0,9997.23
2021-11-05 00:00:00,10030.0,10052.928
2021-11-05 01:00:00,10091.5,10105.296
2021-11-05 02:00:00,10125.5,10130.886
2021-11-05 03:00:00,10125.5,10127.495
2021-11-05 04:00:00,9658.0,9667.24
2021-11-05 05:00:00,10148.0,10163.1875
2021-11-05 06:00:00,10258.0,10268.959
2021-11-05 07:00:00,10190.0,10176.923
2021-11-05 08:00:00,10281.0,10291.848
2021-11-05 09:00:00,10271.0,10278.547
2021-11-05 10:00:00,10240.0,10260.959
2021-11-05 11:00:00,10122.0,10123.819
2021-11-05 12:00:00,10129.0,10127.299
2021-11-05 13:00:00,10190.0,10212.471
2021-11-05 14:00:00,10477.0,10491.327
2021-11-05 15:00:00,10610.0,10609.008
2021-11-05 16:00:00,10606.0,10623.409
2021-11-05 17:00:00,10498.0,10506.93
2021-11-05 18:00:00,10179.0,10166.781
2021-11-05 19:00:00,9699.0,9691.193
2021-11-05 20:00:00,9712.0,9728.99
2021-11-05 21:00:00,9481.0,9474.692
2021-11-05 22:00:00,8962.0,8955.518
2021-11-05 23:00:00,8626.0,8631.295
2021-11-06 00:00:00,9480.5,9504.48
2021-11-06 01:00:00,9480.5,9461.45
2021-11-06 02:00:00,8445.0,8454.715
2021-11-06 03:00:00,8524.0,8558.728
2021-11-06 04:00:00,8739.0,8721.867
2021-11-06 05:00:00,8906.0,8892.051
2021-11-06 06:00:00,8987.0,8995.488
2021-11-06 07:00:00,9186.0,9185.868
2021-11-06 08:00:00,9355.0,9357.327
2021-11-06 09:00:00,9480.0,9486.766
2021-11-06 10:00:00,9513.0,9503.507
2021-11-06 11:00:00,9484.0,9495.949
2021-11-06 12:00:00,9490.0,9480.597
2021-11-06 13:00:00,9637.0,9638.449
2021-11-06 14:00:00,10038.0,10029.449
2021-11-06 15:00:00,10392.0,10379.08
2021-11-06 16:00:00,10513.0,10505.821
2021-11-06 17:00:00,10407.0,10408.16
2021-11-06 18:00:00,10164.0,10164.284
2021-11-06 19:00:00,9768.0,9759.459
2021-11-06 20:00:00,9858.0,9836.856
2021-11-06 21:00:00,9760.0,9754.342
2021-11-06 22:00:00,9339.0,9324.915
2021-11-06 23:00:00,9022.0,9009.709
2021-11-07 00:00:00,8863.0,8857.521
2021-11-07 01:00:00,8747.0,8753.764
2021-11-07 02:00:00,8793.0,8790.772
2021-11-07 03:00:00,8868.0,8854.211
2021-11-07 04:00:00,9087.0,9084.176
2021-11-07 05:00:00,9255.0,9263.767
2021-11-07 06:00:00,9312.0,9300.009
2021-11-07 07:00:00,9562.0,9557.69
2021-11-07 08:00:00,9769.0,9766.11
2021-11-07 09:00:00,9853.0,9840.95
2021-11-07 10:00:00,9875.0,9864.373
2021-11-07 11:00:00,9799.0,9807.957
2021-11-07 12:00:00,9854.0,9880.779
2021-11-07 13:00:00,9994.0,9991.968
2021-11-07 14:00:00,10340.0,10336.187
2021-11-07 15:00:00,10503.0,10498.546
2021-11-07 16:00:00,10557.0,10538.362
2021-11-07 17:00:00,10527.0,10532.721
2021-11-07 18:00:00,10337.0,10347.564
2021-11-07 19:00:00,9963.0,9969.317
2021-11-07 20:00:00,10184.0,10176.782
2021-11-07 21:00:00,10067.0,10043.215
2021-11-07 22:00:00,9641.0,9677.122
2021-11-07 23:00:00,10260.5,10249.362
2021-11-08 00:00:00,10338.5,10326.278
2021-11-08 01:00:00,10384.0,10390.661
2021-11-08 02:00:00,10465.5,10451.937
2021-11-08 03:00:00,10515.0,10512.338
2021-11-08 04:00:00,10428.0,10430.55
2021-11-08 05:00:00,10957.0,10922.13
2021-11-08 06:00:00,11025.0,11022.1875
2021-11-08 07:00:00,11094.0,11095.003
2021-11-08 08:00:00,11021.0,11011.171
2021-11-08 09:00:00,11007.0,11008.222
2021-11-08 10:00:00,10916.0,10919.288
2021-11-08 11:00:00,10898.0,10903.993
2021-11-08 12:00:00,10858.0,10860.832
2021-11-08 13:00:00,10939.0,10960.103
2021-11-08 14:00:00,11175.0,11166.521
2021-11-08 15:00:00,11312.0,11323.918
2021-11-08 16:00:00,11247.0,11262.804
2021-11-08 17:00:00,11316.0,11300.127
2021-11-08 18:00:00,11191.0,11187.82
2021-11-08 19:00:00,10775.0,10785.262
2021-11-08 20:00:00,10800.0,10818.576
2021-11-08 21:00:00,10600.0,10604.858
2021-11-08 22:00:00,10187.0,10195.828
2021-11-08 23:00:00,10986.0,10941.355
2021-11-09 00:00:00,11104.0,11070.404
2021-11-09 01:00:00,11183.0,11186.332
2021-11-09 02:00:00,11219.0,11232.149
2021-11-09 03:00:00,11279.5,11252.57
2021-11-09 04:00:00,11033.0,11020.741
2021-11-09 05:00:00,11457.0,11460.8125
2021-11-09 06:00:00,11512.0,11490.756
2021-11-09 07:00:00,11550.0,11552.5
2021-11-09 08:00:00,11521.0,11511.343
2021-11-09 09:00:00,11586.0,11595.787
2021-11-09 10:00:00,11560.0,11554.162
2021-11-09 11:00:00,11458.0,11451.002
2021-11-09 12:00:00,11401.0,11406.301
2021-11-09 13:00:00,11438.0,11438.737
2021-11-09 14:00:00,11603.0,11598.803
2021-11-09 15:00:00,11637.0,11639.625
2021-11-09 16:00:00,11533.0,11539.462
2021-11-09 17:00:00,11527.0,11530.979
2021-11-09 18:00:00,11217.0,11200.606
2021-11-09 19:00:00,10649.0,10639.278
2021-11-09 20:00:00,10613.0,10639.02
2021-11-09 21:00:00,10293.0,10278.953
2021-11-09 22:00:00,10559.0,10576.993
2021-11-09 23:00:00,10550.0,10538.946
2021-11-10 00:00:00,10522.5,10528.054
2021-11-10 01:00:00,10480.0,10472.611
2021-11-10 02:00:00,10456.5,10455.573
2021-11-10 03:00:00,10456.5,10463.556
2021-11-10 04:00:00,10129.0,10117.335
2021-11-10 05:00:00,10563.0,10560.425
2021-11-10 06:00:00,10555.0,10533.14
2021-11-10 07:00:00,10545.0,10550.101
2021-11-10 08:00:00,10453.0,10439.147
2021-11-10 09:00:00,10500.0,10497.381
2021-11-10 10:00:00,10460.0,10443.018
2021-11-10 11:00:00,10411.0,10406.738
2021-11-10 12:00:00,10349.0,10350.136
2021-11-10 13:00:00,10405.0,10396.071
2021-11-10 14:00:00,10582.0,10554.517
2021-11-10 15:00:00,10653.0,10633.092
2021-11-10 16:00:00,10672.0,10678.417
2021-11-10 17:00:00,10674.0,10678.606
2021-11-10 18:00:00,10446.0,10455.043
2021-11-10 19:00:00,9938.0,9932.343
2021-11-10 20:00:00,9972.0,9965.335
2021-11-10 21:00:00,9692.0,9682.338
2021-11-10 22:00:00,10408.0,10387.839
2021-11-10 23:00:00,10408.0,10401.788
2021-11-11 00:00:00,10377.0,10392.966
2021-11-11 01:00:00,10372.5,10375.5205
2021-11-11 02:00:00,10380.5,10384.554
2021-11-11 03:00:00,10380.5,10380.695
2021-11-11 04:00:00,9916.0,9902.303
2021-11-11 05:00:00,10499.0,10462.469
2021-11-11 06:00:00,10586.0,10596.554
2021-11-11 07:00:00,10572.0,10558.405
2021-11-11 08:00:00,10590.0,10595.547
2021-11-11 09:00:00,10568.0,10559.122
2021-11-11 10:00:00,10532.0,10527.835
2021-11-11 11:00:00,10317.0,10331.237
2021-11-11 12:00:00,10340.0,10328.075
2021-11-11 13:00:00,10421.0,10411.676
2021-11-11 14:00:00,10698.0,10690.622
2021-11-11 15:00:00,10823.0,10811.532
2021-11-11 16:00:00,10748.0,10742.335
2021-11-11 17:00:00,10714.0,10718.455
2021-11-11 18:00:00,10527.0,10506.735
2021-11-11 19:00:00,10063.0,10073.362
2021-11-11 20:00:00,10097.0,10098.187
2021-11-11 21:00:00,9791.0,9800.862
2021-11-11 22:00:00,10380.5,10358.761
2021-11-11 23:00:00,10380.5,10374.563
2021-11-12 00:00:00,10474.0,10475.787
2021-11-12 01:00:00,10537.5,10542.024
2021-11-12 02:00:00,10557.0,10558.878
2021-11-12 03:00:00,10557.0,10561.1045
2021-11-12 04:00:00,10082.0,10062.064
2021-11-12 05:00:00,10595.0,10598.188
2021-11-12 06:00:00,10666.0,10658.955
2021-11-12 07:00:00,10746.0,10729.714
2021-11-12 08:00:00,10710.0,10709.472
2021-11-12 09:00:00,10720.0,10713.633
2021-11-12 10:00:00,10658.0,10653.074
2021-11-12 11:00:00,10576.0,10573.01
2021-11-12 12:00:00,10548.0,10547.719
2021-11-12 13:00:00,10566.0,10574.498
2021-11-12 14:00:00,10758.0,10738.888
2021-11-12 15:00:00,10846.0,10846.764
2021-11-12 16:00:00,10861.0,10855.149
2021-11-12 17:00:00,10747.0,10737.741
2021-11-12 18:00:00,10501.0,10531.515
2021-11-12 19:00:00,9944.0,9924.073
2021-11-12 20:00:00,9989.0,9963.103
2021-11-12 21:00:00,9860.0,9849.267
2021-11-12 22:00:00,9484.0,9490.96
2021-11-12 23:00:00,9991.5,9989.075
2021-11-13 00:00:00,9991.5,10000.493
2021-11-13 01:00:00,9991.5,10001.879
2021-11-13 02:00:00,9991.5,9994.507
2021-11-13 03:00:00,9991.5,9991.673
2021-11-13 04:00:00,9455.0,9464.484
2021-11-13 05:00:00,9729.0,9758.67
2021-11-13 06:00:00,9824.0,9812.606
2021-11-13 07:00:00,9994.0,10014.926
2021-11-13 08:00:00,10218.0,10233.234
2021-11-13 09:00:00,10285.0,10290.591
2021-11-13 10:00:00,10238.0,10239.057
2021-11-13 11:00:00,10167.0,10169.596
2021-11-13 12:00:00,10212.0,10211.04
2021-11-13 13:00:00,10382.0,10375.574
2021-11-13 14:00:00,10774.0,10777.15
2021-11-13 15:00:00,10968.0,10975.271
2021-11-13 16:00:00,11059.0,11064.365
2021-11-13 17:00:00,10931.0,10929.563
2021-11-13 18:00:00,10600.0,10589.85
2021-11-13 19:00:00,10131.0,10123.104
2021-11-13 20:00:00,10311.0,10320.966
2021-11-13 21:00:00,10076.0,10083.185
2021-11-13 22:00:00,9675.0,9686.823
2021-11-13 23:00:00,9335.0,9321.748
2021-11-14 00:00:00,9142.0,9119.695
2021-11-14 01:00:00,9066.0,9056.341
2021-11-14 02:00:00,9051.0,9047.372
2021-11-14 03:00:00,9190.0,9193.667
2021-11-14 04:00:00,9375.0,9371.726
2021-11-14 05:00:00,9492.0,9485.914
2021-11-14 06:00:00,9680.0,9691.423
2021-11-14 07:00:00,9890.0,9902.341
2021-11-14 08:00:00,10079.0,10088.559
2021-11-14 09:00:00,10086.0,10090.149
2021-11-14 10:00:00,10036.0,10027.408
2021-11-14 11:00:00,9968.0,9973.744
2021-11-14 12:00:00,9959.0,9960.497
2021-11-14 13:00:00,10030.0,10029.298
2021-11-14 14:00:00,10353.0,10359.762
2021-11-14 15:00:00,10588.0,10588.413
2021-11-14 16:00:00,10618.0,10601.343
2021-11-14 17:00:00,10610.0,10629.534
2021-11-14 18:00:00,10503.0,10523.853
2021-11-14 19:00:00,10163.0,10127.91
2021-11-14 20:00:00,10415.0,10405.967
2021-11-14 21:00:00,10398.0,10403.482
2021-11-14 22:00:00,10110.0,10095.102
2021-11-14 23:00:00,9812.0,9800.16
2021-11-15 00:00:00,9652.0,9658.964
2021-11-15 01:00:00,9657.0,9657.266
2021-11-15 02:00:00,9734.0,9730.832
2021-11-15 03:00:00,10078.0,10057.214
2021-11-15 04:00:00,10886.0,10876.927
2021-11-15 05:00:00,11449.0,11496.258
2021-11-15 06:00:00,11602.0,11551.948
2021-11-15 07:00:00,11599.0,11593.201
2021-11-15 08:00:00,11537.0,11536.027
2021-11-15 09:00:00,11531.0,11535.813
2021-11-15 10:00:00,11409.0,11407.724
2021-11-15 11:00:00,11261.0,11246.885
2021-11-15 12:00:00,11153.0,11163.27
2021-11-15 13:00:00,11192.0,11204.004
2021-11-15 14:00:00,11272.0,11267.621
2021-11-15 15:00:00,11213.0,11207.27
2021-11-15 16:00:00,11104.0,11109.127
2021-11-15 17:00:00,11075.0,11095.114
2021-11-15 18:00:00,10819.0,10811.932
2021-11-15 19:00:00,10342.0,10310.309
2021-11-15 20:00:00,10498.0,10498.775
2021-11-15 21:00:00,10120.0,10103.096
2021-11-15 22:00:00,10536.0,10563.427
2021-11-15 23:00:00,10534.0,10510.931
2021-11-16 00:00:00,10514.0,10517.697
2021-11-16 01:00:00,10495.5,10506.708
2021-11-16 02:00:00,10495.5,10484.669
2021-11-16 03:00:00,10495.5,10489.922
2021-11-16 04:00:00,10495.5,10490.083
2021-11-16 05:00:00,10493.0,10482.913
2021-11-16 06:00:00,10542.0,10540.14
2021-11-16 07:00:00,10559.0,10559.523
2021-11-16 08:00:00,10552.0,10546.55
2021-11-16 09:00:00,10530.0,10536.493
2021-11-16 10:00:00,10538.0,10548.621
2021-11-16 11:00:00,10485.0,10485.456
2021-11-16 12:00:00,10480.0,10476.6045
2021-11-16 13:00:00,10579.0,10589.809
2021-11-16 14:00:00,10839.0,10839.895
2021-11-16 15:00:00,10813.0,10806.347
2021-11-16 16:00:00,10762.0,10770.536
2021-11-16 17:00:00,10677.0,10674.646
2021-11-16 18:00:00,10555.0,10563.388
2021-11-16 19:00:00,10100.0,10085.97
2021-11-16 20:00:00,10153.0,10157.418
2021-11-16 21:00:00,9936.0,9952.386
2021-11-16 22:00:00,10482.5,10470.352
2021-11-16 23:00:00,10482.5,10469.7295
2021-11-17 00:00:00,10462.0,10453.3955
2021-11-17 01:00:00,10417.0,10411.747
2021-11-17 02:00:00,10417.0,10427.58
2021-11-17 03:00:00,10417.0,10414.587
2021-11-17 04:00:00,9836.0,9853.508
2021-11-17 05:00:00,10373.0,10392.114
2021-11-17 06:00:00,10567.0,10565.861
2021-11-17 07:00:00,10530.0,10506.872
2021-11-17 08:00:00,10493.0,10495.849
2021-11-17 09:00:00,10500.0,10502.223
2021-11-17 10:00:00,10524.0,10519.82
2021-11-17 11:00:00,10444.0,10444.023
2021-11-17 12:00:00,10390.0,10402.317
2021-11-17 13:00:00,10539.0,10526.54
2021-11-17 14:00:00,10757.0,10758.205
2021-11-17 15:00:00,10817.0,10815.881
2021-11-17 16:00:00,10817.0,10804.978
2021-11-17 17:00:00,10853.0,10855.6
2021-11-17 18:00:00,10558.0,10563.529
2021-11-17 19:00:00,10081.0,10083.723
2021-11-17 20:00:00,10051.0,10076.853
2021-11-17 21:00:00,9805.0,9819.548
2021-11-17 22:00:00,10260.0,10278.155
2021-11-17 23:00:00,10260.0,10249.768
2021-11-18 00:00:00,10220.5,10218.03
2021-11-18 01:00:00,10220.5,10219.168
2021-11-18 02:00:00,10220.5,10218.521
2021-11-18 03:00:00,10220.5,10218.705
2021-11-18 04:00:00,9719.0,9740.329
2021-11-18 05:00:00,10203.0,10230.704
2021-11-18 06:00:00,10341.0,10327.195
2021-11-18 07:00:00,10290.0,10295.918
2021-11-18 08:00:00,10238.0,10241.813
2021-11-18 09:00:00,10282.0,10264.896
2021-11-18 10:00:00,10289.0,10290.75
2021-11-18 11:00:00,10185.0,10187.589
2021-11-18 12:00:00,10247.0,10256.217
2021-11-18 13:00:00,10410.0,10409.437
2021-11-18 14:00:00,10676.0,10638.638
2021-11-18 15:00:00,10730.0,10744.248
2021-11-18 16:00:00,10729.0,10723.664
2021-11-18 17:00:00,10675.0,10673.84
2021-11-18 18:00:00,10550.0,10569.305
2021-11-18 19:00:00,10271.0,10277.685
2021-11-18 20:00:00,10255.0,10251.221
2021-11-18 21:00:00,10046.0,10050.391
2021-11-18 22:00:00,9628.0,9638.968
2021-11-18 23:00:00,10340.5,10357.971
2021-11-19 00:00:00,10480.0,10484.202
2021-11-19 01:00:00,10576.5,10577.23
2021-11-19 02:00:00,10639.0,10647.979
2021-11-19 03:00:00,10639.0,10640.694
2021-11-19 04:00:00,10227.0,10213.945
2021-11-19 05:00:00,10692.0,10722.983
2021-11-19 06:00:00,10949.0,10938.301
2021-11-19 07:00:00,10924.0,10930.544
2021-11-19 08:00:00,10936.0,10924.492
2021-11-19 09:00:00,10946.0,10936.686
2021-11-19 10:00:00,10852.0,10844.8955
2021-11-19 11:00:00,10697.0,10700.527
2021-11-19 12:00:00,10603.0,10592.735
2021-11-19 13:00:00,10744.0,10725.916
2021-11-19 14:00:00,10987.0,10979.544
2021-11-19 15:00:00,10894.0,10882.259
2021-11-19 16:00:00,10934.0,10935.372
2021-11-19 17:00:00,10897.0,10886.624
2021-11-19 18:00:00,10569.0,10554.122
2021-11-19 19:00:00,10096.0,10108.829
2021-11-19 20:00:00,10151.0,10160.059
2021-11-19 21:00:00,9929.0,9930.407
2021-11-19 22:00:00,9497.0,9484.82
2021-11-19 23:00:00,10065.0,10053.587
2021-11-20 00:00:00,10065.0,10063.68
2021-11-20 01:00:00,10065.0,10059.581
2021-11-20 02:00:00,10065.0,10061.634
2021-11-20 03:00:00,10065.0,10062.074
2021-11-20 04:00:00,9356.0,9309.94
2021-11-20 05:00:00,9514.0,9551.153
2021-11-20 06:00:00,9731.0,9727.363
2021-11-20 07:00:00,9842.0,9850.246
2021-11-20 08:00:00,10034.0,10030.053
2021-11-20 09:00:00,10122.0,10118.648
2021-11-20 10:00:00,10165.0,10149.524
2021-11-20 11:00:00,10134.0,10135.468
2021-11-20 12:00:00,10106.0,10103.079
2021-11-20 13:00:00,10400.0,10419.969
2021-11-20 14:00:00,10736.0,10729.682
2021-11-20 15:00:00,10873.0,10860.36
2021-11-20 16:00:00,10933.0,10922.051
2021-11-20 17:00:00,10836.0,10848.921
2021-11-20 18:00:00,10458.0,10457.103
2021-11-20 19:00:00,10039.0,10066.694
2021-11-20 20:00:00,10195.0,10200.337
2021-11-20 21:00:00,9958.0,9960.913
2021-11-20 22:00:00,9596.0,9602.637
2021-11-20 23:00:00,9341.0,9341.481
2021-11-21 00:00:00,9149.0,9132.144
2021-11-21 01:00:00,9053.0,9047.122
2021-11-21 02:00:00,9066.0,9071.953
2021-11-21 03:00:00,9146.0,9137.753
2021-11-21 04:00:00,9341.0,9338.729
2021-11-21 05:00:00,9410.0,9404.805
2021-11-21 06:00:00,9543.0,9555.506
2021-11-21 07:00:00,9750.0,9761.154
2021-11-21 08:00:00,10002.0,9980.859
2021-11-21 09:00:00,10068.0,10080.306
2021-11-21 10:00:00,10179.0,10192.346
2021-11-21 11:00:00,10149.0,10141.247
2021-11-21 12:00:00,10174.0,10178.553
2021-11-21 13:00:00,10356.0,10370.059
2021-11-21 14:00:00,10673.0,10671.887
2021-11-21 15:00:00,10816.0,10833.662
2021-11-21 16:00:00,10899.0,10885.447
2021-11-21 17:00:00,10976.0,10982.188
2021-11-21 18:00:00,10772.0,10777.092
2021-11-21 19:00:00,10391.0,10405.17
2021-11-21 20:00:00,10648.0,10635.13
2021-11-21 21:00:00,10596.0,10575.564
2021-11-21 22:00:00,10289.0,10312.754
2021-11-21 23:00:00,10013.0,10023.69
2021-11-22 00:00:00,10722.5,10734.336
2021-11-22 01:00:00,10794.0,10812.104
2021-11-22 02:00:00,10857.5,10851.866
2021-11-22 03:00:00,10340.0,10313.089
2021-11-22 04:00:00,11156.0,11124.566
2021-11-22 05:00:00,11639.0,11641.492
2021-11-22 06:00:00,11740.0,11736.228
2021-11-22 07:00:00,11759.0,11756.668
2021-11-22 08:00:00,11757.0,11751.442
2021-11-22 09:00:00,11710.0,11719.773
2021-11-22 10:00:00,11654.0,11664.476
2021-11-22 11:00:00,11585.0,11604.349
2021-11-22 12:00:00,11555.0,11547.073
2021-11-22 13:00:00,11691.0,11701.003
2021-11-22 14:00:00,11894.0,11897.291
2021-11-22 15:00:00,11979.0,11965.138
2021-11-22 16:00:00,11925.0,11918.33
2021-11-22 17:00:00,11908.0,11921.693
2021-11-22 18:00:00,11658.0,11669.486
2021-11-22 19:00:00,11231.0,11205.038
2021-11-22 20:00:00,11256.0,11252.848
2021-11-22 21:00:00,10989.0,10990.668
2021-11-22 22:00:00,11571.0,11572.241
2021-11-22 23:00:00,11559.0,11576.394
2021-11-23 00:00:00,11543.5,11535.392
2021-11-23 01:00:00,11534.0,11524.644
2021-11-23 02:00:00,11534.0,11537.57
2021-11-23 03:00:00,11534.0,11540.879
2021-11-23 04:00:00,11218.0,11196.993
2021-11-23 05:00:00,11690.0,11678.22
2021-11-23 06:00:00,11701.0,11700.899
2021-11-23 07:00:00,11579.0,11583.589
2021-11-23 08:00:00,11619.0,11614.71
2021-11-23 09:00:00,11563.0,11544.411
2021-11-23 10:00:00,11532.0,11542.884
2021-11-23 11:00:00,11483.0,11483.1045
2021-11-23 12:00:00,11536.0,11521.079
2021-11-23 13:00:00,11708.0,11696.773
2021-11-23 14:00:00,11961.0,11953.584
2021-11-23 15:00:00,11868.0,11867.72
2021-11-23 16:00:00,11680.0,11671.405
2021-11-23 17:00:00,11837.0,11830.929
2021-11-23 18:00:00,11653.0,11637.564
2021-11-23 19:00:00,11107.0,11110.888
2021-11-23 20:00:00,11132.0,11132.159
2021-11-23 21:00:00,10858.0,10865.549
2021-11-23 22:00:00,11122.5,11127.293
2021-11-23 23:00:00,11111.0,11100.762
2021-11-24 00:00:00,11108.0,11107.193
2021-11-24 01:00:00,11100.0,11107.546
2021-11-24 02:00:00,11100.0,11102.813
2021-11-24 03:00:00,11100.0,11106.407
2021-11-24 04:00:00,11100.0,11104.283
2021-11-24 05:00:00,10990.0,10985.687
2021-11-24 06:00:00,11164.0,11141.731
2021-11-24 07:00:00,11093.0,11089.758
2021-11-24 08:00:00,11113.0,11113.721
2021-11-24 09:00:00,11142.0,11138.498
2021-11-24 10:00:00,11109.0,11110.627
2021-11-24 11:00:00,11075.0,11082.465
2021-11-24 12:00:00,11093.0,11081.889
2021-11-24 13:00:00,11228.0,11228.27
2021-11-24 14:00:00,11399.0,11408.783
2021-11-24 15:00:00,11562.0,11559.338
2021-11-24 16:00:00,11577.0,11586.609
2021-11-24 17:00:00,11579.0,11566.986
2021-11-24 18:00:00,11279.0,11247.209
2021-11-24 19:00:00,10890.0,10888.87
2021-11-24 20:00:00,11004.0,11018.086
2021-11-24 21:00:00,10745.0,10752.453
2021-11-24 22:00:00,10317.0,10330.309
2021-11-24 23:00:00,11160.5,11143.228
2021-11-25 00:00:00,11217.0,11224.006
2021-11-25 01:00:00,11246.0,11240.661
2021-11-25 02:00:00,11271.5,11269.429
2021-11-25 03:00:00,11271.5,11260.001
2021-11-25 04:00:00,10870.0,10865.104
2021-11-25 05:00:00,11290.0,11321.206
2021-11-25 06:00:00,11503.0,11488.494
2021-11-25 07:00:00,11361.0,11361.411
2021-11-25 08:00:00,11312.0,11321.032
2021-11-25 09:00:00,11303.0,11321.202
2021-11-25 10:00:00,11332.0,11326.972
2021-11-25 11:00:00,11206.0,11194.989
2021-11-25 12:00:00,11264.0,11261.903
2021-11-25 13:00:00,11418.0,11404.441
2021-11-25 14:00:00,11581.0,11577.458
2021-11-25 15:00:00,11575.0,11572.934
2021-11-25 16:00:00,11494.0,11495.335
2021-11-25 17:00:00,11532.0,11515.323
2021-11-25 18:00:00,11309.0,11322.47
2021-11-25 19:00:00,10869.0,10870.2
2021-11-25 20:00:00,10972.0,10989.21
2021-11-25 21:00:00,10726.0,10728.199
2021-11-25 22:00:00,11286.5,11282.811
2021-11-25 23:00:00,11286.5,11305.773
2021-11-26 00:00:00,11363.5,11356.14
2021-11-26 01:00:00,11456.0,11454.009
2021-11-26 02:00:00,11513.0,11500.907
2021-11-26 03:00:00,11513.0,11528.331
2021-11-26 04:00:00,11140.0,11152.1045
2021-11-26 05:00:00,11578.0,11620.949
2021-11-26 06:00:00,11721.0,11707.642
2021-11-26 07:00:00,11547.0,11560.761
2021-11-26 08:00:00,11667.0,11694.533
2021-11-26 09:00:00,11728.0,11734.328
2021-11-26 10:00:00,11701.0,11696.047
2021-11-26 11:00:00,11590.0,11600.928
2021-11-26 12:00:00,11544.0,11564.62
2021-11-26 13:00:00,11621.0,11648.436
2021-11-26 14:00:00,11773.0,11764.873
2021-11-26 15:00:00,11793.0,11785.899
2021-11-26 16:00:00,11825.0,11818.728
2021-11-26 17:00:00,12004.0,12016.489
2021-11-26 18:00:00,11933.0,11904.142
2021-11-26 19:00:00,11529.0,11544.717
2021-11-26 20:00:00,11612.0,11608.72
2021-11-26 21:00:00,11461.0,11440.769
2021-11-26 22:00:00,11064.0,11071.642
2021-11-26 23:00:00,11562.5,11587.968
2021-11-27 00:00:00,11562.5,11584.813
2021-11-27 01:00:00,11596.5,11597.301
2021-11-27 02:00:00,11596.5,11605.038
2021-11-27 03:00:00,10778.0,10787.532
2021-11-27 04:00:00,11049.0,11111.268
2021-11-27 05:00:00,11214.0,11198.746
2021-11-27 06:00:00,11522.0,11522.577
2021-11-27 07:00:00,11581.0,11573.167
2021-11-27 08:00:00,11749.0,11746.135
2021-11-27 09:00:00,11760.0,11741.249
2021-11-27 10:00:00,11751.0,11757.35
2021-11-27 11:00:00,11717.0,11718.429
2021-11-27 12:00:00,11707.0,11700.443
2021-11-27 13:00:00,12001.0,11992.791
2021-11-27 14:00:00,12377.0,12397.551
2021-11-27 15:00:00,12530.0,12539.051
2021-11-27 16:00:00,12508.0,12487.003
2021-11-27 17:00:00,12442.0,12442.068
2021-11-27 18:00:00,12070.0,12014.142
2021-11-27 19:00:00,11586.0,11601.316
2021-11-27 20:00:00,11728.0,11734.675
2021-11-27 21:00:00,11636.0,11628.159
2021-11-27 22:00:00,11303.0,11286.509
2021-11-27 23:00:00,11009.0,10983.324
2021-11-28 00:00:00,10849.0,10865.667
2021-11-28 01:00:00,10756.0,10761.747
2021-11-28 02:00:00,10729.0,10725.485
2021-11-28 03:00:00,10825.0,10837.075
2021-11-28 04:00:00,10972.0,10981.139
2021-11-28 05:00:00,11070.0,11073.129
2021-11-28 06:00:00,11315.0,11335.401
2021-11-28 07:00:00,11448.0,11441.789
2021-11-28 08:00:00,11716.0,11717.467
2021-11-28 09:00:00,11834.0,11822.896
2021-11-28 10:00:00,11792.0,11786.125
2021-11-28 11:00:00,11775.0,11769.494
2021-11-28 12:00:00,11748.0,11735.873
2021-11-28 13:00:00,11948.0,11940.1
2021-11-28 14:00:00,12244.0,12247.297
2021-11-28 15:00:00,12247.0,12244.779
2021-11-28 16:00:00,12352.0,12374.318
2021-11-28 17:00:00,12345.0,12331.435
2021-11-28 18:00:00,12089.0,12048.405
2021-11-28 19:00:00,11691.0,11715.547
2021-11-28 20:00:00,11931.0,11961.249
2021-11-28 21:00:00,11848.0,11831.45
2021-11-28 22:00:00,11510.0,11478.133
2021-11-28 23:00:00,12018.5,12038.348
2021-11-29 00:00:00,12145.5,12167.394
2021-11-29 01:00:00,12223.0,12247.887
2021-11-29 02:00:00,12245.5,12271.726
2021-11-29 03:00:00,12296.0,12270.8125
2021-11-29 04:00:00,12202.0,12197.138
2021-11-29 05:00:00,12646.0,12612.885
2021-11-29 06:00:00,12836.0,12836.002
2021-11-29 07:00:00,12768.0,12806.792
2021-11-29 08:00:00,12701.0,12700.936
2021-11-29 09:00:00,12676.0,12631.524
2021-11-29 10:00:00,12733.0,12715.6
2021-11-29 11:00:00,12701.0,12690.6045
2021-11-29 12:00:00,12631.0,12601.878
2021-11-29 13:00:00,12812.0,12756.163
2021-11-29 14:00:00,12821.0,12787.0625
2021-11-29 15:00:00,12717.0,12706.612
2021-11-29 16:00:00,12629.0,12633.309
2021-11-29 17:00:00,12636.0,12612.21
2021-11-29 18:00:00,12391.0,12392.512
2021-11-29 19:00:00,12630.0,12626.394
2021-11-29 20:00:00,12255.0,12150.824
2021-11-29 21:00:00,12071.0,12100.874
2021-11-29 22:00:00,12630.0,12550.17
2021-11-29 23:00:00,12630.0,12633.872
2021-11-30 00:00:00,12630.0,12624.851
2021-11-30 01:00:00,12632.5,12624.098
2021-11-30 02:00:00,12632.5,12625.203
2021-11-30 03:00:00,12632.5,12626.131
2021-11-30 04:00:00,12581.0,12581.258
2021-11-30 05:00:00,12854.0,12888.743
2021-11-30 06:00:00,13083.0,13104.631
2021-11-30 07:00:00,13057.0,13025.01
2021-11-30 08:00:00,13046.0,13022.956
2021-11-30 09:00:00,13037.0,13034.533
2021-11-30 10:00:00,13107.0,13105.632
2021-11-30 11:00:00,12960.0,12934.517
2021-11-30 12:00:00,12895.0,12889.88
2021-11-30 13:00:00,13073.0,13129.95
2021-11-30 14:00:00,13144.0,13133.653
2021-11-30 15:00:00,13114.0,13046.953
2021-11-30 16:00:00,13001.0,12977.779
2021-11-30 17:00:00,13108.0,13160.742
2021-11-30 18:00:00,12905.0,12902.948
2021-11-30 19:00:00,12414.0,12417.27
2021-11-30 20:00:00,12448.0,12440.338
2021-11-30 21:00:00,12802.0,12808.227
2021-11-30 22:00:00,12797.5,12751.138
2021-11-30 23:00:00,12790.0,12755.489
2021-12-01 00:00:00,12777.0,12742.184
2021-12-01 01:00:00,12761.5,12738.996
2021-12-01 02:00:00,12761.5,12752.396
2021-12-01 03:00:00,12761.5,12754.35
2021-12-01 04:00:00,12308.0,12304.505
2021-12-01 05:00:00,12767.0,12751.477
2021-12-01 06:00:00,12917.0,12886.657
2021-12-01 07:00:00,12802.0,12806.202
2021-12-01 08:00:00,12802.0,12805.03
2021-12-01 09:00:00,12793.0,12748.765
2021-12-01 10:00:00,12787.0,12754.12
2021-12-01 11:00:00,12730.0,12708.629
2021-12-01 12:00:00,12756.0,12776.907
2021-12-01 13:00:00,12844.0,12800.267
2021-12-01 14:00:00,13029.0,13044.52
2021-12-01 15:00:00,13083.0,13109.672
2021-12-01 16:00:00,13132.0,13109.075
2021-12-01 17:00:00,13204.0,13209.652
2021-12-01 18:00:00,12979.0,12936.337
2021-12-01 19:00:00,12515.0,12558.783
2021-12-01 20:00:00,12521.0,12516.527
2021-12-01 21:00:00,12216.0,12196.445
2021-12-01 22:00:00,12771.5,12726.163
2021-12-01 23:00:00,12800.0,12755.387
2021-12-02 00:00:00,12853.0,12827.21
2021-12-02 01:00:00,12854.5,12905.226
2021-12-02 02:00:00,12870.5,12900.706
2021-12-02 03:00:00,12870.5,12903.772
2021-12-02 04:00:00,12500.0,12549.892
2021-12-02 05:00:00,12962.0,12954.448
2021-12-02 06:00:00,13149.0,13111.719
2021-12-02 07:00:00,13061.0,12982.513
2021-12-02 08:00:00,12975.0,12959.951
2021-12-02 09:00:00,12892.0,12887.647
2021-12-02 10:00:00,12879.0,12863.696
2021-12-02 11:00:00,12862.0,12856.985
2021-12-02 12:00:00,12847.0,12859.073
2021-12-02 13:00:00,12998.0,13010.971
2021-12-02 14:00:00,12976.0,12929.647
2021-12-02 15:00:00,12942.0,12946.916
2021-12-02 16:00:00,12878.0,12827.93
2021-12-02 17:00:00,12890.0,12884.629
2021-12-02 18:00:00,12937.0,12930.163
2021-12-02 19:00:00,12550.0,12493.342
2021-12-02 20:00:00,12654.0,12676.839
2021-12-02 21:00:00,12457.0,12455.891
2021-12-02 22:00:00,12870.0,12909.131
2021-12-02 23:00:00,12870.0,12879.666
2021-12-03 00:00:00,12884.0,12885.54
2021-12-03 01:00:00,12913.5,12917.976
2021-12-03 02:00:00,12913.5,12885.429
2021-12-03 03:00:00,12913.5,12888.011
2021-12-03 04:00:00,12777.0,12775.709
2021-12-03 05:00:00,13230.0,13201.159
2021-12-03 06:00:00,13404.0,13512.177
2021-12-03 07:00:00,13223.0,13184.008
2021-12-03 08:00:00,13200.0,13201.808
2021-12-03 09:00:00,13111.0,13134.304
2021-12-03 10:00:00,13083.0,13016.013
2021-12-03 11:00:00,12991.0,12954.067
2021-12-03 12:00:00,12954.0,13008.7295
2021-12-03 13:00:00,13106.0,13112.002
2021-12-03 14:00:00,13247.0,13214.544
2021-12-03 15:00:00,13173.0,13182.239
2021-12-03 16:00:00,13076.0,13178.931
2021-12-03 17:00:00,13041.0,13037.747
2021-12-03 18:00:00,12809.0,12895.24
2021-12-03 19:00:00,12336.0,12375.69
2021-12-03 20:00:00,12388.0,12362.142
2021-12-03 21:00:00,12140.0,12157.02
2021-12-03 22:00:00,12281.5,12311.975
2021-12-03 23:00:00,12281.5,12291.296
2021-12-04 00:00:00,12281.5,12325.632
2021-12-04 01:00:00,12281.5,12325.033
2021-12-04 02:00:00,12281.5,12325.655
2021-12-04 03:00:00,12281.5,12328.665
2021-12-04 04:00:00,11489.0,11540.759
2021-12-04 05:00:00,11643.0,11677.306
2021-12-04 06:00:00,11972.0,11955.468
2021-12-04 07:00:00,12157.0,12141.885
2021-12-04 08:00:00,12246.0,12252.2
2021-12-04 09:00:00,12317.0,12310.633
2021-12-04 10:00:00,12374.0,12376.301
2021-12-04 11:00:00,12333.0,12327.884
2021-12-04 12:00:00,12386.0,12385.601
2021-12-04 13:00:00,12751.0,12741.932
2021-12-04 14:00:00,13129.0,13121.391
2021-12-04 15:00:00,13313.0,13305.69
2021-12-04 16:00:00,13409.0,13361.337
2021-12-04 17:00:00,13324.0,13349.043
2021-12-04 18:00:00,13054.0,13020.163
2021-12-04 19:00:00,12674.0,12695.285
2021-12-04 20:00:00,12925.0,12945.55
2021-12-04 21:00:00,12713.0,12707.317
2021-12-04 22:00:00,12343.0,12299.636
2021-12-04 23:00:00,12078.0,12064.117
2021-12-05 00:00:00,11901.0,11880.279
2021-12-05 01:00:00,11842.0,11860.475
2021-12-05 02:00:00,11872.0,11853.685
2021-12-05 03:00:00,12112.0,12114.8955
2021-12-05 04:00:00,12311.0,12341.058
2021-12-05 05:00:00,12322.0,12311.042
2021-12-05 06:00:00,12693.0,12686.752
2021-12-05 07:00:00,12852.0,12843.031
2021-12-05 08:00:00,13168.0,13210.258
2021-12-05 09:00:00,13241.0,13212.941
2021-12-05 10:00:00,13178.0,13177.763
2021-12-05 11:00:00,13135.0,13193.823
2021-12-05 12:00:00,13170.0,13195.571
2021-12-05 13:00:00,13345.0,13417.206
2021-12-05 14:00:00,13633.0,13662.47
2021-12-05 15:00:00,13651.0,13648.422
2021-12-05 16:00:00,13685.0,13693.714
2021-12-05 17:00:00,13600.0,13571.169
2021-12-05 18:00:00,13409.0,13452.746
2021-12-05 19:00:00,13093.0,13146.52
2021-12-05 20:00:00,13253.0,13273.061
2021-12-05 21:00:00,13206.0,13209.836
2021-12-05 22:00:00,12927.0,12860.12
2021-12-05 23:00:00,12612.0,12578.714
2021-12-06 00:00:00,12432.0,12414.332
2021-12-06 01:00:00,12352.0,12371.319
2021-12-06 02:00:00,12357.0,12347.956
2021-12-06 03:00:00,12489.0,12463.753
2021-12-06 04:00:00,12657.0,12647.0
2021-12-06 05:00:00,12558.0,12588.481
2021-12-06 06:00:00,12554.0,12583.281
2021-12-06 07:00:00,12683.0,12699.905
2021-12-06 08:00:00,12848.0,12810.749
2021-12-06 09:00:00,12925.0,12914.705
2021-12-06 10:00:00,12898.0,12847.94
2021-12-06 11:00:00,12855.0,12828.812
2021-12-06 12:00:00,12799.0,12804.785
2021-12-06 13:00:00,13004.0,12946.447
2021-12-06 14:00:00,13255.0,13290.127
2021-12-06 15:00:00,13303.0,13320.427
2021-12-06 16:00:00,13292.0,13233.216
2021-12-06 17:00:00,13206.0,13169.729
2021-12-06 18:00:00,12986.0,13027.809
2021-12-06 19:00:00,12681.0,12689.581
2021-12-06 20:00:00,12969.0,13001.765
2021-12-06 21:00:00,12870.0,12841.534
2021-12-06 22:00:00,12550.0,12535.089
2021-12-06 23:00:00,12995.0,13025.544
2021-12-07 00:00:00,13105.0,13111.357
2021-12-07 01:00:00,13230.5,13154.304
2021-12-07 02:00:00,13273.5,13270.135
2021-12-07 03:00:00,12714.0,12620.617
2021-12-07 04:00:00,13461.0,13435.399
2021-12-07 05:00:00,13568.0,13497.912
2021-12-07 06:00:00,13778.0,13913.748
2021-12-07 07:00:00,13634.0,13593.611
2021-12-07 08:00:00,13565.0,13608.663
2021-12-07 09:00:00,13582.0,13636.313
2021-12-07 10:00:00,13527.0,13584.728
2021-12-07 11:00:00,13452.0,13479.01
2021-12-07 12:00:00,13498.0,13477.988
2021-12-07 13:00:00,13744.0,13749.484
2021-12-07 14:00:00,13873.0,13758.604
2021-12-07 15:00:00,13875.0,13672.881
2021-12-07 16:00:00,13842.0,13661.991
2021-12-07 17:00:00,13777.0,13646.195
2021-12-07 18:00:00,13625.0,13545.985
2021-12-07 19:00:00,13360.0,13396.573
2021-12-07 20:00:00,13581.0,13716.635
2021-12-07 21:00:00,13391.0,13361.182
2021-12-07 22:00:00,13029.0,13109.192
2021-12-07 23:00:00,13603.0,13644.744
2021-12-08 00:00:00,13653.0,13577.492
2021-12-08 01:00:00,13712.5,13741.308
2021-12-08 02:00:00,13729.0,13645.218
2021-12-08 03:00:00,13729.0,13723.112
2021-12-08 04:00:00,13479.0,13408.837
2021-12-08 05:00:00,13681.0,13769.382
2021-12-08 06:00:00,14038.0,13965.553
2021-12-08 07:00:00,14004.0,14001.986
2021-12-08 08:00:00,13933.0,13991.221
2021-12-08 09:00:00,13930.0,14017.096
2021-12-08 10:00:00,13889.0,13972.773
2021-12-08 11:00:00,13827.0,13672.035
2021-12-08 12:00:00,13896.0,13784.391
2021-12-08 13:00:00,14009.0,13929.148
2021-12-08 14:00:00,14135.0,14074.652
2021-12-08 15:00:00,14175.0,14119.245
2021-12-08 16:00:00,14162.0,14053.12
2021-12-08 17:00:00,14154.0,14056.49
2021-12-08 18:00:00,13927.0,13916.392
2021-12-08 19:00:00,13616.0,13805.957
2021-12-08 20:00:00,13581.0,13579.586
2021-12-08 21:00:00,13441.0,13545.81
2021-12-08 22:00:00,13034.0,13072.566
2021-12-08 23:00:00,13616.0,13677.096
2021-12-09 00:00:00,13598.5,13518.3545
2021-12-09 01:00:00,13559.5,13625.183
2021-12-09 02:00:00,13559.5,13643.963
2021-12-09 03:00:00,12852.0,12961.595
2021-12-09 04:00:00,13458.0,13487.122
2021-12-09 05:00:00,13616.0,13715.256
2021-12-09 06:00:00,13820.0,14002.806
2021-12-09 07:00:00,13763.0,13733.035
2021-12-09 08:00:00,13648.0,13690.951
2021-12-09 09:00:00,13538.0,13664.421
2021-12-09 10:00:00,13528.0,13647.621
2021-12-09 11:00:00,13378.0,13344.263
2021-12-09 12:00:00,13400.0,13410.231
2021-12-09 13:00:00,13607.0,13620.382
2021-12-09 14:00:00,13591.0,13660.693
2021-12-09 15:00:00,13490.0,13681.615
2021-12-09 16:00:00,13373.0,13362.382
2021-12-09 17:00:00,13397.0,13445.303
2021-12-09 18:00:00,13130.0,13113.266
2021-12-09 19:00:00,12726.0,12704.171
2021-12-09 20:00:00,12763.0,12795.981
2021-12-09 21:00:00,12541.0,12539.373
2021-12-09 22:00:00,13087.5,13121.858
2021-12-09 23:00:00,13026.5,12956.262
2021-12-10 00:00:00,12990.0,13007.288
2021-12-10 01:00:00,12957.5,13001.961
2021-12-10 02:00:00,12957.5,12952.697
2021-12-10 03:00:00,12957.5,12894.328
2021-12-10 04:00:00,12839.0,12810.479
2021-12-10 05:00:00,13173.0,13214.507
2021-12-10 06:00:00,13345.0,13401.885
2021-12-10 07:00:00,13187.0,13223.233
2021-12-10 08:00:00,13008.0,13101.967
2021-12-10 09:00:00,13045.0,13084.574
2021-12-10 10:00:00,12972.0,12948.731
2021-12-10 11:00:00,12943.0,12930.243
2021-12-10 12:00:00,12940.0,12883.548
2021-12-10 13:00:00,13028.0,13033.338
2021-12-10 14:00:00,13049.0,13068.998
2021-12-10 15:00:00,13001.0,13023.652
2021-12-10 16:00:00,12904.0,12992.816
2021-12-10 17:00:00,12789.0,12808.646
2021-12-10 18:00:00,12556.0,12621.1
2021-12-10 19:00:00,12147.0,12137.548
2021-12-10 20:00:00,12208.0,12200.467
2021-12-10 21:00:00,11946.0,11975.078
2021-12-10 22:00:00,11445.0,11453.338
2021-12-10 23:00:00,11545.5,11572.069
2021-12-11 00:00:00,11538.0,11519.754
2021-12-11 01:00:00,11538.0,11547.881
2021-12-11 02:00:00,11538.0,11536.1045
2021-12-11 03:00:00,11538.0,11535.25
2021-12-11 04:00:00,11068.0,11086.576
2021-12-11 05:00:00,11145.0,11167.926
2021-12-11 06:00:00,11441.0,11449.892
2021-12-11 07:00:00,11469.0,11493.683
2021-12-11 08:00:00,11428.0,11415.129
2021-12-11 09:00:00,11530.0,11533.167
2021-12-11 10:00:00,11561.0,11583.521
2021-12-11 11:00:00,11546.0,11538.167
2021-12-11 12:00:00,11579.0,11571.634
2021-12-11 13:00:00,11848.0,11858.745
2021-12-11 14:00:00,11990.0,12014.376
2021-12-11 15:00:00,12063.0,12089.153
2021-12-11 16:00:00,12071.0,12059.652
2021-12-11 17:00:00,11813.0,11807.707
2021-12-11 18:00:00,11630.0,11664.8125
2021-12-11 19:00:00,11244.0,11263.594
2021-12-11 20:00:00,11374.0,11384.328
2021-12-11 21:00:00,11223.0,11199.751
2021-12-11 22:00:00,10851.0,10834.188
2021-12-11 23:00:00,10538.0,10562.606
2021-12-12 00:00:00,10288.0,10306.407
2021-12-12 01:00:00,10118.0,10123.272
2021-12-12 02:00:00,10084.0,10080.864
2021-12-12 03:00:00,10127.0,10112.862
2021-12-12 04:00:00,10302.0,10295.348
2021-12-12 05:00:00,10355.0,10344.782
2021-12-12 06:00:00,10671.0,10676.1045
2021-12-12 07:00:00,10735.0,10764.671
2021-12-12 08:00:00,10819.0,10809.264
2021-12-12 09:00:00,10909.0,10912.518
2021-12-12 10:00:00,11009.0,10997.892
2021-12-12 11:00:00,10951.0,10931.003
2021-12-12 12:00:00,10978.0,10964.236
2021-12-12 13:00:00,11215.0,11222.903
2021-12-12 14:00:00,11331.0,11339.827
2021-12-12 15:00:00,11403.0,11396.556
2021-12-12 16:00:00,11374.0,11374.829
2021-12-12 17:00:00,11374.0,11379.247
2021-12-12 18:00:00,11098.0,11105.529
2021-12-12 19:00:00,10780.0,10800.586
2021-12-12 20:00:00,11037.0,11031.611
2021-12-12 21:00:00,10944.0,10952.753
2021-12-12 22:00:00,10568.0,10562.022
2021-12-12 23:00:00,11156.5,11177.122
2021-12-13 00:00:00,11252.0,11284.273
2021-12-13 01:00:00,11310.0,11320.659
2021-12-13 02:00:00,11352.5,11361.852
2021-12-13 03:00:00,11374.0,11361.426
2021-12-13 04:00:00,11289.0,11281.138
2021-12-13 05:00:00,11748.0,11739.584
2021-12-13 06:00:00,11892.0,11887.363
2021-12-13 07:00:00,11888.0,11888.788
2021-12-13 08:00:00,11800.0,11782.685
2021-12-13 09:00:00,11742.0,11754.761
2021-12-13 10:00:00,11740.0,11726.963
2021-12-13 11:00:00,11701.0,11698.479
2021-12-13 12:00:00,11752.0,11739.96
2021-12-13 13:00:00,11875.0,11871.404
2021-12-13 14:00:00,11863.0,11867.871
2021-12-13 15:00:00,11761.0,11766.934
2021-12-13 16:00:00,11656.0,11661.156
2021-12-13 17:00:00,11612.0,11632.188
2021-12-13 18:00:00,11479.0,11473.123
2021-12-13 19:00:00,11109.0,11103.829
2021-12-13 20:00:00,11187.0,11185.254
2021-12-13 21:00:00,10936.0,10923.72
2021-12-13 22:00:00,11290.0,11292.824
2021-12-13 23:00:00,11282.0,11285.799
2021-12-14 00:00:00,11253.5,11261.226
2021-12-14 01:00:00,11241.5,11245.514
2021-12-14 02:00:00,11241.5,11239.599
2021-12-14 03:00:00,11241.5,11241.281
2021-12-14 04:00:00,10812.0,10815.503
2021-12-14 05:00:00,11222.0,11241.021
2021-12-14 06:00:00,11458.0,11461.008
2021-12-14 07:00:00,11387.0,11375.204
2021-12-14 08:00:00,11289.0,11316.168
2021-12-14 09:00:00,11291.0,11314.688
2021-12-14 10:00:00,11275.0,11273.522
2021-12-14 11:00:00,11232.0,11223.202
2021-12-14 12:00:00,11251.0,11255.846
2021-12-14 13:00:00,11493.0,11491.749
2021-12-14 14:00:00,11437.0,11414.611
2021-12-14 15:00:00,11443.0,11441.858
2021-12-14 16:00:00,11373.0,11373.867
2021-12-14 17:00:00,11488.0,11499.924
2021-12-14 18:00:00,11390.0,11377.055
2021-12-14 19:00:00,10990.0,11009.765
2021-12-14 20:00:00,11042.0,11028.1
2021-12-14 21:00:00,10728.0,10731.063
2021-12-14 22:00:00,11256.0,11253.542
2021-12-14 23:00:00,11256.0,11263.489
2021-12-15 00:00:00,11303.0,11314.282
2021-12-15 01:00:00,11350.5,11345.406
2021-12-15 02:00:00,11350.5,11347.732
2021-12-15 03:00:00,11350.5,11356.828
2021-12-15 04:00:00,10898.0,10899.098
2021-12-15 05:00:00,11261.0,11272.968
2021-12-15 06:00:00,11514.0,11524.486
2021-12-15 07:00:00,11501.0,11493.274
2021-12-15 08:00:00,11391.0,11422.563
2021-12-15 09:00:00,11345.0,11365.274
2021-12-15 10:00:00,11404.0,11396.967
2021-12-15 11:00:00,11356.0,11352.377
2021-12-15 12:00:00,11390.0,11390.994
2021-12-15 13:00:00,11617.0,11639.754
2021-12-15 14:00:00,11614.0,11594.462
2021-12-15 15:00:00,11666.0,11650.226
2021-12-15 16:00:00,11684.0,11686.818
2021-12-15 17:00:00,11537.0,11521.466
2021-12-15 18:00:00,11300.0,11327.772
2021-12-15 19:00:00,10849.0,10848.231
2021-12-15 20:00:00,10910.0,10900.289
2021-12-15 21:00:00,10676.0,10669.992
2021-12-15 22:00:00,11308.5,11326.583
2021-12-15 23:00:00,11288.5,11292.223
2021-12-16 00:00:00,11285.5,11283.372
2021-12-16 01:00:00,11284.0,11288.392
2021-12-16 02:00:00,11284.0,11293.658
2021-12-16 03:00:00,11284.0,11293.596
2021-12-16 04:00:00,10743.0,10755.019
2021-12-16 05:00:00,11202.0,11225.575
2021-12-16 06:00:00,11497.0,11524.13
2021-12-16 07:00:00,11428.0,11415.924
2021-12-16 08:00:00,11338.0,11339.931
2021-12-16 09:00:00,11317.0,11327.232
2021-12-16 10:00:00,11277.0,11275.544
2021-12-16 11:00:00,11294.0,11290.939
2021-12-16 12:00:00,11291.0,11292.015
2021-12-16 13:00:00,11451.0,11456.654
2021-12-16 14:00:00,11568.0,11569.48
2021-12-16 15:00:00,11630.0,11644.982
2021-12-16 16:00:00,11572.0,11565.079
2021-12-16 17:00:00,11576.0,11579.613
2021-12-16 18:00:00,11509.0,11503.178
2021-12-16 19:00:00,11074.0,11079.53
2021-12-16 20:00:00,11148.0,11147.265
2021-12-16 21:00:00,10886.0,10889.685
2021-12-16 22:00:00,10492.0,10493.053
2021-12-16 23:00:00,11372.5,11388.757
2021-12-17 00:00:00,11420.5,11430.13
2021-12-17 01:00:00,11420.5,11433.463
2021-12-17 02:00:00,11441.0,11443.742
2021-12-17 03:00:00,11441.0,11460.891
2021-12-17 04:00:00,10992.0,10994.038
2021-12-17 05:00:00,11492.0,11488.064
2021-12-17 06:00:00,11800.0,11799.589
2021-12-17 07:00:00,11760.0,11761.871
2021-12-17 08:00:00,11631.0,11635.472
2021-12-17 09:00:00,11611.0,11619.408
2021-12-17 10:00:00,11527.0,11525.195
2021-12-17 11:00:00,11390.0,11407.779
2021-12-17 12:00:00,11371.0,11373.826
2021-12-17 13:00:00,11651.0,11659.06
2021-12-17 14:00:00,11730.0,11748.986
2021-12-17 15:00:00,11666.0,11682.303
2021-12-17 16:00:00,11638.0,11652.645
2021-12-17 17:00:00,11665.0,11670.678
2021-12-17 18:00:00,11565.0,11568.82
2021-12-17 19:00:00,11132.0,11135.948
2021-12-17 20:00:00,11204.0,11201.438
2021-12-17 21:00:00,10965.0,10980.425
2021-12-17 22:00:00,10459.0,10481.078
2021-12-17 23:00:00,10124.0,10106.573
2021-12-18 00:00:00,10709.5,10707.056
2021-12-18 01:00:00,10709.5,10719.521
2021-12-18 02:00:00,10709.5,10708.819
2021-12-18 03:00:00,10709.5,10706.303
2021-12-18 04:00:00,10144.0,10135.299
2021-12-18 05:00:00,10247.0,10259.175
2021-12-18 06:00:00,10498.0,10474.404
2021-12-18 07:00:00,10635.0,10624.192
2021-12-18 08:00:00,10711.0,10710.515
2021-12-18 09:00:00,10701.0,10693.499
2021-12-18 10:00:00,10708.0,10715.025
2021-12-18 11:00:00,10722.0,10719.319
2021-12-18 12:00:00,10772.0,10778.995
2021-12-18 13:00:00,11075.0,11054.126
2021-12-18 14:00:00,11276.0,11251.216
2021-12-18 15:00:00,11439.0,11439.136
2021-12-18 16:00:00,11531.0,11521.077
2021-12-18 17:00:00,11414.0,11418.825
2021-12-18 18:00:00,11061.0,11064.381
2021-12-18 19:00:00,10596.0,10617.097
2021-12-18 20:00:00,10755.0,10741.52
2021-12-18 21:00:00,10566.0,10563.061
2021-12-18 22:00:00,10259.0,10288.335
2021-12-18 23:00:00,9920.0,9910.987
2021-12-19 00:00:00,9684.0,9687.714
2021-12-19 01:00:00,9584.0,9573.135
2021-12-19 02:00:00,9573.0,9565.799
2021-12-19 03:00:00,9644.0,9641.039
2021-12-19 04:00:00,9845.0,9866.502
2021-12-19 05:00:00,10012.0,10016.53
2021-12-19 06:00:00,10319.0,10310.097
2021-12-19 07:00:00,10467.0,10464.37
2021-12-19 08:00:00,10602.0,10594.445
2021-12-19 09:00:00,10741.0,10733.707
2021-12-19 10:00:00,10807.0,10796.583
2021-12-19 11:00:00,10837.0,10822.326
2021-12-19 12:00:00,10893.0,10881.939
2021-12-19 13:00:00,11102.0,11099.994
2021-12-19 14:00:00,11263.0,11254.641
2021-12-19 15:00:00,11445.0,11449.584
2021-12-19 16:00:00,11604.0,11609.313
2021-12-19 17:00:00,11581.0,11563.867
2021-12-19 18:00:00,11512.0,11501.2705
2021-12-19 19:00:00,11253.0,11290.006
2021-12-19 20:00:00,11480.0,11459.361
2021-12-19 21:00:00,11392.0,11395.571
2021-12-19 22:00:00,11069.0,11052.424
2021-12-19 23:00:00,10789.0,10786.222
2021-12-20 00:00:00,11462.5,11472.248
2021-12-20 01:00:00,11496.0,11511.457
2021-12-20 02:00:00,10816.0,10778.484
2021-12-20 03:00:00,11252.0,11281.133
2021-12-20 04:00:00,12061.0,12069.409
2021-12-20 05:00:00,12583.0,12530.689
2021-12-20 06:00:00,12925.0,13001.738
2021-12-20 07:00:00,12900.0,12863.26
2021-12-20 08:00:00,12822.0,12806.0625
2021-12-20 09:00:00,12887.0,12870.868
2021-12-20 10:00:00,12797.0,12815.146
2021-12-20 11:00:00,12746.0,12740.36
2021-12-20 12:00:00,12714.0,12749.405
2021-12-20 13:00:00,12921.0,12859.857
2021-12-20 14:00:00,13011.0,12989.621
2021-12-20 15:00:00,12989.0,13038.524
2021-12-20 16:00:00,12922.0,12975.625
2021-12-20 17:00:00,12900.0,12852.435
2021-12-20 18:00:00,12767.0,12794.099
2021-12-20 19:00:00,12341.0,12355.198
2021-12-20 20:00:00,12402.0,12379.392
2021-12-20 21:00:00,12188.0,12181.563
2021-12-20 22:00:00,12756.5,12763.843
2021-12-20 23:00:00,12756.5,12737.509
2021-12-21 00:00:00,12794.5,12817.508
2021-12-21 01:00:00,12861.0,12820.795
2021-12-21 02:00:00,12861.0,12925.83
2021-12-21 03:00:00,12861.0,12916.125
2021-12-21 04:00:00,12342.0,12300.505
2021-12-21 05:00:00,12822.0,12860.437
2021-12-21 06:00:00,13077.0,13010.437
2021-12-21 07:00:00,12998.0,12868.705
2021-12-21 08:00:00,12989.0,13001.1045
2021-12-21 09:00:00,12992.0,13052.756
2021-12-21 10:00:00,13013.0,13052.126
2021-12-21 11:00:00,12986.0,13004.747
2021-12-21 12:00:00,12966.0,12992.109
2021-12-21 13:00:00,13084.0,13051.296
2021-12-21 14:00:00,13196.0,13139.581
2021-12-21 15:00:00,13204.0,13247.97
2021-12-21 16:00:00,13175.0,13213.471
2021-12-21 17:00:00,13215.0,13288.3955
2021-12-21 18:00:00,13030.0,13100.893
2021-12-21 19:00:00,12631.0,12619.446
2021-12-21 20:00:00,12674.0,12649.801
2021-12-21 21:00:00,12463.0,12437.103
2021-12-21 22:00:00,12985.5,12990.553
2021-12-21 23:00:00,12985.5,12970.641
2021-12-22 00:00:00,12975.5,13014.921
2021-12-22 01:00:00,12971.0,12950.259
2021-12-22 02:00:00,12971.0,12963.438
2021-12-22 03:00:00,12971.0,12966.572
2021-12-22 04:00:00,12583.0,12561.567
2021-12-22 05:00:00,12985.0,13032.095
2021-12-22 06:00:00,13242.0,13257.426
2021-12-22 07:00:00,13170.0,13042.116
2021-12-22 08:00:00,13120.0,13160.706
2021-12-22 09:00:00,13105.0,13013.83
2021-12-22 10:00:00,13061.0,13009.869
2021-12-22 11:00:00,12957.0,12932.249
2021-12-22 12:00:00,12907.0,12893.242
2021-12-22 13:00:00,13028.0,12984.249
2021-12-22 14:00:00,13119.0,13131.67
2021-12-22 15:00:00,13090.0,13029.8
2021-12-22 16:00:00,13052.0,13022.937
2021-12-22 17:00:00,13024.0,13028.38
2021-12-22 18:00:00,12775.0,12771.273
2021-12-22 19:00:00,12456.0,12511.832
2021-12-22 20:00:00,12407.0,12467.03
2021-12-22 21:00:00,12098.0,12120.144
2021-12-22 22:00:00,12134.0,12154.575
2021-12-22 23:00:00,12094.5,12066.094
2021-12-23 00:00:00,12046.5,12049.436
2021-12-23 01:00:00,11941.5,11952.675
2021-12-23 02:00:00,11890.5,11872.539
2021-12-23 03:00:00,11890.5,11881.745
2021-12-23 04:00:00,11457.0,11436.52
2021-12-23 05:00:00,11755.0,11782.097
2021-12-23 06:00:00,12091.0,12053.421
2021-12-23 07:00:00,12170.0,12195.796
2021-12-23 08:00:00,12002.0,11988.085
2021-12-23 09:00:00,11880.0,11878.221
2021-12-23 10:00:00,11881.0,11884.714
2021-12-23 11:00:00,11816.0,11804.983
2021-12-23 12:00:00,11725.0,11725.774
2021-12-23 13:00:00,11900.0,11913.47
2021-12-23 14:00:00,11968.0,11981.28
2021-12-23 15:00:00,11952.0,11954.461
2021-12-23 16:00:00,11949.0,11943.288
2021-12-23 17:00:00,11942.0,11937.744
2021-12-23 18:00:00,11806.0,11811.0625
2021-12-23 19:00:00,11435.0,11418.916
2021-12-23 20:00:00,11588.0,11561.028
2021-12-23 21:00:00,11348.0,11345.603
2021-12-23 22:00:00,11656.5,11677.541
2021-12-23 23:00:00,11656.5,11658.629
2021-12-24 00:00:00,11656.5,11670.443
2021-12-24 01:00:00,11695.5,11701.059
2021-12-24 02:00:00,11695.5,11700.7
2021-12-24 03:00:00,11695.5,11699.249
2021-12-24 04:00:00,11695.5,11699.921
2021-12-24 05:00:00,11043.0,11022.32
2021-12-24 06:00:00,11554.0,11570.199
2021-12-24 07:00:00,11807.0,11807.039
2021-12-24 08:00:00,11965.0,11968.807
2021-12-24 09:00:00,12006.0,12009.658
2021-12-24 10:00:00,11925.0,11915.951
2021-12-24 11:00:00,11803.0,11787.26
2021-12-24 12:00:00,11835.0,11844.883
2021-12-24 13:00:00,12032.0,12020.37
2021-12-24 14:00:00,12138.0,12109.441
2021-12-24 15:00:00,12022.0,11989.365
2021-12-24 16:00:00,11902.0,11921.994
2021-12-24 17:00:00,11798.0,11804.185
2021-12-24 18:00:00,11705.0,11692.699
2021-12-24 19:00:00,11534.0,11557.128
2021-12-24 20:00:00,11876.0,11851.697
2021-12-24 21:00:00,11856.0,11841.934
2021-12-24 22:00:00,11574.0,11574.424
2021-12-24 23:00:00,11355.0,11357.362
2021-12-25 00:00:00,11073.0,11105.193
2021-12-25 01:00:00,11624.5,11668.622
2021-12-25 02:00:00,11624.5,11662.498
2021-12-25 03:00:00,11041.0,11015.243
2021-12-25 04:00:00,11071.0,11096.22
2021-12-25 05:00:00,11112.0,11128.198
2021-12-25 06:00:00,11363.0,11395.47
2021-12-25 07:00:00,11491.0,11511.208
2021-12-25 08:00:00,11622.0,11621.64
2021-12-25 09:00:00,11734.0,11760.448
2021-12-25 10:00:00,11730.0,11722.691
2021-12-25 11:00:00,11627.0,11633.973
2021-12-25 12:00:00,11688.0,11692.28
2021-12-25 13:00:00,11870.0,11863.316
2021-12-25 14:00:00,12090.0,12095.57
2021-12-25 15:00:00,12130.0,12141.364
2021-12-25 16:00:00,12153.0,12137.047
2021-12-25 17:00:00,12116.0,12137.079
2021-12-25 18:00:00,11936.0,11907.421
2021-12-25 19:00:00,11659.0,11663.895
2021-12-25 20:00:00,11964.0,11976.473
2021-12-25 21:00:00,11875.0,11865.835
2021-12-25 22:00:00,11558.0,11542.5205
2021-12-25 23:00:00,11252.0,11265.653
2021-12-26 00:00:00,11151.0,11152.47
2021-12-26 01:00:00,11165.0,11170.661
2021-12-26 02:00:00,11206.0,11207.392
2021-12-26 03:00:00,11296.0,11302.31
2021-12-26 04:00:00,11477.0,11492.28
2021-12-26 05:00:00,11516.0,11505.673
2021-12-26 06:00:00,11860.0,11869.573
2021-12-26 07:00:00,12015.0,12034.369
2021-12-26 08:00:00,12119.0,12108.136
2021-12-26 09:00:00,12226.0,12212.208
2021-12-26 10:00:00,12205.0,12191.924
2021-12-26 11:00:00,12050.0,12027.861
2021-12-26 12:00:00,12072.0,12090.747
2021-12-26 13:00:00,12212.0,12202.279
2021-12-26 14:00:00,12495.0,12483.61
2021-12-26 15:00:00,12550.0,12511.797
2021-12-26 16:00:00,12622.0,12641.341
2021-12-26 17:00:00,12574.0,12546.357
2021-12-26 18:00:00,12384.0,12431.288
2021-12-26 19:00:00,12044.0,12030.236
2021-12-26 20:00:00,12250.0,12283.5
2021-12-26 21:00:00,12150.0,12164.401
2021-12-26 22:00:00,11775.0,11780.922
2021-12-26 23:00:00,12231.0,12224.628
2021-12-27 00:00:00,12317.0,12346.355
2021-12-27 01:00:00,12429.5,12400.562
2021-12-27 02:00:00,12485.0,12451.261
2021-12-27 03:00:00,12512.5,12518.465
2021-12-27 04:00:00,12180.0,12131.968
2021-12-27 05:00:00,12475.0,12499.714
2021-12-27 06:00:00,12795.0,12792.067
2021-12-27 07:00:00,12908.0,12887.277
2021-12-27 08:00:00,12921.0,12890.941
2021-12-27 09:00:00,12944.0,12885.528
2021-12-27 10:00:00,12909.0,12845.17
2021-12-27 11:00:00,12841.0,12813.33
2021-12-27 12:00:00,12876.0,12921.898
2021-12-27 13:00:00,13058.0,13041.145
2021-12-27 14:00:00,13170.0,13161.785
2021-12-27 15:00:00,13199.0,13296.632
2021-12-27 16:00:00,13223.0,13290.051
2021-12-27 17:00:00,13216.0,13243.41
2021-12-27 18:00:00,13018.0,13051.017
2021-12-27 19:00:00,12628.0,12613.159
2021-12-27 20:00:00,12787.0,12715.405
2021-12-27 21:00:00,12646.0,12639.569
2021-12-27 22:00:00,12127.0,12154.864
2021-12-27 23:00:00,12763.0,12727.904
2021-12-28 00:00:00,12734.5,12730.859
2021-12-28 01:00:00,12677.0,12726.883
2021-12-28 02:00:00,12637.0,12650.33
2021-12-28 03:00:00,12637.0,12681.204
2021-12-28 04:00:00,12389.0,12395.962
2021-12-28 05:00:00,12594.0,12652.855
2021-12-28 06:00:00,12869.0,12928.317
2021-12-28 07:00:00,12843.0,12852.217
2021-12-28 08:00:00,12761.0,12746.847
2021-12-28 09:00:00,12765.0,12753.545
2021-12-28 10:00:00,12708.0,12702.854
2021-12-28 11:00:00,12620.0,12581.3545
2021-12-28 12:00:00,12541.0,12559.581
2021-12-28 13:00:00,12597.0,12607.449
2021-12-28 14:00:00,12726.0,12730.256
2021-12-28 15:00:00,12726.0,12748.854
2021-12-28 16:00:00,12652.0,12665.938
2021-12-28 17:00:00,12578.0,12607.765
2021-12-28 18:00:00,12309.0,12286.21
2021-12-28 19:00:00,11789.0,11802.141
2021-12-28 20:00:00,11852.0,11874.766
2021-12-28 21:00:00,11658.0,11637.077
2021-12-28 22:00:00,11935.5,11986.708
2021-12-28 23:00:00,11935.5,11932.228
2021-12-29 00:00:00,11935.5,11923.412
2021-12-29 01:00:00,11935.5,11926.377
2021-12-29 02:00:00,11935.5,11923.219
2021-12-29 03:00:00,11935.5,11926.8545
2021-12-29 04:00:00,11466.0,11481.458
2021-12-29 05:00:00,11747.0,11797.881
2021-12-29 06:00:00,11961.0,11937.992
2021-12-29 07:00:00,11949.0,11971.863
2021-12-29 08:00:00,11922.0,11923.436
2021-12-29 09:00:00,11978.0,11968.313
2021-12-29 10:00:00,12074.0,12054.187
2021-12-29 11:00:00,12063.0,12038.542
2021-12-29 12:00:00,12006.0,11995.499
2021-12-29 13:00:00,12194.0,12225.379
2021-12-29 14:00:00,12250.0,12234.99
2021-12-29 15:00:00,12200.0,12188.719
2021-12-29 16:00:00,12134.0,12108.049
2021-12-29 17:00:00,12080.0,12085.812
2021-12-29 18:00:00,11779.0,11766.202
2021-12-29 19:00:00,11473.0,11511.092
2021-12-29 20:00:00,11553.0,11563.133
2021-12-29 21:00:00,11345.0,11327.875
2021-12-29 22:00:00,10833.0,10836.81
2021-12-29 23:00:00,11499.5,11497.259
2021-12-30 00:00:00,11499.5,11545.615
2021-12-30 01:00:00,11499.5,11528.552
2021-12-30 02:00:00,11499.5,11518.346
2021-12-30 03:00:00,11499.5,11519.631
2021-12-30 04:00:00,10946.0,10951.2295
2021-12-30 05:00:00,11129.0,11125.841
2021-12-30 06:00:00,11435.0,11449.548
2021-12-30 07:00:00,11491.0,11475.936
2021-12-30 08:00:00,11512.0,11502.386
2021-12-30 09:00:00,11508.0,11521.055
2021-12-30 10:00:00,11572.0,11575.699
2021-12-30 11:00:00,11579.0,11584.27
2021-12-30 12:00:00,11571.0,11558.825
2021-12-30 13:00:00,11675.0,11710.726
2021-12-30 14:00:00,11776.0,11790.813
2021-12-30 15:00:00,11805.0,11802.833
2021-12-30 16:00:00,11763.0,11764.772
2021-12-30 17:00:00,11747.0,11744.938
2021-12-30 18:00:00,11581.0,11577.416
2021-12-30 19:00:00,11077.0,11071.763
2021-12-30 20:00:00,11186.0,11179.984
2021-12-30 21:00:00,11006.0,11003.704
2021-12-30 22:00:00,10544.0,10527.915
2021-12-30 23:00:00,11041.5,11071.084
2021-12-31 00:00:00,11041.5,11036.432
2021-12-31 01:00:00,11041.5,11032.367
2021-12-31 02:00:00,11041.5,11033.704
2021-12-31 03:00:00,11041.5,11033.078
2021-12-31 04:00:00,10480.0,10484.416
2021-12-31 05:00:00,10681.0,10721.578
2021-12-31 06:00:00,10972.0,10992.5
2021-12-31 07:00:00,10998.0,11002.989
2021-12-31 08:00:00,10972.0,10973.847
2021-12-31 09:00:00,11113.0,11121.139
2021-12-31 10:00:00,11151.0,11161.544
2021-12-31 11:00:00,11102.0,11112.018
2021-12-31 12:00:00,11103.0,11099.83
2021-12-31 13:00:00,11314.0,11319.476
2021-12-31 14:00:00,11552.0,11563.541
2021-12-31 15:00:00,11575.0,11557.627
2021-12-31 16:00:00,11447.0,11453.497
2021-12-31 17:00:00,11237.0,11246.262
2021-12-31 18:00:00,10914.0,10933.512
2021-12-31 19:00:00,10599.0,10594.286
2021-12-31 20:00:00,10812.0,10804.489
