timestamp,actual,predicted
2021-01-01 00:00:00,9206.0,9620.51
2021-01-01 01:00:00,9042.0,9498.272
2021-01-01 02:00:00,9010.0,9336.488
2021-01-01 03:00:00,9057.0,9397.12
2021-01-01 04:00:00,9219.0,9451.308
2021-01-01 05:00:00,9198.0,9646.47
2021-01-01 06:00:00,9392.0,9480.648
2021-01-01 07:00:00,9486.0,9534.767
2021-01-01 08:00:00,9496.0,9549.865
2021-01-01 09:00:00,9629.0,9613.36
2021-01-01 10:00:00,9731.0,9686.424
2021-01-01 11:00:00,9763.0,9744.581
2021-01-01 12:00:00,9908.0,9780.079
2021-01-01 13:00:00,10160.0,9987.009
2021-01-01 14:00:00,10428.0,10237.646
2021-01-01 15:00:00,10485.0,10482.173
2021-01-01 16:00:00,10498.0,10443.115
2021-01-01 17:00:00,10523.0,10383.492
2021-01-01 18:00:00,10340.0,10154.8125
2021-01-01 19:00:00,10021.0,9921.261
2021-01-01 20:00:00,10182.0,9919.032
2021-01-01 21:00:00,10012.0,9885.805
2021-01-01 22:00:00,9631.0,9576.097
2021-01-01 23:00:00,9292.0,9371.92
2021-01-02 00:00:00,9054.0,9281.966
2021-01-02 01:00:00,8975.0,9146.398
2021-01-02 02:00:00,8972.0,8985.204
2021-01-02 03:00:00,9065.0,8936.356
2021-01-02 04:00:00,9264.0,9058.656
2021-01-02 05:00:00,9309.0,9233.387
2021-01-02 06:00:00,9616.0,9435.903
2021-01-02 07:00:00,9742.0,9613.242
2021-01-02 08:00:00,9861.0,9728.926
2021-01-02 09:00:00,9975.0,9823.711
2021-01-02 10:00:00,10040.0,9929.187
2021-01-02 11:00:00,10061.0,9977.376
2021-01-02 12:00:00,10197.0,10056.419
2021-01-02 13:00:00,10500.0,10309.124
2021-01-02 14:00:00,10806.0,10684.69
2021-01-02 15:00:00,10937.0,10875.324
2021-01-02 16:00:00,11018.0,10898.303
2021-01-02 17:00:00,10940.0,10885.767
2021-01-02 18:00:00,10669.0,10675.145
2021-01-02 19:00:00,10238.0,10257.513
2021-01-02 20:00:00,10490.0,10237.828
2021-01-02 21:00:00,10318.0,10241.679
2021-01-02 22:00:00,9914.0,9886.356
2021-01-02 23:00:00,9535.0,9664.188
2021-01-03 00:00:00,9296.0,9302.322
2021-01-03 01:00:00,9137.0,9315.528
2021-01-03 02:00:00,9142.0,9212.756
2021-01-03 03:00:00,9197.0,9171.7705
2021-01-03 04:00:00,9375.0,9165.843
2021-01-03 05:00:00,9369.0,9339.786
2021-01-03 06:00:00,9641.0,9505.86
2021-01-03 07:00:00,9753.0,9678.502
2021-01-03 08:00:00,9938.0,9794.15
2021-01-03 09:00:00,10129.0,9959.154
2021-01-03 10:00:00,10203.0,10094.068
2021-01-03 11:00:00,10272.0,10162.513
2021-01-03 12:00:00,10233.0,10262.105
2021-01-03 13:00:00,10446.0,10350.965
2021-01-03 14:00:00,10736.0,10670.694
2021-01-03 15:00:00,10807.0,10899.283
2021-01-03 16:00:00,10826.0,10878.99
2021-01-03 17:00:00,10891.0,10816.811
2021-01-03 18:00:00,10679.0,10594.274
2021-01-03 19:00:00,10253.0,10264.219
2021-01-03 20:00:00,10483.0,10415.636
2021-01-03 21:00:00,10388.0,10286.396
2021-01-03 22:00:00,10008.0,9945.847
2021-01-03 23:00:00,9638.0,9655.38
2021-01-04 00:00:00,10609.0,10041.1045
2021-01-04 01:00:00,10707.5,10601.27
2021-01-04 02:00:00,10771.5,10624.519
2021-01-04 03:00:00,10816.5,10561.032
2021-01-04 04:00:00,10539.0,10619.561
2021-01-04 05:00:00,10923.0,10908.749
2021-01-04 06:00:00,11376.0,11084.052
2021-01-04 07:00:00,11442.0,11337.862
2021-01-04 08:00:00,11409.0,11321.814
2021-01-04 09:00:00,11447.0,11374.58
2021-01-04 10:00:00,11450.0,11376.718
2021-01-04 11:00:00,11441.0,11308.02
2021-01-04 12:00:00,11476.0,11365.58
2021-01-04 13:00:00,11583.0,11523.164
2021-01-04 14:00:00,11818.0,11679.873
2021-01-04 15:00:00,11722.0,11839.294
2021-01-04 16:00:00,11714.0,11697.306
2021-01-04 17:00:00,11667.0,11681.504
2021-01-04 18:00:00,11523.0,11403.145
2021-01-04 19:00:00,11172.0,11005.547
2021-01-04 20:00:00,11325.0,11158.797
2021-01-04 21:00:00,11123.0,11072.77
2021-01-04 22:00:00,10685.0,10930.014
2021-01-04 23:00:00,11499.5,11090.042
2021-01-05 00:00:00,11543.0,11432.779
2021-01-05 01:00:00,11573.0,11534.133
2021-01-05 02:00:00,11615.0,11548.3545
2021-01-05 03:00:00,11615.0,11497.561
2021-01-05 04:00:00,11181.0,11284.465
2021-01-05 05:00:00,11563.0,11478.82
2021-01-05 06:00:00,11825.0,11663.938
2021-01-05 07:00:00,11799.0,11750.507
2021-01-05 08:00:00,11815.0,11699.609
2021-01-05 09:00:00,11935.0,11736.41
2021-01-05 10:00:00,11955.0,11855.393
2021-01-05 11:00:00,11842.0,11835.058
2021-01-05 12:00:00,11904.0,11791.02
2021-01-05 13:00:00,12010.0,11880.453
2021-01-05 14:00:00,12148.0,12136.596
2021-01-05 15:00:00,12143.0,12208.688
2021-01-05 16:00:00,12167.0,12148.679
2021-01-05 17:00:00,12145.0,12191.365
2021-01-05 18:00:00,11904.0,11978.382
2021-01-05 19:00:00,11542.0,11402.608
2021-01-05 20:00:00,11602.0,11555.963
2021-01-05 21:00:00,11405.0,11348.409
2021-01-05 22:00:00,10952.0,11344.118
2021-01-05 23:00:00,10605.0,11432.24
2021-01-06 00:00:00,11418.0,11308.26
2021-01-06 01:00:00,11418.0,11636.068
2021-01-06 02:00:00,11418.0,11599.271
2021-01-06 03:00:00,10460.0,11610.81
2021-01-06 04:00:00,10824.0,11199.292
2021-01-06 05:00:00,10949.0,11503.532
2021-01-06 06:00:00,11156.0,11553.592
2021-01-06 07:00:00,11230.0,11493.753
2021-01-06 08:00:00,11322.0,11503.561
2021-01-06 09:00:00,11431.0,11581.948
2021-01-06 10:00:00,11475.0,11571.757
2021-01-06 11:00:00,11463.0,11583.451
2021-01-06 12:00:00,11471.0,11607.48
2021-01-06 13:00:00,11679.0,11730.181
2021-01-06 14:00:00,11947.0,11972.626
2021-01-06 15:00:00,12006.0,12058.307
2021-01-06 16:00:00,11954.0,12052.105
2021-01-06 17:00:00,11996.0,12019.049
2021-01-06 18:00:00,11708.0,11870.625
2021-01-06 19:00:00,11216.0,11323.954
2021-01-06 20:00:00,11316.0,11476.429
2021-01-06 21:00:00,11175.0,11070.625
2021-01-06 22:00:00,10772.0,10954.774
2021-01-06 23:00:00,10449.0,10902.619
2021-01-07 00:00:00,11686.5,10855.893
2021-01-07 01:00:00,11687.5,11648.056
2021-01-07 02:00:00,11700.0,11625.912
2021-01-07 03:00:00,11700.0,11616.471
2021-01-07 04:00:00,11280.0,11559.624
2021-01-07 05:00:00,11694.0,11574.104
2021-01-07 06:00:00,11911.0,11854.49
2021-01-07 07:00:00,11811.0,11841.479
2021-01-07 08:00:00,11772.0,11819.988
2021-01-07 09:00:00,11706.0,11799.086
2021-01-07 10:00:00,11745.0,11727.249
2021-01-07 11:00:00,11715.0,11745.614
2021-01-07 12:00:00,11681.0,11724.052
2021-01-07 13:00:00,11844.0,11834.694
2021-01-07 14:00:00,11957.0,12030.039
2021-01-07 15:00:00,11915.0,12064.155
2021-01-07 16:00:00,11778.0,11989.086
2021-01-07 17:00:00,11748.0,11868.475
2021-01-07 18:00:00,11587.0,11688.231
2021-01-07 19:00:00,11164.0,11177.664
2021-01-07 20:00:00,11234.0,11228.053
2021-01-07 21:00:00,10972.0,11051.527
2021-01-07 22:00:00,11620.5,10918.689
2021-01-07 23:00:00,11620.5,11639.109
2021-01-08 00:00:00,11602.5,11600.358
2021-01-08 01:00:00,11580.0,11600.239
2021-01-08 02:00:00,11580.0,11590.477
2021-01-08 03:00:00,11580.0,11523.6455
2021-01-08 04:00:00,11110.0,11360.735
2021-01-08 05:00:00,11533.0,11483.499
2021-01-08 06:00:00,11870.0,11661.2295
2021-01-08 07:00:00,11719.0,11798.874
2021-01-08 08:00:00,11654.0,11686.333
2021-01-08 09:00:00,11732.0,11620.815
2021-01-08 10:00:00,11699.0,11648.441
2021-01-08 11:00:00,11618.0,11597.118
2021-01-08 12:00:00,11573.0,11543.426
2021-01-08 13:00:00,11689.0,11629.899
2021-01-08 14:00:00,11900.0,11808.878
2021-01-08 15:00:00,11911.0,11955.198
2021-01-08 16:00:00,11847.0,11902.2
2021-01-08 17:00:00,11874.0,11835.253
2021-01-08 18:00:00,11684.0,11603.424
2021-01-08 19:00:00,11338.0,11169.126
2021-01-08 20:00:00,11399.0,11286.247
2021-01-08 21:00:00,11156.0,11093.704
2021-01-08 22:00:00,10704.0,10824.144
2021-01-08 23:00:00,10405.0,10619.606
2021-01-09 00:00:00,11189.5,10501.223
2021-01-09 01:00:00,11189.5,11124.346
2021-01-09 02:00:00,11189.5,11094.509
2021-01-09 03:00:00,10326.0,10978.8
2021-01-09 04:00:00,10584.0,10262.704
2021-01-09 05:00:00,10657.0,10651.384
2021-01-09 06:00:00,10887.0,10801.155
2021-01-09 07:00:00,10964.0,10935.21
2021-01-09 08:00:00,11067.0,11014.358
2021-01-09 09:00:00,11223.0,11037.8125
2021-01-09 10:00:00,11253.0,11189.883
2021-01-09 11:00:00,11251.0,11132.77
2021-01-09 12:00:00,11301.0,11149.35
2021-01-09 13:00:00,11585.0,11352.193
2021-01-09 14:00:00,12030.0,11820.548
2021-01-09 15:00:00,12320.0,12126.051
2021-01-09 16:00:00,12366.0,12278.512
2021-01-09 17:00:00,12270.0,12225.04
2021-01-09 18:00:00,11992.0,11970.749
2021-01-09 19:00:00,11570.0,11467.922
2021-01-09 20:00:00,11684.0,11630.934
2021-01-09 21:00:00,11515.0,11506.723
2021-01-09 22:00:00,11103.0,11158.197
2021-01-09 23:00:00,10745.0,10815.18
2021-01-10 00:00:00,10538.0,10533.212
2021-01-10 01:00:00,10464.0,10469.294
2021-01-10 02:00:00,10462.0,10426.914
2021-01-10 03:00:00,10499.0,10437.585
2021-01-10 04:00:00,10671.0,10527.503
2021-01-10 05:00:00,10646.0,10630.567
2021-01-10 06:00:00,10846.0,10797.931
2021-01-10 07:00:00,10906.0,10953.541
2021-01-10 08:00:00,11067.0,10994.194
2021-01-10 09:00:00,11185.0,11059.627
2021-01-10 10:00:00,11200.0,11143.936
2021-01-10 11:00:00,11228.0,11120.951
2021-01-10 12:00:00,11154.0,11177.395
2021-01-10 13:00:00,11221.0,11242.843
2021-01-10 14:00:00,11521.0,11523.169
2021-01-10 15:00:00,11589.0,11675.088
2021-01-10 16:00:00,11612.0,11646.075
2021-01-10 17:00:00,11636.0,11553.395
2021-01-10 18:00:00,11330.0,11414.879
2021-01-10 19:00:00,10930.0,10943.436
2021-01-10 20:00:00,11164.0,11145.669
2021-01-10 21:00:00,10991.0,11016.194
2021-01-10 22:00:00,10685.0,10650.759
2021-01-10 23:00:00,10381.0,10549.86
2021-01-11 00:00:00,11375.0,10765.791
2021-01-11 01:00:00,11470.5,11343.894
2021-01-11 02:00:00,11555.0,11370.689
2021-01-11 03:00:00,10647.0,11517.41
2021-01-11 04:00:00,11420.0,10977.575
2021-01-11 05:00:00,11908.0,11851.011
2021-01-11 06:00:00,12211.0,11979.071
2021-01-11 07:00:00,12136.0,12107.121
2021-01-11 08:00:00,12073.0,12043.34
2021-01-11 09:00:00,12050.0,11972.008
2021-01-11 10:00:00,11968.0,11968.266
2021-01-11 11:00:00,11862.0,11873.472
2021-01-11 12:00:00,11713.0,11783.922
2021-01-11 13:00:00,11770.0,11752.98
2021-01-11 14:00:00,11946.0,11911.939
2021-01-11 15:00:00,11941.0,12052.078
2021-01-11 16:00:00,11861.0,11975.202
2021-01-11 17:00:00,11826.0,11915.655
2021-01-11 18:00:00,11623.0,11677.771
2021-01-11 19:00:00,11266.0,11221.964
2021-01-11 20:00:00,11443.0,11406.516
2021-01-11 21:00:00,11179.0,11315.201
2021-01-11 22:00:00,11741.5,11231.55
2021-01-11 23:00:00,11741.5,11740.487
2021-01-12 00:00:00,11741.5,11623.441
2021-01-12 01:00:00,11798.0,11630.032
2021-01-12 02:00:00,11843.5,11693.561
2021-01-12 03:00:00,11843.5,11717.413
2021-01-12 04:00:00,11468.0,11578.579
2021-01-12 05:00:00,11941.0,11810.41
2021-01-12 06:00:00,12160.0,12075.934
2021-01-12 07:00:00,12120.0,12097.341
2021-01-12 08:00:00,12022.0,12078.323
2021-01-12 09:00:00,12059.0,12026.744
2021-01-12 10:00:00,12078.0,12044.501
2021-01-12 11:00:00,11991.0,11993.175
2021-01-12 12:00:00,11957.0,11927.384
2021-01-12 13:00:00,12042.0,11978.364
2021-01-12 14:00:00,12228.0,12206.95
2021-01-12 15:00:00,12232.0,12337.958
2021-01-12 16:00:00,12251.0,12276.62
2021-01-12 17:00:00,12298.0,12290.762
2021-01-12 18:00:00,12100.0,12078.183
2021-01-12 19:00:00,11665.0,11579.227
2021-01-12 20:00:00,11746.0,11648.286
2021-01-12 21:00:00,11462.0,11515.975
2021-01-12 22:00:00,12016.5,11525.566
2021-01-12 23:00:00,12016.5,12070.853
2021-01-13 00:00:00,12071.0,12015.593
2021-01-13 01:00:00,12164.0,12032.845
2021-01-13 02:00:00,12230.0,12113.039
2021-01-13 03:00:00,12241.5,12066.903
2021-01-13 04:00:00,11959.0,11951.091
2021-01-13 05:00:00,12444.0,12172.974
2021-01-13 06:00:00,12773.0,12522.666
2021-01-13 07:00:00,12701.0,12555.478
2021-01-13 08:00:00,12694.0,12566.557
2021-01-13 09:00:00,12725.0,12604.237
2021-01-13 10:00:00,12738.0,12583.124
2021-01-13 11:00:00,12710.0,12532.416
2021-01-13 12:00:00,12691.0,12531.66
2021-01-13 13:00:00,12780.0,12616.291
2021-01-13 14:00:00,13007.0,12838.71
2021-01-13 15:00:00,13090.0,13030.6
2021-01-13 16:00:00,13137.0,12984.547
2021-01-13 17:00:00,13159.0,13102.058
2021-01-13 18:00:00,12955.0,12893.446
2021-01-13 19:00:00,12453.0,12534.848
2021-01-13 20:00:00,12505.0,12378.254
2021-01-13 21:00:00,12292.0,12218.313
2021-01-13 22:00:00,12757.0,12124.1
2021-01-13 23:00:00,12778.0,12440.127
2021-01-14 00:00:00,12867.5,12570.363
2021-01-14 01:00:00,12981.0,12704.134
2021-01-14 02:00:00,13029.5,12864.763
2021-01-14 03:00:00,13071.0,12861.685
2021-01-14 04:00:00,12776.0,12800.76
2021-01-14 05:00:00,13052.0,12931.198
2021-01-14 06:00:00,13332.0,13127.144
2021-01-14 07:00:00,13304.0,13244.884
2021-01-14 08:00:00,13334.0,13241.392
2021-01-14 09:00:00,13369.0,13249.972
2021-01-14 10:00:00,13369.0,13248.368
2021-01-14 11:00:00,13350.0,13241.732
2021-01-14 12:00:00,13353.0,13237.738
2021-01-14 13:00:00,13369.0,13292.283
2021-01-14 14:00:00,13369.0,13408.531
2021-01-14 15:00:00,13369.0,13431.49
2021-01-14 16:00:00,13369.0,13391.71
2021-01-14 17:00:00,13351.0,13360.213
2021-01-14 18:00:00,13369.0,13210.4
2021-01-14 19:00:00,13352.0,13143.268
2021-01-14 20:00:00,13369.0,13210.06
2021-01-14 21:00:00,13334.0,13087.984
2021-01-14 22:00:00,12870.0,13184.366
2021-01-14 23:00:00,12676.0,12835.327
2021-01-15 00:00:00,12527.0,12699.451
2021-01-15 01:00:00,12485.0,12630.191
2021-01-15 02:00:00,12620.0,12519.875
2021-01-15 03:00:00,12937.0,12644.1
2021-01-15 04:00:00,13369.0,12973.513
2021-01-15 05:00:00,13369.0,13419.226
2021-01-15 06:00:00,13369.0,13391.721
2021-01-15 07:00:00,13369.0,13315.135
2021-01-15 08:00:00,13369.0,13325.055
2021-01-15 09:00:00,13369.0,13322.769
2021-01-15 10:00:00,13369.0,13306.787
2021-01-15 11:00:00,13369.0,13289.452
2021-01-15 12:00:00,13369.0,13287.205
2021-01-15 13:00:00,13369.0,13325.704
2021-01-15 14:00:00,13369.0,13393.007
2021-01-15 15:00:00,13369.0,13380.068
2021-01-15 16:00:00,13369.0,13327.819
2021-01-15 17:00:00,13369.0,13302.532
2021-01-15 18:00:00,13276.0,13276.921
2021-01-15 19:00:00,12728.0,12916.871
2021-01-15 20:00:00,12682.0,12797.776
2021-01-15 21:00:00,12357.0,12566.911
2021-01-15 22:00:00,11929.0,12284.631
2021-01-15 23:00:00,12338.5,11893.444
2021-01-16 00:00:00,12319.5,12310.817
2021-01-16 01:00:00,12264.5,12304.666
2021-01-16 02:00:00,12254.0,12319.167
2021-01-16 03:00:00,12254.0,12225.362
2021-01-16 04:00:00,12254.0,12235.193
2021-01-16 05:00:00,11661.0,12280.718
2021-01-16 06:00:00,12041.0,11950.263
2021-01-16 07:00:00,12145.0,12160.842
2021-01-16 08:00:00,12319.0,12291.968
2021-01-16 09:00:00,12364.0,12319.016
2021-01-16 10:00:00,12320.0,12419.834
2021-01-16 11:00:00,12210.0,12266.052
2021-01-16 12:00:00,12162.0,12246.503
2021-01-16 13:00:00,12298.0,12249.854
2021-01-16 14:00:00,12757.0,12478.072
2021-01-16 15:00:00,12236.0,12689.646
2021-01-16 16:00:00,12236.0,12359.111
2021-01-16 17:00:00,12236.0,12353.015
2021-01-16 18:00:00,12764.0,12133.872
2021-01-16 19:00:00,12262.0,12189.263
2021-01-16 20:00:00,12422.0,12307.876
2021-01-16 21:00:00,12317.0,12202.274
2021-01-16 22:00:00,11840.0,11843.854
2021-01-16 23:00:00,11589.0,11595.674
2021-01-17 00:00:00,11333.0,11492.895
2021-01-17 01:00:00,11161.0,11435.918
2021-01-17 02:00:00,11175.0,11409.662
2021-01-17 03:00:00,11233.0,11403.655
2021-01-17 04:00:00,11359.0,11383.094
2021-01-17 05:00:00,11299.0,11453.777
2021-01-17 06:00:00,11521.0,11576.39
2021-01-17 07:00:00,11544.0,11680.673
2021-01-17 08:00:00,11747.0,11670.688
2021-01-17 09:00:00,11819.0,11810.388
2021-01-17 10:00:00,11810.0,11813.896
2021-01-17 11:00:00,11704.0,11801.91
2021-01-17 12:00:00,11592.0,11724.943
2021-01-17 13:00:00,11642.0,11743.973
2021-01-17 14:00:00,11869.0,11998.355
2021-01-17 15:00:00,12093.0,12033.924
2021-01-17 16:00:00,12100.0,12160.593
2021-01-17 17:00:00,12077.0,12124.058
2021-01-17 18:00:00,11834.0,11962.176
2021-01-17 19:00:00,11407.0,11419.366
2021-01-17 20:00:00,11603.0,11573.28
2021-01-17 21:00:00,11497.0,11394.156
2021-01-17 22:00:00,11173.0,11274.86
2021-01-17 23:00:00,10905.0,11181.575
2021-01-18 00:00:00,11851.5,11269.705
2021-01-18 01:00:00,11920.5,11819.772
2021-01-18 02:00:00,12024.5,12006.071
2021-01-18 03:00:00,11144.0,12062.317
2021-01-18 04:00:00,11972.0,11485.641
2021-01-18 05:00:00,12362.0,12440.771
2021-01-18 06:00:00,12625.0,12553.631
2021-01-18 07:00:00,12502.0,12635.206
2021-01-18 08:00:00,12459.0,12475.835
2021-01-18 09:00:00,12481.0,12438.847
2021-01-18 10:00:00,12425.0,12402.642
2021-01-18 11:00:00,12375.0,12368.561
2021-01-18 12:00:00,12313.0,12411.002
2021-01-18 13:00:00,12198.0,12361.419
2021-01-18 14:00:00,12232.0,12483.494
2021-01-18 15:00:00,12258.0,12433.776
2021-01-18 16:00:00,12140.0,12379.456
2021-01-18 17:00:00,12119.0,12318.059
2021-01-18 18:00:00,11786.0,12162.631
2021-01-18 19:00:00,11486.0,11520.597
2021-01-18 20:00:00,11582.0,11645.217
2021-01-18 21:00:00,11353.0,11441.689
2021-01-18 22:00:00,11773.5,11617.099
2021-01-18 23:00:00,11759.0,11974.257
2021-01-19 00:00:00,11732.0,11800.037
2021-01-19 01:00:00,11692.5,11771.018
2021-01-19 02:00:00,11648.0,11698.926
2021-01-19 03:00:00,11648.0,11630.363
2021-01-19 04:00:00,11414.0,11708.023
2021-01-19 05:00:00,11771.0,11863.123
2021-01-19 06:00:00,11957.0,12004.963
2021-01-19 07:00:00,11776.0,11901.153
2021-01-19 08:00:00,11747.0,11815.702
2021-01-19 09:00:00,11780.0,11772.9
2021-01-19 10:00:00,11717.0,11788.006
2021-01-19 11:00:00,11668.0,11684.459
2021-01-19 12:00:00,11623.0,11661.024
2021-01-19 13:00:00,11628.0,11707.208
2021-01-19 14:00:00,11806.0,11790.164
2021-01-19 15:00:00,11801.0,11944.226
2021-01-19 16:00:00,11787.0,11861.811
2021-01-19 17:00:00,11770.0,11778.51
2021-01-19 18:00:00,11608.0,11532.693
2021-01-19 19:00:00,11218.0,11087.508
2021-01-19 20:00:00,11296.0,11321.682
2021-01-19 21:00:00,11101.0,11083.398
2021-01-19 22:00:00,11625.5,11253.354
2021-01-19 23:00:00,11625.5,11647.223
2021-01-20 00:00:00,11625.5,11594.668
2021-01-20 01:00:00,11679.0,11593.548
2021-01-20 02:00:00,11750.0,11651.57
2021-01-20 03:00:00,11750.0,11608.537
2021-01-20 04:00:00,11348.0,11473.373
2021-01-20 05:00:00,11730.0,11728.967
2021-01-20 06:00:00,11993.0,11846.647
2021-01-20 07:00:00,11871.0,11852.741
2021-01-20 08:00:00,11903.0,11788.5625
2021-01-20 09:00:00,11925.0,11862.355
2021-01-20 10:00:00,11940.0,11840.431
2021-01-20 11:00:00,11835.0,11809.587
2021-01-20 12:00:00,11840.0,11755.6875
2021-01-20 13:00:00,11833.0,11818.262
2021-01-20 14:00:00,12092.0,11951.407
2021-01-20 15:00:00,12189.0,12143.242
2021-01-20 16:00:00,12166.0,12208.7
2021-01-20 17:00:00,12197.0,12148.455
2021-01-20 18:00:00,11974.0,11939.56
2021-01-20 19:00:00,11533.0,11435.395
2021-01-20 20:00:00,11609.0,11508.139
2021-01-20 21:00:00,11404.0,11367.363
2021-01-20 22:00:00,11006.0,11486.631
2021-01-20 23:00:00,11837.5,11649.735
2021-01-21 00:00:00,11907.0,11832.929
2021-01-21 01:00:00,12033.0,11881.657
2021-01-21 02:00:00,12100.0,12035.035
2021-01-21 03:00:00,12137.0,11916.376
2021-01-21 04:00:00,11704.0,11956.701
2021-01-21 05:00:00,12108.0,12030.28
2021-01-21 06:00:00,12291.0,12210.241
2021-01-21 07:00:00,12310.0,12157.218
2021-01-21 08:00:00,12321.0,12163.1
2021-01-21 09:00:00,12458.0,12161.928
2021-01-21 10:00:00,12487.0,12288.97
2021-01-21 11:00:00,12430.0,12286.873
2021-01-21 12:00:00,12404.0,12308.205
2021-01-21 13:00:00,12502.0,12355.482
2021-01-21 14:00:00,12650.0,12600.6
2021-01-21 15:00:00,12716.0,12694.28
2021-01-21 16:00:00,12684.0,12684.876
2021-01-21 17:00:00,12643.0,12672.885
2021-01-21 18:00:00,12483.0,12407.413
2021-01-21 19:00:00,12025.0,11864.821
2021-01-21 20:00:00,12008.0,11997.446
2021-01-21 21:00:00,11719.0,11731.155
2021-01-21 22:00:00,12186.5,11718.555
2021-01-21 23:00:00,12186.5,12246.546
2021-01-22 00:00:00,12119.5,12243.064
2021-01-22 01:00:00,12054.5,12216.298
2021-01-22 02:00:00,12038.0,12111.771
2021-01-22 03:00:00,12038.0,12086.569
2021-01-22 04:00:00,11662.0,11896.855
2021-01-22 05:00:00,12051.0,12101.241
2021-01-22 06:00:00,12278.0,12302.264
2021-01-22 07:00:00,12181.0,12248.783
2021-01-22 08:00:00,12192.0,12208.802
2021-01-22 09:00:00,12241.0,12214.989
2021-01-22 10:00:00,12193.0,12195.312
2021-01-22 11:00:00,12058.0,12197.381
2021-01-22 12:00:00,11981.0,12063.893
2021-01-22 13:00:00,11980.0,12040.711
2021-01-22 14:00:00,12261.0,12174.423
2021-01-22 15:00:00,12412.0,12375.493
2021-01-22 16:00:00,12372.0,12476.895
2021-01-22 17:00:00,12291.0,12384.224
2021-01-22 18:00:00,11972.0,12111.365
2021-01-22 19:00:00,11436.0,11540.429
2021-01-22 20:00:00,11432.0,11600.645
2021-01-22 21:00:00,11129.0,11378.657
2021-01-22 22:00:00,10644.0,11024.339
2021-01-22 23:00:00,10262.0,11073.312
2021-01-23 00:00:00,10052.0,10516.489
2021-01-23 01:00:00,10760.5,10335.899
2021-01-23 02:00:00,10735.5,10842.525
2021-01-23 03:00:00,9917.0,10766.344
2021-01-23 04:00:00,10169.0,10135.594
2021-01-23 05:00:00,10262.0,10369.456
2021-01-23 06:00:00,10548.0,10477.864
2021-01-23 07:00:00,10625.0,10738.226
2021-01-23 08:00:00,10745.0,10776.666
2021-01-23 09:00:00,10880.0,10831.062
2021-01-23 10:00:00,10844.0,10881.783
2021-01-23 11:00:00,10776.0,10821.866
2021-01-23 12:00:00,10645.0,10775.001
2021-01-23 13:00:00,10726.0,10782.678
2021-01-23 14:00:00,11089.0,11106.426
2021-01-23 15:00:00,11485.0,11294.6875
2021-01-23 16:00:00,11623.0,11494.9795
2021-01-23 17:00:00,11410.0,11471.801
2021-01-23 18:00:00,10925.0,11221.599
2021-01-23 19:00:00,10487.0,10697.546
2021-01-23 20:00:00,10619.0,10827.005
2021-01-23 21:00:00,10484.0,10684.546
2021-01-23 22:00:00,9962.0,10195.996
2021-01-23 23:00:00,9577.0,9813.479
2021-01-24 00:00:00,9440.0,9663.973
2021-01-24 01:00:00,9281.0,9630.427
2021-01-24 02:00:00,9246.0,9569.17
2021-01-24 03:00:00,9336.0,9513.754
2021-01-24 04:00:00,9555.0,9590.716
2021-01-24 05:00:00,9609.0,9746.551
2021-01-24 06:00:00,9837.0,9849.795
2021-01-24 07:00:00,9893.0,10049.194
2021-01-24 08:00:00,10041.0,10091.319
2021-01-24 09:00:00,10204.0,10147.776
2021-01-24 10:00:00,10223.0,10289.518
2021-01-24 11:00:00,10090.0,10251.642
2021-01-24 12:00:00,10062.0,10136.739
2021-01-24 13:00:00,10125.0,10209.745
2021-01-24 14:00:00,10432.0,10425.428
2021-01-24 15:00:00,10678.0,10693.545
2021-01-24 16:00:00,10750.0,10810.369
2021-01-24 17:00:00,10754.0,10829.344
2021-01-24 18:00:00,10493.0,10618.825
2021-01-24 19:00:00,10090.0,10285.939
2021-01-24 20:00:00,10365.0,10365.347
2021-01-24 21:00:00,10275.0,10303.701
2021-01-24 22:00:00,9938.0,9972.161
2021-01-24 23:00:00,9675.0,9764.3955
2021-01-25 00:00:00,10462.5,10322.561
2021-01-25 01:00:00,10556.0,10533.545
2021-01-25 02:00:00,10648.5,10533.38
2021-01-25 03:00:00,10714.0,10541.639
2021-01-25 04:00:00,10619.0,10884.087
2021-01-25 05:00:00,11168.0,11050.389
2021-01-25 06:00:00,11430.0,11445.802
2021-01-25 07:00:00,11314.0,11461.861
2021-01-25 08:00:00,11356.0,11304.388
2021-01-25 09:00:00,11363.0,11358.226
2021-01-25 10:00:00,11322.0,11316.95
2021-01-25 11:00:00,11190.0,11275.941
2021-01-25 12:00:00,11152.0,11174.117
2021-01-25 13:00:00,11099.0,11169.716
2021-01-25 14:00:00,11274.0,11204.355
2021-01-25 15:00:00,11398.0,11357.228
2021-01-25 16:00:00,11315.0,11395.848
2021-01-25 17:00:00,11288.0,11305.146
2021-01-25 18:00:00,11040.0,11084.712
2021-01-25 19:00:00,10616.0,10699.417
2021-01-25 20:00:00,10708.0,10707.885
2021-01-25 21:00:00,10457.0,10588.563
2021-01-25 22:00:00,11098.0,10682.753
2021-01-25 23:00:00,11098.0,11091.24
2021-01-26 00:00:00,11092.5,11012.765
2021-01-26 01:00:00,11078.0,11049.323
2021-01-26 02:00:00,11073.0,11048.463
2021-01-26 03:00:00,11073.0,10949.474
2021-01-26 04:00:00,10599.0,10736.0625
2021-01-26 05:00:00,11097.0,10909.914
2021-01-26 06:00:00,11296.0,11228.63
2021-01-26 07:00:00,11166.0,11262.174
2021-01-26 08:00:00,11122.0,11133.812
2021-01-26 09:00:00,11161.0,11079.984
2021-01-26 10:00:00,11136.0,11111.201
2021-01-26 11:00:00,11088.0,11041.658
2021-01-26 12:00:00,11068.0,11042.276
2021-01-26 13:00:00,11078.0,11084.374
2021-01-26 14:00:00,11212.0,11201.741
2021-01-26 15:00:00,11418.0,11316.337
2021-01-26 16:00:00,11426.0,11469.109
2021-01-26 17:00:00,11421.0,11426.83
2021-01-26 18:00:00,11219.0,11259.752
2021-01-26 19:00:00,10734.0,10711.002
2021-01-26 20:00:00,10785.0,10688.675
2021-01-26 21:00:00,10547.0,10504.523
2021-01-26 22:00:00,10142.0,10798.42
2021-01-26 23:00:00,11083.0,10983.051
2021-01-27 00:00:00,11145.0,11098.613
2021-01-27 01:00:00,11215.5,11170.202
2021-01-27 02:00:00,11268.5,11237.288
2021-01-27 03:00:00,11320.5,11156.694
2021-01-27 04:00:00,10828.0,10926.638
2021-01-27 05:00:00,11318.0,11118.39
2021-01-27 06:00:00,11546.0,11515.625
2021-01-27 07:00:00,11440.0,11517.8955
2021-01-27 08:00:00,11374.0,11408.605
2021-01-27 09:00:00,11491.0,11377.727
2021-01-27 10:00:00,11450.0,11434.587
2021-01-27 11:00:00,11409.0,11357.9
2021-01-27 12:00:00,11369.0,11395.923
2021-01-27 13:00:00,11323.0,11383.59
2021-01-27 14:00:00,11516.0,11496.537
2021-01-27 15:00:00,11693.0,11647.373
2021-01-27 16:00:00,11756.0,11719.324
2021-01-27 17:00:00,11738.0,11768.11
2021-01-27 18:00:00,11589.0,11550.809
2021-01-27 19:00:00,11106.0,11078.066
2021-01-27 20:00:00,11126.0,11041.727
2021-01-27 21:00:00,10910.0,10852.322
2021-01-27 22:00:00,11389.0,10883.208
2021-01-27 23:00:00,11389.0,11320.619
2021-01-28 00:00:00,11442.5,11398.502
2021-01-28 01:00:00,11508.5,11462.979
2021-01-28 02:00:00,11511.5,11487.282
2021-01-28 03:00:00,11533.5,11419.068
2021-01-28 04:00:00,11121.0,11257.625
2021-01-28 05:00:00,11560.0,11518.815
2021-01-28 06:00:00,11784.0,11755.596
2021-01-28 07:00:00,11710.0,11771.551
2021-01-28 08:00:00,11761.0,11695.484
2021-01-28 09:00:00,11765.0,11753.428
2021-01-28 10:00:00,11703.0,11752.068
2021-01-28 11:00:00,11602.0,11684.231
2021-01-28 12:00:00,11501.0,11615.483
2021-01-28 13:00:00,11507.0,11589.185
2021-01-28 14:00:00,11684.0,11699.309
2021-01-28 15:00:00,11959.0,11904.842
2021-01-28 16:00:00,11948.0,11973.31
2021-01-28 17:00:00,11955.0,11956.725
2021-01-28 18:00:00,11824.0,11788.527
2021-01-28 19:00:00,11384.0,11362.352
2021-01-28 20:00:00,11470.0,11419.572
2021-01-28 21:00:00,11193.0,11204.077
2021-01-28 22:00:00,11589.5,11205.317
2021-01-28 23:00:00,11589.5,11654.223
2021-01-29 00:00:00,11630.5,11660.931
2021-01-29 01:00:00,11754.0,11671.849
2021-01-29 02:00:00,11854.0,11748.059
2021-01-29 03:00:00,11891.5,11752.691
2021-01-29 04:00:00,11577.0,11634.615
2021-01-29 05:00:00,12066.0,11964.491
2021-01-29 06:00:00,12278.0,12219.39
2021-01-29 07:00:00,12143.0,12226.145
2021-01-29 08:00:00,12162.0,12132.261
2021-01-29 09:00:00,12151.0,12141.849
2021-01-29 10:00:00,12099.0,12121.93
2021-01-29 11:00:00,12027.0,12021.533
2021-01-29 12:00:00,11884.0,12022.361
2021-01-29 13:00:00,11899.0,11944.297
2021-01-29 14:00:00,12041.0,12091.546
2021-01-29 15:00:00,12322.0,12197.054
2021-01-29 16:00:00,12333.0,12348.414
2021-01-29 17:00:00,12261.0,12429.625
2021-01-29 18:00:00,11980.0,12182.728
2021-01-29 19:00:00,11522.0,11504.43
2021-01-29 20:00:00,11614.0,11586.601
2021-01-29 21:00:00,11391.0,11381.27
2021-01-29 22:00:00,10900.0,11232.205
2021-01-29 23:00:00,10642.0,11051.094
2021-01-30 00:00:00,10496.0,10798.335
2021-01-30 01:00:00,11339.0,10804.272
2021-01-30 02:00:00,11339.0,11317.164
2021-01-30 03:00:00,10484.0,11191.199
2021-01-30 04:00:00,10751.0,10554.164
2021-01-30 05:00:00,10851.0,10840.067
2021-01-30 06:00:00,10989.0,11108.808
2021-01-30 07:00:00,11062.0,11131.065
2021-01-30 08:00:00,11316.0,11113.01
2021-01-30 09:00:00,11446.0,11309.9375
2021-01-30 10:00:00,11408.0,11383.283
2021-01-30 11:00:00,11342.0,11322.42
2021-01-30 12:00:00,11336.0,11267.355
2021-01-30 13:00:00,11419.0,11389.776
2021-01-30 14:00:00,11653.0,11564.851
2021-01-30 15:00:00,12223.0,11745.69
2021-01-30 16:00:00,11339.0,12159.504
2021-01-30 17:00:00,12255.0,11390.14
2021-01-30 18:00:00,11841.0,11963.734
2021-01-30 19:00:00,11346.0,11338.866
2021-01-30 20:00:00,11501.0,11427.538
2021-01-30 21:00:00,11406.0,11270.832
2021-01-30 22:00:00,11032.0,11040.481
2021-01-30 23:00:00,10693.0,10630.704
2021-01-31 00:00:00,10488.0,10529.012
2021-01-31 01:00:00,10374.0,10473.784
2021-01-31 02:00:00,10415.0,10441.634
2021-01-31 03:00:00,10447.0,10410.002
2021-01-31 04:00:00,10639.0,10489.4375
2021-01-31 05:00:00,10659.0,10710.783
2021-01-31 06:00:00,10812.0,10838.827
2021-01-31 07:00:00,10962.0,10937.095
2021-01-31 08:00:00,11180.0,11040.952
2021-01-31 09:00:00,11287.0,11172.004
2021-01-31 10:00:00,11297.0,11241.899
2021-01-31 11:00:00,11139.0,11243.39
2021-01-31 12:00:00,11079.0,11139.381
2021-01-31 13:00:00,11109.0,11173.213
2021-01-31 14:00:00,11352.0,11364.902
2021-01-31 15:00:00,11862.0,11523.646
2021-01-31 16:00:00,11959.0,11777.083
2021-01-31 17:00:00,11947.0,11841.505
2021-01-31 18:00:00,11672.0,11660.716
2021-01-31 19:00:00,11308.0,11196.168
2021-01-31 20:00:00,11598.0,11392.497
2021-01-31 21:00:00,11492.0,11325.775
2021-01-31 22:00:00,11166.0,11123.05
2021-01-31 23:00:00,10969.0,10873.95
2021-02-01 00:00:00,11635.0,11071.02
2021-02-01 01:00:00,11767.0,11505.2295
2021-02-01 02:00:00,11904.5,11639.64
2021-02-01 03:00:00,11358.0,11780.85
2021-02-01 04:00:00,12140.0,11588.451
2021-02-01 05:00:00,12497.0,12458.569
2021-02-01 06:00:00,12644.0,12507.097
2021-02-01 07:00:00,12495.0,12531.005
2021-02-01 08:00:00,12560.0,12351.342
2021-02-01 09:00:00,12593.0,12423.771
2021-02-01 10:00:00,12573.0,12498.053
2021-02-01 11:00:00,12423.0,12401.677
2021-02-01 12:00:00,12362.0,12328.101
2021-02-01 13:00:00,12300.0,12293.917
2021-02-01 14:00:00,12354.0,12332.493
2021-02-01 15:00:00,12660.0,12601.306
2021-02-01 16:00:00,12650.0,12738.231
2021-02-01 17:00:00,12645.0,12692.169
2021-02-01 18:00:00,12416.0,12488.221
2021-02-01 19:00:00,12051.0,11965.336
2021-02-01 20:00:00,12237.0,12062.648
2021-02-01 21:00:00,11990.0,11935.94
2021-02-01 22:00:00,11629.0,11955.451
2021-02-01 23:00:00,12362.0,11808.793
2021-02-02 00:00:00,12362.0,12291.071
2021-02-02 01:00:00,12389.0,12350.197
2021-02-02 02:00:00,12476.5,12350.761
2021-02-02 03:00:00,12563.0,12321.925
2021-02-02 04:00:00,12362.0,12467.268
2021-02-02 05:00:00,12769.0,12665.259
2021-02-02 06:00:00,12867.0,12771.121
2021-02-02 07:00:00,12831.0,12735.817
2021-02-02 08:00:00,12898.0,12759.68
2021-02-02 09:00:00,12903.0,12764.234
2021-02-02 10:00:00,12794.0,12724.978
2021-02-02 11:00:00,12662.0,12697.951
2021-02-02 12:00:00,12589.0,12569.356
2021-02-02 13:00:00,12537.0,12596.493
2021-02-02 14:00:00,12597.0,12620.594
2021-02-02 15:00:00,13025.0,12823.912
2021-02-02 16:00:00,13016.0,13077.598
2021-02-02 17:00:00,13034.0,13035.357
2021-02-02 18:00:00,12842.0,12880.746
2021-02-02 19:00:00,12315.0,12336.797
2021-02-02 20:00:00,12436.0,12319.196
2021-02-02 21:00:00,12199.0,12117.5
2021-02-02 22:00:00,11778.0,11921.299
2021-02-02 23:00:00,12593.0,12094.697
2021-02-03 00:00:00,12593.0,12595.857
2021-02-03 01:00:00,12601.5,12600.776
2021-02-03 02:00:00,12601.5,12599.014
2021-02-03 03:00:00,11711.0,12589.639
2021-02-03 04:00:00,12531.0,12258.516
2021-02-03 05:00:00,12928.0,12797.92
2021-02-03 06:00:00,12990.0,13031.855
2021-02-03 07:00:00,12967.0,12939.882
2021-02-03 08:00:00,12982.0,12940.436
2021-02-03 09:00:00,12887.0,12925.75
2021-02-03 10:00:00,12834.0,12737.028
2021-02-03 11:00:00,12713.0,12708.577
2021-02-03 12:00:00,12606.0,12618.172
2021-02-03 13:00:00,12587.0,12579.96
2021-02-03 14:00:00,12664.0,12622.984
2021-02-03 15:00:00,13140.0,12909.419
2021-02-03 16:00:00,13275.0,13278.485
2021-02-03 17:00:00,13365.0,13329.728
2021-02-03 18:00:00,13089.0,13174.0205
2021-02-03 19:00:00,12568.0,12602.419
2021-02-03 20:00:00,12673.0,12570.635
2021-02-03 21:00:00,12384.0,12390.561
2021-02-03 22:00:00,12014.0,12115.417
2021-02-03 23:00:00,11775.0,12128.434
2021-02-04 00:00:00,11656.0,12207.741
2021-02-04 01:00:00,11646.0,11958.0205
2021-02-04 02:00:00,11779.0,11953.006
2021-02-04 03:00:00,12134.0,11913.232
2021-02-04 04:00:00,12921.0,12666.387
2021-02-04 05:00:00,13177.0,13091.247
2021-02-04 06:00:00,13145.0,13161.775
2021-02-04 07:00:00,13077.0,13083.979
2021-02-04 08:00:00,12936.0,12972.058
2021-02-04 09:00:00,12851.0,12933.906
2021-02-04 10:00:00,12846.0,12759.98
2021-02-04 11:00:00,12698.0,12700.551
2021-02-04 12:00:00,12664.0,12604.972
2021-02-04 13:00:00,12579.0,12577.079
2021-02-04 14:00:00,12610.0,12623.914
2021-02-04 15:00:00,12967.0,12902.441
2021-02-04 16:00:00,13021.0,13165.864
2021-02-04 17:00:00,13095.0,13110.43
2021-02-04 18:00:00,12990.0,12909.206
2021-02-04 19:00:00,12569.0,12592.725
2021-02-04 20:00:00,12665.0,12584.433
2021-02-04 21:00:00,12402.0,12408.775
2021-02-04 22:00:00,12059.0,12161.538
2021-02-04 23:00:00,11837.0,12006.799
2021-02-05 00:00:00,11744.0,11934.894
2021-02-05 01:00:00,12978.5,11847.299
2021-02-05 02:00:00,11986.0,12607.002
2021-02-05 03:00:00,12397.0,12110.506
2021-02-05 04:00:00,13173.0,12753.59
2021-02-05 05:00:00,13369.0,13254.115
2021-02-05 06:00:00,13369.0,13386.847
2021-02-05 07:00:00,13369.0,13353.503
2021-02-05 08:00:00,13369.0,13302.415
2021-02-05 09:00:00,13369.0,13285.606
2021-02-05 10:00:00,13369.0,13251.738
2021-02-05 11:00:00,13223.0,13187.446
2021-02-05 12:00:00,13062.0,13029.415
2021-02-05 13:00:00,12972.0,12945.704
2021-02-05 14:00:00,12941.0,13054.713
2021-02-05 15:00:00,13369.0,13222.335
2021-02-05 16:00:00,13369.0,13448.217
2021-02-05 17:00:00,13369.0,13406.763
2021-02-05 18:00:00,13233.0,13364.89
2021-02-05 19:00:00,12823.0,12774.456
2021-02-05 20:00:00,12894.0,12912.475
2021-02-05 21:00:00,12602.0,12684.797
2021-02-05 22:00:00,12203.0,12225.181
2021-02-05 23:00:00,11896.0,11846.98
2021-02-06 00:00:00,11669.0,11775.918
2021-02-06 01:00:00,11608.0,11763.672
2021-02-06 02:00:00,11606.0,11668.525
2021-02-06 03:00:00,11698.0,11671.319
2021-02-06 04:00:00,11984.0,11849.785
2021-02-06 05:00:00,12064.0,12011.649
2021-02-06 06:00:00,12156.0,12371.795
2021-02-06 07:00:00,12342.0,12318.357
2021-02-06 08:00:00,12519.0,12456.469
2021-02-06 09:00:00,12514.0,12551.846
2021-02-06 10:00:00,12332.0,12500.074
2021-02-06 11:00:00,12211.0,12306.64
2021-02-06 12:00:00,12152.0,12192.19
2021-02-06 13:00:00,12162.0,12256.8955
2021-02-06 14:00:00,12333.0,12423.997
2021-02-06 15:00:00,12258.0,12658.089
2021-02-06 16:00:00,12258.0,12473.767
2021-02-06 17:00:00,12258.0,12481.6875
2021-02-06 18:00:00,12771.0,12178.829
2021-02-06 19:00:00,12314.0,12212.512
2021-02-06 20:00:00,12414.0,12337.286
2021-02-06 21:00:00,12305.0,12181.501
2021-02-06 22:00:00,11861.0,11761.62
2021-02-06 23:00:00,11512.0,11516.355
2021-02-07 00:00:00,11286.0,11440.843
2021-02-07 01:00:00,11085.0,11304.027
2021-02-07 02:00:00,11079.0,11211.726
2021-02-07 03:00:00,11097.0,11118.75
2021-02-07 04:00:00,11237.0,11245.763
2021-02-07 05:00:00,11263.0,11428.889
2021-02-07 06:00:00,11300.0,11551.405
2021-02-07 07:00:00,11459.0,11534.723
2021-02-07 08:00:00,11709.0,11629.097
2021-02-07 09:00:00,11784.0,11777.676
2021-02-07 10:00:00,11765.0,11760.741
2021-02-07 11:00:00,11621.0,11657.008
2021-02-07 12:00:00,11545.0,11559.913
2021-02-07 13:00:00,11506.0,11649.238
2021-02-07 14:00:00,11529.0,11670.803
2021-02-07 15:00:00,12025.0,11862.519
2021-02-07 16:00:00,12221.0,12189.057
2021-02-07 17:00:00,12207.0,12270.387
2021-02-07 18:00:00,11954.0,12044.406
2021-02-07 19:00:00,11550.0,11550.817
2021-02-07 20:00:00,11801.0,11770.546
2021-02-07 21:00:00,11684.0,11737.385
2021-02-07 22:00:00,11341.0,11400.979
2021-02-07 23:00:00,11056.0,11212.267
2021-02-08 00:00:00,10900.0,11313.304
2021-02-08 01:00:00,11989.5,11199.81
2021-02-08 02:00:00,12116.0,12004.991
2021-02-08 03:00:00,11432.0,12205.814
2021-02-08 04:00:00,12265.0,11820.143
2021-02-08 05:00:00,12659.0,12680.279
2021-02-08 06:00:00,12681.0,12795.592
2021-02-08 07:00:00,12792.0,12653.063
2021-02-08 08:00:00,12814.0,12835.237
2021-02-08 09:00:00,12784.0,12805.814
2021-02-08 10:00:00,12611.0,12693.26
2021-02-08 11:00:00,12538.0,12540.116
2021-02-08 12:00:00,12520.0,12465.4
2021-02-08 13:00:00,12406.0,12517.53
2021-02-08 14:00:00,12386.0,12577.215
2021-02-08 15:00:00,12772.0,12627.775
2021-02-08 16:00:00,12872.0,12883.095
2021-02-08 17:00:00,12969.0,12897.443
2021-02-08 18:00:00,12742.0,12808.166
2021-02-08 19:00:00,12391.0,12314.517
2021-02-08 20:00:00,12469.0,12434.053
2021-02-08 21:00:00,12325.0,12206.5
2021-02-08 22:00:00,12061.0,12018.898
2021-02-08 23:00:00,11795.0,11971.159
2021-02-09 00:00:00,11612.0,11817.49
2021-02-09 01:00:00,12757.0,11714.918
2021-02-09 02:00:00,11757.0,12572.105
2021-02-09 03:00:00,12150.0,11737.597
2021-02-09 04:00:00,12891.0,12483.18
2021-02-09 05:00:00,13343.0,12974.042
2021-02-09 06:00:00,13360.0,13320.949
2021-02-09 07:00:00,13369.0,13223.005
2021-02-09 08:00:00,13349.0,13231.03
2021-02-09 09:00:00,13234.0,13218.439
2021-02-09 10:00:00,13061.0,13002.779
2021-02-09 11:00:00,12910.0,12841.867
2021-02-09 12:00:00,12869.0,12880.517
2021-02-09 13:00:00,12847.0,12788.851
2021-02-09 14:00:00,12853.0,12894.593
2021-02-09 15:00:00,13366.0,13034.72
2021-02-09 16:00:00,13369.0,13362.133
2021-02-09 17:00:00,13369.0,13350.979
2021-02-09 18:00:00,13323.0,13278.491
2021-02-09 19:00:00,12882.0,12931.646
2021-02-09 20:00:00,12948.0,12835.741
2021-02-09 21:00:00,12742.0,12786.266
2021-02-09 22:00:00,12359.0,12505.136
2021-02-09 23:00:00,12128.0,12238.402
2021-02-10 00:00:00,11978.0,12157.222
2021-02-10 01:00:00,11964.0,12211.593
2021-02-10 02:00:00,12130.0,12052.703
2021-02-10 03:00:00,12490.0,12398.5205
2021-02-10 04:00:00,13216.0,12836.985
2021-02-10 05:00:00,13369.0,13266.8125
2021-02-10 06:00:00,13369.0,13370.641
2021-02-10 07:00:00,13369.0,13298.313
2021-02-10 08:00:00,13369.0,13338.064
2021-02-10 09:00:00,13369.0,13311.714
2021-02-10 10:00:00,13369.0,13222.725
2021-02-10 11:00:00,13268.0,13154.983
2021-02-10 12:00:00,13104.0,13012.959
2021-02-10 13:00:00,13045.0,13048.528
2021-02-10 14:00:00,13061.0,13011.702
2021-02-10 15:00:00,13369.0,13255.271
2021-02-10 16:00:00,13369.0,13473.57
2021-02-10 17:00:00,13369.0,13409.815
2021-02-10 18:00:00,13369.0,13387.052
2021-02-10 19:00:00,13161.0,13132.144
2021-02-10 20:00:00,13168.0,13157.302
2021-02-10 21:00:00,13020.0,12908.164
2021-02-10 22:00:00,12671.0,12626.342
2021-02-10 23:00:00,12419.0,12368.635
2021-02-11 00:00:00,12301.0,12392.468
2021-02-11 01:00:00,13369.0,12304.173
2021-02-11 02:00:00,12473.0,13198.864
2021-02-11 03:00:00,12848.0,12519.832
2021-02-11 04:00:00,13369.0,13087.618
2021-02-11 05:00:00,13369.0,13461.803
2021-02-11 06:00:00,13369.0,13414.66
2021-02-11 07:00:00,13369.0,13358.593
2021-02-11 08:00:00,13369.0,13350.642
2021-02-11 09:00:00,13369.0,13339.782
2021-02-11 10:00:00,13369.0,13300.713
2021-02-11 11:00:00,13369.0,13261.719
2021-02-11 12:00:00,13369.0,13266.472
2021-02-11 13:00:00,13369.0,13286.779
2021-02-11 14:00:00,13337.0,13301.736
2021-02-11 15:00:00,13369.0,13424.231
2021-02-11 16:00:00,13369.0,13452.707
2021-02-11 17:00:00,13369.0,13415.498
2021-02-11 18:00:00,13369.0,13371.776
2021-02-11 19:00:00,13168.0,13211.345
2021-02-11 20:00:00,13256.0,13142.861
2021-02-11 21:00:00,13108.0,13010.919
2021-02-11 22:00:00,12743.0,12824.033
2021-02-11 23:00:00,12510.0,12463.936
2021-02-12 00:00:00,12383.0,12493.555
2021-02-12 01:00:00,12336.0,12636.46
2021-02-12 02:00:00,12435.0,12449.746
2021-02-12 03:00:00,12775.0,12654.557
2021-02-12 04:00:00,13369.0,13139.185
2021-02-12 05:00:00,13369.0,13411.498
2021-02-12 06:00:00,13369.0,13381.973
2021-02-12 07:00:00,13369.0,13334.469
2021-02-12 08:00:00,13369.0,13340.212
2021-02-12 09:00:00,13369.0,13333.746
2021-02-12 10:00:00,13204.0,13266.333
2021-02-12 11:00:00,13099.0,13085.955
2021-02-12 12:00:00,12948.0,13107.823
2021-02-12 13:00:00,12916.0,13011.87
2021-02-12 14:00:00,12872.0,13103.812
2021-02-12 15:00:00,13202.0,13137.539
2021-02-12 16:00:00,13345.0,13299.717
2021-02-12 17:00:00,13267.0,13364.836
2021-02-12 18:00:00,12967.0,13083.597
2021-02-12 19:00:00,12463.0,12750.619
2021-02-12 20:00:00,12569.0,12719.748
2021-02-12 21:00:00,12290.0,12538.389
2021-02-12 22:00:00,11795.0,12148.828
2021-02-12 23:00:00,11492.0,11792.168
2021-02-13 00:00:00,11245.0,11653.129
2021-02-13 01:00:00,11140.0,11500.284
2021-02-13 02:00:00,11096.0,11450.547
2021-02-13 03:00:00,11173.0,11384.176
2021-02-13 04:00:00,11384.0,11519.077
2021-02-13 05:00:00,11468.0,11547.086
2021-02-13 06:00:00,11537.0,11754.173
2021-02-13 07:00:00,11747.0,11712.326
2021-02-13 08:00:00,11876.0,11893.728
2021-02-13 09:00:00,11744.0,11920.201
2021-02-13 10:00:00,11660.0,11748.1875
2021-02-13 11:00:00,11533.0,11649.487
2021-02-13 12:00:00,11493.0,11526.714
2021-02-13 13:00:00,11532.0,11617.334
2021-02-13 14:00:00,11722.0,11781.473
2021-02-13 15:00:00,11532.5,12023.549
2021-02-13 16:00:00,11532.5,11785.753
2021-02-13 17:00:00,11532.5,11727.768
2021-02-13 18:00:00,11942.0,11572.887
2021-02-13 19:00:00,11504.0,11476.952
2021-02-13 20:00:00,11614.0,11617.891
2021-02-13 21:00:00,11506.0,11519.981
2021-02-13 22:00:00,11237.0,11144.485
2021-02-13 23:00:00,10902.0,10964.607
2021-02-14 00:00:00,10658.0,10748.656
2021-02-14 01:00:00,10596.0,10541.78
2021-02-14 02:00:00,10641.0,10573.328
2021-02-14 03:00:00,10766.0,10531.83
2021-02-14 04:00:00,10927.0,10641.454
2021-02-14 05:00:00,10943.0,10966.125
2021-02-14 06:00:00,11084.0,11098.979
2021-02-14 07:00:00,11357.0,11159.114
2021-02-14 08:00:00,11561.0,11369.493
2021-02-14 09:00:00,11527.0,11460.367
2021-02-14 10:00:00,11505.0,11368.6
2021-02-14 11:00:00,11455.0,11299.126
2021-02-14 12:00:00,11330.0,11363.832
2021-02-14 13:00:00,11409.0,11343.405
2021-02-14 14:00:00,11511.0,11523.839
2021-02-14 15:00:00,11982.0,11608.827
2021-02-14 16:00:00,12333.0,11999.542
2021-02-14 17:00:00,12371.0,12228.522
2021-02-14 18:00:00,12163.0,12070.32
2021-02-14 19:00:00,11823.0,11676.541
2021-02-14 20:00:00,12120.0,11884.799
2021-02-14 21:00:00,12055.0,11927.016
2021-02-14 22:00:00,11720.0,11751.322
2021-02-14 23:00:00,11491.0,11512.269
2021-02-15 00:00:00,11374.0,11736.04
2021-02-15 01:00:00,11369.0,11700.877
2021-02-15 02:00:00,11556.0,11590.573
2021-02-15 03:00:00,11946.0,11652.159
2021-02-15 04:00:00,12756.0,12308.043
2021-02-15 05:00:00,13122.0,12980.096
2021-02-15 06:00:00,13156.0,13192.63
2021-02-15 07:00:00,13199.0,13125.977
2021-02-15 08:00:00,13058.0,13096.52
2021-02-15 09:00:00,12886.0,12936.255
2021-02-15 10:00:00,12697.0,12740.234
2021-02-15 11:00:00,12582.0,12637.251
2021-02-15 12:00:00,12475.0,12462.267
2021-02-15 13:00:00,12373.0,12459.167
2021-02-15 14:00:00,12285.0,12496.922
2021-02-15 15:00:00,12479.0,12566.531
2021-02-15 16:00:00,12672.0,12719.378
2021-02-15 17:00:00,12571.0,12796.692
2021-02-15 18:00:00,12326.0,12510.842
2021-02-15 19:00:00,11922.0,11901.415
2021-02-15 20:00:00,11922.0,12093.484
2021-02-15 21:00:00,11769.0,11885.303
2021-02-15 22:00:00,12349.5,11763.702
2021-02-15 23:00:00,12349.5,12191.732
2021-02-16 00:00:00,12305.5,12283.699
2021-02-16 01:00:00,12264.0,12210.565
2021-02-16 02:00:00,12221.0,12215.708
2021-02-16 03:00:00,11262.0,12242.573
2021-02-16 04:00:00,12140.0,11992.366
2021-02-16 05:00:00,12535.0,12628.007
2021-02-16 06:00:00,12459.0,12668.516
2021-02-16 07:00:00,12522.0,12485.906
2021-02-16 08:00:00,12556.0,12545.848
2021-02-16 09:00:00,12539.0,12488.62
2021-02-16 10:00:00,12391.0,12406.702
2021-02-16 11:00:00,12243.0,12269.825
2021-02-16 12:00:00,12199.0,12178.997
2021-02-16 13:00:00,12163.0,12218.421
2021-02-16 14:00:00,12160.0,12270.01
2021-02-16 15:00:00,12575.0,12358.664
2021-02-16 16:00:00,12878.0,12591.774
2021-02-16 17:00:00,12965.0,12799.909
2021-02-16 18:00:00,12865.0,12789.19
2021-02-16 19:00:00,12418.0,12213.15
2021-02-16 20:00:00,12541.0,12264.356
2021-02-16 21:00:00,12414.0,12120.555
2021-02-16 22:00:00,12174.0,12190.507
2021-02-16 23:00:00,12019.0,12032.316
2021-02-17 00:00:00,11941.0,12174.405
2021-02-17 01:00:00,11976.0,12022.789
2021-02-17 02:00:00,12194.0,12030.784
2021-02-17 03:00:00,12613.0,12188.339
2021-02-17 04:00:00,13369.0,12543.197
2021-02-17 05:00:00,13369.0,13273.875
2021-02-17 06:00:00,13369.0,13257.812
2021-02-17 07:00:00,13369.0,13213.861
2021-02-17 08:00:00,13369.0,13246.869
2021-02-17 09:00:00,13369.0,13245.52
2021-02-17 10:00:00,13369.0,13223.367
2021-02-17 11:00:00,13190.0,13133.796
2021-02-17 12:00:00,13058.0,12997.548
2021-02-17 13:00:00,13053.0,12898.997
2021-02-17 14:00:00,13104.0,12993.627
2021-02-17 15:00:00,13369.0,13268.417
2021-02-17 16:00:00,13369.0,13397.714
2021-02-17 17:00:00,13369.0,13437.377
2021-02-17 18:00:00,13369.0,13326.425
2021-02-17 19:00:00,13369.0,13206.519
2021-02-17 20:00:00,13369.0,13264.219
2021-02-17 21:00:00,13314.0,13113.888
2021-02-17 22:00:00,13001.0,12945.286
2021-02-17 23:00:00,12723.0,12636.858
2021-02-18 00:00:00,12594.0,12550.981
2021-02-18 01:00:00,12610.0,12539.283
2021-02-18 02:00:00,12812.0,12560.215
2021-02-18 03:00:00,13201.0,12816.032
2021-02-18 04:00:00,13369.0,13378.787
2021-02-18 05:00:00,13369.0,13445.013
2021-02-18 06:00:00,13369.0,13405.988
2021-02-18 07:00:00,13369.0,13357.986
2021-02-18 08:00:00,13369.0,13358.303
2021-02-18 09:00:00,13369.0,13318.816
2021-02-18 10:00:00,13369.0,13274.078
2021-02-18 11:00:00,13369.0,13260.044
2021-02-18 12:00:00,13359.0,13252.256
2021-02-18 13:00:00,13272.0,13242.562
2021-02-18 14:00:00,13199.0,13296.985
2021-02-18 15:00:00,13368.0,13301.661
2021-02-18 16:00:00,13369.0,13385.441
2021-02-18 17:00:00,13369.0,13386.977
2021-02-18 18:00:00,13225.0,13345.743
2021-02-18 19:00:00,12764.0,12857.156
2021-02-18 20:00:00,12782.0,12903.024
2021-02-18 21:00:00,12522.0,12670.096
2021-02-18 22:00:00,12125.0,12475.125
2021-02-18 23:00:00,12914.0,12144.158
2021-02-19 00:00:00,12902.5,12942.632
2021-02-19 01:00:00,12854.5,12828.854
2021-02-19 02:00:00,12799.5,12844.027
2021-02-19 03:00:00,12018.0,12823.492
2021-02-19 04:00:00,12658.0,12705.195
2021-02-19 05:00:00,12892.0,12985.45
2021-02-19 06:00:00,12915.0,13014.54
2021-02-19 07:00:00,13036.0,13052.291
2021-02-19 08:00:00,12984.0,13018.384
2021-02-19 09:00:00,12937.0,13014.109
2021-02-19 10:00:00,12913.0,12952.331
2021-02-19 11:00:00,12817.0,12911.4
2021-02-19 12:00:00,12709.0,12758.937
2021-02-19 13:00:00,12659.0,12662.075
2021-02-19 14:00:00,12603.0,12721.566
2021-02-19 15:00:00,12827.0,12898.751
2021-02-19 16:00:00,13077.0,13006.693
2021-02-19 17:00:00,12998.0,13080.746
2021-02-19 18:00:00,12688.0,12852.827
2021-02-19 19:00:00,12222.0,12349.478
2021-02-19 20:00:00,12207.0,12316.967
2021-02-19 21:00:00,12009.0,12097.97
2021-02-19 22:00:00,11619.0,11681.083
2021-02-19 23:00:00,11941.5,11638.408
2021-02-20 00:00:00,11921.5,11916.122
2021-02-20 01:00:00,11901.0,11842.372
2021-02-20 02:00:00,11898.0,11850.741
2021-02-20 03:00:00,11898.0,11730.11
2021-02-20 04:00:00,11311.0,11946.339
2021-02-20 05:00:00,11322.0,11490.947
2021-02-20 06:00:00,11422.0,11700.294
2021-02-20 07:00:00,11705.0,11704.981
2021-02-20 08:00:00,11882.0,11833.703
2021-02-20 09:00:00,11960.0,11899.3955
2021-02-20 10:00:00,11923.0,11865.449
2021-02-20 11:00:00,11920.0,11834.124
2021-02-20 12:00:00,11861.0,11840.152
2021-02-20 13:00:00,11914.0,11904.047
2021-02-20 14:00:00,12032.0,12095.843
2021-02-20 15:00:00,12448.0,12293.458
2021-02-20 16:00:00,12807.0,12463.882
2021-02-20 17:00:00,12662.0,12658.132
2021-02-20 18:00:00,12195.0,12418.528
2021-02-20 19:00:00,11599.0,11814.907
2021-02-20 20:00:00,11685.0,11617.59
2021-02-20 21:00:00,11466.0,11585.548
2021-02-20 22:00:00,10994.0,11276.651
2021-02-20 23:00:00,10628.0,10899.037
2021-02-21 00:00:00,10404.0,10518.676
2021-02-21 01:00:00,10289.0,10367.49
2021-02-21 02:00:00,10247.0,10317.735
2021-02-21 03:00:00,10275.0,10386.29
2021-02-21 04:00:00,10435.0,10399.234
2021-02-21 05:00:00,10390.0,10601.853
2021-02-21 06:00:00,10536.0,10637.914
2021-02-21 07:00:00,10797.0,10735.84
2021-02-21 08:00:00,10976.0,10940.349
2021-02-21 09:00:00,11093.0,11046.825
2021-02-21 10:00:00,11086.0,11103.739
2021-02-21 11:00:00,11130.0,11011.041
2021-02-21 12:00:00,11078.0,11081.868
2021-02-21 13:00:00,11163.0,11101.645
2021-02-21 14:00:00,11327.0,11315.649
2021-02-21 15:00:00,11707.0,11565.7705
2021-02-21 16:00:00,12075.0,11778.844
2021-02-21 17:00:00,12059.0,12003.965
2021-02-21 18:00:00,11823.0,11784.404
2021-02-21 19:00:00,11383.0,11366.942
2021-02-21 20:00:00,11588.0,11492.581
2021-02-21 21:00:00,11525.0,11373.182
2021-02-21 22:00:00,11157.0,11135.736
2021-02-21 23:00:00,10883.0,10963.708
2021-02-22 00:00:00,11647.5,11103.711
2021-02-22 01:00:00,11765.0,11633.428
2021-02-22 02:00:00,11934.0,11723.308
2021-02-22 03:00:00,12052.0,11868.585
2021-02-22 04:00:00,12045.0,12278.618
2021-02-22 05:00:00,12394.0,12431.667
2021-02-22 06:00:00,12525.0,12537.976
2021-02-22 07:00:00,12740.0,12477.321
2021-02-22 08:00:00,12797.0,12587.539
2021-02-22 09:00:00,12813.0,12734.342
2021-02-22 10:00:00,12796.0,12715.373
2021-02-22 11:00:00,12734.0,12723.329
2021-02-22 12:00:00,12651.0,12613.932
2021-02-22 13:00:00,12607.0,12549.881
2021-02-22 14:00:00,12548.0,12656.642
2021-02-22 15:00:00,12693.0,12711.406
2021-02-22 16:00:00,13031.0,12820.043
2021-02-22 17:00:00,13012.0,12930.532
2021-02-22 18:00:00,12784.0,12770.969
2021-02-22 19:00:00,12328.0,12313.849
2021-02-22 20:00:00,12461.0,12267.041
2021-02-22 21:00:00,12244.0,12198.703
2021-02-22 22:00:00,11838.0,12065.802
2021-02-22 23:00:00,11594.0,11987.307
2021-02-23 00:00:00,12629.0,11598.747
2021-02-23 01:00:00,12650.0,12457.324
2021-02-23 02:00:00,12638.5,12463.746
2021-02-23 03:00:00,11851.0,12484.664
2021-02-23 04:00:00,12521.0,12018.014
2021-02-23 05:00:00,12768.0,12764.817
2021-02-23 06:00:00,12809.0,12793.394
2021-02-23 07:00:00,12930.0,12836.359
2021-02-23 08:00:00,12996.0,12952.205
2021-02-23 09:00:00,13050.0,12983.111
2021-02-23 10:00:00,12995.0,12918.278
2021-02-23 11:00:00,12877.0,12886.494
2021-02-23 12:00:00,12757.0,12745.521
2021-02-23 13:00:00,12584.0,12690.157
2021-02-23 14:00:00,12555.0,12632.129
2021-02-23 15:00:00,12667.0,12740.407
2021-02-23 16:00:00,12921.0,12884.284
2021-02-23 17:00:00,12921.0,13055.595
2021-02-23 18:00:00,12628.0,12870.716
2021-02-23 19:00:00,12094.0,12224.68
2021-02-23 20:00:00,12049.0,12258.994
2021-02-23 21:00:00,11782.0,12131.865
2021-02-23 22:00:00,11380.0,11753.308
2021-02-23 23:00:00,12215.5,11524.719
2021-02-24 00:00:00,12184.5,12234.599
2021-02-24 01:00:00,12124.0,12287.514
2021-02-24 02:00:00,12090.0,12248.555
2021-02-24 03:00:00,11322.0,12103.119
2021-02-24 04:00:00,11979.0,11952.007
2021-02-24 05:00:00,12086.0,12374.731
2021-02-24 06:00:00,12154.0,12408.605
2021-02-24 07:00:00,12277.0,12261.407
2021-02-24 08:00:00,12315.0,12307.902
2021-02-24 09:00:00,12484.0,12293.274
2021-02-24 10:00:00,12417.0,12393.752
2021-02-24 11:00:00,12215.0,12341.483
2021-02-24 12:00:00,12068.0,12171.466
2021-02-24 13:00:00,12007.0,12087.055
2021-02-24 14:00:00,11868.0,12073.913
2021-02-24 15:00:00,11984.0,12212.077
2021-02-24 16:00:00,12209.0,12234.746
2021-02-24 17:00:00,12121.0,12395.613
2021-02-24 18:00:00,11828.0,12088.2295
2021-02-24 19:00:00,11232.0,11465.424
2021-02-24 20:00:00,11188.0,11532.98
2021-02-24 21:00:00,10897.0,11212.1045
2021-02-24 22:00:00,11146.0,11121.769
2021-02-24 23:00:00,11112.0,11432.5205
2021-02-25 00:00:00,11105.5,11476.665
2021-02-25 01:00:00,11067.0,11438.514
2021-02-25 02:00:00,11020.5,11242.084
2021-02-25 03:00:00,11005.5,11216.917
2021-02-25 04:00:00,10837.0,11300.929
2021-02-25 05:00:00,11002.0,11318.632
2021-02-25 06:00:00,11032.0,11305.822
2021-02-25 07:00:00,11115.0,11201.305
2021-02-25 08:00:00,11109.0,11223.584
2021-02-25 09:00:00,11177.0,11213.943
2021-02-25 10:00:00,11102.0,11238.107
2021-02-25 11:00:00,11009.0,11131.818
2021-02-25 12:00:00,10916.0,11029.804
2021-02-25 13:00:00,10907.0,11067.9
2021-02-25 14:00:00,10861.0,11099.75
2021-02-25 15:00:00,11010.0,11222.625
2021-02-25 16:00:00,11318.0,11295.475
2021-02-25 17:00:00,11372.0,11468.542
2021-02-25 18:00:00,10981.0,11346.656
2021-02-25 19:00:00,10512.0,10752.339
2021-02-25 20:00:00,10614.0,10917.199
2021-02-25 21:00:00,10375.0,10571.207
2021-02-25 22:00:00,9941.0,10678.35
2021-02-25 23:00:00,10822.0,10517.665
2021-02-26 00:00:00,10743.0,11047.9795
2021-02-26 01:00:00,10666.0,11083.845
2021-02-26 02:00:00,10632.5,10988.659
2021-02-26 03:00:00,9854.0,10682.793
2021-02-26 04:00:00,10540.0,10429.392
2021-02-26 05:00:00,10681.0,11063.488
2021-02-26 06:00:00,10805.0,11077.492
2021-02-26 07:00:00,10918.0,10947.809
2021-02-26 08:00:00,10920.0,10969.078
2021-02-26 09:00:00,10863.0,10955.222
2021-02-26 10:00:00,10839.0,10877.001
2021-02-26 11:00:00,10651.0,10830.062
2021-02-26 12:00:00,10584.0,10734.098
2021-02-26 13:00:00,10543.0,10754.888
2021-02-26 14:00:00,10557.0,10839.75
2021-02-26 15:00:00,10692.0,10988.858
2021-02-26 16:00:00,11171.0,11103.119
2021-02-26 17:00:00,11212.0,11213.756
2021-02-26 18:00:00,10912.0,11089.426
2021-02-26 19:00:00,10491.0,10535.968
2021-02-26 20:00:00,10569.0,10590.467
2021-02-26 21:00:00,10327.0,10308.35
2021-02-26 22:00:00,9855.0,10109.244
2021-02-26 23:00:00,10158.0,9982.745
2021-02-27 00:00:00,10126.0,10237.8
2021-02-27 01:00:00,10076.5,10193.236
2021-02-27 02:00:00,10016.5,10063.661
2021-02-27 03:00:00,10016.5,9947.074
2021-02-27 04:00:00,9724.0,10025.294
2021-02-27 05:00:00,9641.0,9876.731
2021-02-27 06:00:00,9874.0,9857.974
2021-02-27 07:00:00,10124.0,10023.539
2021-02-27 08:00:00,10188.0,10204.37
2021-02-27 09:00:00,10128.0,10231.09
2021-02-27 10:00:00,10029.0,10158.259
2021-02-27 11:00:00,10004.0,9994.336
2021-02-27 12:00:00,9914.0,10038.647
2021-02-27 13:00:00,9906.0,10078.846
2021-02-27 14:00:00,10115.0,10208.452
2021-02-27 15:00:00,10458.0,10497.206
2021-02-27 16:00:00,10016.5,10673.577
2021-02-27 17:00:00,10016.5,10335.716
2021-02-27 18:00:00,10657.0,10332.273
2021-02-27 19:00:00,10215.0,10267.26
2021-02-27 20:00:00,10356.0,10294.506
2021-02-27 21:00:00,10212.0,10148.768
2021-02-27 22:00:00,9802.0,9883.008
2021-02-27 23:00:00,9424.0,9550.556
2021-02-28 00:00:00,9269.0,9297.203
2021-02-28 01:00:00,9157.0,9354.473
2021-02-28 02:00:00,9151.0,9175.943
2021-02-28 03:00:00,9201.0,9150.567
2021-02-28 04:00:00,9388.0,9176.01
2021-02-28 05:00:00,9233.0,9383.392
2021-02-28 06:00:00,9414.0,9445.898
2021-02-28 07:00:00,9619.0,9543.418
2021-02-28 08:00:00,9611.0,9672.768
2021-02-28 09:00:00,9637.0,9618.395
2021-02-28 10:00:00,9565.0,9552.139
2021-02-28 11:00:00,9428.0,9495.288
2021-02-28 12:00:00,9333.0,9412.129
2021-02-28 13:00:00,9319.0,9450.885
2021-02-28 14:00:00,9398.0,9543.299
2021-02-28 15:00:00,9648.0,9703.703
2021-02-28 16:00:00,9556.5,9786.936
2021-02-28 17:00:00,9565.0,9675.633
2021-02-28 18:00:00,9588.0,9717.076
2021-02-28 19:00:00,9739.0,9622.238
2021-02-28 20:00:00,9957.0,9897.262
2021-02-28 21:00:00,9845.0,9862.018
2021-02-28 22:00:00,9565.0,9564.898
2021-02-28 23:00:00,9269.0,9220.374
2021-03-01 00:00:00,9117.0,9354.114
2021-03-01 01:00:00,9037.0,9421.171
2021-03-01 02:00:00,9137.0,9433.103
2021-03-01 03:00:00,9548.0,9581.325
2021-03-01 04:00:00,10305.0,9923.563
2021-03-01 05:00:00,10563.0,10508.144
2021-03-01 06:00:00,10795.0,10685.252
2021-03-01 07:00:00,10915.0,10861.5625
2021-03-01 08:00:00,10849.0,10975.8545
2021-03-01 09:00:00,10755.0,10870.288
2021-03-01 10:00:00,10762.0,10738.573
2021-03-01 11:00:00,10629.0,10719.168
2021-03-01 12:00:00,10518.0,10538.348
2021-03-01 13:00:00,10408.0,10514.861
2021-03-01 14:00:00,10299.0,10435.053
2021-03-01 15:00:00,10366.0,10431.035
2021-03-01 16:00:00,10819.0,10639.495
2021-03-01 17:00:00,10907.0,11021.955
2021-03-01 18:00:00,10696.0,10923.69
2021-03-01 19:00:00,10239.0,10427.257
2021-03-01 20:00:00,10263.0,10315.085
2021-03-01 21:00:00,10105.0,10062.115
2021-03-01 22:00:00,9687.0,10059.3545
2021-03-01 23:00:00,10387.0,9876.921
2021-03-02 00:00:00,10377.0,10633.246
2021-03-02 01:00:00,10339.0,10592.152
2021-03-02 02:00:00,10305.5,10634.632
2021-03-02 03:00:00,9524.0,10204.956
2021-03-02 04:00:00,10312.0,10301.087
2021-03-02 05:00:00,10536.0,10749.322
2021-03-02 06:00:00,10707.0,10898.472
2021-03-02 07:00:00,10646.0,10835.569
2021-03-02 08:00:00,10605.0,10767.331
2021-03-02 09:00:00,10626.0,10760.879
2021-03-02 10:00:00,10504.0,10675.331
2021-03-02 11:00:00,10388.0,10587.973
2021-03-02 12:00:00,10266.0,10492.217
2021-03-02 13:00:00,10203.0,10324.562
2021-03-02 14:00:00,10190.0,10291.872
2021-03-02 15:00:00,10250.0,10373.544
2021-03-02 16:00:00,10769.0,10596.913
2021-03-02 17:00:00,10944.0,10969.53
2021-03-02 18:00:00,10772.0,10932.963
2021-03-02 19:00:00,10276.0,10440.236
2021-03-02 20:00:00,10354.0,10243.594
2021-03-02 21:00:00,10130.0,10109.987
2021-03-02 22:00:00,10315.0,9854.779
2021-03-02 23:00:00,10315.0,10250.633
2021-03-03 00:00:00,10315.0,10479.041
2021-03-03 01:00:00,10408.0,10421.561
2021-03-03 02:00:00,10501.5,10431.985
2021-03-03 03:00:00,10546.0,10346.483
2021-03-03 04:00:00,10462.0,10522.523
2021-03-03 05:00:00,10661.0,10602.823
2021-03-03 06:00:00,10763.0,10756.898
2021-03-03 07:00:00,10758.0,10715.131
2021-03-03 08:00:00,10752.0,10743.375
2021-03-03 09:00:00,10765.0,10777.409
2021-03-03 10:00:00,10679.0,10698.445
2021-03-03 11:00:00,10631.0,10584.959
2021-03-03 12:00:00,10568.0,10552.599
2021-03-03 13:00:00,10541.0,10565.019
2021-03-03 14:00:00,10551.0,10585.154
2021-03-03 15:00:00,10683.0,10638.567
2021-03-03 16:00:00,11098.0,10897.054
2021-03-03 17:00:00,10599.5,11153.108
2021-03-03 18:00:00,11014.0,10644.236
2021-03-03 19:00:00,10506.0,10625.216
2021-03-03 20:00:00,10524.0,10503.739
2021-03-03 21:00:00,10371.0,10337.977
2021-03-03 22:00:00,10002.0,10314.986
2021-03-03 23:00:00,10599.5,10310.176
2021-03-04 00:00:00,10625.5,10557.249
2021-03-04 01:00:00,10756.0,10588.434
2021-03-04 02:00:00,10833.5,10658.171
2021-03-04 03:00:00,10223.0,10623.998
2021-03-04 04:00:00,10829.0,10364.474
2021-03-04 05:00:00,10979.0,10965.536
2021-03-04 06:00:00,11123.0,11049.455
2021-03-04 07:00:00,11244.0,11092.501
2021-03-04 08:00:00,11185.0,11164.846
2021-03-04 09:00:00,11166.0,11119.812
2021-03-04 10:00:00,11030.0,11068.441
2021-03-04 11:00:00,10937.0,10881.139
2021-03-04 12:00:00,10875.0,10827.806
2021-03-04 13:00:00,10838.0,10808.014
2021-03-04 14:00:00,10866.0,10809.636
2021-03-04 15:00:00,11107.0,10926.346
2021-03-04 16:00:00,11518.0,11304.347
2021-03-04 17:00:00,11718.0,11470.616
2021-03-04 18:00:00,11527.0,11471.166
2021-03-04 19:00:00,11062.0,11023.04
2021-03-04 20:00:00,11228.0,11003.631
2021-03-04 21:00:00,11098.0,10935.282
2021-03-04 22:00:00,10688.0,10818.029
2021-03-04 23:00:00,10507.0,10734.328
2021-03-05 00:00:00,10383.0,10589.25
2021-03-05 01:00:00,10348.0,10523.132
2021-03-05 02:00:00,10498.0,10463.139
2021-03-05 03:00:00,10844.0,10389.495
2021-03-05 04:00:00,11432.0,10834.95
2021-03-05 05:00:00,11632.0,11522.868
2021-03-05 06:00:00,11810.0,11633.087
2021-03-05 07:00:00,11789.0,11641.188
2021-03-05 08:00:00,11641.0,11643.573
2021-03-05 09:00:00,11586.0,11510.822
2021-03-05 10:00:00,11433.0,11422.949
2021-03-05 11:00:00,11224.0,11279.955
2021-03-05 12:00:00,11081.0,11129.76
2021-03-05 13:00:00,10953.0,11032.086
2021-03-05 14:00:00,11036.0,11033.768
2021-03-05 15:00:00,11219.0,11159.245
2021-03-05 16:00:00,11696.0,11423.393
2021-03-05 17:00:00,11902.0,11667.992
2021-03-05 18:00:00,11707.0,11674.346
2021-03-05 19:00:00,11289.0,11243.584
2021-03-05 20:00:00,11364.0,11284.617
2021-03-05 21:00:00,11175.0,11081.361
2021-03-05 22:00:00,10816.0,10728.153
2021-03-05 23:00:00,10562.0,10588.594
2021-03-06 00:00:00,10414.0,10516.216
2021-03-06 01:00:00,10369.0,10335.415
2021-03-06 02:00:00,10378.0,10322.637
2021-03-06 03:00:00,10480.0,10292.952
2021-03-06 04:00:00,10726.0,10400.619
2021-03-06 05:00:00,10581.0,10629.261
2021-03-06 06:00:00,10816.0,10730.802
2021-03-06 07:00:00,10979.0,10884.403
2021-03-06 08:00:00,11116.0,11001.51
2021-03-06 09:00:00,11154.0,11045.354
2021-03-06 10:00:00,11068.0,11012.776
2021-03-06 11:00:00,10987.0,10898.043
2021-03-06 12:00:00,10868.0,10888.796
2021-03-06 13:00:00,10865.0,10880.083
2021-03-06 14:00:00,10953.0,10987.803
2021-03-06 15:00:00,11224.0,11090.319
2021-03-06 16:00:00,10866.5,11263.663
2021-03-06 17:00:00,11654.0,10993.338
2021-03-06 18:00:00,11209.0,11461.545
2021-03-06 19:00:00,10735.0,10924.373
2021-03-06 20:00:00,10873.0,10958.354
2021-03-06 21:00:00,10766.0,10802.529
2021-03-06 22:00:00,10497.0,10339.979
2021-03-06 23:00:00,10277.0,10190.473
2021-03-07 00:00:00,10092.0,10022.704
2021-03-07 01:00:00,10006.0,9950.82
2021-03-07 02:00:00,10046.0,9922.023
2021-03-07 03:00:00,10161.0,9952.768
2021-03-07 04:00:00,10321.0,10134.128
2021-03-07 05:00:00,10173.0,10353.941
2021-03-07 06:00:00,10382.0,10339.233
2021-03-07 07:00:00,10609.0,10528.177
2021-03-07 08:00:00,10837.0,10689.644
2021-03-07 09:00:00,10962.0,10794.15
2021-03-07 10:00:00,10882.0,10856.769
2021-03-07 11:00:00,10831.0,10750.143
2021-03-07 12:00:00,10718.0,10720.897
2021-03-07 13:00:00,10674.0,10711.656
2021-03-07 14:00:00,10754.0,10733.847
2021-03-07 15:00:00,10934.0,10900.038
2021-03-07 16:00:00,11473.0,10990.742
2021-03-07 17:00:00,10834.0,11429.216
2021-03-07 18:00:00,11369.0,10802.305
2021-03-07 19:00:00,11003.0,10969.727
2021-03-07 20:00:00,11154.0,11092.2295
2021-03-07 21:00:00,11072.0,10947.225
2021-03-07 22:00:00,10731.0,10603.202
2021-03-07 23:00:00,10550.0,10439.654
2021-03-08 00:00:00,10536.0,10596.157
2021-03-08 01:00:00,10544.0,10640.777
2021-03-08 02:00:00,10668.0,10646.608
2021-03-08 03:00:00,11025.0,10700.372
2021-03-08 04:00:00,11712.0,11235.139
2021-03-08 05:00:00,11924.0,12067.712
2021-03-08 06:00:00,12186.0,12035.625
2021-03-08 07:00:00,12188.0,12134.723
2021-03-08 08:00:00,11932.0,12120.272
2021-03-08 09:00:00,11836.0,11861.581
2021-03-08 10:00:00,11667.0,11746.3545
2021-03-08 11:00:00,11441.0,11517.782
2021-03-08 12:00:00,11283.0,11368.841
2021-03-08 13:00:00,11224.0,11276.744
2021-03-08 14:00:00,11226.0,11317.7295
2021-03-08 15:00:00,11343.0,11369.156
2021-03-08 16:00:00,11833.0,11564.459
2021-03-08 17:00:00,12086.0,11867.509
2021-03-08 18:00:00,12013.0,11904.655
2021-03-08 19:00:00,11705.0,11549.711
2021-03-08 20:00:00,11902.0,11619.625
2021-03-08 21:00:00,11716.0,11613.046
2021-03-08 22:00:00,11378.0,11545.94
2021-03-08 23:00:00,11092.0,11320.279
2021-03-09 00:00:00,10971.0,11285.313
2021-03-09 01:00:00,10943.0,11181.885
2021-03-09 02:00:00,10997.0,11114.335
2021-03-09 03:00:00,11342.0,11191.655
2021-03-09 04:00:00,12020.0,11577.213
2021-03-09 05:00:00,12090.0,12224.493
2021-03-09 06:00:00,12253.0,12141.692
2021-03-09 07:00:00,12282.0,12155.051
2021-03-09 08:00:00,12233.0,12141.343
2021-03-09 09:00:00,12203.0,12085.571
2021-03-09 10:00:00,12092.0,12061.305
2021-03-09 11:00:00,11934.0,11905.784
2021-03-09 12:00:00,11882.0,11774.554
2021-03-09 13:00:00,11838.0,11783.85
2021-03-09 14:00:00,11828.0,11831.465
2021-03-09 15:00:00,11950.0,11852.428
2021-03-09 16:00:00,12353.0,12053.421
2021-03-09 17:00:00,12777.0,12396.368
2021-03-09 18:00:00,12702.0,12472.314
2021-03-09 19:00:00,12352.0,12248.288
2021-03-09 20:00:00,12457.0,12343.026
2021-03-09 21:00:00,12405.0,12162.968
2021-03-09 22:00:00,12073.0,12093.719
2021-03-09 23:00:00,11919.0,11924.416
2021-03-10 00:00:00,11801.0,11922.2295
2021-03-10 01:00:00,11878.0,11849.543
2021-03-10 02:00:00,12046.0,11876.315
2021-03-10 03:00:00,12345.0,11991.284
2021-03-10 04:00:00,12975.0,12444.918
2021-03-10 05:00:00,13123.0,13063.809
2021-03-10 06:00:00,12428.0,13142.713
2021-03-10 07:00:00,13242.0,12513.419
2021-03-10 08:00:00,13066.0,13022.668
2021-03-10 09:00:00,12912.0,12899.307
2021-03-10 10:00:00,12655.0,12805.918
2021-03-10 11:00:00,12451.0,12492.424
2021-03-10 12:00:00,12224.0,12368.171
2021-03-10 13:00:00,12208.0,12211.979
2021-03-10 14:00:00,12192.0,12271.68
2021-03-10 15:00:00,12229.0,12340.557
2021-03-10 16:00:00,12706.0,12506.217
2021-03-10 17:00:00,13145.0,12783.886
2021-03-10 18:00:00,12949.0,12963.949
2021-03-10 19:00:00,12467.0,12515.041
2021-03-10 20:00:00,12517.0,12430.099
2021-03-10 21:00:00,12330.0,12251.689
2021-03-10 22:00:00,12030.0,12127.441
2021-03-10 23:00:00,11731.0,11912.516
2021-03-11 00:00:00,11608.0,11717.119
2021-03-11 01:00:00,11631.0,11675.39
2021-03-11 02:00:00,11705.0,11700.643
2021-03-11 03:00:00,12075.0,11884.624
2021-03-11 04:00:00,12650.0,12514.319
2021-03-11 05:00:00,12724.0,12782.802
2021-03-11 06:00:00,12872.0,12719.142
2021-03-11 07:00:00,12877.0,12746.876
2021-03-11 08:00:00,12777.0,12737.005
2021-03-11 09:00:00,12796.0,12624.453
2021-03-11 10:00:00,12652.0,12635.634
2021-03-11 11:00:00,12419.0,12456.763
2021-03-11 12:00:00,12236.0,12328.196
2021-03-11 13:00:00,12123.0,12175.256
2021-03-11 14:00:00,12059.0,12223.111
2021-03-11 15:00:00,12016.0,12211.666
2021-03-11 16:00:00,12209.0,12380.086
2021-03-11 17:00:00,12557.0,12494.732
2021-03-11 18:00:00,12350.0,12509.928
2021-03-11 19:00:00,11819.0,11960.417
2021-03-11 20:00:00,11916.0,11962.712
2021-03-11 21:00:00,11636.0,11777.275
2021-03-11 22:00:00,11247.0,11488.999
2021-03-11 23:00:00,11976.5,11426.158
2021-03-12 00:00:00,11952.0,11824.407
2021-03-12 01:00:00,11941.5,11778.797
2021-03-12 02:00:00,11926.0,11768.357
2021-03-12 03:00:00,11895.5,11864.652
2021-03-12 04:00:00,11778.0,12242.066
2021-03-12 05:00:00,11936.0,12167.653
2021-03-12 06:00:00,12006.0,12191.108
2021-03-12 07:00:00,12090.0,12045.921
2021-03-12 08:00:00,11947.0,12109.795
2021-03-12 09:00:00,12102.0,11979.026
2021-03-12 10:00:00,12111.0,12004.301
2021-03-12 11:00:00,11957.0,11996.506
2021-03-12 12:00:00,11875.0,11793.186
2021-03-12 13:00:00,11816.0,11791.934
2021-03-12 14:00:00,11799.0,11782.539
2021-03-12 15:00:00,11816.0,11834.222
2021-03-12 16:00:00,11999.0,12025.534
2021-03-12 17:00:00,12237.0,12121.952
2021-03-12 18:00:00,11978.0,12069.751
2021-03-12 19:00:00,11488.0,11568.97
2021-03-12 20:00:00,11495.0,11542.682
2021-03-12 21:00:00,11171.0,11286.081
2021-03-12 22:00:00,10743.0,10785.926
2021-03-12 23:00:00,10500.0,10882.025
2021-03-13 00:00:00,10285.0,10598.536
2021-03-13 01:00:00,10739.0,10371.649
2021-03-13 02:00:00,10691.0,10693.762
2021-03-13 03:00:00,10207.0,10665.74
2021-03-13 04:00:00,10295.0,10301.558
2021-03-13 05:00:00,10202.0,10366.595
2021-03-13 06:00:00,10449.0,10535.639
2021-03-13 07:00:00,10647.0,10621.663
2021-03-13 08:00:00,10770.0,10756.274
2021-03-13 09:00:00,10771.0,10816.263
2021-03-13 10:00:00,10735.0,10692.049
2021-03-13 11:00:00,10634.0,10652.947
2021-03-13 12:00:00,10546.0,10653.557
2021-03-13 13:00:00,10550.0,10684.213
2021-03-13 14:00:00,10716.0,10817.843
2021-03-13 15:00:00,10991.0,10991.329
2021-03-13 16:00:00,10592.0,10969.515
2021-03-13 17:00:00,10592.0,10754.137
2021-03-13 18:00:00,11151.0,10790.764
2021-03-13 19:00:00,10637.0,10830.932
2021-03-13 20:00:00,10709.0,10857.785
2021-03-13 21:00:00,10516.0,10662.232
2021-03-13 22:00:00,10154.0,10217.777
2021-03-13 23:00:00,9825.0,9889.65
2021-03-14 00:00:00,9602.0,9662.191
2021-03-14 01:00:00,9566.0,9548.164
2021-03-14 02:00:00,9555.0,9617.619
2021-03-14 03:00:00,9654.0,9627.196
2021-03-14 04:00:00,9693.0,9740.028
2021-03-14 05:00:00,9602.0,9733.746
2021-03-14 06:00:00,9802.0,9694.007
2021-03-14 07:00:00,10048.0,9925.95
2021-03-14 08:00:00,10178.0,10076.96
2021-03-14 09:00:00,10273.0,10191.591
2021-03-14 10:00:00,10258.0,10160.476
2021-03-14 11:00:00,10154.0,10169.162
2021-03-14 12:00:00,10091.0,10052.871
2021-03-14 13:00:00,10096.0,10104.704
2021-03-14 14:00:00,10133.0,10230.682
2021-03-14 15:00:00,10274.0,10332.266
2021-03-14 16:00:00,10595.0,10431.253
2021-03-14 17:00:00,10143.5,10484.426
2021-03-14 18:00:00,10605.0,10431.806
2021-03-14 19:00:00,10167.0,10380.037
2021-03-14 20:00:00,10405.0,10427.467
2021-03-14 21:00:00,10321.0,10295.452
2021-03-14 22:00:00,9982.0,9973.814
2021-03-14 23:00:00,9759.0,9817.262
2021-03-15 00:00:00,9650.0,9972.799
2021-03-15 01:00:00,10481.5,10102.711
2021-03-15 02:00:00,10576.5,10523.131
2021-03-15 03:00:00,9999.0,10385.297
2021-03-15 04:00:00,10558.0,10614.166
2021-03-15 05:00:00,10825.0,10937.877
2021-03-15 06:00:00,11066.0,10941.208
2021-03-15 07:00:00,11134.0,11044.707
2021-03-15 08:00:00,11187.0,11043.607
2021-03-15 09:00:00,11116.0,11132.344
2021-03-15 10:00:00,11128.0,10979.87
2021-03-15 11:00:00,10988.0,10970.09
2021-03-15 12:00:00,10950.0,10939.711
2021-03-15 13:00:00,10876.0,10989.337
2021-03-15 14:00:00,10826.0,10937.447
2021-03-15 15:00:00,10826.0,10927.786
2021-03-15 16:00:00,10932.0,11025.833
2021-03-15 17:00:00,11262.0,11130.717
2021-03-15 18:00:00,11092.0,11082.323
2021-03-15 19:00:00,10707.0,10657.84
2021-03-15 20:00:00,10783.0,10736.841
2021-03-15 21:00:00,10611.0,10532.132
2021-03-15 22:00:00,10234.0,10525.228
2021-03-15 23:00:00,10851.0,10456.868
2021-03-16 00:00:00,10851.0,10554.703
2021-03-16 01:00:00,10826.0,10777.425
2021-03-16 02:00:00,10804.5,10753.455
2021-03-16 03:00:00,10110.0,10734.327
2021-03-16 04:00:00,10642.0,10581.658
2021-03-16 05:00:00,10958.0,10880.904
2021-03-16 06:00:00,11127.0,11086.709
2021-03-16 07:00:00,11177.0,11096.951
2021-03-16 08:00:00,11164.0,11115.784
2021-03-16 09:00:00,11165.0,11101.83
2021-03-16 10:00:00,11040.0,11077.065
2021-03-16 11:00:00,10899.0,10894.6
2021-03-16 12:00:00,10779.0,10827.195
2021-03-16 13:00:00,10685.0,10756.879
2021-03-16 14:00:00,10692.0,10736.038
2021-03-16 15:00:00,10777.0,10828.215
2021-03-16 16:00:00,10952.0,10969.887
2021-03-16 17:00:00,11394.0,11270.803
2021-03-16 18:00:00,11226.0,11312.966
2021-03-16 19:00:00,10747.0,10828.978
2021-03-16 20:00:00,10770.0,10889.398
2021-03-16 21:00:00,10601.0,10600.235
2021-03-16 22:00:00,10222.0,10484.53
2021-03-16 23:00:00,10773.5,10593.382
2021-03-17 00:00:00,10773.5,10783.833
2021-03-17 01:00:00,10773.5,10761.968
2021-03-17 02:00:00,10779.0,10801.974
2021-03-17 03:00:00,10795.0,10767.162
2021-03-17 04:00:00,10690.0,11043.592
2021-03-17 05:00:00,10924.0,11142.784
2021-03-17 06:00:00,11027.0,11063.892
2021-03-17 07:00:00,11048.0,11174.7295
2021-03-17 08:00:00,11074.0,11165.998
2021-03-17 09:00:00,11075.0,11169.607
2021-03-17 10:00:00,11039.0,11061.646
2021-03-17 11:00:00,10865.0,10943.341
2021-03-17 12:00:00,10809.0,10783.046
2021-03-17 13:00:00,10781.0,10746.837
2021-03-17 14:00:00,10848.0,10778.717
2021-03-17 15:00:00,10906.0,10892.565
2021-03-17 16:00:00,11215.0,11150.956
2021-03-17 17:00:00,10885.5,11521.381
2021-03-17 18:00:00,11336.0,11113.286
2021-03-17 19:00:00,10861.0,10890.401
2021-03-17 20:00:00,10940.0,10900.129
2021-03-17 21:00:00,10768.0,10615.098
2021-03-17 22:00:00,10421.0,10536.186
2021-03-17 23:00:00,10227.0,10515.6
2021-03-18 00:00:00,10175.0,10498.488
2021-03-18 01:00:00,10091.0,10440.989
2021-03-18 02:00:00,10226.0,10416.187
2021-03-18 03:00:00,10499.0,10427.844
2021-03-18 04:00:00,10933.0,10946.356
2021-03-18 05:00:00,11183.0,11327.33
2021-03-18 06:00:00,11289.0,11480.125
2021-03-18 07:00:00,11427.0,11479.232
2021-03-18 08:00:00,11379.0,11544.148
2021-03-18 09:00:00,11256.0,11486.968
2021-03-18 10:00:00,11109.0,11274.066
2021-03-18 11:00:00,11006.0,11011.537
2021-03-18 12:00:00,10843.0,10878.886
2021-03-18 13:00:00,10801.0,10808.413
2021-03-18 14:00:00,10843.0,10862.439
2021-03-18 15:00:00,10970.0,10928.447
2021-03-18 16:00:00,11201.0,11174.93
2021-03-18 17:00:00,11724.0,11356.867
2021-03-18 18:00:00,11619.0,11513.481
2021-03-18 19:00:00,11180.0,11152.5205
2021-03-18 20:00:00,11207.0,11168.775
2021-03-18 21:00:00,11072.0,10972.211
2021-03-18 22:00:00,10702.0,10743.305
2021-03-18 23:00:00,10480.0,10669.725
2021-03-19 00:00:00,10439.0,10585.52
2021-03-19 01:00:00,10486.0,10516.127
2021-03-19 02:00:00,10633.0,10504.983
2021-03-19 03:00:00,10992.0,10523.269
2021-03-19 04:00:00,11522.0,10969.06
2021-03-19 05:00:00,11829.0,11666.523
2021-03-19 06:00:00,11951.0,11835.173
2021-03-19 07:00:00,11830.0,11780.561
2021-03-19 08:00:00,11615.0,11692.202
2021-03-19 09:00:00,11496.0,11529.273
2021-03-19 10:00:00,11308.0,11433.61
2021-03-19 11:00:00,11188.0,11242.788
2021-03-19 12:00:00,11079.0,11102.347
2021-03-19 13:00:00,11094.0,11047.349
2021-03-19 14:00:00,11185.0,11113.874
2021-03-19 15:00:00,11290.0,11244.16
2021-03-19 16:00:00,11437.0,11483.794
2021-03-19 17:00:00,11944.0,11630.571
2021-03-19 18:00:00,11736.0,11790.219
2021-03-19 19:00:00,11367.0,11269.677
2021-03-19 20:00:00,11461.0,11328.124
2021-03-19 21:00:00,11273.0,11185.882
2021-03-19 22:00:00,10910.0,10814.234
2021-03-19 23:00:00,10637.0,10698.621
2021-03-20 00:00:00,10430.0,10508.78
2021-03-20 01:00:00,10352.0,10377.696
2021-03-20 02:00:00,10853.5,10335.886
2021-03-20 03:00:00,10373.0,10627.572
2021-03-20 04:00:00,10348.0,10239.558
2021-03-20 05:00:00,10385.0,10288.688
2021-03-20 06:00:00,10657.0,10499.195
2021-03-20 07:00:00,10829.0,10698.943
2021-03-20 08:00:00,10926.0,10857.296
2021-03-20 09:00:00,10946.0,10861.822
2021-03-20 10:00:00,10878.0,10844.205
2021-03-20 11:00:00,10805.0,10722.873
2021-03-20 12:00:00,10735.0,10704.951
2021-03-20 13:00:00,10705.0,10749.207
2021-03-20 14:00:00,10811.0,10873.522
2021-03-20 15:00:00,11053.0,10984.604
2021-03-20 16:00:00,11336.0,11020.823
2021-03-20 17:00:00,10681.0,11276.968
2021-03-20 18:00:00,11081.0,10966.799
2021-03-20 19:00:00,10490.0,10812.476
2021-03-20 20:00:00,10590.0,10752.854
2021-03-20 21:00:00,10334.0,10571.491
2021-03-20 22:00:00,9886.0,10044.37
2021-03-20 23:00:00,9587.0,9770.186
2021-03-21 00:00:00,9398.0,9425.053
2021-03-21 01:00:00,9326.0,9369.998
2021-03-21 02:00:00,9329.0,9355.191
2021-03-21 03:00:00,9389.0,9318.636
2021-03-21 04:00:00,9344.0,9521.126
2021-03-21 05:00:00,9405.0,9447.097
2021-03-21 06:00:00,9576.0,9618.151
2021-03-21 07:00:00,9793.0,9768.6
2021-03-21 08:00:00,9969.0,9933.35
2021-03-21 09:00:00,10009.0,10023.074
2021-03-21 10:00:00,10009.0,9966.633
2021-03-21 11:00:00,9886.0,9923.505
2021-03-21 12:00:00,9853.0,9836.442
2021-03-21 13:00:00,9912.0,9895.613
2021-03-21 14:00:00,10053.0,10028.412
2021-03-21 15:00:00,10205.0,10224.287
2021-03-21 16:00:00,10442.0,10398.49
2021-03-21 17:00:00,10009.0,10419.949
2021-03-21 18:00:00,10807.0,10097.81
2021-03-21 19:00:00,10418.0,10398.55
2021-03-21 20:00:00,10644.0,10463.879
2021-03-21 21:00:00,10544.0,10365.977
2021-03-21 22:00:00,10175.0,10082.339
2021-03-21 23:00:00,9958.0,9872.912
2021-03-22 00:00:00,9819.0,9926.946
2021-03-22 01:00:00,9793.0,9990.537
2021-03-22 02:00:00,9959.0,9989.649
2021-03-22 03:00:00,10335.0,10090.095
2021-03-22 04:00:00,10857.0,10792.996
2021-03-22 05:00:00,11188.0,11174.596
2021-03-22 06:00:00,11305.0,11337.343
2021-03-22 07:00:00,11175.0,11287.606
2021-03-22 08:00:00,10937.0,11154.039
2021-03-22 09:00:00,10850.0,10956.871
2021-03-22 10:00:00,10692.0,10840.535
2021-03-22 11:00:00,10435.0,10713.116
2021-03-22 12:00:00,10342.0,10520.148
2021-03-22 13:00:00,10314.0,10512.429
2021-03-22 14:00:00,10248.0,10481.53
2021-03-22 15:00:00,10305.0,10454.437
2021-03-22 16:00:00,10520.0,10598.636
2021-03-22 17:00:00,11014.0,10788.247
2021-03-22 18:00:00,11005.0,11002.629
2021-03-22 19:00:00,10613.0,10621.091
2021-03-22 20:00:00,10765.0,10637.244
2021-03-22 21:00:00,10606.0,10482.627
2021-03-22 22:00:00,10226.0,10453.504
2021-03-22 23:00:00,9985.0,10405.568
2021-03-23 00:00:00,9841.0,10085.816
2021-03-23 01:00:00,9734.0,9932.654
2021-03-23 02:00:00,9774.0,9974.002
2021-03-23 03:00:00,10038.0,10097.536
2021-03-23 04:00:00,10488.0,10325.759
2021-03-23 05:00:00,10699.0,10773.051
2021-03-23 06:00:00,10880.0,10837.592
2021-03-23 07:00:00,10797.0,10798.82
2021-03-23 08:00:00,10696.0,10701.298
2021-03-23 09:00:00,10570.0,10609.595
2021-03-23 10:00:00,10402.0,10451.358
2021-03-23 11:00:00,10209.0,10233.884
2021-03-23 12:00:00,10065.0,10082.629
2021-03-23 13:00:00,10034.0,10017.689
2021-03-23 14:00:00,9989.0,10019.129
2021-03-23 15:00:00,9996.0,10071.668
2021-03-23 16:00:00,10084.0,10204.111
2021-03-23 17:00:00,10650.0,10362.565
2021-03-23 18:00:00,10516.0,10671.074
2021-03-23 19:00:00,10039.0,10281.579
2021-03-23 20:00:00,10053.0,10195.367
2021-03-23 21:00:00,9854.0,10016.578
2021-03-23 22:00:00,10046.0,9913.457
2021-03-23 23:00:00,10046.0,9836.425
2021-03-24 00:00:00,10046.0,9975.028
2021-03-24 01:00:00,10046.0,9947.516
2021-03-24 02:00:00,10068.5,9966.309
2021-03-24 03:00:00,10119.0,9973.746
2021-03-24 04:00:00,10156.5,10321.082
2021-03-24 05:00:00,10186.0,10419.3955
2021-03-24 06:00:00,10250.0,10402.77
2021-03-24 07:00:00,10214.0,10311.416
2021-03-24 08:00:00,10208.0,10293.341
2021-03-24 09:00:00,10264.0,10249.796
2021-03-24 10:00:00,10238.0,10198.676
2021-03-24 11:00:00,10154.0,10116.411
2021-03-24 12:00:00,10159.0,10010.038
2021-03-24 13:00:00,10233.0,10016.363
2021-03-24 14:00:00,10251.0,10126.248
2021-03-24 15:00:00,10363.0,10175.023
2021-03-24 16:00:00,10477.0,10426.311
2021-03-24 17:00:00,10211.0,10504.446
2021-03-24 18:00:00,10222.0,10357.252
2021-03-24 19:00:00,10230.0,10054.045
2021-03-24 20:00:00,10278.0,10112.651
2021-03-24 21:00:00,10009.0,9974.448
2021-03-24 22:00:00,9601.0,9767.579
2021-03-24 23:00:00,9310.0,9738.936
2021-03-25 00:00:00,10231.5,9598.751
2021-03-25 01:00:00,10231.5,10078.393
2021-03-25 02:00:00,10195.5,10081.61
2021-03-25 03:00:00,9496.0,10048.286
2021-03-25 04:00:00,10013.0,9980.209
2021-03-25 05:00:00,10384.0,10306.029
2021-03-25 06:00:00,10563.0,10516.248
2021-03-25 07:00:00,10551.0,10546.862
2021-03-25 08:00:00,10392.0,10510.509
2021-03-25 09:00:00,10292.0,10361.45
2021-03-25 10:00:00,10161.0,10247.64
2021-03-25 11:00:00,9958.0,10064.812
2021-03-25 12:00:00,9870.0,9941.3
2021-03-25 13:00:00,9816.0,9911.247
2021-03-25 14:00:00,9828.0,9945.474
2021-03-25 15:00:00,9911.0,9973.267
2021-03-25 16:00:00,10025.0,10208.545
2021-03-25 17:00:00,10534.0,10220.236
2021-03-25 18:00:00,10555.0,10440.762
2021-03-25 19:00:00,10144.0,10343.548
2021-03-25 20:00:00,10249.0,10202.389
2021-03-25 21:00:00,10071.0,10032.316
2021-03-25 22:00:00,9626.0,9827.639
2021-03-25 23:00:00,9326.0,9633.777
2021-03-26 00:00:00,9151.0,9538.129
2021-03-26 01:00:00,9206.0,9507.418
2021-03-26 02:00:00,9335.0,9393.94
2021-03-26 03:00:00,9647.0,9574.681
2021-03-26 04:00:00,10144.0,10101.739
2021-03-26 05:00:00,10508.0,10359.165
2021-03-26 06:00:00,10682.0,10657.057
2021-03-26 07:00:00,10705.0,10625.054
2021-03-26 08:00:00,10560.0,10615.961
2021-03-26 09:00:00,10462.0,10513.783
2021-03-26 10:00:00,10246.0,10300.275
2021-03-26 11:00:00,10007.0,10064.785
2021-03-26 12:00:00,9867.0,9948.204
2021-03-26 13:00:00,9817.0,9876.237
2021-03-26 14:00:00,9893.0,9909.838
2021-03-26 15:00:00,9971.0,10078.571
2021-03-26 16:00:00,10138.0,10146.744
2021-03-26 17:00:00,10586.0,10380.68
2021-03-26 18:00:00,10444.0,10478.415
2021-03-26 19:00:00,9997.0,10209.605
2021-03-26 20:00:00,10011.0,10131.08
2021-03-26 21:00:00,9773.0,9884.786
2021-03-26 22:00:00,9322.0,9494.576
2021-03-26 23:00:00,9592.0,9319.091
2021-03-27 00:00:00,9578.0,9547.626
2021-03-27 01:00:00,9531.0,9531.475
2021-03-27 02:00:00,9462.5,9453.94
2021-03-27 03:00:00,9462.5,9394.178
2021-03-27 04:00:00,9011.0,9603.931
2021-03-27 05:00:00,9146.0,9231.99
2021-03-27 06:00:00,9426.0,9387.506
2021-03-27 07:00:00,9578.0,9567.3
2021-03-27 08:00:00,9606.0,9640.416
2021-03-27 09:00:00,9578.0,9594.449
2021-03-27 10:00:00,9484.0,9518.118
2021-03-27 11:00:00,9441.0,9421.263
2021-03-27 12:00:00,9374.0,9410.082
2021-03-27 13:00:00,9352.0,9452.717
2021-03-27 14:00:00,9501.0,9521.88
2021-03-27 15:00:00,9775.0,9702.06
2021-03-27 16:00:00,10087.0,9954.435
2021-03-27 17:00:00,9462.5,10044.568
2021-03-27 18:00:00,10098.0,9669.612
2021-03-27 19:00:00,9563.0,9949.786
2021-03-27 20:00:00,9635.0,9609.851
2021-03-27 21:00:00,9506.0,9454.751
2021-03-27 22:00:00,9090.0,9098.872
2021-03-27 23:00:00,8764.0,8976.795
2021-03-28 00:00:00,9348.0,8778.746
2021-03-28 01:00:00,9305.0,9181.856
2021-03-28 02:00:00,8581.0,9155.778
2021-03-28 03:00:00,8676.0,8692.328
2021-03-28 04:00:00,9246.5,8775.256
2021-03-28 05:00:00,8751.0,9311.385
2021-03-28 06:00:00,9030.0,8973.301
2021-03-28 07:00:00,9227.0,9186.875
2021-03-28 08:00:00,9344.0,9349.6045
2021-03-28 09:00:00,9379.0,9356.42
2021-03-28 10:00:00,9395.0,9303.675
2021-03-28 11:00:00,9266.0,9285.707
2021-03-28 12:00:00,9156.0,9198.816
2021-03-28 13:00:00,9184.0,9151.738
2021-03-28 14:00:00,9323.0,9335.634
2021-03-28 15:00:00,9462.0,9567.751
2021-03-28 16:00:00,9651.0,9623.693
2021-03-28 17:00:00,9953.0,9693.471
2021-03-28 18:00:00,9735.0,9905.783
2021-03-28 19:00:00,9853.0,9787.6455
2021-03-28 20:00:00,9708.0,9834.003
2021-03-28 21:00:00,9373.0,9445.366
2021-03-28 22:00:00,9052.0,9130.996
2021-03-28 23:00:00,8948.0,8875.148
2021-03-29 00:00:00,8843.0,9111.698
2021-03-29 01:00:00,8908.0,9136.515
2021-03-29 02:00:00,9218.0,9161.916
2021-03-29 03:00:00,9973.0,9450.654
2021-03-29 04:00:00,10277.0,10271.424
2021-03-29 05:00:00,10620.0,10416.191
2021-03-29 06:00:00,10732.0,10618.598
2021-03-29 07:00:00,10810.0,10608.075
2021-03-29 08:00:00,10878.0,10663.15
2021-03-29 09:00:00,10831.0,10776.584
2021-03-29 10:00:00,10695.0,10650.287
2021-03-29 11:00:00,10574.0,10568.73
2021-03-29 12:00:00,10511.0,10484.18
2021-03-29 13:00:00,10435.0,10443.555
2021-03-29 14:00:00,10452.0,10432.922
2021-03-29 15:00:00,10455.0,10481.39
2021-03-29 16:00:00,10513.0,10520.32
2021-03-29 17:00:00,10674.0,10613.571
2021-03-29 18:00:00,10268.0,10517.242
2021-03-29 19:00:00,10279.0,10171.946
2021-03-29 20:00:00,10113.0,10178.263
2021-03-29 21:00:00,9659.0,9969.038
2021-03-29 22:00:00,10392.5,10093.129
2021-03-29 23:00:00,10314.5,10278.532
2021-03-30 00:00:00,10273.5,10347.62
2021-03-30 01:00:00,10237.0,10284.414
2021-03-30 02:00:00,10183.5,10144.636
2021-03-30 03:00:00,9916.0,10157.605
2021-03-30 04:00:00,10206.0,10197.956
2021-03-30 05:00:00,10465.0,10464.731
2021-03-30 06:00:00,10509.0,10622.889
2021-03-30 07:00:00,10463.0,10524.505
2021-03-30 08:00:00,10440.0,10429.952
2021-03-30 09:00:00,10350.0,10429.585
2021-03-30 10:00:00,10161.0,10336.722
2021-03-30 11:00:00,10021.0,10137.4795
2021-03-30 12:00:00,9934.0,10010.9795
2021-03-30 13:00:00,9901.0,9970.064
2021-03-30 14:00:00,9936.0,9975.744
2021-03-30 15:00:00,9987.0,10025.708
2021-03-30 16:00:00,10093.0,10167.163
2021-03-30 17:00:00,10352.0,10246.787
2021-03-30 18:00:00,10144.0,10210.283
2021-03-30 19:00:00,10107.0,10107.753
2021-03-30 20:00:00,9894.0,9968.954
2021-03-30 21:00:00,9443.0,9553.579
2021-03-30 22:00:00,10004.0,9771.548
2021-03-30 23:00:00,9966.5,10060.943
2021-03-31 00:00:00,9941.0,10002.001
2021-03-31 01:00:00,9941.0,9969.28
2021-03-31 02:00:00,9270.0,9947.888
2021-03-31 03:00:00,9946.0,9723.243
2021-03-31 04:00:00,10230.0,10152.369
2021-03-31 05:00:00,10372.0,10415.873
2021-03-31 06:00:00,10473.0,10455.113
2021-03-31 07:00:00,10332.0,10417.475
2021-03-31 08:00:00,10179.0,10313.283
2021-03-31 09:00:00,10031.0,10180.282
2021-03-31 10:00:00,9837.0,9966.291
2021-03-31 11:00:00,9690.0,9781.028
2021-03-31 12:00:00,9659.0,9702.725
2021-03-31 13:00:00,9682.0,9663.256
2021-03-31 14:00:00,9760.0,9755.838
2021-03-31 15:00:00,9873.0,9813.855
2021-03-31 16:00:00,10076.0,10019.508
2021-03-31 17:00:00,10318.0,10185.688
2021-03-31 18:00:00,10123.0,10138.929
2021-03-31 19:00:00,10108.0,10065.871
2021-03-31 20:00:00,9869.0,9923.826
2021-03-31 21:00:00,9476.0,9540.37
2021-03-31 22:00:00,9871.0,9651.447
2021-03-31 23:00:00,9883.5,9878.304
2021-04-01 00:00:00,9883.5,9815.881
2021-04-01 01:00:00,9883.5,9820.353
2021-04-01 02:00:00,9433.0,9670.93
2021-04-01 03:00:00,10003.0,9704.788
2021-04-01 04:00:00,10233.0,10218.294
2021-04-01 05:00:00,10472.0,10411.293
2021-04-01 06:00:00,10498.0,10516.7
2021-04-01 07:00:00,10334.0,10452.088
2021-04-01 08:00:00,10087.0,10318.097
2021-04-01 09:00:00,10052.0,10054.107
2021-04-01 10:00:00,9894.0,9953.64
2021-04-01 11:00:00,9781.0,9808.908
2021-04-01 12:00:00,9724.0,9731.556
2021-04-01 13:00:00,9708.0,9734.384
2021-04-01 14:00:00,9766.0,9772.029
2021-04-01 15:00:00,9862.0,9835.69
2021-04-01 16:00:00,9983.0,9983.591
2021-04-01 17:00:00,10224.0,10138.757
2021-04-01 18:00:00,10049.0,10130.284
2021-04-01 19:00:00,10077.0,10021.519
2021-04-01 20:00:00,9934.0,9962.336
2021-04-01 21:00:00,9478.0,9523.87
2021-04-01 22:00:00,9097.0,9547.765
2021-04-01 23:00:00,9638.0,9345.211
2021-04-02 00:00:00,9569.5,9663.876
2021-04-02 01:00:00,9518.0,9620.173
2021-04-02 02:00:00,9048.0,9503.787
2021-04-02 03:00:00,9187.0,9411.084
2021-04-02 04:00:00,9189.0,9800.193
2021-04-02 05:00:00,9424.0,9692.024
2021-04-02 06:00:00,9588.0,9681.865
2021-04-02 07:00:00,9692.0,9678.749
2021-04-02 08:00:00,9688.0,9734.651
2021-04-02 09:00:00,9551.0,9709.625
2021-04-02 10:00:00,9359.0,9505.727
2021-04-02 11:00:00,9367.0,9309.275
2021-04-02 12:00:00,9485.0,9352.363
2021-04-02 13:00:00,9501.0,9426.344
2021-04-02 14:00:00,9549.0,9570.329
2021-04-02 15:00:00,9644.0,9596.501
2021-04-02 16:00:00,9797.0,9720.292
2021-04-02 17:00:00,9963.0,9821.824
2021-04-02 18:00:00,9892.0,9860.469
2021-04-02 19:00:00,9989.0,9839.551
2021-04-02 20:00:00,9824.0,9824.223
2021-04-02 21:00:00,9453.0,9299.505
2021-04-02 22:00:00,9132.0,9111.09
2021-04-02 23:00:00,8930.0,9011.105
2021-04-03 00:00:00,8888.0,8954.215
2021-04-03 01:00:00,8961.0,8932.892
2021-04-03 02:00:00,9058.0,8962.254
2021-04-03 03:00:00,9142.0,9062.684
2021-04-03 04:00:00,9174.0,9145.48
2021-04-03 05:00:00,9410.0,9181.592
2021-04-03 06:00:00,9563.0,9524.71
2021-04-03 07:00:00,9588.0,9561.928
2021-04-03 08:00:00,9519.0,9559.783
2021-04-03 09:00:00,9377.0,9457.669
2021-04-03 10:00:00,9264.0,9283.435
2021-04-03 11:00:00,9256.0,9186.486
2021-04-03 12:00:00,9254.0,9232.918
2021-04-03 13:00:00,9392.0,9280.476
2021-04-03 14:00:00,9605.0,9507.945
2021-04-03 15:00:00,9843.0,9668.716
2021-04-03 16:00:00,9968.0,9861.509
2021-04-03 17:00:00,10026.0,9931.544
2021-04-03 18:00:00,9899.0,9828.482
2021-04-03 19:00:00,9928.0,9845.861
2021-04-03 20:00:00,9741.0,9800.893
2021-04-03 21:00:00,9371.0,9412.335
2021-04-03 22:00:00,9030.0,9129.865
2021-04-03 23:00:00,8834.0,8828.759
2021-04-04 00:00:00,8741.0,8764.625
2021-04-04 01:00:00,8733.0,8722.644
2021-04-04 02:00:00,8791.0,8659.94
2021-04-04 03:00:00,8810.0,8689.863
2021-04-04 04:00:00,8765.0,8941.888
2021-04-04 05:00:00,8960.0,8811.552
2021-04-04 06:00:00,9136.0,9133.317
2021-04-04 07:00:00,9177.0,9195.284
2021-04-04 08:00:00,9183.0,9220.68
2021-04-04 09:00:00,9122.0,9157.969
2021-04-04 10:00:00,9010.0,9058.165
2021-04-04 11:00:00,8929.0,8915.42
2021-04-04 12:00:00,8849.0,8898.131
2021-04-04 13:00:00,8876.0,8910.634
2021-04-04 14:00:00,9036.0,9014.113
2021-04-04 15:00:00,9139.0,9148.892
2021-04-04 16:00:00,9262.0,9338.839
2021-04-04 17:00:00,9458.0,9384.277
2021-04-04 18:00:00,9409.0,9459.001
2021-04-04 19:00:00,9538.0,9579.506
2021-04-04 20:00:00,9472.0,9571.251
2021-04-04 21:00:00,9094.0,9174.225
2021-04-04 22:00:00,8789.0,8843.085
2021-04-04 23:00:00,8589.0,8681.628
2021-04-05 00:00:00,8498.0,8705.366
2021-04-05 01:00:00,8594.0,8749.337
2021-04-05 02:00:00,8807.0,8779.937
2021-04-05 03:00:00,8919.0,9075.769
2021-04-05 04:00:00,8928.0,9245.805
2021-04-05 05:00:00,9172.0,9242.465
2021-04-05 06:00:00,9418.0,9397.797
2021-04-05 07:00:00,9616.0,9475.501
2021-04-05 08:00:00,9724.0,9577.809
2021-04-05 09:00:00,9761.0,9697.499
2021-04-05 10:00:00,9702.0,9558.913
2021-04-05 11:00:00,9683.0,9555.497
2021-04-05 12:00:00,9680.0,9556.405
2021-04-05 13:00:00,9793.0,9565.37
2021-04-05 14:00:00,9904.0,9709.648
2021-04-05 15:00:00,9998.0,9842.233
2021-04-05 16:00:00,10158.0,9999.751
2021-04-05 17:00:00,10181.0,10076.8125
2021-04-05 18:00:00,9975.0,9970.493
2021-04-05 19:00:00,10091.0,9863.677
2021-04-05 20:00:00,10014.0,9868.212
2021-04-05 21:00:00,9623.0,9627.107
2021-04-05 22:00:00,9409.0,9499.971
2021-04-05 23:00:00,9228.0,9403.678
2021-04-06 00:00:00,9169.0,9279.416
2021-04-06 01:00:00,9328.0,9225.289
2021-04-06 02:00:00,9603.0,9369.334
2021-04-06 03:00:00,10099.0,9507.003
2021-04-06 04:00:00,10429.0,10069.413
2021-04-06 05:00:00,10827.0,10460.029
2021-04-06 06:00:00,10880.0,10716.053
2021-04-06 07:00:00,10753.0,10661.034
2021-04-06 08:00:00,10711.0,10560.538
2021-04-06 09:00:00,10680.0,10572.458
2021-04-06 10:00:00,10459.0,10448.357
2021-04-06 11:00:00,10374.0,10269.726
2021-04-06 12:00:00,10335.0,10249.918
2021-04-06 13:00:00,10442.0,10271.123
2021-04-06 14:00:00,10456.0,10400.531
2021-04-06 15:00:00,10469.0,10458.624
2021-04-06 16:00:00,10536.0,10511.769
2021-04-06 17:00:00,10606.0,10545.23
2021-04-06 18:00:00,10425.0,10344.118
2021-04-06 19:00:00,10361.0,10251.412
2021-04-06 20:00:00,10140.0,10189.081
2021-04-06 21:00:00,9787.0,9924.903
2021-04-06 22:00:00,10399.5,9858.022
2021-04-06 23:00:00,10371.0,10220.222
2021-04-07 00:00:00,10364.5,10234.407
2021-04-07 01:00:00,10364.5,10228.549
2021-04-07 02:00:00,10295.0,10158.394
2021-04-07 03:00:00,10042.0,10160.419
2021-04-07 04:00:00,10368.0,10251.906
2021-04-07 05:00:00,10609.0,10559.791
2021-04-07 06:00:00,10678.0,10701.48
2021-04-07 07:00:00,10581.0,10618.773
2021-04-07 08:00:00,10507.0,10575.382
2021-04-07 09:00:00,10444.0,10498.603
2021-04-07 10:00:00,10229.0,10344.338
2021-04-07 11:00:00,10045.0,10147.431
2021-04-07 12:00:00,9958.0,10028.32
2021-04-07 13:00:00,9944.0,9976.848
2021-04-07 14:00:00,10049.0,10013.635
2021-04-07 15:00:00,10113.0,10124.838
2021-04-07 16:00:00,10138.0,10278.749
2021-04-07 17:00:00,10210.0,10274.88
2021-04-07 18:00:00,10155.0,10191.003
2021-04-07 19:00:00,10145.0,10108.273
2021-04-07 20:00:00,10022.0,9942.111
2021-04-07 21:00:00,9686.0,9628.335
2021-04-07 22:00:00,10106.0,9813.014
2021-04-07 23:00:00,10074.0,10021.798
2021-04-08 00:00:00,10074.0,10059.861
2021-04-08 01:00:00,10074.0,10074.304
2021-04-08 02:00:00,10074.0,10022.36
2021-04-08 03:00:00,10099.0,9961.601
2021-04-08 04:00:00,10418.0,10276.603
2021-04-08 05:00:00,9977.5,10569.874
2021-04-08 06:00:00,10473.0,10160.417
2021-04-08 07:00:00,10303.0,10440.246
2021-04-08 08:00:00,10192.0,10303.45
2021-04-08 09:00:00,10120.0,10224.7295
2021-04-08 10:00:00,9972.0,10037.075
2021-04-08 11:00:00,9874.0,9898.185
2021-04-08 12:00:00,9800.0,9846.693
2021-04-08 13:00:00,9767.0,9807.558
2021-04-08 14:00:00,9802.0,9860.131
2021-04-08 15:00:00,9871.0,9891.29
2021-04-08 16:00:00,9983.0,10026.93
2021-04-08 17:00:00,10122.0,10104.161
2021-04-08 18:00:00,10150.0,10056.898
2021-04-08 19:00:00,10127.0,10088.43
2021-04-08 20:00:00,9941.0,10006.996
2021-04-08 21:00:00,9610.0,9568.175
2021-04-08 22:00:00,9956.5,9528.271
2021-04-08 23:00:00,9962.0,9851.905
2021-04-09 00:00:00,10052.5,9954.969
2021-04-09 01:00:00,10124.5,9996.832
2021-04-09 02:00:00,9631.0,10002.278
2021-04-09 03:00:00,10127.0,9802.38
2021-04-09 04:00:00,10416.0,10323.606
2021-04-09 05:00:00,10680.0,10519.307
2021-04-09 06:00:00,10801.0,10646.252
2021-04-09 07:00:00,10901.0,10714.478
2021-04-09 08:00:00,10976.0,10766.933
2021-04-09 09:00:00,10946.0,10837.811
2021-04-09 10:00:00,10904.0,10787.575
2021-04-09 11:00:00,10767.0,10687.415
2021-04-09 12:00:00,10721.0,10562.784
2021-04-09 13:00:00,10726.0,10597.93
2021-04-09 14:00:00,10845.0,10692.335
2021-04-09 15:00:00,10853.0,10793.358
2021-04-09 16:00:00,10837.0,10860.923
2021-04-09 17:00:00,10745.0,10783.157
2021-04-09 18:00:00,10434.0,10489.421
2021-04-09 19:00:00,10360.0,10278.532
2021-04-09 20:00:00,10035.0,10226.185
2021-04-09 21:00:00,9599.0,9867.021
2021-04-09 22:00:00,9798.0,9782.791
2021-04-09 23:00:00,9783.5,9818.989
2021-04-10 00:00:00,9724.0,9669.6
2021-04-10 01:00:00,9672.5,9639.31
2021-04-10 02:00:00,9672.5,9497.895
2021-04-10 03:00:00,9672.5,9493.254
2021-04-10 04:00:00,9672.5,9593.376
2021-04-10 05:00:00,9522.0,9621.2
2021-04-10 06:00:00,9676.0,9688.258
2021-04-10 07:00:00,9772.0,9744.758
2021-04-10 08:00:00,9795.0,9817.892
2021-04-10 09:00:00,9801.0,9774.626
2021-04-10 10:00:00,9636.0,9710.421
2021-04-10 11:00:00,9605.0,9613.39
2021-04-10 12:00:00,9669.0,9559.096
2021-04-10 13:00:00,9686.0,9685.054
2021-04-10 14:00:00,9870.0,9798.688
2021-04-10 15:00:00,10115.0,9972.054
2021-04-10 16:00:00,9672.5,10102.784
2021-04-10 17:00:00,9672.5,9860.736
2021-04-10 18:00:00,9672.5,9781.098
2021-04-10 19:00:00,9652.5,9801.1045
2021-04-10 20:00:00,9860.0,9731.412
2021-04-10 21:00:00,9423.0,9427.244
2021-04-10 22:00:00,9008.0,9204.51
2021-04-10 23:00:00,8778.0,8883.403
2021-04-11 00:00:00,8712.0,8745.642
2021-04-11 01:00:00,8758.0,8712.841
2021-04-11 02:00:00,8905.0,8743.494
2021-04-11 03:00:00,8839.0,8859.794
2021-04-11 04:00:00,8861.0,8877.503
2021-04-11 05:00:00,8991.0,8959.728
2021-04-11 06:00:00,9068.0,9153.006
2021-04-11 07:00:00,9073.0,9203.761
2021-04-11 08:00:00,9008.0,9188.769
2021-04-11 09:00:00,8954.0,9067.739
2021-04-11 10:00:00,8834.0,8975.058
2021-04-11 11:00:00,8756.0,8843.729
2021-04-11 12:00:00,8730.0,8806.507
2021-04-11 13:00:00,8715.0,8805.612
2021-04-11 14:00:00,8816.0,8876.573
2021-04-11 15:00:00,9017.0,8982.937
2021-04-11 16:00:00,9168.0,9073.371
2021-04-11 17:00:00,9264.0,9272.273
2021-04-11 18:00:00,9260.0,9289.42
2021-04-11 19:00:00,9371.0,9415.301
2021-04-11 20:00:00,9242.0,9500.596
2021-04-11 21:00:00,8909.0,9030.559
2021-04-11 22:00:00,8571.0,8737.866
2021-04-11 23:00:00,8414.0,8524.48
2021-04-12 00:00:00,8414.0,8635.4375
2021-04-12 01:00:00,8552.0,8689.253
2021-04-12 02:00:00,8895.0,8748.068
2021-04-12 03:00:00,9409.0,9192.556
2021-04-12 04:00:00,9857.0,9722.305
2021-04-12 05:00:00,10060.0,9989.732
2021-04-12 06:00:00,10047.0,10119.313
2021-04-12 07:00:00,10001.0,9947.234
2021-04-12 08:00:00,9986.0,9962.309
2021-04-12 09:00:00,9936.0,10009.784
2021-04-12 10:00:00,9723.0,9867.143
2021-04-12 11:00:00,9637.0,9679.072
2021-04-12 12:00:00,9581.0,9574.764
2021-04-12 13:00:00,9514.0,9563.724
2021-04-12 14:00:00,9480.0,9574.198
2021-04-12 15:00:00,9471.0,9523.505
2021-04-12 16:00:00,9491.0,9565.501
2021-04-12 17:00:00,9485.0,9581.681
2021-04-12 18:00:00,9418.0,9479.713
2021-04-12 19:00:00,9423.0,9499.116
2021-04-12 20:00:00,9265.0,9388.012
2021-04-12 21:00:00,8851.0,9089.353
2021-04-12 22:00:00,9482.5,8985.917
2021-04-12 23:00:00,9482.5,9351.696
2021-04-13 00:00:00,9475.5,9336.601
2021-04-13 01:00:00,9468.5,9345.962
2021-04-13 02:00:00,9444.5,9401.188
2021-04-13 03:00:00,9172.0,9477.282
2021-04-13 04:00:00,9562.0,9530.836
2021-04-13 05:00:00,9854.0,9758.685
2021-04-13 06:00:00,9942.0,9897.62
2021-04-13 07:00:00,9936.0,9886.764
2021-04-13 08:00:00,9880.0,9866.445
2021-04-13 09:00:00,9809.0,9812.408
2021-04-13 10:00:00,9611.0,9681.091
2021-04-13 11:00:00,9466.0,9479.023
2021-04-13 12:00:00,9397.0,9388.038
2021-04-13 13:00:00,9379.0,9337.27
2021-04-13 14:00:00,9397.0,9410.367
2021-04-13 15:00:00,9471.0,9437.588
2021-04-13 16:00:00,9632.0,9513.59
2021-04-13 17:00:00,9625.0,9640.303
2021-04-13 18:00:00,9600.0,9495.722
2021-04-13 19:00:00,9574.0,9524.946
2021-04-13 20:00:00,9376.0,9386.152
2021-04-13 21:00:00,9001.0,9149.303
2021-04-13 22:00:00,9468.5,9068.656
2021-04-13 23:00:00,9468.5,9352.718
2021-04-14 00:00:00,9442.5,9434.188
2021-04-14 01:00:00,9442.5,9405.81
2021-04-14 02:00:00,8905.0,9369.678
2021-04-14 03:00:00,9414.0,9148.535
2021-04-14 04:00:00,9811.0,9665.448
2021-04-14 05:00:00,10050.0,9918.138
2021-04-14 06:00:00,9396.0,10022.846
2021-04-14 07:00:00,10019.0,9499.601
2021-04-14 08:00:00,9788.0,9876.377
2021-04-14 09:00:00,9702.0,9711.193
2021-04-14 10:00:00,9508.0,9584.872
2021-04-14 11:00:00,9378.0,9428.529
2021-04-14 12:00:00,9278.0,9317.698
2021-04-14 13:00:00,9258.0,9252.101
2021-04-14 14:00:00,9272.0,9307.19
2021-04-14 15:00:00,9372.0,9336.854
2021-04-14 16:00:00,9499.0,9485.059
2021-04-14 17:00:00,9526.0,9561.89
2021-04-14 18:00:00,9495.0,9467.113
2021-04-14 19:00:00,9551.0,9466.003
2021-04-14 20:00:00,9451.0,9349.291
2021-04-14 21:00:00,9077.0,9052.656
2021-04-14 22:00:00,9471.5,9094.687
2021-04-14 23:00:00,9414.5,9321.848
2021-04-15 00:00:00,9411.5,9342.333
2021-04-15 01:00:00,9411.5,9375.922
2021-04-15 02:00:00,9100.0,9291.037
2021-04-15 03:00:00,9565.0,9299.556
2021-04-15 04:00:00,9900.0,9759.418
2021-04-15 05:00:00,9332.5,10041.133
2021-04-15 06:00:00,9775.0,9518.808
2021-04-15 07:00:00,9663.0,9803.094
2021-04-15 08:00:00,9575.0,9676.909
2021-04-15 09:00:00,9492.0,9541.216
2021-04-15 10:00:00,9363.0,9371.261
2021-04-15 11:00:00,9289.0,9270.371
2021-04-15 12:00:00,9182.0,9252.115
2021-04-15 13:00:00,9108.0,9150.915
2021-04-15 14:00:00,9125.0,9218.288
2021-04-15 15:00:00,9145.0,9251.715
2021-04-15 16:00:00,9302.0,9334.656
2021-04-15 17:00:00,9340.0,9396.361
2021-04-15 18:00:00,9391.0,9331.753
2021-04-15 19:00:00,9508.0,9447.7295
2021-04-15 20:00:00,9369.0,9388.5205
2021-04-15 21:00:00,9009.0,9083.486
2021-04-15 22:00:00,8710.0,8923.329
2021-04-15 23:00:00,8576.0,8917.976
2021-04-16 00:00:00,8618.0,8813.443
2021-04-16 01:00:00,8792.0,8788.294
2021-04-16 02:00:00,9042.0,8824.3125
2021-04-16 03:00:00,9555.0,9055.405
2021-04-16 04:00:00,9834.0,9715.172
2021-04-16 05:00:00,9956.0,9874.119
2021-04-16 06:00:00,9801.0,9938.037
2021-04-16 07:00:00,9680.0,9737.096
2021-04-16 08:00:00,9688.0,9694.927
2021-04-16 09:00:00,9562.0,9608.942
2021-04-16 10:00:00,9318.0,9435.016
2021-04-16 11:00:00,9103.0,9256.651
2021-04-16 12:00:00,9059.0,9144.791
2021-04-16 13:00:00,9017.0,9081.561
2021-04-16 14:00:00,8999.0,9105.398
2021-04-16 15:00:00,9105.0,9122.906
2021-04-16 16:00:00,9203.0,9296.069
2021-04-16 17:00:00,9155.0,9282.778
2021-04-16 18:00:00,9125.0,9167.24
2021-04-16 19:00:00,9234.0,9316.026
2021-04-16 20:00:00,9041.0,9190.463
2021-04-16 21:00:00,8698.0,8764.057
2021-04-16 22:00:00,8698.5,8640.819
2021-04-16 23:00:00,8690.0,8662.348
2021-04-17 00:00:00,8669.0,8677.77
2021-04-17 01:00:00,8374.0,8636.486
2021-04-17 02:00:00,8394.0,8473.596
2021-04-17 03:00:00,8510.0,8507.3125
2021-04-17 04:00:00,8560.0,8590.351
2021-04-17 05:00:00,8682.0,8620.367
2021-04-17 06:00:00,8656.0,8793.871
2021-04-17 07:00:00,8699.0,8706.3545
2021-04-17 08:00:00,8641.0,8775.965
2021-04-17 09:00:00,8565.0,8665.009
2021-04-17 10:00:00,8460.0,8552.877
2021-04-17 11:00:00,8378.0,8462.659
2021-04-17 12:00:00,8349.0,8450.411
2021-04-17 13:00:00,8420.0,8466.665
2021-04-17 14:00:00,8544.0,8554.697
2021-04-17 15:00:00,8735.0,8617.206
2021-04-17 16:00:00,8932.0,8780.241
2021-04-17 17:00:00,8770.0,8861.308
2021-04-17 18:00:00,8780.0,8694.578
2021-04-17 19:00:00,8879.0,8940.379
2021-04-17 20:00:00,8811.0,8866.469
2021-04-17 21:00:00,8360.0,8498.55
2021-04-17 22:00:00,8122.0,8159.6147
2021-04-17 23:00:00,7962.0,8105.5093
2021-04-18 00:00:00,7923.0,7966.829
2021-04-18 01:00:00,7998.0,7894.1616
2021-04-18 02:00:00,7975.0,8025.358
2021-04-18 03:00:00,7998.0,8041.617
2021-04-18 04:00:00,8121.0,8040.7793
2021-04-18 05:00:00,8187.0,8202.052
2021-04-18 06:00:00,8266.0,8280.493
2021-04-18 07:00:00,8302.0,8378.171
2021-04-18 08:00:00,8271.0,8379.302
2021-04-18 09:00:00,8177.0,8300.164
2021-04-18 10:00:00,8065.0,8183.5327
2021-04-18 11:00:00,7974.0,8069.111
2021-04-18 12:00:00,7944.0,8005.892
2021-04-18 13:00:00,7930.0,8011.111
2021-04-18 14:00:00,8033.0,8024.9023
2021-04-18 15:00:00,8194.0,8189.794
2021-04-18 16:00:00,8330.0,8342.686
2021-04-18 17:00:00,8387.0,8423.012
2021-04-18 18:00:00,8447.0,8466.774
2021-04-18 19:00:00,8634.0,8727.853
2021-04-18 20:00:00,8508.0,8673.656
2021-04-18 21:00:00,8232.0,8148.898
2021-04-18 22:00:00,8010.0,7975.5884
2021-04-18 23:00:00,7940.0,7881.3027
2021-04-19 00:00:00,7934.0,7897.972
2021-04-19 01:00:00,8044.0,7885.348
2021-04-19 02:00:00,8284.0,8147.5425
2021-04-19 03:00:00,8843.0,8672.834
2021-04-19 04:00:00,9252.0,9259.324
2021-04-19 05:00:00,9439.0,9572.546
2021-04-19 06:00:00,9380.0,9506.507
2021-04-19 07:00:00,9314.0,9366.517
2021-04-19 08:00:00,9236.0,9321.554
2021-04-19 09:00:00,9154.0,9224.044
2021-04-19 10:00:00,8980.0,9023.697
2021-04-19 11:00:00,8887.0,8892.156
2021-04-19 12:00:00,8790.0,8810.351
2021-04-19 13:00:00,8703.0,8752.658
2021-04-19 14:00:00,8729.0,8712.357
2021-04-19 15:00:00,8687.0,8716.965
2021-04-19 16:00:00,8808.0,8753.431
2021-04-19 17:00:00,8756.0,8828.674
2021-04-19 18:00:00,8774.0,8655.057
2021-04-19 19:00:00,9030.0,8829.646
2021-04-19 20:00:00,8822.0,8792.366
2021-04-19 21:00:00,8401.0,8537.354
2021-04-19 22:00:00,8130.0,8624.208
2021-04-19 23:00:00,8012.0,8623.339
2021-04-20 00:00:00,7994.0,8320.099
2021-04-20 01:00:00,8114.0,8338.362
2021-04-20 02:00:00,8334.0,8407.442
2021-04-20 03:00:00,8940.0,8503.117
2021-04-20 04:00:00,9393.0,9169.488
2021-04-20 05:00:00,9477.0,9504.033
2021-04-20 06:00:00,9397.0,9448.122
2021-04-20 07:00:00,9259.0,9328.522
2021-04-20 08:00:00,9156.0,9243.578
2021-04-20 09:00:00,9098.0,9121.771
2021-04-20 10:00:00,8926.0,9018.563
2021-04-20 11:00:00,8754.0,8857.846
2021-04-20 12:00:00,8716.0,8744.07
2021-04-20 13:00:00,8679.0,8681.567
2021-04-20 14:00:00,8728.0,8648.618
2021-04-20 15:00:00,8700.0,8704.744
2021-04-20 16:00:00,8822.0,8769.628
2021-04-20 17:00:00,8799.0,8779.985
2021-04-20 18:00:00,8782.0,8677.935
2021-04-20 19:00:00,8918.0,8864.268
2021-04-20 20:00:00,8713.0,8785.106
2021-04-20 21:00:00,8258.0,8457.137
2021-04-20 22:00:00,8768.0,8426.871
2021-04-20 23:00:00,8768.0,8565.816
2021-04-21 00:00:00,8769.0,8686.437
2021-04-21 01:00:00,8769.0,8731.806
2021-04-21 02:00:00,8769.0,8672.268
2021-04-21 03:00:00,8783.0,8631.101
2021-04-21 04:00:00,9173.0,9037.723
2021-04-21 05:00:00,9291.0,9370.581
2021-04-21 06:00:00,9244.0,9376.716
2021-04-21 07:00:00,9100.0,9260.037
2021-04-21 08:00:00,9049.0,9160.885
2021-04-21 09:00:00,8965.0,9060.553
2021-04-21 10:00:00,8827.0,8895.276
2021-04-21 11:00:00,8756.0,8778.194
2021-04-21 12:00:00,8744.0,8713.965
2021-04-21 13:00:00,8736.0,8693.354
2021-04-21 14:00:00,8739.0,8720.006
2021-04-21 15:00:00,8844.0,8723.396
2021-04-21 16:00:00,9033.0,8896.244
2021-04-21 17:00:00,9039.0,8952.68
2021-04-21 18:00:00,8918.0,8881.322
2021-04-21 19:00:00,9077.0,8934.255
2021-04-21 20:00:00,8874.0,8939.043
2021-04-21 21:00:00,8519.0,8521.732
2021-04-21 22:00:00,8844.0,8657.305
2021-04-21 23:00:00,8859.0,8730.522
2021-04-22 00:00:00,8896.0,8841.217
2021-04-22 01:00:00,8975.5,8858.977
2021-04-22 02:00:00,9036.0,8872.673
2021-04-22 03:00:00,8844.0,8887.7
2021-04-22 04:00:00,9157.0,9067.701
2021-04-22 05:00:00,9391.0,9337.345
2021-04-22 06:00:00,9395.0,9463.866
2021-04-22 07:00:00,9306.0,9367.188
2021-04-22 08:00:00,9254.0,9307.561
2021-04-22 09:00:00,9286.0,9248.923
2021-04-22 10:00:00,9157.0,9136.085
2021-04-22 11:00:00,9115.0,9007.215
2021-04-22 12:00:00,9059.0,9006.24
2021-04-22 13:00:00,9066.0,8957.785
2021-04-22 14:00:00,9124.0,9004.541
2021-04-22 15:00:00,9150.0,9081.444
2021-04-22 16:00:00,9213.0,9178.245
2021-04-22 17:00:00,9208.0,9177.456
2021-04-22 18:00:00,9099.0,9042.211
2021-04-22 19:00:00,9255.0,9164.284
2021-04-22 20:00:00,9144.0,9083.17
2021-04-22 21:00:00,9147.0,8735.409
2021-04-22 22:00:00,9147.0,8924.05
2021-04-22 23:00:00,9147.0,8936.823
2021-04-23 00:00:00,9179.0,9041.057
2021-04-23 01:00:00,9210.5,9084.437
2021-04-23 02:00:00,8629.0,9018.714
2021-04-23 03:00:00,9277.0,8796.439
2021-04-23 04:00:00,9776.0,9478.597
2021-04-23 05:00:00,10066.0,9878.212
2021-04-23 06:00:00,10216.0,10081.511
2021-04-23 07:00:00,10308.0,10110.76
2021-04-23 08:00:00,10325.0,10139.112
2021-04-23 09:00:00,10310.0,10180.161
2021-04-23 10:00:00,10198.0,10082.844
2021-04-23 11:00:00,10066.0,9983.092
2021-04-23 12:00:00,9920.0,9897.913
2021-04-23 13:00:00,10019.0,9813.269
2021-04-23 14:00:00,10120.0,9955.455
2021-04-23 15:00:00,10046.0,10067.091
2021-04-23 16:00:00,10102.0,10037.628
2021-04-23 17:00:00,9896.0,9967.476
2021-04-23 18:00:00,9642.0,9708.94
2021-04-23 19:00:00,9730.0,9602.131
2021-04-23 20:00:00,9506.0,9524.35
2021-04-23 21:00:00,9097.0,9207.889
2021-04-23 22:00:00,9436.0,9329.284
2021-04-23 23:00:00,9401.0,9362.017
2021-04-24 00:00:00,9332.0,9218.478
2021-04-24 01:00:00,9289.5,9142.891
2021-04-24 02:00:00,9289.5,9061.18
2021-04-24 03:00:00,9289.5,8971.074
2021-04-24 04:00:00,9289.5,9197.125
2021-04-24 05:00:00,9045.0,9258.474
2021-04-24 06:00:00,9292.0,9219.048
2021-04-24 07:00:00,9430.0,9399.396
2021-04-24 08:00:00,9442.0,9465.181
2021-04-24 09:00:00,9372.0,9414.783
2021-04-24 10:00:00,9287.0,9198.044
2021-04-24 11:00:00,9187.0,9158.919
2021-04-24 12:00:00,9250.0,9111.682
2021-04-24 13:00:00,9384.0,9195.621
2021-04-24 14:00:00,9588.0,9431.385
2021-04-24 15:00:00,9749.0,9588.305
2021-04-24 16:00:00,9768.0,9760.095
2021-04-24 17:00:00,9543.0,9692.57
2021-04-24 18:00:00,9281.0,9383.566
2021-04-24 19:00:00,9429.0,9397.933
2021-04-24 20:00:00,9262.0,9295.676
2021-04-24 21:00:00,8872.0,8870.268
2021-04-24 22:00:00,8512.0,8667.268
2021-04-24 23:00:00,8306.0,8415.251
2021-04-25 00:00:00,8222.0,8385.519
2021-04-25 01:00:00,8224.0,8231.484
2021-04-25 02:00:00,8958.0,8284.528
2021-04-25 03:00:00,8958.0,8729.134
2021-04-25 04:00:00,8274.0,8913.98
2021-04-25 05:00:00,8560.0,8433.325
2021-04-25 06:00:00,8853.0,8718.862
2021-04-25 07:00:00,8918.0,8961.686
2021-04-25 08:00:00,9045.0,9019.359
2021-04-25 09:00:00,9021.0,9014.511
2021-04-25 10:00:00,8992.0,8901.722
2021-04-25 11:00:00,8954.0,8871.786
2021-04-25 12:00:00,8962.0,8839.417
2021-04-25 13:00:00,9080.0,8886.85
2021-04-25 14:00:00,9189.0,9163.564
2021-04-25 15:00:00,9350.0,9249.924
2021-04-25 16:00:00,9448.0,9345.7295
2021-04-25 17:00:00,9390.0,9294.909
2021-04-25 18:00:00,9265.0,9173.05
2021-04-25 19:00:00,9554.0,9252.498
2021-04-25 20:00:00,9432.0,9349.182
2021-04-25 21:00:00,9102.0,8978.425
2021-04-25 22:00:00,8752.0,8672.331
2021-04-25 23:00:00,8548.0,8509.608
2021-04-26 00:00:00,8521.0,8520.691
2021-04-26 01:00:00,8615.0,8529.902
2021-04-26 02:00:00,8801.0,8752.802
2021-04-26 03:00:00,9466.0,9057.154
2021-04-26 04:00:00,9937.0,9772.951
2021-04-26 05:00:00,10264.0,10142.335
2021-04-26 06:00:00,10368.0,10317.65
2021-04-26 07:00:00,10389.0,10336.453
2021-04-26 08:00:00,10368.0,10282.377
2021-04-26 09:00:00,10282.0,10287.416
2021-04-26 10:00:00,10154.0,10174.29
2021-04-26 11:00:00,10083.0,9980.231
2021-04-26 12:00:00,10054.0,9950.288
2021-04-26 13:00:00,9900.0,9941.112
2021-04-26 14:00:00,9860.0,9885.951
2021-04-26 15:00:00,9786.0,9859.832
2021-04-26 16:00:00,9904.0,9860.002
2021-04-26 17:00:00,9748.0,9907.836
2021-04-26 18:00:00,9635.0,9599.005
2021-04-26 19:00:00,9730.0,9681.866
2021-04-26 20:00:00,9522.0,9568.456
2021-04-26 21:00:00,9767.0,9376.576
2021-04-26 22:00:00,9767.0,9704.786
2021-04-26 23:00:00,9761.0,9845.951
2021-04-27 00:00:00,9744.0,9896.572
2021-04-27 01:00:00,9744.0,9818.627
2021-04-27 02:00:00,9744.0,9702.636
2021-04-27 03:00:00,9744.0,9693.363
2021-04-27 04:00:00,9728.0,10054.073
2021-04-27 05:00:00,9925.0,10020.309
2021-04-27 06:00:00,9956.0,10035.781
2021-04-27 07:00:00,9900.0,9978.169
2021-04-27 08:00:00,9896.0,9936.285
2021-04-27 09:00:00,9854.0,9953.323
2021-04-27 10:00:00,9774.0,9860.891
2021-04-27 11:00:00,9740.0,9812.994
2021-04-27 12:00:00,9752.0,9766.218
2021-04-27 13:00:00,9772.0,9804.002
2021-04-27 14:00:00,9820.0,9815.35
2021-04-27 15:00:00,9860.0,9867.563
2021-04-27 16:00:00,9975.0,9925.703
2021-04-27 17:00:00,9920.0,9911.915
2021-04-27 18:00:00,9666.0,9727.091
2021-04-27 19:00:00,9871.0,9672.535
2021-04-27 20:00:00,9637.0,9664.308
2021-04-27 21:00:00,9773.0,9451.03
2021-04-27 22:00:00,9773.0,9609.44
2021-04-27 23:00:00,9762.0,9665.208
2021-04-28 00:00:00,9762.0,9848.461
2021-04-28 01:00:00,9740.0,9790.457
2021-04-28 02:00:00,9688.0,9701.89
2021-04-28 03:00:00,9536.0,9573.195
2021-04-28 04:00:00,9839.0,9692.119
2021-04-28 05:00:00,9995.0,9956.528
2021-04-28 06:00:00,9981.0,10105.044
2021-04-28 07:00:00,9916.0,10002.252
2021-04-28 08:00:00,9867.0,9907.851
2021-04-28 09:00:00,9851.0,9878.295
2021-04-28 10:00:00,9708.0,9766.924
2021-04-28 11:00:00,9668.0,9664.668
2021-04-28 12:00:00,9534.0,9656.822
2021-04-28 13:00:00,9464.0,9546.053
2021-04-28 14:00:00,9563.0,9514.226
2021-04-28 15:00:00,9587.0,9539.215
2021-04-28 16:00:00,9768.0,9659.271
2021-04-28 17:00:00,9718.0,9774.328
2021-04-28 18:00:00,9487.0,9539.502
2021-04-28 19:00:00,9757.0,9546.443
2021-04-28 20:00:00,9598.0,9529.857
2021-04-28 21:00:00,9172.0,9349.81
2021-04-28 22:00:00,9633.0,9197.476
2021-04-28 23:00:00,9633.0,9486.47
2021-04-29 00:00:00,9604.5,9536.872
2021-04-29 01:00:00,9604.5,9513.457
2021-04-29 02:00:00,9020.0,9452.438
2021-04-29 03:00:00,9705.0,9187.414
2021-04-29 04:00:00,10020.0,9894.098
2021-04-29 05:00:00,10150.0,10123.803
2021-04-29 06:00:00,10144.0,10160.325
2021-04-29 07:00:00,9996.0,10040.115
2021-04-29 08:00:00,9922.0,9915.535
2021-04-29 09:00:00,9833.0,9814.006
2021-04-29 10:00:00,9683.0,9679.838
2021-04-29 11:00:00,9611.0,9550.736
2021-04-29 12:00:00,9546.0,9504.91
2021-04-29 13:00:00,9484.0,9475.321
2021-04-29 14:00:00,9470.0,9463.762
2021-04-29 15:00:00,9479.0,9472.26
2021-04-29 16:00:00,9551.0,9572.502
2021-04-29 17:00:00,9585.0,9553.423
2021-04-29 18:00:00,9535.0,9399.293
2021-04-29 19:00:00,9848.0,9537.239
2021-04-29 20:00:00,9725.0,9562.172
2021-04-29 21:00:00,9318.0,9352.34
2021-04-29 22:00:00,8989.0,9224.333
2021-04-29 23:00:00,8892.0,9030.162
2021-04-30 00:00:00,8880.0,9015.537
2021-04-30 01:00:00,9015.0,9026.647
2021-04-30 02:00:00,9128.0,8929.643
2021-04-30 03:00:00,9758.0,9304.164
2021-04-30 04:00:00,10012.0,10005.506
2021-04-30 05:00:00,10169.0,10121.694
2021-04-30 06:00:00,10118.0,10129.331
2021-04-30 07:00:00,9994.0,10018.962
2021-04-30 08:00:00,9916.0,9911.527
2021-04-30 09:00:00,9817.0,9831.045
2021-04-30 10:00:00,9656.0,9695.265
2021-04-30 11:00:00,9420.0,9536.694
2021-04-30 12:00:00,9364.0,9378.517
2021-04-30 13:00:00,9331.0,9349.355
2021-04-30 14:00:00,9340.0,9386.47
2021-04-30 15:00:00,9344.0,9402.19
2021-04-30 16:00:00,9333.0,9473.332
2021-04-30 17:00:00,9265.0,9416.757
2021-04-30 18:00:00,9091.0,9270.598
2021-04-30 19:00:00,9540.0,9397.502
2021-04-30 20:00:00,9441.0,9476.545
2021-04-30 21:00:00,9102.0,9109.681
2021-04-30 22:00:00,8772.0,8948.093
2021-04-30 23:00:00,8588.0,8881.714
2021-05-01 00:00:00,8534.0,8588.89
2021-05-01 01:00:00,8553.0,8533.036
2021-05-01 02:00:00,8438.0,8550.035
2021-05-01 03:00:00,8528.0,8444.988
2021-05-01 04:00:00,8545.0,8576.335
2021-05-01 05:00:00,8660.0,8638.586
2021-05-01 06:00:00,8735.0,8776.52
2021-05-01 07:00:00,8866.0,8802.99
2021-05-01 08:00:00,8972.0,8869.393
2021-05-01 09:00:00,8961.0,8904.647
2021-05-01 10:00:00,8735.0,8815.124
2021-05-01 11:00:00,8683.0,8626.714
2021-05-01 12:00:00,8710.0,8638.415
2021-05-01 13:00:00,8792.0,8706.964
2021-05-01 14:00:00,9034.0,8878.159
2021-05-01 15:00:00,9243.0,9051.208
2021-05-01 16:00:00,8763.5,9237.878
2021-05-01 17:00:00,9251.0,8796.787
2021-05-01 18:00:00,8997.0,9018.057
2021-05-01 19:00:00,8763.5,9137.779
2021-05-01 20:00:00,8722.5,8845.754
2021-05-01 21:00:00,9006.0,8528.699
2021-05-01 22:00:00,8655.0,8534.8125
2021-05-01 23:00:00,8518.0,8301.534
2021-05-02 00:00:00,8546.0,8369.935
2021-05-02 01:00:00,8537.0,8396.687
2021-05-02 02:00:00,8443.0,8446.156
2021-05-02 03:00:00,8487.0,8463.535
2021-05-02 04:00:00,8512.0,8451.136
2021-05-02 05:00:00,8574.0,8518.138
2021-05-02 06:00:00,8677.0,8642.693
2021-05-02 07:00:00,8671.0,8695.658
2021-05-02 08:00:00,8685.0,8689.303
2021-05-02 09:00:00,8708.0,8686.682
2021-05-02 10:00:00,8620.0,8641.661
2021-05-02 11:00:00,8550.0,8564.612
2021-05-02 12:00:00,8552.0,8533.296
2021-05-02 13:00:00,8561.0,8566.739
2021-05-02 14:00:00,8658.0,8655.503
2021-05-02 15:00:00,8783.0,8739.229
2021-05-02 16:00:00,8926.0,8846.776
2021-05-02 17:00:00,8914.0,8936.249
2021-05-02 18:00:00,8741.0,8835.584
2021-05-02 19:00:00,9172.0,8940.29
2021-05-02 20:00:00,9155.0,9061.353
2021-05-02 21:00:00,8863.0,8853.473
2021-05-02 22:00:00,8562.0,8543.344
2021-05-02 23:00:00,8447.0,8458.336
2021-05-03 00:00:00,8490.0,8429.318
2021-05-03 01:00:00,8554.0,8492.916
2021-05-03 02:00:00,8668.0,8632.596
2021-05-03 03:00:00,9284.0,8890.621
2021-05-03 04:00:00,9721.0,9731.151
2021-05-03 05:00:00,9910.0,9956.808
2021-05-03 06:00:00,9866.0,9937.054
2021-05-03 07:00:00,9754.0,9792.265
2021-05-03 08:00:00,9704.0,9695.683
2021-05-03 09:00:00,9691.0,9638.854
2021-05-03 10:00:00,9598.0,9543.046
2021-05-03 11:00:00,9528.0,9444.3545
2021-05-03 12:00:00,9399.0,9445.828
2021-05-03 13:00:00,9349.0,9358.22
2021-05-03 14:00:00,9319.0,9384.676
2021-05-03 15:00:00,9146.0,9402.08
2021-05-03 16:00:00,9238.0,9327.209
2021-05-03 17:00:00,9204.0,9358.353
2021-05-03 18:00:00,8926.0,9128.135
2021-05-03 19:00:00,9241.0,9127.982
2021-05-03 20:00:00,9091.0,9177.323
2021-05-03 21:00:00,8679.0,8959.865
2021-05-03 22:00:00,8458.0,8957.267
2021-05-03 23:00:00,9233.5,9062.354
2021-05-04 00:00:00,9216.5,9156.077
2021-05-04 01:00:00,9175.0,9093.255
2021-05-04 02:00:00,9132.5,9033.3125
2021-05-04 03:00:00,8953.0,9164.745
2021-05-04 04:00:00,9388.0,9291.907
2021-05-04 05:00:00,9568.0,9625.139
2021-05-04 06:00:00,9497.0,9558.74
2021-05-04 07:00:00,9374.0,9512.014
2021-05-04 08:00:00,9408.0,9419.142
2021-05-04 09:00:00,9353.0,9431.802
2021-05-04 10:00:00,9229.0,9294.545
2021-05-04 11:00:00,9053.0,9201.079
2021-05-04 12:00:00,9119.0,9090.379
2021-05-04 13:00:00,9081.0,9148.432
2021-05-04 14:00:00,9171.0,9148.372
2021-05-04 15:00:00,9112.0,9168.236
2021-05-04 16:00:00,9204.0,9205.323
2021-05-04 17:00:00,9148.0,9201.907
2021-05-04 18:00:00,8965.0,8976.852
2021-05-04 19:00:00,9198.0,9085.778
2021-05-04 20:00:00,9034.0,9062.43
2021-05-04 21:00:00,9115.5,8729.744
2021-05-04 22:00:00,9115.5,8897.187
2021-05-04 23:00:00,9115.5,9086.4
2021-05-05 00:00:00,9133.5,9134.828
2021-05-05 01:00:00,9159.5,9102.575
2021-05-05 02:00:00,9184.5,9040.942
2021-05-05 03:00:00,8988.0,9044.831
2021-05-05 04:00:00,9447.0,9217.125
2021-05-05 05:00:00,9667.0,9591.573
2021-05-05 06:00:00,9573.0,9665.795
2021-05-05 07:00:00,9568.0,9524.564
2021-05-05 08:00:00,9654.0,9541.766
2021-05-05 09:00:00,9805.0,9576.663
2021-05-05 10:00:00,9631.0,9620.683
2021-05-05 11:00:00,9635.0,9464.404
2021-05-05 12:00:00,9661.0,9498.124
2021-05-05 13:00:00,9660.0,9539.727
2021-05-05 14:00:00,9773.0,9589.033
2021-05-05 15:00:00,9891.0,9708.429
2021-05-05 16:00:00,9893.0,9886.75
2021-05-05 17:00:00,9764.0,9819.618
2021-05-05 18:00:00,9467.0,9487.513
2021-05-05 19:00:00,9595.0,9440.48
2021-05-05 20:00:00,9372.0,9374.897
2021-05-05 21:00:00,8953.0,9169.059
2021-05-05 22:00:00,9647.5,9066.336
2021-05-05 23:00:00,9660.5,9506.452
2021-05-06 00:00:00,9686.5,9589.285
2021-05-06 01:00:00,9738.0,9604.512
2021-05-06 02:00:00,9768.0,9584.596
2021-05-06 03:00:00,9250.0,9580.963
2021-05-06 04:00:00,9712.0,9615.618
2021-05-06 05:00:00,9993.0,9881.534
2021-05-06 06:00:00,10108.0,10033.837
2021-05-06 07:00:00,10171.0,10019.813
2021-05-06 08:00:00,10073.0,10030.3955
2021-05-06 09:00:00,9917.0,10008.482
2021-05-06 10:00:00,9886.0,9816.476
2021-05-06 11:00:00,9825.0,9762.694
2021-05-06 12:00:00,9797.0,9735.34
2021-05-06 13:00:00,9772.0,9731.185
2021-05-06 14:00:00,9761.0,9797.693
2021-05-06 15:00:00,9709.0,9825.884
2021-05-06 16:00:00,9799.0,9838.598
2021-05-06 17:00:00,9695.0,9807.033
2021-05-06 18:00:00,9388.0,9485.469
2021-05-06 19:00:00,9579.0,9522.008
2021-05-06 20:00:00,9439.0,9413.478
2021-05-06 21:00:00,9735.0,9144.613
2021-05-06 22:00:00,9735.0,9565.987
2021-05-06 23:00:00,9735.0,9617.481
2021-05-07 00:00:00,9735.0,9692.993
2021-05-07 01:00:00,9735.0,9699.401
2021-05-07 02:00:00,9735.0,9638.273
2021-05-07 03:00:00,9405.0,9575.554
2021-05-07 04:00:00,9792.0,9732.525
2021-05-07 05:00:00,10012.0,10041.48
2021-05-07 06:00:00,9974.0,10153.967
2021-05-07 07:00:00,9973.0,10001.133
2021-05-07 08:00:00,10060.0,9987.573
2021-05-07 09:00:00,10077.0,10043.888
2021-05-07 10:00:00,9993.0,9976.082
2021-05-07 11:00:00,9964.0,9898.399
2021-05-07 12:00:00,9969.0,9883.399
2021-05-07 13:00:00,9895.0,9890.9375
2021-05-07 14:00:00,9918.0,9898.96
2021-05-07 15:00:00,9911.0,9914.405
2021-05-07 16:00:00,9835.0,9981.786
2021-05-07 17:00:00,9710.0,9820.275
2021-05-07 18:00:00,9493.0,9418.926
2021-05-07 19:00:00,9751.0,9532.569
2021-05-07 20:00:00,9562.0,9541.7705
2021-05-07 21:00:00,9066.0,9237.1875
2021-05-07 22:00:00,8701.0,9087.691
2021-05-07 23:00:00,9037.5,8823.777
2021-05-08 00:00:00,9021.5,8931.347
2021-05-08 01:00:00,8970.0,8896.343
2021-05-08 02:00:00,8931.5,8862.747
2021-05-08 03:00:00,8931.5,8728.776
2021-05-08 04:00:00,8608.0,8850.305
2021-05-08 05:00:00,8755.0,8625.858
2021-05-08 06:00:00,8933.0,8886.632
2021-05-08 07:00:00,9036.0,8993.462
2021-05-08 08:00:00,9039.0,9118.658
2021-05-08 09:00:00,9007.0,9035.572
2021-05-08 10:00:00,8913.0,8932.371
2021-05-08 11:00:00,8885.0,8850.299
2021-05-08 12:00:00,8888.0,8834.671
2021-05-08 13:00:00,8930.0,8896.882
2021-05-08 14:00:00,9096.0,9064.056
2021-05-08 15:00:00,9280.0,9263.048
2021-05-08 16:00:00,9360.0,9334.498
2021-05-08 17:00:00,9170.0,9322.861
2021-05-08 18:00:00,8868.0,9016.259
2021-05-08 19:00:00,9180.0,9012.898
2021-05-08 20:00:00,9151.0,9099.366
2021-05-08 21:00:00,8742.0,8749.874
2021-05-08 22:00:00,8428.0,8387.433
2021-05-08 23:00:00,8241.0,8292.725
2021-05-09 00:00:00,8150.0,8263.607
2021-05-09 01:00:00,8131.0,8202.073
2021-05-09 02:00:00,8051.0,8195.028
2021-05-09 03:00:00,8104.0,8138.2446
2021-05-09 04:00:00,8168.0,8236.387
2021-05-09 05:00:00,8332.0,8324.831
2021-05-09 06:00:00,8460.0,8567.386
2021-05-09 07:00:00,8457.0,8620.684
2021-05-09 08:00:00,8473.0,8593.083
2021-05-09 09:00:00,8438.0,8525.982
2021-05-09 10:00:00,8302.0,8472.621
2021-05-09 11:00:00,8276.0,8353.471
2021-05-09 12:00:00,8252.0,8349.228
2021-05-09 13:00:00,8246.0,8353.947
2021-05-09 14:00:00,8316.0,8378.741
2021-05-09 15:00:00,8472.0,8480.6
2021-05-09 16:00:00,8580.0,8624.54
2021-05-09 17:00:00,8614.0,8585.541
2021-05-09 18:00:00,8447.0,8518.532
2021-05-09 19:00:00,8777.0,8754.436
2021-05-09 20:00:00,8787.0,8837.463
2021-05-09 21:00:00,8387.0,8524.162
2021-05-09 22:00:00,8083.0,8167.217
2021-05-09 23:00:00,7976.0,8015.1357
2021-05-10 00:00:00,7946.0,8008.9956
2021-05-10 01:00:00,7958.0,8022.521
2021-05-10 02:00:00,8085.0,8117.0576
2021-05-10 03:00:00,8767.0,8522.162
2021-05-10 04:00:00,9284.0,9200.121
2021-05-10 05:00:00,9620.0,9537.164
2021-05-10 06:00:00,9769.0,9636.661
2021-05-10 07:00:00,9769.0,9624.123
2021-05-10 08:00:00,9841.0,9644.938
2021-05-10 09:00:00,9848.0,9683.435
2021-05-10 10:00:00,9677.0,9672.626
2021-05-10 11:00:00,9626.0,9476.16
2021-05-10 12:00:00,9558.0,9465.143
2021-05-10 13:00:00,9428.0,9407.412
2021-05-10 14:00:00,9360.0,9355.972
2021-05-10 15:00:00,9216.0,9274.72
2021-05-10 16:00:00,9205.0,9243.848
2021-05-10 17:00:00,9108.0,9189.659
2021-05-10 18:00:00,8797.0,8936.574
2021-05-10 19:00:00,8987.0,8985.517
2021-05-10 20:00:00,8813.0,8899.594
2021-05-10 21:00:00,8334.0,8591.06
2021-05-10 22:00:00,8956.0,8635.8545
2021-05-10 23:00:00,8940.5,8908.708
2021-05-11 00:00:00,8877.0,9002.493
2021-05-11 01:00:00,8820.5,9016.811
2021-05-11 02:00:00,8808.5,9022.359
2021-05-11 03:00:00,8393.0,8897.645
2021-05-11 04:00:00,8828.0,9058.726
2021-05-11 05:00:00,9045.0,9163.346
2021-05-11 06:00:00,9048.0,9252.555
2021-05-11 07:00:00,8957.0,9179.251
2021-05-11 08:00:00,8955.0,9102.349
2021-05-11 09:00:00,8926.0,9054.025
2021-05-11 10:00:00,8804.0,8912.422
2021-05-11 11:00:00,8768.0,8865.725
2021-05-11 12:00:00,8668.0,8837.098
2021-05-11 13:00:00,8704.0,8726.013
2021-05-11 14:00:00,8792.0,8801.575
2021-05-11 15:00:00,8760.0,8887.57
2021-05-11 16:00:00,8824.0,8916.054
2021-05-11 17:00:00,8771.0,8909.121
2021-05-11 18:00:00,8432.0,8663.109
2021-05-11 19:00:00,8611.0,8774.035
2021-05-11 20:00:00,8491.0,8658.942
2021-05-11 21:00:00,8686.0,8383.325
2021-05-11 22:00:00,8686.0,8730.742
2021-05-11 23:00:00,8686.0,8739.082
2021-05-12 00:00:00,8686.0,8698.385
2021-05-12 01:00:00,8721.0,8700.53
2021-05-12 02:00:00,8728.5,8669.385
2021-05-12 03:00:00,8219.0,8410.944
2021-05-12 04:00:00,8591.0,8633.579
2021-05-12 05:00:00,8738.0,8841.908
2021-05-12 06:00:00,8771.0,8837.727
2021-05-12 07:00:00,8827.0,8823.958
2021-05-12 08:00:00,8861.0,8896.152
2021-05-12 09:00:00,8840.0,8920.922
2021-05-12 10:00:00,8781.0,8757.895
2021-05-12 11:00:00,8804.0,8705.285
2021-05-12 12:00:00,8777.0,8740.697
2021-05-12 13:00:00,8719.0,8731.289
2021-05-12 14:00:00,8653.0,8737.788
2021-05-12 15:00:00,8598.0,8647.748
2021-05-12 16:00:00,8658.0,8696.802
2021-05-12 17:00:00,8571.0,8667.158
2021-05-12 18:00:00,8315.0,8406.744
2021-05-12 19:00:00,8524.0,8636.686
2021-05-12 20:00:00,8297.0,8472.656
2021-05-12 21:00:00,7842.0,8299.212
2021-05-12 22:00:00,8340.0,8294.564
2021-05-12 23:00:00,8327.0,8466.158
2021-05-13 00:00:00,8318.5,8355.028
2021-05-13 01:00:00,8309.0,8338.944
2021-05-13 02:00:00,8304.5,8333.704
2021-05-13 03:00:00,8304.5,8284.017
2021-05-13 04:00:00,8304.5,8547.613
2021-05-13 05:00:00,8026.0,8550.407
2021-05-13 06:00:00,8244.0,8190.917
2021-05-13 07:00:00,8365.0,8366.665
2021-05-13 08:00:00,8424.0,8470.607
2021-05-13 09:00:00,8426.0,8478.838
2021-05-13 10:00:00,8339.0,8437.037
2021-05-13 11:00:00,8322.0,8350.959
2021-05-13 12:00:00,8303.0,8369.815
2021-05-13 13:00:00,8306.0,8357.55
2021-05-13 14:00:00,8346.0,8393.816
2021-05-13 15:00:00,8319.0,8397.647
2021-05-13 16:00:00,8301.0,8444.191
2021-05-13 17:00:00,8241.0,8274.31
2021-05-13 18:00:00,7934.0,8066.946
2021-05-13 19:00:00,8106.0,8152.432
2021-05-13 20:00:00,7977.0,8098.2266
2021-05-13 21:00:00,8271.0,7682.365
2021-05-13 22:00:00,8271.0,8049.1
2021-05-13 23:00:00,8271.0,8054.0234
2021-05-14 00:00:00,8271.0,8225.507
2021-05-14 01:00:00,8271.0,8226.482
2021-05-14 02:00:00,8271.0,8167.7476
2021-05-14 03:00:00,8271.0,8127.083
2021-05-14 04:00:00,8112.0,8432.521
2021-05-14 05:00:00,8351.0,8218.6045
2021-05-14 06:00:00,8524.0,8461.456
2021-05-14 07:00:00,8534.0,8590.873
2021-05-14 08:00:00,8636.0,8619.116
2021-05-14 09:00:00,8585.0,8624.934
2021-05-14 10:00:00,8474.0,8480.602
2021-05-14 11:00:00,8398.0,8444.582
2021-05-14 12:00:00,8434.0,8411.598
2021-05-14 13:00:00,8393.0,8424.684
2021-05-14 14:00:00,8414.0,8416.864
2021-05-14 15:00:00,8478.0,8423.203
2021-05-14 16:00:00,8509.0,8496.671
2021-05-14 17:00:00,8394.0,8410.046
2021-05-14 18:00:00,8127.0,8157.1567
2021-05-14 19:00:00,8310.0,8257.217
2021-05-14 20:00:00,8073.0,8224.283
2021-05-14 21:00:00,7624.0,7848.89
2021-05-14 22:00:00,8068.0,7831.3394
2021-05-14 23:00:00,8036.0,7982.1597
2021-05-15 00:00:00,7998.5,8038.5254
2021-05-15 01:00:00,7959.5,8009.8936
2021-05-15 02:00:00,7959.5,7982.8047
2021-05-15 03:00:00,7959.5,8002.0464
2021-05-15 04:00:00,7351.0,7953.0024
2021-05-15 05:00:00,7634.0,7666.6353
2021-05-15 06:00:00,7821.0,7838.425
2021-05-15 07:00:00,7988.0,7988.4893
2021-05-15 08:00:00,8086.0,8124.665
2021-05-15 09:00:00,8063.0,8130.6953
2021-05-15 10:00:00,8009.0,8062.4893
2021-05-15 11:00:00,7892.0,8032.2207
2021-05-15 12:00:00,7931.0,8006.6797
2021-05-15 13:00:00,8096.0,8026.876
2021-05-15 14:00:00,8187.0,8206.984
2021-05-15 15:00:00,8321.0,8264.044
2021-05-15 16:00:00,8377.0,8398.0
2021-05-15 17:00:00,8159.0,8291.346
2021-05-15 18:00:00,7890.0,7949.402
2021-05-15 19:00:00,8119.0,8084.869
2021-05-15 20:00:00,8048.0,8063.072
2021-05-15 21:00:00,7581.0,7696.0317
2021-05-15 22:00:00,7240.0,7546.519
2021-05-15 23:00:00,7854.5,7498.4316
2021-05-16 00:00:00,7814.0,7798.7095
2021-05-16 01:00:00,7763.0,7699.43
2021-05-16 02:00:00,7740.0,7689.59
2021-05-16 03:00:00,7740.0,7706.607
2021-05-16 04:00:00,7156.0,7611.9116
2021-05-16 05:00:00,7417.0,7397.7544
2021-05-16 06:00:00,7631.0,7578.941
2021-05-16 07:00:00,7825.0,7758.971
2021-05-16 08:00:00,7920.0,7902.877
2021-05-16 09:00:00,7884.0,7903.9395
2021-05-16 10:00:00,7803.0,7863.698
2021-05-16 11:00:00,7723.0,7747.9233
2021-05-16 12:00:00,7672.0,7748.9937
2021-05-16 13:00:00,7757.0,7747.7764
2021-05-16 14:00:00,7924.0,7867.6465
2021-05-16 15:00:00,7980.0,8016.216
2021-05-16 16:00:00,8076.0,8113.049
2021-05-16 17:00:00,8057.0,8064.3857
2021-05-16 18:00:00,7804.0,7828.4927
2021-05-16 19:00:00,8084.0,8001.175
2021-05-16 20:00:00,8109.0,8075.3623
2021-05-16 21:00:00,7724.0,7732.481
2021-05-16 22:00:00,7483.0,7485.817
2021-05-16 23:00:00,8018.5,7625.726
2021-05-17 00:00:00,8066.5,7812.3447
2021-05-17 01:00:00,8080.0,7879.1445
2021-05-17 02:00:00,8087.0,7889.43
2021-05-17 03:00:00,8090.0,8247.136
2021-05-17 04:00:00,8595.0,8446.495
2021-05-17 05:00:00,8867.0,8903.866
2021-05-17 06:00:00,8900.0,8944.209
2021-05-17 07:00:00,8932.0,8936.588
2021-05-17 08:00:00,9021.0,8931.949
2021-05-17 09:00:00,9009.0,8980.094
2021-05-17 10:00:00,8828.0,8881.493
2021-05-17 11:00:00,8741.0,8743.104
2021-05-17 12:00:00,8913.0,8673.754
2021-05-17 13:00:00,8931.0,8823.728
2021-05-17 14:00:00,8876.0,8854.844
2021-05-17 15:00:00,8802.0,8826.602
2021-05-17 16:00:00,8847.0,8832.845
2021-05-17 17:00:00,8720.0,8801.506
2021-05-17 18:00:00,8410.0,8481.312
2021-05-17 19:00:00,8436.0,8535.914
2021-05-17 20:00:00,8323.0,8399.331
2021-05-17 21:00:00,8730.5,8122.756
2021-05-17 22:00:00,8730.5,8707.25
2021-05-17 23:00:00,8730.5,8692.655
2021-05-18 00:00:00,8706.0,8640.919
2021-05-18 01:00:00,8706.0,8759.919
2021-05-18 02:00:00,8706.0,8739.478
2021-05-18 03:00:00,8068.0,8360.075
2021-05-18 04:00:00,8556.0,8603.522
2021-05-18 05:00:00,8845.0,8817.955
2021-05-18 06:00:00,8920.0,8903.477
2021-05-18 07:00:00,8985.0,8927.799
2021-05-18 08:00:00,8968.0,8998.839
2021-05-18 09:00:00,8961.0,8958.146
2021-05-18 10:00:00,8763.0,8868.942
2021-05-18 11:00:00,8692.0,8697.636
2021-05-18 12:00:00,8785.0,8692.235
2021-05-18 13:00:00,8750.0,8764.131
2021-05-18 14:00:00,8732.0,8754.106
2021-05-18 15:00:00,8695.0,8702.58
2021-05-18 16:00:00,8745.0,8746.833
2021-05-18 17:00:00,8669.0,8720.685
2021-05-18 18:00:00,8357.0,8363.1
2021-05-18 19:00:00,8460.0,8432.738
2021-05-18 20:00:00,8278.0,8336.618
2021-05-18 21:00:00,8680.5,8361.831
2021-05-18 22:00:00,8680.5,8668.09
2021-05-18 23:00:00,8680.5,8634.321
2021-05-19 00:00:00,8682.0,8659.458
2021-05-19 01:00:00,8682.0,8710.949
2021-05-19 02:00:00,8682.0,8682.598
2021-05-19 03:00:00,8682.0,8196.694
2021-05-19 04:00:00,8513.0,8711.263
2021-05-19 05:00:00,8852.0,8766.65
2021-05-19 06:00:00,8982.0,8924.349
2021-05-19 07:00:00,9027.0,9012.446
2021-05-19 08:00:00,9115.0,9031.427
2021-05-19 09:00:00,9159.0,9104.294
2021-05-19 10:00:00,8970.0,9027.14
2021-05-19 11:00:00,8890.0,8846.82
2021-05-19 12:00:00,8870.0,8813.45
2021-05-19 13:00:00,8866.0,8815.975
2021-05-19 14:00:00,8881.0,8798.602
2021-05-19 15:00:00,8926.0,8817.028
2021-05-19 16:00:00,8903.0,8931.501
2021-05-19 17:00:00,8815.0,8852.16
2021-05-19 18:00:00,8412.0,8448.166
2021-05-19 19:00:00,8478.0,8518.521
2021-05-19 20:00:00,8369.0,8365.91
2021-05-19 21:00:00,7929.0,8384.039
2021-05-19 22:00:00,8803.5,8596.145
2021-05-19 23:00:00,8801.0,8698.843
2021-05-20 00:00:00,8746.0,8731.003
2021-05-20 01:00:00,8662.0,8709.282
2021-05-20 02:00:00,8627.5,8614.798
2021-05-20 03:00:00,8016.0,8414.262
2021-05-20 04:00:00,8515.0,8606.7295
2021-05-20 05:00:00,8792.0,8687.738
2021-05-20 06:00:00,8883.0,8883.631
2021-05-20 07:00:00,8934.0,8956.408
2021-05-20 08:00:00,8916.0,8986.42
2021-05-20 09:00:00,8904.0,8965.688
2021-05-20 10:00:00,8810.0,8878.3
2021-05-20 11:00:00,8700.0,8786.837
2021-05-20 12:00:00,8624.0,8714.626
2021-05-20 13:00:00,8631.0,8660.493
2021-05-20 14:00:00,8686.0,8670.324
2021-05-20 15:00:00,8648.0,8720.013
2021-05-20 16:00:00,8734.0,8711.469
2021-05-20 17:00:00,8731.0,8691.957
2021-05-20 18:00:00,8412.0,8373.054
2021-05-20 19:00:00,8490.0,8480.471
2021-05-20 20:00:00,8473.0,8347.069
2021-05-20 21:00:00,8639.5,8092.3276
2021-05-20 22:00:00,8639.5,8634.568
2021-05-20 23:00:00,8639.5,8647.748
2021-05-21 00:00:00,8639.5,8593.75
2021-05-21 01:00:00,8667.0,8575.718
2021-05-21 02:00:00,8708.5,8522.382
2021-05-21 03:00:00,8314.0,8212.397
2021-05-21 04:00:00,8848.0,8513.524
2021-05-21 05:00:00,9256.0,8965.008
2021-05-21 06:00:00,9383.0,9287.805
2021-05-21 07:00:00,9419.0,9357.698
2021-05-21 08:00:00,9493.0,9392.346
2021-05-21 09:00:00,9509.0,9400.149
2021-05-21 10:00:00,9376.0,9340.927
2021-05-21 11:00:00,9339.0,9170.747
2021-05-21 12:00:00,9341.0,9155.468
2021-05-21 13:00:00,9323.0,9171.56
2021-05-21 14:00:00,9406.0,9193.557
2021-05-21 15:00:00,9396.0,9284.265
2021-05-21 16:00:00,9472.0,9332.772
2021-05-21 17:00:00,9350.0,9243.611
2021-05-21 18:00:00,8915.0,8845.049
2021-05-21 19:00:00,8911.0,8808.876
2021-05-21 20:00:00,8787.0,8632.335
2021-05-21 21:00:00,8280.0,8513.432
2021-05-21 22:00:00,8696.0,8318.724
2021-05-21 23:00:00,8662.0,8522.572
2021-05-22 00:00:00,8624.0,8485.713
2021-05-22 01:00:00,8579.5,8496.45
2021-05-22 02:00:00,8555.0,8472.1455
2021-05-22 03:00:00,8555.0,8233.155
2021-05-22 04:00:00,8155.0,8326.862
2021-05-22 05:00:00,8362.0,8005.186
2021-05-22 06:00:00,8493.0,8350.811
2021-05-22 07:00:00,8557.0,8483.764
2021-05-22 08:00:00,8678.0,8572.8955
2021-05-22 09:00:00,8714.0,8578.469
2021-05-22 10:00:00,8646.0,8581.278
2021-05-22 11:00:00,8602.0,8481.352
2021-05-22 12:00:00,8553.0,8507.938
2021-05-22 13:00:00,8531.0,8574.078
2021-05-22 14:00:00,8610.0,8522.7295
2021-05-22 15:00:00,8833.0,8677.6045
2021-05-22 16:00:00,8926.0,8886.57
2021-05-22 17:00:00,8727.0,8822.039
2021-05-22 18:00:00,8394.0,8480.653
2021-05-22 19:00:00,8474.0,8510.071
2021-05-22 20:00:00,8510.0,8440.941
2021-05-22 21:00:00,8206.0,8039.128
2021-05-22 22:00:00,7860.0,7955.657
2021-05-22 23:00:00,8202.0,7885.452
2021-05-23 00:00:00,8167.0,8031.3604
2021-05-23 01:00:00,8118.0,8000.172
2021-05-23 02:00:00,8118.0,8016.8555
2021-05-23 03:00:00,8118.0,8012.8047
2021-05-23 04:00:00,8118.0,8000.7935
2021-05-23 05:00:00,7795.0,7946.635
2021-05-23 06:00:00,8007.0,7949.5947
2021-05-23 07:00:00,8136.0,8137.2827
2021-05-23 08:00:00,8247.0,8214.9375
2021-05-23 09:00:00,8198.0,8255.044
2021-05-23 10:00:00,8100.0,8177.003
2021-05-23 11:00:00,8051.0,8094.1196
2021-05-23 12:00:00,8098.0,8085.4976
2021-05-23 13:00:00,8152.0,8128.008
2021-05-23 14:00:00,8255.0,8222.179
2021-05-23 15:00:00,8267.0,8347.437
2021-05-23 16:00:00,8387.0,8343.012
2021-05-23 17:00:00,8378.0,8371.99
2021-05-23 18:00:00,8119.0,8216.797
2021-05-23 19:00:00,8359.0,8349.746
2021-05-23 20:00:00,8398.0,8330.761
2021-05-23 21:00:00,7924.0,7986.3486
2021-05-23 22:00:00,7698.0,7688.3154
2021-05-23 23:00:00,7574.0,7708.0044
2021-05-24 00:00:00,7483.0,7839.1323
2021-05-24 01:00:00,7464.0,7932.824
2021-05-24 02:00:00,7655.0,7864.3066
2021-05-24 03:00:00,8384.0,8099.845
2021-05-24 04:00:00,8988.0,8747.058
2021-05-24 05:00:00,9262.0,9256.314
2021-05-24 06:00:00,9333.0,9310.706
2021-05-24 07:00:00,9332.0,9301.568
2021-05-24 08:00:00,9348.0,9303.899
2021-05-24 09:00:00,9314.0,9288.993
2021-05-24 10:00:00,9157.0,9142.134
2021-05-24 11:00:00,9099.0,9024.462
2021-05-24 12:00:00,9024.0,9022.964
2021-05-24 13:00:00,8971.0,8926.03
2021-05-24 14:00:00,8900.0,8909.0205
2021-05-24 15:00:00,8772.0,8887.698
2021-05-24 16:00:00,8810.0,8803.548
2021-05-24 17:00:00,8789.0,8821.248
2021-05-24 18:00:00,8552.0,8548.963
2021-05-24 19:00:00,8635.0,8625.506
2021-05-24 20:00:00,8626.0,8538.581
2021-05-24 21:00:00,8182.0,8375.633
2021-05-24 22:00:00,8780.5,8538.907
2021-05-24 23:00:00,8780.5,8710.534
2021-05-25 00:00:00,8780.5,8734.853
2021-05-25 01:00:00,8774.0,8740.833
2021-05-25 02:00:00,8763.5,8633.204
2021-05-25 03:00:00,8371.0,8415.652
2021-05-25 04:00:00,8755.0,8762.807
2021-05-25 05:00:00,8938.0,8969.783
2021-05-25 06:00:00,8986.0,9018.773
2021-05-25 07:00:00,8966.0,8996.835
2021-05-25 08:00:00,9001.0,8974.181
2021-05-25 09:00:00,9041.0,8992.015
2021-05-25 10:00:00,8910.0,8947.748
2021-05-25 11:00:00,8869.0,8847.73
2021-05-25 12:00:00,8776.0,8810.135
2021-05-25 13:00:00,8754.0,8750.665
2021-05-25 14:00:00,8760.0,8747.908
2021-05-25 15:00:00,8743.0,8724.448
2021-05-25 16:00:00,8781.0,8747.473
2021-05-25 17:00:00,8665.0,8731.095
2021-05-25 18:00:00,8337.0,8402.266
2021-05-25 19:00:00,8465.0,8561.811
2021-05-25 20:00:00,8370.0,8469.53
2021-05-25 21:00:00,8747.5,8215.857
2021-05-25 22:00:00,8747.5,8730.04
2021-05-25 23:00:00,8747.5,8720.869
2021-05-26 00:00:00,8747.5,8756.722
2021-05-26 01:00:00,8747.5,8761.474
2021-05-26 02:00:00,8747.5,8729.434
2021-05-26 03:00:00,8145.0,8423.252
2021-05-26 04:00:00,8752.0,8532.327
2021-05-26 05:00:00,8991.0,8902.575
2021-05-26 06:00:00,9073.0,9043.59
2021-05-26 07:00:00,9258.0,9051.763
2021-05-26 08:00:00,9373.0,9210.845
2021-05-26 09:00:00,9360.0,9291.174
2021-05-26 10:00:00,9272.0,9162.641
2021-05-26 11:00:00,9248.0,9127.383
2021-05-26 12:00:00,9227.0,9106.867
2021-05-26 13:00:00,9304.0,9079.976
2021-05-26 14:00:00,9415.0,9181.835
2021-05-26 15:00:00,9470.0,9278.138
2021-05-26 16:00:00,9489.0,9387.184
2021-05-26 17:00:00,9246.0,9332.57
2021-05-26 18:00:00,8760.0,8816.895
2021-05-26 19:00:00,8795.0,8690.252
2021-05-26 20:00:00,8631.0,8553.158
2021-05-26 21:00:00,8139.0,8490.626
2021-05-26 22:00:00,9213.0,8669.285
2021-05-26 23:00:00,9213.0,8955.811
2021-05-27 00:00:00,9195.5,9060.006
2021-05-27 01:00:00,9166.5,9043.807
2021-05-27 02:00:00,9138.5,8951.287
2021-05-27 03:00:00,8438.0,8738.536
2021-05-27 04:00:00,9010.0,8830.25
2021-05-27 05:00:00,9199.0,9186.748
2021-05-27 06:00:00,9384.0,9260.401
2021-05-27 07:00:00,9411.0,9407.589
2021-05-27 08:00:00,9452.0,9421.156
2021-05-27 09:00:00,9335.0,9412.922
2021-05-27 10:00:00,9304.0,9256.387
2021-05-27 11:00:00,9192.0,9201.068
2021-05-27 12:00:00,9141.0,9126.018
2021-05-27 13:00:00,9136.0,9119.711
2021-05-27 14:00:00,9123.0,9171.979
2021-05-27 15:00:00,9089.0,9191.2295
2021-05-27 16:00:00,9091.0,9276.888
2021-05-27 17:00:00,8988.0,9139.671
2021-05-27 18:00:00,8622.0,8740.66
2021-05-27 19:00:00,8669.0,8788.086
2021-05-27 20:00:00,8616.0,8545.398
2021-05-27 21:00:00,8247.0,8324.752
2021-05-27 22:00:00,7936.0,8752.582
2021-05-27 23:00:00,9012.0,8747.112
2021-05-28 00:00:00,8999.0,8896.799
2021-05-28 01:00:00,8972.5,8906.656
2021-05-28 02:00:00,7775.0,8849.498
2021-05-28 03:00:00,8480.0,8208.272
2021-05-28 04:00:00,9014.0,8851.24
2021-05-28 05:00:00,9148.0,9182.539
2021-05-28 06:00:00,9231.0,9209.424
2021-05-28 07:00:00,9244.0,9273.66
2021-05-28 08:00:00,9223.0,9292.558
2021-05-28 09:00:00,9151.0,9204.808
2021-05-28 10:00:00,9010.0,9074.647
2021-05-28 11:00:00,8946.0,8927.939
2021-05-28 12:00:00,8957.0,8900.98
2021-05-28 13:00:00,8869.0,8927.474
2021-05-28 14:00:00,8891.0,8884.697
2021-05-28 15:00:00,8798.0,8906.208
2021-05-28 16:00:00,8751.0,8911.354
2021-05-28 17:00:00,8679.0,8796.787
2021-05-28 18:00:00,8397.0,8456.963
2021-05-28 19:00:00,8513.0,8608.551
2021-05-28 20:00:00,8475.0,8492.976
2021-05-28 21:00:00,8153.0,8082.6206
2021-05-28 22:00:00,8392.5,8086.2
2021-05-28 23:00:00,8378.0,8437.89
2021-05-29 00:00:00,8325.5,8381.145
2021-05-29 01:00:00,8260.0,8344.083
2021-05-29 02:00:00,8239.0,8255.626
2021-05-29 03:00:00,8239.0,8244.927
2021-05-29 04:00:00,7830.0,8165.068
2021-05-29 05:00:00,8053.0,7835.252
2021-05-29 06:00:00,8283.0,8171.466
2021-05-29 07:00:00,8388.0,8332.743
2021-05-29 08:00:00,8406.0,8439.176
2021-05-29 09:00:00,8368.0,8401.349
2021-05-29 10:00:00,8237.0,8343.277
2021-05-29 11:00:00,8226.0,8235.716
2021-05-29 12:00:00,8187.0,8224.92
2021-05-29 13:00:00,8241.0,8235.215
2021-05-29 14:00:00,8310.0,8367.334
2021-05-29 15:00:00,8449.0,8428.3
2021-05-29 16:00:00,8573.0,8526.79
2021-05-29 17:00:00,8378.0,8486.225
2021-05-29 18:00:00,8060.0,8171.1875
2021-05-29 19:00:00,8152.0,8227.723
2021-05-29 20:00:00,8238.0,8184.8057
2021-05-29 21:00:00,7974.0,7912.114
2021-05-29 22:00:00,7718.0,7736.646
2021-05-29 23:00:00,7525.0,7693.8496
2021-05-30 00:00:00,7912.0,7570.825
2021-05-30 01:00:00,7887.0,7838.13
2021-05-30 02:00:00,7843.0,7859.853
2021-05-30 03:00:00,7843.0,7795.0396
2021-05-30 04:00:00,7843.0,7767.4463
2021-05-30 05:00:00,7568.0,7713.039
2021-05-30 06:00:00,7730.0,7733.7256
2021-05-30 07:00:00,7918.0,7859.769
2021-05-30 08:00:00,7906.0,8037.9844
2021-05-30 09:00:00,7967.0,7977.6475
2021-05-30 10:00:00,7868.0,7948.111
2021-05-30 11:00:00,7815.0,7861.15
2021-05-30 12:00:00,7812.0,7824.888
2021-05-30 13:00:00,7818.0,7876.494
2021-05-30 14:00:00,7869.0,7933.457
2021-05-30 15:00:00,7921.0,8025.3105
2021-05-30 16:00:00,8100.0,8047.8047
2021-05-30 17:00:00,8045.0,8108.4946
2021-05-30 18:00:00,7843.0,7900.672
2021-05-30 19:00:00,8034.0,8059.19
2021-05-30 20:00:00,8091.0,8140.8184
2021-05-30 21:00:00,7708.0,7778.739
2021-05-30 22:00:00,7412.0,7499.536
2021-05-30 23:00:00,7240.0,7594.348
2021-05-31 00:00:00,8021.5,7336.1333
2021-05-31 01:00:00,8039.5,7781.369
2021-05-31 02:00:00,7323.0,7738.324
2021-05-31 03:00:00,8009.0,7989.818
2021-05-31 04:00:00,8605.0,8541.695
2021-05-31 05:00:00,8970.0,8927.862
2021-05-31 06:00:00,9012.0,9128.539
2021-05-31 07:00:00,8997.0,9058.735
2021-05-31 08:00:00,9032.0,9053.141
2021-05-31 09:00:00,9076.0,9047.276
2021-05-31 10:00:00,9019.0,8970.375
2021-05-31 11:00:00,8815.0,8893.107
2021-05-31 12:00:00,8790.0,8772.997
2021-05-31 13:00:00,8689.0,8715.263
2021-05-31 14:00:00,8652.0,8649.219
2021-05-31 15:00:00,8606.0,8592.246
2021-05-31 16:00:00,8621.0,8617.62
2021-05-31 17:00:00,8555.0,8565.025
2021-05-31 18:00:00,8208.0,8323.471
2021-05-31 19:00:00,8245.0,8280.878
2021-05-31 20:00:00,8186.0,8229.508
2021-05-31 21:00:00,7724.0,7897.876
2021-05-31 22:00:00,8580.5,8481.84
2021-05-31 23:00:00,8580.5,8512.532
2021-06-01 00:00:00,8580.5,8487.684
2021-06-01 01:00:00,8571.0,8491.535
2021-06-01 02:00:00,8546.0,8439.103
2021-06-01 03:00:00,8088.0,8135.663
2021-06-01 04:00:00,8537.0,8438.173
2021-06-01 05:00:00,8711.0,8741.793
2021-06-01 06:00:00,8800.0,8835.625
2021-06-01 07:00:00,8809.0,8834.579
2021-06-01 08:00:00,8880.0,8839.807
2021-06-01 09:00:00,8883.0,8871.337
2021-06-01 10:00:00,8746.0,8820.976
2021-06-01 11:00:00,8636.0,8666.069
2021-06-01 12:00:00,8587.0,8584.367
2021-06-01 13:00:00,8532.0,8553.794
2021-06-01 14:00:00,8545.0,8507.526
2021-06-01 15:00:00,8493.0,8499.005
2021-06-01 16:00:00,8497.0,8541.896
2021-06-01 17:00:00,8445.0,8452.166
2021-06-01 18:00:00,8122.0,8150.2627
2021-06-01 19:00:00,8102.0,8141.459
2021-06-01 20:00:00,7970.0,8053.197
2021-06-01 21:00:00,7625.0,7860.3125
2021-06-01 22:00:00,8469.0,8050.3438
2021-06-01 23:00:00,8469.0,8459.349
2021-06-02 00:00:00,8469.0,8472.206
2021-06-02 01:00:00,8469.0,8447.34
2021-06-02 02:00:00,8469.0,8420.934
2021-06-02 03:00:00,7915.0,8031.5996
2021-06-02 04:00:00,8366.0,8352.988
2021-06-02 05:00:00,8652.0,8586.968
2021-06-02 06:00:00,8726.0,8753.518
2021-06-02 07:00:00,8723.0,8749.736
2021-06-02 08:00:00,8741.0,8758.105
2021-06-02 09:00:00,8794.0,8736.444
2021-06-02 10:00:00,8681.0,8720.665
2021-06-02 11:00:00,8588.0,8614.199
2021-06-02 12:00:00,8557.0,8551.505
2021-06-02 13:00:00,8528.0,8516.463
2021-06-02 14:00:00,8476.0,8477.861
2021-06-02 15:00:00,8371.0,8467.759
2021-06-02 16:00:00,8405.0,8478.977
2021-06-02 17:00:00,8347.0,8409.331
2021-06-02 18:00:00,7961.0,8083.2583
2021-06-02 19:00:00,7957.0,8111.5195
2021-06-02 20:00:00,7820.0,7948.459
2021-06-02 21:00:00,7445.0,7869.6147
2021-06-02 22:00:00,8334.0,7951.4595
2021-06-02 23:00:00,8334.0,8374.973
2021-06-03 00:00:00,8334.0,8342.575
2021-06-03 01:00:00,8334.0,8342.192
2021-06-03 02:00:00,8334.0,8321.573
2021-06-03 03:00:00,7660.0,7934.9805
2021-06-03 04:00:00,8148.0,8194.225
2021-06-03 05:00:00,8321.0,8409.101
2021-06-03 06:00:00,8463.0,8526.809
2021-06-03 07:00:00,8483.0,8620.241
2021-06-03 08:00:00,8595.0,8622.75
2021-06-03 09:00:00,8567.0,8667.354
2021-06-03 10:00:00,8517.0,8561.253
2021-06-03 11:00:00,8491.0,8481.764
2021-06-03 12:00:00,8471.0,8459.798
2021-06-03 13:00:00,8450.0,8447.687
2021-06-03 14:00:00,8402.0,8449.502
2021-06-03 15:00:00,8370.0,8385.06
2021-06-03 16:00:00,8324.0,8404.885
2021-06-03 17:00:00,8196.0,8269.177
2021-06-03 18:00:00,7834.0,7950.601
2021-06-03 19:00:00,7883.0,8013.0513
2021-06-03 20:00:00,7794.0,7876.6196
2021-06-03 21:00:00,7438.0,7653.3037
2021-06-03 22:00:00,7110.0,7999.1094
2021-06-03 23:00:00,8313.5,7832.3257
2021-06-04 00:00:00,8313.5,8228.795
2021-06-04 01:00:00,8313.5,8277.083
2021-06-04 02:00:00,7094.0,8109.007
2021-06-04 03:00:00,7732.0,7640.285
2021-06-04 04:00:00,8303.0,8073.7373
2021-06-04 05:00:00,8575.0,8461.957
2021-06-04 06:00:00,8769.0,8706.092
2021-06-04 07:00:00,8801.0,8761.011
2021-06-04 08:00:00,8880.0,8798.146
2021-06-04 09:00:00,8856.0,8856.792
2021-06-04 10:00:00,8760.0,8752.69
2021-06-04 11:00:00,8676.0,8682.496
2021-06-04 12:00:00,8602.0,8578.302
2021-06-04 13:00:00,8572.0,8555.526
2021-06-04 14:00:00,8477.0,8536.495
2021-06-04 15:00:00,8396.0,8455.68
2021-06-04 16:00:00,8446.0,8426.206
2021-06-04 17:00:00,8350.0,8352.81
2021-06-04 18:00:00,8048.0,7967.1147
2021-06-04 19:00:00,8021.0,7971.3267
2021-06-04 20:00:00,7848.0,7862.196
2021-06-04 21:00:00,7464.0,7625.482
2021-06-04 22:00:00,7837.5,7674.5674
2021-06-04 23:00:00,7821.5,7911.9653
2021-06-05 00:00:00,7807.5,7802.086
2021-06-05 01:00:00,7797.5,7791.8286
2021-06-05 02:00:00,7797.5,7757.515
2021-06-05 03:00:00,7797.5,7701.851
2021-06-05 04:00:00,7184.0,7735.8657
2021-06-05 05:00:00,7477.0,7547.1255
2021-06-05 06:00:00,7609.0,7744.0713
2021-06-05 07:00:00,7816.0,7790.2944
2021-06-05 08:00:00,7827.0,7893.686
2021-06-05 09:00:00,7858.0,7853.877
2021-06-05 10:00:00,7799.0,7901.835
2021-06-05 11:00:00,7772.0,7818.402
2021-06-05 12:00:00,7796.0,7841.4536
2021-06-05 13:00:00,7915.0,7877.6387
2021-06-05 14:00:00,7962.0,7997.855
2021-06-05 15:00:00,7952.0,8038.4277
2021-06-05 16:00:00,7895.0,8015.7534
2021-06-05 17:00:00,7760.0,7885.183
2021-06-05 18:00:00,7538.0,7620.2705
2021-06-05 19:00:00,7612.0,7642.5156
2021-06-05 20:00:00,7585.0,7576.7036
2021-06-05 21:00:00,7261.0,7356.248
2021-06-05 22:00:00,6904.41,7302.7524
2021-06-05 23:00:00,6904.41,7258.225
2021-06-06 00:00:00,7598.5,6978.0737
2021-06-06 01:00:00,7598.5,7477.096
2021-06-06 02:00:00,7598.5,7450.8223
2021-06-06 03:00:00,7598.5,7533.5264
2021-06-06 04:00:00,7598.5,7471.819
2021-06-06 05:00:00,7026.0,7431.2188
2021-06-06 06:00:00,7343.0,7305.95
2021-06-06 07:00:00,7642.0,7551.0913
2021-06-06 08:00:00,7739.0,7726.856
2021-06-06 09:00:00,7795.0,7751.0674
2021-06-06 10:00:00,7741.0,7725.4116
2021-06-06 11:00:00,7724.0,7680.572
2021-06-06 12:00:00,7716.0,7693.2954
2021-06-06 13:00:00,7687.0,7710.568
2021-06-06 14:00:00,7738.0,7734.42
2021-06-06 15:00:00,7864.0,7789.9365
2021-06-06 16:00:00,7889.0,7912.9336
2021-06-06 17:00:00,7763.0,7806.902
2021-06-06 18:00:00,7403.0,7571.457
2021-06-06 19:00:00,7529.0,7608.224
2021-06-06 20:00:00,7562.0,7590.0054
2021-06-06 21:00:00,7196.0,7290.3813
2021-06-06 22:00:00,6904.41,7315.693
2021-06-06 23:00:00,7720.0,7307.493
2021-06-07 00:00:00,7727.0,7745.721
2021-06-07 01:00:00,7750.5,7753.518
2021-06-07 02:00:00,7813.5,7383.2915
2021-06-07 03:00:00,7505.0,7809.8667
2021-06-07 04:00:00,8057.0,8158.4243
2021-06-07 05:00:00,8401.0,8416.925
2021-06-07 06:00:00,8621.0,8593.23
2021-06-07 07:00:00,8648.0,8738.867
2021-06-07 08:00:00,8722.0,8738.419
2021-06-07 09:00:00,8804.0,8773.77
2021-06-07 10:00:00,8751.0,8769.371
2021-06-07 11:00:00,8679.0,8681.567
2021-06-07 12:00:00,8610.0,8562.696
2021-06-07 13:00:00,8427.0,8512.496
2021-06-07 14:00:00,8373.0,8372.585
2021-06-07 15:00:00,8346.0,8336.035
2021-06-07 16:00:00,8363.0,8340.065
2021-06-07 17:00:00,8299.0,8255.252
2021-06-07 18:00:00,7928.0,8015.2754
2021-06-07 19:00:00,7941.0,7927.1665
2021-06-07 20:00:00,7733.0,7842.2812
2021-06-07 21:00:00,7323.0,7777.14
2021-06-07 22:00:00,8322.5,8027.5396
2021-06-07 23:00:00,8322.5,8329.913
2021-06-08 00:00:00,8322.5,8320.117
2021-06-08 01:00:00,8322.5,8319.921
2021-06-08 02:00:00,8322.5,8275.28
2021-06-08 03:00:00,7543.0,7965.972
2021-06-08 04:00:00,8124.0,8113.519
2021-06-08 05:00:00,8402.0,8353.05
2021-06-08 06:00:00,8529.0,8544.18
2021-06-08 07:00:00,8631.0,8577.975
2021-06-08 08:00:00,8760.0,8685.533
2021-06-08 09:00:00,8772.0,8765.119
2021-06-08 10:00:00,8742.0,8689.65
2021-06-08 11:00:00,8584.0,8656.414
2021-06-08 12:00:00,8570.0,8526.711
2021-06-08 13:00:00,8473.0,8519.246
2021-06-08 14:00:00,8490.0,8423.288
2021-06-08 15:00:00,8428.0,8429.879
2021-06-08 16:00:00,8448.0,8424.002
2021-06-08 17:00:00,8294.0,8378.997
2021-06-08 18:00:00,8012.0,8005.857
2021-06-08 19:00:00,8014.0,8019.9287
2021-06-08 20:00:00,7857.0,7854.1997
2021-06-08 21:00:00,8286.0,7686.343
2021-06-08 22:00:00,8286.0,8382.246
2021-06-08 23:00:00,8286.0,8350.437
2021-06-09 00:00:00,8286.0,8313.349
2021-06-09 01:00:00,8286.0,8315.752
2021-06-09 02:00:00,8286.0,8284.708
2021-06-09 03:00:00,7580.0,7826.989
2021-06-09 04:00:00,8077.0,8155.5415
2021-06-09 05:00:00,8278.0,8347.625
2021-06-09 06:00:00,8464.0,8384.245
2021-06-09 07:00:00,8506.0,8564.36
2021-06-09 08:00:00,8565.0,8586.541
2021-06-09 09:00:00,8735.0,8596.095
2021-06-09 10:00:00,8659.0,8678.372
2021-06-09 11:00:00,8589.0,8578.608
2021-06-09 12:00:00,8568.0,8551.433
2021-06-09 13:00:00,8632.0,8527.565
2021-06-09 14:00:00,8619.0,8576.183
2021-06-09 15:00:00,8583.0,8573.589
2021-06-09 16:00:00,8543.0,8584.025
2021-06-09 17:00:00,8445.0,8424.596
2021-06-09 18:00:00,8102.0,8120.8413
2021-06-09 19:00:00,8079.0,8091.3716
2021-06-09 20:00:00,7862.0,7902.467
2021-06-09 21:00:00,8403.0,8087.2505
2021-06-09 22:00:00,8403.0,8401.639
2021-06-09 23:00:00,8403.0,8388.748
2021-06-10 00:00:00,8403.0,8401.548
2021-06-10 01:00:00,8403.0,8402.602
2021-06-10 02:00:00,8403.0,8366.078
2021-06-10 03:00:00,7551.0,7761.7856
2021-06-10 04:00:00,8005.0,8090.742
2021-06-10 05:00:00,8361.0,8304.962
2021-06-10 06:00:00,8527.0,8443.976
2021-06-10 07:00:00,8589.0,8555.165
2021-06-10 08:00:00,8684.0,8660.971
2021-06-10 09:00:00,8730.0,8723.619
2021-06-10 10:00:00,8660.0,8671.8125
2021-06-10 11:00:00,8647.0,8585.59
2021-06-10 12:00:00,8599.0,8589.408
2021-06-10 13:00:00,8599.0,8563.536
2021-06-10 14:00:00,8603.0,8575.273
2021-06-10 15:00:00,8510.0,8566.509
2021-06-10 16:00:00,8485.0,8519.792
2021-06-10 17:00:00,8446.0,8453.829
2021-06-10 18:00:00,8141.0,8106.041
2021-06-10 19:00:00,8160.0,8161.1104
2021-06-10 20:00:00,7916.0,7908.3237
2021-06-10 21:00:00,7512.0,8052.886
2021-06-10 22:00:00,8465.5,8022.024
2021-06-10 23:00:00,6940.0,8457.024
2021-06-11 00:00:00,8465.5,7862.487
2021-06-11 01:00:00,6904.41,8436.275
2021-06-11 02:00:00,7095.0,7612.8774
2021-06-11 03:00:00,7679.0,7581.2563
2021-06-11 04:00:00,8240.0,7970.609
2021-06-11 05:00:00,8544.0,8424.705
2021-06-11 06:00:00,8823.0,8658.033
2021-06-11 07:00:00,8886.0,8809.43
2021-06-11 08:00:00,8938.0,8879.948
2021-06-11 09:00:00,9010.0,8899.009
2021-06-11 10:00:00,8913.0,8864.483
2021-06-11 11:00:00,8818.0,8818.286
2021-06-11 12:00:00,8728.0,8745.737
2021-06-11 13:00:00,8653.0,8662.996
2021-06-11 14:00:00,8548.0,8600.55
2021-06-11 15:00:00,8440.0,8549.069
2021-06-11 16:00:00,8310.0,8484.943
2021-06-11 17:00:00,8184.0,8293.324
2021-06-11 18:00:00,7927.0,7962.7046
2021-06-11 19:00:00,7896.0,8002.215
2021-06-11 20:00:00,7798.0,7821.651
2021-06-11 21:00:00,7407.0,7437.0527
2021-06-11 22:00:00,7056.0,7525.996
2021-06-11 23:00:00,7911.5,7647.3447
2021-06-12 00:00:00,7911.5,7831.8345
2021-06-12 01:00:00,7911.5,7734.6187
2021-06-12 02:00:00,7911.5,7765.774
2021-06-12 03:00:00,7911.5,7773.074
2021-06-12 04:00:00,7250.0,7692.246
2021-06-12 05:00:00,7528.0,7403.0464
2021-06-12 06:00:00,7682.0,7663.665
2021-06-12 07:00:00,7932.0,7753.429
2021-06-12 08:00:00,8062.0,7900.8115
2021-06-12 09:00:00,8037.0,7975.897
2021-06-12 10:00:00,8086.0,7924.134
2021-06-12 11:00:00,8080.0,7954.8237
2021-06-12 12:00:00,8119.0,7980.137
2021-06-12 13:00:00,8229.0,8085.873
2021-06-12 14:00:00,8300.0,8189.8066
2021-06-12 15:00:00,8438.0,8217.847
2021-06-12 16:00:00,8237.0,8285.285
2021-06-12 17:00:00,8093.0,8035.611
2021-06-12 18:00:00,7802.0,7756.4326
2021-06-12 19:00:00,7814.0,7790.076
2021-06-12 20:00:00,7774.0,7650.6406
2021-06-12 21:00:00,7392.0,7297.251
2021-06-12 22:00:00,7075.0,7149.7705
2021-06-12 23:00:00,6904.41,7298.3486
2021-06-13 00:00:00,6904.41,7327.277
2021-06-13 01:00:00,6904.41,7155.8267
2021-06-13 02:00:00,7756.5,7084.0845
2021-06-13 03:00:00,7756.5,7612.7764
2021-06-13 04:00:00,7756.5,7470.604
2021-06-13 05:00:00,7756.5,7385.6694
2021-06-13 06:00:00,7541.0,7517.715
2021-06-13 07:00:00,7761.0,7640.0884
2021-06-13 08:00:00,7895.0,7810.0527
2021-06-13 09:00:00,7826.0,7877.2056
2021-06-13 10:00:00,7779.0,7783.5415
2021-06-13 11:00:00,7704.0,7752.6094
2021-06-13 12:00:00,7752.0,7707.8833
2021-06-13 13:00:00,7768.0,7779.9707
2021-06-13 14:00:00,7813.0,7832.8853
2021-06-13 15:00:00,7834.0,7927.097
2021-06-13 16:00:00,7918.0,7910.2324
2021-06-13 17:00:00,7903.0,7877.146
2021-06-13 18:00:00,7712.0,7643.967
2021-06-13 19:00:00,7821.0,7750.2856
2021-06-13 20:00:00,7793.0,7695.496
2021-06-13 21:00:00,7469.0,7287.6274
2021-06-13 22:00:00,7786.0,7132.329
2021-06-13 23:00:00,7803.0,7575.7764
2021-06-14 00:00:00,7817.0,7580.1074
2021-06-14 01:00:00,7827.5,7616.631
2021-06-14 02:00:00,7868.5,7565.781
2021-06-14 03:00:00,7744.0,7482.357
2021-06-14 04:00:00,8151.0,7970.625
2021-06-14 05:00:00,8445.0,8358.51
2021-06-14 06:00:00,8570.0,8634.083
2021-06-14 07:00:00,8578.0,8681.88
2021-06-14 08:00:00,8737.0,8680.489
2021-06-14 09:00:00,8707.0,8779.68
2021-06-14 10:00:00,8725.0,8693.578
2021-06-14 11:00:00,8589.0,8661.35
2021-06-14 12:00:00,8525.0,8541.378
2021-06-14 13:00:00,8467.0,8427.236
2021-06-14 14:00:00,8502.0,8412.203
2021-06-14 15:00:00,8453.0,8419.395
2021-06-14 16:00:00,8472.0,8433.617
2021-06-14 17:00:00,8320.0,8400.863
2021-06-14 18:00:00,8096.0,8021.6357
2021-06-14 19:00:00,8139.0,8067.7393
2021-06-14 20:00:00,8013.0,7987.0386
2021-06-14 21:00:00,7597.0,7745.265
2021-06-14 22:00:00,8386.5,8336.984
2021-06-14 23:00:00,8386.5,8370.627
2021-06-15 00:00:00,8386.5,8381.451
2021-06-15 01:00:00,8386.5,8384.218
2021-06-15 02:00:00,8386.5,8334.285
2021-06-15 03:00:00,7859.0,7936.0625
2021-06-15 04:00:00,8300.0,8231.701
2021-06-15 05:00:00,8593.0,8444.066
2021-06-15 06:00:00,8737.0,8678.364
2021-06-15 07:00:00,8742.0,8733.368
2021-06-15 08:00:00,8833.0,8759.157
2021-06-15 09:00:00,8880.0,8818.95
2021-06-15 10:00:00,8810.0,8807.964
2021-06-15 11:00:00,8741.0,8738.359
2021-06-15 12:00:00,8602.0,8659.349
2021-06-15 13:00:00,8580.0,8574.063
2021-06-15 14:00:00,8565.0,8556.68
2021-06-15 15:00:00,8498.0,8553.369
2021-06-15 16:00:00,8492.0,8535.312
2021-06-15 17:00:00,8420.0,8446.146
2021-06-15 18:00:00,8166.0,8160.5522
2021-06-15 19:00:00,8130.0,8213.415
2021-06-15 20:00:00,7986.0,8034.323
2021-06-15 21:00:00,7651.0,7890.566
2021-06-15 22:00:00,8456.0,8398.153
2021-06-15 23:00:00,8456.0,8499.348
2021-06-16 00:00:00,8456.0,8487.984
2021-06-16 01:00:00,8456.0,8488.636
2021-06-16 02:00:00,8456.0,8434.549
2021-06-16 03:00:00,7828.0,7912.05
2021-06-16 04:00:00,8267.0,8310.255
2021-06-16 05:00:00,8502.0,8452.676
2021-06-16 06:00:00,8661.0,8644.552
2021-06-16 07:00:00,8726.0,8703.256
2021-06-16 08:00:00,8786.0,8751.305
2021-06-16 09:00:00,8869.0,8796.6045
2021-06-16 10:00:00,8787.0,8774.52
2021-06-16 11:00:00,8591.0,8699.682
2021-06-16 12:00:00,8621.0,8547.455
2021-06-16 13:00:00,8651.0,8568.177
2021-06-16 14:00:00,8623.0,8568.881
2021-06-16 15:00:00,8491.0,8558.49
2021-06-16 16:00:00,8555.0,8510.953
2021-06-16 17:00:00,8470.0,8514.24
2021-06-16 18:00:00,8167.0,8144.9873
2021-06-16 19:00:00,8167.0,8197.088
2021-06-16 20:00:00,7970.0,8045.7124
2021-06-16 21:00:00,8480.5,7905.9414
2021-06-16 22:00:00,8480.5,8475.736
2021-06-16 23:00:00,8480.5,8480.133
2021-06-17 00:00:00,8480.5,8487.305
2021-06-17 01:00:00,8480.5,8488.626
2021-06-17 02:00:00,8480.5,8452.567
2021-06-17 03:00:00,8480.5,7898.8086
2021-06-17 04:00:00,8350.0,8408.377
2021-06-17 05:00:00,8542.0,8525.587
2021-06-17 06:00:00,8642.0,8659.052
2021-06-17 07:00:00,8598.0,8709.244
2021-06-17 08:00:00,8594.0,8688.345
2021-06-17 09:00:00,8709.0,8647.073
2021-06-17 10:00:00,8693.0,8679.254
2021-06-17 11:00:00,8661.0,8621.609
2021-06-17 12:00:00,8686.0,8599.185
2021-06-17 13:00:00,8706.0,8638.628
2021-06-17 14:00:00,8701.0,8661.857
2021-06-17 15:00:00,8616.0,8623.842
2021-06-17 16:00:00,8589.0,8615.078
2021-06-17 17:00:00,8533.0,8548.068
2021-06-17 18:00:00,8320.0,8167.8677
2021-06-17 19:00:00,8292.0,8300.079
2021-06-17 20:00:00,8160.0,8067.1987
2021-06-17 21:00:00,7854.0,8053.8145
2021-06-17 22:00:00,8561.0,8343.123
2021-06-17 23:00:00,8561.0,8474.472
2021-06-18 00:00:00,8561.0,8541.798
2021-06-18 01:00:00,8561.0,8431.846
2021-06-18 02:00:00,8561.0,8389.051
2021-06-18 03:00:00,7973.0,8115.3926
2021-06-18 04:00:00,8321.0,8363.366
2021-06-18 05:00:00,8625.0,8505.21
2021-06-18 06:00:00,8833.0,8716.584
2021-06-18 07:00:00,8885.0,8811.221
2021-06-18 08:00:00,8919.0,8861.221
2021-06-18 09:00:00,9002.0,8882.471
2021-06-18 10:00:00,8981.0,8888.143
2021-06-18 11:00:00,8930.0,8856.086
2021-06-18 12:00:00,8915.0,8838.198
2021-06-18 13:00:00,8908.0,8850.134
2021-06-18 14:00:00,8913.0,8847.832
2021-06-18 15:00:00,8758.0,8834.935
2021-06-18 16:00:00,8680.0,8750.918
2021-06-18 17:00:00,8516.0,8530.883
2021-06-18 18:00:00,8231.0,8174.5854
2021-06-18 19:00:00,8265.0,8199.304
2021-06-18 20:00:00,8164.0,7994.8145
2021-06-18 21:00:00,7840.0,7699.3545
2021-06-18 22:00:00,7449.0,7788.328
2021-06-18 23:00:00,7218.0,7839.483
2021-06-19 00:00:00,8184.5,7683.6523
2021-06-19 01:00:00,8184.5,8053.1787
2021-06-19 02:00:00,8184.5,8039.111
2021-06-19 03:00:00,8184.5,7992.1323
2021-06-19 04:00:00,7558.0,7948.1064
2021-06-19 05:00:00,7802.0,7517.405
2021-06-19 06:00:00,7992.0,7881.086
2021-06-19 07:00:00,8156.0,8047.1035
2021-06-19 08:00:00,8250.0,8202.117
2021-06-19 09:00:00,8253.0,8219.224
2021-06-19 10:00:00,8205.0,8206.04
2021-06-19 11:00:00,8231.0,8155.545
2021-06-19 12:00:00,8294.0,8176.961
2021-06-19 13:00:00,8322.0,8272.834
2021-06-19 14:00:00,8327.0,8367.175
2021-06-19 15:00:00,8297.0,8342.7295
2021-06-19 16:00:00,8346.0,8312.32
2021-06-19 17:00:00,8242.0,8223.218
2021-06-19 18:00:00,7990.0,7979.139
2021-06-19 19:00:00,8012.0,8067.035
2021-06-19 20:00:00,8004.0,7957.103
2021-06-19 21:00:00,7743.0,7571.2314
2021-06-19 22:00:00,7400.0,7431.9517
2021-06-19 23:00:00,7251.0,7363.796
2021-06-20 00:00:00,7085.0,7363.876
2021-06-20 01:00:00,7997.0,7381.6846
2021-06-20 02:00:00,7044.0,7838.6934
2021-06-20 03:00:00,7136.0,7307.8696
2021-06-20 04:00:00,7333.0,7382.6064
2021-06-20 05:00:00,7585.0,7405.762
2021-06-20 06:00:00,7811.0,7625.9014
2021-06-20 07:00:00,7974.0,7878.748
2021-06-20 08:00:00,8126.0,8025.5693
2021-06-20 09:00:00,8216.0,8094.096
2021-06-20 10:00:00,8182.0,8080.971
2021-06-20 11:00:00,8190.0,8046.1343
2021-06-20 12:00:00,8148.0,8071.851
2021-06-20 13:00:00,8112.0,8072.151
2021-06-20 14:00:00,8176.0,8118.2075
2021-06-20 15:00:00,8085.0,8151.3906
2021-06-20 16:00:00,8042.0,8106.4175
2021-06-20 17:00:00,7994.0,8015.2646
2021-06-20 18:00:00,7784.0,7826.194
2021-06-20 19:00:00,7897.0,7908.0513
2021-06-20 20:00:00,7769.0,7879.835
2021-06-20 21:00:00,7469.0,7499.837
2021-06-20 22:00:00,7163.0,7271.3403
2021-06-20 23:00:00,8063.5,7431.0723
2021-06-21 00:00:00,8063.5,7906.788
2021-06-21 01:00:00,8063.5,7963.9053
2021-06-21 02:00:00,7060.0,7810.276
2021-06-21 03:00:00,7622.0,7774.285
2021-06-21 04:00:00,8280.0,8258.043
2021-06-21 05:00:00,8632.0,8524.19
2021-06-21 06:00:00,8791.0,8778.177
2021-06-21 07:00:00,8938.0,8833.604
2021-06-21 08:00:00,9119.0,8953.529
2021-06-21 09:00:00,9180.0,9097.645
2021-06-21 10:00:00,9152.0,9052.306
2021-06-21 11:00:00,9191.0,9034.039
2021-06-21 12:00:00,9102.0,9070.977
2021-06-21 13:00:00,8989.0,9025.359
2021-06-21 14:00:00,8935.0,8933.235
2021-06-21 15:00:00,8758.0,8869.059
2021-06-21 16:00:00,8569.0,8744.864
2021-06-21 17:00:00,8600.0,8551.403
2021-06-21 18:00:00,8446.0,8321.075
2021-06-21 19:00:00,8427.0,8397.046
2021-06-21 20:00:00,8239.0,8254.396
2021-06-21 21:00:00,7896.0,8027.528
2021-06-21 22:00:00,7566.0,8407.016
2021-06-21 23:00:00,7315.0,8453.853
2021-06-22 00:00:00,8558.5,8222.404
2021-06-22 01:00:00,8558.5,8503.257
2021-06-22 02:00:00,8558.5,8469.658
2021-06-22 03:00:00,7795.0,8135.302
2021-06-22 04:00:00,8260.0,8352.922
2021-06-22 05:00:00,8548.0,8475.567
2021-06-22 06:00:00,8776.0,8724.887
2021-06-22 07:00:00,8846.0,8806.418
2021-06-22 08:00:00,9010.0,8881.704
2021-06-22 09:00:00,9062.0,8985.421
2021-06-22 10:00:00,8993.0,8930.782
2021-06-22 11:00:00,9014.0,8886.669
2021-06-22 12:00:00,8963.0,8918.197
2021-06-22 13:00:00,8881.0,8887.566
2021-06-22 14:00:00,8823.0,8839.083
2021-06-22 15:00:00,8634.0,8761.313
2021-06-22 16:00:00,8562.0,8631.108
2021-06-22 17:00:00,8470.0,8566.07
2021-06-22 18:00:00,8324.0,8273.859
2021-06-22 19:00:00,8441.0,8336.886
2021-06-22 20:00:00,8343.0,8214.568
2021-06-22 21:00:00,8033.0,8016.0444
2021-06-22 22:00:00,7701.0,8143.0537
2021-06-22 23:00:00,7524.0,7979.1406
2021-06-23 00:00:00,7430.0,8216.861
2021-06-23 01:00:00,7418.0,8179.509
2021-06-23 02:00:00,7543.0,8161.9033
2021-06-23 03:00:00,8068.0,7837.8047
2021-06-23 04:00:00,8415.0,8267.055
2021-06-23 05:00:00,8645.0,8551.102
2021-06-23 06:00:00,8904.0,8720.355
2021-06-23 07:00:00,8981.0,8889.1
2021-06-23 08:00:00,9000.0,8965.041
2021-06-23 09:00:00,9141.0,8949.371
2021-06-23 10:00:00,9097.0,8983.093
2021-06-23 11:00:00,9030.0,8963.87
2021-06-23 12:00:00,8919.0,8887.53
2021-06-23 13:00:00,8785.0,8837.015
2021-06-23 14:00:00,8760.0,8755.101
2021-06-23 15:00:00,8461.0,8687.148
2021-06-23 16:00:00,8132.0,8497.77
2021-06-23 17:00:00,8072.0,8194.228
2021-06-23 18:00:00,8064.0,7968.1934
2021-06-23 19:00:00,8035.0,8159.906
2021-06-23 20:00:00,7891.0,8014.8794
2021-06-23 21:00:00,7535.0,7691.5444
2021-06-23 22:00:00,7147.0,7851.7505
2021-06-23 23:00:00,7077.0,7821.879
2021-06-24 00:00:00,8049.5,8048.772
2021-06-24 01:00:00,8039.0,7957.8115
2021-06-24 02:00:00,8034.0,7893.038
2021-06-24 03:00:00,8015.5,7814.475
2021-06-24 04:00:00,7616.0,8345.704
2021-06-24 05:00:00,7848.0,8096.1855
2021-06-24 06:00:00,8033.0,8161.347
2021-06-24 07:00:00,8260.0,8195.208
2021-06-24 08:00:00,8246.0,8352.937
2021-06-24 09:00:00,8262.0,8293.807
2021-06-24 10:00:00,8224.0,8254.497
2021-06-24 11:00:00,8097.0,8190.8555
2021-06-24 12:00:00,8043.0,8152.7207
2021-06-24 13:00:00,7998.0,8121.1943
2021-06-24 14:00:00,7971.0,8105.5225
2021-06-24 15:00:00,7844.0,8064.924
2021-06-24 16:00:00,7778.0,7878.3555
2021-06-24 17:00:00,7958.0,7762.859
2021-06-24 18:00:00,8116.0,7797.067
2021-06-24 19:00:00,8136.0,8026.5674
2021-06-24 20:00:00,7994.0,7901.969
2021-06-24 21:00:00,7645.0,7524.159
2021-06-24 22:00:00,7293.0,7449.0093
2021-06-24 23:00:00,7863.0,7447.853
2021-06-25 00:00:00,7863.0,7857.1147
2021-06-25 01:00:00,7863.0,7871.062
2021-06-25 02:00:00,7863.0,7820.967
2021-06-25 03:00:00,7080.0,7744.1206
2021-06-25 04:00:00,7291.0,7577.4546
2021-06-25 05:00:00,7553.0,7630.174
2021-06-25 06:00:00,7728.0,7733.452
2021-06-25 07:00:00,7882.0,7880.741
2021-06-25 08:00:00,7957.0,8032.0317
2021-06-25 09:00:00,7934.0,8058.7065
2021-06-25 10:00:00,7968.0,7959.0576
2021-06-25 11:00:00,8023.0,7982.753
2021-06-25 12:00:00,8047.0,7987.3174
2021-06-25 13:00:00,8071.0,7999.624
2021-06-25 14:00:00,8046.0,8000.1523
2021-06-25 15:00:00,8021.0,7903.545
2021-06-25 16:00:00,7920.0,7902.8296
2021-06-25 17:00:00,7775.0,7847.313
2021-06-25 18:00:00,7594.0,7703.6895
2021-06-25 19:00:00,7721.0,7762.136
2021-06-25 20:00:00,7723.0,7696.8096
2021-06-25 21:00:00,7441.0,7421.3555
2021-06-25 22:00:00,7138.0,7269.2773
2021-06-25 23:00:00,6915.0,7378.4683
2021-06-26 00:00:00,7654.0,7237.556
2021-06-26 01:00:00,7654.0,7544.335
2021-06-26 02:00:00,7654.0,7517.423
2021-06-26 03:00:00,7654.0,7349.1733
2021-06-26 04:00:00,6904.41,7352.9956
2021-06-26 05:00:00,7096.0,7133.1147
2021-06-26 06:00:00,7376.0,7410.974
2021-06-26 07:00:00,7568.0,7532.4077
2021-06-26 08:00:00,7714.0,7606.8203
2021-06-26 09:00:00,7807.0,7674.8403
2021-06-26 10:00:00,7794.0,7719.1943
2021-06-26 11:00:00,7787.0,7724.1914
2021-06-26 12:00:00,7840.0,7730.355
2021-06-26 13:00:00,7893.0,7775.732
2021-06-26 14:00:00,7910.0,7857.4204
2021-06-26 15:00:00,7924.0,7860.3687
2021-06-26 16:00:00,7915.0,7820.741
2021-06-26 17:00:00,7763.0,7697.9014
2021-06-26 18:00:00,7595.0,7545.787
2021-06-26 19:00:00,7688.0,7687.7344
2021-06-26 20:00:00,7568.0,7648.0156
2021-06-26 21:00:00,7359.0,7200.078
2021-06-26 22:00:00,7055.0,7162.834
2021-06-26 23:00:00,6904.41,7057.6265
2021-06-27 00:00:00,6904.41,6992.7227
2021-06-27 01:00:00,7576.5,7008.974
2021-06-27 02:00:00,7556.0,7367.867
2021-06-27 03:00:00,7556.0,7318.6294
2021-06-27 04:00:00,6904.41,7217.3613
2021-06-27 05:00:00,7089.0,7021.11
2021-06-27 06:00:00,7339.0,7171.129
2021-06-27 07:00:00,7585.0,7441.5337
2021-06-27 08:00:00,7677.0,7652.563
2021-06-27 09:00:00,7781.0,7590.296
2021-06-27 10:00:00,7742.0,7663.9185
2021-06-27 11:00:00,7819.0,7614.5854
2021-06-27 12:00:00,7544.0,7715.985
2021-06-27 13:00:00,7537.0,7610.3096
2021-06-27 14:00:00,7585.0,7639.113
2021-06-27 15:00:00,7566.0,7710.683
2021-06-27 16:00:00,7616.0,7677.0464
2021-06-27 17:00:00,7606.0,7621.298
2021-06-27 18:00:00,7474.0,7497.74
2021-06-27 19:00:00,7602.0,7596.2627
2021-06-27 20:00:00,7488.0,7544.2183
2021-06-27 21:00:00,7154.0,7234.334
2021-06-27 22:00:00,7575.5,7165.233
2021-06-27 23:00:00,7575.5,7531.2275
2021-06-28 00:00:00,7575.5,7692.923
2021-06-28 01:00:00,7593.5,7711.1294
2021-06-28 02:00:00,7604.0,7481.487
2021-06-28 03:00:00,7380.0,7582.993
2021-06-28 04:00:00,7798.0,7781.8833
2021-06-28 05:00:00,8187.0,8006.341
2021-06-28 06:00:00,8391.0,8268.452
2021-06-28 07:00:00,8496.0,8368.081
2021-06-28 08:00:00,8571.0,8442.836
2021-06-28 09:00:00,8561.0,8561.427
2021-06-28 10:00:00,8570.0,8471.098
2021-06-28 11:00:00,8536.0,8481.3125
2021-06-28 12:00:00,8495.0,8442.072
2021-06-28 13:00:00,8457.0,8420.985
2021-06-28 14:00:00,8391.0,8383.632
2021-06-28 15:00:00,8304.0,8331.643
2021-06-28 16:00:00,8329.0,8316.103
2021-06-28 17:00:00,8266.0,8252.196
2021-06-28 18:00:00,7890.0,8010.615
2021-06-28 19:00:00,7878.0,7931.53
2021-06-28 20:00:00,7759.0,7851.2896
2021-06-28 21:00:00,7469.0,7697.1025
2021-06-28 22:00:00,8236.0,7907.548
2021-06-28 23:00:00,8236.0,8087.603
2021-06-29 00:00:00,8236.0,8248.859
2021-06-29 01:00:00,8236.0,8244.923
2021-06-29 02:00:00,8236.0,8208.96
2021-06-29 03:00:00,7485.0,7746.134
2021-06-29 04:00:00,7950.0,8094.5195
2021-06-29 05:00:00,8206.0,8193.725
2021-06-29 06:00:00,8356.0,8348.532
2021-06-29 07:00:00,8422.0,8386.719
2021-06-29 08:00:00,8580.0,8485.031
2021-06-29 09:00:00,8661.0,8578.528
2021-06-29 10:00:00,8686.0,8557.753
2021-06-29 11:00:00,8632.0,8580.354
2021-06-29 12:00:00,8592.0,8555.936
2021-06-29 13:00:00,8528.0,8535.743
2021-06-29 14:00:00,8610.0,8442.3545
2021-06-29 15:00:00,8540.0,8531.251
2021-06-29 16:00:00,8524.0,8519.876
2021-06-29 17:00:00,8327.0,8431.794
2021-06-29 18:00:00,8099.0,8016.666
2021-06-29 19:00:00,8104.0,8031.3486
2021-06-29 20:00:00,7903.0,7891.8105
2021-06-29 21:00:00,7503.0,7717.9854
2021-06-29 22:00:00,8319.5,8184.498
2021-06-29 23:00:00,8319.5,8324.227
2021-06-30 00:00:00,8319.5,8218.416
2021-06-30 01:00:00,8319.5,8222.09
2021-06-30 02:00:00,8319.5,8142.388
2021-06-30 03:00:00,7535.0,7926.8193
2021-06-30 04:00:00,8050.0,8192.837
2021-06-30 05:00:00,8312.0,8241.493
2021-06-30 06:00:00,8579.0,8410.885
2021-06-30 07:00:00,8606.0,8646.981
2021-06-30 08:00:00,8560.0,8674.197
2021-06-30 09:00:00,8546.0,8616.89
2021-06-30 10:00:00,8460.0,8523.563
2021-06-30 11:00:00,8557.0,8468.998
2021-06-30 12:00:00,8796.0,8519.947
2021-06-30 13:00:00,8642.0,8696.047
2021-06-30 14:00:00,8623.0,8570.596
2021-06-30 15:00:00,8535.0,8561.422
2021-06-30 16:00:00,8515.0,8518.982
2021-06-30 17:00:00,8402.0,8405.462
2021-06-30 18:00:00,8169.0,8104.9897
2021-06-30 19:00:00,8210.0,8162.1074
2021-06-30 20:00:00,7959.0,7939.981
2021-06-30 21:00:00,7514.0,7709.9214
2021-06-30 22:00:00,8286.5,8022.9043
2021-06-30 23:00:00,8286.5,8314.932
2021-07-01 00:00:00,8286.5,8262.435
2021-07-01 01:00:00,8286.5,8281.277
2021-07-01 02:00:00,8286.5,8228.722
2021-07-01 03:00:00,7512.0,7832.8823
2021-07-01 04:00:00,7992.0,7949.067
2021-07-01 05:00:00,8175.0,8264.363
2021-07-01 06:00:00,8363.0,8356.962
2021-07-01 07:00:00,8482.0,8437.301
2021-07-01 08:00:00,8650.0,8543.328
2021-07-01 09:00:00,8701.0,8639.531
2021-07-01 10:00:00,8640.0,8620.31
2021-07-01 11:00:00,8627.0,8554.36
2021-07-01 12:00:00,8613.0,8582.007
2021-07-01 13:00:00,8613.0,8557.543
2021-07-01 14:00:00,8647.0,8562.623
2021-07-01 15:00:00,8527.0,8578.395
2021-07-01 16:00:00,8521.0,8472.662
2021-07-01 17:00:00,8488.0,8420.412
2021-07-01 18:00:00,8270.0,8175.269
2021-07-01 19:00:00,8298.0,8250.264
2021-07-01 20:00:00,8084.0,8064.2563
2021-07-01 21:00:00,7744.0,7684.723
2021-07-01 22:00:00,7416.0,8087.679
2021-07-01 23:00:00,7277.0,7939.6567
2021-07-02 00:00:00,7150.0,7750.3696
2021-07-02 01:00:00,7114.0,7859.8677
2021-07-02 02:00:00,7295.0,7714.7695
2021-07-02 03:00:00,7862.0,7368.128
2021-07-02 04:00:00,8270.0,7904.109
2021-07-02 05:00:00,8571.0,8191.7666
2021-07-02 06:00:00,8847.0,8614.7705
2021-07-02 07:00:00,8918.0,8803.315
2021-07-02 08:00:00,8996.0,8904.298
2021-07-02 09:00:00,8989.0,8956.982
2021-07-02 10:00:00,8900.0,8864.083
2021-07-02 11:00:00,8870.0,8792.47
2021-07-02 12:00:00,8796.0,8777.32
2021-07-02 13:00:00,8676.0,8706.381
2021-07-02 14:00:00,8579.0,8569.695
2021-07-02 15:00:00,8489.0,8526.275
2021-07-02 16:00:00,8442.0,8437.426
2021-07-02 17:00:00,8301.0,8347.67
2021-07-02 18:00:00,8041.0,8023.8984
2021-07-02 19:00:00,8098.0,8128.312
2021-07-02 20:00:00,7995.0,7973.663
2021-07-02 21:00:00,7621.0,7502.5635
2021-07-02 22:00:00,7242.0,7311.874
2021-07-02 23:00:00,8069.5,7503.6
2021-07-03 00:00:00,8069.5,7945.789
2021-07-03 01:00:00,8069.5,7932.007
2021-07-03 02:00:00,8069.5,7937.649
2021-07-03 03:00:00,8069.5,7816.4863
2021-07-03 04:00:00,8069.5,7770.9463
2021-07-03 05:00:00,7669.0,7764.3706
2021-07-03 06:00:00,7930.0,7720.8545
2021-07-03 07:00:00,8153.0,7939.8203
2021-07-03 08:00:00,8198.0,8163.424
2021-07-03 09:00:00,8207.0,8111.1045
2021-07-03 10:00:00,8245.0,8116.2397
2021-07-03 11:00:00,8204.0,8147.521
2021-07-03 12:00:00,8203.0,8162.9976
2021-07-03 13:00:00,8224.0,8188.1636
2021-07-03 14:00:00,8251.0,8229.846
2021-07-03 15:00:00,8247.0,8269.098
2021-07-03 16:00:00,8246.0,8230.284
2021-07-03 17:00:00,8189.0,8116.627
2021-07-03 18:00:00,8012.0,7875.4644
2021-07-03 19:00:00,8068.0,8084.4346
2021-07-03 20:00:00,7967.0,7949.1265
2021-07-03 21:00:00,7616.0,7545.9575
2021-07-03 22:00:00,7989.5,7337.4536
2021-07-03 23:00:00,7989.5,7770.0547
2021-07-04 00:00:00,7989.5,7883.175
2021-07-04 01:00:00,7989.5,7906.4043
2021-07-04 02:00:00,7989.5,7871.2695
2021-07-04 03:00:00,7989.5,7797.058
2021-07-04 04:00:00,7989.5,7747.5225
2021-07-04 05:00:00,7989.5,7527.649
2021-07-04 06:00:00,7693.0,7791.114
2021-07-04 07:00:00,7937.0,7779.3735
2021-07-04 08:00:00,8112.0,7921.856
2021-07-04 09:00:00,8170.0,8046.9443
2021-07-04 10:00:00,8144.0,8050.2275
2021-07-04 11:00:00,8095.0,8046.992
2021-07-04 12:00:00,8160.0,8002.6914
2021-07-04 13:00:00,8190.0,8078.6934
2021-07-04 14:00:00,8171.0,8104.741
2021-07-04 15:00:00,8154.0,8123.669
2021-07-04 16:00:00,8201.0,8132.732
2021-07-04 17:00:00,8140.0,8071.944
2021-07-04 18:00:00,7973.0,7953.263
2021-07-04 19:00:00,8115.0,8053.5093
2021-07-04 20:00:00,8025.0,8007.638
2021-07-04 21:00:00,7697.0,7596.576
2021-07-04 22:00:00,8142.0,7703.5073
2021-07-04 23:00:00,8147.0,7976.0674
2021-07-05 00:00:00,8157.0,8000.032
2021-07-05 01:00:00,8162.5,7964.313
2021-07-05 02:00:00,7253.0,7931.08
2021-07-05 03:00:00,7818.0,7793.016
2021-07-05 04:00:00,8303.0,8116.737
2021-07-05 05:00:00,8684.0,8529.411
2021-07-05 06:00:00,8873.0,8792.33
2021-07-05 07:00:00,8998.0,8921.169
2021-07-05 08:00:00,9037.0,9011.888
2021-07-05 09:00:00,9204.0,9032.386
2021-07-05 10:00:00,9207.0,9089.188
2021-07-05 11:00:00,9164.0,9079.126
2021-07-05 12:00:00,9094.0,9058.684
2021-07-05 13:00:00,9003.0,8994.197
2021-07-05 14:00:00,8931.0,8919.273
2021-07-05 15:00:00,8802.0,8859.449
2021-07-05 16:00:00,8811.0,8798.104
2021-07-05 17:00:00,8680.0,8726.64
2021-07-05 18:00:00,8476.0,8322.893
2021-07-05 19:00:00,8451.0,8359.84
2021-07-05 20:00:00,8219.0,8247.684
2021-07-05 21:00:00,7752.0,8008.8164
2021-07-05 22:00:00,7466.0,8431.666
2021-07-05 23:00:00,8634.0,8515.359
2021-07-06 00:00:00,8634.0,8562.096
2021-07-06 01:00:00,8634.0,8581.898
2021-07-06 02:00:00,8634.0,8525.442
2021-07-06 03:00:00,7863.0,8072.182
2021-07-06 04:00:00,8311.0,8395.151
2021-07-06 05:00:00,8588.0,8536.848
2021-07-06 06:00:00,8826.0,8770.596
2021-07-06 07:00:00,8962.0,8882.379
2021-07-06 08:00:00,9043.0,8981.341
2021-07-06 09:00:00,9057.0,9011.046
2021-07-06 10:00:00,8957.0,8986.206
2021-07-06 11:00:00,8936.0,8892.828
2021-07-06 12:00:00,8925.0,8891.919
2021-07-06 13:00:00,8804.0,8887.259
2021-07-06 14:00:00,8841.0,8809.975
2021-07-06 15:00:00,8703.0,8781.934
2021-07-06 16:00:00,8730.0,8758.4795
2021-07-06 17:00:00,8665.0,8685.754
2021-07-06 18:00:00,8358.0,8378.982
2021-07-06 19:00:00,8451.0,8372.314
2021-07-06 20:00:00,8272.0,8166.5557
2021-07-06 21:00:00,7830.0,8050.748
2021-07-06 22:00:00,8594.0,8265.532
2021-07-06 23:00:00,8594.0,8594.802
2021-07-07 00:00:00,8594.0,8607.803
2021-07-07 01:00:00,8594.0,8606.477
2021-07-07 02:00:00,8594.0,8584.308
2021-07-07 03:00:00,7785.0,8100.583
2021-07-07 04:00:00,8219.0,8321.244
2021-07-07 05:00:00,8523.0,8463.732
2021-07-07 06:00:00,8758.0,8676.114
2021-07-07 07:00:00,8864.0,8817.824
2021-07-07 08:00:00,8935.0,8886.8
2021-07-07 09:00:00,8950.0,8948.991
2021-07-07 10:00:00,8889.0,8887.383
2021-07-07 11:00:00,8816.0,8826.431
2021-07-07 12:00:00,8839.0,8814.821
2021-07-07 13:00:00,8856.0,8787.944
2021-07-07 14:00:00,8910.0,8816.982
2021-07-07 15:00:00,8820.0,8839.166
2021-07-07 16:00:00,8717.0,8813.78
2021-07-07 17:00:00,8672.0,8676.578
2021-07-07 18:00:00,8418.0,8289.04
2021-07-07 19:00:00,8512.0,8405.765
2021-07-07 20:00:00,8360.0,8231.812
2021-07-07 21:00:00,7955.0,8054.665
2021-07-07 22:00:00,8684.0,8471.144
2021-07-07 23:00:00,8684.0,8640.153
2021-07-08 00:00:00,8684.0,8630.001
2021-07-08 01:00:00,8684.0,8623.014
2021-07-08 02:00:00,8684.0,8576.227
2021-07-08 03:00:00,7934.0,8220.135
2021-07-08 04:00:00,8437.0,8396.554
2021-07-08 05:00:00,8696.0,8598.724
2021-07-08 06:00:00,8865.0,8836.621
2021-07-08 07:00:00,8968.0,8945.551
2021-07-08 08:00:00,9084.0,9035.902
2021-07-08 09:00:00,9198.0,9108.689
2021-07-08 10:00:00,9104.0,9111.615
2021-07-08 11:00:00,9081.0,9032.16
2021-07-08 12:00:00,9019.0,9037.119
2021-07-08 13:00:00,8937.0,8939.654
2021-07-08 14:00:00,8873.0,8922.161
2021-07-08 15:00:00,8700.0,8862.719
2021-07-08 16:00:00,8762.0,8753.326
2021-07-08 17:00:00,8648.0,8745.462
2021-07-08 18:00:00,8363.0,8392.788
2021-07-08 19:00:00,8362.0,8485.776
2021-07-08 20:00:00,8145.0,8333.988
2021-07-08 21:00:00,7741.0,8026.7886
2021-07-08 22:00:00,7357.0,8294.411
2021-07-08 23:00:00,8495.0,8095.976
2021-07-09 00:00:00,8495.0,8450.168
2021-07-09 01:00:00,8495.0,8450.523
2021-07-09 02:00:00,8495.0,8334.584
2021-07-09 03:00:00,7696.0,7918.7275
2021-07-09 04:00:00,8069.0,8169.5835
2021-07-09 05:00:00,8354.0,8347.033
2021-07-09 06:00:00,8627.0,8492.794
2021-07-09 07:00:00,8738.0,8737.99
2021-07-09 08:00:00,8858.0,8809.277
2021-07-09 09:00:00,8950.0,8876.776
2021-07-09 10:00:00,8888.0,8850.887
2021-07-09 11:00:00,8826.0,8797.982
2021-07-09 12:00:00,8791.0,8797.263
2021-07-09 13:00:00,8762.0,8762.457
2021-07-09 14:00:00,8733.0,8760.275
2021-07-09 15:00:00,8618.0,8667.079
2021-07-09 16:00:00,8620.0,8634.201
2021-07-09 17:00:00,8446.0,8536.224
2021-07-09 18:00:00,8159.0,8156.8843
2021-07-09 19:00:00,8198.0,8220.47
2021-07-09 20:00:00,8010.0,8015.2373
2021-07-09 21:00:00,7604.0,7551.03
2021-07-09 22:00:00,7278.0,7654.5415
2021-07-09 23:00:00,7132.0,7658.858
2021-07-10 00:00:00,8147.5,7630.2354
2021-07-10 01:00:00,8147.5,8098.7285
2021-07-10 02:00:00,8147.5,8073.154
2021-07-10 03:00:00,7135.0,7958.9653
2021-07-10 04:00:00,7347.0,7687.2314
2021-07-10 05:00:00,7657.0,7451.5156
2021-07-10 06:00:00,7922.0,7813.0264
2021-07-10 07:00:00,8136.0,8026.8223
2021-07-10 08:00:00,8279.0,8187.4043
2021-07-10 09:00:00,8392.0,8235.732
2021-07-10 10:00:00,8363.0,8309.952
2021-07-10 11:00:00,8368.0,8257.29
2021-07-10 12:00:00,8367.0,8318.134
2021-07-10 13:00:00,8419.0,8369.003
2021-07-10 14:00:00,8473.0,8439.161
2021-07-10 15:00:00,8380.0,8462.566
2021-07-10 16:00:00,8288.0,8400.456
2021-07-10 17:00:00,8215.0,8183.229
2021-07-10 18:00:00,7965.0,7964.0938
2021-07-10 19:00:00,8024.0,8079.4673
2021-07-10 20:00:00,7966.0,7951.5757
2021-07-10 21:00:00,7683.0,7575.8853
2021-07-10 22:00:00,7378.0,7467.216
2021-07-10 23:00:00,7171.0,7547.702
2021-07-11 00:00:00,7041.0,7246.37
2021-07-11 01:00:00,7965.5,7309.106
2021-07-11 02:00:00,7965.5,7888.4766
2021-07-11 03:00:00,7965.5,7783.0293
2021-07-11 04:00:00,7965.5,7807.795
2021-07-11 05:00:00,7490.0,7831.607
2021-07-11 06:00:00,7767.0,7584.466
2021-07-11 07:00:00,7930.0,7899.1753
2021-07-11 08:00:00,8108.0,8001.3906
2021-07-11 09:00:00,8136.0,8139.273
2021-07-11 10:00:00,8116.0,8114.963
2021-07-11 11:00:00,8086.0,8076.2456
2021-07-11 12:00:00,8141.0,8078.011
2021-07-11 13:00:00,8174.0,8151.73
2021-07-11 14:00:00,8134.0,8230.444
2021-07-11 15:00:00,8069.0,8206.349
2021-07-11 16:00:00,8071.0,8147.6104
2021-07-11 17:00:00,8068.0,8036.4175
2021-07-11 18:00:00,7875.0,7869.894
2021-07-11 19:00:00,7961.0,7968.999
2021-07-11 20:00:00,7883.0,7951.25
2021-07-11 21:00:00,7531.0,7495.301
2021-07-11 22:00:00,8068.5,7559.2876
2021-07-11 23:00:00,8068.5,7995.17
2021-07-12 00:00:00,8068.5,8105.5967
2021-07-12 01:00:00,8068.5,8046.3174
2021-07-12 02:00:00,6978.0,7788.7
2021-07-12 03:00:00,7522.0,7768.665
2021-07-12 04:00:00,7912.0,8183.9326
2021-07-12 05:00:00,8148.0,8362.186
2021-07-12 06:00:00,8417.0,8405.38
2021-07-12 07:00:00,8590.0,8564.123
2021-07-12 08:00:00,8701.0,8715.926
2021-07-12 09:00:00,8815.0,8777.488
2021-07-12 10:00:00,8814.0,8764.685
2021-07-12 11:00:00,8777.0,8760.066
2021-07-12 12:00:00,8789.0,8701.441
2021-07-12 13:00:00,8718.0,8729.504
2021-07-12 14:00:00,8671.0,8672.5625
2021-07-12 15:00:00,8575.0,8589.546
2021-07-12 16:00:00,8498.0,8590.968
2021-07-12 17:00:00,8468.0,8473.663
2021-07-12 18:00:00,8217.0,8263.267
2021-07-12 19:00:00,8230.0,8218.75
2021-07-12 20:00:00,8045.0,8064.2827
2021-07-12 21:00:00,7637.0,7853.702
2021-07-12 22:00:00,7351.0,8332.064
2021-07-12 23:00:00,8343.5,8415.23
2021-07-13 00:00:00,8343.5,8341.459
2021-07-13 01:00:00,8343.5,8334.224
2021-07-13 02:00:00,8343.5,8294.985
2021-07-13 03:00:00,7424.0,7871.982
2021-07-13 04:00:00,7890.0,8092.352
2021-07-13 05:00:00,8255.0,8166.2515
2021-07-13 06:00:00,8432.0,8370.241
2021-07-13 07:00:00,8602.0,8526.059
2021-07-13 08:00:00,8708.0,8659.62
2021-07-13 09:00:00,8730.0,8712.525
2021-07-13 10:00:00,8720.0,8661.416
2021-07-13 11:00:00,8690.0,8653.572
2021-07-13 12:00:00,8637.0,8641.286
2021-07-13 13:00:00,8604.0,8583.222
2021-07-13 14:00:00,8576.0,8556.941
2021-07-13 15:00:00,8487.0,8528.3
2021-07-13 16:00:00,8502.0,8495.386
2021-07-13 17:00:00,8413.0,8463.599
2021-07-13 18:00:00,8134.0,8161.278
2021-07-13 19:00:00,8201.0,8155.2534
2021-07-13 20:00:00,8019.0,7994.899
2021-07-13 21:00:00,7656.0,7654.324
2021-07-13 22:00:00,7356.0,8043.594
2021-07-13 23:00:00,8308.0,8248.415
2021-07-14 00:00:00,8308.0,8329.856
2021-07-14 01:00:00,8308.0,8311.636
2021-07-14 02:00:00,8308.0,8272.169
2021-07-14 03:00:00,7502.0,7886.9746
2021-07-14 04:00:00,7904.0,8043.6274
2021-07-14 05:00:00,8203.0,8172.595
2021-07-14 06:00:00,8430.0,8341.842
2021-07-14 07:00:00,8508.0,8524.2705
2021-07-14 08:00:00,8688.0,8611.976
2021-07-14 09:00:00,8762.0,8713.238
2021-07-14 10:00:00,8773.0,8723.312
2021-07-14 11:00:00,8778.0,8691.323
2021-07-14 12:00:00,8753.0,8703.996
2021-07-14 13:00:00,8645.0,8705.6
2021-07-14 14:00:00,8655.0,8605.084
2021-07-14 15:00:00,8600.0,8576.821
2021-07-14 16:00:00,8593.0,8594.145
2021-07-14 17:00:00,8452.0,8542.346
2021-07-14 18:00:00,8220.0,8179.368
2021-07-14 19:00:00,8260.0,8230.216
2021-07-14 20:00:00,8162.0,8042.1934
2021-07-14 21:00:00,7701.0,7788.5776
2021-07-14 22:00:00,7319.0,7956.951
2021-07-14 23:00:00,8400.0,8030.135
2021-07-15 00:00:00,8400.0,8388.707
2021-07-15 01:00:00,8400.0,8392.318
2021-07-15 02:00:00,8400.0,8363.104
2021-07-15 03:00:00,7527.0,7755.359
2021-07-15 04:00:00,8008.0,8071.2627
2021-07-15 05:00:00,8348.0,8245.694
2021-07-15 06:00:00,8636.0,8450.538
2021-07-15 07:00:00,8785.0,8700.798
2021-07-15 08:00:00,8915.0,8808.569
2021-07-15 09:00:00,8913.0,8900.764
2021-07-15 10:00:00,8876.0,8843.246
2021-07-15 11:00:00,8801.0,8807.377
2021-07-15 12:00:00,8791.0,8758.161
2021-07-15 13:00:00,8767.0,8744.998
2021-07-15 14:00:00,8665.0,8727.493
2021-07-15 15:00:00,8609.0,8603.425
2021-07-15 16:00:00,8587.0,8609.755
2021-07-15 17:00:00,8493.0,8536.478
2021-07-15 18:00:00,8247.0,8272.762
2021-07-15 19:00:00,8263.0,8313.296
2021-07-15 20:00:00,8147.0,8126.7676
2021-07-15 21:00:00,7678.0,7758.99
2021-07-15 22:00:00,7396.0,7939.8257
2021-07-15 23:00:00,8425.0,8238.307
2021-07-16 00:00:00,8425.0,8417.035
2021-07-16 01:00:00,8425.0,8417.87
2021-07-16 02:00:00,8425.0,8364.767
2021-07-16 03:00:00,7654.0,7824.1543
2021-07-16 04:00:00,8123.0,7963.4272
2021-07-16 05:00:00,8357.0,8358.34
2021-07-16 06:00:00,8612.0,8485.17
2021-07-16 07:00:00,8670.0,8653.407
2021-07-16 08:00:00,8817.0,8717.321
2021-07-16 09:00:00,8796.0,8833.471
2021-07-16 10:00:00,8627.0,8767.499
2021-07-16 11:00:00,8604.0,8582.104
2021-07-16 12:00:00,8631.0,8574.836
2021-07-16 13:00:00,8568.0,8601.006
2021-07-16 14:00:00,8540.0,8551.564
2021-07-16 15:00:00,8475.0,8504.276
2021-07-16 16:00:00,8402.0,8514.877
2021-07-16 17:00:00,8249.0,8366.02
2021-07-16 18:00:00,7940.0,8065.0977
2021-07-16 19:00:00,8028.0,8086.481
2021-07-16 20:00:00,7888.0,7981.061
2021-07-16 21:00:00,7488.0,7457.6274
2021-07-16 22:00:00,7120.0,7373.537
2021-07-16 23:00:00,7865.0,7694.752
2021-07-17 00:00:00,7865.0,7920.1846
2021-07-17 01:00:00,7842.0,7924.121
2021-07-17 02:00:00,7842.0,7823.835
2021-07-17 03:00:00,7842.0,7584.886
2021-07-17 04:00:00,7150.0,7566.0933
2021-07-17 05:00:00,7358.0,7434.465
2021-07-17 06:00:00,7583.0,7627.2856
2021-07-17 07:00:00,7719.0,7772.2437
2021-07-17 08:00:00,7842.0,7871.6016
2021-07-17 09:00:00,7894.0,7883.845
2021-07-17 10:00:00,7922.0,7924.9336
2021-07-17 11:00:00,7900.0,7928.2363
2021-07-17 12:00:00,7842.0,7940.961
2021-07-17 13:00:00,7938.0,7917.273
2021-07-17 14:00:00,7980.0,8014.1455
2021-07-17 15:00:00,7969.0,8064.77
2021-07-17 16:00:00,7978.0,8055.0454
2021-07-17 17:00:00,7854.0,7983.942
2021-07-17 18:00:00,7649.0,7694.2964
2021-07-17 19:00:00,7771.0,7770.3003
2021-07-17 20:00:00,7668.0,7731.32
2021-07-17 21:00:00,7269.0,7329.8203
2021-07-17 22:00:00,6917.0,7290.7017
2021-07-17 23:00:00,7658.5,7203.83
2021-07-18 00:00:00,7658.5,7555.554
2021-07-18 01:00:00,7658.5,7629.402
2021-07-18 02:00:00,7658.5,7625.698
2021-07-18 03:00:00,7658.5,7652.8345
2021-07-18 04:00:00,7658.5,7545.253
2021-07-18 05:00:00,7658.5,7405.8887
2021-07-18 06:00:00,7393.0,7642.714
2021-07-18 07:00:00,7629.0,7567.547
2021-07-18 08:00:00,7747.0,7747.0435
2021-07-18 09:00:00,7711.0,7793.8403
2021-07-18 10:00:00,7698.0,7742.9985
2021-07-18 11:00:00,7685.0,7731.6426
2021-07-18 12:00:00,7685.0,7691.698
2021-07-18 13:00:00,7695.0,7732.029
2021-07-18 14:00:00,7793.0,7809.7563
2021-07-18 15:00:00,7775.0,7885.2837
2021-07-18 16:00:00,7818.0,7898.077
2021-07-18 17:00:00,7792.0,7825.9717
2021-07-18 18:00:00,7653.0,7696.7573
2021-07-18 19:00:00,7727.0,7873.6924
2021-07-18 20:00:00,7625.0,7780.306
2021-07-18 21:00:00,7696.0,7317.147
2021-07-18 22:00:00,7696.0,7494.6743
2021-07-18 23:00:00,7696.0,7733.5776
2021-07-19 00:00:00,7712.0,7715.632
2021-07-19 01:00:00,7751.0,7714.8784
2021-07-19 02:00:00,7783.5,7362.9863
2021-07-19 03:00:00,7336.0,7383.428
2021-07-19 04:00:00,7697.0,7733.293
2021-07-19 05:00:00,7972.0,8066.633
2021-07-19 06:00:00,8135.0,8192.078
2021-07-19 07:00:00,8230.0,8254.195
2021-07-19 08:00:00,8364.0,8388.6455
2021-07-19 09:00:00,8405.0,8439.825
2021-07-19 10:00:00,8411.0,8379.656
2021-07-19 11:00:00,8415.0,8382.123
2021-07-19 12:00:00,8346.0,8381.285
2021-07-19 13:00:00,8295.0,8302.02
2021-07-19 14:00:00,8294.0,8307.138
2021-07-19 15:00:00,8274.0,8282.706
2021-07-19 16:00:00,8270.0,8277.505
2021-07-19 17:00:00,8212.0,8208.442
2021-07-19 18:00:00,7929.0,7982.465
2021-07-19 19:00:00,7914.0,7967.859
2021-07-19 20:00:00,7776.0,7817.599
2021-07-19 21:00:00,7379.0,7627.807
2021-07-19 22:00:00,8125.0,7671.281
2021-07-19 23:00:00,8125.0,8140.321
2021-07-20 00:00:00,8125.0,8079.3345
2021-07-20 01:00:00,8125.0,8071.4946
2021-07-20 02:00:00,8125.0,8054.9517
2021-07-20 03:00:00,7415.0,7687.278
2021-07-20 04:00:00,7845.0,7919.9756
2021-07-20 05:00:00,8038.0,8046.068
2021-07-20 06:00:00,8252.0,8132.16
2021-07-20 07:00:00,8403.0,8284.979
2021-07-20 08:00:00,8462.0,8418.8545
2021-07-20 09:00:00,8444.0,8456.488
2021-07-20 10:00:00,8416.0,8388.148
2021-07-20 11:00:00,8326.0,8337.897
2021-07-20 12:00:00,8278.0,8279.911
2021-07-20 13:00:00,8254.0,8241.631
2021-07-20 14:00:00,8267.0,8247.564
2021-07-20 15:00:00,8207.0,8223.691
2021-07-20 16:00:00,8253.0,8226.449
2021-07-20 17:00:00,8220.0,8169.6655
2021-07-20 18:00:00,7942.0,7930.097
2021-07-20 19:00:00,7981.0,7935.2812
2021-07-20 20:00:00,7858.0,7857.9688
2021-07-20 21:00:00,7482.0,7667.616
2021-07-20 22:00:00,8061.5,7875.789
2021-07-20 23:00:00,8061.5,8084.6914
2021-07-21 00:00:00,8061.5,8046.845
2021-07-21 01:00:00,8061.5,8062.182
2021-07-21 02:00:00,8061.5,8032.212
2021-07-21 03:00:00,8061.5,7539.4424
2021-07-21 04:00:00,7773.0,7928.3687
2021-07-21 05:00:00,8003.0,8021.547
2021-07-21 06:00:00,8120.0,8188.2637
2021-07-21 07:00:00,8293.0,8259.143
2021-07-21 08:00:00,8382.0,8322.697
2021-07-21 09:00:00,8318.0,8401.039
2021-07-21 10:00:00,8260.0,8279.918
2021-07-21 11:00:00,8294.0,8214.28
2021-07-21 12:00:00,8292.0,8234.834
2021-07-21 13:00:00,8371.0,8236.73
2021-07-21 14:00:00,8366.0,8301.983
2021-07-21 15:00:00,8391.0,8268.9795
2021-07-21 16:00:00,8511.0,8358.833
2021-07-21 17:00:00,8453.0,8353.312
2021-07-21 18:00:00,8161.0,8113.6772
2021-07-21 19:00:00,8187.0,8063.6616
2021-07-21 20:00:00,7991.0,7931.7905
2021-07-21 21:00:00,8216.5,7696.9414
2021-07-21 22:00:00,8216.5,8126.4478
2021-07-21 23:00:00,8216.5,8141.42
2021-07-22 00:00:00,8216.5,8129.4146
2021-07-22 01:00:00,8216.5,8134.175
2021-07-22 02:00:00,8216.5,8102.1274
2021-07-22 03:00:00,7504.0,7908.22
2021-07-22 04:00:00,7865.0,7978.8345
2021-07-22 05:00:00,8043.0,8097.781
2021-07-22 06:00:00,8246.0,8174.0938
2021-07-22 07:00:00,8405.0,8313.594
2021-07-22 08:00:00,8508.0,8464.058
2021-07-22 09:00:00,8487.0,8462.5625
2021-07-22 10:00:00,8410.0,8380.38
2021-07-22 11:00:00,8411.0,8312.568
2021-07-22 12:00:00,8434.0,8339.852
2021-07-22 13:00:00,8449.0,8372.424
2021-07-22 14:00:00,8359.0,8421.258
2021-07-22 15:00:00,8282.0,8316.129
2021-07-22 16:00:00,8287.0,8323.189
2021-07-22 17:00:00,8257.0,8287.002
2021-07-22 18:00:00,7999.0,8041.462
2021-07-22 19:00:00,8063.0,8111.3325
2021-07-22 20:00:00,7984.0,7976.889
2021-07-22 21:00:00,7539.0,8012.9067
2021-07-22 22:00:00,8087.0,7973.1997
2021-07-22 23:00:00,8087.0,8156.1655
2021-07-23 00:00:00,8087.0,8148.318
2021-07-23 01:00:00,8087.0,8150.023
2021-07-23 02:00:00,8087.0,8119.073
2021-07-23 03:00:00,7423.0,7675.7607
2021-07-23 04:00:00,7738.0,7817.5205
2021-07-23 05:00:00,7958.0,8034.0146
2021-07-23 06:00:00,8111.0,8231.472
2021-07-23 07:00:00,8324.0,8293.851
2021-07-23 08:00:00,8373.0,8385.973
2021-07-23 09:00:00,8422.0,8377.773
2021-07-23 10:00:00,8348.0,8377.933
2021-07-23 11:00:00,8294.0,8299.288
2021-07-23 12:00:00,8270.0,8280.111
2021-07-23 13:00:00,8293.0,8282.572
2021-07-23 14:00:00,8185.0,8286.67
2021-07-23 15:00:00,8127.0,8192.134
2021-07-23 16:00:00,8151.0,8198.557
2021-07-23 17:00:00,8152.0,8135.292
2021-07-23 18:00:00,7903.0,7892.706
2021-07-23 19:00:00,7988.0,7966.1646
2021-07-23 20:00:00,7839.0,7935.739
2021-07-23 21:00:00,7439.0,7413.165
2021-07-23 22:00:00,7164.0,7435.65
2021-07-23 23:00:00,7819.0,7641.991
2021-07-24 00:00:00,7802.0,7803.1367
2021-07-24 01:00:00,7796.0,7790.1963
2021-07-24 02:00:00,7796.0,7780.5347
2021-07-24 03:00:00,7796.0,7629.3413
2021-07-24 04:00:00,7796.0,7507.241
2021-07-24 05:00:00,7388.0,7525.949
2021-07-24 06:00:00,7597.0,7503.6665
2021-07-24 07:00:00,7728.0,7695.3447
2021-07-24 08:00:00,7808.0,7826.2056
2021-07-24 09:00:00,7837.0,7828.736
2021-07-24 10:00:00,7830.0,7838.3457
2021-07-24 11:00:00,7796.0,7824.81
2021-07-24 12:00:00,7796.0,7824.3687
2021-07-24 13:00:00,7877.0,7861.638
2021-07-24 14:00:00,7919.0,7925.807
2021-07-24 15:00:00,7970.0,7939.243
2021-07-24 16:00:00,8006.0,7978.26
2021-07-24 17:00:00,7956.0,7928.1973
2021-07-24 18:00:00,7639.0,7703.937
2021-07-24 19:00:00,7745.0,7775.5293
2021-07-24 20:00:00,7724.0,7716.8296
2021-07-24 21:00:00,7325.0,7263.7603
2021-07-24 22:00:00,7000.0,7176.022
2021-07-24 23:00:00,7662.5,7285.4917
2021-07-25 00:00:00,7662.5,7690.2812
2021-07-25 01:00:00,7662.5,7688.5825
2021-07-25 02:00:00,7662.5,7671.4375
2021-07-25 03:00:00,7662.5,7646.016
2021-07-25 04:00:00,7662.5,7661.3076
2021-07-25 05:00:00,7204.0,7495.365
2021-07-25 06:00:00,7404.0,7376.647
2021-07-25 07:00:00,7556.0,7576.6963
2021-07-25 08:00:00,7686.0,7640.2783
2021-07-25 09:00:00,7765.0,7738.7676
2021-07-25 10:00:00,7774.0,7756.8564
2021-07-25 11:00:00,7731.0,7730.7
2021-07-25 12:00:00,7735.0,7721.238
2021-07-25 13:00:00,7783.0,7734.581
2021-07-25 14:00:00,7857.0,7812.853
2021-07-25 15:00:00,7866.0,7924.9937
2021-07-25 16:00:00,7906.0,7959.1855
2021-07-25 17:00:00,7887.0,7897.3203
2021-07-25 18:00:00,7675.0,7647.3154
2021-07-25 19:00:00,7860.0,7850.0547
2021-07-25 20:00:00,7779.0,7802.535
2021-07-25 21:00:00,7374.0,7492.6904
2021-07-25 22:00:00,7781.0,7337.268
2021-07-25 23:00:00,7809.0,7745.6646
2021-07-26 00:00:00,7846.0,7807.3267
2021-07-26 01:00:00,7858.5,7808.811
2021-07-26 02:00:00,6904.41,7760.705
2021-07-26 03:00:00,7344.0,7424.6797
2021-07-26 04:00:00,7835.0,7823.8833
2021-07-26 05:00:00,8228.0,7996.8516
2021-07-26 06:00:00,8553.0,8264.922
2021-07-26 07:00:00,8647.0,8632.57
2021-07-26 08:00:00,8838.0,8674.066
2021-07-26 09:00:00,8862.0,8803.501
2021-07-26 10:00:00,8801.0,8765.751
2021-07-26 11:00:00,8813.0,8716.742
2021-07-26 12:00:00,8700.0,8716.815
2021-07-26 13:00:00,8688.0,8605.173
2021-07-26 14:00:00,8624.0,8596.23
2021-07-26 15:00:00,8508.0,8539.252
2021-07-26 16:00:00,8516.0,8468.551
2021-07-26 17:00:00,8439.0,8411.493
2021-07-26 18:00:00,8173.0,8138.5186
2021-07-26 19:00:00,8211.0,8105.433
2021-07-26 20:00:00,8015.0,8010.4814
2021-07-26 21:00:00,7501.0,7774.3037
2021-07-26 22:00:00,8328.0,8160.1055
2021-07-26 23:00:00,8328.0,8260.515
2021-07-27 00:00:00,8328.0,8356.805
2021-07-27 01:00:00,8328.0,8352.957
2021-07-27 02:00:00,8328.0,8269.986
2021-07-27 03:00:00,7386.0,7858.88
2021-07-27 04:00:00,7860.0,8056.8267
2021-07-27 05:00:00,8217.0,8190.2085
2021-07-27 06:00:00,8470.0,8373.416
2021-07-27 07:00:00,8588.0,8568.958
2021-07-27 08:00:00,8633.0,8650.337
2021-07-27 09:00:00,8729.0,8655.144
2021-07-27 10:00:00,8712.0,8658.6
2021-07-27 11:00:00,8622.0,8654.299
2021-07-27 12:00:00,8626.0,8581.915
2021-07-27 13:00:00,8667.0,8582.474
2021-07-27 14:00:00,8632.0,8581.418
2021-07-27 15:00:00,8556.0,8562.701
2021-07-27 16:00:00,8524.0,8570.302
2021-07-27 17:00:00,8384.0,8454.13
2021-07-27 18:00:00,8103.0,8115.1714
2021-07-27 19:00:00,8167.0,8177.525
2021-07-27 20:00:00,7983.0,8006.337
2021-07-27 21:00:00,7487.0,7722.4097
2021-07-27 22:00:00,8286.0,8273.24
2021-07-27 23:00:00,8286.0,8280.769
2021-07-28 00:00:00,8286.0,8310.657
2021-07-28 01:00:00,8286.0,8309.55
2021-07-28 02:00:00,8286.0,8272.956
2021-07-28 03:00:00,7503.0,7967.1377
2021-07-28 04:00:00,7853.0,7923.756
2021-07-28 05:00:00,8188.0,8153.8022
2021-07-28 06:00:00,8434.0,8308.972
2021-07-28 07:00:00,8581.0,8482.204
2021-07-28 08:00:00,8650.0,8622.49
2021-07-28 09:00:00,8717.0,8654.241
2021-07-28 10:00:00,8691.0,8650.291
2021-07-28 11:00:00,8690.0,8629.658
2021-07-28 12:00:00,8627.0,8639.053
2021-07-28 13:00:00,8645.0,8584.31
2021-07-28 14:00:00,8626.0,8592.653
2021-07-28 15:00:00,8587.0,8580.894
2021-07-28 16:00:00,8579.0,8578.666
2021-07-28 17:00:00,8554.0,8506.899
2021-07-28 18:00:00,8272.0,8263.143
2021-07-28 19:00:00,8301.0,8215.208
2021-07-28 20:00:00,8094.0,8085.4346
2021-07-28 21:00:00,7662.0,7892.6504
2021-07-28 22:00:00,8378.0,8172.215
2021-07-28 23:00:00,8378.0,8345.915
2021-07-29 00:00:00,8378.0,8372.241
2021-07-29 01:00:00,8378.0,8372.5205
2021-07-29 02:00:00,8378.0,8355.331
2021-07-29 03:00:00,8378.0,7816.075
2021-07-29 04:00:00,7976.0,8196.856
2021-07-29 05:00:00,8283.0,8257.051
2021-07-29 06:00:00,8455.0,8413.65
2021-07-29 07:00:00,8625.0,8560.126
2021-07-29 08:00:00,8650.0,8680.945
2021-07-29 09:00:00,8545.0,8676.031
2021-07-29 10:00:00,8635.0,8528.195
2021-07-29 11:00:00,8600.0,8597.62
2021-07-29 12:00:00,8544.0,8569.048
2021-07-29 13:00:00,8525.0,8520.336
2021-07-29 14:00:00,8465.0,8518.162
2021-07-29 15:00:00,8423.0,8500.425
2021-07-29 16:00:00,8526.0,8503.802
2021-07-29 17:00:00,8432.0,8483.104
2021-07-29 18:00:00,8121.0,8204.23
2021-07-29 19:00:00,8208.0,8268.3955
2021-07-29 20:00:00,8028.0,8091.5093
2021-07-29 21:00:00,7666.0,7766.1294
2021-07-29 22:00:00,8328.5,8195.8
2021-07-29 23:00:00,8328.5,8359.808
2021-07-30 00:00:00,8328.5,8281.724
2021-07-30 01:00:00,8328.5,8283.996
2021-07-30 02:00:00,8328.5,8240.906
2021-07-30 03:00:00,7584.0,7969.108
2021-07-30 04:00:00,7985.0,7911.242
2021-07-30 05:00:00,8234.0,8225.637
2021-07-30 06:00:00,8439.0,8365.841
2021-07-30 07:00:00,8615.0,8529.542
2021-07-30 08:00:00,8703.0,8659.783
2021-07-30 09:00:00,8782.0,8714.48
2021-07-30 10:00:00,8693.0,8719.199
2021-07-30 11:00:00,8605.0,8635.424
2021-07-30 12:00:00,8570.0,8571.104
2021-07-30 13:00:00,8573.0,8556.237
2021-07-30 14:00:00,8538.0,8565.734
2021-07-30 15:00:00,8429.0,8473.156
2021-07-30 16:00:00,8360.0,8453.29
2021-07-30 17:00:00,8320.0,8314.438
2021-07-30 18:00:00,8048.0,7983.7104
2021-07-30 19:00:00,8157.0,8160.5703
2021-07-30 20:00:00,7963.0,7960.0864
2021-07-30 21:00:00,7540.0,7524.5703
2021-07-30 22:00:00,7236.0,7513.0957
2021-07-30 23:00:00,7088.0,7668.5835
2021-07-31 00:00:00,7953.0,7593.7666
2021-07-31 01:00:00,7953.0,7868.0615
2021-07-31 02:00:00,7953.0,7849.03
2021-07-31 03:00:00,7953.0,7773.567
2021-07-31 04:00:00,7953.0,7803.0723
2021-07-31 05:00:00,7448.0,7645.7324
2021-07-31 06:00:00,7661.0,7621.5337
2021-07-31 07:00:00,7818.0,7752.2637
2021-07-31 08:00:00,7947.0,7835.257
2021-07-31 09:00:00,8002.0,7918.861
2021-07-31 10:00:00,7979.0,7927.361
2021-07-31 11:00:00,7959.0,7900.0244
2021-07-31 12:00:00,7992.0,7922.316
2021-07-31 13:00:00,7999.0,7986.307
2021-07-31 14:00:00,8073.0,8008.963
2021-07-31 15:00:00,8165.0,8078.258
2021-07-31 16:00:00,8172.0,8156.1655
2021-07-31 17:00:00,8158.0,8057.324
2021-07-31 18:00:00,7841.0,7821.365
2021-07-31 19:00:00,7973.0,7890.686
2021-07-31 20:00:00,7875.0,7869.7314
2021-07-31 21:00:00,7476.0,7411.792
2021-07-31 22:00:00,7092.0,7130.595
2021-07-31 23:00:00,6942.0,7506.039
2021-08-01 00:00:00,7809.0,7440.324
2021-08-01 01:00:00,7809.0,7720.534
2021-08-01 02:00:00,7809.0,7723.648
2021-08-01 03:00:00,7809.0,7717.073
2021-08-01 04:00:00,7809.0,7701.734
2021-08-01 05:00:00,7192.0,7451.552
2021-08-01 06:00:00,7410.0,7438.673
2021-08-01 07:00:00,7663.0,7599.3105
2021-08-01 08:00:00,7792.0,7779.1577
2021-08-01 09:00:00,7877.0,7810.4014
2021-08-01 10:00:00,7834.0,7847.0703
2021-08-01 11:00:00,7826.0,7785.246
2021-08-01 12:00:00,7891.0,7797.984
2021-08-01 13:00:00,7836.0,7886.188
2021-08-01 14:00:00,7866.0,7915.927
2021-08-01 15:00:00,7916.0,7975.8247
2021-08-01 16:00:00,8028.0,7999.6777
2021-08-01 17:00:00,7930.0,8033.7236
2021-08-01 18:00:00,7702.0,7792.2075
2021-08-01 19:00:00,7935.0,7926.15
2021-08-01 20:00:00,7761.0,7830.56
2021-08-01 21:00:00,7851.0,7460.431
2021-08-01 22:00:00,7851.0,7596.8794
2021-08-01 23:00:00,7878.5,7699.4756
2021-08-02 00:00:00,7903.5,7909.19
2021-08-02 01:00:00,7923.0,7928.402
2021-08-02 02:00:00,7932.5,7717.3667
2021-08-02 03:00:00,7505.0,7667.8003
2021-08-02 04:00:00,8001.0,8025.891
2021-08-02 05:00:00,8315.0,8299.586
2021-08-02 06:00:00,8494.0,8500.422
2021-08-02 07:00:00,8574.0,8603.992
2021-08-02 08:00:00,8678.0,8688.103
2021-08-02 09:00:00,8719.0,8728.799
2021-08-02 10:00:00,8650.0,8685.187
2021-08-02 11:00:00,8580.0,8615.459
2021-08-02 12:00:00,8499.0,8571.563
2021-08-02 13:00:00,8506.0,8486.863
2021-08-02 14:00:00,8450.0,8483.11
2021-08-02 15:00:00,8420.0,8452.514
2021-08-02 16:00:00,8460.0,8482.502
2021-08-02 17:00:00,8414.0,8438.031
2021-08-02 18:00:00,8160.0,8225.307
2021-08-02 19:00:00,8294.0,8241.911
2021-08-02 20:00:00,8022.0,8119.2227
2021-08-02 21:00:00,8377.0,7918.8438
2021-08-02 22:00:00,8377.0,8420.953
2021-08-02 23:00:00,8377.0,8434.274
2021-08-03 00:00:00,8377.0,8384.763
2021-08-03 01:00:00,8377.0,8383.433
2021-08-03 02:00:00,8377.0,8346.8545
2021-08-03 03:00:00,7594.0,8000.5205
2021-08-03 04:00:00,8052.0,8209.618
2021-08-03 05:00:00,8340.0,8315.778
2021-08-03 06:00:00,8498.0,8432.901
2021-08-03 07:00:00,8505.0,8547.246
2021-08-03 08:00:00,8576.0,8583.146
2021-08-03 09:00:00,8745.0,8609.624
2021-08-03 10:00:00,8708.0,8701.498
2021-08-03 11:00:00,8656.0,8643.198
2021-08-03 12:00:00,8594.0,8573.447
2021-08-03 13:00:00,8547.0,8547.348
2021-08-03 14:00:00,8461.0,8498.3545
2021-08-03 15:00:00,8365.0,8458.491
2021-08-03 16:00:00,8374.0,8451.488
2021-08-03 17:00:00,8353.0,8387.052
2021-08-03 18:00:00,8056.0,8120.617
2021-08-03 19:00:00,8176.0,8200.142
2021-08-03 20:00:00,7980.0,8040.1567
2021-08-03 21:00:00,7493.0,8102.158
2021-08-03 22:00:00,8359.0,8408.358
2021-08-03 23:00:00,8359.0,8379.819
2021-08-04 00:00:00,8359.0,8342.038
2021-08-04 01:00:00,8359.0,8340.751
2021-08-04 02:00:00,8359.0,8314.606
2021-08-04 03:00:00,7659.0,7903.186
2021-08-04 04:00:00,8168.0,8119.6294
2021-08-04 05:00:00,8405.0,8379.17
2021-08-04 06:00:00,8538.0,8511.631
2021-08-04 07:00:00,8583.0,8572.695
2021-08-04 08:00:00,8668.0,8628.917
2021-08-04 09:00:00,8685.0,8689.902
2021-08-04 10:00:00,8656.0,8659.96
2021-08-04 11:00:00,8579.0,8585.434
2021-08-04 12:00:00,8513.0,8542.193
2021-08-04 13:00:00,8429.0,8480.498
2021-08-04 14:00:00,8379.0,8444.924
2021-08-04 15:00:00,8315.0,8401.918
2021-08-04 16:00:00,8382.0,8382.985
2021-08-04 17:00:00,8347.0,8390.117
2021-08-04 18:00:00,8071.0,8066.019
2021-08-04 19:00:00,8238.0,8158.7944
2021-08-04 20:00:00,8037.0,8073.2686
2021-08-04 21:00:00,7608.0,7846.2383
2021-08-04 22:00:00,8281.0,8279.094
2021-08-04 23:00:00,8281.0,8326.675
2021-08-05 00:00:00,8281.0,8283.373
2021-08-05 01:00:00,8281.0,8283.652
2021-08-05 02:00:00,8281.0,8253.758
2021-08-05 03:00:00,7786.0,7869.9976
2021-08-05 04:00:00,8119.0,8187.6157
2021-08-05 05:00:00,8247.0,8381.44
2021-08-05 06:00:00,8413.0,8390.989
2021-08-05 07:00:00,8545.0,8522.921
2021-08-05 08:00:00,8683.0,8596.385
2021-08-05 09:00:00,8716.0,8693.739
2021-08-05 10:00:00,8688.0,8657.535
2021-08-05 11:00:00,8612.0,8625.698
2021-08-05 12:00:00,8545.0,8554.268
2021-08-05 13:00:00,8488.0,8495.626
2021-08-05 14:00:00,8473.0,8458.93
2021-08-05 15:00:00,8450.0,8415.673
2021-08-05 16:00:00,8464.0,8481.839
2021-08-05 17:00:00,8408.0,8406.297
2021-08-05 18:00:00,8162.0,8120.9126
2021-08-05 19:00:00,8309.0,8261.001
2021-08-05 20:00:00,8135.0,8080.2534
2021-08-05 21:00:00,7683.0,7857.908
2021-08-05 22:00:00,8389.5,8188.7593
2021-08-05 23:00:00,8389.5,8371.186
2021-08-06 00:00:00,8389.5,8407.739
2021-08-06 01:00:00,8389.5,8409.755
2021-08-06 02:00:00,8389.5,8372.851
2021-08-06 03:00:00,7827.0,7850.885
2021-08-06 04:00:00,8204.0,8129.6177
2021-08-06 05:00:00,8371.0,8420.549
2021-08-06 06:00:00,8588.0,8494.984
2021-08-06 07:00:00,8664.0,8670.48
2021-08-06 08:00:00,8680.0,8723.892
2021-08-06 09:00:00,8740.0,8692.673
2021-08-06 10:00:00,8629.0,8690.556
2021-08-06 11:00:00,8578.0,8583.899
2021-08-06 12:00:00,8640.0,8543.064
2021-08-06 13:00:00,8630.0,8585.026
2021-08-06 14:00:00,8546.0,8587.751
2021-08-06 15:00:00,8479.0,8503.405
2021-08-06 16:00:00,8397.0,8506.921
2021-08-06 17:00:00,8324.0,8377.885
2021-08-06 18:00:00,8103.0,8079.5635
2021-08-06 19:00:00,8197.0,8254.368
2021-08-06 20:00:00,7945.0,8032.0063
2021-08-06 21:00:00,7500.0,7618.4487
2021-08-06 22:00:00,7940.0,7563.823
2021-08-06 23:00:00,7940.0,7806.8438
2021-08-07 00:00:00,7928.0,7924.313
2021-08-07 01:00:00,7928.0,7923.0737
2021-08-07 02:00:00,7928.0,7917.0913
2021-08-07 03:00:00,7928.0,7887.561
2021-08-07 04:00:00,7928.0,7875.5615
2021-08-07 05:00:00,7461.0,7684.1206
2021-08-07 06:00:00,7688.0,7672.8184
2021-08-07 07:00:00,7840.0,7826.1025
2021-08-07 08:00:00,7935.0,7918.886
2021-08-07 09:00:00,7976.0,7945.934
2021-08-07 10:00:00,7949.0,7984.6553
2021-08-07 11:00:00,7921.0,7956.9175
2021-08-07 12:00:00,7990.0,7947.7666
2021-08-07 13:00:00,8082.0,8038.227
2021-08-07 14:00:00,8171.0,8149.821
2021-08-07 15:00:00,8289.0,8238.11
2021-08-07 16:00:00,8285.0,8294.807
2021-08-07 17:00:00,8136.0,8173.3774
2021-08-07 18:00:00,7884.0,7918.618
2021-08-07 19:00:00,8042.0,7978.2812
2021-08-07 20:00:00,7785.0,7905.315
2021-08-07 21:00:00,7350.0,7423.394
2021-08-07 22:00:00,6975.0,7198.6543
2021-08-07 23:00:00,7834.5,7173.189
2021-08-08 00:00:00,7811.5,7730.6836
2021-08-08 01:00:00,7811.5,7720.475
2021-08-08 02:00:00,7811.5,7742.329
2021-08-08 03:00:00,7811.5,7734.9478
2021-08-08 04:00:00,7811.5,7724.9575
2021-08-08 05:00:00,7217.0,7459.218
2021-08-08 06:00:00,7497.0,7390.4966
2021-08-08 07:00:00,7782.0,7600.5537
2021-08-08 08:00:00,7920.0,7833.044
2021-08-08 09:00:00,7916.0,7920.375
2021-08-08 10:00:00,7899.0,7885.2764
2021-08-08 11:00:00,7838.0,7841.135
2021-08-08 12:00:00,7858.0,7848.0664
2021-08-08 13:00:00,7862.0,7928.39
2021-08-08 14:00:00,7901.0,7961.0264
2021-08-08 15:00:00,8005.0,7991.632
2021-08-08 16:00:00,8050.0,8099.197
2021-08-08 17:00:00,8000.0,8050.308
2021-08-08 18:00:00,7793.0,7822.182
2021-08-08 19:00:00,8044.0,7979.2437
2021-08-08 20:00:00,7793.0,7844.737
2021-08-08 21:00:00,7315.0,7596.155
2021-08-08 22:00:00,7880.5,7518.444
2021-08-08 23:00:00,7881.5,7916.7085
2021-08-09 00:00:00,7950.5,7934.042
2021-08-09 01:00:00,8002.5,7963.269
2021-08-09 02:00:00,8024.5,7917.068
2021-08-09 03:00:00,7604.0,7746.6265
2021-08-09 04:00:00,8105.0,8137.223
2021-08-09 05:00:00,8548.0,8405.29
2021-08-09 06:00:00,8816.0,8749.024
2021-08-09 07:00:00,8874.0,8827.364
2021-08-09 08:00:00,8984.0,8904.157
2021-08-09 09:00:00,9049.0,8982.232
2021-08-09 10:00:00,8989.0,8930.361
2021-08-09 11:00:00,8936.0,8888.751
2021-08-09 12:00:00,8854.0,8846.039
2021-08-09 13:00:00,8831.0,8773.726
2021-08-09 14:00:00,8783.0,8746.643
2021-08-09 15:00:00,8673.0,8715.062
2021-08-09 16:00:00,8650.0,8653.628
2021-08-09 17:00:00,8538.0,8592.086
2021-08-09 18:00:00,8295.0,8315.037
2021-08-09 19:00:00,8409.0,8333.864
2021-08-09 20:00:00,8057.0,8223.377
2021-08-09 21:00:00,7588.0,8082.434
2021-08-09 22:00:00,8498.0,8587.208
2021-08-09 23:00:00,8498.0,8492.573
2021-08-10 00:00:00,8498.0,8480.877
2021-08-10 01:00:00,8498.0,8474.737
2021-08-10 02:00:00,8498.0,8416.374
2021-08-10 03:00:00,8498.0,7868.847
2021-08-10 04:00:00,8160.0,8408.364
2021-08-10 05:00:00,8458.0,8427.378
2021-08-10 06:00:00,8590.0,8648.369
2021-08-10 07:00:00,8634.0,8689.407
2021-08-10 08:00:00,8770.0,8686.215
2021-08-10 09:00:00,8824.0,8776.987
2021-08-10 10:00:00,8701.0,8768.59
2021-08-10 11:00:00,8709.0,8655.469
2021-08-10 12:00:00,8704.0,8655.557
2021-08-10 13:00:00,8653.0,8656.7295
2021-08-10 14:00:00,8616.0,8597.206
2021-08-10 15:00:00,8506.0,8573.956
2021-08-10 16:00:00,8649.0,8554.956
2021-08-10 17:00:00,8570.0,8562.435
2021-08-10 18:00:00,8328.0,8270.239
2021-08-10 19:00:00,8388.0,8337.815
2021-08-10 20:00:00,8091.0,8114.2725
2021-08-10 21:00:00,8538.0,8262.686
2021-08-10 22:00:00,8538.0,8545.35
2021-08-10 23:00:00,8538.0,8517.353
2021-08-11 00:00:00,8538.0,8533.152
2021-08-11 01:00:00,8538.0,8534.194
2021-08-11 02:00:00,8538.0,8500.138
2021-08-11 03:00:00,7816.0,8220.56
2021-08-11 04:00:00,8386.0,8367.571
2021-08-11 05:00:00,8748.0,8576.692
2021-08-11 06:00:00,8936.0,8834.741
2021-08-11 07:00:00,8983.0,8913.418
2021-08-11 08:00:00,9023.0,8987.357
2021-08-11 09:00:00,9041.0,9001.381
2021-08-11 10:00:00,9006.0,8941.838
2021-08-11 11:00:00,8922.0,8899.725
2021-08-11 12:00:00,8852.0,8844.277
2021-08-11 13:00:00,8767.0,8775.381
2021-08-11 14:00:00,8702.0,8736.94
2021-08-11 15:00:00,8657.0,8648.03
2021-08-11 16:00:00,8720.0,8671.372
2021-08-11 17:00:00,8660.0,8654.581
2021-08-11 18:00:00,8422.0,8359.853
2021-08-11 19:00:00,8501.0,8409.217
2021-08-11 20:00:00,8186.0,8223.588
2021-08-11 21:00:00,8658.5,8375.294
2021-08-11 22:00:00,8658.5,8635.162
2021-08-11 23:00:00,8658.5,8629.693
2021-08-12 00:00:00,8658.5,8593.223
2021-08-12 01:00:00,8658.5,8593.166
2021-08-12 02:00:00,8658.5,8565.923
2021-08-12 03:00:00,8658.5,8137.201
2021-08-12 04:00:00,8417.0,8609.527
2021-08-12 05:00:00,8715.0,8646.3125
2021-08-12 06:00:00,8857.0,8850.127
2021-08-12 07:00:00,8873.0,8895.708
2021-08-12 08:00:00,8985.0,8944.038
2021-08-12 09:00:00,9019.0,9007.864
2021-08-12 10:00:00,8960.0,8952.219
2021-08-12 11:00:00,8892.0,8893.801
2021-08-12 12:00:00,8851.0,8838.337
2021-08-12 13:00:00,8795.0,8795.19
2021-08-12 14:00:00,8770.0,8752.381
2021-08-12 15:00:00,8612.0,8734.001
2021-08-12 16:00:00,8633.0,8669.82
2021-08-12 17:00:00,8616.0,8626.995
2021-08-12 18:00:00,8522.0,8402.278
2021-08-12 19:00:00,8650.0,8523.002
2021-08-12 20:00:00,8342.0,8327.826
2021-08-12 21:00:00,7959.0,8455.621
2021-08-12 22:00:00,7674.0,8618.674
2021-08-12 23:00:00,7524.0,8281.567
2021-08-13 00:00:00,7560.0,7960.2734
2021-08-13 01:00:00,7629.0,7890.0254
2021-08-13 02:00:00,7787.0,7890.0845
2021-08-13 03:00:00,8250.0,7867.152
2021-08-13 04:00:00,8786.0,8428.782
2021-08-13 05:00:00,9039.0,8894.646
2021-08-13 06:00:00,9025.0,9061.223
2021-08-13 07:00:00,9053.0,8981.176
2021-08-13 08:00:00,9096.0,9011.618
2021-08-13 09:00:00,9094.0,9037.762
2021-08-13 10:00:00,9159.0,8999.276
2021-08-13 11:00:00,8852.0,8990.234
2021-08-13 12:00:00,8753.0,8771.448
2021-08-13 13:00:00,8732.0,8721.896
2021-08-13 14:00:00,8654.0,8693.024
2021-08-13 15:00:00,8592.0,8590.752
2021-08-13 16:00:00,8547.0,8609.428
2021-08-13 17:00:00,8445.0,8498.394
2021-08-13 18:00:00,8211.0,8231.627
2021-08-13 19:00:00,8337.0,8293.636
2021-08-13 20:00:00,7954.0,8069.8545
2021-08-13 21:00:00,7492.0,7656.3965
2021-08-13 22:00:00,8125.0,7679.4717
2021-08-13 23:00:00,8114.0,7913.1626
2021-08-14 00:00:00,8090.5,8009.671
2021-08-14 01:00:00,8090.5,7996.704
2021-08-14 02:00:00,8090.5,7966.917
2021-08-14 03:00:00,8090.5,8004.1904
2021-08-14 04:00:00,7237.0,7936.103
2021-08-14 05:00:00,7548.0,7519.163
2021-08-14 06:00:00,7785.0,7746.112
2021-08-14 07:00:00,8064.0,7940.8945
2021-08-14 08:00:00,8186.0,8137.9487
2021-08-14 09:00:00,8242.0,8173.6567
2021-08-14 10:00:00,8164.0,8183.3877
2021-08-14 11:00:00,8117.0,8110.3813
2021-08-14 12:00:00,8159.0,8129.803
2021-08-14 13:00:00,8259.0,8207.443
2021-08-14 14:00:00,8335.0,8312.583
2021-08-14 15:00:00,8259.0,8371.472
2021-08-14 16:00:00,8240.0,8293.495
2021-08-14 17:00:00,8066.0,8181.017
2021-08-14 18:00:00,7736.0,7951.9873
2021-08-14 19:00:00,7922.0,7930.042
2021-08-14 20:00:00,7612.0,7812.501
2021-08-14 21:00:00,7102.0,7360.972
2021-08-14 22:00:00,6904.41,7261.836
2021-08-14 23:00:00,6904.41,7274.3184
2021-08-15 00:00:00,6904.41,7176.7437
2021-08-15 01:00:00,6904.41,7162.3716
2021-08-15 02:00:00,6904.41,7083.0425
2021-08-15 03:00:00,7674.0,7140.272
2021-08-15 04:00:00,7674.0,7464.726
2021-08-15 05:00:00,7674.0,7461.9463
2021-08-15 06:00:00,7096.0,7628.976
2021-08-15 07:00:00,7584.0,7480.7285
2021-08-15 08:00:00,7852.0,7729.117
2021-08-15 09:00:00,7954.0,7867.121
2021-08-15 10:00:00,7977.0,7882.783
2021-08-15 11:00:00,7993.0,7885.49
2021-08-15 12:00:00,7971.0,7906.9272
2021-08-15 13:00:00,7996.0,7974.63
2021-08-15 14:00:00,8058.0,8010.203
2021-08-15 15:00:00,8112.0,8089.9336
2021-08-15 16:00:00,8224.0,8153.944
2021-08-15 17:00:00,8179.0,8030.1943
2021-08-15 18:00:00,7974.0,7807.5117
2021-08-15 19:00:00,8157.0,8027.776
2021-08-15 20:00:00,7978.0,7865.9507
2021-08-15 21:00:00,7563.0,7495.621
2021-08-15 22:00:00,7994.5,7362.8135
2021-08-15 23:00:00,8027.0,7763.3994
2021-08-16 00:00:00,8085.0,7948.829
2021-08-16 01:00:00,8134.5,7949.907
2021-08-16 02:00:00,8168.0,7783.217
2021-08-16 03:00:00,7834.0,7862.5684
2021-08-16 04:00:00,8462.0,8269.151
2021-08-16 05:00:00,8714.0,8777.0
2021-08-16 06:00:00,8786.0,8877.187
2021-08-16 07:00:00,8909.0,8919.645
2021-08-16 08:00:00,8970.0,9022.533
2021-08-16 09:00:00,8940.0,9034.301
2021-08-16 10:00:00,8992.0,8959.221
2021-08-16 11:00:00,8941.0,8930.365
2021-08-16 12:00:00,8846.0,8869.358
2021-08-16 13:00:00,8736.0,8771.2295
2021-08-16 14:00:00,8663.0,8691.402
2021-08-16 15:00:00,8649.0,8633.203
2021-08-16 16:00:00,8734.0,8670.564
2021-08-16 17:00:00,8680.0,8676.266
2021-08-16 18:00:00,8490.0,8441.782
2021-08-16 19:00:00,8532.0,8454.897
2021-08-16 20:00:00,8185.0,8257.37
2021-08-16 21:00:00,8656.0,8034.0786
2021-08-16 22:00:00,8656.0,8661.7295
2021-08-16 23:00:00,8656.0,8679.446
2021-08-17 00:00:00,8656.0,8655.366
2021-08-17 01:00:00,8656.0,8643.648
2021-08-17 02:00:00,8656.0,8604.99
2021-08-17 03:00:00,7986.0,8357.972
2021-08-17 04:00:00,8538.0,8567.4
2021-08-17 05:00:00,8783.0,8751.181
2021-08-17 06:00:00,8976.0,8859.901
2021-08-17 07:00:00,9088.0,8993.782
2021-08-17 08:00:00,9165.0,9098.647
2021-08-17 09:00:00,9219.0,9132.909
2021-08-17 10:00:00,9092.0,9102.797
2021-08-17 11:00:00,9022.0,9019.623
2021-08-17 12:00:00,8914.0,8950.671
2021-08-17 13:00:00,8876.0,8856.708
2021-08-17 14:00:00,8985.0,8830.375
2021-08-17 15:00:00,8906.0,8917.847
2021-08-17 16:00:00,8952.0,8918.938
2021-08-17 17:00:00,8827.0,8907.434
2021-08-17 18:00:00,8640.0,8549.695
2021-08-17 19:00:00,8559.0,8575.925
2021-08-17 20:00:00,8191.0,8340.837
2021-08-17 21:00:00,8851.5,8675.983
2021-08-17 22:00:00,8851.5,8821.12
2021-08-17 23:00:00,8851.5,8812.918
2021-08-18 00:00:00,8851.5,8805.493
2021-08-18 01:00:00,8851.5,8802.361
2021-08-18 02:00:00,8857.0,8757.154
2021-08-18 03:00:00,8857.0,8228.489
2021-08-18 04:00:00,8601.0,8764.079
2021-08-18 05:00:00,8887.0,8866.032
2021-08-18 06:00:00,8984.0,9000.592
2021-08-18 07:00:00,9029.0,9042.533
2021-08-18 08:00:00,9109.0,9075.567
2021-08-18 09:00:00,9152.0,9147.281
2021-08-18 10:00:00,9142.0,9075.361
2021-08-18 11:00:00,9112.0,9053.165
2021-08-18 12:00:00,9126.0,9040.585
2021-08-18 13:00:00,9153.0,9044.232
2021-08-18 14:00:00,9148.0,9093.426
2021-08-18 15:00:00,9087.0,9066.677
2021-08-18 16:00:00,9172.0,9137.797
2021-08-18 17:00:00,9022.0,9097.767
2021-08-18 18:00:00,8713.0,8746.513
2021-08-18 19:00:00,8617.0,8634.538
2021-08-18 20:00:00,8960.5,8382.157
2021-08-18 21:00:00,8960.5,8827.295
2021-08-18 22:00:00,8960.5,8902.624
2021-08-18 23:00:00,8960.5,8907.179
2021-08-19 00:00:00,8960.5,8922.773
2021-08-19 01:00:00,8944.5,8926.247
2021-08-19 02:00:00,8887.0,8850.033
2021-08-19 03:00:00,8887.0,8610.297
2021-08-19 04:00:00,8700.0,8859.567
2021-08-19 05:00:00,8899.0,8960.974
2021-08-19 06:00:00,9080.0,9050.667
2021-08-19 07:00:00,9112.0,9109.034
2021-08-19 08:00:00,9177.0,9153.247
2021-08-19 09:00:00,9154.0,9162.796
2021-08-19 10:00:00,9086.0,9092.855
2021-08-19 11:00:00,9037.0,9058.648
2021-08-19 12:00:00,8990.0,9007.185
2021-08-19 13:00:00,8875.0,8968.665
2021-08-19 14:00:00,8983.0,8930.907
2021-08-19 15:00:00,8926.0,8976.097
2021-08-19 16:00:00,8950.0,8983.863
2021-08-19 17:00:00,8919.0,8925.619
2021-08-19 18:00:00,8708.0,8739.378
2021-08-19 19:00:00,8634.0,8679.448
2021-08-19 20:00:00,8255.0,8558.3955
2021-08-19 21:00:00,8897.0,8521.515
2021-08-19 22:00:00,8897.0,8913.38
2021-08-19 23:00:00,8897.0,8898.776
2021-08-20 00:00:00,8897.0,8831.909
2021-08-20 01:00:00,8897.0,8832.414
2021-08-20 02:00:00,8922.5,8672.489
2021-08-20 03:00:00,8193.0,8534.51
2021-08-20 04:00:00,8726.0,8661.864
2021-08-20 05:00:00,9000.0,8998.728
2021-08-20 06:00:00,9016.0,9140.466
2021-08-20 07:00:00,9128.0,9086.669
2021-08-20 08:00:00,9197.0,9206.301
2021-08-20 09:00:00,9206.0,9231.984
2021-08-20 10:00:00,9119.0,9138.753
2021-08-20 11:00:00,9031.0,9054.819
2021-08-20 12:00:00,9059.0,8972.67
2021-08-20 13:00:00,8991.0,9002.371
2021-08-20 14:00:00,8946.0,8965.344
2021-08-20 15:00:00,8925.0,8918.112
2021-08-20 16:00:00,8908.0,8954.604
2021-08-20 17:00:00,8841.0,8868.908
2021-08-20 18:00:00,8656.0,8575.436
2021-08-20 19:00:00,8634.0,8612.352
2021-08-20 20:00:00,8311.0,8341.68
2021-08-20 21:00:00,7840.0,8100.745
2021-08-20 22:00:00,8404.0,8129.965
2021-08-20 23:00:00,8398.5,8312.269
2021-08-21 00:00:00,8352.5,8376.74
2021-08-21 01:00:00,8352.5,8318.87
2021-08-21 02:00:00,8352.5,8296.347
2021-08-21 03:00:00,8352.5,8207.816
2021-08-21 04:00:00,8352.5,8105.0635
2021-08-21 05:00:00,7929.0,8086.364
2021-08-21 06:00:00,8136.0,8025.5034
2021-08-21 07:00:00,8334.0,8248.853
2021-08-21 08:00:00,8481.0,8381.748
2021-08-21 09:00:00,8474.0,8444.206
2021-08-21 10:00:00,8463.0,8437.597
2021-08-21 11:00:00,8371.0,8401.044
2021-08-21 12:00:00,8429.0,8393.578
2021-08-21 13:00:00,8508.0,8466.78
2021-08-21 14:00:00,8608.0,8551.371
2021-08-21 15:00:00,8708.0,8634.493
2021-08-21 16:00:00,8740.0,8711.679
2021-08-21 17:00:00,8628.0,8598.885
2021-08-21 18:00:00,8510.0,8392.115
2021-08-21 19:00:00,8561.0,8508.82
2021-08-21 20:00:00,8294.0,8309.982
2021-08-21 21:00:00,7794.0,7883.1274
2021-08-21 22:00:00,7417.0,7577.4673
2021-08-21 23:00:00,8289.5,7548.4287
2021-08-22 00:00:00,8266.0,8054.185
2021-08-22 01:00:00,8236.0,8075.8975
2021-08-22 02:00:00,8218.5,8074.665
2021-08-22 03:00:00,8218.5,8076.1885
2021-08-22 04:00:00,8218.5,8087.446
2021-08-22 05:00:00,7610.0,7968.406
2021-08-22 06:00:00,7891.0,7826.4214
2021-08-22 07:00:00,8116.0,8035.906
2021-08-22 08:00:00,8285.0,8218.351
2021-08-22 09:00:00,8362.0,8286.777
2021-08-22 10:00:00,8338.0,8305.119
2021-08-22 11:00:00,8247.0,8284.046
2021-08-22 12:00:00,8225.0,8273.489
2021-08-22 13:00:00,8212.0,8277.149
2021-08-22 14:00:00,8284.0,8323.829
2021-08-22 15:00:00,8349.0,8363.508
2021-08-22 16:00:00,8434.0,8452.848
2021-08-22 17:00:00,8454.0,8451.762
2021-08-22 18:00:00,8384.0,8381.981
2021-08-22 19:00:00,8511.0,8536.785
2021-08-22 20:00:00,8138.0,8319.45
2021-08-22 21:00:00,8311.0,7829.338
2021-08-22 22:00:00,8311.0,8113.4053
2021-08-22 23:00:00,8316.5,8177.1567
2021-08-23 00:00:00,8366.5,8282.607
2021-08-23 01:00:00,8409.0,8324.449
2021-08-23 02:00:00,8444.0,8412.194
2021-08-23 03:00:00,7893.0,8199.493
2021-08-23 04:00:00,8477.0,8514.629
2021-08-23 05:00:00,8726.0,8856.862
2021-08-23 06:00:00,8737.0,8907.565
2021-08-23 07:00:00,8706.0,8918.996
2021-08-23 08:00:00,8762.0,8910.329
2021-08-23 09:00:00,8784.0,8912.522
2021-08-23 10:00:00,8715.0,8855.637
2021-08-23 11:00:00,8646.0,8802.196
2021-08-23 12:00:00,8554.0,8694.41
2021-08-23 13:00:00,8551.0,8619.102
2021-08-23 14:00:00,8571.0,8621.152
2021-08-23 15:00:00,8667.0,8619.186
2021-08-23 16:00:00,8777.0,8717.733
2021-08-23 17:00:00,8752.0,8725.027
2021-08-23 18:00:00,8566.0,8552.607
2021-08-23 19:00:00,8562.0,8592.043
2021-08-23 20:00:00,8383.0,8396.114
2021-08-23 21:00:00,8428.5,8492.059
2021-08-23 22:00:00,8428.5,8588.043
2021-08-23 23:00:00,8428.5,8567.121
2021-08-24 00:00:00,8428.5,8494.705
2021-08-24 01:00:00,8428.5,8493.658
2021-08-24 02:00:00,8428.5,8455.626
2021-08-24 03:00:00,8428.5,8161.2466
2021-08-24 04:00:00,8253.0,8492.944
2021-08-24 05:00:00,8384.0,8464.794
2021-08-24 06:00:00,8453.0,8584.188
2021-08-24 07:00:00,8382.0,8580.86
2021-08-24 08:00:00,8404.0,8560.572
2021-08-24 09:00:00,8632.0,8520.053
2021-08-24 10:00:00,8558.0,8534.887
2021-08-24 11:00:00,8505.0,8487.861
2021-08-24 12:00:00,8527.0,8443.16
2021-08-24 13:00:00,8530.0,8453.018
2021-08-24 14:00:00,8608.0,8463.553
2021-08-24 15:00:00,8563.0,8535.012
2021-08-24 16:00:00,8697.0,8584.48
2021-08-24 17:00:00,8675.0,8643.023
2021-08-24 18:00:00,8581.0,8440.8125
2021-08-24 19:00:00,8532.0,8507.844
2021-08-24 20:00:00,8294.0,8311.2295
2021-08-24 21:00:00,8545.0,8258.648
2021-08-24 22:00:00,8545.0,8517.544
2021-08-24 23:00:00,8547.5,8517.765
2021-08-25 00:00:00,8572.0,8512.901
2021-08-25 01:00:00,8594.5,8566.022
2021-08-25 02:00:00,8641.5,8465.713
2021-08-25 03:00:00,8255.0,8247.908
2021-08-25 04:00:00,8751.0,8371.046
2021-08-25 05:00:00,8885.0,8843.787
2021-08-25 06:00:00,9044.0,8932.446
2021-08-25 07:00:00,9344.0,9010.799
2021-08-25 08:00:00,9433.0,9250.623
2021-08-25 09:00:00,9431.0,9329.599
2021-08-25 10:00:00,9285.0,9291.694
2021-08-25 11:00:00,9209.0,9159.062
2021-08-25 12:00:00,9201.0,9124.271
2021-08-25 13:00:00,9169.0,9127.485
2021-08-25 14:00:00,9113.0,9133.548
2021-08-25 15:00:00,9190.0,9121.899
2021-08-25 16:00:00,9264.0,9207.74
2021-08-25 17:00:00,9113.0,9188.174
2021-08-25 18:00:00,8901.0,8916.939
2021-08-25 19:00:00,8727.0,8794.86
2021-08-25 20:00:00,8337.0,8595.86
2021-08-25 21:00:00,9067.0,8590.889
2021-08-25 22:00:00,9067.0,8999.95
2021-08-25 23:00:00,9067.0,8997.685
2021-08-26 00:00:00,9067.0,8996.773
2021-08-26 01:00:00,9067.0,8979.211
2021-08-26 02:00:00,9060.5,8930.16
2021-08-26 03:00:00,8191.0,8718.593
2021-08-26 04:00:00,8619.0,8808.508
2021-08-26 05:00:00,9021.0,8936.662
2021-08-26 06:00:00,9179.0,9106.002
2021-08-26 07:00:00,9266.0,9224.33
2021-08-26 08:00:00,9361.0,9298.528
2021-08-26 09:00:00,9460.0,9312.376
2021-08-26 10:00:00,9357.0,9333.421
2021-08-26 11:00:00,9204.0,9219.843
2021-08-26 12:00:00,9150.0,9124.746
2021-08-26 13:00:00,9100.0,9101.185
2021-08-26 14:00:00,9064.0,9111.479
2021-08-26 15:00:00,8998.0,9044.133
2021-08-26 16:00:00,9112.0,9053.128
2021-08-26 17:00:00,9036.0,9127.229
2021-08-26 18:00:00,8834.0,8882.566
2021-08-26 19:00:00,8746.0,8772.967
2021-08-26 20:00:00,8356.0,8420.28
2021-08-26 21:00:00,9017.0,8574.492
2021-08-26 22:00:00,9017.0,8950.87
2021-08-26 23:00:00,9017.0,8958.067
2021-08-27 00:00:00,9017.0,8967.035
2021-08-27 01:00:00,8997.5,8967.562
2021-08-27 02:00:00,8997.5,8897.347
2021-08-27 03:00:00,8997.5,8569.999
2021-08-27 04:00:00,8772.0,9035.532
2021-08-27 05:00:00,9112.0,9040.503
2021-08-27 06:00:00,9322.0,9232.578
2021-08-27 07:00:00,9302.0,9332.716
2021-08-27 08:00:00,9251.0,9330.576
2021-08-27 09:00:00,9236.0,9303.932
2021-08-27 10:00:00,9168.0,9201.828
2021-08-27 11:00:00,9063.0,9090.852
2021-08-27 12:00:00,8997.0,9024.205
2021-08-27 13:00:00,9007.0,8977.584
2021-08-27 14:00:00,9000.0,8992.008
2021-08-27 15:00:00,9056.0,8981.428
2021-08-27 16:00:00,9095.0,9076.902
2021-08-27 17:00:00,8981.0,9073.698
2021-08-27 18:00:00,8846.0,8791.978
2021-08-27 19:00:00,8770.0,8768.344
2021-08-27 20:00:00,8495.0,8420.907
2021-08-27 21:00:00,8048.0,8214.818
2021-08-27 22:00:00,8484.5,8263.21
2021-08-27 23:00:00,8468.0,8460.304
2021-08-28 00:00:00,8434.0,8443.087
2021-08-28 01:00:00,8371.0,8419.1045
2021-08-28 02:00:00,8331.0,8380.386
2021-08-28 03:00:00,8331.0,8281.527
2021-08-28 04:00:00,8331.0,8331.977
2021-08-28 05:00:00,8095.0,8191.294
2021-08-28 06:00:00,8323.0,8248.353
2021-08-28 07:00:00,8474.0,8427.67
2021-08-28 08:00:00,8553.0,8565.58
2021-08-28 09:00:00,8462.0,8560.826
2021-08-28 10:00:00,8406.0,8467.814
2021-08-28 11:00:00,8336.0,8412.47
2021-08-28 12:00:00,8315.0,8348.222
2021-08-28 13:00:00,8326.0,8421.425
2021-08-28 14:00:00,8384.0,8482.023
2021-08-28 15:00:00,8456.0,8547.512
2021-08-28 16:00:00,8508.0,8583.251
2021-08-28 17:00:00,8444.0,8501.999
2021-08-28 18:00:00,8374.0,8385.51
2021-08-28 19:00:00,8344.0,8529.056
2021-08-28 20:00:00,8117.0,8199.721
2021-08-28 21:00:00,7653.0,7658.1396
2021-08-28 22:00:00,7797.0,7512.9443
2021-08-28 23:00:00,7768.5,7785.2285
2021-08-29 00:00:00,7751.0,7843.823
2021-08-29 01:00:00,7734.5,7813.028
2021-08-29 02:00:00,7708.0,7800.2686
2021-08-29 03:00:00,7684.5,7826.6797
2021-08-29 04:00:00,7684.5,7831.986
2021-08-29 05:00:00,7562.0,7670.0073
2021-08-29 06:00:00,7728.0,7776.0625
2021-08-29 07:00:00,7776.0,7913.759
2021-08-29 08:00:00,7818.0,8000.8994
2021-08-29 09:00:00,7761.0,7969.648
2021-08-29 10:00:00,7741.0,7909.512
2021-08-29 11:00:00,7688.0,7879.9077
2021-08-29 12:00:00,7681.0,7835.275
2021-08-29 13:00:00,7651.0,7851.207
2021-08-29 14:00:00,7650.0,7886.6
2021-08-29 15:00:00,7724.0,7900.305
2021-08-29 16:00:00,7861.0,7965.4316
2021-08-29 17:00:00,7827.0,8023.311
2021-08-29 18:00:00,7771.0,7957.6436
2021-08-29 19:00:00,7899.0,8067.341
2021-08-29 20:00:00,7772.0,7947.377
2021-08-29 21:00:00,7524.0,7632.307
2021-08-29 22:00:00,7756.0,7646.386
2021-08-29 23:00:00,7771.5,7800.956
2021-08-30 00:00:00,7799.5,7805.592
2021-08-30 01:00:00,7844.0,7813.669
2021-08-30 02:00:00,7501.0,7760.4434
2021-08-30 03:00:00,7878.0,7946.0903
2021-08-30 04:00:00,8279.0,8391.011
2021-08-30 05:00:00,8450.0,8631.662
2021-08-30 06:00:00,8553.0,8679.3125
2021-08-30 07:00:00,8522.0,8657.625
2021-08-30 08:00:00,8654.0,8609.384
2021-08-30 09:00:00,8984.0,8681.952
2021-08-30 10:00:00,8911.0,8851.621
2021-08-30 11:00:00,8839.0,8811.15
2021-08-30 12:00:00,8749.0,8738.468
2021-08-30 13:00:00,8763.0,8679.538
2021-08-30 14:00:00,8714.0,8712.58
2021-08-30 15:00:00,8672.0,8705.127
2021-08-30 16:00:00,8789.0,8699.767
2021-08-30 17:00:00,8817.0,8762.049
2021-08-30 18:00:00,8697.0,8526.103
2021-08-30 19:00:00,8568.0,8603.893
2021-08-30 20:00:00,8172.0,8379.348
2021-08-30 21:00:00,8705.5,8123.0703
2021-08-30 22:00:00,8705.5,8691.915
2021-08-30 23:00:00,8705.5,8696.102
2021-08-31 00:00:00,8694.5,8719.223
2021-08-31 01:00:00,8682.0,8660.783
2021-08-31 02:00:00,8667.5,8636.941
2021-08-31 03:00:00,8149.0,8402.495
2021-08-31 04:00:00,8663.0,8459.619
2021-08-31 05:00:00,8811.0,8754.038
2021-08-31 06:00:00,8947.0,8814.975
2021-08-31 07:00:00,8957.0,8885.878
2021-08-31 08:00:00,8960.0,8932.426
2021-08-31 09:00:00,8959.0,8984.344
2021-08-31 10:00:00,8851.0,8901.981
2021-08-31 11:00:00,8692.0,8774.033
2021-08-31 12:00:00,8622.0,8681.277
2021-08-31 13:00:00,8619.0,8641.113
2021-08-31 14:00:00,8656.0,8633.741
2021-08-31 15:00:00,8624.0,8624.452
2021-08-31 16:00:00,8747.0,8704.388
2021-08-31 17:00:00,8754.0,8766.689
2021-08-31 18:00:00,8523.0,8622.465
2021-08-31 19:00:00,8329.0,8556.841
2021-08-31 20:00:00,8007.0,8233.752
2021-08-31 21:00:00,8620.5,8497.885
2021-08-31 22:00:00,8620.5,8647.705
2021-08-31 23:00:00,8620.5,8644.524
2021-09-01 00:00:00,8620.5,8640.898
2021-09-01 01:00:00,8607.5,8640.962
2021-09-01 02:00:00,8573.5,8596.874
2021-09-01 03:00:00,7896.0,8119.1714
2021-09-01 04:00:00,8486.0,8541.792
2021-09-01 05:00:00,8799.0,8720.075
2021-09-01 06:00:00,8949.0,8907.75
2021-09-01 07:00:00,8951.0,8968.194
2021-09-01 08:00:00,8959.0,8967.612
2021-09-01 09:00:00,8916.0,8981.779
2021-09-01 10:00:00,8818.0,8856.224
2021-09-01 11:00:00,8708.0,8762.824
2021-09-01 12:00:00,8596.0,8680.921
2021-09-01 13:00:00,8551.0,8599.561
2021-09-01 14:00:00,8546.0,8627.065
2021-09-01 15:00:00,8563.0,8615.453
2021-09-01 16:00:00,8789.0,8769.267
2021-09-01 17:00:00,8756.0,8872.111
2021-09-01 18:00:00,8735.0,8510.256
2021-09-01 19:00:00,8688.0,8453.128
2021-09-01 20:00:00,8492.0,8269.992
2021-09-01 21:00:00,8605.0,8558.0
2021-09-01 22:00:00,8605.0,8646.621
2021-09-01 23:00:00,8605.0,8649.155
2021-09-02 00:00:00,8605.0,8667.002
2021-09-02 01:00:00,8651.0,8663.008
2021-09-02 02:00:00,8711.5,8651.356
2021-09-02 03:00:00,8520.0,8211.786
2021-09-02 04:00:00,8614.0,8648.292
2021-09-02 05:00:00,8935.0,8888.477
2021-09-02 06:00:00,9030.0,9034.616
2021-09-02 07:00:00,8981.0,9042.164
2021-09-02 08:00:00,8997.0,9058.678
2021-09-02 09:00:00,9006.0,9051.058
2021-09-02 10:00:00,8930.0,8971.874
2021-09-02 11:00:00,8877.0,8894.428
2021-09-02 12:00:00,8854.0,8843.859
2021-09-02 13:00:00,8856.0,8798.548
2021-09-02 14:00:00,9033.0,8822.583
2021-09-02 15:00:00,9063.0,8984.478
2021-09-02 16:00:00,9168.0,9143.264
2021-09-02 17:00:00,9234.0,9184.085
2021-09-02 18:00:00,8946.0,8897.608
2021-09-02 19:00:00,8718.0,8764.353
2021-09-02 20:00:00,8463.0,8464.786
2021-09-02 21:00:00,7938.0,8631.945
2021-09-02 22:00:00,8903.5,8678.09
2021-09-02 23:00:00,8911.5,8870.627
2021-09-03 00:00:00,8980.0,8895.352
2021-09-03 01:00:00,8980.0,8927.496
2021-09-03 02:00:00,7964.0,8896.493
2021-09-03 03:00:00,8526.0,8448.76
2021-09-03 04:00:00,9075.0,8798.918
2021-09-03 05:00:00,9312.0,9250.966
2021-09-03 06:00:00,9459.0,9397.651
2021-09-03 07:00:00,9352.0,9429.613
2021-09-03 08:00:00,9339.0,9345.861
2021-09-03 09:00:00,9320.0,9307.91
2021-09-03 10:00:00,9140.0,9205.808
2021-09-03 11:00:00,9014.0,9029.502
2021-09-03 12:00:00,8906.0,8944.41
2021-09-03 13:00:00,8847.0,8892.019
2021-09-03 14:00:00,8846.0,8907.718
2021-09-03 15:00:00,8905.0,8904.701
2021-09-03 16:00:00,8974.0,9086.417
2021-09-03 17:00:00,8979.0,9049.695
2021-09-03 18:00:00,8810.0,8829.805
2021-09-03 19:00:00,8664.0,8631.677
2021-09-03 20:00:00,8361.0,8363.773
2021-09-03 21:00:00,7905.0,7925.998
2021-09-03 22:00:00,8377.5,8337.494
2021-09-03 23:00:00,8377.5,8439.416
2021-09-04 00:00:00,8369.0,8361.435
2021-09-04 01:00:00,8369.0,8362.452
2021-09-04 02:00:00,8369.0,8308.135
2021-09-04 03:00:00,8369.0,8258.727
2021-09-04 04:00:00,8369.0,8296.328
2021-09-04 05:00:00,8022.0,8241.3955
2021-09-04 06:00:00,8177.0,8245.552
2021-09-04 07:00:00,8290.0,8295.374
2021-09-04 08:00:00,8394.0,8370.689
2021-09-04 09:00:00,8460.0,8384.265
2021-09-04 10:00:00,8446.0,8412.132
2021-09-04 11:00:00,8377.0,8397.472
2021-09-04 12:00:00,8491.0,8376.458
2021-09-04 13:00:00,8456.0,8491.616
2021-09-04 14:00:00,8589.0,8531.093
2021-09-04 15:00:00,8734.0,8639.619
2021-09-04 16:00:00,8766.0,8787.242
2021-09-04 17:00:00,8649.0,8775.614
2021-09-04 18:00:00,8607.0,8482.228
2021-09-04 19:00:00,8637.0,8471.235
2021-09-04 20:00:00,8471.0,8320.078
2021-09-04 21:00:00,8287.0,8004.4814
2021-09-04 22:00:00,8092.0,7872.081
2021-09-04 23:00:00,8008.0,7794.1523
2021-09-05 00:00:00,8004.0,8008.422
2021-09-05 01:00:00,8085.0,8005.855
2021-09-05 02:00:00,8213.0,8029.8984
2021-09-05 03:00:00,8187.0,8066.8394
2021-09-05 04:00:00,8200.0,8041.801
2021-09-05 05:00:00,8307.0,7957.493
2021-09-05 06:00:00,8280.0,8207.305
2021-09-05 07:00:00,8216.0,8245.53
2021-09-05 08:00:00,8145.0,8274.373
2021-09-05 09:00:00,8136.0,8197.0
2021-09-05 10:00:00,8207.0,8166.0317
2021-09-05 11:00:00,8286.0,8192.338
2021-09-05 12:00:00,8338.0,8285.803
2021-09-05 13:00:00,8369.0,8342.528
2021-09-05 14:00:00,8418.0,8452.202
2021-09-05 15:00:00,8408.0,8503.078
2021-09-05 16:00:00,8484.0,8530.081
2021-09-05 17:00:00,8578.0,8512.887
2021-09-05 18:00:00,8464.0,8507.164
2021-09-05 19:00:00,8549.0,8486.151
2021-09-05 20:00:00,8580.0,8479.262
2021-09-05 21:00:00,8336.0,8226.658
2021-09-05 22:00:00,8100.0,8075.412
2021-09-05 23:00:00,8474.0,8039.696
2021-09-06 00:00:00,8516.5,8255.694
2021-09-06 01:00:00,8095.0,8318.389
2021-09-06 02:00:00,8336.0,8160.6304
2021-09-06 03:00:00,8654.0,8281.83
2021-09-06 04:00:00,8858.0,8885.432
2021-09-06 05:00:00,9012.0,9043.783
2021-09-06 06:00:00,9053.0,9103.936
2021-09-06 07:00:00,8980.0,9078.733
2021-09-06 08:00:00,8956.0,9066.197
2021-09-06 09:00:00,8932.0,9047.345
2021-09-06 10:00:00,8832.0,8939.482
2021-09-06 11:00:00,8868.0,8865.964
2021-09-06 12:00:00,8845.0,8892.108
2021-09-06 13:00:00,8826.0,8833.257
2021-09-06 14:00:00,8847.0,8857.33
2021-09-06 15:00:00,8748.0,8891.087
2021-09-06 16:00:00,8818.0,8931.674
2021-09-06 17:00:00,9009.0,8971.313
2021-09-06 18:00:00,8813.0,8804.517
2021-09-06 19:00:00,8653.0,8672.65
2021-09-06 20:00:00,8352.0,8510.662
2021-09-06 21:00:00,8822.0,8530.142
2021-09-06 22:00:00,8822.0,8840.255
2021-09-06 23:00:00,8822.0,8804.657
2021-09-07 00:00:00,8822.0,8807.002
2021-09-07 01:00:00,8822.0,8836.448
2021-09-07 02:00:00,8825.0,8724.581
2021-09-07 03:00:00,8427.0,8493.876
2021-09-07 04:00:00,8832.0,8746.786
2021-09-07 05:00:00,9085.0,8980.893
2021-09-07 06:00:00,9175.0,9137.188
2021-09-07 07:00:00,9143.0,9114.597
2021-09-07 08:00:00,9164.0,9104.385
2021-09-07 09:00:00,9218.0,9092.443
2021-09-07 10:00:00,9196.0,9065.864
2021-09-07 11:00:00,9232.0,9061.045
2021-09-07 12:00:00,8992.0,9097.478
2021-09-07 13:00:00,8935.0,8905.094
2021-09-07 14:00:00,8922.0,8899.342
2021-09-07 15:00:00,8860.0,8883.034
2021-09-07 16:00:00,8962.0,8933.522
2021-09-07 17:00:00,9064.0,9032.47
2021-09-07 18:00:00,8756.0,8848.373
2021-09-07 19:00:00,8613.0,8610.661
2021-09-07 20:00:00,8308.0,8440.156
2021-09-07 21:00:00,8891.0,8584.682
2021-09-07 22:00:00,8891.0,8785.322
2021-09-07 23:00:00,8891.0,8782.443
2021-09-08 00:00:00,8891.0,8856.127
2021-09-08 01:00:00,8856.5,8866.59
2021-09-08 02:00:00,7689.0,8786.833
2021-09-08 03:00:00,8258.0,8257.479
2021-09-08 04:00:00,8704.0,8627.353
2021-09-08 05:00:00,8983.0,8954.176
2021-09-08 06:00:00,9210.0,9095.022
2021-09-08 07:00:00,9262.0,9193.243
2021-09-08 08:00:00,9298.0,9246.965
2021-09-08 09:00:00,9267.0,9257.294
2021-09-08 10:00:00,9124.0,9160.622
2021-09-08 11:00:00,8954.0,9075.9
2021-09-08 12:00:00,8853.0,8918.817
2021-09-08 13:00:00,8780.0,8848.694
2021-09-08 14:00:00,8797.0,8826.878
2021-09-08 15:00:00,8760.0,8855.553
2021-09-08 16:00:00,8896.0,8946.333
2021-09-08 17:00:00,9002.0,8998.877
2021-09-08 18:00:00,8642.0,8778.149
2021-09-08 19:00:00,8486.0,8530.056
2021-09-08 20:00:00,8171.0,8354.995
2021-09-08 21:00:00,8770.0,8568.532
2021-09-08 22:00:00,8770.0,8759.101
2021-09-08 23:00:00,8770.0,8779.333
2021-09-09 00:00:00,8770.0,8803.942
2021-09-09 01:00:00,8770.0,8793.4
2021-09-09 02:00:00,8778.5,8635.961
2021-09-09 03:00:00,8227.0,8434.006
2021-09-09 04:00:00,8685.0,8621.782
2021-09-09 05:00:00,8974.0,8939.551
2021-09-09 06:00:00,9077.0,9095.528
2021-09-09 07:00:00,9105.0,9118.028
2021-09-09 08:00:00,9194.0,9154.299
2021-09-09 09:00:00,9202.0,9164.485
2021-09-09 10:00:00,9043.0,9099.362
2021-09-09 11:00:00,9071.0,8963.681
2021-09-09 12:00:00,8992.0,8982.089
2021-09-09 13:00:00,8940.0,8914.04
2021-09-09 14:00:00,8924.0,8920.06
2021-09-09 15:00:00,8824.0,8910.045
2021-09-09 16:00:00,8912.0,8999.558
2021-09-09 17:00:00,9050.0,9058.327
2021-09-09 18:00:00,8738.0,8811.351
2021-09-09 19:00:00,8586.0,8544.108
2021-09-09 20:00:00,8317.0,8314.505
2021-09-09 21:00:00,8876.5,8350.916
2021-09-09 22:00:00,8876.5,8794.125
2021-09-09 23:00:00,8832.5,8809.38
2021-09-10 00:00:00,8820.5,8835.155
2021-09-10 01:00:00,8777.5,8831.436
2021-09-10 02:00:00,7964.0,8621.992
2021-09-10 03:00:00,8416.0,8425.873
2021-09-10 04:00:00,8841.0,8798.521
2021-09-10 05:00:00,8976.0,9093.307
2021-09-10 06:00:00,9066.0,9146.946
2021-09-10 07:00:00,9025.0,9140.426
2021-09-10 08:00:00,9019.0,9096.541
2021-09-10 09:00:00,8989.0,9075.492
2021-09-10 10:00:00,8817.0,8971.442
2021-09-10 11:00:00,8702.0,8842.749
2021-09-10 12:00:00,8635.0,8746.7295
2021-09-10 13:00:00,8633.0,8679.518
2021-09-10 14:00:00,8656.0,8697.385
2021-09-10 15:00:00,8611.0,8683.31
2021-09-10 16:00:00,8698.0,8774.615
2021-09-10 17:00:00,8862.0,8846.081
2021-09-10 18:00:00,8536.0,8619.625
2021-09-10 19:00:00,8394.0,8464.073
2021-09-10 20:00:00,8139.0,8231.725
2021-09-10 21:00:00,8243.5,7935.927
2021-09-10 22:00:00,8240.5,8206.248
2021-09-10 23:00:00,8205.5,8195.977
2021-09-11 00:00:00,8173.0,8198.302
2021-09-11 01:00:00,8144.0,8168.322
2021-09-11 02:00:00,8144.0,8109.391
2021-09-11 03:00:00,8144.0,8123.655
2021-09-11 04:00:00,8144.0,8080.2866
2021-09-11 05:00:00,7804.0,7991.4097
2021-09-11 06:00:00,8021.0,8001.382
2021-09-11 07:00:00,8197.0,8172.628
2021-09-11 08:00:00,8290.0,8273.379
2021-09-11 09:00:00,8284.0,8304.611
2021-09-11 10:00:00,8214.0,8265.056
2021-09-11 11:00:00,8149.0,8210.759
2021-09-11 12:00:00,8136.0,8181.8335
2021-09-11 13:00:00,8272.0,8214.609
2021-09-11 14:00:00,8356.0,8374.57
2021-09-11 15:00:00,8484.0,8450.359
2021-09-11 16:00:00,8565.0,8583.995
2021-09-11 17:00:00,8632.0,8607.75
2021-09-11 18:00:00,8264.0,8381.744
2021-09-11 19:00:00,8155.0,8258.419
2021-09-11 20:00:00,7866.0,8075.9907
2021-09-11 21:00:00,7488.0,7765.769
2021-09-11 22:00:00,7140.0,7371.918
2021-09-11 23:00:00,7030.0,7144.3438
2021-09-12 00:00:00,8085.0,7214.557
2021-09-12 01:00:00,7052.0,7967.1953
2021-09-12 02:00:00,7132.0,7444.132
2021-09-12 03:00:00,7232.0,7405.557
2021-09-12 04:00:00,7240.0,7480.231
2021-09-12 05:00:00,7502.0,7497.238
2021-09-12 06:00:00,7827.0,7791.518
2021-09-12 07:00:00,8034.0,7963.152
2021-09-12 08:00:00,8254.0,8154.125
2021-09-12 09:00:00,8486.0,8220.63
2021-09-12 10:00:00,8384.0,8311.904
2021-09-12 11:00:00,8147.0,8248.561
2021-09-12 12:00:00,8237.0,8091.284
2021-09-12 13:00:00,8216.0,8235.672
2021-09-12 14:00:00,8268.0,8288.958
2021-09-12 15:00:00,8324.0,8344.232
2021-09-12 16:00:00,8446.0,8443.15
2021-09-12 17:00:00,8517.0,8475.446
2021-09-12 18:00:00,8181.0,8333.756
2021-09-12 19:00:00,8205.0,8140.967
2021-09-12 20:00:00,7996.0,8075.9688
2021-09-12 21:00:00,7580.0,7887.2754
2021-09-12 22:00:00,8226.5,7668.059
2021-09-12 23:00:00,8226.5,8176.9175
2021-09-13 00:00:00,8252.5,8346.145
2021-09-13 01:00:00,8296.0,8213.68
2021-09-13 02:00:00,8385.0,8243.485
2021-09-13 03:00:00,8184.0,8513.704
2021-09-13 04:00:00,8558.0,8793.796
2021-09-13 05:00:00,8751.0,8937.261
2021-09-13 06:00:00,8958.0,8990.352
2021-09-13 07:00:00,8978.0,9050.6
2021-09-13 08:00:00,9027.0,9066.18
2021-09-13 09:00:00,9008.0,9065.693
2021-09-13 10:00:00,8892.0,8922.436
2021-09-13 11:00:00,8821.0,8836.987
2021-09-13 12:00:00,8807.0,8784.546
2021-09-13 13:00:00,8752.0,8769.714
2021-09-13 14:00:00,8828.0,8764.621
2021-09-13 15:00:00,8830.0,8835.745
2021-09-13 16:00:00,9033.0,8918.938
2021-09-13 17:00:00,9264.0,9064.34
2021-09-13 18:00:00,8949.0,8891.762
2021-09-13 19:00:00,8867.0,8614.504
2021-09-13 20:00:00,8605.0,8496.169
2021-09-13 21:00:00,8829.0,8560.651
2021-09-13 22:00:00,8829.0,8852.184
2021-09-13 23:00:00,8829.0,8844.07
2021-09-14 00:00:00,8848.5,8806.997
2021-09-14 01:00:00,8908.0,8844.208
2021-09-14 02:00:00,8991.0,8858.98
2021-09-14 03:00:00,8782.0,8621.557
2021-09-14 04:00:00,9164.0,8824.185
2021-09-14 05:00:00,9328.0,9222.511
2021-09-14 06:00:00,9410.0,9341.793
2021-09-14 07:00:00,9359.0,9348.018
2021-09-14 08:00:00,9397.0,9295.456
2021-09-14 09:00:00,9416.0,9334.3955
2021-09-14 10:00:00,9281.0,9276.88
2021-09-14 11:00:00,9198.0,9182.899
2021-09-14 12:00:00,9132.0,9086.3125
2021-09-14 13:00:00,9127.0,9026.239
2021-09-14 14:00:00,9159.0,9084.429
2021-09-14 15:00:00,9170.0,9116.886
2021-09-14 16:00:00,9268.0,9272.691
2021-09-14 17:00:00,9485.0,9350.371
2021-09-14 18:00:00,9064.0,9138.692
2021-09-14 19:00:00,8923.0,8891.486
2021-09-14 20:00:00,8615.0,8682.374
2021-09-14 21:00:00,9129.5,8791.764
2021-09-14 22:00:00,9129.5,9006.184
2021-09-14 23:00:00,9129.5,9041.231
2021-09-15 00:00:00,9127.0,9096.289
2021-09-15 01:00:00,9127.0,9102.855
2021-09-15 02:00:00,9131.5,9049.45
2021-09-15 03:00:00,8767.0,8839.797
2021-09-15 04:00:00,9127.0,9033.265
2021-09-15 05:00:00,9375.0,9288.635
2021-09-15 06:00:00,9532.0,9457.487
2021-09-15 07:00:00,9443.0,9473.498
2021-09-15 08:00:00,9411.0,9471.429
2021-09-15 09:00:00,9221.0,9397.809
2021-09-15 10:00:00,9183.0,9182.02
2021-09-15 11:00:00,9060.0,9110.548
2021-09-15 12:00:00,9136.0,9036.624
2021-09-15 13:00:00,9169.0,9100.114
2021-09-15 14:00:00,9211.0,9168.826
2021-09-15 15:00:00,9250.0,9218.424
2021-09-15 16:00:00,9492.0,9394.142
2021-09-15 17:00:00,9693.0,9555.983
2021-09-15 18:00:00,9277.0,9240.764
2021-09-15 19:00:00,9085.0,9003.83
2021-09-15 20:00:00,8793.0,8772.157
2021-09-15 21:00:00,9176.0,8856.709
2021-09-15 22:00:00,9176.0,9066.722
2021-09-15 23:00:00,9190.0,9099.577
2021-09-16 00:00:00,9227.0,9202.404
2021-09-16 01:00:00,9246.5,9225.918
2021-09-16 02:00:00,9254.5,9184.774
2021-09-16 03:00:00,8834.0,8923.89
2021-09-16 04:00:00,9243.0,9041.437
2021-09-16 05:00:00,9406.0,9453.135
2021-09-16 06:00:00,9475.0,9507.325
2021-09-16 07:00:00,9445.0,9495.994
2021-09-16 08:00:00,9418.0,9481.15
2021-09-16 09:00:00,9326.0,9423.087
2021-09-16 10:00:00,9259.0,9309.561
2021-09-16 11:00:00,9287.0,9200.449
2021-09-16 12:00:00,9277.0,9294.315
2021-09-16 13:00:00,9288.0,9253.227
2021-09-16 14:00:00,9359.0,9308.168
2021-09-16 15:00:00,9361.0,9356.444
2021-09-16 16:00:00,9548.0,9483.853
2021-09-16 17:00:00,9758.0,9665.398
2021-09-16 18:00:00,9273.0,9385.637
2021-09-16 19:00:00,9084.0,9064.3545
2021-09-16 20:00:00,8798.0,8868.675
2021-09-16 21:00:00,9282.0,8922.696
2021-09-16 22:00:00,9282.0,9155.733
2021-09-16 23:00:00,9287.5,9152.47
2021-09-17 00:00:00,9315.0,9284.321
2021-09-17 01:00:00,9315.0,9304.679
2021-09-17 02:00:00,9309.5,9137.576
2021-09-17 03:00:00,8987.0,8981.855
2021-09-17 04:00:00,9342.0,9221.221
2021-09-17 05:00:00,9612.0,9567.29
2021-09-17 06:00:00,9658.0,9661.068
2021-09-17 07:00:00,9598.0,9617.314
2021-09-17 08:00:00,9557.0,9583.857
2021-09-17 09:00:00,9407.0,9507.078
2021-09-17 10:00:00,9384.0,9308.959
2021-09-17 11:00:00,9345.0,9297.028
2021-09-17 12:00:00,9257.0,9249.149
2021-09-17 13:00:00,9277.0,9216.955
2021-09-17 14:00:00,9342.0,9274.549
2021-09-17 15:00:00,9336.0,9332.387
2021-09-17 16:00:00,9453.0,9471.319
2021-09-17 17:00:00,9571.0,9539.816
2021-09-17 18:00:00,9136.0,9190.557
2021-09-17 19:00:00,9017.0,8933.083
2021-09-17 20:00:00,8678.0,8706.51
2021-09-17 21:00:00,8667.5,8515.699
2021-09-17 22:00:00,8667.5,8564.558
2021-09-17 23:00:00,8667.5,8588.681
2021-09-18 00:00:00,8650.5,8588.663
2021-09-18 01:00:00,8639.5,8571.387
2021-09-18 02:00:00,8639.5,8546.266
2021-09-18 03:00:00,8639.5,8411.144
2021-09-18 04:00:00,8165.0,8509.594
2021-09-18 05:00:00,8324.0,8099.969
2021-09-18 06:00:00,8520.0,8471.811
2021-09-18 07:00:00,8644.0,8518.014
2021-09-18 08:00:00,8657.0,8632.008
2021-09-18 09:00:00,8719.0,8580.231
2021-09-18 10:00:00,8695.0,8615.916
2021-09-18 11:00:00,8635.0,8616.797
2021-09-18 12:00:00,8615.0,8590.856
2021-09-18 13:00:00,8713.0,8629.779
2021-09-18 14:00:00,8827.0,8792.798
2021-09-18 15:00:00,8976.0,8934.266
2021-09-18 16:00:00,9135.0,9058.619
2021-09-18 17:00:00,9266.0,9210.3
2021-09-18 18:00:00,8803.0,8840.552
2021-09-18 19:00:00,8750.0,8635.133
2021-09-18 20:00:00,8547.0,8475.228
2021-09-18 21:00:00,8155.0,8217.3
2021-09-18 22:00:00,7825.0,7950.672
2021-09-18 23:00:00,7661.0,7809.272
2021-09-19 00:00:00,8374.5,7679.247
2021-09-19 01:00:00,7653.0,8112.785
2021-09-19 02:00:00,7701.0,7705.5396
2021-09-19 03:00:00,7828.0,7750.88
2021-09-19 04:00:00,7838.0,7755.7705
2021-09-19 05:00:00,8018.0,7813.3735
2021-09-19 06:00:00,8263.0,8118.821
2021-09-19 07:00:00,8404.0,8350.754
2021-09-19 08:00:00,8416.0,8470.761
2021-09-19 09:00:00,8417.0,8445.662
2021-09-19 10:00:00,8345.0,8382.865
2021-09-19 11:00:00,8318.0,8337.831
2021-09-19 12:00:00,8315.0,8329.36
2021-09-19 13:00:00,8379.0,8374.331
2021-09-19 14:00:00,8479.0,8520.275
2021-09-19 15:00:00,8643.0,8576.906
2021-09-19 16:00:00,8914.0,8685.977
2021-09-19 17:00:00,8391.5,8776.669
2021-09-19 18:00:00,8623.0,8428.696
2021-09-19 19:00:00,8633.0,8581.617
2021-09-19 20:00:00,8468.0,8454.85
2021-09-19 21:00:00,8149.0,8037.303
2021-09-19 22:00:00,7792.0,7909.159
2021-09-19 23:00:00,8628.0,7815.3745
2021-09-20 00:00:00,8638.0,8545.591
2021-09-20 01:00:00,7768.0,8568.381
2021-09-20 02:00:00,8067.0,8230.597
2021-09-20 03:00:00,8760.0,8499.608
2021-09-20 04:00:00,9138.0,9088.601
2021-09-20 05:00:00,9415.0,9333.285
2021-09-20 06:00:00,9554.0,9508.755
2021-09-20 07:00:00,9547.0,9479.8545
2021-09-20 08:00:00,9538.0,9506.279
2021-09-20 09:00:00,9467.0,9467.618
2021-09-20 10:00:00,9323.0,9306.604
2021-09-20 11:00:00,9219.0,9196.687
2021-09-20 12:00:00,9168.0,9117.14
2021-09-20 13:00:00,9088.0,9102.627
2021-09-20 14:00:00,9120.0,9123.01
2021-09-20 15:00:00,9140.0,9153.473
2021-09-20 16:00:00,9411.0,9305.03
2021-09-20 17:00:00,9602.0,9499.071
2021-09-20 18:00:00,9185.0,9243.508
2021-09-20 19:00:00,9005.0,8955.664
2021-09-20 20:00:00,8757.0,8715.24
2021-09-20 21:00:00,8319.0,8644.837
2021-09-20 22:00:00,9176.5,8904.945
2021-09-20 23:00:00,9176.5,9054.016
2021-09-21 00:00:00,9176.5,9058.531
2021-09-21 01:00:00,9194.0,9081.04
2021-09-21 02:00:00,8478.0,8983.371
2021-09-21 03:00:00,9235.0,8805.789
2021-09-21 04:00:00,9533.0,9399.263
2021-09-21 05:00:00,9740.0,9661.6
2021-09-21 06:00:00,9734.0,9788.409
2021-09-21 07:00:00,9630.0,9702.172
2021-09-21 08:00:00,9509.0,9611.919
2021-09-21 09:00:00,9499.0,9512.949
2021-09-21 10:00:00,9395.0,9460.262
2021-09-21 11:00:00,9307.0,9356.248
2021-09-21 12:00:00,9203.0,9302.39
2021-09-21 13:00:00,9200.0,9216.1
2021-09-21 14:00:00,9274.0,9272.071
2021-09-21 15:00:00,9304.0,9349.965
2021-09-21 16:00:00,9650.0,9508.332
2021-09-21 17:00:00,9811.0,9738.093
2021-09-21 18:00:00,9396.0,9436.726
2021-09-21 19:00:00,9292.0,9119.225
2021-09-21 20:00:00,9016.0,8921.042
2021-09-21 21:00:00,8605.0,8894.41
2021-09-21 22:00:00,9305.5,9275.232
2021-09-21 23:00:00,9305.5,9266.306
2021-09-22 00:00:00,9298.0,9274.199
2021-09-22 01:00:00,9298.0,9309.474
2021-09-22 02:00:00,8702.0,9075.211
2021-09-22 03:00:00,9384.0,8881.204
2021-09-22 04:00:00,9664.0,9576.508
2021-09-22 05:00:00,9769.0,9817.85
2021-09-22 06:00:00,9653.0,9839.966
2021-09-22 07:00:00,9491.0,9647.103
2021-09-22 08:00:00,9496.0,9487.348
2021-09-22 09:00:00,9468.0,9490.755
2021-09-22 10:00:00,9349.0,9390.968
2021-09-22 11:00:00,9162.0,9303.354
2021-09-22 12:00:00,9156.0,9191.33
2021-09-22 13:00:00,9175.0,9190.078
2021-09-22 14:00:00,9210.0,9256.122
2021-09-22 15:00:00,9160.0,9305.952
2021-09-22 16:00:00,9571.0,9488.76
2021-09-22 17:00:00,9708.0,9685.166
2021-09-22 18:00:00,9176.0,9370.942
2021-09-22 19:00:00,8993.0,9136.37
2021-09-22 20:00:00,8729.0,8824.079
2021-09-22 21:00:00,9168.5,8857.401
2021-09-22 22:00:00,9168.5,9204.9375
2021-09-22 23:00:00,9168.5,9232.729
2021-09-23 00:00:00,9175.5,9257.163
2021-09-23 01:00:00,9193.0,9264.201
2021-09-23 02:00:00,9279.5,9030.99
2021-09-23 03:00:00,9066.0,9161.596
2021-09-23 04:00:00,9349.0,9413.633
2021-09-23 05:00:00,9515.0,9618.963
2021-09-23 06:00:00,9607.0,9633.3125
2021-09-23 07:00:00,9676.0,9577.098
2021-09-23 08:00:00,9697.0,9621.302
2021-09-23 09:00:00,9730.0,9610.344
2021-09-23 10:00:00,9656.0,9596.94
2021-09-23 11:00:00,9635.0,9498.278
2021-09-23 12:00:00,9547.0,9517.35
2021-09-23 13:00:00,9513.0,9461.015
2021-09-23 14:00:00,9570.0,9535.286
2021-09-23 15:00:00,9691.0,9556.772
2021-09-23 16:00:00,9958.0,9852.205
2021-09-23 17:00:00,9874.0,9918.388
2021-09-23 18:00:00,9326.0,9497.252
2021-09-23 19:00:00,9176.0,9122.189
2021-09-23 20:00:00,8929.0,8872.747
2021-09-23 21:00:00,9530.0,8992.487
2021-09-23 22:00:00,9530.0,9418.684
2021-09-23 23:00:00,9530.0,9450.099
2021-09-24 00:00:00,9530.0,9513.7705
2021-09-24 01:00:00,9541.5,9509.045
2021-09-24 02:00:00,9579.5,9363.001
2021-09-24 03:00:00,9145.0,9447.119
2021-09-24 04:00:00,9420.0,9499.131
2021-09-24 05:00:00,9589.0,9692.512
2021-09-24 06:00:00,9688.0,9705.052
2021-09-24 07:00:00,9718.0,9732.943
2021-09-24 08:00:00,9710.0,9732.918
2021-09-24 09:00:00,9775.0,9707.435
2021-09-24 10:00:00,9756.0,9698.647
2021-09-24 11:00:00,9671.0,9651.793
2021-09-24 12:00:00,9675.0,9580.876
2021-09-24 13:00:00,9597.0,9598.907
2021-09-24 14:00:00,9589.0,9642.936
2021-09-24 15:00:00,9600.0,9692.108
2021-09-24 16:00:00,9793.0,9868.894
2021-09-24 17:00:00,9686.0,9906.986
2021-09-24 18:00:00,9255.0,9318.1
2021-09-24 19:00:00,9092.0,9109.143
2021-09-24 20:00:00,8833.0,8879.12
2021-09-24 21:00:00,8418.0,8864.884
2021-09-24 22:00:00,8871.0,8892.951
2021-09-24 23:00:00,8850.5,8903.015
2021-09-25 00:00:00,8809.0,8797.133
2021-09-25 01:00:00,8772.5,8793.241
2021-09-25 02:00:00,8772.5,8739.867
2021-09-25 03:00:00,8255.0,8640.612
2021-09-25 04:00:00,8232.0,8311.731
2021-09-25 05:00:00,8481.0,8290.915
2021-09-25 06:00:00,8712.0,8708.817
2021-09-25 07:00:00,8874.0,8818.54
2021-09-25 08:00:00,8958.0,8930.372
2021-09-25 09:00:00,8868.0,8931.491
2021-09-25 10:00:00,8785.0,8847.364
2021-09-25 11:00:00,8719.0,8769.595
2021-09-25 12:00:00,8760.0,8731.56
2021-09-25 13:00:00,8820.0,8850.473
2021-09-25 14:00:00,8992.0,8955.352
2021-09-25 15:00:00,9011.0,9120.709
2021-09-25 16:00:00,9337.0,9216.208
2021-09-25 17:00:00,9306.0,9455.531
2021-09-25 18:00:00,8811.0,9016.428
2021-09-25 19:00:00,8759.0,8769.167
2021-09-25 20:00:00,8592.0,8630.588
2021-09-25 21:00:00,8142.0,8148.0737
2021-09-25 22:00:00,7814.0,7948.888
2021-09-25 23:00:00,8418.0,7827.249
2021-09-26 00:00:00,8383.0,8266.111
2021-09-26 01:00:00,7678.0,8131.905
2021-09-26 02:00:00,7806.0,7739.1025
2021-09-26 03:00:00,8042.0,7887.229
2021-09-26 04:00:00,8005.0,8014.3867
2021-09-26 05:00:00,8238.0,8083.4287
2021-09-26 06:00:00,8385.0,8393.604
2021-09-26 07:00:00,8470.0,8515.115
2021-09-26 08:00:00,8451.0,8563.1455
2021-09-26 09:00:00,8381.0,8466.528
2021-09-26 10:00:00,8243.0,8386.911
2021-09-26 11:00:00,8168.0,8276.886
2021-09-26 12:00:00,8184.0,8224.286
2021-09-26 13:00:00,8222.0,8264.705
2021-09-26 14:00:00,8380.0,8394.321
2021-09-26 15:00:00,8516.0,8609.38
2021-09-26 16:00:00,8979.0,8730.59
2021-09-26 17:00:00,9007.0,8907.43
2021-09-26 18:00:00,8681.0,8791.593
2021-09-26 19:00:00,8762.0,8694.936
2021-09-26 20:00:00,8650.0,8610.524
2021-09-26 21:00:00,8294.0,8232.595
2021-09-26 22:00:00,8000.0,7934.4497
2021-09-26 23:00:00,7846.0,8039.842
2021-09-27 00:00:00,7906.0,8148.768
2021-09-27 01:00:00,8081.0,7954.781
2021-09-27 02:00:00,8394.0,8264.299
2021-09-27 03:00:00,9226.0,8769.972
2021-09-27 04:00:00,9568.0,9499.836
2021-09-27 05:00:00,9805.0,9727.721
2021-09-27 06:00:00,9772.0,9831.594
2021-09-27 07:00:00,9609.0,9735.015
2021-09-27 08:00:00,9547.0,9599.048
2021-09-27 09:00:00,9446.0,9578.364
2021-09-27 10:00:00,9306.0,9413.801
2021-09-27 11:00:00,9194.0,9272.875
2021-09-27 12:00:00,9117.0,9184.992
2021-09-27 13:00:00,9148.0,9133.82
2021-09-27 14:00:00,9187.0,9213.642
2021-09-27 15:00:00,9151.0,9277.828
2021-09-27 16:00:00,9517.0,9451.318
2021-09-27 17:00:00,9635.0,9683.07
2021-09-27 18:00:00,9157.0,9323.199
2021-09-27 19:00:00,9070.0,8989.0205
2021-09-27 20:00:00,8872.0,8874.488
2021-09-27 21:00:00,8592.0,8650.163
2021-09-27 22:00:00,8326.0,8973.18
2021-09-27 23:00:00,8251.0,8908.483
2021-09-28 00:00:00,8322.0,8687.481
2021-09-28 01:00:00,8436.0,8926.925
2021-09-28 02:00:00,8738.0,8663.211
2021-09-28 03:00:00,9289.0,8868.401
2021-09-28 04:00:00,9360.0,9553.163
2021-09-28 05:00:00,9486.0,9581.791
2021-09-28 06:00:00,9596.0,9563.06
2021-09-28 07:00:00,9587.0,9527.95
2021-09-28 08:00:00,9449.0,9525.998
2021-09-28 09:00:00,9268.0,9400.453
2021-09-28 10:00:00,9130.0,9238.947
2021-09-28 11:00:00,9021.0,9127.805
2021-09-28 12:00:00,8969.0,9026.651
2021-09-28 13:00:00,8998.0,9007.6875
2021-09-28 14:00:00,9116.0,9061.747
2021-09-28 15:00:00,9213.0,9201.233
2021-09-28 16:00:00,9599.0,9473.789
2021-09-28 17:00:00,9595.0,9657.424
2021-09-28 18:00:00,9050.0,9273.22
2021-09-28 19:00:00,8903.0,9011.39
2021-09-28 20:00:00,8703.0,8786.334
2021-09-28 21:00:00,9035.5,8649.67
2021-09-28 22:00:00,9035.5,8882.31
2021-09-28 23:00:00,9035.5,8924.041
2021-09-29 00:00:00,9083.0,8950.901
2021-09-29 01:00:00,9164.5,9113.704
2021-09-29 02:00:00,9223.5,8958.423
2021-09-29 03:00:00,8898.0,9139.573
2021-09-29 04:00:00,9234.0,9195.416
2021-09-29 05:00:00,9466.0,9530.604
2021-09-29 06:00:00,9596.0,9580.923
2021-09-29 07:00:00,9655.0,9558.654
2021-09-29 08:00:00,9586.0,9587.992
2021-09-29 09:00:00,9502.0,9531.945
2021-09-29 10:00:00,9435.0,9421.164
2021-09-29 11:00:00,9350.0,9323.122
2021-09-29 12:00:00,9342.0,9243.027
2021-09-29 13:00:00,9385.0,9248.313
2021-09-29 14:00:00,9429.0,9400.542
2021-09-29 15:00:00,9442.0,9454.877
2021-09-29 16:00:00,9839.0,9649.289
2021-09-29 17:00:00,9671.0,9855.519
2021-09-29 18:00:00,9113.0,9275.269
2021-09-29 19:00:00,8968.0,9016.493
2021-09-29 20:00:00,8716.0,8770.029
2021-09-29 21:00:00,9346.0,9003.685
2021-09-29 22:00:00,9346.0,9199.609
2021-09-29 23:00:00,9346.0,9212.185
2021-09-30 00:00:00,9363.5,9256.447
2021-09-30 01:00:00,9407.0,9298.853
2021-09-30 02:00:00,9431.5,9225.12
2021-09-30 03:00:00,8874.0,9261.175
2021-09-30 04:00:00,9201.0,9256.894
2021-09-30 05:00:00,9434.0,9494.011
2021-09-30 06:00:00,9527.0,9587.3545
2021-09-30 07:00:00,9572.0,9571.841
2021-09-30 08:00:00,9742.0,9556.355
2021-09-30 09:00:00,9671.0,9665.981
2021-09-30 10:00:00,9644.0,9515.071
2021-09-30 11:00:00,9602.0,9475.47
2021-09-30 12:00:00,9536.0,9452.57
2021-09-30 13:00:00,9474.0,9447.959
2021-09-30 14:00:00,9564.0,9485.166
2021-09-30 15:00:00,9568.0,9576.999
2021-09-30 16:00:00,9917.0,9717.03
2021-09-30 17:00:00,9752.0,9898.807
2021-09-30 18:00:00,9227.0,9380.259
2021-09-30 19:00:00,9114.0,9044.043
2021-09-30 20:00:00,8882.0,8827.234
2021-09-30 21:00:00,9507.5,9025.23
2021-09-30 22:00:00,9507.5,9391.263
2021-09-30 23:00:00,9507.5,9422.116
2021-10-01 00:00:00,9507.5,9496.509
2021-10-01 01:00:00,9497.0,9496.794
2021-10-01 02:00:00,9522.5,9447.977
2021-10-01 03:00:00,9052.0,9331.542
2021-10-01 04:00:00,9479.0,9410.247
2021-10-01 05:00:00,9605.0,9626.792
2021-10-01 06:00:00,9808.0,9674.819
2021-10-01 07:00:00,9775.0,9779.449
2021-10-01 08:00:00,9745.0,9751.39
2021-10-01 09:00:00,9763.0,9727.538
2021-10-01 10:00:00,9640.0,9676.951
2021-10-01 11:00:00,9548.0,9578.433
2021-10-01 12:00:00,9515.0,9499.785
2021-10-01 13:00:00,9530.0,9520.658
2021-10-01 14:00:00,9502.0,9658.854
2021-10-01 15:00:00,9487.0,9697.294
2021-10-01 16:00:00,9790.0,9768.015
2021-10-01 17:00:00,9602.0,9849.67
2021-10-01 18:00:00,9122.0,9267.874
2021-10-01 19:00:00,8993.0,9054.493
2021-10-01 20:00:00,8725.0,8791.33
2021-10-01 21:00:00,8225.0,8795.264
2021-10-01 22:00:00,8645.0,8740.647
2021-10-01 23:00:00,8628.5,8889.116
2021-10-02 00:00:00,8589.0,8743.857
2021-10-02 01:00:00,8573.5,8691.707
2021-10-02 02:00:00,8573.5,8662.482
2021-10-02 03:00:00,8104.0,8492.813
2021-10-02 04:00:00,8148.0,8160.5044
2021-10-02 05:00:00,8286.0,8292.6045
2021-10-02 06:00:00,8493.0,8569.153
2021-10-02 07:00:00,8630.0,8634.2295
2021-10-02 08:00:00,8660.0,8710.03
2021-10-02 09:00:00,8627.0,8655.194
2021-10-02 10:00:00,8551.0,8612.088
2021-10-02 11:00:00,8509.0,8603.302
2021-10-02 12:00:00,8596.0,8569.391
2021-10-02 13:00:00,8664.0,8694.459
2021-10-02 14:00:00,8822.0,8830.157
2021-10-02 15:00:00,9003.0,9041.927
2021-10-02 16:00:00,8530.0,9215.645
2021-10-02 17:00:00,9222.0,8844.659
2021-10-02 18:00:00,8786.0,8872.126
2021-10-02 19:00:00,8702.0,8728.186
2021-10-02 20:00:00,8500.0,8616.862
2021-10-02 21:00:00,8097.0,8072.308
2021-10-02 22:00:00,7796.0,7808.7134
2021-10-02 23:00:00,7640.0,7846.3423
2021-10-03 00:00:00,7619.0,7696.553
2021-10-03 01:00:00,7655.0,7647.819
2021-10-03 02:00:00,7676.0,7704.8965
2021-10-03 03:00:00,7879.0,7788.3
2021-10-03 04:00:00,7850.0,7941.815
2021-10-03 05:00:00,7988.0,7997.8633
2021-10-03 06:00:00,8226.0,8175.147
2021-10-03 07:00:00,8299.0,8338.524
2021-10-03 08:00:00,8371.0,8378.497
2021-10-03 09:00:00,8347.0,8379.292
2021-10-03 10:00:00,8242.0,8318.823
2021-10-03 11:00:00,8147.0,8261.762
2021-10-03 12:00:00,8171.0,8193.592
2021-10-03 13:00:00,8257.0,8267.46
2021-10-03 14:00:00,8319.0,8418.831
2021-10-03 15:00:00,8628.0,8551.08
2021-10-03 16:00:00,8249.5,8722.361
2021-10-03 17:00:00,8278.0,8434.284
2021-10-03 18:00:00,8411.0,8473.995
2021-10-03 19:00:00,8476.0,8577.392
2021-10-03 20:00:00,8342.0,8486.095
2021-10-03 21:00:00,7983.0,8077.681
2021-10-03 22:00:00,7684.0,7851.9424
2021-10-03 23:00:00,8443.5,7701.032
2021-10-04 00:00:00,8552.0,8367.29
2021-10-04 01:00:00,8672.0,8482.245
2021-10-04 02:00:00,7957.0,8638.26
2021-10-04 03:00:00,8716.0,8706.714
2021-10-04 04:00:00,9204.0,9238.348
2021-10-04 05:00:00,9285.0,9476.28
2021-10-04 06:00:00,9406.0,9432.78
2021-10-04 07:00:00,9387.0,9436.777
2021-10-04 08:00:00,9394.0,9448.839
2021-10-04 09:00:00,9319.0,9429.633
2021-10-04 10:00:00,9295.0,9280.245
2021-10-04 11:00:00,9172.0,9219.89
2021-10-04 12:00:00,9099.0,9129.133
2021-10-04 13:00:00,9019.0,9129.282
2021-10-04 14:00:00,9019.0,9115.112
2021-10-04 15:00:00,9219.0,9152.55
2021-10-04 16:00:00,9646.0,9471.233
2021-10-04 17:00:00,9454.0,9685.012
2021-10-04 18:00:00,8980.0,9161.926
2021-10-04 19:00:00,8877.0,8868.402
2021-10-04 20:00:00,8630.0,8696.611
2021-10-04 21:00:00,9059.0,8669.569
2021-10-04 22:00:00,9059.0,9045.407
2021-10-04 23:00:00,9059.0,9025.197
2021-10-05 00:00:00,9059.0,9046.929
2021-10-05 01:00:00,9119.0,9068.146
2021-10-05 02:00:00,9233.0,9069.961
2021-10-05 03:00:00,8776.0,9023.948
2021-10-05 04:00:00,9247.0,9199.5625
2021-10-05 05:00:00,9269.0,9471.287
2021-10-05 06:00:00,9404.0,9403.819
2021-10-05 07:00:00,9390.0,9423.393
2021-10-05 08:00:00,9525.0,9417.912
2021-10-05 09:00:00,9520.0,9450.994
2021-10-05 10:00:00,9411.0,9410.262
2021-10-05 11:00:00,9365.0,9298.462
2021-10-05 12:00:00,9333.0,9303.227
2021-10-05 13:00:00,9327.0,9233.965
2021-10-05 14:00:00,9428.0,9314.78
2021-10-05 15:00:00,9578.0,9511.561
2021-10-05 16:00:00,9863.0,9704.252
2021-10-05 17:00:00,9650.0,9811.614
2021-10-05 18:00:00,9092.0,9301.486
2021-10-05 19:00:00,9015.0,8965.213
2021-10-05 20:00:00,8688.0,8832.286
2021-10-05 21:00:00,9240.0,9058.077
2021-10-05 22:00:00,9240.0,9143.12
2021-10-05 23:00:00,9206.0,9189.483
2021-10-06 00:00:00,9185.5,9209.476
2021-10-06 01:00:00,9159.5,9242.037
2021-10-06 02:00:00,9159.5,9230.084
2021-10-06 03:00:00,8797.0,8853.906
2021-10-06 04:00:00,9226.0,9242.235
2021-10-06 05:00:00,9186.0,9460.229
2021-10-06 06:00:00,9254.0,9401.475
2021-10-06 07:00:00,9300.0,9384.747
2021-10-06 08:00:00,9283.0,9418.389
2021-10-06 09:00:00,9273.0,9381.633
2021-10-06 10:00:00,9185.0,9305.975
2021-10-06 11:00:00,9134.0,9231.273
2021-10-06 12:00:00,9122.0,9208.612
2021-10-06 13:00:00,9192.0,9223.808
2021-10-06 14:00:00,9253.0,9354.758
2021-10-06 15:00:00,9394.0,9469.3955
2021-10-06 16:00:00,9159.5,9667.327
2021-10-06 17:00:00,9526.0,9455.216
2021-10-06 18:00:00,8962.0,9247.128
2021-10-06 19:00:00,8845.0,8935.341
2021-10-06 20:00:00,8515.0,8683.294
2021-10-06 21:00:00,9062.5,9141.871
2021-10-06 22:00:00,9062.5,9097.039
2021-10-06 23:00:00,9062.5,9110.494
2021-10-07 00:00:00,9062.5,9159.081
2021-10-07 01:00:00,9077.0,9171.539
2021-10-07 02:00:00,9077.0,9159.346
2021-10-07 03:00:00,8532.0,8902.227
2021-10-07 04:00:00,8872.0,9057.41
2021-10-07 05:00:00,9003.0,9190.127
2021-10-07 06:00:00,9295.0,9185.494
2021-10-07 07:00:00,9338.0,9376.643
2021-10-07 08:00:00,9378.0,9397.755
2021-10-07 09:00:00,9367.0,9393.353
2021-10-07 10:00:00,9346.0,9329.7705
2021-10-07 11:00:00,9259.0,9287.279
2021-10-07 12:00:00,9151.0,9266.21
2021-10-07 13:00:00,9273.0,9207.95
2021-10-07 14:00:00,9329.0,9374.348
2021-10-07 15:00:00,9444.0,9453.201
2021-10-07 16:00:00,9653.0,9555.089
2021-10-07 17:00:00,9446.0,9736.782
2021-10-07 18:00:00,8936.0,9196.676
2021-10-07 19:00:00,8768.0,8922.465
2021-10-07 20:00:00,8596.0,8603.189
2021-10-07 21:00:00,9266.0,8948.73
2021-10-07 22:00:00,9266.0,9242.77
2021-10-07 23:00:00,9266.0,9279.339
2021-10-08 00:00:00,9297.5,9270.514
2021-10-08 01:00:00,9325.5,9310.124
2021-10-08 02:00:00,9325.5,9273.27
2021-10-08 03:00:00,8875.0,9027.707
2021-10-08 04:00:00,9322.0,9206.829
2021-10-08 05:00:00,9344.0,9503.334
2021-10-08 06:00:00,9387.0,9483.53
2021-10-08 07:00:00,9454.0,9473.503
2021-10-08 08:00:00,9494.0,9502.99
2021-10-08 09:00:00,9516.0,9496.034
2021-10-08 10:00:00,9426.0,9470.718
2021-10-08 11:00:00,9369.0,9372.085
2021-10-08 12:00:00,9330.0,9359.407
2021-10-08 13:00:00,9269.0,9354.823
2021-10-08 14:00:00,9303.0,9405.474
2021-10-08 15:00:00,9469.0,9473.569
2021-10-08 16:00:00,9691.0,9692.6455
2021-10-08 17:00:00,9452.0,9711.509
2021-10-08 18:00:00,8975.0,9143.492
2021-10-08 19:00:00,8869.0,8857.97
2021-10-08 20:00:00,8604.0,8600.587
2021-10-08 21:00:00,8134.0,8503.882
2021-10-08 22:00:00,8567.0,8498.483
2021-10-08 23:00:00,8556.0,8714.882
2021-10-09 00:00:00,8537.0,8568.814
2021-10-09 01:00:00,8537.0,8538.214
2021-10-09 02:00:00,8537.0,8483.308
2021-10-09 03:00:00,8537.0,8338.814
2021-10-09 04:00:00,8077.0,8455.443
2021-10-09 05:00:00,8122.0,8126.596
2021-10-09 06:00:00,8300.0,8395.293
2021-10-09 07:00:00,8464.0,8497.091
2021-10-09 08:00:00,8540.0,8617.491
2021-10-09 09:00:00,8594.0,8597.095
2021-10-09 10:00:00,8572.0,8612.579
2021-10-09 11:00:00,8534.0,8565.619
2021-10-09 12:00:00,8591.0,8556.322
2021-10-09 13:00:00,8609.0,8712.211
2021-10-09 14:00:00,8784.0,8797.366
2021-10-09 15:00:00,9165.0,9000.07
2021-10-09 16:00:00,9354.0,9175.96
2021-10-09 17:00:00,9067.0,9375.146
2021-10-09 18:00:00,8604.0,8857.996
2021-10-09 19:00:00,8599.0,8568.477
2021-10-09 20:00:00,8401.0,8493.263
2021-10-09 21:00:00,7957.0,8085.1885
2021-10-09 22:00:00,7640.0,7771.9404
2021-10-09 23:00:00,7489.0,7657.912
2021-10-10 00:00:00,7415.0,7451.342
2021-10-10 01:00:00,7381.0,7426.5654
2021-10-10 02:00:00,7440.0,7465.329
2021-10-10 03:00:00,7629.0,7554.4673
2021-10-10 04:00:00,7769.0,7771.0737
2021-10-10 05:00:00,7862.0,7872.237
2021-10-10 06:00:00,8058.0,8070.402
2021-10-10 07:00:00,8304.0,8209.934
2021-10-10 08:00:00,8427.0,8372.974
2021-10-10 09:00:00,8538.0,8418.215
2021-10-10 10:00:00,8506.0,8429.62
2021-10-10 11:00:00,8469.0,8404.717
2021-10-10 12:00:00,8534.0,8431.482
2021-10-10 13:00:00,8545.0,8508.98
2021-10-10 14:00:00,8668.0,8610.627
2021-10-10 15:00:00,8992.0,8812.948
2021-10-10 16:00:00,9259.0,8983.967
2021-10-10 17:00:00,9012.0,9020.499
2021-10-10 18:00:00,8572.0,8727.992
2021-10-10 19:00:00,8560.0,8465.64
2021-10-10 20:00:00,8369.0,8457.191
2021-10-10 21:00:00,8016.0,8024.9287
2021-10-10 22:00:00,8566.0,7774.0176
2021-10-10 23:00:00,8620.0,8426.881
2021-10-11 00:00:00,8686.0,8680.334
2021-10-11 01:00:00,8848.0,8788.047
2021-10-11 02:00:00,9002.0,8715.015
2021-10-11 03:00:00,8704.0,9076.354
2021-10-11 04:00:00,9276.0,9196.912
2021-10-11 05:00:00,9425.0,9543.565
2021-10-11 06:00:00,9467.0,9521.621
2021-10-11 07:00:00,9448.0,9473.066
2021-10-11 08:00:00,9456.0,9451.017
2021-10-11 09:00:00,9451.0,9454.436
2021-10-11 10:00:00,9429.0,9377.661
2021-10-11 11:00:00,9303.0,9353.818
2021-10-11 12:00:00,9298.0,9229.01
2021-10-11 13:00:00,9238.0,9225.233
2021-10-11 14:00:00,9179.0,9270.47
2021-10-11 15:00:00,9309.0,9348.294
2021-10-11 16:00:00,9579.0,9572.111
2021-10-11 17:00:00,9473.0,9653.151
2021-10-11 18:00:00,8975.0,9164.634
2021-10-11 19:00:00,8878.0,8817.84
2021-10-11 20:00:00,8896.0,8669.612
2021-10-11 21:00:00,9235.5,8951.54
2021-10-11 22:00:00,9235.5,9156.13
2021-10-11 23:00:00,9235.5,9158.581
2021-10-12 00:00:00,9235.5,9142.254
2021-10-12 01:00:00,9233.5,9221.679
2021-10-12 02:00:00,9233.5,9170.408
2021-10-12 03:00:00,9115.0,8934.023
2021-10-12 04:00:00,9330.0,9327.202
2021-10-12 05:00:00,9233.0,9508.571
2021-10-12 06:00:00,9459.0,9395.668
2021-10-12 07:00:00,9433.0,9435.652
2021-10-12 08:00:00,9508.0,9438.613
2021-10-12 09:00:00,9480.0,9495.618
2021-10-12 10:00:00,9377.0,9385.555
2021-10-12 11:00:00,9264.0,9331.224
2021-10-12 12:00:00,9234.0,9270.394
2021-10-12 13:00:00,9342.0,9278.088
2021-10-12 14:00:00,9396.0,9389.33
2021-10-12 15:00:00,9675.0,9495.951
2021-10-12 16:00:00,9914.0,9806.329
2021-10-12 17:00:00,9769.0,9868.269
2021-10-12 18:00:00,9239.0,9325.242
2021-10-12 19:00:00,9165.0,8997.823
2021-10-12 20:00:00,8921.0,8907.534
2021-10-12 21:00:00,8480.0,9064.182
2021-10-12 22:00:00,9303.0,9169.896
2021-10-12 23:00:00,9303.0,9285.308
2021-10-13 00:00:00,9369.0,9302.926
2021-10-13 01:00:00,9394.5,9346.685
2021-10-13 02:00:00,8456.0,9321.024
2021-10-13 03:00:00,9176.0,8878.717
2021-10-13 04:00:00,9650.0,9415.521
2021-10-13 05:00:00,9724.0,9702.647
2021-10-13 06:00:00,9752.0,9769.559
2021-10-13 07:00:00,9784.0,9695.55
2021-10-13 08:00:00,9742.0,9702.486
2021-10-13 09:00:00,9642.0,9677.1045
2021-10-13 10:00:00,9510.0,9543.285
2021-10-13 11:00:00,9432.0,9438.861
2021-10-13 12:00:00,9393.0,9392.085
2021-10-13 13:00:00,9370.0,9398.314
2021-10-13 14:00:00,9443.0,9475.878
2021-10-13 15:00:00,9790.0,9610.209
2021-10-13 16:00:00,10139.0,9968.619
2021-10-13 17:00:00,10010.0,10033.64
2021-10-13 18:00:00,9478.0,9578.194
2021-10-13 19:00:00,9360.0,9199.98
2021-10-13 20:00:00,9187.0,9023.951
2021-10-13 21:00:00,8803.0,8930.62
2021-10-13 22:00:00,9460.5,9233.903
2021-10-13 23:00:00,9460.5,9408.217
2021-10-14 00:00:00,9509.5,9413.796
2021-10-14 01:00:00,9646.5,9495.283
2021-10-14 02:00:00,9764.0,9399.062
2021-10-14 03:00:00,9541.0,9535.417
2021-10-14 04:00:00,10022.0,9652.929
2021-10-14 05:00:00,10104.0,10071.987
2021-10-14 06:00:00,10156.0,10080.203
2021-10-14 07:00:00,10053.0,10039.449
2021-10-14 08:00:00,9962.0,9980.825
2021-10-14 09:00:00,9877.0,9943.875
2021-10-14 10:00:00,9825.0,9793.43
2021-10-14 11:00:00,9752.0,9739.418
2021-10-14 12:00:00,9776.0,9670.716
2021-10-14 13:00:00,9816.0,9726.476
2021-10-14 14:00:00,9874.0,9882.514
2021-10-14 15:00:00,10140.0,10018.14
2021-10-14 16:00:00,10322.0,10294.901
2021-10-14 17:00:00,10125.0,10260.638
2021-10-14 18:00:00,9667.0,9781.182
2021-10-14 19:00:00,9555.0,9387.635
2021-10-14 20:00:00,9264.0,9313.31
2021-10-14 21:00:00,9796.0,9140.948
2021-10-14 22:00:00,9796.0,9641.296
2021-10-14 23:00:00,9796.0,9713.386
2021-10-15 00:00:00,9800.0,9798.876
2021-10-15 01:00:00,9801.5,9791.755
2021-10-15 02:00:00,9785.5,9703.815
2021-10-15 03:00:00,9403.0,9705.99
2021-10-15 04:00:00,9959.0,9785.674
2021-10-15 05:00:00,9994.0,10104.709
2021-10-15 06:00:00,10014.0,10152.6875
2021-10-15 07:00:00,10065.0,10029.113
2021-10-15 08:00:00,10081.0,10064.951
2021-10-15 09:00:00,10044.0,10030.091
2021-10-15 10:00:00,9897.0,9939.251
2021-10-15 11:00:00,9784.0,9813.719
2021-10-15 12:00:00,9787.0,9750.806
2021-10-15 13:00:00,9773.0,9789.107
2021-10-15 14:00:00,9819.0,9903.337
2021-10-15 15:00:00,9980.0,10085.119
2021-10-15 16:00:00,10089.0,10233.019
2021-10-15 17:00:00,9902.0,10101.293
2021-10-15 18:00:00,9417.0,9560.2295
2021-10-15 19:00:00,9424.0,9282.468
2021-10-15 20:00:00,9194.0,9212.091
2021-10-15 21:00:00,9320.5,9048.698
2021-10-15 22:00:00,9320.5,9212.837
2021-10-15 23:00:00,9263.0,9251.445
2021-10-16 00:00:00,9207.0,9162.428
2021-10-16 01:00:00,9207.0,9101.637
2021-10-16 02:00:00,9207.0,9081.071
2021-10-16 03:00:00,8649.0,8995.496
2021-10-16 04:00:00,8852.0,8750.091
2021-10-16 05:00:00,8956.0,8849.439
2021-10-16 06:00:00,9202.0,9055.396
2021-10-16 07:00:00,9327.0,9209.827
2021-10-16 08:00:00,9314.0,9302.756
2021-10-16 09:00:00,9332.0,9252.622
2021-10-16 10:00:00,9212.0,9206.148
2021-10-16 11:00:00,9176.0,9102.23
2021-10-16 12:00:00,9299.0,9102.959
2021-10-16 13:00:00,9388.0,9295.529
2021-10-16 14:00:00,9596.0,9487.008
2021-10-16 15:00:00,9994.0,9718.269
2021-10-16 16:00:00,9228.5,9953.775
2021-10-16 17:00:00,9759.0,9485.75
2021-10-16 18:00:00,9284.0,9280.179
2021-10-16 19:00:00,9368.0,9082.377
2021-10-16 20:00:00,9245.0,9061.878
2021-10-16 21:00:00,8845.0,8796.61
2021-10-16 22:00:00,8535.0,8704.078
2021-10-16 23:00:00,8378.0,8443.796
2021-10-17 00:00:00,8294.0,8313.475
2021-10-17 01:00:00,8327.0,8243.462
2021-10-17 02:00:00,8425.0,8348.591
2021-10-17 03:00:00,8613.0,8366.35
2021-10-17 04:00:00,8725.0,8585.839
2021-10-17 05:00:00,8762.0,8701.062
2021-10-17 06:00:00,8992.0,8870.127
2021-10-17 07:00:00,9123.0,9073.321
2021-10-17 08:00:00,9180.0,9160.432
2021-10-17 09:00:00,9168.0,9167.384
2021-10-17 10:00:00,9073.0,9109.598
2021-10-17 11:00:00,9012.0,9035.979
2021-10-17 12:00:00,9017.0,8988.511
2021-10-17 13:00:00,9116.0,9040.463
2021-10-17 14:00:00,9219.0,9303.804
2021-10-17 15:00:00,9714.0,9472.999
2021-10-17 16:00:00,9094.5,9647.524
2021-10-17 17:00:00,9119.5,9364.768
2021-10-17 18:00:00,9302.0,9027.901
2021-10-17 19:00:00,9401.0,9117.689
2021-10-17 20:00:00,9283.0,9173.179
2021-10-17 21:00:00,8974.0,8864.303
2021-10-17 22:00:00,8734.0,8724.014
2021-10-17 23:00:00,9351.5,8614.417
2021-10-18 00:00:00,9500.0,9297.38
2021-10-18 01:00:00,9640.5,9416.614
2021-10-18 02:00:00,9698.0,9547.847
2021-10-18 03:00:00,9599.0,9621.133
2021-10-18 04:00:00,10086.0,9894.411
2021-10-18 05:00:00,10169.0,10281.918
2021-10-18 06:00:00,10264.0,10240.448
2021-10-18 07:00:00,10316.0,10253.542
2021-10-18 08:00:00,10328.0,10270.941
2021-10-18 09:00:00,10251.0,10292.646
2021-10-18 10:00:00,10149.0,10154.094
2021-10-18 11:00:00,10050.0,10059.833
2021-10-18 12:00:00,10025.0,9996.052
2021-10-18 13:00:00,9986.0,10039.582
2021-10-18 14:00:00,10026.0,10113.535
2021-10-18 15:00:00,10278.0,10176.353
2021-10-18 16:00:00,10441.0,10334.302
2021-10-18 17:00:00,10253.0,10327.246
2021-10-18 18:00:00,9843.0,9938.622
2021-10-18 19:00:00,9812.0,9576.053
2021-10-18 20:00:00,9692.0,9586.855
2021-10-18 21:00:00,9334.0,9507.149
2021-10-18 22:00:00,9038.0,9677.055
2021-10-18 23:00:00,10038.0,9779.645
2021-10-19 00:00:00,10056.0,9995.38
2021-10-19 01:00:00,9092.0,10014.806
2021-10-19 02:00:00,9415.0,9568.403
2021-10-19 03:00:00,10211.0,9471.047
2021-10-19 04:00:00,10708.0,10270.219
2021-10-19 05:00:00,10773.0,10641.238
2021-10-19 06:00:00,10795.0,10696.589
2021-10-19 07:00:00,10642.0,10647.053
2021-10-19 08:00:00,10486.0,10523.968
2021-10-19 09:00:00,10380.0,10405.595
2021-10-19 10:00:00,10229.0,10276.243
2021-10-19 11:00:00,10086.0,10123.342
2021-10-19 12:00:00,10070.0,10051.6455
2021-10-19 13:00:00,10085.0,10094.991
2021-10-19 14:00:00,10218.0,10189.888
2021-10-19 15:00:00,10661.0,10378.221
2021-10-19 16:00:00,10812.0,10666.969
2021-10-19 17:00:00,10598.0,10730.637
2021-10-19 18:00:00,10103.0,10199.592
2021-10-19 19:00:00,10036.0,9912.655
2021-10-19 20:00:00,9766.0,9787.075
2021-10-19 21:00:00,9327.0,9565.796
2021-10-19 22:00:00,10094.5,9613.251
2021-10-19 23:00:00,10094.5,10063.213
2021-10-20 00:00:00,10160.5,10082.38
2021-10-20 01:00:00,10221.5,10118.733
2021-10-20 02:00:00,10221.5,9995.108
2021-10-20 03:00:00,9878.0,10046.307
2021-10-20 04:00:00,10368.0,10183.103
2021-10-20 05:00:00,10454.0,10472.742
2021-10-20 06:00:00,10479.0,10492.796
2021-10-20 07:00:00,10497.0,10414.736
2021-10-20 08:00:00,10628.0,10464.127
2021-10-20 09:00:00,10556.0,10527.945
2021-10-20 10:00:00,10434.0,10475.757
2021-10-20 11:00:00,10251.0,10310.264
2021-10-20 12:00:00,10225.0,10173.762
2021-10-20 13:00:00,10140.0,10220.634
2021-10-20 14:00:00,10222.0,10267.945
2021-10-20 15:00:00,10503.0,10438.378
2021-10-20 16:00:00,10466.0,10664.31
2021-10-20 17:00:00,10304.0,10435.245
2021-10-20 18:00:00,9677.0,10026.078
2021-10-20 19:00:00,9562.0,9724.938
2021-10-20 20:00:00,9353.0,9598.861
2021-10-20 21:00:00,9750.0,9393.188
2021-10-20 22:00:00,9750.0,9846.396
2021-10-20 23:00:00,9727.0,9978.036
2021-10-21 00:00:00,9706.5,9887.439
2021-10-21 01:00:00,9688.0,9808.494
2021-10-21 02:00:00,9676.5,9791.151
2021-10-21 03:00:00,9261.0,9804.239
2021-10-21 04:00:00,9699.0,10015.346
2021-10-21 05:00:00,9740.0,10081.883
2021-10-21 06:00:00,9760.0,10005.527
2021-10-21 07:00:00,9801.0,9895.573
2021-10-21 08:00:00,9841.0,9858.578
2021-10-21 09:00:00,9843.0,9893.531
2021-10-21 10:00:00,9714.0,9829.204
2021-10-21 11:00:00,9676.0,9717.163
2021-10-21 12:00:00,9625.0,9703.538
2021-10-21 13:00:00,9572.0,9734.309
2021-10-21 14:00:00,9781.0,9777.242
2021-10-21 15:00:00,10110.0,10075.558
2021-10-21 16:00:00,10178.0,10215.541
2021-10-21 17:00:00,9980.0,10133.428
2021-10-21 18:00:00,9478.0,9584.72
2021-10-21 19:00:00,9420.0,9336.425
2021-10-21 20:00:00,9254.0,9211.864
2021-10-21 21:00:00,9650.5,9199.621
2021-10-21 22:00:00,9650.5,9560.788
2021-10-21 23:00:00,9650.5,9621.087
2021-10-22 00:00:00,9703.0,9698.004
2021-10-22 01:00:00,9855.5,9673.11
2021-10-22 02:00:00,9955.0,9675.785
2021-10-22 03:00:00,9466.0,9820.505
2021-10-22 04:00:00,9930.0,9834.719
2021-10-22 05:00:00,10130.0,10117.116
2021-10-22 06:00:00,10217.0,10158.088
2021-10-22 07:00:00,10340.0,10148.375
2021-10-22 08:00:00,10510.0,10210.165
2021-10-22 09:00:00,10505.0,10338.65
2021-10-22 10:00:00,10458.0,10276.287
2021-10-22 11:00:00,10401.0,10234.737
2021-10-22 12:00:00,10339.0,10205.496
2021-10-22 13:00:00,10340.0,10255.352
2021-10-22 14:00:00,10401.0,10383.639
2021-10-22 15:00:00,10736.0,10500.187
2021-10-22 16:00:00,10734.0,10735.294
2021-10-22 17:00:00,10451.0,10593.194
2021-10-22 18:00:00,9972.0,10075.06
2021-10-22 19:00:00,9981.0,9745.078
2021-10-22 20:00:00,9801.0,9777.475
2021-10-22 21:00:00,9404.0,9576.411
2021-10-22 22:00:00,9084.0,9506.239
2021-10-22 23:00:00,9898.0,9372.248
2021-10-23 00:00:00,9898.0,9646.741
2021-10-23 01:00:00,9898.0,9695.945
2021-10-23 02:00:00,9898.0,9624.943
2021-10-23 03:00:00,9210.0,9472.133
2021-10-23 04:00:00,9370.0,9208.917
2021-10-23 05:00:00,9527.0,9405.076
2021-10-23 06:00:00,9730.0,9651.3
2021-10-23 07:00:00,9881.0,9808.633
2021-10-23 08:00:00,9915.0,9890.32
2021-10-23 09:00:00,9955.0,9877.652
2021-10-23 10:00:00,9960.0,9861.676
2021-10-23 11:00:00,9976.0,9829.035
2021-10-23 12:00:00,9996.0,9872.962
2021-10-23 13:00:00,10054.0,9993.455
2021-10-23 14:00:00,10275.0,10101.544
2021-10-23 15:00:00,9935.0,10385.119
2021-10-23 16:00:00,9935.0,9990.925
2021-10-23 17:00:00,10594.0,10049.549
2021-10-23 18:00:00,10086.0,10080.454
2021-10-23 19:00:00,10195.0,9785.323
2021-10-23 20:00:00,10059.0,9857.78
2021-10-23 21:00:00,9689.0,9672.406
2021-10-23 22:00:00,9521.0,9246.53
2021-10-23 23:00:00,9373.0,9270.482
2021-10-24 00:00:00,9299.0,9259.199
2021-10-24 01:00:00,9332.0,9177.539
2021-10-24 02:00:00,9450.0,9254.874
2021-10-24 03:00:00,9601.0,9246.06
2021-10-24 04:00:00,9652.0,9488.982
2021-10-24 05:00:00,9749.0,9589.446
2021-10-24 06:00:00,9898.0,9767.301
2021-10-24 07:00:00,10061.0,9880.186
2021-10-24 08:00:00,10136.0,10080.204
2021-10-24 09:00:00,10084.0,10092.4795
2021-10-24 10:00:00,9919.0,9988.907
2021-10-24 11:00:00,9867.0,9877.022
2021-10-24 12:00:00,9878.0,9874.919
2021-10-24 13:00:00,9890.0,9935.55
2021-10-24 14:00:00,10087.0,10097.654
2021-10-24 15:00:00,10451.0,10179.076
2021-10-24 16:00:00,10409.0,10342.636
2021-10-24 17:00:00,10155.0,10385.438
2021-10-24 18:00:00,9772.0,10023.166
2021-10-24 19:00:00,9900.0,9856.717
2021-10-24 20:00:00,9743.0,9936.362
2021-10-24 21:00:00,9344.0,9530.229
2021-10-24 22:00:00,9895.0,9172.036
2021-10-24 23:00:00,9895.0,9693.309
2021-10-25 00:00:00,9993.5,9932.498
2021-10-25 01:00:00,10033.0,10044.761
2021-10-25 02:00:00,10033.0,10022.847
2021-10-25 03:00:00,9792.0,10005.747
2021-10-25 04:00:00,10283.0,10245.51
2021-10-25 05:00:00,10464.0,10589.395
2021-10-25 06:00:00,10364.0,10650.698
2021-10-25 07:00:00,10333.0,10485.376
2021-10-25 08:00:00,10336.0,10437.711
2021-10-25 09:00:00,10303.0,10444.934
2021-10-25 10:00:00,10178.0,10382.192
2021-10-25 11:00:00,10098.0,10283.958
2021-10-25 12:00:00,9979.0,10212.378
2021-10-25 13:00:00,9948.0,10166.393
2021-10-25 14:00:00,10121.0,10267.474
2021-10-25 15:00:00,10320.0,10429.469
2021-10-25 16:00:00,10312.0,10527.7705
2021-10-25 17:00:00,10125.0,10396.785
2021-10-25 18:00:00,9620.0,9938.187
2021-10-25 19:00:00,9650.0,9727.69
2021-10-25 20:00:00,9396.0,9675.031
2021-10-25 21:00:00,9944.0,9588.599
2021-10-25 22:00:00,9944.0,9880.742
2021-10-25 23:00:00,9944.0,10077.907
2021-10-26 00:00:00,9922.5,9950.547
2021-10-26 01:00:00,9898.0,9956.666
2021-10-26 02:00:00,9884.5,9935.562
2021-10-26 03:00:00,9370.0,9819.621
2021-10-26 04:00:00,9839.0,9883.025
2021-10-26 05:00:00,10021.0,10124.944
2021-10-26 06:00:00,9940.0,10123.246
2021-10-26 07:00:00,9954.0,10008.449
2021-10-26 08:00:00,10030.0,10006.75
2021-10-26 09:00:00,10058.0,10028.51
2021-10-26 10:00:00,9956.0,10028.515
2021-10-26 11:00:00,9905.0,9897.244
2021-10-26 12:00:00,9891.0,9842.742
2021-10-26 13:00:00,9878.0,9882.939
2021-10-26 14:00:00,10086.0,10071.971
2021-10-26 15:00:00,10319.0,10254.2
2021-10-26 16:00:00,10378.0,10390.412
2021-10-26 17:00:00,10113.0,10277.266
2021-10-26 18:00:00,9661.0,9792.977
2021-10-26 19:00:00,9661.0,9597.604
2021-10-26 20:00:00,9368.0,9462.518
2021-10-26 21:00:00,9898.0,9394.507
2021-10-26 22:00:00,9898.0,9761.124
2021-10-26 23:00:00,9898.0,9877.6
2021-10-27 00:00:00,9963.0,9867.046
2021-10-27 01:00:00,9956.5,9923.593
2021-10-27 02:00:00,9999.0,9828.929
2021-10-27 03:00:00,9660.0,9796.0
2021-10-27 04:00:00,10075.0,9927.397
2021-10-27 05:00:00,10146.0,10122.852
2021-10-27 06:00:00,10080.0,10100.963
2021-10-27 07:00:00,10106.0,10022.468
2021-10-27 08:00:00,10229.0,10023.22
2021-10-27 09:00:00,10308.0,10138.687
2021-10-27 10:00:00,10203.0,10145.82
2021-10-27 11:00:00,10035.0,10064.2705
2021-10-27 12:00:00,9718.0,9950.039
2021-10-27 13:00:00,9963.0,9790.677
2021-10-27 14:00:00,10086.0,10129.731
2021-10-27 15:00:00,10242.0,10304.548
2021-10-27 16:00:00,10323.0,10339.956
2021-10-27 17:00:00,10045.0,10281.604
2021-10-27 18:00:00,9707.0,9750.572
2021-10-27 19:00:00,9630.0,9620.678
2021-10-27 20:00:00,9430.0,9389.003
2021-10-27 21:00:00,9999.0,9602.458
2021-10-27 22:00:00,9999.0,9884.685
2021-10-27 23:00:00,9999.0,9944.127
2021-10-28 00:00:00,10004.0,10061.469
2021-10-28 01:00:00,10065.5,10060.685
2021-10-28 02:00:00,10096.5,10053.16
2021-10-28 03:00:00,9589.0,9897.712
2021-10-28 04:00:00,10107.0,9937.172
2021-10-28 05:00:00,10243.0,10220.285
2021-10-28 06:00:00,10258.0,10275.775
2021-10-28 07:00:00,10320.0,10226.158
2021-10-28 08:00:00,10335.0,10288.479
2021-10-28 09:00:00,10344.0,10282.096
2021-10-28 10:00:00,10241.0,10248.482
2021-10-28 11:00:00,10254.0,10127.417
2021-10-28 12:00:00,10210.0,10091.837
2021-10-28 13:00:00,10217.0,10181.57
2021-10-28 14:00:00,10290.0,10291.5625
2021-10-28 15:00:00,10406.0,10435.623
2021-10-28 16:00:00,10377.0,10465.596
2021-10-28 17:00:00,10174.0,10257.846
2021-10-28 18:00:00,9719.0,9925.134
2021-10-28 19:00:00,9593.0,9623.014
2021-10-28 20:00:00,10067.5,9472.473
2021-10-28 21:00:00,10011.5,9948.576
2021-10-28 22:00:00,10011.5,9984.148
2021-10-28 23:00:00,10004.5,10027.694
2021-10-29 00:00:00,9997.0,10074.919
2021-10-29 01:00:00,9958.0,10069.812
2021-10-29 02:00:00,9936.5,9969.809
2021-10-29 03:00:00,9510.0,9806.546
2021-10-29 04:00:00,10018.0,9965.82
2021-10-29 05:00:00,10158.0,10210.918
2021-10-29 06:00:00,10117.0,10230.072
2021-10-29 07:00:00,9990.0,10160.58
2021-10-29 08:00:00,10005.0,10085.712
2021-10-29 09:00:00,10048.0,10109.483
2021-10-29 10:00:00,10004.0,10068.735
2021-10-29 11:00:00,9882.0,10042.74
2021-10-29 12:00:00,9926.0,9964.958
2021-10-29 13:00:00,9947.0,10062.653
2021-10-29 14:00:00,10026.0,10160.79
2021-10-29 15:00:00,10208.0,10239.86
2021-10-29 16:00:00,10235.0,10326.759
2021-10-29 17:00:00,9969.0,10149.803
2021-10-29 18:00:00,9488.0,9608.476
2021-10-29 19:00:00,9494.0,9418.307
2021-10-29 20:00:00,9288.0,9465.549
2021-10-29 21:00:00,8870.0,9293.466
2021-10-29 22:00:00,9335.5,9135.093
2021-10-29 23:00:00,9335.5,9403.06
2021-10-30 00:00:00,9335.5,9310.6455
2021-10-30 01:00:00,9335.5,9330.157
2021-10-30 02:00:00,9335.5,9285.544
2021-10-30 03:00:00,8701.0,9118.434
2021-10-30 04:00:00,8839.0,8940.072
2021-10-30 05:00:00,9063.0,9086.888
2021-10-30 06:00:00,9104.0,9259.932
2021-10-30 07:00:00,9310.0,9257.733
2021-10-30 08:00:00,9372.0,9413.409
2021-10-30 09:00:00,9361.0,9445.089
2021-10-30 10:00:00,9383.0,9346.932
2021-10-30 11:00:00,9369.0,9403.887
2021-10-30 12:00:00,9399.0,9397.918
2021-10-30 13:00:00,9475.0,9509.285
2021-10-30 14:00:00,9775.0,9685.887
2021-10-30 15:00:00,10078.0,9926.852
2021-10-30 16:00:00,9998.0,10061.028
2021-10-30 17:00:00,9656.0,9934.094
2021-10-30 18:00:00,9159.0,9395.904
2021-10-30 19:00:00,9192.0,9119.612
2021-10-30 20:00:00,8981.0,9099.592
2021-10-30 21:00:00,8580.0,8867.667
2021-10-30 22:00:00,8259.0,8575.816
2021-10-30 23:00:00,8133.0,8452.859
2021-10-31 00:00:00,8005.0,8247.391
2021-10-31 01:00:00,8069.0,8277.285
2021-10-31 02:00:00,8072.0,8336.87
2021-10-31 03:00:00,8063.0,8370.916
2021-10-31 04:00:00,8313.0,8399.855
2021-10-31 05:00:00,8463.0,8563.359
2021-10-31 06:00:00,8563.0,8728.029
2021-10-31 07:00:00,8827.0,8818.854
2021-10-31 08:00:00,8972.0,9012.926
2021-10-31 09:00:00,9118.0,9082.359
2021-10-31 10:00:00,9152.0,9178.981
2021-10-31 11:00:00,9058.0,9177.24
2021-10-31 12:00:00,8976.0,9117.167
2021-10-31 13:00:00,9219.0,9108.682
2021-10-31 14:00:00,9473.0,9517.025
2021-10-31 15:00:00,9591.0,9716.189
2021-10-31 16:00:00,9649.0,9652.838
2021-10-31 17:00:00,9601.0,9658.232
2021-10-31 18:00:00,9369.0,9342.104
2021-10-31 19:00:00,8932.0,9210.332
2021-10-31 20:00:00,9096.0,9015.119
2021-10-31 21:00:00,9030.0,9036.485
2021-10-31 22:00:00,8726.0,8942.997
2021-10-31 23:00:00,8496.0,8932.802
2021-11-01 00:00:00,9355.5,9179.879
2021-11-01 01:00:00,9421.0,9473.674
2021-11-01 02:00:00,9532.0,9394.829
2021-11-01 03:00:00,9596.0,9417.4
2021-11-01 04:00:00,9342.0,9686.442
2021-11-01 05:00:00,9878.0,9749.281
2021-11-01 06:00:00,9951.0,10093.631
2021-11-01 07:00:00,9966.0,9991.721
2021-11-01 08:00:00,9976.0,9997.231
2021-11-01 09:00:00,10040.0,9994.969
2021-11-01 10:00:00,9957.0,9982.428
2021-11-01 11:00:00,9928.0,9882.908
2021-11-01 12:00:00,9917.0,9845.893
2021-11-01 13:00:00,9928.0,9892.38
2021-11-01 14:00:00,10027.0,10017.896
2021-11-01 15:00:00,10260.0,10128.088
2021-11-01 16:00:00,10240.0,10244.716
2021-11-01 17:00:00,10194.0,10161.62
2021-11-01 18:00:00,9875.0,9893.028
2021-11-01 19:00:00,9401.0,9578.703
2021-11-01 20:00:00,9432.0,9350.971
2021-11-01 21:00:00,9198.0,9411.376
2021-11-01 22:00:00,9922.5,9553.678
2021-11-01 23:00:00,9922.5,9753.1
2021-11-02 00:00:00,9922.5,9805.151
2021-11-02 01:00:00,9945.0,9826.535
2021-11-02 02:00:00,9987.5,9807.86
2021-11-02 03:00:00,9987.5,9860.538
2021-11-02 04:00:00,9535.0,9856.178
2021-11-02 05:00:00,10029.0,9853.845
2021-11-02 06:00:00,10163.0,10081.425
2021-11-02 07:00:00,10189.0,10020.485
2021-11-02 08:00:00,10156.0,10067.706
2021-11-02 09:00:00,10243.0,10035.873
2021-11-02 10:00:00,10174.0,10089.27
2021-11-02 11:00:00,10054.0,10058.953
2021-11-02 12:00:00,9962.0,9953.017
2021-11-02 13:00:00,10013.0,9983.252
2021-11-02 14:00:00,10200.0,10120.639
2021-11-02 15:00:00,10432.0,10369.319
2021-11-02 16:00:00,10416.0,10466.18
2021-11-02 17:00:00,10348.0,10375.551
2021-11-02 18:00:00,10044.0,10047.813
2021-11-02 19:00:00,9620.0,9741.448
2021-11-02 20:00:00,9590.0,9488.484
2021-11-02 21:00:00,9286.0,9554.756
2021-11-02 22:00:00,8959.0,9729.362
2021-11-02 23:00:00,10028.5,9550.751
2021-11-03 00:00:00,10028.5,10059.3955
2021-11-03 01:00:00,10062.0,10051.304
2021-11-03 02:00:00,10102.5,10009.981
2021-11-03 03:00:00,10102.5,9962.903
2021-11-03 04:00:00,9598.0,9804.411
2021-11-03 05:00:00,10080.0,9913.358
2021-11-03 06:00:00,10125.0,10210.359
2021-11-03 07:00:00,10195.0,10148.75
2021-11-03 08:00:00,10220.0,10181.668
2021-11-03 09:00:00,10303.0,10209.018
2021-11-03 10:00:00,10317.0,10232.958
2021-11-03 11:00:00,10233.0,10151.586
2021-11-03 12:00:00,10141.0,10117.383
2021-11-03 13:00:00,10170.0,10121.996
2021-11-03 14:00:00,10360.0,10281.24
2021-11-03 15:00:00,10514.0,10512.834
2021-11-03 16:00:00,10539.0,10573.629
2021-11-03 17:00:00,10523.0,10473.883
2021-11-03 18:00:00,10246.0,10209.133
2021-11-03 19:00:00,9676.0,9860.413
2021-11-03 20:00:00,9645.0,9559.821
2021-11-03 21:00:00,9394.0,9646.751
2021-11-03 22:00:00,9652.5,9738.079
2021-11-03 23:00:00,9652.5,9902.654
2021-11-04 00:00:00,9652.5,9834.47
2021-11-04 01:00:00,9652.5,9783.607
2021-11-04 02:00:00,9652.5,9764.249
2021-11-04 03:00:00,9652.5,9770.96
2021-11-04 04:00:00,9401.0,9684.348
2021-11-04 05:00:00,9892.0,9854.832
2021-11-04 06:00:00,9635.0,10083.939
2021-11-04 07:00:00,9470.0,9832.216
2021-11-04 08:00:00,9532.0,9738.6455
2021-11-04 09:00:00,9660.0,9748.916
2021-11-04 10:00:00,9697.0,9785.317
2021-11-04 11:00:00,9708.0,9759.311
2021-11-04 12:00:00,9933.0,9769.305
2021-11-04 13:00:00,9999.0,10050.522
2021-11-04 14:00:00,10198.0,10186.621
2021-11-04 15:00:00,10320.0,10355.707
2021-11-04 16:00:00,10337.0,10369.43
2021-11-04 17:00:00,10304.0,10309.403
2021-11-04 18:00:00,10061.0,10001.049
2021-11-04 19:00:00,9576.0,9667.429
2021-11-04 20:00:00,9565.0,9476.087
2021-11-04 21:00:00,9388.0,9376.387
2021-11-04 22:00:00,8898.0,9498.577
2021-11-04 23:00:00,9966.0,9223.319
2021-11-05 00:00:00,10030.0,9943.6
2021-11-05 01:00:00,10091.5,9952.3
2021-11-05 02:00:00,10125.5,9961.706
2021-11-05 03:00:00,10125.5,10004.157
2021-11-05 04:00:00,9658.0,9912.602
2021-11-05 05:00:00,10148.0,9951.445
2021-11-05 06:00:00,10258.0,10149.537
2021-11-05 07:00:00,10190.0,10181.648
2021-11-05 08:00:00,10281.0,10106.93
2021-11-05 09:00:00,10271.0,10171.997
2021-11-05 10:00:00,10240.0,10124.09
2021-11-05 11:00:00,10122.0,10114.681
2021-11-05 12:00:00,10129.0,10068.128
2021-11-05 13:00:00,10190.0,10175.519
2021-11-05 14:00:00,10477.0,10396.977
2021-11-05 15:00:00,10610.0,10614.345
2021-11-05 16:00:00,10606.0,10614.747
2021-11-05 17:00:00,10498.0,10514.875
2021-11-05 18:00:00,10179.0,10206.31
2021-11-05 19:00:00,9699.0,9870.741
2021-11-05 20:00:00,9712.0,9632.73
2021-11-05 21:00:00,9481.0,9458.274
2021-11-05 22:00:00,8962.0,9436.323
2021-11-05 23:00:00,8626.0,9286.302
2021-11-06 00:00:00,9480.5,8776.118
2021-11-06 01:00:00,9480.5,9418.486
2021-11-06 02:00:00,8445.0,9356.786
2021-11-06 03:00:00,8524.0,8643.09
2021-11-06 04:00:00,8739.0,8629.933
2021-11-06 05:00:00,8906.0,8957.92
2021-11-06 06:00:00,8987.0,9157.262
2021-11-06 07:00:00,9186.0,9152.393
2021-11-06 08:00:00,9355.0,9347.056
2021-11-06 09:00:00,9480.0,9423.617
2021-11-06 10:00:00,9513.0,9469.487
2021-11-06 11:00:00,9484.0,9491.795
2021-11-06 12:00:00,9490.0,9478.589
2021-11-06 13:00:00,9637.0,9610.519
2021-11-06 14:00:00,10038.0,9854.034
2021-11-06 15:00:00,10392.0,10184.419
2021-11-06 16:00:00,10513.0,10295.82
2021-11-06 17:00:00,10407.0,10263.47
2021-11-06 18:00:00,10164.0,9913.036
2021-11-06 19:00:00,9768.0,9619.454
2021-11-06 20:00:00,9858.0,9413.179
2021-11-06 21:00:00,9760.0,9351.278
2021-11-06 22:00:00,9339.0,9073.103
2021-11-06 23:00:00,9022.0,8906.79
2021-11-07 00:00:00,8863.0,8755.146
2021-11-07 01:00:00,8747.0,8739.335
2021-11-07 02:00:00,8793.0,8727.368
2021-11-07 03:00:00,8868.0,8665.908
2021-11-07 04:00:00,9087.0,8833.085
2021-11-07 05:00:00,9255.0,9074.719
2021-11-07 06:00:00,9312.0,9295.809
2021-11-07 07:00:00,9562.0,9348.108
2021-11-07 08:00:00,9769.0,9553.87
2021-11-07 09:00:00,9853.0,9750.057
2021-11-07 10:00:00,9875.0,9735.414
2021-11-07 11:00:00,9799.0,9763.05
2021-11-07 12:00:00,9854.0,9712.987
2021-11-07 13:00:00,9994.0,9862.764
2021-11-07 14:00:00,10340.0,10201.543
2021-11-07 15:00:00,10503.0,10514.769
2021-11-07 16:00:00,10557.0,10551.905
2021-11-07 17:00:00,10527.0,10518.466
2021-11-07 18:00:00,10337.0,10282.891
2021-11-07 19:00:00,9963.0,9924.943
2021-11-07 20:00:00,10184.0,9845.096
2021-11-07 21:00:00,10067.0,10030.759
2021-11-07 22:00:00,9641.0,9687.3125
2021-11-07 23:00:00,10260.5,9337.127
2021-11-08 00:00:00,10338.5,10333.463
2021-11-08 01:00:00,10384.0,10336.997
2021-11-08 02:00:00,10465.5,10328.756
2021-11-08 03:00:00,10515.0,10269.561
2021-11-08 04:00:00,10428.0,10396.743
2021-11-08 05:00:00,10957.0,10716.264
2021-11-08 06:00:00,11025.0,11070.633
2021-11-08 07:00:00,11094.0,10972.306
2021-11-08 08:00:00,11021.0,11016.104
2021-11-08 09:00:00,11007.0,10966.169
2021-11-08 10:00:00,10916.0,10903.553
2021-11-08 11:00:00,10898.0,10813.946
2021-11-08 12:00:00,10858.0,10879.032
2021-11-08 13:00:00,10939.0,10935.545
2021-11-08 14:00:00,11175.0,11095.226
2021-11-08 15:00:00,11312.0,11261.423
2021-11-08 16:00:00,11247.0,11256.054
2021-11-08 17:00:00,11316.0,11202.1
2021-11-08 18:00:00,11191.0,11076.698
2021-11-08 19:00:00,10775.0,10686.141
2021-11-08 20:00:00,10800.0,10573.077
2021-11-08 21:00:00,10600.0,10563.131
2021-11-08 22:00:00,10187.0,10526.29
2021-11-08 23:00:00,10986.0,10609.619
2021-11-09 00:00:00,11104.0,10903.232
2021-11-09 01:00:00,11183.0,11062.686
2021-11-09 02:00:00,11219.0,11174.537
2021-11-09 03:00:00,11279.5,11149.544
2021-11-09 04:00:00,11033.0,10909.354
2021-11-09 05:00:00,11457.0,11198.503
2021-11-09 06:00:00,11512.0,11445.926
2021-11-09 07:00:00,11550.0,11366.618
2021-11-09 08:00:00,11521.0,11366.433
2021-11-09 09:00:00,11586.0,11378.702
2021-11-09 10:00:00,11560.0,11375.694
2021-11-09 11:00:00,11458.0,11339.946
2021-11-09 12:00:00,11401.0,11285.141
2021-11-09 13:00:00,11438.0,11382.317
2021-11-09 14:00:00,11603.0,11542.617
2021-11-09 15:00:00,11637.0,11652.958
2021-11-09 16:00:00,11533.0,11585.957
2021-11-09 17:00:00,11527.0,11535.387
2021-11-09 18:00:00,11217.0,11359.97
2021-11-09 19:00:00,10649.0,10732.435
2021-11-09 20:00:00,10613.0,10587.024
2021-11-09 21:00:00,10293.0,10433.009
2021-11-09 22:00:00,10559.0,10653.914
2021-11-09 23:00:00,10550.0,10937.178
2021-11-10 00:00:00,10522.5,10830.29
2021-11-10 01:00:00,10480.0,10880.136
2021-11-10 02:00:00,10456.5,10812.032
2021-11-10 03:00:00,10456.5,10710.237
2021-11-10 04:00:00,10129.0,10689.07
2021-11-10 05:00:00,10563.0,10685.557
2021-11-10 06:00:00,10555.0,10948.849
2021-11-10 07:00:00,10545.0,10781.823
2021-11-10 08:00:00,10453.0,10746.918
2021-11-10 09:00:00,10500.0,10650.504
2021-11-10 10:00:00,10460.0,10671.388
2021-11-10 11:00:00,10411.0,10606.883
2021-11-10 12:00:00,10349.0,10553.66
2021-11-10 13:00:00,10405.0,10626.295
2021-11-10 14:00:00,10582.0,10745.2
2021-11-10 15:00:00,10653.0,10879.6455
2021-11-10 16:00:00,10672.0,10778.013
2021-11-10 17:00:00,10674.0,10797.909
2021-11-10 18:00:00,10446.0,10525.111
2021-11-10 19:00:00,9938.0,10144.947
2021-11-10 20:00:00,9972.0,10074.215
2021-11-10 21:00:00,9692.0,9880.605
2021-11-10 22:00:00,10408.0,9994.413
2021-11-10 23:00:00,10408.0,10305.623
2021-11-11 00:00:00,10377.0,10388.888
2021-11-11 01:00:00,10372.5,10368.655
2021-11-11 02:00:00,10380.5,10348.036
2021-11-11 03:00:00,10380.5,10313.863
2021-11-11 04:00:00,9916.0,10122.021
2021-11-11 05:00:00,10499.0,10321.417
2021-11-11 06:00:00,10586.0,10670.601
2021-11-11 07:00:00,10572.0,10575.98
2021-11-11 08:00:00,10590.0,10539.716
2021-11-11 09:00:00,10568.0,10563.363
2021-11-11 10:00:00,10532.0,10566.069
2021-11-11 11:00:00,10317.0,10511.248
2021-11-11 12:00:00,10340.0,10291.118
2021-11-11 13:00:00,10421.0,10436.128
2021-11-11 14:00:00,10698.0,10645.085
2021-11-11 15:00:00,10823.0,10805.33
2021-11-11 16:00:00,10748.0,10839.01
2021-11-11 17:00:00,10714.0,10778.997
2021-11-11 18:00:00,10527.0,10455.718
2021-11-11 19:00:00,10063.0,10130.649
2021-11-11 20:00:00,10097.0,9994.013
2021-11-11 21:00:00,9791.0,9825.208
2021-11-11 22:00:00,10380.5,10021.936
2021-11-11 23:00:00,10380.5,10369.004
2021-11-12 00:00:00,10474.0,10422.513
2021-11-12 01:00:00,10537.5,10529.339
2021-11-12 02:00:00,10557.0,10536.817
2021-11-12 03:00:00,10557.0,10482.918
2021-11-12 04:00:00,10082.0,10294.945
2021-11-12 05:00:00,10595.0,10405.927
2021-11-12 06:00:00,10666.0,10757.763
2021-11-12 07:00:00,10746.0,10648.924
2021-11-12 08:00:00,10710.0,10734.091
2021-11-12 09:00:00,10720.0,10717.262
2021-11-12 10:00:00,10658.0,10675.772
2021-11-12 11:00:00,10576.0,10521.952
2021-11-12 12:00:00,10548.0,10524.517
2021-11-12 13:00:00,10566.0,10615.965
2021-11-12 14:00:00,10758.0,10801.998
2021-11-12 15:00:00,10846.0,10891.656
2021-11-12 16:00:00,10861.0,10866.171
2021-11-12 17:00:00,10747.0,10826.998
2021-11-12 18:00:00,10501.0,10468.148
2021-11-12 19:00:00,9944.0,10091.378
2021-11-12 20:00:00,9989.0,9931.726
2021-11-12 21:00:00,9860.0,9771.704
2021-11-12 22:00:00,9484.0,9586.008
2021-11-12 23:00:00,9991.5,9525.249
2021-11-13 00:00:00,9991.5,9862.784
2021-11-13 01:00:00,9991.5,9879.88
2021-11-13 02:00:00,9991.5,9759.419
2021-11-13 03:00:00,9991.5,9739.46
2021-11-13 04:00:00,9455.0,9616.328
2021-11-13 05:00:00,9729.0,9533.316
2021-11-13 06:00:00,9824.0,9882.424
2021-11-13 07:00:00,9994.0,9902.519
2021-11-13 08:00:00,10218.0,9976.093
2021-11-13 09:00:00,10285.0,10154.172
2021-11-13 10:00:00,10238.0,10177.249
2021-11-13 11:00:00,10167.0,10111.98
2021-11-13 12:00:00,10212.0,10042.49
2021-11-13 13:00:00,10382.0,10232.441
2021-11-13 14:00:00,10774.0,10561.924
2021-11-13 15:00:00,10968.0,10816.427
2021-11-13 16:00:00,11059.0,10917.977
2021-11-13 17:00:00,10931.0,10875.428
2021-11-13 18:00:00,10600.0,10592.06
2021-11-13 19:00:00,10131.0,10018.459
2021-11-13 20:00:00,10311.0,9896.182
2021-11-13 21:00:00,10076.0,9980.792
2021-11-13 22:00:00,9675.0,9603.452
2021-11-13 23:00:00,9335.0,9495.039
2021-11-14 00:00:00,9142.0,9048.053
2021-11-14 01:00:00,9066.0,9042.33
2021-11-14 02:00:00,9051.0,9037.819
2021-11-14 03:00:00,9190.0,9049.298
2021-11-14 04:00:00,9375.0,9219.228
2021-11-14 05:00:00,9492.0,9430.194
2021-11-14 06:00:00,9680.0,9633.345
2021-11-14 07:00:00,9890.0,9807.583
2021-11-14 08:00:00,10079.0,10006.264
2021-11-14 09:00:00,10086.0,10135.218
2021-11-14 10:00:00,10036.0,10105.697
2021-11-14 11:00:00,9968.0,10000.871
2021-11-14 12:00:00,9959.0,9969.735
2021-11-14 13:00:00,10030.0,10131.676
2021-11-14 14:00:00,10353.0,10332.301
2021-11-14 15:00:00,10588.0,10561.896
2021-11-14 16:00:00,10618.0,10657.122
2021-11-14 17:00:00,10610.0,10552.751
2021-11-14 18:00:00,10503.0,10339.339
2021-11-14 19:00:00,10163.0,10089.611
2021-11-14 20:00:00,10415.0,10161.376
2021-11-14 21:00:00,10398.0,10184.748
2021-11-14 22:00:00,10110.0,9867.352
2021-11-14 23:00:00,9812.0,9862.72
2021-11-15 00:00:00,9652.0,10088.003
2021-11-15 01:00:00,9657.0,9997.501
2021-11-15 02:00:00,9734.0,9974.355
2021-11-15 03:00:00,10078.0,10032.755
2021-11-15 04:00:00,10886.0,10318.995
2021-11-15 05:00:00,11449.0,11214.772
2021-11-15 06:00:00,11602.0,11528.004
2021-11-15 07:00:00,11599.0,11465.034
2021-11-15 08:00:00,11537.0,11449.351
2021-11-15 09:00:00,11531.0,11443.244
2021-11-15 10:00:00,11409.0,11426.06
2021-11-15 11:00:00,11261.0,11346.681
2021-11-15 12:00:00,11153.0,11208.981
2021-11-15 13:00:00,11192.0,11226.612
2021-11-15 14:00:00,11272.0,11337.025
2021-11-15 15:00:00,11213.0,11360.626
2021-11-15 16:00:00,11104.0,11284.627
2021-11-15 17:00:00,11075.0,11186.665
2021-11-15 18:00:00,10819.0,10982.566
2021-11-15 19:00:00,10342.0,10523.009
2021-11-15 20:00:00,10498.0,10449.372
2021-11-15 21:00:00,10120.0,10459.479
2021-11-15 22:00:00,10536.0,10714.602
2021-11-15 23:00:00,10534.0,10788.119
2021-11-16 00:00:00,10514.0,10631.107
2021-11-16 01:00:00,10495.5,10648.661
2021-11-16 02:00:00,10495.5,10541.112
2021-11-16 03:00:00,10495.5,10579.161
2021-11-16 04:00:00,10495.5,10728.621
2021-11-16 05:00:00,10493.0,10958.91
2021-11-16 06:00:00,10542.0,10881.084
2021-11-16 07:00:00,10559.0,10720.641
2021-11-16 08:00:00,10552.0,10698.52
2021-11-16 09:00:00,10530.0,10677.931
2021-11-16 10:00:00,10538.0,10605.069
2021-11-16 11:00:00,10485.0,10611.518
2021-11-16 12:00:00,10480.0,10572.546
2021-11-16 13:00:00,10579.0,10675.917
2021-11-16 14:00:00,10839.0,10871.294
2021-11-16 15:00:00,10813.0,10997.364
2021-11-16 16:00:00,10762.0,10882.047
2021-11-16 17:00:00,10677.0,10844.805
2021-11-16 18:00:00,10555.0,10505.045
2021-11-16 19:00:00,10100.0,10265.527
2021-11-16 20:00:00,10153.0,10249.112
2021-11-16 21:00:00,9936.0,10046.452
2021-11-16 22:00:00,10482.5,10223.04
2021-11-16 23:00:00,10482.5,10555.322
2021-11-17 00:00:00,10462.0,10531.817
2021-11-17 01:00:00,10417.0,10500.477
2021-11-17 02:00:00,10417.0,10473.352
2021-11-17 03:00:00,10417.0,10407.139
2021-11-17 04:00:00,9836.0,10289.831
2021-11-17 05:00:00,10373.0,10335.985
2021-11-17 06:00:00,10567.0,10567.072
2021-11-17 07:00:00,10530.0,10598.832
2021-11-17 08:00:00,10493.0,10549.146
2021-11-17 09:00:00,10500.0,10523.584
2021-11-17 10:00:00,10524.0,10496.836
2021-11-17 11:00:00,10444.0,10467.543
2021-11-17 12:00:00,10390.0,10389.456
2021-11-17 13:00:00,10539.0,10443.142
2021-11-17 14:00:00,10757.0,10742.047
2021-11-17 15:00:00,10817.0,10859.733
2021-11-17 16:00:00,10817.0,10830.1875
2021-11-17 17:00:00,10853.0,10801.317
2021-11-17 18:00:00,10558.0,10580.919
2021-11-17 19:00:00,10081.0,10136.862
2021-11-17 20:00:00,10051.0,9995.506
2021-11-17 21:00:00,9805.0,9882.442
2021-11-17 22:00:00,10260.0,10244.327
2021-11-17 23:00:00,10260.0,10409.299
2021-11-18 00:00:00,10220.5,10287.17
2021-11-18 01:00:00,10220.5,10274.204
2021-11-18 02:00:00,10220.5,10232.969
2021-11-18 03:00:00,10220.5,10207.856
2021-11-18 04:00:00,9719.0,10033.938
2021-11-18 05:00:00,10203.0,10257.665
2021-11-18 06:00:00,10341.0,10459.79
2021-11-18 07:00:00,10290.0,10403.513
2021-11-18 08:00:00,10238.0,10333.25
2021-11-18 09:00:00,10282.0,10279.135
2021-11-18 10:00:00,10289.0,10307.046
2021-11-18 11:00:00,10185.0,10253.62
2021-11-18 12:00:00,10247.0,10185.05
2021-11-18 13:00:00,10410.0,10370.334
2021-11-18 14:00:00,10676.0,10582.13
2021-11-18 15:00:00,10730.0,10741.414
2021-11-18 16:00:00,10729.0,10742.625
2021-11-18 17:00:00,10675.0,10716.406
2021-11-18 18:00:00,10550.0,10420.433
2021-11-18 19:00:00,10271.0,10086.287
2021-11-18 20:00:00,10255.0,10030.355
2021-11-18 21:00:00,10046.0,9910.733
2021-11-18 22:00:00,9628.0,10116.11
2021-11-18 23:00:00,10340.5,10114.157
2021-11-19 00:00:00,10480.0,10345.277
2021-11-19 01:00:00,10576.5,10469.448
2021-11-19 02:00:00,10639.0,10545.561
2021-11-19 03:00:00,10639.0,10507.521
2021-11-19 04:00:00,10227.0,10267.825
2021-11-19 05:00:00,10692.0,10466.972
2021-11-19 06:00:00,10949.0,10764.652
2021-11-19 07:00:00,10924.0,10917.453
2021-11-19 08:00:00,10936.0,10880.619
2021-11-19 09:00:00,10946.0,10903.151
2021-11-19 10:00:00,10852.0,10876.398
2021-11-19 11:00:00,10697.0,10780.258
2021-11-19 12:00:00,10603.0,10699.172
2021-11-19 13:00:00,10744.0,10725.412
2021-11-19 14:00:00,10987.0,10963.372
2021-11-19 15:00:00,10894.0,11111.741
2021-11-19 16:00:00,10934.0,10964.247
2021-11-19 17:00:00,10897.0,10964.041
2021-11-19 18:00:00,10569.0,10705.662
2021-11-19 19:00:00,10096.0,10202.672
2021-11-19 20:00:00,10151.0,10087.066
2021-11-19 21:00:00,9929.0,10005.64
2021-11-19 22:00:00,9497.0,9608.906
2021-11-19 23:00:00,10065.0,9790.421
2021-11-20 00:00:00,10065.0,9981.675
2021-11-20 01:00:00,10065.0,10003.078
2021-11-20 02:00:00,10065.0,9937.359
2021-11-20 03:00:00,10065.0,9886.697
2021-11-20 04:00:00,9356.0,9600.305
2021-11-20 05:00:00,9514.0,9465.624
2021-11-20 06:00:00,9731.0,9708.289
2021-11-20 07:00:00,9842.0,9918.032
2021-11-20 08:00:00,10034.0,9983.26
2021-11-20 09:00:00,10122.0,10098.485
2021-11-20 10:00:00,10165.0,10122.49
2021-11-20 11:00:00,10134.0,10113.545
2021-11-20 12:00:00,10106.0,10130.209
2021-11-20 13:00:00,10400.0,10277.098
2021-11-20 14:00:00,10736.0,10609.561
2021-11-20 15:00:00,10873.0,10838.726
2021-11-20 16:00:00,10933.0,10860.313
2021-11-20 17:00:00,10836.0,10838.454
2021-11-20 18:00:00,10458.0,10477.229
2021-11-20 19:00:00,10039.0,9966.933
2021-11-20 20:00:00,10195.0,9992.643
2021-11-20 21:00:00,9958.0,9964.595
2021-11-20 22:00:00,9596.0,9521.232
2021-11-20 23:00:00,9341.0,9342.195
2021-11-21 00:00:00,9149.0,9072.169
2021-11-21 01:00:00,9053.0,9015.148
2021-11-21 02:00:00,9066.0,9029.738
2021-11-21 03:00:00,9146.0,9099.586
2021-11-21 04:00:00,9341.0,9140.781
2021-11-21 05:00:00,9410.0,9359.901
2021-11-21 06:00:00,9543.0,9539.158
2021-11-21 07:00:00,9750.0,9670.922
2021-11-21 08:00:00,10002.0,9843.621
2021-11-21 09:00:00,10068.0,10101.882
2021-11-21 10:00:00,10179.0,10101.562
2021-11-21 11:00:00,10149.0,10132.665
2021-11-21 12:00:00,10174.0,10083.571
2021-11-21 13:00:00,10356.0,10341.415
2021-11-21 14:00:00,10673.0,10590.785
2021-11-21 15:00:00,10816.0,10745.865
2021-11-21 16:00:00,10899.0,10799.174
2021-11-21 17:00:00,10976.0,10763.976
2021-11-21 18:00:00,10772.0,10641.319
2021-11-21 19:00:00,10391.0,10225.656
2021-11-21 20:00:00,10648.0,10401.465
2021-11-21 21:00:00,10596.0,10444.483
2021-11-21 22:00:00,10289.0,10188.586
2021-11-21 23:00:00,10013.0,10013.549
2021-11-22 00:00:00,10722.5,10229.627
2021-11-22 01:00:00,10794.0,10680.206
2021-11-22 02:00:00,10857.5,10684.902
2021-11-22 03:00:00,10340.0,10733.308
2021-11-22 04:00:00,11156.0,10585.161
2021-11-22 05:00:00,11639.0,11589.946
2021-11-22 06:00:00,11740.0,11821.214
2021-11-22 07:00:00,11759.0,11717.1
2021-11-22 08:00:00,11757.0,11691.64
2021-11-22 09:00:00,11710.0,11699.622
2021-11-22 10:00:00,11654.0,11652.489
2021-11-22 11:00:00,11585.0,11565.349
2021-11-22 12:00:00,11555.0,11540.436
2021-11-22 13:00:00,11691.0,11615.739
2021-11-22 14:00:00,11894.0,11756.028
2021-11-22 15:00:00,11979.0,11893.49
2021-11-22 16:00:00,11925.0,11925.886
2021-11-22 17:00:00,11908.0,11899.6045
2021-11-22 18:00:00,11658.0,11678.965
2021-11-22 19:00:00,11231.0,11192.652
2021-11-22 20:00:00,11256.0,11253.404
2021-11-22 21:00:00,10989.0,11093.11
2021-11-22 22:00:00,11571.0,11118.8955
2021-11-22 23:00:00,11559.0,11506.945
2021-11-23 00:00:00,11543.5,11538.304
2021-11-23 01:00:00,11534.0,11541.678
2021-11-23 02:00:00,11534.0,11528.062
2021-11-23 03:00:00,11534.0,11424.802
2021-11-23 04:00:00,11218.0,11259.186
2021-11-23 05:00:00,11690.0,11650.062
2021-11-23 06:00:00,11701.0,11788.889
2021-11-23 07:00:00,11579.0,11693.53
2021-11-23 08:00:00,11619.0,11606.252
2021-11-23 09:00:00,11563.0,11613.968
2021-11-23 10:00:00,11532.0,11546.018
2021-11-23 11:00:00,11483.0,11488.315
2021-11-23 12:00:00,11536.0,11486.418
2021-11-23 13:00:00,11708.0,11659.944
2021-11-23 14:00:00,11961.0,11874.079
2021-11-23 15:00:00,11868.0,12009.968
2021-11-23 16:00:00,11680.0,11839.375
2021-11-23 17:00:00,11837.0,11722.921
2021-11-23 18:00:00,11653.0,11630.537
2021-11-23 19:00:00,11107.0,11177.678
2021-11-23 20:00:00,11132.0,11089.659
2021-11-23 21:00:00,10858.0,10920.743
2021-11-23 22:00:00,11122.5,11076.517
2021-11-23 23:00:00,11111.0,11266.177
2021-11-24 00:00:00,11108.0,11223.445
2021-11-24 01:00:00,11100.0,11177.834
2021-11-24 02:00:00,11100.0,11208.891
2021-11-24 03:00:00,11100.0,11100.603
2021-11-24 04:00:00,11100.0,10887.998
2021-11-24 05:00:00,10990.0,11449.091
2021-11-24 06:00:00,11164.0,11244.498
2021-11-24 07:00:00,11093.0,11274.162
2021-11-24 08:00:00,11113.0,11188.959
2021-11-24 09:00:00,11142.0,11176.671
2021-11-24 10:00:00,11109.0,11156.111
2021-11-24 11:00:00,11075.0,11103.937
2021-11-24 12:00:00,11093.0,11078.602
2021-11-24 13:00:00,11228.0,11342.81
2021-11-24 14:00:00,11399.0,11542.603
2021-11-24 15:00:00,11562.0,11620.911
2021-11-24 16:00:00,11577.0,11583.489
2021-11-24 17:00:00,11579.0,11593.977
2021-11-24 18:00:00,11279.0,11373.992
2021-11-24 19:00:00,10890.0,10738.166
2021-11-24 20:00:00,11004.0,10797.129
2021-11-24 21:00:00,10745.0,10740.244
2021-11-24 22:00:00,10317.0,10727.287
2021-11-24 23:00:00,11160.5,10853.417
2021-11-25 00:00:00,11217.0,11227.059
2021-11-25 01:00:00,11246.0,11278.326
2021-11-25 02:00:00,11271.5,11279.084
2021-11-25 03:00:00,11271.5,11156.771
2021-11-25 04:00:00,10870.0,11011.747
2021-11-25 05:00:00,11290.0,11206.094
2021-11-25 06:00:00,11503.0,11457.923
2021-11-25 07:00:00,11361.0,11449.949
2021-11-25 08:00:00,11312.0,11309.992
2021-11-25 09:00:00,11303.0,11325.999
2021-11-25 10:00:00,11332.0,11297.348
2021-11-25 11:00:00,11206.0,11303.804
2021-11-25 12:00:00,11264.0,11242.627
2021-11-25 13:00:00,11418.0,11398.754
2021-11-25 14:00:00,11581.0,11634.67
2021-11-25 15:00:00,11575.0,11736.319
2021-11-25 16:00:00,11494.0,11608.788
2021-11-25 17:00:00,11532.0,11568.887
2021-11-25 18:00:00,11309.0,11429.151
2021-11-25 19:00:00,10869.0,10850.5625
2021-11-25 20:00:00,10972.0,10926.885
2021-11-25 21:00:00,10726.0,10816.709
2021-11-25 22:00:00,11286.5,10641.6
2021-11-25 23:00:00,11286.5,11285.602
2021-11-26 00:00:00,11363.5,11307.986
2021-11-26 01:00:00,11456.0,11371.877
2021-11-26 02:00:00,11513.0,11489.843
2021-11-26 03:00:00,11513.0,11433.392
2021-11-26 04:00:00,11140.0,11198.125
2021-11-26 05:00:00,11578.0,11513.038
2021-11-26 06:00:00,11721.0,11717.6875
2021-11-26 07:00:00,11547.0,11646.191
2021-11-26 08:00:00,11667.0,11544.908
2021-11-26 09:00:00,11728.0,11588.974
2021-11-26 10:00:00,11701.0,11617.0
2021-11-26 11:00:00,11590.0,11584.854
2021-11-26 12:00:00,11544.0,11519.239
2021-11-26 13:00:00,11621.0,11636.027
2021-11-26 14:00:00,11773.0,11752.815
2021-11-26 15:00:00,11793.0,11816.069
2021-11-26 16:00:00,11825.0,11737.935
2021-11-26 17:00:00,12004.0,11731.587
2021-11-26 18:00:00,11933.0,11705.648
2021-11-26 19:00:00,11529.0,11334.765
2021-11-26 20:00:00,11612.0,11403.496
2021-11-26 21:00:00,11461.0,11229.399
2021-11-26 22:00:00,11064.0,10927.691
2021-11-26 23:00:00,11562.5,10695.066
2021-11-27 00:00:00,11562.5,11364.709
2021-11-27 01:00:00,11596.5,11379.397
2021-11-27 02:00:00,11596.5,11390.129
2021-11-27 03:00:00,10778.0,11290.919
2021-11-27 04:00:00,11049.0,10431.692
2021-11-27 05:00:00,11214.0,11086.672
2021-11-27 06:00:00,11522.0,11417.653
2021-11-27 07:00:00,11581.0,11481.684
2021-11-27 08:00:00,11749.0,11534.871
2021-11-27 09:00:00,11760.0,11685.644
2021-11-27 10:00:00,11751.0,11662.607
2021-11-27 11:00:00,11717.0,11636.135
2021-11-27 12:00:00,11707.0,11628.059
2021-11-27 13:00:00,12001.0,11795.061
2021-11-27 14:00:00,12377.0,12111.815
2021-11-27 15:00:00,12530.0,12424.501
2021-11-27 16:00:00,12508.0,12500.021
2021-11-27 17:00:00,12442.0,12438.851
2021-11-27 18:00:00,12070.0,12087.51
2021-11-27 19:00:00,11586.0,11501.202
2021-11-27 20:00:00,11728.0,11590.271
2021-11-27 21:00:00,11636.0,11520.01
2021-11-27 22:00:00,11303.0,11298.396
2021-11-27 23:00:00,11009.0,11094.591
2021-11-28 00:00:00,10849.0,10895.312
2021-11-28 01:00:00,10756.0,10803.549
2021-11-28 02:00:00,10729.0,10747.375
2021-11-28 03:00:00,10825.0,10731.356
2021-11-28 04:00:00,10972.0,10760.6875
2021-11-28 05:00:00,11070.0,11093.852
2021-11-28 06:00:00,11315.0,11280.933
2021-11-28 07:00:00,11448.0,11383.115
2021-11-28 08:00:00,11716.0,11430.976
2021-11-28 09:00:00,11834.0,11664.875
2021-11-28 10:00:00,11792.0,11724.356
2021-11-28 11:00:00,11775.0,11643.05
2021-11-28 12:00:00,11748.0,11659.419
2021-11-28 13:00:00,11948.0,11801.875
2021-11-28 14:00:00,12244.0,12136.735
2021-11-28 15:00:00,12247.0,12352.22
2021-11-28 16:00:00,12352.0,12315.63
2021-11-28 17:00:00,12345.0,12351.157
2021-11-28 18:00:00,12089.0,12111.755
2021-11-28 19:00:00,11691.0,11652.479
2021-11-28 20:00:00,11931.0,11821.738
2021-11-28 21:00:00,11848.0,11874.362
2021-11-28 22:00:00,11510.0,11576.828
2021-11-28 23:00:00,12018.5,11328.696
2021-11-29 00:00:00,12145.5,12120.076
2021-11-29 01:00:00,12223.0,12183.016
2021-11-29 02:00:00,12245.5,12176.313
2021-11-29 03:00:00,12296.0,12308.405
2021-11-29 04:00:00,12202.0,12502.847
2021-11-29 05:00:00,12646.0,12644.766
2021-11-29 06:00:00,12836.0,12822.526
2021-11-29 07:00:00,12768.0,12886.673
2021-11-29 08:00:00,12701.0,12662.2
2021-11-29 09:00:00,12676.0,12656.191
2021-11-29 10:00:00,12733.0,12573.555
2021-11-29 11:00:00,12701.0,12601.664
2021-11-29 12:00:00,12631.0,12616.904
2021-11-29 13:00:00,12812.0,12643.683
2021-11-29 14:00:00,12821.0,12909.702
2021-11-29 15:00:00,12717.0,12881.751
2021-11-29 16:00:00,12629.0,12747.996
2021-11-29 17:00:00,12636.0,12698.591
2021-11-29 18:00:00,12391.0,12503.401
2021-11-29 19:00:00,12630.0,11977.284
2021-11-29 20:00:00,12255.0,12541.378
2021-11-29 21:00:00,12071.0,12065.732
2021-11-29 22:00:00,12630.0,12041.834
2021-11-29 23:00:00,12630.0,12499.766
2021-11-30 00:00:00,12630.0,12533.252
2021-11-30 01:00:00,12632.5,12527.808
2021-11-30 02:00:00,12632.5,12553.092
2021-11-30 03:00:00,12632.5,12546.657
2021-11-30 04:00:00,12581.0,12462.721
2021-11-30 05:00:00,12854.0,12777.376
2021-11-30 06:00:00,13083.0,12902.613
2021-11-30 07:00:00,13057.0,12937.301
2021-11-30 08:00:00,13046.0,12894.556
2021-11-30 09:00:00,13037.0,12892.634
2021-11-30 10:00:00,13107.0,12891.815
2021-11-30 11:00:00,12960.0,12994.783
2021-11-30 12:00:00,12895.0,12878.329
2021-11-30 13:00:00,13073.0,12858.129
2021-11-30 14:00:00,13144.0,13056.031
2021-11-30 15:00:00,13114.0,13113.319
2021-11-30 16:00:00,13001.0,13043.486
2021-11-30 17:00:00,13108.0,12935.707
2021-11-30 18:00:00,12905.0,12880.275
2021-11-30 19:00:00,12414.0,12465.116
2021-11-30 20:00:00,12448.0,12474.618
2021-11-30 21:00:00,12802.0,12258.564
2021-11-30 22:00:00,12797.5,12667.298
2021-11-30 23:00:00,12790.0,12642.138
2021-12-01 00:00:00,12777.0,12703.723
2021-12-01 01:00:00,12761.5,12598.64
2021-12-01 02:00:00,12761.5,12636.008
2021-12-01 03:00:00,12761.5,12592.32
2021-12-01 04:00:00,12308.0,12485.838
2021-12-01 05:00:00,12767.0,12708.754
2021-12-01 06:00:00,12917.0,12888.661
2021-12-01 07:00:00,12802.0,12958.741
2021-12-01 08:00:00,12802.0,12834.708
2021-12-01 09:00:00,12793.0,12836.689
2021-12-01 10:00:00,12787.0,12817.66
2021-12-01 11:00:00,12730.0,12722.298
2021-12-01 12:00:00,12756.0,12671.495
2021-12-01 13:00:00,12844.0,12854.462
2021-12-01 14:00:00,13029.0,12959.302
2021-12-01 15:00:00,13083.0,12978.467
2021-12-01 16:00:00,13132.0,12954.36
2021-12-01 17:00:00,13204.0,13063.497
2021-12-01 18:00:00,12979.0,12878.16
2021-12-01 19:00:00,12515.0,12571.442
2021-12-01 20:00:00,12521.0,12453.047
2021-12-01 21:00:00,12216.0,12319.889
2021-12-01 22:00:00,12771.5,12046.79
2021-12-01 23:00:00,12800.0,12538.8545
2021-12-02 00:00:00,12853.0,12848.237
2021-12-02 01:00:00,12854.5,12828.26
2021-12-02 02:00:00,12870.5,12829.897
2021-12-02 03:00:00,12870.5,12777.085
2021-12-02 04:00:00,12500.0,12579.355
2021-12-02 05:00:00,12962.0,12790.224
2021-12-02 06:00:00,13149.0,13075.609
2021-12-02 07:00:00,13061.0,13069.494
2021-12-02 08:00:00,12975.0,12937.472
2021-12-02 09:00:00,12892.0,12920.969
2021-12-02 10:00:00,12879.0,12793.821
2021-12-02 11:00:00,12862.0,12787.61
2021-12-02 12:00:00,12847.0,12784.354
2021-12-02 13:00:00,12998.0,12943.179
2021-12-02 14:00:00,12976.0,13092.704
2021-12-02 15:00:00,12942.0,13023.314
2021-12-02 16:00:00,12878.0,13011.9375
2021-12-02 17:00:00,12890.0,12904.054
2021-12-02 18:00:00,12937.0,12724.243
2021-12-02 19:00:00,12550.0,12551.766
2021-12-02 20:00:00,12654.0,12527.385
2021-12-02 21:00:00,12457.0,12340.079
2021-12-02 22:00:00,12870.0,12408.317
2021-12-02 23:00:00,12870.0,12644.883
2021-12-03 00:00:00,12884.0,12818.892
2021-12-03 01:00:00,12913.5,12807.451
2021-12-03 02:00:00,12913.5,12945.24
2021-12-03 03:00:00,12913.5,12892.446
2021-12-03 04:00:00,12777.0,12709.108
2021-12-03 05:00:00,13230.0,12988.121
2021-12-03 06:00:00,13369.0,13218.774
2021-12-03 07:00:00,13223.0,13261.12
2021-12-03 08:00:00,13200.0,13118.579
2021-12-03 09:00:00,13111.0,13069.464
2021-12-03 10:00:00,13083.0,13051.744
2021-12-03 11:00:00,12991.0,12916.102
2021-12-03 12:00:00,12954.0,12930.969
2021-12-03 13:00:00,13106.0,13104.01
2021-12-03 14:00:00,13247.0,13211.803
2021-12-03 15:00:00,13173.0,13152.537
2021-12-03 16:00:00,13076.0,13092.049
2021-12-03 17:00:00,13041.0,12990.587
2021-12-03 18:00:00,12809.0,12869.746
2021-12-03 19:00:00,12336.0,12539.339
2021-12-03 20:00:00,12388.0,12460.399
2021-12-03 21:00:00,12140.0,12275.635
2021-12-03 22:00:00,12281.5,11873.306
2021-12-03 23:00:00,12281.5,12087.173
2021-12-04 00:00:00,12281.5,12289.434
2021-12-04 01:00:00,12281.5,12293.349
2021-12-04 02:00:00,12281.5,12289.263
2021-12-04 03:00:00,12281.5,12168.393
2021-12-04 04:00:00,11489.0,12150.256
2021-12-04 05:00:00,11643.0,11680.752
2021-12-04 06:00:00,11972.0,12031.886
2021-12-04 07:00:00,12157.0,12144.065
2021-12-04 08:00:00,12246.0,12248.503
2021-12-04 09:00:00,12317.0,12279.017
2021-12-04 10:00:00,12374.0,12255.376
2021-12-04 11:00:00,12333.0,12318.177
2021-12-04 12:00:00,12386.0,12338.409
2021-12-04 13:00:00,12751.0,12530.043
2021-12-04 14:00:00,13129.0,12797.177
2021-12-04 15:00:00,13313.0,13006.447
2021-12-04 16:00:00,13369.0,13118.479
2021-12-04 17:00:00,13324.0,13092.201
2021-12-04 18:00:00,13054.0,13011.397
2021-12-04 19:00:00,12674.0,12500.25
2021-12-04 20:00:00,12925.0,12576.703
2021-12-04 21:00:00,12713.0,12681.825
2021-12-04 22:00:00,12343.0,12241.125
2021-12-04 23:00:00,12078.0,12014.817
2021-12-05 00:00:00,11901.0,11880.941
2021-12-05 01:00:00,11842.0,11720.683
2021-12-05 02:00:00,11872.0,11735.472
2021-12-05 03:00:00,12112.0,11749.615
2021-12-05 04:00:00,12311.0,12086.488
2021-12-05 05:00:00,12322.0,12254.438
2021-12-05 06:00:00,12693.0,12450.775
2021-12-05 07:00:00,12852.0,12685.525
2021-12-05 08:00:00,13168.0,12784.045
2021-12-05 09:00:00,13241.0,13010.678
2021-12-05 10:00:00,13178.0,12980.312
2021-12-05 11:00:00,13135.0,12952.06
2021-12-05 12:00:00,13170.0,12991.22
2021-12-05 13:00:00,13345.0,13171.033
2021-12-05 14:00:00,13369.0,13324.669
2021-12-05 15:00:00,13369.0,13303.052
2021-12-05 16:00:00,13369.0,13277.673
2021-12-05 17:00:00,13369.0,13277.807
2021-12-05 18:00:00,13369.0,13272.375
2021-12-05 19:00:00,13093.0,12945.391
2021-12-05 20:00:00,13253.0,13092.007
2021-12-05 21:00:00,13206.0,13050.962
2021-12-05 22:00:00,12927.0,12794.925
2021-12-05 23:00:00,12612.0,12720.524
2021-12-06 00:00:00,12432.0,12683.785
2021-12-06 01:00:00,12352.0,12496.496
2021-12-06 02:00:00,12357.0,12553.782
2021-12-06 03:00:00,12489.0,12561.19
2021-12-06 04:00:00,12657.0,12802.178
2021-12-06 05:00:00,12558.0,12924.392
2021-12-06 06:00:00,12554.0,12816.987
2021-12-06 07:00:00,12683.0,12649.526
2021-12-06 08:00:00,12848.0,12777.063
2021-12-06 09:00:00,12925.0,12860.585
2021-12-06 10:00:00,12898.0,12945.995
2021-12-06 11:00:00,12855.0,12826.659
2021-12-06 12:00:00,12799.0,12849.891
2021-12-06 13:00:00,13004.0,12988.887
2021-12-06 14:00:00,13255.0,13071.726
2021-12-06 15:00:00,13303.0,13104.852
2021-12-06 16:00:00,13292.0,13230.293
2021-12-06 17:00:00,13206.0,13257.78
2021-12-06 18:00:00,12986.0,13003.101
2021-12-06 19:00:00,12681.0,12733.612
2021-12-06 20:00:00,12969.0,12791.798
2021-12-06 21:00:00,12870.0,12913.251
2021-12-06 22:00:00,12550.0,12801.149
2021-12-06 23:00:00,12995.0,12571.715
2021-12-07 00:00:00,13105.0,12967.469
2021-12-07 01:00:00,13230.5,13082.257
2021-12-07 02:00:00,13273.5,13067.362
2021-12-07 03:00:00,12714.0,13152.57
2021-12-07 04:00:00,13369.0,12631.996
2021-12-07 05:00:00,13369.0,13357.422
2021-12-07 06:00:00,13369.0,13364.798
2021-12-07 07:00:00,13369.0,13280.378
2021-12-07 08:00:00,13369.0,13274.797
2021-12-07 09:00:00,13369.0,13265.391
2021-12-07 10:00:00,13369.0,13245.445
2021-12-07 11:00:00,13369.0,13254.16
2021-12-07 12:00:00,13369.0,13210.714
2021-12-07 13:00:00,13369.0,13412.768
2021-12-07 14:00:00,13369.0,13366.924
2021-12-07 15:00:00,13369.0,13309.368
2021-12-07 16:00:00,13369.0,13327.085
2021-12-07 17:00:00,13369.0,13323.225
2021-12-07 18:00:00,13369.0,13315.527
2021-12-07 19:00:00,13360.0,13128.468
2021-12-07 20:00:00,13369.0,13314.449
2021-12-07 21:00:00,13369.0,13284.839
2021-12-07 22:00:00,13029.0,13251.42
2021-12-07 23:00:00,13369.0,13041.304
2021-12-08 00:00:00,13369.0,13295.535
2021-12-08 01:00:00,13369.0,13281.629
2021-12-08 02:00:00,13369.0,13313.022
2021-12-08 03:00:00,13369.0,13232.927
2021-12-08 04:00:00,13369.0,13118.014
2021-12-08 05:00:00,13369.0,13398.158
2021-12-08 06:00:00,13369.0,13416.043
2021-12-08 07:00:00,13369.0,13311.343
2021-12-08 08:00:00,13369.0,13301.171
2021-12-08 09:00:00,13369.0,13295.735
2021-12-08 10:00:00,13369.0,13287.172
2021-12-08 11:00:00,13369.0,13292.031
2021-12-08 12:00:00,13369.0,13308.693
2021-12-08 13:00:00,13369.0,13425.26
2021-12-08 14:00:00,13369.0,13363.329
2021-12-08 15:00:00,13369.0,13280.099
2021-12-08 16:00:00,13369.0,13282.892
2021-12-08 17:00:00,13369.0,13296.377
2021-12-08 18:00:00,13369.0,13297.234
2021-12-08 19:00:00,13369.0,13252.468
2021-12-08 20:00:00,13369.0,13356.623
2021-12-08 21:00:00,13369.0,13268.58
2021-12-08 22:00:00,13034.0,13270.624
2021-12-08 23:00:00,13369.0,12938.939
2021-12-09 00:00:00,13369.0,13367.917
2021-12-09 01:00:00,13369.0,13328.239
2021-12-09 02:00:00,13369.0,13357.083
2021-12-09 03:00:00,12852.0,13313.722
2021-12-09 04:00:00,13369.0,12795.236
2021-12-09 05:00:00,13369.0,13422.585
2021-12-09 06:00:00,13369.0,13415.432
2021-12-09 07:00:00,13369.0,13322.421
2021-12-09 08:00:00,13369.0,13302.456
2021-12-09 09:00:00,13369.0,13291.693
2021-12-09 10:00:00,13369.0,13281.111
2021-12-09 11:00:00,13369.0,13294.627
2021-12-09 12:00:00,13369.0,13263.311
2021-12-09 13:00:00,13369.0,13379.612
2021-12-09 14:00:00,13369.0,13364.435
2021-12-09 15:00:00,13369.0,13277.587
2021-12-09 16:00:00,13369.0,13284.712
2021-12-09 17:00:00,13369.0,13256.433
2021-12-09 18:00:00,13130.0,13188.071
2021-12-09 19:00:00,12726.0,12798.678
2021-12-09 20:00:00,12763.0,12842.863
2021-12-09 21:00:00,12541.0,12714.589
2021-12-09 22:00:00,13087.5,12743.628
2021-12-09 23:00:00,13026.5,13010.648
2021-12-10 00:00:00,12990.0,13096.368
2021-12-10 01:00:00,12957.5,13081.566
2021-12-10 02:00:00,12957.5,13074.745
2021-12-10 03:00:00,12957.5,12937.98
2021-12-10 04:00:00,12839.0,12983.608
2021-12-10 05:00:00,13173.0,13117.051
2021-12-10 06:00:00,13345.0,13283.01
2021-12-10 07:00:00,13187.0,13298.872
2021-12-10 08:00:00,13008.0,13153.88
2021-12-10 09:00:00,13045.0,13051.226
2021-12-10 10:00:00,12972.0,13031.756
2021-12-10 11:00:00,12943.0,13022.204
2021-12-10 12:00:00,12940.0,13026.924
2021-12-10 13:00:00,13028.0,13145.422
2021-12-10 14:00:00,13049.0,13123.653
2021-12-10 15:00:00,13001.0,13063.119
2021-12-10 16:00:00,12904.0,13051.651
2021-12-10 17:00:00,12789.0,12920.181
2021-12-10 18:00:00,12556.0,12660.593
2021-12-10 19:00:00,12147.0,12229.91
2021-12-10 20:00:00,12208.0,12315.81
2021-12-10 21:00:00,11946.0,12141.451
2021-12-10 22:00:00,11445.0,11886.134
2021-12-10 23:00:00,11545.5,11653.261
2021-12-11 00:00:00,11538.0,11849.966
2021-12-11 01:00:00,11538.0,11731.078
2021-12-11 02:00:00,11538.0,11700.955
2021-12-11 03:00:00,11538.0,11657.284
2021-12-11 04:00:00,11068.0,11471.507
2021-12-11 05:00:00,11145.0,11345.286
2021-12-11 06:00:00,11441.0,11628.025
2021-12-11 07:00:00,11469.0,11659.816
2021-12-11 08:00:00,11428.0,11580.301
2021-12-11 09:00:00,11530.0,11551.831
2021-12-11 10:00:00,11561.0,11639.297
2021-12-11 11:00:00,11546.0,11612.254
2021-12-11 12:00:00,11579.0,11647.551
2021-12-11 13:00:00,11848.0,11941.407
2021-12-11 14:00:00,11990.0,12175.242
2021-12-11 15:00:00,12063.0,12122.574
2021-12-11 16:00:00,12071.0,12130.759
2021-12-11 17:00:00,11813.0,12110.186
2021-12-11 18:00:00,11630.0,11832.032
2021-12-11 19:00:00,11244.0,11275.864
2021-12-11 20:00:00,11374.0,11377.34
2021-12-11 21:00:00,11223.0,11217.901
2021-12-11 22:00:00,10851.0,10901.956
2021-12-11 23:00:00,10538.0,10804.284
2021-12-12 00:00:00,10288.0,10319.49
2021-12-12 01:00:00,10118.0,10100.463
2021-12-12 02:00:00,10084.0,10167.802
2021-12-12 03:00:00,10127.0,10268.753
2021-12-12 04:00:00,10302.0,10299.491
2021-12-12 05:00:00,10355.0,10495.46
2021-12-12 06:00:00,10671.0,10707.693
2021-12-12 07:00:00,10735.0,10841.253
2021-12-12 08:00:00,10819.0,10967.686
2021-12-12 09:00:00,10909.0,11045.151
2021-12-12 10:00:00,11009.0,11012.566
2021-12-12 11:00:00,10951.0,11048.455
2021-12-12 12:00:00,10978.0,11055.633
2021-12-12 13:00:00,11215.0,11296.677
2021-12-12 14:00:00,11331.0,11503.795
2021-12-12 15:00:00,11403.0,11455.126
2021-12-12 16:00:00,11374.0,11442.014
2021-12-12 17:00:00,11374.0,11433.319
2021-12-12 18:00:00,11098.0,11252.208
2021-12-12 19:00:00,10780.0,10803.121
2021-12-12 20:00:00,11037.0,11022.238
2021-12-12 21:00:00,10944.0,11005.273
2021-12-12 22:00:00,10568.0,10794.407
2021-12-12 23:00:00,11156.5,10877.006
2021-12-13 00:00:00,11252.0,11189.242
2021-12-13 01:00:00,11310.0,11281.876
2021-12-13 02:00:00,11352.5,11343.917
2021-12-13 03:00:00,11374.0,11331.461
2021-12-13 04:00:00,11289.0,11483.703
2021-12-13 05:00:00,11748.0,11877.796
2021-12-13 06:00:00,11892.0,11980.298
2021-12-13 07:00:00,11888.0,11893.478
2021-12-13 08:00:00,11800.0,11841.549
2021-12-13 09:00:00,11742.0,11768.739
2021-12-13 10:00:00,11740.0,11720.865
2021-12-13 11:00:00,11701.0,11676.663
2021-12-13 12:00:00,11752.0,11690.014
2021-12-13 13:00:00,11875.0,11859.615
2021-12-13 14:00:00,11863.0,11951.681
2021-12-13 15:00:00,11761.0,11888.856
2021-12-13 16:00:00,11656.0,11819.332
2021-12-13 17:00:00,11612.0,11750.776
2021-12-13 18:00:00,11479.0,11561.208
2021-12-13 19:00:00,11109.0,11133.761
2021-12-13 20:00:00,11187.0,11254.735
2021-12-13 21:00:00,10936.0,11093.356
2021-12-13 22:00:00,11290.0,11117.769
2021-12-13 23:00:00,11282.0,11547.444
2021-12-14 00:00:00,11253.5,11316.431
2021-12-14 01:00:00,11241.5,11325.114
2021-12-14 02:00:00,11241.5,11311.498
2021-12-14 03:00:00,11241.5,11212.984
2021-12-14 04:00:00,10812.0,11102.571
2021-12-14 05:00:00,11222.0,11405.936
2021-12-14 06:00:00,11458.0,11535.342
2021-12-14 07:00:00,11387.0,11489.629
2021-12-14 08:00:00,11289.0,11442.691
2021-12-14 09:00:00,11291.0,11351.169
2021-12-14 10:00:00,11275.0,11340.518
2021-12-14 11:00:00,11232.0,11286.555
2021-12-14 12:00:00,11251.0,11314.73
2021-12-14 13:00:00,11493.0,11464.591
2021-12-14 14:00:00,11437.0,11595.035
2021-12-14 15:00:00,11443.0,11497.805
2021-12-14 16:00:00,11373.0,11443.353
2021-12-14 17:00:00,11488.0,11406.955
2021-12-14 18:00:00,11390.0,11306.663
2021-12-14 19:00:00,10990.0,10855.025
2021-12-14 20:00:00,11042.0,11002.441
2021-12-14 21:00:00,10728.0,10839.849
2021-12-14 22:00:00,11256.0,10991.105
2021-12-14 23:00:00,11256.0,11234.978
2021-12-15 00:00:00,11303.0,11275.262
2021-12-15 01:00:00,11350.5,11305.2
2021-12-15 02:00:00,11350.5,11344.209
2021-12-15 03:00:00,11350.5,11256.277
2021-12-15 04:00:00,10898.0,10967.147
2021-12-15 05:00:00,11261.0,11279.259
2021-12-15 06:00:00,11514.0,11507.381
2021-12-15 07:00:00,11501.0,11538.259
2021-12-15 08:00:00,11391.0,11478.374
2021-12-15 09:00:00,11345.0,11391.928
2021-12-15 10:00:00,11404.0,11363.703
2021-12-15 11:00:00,11356.0,11398.891
2021-12-15 12:00:00,11390.0,11364.47
2021-12-15 13:00:00,11617.0,11503.763
2021-12-15 14:00:00,11614.0,11697.591
2021-12-15 15:00:00,11666.0,11635.534
2021-12-15 16:00:00,11684.0,11640.319
2021-12-15 17:00:00,11537.0,11663.892
2021-12-15 18:00:00,11300.0,11406.761
2021-12-15 19:00:00,10849.0,10877.194
2021-12-15 20:00:00,10910.0,10999.857
2021-12-15 21:00:00,10676.0,10802.262
2021-12-15 22:00:00,11308.5,10911.144
2021-12-15 23:00:00,11288.5,11336.066
2021-12-16 00:00:00,11285.5,11357.129
2021-12-16 01:00:00,11284.0,11360.311
2021-12-16 02:00:00,11284.0,11362.884
2021-12-16 03:00:00,11284.0,11275.895
2021-12-16 04:00:00,10743.0,11026.947
2021-12-16 05:00:00,11202.0,11294.225
2021-12-16 06:00:00,11497.0,11478.032
2021-12-16 07:00:00,11428.0,11499.9795
2021-12-16 08:00:00,11338.0,11445.359
2021-12-16 09:00:00,11317.0,11369.342
2021-12-16 10:00:00,11277.0,11333.634
2021-12-16 11:00:00,11294.0,11298.374
2021-12-16 12:00:00,11291.0,11341.571
2021-12-16 13:00:00,11451.0,11533.117
2021-12-16 14:00:00,11568.0,11574.169
2021-12-16 15:00:00,11630.0,11615.986
2021-12-16 16:00:00,11572.0,11640.35
2021-12-16 17:00:00,11576.0,11605.951
2021-12-16 18:00:00,11509.0,11469.096
2021-12-16 19:00:00,11074.0,10961.019
2021-12-16 20:00:00,11148.0,11027.25
2021-12-16 21:00:00,10886.0,10919.62
2021-12-16 22:00:00,10492.0,10880.993
2021-12-16 23:00:00,11372.5,11143.57
2021-12-17 00:00:00,11420.5,11471.239
2021-12-17 01:00:00,11420.5,11513.385
2021-12-17 02:00:00,11441.0,11524.447
2021-12-17 03:00:00,11441.0,11479.745
2021-12-17 04:00:00,10992.0,11235.27
2021-12-17 05:00:00,11492.0,11554.006
2021-12-17 06:00:00,11800.0,11718.977
2021-12-17 07:00:00,11760.0,11761.576
2021-12-17 08:00:00,11631.0,11714.491
2021-12-17 09:00:00,11611.0,11656.416
2021-12-17 10:00:00,11527.0,11623.992
2021-12-17 11:00:00,11390.0,11520.816
2021-12-17 12:00:00,11371.0,11439.601
2021-12-17 13:00:00,11651.0,11610.1
2021-12-17 14:00:00,11730.0,11796.475
2021-12-17 15:00:00,11666.0,11760.943
2021-12-17 16:00:00,11638.0,11705.562
2021-12-17 17:00:00,11665.0,11692.963
2021-12-17 18:00:00,11565.0,11517.906
2021-12-17 19:00:00,11132.0,11120.506
2021-12-17 20:00:00,11204.0,11152.576
2021-12-17 21:00:00,10965.0,10888.959
2021-12-17 22:00:00,10459.0,10504.364
2021-12-17 23:00:00,10124.0,10233.232
2021-12-18 00:00:00,10709.5,10440.878
2021-12-18 01:00:00,10709.5,10682.315
2021-12-18 02:00:00,10709.5,10606.314
2021-12-18 03:00:00,10709.5,10540.131
2021-12-18 04:00:00,10144.0,10384.847
2021-12-18 05:00:00,10247.0,10371.349
2021-12-18 06:00:00,10498.0,10506.12
2021-12-18 07:00:00,10635.0,10697.805
2021-12-18 08:00:00,10711.0,10730.738
2021-12-18 09:00:00,10701.0,10796.599
2021-12-18 10:00:00,10708.0,10780.878
2021-12-18 11:00:00,10722.0,10751.673
2021-12-18 12:00:00,10772.0,10779.782
2021-12-18 13:00:00,11075.0,11049.864
2021-12-18 14:00:00,11276.0,11302.493
2021-12-18 15:00:00,11439.0,11400.166
2021-12-18 16:00:00,11531.0,11439.04
2021-12-18 17:00:00,11414.0,11432.829
2021-12-18 18:00:00,11061.0,11189.296
2021-12-18 19:00:00,10596.0,10718.956
2021-12-18 20:00:00,10755.0,10809.66
2021-12-18 21:00:00,10566.0,10672.509
2021-12-18 22:00:00,10259.0,10254.155
2021-12-18 23:00:00,9920.0,10031.125
2021-12-19 00:00:00,9684.0,9823.507
2021-12-19 01:00:00,9584.0,9626.874
2021-12-19 02:00:00,9573.0,9639.906
2021-12-19 03:00:00,9644.0,9644.732
2021-12-19 04:00:00,9845.0,9720.363
2021-12-19 05:00:00,10012.0,9958.837
2021-12-19 06:00:00,10319.0,10228.38
2021-12-19 07:00:00,10467.0,10463.697
2021-12-19 08:00:00,10602.0,10535.843
2021-12-19 09:00:00,10741.0,10651.889
2021-12-19 10:00:00,10807.0,10718.709
2021-12-19 11:00:00,10837.0,10784.125
2021-12-19 12:00:00,10893.0,10835.809
2021-12-19 13:00:00,11102.0,11128.95
2021-12-19 14:00:00,11263.0,11384.537
2021-12-19 15:00:00,11445.0,11399.227
2021-12-19 16:00:00,11604.0,11484.55
2021-12-19 17:00:00,11581.0,11575.983
2021-12-19 18:00:00,11512.0,11408.335
2021-12-19 19:00:00,11253.0,11030.801
2021-12-19 20:00:00,11480.0,11381.207
2021-12-19 21:00:00,11392.0,11298.895
2021-12-19 22:00:00,11069.0,11003.973
2021-12-19 23:00:00,10789.0,10903.533
2021-12-20 00:00:00,11462.5,10879.244
2021-12-20 01:00:00,11496.0,11424.638
2021-12-20 02:00:00,10816.0,11460.409
2021-12-20 03:00:00,11252.0,10631.267
2021-12-20 04:00:00,12061.0,11379.876
2021-12-20 05:00:00,12583.0,12421.195
2021-12-20 06:00:00,12925.0,12592.044
2021-12-20 07:00:00,12900.0,12869.398
2021-12-20 08:00:00,12822.0,12721.103
2021-12-20 09:00:00,12887.0,12723.807
2021-12-20 10:00:00,12797.0,12757.21
2021-12-20 11:00:00,12746.0,12723.196
2021-12-20 12:00:00,12714.0,12628.531
2021-12-20 13:00:00,12921.0,12821.028
2021-12-20 14:00:00,13011.0,13069.167
2021-12-20 15:00:00,12989.0,12954.251
2021-12-20 16:00:00,12922.0,12912.883
2021-12-20 17:00:00,12900.0,12892.037
2021-12-20 18:00:00,12767.0,12642.498
2021-12-20 19:00:00,12341.0,12314.654
2021-12-20 20:00:00,12402.0,12381.429
2021-12-20 21:00:00,12188.0,12164.611
2021-12-20 22:00:00,12756.5,12197.719
2021-12-20 23:00:00,12756.5,12627.557
2021-12-21 00:00:00,12794.5,12677.897
2021-12-21 01:00:00,12861.0,12721.898
2021-12-21 02:00:00,12861.0,12728.596
2021-12-21 03:00:00,12861.0,12733.883
2021-12-21 04:00:00,12342.0,12576.831
2021-12-21 05:00:00,12822.0,12876.4375
2021-12-21 06:00:00,13077.0,12937.27
2021-12-21 07:00:00,12998.0,12962.486
2021-12-21 08:00:00,12989.0,12943.46
2021-12-21 09:00:00,12992.0,12971.585
2021-12-21 10:00:00,13013.0,12891.691
2021-12-21 11:00:00,12986.0,12885.154
2021-12-21 12:00:00,12966.0,12891.7
2021-12-21 13:00:00,13084.0,13018.035
2021-12-21 14:00:00,13196.0,13058.554
2021-12-21 15:00:00,13204.0,13132.837
2021-12-21 16:00:00,13175.0,13066.921
2021-12-21 17:00:00,13215.0,13073.628
2021-12-21 18:00:00,13030.0,12901.089
2021-12-21 19:00:00,12631.0,12613.345
2021-12-21 20:00:00,12674.0,12617.399
2021-12-21 21:00:00,12463.0,12343.221
2021-12-21 22:00:00,12985.5,12475.405
2021-12-21 23:00:00,12985.5,12824.029
2021-12-22 00:00:00,12975.5,12882.853
2021-12-22 01:00:00,12971.0,12880.4375
2021-12-22 02:00:00,12971.0,12893.971
2021-12-22 03:00:00,12971.0,12858.303
2021-12-22 04:00:00,12583.0,12733.376
2021-12-22 05:00:00,12985.0,12811.936
2021-12-22 06:00:00,13242.0,13066.662
2021-12-22 07:00:00,13170.0,13073.092
2021-12-22 08:00:00,13120.0,13066.666
2021-12-22 09:00:00,13105.0,13064.212
2021-12-22 10:00:00,13061.0,13048.342
2021-12-22 11:00:00,12957.0,12906.412
2021-12-22 12:00:00,12907.0,12923.697
2021-12-22 13:00:00,13028.0,13037.928
2021-12-22 14:00:00,13119.0,13050.292
2021-12-22 15:00:00,13090.0,13096.925
2021-12-22 16:00:00,13052.0,12968.115
2021-12-22 17:00:00,13024.0,12972.872
2021-12-22 18:00:00,12775.0,12824.777
2021-12-22 19:00:00,12456.0,12273.636
2021-12-22 20:00:00,12407.0,12481.187
2021-12-22 21:00:00,12098.0,12251.728
2021-12-22 22:00:00,12134.0,12282.284
2021-12-22 23:00:00,12094.5,12219.669
2021-12-23 00:00:00,12046.5,12412.965
2021-12-23 01:00:00,11941.5,12416.9375
2021-12-23 02:00:00,11890.5,12208.027
2021-12-23 03:00:00,11890.5,12205.551
2021-12-23 04:00:00,11457.0,12161.507
2021-12-23 05:00:00,11755.0,12127.199
2021-12-23 06:00:00,12091.0,12301.947
2021-12-23 07:00:00,12170.0,12224.063
2021-12-23 08:00:00,12002.0,12217.734
2021-12-23 09:00:00,11880.0,12087.9375
2021-12-23 10:00:00,11881.0,12018.372
2021-12-23 11:00:00,11816.0,12028.488
2021-12-23 12:00:00,11725.0,11989.983
2021-12-23 13:00:00,11900.0,12045.139
2021-12-23 14:00:00,11968.0,12129.019
2021-12-23 15:00:00,11952.0,12091.366
2021-12-23 16:00:00,11949.0,12040.6045
2021-12-23 17:00:00,11942.0,12045.548
2021-12-23 18:00:00,11806.0,11877.0625
2021-12-23 19:00:00,11435.0,11605.216
2021-12-23 20:00:00,11588.0,11658.475
2021-12-23 21:00:00,11348.0,11574.51
2021-12-23 22:00:00,11656.5,11551.669
2021-12-23 23:00:00,11656.5,11730.538
2021-12-24 00:00:00,11656.5,11826.372
2021-12-24 01:00:00,11695.5,11802.766
2021-12-24 02:00:00,11695.5,11805.747
2021-12-24 03:00:00,11695.5,11748.292
2021-12-24 04:00:00,11695.5,11416.572
2021-12-24 05:00:00,11043.0,12067.403
2021-12-24 06:00:00,11554.0,11384.149
2021-12-24 07:00:00,11807.0,11702.728
2021-12-24 08:00:00,11965.0,11860.545
2021-12-24 09:00:00,12006.0,11971.886
2021-12-24 10:00:00,11925.0,11958.837
2021-12-24 11:00:00,11803.0,11904.736
2021-12-24 12:00:00,11835.0,11789.397
2021-12-24 13:00:00,12032.0,12008.956
2021-12-24 14:00:00,12138.0,12163.754
2021-12-24 15:00:00,12022.0,12128.522
2021-12-24 16:00:00,11902.0,12017.124
2021-12-24 17:00:00,11798.0,11898.333
2021-12-24 18:00:00,11705.0,11670.227
2021-12-24 19:00:00,11534.0,11263.152
2021-12-24 20:00:00,11876.0,11493.427
2021-12-24 21:00:00,11856.0,11416.937
2021-12-24 22:00:00,11574.0,11300.182
2021-12-24 23:00:00,11355.0,11258.321
2021-12-25 00:00:00,11073.0,11297.996
2021-12-25 01:00:00,11624.5,11071.599
2021-12-25 02:00:00,11624.5,11463.936
2021-12-25 03:00:00,11041.0,11406.98
2021-12-25 04:00:00,11071.0,10719.004
2021-12-25 05:00:00,11112.0,11128.565
2021-12-25 06:00:00,11363.0,11356.933
2021-12-25 07:00:00,11491.0,11491.861
2021-12-25 08:00:00,11622.0,11515.236
2021-12-25 09:00:00,11734.0,11591.401
2021-12-25 10:00:00,11730.0,11630.812
2021-12-25 11:00:00,11627.0,11623.043
2021-12-25 12:00:00,11688.0,11573.818
2021-12-25 13:00:00,11870.0,11898.987
2021-12-25 14:00:00,12090.0,12082.681
2021-12-25 15:00:00,12130.0,12168.619
2021-12-25 16:00:00,12153.0,12281.972
2021-12-25 17:00:00,12116.0,12201.759
2021-12-25 18:00:00,11936.0,11996.358
2021-12-25 19:00:00,11659.0,11445.552
2021-12-25 20:00:00,11964.0,11661.757
2021-12-25 21:00:00,11875.0,11794.88
2021-12-25 22:00:00,11558.0,11425.922
2021-12-25 23:00:00,11252.0,11162.278
2021-12-26 00:00:00,11151.0,10972.295
2021-12-26 01:00:00,11165.0,10975.44
2021-12-26 02:00:00,11206.0,11118.007
2021-12-26 03:00:00,11296.0,11131.896
2021-12-26 04:00:00,11477.0,11053.718
2021-12-26 05:00:00,11516.0,11437.969
2021-12-26 06:00:00,11860.0,11628.001
2021-12-26 07:00:00,12015.0,11814.553
2021-12-26 08:00:00,12119.0,11990.7
2021-12-26 09:00:00,12226.0,12108.131
2021-12-26 10:00:00,12205.0,12140.792
2021-12-26 11:00:00,12050.0,12120.091
2021-12-26 12:00:00,12072.0,12031.878
2021-12-26 13:00:00,12212.0,12226.637
2021-12-26 14:00:00,12495.0,12383.812
2021-12-26 15:00:00,12550.0,12511.908
2021-12-26 16:00:00,12622.0,12562.81
2021-12-26 17:00:00,12574.0,12559.781
2021-12-26 18:00:00,12384.0,12304.792
2021-12-26 19:00:00,12044.0,11944.756
2021-12-26 20:00:00,12250.0,12198.088
2021-12-26 21:00:00,12150.0,12112.827
2021-12-26 22:00:00,11775.0,11824.679
2021-12-26 23:00:00,12231.0,11625.966
2021-12-27 00:00:00,12317.0,12259.924
2021-12-27 01:00:00,12429.5,12281.207
2021-12-27 02:00:00,12485.0,12369.388
2021-12-27 03:00:00,12512.5,12496.778
2021-12-27 04:00:00,12180.0,12652.749
2021-12-27 05:00:00,12475.0,12756.934
2021-12-27 06:00:00,12795.0,12655.34
2021-12-27 07:00:00,12908.0,12840.464
2021-12-27 08:00:00,12921.0,12889.496
2021-12-27 09:00:00,12944.0,12942.326
2021-12-27 10:00:00,12909.0,12919.515
2021-12-27 11:00:00,12841.0,12889.143
2021-12-27 12:00:00,12876.0,12803.379
2021-12-27 13:00:00,13058.0,12926.847
2021-12-27 14:00:00,13170.0,13044.832
2021-12-27 15:00:00,13199.0,13097.696
2021-12-27 16:00:00,13223.0,13074.24
2021-12-27 17:00:00,13216.0,13112.741
2021-12-27 18:00:00,13018.0,12974.097
2021-12-27 19:00:00,12628.0,12586.552
2021-12-27 20:00:00,12787.0,12721.257
2021-12-27 21:00:00,12646.0,12666.258
2021-12-27 22:00:00,12127.0,12618.533
2021-12-27 23:00:00,12763.0,12465.945
2021-12-28 00:00:00,12734.5,12650.436
2021-12-28 01:00:00,12677.0,12653.441
2021-12-28 02:00:00,12637.0,12631.35
2021-12-28 03:00:00,12637.0,12560.424
2021-12-28 04:00:00,12389.0,12489.934
2021-12-28 05:00:00,12594.0,12771.275
2021-12-28 06:00:00,12869.0,12750.426
2021-12-28 07:00:00,12843.0,12787.28
2021-12-28 08:00:00,12761.0,12782.215
2021-12-28 09:00:00,12765.0,12730.472
2021-12-28 10:00:00,12708.0,12656.009
2021-12-28 11:00:00,12620.0,12648.332
2021-12-28 12:00:00,12541.0,12626.943
2021-12-28 13:00:00,12597.0,12730.204
2021-12-28 14:00:00,12726.0,12789.563
2021-12-28 15:00:00,12726.0,12739.214
2021-12-28 16:00:00,12652.0,12779.006
2021-12-28 17:00:00,12578.0,12739.843
2021-12-28 18:00:00,12309.0,12452.415
2021-12-28 19:00:00,11789.0,11900.193
2021-12-28 20:00:00,11852.0,12128.691
2021-12-28 21:00:00,11658.0,12039.667
2021-12-28 22:00:00,11935.5,11952.571
2021-12-28 23:00:00,11935.5,12098.012
2021-12-29 00:00:00,11935.5,12037.774
2021-12-29 01:00:00,11935.5,11960.294
2021-12-29 02:00:00,11935.5,11970.084
2021-12-29 03:00:00,11935.5,11922.1875
2021-12-29 04:00:00,11466.0,11965.033
2021-12-29 05:00:00,11747.0,11949.109
2021-12-29 06:00:00,11961.0,12137.151
2021-12-29 07:00:00,11949.0,11991.554
2021-12-29 08:00:00,11922.0,11986.641
2021-12-29 09:00:00,11978.0,11996.924
2021-12-29 10:00:00,12074.0,12000.113
2021-12-29 11:00:00,12063.0,12046.123
2021-12-29 12:00:00,12006.0,12057.171
2021-12-29 13:00:00,12194.0,12123.014
2021-12-29 14:00:00,12250.0,12326.586
2021-12-29 15:00:00,12200.0,12248.68
2021-12-29 16:00:00,12134.0,12241.489
2021-12-29 17:00:00,12080.0,12217.179
2021-12-29 18:00:00,11779.0,11982.482
2021-12-29 19:00:00,11473.0,11463.246
2021-12-29 20:00:00,11553.0,11565.338
2021-12-29 21:00:00,11345.0,11470.892
2021-12-29 22:00:00,10833.0,11454.609
2021-12-29 23:00:00,11499.5,11420.693
2021-12-30 00:00:00,11499.5,11644.253
2021-12-30 01:00:00,11499.5,11612.559
2021-12-30 02:00:00,11499.5,11586.463
2021-12-30 03:00:00,11499.5,11566.673
2021-12-30 04:00:00,10946.0,11313.685
2021-12-30 05:00:00,11129.0,11433.056
2021-12-30 06:00:00,11435.0,11448.227
2021-12-30 07:00:00,11491.0,11513.27
2021-12-30 08:00:00,11512.0,11514.538
2021-12-30 09:00:00,11508.0,11547.159
2021-12-30 10:00:00,11572.0,11494.711
2021-12-30 11:00:00,11579.0,11541.172
2021-12-30 12:00:00,11571.0,11587.287
2021-12-30 13:00:00,11675.0,11744.516
2021-12-30 14:00:00,11776.0,11826.22
2021-12-30 15:00:00,11805.0,11827.734
2021-12-30 16:00:00,11763.0,11809.018
2021-12-30 17:00:00,11747.0,11740.643
2021-12-30 18:00:00,11581.0,11605.22
2021-12-30 19:00:00,11077.0,11132.682
2021-12-30 20:00:00,11186.0,11217.317
2021-12-30 21:00:00,11006.0,11050.676
2021-12-30 22:00:00,10544.0,10976.88
2021-12-30 23:00:00,11041.5,11238.404
2021-12-31 00:00:00,11041.5,11141.021
2021-12-31 01:00:00,11041.5,11123.613
2021-12-31 02:00:00,11041.5,11109.074
2021-12-31 03:00:00,11041.5,10989.036
2021-12-31 04:00:00,10480.0,10803.008
2021-12-31 05:00:00,10681.0,10969.187
2021-12-31 06:00:00,10972.0,11029.83
2021-12-31 07:00:00,10998.0,11079.548
2021-12-31 08:00:00,10972.0,11063.558
2021-12-31 09:00:00,11113.0,11040.835
2021-12-31 10:00:00,11151.0,11127.006
2021-12-31 11:00:00,11102.0,11111.822
2021-12-31 12:00:00,11103.0,11110.971
2021-12-31 13:00:00,11314.0,11309.371
2021-12-31 14:00:00,11552.0,11448.406
2021-12-31 15:00:00,11575.0,11521.037
2021-12-31 16:00:00,11447.0,11511.959
2021-12-31 17:00:00,11237.0,11390.532
2021-12-31 18:00:00,10914.0,11185.121
2021-12-31 19:00:00,10599.0,10640.339
2021-12-31 20:00:00,10812.0,10730.87
